ISO-10303-21;
HEADER;
/* Generated by software containing ST-Developer
 * from STEP Tools, Inc. (www.steptools.com) 
 */

FILE_DESCRIPTION(
/* description */ ('STEP AP242'),
/* implementation_level */ '2;1');

FILE_NAME(
/* name */ '0479480001.step',
/* time_stamp */ '2026-02-02T17:19:47+09:00',
/* author */ (''),
/* organization */ (''),
/* preprocessor_version */ 'ST-DEVELOPER v20.1',
/* originating_system */ 'Autodesk Translation Framework v14.24.0.0',
/* authorisation */ '');

FILE_SCHEMA (('AUTOMOTIVE_DESIGN { 1 0 10303 214 3 1 1 }'));
ENDSEC;

DATA;
#10=MECHANICAL_DESIGN_GEOMETRIC_PRESENTATION_REPRESENTATION('',(#13),#2798);
#11=SHAPE_REPRESENTATION_RELATIONSHIP('SRR','None',#2805,#12);
#12=ADVANCED_BREP_SHAPE_REPRESENTATION('',(#14),#2797);
#13=STYLED_ITEM('',(#2815),#14);
#14=MANIFOLD_SOLID_BREP('Cuerpo1',#1604);
#15=(
BOUNDED_CURVE()
B_SPLINE_CURVE(2,(#2517,#2518,#2519),.UNSPECIFIED.,.F.,.F.)
B_SPLINE_CURVE_WITH_KNOTS((3,3),(0.104127092265962,0.430316509137835),
 .UNSPECIFIED.)
CURVE()
GEOMETRIC_REPRESENTATION_ITEM()
RATIONAL_B_SPLINE_CURVE((1.,1.,1.))
REPRESENTATION_ITEM('')
);
#16=(
BOUNDED_CURVE()
B_SPLINE_CURVE(2,(#2646,#2647,#2648),.UNSPECIFIED.,.F.,.F.)
B_SPLINE_CURVE_WITH_KNOTS((3,3),(0.104127092265986,0.430316509137865),
 .UNSPECIFIED.)
CURVE()
GEOMETRIC_REPRESENTATION_ITEM()
RATIONAL_B_SPLINE_CURVE((1.,1.,1.))
REPRESENTATION_ITEM('')
);
#17=(
BOUNDED_CURVE()
B_SPLINE_CURVE(2,(#2660,#2661,#2662),.UNSPECIFIED.,.F.,.F.)
B_SPLINE_CURVE_WITH_KNOTS((3,3),(0.10412709226601,0.430316509137894),
 .UNSPECIFIED.)
CURVE()
GEOMETRIC_REPRESENTATION_ITEM()
RATIONAL_B_SPLINE_CURVE((1.,1.,1.))
REPRESENTATION_ITEM('')
);
#18=(
BOUNDED_CURVE()
B_SPLINE_CURVE(2,(#2669,#2670,#2671),.UNSPECIFIED.,.F.,.F.)
B_SPLINE_CURVE_WITH_KNOTS((3,3),(0.10412709226601,0.430316509137894),
 .UNSPECIFIED.)
CURVE()
GEOMETRIC_REPRESENTATION_ITEM()
RATIONAL_B_SPLINE_CURVE((1.,1.,1.))
REPRESENTATION_ITEM('')
);
#19=FACE_BOUND('',#520,.T.);
#20=FACE_BOUND('',#521,.T.);
#21=SPHERICAL_SURFACE('',#1658,0.1);
#22=SPHERICAL_SURFACE('',#1736,0.1);
#23=SPHERICAL_SURFACE('',#1746,0.1);
#24=SPHERICAL_SURFACE('',#1758,0.1);
#25=ELLIPSE('',#1645,0.100060954429882,0.1);
#26=ELLIPSE('',#1652,0.100060954429882,0.1);
#27=ELLIPSE('',#1656,0.100060954429882,0.1);
#28=ELLIPSE('',#1686,24.27684930404,1.1980096432413);
#29=ELLIPSE('',#1687,24.27684930404,1.1980096432413);
#30=ELLIPSE('',#1700,239.727700031374,2.7754555269734);
#31=ELLIPSE('',#1701,239.727700031374,2.7754555269734);
#32=ELLIPSE('',#1703,24.27684930404,1.1980096432413);
#33=ELLIPSE('',#1705,24.27684930404,1.1980096432413);
#34=ELLIPSE('',#1739,0.100060954429882,0.1);
#35=(
BOUNDED_SURFACE()
B_SPLINE_SURFACE(3,3,((#2355,#2356,#2357,#2358,#2359,#2360,#2361),(#2362,
#2363,#2364,#2365,#2366,#2367,#2368),(#2369,#2370,#2371,#2372,#2373,#2374,
#2375),(#2376,#2377,#2378,#2379,#2380,#2381,#2382)),.UNSPECIFIED.,.F.,.F.,
 .F.)
B_SPLINE_SURFACE_WITH_KNOTS((4,4),(4,1,1,1,4),(0.,1.),(0.539547374786,0.549478449474,
0.5761709993665,0.6043389438015,0.6339125560486),.UNSPECIFIED.)
GEOMETRIC_REPRESENTATION_ITEM()
RATIONAL_B_SPLINE_SURFACE(((1.04798575315,1.04798575315,1.04798575315,1.04798575315,
1.04798575315,1.04798575315,1.04798575315),(0.9840047489501,0.9840047489501,
0.9840047489501,0.9840047489501,0.9840047489501,0.9840047489501,0.9840047489501),
(0.9840047489501,0.9840047489501,0.9840047489501,0.9840047489501,0.9840047489501,
0.9840047489501,0.9840047489501),(1.04798575315,1.04798575315,1.04798575315,
1.04798575315,1.04798575315,1.04798575315,1.04798575315)))
REPRESENTATION_ITEM('')
SURFACE()
);
#36=(
BOUNDED_SURFACE()
B_SPLINE_SURFACE(3,3,((#2744,#2745,#2746,#2747,#2748,#2749,#2750),(#2751,
#2752,#2753,#2754,#2755,#2756,#2757),(#2758,#2759,#2760,#2761,#2762,#2763,
#2764),(#2765,#2766,#2767,#2768,#2769,#2770,#2771)),.UNSPECIFIED.,.F.,.F.,
 .F.)
B_SPLINE_SURFACE_WITH_KNOTS((4,4),(4,1,1,1,4),(0.,1.),(0.3576418586684,
0.371966364312,0.3995339919329,0.4292558953065,0.4520069630823),
 .UNSPECIFIED.)
GEOMETRIC_REPRESENTATION_ITEM()
RATIONAL_B_SPLINE_SURFACE(((1.047985752932,1.047985752932,1.047985752932,
1.047985752932,1.047985752932,1.047985752932,1.047985752932),(0.9840047490227,
0.9840047490227,0.9840047490227,0.9840047490227,0.9840047490227,0.9840047490227,
0.9840047490227),(0.9840047490227,0.9840047490227,0.9840047490227,0.9840047490227,
0.9840047490227,0.9840047490227,0.9840047490227),(1.047985752932,1.047985752932,
1.047985752932,1.047985752932,1.047985752932,1.047985752932,1.047985752932)))
REPRESENTATION_ITEM('')
SURFACE()
);
#37=CYLINDRICAL_SURFACE('',#1632,0.1);
#38=CYLINDRICAL_SURFACE('',#1635,0.1);
#39=CYLINDRICAL_SURFACE('',#1653,0.1);
#40=CYLINDRICAL_SURFACE('',#1655,0.1);
#41=CYLINDRICAL_SURFACE('',#1660,0.1);
#42=CYLINDRICAL_SURFACE('',#1679,0.1);
#43=CYLINDRICAL_SURFACE('',#1682,0.1);
#44=CYLINDRICAL_SURFACE('',#1715,0.1);
#45=CYLINDRICAL_SURFACE('',#1719,0.1);
#46=CYLINDRICAL_SURFACE('',#1725,0.1);
#47=CYLINDRICAL_SURFACE('',#1733,0.1);
#48=CYLINDRICAL_SURFACE('',#1734,0.1);
#49=CYLINDRICAL_SURFACE('',#1738,0.1);
#50=CYLINDRICAL_SURFACE('',#1740,0.1);
#51=CYLINDRICAL_SURFACE('',#1748,0.1);
#52=CYLINDRICAL_SURFACE('',#1760,0.1);
#53=PLANE('',#1631);
#54=PLANE('',#1638);
#55=PLANE('',#1641);
#56=PLANE('',#1643);
#57=PLANE('',#1646);
#58=PLANE('',#1647);
#59=PLANE('',#1650);
#60=PLANE('',#1651);
#61=PLANE('',#1662);
#62=PLANE('',#1669);
#63=PLANE('',#1670);
#64=PLANE('',#1673);
#65=PLANE('',#1676);
#66=PLANE('',#1677);
#67=PLANE('',#1684);
#68=PLANE('',#1685);
#69=PLANE('',#1688);
#70=PLANE('',#1690);
#71=PLANE('',#1692);
#72=PLANE('',#1694);
#73=PLANE('',#1696);
#74=PLANE('',#1697);
#75=PLANE('',#1699);
#76=PLANE('',#1704);
#77=PLANE('',#1706);
#78=PLANE('',#1707);
#79=PLANE('',#1708);
#80=PLANE('',#1714);
#81=PLANE('',#1718);
#82=PLANE('',#1722);
#83=PLANE('',#1727);
#84=PLANE('',#1728);
#85=PLANE('',#1730);
#86=PLANE('',#1731);
#87=PLANE('',#1732);
#88=PLANE('',#1742);
#89=PLANE('',#1744);
#90=PLANE('',#1745);
#91=PLANE('',#1749);
#92=PLANE('',#1750);
#93=PLANE('',#1751);
#94=PLANE('',#1752);
#95=PLANE('',#1754);
#96=PLANE('',#1755);
#97=PLANE('',#1756);
#98=LINE('',#2282,#261);
#99=LINE('',#2292,#262);
#100=LINE('',#2294,#263);
#101=LINE('',#2296,#264);
#102=LINE('',#2298,#265);
#103=LINE('',#2300,#266);
#104=LINE('',#2302,#267);
#105=LINE('',#2304,#268);
#106=LINE('',#2305,#269);
#107=LINE('',#2309,#270);
#108=LINE('',#2315,#271);
#109=LINE('',#2322,#272);
#110=LINE('',#2324,#273);
#111=LINE('',#2326,#274);
#112=LINE('',#2328,#275);
#113=LINE('',#2330,#276);
#114=LINE('',#2332,#277);
#115=LINE('',#2334,#278);
#116=LINE('',#2336,#279);
#117=LINE('',#2338,#280);
#118=LINE('',#2340,#281);
#119=LINE('',#2342,#282);
#120=LINE('',#2343,#283);
#121=LINE('',#2345,#284);
#122=LINE('',#2347,#285);
#123=LINE('',#2348,#286);
#124=LINE('',#2350,#287);
#125=LINE('',#2352,#288);
#126=LINE('',#2386,#289);
#127=LINE('',#2390,#290);
#128=LINE('',#2392,#291);
#129=LINE('',#2394,#292);
#130=LINE('',#2396,#293);
#131=LINE('',#2401,#294);
#132=LINE('',#2403,#295);
#133=LINE('',#2405,#296);
#134=LINE('',#2407,#297);
#135=LINE('',#2409,#298);
#136=LINE('',#2411,#299);
#137=LINE('',#2413,#300);
#138=LINE('',#2414,#301);
#139=LINE('',#2417,#302);
#140=LINE('',#2421,#303);
#141=LINE('',#2423,#304);
#142=LINE('',#2425,#305);
#143=LINE('',#2426,#306);
#144=LINE('',#2428,#307);
#145=LINE('',#2430,#308);
#146=LINE('',#2434,#309);
#147=LINE('',#2436,#310);
#148=LINE('',#2438,#311);
#149=LINE('',#2440,#312);
#150=LINE('',#2442,#313);
#151=LINE('',#2444,#314);
#152=LINE('',#2445,#315);
#153=LINE('',#2448,#316);
#154=LINE('',#2450,#317);
#155=LINE('',#2451,#318);
#156=LINE('',#2465,#319);
#157=LINE('',#2467,#320);
#158=LINE('',#2469,#321);
#159=LINE('',#2471,#322);
#160=LINE('',#2475,#323);
#161=LINE('',#2477,#324);
#162=LINE('',#2479,#325);
#163=LINE('',#2481,#326);
#164=LINE('',#2483,#327);
#165=LINE('',#2488,#328);
#166=LINE('',#2491,#329);
#167=LINE('',#2494,#330);
#168=LINE('',#2496,#331);
#169=LINE('',#2500,#332);
#170=LINE('',#2501,#333);
#171=LINE('',#2504,#334);
#172=LINE('',#2506,#335);
#173=LINE('',#2508,#336);
#174=LINE('',#2510,#337);
#175=LINE('',#2515,#338);
#176=LINE('',#2516,#339);
#177=LINE('',#2523,#340);
#178=LINE('',#2525,#341);
#179=LINE('',#2526,#342);
#180=LINE('',#2530,#343);
#181=LINE('',#2534,#344);
#182=LINE('',#2536,#345);
#183=LINE('',#2537,#346);
#184=LINE('',#2540,#347);
#185=LINE('',#2542,#348);
#186=LINE('',#2544,#349);
#187=LINE('',#2548,#350);
#188=LINE('',#2552,#351);
#189=LINE('',#2554,#352);
#190=LINE('',#2555,#353);
#191=LINE('',#2558,#354);
#192=LINE('',#2560,#355);
#193=LINE('',#2561,#356);
#194=LINE('',#2563,#357);
#195=LINE('',#2565,#358);
#196=LINE('',#2566,#359);
#197=LINE('',#2569,#360);
#198=LINE('',#2571,#361);
#199=LINE('',#2572,#362);
#200=LINE('',#2581,#363);
#201=LINE('',#2583,#364);
#202=LINE('',#2584,#365);
#203=LINE('',#2587,#366);
#204=LINE('',#2591,#367);
#205=LINE('',#2594,#368);
#206=LINE('',#2598,#369);
#207=LINE('',#2600,#370);
#208=LINE('',#2602,#371);
#209=LINE('',#2603,#372);
#210=LINE('',#2607,#373);
#211=LINE('',#2609,#374);
#212=LINE('',#2611,#375);
#213=LINE('',#2612,#376);
#214=LINE('',#2617,#377);
#215=LINE('',#2619,#378);
#216=LINE('',#2621,#379);
#217=LINE('',#2623,#380);
#218=LINE('',#2625,#381);
#219=LINE('',#2630,#382);
#220=LINE('',#2631,#383);
#221=LINE('',#2633,#384);
#222=LINE('',#2634,#385);
#223=LINE('',#2638,#386);
#224=LINE('',#2640,#387);
#225=LINE('',#2643,#388);
#226=LINE('',#2651,#389);
#227=LINE('',#2653,#390);
#228=LINE('',#2655,#391);
#229=LINE('',#2657,#392);
#230=LINE('',#2658,#393);
#231=LINE('',#2676,#394);
#232=LINE('',#2678,#395);
#233=LINE('',#2679,#396);
#234=LINE('',#2681,#397);
#235=LINE('',#2683,#398);
#236=LINE('',#2685,#399);
#237=LINE('',#2686,#400);
#238=LINE('',#2690,#401);
#239=LINE('',#2696,#402);
#240=LINE('',#2697,#403);
#241=LINE('',#2698,#404);
#242=LINE('',#2706,#405);
#243=LINE('',#2707,#406);
#244=LINE('',#2709,#407);
#245=LINE('',#2711,#408);
#246=LINE('',#2712,#409);
#247=LINE('',#2715,#410);
#248=LINE('',#2718,#411);
#249=LINE('',#2722,#412);
#250=LINE('',#2723,#413);
#251=LINE('',#2726,#414);
#252=LINE('',#2727,#415);
#253=LINE('',#2729,#416);
#254=LINE('',#2743,#417);
#255=LINE('',#2773,#418);
#256=LINE('',#2779,#419);
#257=LINE('',#2781,#420);
#258=LINE('',#2785,#421);
#259=LINE('',#2787,#422);
#260=LINE('',#2788,#423);
#261=VECTOR('',#1781,0.4645424876958);
#262=VECTOR('',#1792,1.044664189244);
#263=VECTOR('',#1793,3.9029444600339);
#264=VECTOR('',#1794,2.940030617968);
#265=VECTOR('',#1795,3.9029444600339);
#266=VECTOR('',#1796,1.044664189244);
#267=VECTOR('',#1797,0.651948788196179);
#268=VECTOR('',#1798,0.6913883310754);
#269=VECTOR('',#1799,0.651948788196179);
#270=VECTOR('',#1802,1.042949224438);
#271=VECTOR('',#1809,1.042949224438);
#272=VECTOR('',#1818,1.006416045431);
#273=VECTOR('',#1819,1.016734688672);
#274=VECTOR('',#1820,1.042949224438);
#275=VECTOR('',#1821,0.6217346886722);
#276=VECTOR('',#1822,0.7175709284678);
#277=VECTOR('',#1823,0.6217346886722);
#278=VECTOR('',#1824,1.042949224438);
#279=VECTOR('',#1825,1.016734688672);
#280=VECTOR('',#1826,0.6042674941946);
#281=VECTOR('',#1827,0.77);
#282=VECTOR('',#1828,0.6042674941946);
#283=VECTOR('',#1829,1.016734688672);
#284=VECTOR('',#1830,0.6217346886722);
#285=VECTOR('',#1831,0.7175709284678);
#286=VECTOR('',#1832,0.6217346886722);
#287=VECTOR('',#1833,1.016734688672);
#288=VECTOR('',#1834,1.006416045285);
#289=VECTOR('',#1843,0.3090427024404);
#290=VECTOR('',#1846,0.4751617169087);
#291=VECTOR('',#1847,1.00076177956305);
#292=VECTOR('',#1848,0.2498764285526);
#293=VECTOR('',#1849,1.15262801534304);
#294=VECTOR('',#1854,0.6826980762706);
#295=VECTOR('',#1855,0.2498764285526);
#296=VECTOR('',#1856,0.1133476095827);
#297=VECTOR('',#1857,0.4483476095827);
#298=VECTOR('',#1858,0.4560028571052);
#299=VECTOR('',#1859,0.4483476095827);
#300=VECTOR('',#1860,0.1133476095827);
#301=VECTOR('',#1861,0.2498764285526);
#302=VECTOR('',#1864,0.3090427024367);
#303=VECTOR('',#1867,0.4552233444692);
#304=VECTOR('',#1868,0.1133476095827);
#305=VECTOR('',#1869,0.2498764285526);
#306=VECTOR('',#1870,0.6826980762706);
#307=VECTOR('',#1871,0.1133476095827);
#308=VECTOR('',#1872,0.4552233444692);
#309=VECTOR('',#1877,1.15262801534304);
#310=VECTOR('',#1878,1.02016566363);
#311=VECTOR('',#1879,3.9029444600339);
#312=VECTOR('',#1880,2.940030617968);
#313=VECTOR('',#1881,3.9029444600339);
#314=VECTOR('',#1882,1.02016566363);
#315=VECTOR('',#1883,1.15262801534304);
#316=VECTOR('',#1886,0.250207193833094);
#317=VECTOR('',#1887,0.4518395585642);
#318=VECTOR('',#1888,1.00076177956305);
#319=VECTOR('',#1911,0.25);
#320=VECTOR('',#1912,0.455981374168);
#321=VECTOR('',#1913,1.14);
#322=VECTOR('',#1914,0.5405129892038);
#323=VECTOR('',#1917,0.5405129892038);
#324=VECTOR('',#1918,1.14);
#325=VECTOR('',#1919,0.455981374168);
#326=VECTOR('',#1920,0.25);
#327=VECTOR('',#1921,0.6059966831519);
#328=VECTOR('',#1926,2.940030617968);
#329=VECTOR('',#1929,0.6059966831519);
#330=VECTOR('',#1930,1.14);
#331=VECTOR('',#1931,0.5405129892038);
#332=VECTOR('',#1934,0.5405129892038);
#333=VECTOR('',#1935,1.14);
#334=VECTOR('',#1936,0.5405129892038);
#335=VECTOR('',#1937,1.14);
#336=VECTOR('',#1938,1.14);
#337=VECTOR('',#1939,0.5405129892038);
#338=VECTOR('',#1944,0.4398975443524);
#339=VECTOR('',#1945,3.25099005689604);
#340=VECTOR('',#1948,0.6913883310754);
#341=VECTOR('',#1949,0.2498539610167);
#342=VECTOR('',#1950,0.108965204521);
#343=VECTOR('',#1953,0.5008890586181);
#344=VECTOR('',#1956,0.4398975443524);
#345=VECTOR('',#1957,0.108965204521);
#346=VECTOR('',#1958,0.2498539610167);
#347=VECTOR('',#1961,0.2498539610167);
#348=VECTOR('',#1962,0.108965204521);
#349=VECTOR('',#1963,0.4398975443524);
#350=VECTOR('',#1966,0.5008890586181);
#351=VECTOR('',#1969,0.4398975443524);
#352=VECTOR('',#1970,0.108965204521);
#353=VECTOR('',#1971,0.2498539610167);
#354=VECTOR('',#1974,0.651948788196179);
#355=VECTOR('',#1975,1.044664189244);
#356=VECTOR('',#1976,3.9029444600339);
#357=VECTOR('',#1977,3.9029444600339);
#358=VECTOR('',#1978,1.044664189244);
#359=VECTOR('',#1979,0.651948788196179);
#360=VECTOR('',#1982,0.250381116328308);
#361=VECTOR('',#1983,0.4614415616984);
#362=VECTOR('',#1984,0.500152316445506);
#363=VECTOR('',#1999,0.500152316445506);
#364=VECTOR('',#2000,0.4614415616984);
#365=VECTOR('',#2001,0.250381116328308);
#366=VECTOR('',#2004,0.00800540619436);
#367=VECTOR('',#2009,0.00800540619436);
#368=VECTOR('',#2012,0.0527248895005);
#369=VECTOR('',#2015,0.008005406194359);
#370=VECTOR('',#2016,0.4614415616984);
#371=VECTOR('',#2017,0.9001218085174);
#372=VECTOR('',#2018,0.8782736988921);
#373=VECTOR('',#2021,0.0527248895005);
#374=VECTOR('',#2022,0.4518395585642);
#375=VECTOR('',#2023,0.8782736988921);
#376=VECTOR('',#2024,0.9001218085174);
#377=VECTOR('',#2029,0.4751617169087);
#378=VECTOR('',#2030,0.8782736988921);
#379=VECTOR('',#2031,0.9001218085174);
#380=VECTOR('',#2032,0.4614415616984);
#381=VECTOR('',#2033,0.00800540619436);
#382=VECTOR('',#2040,0.9001218085174);
#383=VECTOR('',#2041,0.8782736988921);
#384=VECTOR('',#2044,3.75114237334105);
#385=VECTOR('',#2045,2.75083774045003);
#386=VECTOR('',#2050,0.201264950804696);
#387=VECTOR('',#2053,0.250207193833094);
#388=VECTOR('',#2056,0.201264950804796);
#389=VECTOR('',#2065,0.250381116328308);
#390=VECTOR('',#2068,0.250381116328308);
#391=VECTOR('',#2071,0.500152316445506);
#392=VECTOR('',#2074,3.75114237334105);
#393=VECTOR('',#2075,3.25099005689604);
#394=VECTOR('',#2090,0.2499775461507);
#395=VECTOR('',#2091,0.4647089066322);
#396=VECTOR('',#2092,0.5248837685583);
#397=VECTOR('',#2093,0.5248837685583);
#398=VECTOR('',#2094,0.4647089066322);
#399=VECTOR('',#2095,0.2499775461507);
#400=VECTOR('',#2096,1.306862245039);
#401=VECTOR('',#2099,0.2499818828368);
#402=VECTOR('',#2106,0.249995663314);
#403=VECTOR('',#2107,0.306908931835815);
#404=VECTOR('',#2108,0.30690917250111);
#405=VECTOR('',#2119,3.9029444600339);
#406=VECTOR('',#2120,1.02016566363);
#407=VECTOR('',#2121,1.15262801534304);
#408=VECTOR('',#2122,1.02016566363);
#409=VECTOR('',#2123,3.9029444600339);
#410=VECTOR('',#2126,0.30690917250111);
#411=VECTOR('',#2129,0.249995663314);
#412=VECTOR('',#2134,0.2499818828368);
#413=VECTOR('',#2135,0.306908931835815);
#414=VECTOR('',#2140,2.25099010328203);
#415=VECTOR('',#2141,3.75114237334105);
#416=VECTOR('',#2144,3.25099005689604);
#417=VECTOR('',#2171,1.00076177956305);
#418=VECTOR('',#2174,2.25099010328203);
#419=VECTOR('',#2185,0.500152316445506);
#420=VECTOR('',#2188,3.25099005689604);
#421=VECTOR('',#2195,2.75083774045003);
#422=VECTOR('',#2198,3.75114237334105);
#423=VECTOR('',#2199,1.00076177956305);
#424=CONICAL_SURFACE('',#1626,0.4645424876958,0.0349065850398857);
#425=CONICAL_SURFACE('',#1702,0.8327282467404,0.0174532925199416);
#426=CONICAL_SURFACE('',#1709,0.8327282467404,0.0174532925199416);
#427=CONICAL_SURFACE('',#1757,0.8327282467404,0.0174532925199416);
#428=FACE_OUTER_BOUND('',#501,.T.);
#429=FACE_OUTER_BOUND('',#502,.T.);
#430=FACE_OUTER_BOUND('',#503,.T.);
#431=FACE_OUTER_BOUND('',#504,.T.);
#432=FACE_OUTER_BOUND('',#505,.T.);
#433=FACE_OUTER_BOUND('',#506,.T.);
#434=FACE_OUTER_BOUND('',#507,.T.);
#435=FACE_OUTER_BOUND('',#508,.T.);
#436=FACE_OUTER_BOUND('',#509,.T.);
#437=FACE_OUTER_BOUND('',#510,.T.);
#438=FACE_OUTER_BOUND('',#511,.T.);
#439=FACE_OUTER_BOUND('',#512,.T.);
#440=FACE_OUTER_BOUND('',#513,.T.);
#441=FACE_OUTER_BOUND('',#514,.T.);
#442=FACE_OUTER_BOUND('',#515,.T.);
#443=FACE_OUTER_BOUND('',#516,.T.);
#444=FACE_OUTER_BOUND('',#517,.T.);
#445=FACE_OUTER_BOUND('',#518,.T.);
#446=FACE_OUTER_BOUND('',#519,.T.);
#447=FACE_OUTER_BOUND('',#522,.T.);
#448=FACE_OUTER_BOUND('',#523,.T.);
#449=FACE_OUTER_BOUND('',#524,.T.);
#450=FACE_OUTER_BOUND('',#525,.T.);
#451=FACE_OUTER_BOUND('',#526,.T.);
#452=FACE_OUTER_BOUND('',#527,.T.);
#453=FACE_OUTER_BOUND('',#528,.T.);
#454=FACE_OUTER_BOUND('',#529,.T.);
#455=FACE_OUTER_BOUND('',#530,.T.);
#456=FACE_OUTER_BOUND('',#531,.T.);
#457=FACE_OUTER_BOUND('',#532,.T.);
#458=FACE_OUTER_BOUND('',#533,.T.);
#459=FACE_OUTER_BOUND('',#534,.T.);
#460=FACE_OUTER_BOUND('',#535,.T.);
#461=FACE_OUTER_BOUND('',#536,.T.);
#462=FACE_OUTER_BOUND('',#537,.T.);
#463=FACE_OUTER_BOUND('',#538,.T.);
#464=FACE_OUTER_BOUND('',#539,.T.);
#465=FACE_OUTER_BOUND('',#540,.T.);
#466=FACE_OUTER_BOUND('',#541,.T.);
#467=FACE_OUTER_BOUND('',#542,.T.);
#468=FACE_OUTER_BOUND('',#543,.T.);
#469=FACE_OUTER_BOUND('',#544,.T.);
#470=FACE_OUTER_BOUND('',#545,.T.);
#471=FACE_OUTER_BOUND('',#546,.T.);
#472=FACE_OUTER_BOUND('',#547,.T.);
#473=FACE_OUTER_BOUND('',#548,.T.);
#474=FACE_OUTER_BOUND('',#549,.T.);
#475=FACE_OUTER_BOUND('',#550,.T.);
#476=FACE_OUTER_BOUND('',#551,.T.);
#477=FACE_OUTER_BOUND('',#552,.T.);
#478=FACE_OUTER_BOUND('',#553,.T.);
#479=FACE_OUTER_BOUND('',#554,.T.);
#480=FACE_OUTER_BOUND('',#555,.T.);
#481=FACE_OUTER_BOUND('',#556,.T.);
#482=FACE_OUTER_BOUND('',#557,.T.);
#483=FACE_OUTER_BOUND('',#558,.T.);
#484=FACE_OUTER_BOUND('',#559,.T.);
#485=FACE_OUTER_BOUND('',#560,.T.);
#486=FACE_OUTER_BOUND('',#561,.T.);
#487=FACE_OUTER_BOUND('',#562,.T.);
#488=FACE_OUTER_BOUND('',#563,.T.);
#489=FACE_OUTER_BOUND('',#564,.T.);
#490=FACE_OUTER_BOUND('',#565,.T.);
#491=FACE_OUTER_BOUND('',#566,.T.);
#492=FACE_OUTER_BOUND('',#567,.T.);
#493=FACE_OUTER_BOUND('',#568,.T.);
#494=FACE_OUTER_BOUND('',#569,.T.);
#495=FACE_OUTER_BOUND('',#570,.T.);
#496=FACE_OUTER_BOUND('',#571,.T.);
#497=FACE_OUTER_BOUND('',#572,.T.);
#498=FACE_OUTER_BOUND('',#573,.T.);
#499=FACE_OUTER_BOUND('',#574,.T.);
#500=FACE_OUTER_BOUND('',#575,.T.);
#501=EDGE_LOOP('',(#1043,#1044,#1045,#1046,#1047,#1048));
#502=EDGE_LOOP('',(#1049,#1050,#1051,#1052,#1053));
#503=EDGE_LOOP('',(#1054,#1055,#1056,#1057,#1058,#1059,#1060,#1061,#1062));
#504=EDGE_LOOP('',(#1063,#1064,#1065,#1066,#1067,#1068,#1069,#1070));
#505=EDGE_LOOP('',(#1071,#1072,#1073,#1074));
#506=EDGE_LOOP('',(#1075,#1076,#1077,#1078));
#507=EDGE_LOOP('',(#1079,#1080,#1081,#1082,#1083,#1084,#1085,#1086,#1087,
#1088,#1089,#1090,#1091,#1092,#1093,#1094,#1095,#1096,#1097,#1098,#1099,
#1100,#1101));
#508=EDGE_LOOP('',(#1102));
#509=EDGE_LOOP('',(#1103,#1104,#1105,#1106));
#510=EDGE_LOOP('',(#1107,#1108,#1109,#1110,#1111,#1112,#1113,#1114,#1115,
#1116));
#511=EDGE_LOOP('',(#1117,#1118,#1119,#1120,#1121,#1122,#1123,#1124));
#512=EDGE_LOOP('',(#1125,#1126,#1127,#1128,#1129,#1130,#1131,#1132,#1133,
#1134,#1135,#1136));
#513=EDGE_LOOP('',(#1137,#1138,#1139,#1140,#1141,#1142,#1143,#1144));
#514=EDGE_LOOP('',(#1145,#1146,#1147,#1148,#1149,#1150,#1151));
#515=EDGE_LOOP('',(#1152,#1153,#1154,#1155));
#516=EDGE_LOOP('',(#1156,#1157,#1158,#1159));
#517=EDGE_LOOP('',(#1160,#1161,#1162));
#518=EDGE_LOOP('',(#1163,#1164,#1165,#1166));
#519=EDGE_LOOP('',(#1167,#1168,#1169,#1170,#1171,#1172,#1173,#1174,#1175,
#1176,#1177,#1178,#1179,#1180,#1181,#1182,#1183,#1184));
#520=EDGE_LOOP('',(#1185,#1186,#1187,#1188,#1189));
#521=EDGE_LOOP('',(#1190,#1191,#1192,#1193,#1194));
#522=EDGE_LOOP('',(#1195,#1196,#1197,#1198));
#523=EDGE_LOOP('',(#1199,#1200,#1201,#1202,#1203,#1204,#1205,#1206,#1207,
#1208));
#524=EDGE_LOOP('',(#1209,#1210,#1211,#1212,#1213,#1214,#1215,#1216,#1217,
#1218));
#525=EDGE_LOOP('',(#1219,#1220,#1221,#1222,#1223,#1224,#1225,#1226));
#526=EDGE_LOOP('',(#1227,#1228,#1229,#1230,#1231,#1232,#1233));
#527=EDGE_LOOP('',(#1234,#1235,#1236,#1237));
#528=EDGE_LOOP('',(#1238,#1239,#1240,#1241));
#529=EDGE_LOOP('',(#1242,#1243,#1244,#1245,#1246,#1247,#1248));
#530=EDGE_LOOP('',(#1249,#1250,#1251,#1252,#1253,#1254,#1255,#1256));
#531=EDGE_LOOP('',(#1257,#1258,#1259,#1260,#1261,#1262,#1263));
#532=EDGE_LOOP('',(#1264,#1265,#1266,#1267,#1268,#1269,#1270));
#533=EDGE_LOOP('',(#1271,#1272,#1273,#1274,#1275,#1276));
#534=EDGE_LOOP('',(#1277,#1278,#1279,#1280,#1281,#1282));
#535=EDGE_LOOP('',(#1283,#1284,#1285,#1286,#1287,#1288));
#536=EDGE_LOOP('',(#1289,#1290,#1291,#1292,#1293));
#537=EDGE_LOOP('',(#1294,#1295,#1296,#1297,#1298,#1299,#1300,#1301,#1302,
#1303));
#538=EDGE_LOOP('',(#1304,#1305,#1306,#1307,#1308,#1309,#1310));
#539=EDGE_LOOP('',(#1311,#1312,#1313,#1314,#1315,#1316,#1317,#1318));
#540=EDGE_LOOP('',(#1319,#1320,#1321,#1322,#1323,#1324,#1325));
#541=EDGE_LOOP('',(#1326,#1327,#1328,#1329,#1330,#1331));
#542=EDGE_LOOP('',(#1332,#1333,#1334,#1335));
#543=EDGE_LOOP('',(#1336,#1337,#1338,#1339,#1340,#1341,#1342,#1343,#1344,
#1345,#1346,#1347,#1348,#1349,#1350,#1351));
#544=EDGE_LOOP('',(#1352,#1353,#1354,#1355,#1356,#1357,#1358,#1359));
#545=EDGE_LOOP('',(#1360,#1361,#1362,#1363));
#546=EDGE_LOOP('',(#1364,#1365,#1366,#1367));
#547=EDGE_LOOP('',(#1368,#1369,#1370,#1371));
#548=EDGE_LOOP('',(#1372,#1373,#1374,#1375,#1376,#1377,#1378,#1379,#1380,
#1381,#1382,#1383,#1384,#1385,#1386,#1387));
#549=EDGE_LOOP('',(#1388,#1389,#1390,#1391));
#550=EDGE_LOOP('',(#1392,#1393,#1394,#1395));
#551=EDGE_LOOP('',(#1396,#1397,#1398,#1399,#1400,#1401,#1402,#1403,#1404,
#1405));
#552=EDGE_LOOP('',(#1406,#1407,#1408,#1409,#1410,#1411));
#553=EDGE_LOOP('',(#1412,#1413,#1414,#1415));
#554=EDGE_LOOP('',(#1416,#1417,#1418,#1419));
#555=EDGE_LOOP('',(#1420,#1421,#1422,#1423));
#556=EDGE_LOOP('',(#1424,#1425,#1426,#1427));
#557=EDGE_LOOP('',(#1428,#1429,#1430));
#558=EDGE_LOOP('',(#1431,#1432,#1433,#1434));
#559=EDGE_LOOP('',(#1435,#1436,#1437,#1438));
#560=EDGE_LOOP('',(#1439,#1440,#1441,#1442,#1443,#1444,#1445,#1446,#1447,
#1448));
#561=EDGE_LOOP('',(#1449,#1450,#1451,#1452));
#562=EDGE_LOOP('',(#1453,#1454,#1455,#1456,#1457,#1458,#1459,#1460,#1461,
#1462));
#563=EDGE_LOOP('',(#1463,#1464,#1465,#1466));
#564=EDGE_LOOP('',(#1467,#1468,#1469));
#565=EDGE_LOOP('',(#1470,#1471,#1472,#1473));
#566=EDGE_LOOP('',(#1474,#1475,#1476,#1477,#1478,#1479,#1480));
#567=EDGE_LOOP('',(#1481,#1482,#1483,#1484,#1485,#1486));
#568=EDGE_LOOP('',(#1487,#1488,#1489,#1490));
#569=EDGE_LOOP('',(#1491,#1492,#1493,#1494,#1495));
#570=EDGE_LOOP('',(#1496,#1497,#1498,#1499,#1500,#1501));
#571=EDGE_LOOP('',(#1502,#1503,#1504,#1505,#1506,#1507,#1508));
#572=EDGE_LOOP('',(#1509,#1510,#1511,#1512,#1513,#1514));
#573=EDGE_LOOP('',(#1515,#1516,#1517,#1518,#1519,#1520,#1521));
#574=EDGE_LOOP('',(#1522,#1523,#1524));
#575=EDGE_LOOP('',(#1525,#1526,#1527,#1528));
#576=B_SPLINE_CURVE_WITH_KNOTS('',3,(#2218,#2219,#2220,#2221,#2222,#2223,
#2224,#2225,#2226,#2227,#2228,#2229,#2230,#2231,#2232,#2233,#2234,#2235,
#2236),.UNSPECIFIED.,.F.,.F.,(4,3,3,3,3,3,4),(1.78219848821765E-14,0.278322428502294,
0.3333333333333,0.59539553106897,0.6666666666667,0.887220537828093,1.00000000000007),
 .UNSPECIFIED.);
#577=B_SPLINE_CURVE_WITH_KNOTS('',3,(#2238,#2239,#2240,#2241,#2242,#2243),
 .UNSPECIFIED.,.F.,.F.,(4,2,4),(-0.0502917799187895,-0.0452777522666035,
-0.0414754327895677),.UNSPECIFIED.);
#578=B_SPLINE_CURVE_WITH_KNOTS('',3,(#2247,#2248,#2249,#2250,#2251,#2252),
 .UNSPECIFIED.,.F.,.F.,(4,2,4),(0.0414754327001644,0.0452777522664482,0.0502917799184295),
 .UNSPECIFIED.);
#579=B_SPLINE_CURVE_WITH_KNOTS('',3,(#2253,#2254,#2255,#2256,#2257,#2258,
#2259,#2260,#2261,#2262,#2263,#2264,#2265,#2266,#2267,#2268,#2269,#2270,
#2271),.UNSPECIFIED.,.F.,.F.,(4,3,3,3,3,3,4),(3.85675387813858E-14,0.278322441056931,
0.3333333333333,0.595395502757718,0.6666666666667,0.887220548063766,0.999999999999971),
 .UNSPECIFIED.);
#580=CIRCLE('',#1619,0.4786936030844);
#581=CIRCLE('',#1620,0.5786326857863);
#582=CIRCLE('',#1622,0.4033702052212);
#583=CIRCLE('',#1623,0.4033702052212);
#584=CIRCLE('',#1624,0.1);
#585=CIRCLE('',#1625,0.3034311225193);
#586=CIRCLE('',#1627,0.5257147701703);
#587=CIRCLE('',#1628,1796.4828123379);
#588=CIRCLE('',#1629,1791.76800160731);
#589=CIRCLE('',#1630,0.5257147701703);
#590=CIRCLE('',#1633,0.1);
#591=CIRCLE('',#1634,0.100007294148294);
#592=CIRCLE('',#1636,0.100007294148294);
#593=CIRCLE('',#1637,0.1);
#594=CIRCLE('',#1639,0.0999353424036623);
#595=CIRCLE('',#1640,0.0999353425536057);
#596=CIRCLE('',#1642,2407.87686608758);
#597=CIRCLE('',#1644,842.383858269486);
#598=CIRCLE('',#1648,0.8480014285526);
#599=CIRCLE('',#1649,0.8480014285526);
#600=CIRCLE('',#1654,0.1);
#601=CIRCLE('',#1657,0.1);
#602=CIRCLE('',#1659,0.1);
#603=CIRCLE('',#1661,0.0999783528565905);
#604=CIRCLE('',#1663,0.8);
#605=CIRCLE('',#1664,0.0999783528565905);
#606=CIRCLE('',#1665,0.0999783528565905);
#607=CIRCLE('',#1666,0.0999783528565905);
#608=CIRCLE('',#1667,0.8);
#609=CIRCLE('',#1668,0.8);
#610=CIRCLE('',#1671,0.8567289610167);
#611=CIRCLE('',#1672,0.8567289610167);
#612=CIRCLE('',#1674,0.8567289610167);
#613=CIRCLE('',#1675,0.8567289610167);
#614=CIRCLE('',#1678,0.100007294148294);
#615=CIRCLE('',#1680,0.100007294148294);
#616=CIRCLE('',#1681,0.1);
#617=CIRCLE('',#1683,0.1);
#618=CIRCLE('',#1689,0.8654564934808);
#619=CIRCLE('',#1691,0.8654564934808);
#620=CIRCLE('',#1693,0.8654564934808);
#621=CIRCLE('',#1695,0.8654564934808);
#622=CIRCLE('',#1698,4364.77510095281);
#623=CIRCLE('',#1710,0.8087222158871);
#624=CIRCLE('',#1711,4399.85066314442);
#625=CIRCLE('',#1712,842.383858269485);
#626=CIRCLE('',#1713,4399.85649275639);
#627=CIRCLE('',#1716,0.100006969313924);
#628=CIRCLE('',#1717,0.100007005245843);
#629=CIRCLE('',#1720,0.100007005245842);
#630=CIRCLE('',#1721,0.100006969313924);
#631=CIRCLE('',#1723,0.100007005245842);
#632=CIRCLE('',#1724,0.100007005245843);
#633=CIRCLE('',#1726,0.100006969313924);
#634=CIRCLE('',#1729,0.100006969313924);
#635=CIRCLE('',#1735,0.1);
#636=CIRCLE('',#1737,0.1);
#637=CIRCLE('',#1741,0.1);
#638=CIRCLE('',#1743,2407.92634187908);
#639=CIRCLE('',#1747,0.1);
#640=CIRCLE('',#1753,4364.7751054998);
#641=CIRCLE('',#1759,0.1);
#642=VERTEX_POINT('',#2214);
#643=VERTEX_POINT('',#2215);
#644=VERTEX_POINT('',#2217);
#645=VERTEX_POINT('',#2237);
#646=VERTEX_POINT('',#2244);
#647=VERTEX_POINT('',#2246);
#648=VERTEX_POINT('',#2273);
#649=VERTEX_POINT('',#2274);
#650=VERTEX_POINT('',#2277);
#651=VERTEX_POINT('',#2281);
#652=VERTEX_POINT('',#2283);
#653=VERTEX_POINT('',#2286);
#654=VERTEX_POINT('',#2290);
#655=VERTEX_POINT('',#2291);
#656=VERTEX_POINT('',#2293);
#657=VERTEX_POINT('',#2295);
#658=VERTEX_POINT('',#2297);
#659=VERTEX_POINT('',#2299);
#660=VERTEX_POINT('',#2301);
#661=VERTEX_POINT('',#2303);
#662=VERTEX_POINT('',#2307);
#663=VERTEX_POINT('',#2308);
#664=VERTEX_POINT('',#2313);
#665=VERTEX_POINT('',#2314);
#666=VERTEX_POINT('',#2319);
#667=VERTEX_POINT('',#2321);
#668=VERTEX_POINT('',#2323);
#669=VERTEX_POINT('',#2325);
#670=VERTEX_POINT('',#2327);
#671=VERTEX_POINT('',#2329);
#672=VERTEX_POINT('',#2331);
#673=VERTEX_POINT('',#2333);
#674=VERTEX_POINT('',#2335);
#675=VERTEX_POINT('',#2337);
#676=VERTEX_POINT('',#2339);
#677=VERTEX_POINT('',#2341);
#678=VERTEX_POINT('',#2344);
#679=VERTEX_POINT('',#2346);
#680=VERTEX_POINT('',#2349);
#681=VERTEX_POINT('',#2351);
#682=VERTEX_POINT('',#2385);
#683=VERTEX_POINT('',#2387);
#684=VERTEX_POINT('',#2389);
#685=VERTEX_POINT('',#2391);
#686=VERTEX_POINT('',#2393);
#687=VERTEX_POINT('',#2395);
#688=VERTEX_POINT('',#2399);
#689=VERTEX_POINT('',#2400);
#690=VERTEX_POINT('',#2402);
#691=VERTEX_POINT('',#2404);
#692=VERTEX_POINT('',#2406);
#693=VERTEX_POINT('',#2408);
#694=VERTEX_POINT('',#2410);
#695=VERTEX_POINT('',#2412);
#696=VERTEX_POINT('',#2416);
#697=VERTEX_POINT('',#2418);
#698=VERTEX_POINT('',#2420);
#699=VERTEX_POINT('',#2422);
#700=VERTEX_POINT('',#2424);
#701=VERTEX_POINT('',#2427);
#702=VERTEX_POINT('',#2429);
#703=VERTEX_POINT('',#2433);
#704=VERTEX_POINT('',#2435);
#705=VERTEX_POINT('',#2437);
#706=VERTEX_POINT('',#2439);
#707=VERTEX_POINT('',#2441);
#708=VERTEX_POINT('',#2443);
#709=VERTEX_POINT('',#2447);
#710=VERTEX_POINT('',#2449);
#711=VERTEX_POINT('',#2463);
#712=VERTEX_POINT('',#2464);
#713=VERTEX_POINT('',#2466);
#714=VERTEX_POINT('',#2468);
#715=VERTEX_POINT('',#2470);
#716=VERTEX_POINT('',#2472);
#717=VERTEX_POINT('',#2474);
#718=VERTEX_POINT('',#2476);
#719=VERTEX_POINT('',#2478);
#720=VERTEX_POINT('',#2480);
#721=VERTEX_POINT('',#2482);
#722=VERTEX_POINT('',#2485);
#723=VERTEX_POINT('',#2487);
#724=VERTEX_POINT('',#2489);
#725=VERTEX_POINT('',#2492);
#726=VERTEX_POINT('',#2493);
#727=VERTEX_POINT('',#2495);
#728=VERTEX_POINT('',#2497);
#729=VERTEX_POINT('',#2499);
#730=VERTEX_POINT('',#2502);
#731=VERTEX_POINT('',#2503);
#732=VERTEX_POINT('',#2505);
#733=VERTEX_POINT('',#2507);
#734=VERTEX_POINT('',#2509);
#735=VERTEX_POINT('',#2513);
#736=VERTEX_POINT('',#2514);
#737=VERTEX_POINT('',#2521);
#738=VERTEX_POINT('',#2522);
#739=VERTEX_POINT('',#2524);
#740=VERTEX_POINT('',#2527);
#741=VERTEX_POINT('',#2529);
#742=VERTEX_POINT('',#2531);
#743=VERTEX_POINT('',#2533);
#744=VERTEX_POINT('',#2535);
#745=VERTEX_POINT('',#2539);
#746=VERTEX_POINT('',#2541);
#747=VERTEX_POINT('',#2543);
#748=VERTEX_POINT('',#2545);
#749=VERTEX_POINT('',#2547);
#750=VERTEX_POINT('',#2549);
#751=VERTEX_POINT('',#2551);
#752=VERTEX_POINT('',#2553);
#753=VERTEX_POINT('',#2557);
#754=VERTEX_POINT('',#2559);
#755=VERTEX_POINT('',#2562);
#756=VERTEX_POINT('',#2564);
#757=VERTEX_POINT('',#2568);
#758=VERTEX_POINT('',#2570);
#759=VERTEX_POINT('',#2580);
#760=VERTEX_POINT('',#2582);
#761=VERTEX_POINT('',#2586);
#762=VERTEX_POINT('',#2589);
#763=VERTEX_POINT('',#2593);
#764=VERTEX_POINT('',#2595);
#765=VERTEX_POINT('',#2597);
#766=VERTEX_POINT('',#2599);
#767=VERTEX_POINT('',#2601);
#768=VERTEX_POINT('',#2605);
#769=VERTEX_POINT('',#2606);
#770=VERTEX_POINT('',#2608);
#771=VERTEX_POINT('',#2610);
#772=VERTEX_POINT('',#2615);
#773=VERTEX_POINT('',#2616);
#774=VERTEX_POINT('',#2618);
#775=VERTEX_POINT('',#2620);
#776=VERTEX_POINT('',#2622);
#777=VERTEX_POINT('',#2624);
#778=VERTEX_POINT('',#2629);
#779=VERTEX_POINT('',#2636);
#780=VERTEX_POINT('',#2641);
#781=VERTEX_POINT('',#2664);
#782=VERTEX_POINT('',#2665);
#783=VERTEX_POINT('',#2674);
#784=VERTEX_POINT('',#2675);
#785=VERTEX_POINT('',#2677);
#786=VERTEX_POINT('',#2680);
#787=VERTEX_POINT('',#2682);
#788=VERTEX_POINT('',#2684);
#789=VERTEX_POINT('',#2688);
#790=VERTEX_POINT('',#2689);
#791=VERTEX_POINT('',#2694);
#792=VERTEX_POINT('',#2695);
#793=VERTEX_POINT('',#2703);
#794=VERTEX_POINT('',#2705);
#795=VERTEX_POINT('',#2708);
#796=VERTEX_POINT('',#2710);
#797=VERTEX_POINT('',#2713);
#798=VERTEX_POINT('',#2717);
#799=VERTEX_POINT('',#2721);
#800=EDGE_CURVE('',#642,#643,#580,.T.);
#801=EDGE_CURVE('',#644,#642,#576,.T.);
#802=EDGE_CURVE('',#645,#644,#577,.T.);
#803=EDGE_CURVE('',#645,#646,#581,.T.);
#804=EDGE_CURVE('',#647,#646,#578,.T.);
#805=EDGE_CURVE('',#647,#643,#579,.T.);
#806=EDGE_CURVE('',#648,#649,#582,.T.);
#807=EDGE_CURVE('',#649,#648,#583,.T.);
#808=EDGE_CURVE('',#649,#650,#584,.T.);
#809=EDGE_CURVE('',#650,#650,#585,.T.);
#810=EDGE_CURVE('',#648,#651,#98,.T.);
#811=EDGE_CURVE('',#651,#652,#586,.T.);
#812=EDGE_CURVE('',#652,#642,#587,.T.);
#813=EDGE_CURVE('',#643,#653,#588,.T.);
#814=EDGE_CURVE('',#653,#651,#589,.T.);
#815=EDGE_CURVE('',#654,#655,#99,.T.);
#816=EDGE_CURVE('',#654,#656,#100,.T.);
#817=EDGE_CURVE('',#656,#657,#101,.T.);
#818=EDGE_CURVE('',#658,#657,#102,.T.);
#819=EDGE_CURVE('',#659,#658,#103,.T.);
#820=EDGE_CURVE('',#659,#660,#104,.T.);
#821=EDGE_CURVE('',#661,#660,#105,.T.);
#822=EDGE_CURVE('',#655,#661,#106,.T.);
#823=EDGE_CURVE('',#662,#663,#107,.T.);
#824=EDGE_CURVE('',#662,#654,#590,.T.);
#825=EDGE_CURVE('',#663,#655,#591,.T.);
#826=EDGE_CURVE('',#664,#665,#108,.T.);
#827=EDGE_CURVE('',#664,#659,#592,.T.);
#828=EDGE_CURVE('',#658,#665,#593,.T.);
#829=EDGE_CURVE('',#653,#666,#594,.T.);
#830=EDGE_CURVE('',#667,#666,#109,.T.);
#831=EDGE_CURVE('',#667,#668,#110,.T.);
#832=EDGE_CURVE('',#668,#669,#111,.T.);
#833=EDGE_CURVE('',#669,#670,#112,.T.);
#834=EDGE_CURVE('',#670,#671,#113,.T.);
#835=EDGE_CURVE('',#672,#671,#114,.T.);
#836=EDGE_CURVE('',#672,#673,#115,.T.);
#837=EDGE_CURVE('',#673,#674,#116,.T.);
#838=EDGE_CURVE('',#674,#675,#117,.T.);
#839=EDGE_CURVE('',#675,#676,#118,.T.);
#840=EDGE_CURVE('',#677,#676,#119,.T.);
#841=EDGE_CURVE('',#677,#662,#120,.T.);
#842=EDGE_CURVE('',#663,#678,#121,.T.);
#843=EDGE_CURVE('',#678,#679,#122,.T.);
#844=EDGE_CURVE('',#664,#679,#123,.T.);
#845=EDGE_CURVE('',#665,#680,#124,.T.);
#846=EDGE_CURVE('',#680,#681,#125,.T.);
#847=EDGE_CURVE('',#681,#652,#595,.T.);
#848=EDGE_CURVE('',#647,#666,#596,.T.);
#849=EDGE_CURVE('',#646,#682,#126,.T.);
#850=EDGE_CURVE('',#683,#682,#597,.T.);
#851=EDGE_CURVE('',#684,#683,#127,.T.);
#852=EDGE_CURVE('',#684,#685,#128,.T.);
#853=EDGE_CURVE('',#685,#686,#129,.T.);
#854=EDGE_CURVE('',#687,#686,#130,.T.);
#855=EDGE_CURVE('',#667,#687,#25,.T.);
#856=EDGE_CURVE('',#688,#689,#131,.T.);
#857=EDGE_CURVE('',#690,#688,#132,.T.);
#858=EDGE_CURVE('',#691,#690,#133,.T.);
#859=EDGE_CURVE('',#692,#691,#134,.T.);
#860=EDGE_CURVE('',#693,#692,#135,.T.);
#861=EDGE_CURVE('',#694,#693,#136,.T.);
#862=EDGE_CURVE('',#694,#695,#137,.T.);
#863=EDGE_CURVE('',#695,#689,#138,.T.);
#864=EDGE_CURVE('',#645,#696,#139,.T.);
#865=EDGE_CURVE('',#697,#696,#598,.T.);
#866=EDGE_CURVE('',#698,#697,#140,.T.);
#867=EDGE_CURVE('',#698,#699,#141,.T.);
#868=EDGE_CURVE('',#699,#700,#142,.T.);
#869=EDGE_CURVE('',#700,#686,#143,.T.);
#870=EDGE_CURVE('',#701,#685,#144,.T.);
#871=EDGE_CURVE('',#702,#701,#145,.T.);
#872=EDGE_CURVE('',#682,#702,#599,.T.);
#873=EDGE_CURVE('',#703,#689,#146,.T.);
#874=EDGE_CURVE('',#704,#703,#147,.T.);
#875=EDGE_CURVE('',#704,#705,#148,.T.);
#876=EDGE_CURVE('',#705,#706,#149,.T.);
#877=EDGE_CURVE('',#707,#706,#150,.T.);
#878=EDGE_CURVE('',#708,#707,#151,.T.);
#879=EDGE_CURVE('',#708,#688,#152,.T.);
#880=EDGE_CURVE('',#676,#709,#153,.T.);
#881=EDGE_CURVE('',#710,#709,#154,.T.);
#882=EDGE_CURVE('',#710,#690,#155,.T.);
#883=EDGE_CURVE('',#677,#708,#26,.T.);
#884=EDGE_CURVE('',#707,#662,#600,.T.);
#885=EDGE_CURVE('',#674,#703,#27,.T.);
#886=EDGE_CURVE('',#673,#704,#601,.T.);
#887=EDGE_CURVE('',#654,#707,#602,.T.);
#888=EDGE_CURVE('',#656,#706,#603,.T.);
#889=EDGE_CURVE('',#711,#712,#156,.T.);
#890=EDGE_CURVE('',#712,#713,#157,.T.);
#891=EDGE_CURVE('',#713,#714,#158,.T.);
#892=EDGE_CURVE('',#714,#715,#159,.T.);
#893=EDGE_CURVE('',#715,#716,#604,.T.);
#894=EDGE_CURVE('',#717,#716,#160,.T.);
#895=EDGE_CURVE('',#718,#717,#161,.T.);
#896=EDGE_CURVE('',#719,#718,#162,.T.);
#897=EDGE_CURVE('',#719,#720,#163,.T.);
#898=EDGE_CURVE('',#721,#720,#164,.T.);
#899=EDGE_CURVE('',#721,#657,#605,.T.);
#900=EDGE_CURVE('',#705,#722,#606,.T.);
#901=EDGE_CURVE('',#723,#722,#165,.T.);
#902=EDGE_CURVE('',#723,#724,#607,.T.);
#903=EDGE_CURVE('',#711,#724,#166,.T.);
#904=EDGE_CURVE('',#725,#726,#167,.T.);
#905=EDGE_CURVE('',#726,#727,#168,.T.);
#906=EDGE_CURVE('',#727,#728,#608,.T.);
#907=EDGE_CURVE('',#728,#729,#169,.T.);
#908=EDGE_CURVE('',#729,#725,#170,.T.);
#909=EDGE_CURVE('',#730,#731,#171,.T.);
#910=EDGE_CURVE('',#731,#732,#172,.T.);
#911=EDGE_CURVE('',#732,#733,#173,.T.);
#912=EDGE_CURVE('',#733,#734,#174,.T.);
#913=EDGE_CURVE('',#734,#730,#609,.T.);
#914=EDGE_CURVE('',#735,#736,#175,.T.);
#915=EDGE_CURVE('',#731,#736,#176,.T.);
#916=EDGE_CURVE('',#730,#735,#15,.T.);
#917=EDGE_CURVE('',#737,#738,#177,.T.);
#918=EDGE_CURVE('',#739,#737,#178,.T.);
#919=EDGE_CURVE('',#736,#739,#179,.T.);
#920=EDGE_CURVE('',#740,#735,#610,.T.);
#921=EDGE_CURVE('',#740,#741,#180,.T.);
#922=EDGE_CURVE('',#742,#741,#611,.T.);
#923=EDGE_CURVE('',#743,#742,#181,.T.);
#924=EDGE_CURVE('',#743,#744,#182,.T.);
#925=EDGE_CURVE('',#738,#744,#183,.T.);
#926=EDGE_CURVE('',#660,#745,#184,.T.);
#927=EDGE_CURVE('',#746,#745,#185,.T.);
#928=EDGE_CURVE('',#747,#746,#186,.T.);
#929=EDGE_CURVE('',#748,#747,#612,.T.);
#930=EDGE_CURVE('',#749,#748,#187,.T.);
#931=EDGE_CURVE('',#750,#749,#613,.T.);
#932=EDGE_CURVE('',#751,#750,#188,.T.);
#933=EDGE_CURVE('',#751,#752,#189,.T.);
#934=EDGE_CURVE('',#752,#661,#190,.T.);
#935=EDGE_CURVE('',#753,#738,#191,.T.);
#936=EDGE_CURVE('',#754,#753,#192,.T.);
#937=EDGE_CURVE('',#754,#723,#193,.T.);
#938=EDGE_CURVE('',#755,#722,#194,.T.);
#939=EDGE_CURVE('',#756,#755,#195,.T.);
#940=EDGE_CURVE('',#756,#737,#196,.T.);
#941=EDGE_CURVE('',#671,#757,#197,.T.);
#942=EDGE_CURVE('',#758,#757,#198,.T.);
#943=EDGE_CURVE('',#758,#739,#199,.T.);
#944=EDGE_CURVE('',#672,#756,#614,.T.);
#945=EDGE_CURVE('',#669,#753,#615,.T.);
#946=EDGE_CURVE('',#668,#754,#616,.T.);
#947=EDGE_CURVE('',#755,#673,#617,.T.);
#948=EDGE_CURVE('',#759,#744,#200,.T.);
#949=EDGE_CURVE('',#759,#760,#201,.T.);
#950=EDGE_CURVE('',#670,#760,#202,.T.);
#951=EDGE_CURVE('',#760,#761,#203,.T.);
#952=EDGE_CURVE('',#741,#761,#28,.T.);
#953=EDGE_CURVE('',#762,#740,#29,.T.);
#954=EDGE_CURVE('',#762,#757,#204,.T.);
#955=EDGE_CURVE('',#763,#709,#205,.T.);
#956=EDGE_CURVE('',#763,#764,#618,.T.);
#957=EDGE_CURVE('',#765,#764,#206,.T.);
#958=EDGE_CURVE('',#766,#765,#207,.T.);
#959=EDGE_CURVE('',#767,#766,#208,.T.);
#960=EDGE_CURVE('',#767,#710,#209,.T.);
#961=EDGE_CURVE('',#768,#769,#210,.T.);
#962=EDGE_CURVE('',#770,#768,#211,.T.);
#963=EDGE_CURVE('',#770,#771,#212,.T.);
#964=EDGE_CURVE('',#771,#758,#213,.T.);
#965=EDGE_CURVE('',#769,#762,#619,.T.);
#966=EDGE_CURVE('',#772,#773,#214,.T.);
#967=EDGE_CURVE('',#772,#774,#215,.T.);
#968=EDGE_CURVE('',#774,#775,#216,.T.);
#969=EDGE_CURVE('',#775,#776,#217,.T.);
#970=EDGE_CURVE('',#777,#776,#218,.T.);
#971=EDGE_CURVE('',#777,#773,#620,.T.);
#972=EDGE_CURVE('',#761,#683,#621,.T.);
#973=EDGE_CURVE('',#759,#778,#219,.T.);
#974=EDGE_CURVE('',#778,#684,#220,.T.);
#975=EDGE_CURVE('',#725,#767,#221,.T.);
#976=EDGE_CURVE('',#729,#691,#222,.T.);
#977=EDGE_CURVE('',#728,#779,#622,.T.);
#978=EDGE_CURVE('',#779,#692,#223,.T.);
#979=EDGE_CURVE('',#675,#768,#224,.T.);
#980=EDGE_CURVE('',#780,#769,#30,.T.);
#981=EDGE_CURVE('',#780,#693,#225,.T.);
#982=EDGE_CURVE('',#763,#779,#31,.T.);
#983=EDGE_CURVE('',#727,#750,#16,.T.);
#984=EDGE_CURVE('',#749,#764,#32,.T.);
#985=EDGE_CURVE('',#678,#765,#226,.T.);
#986=EDGE_CURVE('',#777,#748,#33,.T.);
#987=EDGE_CURVE('',#679,#776,#227,.T.);
#988=EDGE_CURVE('',#775,#745,#228,.T.);
#989=EDGE_CURVE('',#718,#774,#229,.T.);
#990=EDGE_CURVE('',#717,#746,#230,.T.);
#991=EDGE_CURVE('',#716,#747,#17,.T.);
#992=EDGE_CURVE('',#781,#782,#623,.T.);
#993=EDGE_CURVE('',#782,#697,#624,.T.);
#994=EDGE_CURVE('',#696,#773,#625,.T.);
#995=EDGE_CURVE('',#715,#742,#18,.T.);
#996=EDGE_CURVE('',#781,#702,#626,.T.);
#997=EDGE_CURVE('',#783,#784,#231,.T.);
#998=EDGE_CURVE('',#785,#784,#232,.T.);
#999=EDGE_CURVE('',#785,#782,#233,.T.);
#1000=EDGE_CURVE('',#781,#786,#234,.T.);
#1001=EDGE_CURVE('',#786,#787,#235,.T.);
#1002=EDGE_CURVE('',#788,#787,#236,.T.);
#1003=EDGE_CURVE('',#788,#783,#237,.T.);
#1004=EDGE_CURVE('',#789,#790,#238,.T.);
#1005=EDGE_CURVE('',#784,#790,#627,.T.);
#1006=EDGE_CURVE('',#789,#783,#628,.T.);
#1007=EDGE_CURVE('',#791,#792,#239,.T.);
#1008=EDGE_CURVE('',#790,#791,#240,.T.);
#1009=EDGE_CURVE('',#789,#792,#241,.T.);
#1010=EDGE_CURVE('',#720,#792,#629,.T.);
#1011=EDGE_CURVE('',#791,#719,#630,.T.);
#1012=EDGE_CURVE('',#793,#711,#631,.T.);
#1013=EDGE_CURVE('',#794,#724,#242,.T.);
#1014=EDGE_CURVE('',#687,#794,#243,.T.);
#1015=EDGE_CURVE('',#795,#700,#244,.T.);
#1016=EDGE_CURVE('',#796,#795,#245,.T.);
#1017=EDGE_CURVE('',#796,#721,#246,.T.);
#1018=EDGE_CURVE('',#788,#797,#632,.T.);
#1019=EDGE_CURVE('',#793,#797,#247,.T.);
#1020=EDGE_CURVE('',#793,#798,#248,.T.);
#1021=EDGE_CURVE('',#712,#798,#633,.T.);
#1022=EDGE_CURVE('',#797,#799,#249,.T.);
#1023=EDGE_CURVE('',#798,#799,#250,.T.);
#1024=EDGE_CURVE('',#799,#787,#634,.T.);
#1025=EDGE_CURVE('',#786,#701,#251,.T.);
#1026=EDGE_CURVE('',#713,#778,#252,.T.);
#1027=EDGE_CURVE('',#714,#743,#253,.T.);
#1028=EDGE_CURVE('',#796,#658,#635,.T.);
#1029=EDGE_CURVE('',#665,#796,#636,.T.);
#1030=EDGE_CURVE('',#680,#795,#34,.T.);
#1031=EDGE_CURVE('',#794,#668,#637,.T.);
#1032=EDGE_CURVE('',#681,#644,#638,.T.);
#1033=EDGE_CURVE('',#772,#699,#254,.T.);
#1034=EDGE_CURVE('',#785,#698,#255,.T.);
#1035=EDGE_CURVE('',#754,#794,#639,.T.);
#1036=EDGE_CURVE('',#766,#752,#256,.T.);
#1037=EDGE_CURVE('',#726,#751,#257,.T.);
#1038=EDGE_CURVE('',#734,#780,#640,.T.);
#1039=EDGE_CURVE('',#733,#694,#258,.T.);
#1040=EDGE_CURVE('',#732,#771,#259,.T.);
#1041=EDGE_CURVE('',#770,#695,#260,.T.);
#1042=EDGE_CURVE('',#704,#755,#641,.T.);
#1043=ORIENTED_EDGE('',*,*,#800,.F.);
#1044=ORIENTED_EDGE('',*,*,#801,.F.);
#1045=ORIENTED_EDGE('',*,*,#802,.F.);
#1046=ORIENTED_EDGE('',*,*,#803,.T.);
#1047=ORIENTED_EDGE('',*,*,#804,.F.);
#1048=ORIENTED_EDGE('',*,*,#805,.T.);
#1049=ORIENTED_EDGE('',*,*,#806,.F.);
#1050=ORIENTED_EDGE('',*,*,#807,.F.);
#1051=ORIENTED_EDGE('',*,*,#808,.T.);
#1052=ORIENTED_EDGE('',*,*,#809,.T.);
#1053=ORIENTED_EDGE('',*,*,#808,.F.);
#1054=ORIENTED_EDGE('',*,*,#806,.T.);
#1055=ORIENTED_EDGE('',*,*,#807,.T.);
#1056=ORIENTED_EDGE('',*,*,#810,.T.);
#1057=ORIENTED_EDGE('',*,*,#811,.T.);
#1058=ORIENTED_EDGE('',*,*,#812,.T.);
#1059=ORIENTED_EDGE('',*,*,#800,.T.);
#1060=ORIENTED_EDGE('',*,*,#813,.T.);
#1061=ORIENTED_EDGE('',*,*,#814,.T.);
#1062=ORIENTED_EDGE('',*,*,#810,.F.);
#1063=ORIENTED_EDGE('',*,*,#815,.F.);
#1064=ORIENTED_EDGE('',*,*,#816,.T.);
#1065=ORIENTED_EDGE('',*,*,#817,.T.);
#1066=ORIENTED_EDGE('',*,*,#818,.F.);
#1067=ORIENTED_EDGE('',*,*,#819,.F.);
#1068=ORIENTED_EDGE('',*,*,#820,.T.);
#1069=ORIENTED_EDGE('',*,*,#821,.F.);
#1070=ORIENTED_EDGE('',*,*,#822,.F.);
#1071=ORIENTED_EDGE('',*,*,#823,.F.);
#1072=ORIENTED_EDGE('',*,*,#824,.T.);
#1073=ORIENTED_EDGE('',*,*,#815,.T.);
#1074=ORIENTED_EDGE('',*,*,#825,.F.);
#1075=ORIENTED_EDGE('',*,*,#826,.F.);
#1076=ORIENTED_EDGE('',*,*,#827,.T.);
#1077=ORIENTED_EDGE('',*,*,#819,.T.);
#1078=ORIENTED_EDGE('',*,*,#828,.T.);
#1079=ORIENTED_EDGE('',*,*,#814,.F.);
#1080=ORIENTED_EDGE('',*,*,#829,.T.);
#1081=ORIENTED_EDGE('',*,*,#830,.F.);
#1082=ORIENTED_EDGE('',*,*,#831,.T.);
#1083=ORIENTED_EDGE('',*,*,#832,.T.);
#1084=ORIENTED_EDGE('',*,*,#833,.T.);
#1085=ORIENTED_EDGE('',*,*,#834,.T.);
#1086=ORIENTED_EDGE('',*,*,#835,.F.);
#1087=ORIENTED_EDGE('',*,*,#836,.T.);
#1088=ORIENTED_EDGE('',*,*,#837,.T.);
#1089=ORIENTED_EDGE('',*,*,#838,.T.);
#1090=ORIENTED_EDGE('',*,*,#839,.T.);
#1091=ORIENTED_EDGE('',*,*,#840,.F.);
#1092=ORIENTED_EDGE('',*,*,#841,.T.);
#1093=ORIENTED_EDGE('',*,*,#823,.T.);
#1094=ORIENTED_EDGE('',*,*,#842,.T.);
#1095=ORIENTED_EDGE('',*,*,#843,.T.);
#1096=ORIENTED_EDGE('',*,*,#844,.F.);
#1097=ORIENTED_EDGE('',*,*,#826,.T.);
#1098=ORIENTED_EDGE('',*,*,#845,.T.);
#1099=ORIENTED_EDGE('',*,*,#846,.T.);
#1100=ORIENTED_EDGE('',*,*,#847,.T.);
#1101=ORIENTED_EDGE('',*,*,#811,.F.);
#1102=ORIENTED_EDGE('',*,*,#809,.F.);
#1103=ORIENTED_EDGE('',*,*,#848,.T.);
#1104=ORIENTED_EDGE('',*,*,#829,.F.);
#1105=ORIENTED_EDGE('',*,*,#813,.F.);
#1106=ORIENTED_EDGE('',*,*,#805,.F.);
#1107=ORIENTED_EDGE('',*,*,#849,.T.);
#1108=ORIENTED_EDGE('',*,*,#850,.F.);
#1109=ORIENTED_EDGE('',*,*,#851,.F.);
#1110=ORIENTED_EDGE('',*,*,#852,.T.);
#1111=ORIENTED_EDGE('',*,*,#853,.T.);
#1112=ORIENTED_EDGE('',*,*,#854,.F.);
#1113=ORIENTED_EDGE('',*,*,#855,.F.);
#1114=ORIENTED_EDGE('',*,*,#830,.T.);
#1115=ORIENTED_EDGE('',*,*,#848,.F.);
#1116=ORIENTED_EDGE('',*,*,#804,.T.);
#1117=ORIENTED_EDGE('',*,*,#856,.F.);
#1118=ORIENTED_EDGE('',*,*,#857,.F.);
#1119=ORIENTED_EDGE('',*,*,#858,.F.);
#1120=ORIENTED_EDGE('',*,*,#859,.F.);
#1121=ORIENTED_EDGE('',*,*,#860,.F.);
#1122=ORIENTED_EDGE('',*,*,#861,.F.);
#1123=ORIENTED_EDGE('',*,*,#862,.T.);
#1124=ORIENTED_EDGE('',*,*,#863,.T.);
#1125=ORIENTED_EDGE('',*,*,#803,.F.);
#1126=ORIENTED_EDGE('',*,*,#864,.T.);
#1127=ORIENTED_EDGE('',*,*,#865,.F.);
#1128=ORIENTED_EDGE('',*,*,#866,.F.);
#1129=ORIENTED_EDGE('',*,*,#867,.T.);
#1130=ORIENTED_EDGE('',*,*,#868,.T.);
#1131=ORIENTED_EDGE('',*,*,#869,.T.);
#1132=ORIENTED_EDGE('',*,*,#853,.F.);
#1133=ORIENTED_EDGE('',*,*,#870,.F.);
#1134=ORIENTED_EDGE('',*,*,#871,.F.);
#1135=ORIENTED_EDGE('',*,*,#872,.F.);
#1136=ORIENTED_EDGE('',*,*,#849,.F.);
#1137=ORIENTED_EDGE('',*,*,#856,.T.);
#1138=ORIENTED_EDGE('',*,*,#873,.F.);
#1139=ORIENTED_EDGE('',*,*,#874,.F.);
#1140=ORIENTED_EDGE('',*,*,#875,.T.);
#1141=ORIENTED_EDGE('',*,*,#876,.T.);
#1142=ORIENTED_EDGE('',*,*,#877,.F.);
#1143=ORIENTED_EDGE('',*,*,#878,.F.);
#1144=ORIENTED_EDGE('',*,*,#879,.T.);
#1145=ORIENTED_EDGE('',*,*,#840,.T.);
#1146=ORIENTED_EDGE('',*,*,#880,.T.);
#1147=ORIENTED_EDGE('',*,*,#881,.F.);
#1148=ORIENTED_EDGE('',*,*,#882,.T.);
#1149=ORIENTED_EDGE('',*,*,#857,.T.);
#1150=ORIENTED_EDGE('',*,*,#879,.F.);
#1151=ORIENTED_EDGE('',*,*,#883,.F.);
#1152=ORIENTED_EDGE('',*,*,#883,.T.);
#1153=ORIENTED_EDGE('',*,*,#878,.T.);
#1154=ORIENTED_EDGE('',*,*,#884,.T.);
#1155=ORIENTED_EDGE('',*,*,#841,.F.);
#1156=ORIENTED_EDGE('',*,*,#885,.F.);
#1157=ORIENTED_EDGE('',*,*,#837,.F.);
#1158=ORIENTED_EDGE('',*,*,#886,.T.);
#1159=ORIENTED_EDGE('',*,*,#874,.T.);
#1160=ORIENTED_EDGE('',*,*,#884,.F.);
#1161=ORIENTED_EDGE('',*,*,#887,.F.);
#1162=ORIENTED_EDGE('',*,*,#824,.F.);
#1163=ORIENTED_EDGE('',*,*,#888,.F.);
#1164=ORIENTED_EDGE('',*,*,#816,.F.);
#1165=ORIENTED_EDGE('',*,*,#887,.T.);
#1166=ORIENTED_EDGE('',*,*,#877,.T.);
#1167=ORIENTED_EDGE('',*,*,#889,.T.);
#1168=ORIENTED_EDGE('',*,*,#890,.T.);
#1169=ORIENTED_EDGE('',*,*,#891,.T.);
#1170=ORIENTED_EDGE('',*,*,#892,.T.);
#1171=ORIENTED_EDGE('',*,*,#893,.T.);
#1172=ORIENTED_EDGE('',*,*,#894,.F.);
#1173=ORIENTED_EDGE('',*,*,#895,.F.);
#1174=ORIENTED_EDGE('',*,*,#896,.F.);
#1175=ORIENTED_EDGE('',*,*,#897,.T.);
#1176=ORIENTED_EDGE('',*,*,#898,.F.);
#1177=ORIENTED_EDGE('',*,*,#899,.T.);
#1178=ORIENTED_EDGE('',*,*,#817,.F.);
#1179=ORIENTED_EDGE('',*,*,#888,.T.);
#1180=ORIENTED_EDGE('',*,*,#876,.F.);
#1181=ORIENTED_EDGE('',*,*,#900,.T.);
#1182=ORIENTED_EDGE('',*,*,#901,.F.);
#1183=ORIENTED_EDGE('',*,*,#902,.T.);
#1184=ORIENTED_EDGE('',*,*,#903,.F.);
#1185=ORIENTED_EDGE('',*,*,#904,.T.);
#1186=ORIENTED_EDGE('',*,*,#905,.T.);
#1187=ORIENTED_EDGE('',*,*,#906,.T.);
#1188=ORIENTED_EDGE('',*,*,#907,.T.);
#1189=ORIENTED_EDGE('',*,*,#908,.T.);
#1190=ORIENTED_EDGE('',*,*,#909,.T.);
#1191=ORIENTED_EDGE('',*,*,#910,.T.);
#1192=ORIENTED_EDGE('',*,*,#911,.T.);
#1193=ORIENTED_EDGE('',*,*,#912,.T.);
#1194=ORIENTED_EDGE('',*,*,#913,.T.);
#1195=ORIENTED_EDGE('',*,*,#914,.T.);
#1196=ORIENTED_EDGE('',*,*,#915,.F.);
#1197=ORIENTED_EDGE('',*,*,#909,.F.);
#1198=ORIENTED_EDGE('',*,*,#916,.T.);
#1199=ORIENTED_EDGE('',*,*,#917,.F.);
#1200=ORIENTED_EDGE('',*,*,#918,.F.);
#1201=ORIENTED_EDGE('',*,*,#919,.F.);
#1202=ORIENTED_EDGE('',*,*,#914,.F.);
#1203=ORIENTED_EDGE('',*,*,#920,.F.);
#1204=ORIENTED_EDGE('',*,*,#921,.T.);
#1205=ORIENTED_EDGE('',*,*,#922,.F.);
#1206=ORIENTED_EDGE('',*,*,#923,.F.);
#1207=ORIENTED_EDGE('',*,*,#924,.T.);
#1208=ORIENTED_EDGE('',*,*,#925,.F.);
#1209=ORIENTED_EDGE('',*,*,#821,.T.);
#1210=ORIENTED_EDGE('',*,*,#926,.T.);
#1211=ORIENTED_EDGE('',*,*,#927,.F.);
#1212=ORIENTED_EDGE('',*,*,#928,.F.);
#1213=ORIENTED_EDGE('',*,*,#929,.F.);
#1214=ORIENTED_EDGE('',*,*,#930,.F.);
#1215=ORIENTED_EDGE('',*,*,#931,.F.);
#1216=ORIENTED_EDGE('',*,*,#932,.F.);
#1217=ORIENTED_EDGE('',*,*,#933,.T.);
#1218=ORIENTED_EDGE('',*,*,#934,.T.);
#1219=ORIENTED_EDGE('',*,*,#917,.T.);
#1220=ORIENTED_EDGE('',*,*,#935,.F.);
#1221=ORIENTED_EDGE('',*,*,#936,.F.);
#1222=ORIENTED_EDGE('',*,*,#937,.T.);
#1223=ORIENTED_EDGE('',*,*,#901,.T.);
#1224=ORIENTED_EDGE('',*,*,#938,.F.);
#1225=ORIENTED_EDGE('',*,*,#939,.F.);
#1226=ORIENTED_EDGE('',*,*,#940,.T.);
#1227=ORIENTED_EDGE('',*,*,#835,.T.);
#1228=ORIENTED_EDGE('',*,*,#941,.T.);
#1229=ORIENTED_EDGE('',*,*,#942,.F.);
#1230=ORIENTED_EDGE('',*,*,#943,.T.);
#1231=ORIENTED_EDGE('',*,*,#918,.T.);
#1232=ORIENTED_EDGE('',*,*,#940,.F.);
#1233=ORIENTED_EDGE('',*,*,#944,.F.);
#1234=ORIENTED_EDGE('',*,*,#945,.F.);
#1235=ORIENTED_EDGE('',*,*,#832,.F.);
#1236=ORIENTED_EDGE('',*,*,#946,.T.);
#1237=ORIENTED_EDGE('',*,*,#936,.T.);
#1238=ORIENTED_EDGE('',*,*,#944,.T.);
#1239=ORIENTED_EDGE('',*,*,#939,.T.);
#1240=ORIENTED_EDGE('',*,*,#947,.T.);
#1241=ORIENTED_EDGE('',*,*,#836,.F.);
#1242=ORIENTED_EDGE('',*,*,#833,.F.);
#1243=ORIENTED_EDGE('',*,*,#945,.T.);
#1244=ORIENTED_EDGE('',*,*,#935,.T.);
#1245=ORIENTED_EDGE('',*,*,#925,.T.);
#1246=ORIENTED_EDGE('',*,*,#948,.F.);
#1247=ORIENTED_EDGE('',*,*,#949,.T.);
#1248=ORIENTED_EDGE('',*,*,#950,.F.);
#1249=ORIENTED_EDGE('',*,*,#834,.F.);
#1250=ORIENTED_EDGE('',*,*,#950,.T.);
#1251=ORIENTED_EDGE('',*,*,#951,.T.);
#1252=ORIENTED_EDGE('',*,*,#952,.F.);
#1253=ORIENTED_EDGE('',*,*,#921,.F.);
#1254=ORIENTED_EDGE('',*,*,#953,.F.);
#1255=ORIENTED_EDGE('',*,*,#954,.T.);
#1256=ORIENTED_EDGE('',*,*,#941,.F.);
#1257=ORIENTED_EDGE('',*,*,#881,.T.);
#1258=ORIENTED_EDGE('',*,*,#955,.F.);
#1259=ORIENTED_EDGE('',*,*,#956,.T.);
#1260=ORIENTED_EDGE('',*,*,#957,.F.);
#1261=ORIENTED_EDGE('',*,*,#958,.F.);
#1262=ORIENTED_EDGE('',*,*,#959,.F.);
#1263=ORIENTED_EDGE('',*,*,#960,.T.);
#1264=ORIENTED_EDGE('',*,*,#961,.F.);
#1265=ORIENTED_EDGE('',*,*,#962,.F.);
#1266=ORIENTED_EDGE('',*,*,#963,.T.);
#1267=ORIENTED_EDGE('',*,*,#964,.T.);
#1268=ORIENTED_EDGE('',*,*,#942,.T.);
#1269=ORIENTED_EDGE('',*,*,#954,.F.);
#1270=ORIENTED_EDGE('',*,*,#965,.F.);
#1271=ORIENTED_EDGE('',*,*,#966,.F.);
#1272=ORIENTED_EDGE('',*,*,#967,.T.);
#1273=ORIENTED_EDGE('',*,*,#968,.T.);
#1274=ORIENTED_EDGE('',*,*,#969,.T.);
#1275=ORIENTED_EDGE('',*,*,#970,.F.);
#1276=ORIENTED_EDGE('',*,*,#971,.T.);
#1277=ORIENTED_EDGE('',*,*,#851,.T.);
#1278=ORIENTED_EDGE('',*,*,#972,.F.);
#1279=ORIENTED_EDGE('',*,*,#951,.F.);
#1280=ORIENTED_EDGE('',*,*,#949,.F.);
#1281=ORIENTED_EDGE('',*,*,#973,.T.);
#1282=ORIENTED_EDGE('',*,*,#974,.T.);
#1283=ORIENTED_EDGE('',*,*,#858,.T.);
#1284=ORIENTED_EDGE('',*,*,#882,.F.);
#1285=ORIENTED_EDGE('',*,*,#960,.F.);
#1286=ORIENTED_EDGE('',*,*,#975,.F.);
#1287=ORIENTED_EDGE('',*,*,#908,.F.);
#1288=ORIENTED_EDGE('',*,*,#976,.T.);
#1289=ORIENTED_EDGE('',*,*,#859,.T.);
#1290=ORIENTED_EDGE('',*,*,#976,.F.);
#1291=ORIENTED_EDGE('',*,*,#907,.F.);
#1292=ORIENTED_EDGE('',*,*,#977,.T.);
#1293=ORIENTED_EDGE('',*,*,#978,.T.);
#1294=ORIENTED_EDGE('',*,*,#839,.F.);
#1295=ORIENTED_EDGE('',*,*,#979,.T.);
#1296=ORIENTED_EDGE('',*,*,#961,.T.);
#1297=ORIENTED_EDGE('',*,*,#980,.F.);
#1298=ORIENTED_EDGE('',*,*,#981,.T.);
#1299=ORIENTED_EDGE('',*,*,#860,.T.);
#1300=ORIENTED_EDGE('',*,*,#978,.F.);
#1301=ORIENTED_EDGE('',*,*,#982,.F.);
#1302=ORIENTED_EDGE('',*,*,#955,.T.);
#1303=ORIENTED_EDGE('',*,*,#880,.F.);
#1304=ORIENTED_EDGE('',*,*,#982,.T.);
#1305=ORIENTED_EDGE('',*,*,#977,.F.);
#1306=ORIENTED_EDGE('',*,*,#906,.F.);
#1307=ORIENTED_EDGE('',*,*,#983,.T.);
#1308=ORIENTED_EDGE('',*,*,#931,.T.);
#1309=ORIENTED_EDGE('',*,*,#984,.T.);
#1310=ORIENTED_EDGE('',*,*,#956,.F.);
#1311=ORIENTED_EDGE('',*,*,#843,.F.);
#1312=ORIENTED_EDGE('',*,*,#985,.T.);
#1313=ORIENTED_EDGE('',*,*,#957,.T.);
#1314=ORIENTED_EDGE('',*,*,#984,.F.);
#1315=ORIENTED_EDGE('',*,*,#930,.T.);
#1316=ORIENTED_EDGE('',*,*,#986,.F.);
#1317=ORIENTED_EDGE('',*,*,#970,.T.);
#1318=ORIENTED_EDGE('',*,*,#987,.F.);
#1319=ORIENTED_EDGE('',*,*,#844,.T.);
#1320=ORIENTED_EDGE('',*,*,#987,.T.);
#1321=ORIENTED_EDGE('',*,*,#969,.F.);
#1322=ORIENTED_EDGE('',*,*,#988,.T.);
#1323=ORIENTED_EDGE('',*,*,#926,.F.);
#1324=ORIENTED_EDGE('',*,*,#820,.F.);
#1325=ORIENTED_EDGE('',*,*,#827,.F.);
#1326=ORIENTED_EDGE('',*,*,#968,.F.);
#1327=ORIENTED_EDGE('',*,*,#989,.F.);
#1328=ORIENTED_EDGE('',*,*,#895,.T.);
#1329=ORIENTED_EDGE('',*,*,#990,.T.);
#1330=ORIENTED_EDGE('',*,*,#927,.T.);
#1331=ORIENTED_EDGE('',*,*,#988,.F.);
#1332=ORIENTED_EDGE('',*,*,#990,.F.);
#1333=ORIENTED_EDGE('',*,*,#894,.T.);
#1334=ORIENTED_EDGE('',*,*,#991,.T.);
#1335=ORIENTED_EDGE('',*,*,#928,.T.);
#1336=ORIENTED_EDGE('',*,*,#992,.T.);
#1337=ORIENTED_EDGE('',*,*,#993,.T.);
#1338=ORIENTED_EDGE('',*,*,#865,.T.);
#1339=ORIENTED_EDGE('',*,*,#994,.T.);
#1340=ORIENTED_EDGE('',*,*,#971,.F.);
#1341=ORIENTED_EDGE('',*,*,#986,.T.);
#1342=ORIENTED_EDGE('',*,*,#929,.T.);
#1343=ORIENTED_EDGE('',*,*,#991,.F.);
#1344=ORIENTED_EDGE('',*,*,#893,.F.);
#1345=ORIENTED_EDGE('',*,*,#995,.T.);
#1346=ORIENTED_EDGE('',*,*,#922,.T.);
#1347=ORIENTED_EDGE('',*,*,#952,.T.);
#1348=ORIENTED_EDGE('',*,*,#972,.T.);
#1349=ORIENTED_EDGE('',*,*,#850,.T.);
#1350=ORIENTED_EDGE('',*,*,#872,.T.);
#1351=ORIENTED_EDGE('',*,*,#996,.F.);
#1352=ORIENTED_EDGE('',*,*,#997,.T.);
#1353=ORIENTED_EDGE('',*,*,#998,.F.);
#1354=ORIENTED_EDGE('',*,*,#999,.T.);
#1355=ORIENTED_EDGE('',*,*,#992,.F.);
#1356=ORIENTED_EDGE('',*,*,#1000,.T.);
#1357=ORIENTED_EDGE('',*,*,#1001,.T.);
#1358=ORIENTED_EDGE('',*,*,#1002,.F.);
#1359=ORIENTED_EDGE('',*,*,#1003,.T.);
#1360=ORIENTED_EDGE('',*,*,#1004,.T.);
#1361=ORIENTED_EDGE('',*,*,#1005,.F.);
#1362=ORIENTED_EDGE('',*,*,#997,.F.);
#1363=ORIENTED_EDGE('',*,*,#1006,.F.);
#1364=ORIENTED_EDGE('',*,*,#1007,.F.);
#1365=ORIENTED_EDGE('',*,*,#1008,.F.);
#1366=ORIENTED_EDGE('',*,*,#1004,.F.);
#1367=ORIENTED_EDGE('',*,*,#1009,.T.);
#1368=ORIENTED_EDGE('',*,*,#1010,.F.);
#1369=ORIENTED_EDGE('',*,*,#897,.F.);
#1370=ORIENTED_EDGE('',*,*,#1011,.F.);
#1371=ORIENTED_EDGE('',*,*,#1007,.T.);
#1372=ORIENTED_EDGE('',*,*,#1012,.T.);
#1373=ORIENTED_EDGE('',*,*,#903,.T.);
#1374=ORIENTED_EDGE('',*,*,#1013,.F.);
#1375=ORIENTED_EDGE('',*,*,#1014,.F.);
#1376=ORIENTED_EDGE('',*,*,#854,.T.);
#1377=ORIENTED_EDGE('',*,*,#869,.F.);
#1378=ORIENTED_EDGE('',*,*,#1015,.F.);
#1379=ORIENTED_EDGE('',*,*,#1016,.F.);
#1380=ORIENTED_EDGE('',*,*,#1017,.T.);
#1381=ORIENTED_EDGE('',*,*,#898,.T.);
#1382=ORIENTED_EDGE('',*,*,#1010,.T.);
#1383=ORIENTED_EDGE('',*,*,#1009,.F.);
#1384=ORIENTED_EDGE('',*,*,#1006,.T.);
#1385=ORIENTED_EDGE('',*,*,#1003,.F.);
#1386=ORIENTED_EDGE('',*,*,#1018,.T.);
#1387=ORIENTED_EDGE('',*,*,#1019,.F.);
#1388=ORIENTED_EDGE('',*,*,#1020,.T.);
#1389=ORIENTED_EDGE('',*,*,#1021,.F.);
#1390=ORIENTED_EDGE('',*,*,#889,.F.);
#1391=ORIENTED_EDGE('',*,*,#1012,.F.);
#1392=ORIENTED_EDGE('',*,*,#1020,.F.);
#1393=ORIENTED_EDGE('',*,*,#1019,.T.);
#1394=ORIENTED_EDGE('',*,*,#1022,.T.);
#1395=ORIENTED_EDGE('',*,*,#1023,.F.);
#1396=ORIENTED_EDGE('',*,*,#1021,.T.);
#1397=ORIENTED_EDGE('',*,*,#1023,.T.);
#1398=ORIENTED_EDGE('',*,*,#1024,.T.);
#1399=ORIENTED_EDGE('',*,*,#1001,.F.);
#1400=ORIENTED_EDGE('',*,*,#1025,.T.);
#1401=ORIENTED_EDGE('',*,*,#870,.T.);
#1402=ORIENTED_EDGE('',*,*,#852,.F.);
#1403=ORIENTED_EDGE('',*,*,#974,.F.);
#1404=ORIENTED_EDGE('',*,*,#1026,.F.);
#1405=ORIENTED_EDGE('',*,*,#890,.F.);
#1406=ORIENTED_EDGE('',*,*,#924,.F.);
#1407=ORIENTED_EDGE('',*,*,#1027,.F.);
#1408=ORIENTED_EDGE('',*,*,#891,.F.);
#1409=ORIENTED_EDGE('',*,*,#1026,.T.);
#1410=ORIENTED_EDGE('',*,*,#973,.F.);
#1411=ORIENTED_EDGE('',*,*,#948,.T.);
#1412=ORIENTED_EDGE('',*,*,#923,.T.);
#1413=ORIENTED_EDGE('',*,*,#995,.F.);
#1414=ORIENTED_EDGE('',*,*,#892,.F.);
#1415=ORIENTED_EDGE('',*,*,#1027,.T.);
#1416=ORIENTED_EDGE('',*,*,#1000,.F.);
#1417=ORIENTED_EDGE('',*,*,#996,.T.);
#1418=ORIENTED_EDGE('',*,*,#871,.T.);
#1419=ORIENTED_EDGE('',*,*,#1025,.F.);
#1420=ORIENTED_EDGE('',*,*,#1002,.T.);
#1421=ORIENTED_EDGE('',*,*,#1024,.F.);
#1422=ORIENTED_EDGE('',*,*,#1022,.F.);
#1423=ORIENTED_EDGE('',*,*,#1018,.F.);
#1424=ORIENTED_EDGE('',*,*,#899,.F.);
#1425=ORIENTED_EDGE('',*,*,#1017,.F.);
#1426=ORIENTED_EDGE('',*,*,#1028,.T.);
#1427=ORIENTED_EDGE('',*,*,#818,.T.);
#1428=ORIENTED_EDGE('',*,*,#828,.F.);
#1429=ORIENTED_EDGE('',*,*,#1028,.F.);
#1430=ORIENTED_EDGE('',*,*,#1029,.F.);
#1431=ORIENTED_EDGE('',*,*,#1030,.F.);
#1432=ORIENTED_EDGE('',*,*,#845,.F.);
#1433=ORIENTED_EDGE('',*,*,#1029,.T.);
#1434=ORIENTED_EDGE('',*,*,#1016,.T.);
#1435=ORIENTED_EDGE('',*,*,#855,.T.);
#1436=ORIENTED_EDGE('',*,*,#1014,.T.);
#1437=ORIENTED_EDGE('',*,*,#1031,.T.);
#1438=ORIENTED_EDGE('',*,*,#831,.F.);
#1439=ORIENTED_EDGE('',*,*,#1032,.F.);
#1440=ORIENTED_EDGE('',*,*,#846,.F.);
#1441=ORIENTED_EDGE('',*,*,#1030,.T.);
#1442=ORIENTED_EDGE('',*,*,#1015,.T.);
#1443=ORIENTED_EDGE('',*,*,#868,.F.);
#1444=ORIENTED_EDGE('',*,*,#1033,.F.);
#1445=ORIENTED_EDGE('',*,*,#966,.T.);
#1446=ORIENTED_EDGE('',*,*,#994,.F.);
#1447=ORIENTED_EDGE('',*,*,#864,.F.);
#1448=ORIENTED_EDGE('',*,*,#802,.T.);
#1449=ORIENTED_EDGE('',*,*,#801,.T.);
#1450=ORIENTED_EDGE('',*,*,#812,.F.);
#1451=ORIENTED_EDGE('',*,*,#847,.F.);
#1452=ORIENTED_EDGE('',*,*,#1032,.T.);
#1453=ORIENTED_EDGE('',*,*,#1011,.T.);
#1454=ORIENTED_EDGE('',*,*,#896,.T.);
#1455=ORIENTED_EDGE('',*,*,#989,.T.);
#1456=ORIENTED_EDGE('',*,*,#967,.F.);
#1457=ORIENTED_EDGE('',*,*,#1033,.T.);
#1458=ORIENTED_EDGE('',*,*,#867,.F.);
#1459=ORIENTED_EDGE('',*,*,#1034,.F.);
#1460=ORIENTED_EDGE('',*,*,#998,.T.);
#1461=ORIENTED_EDGE('',*,*,#1005,.T.);
#1462=ORIENTED_EDGE('',*,*,#1008,.T.);
#1463=ORIENTED_EDGE('',*,*,#999,.F.);
#1464=ORIENTED_EDGE('',*,*,#1034,.T.);
#1465=ORIENTED_EDGE('',*,*,#866,.T.);
#1466=ORIENTED_EDGE('',*,*,#993,.F.);
#1467=ORIENTED_EDGE('',*,*,#1035,.F.);
#1468=ORIENTED_EDGE('',*,*,#946,.F.);
#1469=ORIENTED_EDGE('',*,*,#1031,.F.);
#1470=ORIENTED_EDGE('',*,*,#902,.F.);
#1471=ORIENTED_EDGE('',*,*,#937,.F.);
#1472=ORIENTED_EDGE('',*,*,#1035,.T.);
#1473=ORIENTED_EDGE('',*,*,#1013,.T.);
#1474=ORIENTED_EDGE('',*,*,#842,.F.);
#1475=ORIENTED_EDGE('',*,*,#825,.T.);
#1476=ORIENTED_EDGE('',*,*,#822,.T.);
#1477=ORIENTED_EDGE('',*,*,#934,.F.);
#1478=ORIENTED_EDGE('',*,*,#1036,.F.);
#1479=ORIENTED_EDGE('',*,*,#958,.T.);
#1480=ORIENTED_EDGE('',*,*,#985,.F.);
#1481=ORIENTED_EDGE('',*,*,#959,.T.);
#1482=ORIENTED_EDGE('',*,*,#1036,.T.);
#1483=ORIENTED_EDGE('',*,*,#933,.F.);
#1484=ORIENTED_EDGE('',*,*,#1037,.F.);
#1485=ORIENTED_EDGE('',*,*,#904,.F.);
#1486=ORIENTED_EDGE('',*,*,#975,.T.);
#1487=ORIENTED_EDGE('',*,*,#1037,.T.);
#1488=ORIENTED_EDGE('',*,*,#932,.T.);
#1489=ORIENTED_EDGE('',*,*,#983,.F.);
#1490=ORIENTED_EDGE('',*,*,#905,.F.);
#1491=ORIENTED_EDGE('',*,*,#861,.T.);
#1492=ORIENTED_EDGE('',*,*,#981,.F.);
#1493=ORIENTED_EDGE('',*,*,#1038,.F.);
#1494=ORIENTED_EDGE('',*,*,#912,.F.);
#1495=ORIENTED_EDGE('',*,*,#1039,.T.);
#1496=ORIENTED_EDGE('',*,*,#862,.F.);
#1497=ORIENTED_EDGE('',*,*,#1039,.F.);
#1498=ORIENTED_EDGE('',*,*,#911,.F.);
#1499=ORIENTED_EDGE('',*,*,#1040,.T.);
#1500=ORIENTED_EDGE('',*,*,#963,.F.);
#1501=ORIENTED_EDGE('',*,*,#1041,.T.);
#1502=ORIENTED_EDGE('',*,*,#838,.F.);
#1503=ORIENTED_EDGE('',*,*,#885,.T.);
#1504=ORIENTED_EDGE('',*,*,#873,.T.);
#1505=ORIENTED_EDGE('',*,*,#863,.F.);
#1506=ORIENTED_EDGE('',*,*,#1041,.F.);
#1507=ORIENTED_EDGE('',*,*,#962,.T.);
#1508=ORIENTED_EDGE('',*,*,#979,.F.);
#1509=ORIENTED_EDGE('',*,*,#919,.T.);
#1510=ORIENTED_EDGE('',*,*,#943,.F.);
#1511=ORIENTED_EDGE('',*,*,#964,.F.);
#1512=ORIENTED_EDGE('',*,*,#1040,.F.);
#1513=ORIENTED_EDGE('',*,*,#910,.F.);
#1514=ORIENTED_EDGE('',*,*,#915,.T.);
#1515=ORIENTED_EDGE('',*,*,#980,.T.);
#1516=ORIENTED_EDGE('',*,*,#965,.T.);
#1517=ORIENTED_EDGE('',*,*,#953,.T.);
#1518=ORIENTED_EDGE('',*,*,#920,.T.);
#1519=ORIENTED_EDGE('',*,*,#916,.F.);
#1520=ORIENTED_EDGE('',*,*,#913,.F.);
#1521=ORIENTED_EDGE('',*,*,#1038,.T.);
#1522=ORIENTED_EDGE('',*,*,#947,.F.);
#1523=ORIENTED_EDGE('',*,*,#1042,.F.);
#1524=ORIENTED_EDGE('',*,*,#886,.F.);
#1525=ORIENTED_EDGE('',*,*,#900,.F.);
#1526=ORIENTED_EDGE('',*,*,#875,.F.);
#1527=ORIENTED_EDGE('',*,*,#1042,.T.);
#1528=ORIENTED_EDGE('',*,*,#938,.T.);
#1529=TOROIDAL_SURFACE('',#1618,0.5786326857863,0.1);
#1530=TOROIDAL_SURFACE('',#1621,0.3034311225193,0.1);
#1531=ADVANCED_FACE('',(#428),#1529,.T.);
#1532=ADVANCED_FACE('',(#429),#1530,.F.);
#1533=ADVANCED_FACE('',(#430),#424,.F.);
#1534=ADVANCED_FACE('',(#431),#53,.T.);
#1535=ADVANCED_FACE('',(#432),#37,.T.);
#1536=ADVANCED_FACE('',(#433),#38,.T.);
#1537=ADVANCED_FACE('',(#434),#54,.T.);
#1538=ADVANCED_FACE('',(#435),#55,.F.);
#1539=ADVANCED_FACE('',(#436),#35,.T.);
#1540=ADVANCED_FACE('',(#437),#56,.F.);
#1541=ADVANCED_FACE('',(#438),#57,.T.);
#1542=ADVANCED_FACE('',(#439),#58,.T.);
#1543=ADVANCED_FACE('',(#440),#59,.T.);
#1544=ADVANCED_FACE('',(#441),#60,.F.);
#1545=ADVANCED_FACE('',(#442),#39,.T.);
#1546=ADVANCED_FACE('',(#443),#40,.T.);
#1547=ADVANCED_FACE('',(#444),#21,.T.);
#1548=ADVANCED_FACE('',(#445),#41,.T.);
#1549=ADVANCED_FACE('',(#446,#19,#20),#61,.F.);
#1550=ADVANCED_FACE('',(#447),#62,.F.);
#1551=ADVANCED_FACE('',(#448),#63,.T.);
#1552=ADVANCED_FACE('',(#449),#64,.T.);
#1553=ADVANCED_FACE('',(#450),#65,.T.);
#1554=ADVANCED_FACE('',(#451),#66,.F.);
#1555=ADVANCED_FACE('',(#452),#42,.T.);
#1556=ADVANCED_FACE('',(#453),#43,.T.);
#1557=ADVANCED_FACE('',(#454),#67,.F.);
#1558=ADVANCED_FACE('',(#455),#68,.F.);
#1559=ADVANCED_FACE('',(#456),#69,.T.);
#1560=ADVANCED_FACE('',(#457),#70,.T.);
#1561=ADVANCED_FACE('',(#458),#71,.T.);
#1562=ADVANCED_FACE('',(#459),#72,.T.);
#1563=ADVANCED_FACE('',(#460),#73,.F.);
#1564=ADVANCED_FACE('',(#461),#74,.F.);
#1565=ADVANCED_FACE('',(#462),#75,.F.);
#1566=ADVANCED_FACE('',(#463),#425,.T.);
#1567=ADVANCED_FACE('',(#464),#76,.F.);
#1568=ADVANCED_FACE('',(#465),#77,.F.);
#1569=ADVANCED_FACE('',(#466),#78,.F.);
#1570=ADVANCED_FACE('',(#467),#79,.F.);
#1571=ADVANCED_FACE('',(#468),#426,.T.);
#1572=ADVANCED_FACE('',(#469),#80,.F.);
#1573=ADVANCED_FACE('',(#470),#44,.F.);
#1574=ADVANCED_FACE('',(#471),#81,.F.);
#1575=ADVANCED_FACE('',(#472),#45,.T.);
#1576=ADVANCED_FACE('',(#473),#82,.T.);
#1577=ADVANCED_FACE('',(#474),#46,.T.);
#1578=ADVANCED_FACE('',(#475),#83,.F.);
#1579=ADVANCED_FACE('',(#476),#84,.F.);
#1580=ADVANCED_FACE('',(#477),#85,.F.);
#1581=ADVANCED_FACE('',(#478),#86,.F.);
#1582=ADVANCED_FACE('',(#479),#87,.F.);
#1583=ADVANCED_FACE('',(#480),#47,.F.);
#1584=ADVANCED_FACE('',(#481),#48,.T.);
#1585=ADVANCED_FACE('',(#482),#22,.T.);
#1586=ADVANCED_FACE('',(#483),#49,.T.);
#1587=ADVANCED_FACE('',(#484),#50,.T.);
#1588=ADVANCED_FACE('',(#485),#88,.F.);
#1589=ADVANCED_FACE('',(#486),#36,.T.);
#1590=ADVANCED_FACE('',(#487),#89,.F.);
#1591=ADVANCED_FACE('',(#488),#90,.F.);
#1592=ADVANCED_FACE('',(#489),#23,.T.);
#1593=ADVANCED_FACE('',(#490),#51,.T.);
#1594=ADVANCED_FACE('',(#491),#91,.F.);
#1595=ADVANCED_FACE('',(#492),#92,.F.);
#1596=ADVANCED_FACE('',(#493),#93,.F.);
#1597=ADVANCED_FACE('',(#494),#94,.F.);
#1598=ADVANCED_FACE('',(#495),#95,.F.);
#1599=ADVANCED_FACE('',(#496),#96,.F.);
#1600=ADVANCED_FACE('',(#497),#97,.F.);
#1601=ADVANCED_FACE('',(#498),#427,.T.);
#1602=ADVANCED_FACE('',(#499),#24,.T.);
#1603=ADVANCED_FACE('',(#500),#52,.T.);
#1604=CLOSED_SHELL('',(#1531,#1532,#1533,#1534,#1535,#1536,#1537,#1538,
#1539,#1540,#1541,#1542,#1543,#1544,#1545,#1546,#1547,#1548,#1549,#1550,
#1551,#1552,#1553,#1554,#1555,#1556,#1557,#1558,#1559,#1560,#1561,#1562,
#1563,#1564,#1565,#1566,#1567,#1568,#1569,#1570,#1571,#1572,#1573,#1574,
#1575,#1576,#1577,#1578,#1579,#1580,#1581,#1582,#1583,#1584,#1585,#1586,
#1587,#1588,#1589,#1590,#1591,#1592,#1593,#1594,#1595,#1596,#1597,#1598,
#1599,#1600,#1601,#1602,#1603));
#1605=DERIVED_UNIT_ELEMENT(#1607,1.);
#1606=DERIVED_UNIT_ELEMENT(#2800,-3.);
#1607=(
MASS_UNIT()
NAMED_UNIT(*)
SI_UNIT(.KILO.,.GRAM.)
);
#1608=DERIVED_UNIT((#1605,#1606));
#1609=MEASURE_REPRESENTATION_ITEM('density measure',
POSITIVE_RATIO_MEASURE(7850.),#1608);
#1610=PROPERTY_DEFINITION_REPRESENTATION(#1615,#1612);
#1611=PROPERTY_DEFINITION_REPRESENTATION(#1616,#1613);
#1612=REPRESENTATION('material name',(#1614),#2797);
#1613=REPRESENTATION('density',(#1609),#2797);
#1614=DESCRIPTIVE_REPRESENTATION_ITEM('Acero','Acero');
#1615=PROPERTY_DEFINITION('material property','material name',#2807);
#1616=PROPERTY_DEFINITION('material property','density of part',#2807);
#1617=AXIS2_PLACEMENT_3D('',#2212,#1761,#1762);
#1618=AXIS2_PLACEMENT_3D('',#2213,#1763,#1764);
#1619=AXIS2_PLACEMENT_3D('',#2216,#1765,#1766);
#1620=AXIS2_PLACEMENT_3D('',#2245,#1767,#1768);
#1621=AXIS2_PLACEMENT_3D('',#2272,#1769,#1770);
#1622=AXIS2_PLACEMENT_3D('',#2275,#1771,#1772);
#1623=AXIS2_PLACEMENT_3D('',#2276,#1773,#1774);
#1624=AXIS2_PLACEMENT_3D('',#2278,#1775,#1776);
#1625=AXIS2_PLACEMENT_3D('',#2279,#1777,#1778);
#1626=AXIS2_PLACEMENT_3D('',#2280,#1779,#1780);
#1627=AXIS2_PLACEMENT_3D('',#2284,#1782,#1783);
#1628=AXIS2_PLACEMENT_3D('',#2285,#1784,#1785);
#1629=AXIS2_PLACEMENT_3D('',#2287,#1786,#1787);
#1630=AXIS2_PLACEMENT_3D('',#2288,#1788,#1789);
#1631=AXIS2_PLACEMENT_3D('',#2289,#1790,#1791);
#1632=AXIS2_PLACEMENT_3D('',#2306,#1800,#1801);
#1633=AXIS2_PLACEMENT_3D('',#2310,#1803,#1804);
#1634=AXIS2_PLACEMENT_3D('',#2311,#1805,#1806);
#1635=AXIS2_PLACEMENT_3D('',#2312,#1807,#1808);
#1636=AXIS2_PLACEMENT_3D('',#2316,#1810,#1811);
#1637=AXIS2_PLACEMENT_3D('',#2317,#1812,#1813);
#1638=AXIS2_PLACEMENT_3D('',#2318,#1814,#1815);
#1639=AXIS2_PLACEMENT_3D('',#2320,#1816,#1817);
#1640=AXIS2_PLACEMENT_3D('',#2353,#1835,#1836);
#1641=AXIS2_PLACEMENT_3D('',#2354,#1837,#1838);
#1642=AXIS2_PLACEMENT_3D('',#2383,#1839,#1840);
#1643=AXIS2_PLACEMENT_3D('',#2384,#1841,#1842);
#1644=AXIS2_PLACEMENT_3D('',#2388,#1844,#1845);
#1645=AXIS2_PLACEMENT_3D('',#2397,#1850,#1851);
#1646=AXIS2_PLACEMENT_3D('',#2398,#1852,#1853);
#1647=AXIS2_PLACEMENT_3D('',#2415,#1862,#1863);
#1648=AXIS2_PLACEMENT_3D('',#2419,#1865,#1866);
#1649=AXIS2_PLACEMENT_3D('',#2431,#1873,#1874);
#1650=AXIS2_PLACEMENT_3D('',#2432,#1875,#1876);
#1651=AXIS2_PLACEMENT_3D('',#2446,#1884,#1885);
#1652=AXIS2_PLACEMENT_3D('',#2452,#1889,#1890);
#1653=AXIS2_PLACEMENT_3D('',#2453,#1891,#1892);
#1654=AXIS2_PLACEMENT_3D('',#2454,#1893,#1894);
#1655=AXIS2_PLACEMENT_3D('',#2455,#1895,#1896);
#1656=AXIS2_PLACEMENT_3D('',#2456,#1897,#1898);
#1657=AXIS2_PLACEMENT_3D('',#2457,#1899,#1900);
#1658=AXIS2_PLACEMENT_3D('',#2458,#1901,#1902);
#1659=AXIS2_PLACEMENT_3D('',#2459,#1903,#1904);
#1660=AXIS2_PLACEMENT_3D('',#2460,#1905,#1906);
#1661=AXIS2_PLACEMENT_3D('',#2461,#1907,#1908);
#1662=AXIS2_PLACEMENT_3D('',#2462,#1909,#1910);
#1663=AXIS2_PLACEMENT_3D('',#2473,#1915,#1916);
#1664=AXIS2_PLACEMENT_3D('',#2484,#1922,#1923);
#1665=AXIS2_PLACEMENT_3D('',#2486,#1924,#1925);
#1666=AXIS2_PLACEMENT_3D('',#2490,#1927,#1928);
#1667=AXIS2_PLACEMENT_3D('',#2498,#1932,#1933);
#1668=AXIS2_PLACEMENT_3D('',#2511,#1940,#1941);
#1669=AXIS2_PLACEMENT_3D('',#2512,#1942,#1943);
#1670=AXIS2_PLACEMENT_3D('',#2520,#1946,#1947);
#1671=AXIS2_PLACEMENT_3D('',#2528,#1951,#1952);
#1672=AXIS2_PLACEMENT_3D('',#2532,#1954,#1955);
#1673=AXIS2_PLACEMENT_3D('',#2538,#1959,#1960);
#1674=AXIS2_PLACEMENT_3D('',#2546,#1964,#1965);
#1675=AXIS2_PLACEMENT_3D('',#2550,#1967,#1968);
#1676=AXIS2_PLACEMENT_3D('',#2556,#1972,#1973);
#1677=AXIS2_PLACEMENT_3D('',#2567,#1980,#1981);
#1678=AXIS2_PLACEMENT_3D('',#2573,#1985,#1986);
#1679=AXIS2_PLACEMENT_3D('',#2574,#1987,#1988);
#1680=AXIS2_PLACEMENT_3D('',#2575,#1989,#1990);
#1681=AXIS2_PLACEMENT_3D('',#2576,#1991,#1992);
#1682=AXIS2_PLACEMENT_3D('',#2577,#1993,#1994);
#1683=AXIS2_PLACEMENT_3D('',#2578,#1995,#1996);
#1684=AXIS2_PLACEMENT_3D('',#2579,#1997,#1998);
#1685=AXIS2_PLACEMENT_3D('',#2585,#2002,#2003);
#1686=AXIS2_PLACEMENT_3D('',#2588,#2005,#2006);
#1687=AXIS2_PLACEMENT_3D('',#2590,#2007,#2008);
#1688=AXIS2_PLACEMENT_3D('',#2592,#2010,#2011);
#1689=AXIS2_PLACEMENT_3D('',#2596,#2013,#2014);
#1690=AXIS2_PLACEMENT_3D('',#2604,#2019,#2020);
#1691=AXIS2_PLACEMENT_3D('',#2613,#2025,#2026);
#1692=AXIS2_PLACEMENT_3D('',#2614,#2027,#2028);
#1693=AXIS2_PLACEMENT_3D('',#2626,#2034,#2035);
#1694=AXIS2_PLACEMENT_3D('',#2627,#2036,#2037);
#1695=AXIS2_PLACEMENT_3D('',#2628,#2038,#2039);
#1696=AXIS2_PLACEMENT_3D('',#2632,#2042,#2043);
#1697=AXIS2_PLACEMENT_3D('',#2635,#2046,#2047);
#1698=AXIS2_PLACEMENT_3D('',#2637,#2048,#2049);
#1699=AXIS2_PLACEMENT_3D('',#2639,#2051,#2052);
#1700=AXIS2_PLACEMENT_3D('',#2642,#2054,#2055);
#1701=AXIS2_PLACEMENT_3D('',#2644,#2057,#2058);
#1702=AXIS2_PLACEMENT_3D('',#2645,#2059,#2060);
#1703=AXIS2_PLACEMENT_3D('',#2649,#2061,#2062);
#1704=AXIS2_PLACEMENT_3D('',#2650,#2063,#2064);
#1705=AXIS2_PLACEMENT_3D('',#2652,#2066,#2067);
#1706=AXIS2_PLACEMENT_3D('',#2654,#2069,#2070);
#1707=AXIS2_PLACEMENT_3D('',#2656,#2072,#2073);
#1708=AXIS2_PLACEMENT_3D('',#2659,#2076,#2077);
#1709=AXIS2_PLACEMENT_3D('',#2663,#2078,#2079);
#1710=AXIS2_PLACEMENT_3D('',#2666,#2080,#2081);
#1711=AXIS2_PLACEMENT_3D('',#2667,#2082,#2083);
#1712=AXIS2_PLACEMENT_3D('',#2668,#2084,#2085);
#1713=AXIS2_PLACEMENT_3D('',#2672,#2086,#2087);
#1714=AXIS2_PLACEMENT_3D('',#2673,#2088,#2089);
#1715=AXIS2_PLACEMENT_3D('',#2687,#2097,#2098);
#1716=AXIS2_PLACEMENT_3D('',#2691,#2100,#2101);
#1717=AXIS2_PLACEMENT_3D('',#2692,#2102,#2103);
#1718=AXIS2_PLACEMENT_3D('',#2693,#2104,#2105);
#1719=AXIS2_PLACEMENT_3D('',#2699,#2109,#2110);
#1720=AXIS2_PLACEMENT_3D('',#2700,#2111,#2112);
#1721=AXIS2_PLACEMENT_3D('',#2701,#2113,#2114);
#1722=AXIS2_PLACEMENT_3D('',#2702,#2115,#2116);
#1723=AXIS2_PLACEMENT_3D('',#2704,#2117,#2118);
#1724=AXIS2_PLACEMENT_3D('',#2714,#2124,#2125);
#1725=AXIS2_PLACEMENT_3D('',#2716,#2127,#2128);
#1726=AXIS2_PLACEMENT_3D('',#2719,#2130,#2131);
#1727=AXIS2_PLACEMENT_3D('',#2720,#2132,#2133);
#1728=AXIS2_PLACEMENT_3D('',#2724,#2136,#2137);
#1729=AXIS2_PLACEMENT_3D('',#2725,#2138,#2139);
#1730=AXIS2_PLACEMENT_3D('',#2728,#2142,#2143);
#1731=AXIS2_PLACEMENT_3D('',#2730,#2145,#2146);
#1732=AXIS2_PLACEMENT_3D('',#2731,#2147,#2148);
#1733=AXIS2_PLACEMENT_3D('',#2732,#2149,#2150);
#1734=AXIS2_PLACEMENT_3D('',#2733,#2151,#2152);
#1735=AXIS2_PLACEMENT_3D('',#2734,#2153,#2154);
#1736=AXIS2_PLACEMENT_3D('',#2735,#2155,#2156);
#1737=AXIS2_PLACEMENT_3D('',#2736,#2157,#2158);
#1738=AXIS2_PLACEMENT_3D('',#2737,#2159,#2160);
#1739=AXIS2_PLACEMENT_3D('',#2738,#2161,#2162);
#1740=AXIS2_PLACEMENT_3D('',#2739,#2163,#2164);
#1741=AXIS2_PLACEMENT_3D('',#2740,#2165,#2166);
#1742=AXIS2_PLACEMENT_3D('',#2741,#2167,#2168);
#1743=AXIS2_PLACEMENT_3D('',#2742,#2169,#2170);
#1744=AXIS2_PLACEMENT_3D('',#2772,#2172,#2173);
#1745=AXIS2_PLACEMENT_3D('',#2774,#2175,#2176);
#1746=AXIS2_PLACEMENT_3D('',#2775,#2177,#2178);
#1747=AXIS2_PLACEMENT_3D('',#2776,#2179,#2180);
#1748=AXIS2_PLACEMENT_3D('',#2777,#2181,#2182);
#1749=AXIS2_PLACEMENT_3D('',#2778,#2183,#2184);
#1750=AXIS2_PLACEMENT_3D('',#2780,#2186,#2187);
#1751=AXIS2_PLACEMENT_3D('',#2782,#2189,#2190);
#1752=AXIS2_PLACEMENT_3D('',#2783,#2191,#2192);
#1753=AXIS2_PLACEMENT_3D('',#2784,#2193,#2194);
#1754=AXIS2_PLACEMENT_3D('',#2786,#2196,#2197);
#1755=AXIS2_PLACEMENT_3D('',#2789,#2200,#2201);
#1756=AXIS2_PLACEMENT_3D('',#2790,#2202,#2203);
#1757=AXIS2_PLACEMENT_3D('',#2791,#2204,#2205);
#1758=AXIS2_PLACEMENT_3D('',#2792,#2206,#2207);
#1759=AXIS2_PLACEMENT_3D('',#2793,#2208,#2209);
#1760=AXIS2_PLACEMENT_3D('',#2794,#2210,#2211);
#1761=DIRECTION('axis',(0.,0.,1.));
#1762=DIRECTION('refdir',(1.,0.,0.));
#1763=DIRECTION('center_axis',(0.,0.,-1.));
#1764=DIRECTION('ref_axis',(4.36610383264258E-14,1.,0.));
#1765=DIRECTION('center_axis',(0.,0.,1.));
#1766=DIRECTION('ref_axis',(0.756815033739273,0.653629103319477,0.));
#1767=DIRECTION('center_axis',(0.,0.,1.));
#1768=DIRECTION('ref_axis',(0.58992353270101,0.807459116962314,0.));
#1769=DIRECTION('center_axis',(0.,0.,-1.));
#1770=DIRECTION('ref_axis',(0.999802878233256,0.0198545882983291,0.));
#1771=DIRECTION('center_axis',(0.,0.,-1.));
#1772=DIRECTION('ref_axis',(-1.,0.,0.));
#1773=DIRECTION('center_axis',(0.,0.,-1.));
#1774=DIRECTION('ref_axis',(-1.,0.,0.));
#1775=DIRECTION('center_axis',(0.019854588298329,-0.999802878233257,0.));
#1776=DIRECTION('ref_axis',(-0.999802878233257,-0.019854588298329,0.));
#1777=DIRECTION('center_axis',(0.,0.,-1.));
#1778=DIRECTION('ref_axis',(1.,0.,0.));
#1779=DIRECTION('center_axis',(0.,0.,1.));
#1780=DIRECTION('ref_axis',(-1.,0.,0.));
#1781=DIRECTION('',(0.0348994967025001,4.27395569285703E-18,0.999390827019096));
#1782=DIRECTION('center_axis',(0.,0.,1.));
#1783=DIRECTION('ref_axis',(1.,0.,0.));
#1784=DIRECTION('center_axis',(-0.958891576112133,-0.281452295427861,0.0362153373528154));
#1785=DIRECTION('ref_axis',(-0.281795957368415,0.959463048326615,-0.00465803677719655));
#1786=DIRECTION('center_axis',(0.958759168094018,-0.281902751952824,0.036217344423503));
#1787=DIRECTION('ref_axis',(0.282220952476609,0.959341543889062,-0.00389052075520551));
#1788=DIRECTION('center_axis',(0.,0.,1.));
#1789=DIRECTION('ref_axis',(1.,0.,0.));
#1790=DIRECTION('center_axis',(0.999846910161925,0.,0.0174973209278304));
#1791=DIRECTION('ref_axis',(0.,-1.,0.));
#1792=DIRECTION('',(0.,1.,0.));
#1793=DIRECTION('',(0.0174946430857104,-0.0174946430857104,-0.999693890611825));
#1794=DIRECTION('',(0.,1.,0.));
#1795=DIRECTION('',(0.0174946430857104,0.0174946430857104,-0.999693890611825));
#1796=DIRECTION('',(0.,1.,0.));
#1797=DIRECTION('',(0.0174946568168006,-0.0174497354648106,-0.999694675245932));
#1798=DIRECTION('',(0.,1.,0.));
#1799=DIRECTION('',(0.0174946568168006,0.0174497354648106,-0.999694675245932));
#1800=DIRECTION('center_axis',(0.,-1.,0.));
#1801=DIRECTION('ref_axis',(0.,0.,1.));
#1802=DIRECTION('',(0.,1.,0.));
#1803=DIRECTION('center_axis',(0.,1.,0.));
#1804=DIRECTION('ref_axis',(0.,0.,1.));
#1805=DIRECTION('center_axis',(7.96839305210601E-13,0.999847695156365,0.0174524064387924));
#1806=DIRECTION('ref_axis',(0.999848272024054,-0.000304009164160018,0.0174166733029695));
#1807=DIRECTION('center_axis',(0.,-1.,0.));
#1808=DIRECTION('ref_axis',(0.,0.,1.));
#1809=DIRECTION('',(0.,1.,0.));
#1810=DIRECTION('center_axis',(-7.94840895461186E-13,0.999847695156365,
-0.0174524064387876));
#1811=DIRECTION('ref_axis',(0.999848272024054,0.000304009164157936,0.0174166733029695));
#1812=DIRECTION('center_axis',(0.,-1.,0.));
#1813=DIRECTION('ref_axis',(0.999846910161925,0.,0.0174973209278404));
#1814=DIRECTION('center_axis',(0.,0.,1.));
#1815=DIRECTION('ref_axis',(1.,0.,0.));
#1816=DIRECTION('center_axis',(1.72475307776883E-11,-1.25044476655639E-11,
1.));
#1817=DIRECTION('ref_axis',(0.999999999911258,1.33222786586987E-5,-1.72473641884215E-11));
#1818=DIRECTION('',(6.45665366871E-12,-1.,8.913413175095E-14));
#1819=DIRECTION('',(-1.,0.,0.));
#1820=DIRECTION('',(0.,-1.,0.));
#1821=DIRECTION('',(1.,0.,0.));
#1822=DIRECTION('',(0.,-1.,0.));
#1823=DIRECTION('',(1.,0.,0.));
#1824=DIRECTION('',(0.,-1.,0.));
#1825=DIRECTION('',(1.,0.,0.));
#1826=DIRECTION('',(0.,1.,0.));
#1827=DIRECTION('',(1.,0.,0.));
#1828=DIRECTION('',(0.,1.,0.));
#1829=DIRECTION('',(1.,0.,0.));
#1830=DIRECTION('',(-1.,0.,0.));
#1831=DIRECTION('',(0.,1.,0.));
#1832=DIRECTION('',(-1.,0.,0.));
#1833=DIRECTION('',(-1.,0.,0.));
#1834=DIRECTION('',(-6.830465450458E-11,-1.,9.531174485644E-13));
#1835=DIRECTION('center_axis',(-2.25373442147703E-10,-1.68983562837552E-10,
1.));
#1836=DIRECTION('ref_axis',(-0.775083238986998,-0.631859139873298,-2.81456986188751E-10));
#1837=DIRECTION('center_axis',(0.,0.,-1.));
#1838=DIRECTION('ref_axis',(0.,-1.,0.));
#1839=DIRECTION('center_axis',(0.999390825978198,-2.34149236836198E-6,0.0348995264313648));
#1840=DIRECTION('ref_axis',(0.000435658432559015,0.99992291635419,-0.0124085273688051));
#1841=DIRECTION('center_axis',(-0.999390827019096,0.,-0.0348994967024999));
#1842=DIRECTION('ref_axis',(-0.0348994967024999,0.,0.999390827019096));
#1843=DIRECTION('',(2.297377089448E-13,1.,0.));
#1844=DIRECTION('center_axis',(-0.999390827019135,-3.74479258487521E-10,
-0.0348994967013873));
#1845=DIRECTION('ref_axis',(0.000129436649659149,0.999993122189469,-0.00370659141399548));
#1846=DIRECTION('',(0.,-1.,0.));
#1847=DIRECTION('',(0.0348941878126083,0.0174417781380991,-0.999238800303651));
#1848=DIRECTION('',(0.,1.,0.));
#1849=DIRECTION('',(0.0348941604500488,0.0174866652929894,-0.999238016742466));
#1850=DIRECTION('center_axis',(-0.999390827019096,0.,-0.0348994967024999));
#1851=DIRECTION('ref_axis',(-0.0348994967024999,0.,0.999390827019096));
#1852=DIRECTION('center_axis',(0.,0.,1.));
#1853=DIRECTION('ref_axis',(1.,0.,0.));
#1854=DIRECTION('',(-1.,0.,0.));
#1855=DIRECTION('',(0.,-1.,0.));
#1856=DIRECTION('',(1.,0.,0.));
#1857=DIRECTION('',(0.,-1.,0.));
#1858=DIRECTION('',(1.,0.,0.));
#1859=DIRECTION('',(0.,1.,0.));
#1860=DIRECTION('',(-1.,0.,0.));
#1861=DIRECTION('',(0.,-1.,0.));
#1862=DIRECTION('center_axis',(0.,0.,1.));
#1863=DIRECTION('ref_axis',(1.,0.,0.));
#1864=DIRECTION('',(0.,1.,0.));
#1865=DIRECTION('center_axis',(0.,0.,-1.));
#1866=DIRECTION('ref_axis',(0.268869156201492,0.963176711119771,0.));
#1867=DIRECTION('',(0.,-1.,0.));
#1868=DIRECTION('',(1.,0.,0.));
#1869=DIRECTION('',(0.,1.,0.));
#1870=DIRECTION('',(-1.,0.,0.));
#1871=DIRECTION('',(-1.,0.,0.));
#1872=DIRECTION('',(0.,1.,0.));
#1873=DIRECTION('center_axis',(0.,0.,-1.));
#1874=DIRECTION('ref_axis',(-0.40253356497048,0.915405226701353,0.));
#1875=DIRECTION('center_axis',(0.,-0.999846910161925,0.0174973209278304));
#1876=DIRECTION('ref_axis',(-1.,0.,0.));
#1877=DIRECTION('',(0.0348941604500488,-0.0174866652929894,-0.999238016742466));
#1878=DIRECTION('',(1.,0.,0.));
#1879=DIRECTION('',(-0.0174946430857104,-0.0174946430857104,-0.999693890611825));
#1880=DIRECTION('',(1.,0.,0.));
#1881=DIRECTION('',(0.0174946430857104,-0.0174946430857104,-0.999693890611825));
#1882=DIRECTION('',(1.,0.,0.));
#1883=DIRECTION('',(-0.0348941604500488,-0.0174866652929894,-0.999238016742466));
#1884=DIRECTION('center_axis',(0.999390827019096,0.,-0.0348994967024999));
#1885=DIRECTION('ref_axis',(0.,-1.,0.));
#1886=DIRECTION('',(-0.0348918519855209,-0.0209296679171705,-0.999171910967225));
#1887=DIRECTION('',(0.,1.,0.));
#1888=DIRECTION('',(-0.0348941878126083,-0.0174417781380991,-0.999238800303651));
#1889=DIRECTION('center_axis',(0.999390827019096,0.,-0.0348994967024999));
#1890=DIRECTION('ref_axis',(0.0348994967024999,0.,0.999390827019096));
#1891=DIRECTION('center_axis',(-1.,0.,0.));
#1892=DIRECTION('ref_axis',(0.,0.,1.));
#1893=DIRECTION('center_axis',(-1.,0.,0.));
#1894=DIRECTION('ref_axis',(0.,-0.999846910161925,0.0174973209278404));
#1895=DIRECTION('center_axis',(-1.,0.,0.));
#1896=DIRECTION('ref_axis',(0.,0.,1.));
#1897=DIRECTION('center_axis',(0.999390827019096,0.,0.0348994967024999));
#1898=DIRECTION('ref_axis',(-0.0348994967024999,0.,0.999390827019096));
#1899=DIRECTION('center_axis',(1.,0.,0.));
#1900=DIRECTION('ref_axis',(0.,0.,1.));
#1901=DIRECTION('center_axis',(-0.707106781186548,-0.707106781186548,0.));
#1902=DIRECTION('ref_axis',(0.706890329162384,-0.706890329162384,0.0247411615206916));
#1903=DIRECTION('center_axis',(0.0174946430857104,-0.0174946430857104,-0.999693890611825));
#1904=DIRECTION('ref_axis',(0.999846910161925,-5.75711353589803E-17,0.0174973209278371));
#1905=DIRECTION('center_axis',(-0.0174946430857104,0.0174946430857104,0.999693890611825));
#1906=DIRECTION('ref_axis',(0.999846910161925,1.17310675062932E-16,0.0174973209278371));
#1907=DIRECTION('center_axis',(-8.04145664043032E-14,8.04145664043031E-14,
-1.));
#1908=DIRECTION('ref_axis',(-6.33973241556764E-5,-0.99999999799039,-8.0409468174368E-14));
#1909=DIRECTION('center_axis',(0.,0.,1.));
#1910=DIRECTION('ref_axis',(1.,0.,0.));
#1911=DIRECTION('',(0.,-1.,0.));
#1912=DIRECTION('',(-1.,0.,0.));
#1913=DIRECTION('',(0.,-1.,0.));
#1914=DIRECTION('',(1.,0.,0.));
#1915=DIRECTION('center_axis',(0.,0.,-1.));
#1916=DIRECTION('ref_axis',(-0.974358763495256,0.22499999999999,0.));
#1917=DIRECTION('',(-1.,0.,0.));
#1918=DIRECTION('',(0.,-1.,0.));
#1919=DIRECTION('',(1.,0.,0.));
#1920=DIRECTION('',(0.,1.,0.));
#1921=DIRECTION('',(-1.,0.,0.));
#1922=DIRECTION('center_axis',(-8.04145664043031E-14,-8.04145664043032E-14,
-1.));
#1923=DIRECTION('ref_axis',(0.99999999799039,-6.33973241556764E-5,-8.0409468174368E-14));
#1924=DIRECTION('center_axis',(8.04145664043031E-14,8.04145664043032E-14,
-1.));
#1925=DIRECTION('ref_axis',(-0.99999999799039,6.33973241556764E-5,-8.0409468174368E-14));
#1926=DIRECTION('',(0.,-1.,0.));
#1927=DIRECTION('center_axis',(8.04145664043032E-14,-8.04145664043031E-14,
-1.));
#1928=DIRECTION('ref_axis',(6.33973241556764E-5,0.99999999799039,-8.0409468174368E-14));
#1929=DIRECTION('',(-1.,0.,0.));
#1930=DIRECTION('',(0.,1.,0.));
#1931=DIRECTION('',(-1.,0.,0.));
#1932=DIRECTION('center_axis',(0.,0.,-1.));
#1933=DIRECTION('ref_axis',(0.974358763495256,-0.22499999999999,0.));
#1934=DIRECTION('',(0.,-1.,0.));
#1935=DIRECTION('',(1.,0.,0.));
#1936=DIRECTION('',(-1.,0.,0.));
#1937=DIRECTION('',(0.,-1.,0.));
#1938=DIRECTION('',(1.,0.,0.));
#1939=DIRECTION('',(0.,1.,0.));
#1940=DIRECTION('center_axis',(0.,0.,-1.));
#1941=DIRECTION('ref_axis',(-0.22499999999999,-0.974358763495256,0.));
#1942=DIRECTION('center_axis',(0.,0.999847695156391,0.0174524064372798));
#1943=DIRECTION('ref_axis',(1.,0.,0.));
#1944=DIRECTION('',(-1.,0.,0.));
#1945=DIRECTION('',(0.0174497491606798,-0.0174497491606798,0.999695459881888));
#1946=DIRECTION('center_axis',(0.,0.,1.));
#1947=DIRECTION('ref_axis',(1.,0.,0.));
#1948=DIRECTION('',(0.,1.,0.));
#1949=DIRECTION('',(-1.,0.,0.));
#1950=DIRECTION('',(0.,-1.,0.));
#1951=DIRECTION('center_axis',(0.,0.,-1.));
#1952=DIRECTION('ref_axis',(-0.956318592860426,-0.292326442439708,0.));
#1953=DIRECTION('',(0.,1.,0.));
#1954=DIRECTION('center_axis',(0.,0.,-1.));
#1955=DIRECTION('ref_axis',(-0.961066489048992,0.276317215582098,0.));
#1956=DIRECTION('',(1.,0.,0.));
#1957=DIRECTION('',(0.,1.,0.));
#1958=DIRECTION('',(1.,0.,0.));
#1959=DIRECTION('center_axis',(0.,0.,1.));
#1960=DIRECTION('ref_axis',(1.,0.,0.));
#1961=DIRECTION('',(-1.,0.,0.));
#1962=DIRECTION('',(0.,1.,0.));
#1963=DIRECTION('',(1.,0.,0.));
#1964=DIRECTION('center_axis',(0.,0.,-1.));
#1965=DIRECTION('ref_axis',(0.956318592860426,0.292326442439708,0.));
#1966=DIRECTION('',(0.,1.,0.));
#1967=DIRECTION('center_axis',(0.,0.,-1.));
#1968=DIRECTION('ref_axis',(0.961066489048992,-0.276317215582098,0.));
#1969=DIRECTION('',(-1.,0.,0.));
#1970=DIRECTION('',(0.,-1.,0.));
#1971=DIRECTION('',(1.,0.,0.));
#1972=DIRECTION('center_axis',(-0.999846910161925,0.,0.0174973209278304));
#1973=DIRECTION('ref_axis',(0.,1.,0.));
#1974=DIRECTION('',(-0.0174946568168006,-0.0174497354648106,-0.999694675245932));
#1975=DIRECTION('',(0.,-1.,0.));
#1976=DIRECTION('',(-0.0174946430857104,0.0174946430857104,-0.999693890611825));
#1977=DIRECTION('',(-0.0174946430857104,-0.0174946430857104,-0.999693890611825));
#1978=DIRECTION('',(0.,-1.,0.));
#1979=DIRECTION('',(-0.0174946568168006,0.0174497354648106,-0.999694675245932));
#1980=DIRECTION('center_axis',(0.,-0.999847695156391,-0.0174524064372798));
#1981=DIRECTION('ref_axis',(0.,0.0174524064372798,-0.999847695156391));
#1982=DIRECTION('',(-0.0523280070513783,0.0174284957909194,-0.998477855143767));
#1983=DIRECTION('',(1.,0.,0.));
#1984=DIRECTION('',(-0.0174497491606798,0.0174497491606798,-0.999695459881888));
#1985=DIRECTION('center_axis',(7.90021515214313E-13,-0.999847695156365,
-0.0174524064387855));
#1986=DIRECTION('ref_axis',(-0.999848272024054,-0.00030400916415308,0.0174166733029695));
#1987=DIRECTION('center_axis',(0.,1.,0.));
#1988=DIRECTION('ref_axis',(0.,0.,1.));
#1989=DIRECTION('center_axis',(-7.93429563303064E-13,-0.999847695156365,
0.017452406438789));
#1990=DIRECTION('ref_axis',(-0.999848272024054,0.000304009164156549,0.0174166733029695));
#1991=DIRECTION('center_axis',(0.,-1.,0.));
#1992=DIRECTION('ref_axis',(0.,0.,1.));
#1993=DIRECTION('center_axis',(0.,1.,0.));
#1994=DIRECTION('ref_axis',(0.,0.,1.));
#1995=DIRECTION('center_axis',(0.,1.,0.));
#1996=DIRECTION('ref_axis',(-0.999846910161925,0.,0.0174973209278404));
#1997=DIRECTION('center_axis',(0.,0.999847695156391,-0.0174524064372798));
#1998=DIRECTION('ref_axis',(-1.,0.,0.));
#1999=DIRECTION('',(-0.0174497491606798,-0.0174497491606798,-0.999695459881888));
#2000=DIRECTION('',(1.,0.,0.));
#2001=DIRECTION('',(-0.0523280070513783,-0.0174284957909194,-0.998477855143767));
#2002=DIRECTION('center_axis',(0.998629534754574,0.,-0.0523359562429386));
#2003=DIRECTION('ref_axis',(0.,-1.,0.));
#2004=DIRECTION('',(-1.386841588884E-14,-1.,0.));
#2005=DIRECTION('center_axis',(0.998629534754574,2.11903352451416E-34,-0.0523359562429386));
#2006=DIRECTION('ref_axis',(-0.0523359562429386,-1.14329397806206E-17,-0.998629534754574));
#2007=DIRECTION('center_axis',(0.998629534754574,2.11903352451416E-34,-0.0523359562429386));
#2008=DIRECTION('ref_axis',(-0.0523359562429386,-1.14329397806206E-17,-0.998629534754574));
#2009=DIRECTION('',(-1.386841588885E-14,-1.,0.));
#2010=DIRECTION('center_axis',(0.,0.,-1.));
#2011=DIRECTION('ref_axis',(0.,-1.,0.));
#2012=DIRECTION('',(1.,0.,0.));
#2013=DIRECTION('center_axis',(0.,0.,1.));
#2014=DIRECTION('ref_axis',(0.373843076530983,-0.927491969846559,0.));
#2015=DIRECTION('',(0.,1.,0.));
#2016=DIRECTION('',(-1.,0.,0.));
#2017=DIRECTION('',(0.,1.,0.));
#2018=DIRECTION('',(-1.,0.,0.));
#2019=DIRECTION('center_axis',(0.,0.,-1.));
#2020=DIRECTION('ref_axis',(0.,-1.,0.));
#2021=DIRECTION('',(1.,0.,0.));
#2022=DIRECTION('',(0.,1.,0.));
#2023=DIRECTION('',(-1.,0.,0.));
#2024=DIRECTION('',(0.,1.,0.));
#2025=DIRECTION('center_axis',(0.,0.,-1.));
#2026=DIRECTION('ref_axis',(-0.373843076530983,-0.927491969846559,0.));
#2027=DIRECTION('center_axis',(0.,0.,-1.));
#2028=DIRECTION('ref_axis',(0.,-1.,0.));
#2029=DIRECTION('',(0.,-1.,0.));
#2030=DIRECTION('',(1.,0.,0.));
#2031=DIRECTION('',(0.,-1.,0.));
#2032=DIRECTION('',(-1.,0.,0.));
#2033=DIRECTION('',(1.386841588884E-14,1.,0.));
#2034=DIRECTION('center_axis',(0.,0.,1.));
#2035=DIRECTION('ref_axis',(0.91639724329869,0.400270024451696,0.));
#2036=DIRECTION('center_axis',(0.,0.,-1.));
#2037=DIRECTION('ref_axis',(0.,-1.,0.));
#2038=DIRECTION('center_axis',(0.,0.,-1.));
#2039=DIRECTION('ref_axis',(-0.91639724329869,0.400270024451696,0.));
#2040=DIRECTION('',(0.,1.,0.));
#2041=DIRECTION('',(1.,0.,0.));
#2042=DIRECTION('center_axis',(0.,-0.999847695156391,0.0174524064372798));
#2043=DIRECTION('ref_axis',(-1.,0.,0.));
#2044=DIRECTION('',(-0.0174497491606798,0.0174497491606798,0.999695459881888));
#2045=DIRECTION('',(0.0174497491606798,0.0174497491606798,0.999695459881888));
#2046=DIRECTION('center_axis',(-0.999847695156391,0.,0.0174524064372798));
#2047=DIRECTION('ref_axis',(0.,1.,0.));
#2048=DIRECTION('center_axis',(-0.999847695156415,-9.83113265436428E-11,
0.0174524064359437));
#2049=DIRECTION('ref_axis',(-0.000230290676218461,-0.999912937455822,-0.0131933496381101));
#2050=DIRECTION('',(-0.0174485800016003,-0.0209392316499804,-0.999628478802918));
#2051=DIRECTION('center_axis',(0.,0.999780683474845,-0.020942419883361));
#2052=DIRECTION('ref_axis',(-1.,0.,0.));
#2053=DIRECTION('',(0.0348918519855209,-0.0209296679171705,-0.999171910967225));
#2054=DIRECTION('center_axis',(-7.5954205429677E-34,0.999780683474845,-0.0209424198833609));
#2055=DIRECTION('ref_axis',(-7.81512254866568E-18,0.0209424198833609,0.999780683474845));
#2056=DIRECTION('',(0.0174485800016003,-0.0209392316499804,-0.999628478802918));
#2057=DIRECTION('center_axis',(-7.5954205429677E-34,0.999780683474845,-0.0209424198833609));
#2058=DIRECTION('ref_axis',(-7.81512254866568E-18,0.0209424198833609,0.999780683474845));
#2059=DIRECTION('center_axis',(0.,0.,1.));
#2060=DIRECTION('ref_axis',(1.,0.,0.));
#2061=DIRECTION('center_axis',(-0.998629534754574,-3.39045363922265E-33,
-0.0523359562429386));
#2062=DIRECTION('ref_axis',(0.0523359562429386,2.14367620886636E-16,-0.998629534754574));
#2063=DIRECTION('center_axis',(-0.998629534754574,0.,-0.0523359562429386));
#2064=DIRECTION('ref_axis',(-0.0523359562429386,0.,0.998629534754574));
#2065=DIRECTION('',(0.0523280070513783,0.0174284957909194,-0.998477855143767));
#2066=DIRECTION('center_axis',(-0.998629534754574,-3.39045363922265E-33,
-0.0523359562429386));
#2067=DIRECTION('ref_axis',(0.0523359562429386,2.14367620886636E-16,-0.998629534754574));
#2068=DIRECTION('',(0.0523280070513783,-0.0174284957909194,-0.998477855143767));
#2069=DIRECTION('center_axis',(0.,0.999847695156391,-0.0174524064372798));
#2070=DIRECTION('ref_axis',(-1.,0.,0.));
#2071=DIRECTION('',(0.0174497491606798,-0.0174497491606798,-0.999695459881888));
#2072=DIRECTION('center_axis',(0.999847695156391,0.,0.0174524064372798));
#2073=DIRECTION('ref_axis',(0.,-1.,0.));
#2074=DIRECTION('',(-0.0174497491606798,-0.0174497491606798,0.999695459881888));
#2075=DIRECTION('',(-0.0174497491606798,0.0174497491606798,0.999695459881888));
#2076=DIRECTION('center_axis',(0.,-0.999847695156391,0.0174524064372798));
#2077=DIRECTION('ref_axis',(-1.,0.,0.));
#2078=DIRECTION('center_axis',(0.,0.,1.));
#2079=DIRECTION('ref_axis',(1.,0.,0.));
#2080=DIRECTION('center_axis',(0.,0.,-1.));
#2081=DIRECTION('ref_axis',(-0.233358515668007,0.972390766700931,0.));
#2082=DIRECTION('center_axis',(0.999847695156433,-1.78687995423412E-10,
-0.0174524064348904));
#2083=DIRECTION('ref_axis',(-0.000231102536993217,0.999912322430034,-0.0132398657166187));
#2084=DIRECTION('center_axis',(0.999390827019135,-3.74484215050106E-10,
-0.0348994967013874));
#2085=DIRECTION('ref_axis',(-8.79819503916295E-5,0.999996822224358,-0.00251948414614749));
#2086=DIRECTION('center_axis',(0.999847695156449,2.44671222633239E-10,0.0174524064340004));
#2087=DIRECTION('ref_axis',(0.000231102476892765,0.999912322425573,-0.0132398660545624));
#2088=DIRECTION('center_axis',(0.,0.,1.));
#2089=DIRECTION('ref_axis',(1.,0.,0.));
#2090=DIRECTION('',(0.,-1.,0.));
#2091=DIRECTION('',(1.,0.,0.));
#2092=DIRECTION('',(0.,-1.,0.));
#2093=DIRECTION('',(0.,1.,0.));
#2094=DIRECTION('',(-1.,0.,0.));
#2095=DIRECTION('',(0.,-1.,0.));
#2096=DIRECTION('',(1.,0.,0.));
#2097=DIRECTION('center_axis',(0.,1.,0.));
#2098=DIRECTION('ref_axis',(0.999390827019096,0.,0.0348994967024998));
#2099=DIRECTION('',(0.,-1.,0.));
#2100=DIRECTION('center_axis',(4.29903875641017E-12,0.999847695156265,0.0174524064445269));
#2101=DIRECTION('ref_axis',(0.999393608696779,-0.000607688410026727,0.0348144454332548));
#2102=DIRECTION('center_axis',(3.41641626695038E-12,-0.999846910162126,
-0.0174973209163197));
#2103=DIRECTION('ref_axis',(7.28008782782858E-5,-0.0174973208699518,0.999846907512548));
#2104=DIRECTION('center_axis',(0.999390827019096,0.,0.0348994967024999));
#2105=DIRECTION('ref_axis',(0.,-1.,0.));
#2106=DIRECTION('',(0.,1.,0.));
#2107=DIRECTION('',(0.0348941878126083,0.0174417781380991,-0.999238800303651));
#2108=DIRECTION('',(0.0348941604500488,0.0174866652929994,-0.999238016742466));
#2109=DIRECTION('center_axis',(0.,-1.,0.));
#2110=DIRECTION('ref_axis',(0.,0.,-1.));
#2111=DIRECTION('center_axis',(3.81172364292044E-12,0.999846910161814,0.0174973209341602));
#2112=DIRECTION('ref_axis',(-0.999393623017028,0.000609245129012452,-0.0348140071418345));
#2113=DIRECTION('center_axis',(-4.31512218453213E-12,-0.999847695156264,
-0.0174524064445464));
#2114=DIRECTION('ref_axis',(-7.24275079252176E-5,0.0174524063987713,-0.999847692533792));
#2115=DIRECTION('center_axis',(0.,0.999846910161925,0.0174973209278304));
#2116=DIRECTION('ref_axis',(1.,0.,0.));
#2117=DIRECTION('center_axis',(-3.80859068912678E-12,0.999846910161814,
0.017497320934151));
#2118=DIRECTION('ref_axis',(7.28008782741235E-5,0.0174973208877837,-0.999846907512236));
#2119=DIRECTION('',(-0.0174946430857104,0.0174946430857104,-0.999693890611825));
#2120=DIRECTION('',(-1.,0.,0.));
#2121=DIRECTION('',(-0.0348941604500488,0.0174866652929894,-0.999238016742466));
#2122=DIRECTION('',(-1.,0.,0.));
#2123=DIRECTION('',(0.0174946430857104,0.0174946430857104,-0.999693890611825));
#2124=DIRECTION('center_axis',(-3.41725764618861E-12,-0.999846910162126,
-0.0174973209163205));
#2125=DIRECTION('ref_axis',(-0.999393623017003,-0.000609245121180371,0.0348140071426905));
#2126=DIRECTION('',(0.0348941604500488,-0.0174866652929894,0.999238016742466));
#2127=DIRECTION('center_axis',(0.,1.,0.));
#2128=DIRECTION('ref_axis',(0.,0.,-1.));
#2129=DIRECTION('',(0.,-1.,0.));
#2130=DIRECTION('center_axis',(4.34337610621811E-12,-0.999847695156264,
-0.0174524064445585));
#2131=DIRECTION('ref_axis',(0.999393608696798,0.000607688410062806,-0.0348144454327198));
#2132=DIRECTION('center_axis',(-0.999390827019096,0.,0.0348994967024999));
#2133=DIRECTION('ref_axis',(0.,1.,0.));
#2134=DIRECTION('',(0.,-1.,0.));
#2135=DIRECTION('',(0.0348941878126083,-0.0174417781380891,0.999238800303651));
#2136=DIRECTION('center_axis',(0.,0.999847695156391,0.0174524064372798));
#2137=DIRECTION('ref_axis',(1.,0.,0.));
#2138=DIRECTION('center_axis',(-4.29886499726315E-12,0.999847695156265,
0.017452406444527));
#2139=DIRECTION('ref_axis',(-7.24275079252177E-5,-0.0174524063987519,0.999847692533792));
#2140=DIRECTION('',(-0.0174497491606798,-0.0174497491606798,0.999695459881888));
#2141=DIRECTION('',(0.0174497491606798,-0.0174497491606798,0.999695459881888));
#2142=DIRECTION('center_axis',(-0.999847695156391,0.,0.0174524064372798));
#2143=DIRECTION('ref_axis',(0.,1.,0.));
#2144=DIRECTION('',(0.0174497491606798,0.0174497491606798,0.999695459881888));
#2145=DIRECTION('center_axis',(0.,-0.999847695156391,0.0174524064372798));
#2146=DIRECTION('ref_axis',(-1.,0.,0.));
#2147=DIRECTION('center_axis',(0.999847695156391,0.,0.0174524064372798));
#2148=DIRECTION('ref_axis',(0.,-1.,0.));
#2149=DIRECTION('center_axis',(0.,1.,0.));
#2150=DIRECTION('ref_axis',(0.,0.,1.));
#2151=DIRECTION('center_axis',(-0.0174946430857104,-0.0174946430857104,
0.999693890611825));
#2152=DIRECTION('ref_axis',(-1.17310675062932E-16,0.999846910161925,0.0174973209278371));
#2153=DIRECTION('center_axis',(0.0174946430857104,0.0174946430857104,-0.999693890611825));
#2154=DIRECTION('ref_axis',(5.75711353589803E-17,0.999846910161925,0.0174973209278371));
#2155=DIRECTION('center_axis',(0.,0.71326619186939,-0.700893244036593));
#2156=DIRECTION('ref_axis',(0.,0.700893244036592,0.713266191869391));
#2157=DIRECTION('center_axis',(-1.,0.,0.));
#2158=DIRECTION('ref_axis',(0.,0.,1.));
#2159=DIRECTION('center_axis',(1.,0.,0.));
#2160=DIRECTION('ref_axis',(0.,0.,1.));
#2161=DIRECTION('center_axis',(-0.999390827019096,0.,0.0348994967024999));
#2162=DIRECTION('ref_axis',(0.0348994967024999,0.,0.999390827019096));
#2163=DIRECTION('center_axis',(1.,0.,0.));
#2164=DIRECTION('ref_axis',(0.,0.,1.));
#2165=DIRECTION('center_axis',(1.,0.,0.));
#2166=DIRECTION('ref_axis',(0.,0.999846910161925,0.0174973209278404));
#2167=DIRECTION('center_axis',(0.999390827019096,0.,-0.0348994967024999));
#2168=DIRECTION('ref_axis',(0.,-1.,0.));
#2169=DIRECTION('center_axis',(-0.999390828487016,3.35117579130154E-6,0.0348994545058579));
#2170=DIRECTION('ref_axis',(-0.000448499531767484,0.999916182167388,-0.0129393774179581));
#2171=DIRECTION('',(-0.0348941878126083,0.0174417781380891,-0.999238800303651));
#2172=DIRECTION('center_axis',(0.,0.999847695156391,0.0174524064372798));
#2173=DIRECTION('ref_axis',(1.,0.,0.));
#2174=DIRECTION('',(0.0174497491606798,-0.0174497491606798,0.999695459881888));
#2175=DIRECTION('center_axis',(-0.999847695156391,0.,0.0174524064372798));
#2176=DIRECTION('ref_axis',(0.,1.,0.));
#2177=DIRECTION('center_axis',(-0.71326619186939,0.,-0.700893244036593));
#2178=DIRECTION('ref_axis',(-0.700893244036592,0.,0.713266191869391));
#2179=DIRECTION('center_axis',(-0.0174946430857104,0.0174946430857104,-0.999693890611825));
#2180=DIRECTION('ref_axis',(-0.999846910161925,5.75711353589803E-17,0.0174973209278371));
#2181=DIRECTION('center_axis',(0.0174946430857104,-0.0174946430857104,0.999693890611825));
#2182=DIRECTION('ref_axis',(-0.999846910161925,-1.17310675062932E-16,0.0174973209278371));
#2183=DIRECTION('center_axis',(0.,-0.999847695156391,-0.0174524064372798));
#2184=DIRECTION('ref_axis',(0.,0.0174524064372798,-0.999847695156391));
#2185=DIRECTION('',(0.0174497491606798,0.0174497491606798,-0.999695459881888));
#2186=DIRECTION('center_axis',(0.999847695156391,0.,0.0174524064372798));
#2187=DIRECTION('ref_axis',(0.,-1.,0.));
#2188=DIRECTION('',(-0.0174497491606798,-0.0174497491606798,0.999695459881888));
#2189=DIRECTION('center_axis',(0.,0.999847695156391,0.0174524064372798));
#2190=DIRECTION('ref_axis',(1.,0.,0.));
#2191=DIRECTION('center_axis',(0.999847695156391,0.,0.0174524064372798));
#2192=DIRECTION('ref_axis',(0.,-1.,0.));
#2193=DIRECTION('center_axis',(-0.999847695156404,5.31849957418769E-11,
-0.0174524064365545));
#2194=DIRECTION('ref_axis',(0.000230290721263966,-0.999912937455881,-0.013193349632849));
#2195=DIRECTION('',(-0.0174497491606798,0.0174497491606798,0.999695459881888));
#2196=DIRECTION('center_axis',(0.,-0.999847695156391,0.0174524064372798));
#2197=DIRECTION('ref_axis',(-1.,0.,0.));
#2198=DIRECTION('',(0.0174497491606798,0.0174497491606798,0.999695459881888));
#2199=DIRECTION('',(0.0348941878126083,-0.0174417781380891,-0.999238800303651));
#2200=DIRECTION('center_axis',(-0.999390827019096,0.,-0.0348994967024999));
#2201=DIRECTION('ref_axis',(-0.0348994967024999,0.,0.999390827019096));
#2202=DIRECTION('center_axis',(-0.999847695156391,0.,0.0174524064372798));
#2203=DIRECTION('ref_axis',(0.,1.,0.));
#2204=DIRECTION('center_axis',(0.,0.,1.));
#2205=DIRECTION('ref_axis',(1.,0.,0.));
#2206=DIRECTION('center_axis',(-0.707106781186548,0.707106781186548,0.));
#2207=DIRECTION('ref_axis',(-0.706890329162384,-0.706890329162384,0.0247411615206916));
#2208=DIRECTION('center_axis',(-0.0174946430857104,-0.0174946430857104,
-0.999693890611825));
#2209=DIRECTION('ref_axis',(-5.75711353589803E-17,-0.999846910161925,0.0174973209278371));
#2210=DIRECTION('center_axis',(0.0174946430857104,0.0174946430857104,0.999693890611825));
#2211=DIRECTION('ref_axis',(1.17310675062932E-16,-0.999846910161925,0.0174973209278371));
#2212=CARTESIAN_POINT('',(0.,0.,0.));
#2213=CARTESIAN_POINT('Origin',(0.,0.,2.65));
#2214=CARTESIAN_POINT('',(0.3622825153912,0.3128880705679,2.653489949669));
#2215=CARTESIAN_POINT('',(-0.3622825153784,0.3128880705569,2.65348994967));
#2216=CARTESIAN_POINT('Origin',(0.,0.,2.65348994967));
#2217=CARTESIAN_POINT('',(0.3403797229016,0.3791033716783,2.722242450942));
#2218=CARTESIAN_POINT('Ctrl Pts',(0.340379722699148,0.379103371743671,2.72224245085933));
#2219=CARTESIAN_POINT('Ctrl Pts',(0.340220732726617,0.372853281379064,2.71768957324425));
#2220=CARTESIAN_POINT('Ctrl Pts',(0.34061948186469,0.366516938378343,2.71257505988449));
#2221=CARTESIAN_POINT('Ctrl Pts',(0.341610924771247,0.360203832519496,2.70694789604748));
#2222=CARTESIAN_POINT('Ctrl Pts',(0.341806885160323,0.35895603633053,2.70583567747433));
#2223=CARTESIAN_POINT('Ctrl Pts',(0.342026080991929,0.357709072723149,2.70470355087839));
#2224=CARTESIAN_POINT('Ctrl Pts',(0.342268901021002,0.356463666419199,2.7035520757123));
#2225=CARTESIAN_POINT('Ctrl Pts',(0.343425652589962,0.350530771585173,2.69806665216595));
#2226=CARTESIAN_POINT('Ctrl Pts',(0.345109958808063,0.344635685645634,2.69213946446983));
#2227=CARTESIAN_POINT('Ctrl Pts',(0.347374640883874,0.338827293023658,2.68578735693459));
#2228=CARTESIAN_POINT('Ctrl Pts',(0.347990549873059,0.337247627044579,2.68405982079475));
#2229=CARTESIAN_POINT('Ctrl Pts',(0.348649466775247,0.335674568271889,2.68230089735305));
#2230=CARTESIAN_POINT('Ctrl Pts',(0.34935257693349,0.334109662819283,2.68051096086377));
#2231=CARTESIAN_POINT('Ctrl Pts',(0.351528404019067,0.329266945600325,2.67497186823485));
#2232=CARTESIAN_POINT('Ctrl Pts',(0.354124914996654,0.324503559737469,2.66913562037883));
#2233=CARTESIAN_POINT('Ctrl Pts',(0.35719528605167,0.319873155658109,2.66303973753856));
#2234=CARTESIAN_POINT('Ctrl Pts',(0.35876530971269,0.317505414484675,2.65992262884956));
#2235=CARTESIAN_POINT('Ctrl Pts',(0.360459032417553,0.315172934347016,2.65673770640046));
#2236=CARTESIAN_POINT('Ctrl Pts',(0.36228251536909,0.312888070548804,2.65348994967002));
#2237=CARTESIAN_POINT('',(0.3413490381353,0.4672222375105,2.75));
#2238=CARTESIAN_POINT('Ctrl Pts',(0.341349038135317,0.467222237510546,2.75));
#2239=CARTESIAN_POINT('Ctrl Pts',(0.341349038135317,0.450508812003251,2.75));
#2240=CARTESIAN_POINT('Ctrl Pts',(0.341230038225565,0.430744680003056,2.7465922884437));
#2241=CARTESIAN_POINT('Ctrl Pts',(0.340886018410116,0.403059395210114,2.73674084987416));
#2242=CARTESIAN_POINT('Ctrl Pts',(0.340654303962083,0.389897477515232,2.73010541625099));
#2243=CARTESIAN_POINT('Ctrl Pts',(0.3403797231668,0.379103371592414,2.72224245105064));
#2244=CARTESIAN_POINT('',(-0.3413490381354,0.4672222375069,2.75));
#2245=CARTESIAN_POINT('Origin',(0.,0.,2.75));
#2246=CARTESIAN_POINT('',(-0.3403797231066,0.379103370844,2.722242450479));
#2247=CARTESIAN_POINT('Ctrl Pts',(-0.340379723147425,0.379103370830729,
2.72224245049579));
#2248=CARTESIAN_POINT('Ctrl Pts',(-0.340654303950791,0.389897476903115,
2.73010541592763));
#2249=CARTESIAN_POINT('Ctrl Pts',(-0.340886018406627,0.403059394929368,
2.73674084977426));
#2250=CARTESIAN_POINT('Ctrl Pts',(-0.341230038225565,0.430744680003056,
2.7465922884437));
#2251=CARTESIAN_POINT('Ctrl Pts',(-0.341349038135317,0.450508812003251,
2.75));
#2252=CARTESIAN_POINT('Ctrl Pts',(-0.341349038135317,0.467222237510546,
2.75));
#2253=CARTESIAN_POINT('Ctrl Pts',(-0.340379723075439,0.379103370854011,
2.72224245046634));
#2254=CARTESIAN_POINT('Ctrl Pts',(-0.340220733071738,0.372853280300137,
2.7176895726514));
#2255=CARTESIAN_POINT('Ctrl Pts',(-0.340619482265405,0.366516937083734,
2.71257505906481));
#2256=CARTESIAN_POINT('Ctrl Pts',(-0.341610925264426,0.360203831015676,
2.70694789496234));
#2257=CARTESIAN_POINT('Ctrl Pts',(-0.341806885618216,0.358956035126417,
2.70583567664072));
#2258=CARTESIAN_POINT('Ctrl Pts',(-0.342026081403342,0.357709071818569,
2.70470355030567));
#2259=CARTESIAN_POINT('Ctrl Pts',(-0.342268901374138,0.35646366581369,2.70355207540922));
#2260=CARTESIAN_POINT('Ctrl Pts',(-0.343425652804501,0.350530771691321,
2.69806665248813));
#2261=CARTESIAN_POINT('Ctrl Pts',(-0.345109958726828,0.344635686475027,
2.69213946550068));
#2262=CARTESIAN_POINT('Ctrl Pts',(-0.347374640374798,0.338827294551818,
2.68578735876784));
#2263=CARTESIAN_POINT('Ctrl Pts',(-0.347990549558824,0.337247627964626,
2.68405982197335));
#2264=CARTESIAN_POINT('Ctrl Pts',(-0.348649466689645,0.335674568588453,
2.68230089785256));
#2265=CARTESIAN_POINT('Ctrl Pts',(-0.349352577112659,0.33410966253806,2.68051096066125));
#2266=CARTESIAN_POINT('Ctrl Pts',(-0.351528404254258,0.329266945168145,
2.67497186780306));
#2267=CARTESIAN_POINT('Ctrl Pts',(-0.35412491534112,0.324503559148548,2.66913561970749));
#2268=CARTESIAN_POINT('Ctrl Pts',(-0.357195286544672,0.319873154924744,
2.66303973661113));
#2269=CARTESIAN_POINT('Ctrl Pts',(-0.358765310066289,0.317505414002227,
2.65992262821875));
#2270=CARTESIAN_POINT('Ctrl Pts',(-0.36045903260802,0.315172934109389,2.6567377060802));
#2271=CARTESIAN_POINT('Ctrl Pts',(-0.362282515369073,0.312888070548845,
2.65348994967043));
#2272=CARTESIAN_POINT('Origin',(0.,0.,0.5));
#2273=CARTESIAN_POINT('',(0.4033702052212,0.,0.4965100503297));
#2274=CARTESIAN_POINT('',(-0.403290692173695,-0.00800874935647939,0.4965100503297));
#2275=CARTESIAN_POINT('Origin',(0.,0.,0.4965100503297));
#2276=CARTESIAN_POINT('Origin',(0.,0.,0.4965100503297));
#2277=CARTESIAN_POINT('',(-0.303371309640344,-0.00602450001452053,0.4));
#2278=CARTESIAN_POINT('Origin',(-0.303371309640344,-0.00602450001452052,
0.5));
#2279=CARTESIAN_POINT('Origin',(0.,0.,0.4));
#2280=CARTESIAN_POINT('Origin',(0.,0.,2.248255025165));
#2281=CARTESIAN_POINT('',(0.525714770170393,6.43814910553658E-17,4.00000000000154));
#2282=CARTESIAN_POINT('',(0.4645424876958,5.6890047062461E-17,2.248255025165));
#2283=CARTESIAN_POINT('',(0.4074771334405,0.3321722524509,4.));
#2284=CARTESIAN_POINT('Origin',(0.,0.,4.));
#2285=CARTESIAN_POINT('Origin',(506.603876514095,-1723.34598732148,11.0215729591383));
#2286=CARTESIAN_POINT('',(-0.4074771333352,0.3321722525801,4.));
#2287=CARTESIAN_POINT('Origin',(-506.081949164044,-1718.58530870037,10.9709105987662));
#2288=CARTESIAN_POINT('Origin',(0.,0.,4.));
#2289=CARTESIAN_POINT('Origin',(1.535,0.,2.));
#2290=CARTESIAN_POINT('',(1.501719379688,-1.401734688672,3.901749732093));
#2291=CARTESIAN_POINT('',(1.501719379688,-0.3570704994283,3.901749732093));
#2292=CARTESIAN_POINT('',(1.501719379688,-1.401734688672,3.901749732093));
#2293=CARTESIAN_POINT('',(1.57,-1.470015308984,0.));
#2294=CARTESIAN_POINT('',(1.501719379688,-1.401734688672,3.901749732093));
#2295=CARTESIAN_POINT('',(1.57,1.470015308984,0.));
#2296=CARTESIAN_POINT('',(1.57,-1.470015308984,0.));
#2297=CARTESIAN_POINT('',(1.501719379688,1.401734688672,3.901749732093));
#2298=CARTESIAN_POINT('',(1.501719379688,1.401734688672,3.901749732093));
#2299=CARTESIAN_POINT('',(1.501719379688,0.3570704994283,3.901749732093));
#2300=CARTESIAN_POINT('',(1.501719379688,0.3570704994283,3.901749732093));
#2301=CARTESIAN_POINT('',(1.513125,0.3456941655377,3.25));
#2302=CARTESIAN_POINT('',(1.501719379688,0.3570704994283,3.901749732093));
#2303=CARTESIAN_POINT('',(1.513125,-0.3456941655377,3.25));
#2304=CARTESIAN_POINT('',(1.513125,-0.3456941655377,3.25));
#2305=CARTESIAN_POINT('',(1.501719379688,-0.3570704994283,3.901749732093));
#2306=CARTESIAN_POINT('Origin',(1.401734688672,-1.509012522267,3.9));
#2307=CARTESIAN_POINT('',(1.401734688672,-1.401734688672,4.));
#2308=CARTESIAN_POINT('',(1.401734688672,-0.3587854642339,4.));
#2309=CARTESIAN_POINT('',(1.401734688672,-1.401734688672,4.));
#2310=CARTESIAN_POINT('Origin',(1.401734688672,-1.401734688672,3.9));
#2311=CARTESIAN_POINT('Origin',(1.40172725944422,-0.357040096294396,3.90000793772291));
#2312=CARTESIAN_POINT('Origin',(1.401734688672,-1.509012522267,3.9));
#2313=CARTESIAN_POINT('',(1.401734688672,0.3587854642339,4.));
#2314=CARTESIAN_POINT('',(1.401734688672,1.401734688672,4.));
#2315=CARTESIAN_POINT('',(1.401734688672,0.3587854642339,4.));
#2316=CARTESIAN_POINT('Origin',(1.40172725944422,0.357040096294397,3.90000793772291));
#2317=CARTESIAN_POINT('Origin',(1.401734688672,1.401734688672,3.9));
#2318=CARTESIAN_POINT('Origin',(0.,0.,4.));
#2319=CARTESIAN_POINT('',(-0.3849999999935,0.3953186432413,4.));
#2320=CARTESIAN_POINT('Origin',(-0.484935342379199,0.395317311874821,4.00000000000204));
#2321=CARTESIAN_POINT('',(-0.385,1.401734688672,4.));
#2322=CARTESIAN_POINT('',(-0.385,1.401734688672,4.));
#2323=CARTESIAN_POINT('',(-1.401734688672,1.401734688672,4.));
#2324=CARTESIAN_POINT('',(-0.385,1.401734688672,4.));
#2325=CARTESIAN_POINT('',(-1.401734688672,0.3587854642339,4.));
#2326=CARTESIAN_POINT('',(-1.401734688672,1.401734688672,4.));
#2327=CARTESIAN_POINT('',(-0.78,0.3587854642339,4.));
#2328=CARTESIAN_POINT('',(-1.401734688672,0.3587854642339,4.));
#2329=CARTESIAN_POINT('',(-0.78,-0.3587854642339,4.));
#2330=CARTESIAN_POINT('',(-0.78,0.3587854642339,4.));
#2331=CARTESIAN_POINT('',(-1.401734688672,-0.3587854642339,4.));
#2332=CARTESIAN_POINT('',(-1.401734688672,-0.3587854642339,4.));
#2333=CARTESIAN_POINT('',(-1.401734688672,-1.401734688672,4.));
#2334=CARTESIAN_POINT('',(-1.401734688672,-0.3587854642339,4.));
#2335=CARTESIAN_POINT('',(-0.385,-1.401734688672,4.));
#2336=CARTESIAN_POINT('',(-1.401734688672,-1.401734688672,4.));
#2337=CARTESIAN_POINT('',(-0.385,-0.7974671944776,4.));
#2338=CARTESIAN_POINT('',(-0.385,-1.401734688672,4.));
#2339=CARTESIAN_POINT('',(0.385,-0.7974671944776,4.));
#2340=CARTESIAN_POINT('',(-0.385,-0.7974671944776,4.));
#2341=CARTESIAN_POINT('',(0.385,-1.401734688672,4.));
#2342=CARTESIAN_POINT('',(0.385,-1.401734688672,4.));
#2343=CARTESIAN_POINT('',(0.385,-1.401734688672,4.));
#2344=CARTESIAN_POINT('',(0.78,-0.3587854642339,4.));
#2345=CARTESIAN_POINT('',(1.401734688672,-0.3587854642339,4.));
#2346=CARTESIAN_POINT('',(0.78,0.3587854642339,4.));
#2347=CARTESIAN_POINT('',(0.78,-0.3587854642339,4.));
#2348=CARTESIAN_POINT('',(1.401734688672,0.3587854642339,4.));
#2349=CARTESIAN_POINT('',(0.385,1.401734688672,4.));
#2350=CARTESIAN_POINT('',(1.401734688672,1.401734688672,4.));
#2351=CARTESIAN_POINT('',(0.3849999999313,0.3953186433874,4.000000000001));
#2352=CARTESIAN_POINT('',(0.385,1.401734688672,4.));
#2353=CARTESIAN_POINT('Origin',(0.484935342379888,0.395317312179124,4.00000000002688));
#2354=CARTESIAN_POINT('Origin',(0.,0.,0.4));
#2355=CARTESIAN_POINT('Ctrl Pts',(-0.3670197357933,0.3071244952531,2.639916373799));
#2356=CARTESIAN_POINT('Ctrl Pts',(-0.3686254304171,0.3078270553928,2.688097059057));
#2357=CARTESIAN_POINT('Ctrl Pts',(-0.3745492798107,0.3104107371395,2.865776911415));
#2358=CARTESIAN_POINT('Ctrl Pts',(-0.3850445277192,0.3149352846942,3.180114164275));
#2359=CARTESIAN_POINT('Ctrl Pts',(-0.3987493879962,0.3207446853705,3.589748145562));
#2360=CARTESIAN_POINT('Ctrl Pts',(-0.4081403396378,0.3246575571145,3.869883074268));
#2361=CARTESIAN_POINT('Ctrl Pts',(-0.4129546830055,0.3266465381678,4.013360473213));
#2362=CARTESIAN_POINT('Ctrl Pts',(-0.3459730688754,0.3280496718048,2.64037934565));
#2363=CARTESIAN_POINT('Ctrl Pts',(-0.3476014075804,0.3287750215524,2.688559394527));
#2364=CARTESIAN_POINT('Ctrl Pts',(-0.3536083279495,0.3314420349539,2.866236917542));
#2365=CARTESIAN_POINT('Ctrl Pts',(-0.3642477436846,0.3361094854431,3.180570160803));
#2366=CARTESIAN_POINT('Ctrl Pts',(-0.3781352527907,0.3420968654458,3.59019912041));
#2367=CARTESIAN_POINT('Ctrl Pts',(-0.3876475157059,0.3461259158858,3.87033075193));
#2368=CARTESIAN_POINT('Ctrl Pts',(-0.3925230910136,0.3481730486542,4.013806495696));
#2369=CARTESIAN_POINT('Ctrl Pts',(-0.3355930356892,0.355857844255,2.640380362465));
#2370=CARTESIAN_POINT('Ctrl Pts',(-0.3372514755034,0.356594429931,2.688559812951));
#2371=CARTESIAN_POINT('Ctrl Pts',(-0.3433687090702,0.3593024147426,2.866235145679));
#2372=CARTESIAN_POINT('Ctrl Pts',(-0.3541988526046,0.364039410199,3.180564618702));
#2373=CARTESIAN_POINT('Ctrl Pts',(-0.3683267153831,0.3701121119077,3.590188856408));
#2374=CARTESIAN_POINT('Ctrl Pts',(-0.3779977662557,0.3741959859658,3.870317387575));
#2375=CARTESIAN_POINT('Ctrl Pts',(-0.3829532851194,0.3762703462755,4.013791574973));
#2376=CARTESIAN_POINT('Ctrl Pts',(-0.3377807831104,0.3854558284847,2.63991923801));
#2377=CARTESIAN_POINT('Ctrl Pts',(-0.339471267917,0.3861900385017,2.688098237692));
#2378=CARTESIAN_POINT('Ctrl Pts',(-0.345705852576,0.3888891303922,2.865771920348));
#2379=CARTESIAN_POINT('Ctrl Pts',(-0.3567383512813,0.3936095753944,3.18009855303));
#2380=CARTESIAN_POINT('Ctrl Pts',(-0.3711202507863,0.3996593141582,3.589719233453));
#2381=CARTESIAN_POINT('Ctrl Pts',(-0.3809584836156,0.4037266155793,3.869845428941));
#2382=CARTESIAN_POINT('Ctrl Pts',(-0.3859980156515,0.4057922924175,4.013318443836));
#2383=CARTESIAN_POINT('Origin',(-1.43401186125923,-2407.29593951684,33.8782059935606));
#2384=CARTESIAN_POINT('Origin',(-0.385,1.68,4.));
#2385=CARTESIAN_POINT('',(-0.3413490381353,0.7762649399473,2.75));
#2386=CARTESIAN_POINT('',(-0.3413490381354,0.4672222375069,2.75));
#2387=CARTESIAN_POINT('',(-0.3762698076271,0.7793817896105,3.75));
#2388=CARTESIAN_POINT('Origin',(-0.45038438247665,-841.601799572968,5.87237277635107));
#2389=CARTESIAN_POINT('',(-0.3762698076271,1.254543506519,3.75));
#2390=CARTESIAN_POINT('',(-0.3762698076271,1.254543506519,3.75));
#2391=CARTESIAN_POINT('',(-0.3413490381353,1.271998571447,2.75));
#2392=CARTESIAN_POINT('',(-0.3762698076271,1.254543506519,3.75));
#2393=CARTESIAN_POINT('',(-0.3413490381353,1.521875,2.75));
#2394=CARTESIAN_POINT('',(-0.3413490381353,1.271998571447,2.75));
#2395=CARTESIAN_POINT('',(-0.3815690250419,1.501719379688,3.901749732093));
#2396=CARTESIAN_POINT('',(-0.3815690250419,1.501719379688,3.901749732093));
#2397=CARTESIAN_POINT('Origin',(-0.381507923050825,1.401734688672,3.9));
#2398=CARTESIAN_POINT('Origin',(0.,0.,2.75));
#2399=CARTESIAN_POINT('',(0.3413490381353,-1.521875,2.75));
#2400=CARTESIAN_POINT('',(-0.3413490381353,-1.521875,2.75));
#2401=CARTESIAN_POINT('',(0.3413490381353,-1.521875,2.75));
#2402=CARTESIAN_POINT('',(0.3413490381353,-1.271998571447,2.75));
#2403=CARTESIAN_POINT('',(0.3413490381353,-1.271998571447,2.75));
#2404=CARTESIAN_POINT('',(0.2280014285526,-1.271998571447,2.75));
#2405=CARTESIAN_POINT('',(0.2280014285526,-1.271998571447,2.75));
#2406=CARTESIAN_POINT('',(0.2280014285526,-0.8236509618647,2.75));
#2407=CARTESIAN_POINT('',(0.2280014285526,-0.8236509618647,2.75));
#2408=CARTESIAN_POINT('',(-0.2280014285526,-0.8236509618647,2.75));
#2409=CARTESIAN_POINT('',(-0.2280014285526,-0.8236509618647,2.75));
#2410=CARTESIAN_POINT('',(-0.2280014285526,-1.271998571447,2.75));
#2411=CARTESIAN_POINT('',(-0.2280014285526,-1.271998571447,2.75));
#2412=CARTESIAN_POINT('',(-0.3413490381353,-1.271998571447,2.75));
#2413=CARTESIAN_POINT('',(-0.2280014285526,-1.271998571447,2.75));
#2414=CARTESIAN_POINT('',(-0.3413490381353,-1.271998571447,2.75));
#2415=CARTESIAN_POINT('Origin',(0.,0.,2.75));
#2416=CARTESIAN_POINT('',(0.3413490381353,0.7762649399473,2.75));
#2417=CARTESIAN_POINT('',(0.3413490381353,0.4672222375105,2.75));
#2418=CARTESIAN_POINT('',(0.2280014285526,0.8167752269782,2.75));
#2419=CARTESIAN_POINT('Origin',(0.,0.,2.75));
#2420=CARTESIAN_POINT('',(0.2280014285526,1.271998571447,2.75));
#2421=CARTESIAN_POINT('',(0.2280014285526,1.271998571447,2.75));
#2422=CARTESIAN_POINT('',(0.3413490381353,1.271998571447,2.75));
#2423=CARTESIAN_POINT('',(0.2280014285526,1.271998571447,2.75));
#2424=CARTESIAN_POINT('',(0.3413490381353,1.521875,2.75));
#2425=CARTESIAN_POINT('',(0.3413490381353,1.271998571447,2.75));
#2426=CARTESIAN_POINT('',(0.3413490381353,1.521875,2.75));
#2427=CARTESIAN_POINT('',(-0.2280014285526,1.271998571447,2.75));
#2428=CARTESIAN_POINT('',(-0.2280014285526,1.271998571447,2.75));
#2429=CARTESIAN_POINT('',(-0.2280014285526,0.8167752269782,2.75));
#2430=CARTESIAN_POINT('',(-0.2280014285526,0.8167752269782,2.75));
#2431=CARTESIAN_POINT('Origin',(0.,0.,2.75));
#2432=CARTESIAN_POINT('Origin',(0.,-1.535,2.));
#2433=CARTESIAN_POINT('',(-0.3815690250419,-1.501719379688,3.901749732093));
#2434=CARTESIAN_POINT('',(-0.3815690250419,-1.501719379688,3.901749732093));
#2435=CARTESIAN_POINT('',(-1.401734688672,-1.501719379688,3.901749732093));
#2436=CARTESIAN_POINT('',(-1.401734688672,-1.501719379688,3.901749732093));
#2437=CARTESIAN_POINT('',(-1.470015308984,-1.57,0.));
#2438=CARTESIAN_POINT('',(-1.401734688672,-1.501719379688,3.901749732093));
#2439=CARTESIAN_POINT('',(1.470015308984,-1.57,0.));
#2440=CARTESIAN_POINT('',(-1.470015308984,-1.57,0.));
#2441=CARTESIAN_POINT('',(1.401734688672,-1.501719379688,3.901749732093));
#2442=CARTESIAN_POINT('',(1.401734688672,-1.501719379688,3.901749732093));
#2443=CARTESIAN_POINT('',(0.3815690250419,-1.501719379688,3.901749732093));
#2444=CARTESIAN_POINT('',(0.3815690250419,-1.501719379688,3.901749732093));
#2445=CARTESIAN_POINT('',(0.3815690250419,-1.501719379688,3.901749732093));
#2446=CARTESIAN_POINT('Origin',(0.385,-1.68,4.));
#2447=CARTESIAN_POINT('',(0.3762698076271,-0.802703947955,3.75));
#2448=CARTESIAN_POINT('',(0.385,-0.7974671944776,4.));
#2449=CARTESIAN_POINT('',(0.3762698076271,-1.254543506519,3.75));
#2450=CARTESIAN_POINT('',(0.3762698076271,-1.254543506519,3.75));
#2451=CARTESIAN_POINT('',(0.3762698076271,-1.254543506519,3.75));
#2452=CARTESIAN_POINT('Origin',(0.381507923050825,-1.401734688672,3.9));
#2453=CARTESIAN_POINT('Origin',(-1.509632863778,-1.401734688672,3.9));
#2454=CARTESIAN_POINT('Origin',(1.401734688672,-1.401734688672,3.9));
#2455=CARTESIAN_POINT('Origin',(-1.509632863778,-1.401734688672,3.9));
#2456=CARTESIAN_POINT('Origin',(-0.381507923050825,-1.401734688672,3.9));
#2457=CARTESIAN_POINT('Origin',(-1.401734688672,-1.401734688672,3.9));
#2458=CARTESIAN_POINT('Origin',(1.401734688672,-1.401734688672,3.9));
#2459=CARTESIAN_POINT('Origin',(1.401734688672,-1.401734688672,3.9));
#2460=CARTESIAN_POINT('Origin',(1.399851678624,-1.399851678624,4.007600574165));
#2461=CARTESIAN_POINT('Origin',(1.47002164734404,-1.47002164734404,3.04320257133454E-15));
#2462=CARTESIAN_POINT('Origin',(0.,0.,0.));
#2463=CARTESIAN_POINT('',(-0.864018625832,1.57,0.));
#2464=CARTESIAN_POINT('',(-0.864018625832,1.32,0.));
#2465=CARTESIAN_POINT('',(-0.864018625832,1.57,0.));
#2466=CARTESIAN_POINT('',(-1.32,1.32,0.));
#2467=CARTESIAN_POINT('',(-0.864018625832,1.32,0.));
#2468=CARTESIAN_POINT('',(-1.32,0.18,0.));
#2469=CARTESIAN_POINT('',(-1.32,1.32,0.));
#2470=CARTESIAN_POINT('',(-0.7794870107962,0.18,0.));
#2471=CARTESIAN_POINT('',(-1.32,0.18,0.));
#2472=CARTESIAN_POINT('',(0.7794870107962,0.18,0.));
#2473=CARTESIAN_POINT('Origin',(0.,0.,0.));
#2474=CARTESIAN_POINT('',(1.32,0.18,0.));
#2475=CARTESIAN_POINT('',(1.32,0.18,0.));
#2476=CARTESIAN_POINT('',(1.32,1.32,0.));
#2477=CARTESIAN_POINT('',(1.32,1.32,0.));
#2478=CARTESIAN_POINT('',(0.864018625832,1.32,0.));
#2479=CARTESIAN_POINT('',(0.864018625832,1.32,0.));
#2480=CARTESIAN_POINT('',(0.864018625832,1.57,0.));
#2481=CARTESIAN_POINT('',(0.864018625832,1.32,0.));
#2482=CARTESIAN_POINT('',(1.470015308984,1.57,0.));
#2483=CARTESIAN_POINT('',(1.470015308984,1.57,0.));
#2484=CARTESIAN_POINT('Origin',(1.47002164734404,1.47002164734404,3.04320257133454E-15));
#2485=CARTESIAN_POINT('',(-1.57,-1.470015308984,0.));
#2486=CARTESIAN_POINT('Origin',(-1.47002164734404,-1.47002164734404,3.04320257133454E-15));
#2487=CARTESIAN_POINT('',(-1.57,1.470015308984,0.));
#2488=CARTESIAN_POINT('',(-1.57,1.470015308984,0.));
#2489=CARTESIAN_POINT('',(-1.470015308984,1.57,0.));
#2490=CARTESIAN_POINT('Origin',(-1.47002164734404,1.47002164734404,3.04320257133454E-15));
#2491=CARTESIAN_POINT('',(-0.864018625832,1.57,0.));
#2492=CARTESIAN_POINT('',(1.32,-1.32,0.));
#2493=CARTESIAN_POINT('',(1.32,-0.18,0.));
#2494=CARTESIAN_POINT('',(1.32,-1.32,0.));
#2495=CARTESIAN_POINT('',(0.7794870107962,-0.18,0.));
#2496=CARTESIAN_POINT('',(1.32,-0.18,0.));
#2497=CARTESIAN_POINT('',(0.18,-0.7794870107962,0.));
#2498=CARTESIAN_POINT('Origin',(0.,0.,0.));
#2499=CARTESIAN_POINT('',(0.18,-1.32,0.));
#2500=CARTESIAN_POINT('',(0.18,-0.7794870107962,0.));
#2501=CARTESIAN_POINT('',(0.18,-1.32,0.));
#2502=CARTESIAN_POINT('',(-0.7794870107962,-0.18,0.));
#2503=CARTESIAN_POINT('',(-1.32,-0.18,0.));
#2504=CARTESIAN_POINT('',(-0.7794870107962,-0.18,0.));
#2505=CARTESIAN_POINT('',(-1.32,-1.32,0.));
#2506=CARTESIAN_POINT('',(-1.32,-0.18,0.));
#2507=CARTESIAN_POINT('',(-0.18,-1.32,0.));
#2508=CARTESIAN_POINT('',(-1.32,-1.32,0.));
#2509=CARTESIAN_POINT('',(-0.18,-0.7794870107962,0.));
#2510=CARTESIAN_POINT('',(-0.18,-1.32,0.));
#2511=CARTESIAN_POINT('Origin',(0.,0.,0.));
#2512=CARTESIAN_POINT('Origin',(-1.32,-0.18,0.));
#2513=CARTESIAN_POINT('',(-0.8233734946309,-0.2367289610167,3.25));
#2514=CARTESIAN_POINT('',(-1.263271038983,-0.2367289610167,3.25));
#2515=CARTESIAN_POINT('',(-0.8233734946309,-0.2367289610167,3.25));
#2516=CARTESIAN_POINT('',(-1.32,-0.18,0.));
#2517=CARTESIAN_POINT('Ctrl Pts',(-0.77948701079618,-0.18,1.66533453693773E-16));
#2518=CARTESIAN_POINT('Ctrl Pts',(-0.801430252714238,-0.207587858144978,
1.58050733460095));
#2519=CARTESIAN_POINT('Ctrl Pts',(-0.823373494630923,-0.236728961016695,
3.25));
#2520=CARTESIAN_POINT('Origin',(0.,0.,3.25));
#2521=CARTESIAN_POINT('',(-1.513125,-0.3456941655377,3.25));
#2522=CARTESIAN_POINT('',(-1.513125,0.3456941655377,3.25));
#2523=CARTESIAN_POINT('',(-1.513125,-0.3456941655377,3.25));
#2524=CARTESIAN_POINT('',(-1.263271038983,-0.3456941655377,3.25));
#2525=CARTESIAN_POINT('',(-1.263271038983,-0.3456941655377,3.25));
#2526=CARTESIAN_POINT('',(-1.263271038983,-0.2367289610167,3.25));
#2527=CARTESIAN_POINT('',(-0.8193058344623,-0.2504445293091,3.25));
#2528=CARTESIAN_POINT('Origin',(0.,0.,3.25));
#2529=CARTESIAN_POINT('',(-0.8193058344623,0.2504445293091,3.25));
#2530=CARTESIAN_POINT('',(-0.8193058344623,-0.2504445293091,3.25));
#2531=CARTESIAN_POINT('',(-0.8233734946309,0.2367289610167,3.25));
#2532=CARTESIAN_POINT('Origin',(0.,0.,3.25));
#2533=CARTESIAN_POINT('',(-1.263271038983,0.2367289610167,3.25));
#2534=CARTESIAN_POINT('',(-1.263271038983,0.2367289610167,3.25));
#2535=CARTESIAN_POINT('',(-1.263271038983,0.3456941655377,3.25));
#2536=CARTESIAN_POINT('',(-1.263271038983,0.2367289610167,3.25));
#2537=CARTESIAN_POINT('',(-1.513125,0.3456941655377,3.25));
#2538=CARTESIAN_POINT('Origin',(0.,0.,3.25));
#2539=CARTESIAN_POINT('',(1.263271038983,0.3456941655377,3.25));
#2540=CARTESIAN_POINT('',(1.513125,0.3456941655377,3.25));
#2541=CARTESIAN_POINT('',(1.263271038983,0.2367289610167,3.25));
#2542=CARTESIAN_POINT('',(1.263271038983,0.2367289610167,3.25));
#2543=CARTESIAN_POINT('',(0.8233734946309,0.2367289610167,3.25));
#2544=CARTESIAN_POINT('',(0.8233734946309,0.2367289610167,3.25));
#2545=CARTESIAN_POINT('',(0.8193058344623,0.2504445293091,3.25));
#2546=CARTESIAN_POINT('Origin',(0.,0.,3.25));
#2547=CARTESIAN_POINT('',(0.8193058344623,-0.2504445293091,3.25));
#2548=CARTESIAN_POINT('',(0.8193058344623,-0.2504445293091,3.25));
#2549=CARTESIAN_POINT('',(0.8233734946309,-0.2367289610167,3.25));
#2550=CARTESIAN_POINT('Origin',(0.,0.,3.25));
#2551=CARTESIAN_POINT('',(1.263271038983,-0.2367289610167,3.25));
#2552=CARTESIAN_POINT('',(1.263271038983,-0.2367289610167,3.25));
#2553=CARTESIAN_POINT('',(1.263271038983,-0.3456941655377,3.25));
#2554=CARTESIAN_POINT('',(1.263271038983,-0.2367289610167,3.25));
#2555=CARTESIAN_POINT('',(1.263271038983,-0.3456941655377,3.25));
#2556=CARTESIAN_POINT('Origin',(-1.535,0.,2.));
#2557=CARTESIAN_POINT('',(-1.501719379688,0.3570704994283,3.901749732093));
#2558=CARTESIAN_POINT('',(-1.501719379688,0.3570704994283,3.901749732093));
#2559=CARTESIAN_POINT('',(-1.501719379688,1.401734688672,3.901749732093));
#2560=CARTESIAN_POINT('',(-1.501719379688,1.401734688672,3.901749732093));
#2561=CARTESIAN_POINT('',(-1.501719379688,1.401734688672,3.901749732093));
#2562=CARTESIAN_POINT('',(-1.501719379688,-1.401734688672,3.901749732093));
#2563=CARTESIAN_POINT('',(-1.501719379688,-1.401734688672,3.901749732093));
#2564=CARTESIAN_POINT('',(-1.501719379688,-0.3570704994283,3.901749732093));
#2565=CARTESIAN_POINT('',(-1.501719379688,-0.3570704994283,3.901749732093));
#2566=CARTESIAN_POINT('',(-1.501719379688,-0.3570704994283,3.901749732093));
#2567=CARTESIAN_POINT('Origin',(-0.708275211946,-0.3456941655377,3.25));
#2568=CARTESIAN_POINT('',(-0.7931019448208,-0.3544216980018,3.75));
#2569=CARTESIAN_POINT('',(-0.78,-0.3587854642339,4.));
#2570=CARTESIAN_POINT('',(-1.254543506519,-0.3544216980018,3.75));
#2571=CARTESIAN_POINT('',(-1.254543506519,-0.3544216980018,3.75));
#2572=CARTESIAN_POINT('',(-1.254543506519,-0.3544216980018,3.75));
#2573=CARTESIAN_POINT('Origin',(-1.40172725944422,-0.357040096294397,3.90000793772291));
#2574=CARTESIAN_POINT('Origin',(-1.401734688672,1.509351737914,3.9));
#2575=CARTESIAN_POINT('Origin',(-1.40172725944422,0.357040096294396,3.90000793772291));
#2576=CARTESIAN_POINT('Origin',(-1.401734688672,1.401734688672,3.9));
#2577=CARTESIAN_POINT('Origin',(-1.401734688672,1.509351737914,3.9));
#2578=CARTESIAN_POINT('Origin',(-1.401734688672,-1.401734688672,3.9));
#2579=CARTESIAN_POINT('Origin',(-1.584849788054,0.3456941655377,3.25));
#2580=CARTESIAN_POINT('',(-1.254543506519,0.3544216980018,3.75));
#2581=CARTESIAN_POINT('',(-1.254543506519,0.3544216980018,3.75));
#2582=CARTESIAN_POINT('',(-0.7931019448208,0.3544216980018,3.75));
#2583=CARTESIAN_POINT('',(-1.254543506519,0.3544216980018,3.75));
#2584=CARTESIAN_POINT('',(-0.78,0.3587854642339,4.));
#2585=CARTESIAN_POINT('Origin',(-0.78,-0.385,4.));
#2586=CARTESIAN_POINT('',(-0.7931019448207,0.3464162918075,3.75));
#2587=CARTESIAN_POINT('',(-0.7931019448208,0.3544216980018,3.75));
#2588=CARTESIAN_POINT('Origin',(0.4231732407512,0.,26.9579130657928));
#2589=CARTESIAN_POINT('',(-0.7931019448207,-0.3464162918075,3.75));
#2590=CARTESIAN_POINT('Origin',(0.4231732407512,0.,26.9579130657928));
#2591=CARTESIAN_POINT('',(-0.7931019448208,-0.3464162918075,3.75));
#2592=CARTESIAN_POINT('Origin',(0.,0.,3.75));
#2593=CARTESIAN_POINT('',(0.3235449181266,-0.802703947955,3.75));
#2594=CARTESIAN_POINT('',(0.3235449181266,-0.802703947955,3.75));
#2595=CARTESIAN_POINT('',(0.7931019448207,-0.3464162918075,3.75));
#2596=CARTESIAN_POINT('Origin',(0.,0.,3.75));
#2597=CARTESIAN_POINT('',(0.7931019448208,-0.3544216980018,3.75));
#2598=CARTESIAN_POINT('',(0.7931019448208,-0.3544216980018,3.75));
#2599=CARTESIAN_POINT('',(1.254543506519,-0.3544216980018,3.75));
#2600=CARTESIAN_POINT('',(1.254543506519,-0.3544216980018,3.75));
#2601=CARTESIAN_POINT('',(1.254543506519,-1.254543506519,3.75));
#2602=CARTESIAN_POINT('',(1.254543506519,-1.254543506519,3.75));
#2603=CARTESIAN_POINT('',(1.254543506519,-1.254543506519,3.75));
#2604=CARTESIAN_POINT('Origin',(0.,0.,3.75));
#2605=CARTESIAN_POINT('',(-0.3762698076271,-0.802703947955,3.75));
#2606=CARTESIAN_POINT('',(-0.3235449181266,-0.802703947955,3.75));
#2607=CARTESIAN_POINT('',(-0.3762698076271,-0.802703947955,3.75));
#2608=CARTESIAN_POINT('',(-0.3762698076271,-1.254543506519,3.75));
#2609=CARTESIAN_POINT('',(-0.3762698076271,-1.254543506519,3.75));
#2610=CARTESIAN_POINT('',(-1.254543506519,-1.254543506519,3.75));
#2611=CARTESIAN_POINT('',(-0.3762698076271,-1.254543506519,3.75));
#2612=CARTESIAN_POINT('',(-1.254543506519,-1.254543506519,3.75));
#2613=CARTESIAN_POINT('Origin',(0.,0.,3.75));
#2614=CARTESIAN_POINT('Origin',(0.,0.,3.75));
#2615=CARTESIAN_POINT('',(0.3762698076271,1.254543506519,3.75));
#2616=CARTESIAN_POINT('',(0.3762698076271,0.7793817896105,3.75));
#2617=CARTESIAN_POINT('',(0.3762698076271,1.254543506519,3.75));
#2618=CARTESIAN_POINT('',(1.254543506519,1.254543506519,3.75));
#2619=CARTESIAN_POINT('',(0.3762698076271,1.254543506519,3.75));
#2620=CARTESIAN_POINT('',(1.254543506519,0.3544216980018,3.75));
#2621=CARTESIAN_POINT('',(1.254543506519,1.254543506519,3.75));
#2622=CARTESIAN_POINT('',(0.7931019448208,0.3544216980018,3.75));
#2623=CARTESIAN_POINT('',(1.254543506519,0.3544216980018,3.75));
#2624=CARTESIAN_POINT('',(0.7931019448207,0.3464162918075,3.75));
#2625=CARTESIAN_POINT('',(0.7931019448208,0.3464162918075,3.75));
#2626=CARTESIAN_POINT('Origin',(0.,0.,3.75));
#2627=CARTESIAN_POINT('Origin',(0.,0.,3.75));
#2628=CARTESIAN_POINT('Origin',(0.,0.,3.75));
#2629=CARTESIAN_POINT('',(-1.254543506519,1.254543506519,3.75));
#2630=CARTESIAN_POINT('',(-1.254543506519,0.3544216980018,3.75));
#2631=CARTESIAN_POINT('',(-1.254543506519,1.254543506519,3.75));
#2632=CARTESIAN_POINT('Origin',(1.32,-1.32,0.));
#2633=CARTESIAN_POINT('',(1.32,-1.32,0.));
#2634=CARTESIAN_POINT('',(0.18,-1.32,0.));
#2635=CARTESIAN_POINT('Origin',(0.18,-1.32,0.));
#2636=CARTESIAN_POINT('',(0.2315132161482,-0.8194366284368,2.951190176609));
#2637=CARTESIAN_POINT('Origin',(1.23668022568813,4363.57565589932,60.5371941751968));
#2638=CARTESIAN_POINT('',(0.2315132161482,-0.8194366284368,2.951190176609));
#2639=CARTESIAN_POINT('Origin',(-0.2280014285526,-0.8236509618647,2.75));
#2640=CARTESIAN_POINT('',(-0.385,-0.7974671944776,4.));
#2641=CARTESIAN_POINT('',(-0.2315132161482,-0.8194366284368,2.951190176609));
#2642=CARTESIAN_POINT('Origin',(-1.11022302462516E-15,4.18354484734959,
241.791031376038));
#2643=CARTESIAN_POINT('',(-0.2315132161482,-0.8194366284368,2.951190176609));
#2644=CARTESIAN_POINT('Origin',(-1.11022302462516E-15,4.18354484734959,
241.791031376038));
#2645=CARTESIAN_POINT('Origin',(0.,0.,1.875));
#2646=CARTESIAN_POINT('Ctrl Pts',(0.77948701079618,-0.18,2.22044604925031E-16));
#2647=CARTESIAN_POINT('Ctrl Pts',(0.801430252714234,-0.207587858144972,
1.5805073346006));
#2648=CARTESIAN_POINT('Ctrl Pts',(0.823373494630923,-0.236728961016695,
3.25));
#2649=CARTESIAN_POINT('Origin',(-0.423173240751199,1.38777878078145E-16,
26.9579130657928));
#2650=CARTESIAN_POINT('Origin',(0.78,0.385,4.));
#2651=CARTESIAN_POINT('',(0.78,-0.3587854642339,4.));
#2652=CARTESIAN_POINT('Origin',(-0.423173240751199,1.38777878078145E-16,
26.9579130657928));
#2653=CARTESIAN_POINT('',(0.78,0.3587854642339,4.));
#2654=CARTESIAN_POINT('Origin',(0.708275211946,0.3456941655377,3.25));
#2655=CARTESIAN_POINT('',(1.254543506519,0.3544216980018,3.75));
#2656=CARTESIAN_POINT('Origin',(1.32,1.32,0.));
#2657=CARTESIAN_POINT('',(1.32,1.32,0.));
#2658=CARTESIAN_POINT('',(1.32,0.18,0.));
#2659=CARTESIAN_POINT('Origin',(1.32,0.18,0.));
#2660=CARTESIAN_POINT('Ctrl Pts',(0.77948701079618,0.18,2.77555756156289E-16));
#2661=CARTESIAN_POINT('Ctrl Pts',(0.80143025271423,0.207587858144967,1.58050733460032));
#2662=CARTESIAN_POINT('Ctrl Pts',(0.823373494630923,0.236728961016695,3.25));
#2663=CARTESIAN_POINT('Origin',(0.,0.,1.875));
#2664=CARTESIAN_POINT('',(-0.1887222158871,0.7863940155546,0.4996954135095));
#2665=CARTESIAN_POINT('',(0.1887222158871,0.7863940155546,0.4996954135095));
#2666=CARTESIAN_POINT('Origin',(0.,0.,0.4996954135095));
#2667=CARTESIAN_POINT('Origin',(1.24481807919656,-4398.64811970308,61.0034319532076));
#2668=CARTESIAN_POINT('Origin',(0.450384382456075,-841.601799572968,5.87237277588152));
#2669=CARTESIAN_POINT('Ctrl Pts',(-0.77948701079618,0.18,2.77555756156289E-16));
#2670=CARTESIAN_POINT('Ctrl Pts',(-0.80143025271423,0.207587858144967,1.58050733460032));
#2671=CARTESIAN_POINT('Ctrl Pts',(-0.823373494630923,0.236728961016695,
3.25));
#2672=CARTESIAN_POINT('Origin',(-1.24481916200132,-4398.6539487843,61.0035106233914));
#2673=CARTESIAN_POINT('Origin',(-0.75,1.57,0.4996954135095));
#2674=CARTESIAN_POINT('',(0.6534311225193,1.561255330264,0.4996954135095));
#2675=CARTESIAN_POINT('',(0.6534311225193,1.311277784113,0.4996954135095));
#2676=CARTESIAN_POINT('',(0.6534311225193,1.561255330264,0.4996954135095));
#2677=CARTESIAN_POINT('',(0.1887222158871,1.311277784113,0.4996954135095));
#2678=CARTESIAN_POINT('',(0.1887222158871,1.311277784113,0.4996954135095));
#2679=CARTESIAN_POINT('',(0.1887222158871,1.311277784113,0.4996954135095));
#2680=CARTESIAN_POINT('',(-0.1887222158871,1.311277784113,0.4996954135095));
#2681=CARTESIAN_POINT('',(-0.1887222158871,0.7863940155546,0.4996954135095));
#2682=CARTESIAN_POINT('',(-0.6534311225193,1.311277784113,0.4996954135095));
#2683=CARTESIAN_POINT('',(-0.1887222158871,1.311277784113,0.4996954135095));
#2684=CARTESIAN_POINT('',(-0.6534311225193,1.561255330264,0.4996954135095));
#2685=CARTESIAN_POINT('',(-0.6534311225193,1.561255330264,0.4996954135095));
#2686=CARTESIAN_POINT('',(-0.6534311225193,1.561255330264,0.4996954135095));
#2687=CARTESIAN_POINT('Origin',(0.6534311225193,6.276528,0.3996954135095));
#2688=CARTESIAN_POINT('',(0.7533702052212,1.562944256144,0.4031853631798));
#2689=CARTESIAN_POINT('',(0.7533702052212,1.312962373308,0.4031853631798));
#2690=CARTESIAN_POINT('',(0.7533702052212,1.562944256144,0.4031853631798));
#2691=CARTESIAN_POINT('Origin',(0.653423879263737,1.31302314638417,0.399703676003676));
#2692=CARTESIAN_POINT('Origin',(0.653423841921484,1.56300518492403,0.399703718584852));
#2693=CARTESIAN_POINT('Origin',(0.75,1.57,0.4996954135095));
#2694=CARTESIAN_POINT('',(0.76407954313,1.318315410805,0.09651005032975));
#2695=CARTESIAN_POINT('',(0.76407954313,1.568311074119,0.09651005032975));
#2696=CARTESIAN_POINT('',(0.76407954313,1.318315410805,0.09651005032975));
#2697=CARTESIAN_POINT('',(0.7533702052212,1.312962373308,0.4031853631798));
#2698=CARTESIAN_POINT('',(0.7533702052212,1.562944256144,0.4031853631798));
#2699=CARTESIAN_POINT('Origin',(0.864018625832,-6.276528,0.1));
#2700=CARTESIAN_POINT('Origin',(0.864025906429815,1.56825014533819,0.0999916949246154));
#2701=CARTESIAN_POINT('Origin',(0.864025869087563,1.31825463772883,0.0999917375058246));
#2702=CARTESIAN_POINT('Origin',(0.,1.535,2.));
#2703=CARTESIAN_POINT('',(-0.76407954313,1.568311074119,0.09651005032975));
#2704=CARTESIAN_POINT('Origin',(-0.864025906429815,1.56825014533819,0.0999916949246154));
#2705=CARTESIAN_POINT('',(-1.401734688672,1.501719379688,3.901749732093));
#2706=CARTESIAN_POINT('',(-1.401734688672,1.501719379688,3.901749732093));
#2707=CARTESIAN_POINT('',(-0.3815690250419,1.501719379688,3.901749732093));
#2708=CARTESIAN_POINT('',(0.3815690250419,1.501719379688,3.901749732093));
#2709=CARTESIAN_POINT('',(0.3815690250419,1.501719379688,3.901749732093));
#2710=CARTESIAN_POINT('',(1.401734688672,1.501719379688,3.901749732093));
#2711=CARTESIAN_POINT('',(1.401734688672,1.501719379688,3.901749732093));
#2712=CARTESIAN_POINT('',(1.401734688672,1.501719379688,3.901749732093));
#2713=CARTESIAN_POINT('',(-0.7533702052212,1.562944256144,0.4031853631798));
#2714=CARTESIAN_POINT('Origin',(-0.653423841921484,1.56300518492403,0.399703718584852));
#2715=CARTESIAN_POINT('',(-0.76407954313,1.568311074119,0.09651005032975));
#2716=CARTESIAN_POINT('Origin',(-0.864018625832,6.276528,0.1));
#2717=CARTESIAN_POINT('',(-0.76407954313,1.318315410805,0.09651005032975));
#2718=CARTESIAN_POINT('',(-0.76407954313,1.568311074119,0.09651005032975));
#2719=CARTESIAN_POINT('Origin',(-0.864025869087563,1.31825463772882,0.0999917375058244));
#2720=CARTESIAN_POINT('Origin',(-0.7674497483513,1.57,0.));
#2721=CARTESIAN_POINT('',(-0.7533702052212,1.312962373308,0.4031853631798));
#2722=CARTESIAN_POINT('',(-0.7533702052212,1.562944256144,0.4031853631798));
#2723=CARTESIAN_POINT('',(-0.76407954313,1.318315410805,0.09651005032975));
#2724=CARTESIAN_POINT('Origin',(-1.32,1.32,0.));
#2725=CARTESIAN_POINT('Origin',(-0.653423879263737,1.31302314638417,0.399703676003676));
#2726=CARTESIAN_POINT('',(-0.1887222158871,1.311277784113,0.4996954135095));
#2727=CARTESIAN_POINT('',(-1.32,1.32,0.));
#2728=CARTESIAN_POINT('Origin',(-1.32,0.18,0.));
#2729=CARTESIAN_POINT('',(-1.32,0.18,0.));
#2730=CARTESIAN_POINT('Origin',(-0.7794870107962,0.18,0.));
#2731=CARTESIAN_POINT('Origin',(-0.18,1.32,0.));
#2732=CARTESIAN_POINT('Origin',(-0.6534311225193,6.276528,0.3996954135095));
#2733=CARTESIAN_POINT('Origin',(1.399851678624,1.399851678624,4.007600574165));
#2734=CARTESIAN_POINT('Origin',(1.401734688672,1.401734688672,3.9));
#2735=CARTESIAN_POINT('Origin',(1.401734688672,1.401734688672,3.9));
#2736=CARTESIAN_POINT('Origin',(1.401734688672,1.401734688672,3.9));
#2737=CARTESIAN_POINT('Origin',(1.508836101445,1.401734688672,3.9));
#2738=CARTESIAN_POINT('Origin',(0.381507923050825,1.401734688672,3.9));
#2739=CARTESIAN_POINT('Origin',(1.508836101445,1.401734688672,3.9));
#2740=CARTESIAN_POINT('Origin',(-1.401734688672,1.401734688672,3.9));
#2741=CARTESIAN_POINT('Origin',(0.385,0.,4.));
#2742=CARTESIAN_POINT('Origin',(1.42033355950381,-2407.34541134034,33.8793101831677));
#2743=CARTESIAN_POINT('',(0.3762698076271,1.254543506519,3.75));
#2744=CARTESIAN_POINT('Ctrl Pts',(0.4129546828393,0.3266465380912,4.013360466252));
#2745=CARTESIAN_POINT('Ctrl Pts',(0.4106227680637,0.32568313887,3.943864577028));
#2746=CARTESIAN_POINT('Ctrl Pts',(0.4038061956082,0.3228553183148,3.740623362251));
#2747=CARTESIAN_POINT('Ctrl Pts',(0.3921695488042,0.3179683969542,3.3931856493));
#2748=CARTESIAN_POINT('Ctrl Pts',(0.3791901334527,0.3124224720885,3.004866852711));
#2749=CARTESIAN_POINT('Ctrl Pts',(0.3706982186419,0.3087339903134,2.750293438785));
#2750=CARTESIAN_POINT('Ctrl Pts',(0.367019735784,0.3071244950874,2.639916368607));
#2751=CARTESIAN_POINT('Ctrl Pts',(0.3925230908025,0.3481730485044,4.01380648874));
#2752=CARTESIAN_POINT('Ctrl Pts',(0.39016151722,0.3471814824277,3.944311401231));
#2753=CARTESIAN_POINT('Ctrl Pts',(0.3832575894317,0.3442703594971,3.741072554111));
#2754=CARTESIAN_POINT('Ctrl Pts',(0.371468451187,0.3392362341995,3.393639007593));
#2755=CARTESIAN_POINT('Ctrl Pts',(0.3583135577639,0.3335179370516,3.005325061616));
#2756=CARTESIAN_POINT('Ctrl Pts',(0.3497034270317,0.3297113757156,2.750754952753));
#2757=CARTESIAN_POINT('Ctrl Pts',(0.3459730688191,0.328049671539,2.640379340462));
#2758=CARTESIAN_POINT('Ctrl Pts',(0.3829532848101,0.3762703460689,4.013791568023));
#2759=CARTESIAN_POINT('Ctrl Pts',(0.3805529891036,0.3752655918253,3.944297234369));
#2760=CARTESIAN_POINT('Ctrl Pts',(0.3735348686375,0.3723153151469,3.741060613563));
#2761=CARTESIAN_POINT('Ctrl Pts',(0.3615456428009,0.3672112174887,3.393630984755));
#2762=CARTESIAN_POINT('Ctrl Pts',(0.3481592545695,0.3614096943931,3.005321599821));
#2763=CARTESIAN_POINT('Ctrl Pts',(0.3393923524919,0.3575452886769,2.750754598719));
#2764=CARTESIAN_POINT('Ctrl Pts',(0.3355930355218,0.3558578439083,2.640380357284));
#2765=CARTESIAN_POINT('Ctrl Pts',(0.3859980152014,0.4057922922034,4.013318436893));
#2766=CARTESIAN_POINT('Ctrl Pts',(0.3835570261738,0.4047917439498,3.943824671164));
#2767=CARTESIAN_POINT('Ctrl Pts',(0.3764187905556,0.401853633325,3.74058972757));
#2768=CARTESIAN_POINT('Ctrl Pts',(0.3642185278629,0.3967696106158,3.393163050202));
#2769=CARTESIAN_POINT('Ctrl Pts',(0.350587027337,0.3909892510905,3.00485710137));
#2770=CARTESIAN_POINT('Ctrl Pts',(0.3416535118234,0.3871378306171,2.750292441526));
#2771=CARTESIAN_POINT('Ctrl Pts',(0.3377807827803,0.385455828113,2.639919232837));
#2772=CARTESIAN_POINT('Origin',(0.18,1.32,0.));
#2773=CARTESIAN_POINT('',(0.1887222158871,1.311277784113,0.4996954135095));
#2774=CARTESIAN_POINT('Origin',(0.18,0.7794870107962,0.));
#2775=CARTESIAN_POINT('Origin',(-1.401734688672,1.401734688672,3.9));
#2776=CARTESIAN_POINT('Origin',(-1.401734688672,1.401734688672,3.9));
#2777=CARTESIAN_POINT('Origin',(-1.399851678624,1.399851678624,4.007600574165));
#2778=CARTESIAN_POINT('Origin',(1.584849788054,-0.3456941655377,3.25));
#2779=CARTESIAN_POINT('',(1.254543506519,-0.3544216980018,3.75));
#2780=CARTESIAN_POINT('Origin',(1.32,-0.18,0.));
#2781=CARTESIAN_POINT('',(1.32,-0.18,0.));
#2782=CARTESIAN_POINT('Origin',(0.7794870107962,-0.18,0.));
#2783=CARTESIAN_POINT('Origin',(-0.18,-0.7794870107962,0.));
#2784=CARTESIAN_POINT('Origin',(-1.23668042334875,4363.57566044617,60.5371942122232));
#2785=CARTESIAN_POINT('',(-0.18,-1.32,0.));
#2786=CARTESIAN_POINT('Origin',(-0.18,-1.32,0.));
#2787=CARTESIAN_POINT('',(-1.32,-1.32,0.));
#2788=CARTESIAN_POINT('',(-0.3762698076271,-1.254543506519,3.75));
#2789=CARTESIAN_POINT('Origin',(-0.385,-0.78,4.));
#2790=CARTESIAN_POINT('Origin',(-1.32,-1.32,0.));
#2791=CARTESIAN_POINT('Origin',(0.,0.,1.875));
#2792=CARTESIAN_POINT('Origin',(-1.401734688672,-1.401734688672,3.9));
#2793=CARTESIAN_POINT('Origin',(-1.401734688672,-1.401734688672,3.9));
#2794=CARTESIAN_POINT('Origin',(-1.399851678624,-1.399851678624,4.007600574165));
#2795=UNCERTAINTY_MEASURE_WITH_UNIT(LENGTH_MEASURE(0.01),#2799,
'DISTANCE_ACCURACY_VALUE',
'Maximum model space distance between geometric entities at asserted c
onnectivities');
#2796=UNCERTAINTY_MEASURE_WITH_UNIT(LENGTH_MEASURE(0.01),#2799,
'DISTANCE_ACCURACY_VALUE',
'Maximum model space distance between geometric entities at asserted c
onnectivities');
#2797=(
GEOMETRIC_REPRESENTATION_CONTEXT(3)
GLOBAL_UNCERTAINTY_ASSIGNED_CONTEXT((#2795))
GLOBAL_UNIT_ASSIGNED_CONTEXT((#2799,#2801,#2802))
REPRESENTATION_CONTEXT('','3D')
);
#2798=(
GEOMETRIC_REPRESENTATION_CONTEXT(3)
GLOBAL_UNCERTAINTY_ASSIGNED_CONTEXT((#2796))
GLOBAL_UNIT_ASSIGNED_CONTEXT((#2799,#2801,#2802))
REPRESENTATION_CONTEXT('','3D')
);
#2799=(
LENGTH_UNIT()
NAMED_UNIT(*)
SI_UNIT(.MILLI.,.METRE.)
);
#2800=(
LENGTH_UNIT()
NAMED_UNIT(*)
SI_UNIT($,.METRE.)
);
#2801=(
NAMED_UNIT(*)
PLANE_ANGLE_UNIT()
SI_UNIT($,.RADIAN.)
);
#2802=(
NAMED_UNIT(*)
SI_UNIT($,.STERADIAN.)
SOLID_ANGLE_UNIT()
);
#2803=SHAPE_DEFINITION_REPRESENTATION(#2804,#2805);
#2804=PRODUCT_DEFINITION_SHAPE('',$,#2807);
#2805=SHAPE_REPRESENTATION('',(#1617),#2797);
#2806=PRODUCT_DEFINITION_CONTEXT('part definition',#2811,'design');
#2807=PRODUCT_DEFINITION('0479480001','(Sin guardar)',#2808,#2806);
#2808=PRODUCT_DEFINITION_FORMATION('',$,#2813);
#2809=PRODUCT_RELATED_PRODUCT_CATEGORY('(Sin guardar)','(Sin guardar)',
(#2813));
#2810=APPLICATION_PROTOCOL_DEFINITION('international standard',
'automotive_design',2009,#2811);
#2811=APPLICATION_CONTEXT(
'Core Data for Automotive Mechanical Design Process');
#2812=PRODUCT_CONTEXT('part definition',#2811,'mechanical');
#2813=PRODUCT('0479480001','(Sin guardar)','STEP AP242',(#2812));
#2814=PRESENTATION_STYLE_ASSIGNMENT((#2816));
#2815=PRESENTATION_STYLE_ASSIGNMENT((#2817));
#2816=SURFACE_STYLE_USAGE(.BOTH.,#2818);
#2817=SURFACE_STYLE_USAGE(.BOTH.,#2819);
#2818=SURFACE_SIDE_STYLE('',(#2820));
#2819=SURFACE_SIDE_STYLE('',(#2821));
#2820=SURFACE_STYLE_FILL_AREA(#2822);
#2821=SURFACE_STYLE_FILL_AREA(#2823);
#2822=FILL_AREA_STYLE('Acero - Satinado',(#2824));
#2823=FILL_AREA_STYLE('Tough 2000 (con impresoras 3D Formlabs SLA)',(#2825));
#2824=FILL_AREA_STYLE_COLOUR('Acero - Satinado',#2826);
#2825=FILL_AREA_STYLE_COLOUR(
'Tough 2000 (con impresoras 3D Formlabs SLA)',#2827);
#2826=COLOUR_RGB('Acero - Satinado',0.627450980392157,0.627450980392157,
0.627450980392157);
#2827=COLOUR_RGB('Tough 2000 (con impresoras 3D Formlabs SLA)',0.247058823529412,
0.247058823529412,0.247058823529412);
ENDSEC;
END-ISO-10303-21;
