ISO-10303-21;
HEADER;
FILE_DESCRIPTION (( 'STEP AP214' ),
    '1' );
FILE_NAME ('MCC MCACD50N06YHE3-TP.STEP',
    '2024-04-14T20:28:37',
    ( '' ),
    ( '' ),
    'SwSTEP 2.0',
    'SolidWorks 2020',
    '' );
FILE_SCHEMA (( 'AUTOMOTIVE_DESIGN' ));
ENDSEC;

DATA;
#1 = DIRECTION ( 'NONE',  ( -0.4383297880337241881, 0.000000000000000000, 0.8988142171340585129 ) ) ;
#2 =( NAMED_UNIT ( * ) PLANE_ANGLE_UNIT ( ) SI_UNIT ( $, .RADIAN. ) );
#3 = PLANE ( 'NONE',  #1626 ) ;
#4 = DIRECTION ( 'NONE',  ( 1.000000000000000000, 0.000000000000000000, 0.000000000000000000 ) ) ;
#5 = VECTOR ( 'NONE', #1724, 1000.000000000000000 ) ;
#6 = ORIENTED_EDGE ( 'NONE', *, *, #4281, .T. ) ;
#7 = STYLED_ITEM ( 'NONE', ( #428 ), #2435 ) ;
#8 = SURFACE_STYLE_FILL_AREA ( #389 ) ;
#9 = LINE ( 'NONE', #5075, #2906 ) ;
#10 = VECTOR ( 'NONE', #2531, 1000.000000000000000 ) ;
#11 = ORIENTED_EDGE ( 'NONE', *, *, #1832, .T. ) ;
#12 = MECHANICAL_DESIGN_GEOMETRIC_PRESENTATION_REPRESENTATION (  '', ( #3620 ), #4734 ) ;
#13 = DIRECTION ( 'NONE',  ( -0.000000000000000000, 1.000000000000000000, -0.000000000000000000 ) ) ;
#14 = EDGE_CURVE ( 'NONE', #5033, #573, #5128, .T. ) ;
#15 =( GEOMETRIC_REPRESENTATION_CONTEXT ( 3 ) GLOBAL_UNCERTAINTY_ASSIGNED_CONTEXT ( ( #2954 ) ) GLOBAL_UNIT_ASSIGNED_CONTEXT ( ( #2705, #1428, #632 ) ) REPRESENTATION_CONTEXT ( 'NONE', 'WORKASPACE' ) );
#16 = DIRECTION ( 'NONE',  ( -0.000000000000000000, -1.000000000000000000, -0.000000000000000000 ) ) ;
#17 = VECTOR ( 'NONE', #4101, 1000.000000000000000 ) ;
#18 = PLANE ( 'NONE',  #2887 ) ;
#19 = CARTESIAN_POINT ( 'NONE',  ( 2.049461803505029156, -0.6000000000000000888, -2.833519861046362109 ) ) ;
#20 = CARTESIAN_POINT ( 'NONE',  ( -0.4905381964949708795, -0.3460000000000000853, 2.899999999999999911 ) ) ;
#21 = DIRECTION ( 'NONE',  ( 0.000000000000000000, 0.000000000000000000, -1.000000000000000000 ) ) ;
#22 = EDGE_CURVE ( 'NONE', #4167, #5611, #2077, .T. ) ;
#23 = ADVANCED_FACE ( 'NONE', ( #3529 ), #3920, .T. ) ;
#24 =( NAMED_UNIT ( * ) SI_UNIT ( $, .STERADIAN. ) SOLID_ANGLE_UNIT ( ) );
#25 = ORIENTED_EDGE ( 'NONE', *, *, #4383, .T. ) ;
#26 = VERTEX_POINT ( 'NONE', #63 ) ;
#27 = AXIS2_PLACEMENT_3D ( 'NONE', #864, #3924, #3057 ) ;
#28 =( NAMED_UNIT ( * ) SI_UNIT ( $, .STERADIAN. ) SOLID_ANGLE_UNIT ( ) );
#29 = DIRECTION ( 'NONE',  ( 0.000000000000000000, 0.000000000000000000, -1.000000000000000000 ) ) ;
#30 =( NAMED_UNIT ( * ) SI_UNIT ( $, .STERADIAN. ) SOLID_ANGLE_UNIT ( ) );
#31 = VECTOR ( 'NONE', #908, 1000.000000000000114 ) ;
#32 = ORIENTED_EDGE ( 'NONE', *, *, #4771, .F. ) ;
#33 = FILL_AREA_STYLE ('',( #5590 ) ) ;
#34 = DIRECTION ( 'NONE',  ( -0.000000000000000000, 1.000000000000000000, -0.000000000000000000 ) ) ;
#35 = CARTESIAN_POINT ( 'NONE',  ( 0.4300000000000002709, -0.6000000000000000888, 2.709383666850159411 ) ) ;
#36 = ORIENTED_EDGE ( 'NONE', *, *, #3122, .T. ) ;
#37 = PLANE ( 'NONE',  #531 ) ;
#38 = CARTESIAN_POINT ( 'NONE',  ( 2.185796676733049893, -0.5500000000000000444, 0.7769784804864433569 ) ) ;
#39 = EDGE_CURVE ( 'NONE', #1656, #489, #87, .T. ) ;
#40 = LINE ( 'NONE', #4819, #4449 ) ;
#41 = DIRECTION ( 'NONE',  ( 0.4320182449609838438, 0.000000000000000000, 0.9018648657203758301 ) ) ;
#42 = CARTESIAN_POINT ( 'NONE',  ( -1.760538196494970231, -0.3460000000000000853, 2.899999999999999911 ) ) ;
#43 =( NAMED_UNIT ( * ) PLANE_ANGLE_UNIT ( ) SI_UNIT ( $, .RADIAN. ) );
#44 = VERTEX_POINT ( 'NONE', #2608 ) ;
#45 = VECTOR ( 'NONE', #819, 1000.000000000000000 ) ;
#46 = PLANE ( 'NONE',  #3507 ) ;
#47 = EDGE_CURVE ( 'NONE', #3708, #118, #1708, .T. ) ;
#48 = MECHANICAL_DESIGN_GEOMETRIC_PRESENTATION_REPRESENTATION (  '', ( #5145 ), #2081 ) ;
#49 = CARTESIAN_POINT ( 'NONE',  ( -2.674999999999999822, -0.6000000000000000888, 0.9375166769814144985 ) ) ;
#50 = STYLED_ITEM ( 'NONE', ( #3420 ), #4704 ) ;
#51 =( GEOMETRIC_REPRESENTATION_CONTEXT ( 3 ) GLOBAL_UNCERTAINTY_ASSIGNED_CONTEXT ( ( #2376 ) ) GLOBAL_UNIT_ASSIGNED_CONTEXT ( ( #1007, #3694, #687 ) ) REPRESENTATION_CONTEXT ( 'NONE', 'WORKASPACE' ) );
#52 = VECTOR ( 'NONE', #1697, 1000.000000000000000 ) ;
#53 = VECTOR ( 'NONE', #2703, 1000.000000000000227 ) ;
#54 = ORIENTED_EDGE ( 'NONE', *, *, #4917, .T. ) ;
#55 = ORIENTED_EDGE ( 'NONE', *, *, #2130, .T. ) ;
#56 = COLOUR_RGB ( '',1.000000000000000000, 1.000000000000000000, 1.000000000000000000 ) ;
#57 = DIRECTION ( 'NONE',  ( -0.000000000000000000, 1.000000000000000000, -0.000000000000000000 ) ) ;
#58 = EDGE_CURVE ( 'NONE', #3749, #2971, #943, .T. ) ;
#59 = STYLED_ITEM ( 'NONE', ( #4182 ), #2011 ) ;
#60 = FILL_AREA_STYLE ('',( #2108 ) ) ;
#61 = DIRECTION ( 'NONE',  ( 0.000000000000000000, -0.000000000000000000, -1.000000000000000000 ) ) ;
#62 = LINE ( 'NONE', #2141, #662 ) ;
#63 = CARTESIAN_POINT ( 'NONE',  ( 2.600000000000000089, -0.3460000000000000853, 1.087516676981414410 ) ) ;
#64 =( GEOMETRIC_REPRESENTATION_CONTEXT ( 3 ) GLOBAL_UNCERTAINTY_ASSIGNED_CONTEXT ( ( #4895 ) ) GLOBAL_UNIT_ASSIGNED_CONTEXT ( ( #3792, #3366, #4330 ) ) REPRESENTATION_CONTEXT ( 'NONE', 'WORKASPACE' ) );
#65 = UNCERTAINTY_MEASURE_WITH_UNIT (LENGTH_MEASURE( 1.000000000000000082E-05 ), #1128, 'distance_accuracy_value', 'NONE');
#66 = ORIENTED_EDGE ( 'NONE', *, *, #801, .T. ) ;
#67 = VECTOR ( 'NONE', #5649, 1000.000000000000000 ) ;
#68 = EDGE_CURVE ( 'NONE', #5065, #682, #1765, .T. ) ;
#69 =( NAMED_UNIT ( * ) PLANE_ANGLE_UNIT ( ) SI_UNIT ( $, .RADIAN. ) );
#70 = CARTESIAN_POINT ( 'NONE',  ( 0.4300000000000002709, -0.5500000000000000444, 0.000000000000000000 ) ) ;
#71 = VERTEX_POINT ( 'NONE', #1738 ) ;
#72 = CARTESIAN_POINT ( 'NONE',  ( 2.109999999999999876, -0.6000000000000000888, 2.709383666850159411 ) ) ;
#73 = SURFACE_STYLE_FILL_AREA ( #96 ) ;
#74 = DIRECTION ( 'NONE',  ( -1.000000000000000000, 0.000000000000000000, 0.000000000000000000 ) ) ;
#75 = CARTESIAN_POINT ( 'NONE',  ( 2.600000000000000089, -0.5500000000000000444, 2.899999999999999911 ) ) ;
#76 = CARTESIAN_POINT ( 'NONE',  ( -2.109999999999999876, -0.6000000000000000888, 0.000000000000000000 ) ) ;
#77 = DIRECTION ( 'NONE',  ( 0.9018648657203757191, 0.000000000000000000, -0.4320182449609837882 ) ) ;
#78 = FACE_OUTER_BOUND ( 'NONE', #3635, .T. ) ;
#79 = ORIENTED_EDGE ( 'NONE', *, *, #2826, .T. ) ;
#80 =( NAMED_UNIT ( * ) PLANE_ANGLE_UNIT ( ) SI_UNIT ( $, .RADIAN. ) );
#81 = LINE ( 'NONE', #1756, #4767 ) ;
#82 = ADVANCED_FACE ( 'NONE', ( #438 ), #3, .T. ) ;
#83 = VECTOR ( 'NONE', #5380, 1000.000000000000114 ) ;
#84 = SURFACE_SIDE_STYLE ('',( #2633 ) ) ;
#85 = PRESENTATION_STYLE_ASSIGNMENT (( #4750 ) ) ;
#86 = CARTESIAN_POINT ( 'NONE',  ( 0.4905381964949708795, -0.6000000000000000888, 2.833519861046362109 ) ) ;
#87 = LINE ( 'NONE', #3555, #396 ) ;
#88 = LINE ( 'NONE', #1767, #5331 ) ;
#89 = EDGE_CURVE ( 'NONE', #995, #4292, #1274, .T. ) ;
#90 = COLOUR_RGB ( '',0.2509803921568627416, 0.2509803921568627416, 0.2509803921568627416 ) ;
#91 = ORIENTED_EDGE ( 'NONE', *, *, #2209, .T. ) ;
#92 = LINE ( 'NONE', #5366, #1956 ) ;
#93 = FILL_AREA_STYLE ('',( #3985 ) ) ;
#94 = DIRECTION ( 'NONE',  ( 0.000000000000000000, 0.000000000000000000, 1.000000000000000000 ) ) ;
#95 = ORIENTED_EDGE ( 'NONE', *, *, #3936, .F. ) ;
#96 = FILL_AREA_STYLE ('',( #1779 ) ) ;
#97 = LINE ( 'NONE', #75, #2223 ) ;
#98 = VECTOR ( 'NONE', #4541, 1000.000000000000000 ) ;
#99 =( LENGTH_UNIT ( ) NAMED_UNIT ( * ) SI_UNIT ( .MILLI., .METRE. ) );
#100 =( NAMED_UNIT ( * ) PLANE_ANGLE_UNIT ( ) SI_UNIT ( $, .RADIAN. ) );
#101 = SURFACE_SIDE_STYLE ('',( #3995 ) ) ;
#102 = PRESENTATION_STYLE_ASSIGNMENT (( #3119 ) ) ;
#103 = COLOUR_RGB ( '',1.000000000000000000, 1.000000000000000000, 1.000000000000000000 ) ;
#104 = VECTOR ( 'NONE', #258, 1000.000000000000000 ) ;
#105 = CARTESIAN_POINT ( 'NONE',  ( 2.109999999999999876, -0.6000000000000000888, 0.000000000000000000 ) ) ;
#106 =( NAMED_UNIT ( * ) PLANE_ANGLE_UNIT ( ) SI_UNIT ( $, .RADIAN. ) );
#107 = ORIENTED_EDGE ( 'NONE', *, *, #2835, .T. ) ;
#108 = ORIENTED_EDGE ( 'NONE', *, *, #3651, .T. ) ;
#109 =( NAMED_UNIT ( * ) PLANE_ANGLE_UNIT ( ) SI_UNIT ( $, .RADIAN. ) );
#110 = SURFACE_SIDE_STYLE ('',( #4476 ) ) ;
#111 = EDGE_CURVE ( 'NONE', #2832, #4747, #2427, .T. ) ;
#112 = DIRECTION ( 'NONE',  ( -1.000000000000000000, 0.000000000000000000, 1.123989534342597324E-16 ) ) ;
#113 = LINE ( 'NONE', #86, #2564 ) ;
#114 = CARTESIAN_POINT ( 'NONE',  ( 0.000000000000000000, -0.6000000000000000888, 2.414999999999999591 ) ) ;
#115 = EDGE_LOOP ( 'NONE', ( #1649, #1254, #4280, #5436 ) ) ;
#116 = VERTEX_POINT ( 'NONE', #4565 ) ;
#117 = VERTEX_POINT ( 'NONE', #4216 ) ;
#118 = VERTEX_POINT ( 'NONE', #5447 ) ;
#119 = DIRECTION ( 'NONE',  ( 0.000000000000000000, 0.000000000000000000, 1.000000000000000000 ) ) ;
#120 = DIRECTION ( 'NONE',  ( 0.000000000000000000, 0.000000000000000000, -1.000000000000000000 ) ) ;
#121 = EDGE_CURVE ( 'NONE', #811, #4924, #2257, .T. ) ;
#122 = EDGE_CURVE ( 'NONE', #5033, #3217, #2893, .T. ) ;
#123 = AXIS2_PLACEMENT_3D ( 'NONE', #4087, #4954, #2351 ) ;
#124 = VERTEX_POINT ( 'NONE', #2829 ) ;
#125 = CARTESIAN_POINT ( 'NONE',  ( -2.085796676733050248, -0.5500000000000000444, 0.7769784804864426908 ) ) ;
#126 = DIRECTION ( 'NONE',  ( 0.000000000000000000, 0.000000000000000000, -1.000000000000000000 ) ) ;
#127 = DIRECTION ( 'NONE',  ( 0.000000000000000000, -1.000000000000000000, 0.000000000000000000 ) ) ;
#128 = DIRECTION ( 'NONE',  ( -0.3311741786255146813, 0.000000000000000000, 0.9435696388776588783 ) ) ;
#129 = ADVANCED_FACE ( 'NONE', ( #1980 ), #266, .F. ) ;
#130 = DIRECTION ( 'NONE',  ( -1.000000000000000000, 0.000000000000000000, 0.000000000000000000 ) ) ;
#131 = CARTESIAN_POINT ( 'NONE',  ( 2.085796676733050248, -0.5500000000000000444, 0.7769784804864426908 ) ) ;
#132 = SURFACE_STYLE_FILL_AREA ( #2249 ) ;
#133 =( NAMED_UNIT ( * ) PLANE_ANGLE_UNIT ( ) SI_UNIT ( $, .RADIAN. ) );
#134 = PLANE ( 'NONE',  #3111 ) ;
#135 = AXIS2_PLACEMENT_3D ( 'NONE', #3433, #2596, #5604 ) ;
#136 = AXIS2_PLACEMENT_3D ( 'NONE', #4699, #3810, #5192 ) ;
#137 = CARTESIAN_POINT ( 'NONE',  ( 2.049461803505029156, -0.3460000000000000853, -2.899999999999999911 ) ) ;
#138 =( NAMED_UNIT ( * ) PLANE_ANGLE_UNIT ( ) SI_UNIT ( $, .RADIAN. ) );
#139 = CARTESIAN_POINT ( 'NONE',  ( 0.3857966767330511804, -0.6000000000000000888, 1.145000000000000684 ) ) ;
#140 = STYLED_ITEM ( 'NONE', ( #102 ), #311 ) ;
#141 = VECTOR ( 'NONE', #3318, 1000.000000000000000 ) ;
#142 = EDGE_CURVE ( 'NONE', #4286, #322, #318, .T. ) ;
#143 = STYLED_ITEM ( 'NONE', ( #2449 ), #2106 ) ;
#144 = ORIENTED_EDGE ( 'NONE', *, *, #508, .T. ) ;
#145 = VERTEX_POINT ( 'NONE', #2861 ) ;
#146 = CARTESIAN_POINT ( 'NONE',  ( 2.434999999999999609, -0.6000000000000000888, 0.9375166769814144985 ) ) ;
#147 = DIRECTION ( 'NONE',  ( -1.000000000000000000, 0.000000000000000000, 0.000000000000000000 ) ) ;
#148 = ORIENTED_EDGE ( 'NONE', *, *, #2130, .F. ) ;
#149 = LINE ( 'NONE', #1830, #1853 ) ;
#150 = DIRECTION ( 'NONE',  ( 0.000000000000000000, 0.000000000000000000, -1.000000000000000000 ) ) ;
#151 = EDGE_CURVE ( 'NONE', #5156, #445, #1484, .T. ) ;
#152 = UNCERTAINTY_MEASURE_WITH_UNIT (LENGTH_MEASURE( 1.000000000000000082E-05 ), #3668, 'distance_accuracy_value', 'NONE');
#153 = LINE ( 'NONE', #4151, #1152 ) ;
#154 = SURFACE_STYLE_USAGE ( .BOTH. , #954 ) ;
#155 = DIRECTION ( 'NONE',  ( 0.000000000000000000, 0.000000000000000000, 1.000000000000000000 ) ) ;
#156 =( GEOMETRIC_REPRESENTATION_CONTEXT ( 3 ) GLOBAL_UNCERTAINTY_ASSIGNED_CONTEXT ( ( #884 ) ) GLOBAL_UNIT_ASSIGNED_CONTEXT ( ( #5040, #5520, #3721 ) ) REPRESENTATION_CONTEXT ( 'NONE', 'WORKASPACE' ) );
#157 = FILL_AREA_STYLE_COLOUR ( '', #663 ) ;
#158 = FILL_AREA_STYLE_COLOUR ( '', #1631 ) ;
#159 = EDGE_CURVE ( 'NONE', #4025, #3953, #702, .T. ) ;
#160 = DIRECTION ( 'NONE',  ( 1.000000000000000000, 0.000000000000000000, 0.000000000000000000 ) ) ;
#161 = FILL_AREA_STYLE_COLOUR ( '', #5386 ) ;
#162 = EDGE_CURVE ( 'NONE', #5220, #3922, #294, .T. ) ;
#163 = ORIENTED_EDGE ( 'NONE', *, *, #2400, .T. ) ;
#164 = SURFACE_STYLE_FILL_AREA ( #191 ) ;
#165 = DIRECTION ( 'NONE',  ( -1.000000000000000000, 0.000000000000000000, 0.000000000000000000 ) ) ;
#166 = SURFACE_SIDE_STYLE ('',( #3153 ) ) ;
#167 = STYLED_ITEM ( 'NONE', ( #5262 ), #3503 ) ;
#168 = VERTEX_POINT ( 'NONE', #675 ) ;
#169 = ORIENTED_EDGE ( 'NONE', *, *, #3494, .T. ) ;
#170 = CARTESIAN_POINT ( 'NONE',  ( -0.4300000000000002709, -0.5500000000000000444, 0.000000000000000000 ) ) ;
#171 = LINE ( 'NONE', #2383, #728 ) ;
#172 = FACE_OUTER_BOUND ( 'NONE', #591, .T. ) ;
#173 = ORIENTED_EDGE ( 'NONE', *, *, #2571, .T. ) ;
#174 = LINE ( 'NONE', #4148, #2145 ) ;
#175 = LINE ( 'NONE', #1858, #4404 ) ;
#176 = CARTESIAN_POINT ( 'NONE',  ( -2.185796676733049893, -0.5500000000000000444, 0.7769784804864433569 ) ) ;
#177 = ORIENTED_EDGE ( 'NONE', *, *, #1951, .T. ) ;
#178 =( GEOMETRIC_REPRESENTATION_CONTEXT ( 3 ) GLOBAL_UNCERTAINTY_ASSIGNED_CONTEXT ( ( #410 ) ) GLOBAL_UNIT_ASSIGNED_CONTEXT ( ( #2765, #1092, #2825 ) ) REPRESENTATION_CONTEXT ( 'NONE', 'WORKASPACE' ) );
#179 = SURFACE_SIDE_STYLE ('',( #4067 ) ) ;
#180 = ADVANCED_FACE ( 'NONE', ( #1158 ), #4459, .F. ) ;
#181 = CARTESIAN_POINT ( 'NONE',  ( 2.674999999999999822, -0.6000000000000000888, 0.9375166769814144985 ) ) ;
#182 = STYLED_ITEM ( 'NONE', ( #4066 ), #4605 ) ;
#183 =( GEOMETRIC_REPRESENTATION_CONTEXT ( 3 ) GLOBAL_UNCERTAINTY_ASSIGNED_CONTEXT ( ( #4594 ) ) GLOBAL_UNIT_ASSIGNED_CONTEXT ( ( #5115, #4762, #1641 ) ) REPRESENTATION_CONTEXT ( 'NONE', 'WORKASPACE' ) );
#184 = LINE ( 'NONE', #5503, #83 ) ;
#185 = PRESENTATION_STYLE_ASSIGNMENT (( #1528 ) ) ;
#186 = VECTOR ( 'NONE', #1677, 1000.000000000000000 ) ;
#187 = CARTESIAN_POINT ( 'NONE',  ( -2.772034335096362767, -0.5500000000000000444, 1.351853585938290303 ) ) ;
#188 = VECTOR ( 'NONE', #638, 1000.000000000000114 ) ;
#189 = PRESENTATION_STYLE_ASSIGNMENT (( #4944 ) ) ;
#190 = UNCERTAINTY_MEASURE_WITH_UNIT (LENGTH_MEASURE( 1.000000000000000082E-05 ), #5373, 'distance_accuracy_value', 'NONE');
#191 = FILL_AREA_STYLE ('',( #1845 ) ) ;
#192 = FACE_OUTER_BOUND ( 'NONE', #1518, .T. ) ;
#193 = CARTESIAN_POINT ( 'NONE',  ( 0.000000000000000000, -0.6000000000000000888, 0.000000000000000000 ) ) ;
#194 = UNCERTAINTY_MEASURE_WITH_UNIT (LENGTH_MEASURE( 1.000000000000000082E-05 ), #1920, 'distance_accuracy_value', 'NONE');
#195 = ORIENTED_EDGE ( 'NONE', *, *, #4501, .F. ) ;
#196 = ORIENTED_EDGE ( 'NONE', *, *, #1342, .F. ) ;
#197 = ORIENTED_EDGE ( 'NONE', *, *, #2294, .T. ) ;
#198 = LINE ( 'NONE', #5339, #4074 ) ;
#199 = LINE ( 'NONE', #5464, #2738 ) ;
#200 = SURFACE_STYLE_FILL_AREA ( #3571 ) ;
#201 = VERTEX_POINT ( 'NONE', #4764 ) ;
#202 = AXIS2_PLACEMENT_3D ( 'NONE', #2297, #4547, #4927 ) ;
#203 = FILL_AREA_STYLE ('',( #4525 ) ) ;
#204 = FILL_AREA_STYLE ('',( #694 ) ) ;
#205 = CARTESIAN_POINT ( 'NONE',  ( -0.4299999999999998268, -0.5500000000000000444, -2.709383666850158967 ) ) ;
#206 = SURFACE_STYLE_USAGE ( .BOTH. , #4995 ) ;
#207 = ADVANCED_FACE ( 'NONE', ( #1643 ), #1217, .T. ) ;
#208 = CARTESIAN_POINT ( 'NONE',  ( 1.286968016822274507E-16, -0.6000000000000000888, 1.145000000000000684 ) ) ;
#209 = LINE ( 'NONE', #4157, #17 ) ;
#210 = LINE ( 'NONE', #1896, #3194 ) ;
#211 = ORIENTED_EDGE ( 'NONE', *, *, #681, .F. ) ;
#212 = EDGE_CURVE ( 'NONE', #145, #1627, #4709, .T. ) ;
#213 = SURFACE_STYLE_FILL_AREA ( #1463 ) ;
#214 = LINE ( 'NONE', #699, #2229 ) ;
#215 = MECHANICAL_DESIGN_GEOMETRIC_PRESENTATION_REPRESENTATION (  '', ( #3661 ), #921 ) ;
#216 =( GEOMETRIC_REPRESENTATION_CONTEXT ( 3 ) GLOBAL_UNCERTAINTY_ASSIGNED_CONTEXT ( ( #3230 ) ) GLOBAL_UNIT_ASSIGNED_CONTEXT ( ( #2950, #1266, #5658 ) ) REPRESENTATION_CONTEXT ( 'NONE', 'WORKASPACE' ) );
#217 = MECHANICAL_DESIGN_GEOMETRIC_PRESENTATION_REPRESENTATION (  '', ( #2642 ), #1721 ) ;
#218 = ORIENTED_EDGE ( 'NONE', *, *, #2341, .T. ) ;
#219 = VERTEX_POINT ( 'NONE', #455 ) ;
#220 = CARTESIAN_POINT ( 'NONE',  ( -0.4905381964949708795, -0.6000000000000000888, 0.000000000000000000 ) ) ;
#221 = CARTESIAN_POINT ( 'NONE',  ( 1.760538196494970675, -0.6000000000000000888, -2.833519861046362109 ) ) ;
#222 = VECTOR ( 'NONE', #2930, 1000.000000000000000 ) ;
#223 = FILL_AREA_STYLE ('',( #5492 ) ) ;
#224 = ORIENTED_EDGE ( 'NONE', *, *, #818, .F. ) ;
#225 = PRESENTATION_STYLE_ASSIGNMENT (( #1051 ) ) ;
#226 = CIRCLE ( 'NONE', #1467, 0.6500247227779178960 ) ;
#227 = CARTESIAN_POINT ( 'NONE',  ( 1.700000000000000178, -0.6000000000000000888, 2.709383666850159411 ) ) ;
#228 = COLOUR_RGB ( '',1.000000000000000000, 1.000000000000000000, 1.000000000000000000 ) ;
#229 = EDGE_CURVE ( 'NONE', #2612, #4979, #2919, .T. ) ;
#230 = ORIENTED_EDGE ( 'NONE', *, *, #4845, .T. ) ;
#231 = COLOUR_RGB ( '',1.000000000000000000, 1.000000000000000000, 1.000000000000000000 ) ;
#232 = DIRECTION ( 'NONE',  ( 0.000000000000000000, 0.000000000000000000, -1.000000000000000000 ) ) ;
#233 = AXIS2_PLACEMENT_3D ( 'NONE', #3037, #5421, #424 ) ;
#234 = DIRECTION ( 'NONE',  ( -1.000000000000000000, 0.000000000000000000, 0.000000000000000000 ) ) ;
#235 = DIRECTION ( 'NONE',  ( -0.000000000000000000, 1.000000000000000000, -0.000000000000000000 ) ) ;
#236 = AXIS2_PLACEMENT_3D ( 'NONE', #3931, #1720, #3484 ) ;
#237 =( LENGTH_UNIT ( ) NAMED_UNIT ( * ) SI_UNIT ( .MILLI., .METRE. ) );
#238 = PRESENTATION_STYLE_ASSIGNMENT (( #1895 ) ) ;
#239 = CARTESIAN_POINT ( 'NONE',  ( -0.4300000000000002709, -0.6000000000000000888, 2.709383666850159411 ) ) ;
#240 = EDGE_LOOP ( 'NONE', ( #4774, #3465, #379, #4403 ) ) ;
#241 = UNCERTAINTY_MEASURE_WITH_UNIT (LENGTH_MEASURE( 1.000000000000000082E-05 ), #539, 'distance_accuracy_value', 'NONE');
#242 = DIRECTION ( 'NONE',  ( -1.000000000000000000, 0.000000000000000000, 0.000000000000000000 ) ) ;
#243 = ADVANCED_FACE ( 'NONE', ( #3822 ), #2064, .F. ) ;
#244 = VERTEX_POINT ( 'NONE', #3368 ) ;
#245 = ORIENTED_EDGE ( 'NONE', *, *, #2160, .F. ) ;
#246 = LINE ( 'NONE', #4574, #4261 ) ;
#247 = CARTESIAN_POINT ( 'NONE',  ( -1.700000000000000178, -0.5500000000000000444, -2.709383666850158967 ) ) ;
#248 = DIRECTION ( 'NONE',  ( -0.8988142171340585129, 0.000000000000000000, -0.4383297880337241881 ) ) ;
#249 = VERTEX_POINT ( 'NONE', #1011 ) ;
#250 = CARTESIAN_POINT ( 'NONE',  ( 0.3059389231776404316, -0.6000000000000000888, -0.1491989565711548393 ) ) ;
#251 = EDGE_CURVE ( 'NONE', #3597, #1768, #3514, .T. ) ;
#252 = EDGE_CURVE ( 'NONE', #5253, #2304, #560, .T. ) ;
#253 = CARTESIAN_POINT ( 'NONE',  ( 0.8400000000000000799, -0.6000000000000000888, 2.414999999999999591 ) ) ;
#254 = ORIENTED_EDGE ( 'NONE', *, *, #818, .T. ) ;
#255 = VECTOR ( 'NONE', #4913, 1000.000000000000000 ) ;
#256 = LINE ( 'NONE', #5500, #1678 ) ;
#257 =( LENGTH_UNIT ( ) NAMED_UNIT ( * ) SI_UNIT ( .MILLI., .METRE. ) );
#258 = DIRECTION ( 'NONE',  ( -0.000000000000000000, 1.000000000000000000, -0.000000000000000000 ) ) ;
#259 = LINE ( 'NONE', #2763, #2841 ) ;
#260 = SURFACE_SIDE_STYLE ('',( #1458 ) ) ;
#261 = VECTOR ( 'NONE', #16, 1000.000000000000000 ) ;
#262 =( LENGTH_UNIT ( ) NAMED_UNIT ( * ) SI_UNIT ( .MILLI., .METRE. ) );
#263 =( GEOMETRIC_REPRESENTATION_CONTEXT ( 3 ) GLOBAL_UNCERTAINTY_ASSIGNED_CONTEXT ( ( #2069 ) ) GLOBAL_UNIT_ASSIGNED_CONTEXT ( ( #3945, #1389, #4856 ) ) REPRESENTATION_CONTEXT ( 'NONE', 'WORKASPACE' ) );
#264 = DIRECTION ( 'NONE',  ( 1.000000000000000000, 0.000000000000000000, 9.811046702872364580E-15 ) ) ;
#265 = LINE ( 'NONE', #590, #4035 ) ;
#266 = PLANE ( 'NONE',  #1983 ) ;
#267 = ADVANCED_BREP_SHAPE_REPRESENTATION ( 'MCC MCACD50N06YHE3-TP', ( #2074, #1561 ), #156 ) ;
#268 = FILL_AREA_STYLE_COLOUR ( '', #1806 ) ;
#269 = CARTESIAN_POINT ( 'NONE',  ( -0.7794618035050293603, -0.5500000000000000444, 2.833519861046362109 ) ) ;
#270 = VECTOR ( 'NONE', #155, 1000.000000000000000 ) ;
#271 = ORIENTED_EDGE ( 'NONE', *, *, #4595, .F. ) ;
#272 = AXIS2_PLACEMENT_3D ( 'NONE', #623, #4976, #2865 ) ;
#273 = ORIENTED_EDGE ( 'NONE', *, *, #4682, .F. ) ;
#274 = PRESENTATION_LAYER_ASSIGNMENT (  '', '', ( #2706 ) ) ;
#275 = VERTEX_POINT ( 'NONE', #3607 ) ;
#276 = ORIENTED_EDGE ( 'NONE', *, *, #2945, .F. ) ;
#277 = EDGE_CURVE ( 'NONE', #3464, #4379, #504, .T. ) ;
#278 = DIRECTION ( 'NONE',  ( -0.000000000000000000, 0.000000000000000000, 1.000000000000000000 ) ) ;
#279 = VECTOR ( 'NONE', #5206, 1000.000000000000114 ) ;
#280 = LINE ( 'NONE', #1963, #1023 ) ;
#281 = VERTEX_POINT ( 'NONE', #2219 ) ;
#282 =( NAMED_UNIT ( * ) SI_UNIT ( $, .STERADIAN. ) SOLID_ANGLE_UNIT ( ) );
#283 = EDGE_LOOP ( 'NONE', ( #711, #978, #2381, #790, #2729, #4869 ) ) ;
#284 = EDGE_CURVE ( 'NONE', #445, #2612, #1785, .T. ) ;
#285 = LINE ( 'NONE', #3022, #5098 ) ;
#286 = FILL_AREA_STYLE ('',( #3361 ) ) ;
#287 = FILL_AREA_STYLE_COLOUR ( '', #2525 ) ;
#288 = DIRECTION ( 'NONE',  ( -0.000000000000000000, -1.000000000000000000, -0.000000000000000000 ) ) ;
#289 = ADVANCED_FACE ( 'NONE', ( #78 ), #1809, .F. ) ;
#290 = DIRECTION ( 'NONE',  ( 0.000000000000000000, -0.000000000000000000, -1.000000000000000000 ) ) ;
#291 = CARTESIAN_POINT ( 'NONE',  ( 0.4905381964949708795, -0.5500000000000000444, 2.833519861046362109 ) ) ;
#292 = DIRECTION ( 'NONE',  ( 1.000000000000000000, 0.000000000000000000, 0.000000000000000000 ) ) ;
#293 = MECHANICAL_DESIGN_GEOMETRIC_PRESENTATION_REPRESENTATION (  '', ( #1614 ), #2352 ) ;
#294 = LINE ( 'NONE', #239, #2830 ) ;
#295 = VERTEX_POINT ( 'NONE', #5284 ) ;
#296 = UNCERTAINTY_MEASURE_WITH_UNIT (LENGTH_MEASURE( 1.000000000000000082E-05 ), #262, 'distance_accuracy_value', 'NONE');
#297 =( NAMED_UNIT ( * ) PLANE_ANGLE_UNIT ( ) SI_UNIT ( $, .RADIAN. ) );
#298 = ORIENTED_EDGE ( 'NONE', *, *, #284, .F. ) ;
#299 = VERTEX_POINT ( 'NONE', #2651 ) ;
#300 = CARTESIAN_POINT ( 'NONE',  ( -0.4905381964949708795, -0.3460000000000000853, 3.074999999999999734 ) ) ;
#301 = CARTESIAN_POINT ( 'NONE',  ( 2.600000000000000089, 0.4499999999999997891, -2.899999999999999911 ) ) ;
#302 = PLANE ( 'NONE',  #4034 ) ;
#303 = ORIENTED_EDGE ( 'NONE', *, *, #68, .F. ) ;
#304 = LINE ( 'NONE', #2002, #4287 ) ;
#305 = VECTOR ( 'NONE', #1069, 1000.000000000000000 ) ;
#306 = VECTOR ( 'NONE', #2446, 1000.000000000000000 ) ;
#307 = SURFACE_STYLE_USAGE ( .BOTH. , #2003 ) ;
#308 = ORIENTED_EDGE ( 'NONE', *, *, #2688, .F. ) ;
#309 = PRESENTATION_STYLE_ASSIGNMENT (( #1231 ) ) ;
#310 = STYLED_ITEM ( 'NONE', ( #3188 ), #625 ) ;
#311 = ADVANCED_FACE ( 'NONE', ( #3583 ), #3939, .F. ) ;
#312 = ORIENTED_EDGE ( 'NONE', *, *, #121, .T. ) ;
#313 = COLOUR_RGB ( '',1.000000000000000000, 1.000000000000000000, 1.000000000000000000 ) ;
#314 = MECHANICAL_DESIGN_GEOMETRIC_PRESENTATION_REPRESENTATION (  '', ( #757 ), #5244 ) ;
#315 = PRESENTATION_STYLE_ASSIGNMENT (( #2946 ) ) ;
#316 = STYLED_ITEM ( 'NONE', ( #4358 ), #5301 ) ;
#317 = CYLINDRICAL_SURFACE ( 'NONE', #3279, 0.09999999999999993616 ) ;
#318 = LINE ( 'NONE', #1897, #750 ) ;
#319 = ADVANCED_FACE ( 'NONE', ( #3094 ), #1091, .F. ) ;
#320 = UNCERTAINTY_MEASURE_WITH_UNIT (LENGTH_MEASURE( 1.000000000000000082E-05 ), #2585, 'distance_accuracy_value', 'NONE');
#321 = ORIENTED_EDGE ( 'NONE', *, *, #4143, .T. ) ;
#322 = VERTEX_POINT ( 'NONE', #2824 ) ;
#323 = LINE ( 'NONE', #3343, #4852 ) ;
#324 =( NAMED_UNIT ( * ) SI_UNIT ( $, .STERADIAN. ) SOLID_ANGLE_UNIT ( ) );
#325 = ORIENTED_EDGE ( 'NONE', *, *, #3830, .T. ) ;
#326 = ORIENTED_EDGE ( 'NONE', *, *, #2826, .F. ) ;
#327 = ORIENTED_EDGE ( 'NONE', *, *, #4348, .T. ) ;
#328 = SURFACE_STYLE_FILL_AREA ( #2553 ) ;
#329 = DIRECTION ( 'NONE',  ( -0.4383297880337241881, 0.000000000000000000, -0.8988142171340585129 ) ) ;
#330 = ORIENTED_EDGE ( 'NONE', *, *, #4340, .F. ) ;
#331 = LINE ( 'NONE', #3356, #3570 ) ;
#332 = EDGE_LOOP ( 'NONE', ( #3407, #5569, #2965, #724 ) ) ;
#333 = LINE ( 'NONE', #4262, #1115 ) ;
#334 = SURFACE_SIDE_STYLE ('',( #3784 ) ) ;
#335 = VERTEX_POINT ( 'NONE', #1481 ) ;
#336 = PLANE ( 'NONE',  #4451 ) ;
#337 = ORIENTED_EDGE ( 'NONE', *, *, #4735, .F. ) ;
#338 = MECHANICAL_DESIGN_GEOMETRIC_PRESENTATION_REPRESENTATION (  '', ( #4524 ), #5363 ) ;
#339 = CARTESIAN_POINT ( 'NONE',  ( 1.760538196494970675, -0.3460000000000000853, -3.074999999999999734 ) ) ;
#340 = EDGE_CURVE ( 'NONE', #1137, #2805, #670, .T. ) ;
#341 = LINE ( 'NONE', #2512, #4538 ) ;
#342 = SURFACE_SIDE_STYLE ('',( #3431 ) ) ;
#343 = AXIS2_PLACEMENT_3D ( 'NONE', #3458, #4356, #1319 ) ;
#344 = ORIENTED_EDGE ( 'NONE', *, *, #4742, .F. ) ;
#345 = CARTESIAN_POINT ( 'NONE',  ( 2.049461803505029156, -0.3460000000000000853, 2.899999999999999911 ) ) ;
#346 = EDGE_CURVE ( 'NONE', #5220, #2477, #1525, .T. ) ;
#347 = VECTOR ( 'NONE', #5425, 1000.000000000000000 ) ;
#348 = EDGE_CURVE ( 'NONE', #1160, #1771, #2359, .T. ) ;
#349 = VECTOR ( 'NONE', #4200, 1000.000000000000114 ) ;
#350 = UNCERTAINTY_MEASURE_WITH_UNIT (LENGTH_MEASURE( 1.000000000000000082E-05 ), #4506, 'distance_accuracy_value', 'NONE');
#351 = PRESENTATION_LAYER_ASSIGNMENT (  '', '', ( #981 ) ) ;
#352 = ORIENTED_EDGE ( 'NONE', *, *, #3110, .F. ) ;
#353 = ORIENTED_EDGE ( 'NONE', *, *, #1195, .T. ) ;
#354 = SURFACE_STYLE_USAGE ( .BOTH. , #1307 ) ;
#355 = STYLED_ITEM ( 'NONE', ( #1360 ), #2333 ) ;
#356 = LINE ( 'NONE', #3350, #4935 ) ;
#357 = FILL_AREA_STYLE_COLOUR ( '', #5431 ) ;
#358 = MECHANICAL_DESIGN_GEOMETRIC_PRESENTATION_REPRESENTATION (  '', ( #4542 ), #2702 ) ;
#359 = ORIENTED_EDGE ( 'NONE', *, *, #5374, .T. ) ;
#360 = CARTESIAN_POINT ( 'NONE',  ( -2.109999999999999876, -0.5500000000000000444, 2.414999999999999591 ) ) ;
#361 = ORIENTED_EDGE ( 'NONE', *, *, #4848, .T. ) ;
#362 = FILL_AREA_STYLE_COLOUR ( '', #3208 ) ;
#363 = MECHANICAL_DESIGN_GEOMETRIC_PRESENTATION_REPRESENTATION (  '', ( #2142 ), #2422 ) ;
#364 = DIRECTION ( 'NONE',  ( -0.000000000000000000, 1.000000000000000000, -0.000000000000000000 ) ) ;
#365 = MECHANICAL_DESIGN_GEOMETRIC_PRESENTATION_REPRESENTATION (  '', ( #2799 ), #15 ) ;
#366 =( LENGTH_UNIT ( ) NAMED_UNIT ( * ) SI_UNIT ( .MILLI., .METRE. ) );
#367 = ORIENTED_EDGE ( 'NONE', *, *, #5460, .T. ) ;
#368 = DIRECTION ( 'NONE',  ( -0.000000000000000000, 1.000000000000000000, -0.000000000000000000 ) ) ;
#369 = DIRECTION ( 'NONE',  ( 1.000000000000000000, 0.000000000000000000, 0.000000000000000000 ) ) ;
#370 = FILL_AREA_STYLE ('',( #4328 ) ) ;
#371 = DIRECTION ( 'NONE',  ( 0.000000000000000000, 0.000000000000000000, -1.000000000000000000 ) ) ;
#372 = CARTESIAN_POINT ( 'NONE',  ( -2.049461803505029156, -0.6000000000000000888, -2.833519861046362109 ) ) ;
#373 = EDGE_LOOP ( 'NONE', ( #654, #3232, #3653, #3049, #4726, #4980, #273, #915, #4236, #4265, #742, #353, #1795, #36, #2654, #1993, #3307, #5553, #1099, #3242, #5050, #4026, #1607, #2495, #321, #651, #3059 ) ) ;
#374 = PLANE ( 'NONE',  #2403 ) ;
#375 = SURFACE_STYLE_USAGE ( .BOTH. , #2015 ) ;
#376 = VECTOR ( 'NONE', #2753, 1000.000000000000114 ) ;
#377 = SURFACE_STYLE_FILL_AREA ( #4302 ) ;
#378 = ADVANCED_FACE ( 'NONE', ( #4996 ), #3669, .F. ) ;
#379 = ORIENTED_EDGE ( 'NONE', *, *, #2548, .F. ) ;
#380 = ORIENTED_EDGE ( 'NONE', *, *, #4765, .F. ) ;
#381 = DIRECTION ( 'NONE',  ( 0.000000000000000000, -1.000000000000000000, 0.000000000000000000 ) ) ;
#382 = FILL_AREA_STYLE_COLOUR ( '', #3011 ) ;
#383 =( NAMED_UNIT ( * ) PLANE_ANGLE_UNIT ( ) SI_UNIT ( $, .RADIAN. ) );
#384 =( NAMED_UNIT ( * ) PLANE_ANGLE_UNIT ( ) SI_UNIT ( $, .RADIAN. ) );
#385 = ORIENTED_EDGE ( 'NONE', *, *, #4435, .F. ) ;
#386 = DIRECTION ( 'NONE',  ( 0.000000000000000000, -0.000000000000000000, 1.000000000000000000 ) ) ;
#387 = EDGE_CURVE ( 'NONE', #1160, #2956, #5474, .T. ) ;
#388 = EDGE_LOOP ( 'NONE', ( #95, #5606, #5615, #517, #3771, #1634 ) ) ;
#389 = FILL_AREA_STYLE ('',( #2087 ) ) ;
#390 = ORIENTED_EDGE ( 'NONE', *, *, #917, .F. ) ;
#391 =( NAMED_UNIT ( * ) PLANE_ANGLE_UNIT ( ) SI_UNIT ( $, .RADIAN. ) );
#392 = DIRECTION ( 'NONE',  ( 0.000000000000000000, 0.000000000000000000, -1.000000000000000000 ) ) ;
#393 = CARTESIAN_POINT ( 'NONE',  ( -1.700000000000000178, -0.5500000000000000444, -2.574999999999999734 ) ) ;
#394 =( GEOMETRIC_REPRESENTATION_CONTEXT ( 3 ) GLOBAL_UNCERTAINTY_ASSIGNED_CONTEXT ( ( #3955 ) ) GLOBAL_UNIT_ASSIGNED_CONTEXT ( ( #534, #2659, #1816 ) ) REPRESENTATION_CONTEXT ( 'NONE', 'WORKASPACE' ) );
#395 = PRODUCT_RELATED_PRODUCT_CATEGORY ( 'part', '', ( #4098 ) ) ;
#396 = VECTOR ( 'NONE', #825, 1000.000000000000000 ) ;
#397 = COLOUR_RGB ( '',1.000000000000000000, 1.000000000000000000, 1.000000000000000000 ) ;
#398 = PRESENTATION_LAYER_ASSIGNMENT (  '', '', ( #310 ) ) ;
#399 =( GEOMETRIC_REPRESENTATION_CONTEXT ( 3 ) GLOBAL_UNCERTAINTY_ASSIGNED_CONTEXT ( ( #582 ) ) GLOBAL_UNIT_ASSIGNED_CONTEXT ( ( #2063, #2983, #4820 ) ) REPRESENTATION_CONTEXT ( 'NONE', 'WORKASPACE' ) );
#400 = PLANE ( 'NONE',  #3519 ) ;
#401 = DIRECTION ( 'NONE',  ( -0.4383297880337241881, 0.000000000000000000, -0.8988142171340585129 ) ) ;
#402 = CARTESIAN_POINT ( 'NONE',  ( 0.000000000000000000, -0.3460000000000000853, 0.000000000000000000 ) ) ;
#403 =( GEOMETRIC_REPRESENTATION_CONTEXT ( 3 ) GLOBAL_UNCERTAINTY_ASSIGNED_CONTEXT ( ( #763 ) ) GLOBAL_UNIT_ASSIGNED_CONTEXT ( ( #4298, #2577, #2099 ) ) REPRESENTATION_CONTEXT ( 'NONE', 'WORKASPACE' ) );
#404 = CIRCLE ( 'NONE', #4129, 0.6500247227779178960 ) ;
#405 = VECTOR ( 'NONE', #4319, 1000.000000000000114 ) ;
#406 = MECHANICAL_DESIGN_GEOMETRIC_PRESENTATION_REPRESENTATION (  '', ( #59 ), #1468 ) ;
#407 = SURFACE_STYLE_FILL_AREA ( #1594 ) ;
#408 = STYLED_ITEM ( 'NONE', ( #238 ), #5233 ) ;
#409 = DIRECTION ( 'NONE',  ( 1.000000000000000000, 0.000000000000000000, 0.000000000000000000 ) ) ;
#410 = UNCERTAINTY_MEASURE_WITH_UNIT (LENGTH_MEASURE( 1.000000000000000082E-05 ), #2765, 'distance_accuracy_value', 'NONE');
#411 = ORIENTED_EDGE ( 'NONE', *, *, #4038, .F. ) ;
#412 = SURFACE_STYLE_USAGE ( .BOTH. , #5612 ) ;
#413 = FACE_OUTER_BOUND ( 'NONE', #5319, .T. ) ;
#414 = DIRECTION ( 'NONE',  ( 0.000000000000000000, 0.000000000000000000, 1.000000000000000000 ) ) ;
#415 = EDGE_CURVE ( 'NONE', #1939, #3448, #2885, .T. ) ;
#416 = DIRECTION ( 'NONE',  ( 0.000000000000000000, 1.000000000000000000, 0.000000000000000000 ) ) ;
#417 = ORIENTED_EDGE ( 'NONE', *, *, #2752, .F. ) ;
#418 = EDGE_LOOP ( 'NONE', ( #2171, #1201, #4629, #2783, #1572, #708 ) ) ;
#419 = CARTESIAN_POINT ( 'NONE',  ( 1.760538196494970675, -0.5500000000000000444, 2.899999999999999911 ) ) ;
#420 = ADVANCED_FACE ( 'NONE', ( #2308 ), #5409, .F. ) ;
#421 = LINE ( 'NONE', #70, #751 ) ;
#422 = ORIENTED_EDGE ( 'NONE', *, *, #1657, .T. ) ;
#423 = LINE ( 'NONE', #4758, #1597 ) ;
#424 = DIRECTION ( 'NONE',  ( 0.000000000000000000, 0.000000000000000000, 1.000000000000000000 ) ) ;
#425 = CARTESIAN_POINT ( 'NONE',  ( 0.4299999999999998268, -0.6000000000000000888, -2.709383666850158967 ) ) ;
#426 = FACE_OUTER_BOUND ( 'NONE', #469, .T. ) ;
#427 = SURFACE_SIDE_STYLE ('',( #2889 ) ) ;
#428 = PRESENTATION_STYLE_ASSIGNMENT (( #1353 ) ) ;
#429 =( GEOMETRIC_REPRESENTATION_CONTEXT ( 3 ) GLOBAL_UNCERTAINTY_ASSIGNED_CONTEXT ( ( #4686 ) ) GLOBAL_UNIT_ASSIGNED_CONTEXT ( ( #457, #3970, #1381 ) ) REPRESENTATION_CONTEXT ( 'NONE', 'WORKASPACE' ) );
#430 = ORIENTED_EDGE ( 'NONE', *, *, #4355, .T. ) ;
#431 = SURFACE_STYLE_USAGE ( .BOTH. , #2102 ) ;
#432 = VECTOR ( 'NONE', #232, 1000.000000000000000 ) ;
#433 = ORIENTED_EDGE ( 'NONE', *, *, #859, .T. ) ;
#434 = EDGE_LOOP ( 'NONE', ( #3379, #906, #4621, #3577 ) ) ;
#435 = DIRECTION ( 'NONE',  ( 1.000000000000000000, 0.000000000000000000, 0.000000000000000000 ) ) ;
#436 = CARTESIAN_POINT ( 'NONE',  ( -0.3857966767330511804, -0.6000000000000000888, 1.145000000000000684 ) ) ;
#437 = DIRECTION ( 'NONE',  ( 0.000000000000000000, 1.000000000000000000, 0.000000000000000000 ) ) ;
#438 = FACE_OUTER_BOUND ( 'NONE', #1547, .T. ) ;
#439 = ORIENTED_EDGE ( 'NONE', *, *, #974, .F. ) ;
#440 = EDGE_CURVE ( 'NONE', #2875, #5652, #3363, .T. ) ;
#441 = VECTOR ( 'NONE', #4891, 1000.000000000000114 ) ;
#442 = PRESENTATION_STYLE_ASSIGNMENT (( #3841 ) ) ;
#443 = COLOUR_RGB ( '',1.000000000000000000, 1.000000000000000000, 1.000000000000000000 ) ;
#444 = PLANE ( 'NONE',  #653 ) ;
#445 = VERTEX_POINT ( 'NONE', #755 ) ;
#446 =( GEOMETRIC_REPRESENTATION_CONTEXT ( 3 ) GLOBAL_UNCERTAINTY_ASSIGNED_CONTEXT ( ( #3018 ) ) GLOBAL_UNIT_ASSIGNED_CONTEXT ( ( #1010, #5438, #4470 ) ) REPRESENTATION_CONTEXT ( 'NONE', 'WORKASPACE' ) );
#447 = PLANE ( 'NONE',  #236 ) ;
#448 = MECHANICAL_DESIGN_GEOMETRIC_PRESENTATION_REPRESENTATION (  '', ( #1511 ), #1866 ) ;
#449 = EDGE_CURVE ( 'NONE', #4654, #249, #3815, .T. ) ;
#450 =( GEOMETRIC_REPRESENTATION_CONTEXT ( 3 ) GLOBAL_UNCERTAINTY_ASSIGNED_CONTEXT ( ( #194 ) ) GLOBAL_UNIT_ASSIGNED_CONTEXT ( ( #1920, #1038, #2419 ) ) REPRESENTATION_CONTEXT ( 'NONE', 'WORKASPACE' ) );
#451 =( GEOMETRIC_REPRESENTATION_CONTEXT ( 3 ) GLOBAL_UNCERTAINTY_ASSIGNED_CONTEXT ( ( #1619 ) ) GLOBAL_UNIT_ASSIGNED_CONTEXT ( ( #1741, #1470, #1544 ) ) REPRESENTATION_CONTEXT ( 'NONE', 'WORKASPACE' ) );
#452 = SURFACE_SIDE_STYLE ('',( #953 ) ) ;
#453 = VECTOR ( 'NONE', #2396, 1000.000000000000114 ) ;
#454 = SURFACE_STYLE_USAGE ( .BOTH. , #4418 ) ;
#455 = CARTESIAN_POINT ( 'NONE',  ( -0.4905381964949706575, -0.5500000000000000444, -2.833519861046362109 ) ) ;
#456 = EDGE_CURVE ( 'NONE', #3739, #5387, #1581, .T. ) ;
#457 =( LENGTH_UNIT ( ) NAMED_UNIT ( * ) SI_UNIT ( .MILLI., .METRE. ) );
#458 = SURFACE_STYLE_USAGE ( .BOTH. , #533 ) ;
#459 = EDGE_CURVE ( 'NONE', #1703, #3406, #2478, .T. ) ;
#460 = VERTEX_POINT ( 'NONE', #5167 ) ;
#461 = ORIENTED_EDGE ( 'NONE', *, *, #2303, .T. ) ;
#462 =( GEOMETRIC_REPRESENTATION_CONTEXT ( 3 ) GLOBAL_UNCERTAINTY_ASSIGNED_CONTEXT ( ( #2518 ) ) GLOBAL_UNIT_ASSIGNED_CONTEXT ( ( #2639, #4028, #4407 ) ) REPRESENTATION_CONTEXT ( 'NONE', 'WORKASPACE' ) );
#463 = LINE ( 'NONE', #3975, #2509 ) ;
#464 = CARTESIAN_POINT ( 'NONE',  ( -0.8400000000000000799, -0.6000000000000000888, 0.000000000000000000 ) ) ;
#465 = DIRECTION ( 'NONE',  ( 1.000000000000000000, 0.000000000000000000, 0.000000000000000000 ) ) ;
#466 = DIRECTION ( 'NONE',  ( -0.000000000000000000, 1.000000000000000000, -0.000000000000000000 ) ) ;
#467 = STYLED_ITEM ( 'NONE', ( #5005 ), #1442 ) ;
#468 = CARTESIAN_POINT ( 'NONE',  ( -0.4300000000000002709, -0.5500000000000000444, 2.414999999999999591 ) ) ;
#469 = EDGE_LOOP ( 'NONE', ( #1143, #2669, #768, #5570 ) ) ;
#470 = ORIENTED_EDGE ( 'NONE', *, *, #2981, .F. ) ;
#471 = DIRECTION ( 'NONE',  ( -1.000000000000000000, 0.000000000000000000, 0.000000000000000000 ) ) ;
#472 = ORIENTED_EDGE ( 'NONE', *, *, #89, .T. ) ;
#473 = SURFACE_SIDE_STYLE ('',( #4977 ) ) ;
#474 = SURFACE_SIDE_STYLE ('',( #895 ) ) ;
#475 =( LENGTH_UNIT ( ) NAMED_UNIT ( * ) SI_UNIT ( .MILLI., .METRE. ) );
#476 =( NAMED_UNIT ( * ) SI_UNIT ( $, .STERADIAN. ) SOLID_ANGLE_UNIT ( ) );
#477 = EDGE_CURVE ( 'NONE', #682, #2304, #2007, .T. ) ;
#478 = STYLED_ITEM ( 'NONE', ( #2373 ), #1453 ) ;
#479 = CARTESIAN_POINT ( 'NONE',  ( 0.8400000000000000799, -0.6000000000000000888, 0.000000000000000000 ) ) ;
#480 = FACE_OUTER_BOUND ( 'NONE', #1312, .T. ) ;
#481 = SURFACE_STYLE_USAGE ( .BOTH. , #903 ) ;
#482 = COLOUR_RGB ( '',1.000000000000000000, 1.000000000000000000, 1.000000000000000000 ) ;
#483 = PRESENTATION_LAYER_ASSIGNMENT (  '', '', ( #3372 ) ) ;
#484 = EDGE_CURVE ( 'NONE', #5395, #168, #783, .T. ) ;
#485 = PRESENTATION_LAYER_ASSIGNMENT (  '', '', ( #5633 ) ) ;
#486 = VECTOR ( 'NONE', #3659, 1000.000000000000000 ) ;
#487 = VECTOR ( 'NONE', #2828, 1000.000000000000000 ) ;
#488 = VECTOR ( 'NONE', #2126, 1000.000000000000000 ) ;
#489 = VERTEX_POINT ( 'NONE', #5654 ) ;
#490 = VECTOR ( 'NONE', #1637, 1000.000000000000000 ) ;
#491 = LINE ( 'NONE', #1331, #3096 ) ;
#492 = CARTESIAN_POINT ( 'NONE',  ( 2.049461803505029156, -0.3460000000000000853, -2.899999999999999911 ) ) ;
#493 =( NAMED_UNIT ( * ) SI_UNIT ( $, .STERADIAN. ) SOLID_ANGLE_UNIT ( ) );
#494 = DIRECTION ( 'NONE',  ( -0.000000000000000000, 0.000000000000000000, 1.000000000000000000 ) ) ;
#495 = VERTEX_POINT ( 'NONE', #393 ) ;
#496 = ORIENTED_EDGE ( 'NONE', *, *, #1701, .F. ) ;
#497 = LINE ( 'NONE', #519, #4815 ) ;
#498 = MECHANICAL_DESIGN_GEOMETRIC_PRESENTATION_REPRESENTATION (  '', ( #3123 ), #4970 ) ;
#499 = ORIENTED_EDGE ( 'NONE', *, *, #3903, .T. ) ;
#500 = CARTESIAN_POINT ( 'NONE',  ( 0.8400000000000000799, -0.5500000000000000444, 0.000000000000000000 ) ) ;
#501 = PRESENTATION_STYLE_ASSIGNMENT (( #4417 ) ) ;
#502 = SURFACE_SIDE_STYLE ('',( #2247 ) ) ;
#503 = FILL_AREA_STYLE_COLOUR ( '', #3762 ) ;
#504 = LINE ( 'NONE', #5377, #3112 ) ;
#505 = EDGE_CURVE ( 'NONE', #3840, #460, #2542, .T. ) ;
#506 = VECTOR ( 'NONE', #3887, 1000.000000000000000 ) ;
#507 = EDGE_CURVE ( 'NONE', #295, #2589, #1665, .T. ) ;
#508 = EDGE_CURVE ( 'NONE', #1656, #5153, #2975, .T. ) ;
#509 =( GEOMETRIC_REPRESENTATION_CONTEXT ( 3 ) GLOBAL_UNCERTAINTY_ASSIGNED_CONTEXT ( ( #2550 ) ) GLOBAL_UNIT_ASSIGNED_CONTEXT ( ( #1617, #4648, #3826 ) ) REPRESENTATION_CONTEXT ( 'NONE', 'WORKASPACE' ) );
#510 = PRESENTATION_STYLE_ASSIGNMENT (( #2252 ) ) ;
#511 = PRESENTATION_STYLE_ASSIGNMENT (( #2316 ) ) ;
#512 = CARTESIAN_POINT ( 'NONE',  ( -1.760538196494970675, -0.6000000000000000888, 0.000000000000000000 ) ) ;
#513 = CARTESIAN_POINT ( 'NONE',  ( 7.960506961166227861E-17, 0.5000000000000000000, -2.343627668065106917 ) ) ;
#514 = DIRECTION ( 'NONE',  ( 0.000000000000000000, 0.000000000000000000, 1.000000000000000000 ) ) ;
#515 = DIRECTION ( 'NONE',  ( 0.000000000000000000, 0.000000000000000000, -1.000000000000000000 ) ) ;
#516 = AXIS2_PLACEMENT_3D ( 'NONE', #5564, #2510, #1611 ) ;
#517 = ORIENTED_EDGE ( 'NONE', *, *, #648, .T. ) ;
#518 = ORIENTED_EDGE ( 'NONE', *, *, #1234, .F. ) ;
#519 = CARTESIAN_POINT ( 'NONE',  ( -2.085796676733050248, -0.5500000000000000444, 0.000000000000000000 ) ) ;
#520 = VECTOR ( 'NONE', #4140, 1000.000000000000000 ) ;
#521 = ORIENTED_EDGE ( 'NONE', *, *, #2265, .F. ) ;
#522 = LINE ( 'NONE', #2643, #3934 ) ;
#523 = PRESENTATION_LAYER_ASSIGNMENT (  '', '', ( #7 ) ) ;
#524 = FILL_AREA_STYLE_COLOUR ( '', #2575 ) ;
#525 = CARTESIAN_POINT ( 'NONE',  ( 1.073931736960668237, -0.6000000000000000888, 0.3769286825621733228 ) ) ;
#526 = MECHANICAL_DESIGN_GEOMETRIC_PRESENTATION_REPRESENTATION (  '', ( #4543 ), #5489 ) ;
#527 = FILL_AREA_STYLE ('',( #2593 ) ) ;
#528 = FILL_AREA_STYLE ('',( #1322 ) ) ;
#529 = CARTESIAN_POINT ( 'NONE',  ( 2.674999999999999822, -0.6000000000000000888, 0.9375166769814144985 ) ) ;
#530 = VECTOR ( 'NONE', #2228, 1000.000000000000000 ) ;
#531 = AXIS2_PLACEMENT_3D ( 'NONE', #1688, #3455, #1777 ) ;
#532 = LINE ( 'NONE', #4447, #255 ) ;
#533 = SURFACE_SIDE_STYLE ('',( #4914 ) ) ;
#534 =( LENGTH_UNIT ( ) NAMED_UNIT ( * ) SI_UNIT ( .MILLI., .METRE. ) );
#535 = ADVANCED_FACE ( 'NONE', ( #1690 ), #2450, .F. ) ;
#536 = ORIENTED_EDGE ( 'NONE', *, *, #2488, .T. ) ;
#537 = CARTESIAN_POINT ( 'NONE',  ( -0.4300000000000002709, -0.6000000000000000888, 0.000000000000000000 ) ) ;
#538 = CARTESIAN_POINT ( 'NONE',  ( 2.109999999999999876, -0.6000000000000000888, 0.000000000000000000 ) ) ;
#539 =( LENGTH_UNIT ( ) NAMED_UNIT ( * ) SI_UNIT ( .MILLI., .METRE. ) );
#540 = CARTESIAN_POINT ( 'NONE',  ( -1.760538196494970231, -0.3460000000000000853, 2.899999999999999911 ) ) ;
#541 = SURFACE_STYLE_FILL_AREA ( #734 ) ;
#542 = EDGE_CURVE ( 'NONE', #655, #2386, #522, .T. ) ;
#543 = LINE ( 'NONE', #2258, #1024 ) ;
#544 = VERTEX_POINT ( 'NONE', #2213 ) ;
#545 = ORIENTED_EDGE ( 'NONE', *, *, #574, .T. ) ;
#546 = VERTEX_POINT ( 'NONE', #2591 ) ;
#547 = PLANE ( 'NONE',  #5278 ) ;
#548 = SURFACE_STYLE_FILL_AREA ( #4466 ) ;
#549 = COLOUR_RGB ( '',1.000000000000000000, 1.000000000000000000, 1.000000000000000000 ) ;
#550 = VERTEX_POINT ( 'NONE', #4439 ) ;
#551 = ADVANCED_FACE ( 'NONE', ( #3930 ), #3990, .F. ) ;
#552 = FACE_OUTER_BOUND ( 'NONE', #5640, .T. ) ;
#553 = LINE ( 'NONE', #4522, #5547 ) ;
#554 = PLANE ( 'NONE',  #2238 ) ;
#555 = CARTESIAN_POINT ( 'NONE',  ( -2.049461803505029156, -0.5500000000000000444, 0.000000000000000000 ) ) ;
#556 = LINE ( 'NONE', #668, #1249 ) ;
#557 = CARTESIAN_POINT ( 'NONE',  ( 2.049461803505029156, -0.5500000000000000444, 2.899999999999999911 ) ) ;
#558 = EDGE_CURVE ( 'NONE', #3840, #116, #3062, .T. ) ;
#559 = CARTESIAN_POINT ( 'NONE',  ( -0.4300000000000002709, -0.5500000000000000444, -2.574999999999999734 ) ) ;
#560 = LINE ( 'NONE', #4044, #2282 ) ;
#561 = VECTOR ( 'NONE', #4222, 1000.000000000000000 ) ;
#562 = EDGE_LOOP ( 'NONE', ( #5028, #308, #2463, #945 ) ) ;
#563 = PRESENTATION_LAYER_ASSIGNMENT (  '', '', ( #5145 ) ) ;
#564 = CARTESIAN_POINT ( 'NONE',  ( -2.772034335096362767, -0.6000000000000000888, -1.351853585938290303 ) ) ;
#565 =( LENGTH_UNIT ( ) NAMED_UNIT ( * ) SI_UNIT ( .MILLI., .METRE. ) );
#566 = VECTOR ( 'NONE', #3938, 1000.000000000000000 ) ;
#567 = FILL_AREA_STYLE ('',( #3649 ) ) ;
#568 = DIRECTION ( 'NONE',  ( -0.000000000000000000, 1.000000000000000000, -0.000000000000000000 ) ) ;
#569 = PRESENTATION_LAYER_ASSIGNMENT (  '', '', ( #5532 ) ) ;
#570 = MECHANICAL_DESIGN_GEOMETRIC_PRESENTATION_REPRESENTATION (  '', ( #3032 ), #932 ) ;
#571 = VECTOR ( 'NONE', #3921, 1000.000000000000000 ) ;
#572 = ORIENTED_EDGE ( 'NONE', *, *, #3973, .T. ) ;
#573 = VERTEX_POINT ( 'NONE', #1369 ) ;
#574 = EDGE_CURVE ( 'NONE', #2020, #4746, #3109, .T. ) ;
#575 = LINE ( 'NONE', #4926, #5573 ) ;
#576 = DIRECTION ( 'NONE',  ( 0.000000000000000000, 0.000000000000000000, 1.000000000000000000 ) ) ;
#577 = VECTOR ( 'NONE', #5479, 1000.000000000000114 ) ;
#578 = FILL_AREA_STYLE_COLOUR ( '', #4303 ) ;
#579 = ORIENTED_EDGE ( 'NONE', *, *, #3354, .F. ) ;
#580 = FILL_AREA_STYLE_COLOUR ( '', #5091 ) ;
#581 =( GEOMETRIC_REPRESENTATION_CONTEXT ( 3 ) GLOBAL_UNCERTAINTY_ASSIGNED_CONTEXT ( ( #4024 ) ) GLOBAL_UNIT_ASSIGNED_CONTEXT ( ( #5161, #2502, #5132 ) ) REPRESENTATION_CONTEXT ( 'NONE', 'WORKASPACE' ) );
#582 = UNCERTAINTY_MEASURE_WITH_UNIT (LENGTH_MEASURE( 1.000000000000000082E-05 ), #2063, 'distance_accuracy_value', 'NONE');
#583 = EDGE_CURVE ( 'NONE', #118, #5188, #1801, .T. ) ;
#584 = EDGE_CURVE ( 'NONE', #1137, #3983, #951, .T. ) ;
#585 =( NAMED_UNIT ( * ) PLANE_ANGLE_UNIT ( ) SI_UNIT ( $, .RADIAN. ) );
#586 = ORIENTED_EDGE ( 'NONE', *, *, #964, .T. ) ;
#587 = DIRECTION ( 'NONE',  ( 0.9018648657203758301, 0.000000000000000000, -0.4320182449609837327 ) ) ;
#588 = LINE ( 'NONE', #4557, #3960 ) ;
#589 = DIRECTION ( 'NONE',  ( 0.000000000000000000, 0.000000000000000000, -1.000000000000000000 ) ) ;
#590 = CARTESIAN_POINT ( 'NONE',  ( 0.4905381964949708795, -0.3460000000000000853, 3.074999999999999734 ) ) ;
#591 = EDGE_LOOP ( 'NONE', ( #5385, #4754, #5423, #3593 ) ) ;
#592 = ORIENTED_EDGE ( 'NONE', *, *, #2730, .T. ) ;
#593 = CARTESIAN_POINT ( 'NONE',  ( -0.7794618035050293603, -0.3460000000000000853, -2.899999999999999911 ) ) ;
#594 = LINE ( 'NONE', #2293, #5637 ) ;
#595 = ORIENTED_EDGE ( 'NONE', *, *, #4917, .F. ) ;
#596 = FILL_AREA_STYLE_COLOUR ( '', #4826 ) ;
#597 =( NAMED_UNIT ( * ) SI_UNIT ( $, .STERADIAN. ) SOLID_ANGLE_UNIT ( ) );
#598 = ORIENTED_EDGE ( 'NONE', *, *, #5207, .T. ) ;
#599 = LINE ( 'NONE', #3213, #1255 ) ;
#600 = STYLED_ITEM ( 'NONE', ( #5081 ), #3711 ) ;
#601 = CARTESIAN_POINT ( 'NONE',  ( -2.109999999999999876, -0.5500000000000000444, -2.709383666850159411 ) ) ;
#602 = EDGE_CURVE ( 'NONE', #5298, #4783, #4382, .T. ) ;
#603 = CARTESIAN_POINT ( 'NONE',  ( 0.4905381964949708795, -0.3460000000000000853, -3.074999999999999734 ) ) ;
#604 = VECTOR ( 'NONE', #3349, 1000.000000000000000 ) ;
#605 = SURFACE_SIDE_STYLE ('',( #2272 ) ) ;
#606 = CARTESIAN_POINT ( 'NONE',  ( -0.4905381964949708795, -0.6000000000000000888, -3.074999999999999734 ) ) ;
#607 = CARTESIAN_POINT ( 'NONE',  ( 2.674999999999999822, -0.6000000000000000888, 1.087516676981414410 ) ) ;
#608 =( GEOMETRIC_REPRESENTATION_CONTEXT ( 3 ) GLOBAL_UNCERTAINTY_ASSIGNED_CONTEXT ( ( #4279 ) ) GLOBAL_UNIT_ASSIGNED_CONTEXT ( ( #1519, #973, #4870 ) ) REPRESENTATION_CONTEXT ( 'NONE', 'WORKASPACE' ) );
#609 = CARTESIAN_POINT ( 'NONE',  ( 0.7794618035050293603, -0.5500000000000000444, -2.899999999999999911 ) ) ;
#610 = SURFACE_STYLE_FILL_AREA ( #1121 ) ;
#611 = EDGE_CURVE ( 'NONE', #3448, #2004, #3569, .T. ) ;
#612 = STYLED_ITEM ( 'NONE', ( #501 ), #4508 ) ;
#613 = VECTOR ( 'NONE', #2774, 1000.000000000000114 ) ;
#614 = CARTESIAN_POINT ( 'NONE',  ( 2.049461803505029156, -0.6000000000000000888, 2.833519861046362109 ) ) ;
#615 = FILL_AREA_STYLE_COLOUR ( '', #3199 ) ;
#616 = FILL_AREA_STYLE ('',( #2397 ) ) ;
#617 = VECTOR ( 'NONE', #2710, 1000.000000000000000 ) ;
#618 = EDGE_LOOP ( 'NONE', ( #11, #1702, #1105, #3633, #4717, #1276 ) ) ;
#619 = AXIS2_PLACEMENT_3D ( 'NONE', #2283, #4884, #3941 ) ;
#620 =( GEOMETRIC_REPRESENTATION_CONTEXT ( 3 ) GLOBAL_UNCERTAINTY_ASSIGNED_CONTEXT ( ( #4570 ) ) GLOBAL_UNIT_ASSIGNED_CONTEXT ( ( #3268, #1060, #5047 ) ) REPRESENTATION_CONTEXT ( 'NONE', 'WORKASPACE' ) );
#621 = UNCERTAINTY_MEASURE_WITH_UNIT (LENGTH_MEASURE( 1.000000000000000082E-05 ), #4872, 'distance_accuracy_value', 'NONE');
#622 = SURFACE_STYLE_USAGE ( .BOTH. , #1820 ) ;
#623 = CARTESIAN_POINT ( 'NONE',  ( 0.000000000000000000, -0.6000000000000000888, 0.000000000000000000 ) ) ;
#624 = LINE ( 'NONE', #2346, #5187 ) ;
#625 = ADVANCED_FACE ( 'NONE', ( #552 ), #1831, .F. ) ;
#626 = UNCERTAINTY_MEASURE_WITH_UNIT (LENGTH_MEASURE( 1.000000000000000082E-05 ), #1793, 'distance_accuracy_value', 'NONE');
#627 = VERTEX_POINT ( 'NONE', #227 ) ;
#628 = ORIENTED_EDGE ( 'NONE', *, *, #4682, .T. ) ;
#629 = DIRECTION ( 'NONE',  ( -1.000000000000000000, 0.000000000000000000, -0.000000000000000000 ) ) ;
#630 = CARTESIAN_POINT ( 'NONE',  ( 0.7794618035050293603, -0.6000000000000000888, 3.074999999999999734 ) ) ;
#631 = ORIENTED_EDGE ( 'NONE', *, *, #5092, .F. ) ;
#632 =( NAMED_UNIT ( * ) SI_UNIT ( $, .STERADIAN. ) SOLID_ANGLE_UNIT ( ) );
#633 =( NAMED_UNIT ( * ) PLANE_ANGLE_UNIT ( ) SI_UNIT ( $, .RADIAN. ) );
#634 = COLOUR_RGB ( '',1.000000000000000000, 1.000000000000000000, 1.000000000000000000 ) ;
#635 = CARTESIAN_POINT ( 'NONE',  ( 2.600000000000000089, -0.3460000000000000853, 0.9375166769814144985 ) ) ;
#636 =( NAMED_UNIT ( * ) SI_UNIT ( $, .STERADIAN. ) SOLID_ANGLE_UNIT ( ) );
#637 =( LENGTH_UNIT ( ) NAMED_UNIT ( * ) SI_UNIT ( .MILLI., .METRE. ) );
#638 = DIRECTION ( 'NONE',  ( -0.4383297880337241881, 0.000000000000000000, 0.8988142171340585129 ) ) ;
#639 = STYLED_ITEM ( 'NONE', ( #4342 ), #1438 ) ;
#640 = PLANE ( 'NONE',  #5568 ) ;
#641 = ADVANCED_FACE ( 'NONE', ( #1520 ), #1083, .T. ) ;
#642 = DIRECTION ( 'NONE',  ( -1.000000000000000000, 0.000000000000000000, 0.000000000000000000 ) ) ;
#643 = LINE ( 'NONE', #187, #2466 ) ;
#644 = PRESENTATION_STYLE_ASSIGNMENT (( #3758 ) ) ;
#645 = VERTEX_POINT ( 'NONE', #601 ) ;
#646 = UNCERTAINTY_MEASURE_WITH_UNIT (LENGTH_MEASURE( 1.000000000000000082E-05 ), #3590, 'distance_accuracy_value', 'NONE');
#647 = DIRECTION ( 'NONE',  ( 0.000000000000000000, -0.000000000000000000, 1.000000000000000000 ) ) ;
#648 = EDGE_CURVE ( 'NONE', #4783, #2630, #199, .T. ) ;
#649 = PRESENTATION_LAYER_ASSIGNMENT (  '', '', ( #835 ) ) ;
#650 = ORIENTED_EDGE ( 'NONE', *, *, #159, .F. ) ;
#651 = ORIENTED_EDGE ( 'NONE', *, *, #5499, .T. ) ;
#652 = AXIS2_PLACEMENT_3D ( 'NONE', #4740, #1698, #21 ) ;
#653 = AXIS2_PLACEMENT_3D ( 'NONE', #4900, #3033, #865 ) ;
#654 = ORIENTED_EDGE ( 'NONE', *, *, #4017, .F. ) ;
#655 = VERTEX_POINT ( 'NONE', #2410 ) ;
#656 = VECTOR ( 'NONE', #2080, 1000.000000000000000 ) ;
#657 = DIRECTION ( 'NONE',  ( -0.000000000000000000, 1.000000000000000000, -0.000000000000000000 ) ) ;
#658 = VECTOR ( 'NONE', #1979, 1000.000000000000000 ) ;
#659 = VECTOR ( 'NONE', #5313, 1000.000000000000000 ) ;
#660 = EDGE_LOOP ( 'NONE', ( #1800, #5317, #5009, #1889 ) ) ;
#661 = CARTESIAN_POINT ( 'NONE',  ( -2.049461803505029156, -0.6000000000000000888, 2.833519861046362109 ) ) ;
#662 = VECTOR ( 'NONE', #29, 1000.000000000000000 ) ;
#663 = COLOUR_RGB ( '',1.000000000000000000, 1.000000000000000000, 1.000000000000000000 ) ;
#664 = LINE ( 'NONE', #1833, #5343 ) ;
#665 = ORIENTED_EDGE ( 'NONE', *, *, #4933, .T. ) ;
#666 = CARTESIAN_POINT ( 'NONE',  ( 0.4300000000000002709, -0.6000000000000000888, 2.414999999999999591 ) ) ;
#667 = CARTESIAN_POINT ( 'NONE',  ( -0.4905381964949708795, -0.5500000000000000444, 2.833519861046362109 ) ) ;
#668 = CARTESIAN_POINT ( 'NONE',  ( 0.000000000000000000, -0.5500000000000000444, -2.574999999999999734 ) ) ;
#669 =( NAMED_UNIT ( * ) PLANE_ANGLE_UNIT ( ) SI_UNIT ( $, .RADIAN. ) );
#670 = LINE ( 'NONE', #2764, #3626 ) ;
#671 = AXIS2_PLACEMENT_3D ( 'NONE', #3358, #3923, #827 ) ;
#672 = CARTESIAN_POINT ( 'NONE',  ( -0.3059389231776404316, -0.5500000000000000444, -0.1491989565711548393 ) ) ;
#673 = FACE_OUTER_BOUND ( 'NONE', #2176, .T. ) ;
#674 = SURFACE_SIDE_STYLE ('',( #3640 ) ) ;
#675 = CARTESIAN_POINT ( 'NONE',  ( -1.760538196494970675, -0.3460000000000000853, -3.074999999999999734 ) ) ;
#676 = EDGE_CURVE ( 'NONE', #573, #460, #1032, .T. ) ;
#677 = ORIENTED_EDGE ( 'NONE', *, *, #1498, .F. ) ;
#678 = UNCERTAINTY_MEASURE_WITH_UNIT (LENGTH_MEASURE( 1.000000000000000082E-05 ), #3468, 'distance_accuracy_value', 'NONE');
#679 = LINE ( 'NONE', #2431, #1719 ) ;
#680 = PRESENTATION_STYLE_ASSIGNMENT (( #4196 ) ) ;
#681 = EDGE_CURVE ( 'NONE', #5036, #1752, #4174, .T. ) ;
#682 = VERTEX_POINT ( 'NONE', #4060 ) ;
#683 = EDGE_CURVE ( 'NONE', #1603, #1550, #175, .T. ) ;
#684 = ORIENTED_EDGE ( 'NONE', *, *, #5276, .T. ) ;
#685 = CARTESIAN_POINT ( 'NONE',  ( 1.700000000000000178, -0.5500000000000000444, 0.000000000000000000 ) ) ;
#686 = VERTEX_POINT ( 'NONE', #3630 ) ;
#687 =( NAMED_UNIT ( * ) SI_UNIT ( $, .STERADIAN. ) SOLID_ANGLE_UNIT ( ) );
#688 = ORIENTED_EDGE ( 'NONE', *, *, #1732, .F. ) ;
#689 = AXIS2_PLACEMENT_3D ( 'NONE', #2221, #3997, #1729 ) ;
#690 = EDGE_CURVE ( 'NONE', #2566, #4924, #3238, .T. ) ;
#691 = VERTEX_POINT ( 'NONE', #253 ) ;
#692 = PRESENTATION_LAYER_ASSIGNMENT (  '', '', ( #3415 ) ) ;
#693 = LINE ( 'NONE', #800, #2790 ) ;
#694 = FILL_AREA_STYLE_COLOUR ( '', #3613 ) ;
#695 = SURFACE_SIDE_STYLE ('',( #4608 ) ) ;
#696 = DIRECTION ( 'NONE',  ( -1.000000000000000000, 0.000000000000000000, -9.230586021924224922E-15 ) ) ;
#697 = MECHANICAL_DESIGN_GEOMETRIC_PRESENTATION_REPRESENTATION (  '', ( #2128 ), #1671 ) ;
#698 = CARTESIAN_POINT ( 'NONE',  ( -0.7794618035050293603, -0.3460000000000000853, 2.899999999999999911 ) ) ;
#699 = CARTESIAN_POINT ( 'NONE',  ( 1.286968016822274507E-16, -0.5500000000000000444, 1.145000000000000684 ) ) ;
#700 = LINE ( 'NONE', #3221, #2931 ) ;
#701 = CARTESIAN_POINT ( 'NONE',  ( 0.4905381964949708795, -0.3460000000000000853, -2.899999999999999911 ) ) ;
#702 = LINE ( 'NONE', #4191, #305 ) ;
#703 = COLOUR_RGB ( '',1.000000000000000000, 1.000000000000000000, 1.000000000000000000 ) ;
#704 = VERTEX_POINT ( 'NONE', #2731 ) ;
#705 = COLOUR_RGB ( '',1.000000000000000000, 1.000000000000000000, 1.000000000000000000 ) ;
#706 = FACE_OUTER_BOUND ( 'NONE', #971, .T. ) ;
#707 = EDGE_CURVE ( 'NONE', #573, #3316, #4493, .T. ) ;
#708 = ORIENTED_EDGE ( 'NONE', *, *, #2361, .F. ) ;
#709 = EDGE_LOOP ( 'NONE', ( #2924, #3237, #4873, #2673 ) ) ;
#710 = AXIS2_PLACEMENT_3D ( 'NONE', #1450, #3161, #948 ) ;
#711 = ORIENTED_EDGE ( 'NONE', *, *, #924, .T. ) ;
#712 = VERTEX_POINT ( 'NONE', #360 ) ;
#713 = CARTESIAN_POINT ( 'NONE',  ( 2.049461803505029156, -0.3460000000000000853, 3.074999999999999734 ) ) ;
#714 = DIRECTION ( 'NONE',  ( 0.000000000000000000, 0.000000000000000000, 1.000000000000000000 ) ) ;
#715 = EDGE_CURVE ( 'NONE', #5395, #1000, #5586, .T. ) ;
#716 = LINE ( 'NONE', #771, #141 ) ;
#717 = EDGE_LOOP ( 'NONE', ( #2462, #3892, #5493, #107 ) ) ;
#718 =( NAMED_UNIT ( * ) PLANE_ANGLE_UNIT ( ) SI_UNIT ( $, .RADIAN. ) );
#719 = ORIENTED_EDGE ( 'NONE', *, *, #4880, .T. ) ;
#720 =( NAMED_UNIT ( * ) SI_UNIT ( $, .STERADIAN. ) SOLID_ANGLE_UNIT ( ) );
#721 = CARTESIAN_POINT ( 'NONE',  ( -1.700000000000000178, -0.5500000000000000444, 2.709383666850159411 ) ) ;
#722 = ADVANCED_FACE ( 'NONE', ( #2877 ), #302, .F. ) ;
#723 = CARTESIAN_POINT ( 'NONE',  ( -2.109999999999999876, -0.6000000000000000888, -2.574999999999999734 ) ) ;
#724 = ORIENTED_EDGE ( 'NONE', *, *, #1604, .T. ) ;
#725 = SURFACE_STYLE_USAGE ( .BOTH. , #4642 ) ;
#726 = PRESENTATION_STYLE_ASSIGNMENT (( #3456 ) ) ;
#727 = ORIENTED_EDGE ( 'NONE', *, *, #4912, .F. ) ;
#728 = VECTOR ( 'NONE', #576, 1000.000000000000000 ) ;
#729 = DIRECTION ( 'NONE',  ( -0.000000000000000000, 0.000000000000000000, -1.000000000000000000 ) ) ;
#730 = PLANE ( 'NONE',  #2132 ) ;
#731 = LINE ( 'NONE', #5602, #5581 ) ;
#732 = CARTESIAN_POINT ( 'NONE',  ( -0.4300000000000002709, -0.6000000000000000888, 0.000000000000000000 ) ) ;
#733 = CARTESIAN_POINT ( 'NONE',  ( -0.4905381964949708795, -0.6000000000000000888, 2.833519861046362109 ) ) ;
#734 = FILL_AREA_STYLE ('',( #2694 ) ) ;
#735 = ORIENTED_EDGE ( 'NONE', *, *, #1565, .T. ) ;
#736 = PLANE ( 'NONE',  #1622 ) ;
#737 = ORIENTED_EDGE ( 'NONE', *, *, #5381, .T. ) ;
#738 = ORIENTED_EDGE ( 'NONE', *, *, #1498, .T. ) ;
#739 = CARTESIAN_POINT ( 'NONE',  ( 2.049461803505029156, -0.3460000000000000853, -2.899999999999999911 ) ) ;
#740 =( NAMED_UNIT ( * ) PLANE_ANGLE_UNIT ( ) SI_UNIT ( $, .RADIAN. ) );
#741 =( NAMED_UNIT ( * ) SI_UNIT ( $, .STERADIAN. ) SOLID_ANGLE_UNIT ( ) );
#742 = ORIENTED_EDGE ( 'NONE', *, *, #3872, .T. ) ;
#743 = DIRECTION ( 'NONE',  ( -1.000000000000000000, 0.000000000000000000, 0.000000000000000000 ) ) ;
#744 = ORIENTED_EDGE ( 'NONE', *, *, #4081, .T. ) ;
#745 = ORIENTED_EDGE ( 'NONE', *, *, #5609, .T. ) ;
#746 = PRODUCT_CONTEXT ( 'NONE', #4241, 'mechanical' ) ;
#747 = ADVANCED_FACE ( 'NONE', ( #2907 ), #5100, .F. ) ;
#748 = ORIENTED_EDGE ( 'NONE', *, *, #4990, .T. ) ;
#749 = CARTESIAN_POINT ( 'NONE',  ( 0.8400000000000000799, -0.5500000000000000444, 2.414999999999999591 ) ) ;
#750 = VECTOR ( 'NONE', #4136, 1000.000000000000000 ) ;
#751 = VECTOR ( 'NONE', #2115, 1000.000000000000000 ) ;
#752 = ORIENTED_EDGE ( 'NONE', *, *, #1849, .F. ) ;
#753 =( GEOMETRIC_REPRESENTATION_CONTEXT ( 3 ) GLOBAL_UNCERTAINTY_ASSIGNED_CONTEXT ( ( #1908 ) ) GLOBAL_UNIT_ASSIGNED_CONTEXT ( ( #1114, #2327, #282 ) ) REPRESENTATION_CONTEXT ( 'NONE', 'WORKASPACE' ) );
#754 =( NAMED_UNIT ( * ) SI_UNIT ( $, .STERADIAN. ) SOLID_ANGLE_UNIT ( ) );
#755 = CARTESIAN_POINT ( 'NONE',  ( -1.760538196494970675, -0.6000000000000000888, -2.833519861046362109 ) ) ;
#756 = EDGE_CURVE ( 'NONE', #3388, #3739, #331, .T. ) ;
#757 = STYLED_ITEM ( 'NONE', ( #2159 ), #1944 ) ;
#758 = LINE ( 'NONE', #339, #1582 ) ;
#759 = DIRECTION ( 'NONE',  ( -0.000000000000000000, 1.000000000000000000, -0.000000000000000000 ) ) ;
#760 = PRESENTATION_LAYER_ASSIGNMENT (  '', '', ( #3121 ) ) ;
#761 =( LENGTH_UNIT ( ) NAMED_UNIT ( * ) SI_UNIT ( .MILLI., .METRE. ) );
#762 = SURFACE_STYLE_USAGE ( .BOTH. , #1239 ) ;
#763 = UNCERTAINTY_MEASURE_WITH_UNIT (LENGTH_MEASURE( 1.000000000000000082E-05 ), #4298, 'distance_accuracy_value', 'NONE');
#764 = ORIENTED_EDGE ( 'NONE', *, *, #2186, .F. ) ;
#765 = VERTEX_POINT ( 'NONE', #4259 ) ;
#766 = LINE ( 'NONE', #4300, #4161 ) ;
#767 = SURFACE_STYLE_USAGE ( .BOTH. , #5150 ) ;
#768 = ORIENTED_EDGE ( 'NONE', *, *, #5499, .F. ) ;
#769 = DIRECTION ( 'NONE',  ( -1.000000000000000000, 0.000000000000000000, 0.000000000000000000 ) ) ;
#770 = PRESENTATION_STYLE_ASSIGNMENT (( #5154 ) ) ;
#771 = CARTESIAN_POINT ( 'NONE',  ( 0.4905381964949708795, -0.6000000000000000888, 3.074999999999999734 ) ) ;
#772 = ORIENTED_EDGE ( 'NONE', *, *, #1666, .F. ) ;
#773 = DIRECTION ( 'NONE',  ( -0.000000000000000000, 1.000000000000000000, -0.000000000000000000 ) ) ;
#774 = ORIENTED_EDGE ( 'NONE', *, *, #851, .T. ) ;
#775 = VERTEX_POINT ( 'NONE', #5618 ) ;
#776 = CARTESIAN_POINT ( 'NONE',  ( 1.760538196494970675, -0.5500000000000000444, -2.833519861046362109 ) ) ;
#777 = SURFACE_STYLE_FILL_AREA ( #33 ) ;
#778 = LINE ( 'NONE', #1229, #845 ) ;
#779 = LINE ( 'NONE', #723, #306 ) ;
#781 = ORIENTED_EDGE ( 'NONE', *, *, #340, .T. ) ;
#780 = COLOUR_RGB ( '',1.000000000000000000, 1.000000000000000000, 1.000000000000000000 ) ;
#782 =( LENGTH_UNIT ( ) NAMED_UNIT ( * ) SI_UNIT ( .MILLI., .METRE. ) );
#783 = LINE ( 'NONE', #1183, #1396 ) ;
#784 = CARTESIAN_POINT ( 'NONE',  ( 2.600000000000000089, -0.5500000000000000444, 2.899999999999999911 ) ) ;
#785 = DIRECTION ( 'NONE',  ( 0.000000000000000000, -0.000000000000000000, -1.000000000000000000 ) ) ;
#786 = LINE ( 'NONE', #4272, #3617 ) ;
#787 = ADVANCED_FACE ( 'NONE', ( #1625 ), #4753, .F. ) ;
#788 = DIRECTION ( 'NONE',  ( 0.000000000000000000, -1.000000000000000000, 0.000000000000000000 ) ) ;
#789 = FILL_AREA_STYLE_COLOUR ( '', #4581 ) ;
#790 = ORIENTED_EDGE ( 'NONE', *, *, #5061, .F. ) ;
#791 =( NAMED_UNIT ( * ) SI_UNIT ( $, .STERADIAN. ) SOLID_ANGLE_UNIT ( ) );
#792 = PRESENTATION_STYLE_ASSIGNMENT (( #2839 ) ) ;
#793 = DIRECTION ( 'NONE',  ( 0.000000000000000000, 0.000000000000000000, -1.000000000000000000 ) ) ;
#794 = ADVANCED_FACE ( 'NONE', ( #3132 ), #882, .F. ) ;
#795 = UNCERTAINTY_MEASURE_WITH_UNIT (LENGTH_MEASURE( 1.000000000000000082E-05 ), #1120, 'distance_accuracy_value', 'NONE');
#796 = VECTOR ( 'NONE', #1749, 1000.000000000000000 ) ;
#797 = ORIENTED_EDGE ( 'NONE', *, *, #3903, .F. ) ;
#798 =( GEOMETRIC_REPRESENTATION_CONTEXT ( 3 ) GLOBAL_UNCERTAINTY_ASSIGNED_CONTEXT ( ( #3253 ) ) GLOBAL_UNIT_ASSIGNED_CONTEXT ( ( #4428, #1562, #3303 ) ) REPRESENTATION_CONTEXT ( 'NONE', 'WORKASPACE' ) );
#799 = PLANE ( 'NONE',  #4105 ) ;
#800 = CARTESIAN_POINT ( 'NONE',  ( -2.600000000000000089, 0.5500000000000000444, -2.899999999999999911 ) ) ;
#801 = EDGE_CURVE ( 'NONE', #4053, #4234, #1794, .T. ) ;
#802 = VERTEX_POINT ( 'NONE', #1392 ) ;
#803 =( GEOMETRIC_REPRESENTATION_CONTEXT ( 3 ) GLOBAL_UNCERTAINTY_ASSIGNED_CONTEXT ( ( #3884 ) ) GLOBAL_UNIT_ASSIGNED_CONTEXT ( ( #1321, #1805, #3511 ) ) REPRESENTATION_CONTEXT ( 'NONE', 'WORKASPACE' ) );
#804 = ORIENTED_EDGE ( 'NONE', *, *, #2225, .T. ) ;
#805 = SURFACE_STYLE_FILL_AREA ( #5621 ) ;
#806 = VERTEX_POINT ( 'NONE', #2143 ) ;
#807 = COLOUR_RGB ( '',0.2509803921568627416, 0.2509803921568627416, 0.2509803921568627416 ) ;
#808 = PLANE ( 'NONE',  #1822 ) ;
#809 = CARTESIAN_POINT ( 'NONE',  ( 0.3059389231776404316, -0.5500000000000000444, 0.1491989565711548393 ) ) ;
#810 = PRESENTATION_STYLE_ASSIGNMENT (( #307 ) ) ;
#811 = VERTEX_POINT ( 'NONE', #2695 ) ;
#812 = LINE ( 'NONE', #1554, #2235 ) ;
#813 =( NAMED_UNIT ( * ) PLANE_ANGLE_UNIT ( ) SI_UNIT ( $, .RADIAN. ) );
#814 =( NAMED_UNIT ( * ) PLANE_ANGLE_UNIT ( ) SI_UNIT ( $, .RADIAN. ) );
#815 = DIRECTION ( 'NONE',  ( 0.000000000000000000, 0.000000000000000000, 1.000000000000000000 ) ) ;
#816 = SURFACE_STYLE_USAGE ( .BOTH. , #2062 ) ;
#817 = SURFACE_STYLE_FILL_AREA ( #2984 ) ;
#818 = EDGE_CURVE ( 'NONE', #1260, #3864, #2609, .T. ) ;
#819 = DIRECTION ( 'NONE',  ( 0.000000000000000000, 0.000000000000000000, -1.000000000000000000 ) ) ;
#820 = AXIS2_PLACEMENT_3D ( 'NONE', #5162, #3871, #1659 ) ;
#821 = CARTESIAN_POINT ( 'NONE',  ( 2.049461803505029156, -0.5500000000000000444, -2.833519861046362109 ) ) ;
#822 = VERTEX_POINT ( 'NONE', #5218 ) ;
#823 = LINE ( 'NONE', #5125, #4534 ) ;
#824 = FILL_AREA_STYLE ('',( #1308 ) ) ;
#825 = DIRECTION ( 'NONE',  ( -0.000000000000000000, 1.000000000000000000, -0.000000000000000000 ) ) ;
#826 = ORIENTED_EDGE ( 'NONE', *, *, #1532, .F. ) ;
#827 = DIRECTION ( 'NONE',  ( 0.000000000000000000, 0.000000000000000000, 1.000000000000000000 ) ) ;
#828 = CARTESIAN_POINT ( 'NONE',  ( 0.000000000000000000, -0.6000000000000000888, 1.087516676981414410 ) ) ;
#829 = CARTESIAN_POINT ( 'NONE',  ( -0.4905381964949708795, -0.6000000000000000888, 3.074999999999999734 ) ) ;
#830 = UNCERTAINTY_MEASURE_WITH_UNIT (LENGTH_MEASURE( 1.000000000000000082E-05 ), #2808, 'distance_accuracy_value', 'NONE');
#831 = ORIENTED_EDGE ( 'NONE', *, *, #449, .F. ) ;
#832 = SURFACE_SIDE_STYLE ('',( #3088 ) ) ;
#833 = LINE ( 'NONE', #2941, #4411 ) ;
#834 = SURFACE_STYLE_USAGE ( .BOTH. , #1283 ) ;
#835 = STYLED_ITEM ( 'NONE', ( #904 ), #1560 ) ;
#836 = DIRECTION ( 'NONE',  ( 0.000000000000000000, 0.000000000000000000, 1.000000000000000000 ) ) ;
#837 = VECTOR ( 'NONE', #4503, 1000.000000000000000 ) ;
#838 = FILL_AREA_STYLE ('',( #3541 ) ) ;
#839 = LINE ( 'NONE', #1236, #4911 ) ;
#840 =( LENGTH_UNIT ( ) NAMED_UNIT ( * ) SI_UNIT ( .MILLI., .METRE. ) );
#841 = LINE ( 'NONE', #5566, #2937 ) ;
#842 =( LENGTH_UNIT ( ) NAMED_UNIT ( * ) SI_UNIT ( .MILLI., .METRE. ) );
#843 = FILL_AREA_STYLE_COLOUR ( '', #1459 ) ;
#844 = AXIS2_PLACEMENT_3D ( 'NONE', #2754, #248, #2323 ) ;
#845 = VECTOR ( 'NONE', #4237, 1000.000000000000000 ) ;
#846 = MECHANICAL_DESIGN_GEOMETRIC_PRESENTATION_REPRESENTATION (  '', ( #143 ), #3382 ) ;
#847 = ORIENTED_EDGE ( 'NONE', *, *, #1055, .T. ) ;
#848 = CARTESIAN_POINT ( 'NONE',  ( 2.109999999999999876, -0.6000000000000000888, -2.709383666850159411 ) ) ;
#849 = MECHANICAL_DESIGN_GEOMETRIC_PRESENTATION_REPRESENTATION (  '', ( #408 ), #2744 ) ;
#850 =( NAMED_UNIT ( * ) PLANE_ANGLE_UNIT ( ) SI_UNIT ( $, .RADIAN. ) );
#851 = EDGE_CURVE ( 'NONE', #3233, #4375, #2205, .T. ) ;
#852 = UNCERTAINTY_MEASURE_WITH_UNIT (LENGTH_MEASURE( 1.000000000000000082E-05 ), #5292, 'distance_accuracy_value', 'NONE');
#853 = ORIENTED_EDGE ( 'NONE', *, *, #4452, .T. ) ;
#854 = ORIENTED_EDGE ( 'NONE', *, *, #1526, .T. ) ;
#855 = CARTESIAN_POINT ( 'NONE',  ( 0.4905381964949708795, -0.6000000000000000888, -3.074999999999999734 ) ) ;
#856 = SURFACE_STYLE_USAGE ( .BOTH. , #84 ) ;
#857 = CARTESIAN_POINT ( 'NONE',  ( 0.4905381964949708795, -0.3460000000000000853, 2.899999999999999911 ) ) ;
#858 = CARTESIAN_POINT ( 'NONE',  ( 0.000000000000000000, 0.5500000000000000444, -1.693602945287188799 ) ) ;
#859 = EDGE_CURVE ( 'NONE', #3388, #5298, #88, .T. ) ;
#860 = EDGE_CURVE ( 'NONE', #2704, #2136, #543, .T. ) ;
#861 = ORIENTED_EDGE ( 'NONE', *, *, #348, .F. ) ;
#862 = UNCERTAINTY_MEASURE_WITH_UNIT (LENGTH_MEASURE( 1.000000000000000082E-05 ), #842, 'distance_accuracy_value', 'NONE');
#863 = PRESENTATION_STYLE_ASSIGNMENT (( #1684 ) ) ;
#864 = CARTESIAN_POINT ( 'NONE',  ( 0.000000000000000000, -0.3460000000000000853, 0.000000000000000000 ) ) ;
#865 = DIRECTION ( 'NONE',  ( 1.000000000000000000, 0.000000000000000000, 9.811046702872364580E-15 ) ) ;
#866 = VERTEX_POINT ( 'NONE', #1680 ) ;
#867 = LINE ( 'NONE', #4812, #4366 ) ;
#868 =( NAMED_UNIT ( * ) SI_UNIT ( $, .STERADIAN. ) SOLID_ANGLE_UNIT ( ) );
#869 = FILL_AREA_STYLE ('',( #4326 ) ) ;
#870 =( NAMED_UNIT ( * ) SI_UNIT ( $, .STERADIAN. ) SOLID_ANGLE_UNIT ( ) );
#871 = CARTESIAN_POINT ( 'NONE',  ( -0.4905381964949708795, -0.6000000000000000888, -3.074999999999999734 ) ) ;
#872 = SURFACE_STYLE_USAGE ( .BOTH. , #4793 ) ;
#873 =( GEOMETRIC_REPRESENTATION_CONTEXT ( 3 ) GLOBAL_UNCERTAINTY_ASSIGNED_CONTEXT ( ( #1246 ) ) GLOBAL_UNIT_ASSIGNED_CONTEXT ( ( #1924, #1902, #4106 ) ) REPRESENTATION_CONTEXT ( 'NONE', 'WORKASPACE' ) );
#874 = DIRECTION ( 'NONE',  ( 0.000000000000000000, 0.000000000000000000, -1.000000000000000000 ) ) ;
#875 = MECHANICAL_DESIGN_GEOMETRIC_PRESENTATION_REPRESENTATION (  '', ( #1578 ), #178 ) ;
#876 = ORIENTED_EDGE ( 'NONE', *, *, #4923, .T. ) ;
#877 = ORIENTED_EDGE ( 'NONE', *, *, #3241, .T. ) ;
#878 = SURFACE_STYLE_FILL_AREA ( #3381 ) ;
#879 = DIRECTION ( 'NONE',  ( 0.000000000000000000, 0.000000000000000000, 1.000000000000000000 ) ) ;
#880 = LINE ( 'NONE', #436, #186 ) ;
#881 = LINE ( 'NONE', #2556, #1633 ) ;
#882 = PLANE ( 'NONE',  #2285 ) ;
#883 = PRESENTATION_LAYER_ASSIGNMENT (  '', '', ( #1439 ) ) ;
#884 = UNCERTAINTY_MEASURE_WITH_UNIT (LENGTH_MEASURE( 1.000000000000000082E-05 ), #5040, 'distance_accuracy_value', 'NONE');
#885 = ORIENTED_EDGE ( 'NONE', *, *, #47, .T. ) ;
#886 = AXIS2_PLACEMENT_3D ( 'NONE', #3580, #3092, #5258 ) ;
#887 = EDGE_CURVE ( 'NONE', #2086, #4783, #1709, .T. ) ;
#888 = FACE_OUTER_BOUND ( 'NONE', #3341, .T. ) ;
#889 = SURFACE_STYLE_FILL_AREA ( #1713 ) ;
#890 = CARTESIAN_POINT ( 'NONE',  ( -8.095025303506697524E-15, -0.6000000000000000888, 0.8769784804864635408 ) ) ;
#891 = VERTEX_POINT ( 'NONE', #468 ) ;
#892 = FILL_AREA_STYLE_COLOUR ( '', #4552 ) ;
#893 = CARTESIAN_POINT ( 'NONE',  ( 0.1169838305759771518, -0.6000000000000000888, -0.2318876425445398626 ) ) ;
#894 = CARTESIAN_POINT ( 'NONE',  ( 0.7794618035050293603, -0.6000000000000000888, 3.074999999999999734 ) ) ;
#895 = SURFACE_STYLE_FILL_AREA ( #4353 ) ;
#896 = PRESENTATION_LAYER_ASSIGNMENT (  '', '', ( #1683 ) ) ;
#897 = EDGE_CURVE ( 'NONE', #682, #3855, #2170, .T. ) ;
#898 = VECTOR ( 'NONE', #1401, 1000.000000000000000 ) ;
#899 = PLANE ( 'NONE',  #1938 ) ;
#900 = CARTESIAN_POINT ( 'NONE',  ( 1.700000000000000178, -0.5500000000000000444, 2.709383666850159411 ) ) ;
#901 = DIRECTION ( 'NONE',  ( -0.4383297880337241881, 0.000000000000000000, -0.8988142171340585129 ) ) ;
#902 = LINE ( 'NONE', #5348, #4224 ) ;
#903 = SURFACE_SIDE_STYLE ('',( #2736 ) ) ;
#904 = PRESENTATION_STYLE_ASSIGNMENT (( #933 ) ) ;
#905 = ORIENTED_EDGE ( 'NONE', *, *, #2944, .F. ) ;
#906 = ORIENTED_EDGE ( 'NONE', *, *, #142, .F. ) ;
#907 = ORIENTED_EDGE ( 'NONE', *, *, #5203, .T. ) ;
#908 = DIRECTION ( 'NONE',  ( 0.4383297880337241881, 0.000000000000000000, -0.8988142171340585129 ) ) ;
#909 = SURFACE_SIDE_STYLE ('',( #2663 ) ) ;
#910 = CARTESIAN_POINT ( 'NONE',  ( -1.760538196494970231, -0.5500000000000000444, -2.899999999999999911 ) ) ;
#911 = VERTEX_POINT ( 'NONE', #3591 ) ;
#912 = APPLICATION_PROTOCOL_DEFINITION ( 'draft international standard', 'automotive_design', 1998, #5552 ) ;
#913 = ORIENTED_EDGE ( 'NONE', *, *, #4013, .T. ) ;
#914 = SURFACE_STYLE_USAGE ( .BOTH. , #3561 ) ;
#915 = ORIENTED_EDGE ( 'NONE', *, *, #3525, .T. ) ;
#916 =( NAMED_UNIT ( * ) SI_UNIT ( $, .STERADIAN. ) SOLID_ANGLE_UNIT ( ) );
#917 = EDGE_CURVE ( 'NONE', #4464, #44, #3154, .T. ) ;
#918 = DIRECTION ( 'NONE',  ( 0.000000000000000000, 0.000000000000000000, -1.000000000000000000 ) ) ;
#919 = CARTESIAN_POINT ( 'NONE',  ( 2.109999999999999876, -0.5500000000000000444, -2.709383666850159411 ) ) ;
#920 = SURFACE_SIDE_STYLE ('',( #4386 ) ) ;
#921 =( GEOMETRIC_REPRESENTATION_CONTEXT ( 3 ) GLOBAL_UNCERTAINTY_ASSIGNED_CONTEXT ( ( #4805 ) ) GLOBAL_UNIT_ASSIGNED_CONTEXT ( ( #5546, #2897, #5149 ) ) REPRESENTATION_CONTEXT ( 'NONE', 'WORKASPACE' ) );
#922 = LINE ( 'NONE', #1725, #2378 ) ;
#923 = CARTESIAN_POINT ( 'NONE',  ( 0.4905381964949708795, -0.5500000000000000444, 2.833519861046362109 ) ) ;
#924 = EDGE_CURVE ( 'NONE', #2354, #1081, #2726, .T. ) ;
#925 = EDGE_CURVE ( 'NONE', #1939, #4679, #4480, .T. ) ;
#926 = STYLED_ITEM ( 'NONE', ( #3703 ), #180 ) ;
#927 =( GEOMETRIC_REPRESENTATION_CONTEXT ( 3 ) GLOBAL_UNCERTAINTY_ASSIGNED_CONTEXT ( ( #4974 ) ) GLOBAL_UNIT_ASSIGNED_CONTEXT ( ( #257, #5375, #5017 ) ) REPRESENTATION_CONTEXT ( 'NONE', 'WORKASPACE' ) );
#928 = PRESENTATION_LAYER_ASSIGNMENT (  '', '', ( #3475 ) ) ;
#929 = SURFACE_STYLE_USAGE ( .BOTH. , #1408 ) ;
#930 = MECHANICAL_DESIGN_GEOMETRIC_PRESENTATION_REPRESENTATION (  '', ( #140 ), #3763 ) ;
#931 = DIRECTION ( 'NONE',  ( 0.000000000000000000, -0.000000000000000000, 1.000000000000000000 ) ) ;
#932 =( GEOMETRIC_REPRESENTATION_CONTEXT ( 3 ) GLOBAL_UNCERTAINTY_ASSIGNED_CONTEXT ( ( #5030 ) ) GLOBAL_UNIT_ASSIGNED_CONTEXT ( ( #5155, #1546, #741 ) ) REPRESENTATION_CONTEXT ( 'NONE', 'WORKASPACE' ) );
#933 = SURFACE_STYLE_USAGE ( .BOTH. , #959 ) ;
#934 = STYLED_ITEM ( 'NONE', ( #4203 ), #747 ) ;
#935 = AXIS2_PLACEMENT_3D ( 'NONE', #3482, #1282, #2179 ) ;
#936 =( GEOMETRIC_REPRESENTATION_CONTEXT ( 3 ) GLOBAL_UNCERTAINTY_ASSIGNED_CONTEXT ( ( #4373 ) ) GLOBAL_UNIT_ASSIGNED_CONTEXT ( ( #4102, #5000, #4214 ) ) REPRESENTATION_CONTEXT ( 'NONE', 'WORKASPACE' ) );
#937 = SURFACE_STYLE_USAGE ( .BOTH. , #1735 ) ;
#938 = MECHANICAL_DESIGN_GEOMETRIC_PRESENTATION_REPRESENTATION (  '', ( #3867 ), #2133 ) ;
#939 = PLANE ( 'NONE',  #5410 ) ;
#940 = CARTESIAN_POINT ( 'NONE',  ( 0.000000000000000000, -0.6000000000000000888, -2.574999999999999734 ) ) ;
#941 = LINE ( 'NONE', #1021, #441 ) ;
#942 = DIRECTION ( 'NONE',  ( 0.000000000000000000, 0.000000000000000000, 1.000000000000000000 ) ) ;
#943 = LINE ( 'NONE', #4345, #2278 ) ;
#944 = AXIS2_PLACEMENT_3D ( 'NONE', #176, #5434, #150 ) ;
#945 = ORIENTED_EDGE ( 'NONE', *, *, #1028, .T. ) ;
#946 = ORIENTED_EDGE ( 'NONE', *, *, #1589, .F. ) ;
#947 = VERTEX_POINT ( 'NONE', #3418 ) ;
#948 = DIRECTION ( 'NONE',  ( 0.000000000000000000, 0.000000000000000000, 1.000000000000000000 ) ) ;
#949 = CARTESIAN_POINT ( 'NONE',  ( -0.3857966767330511804, -0.5500000000000000444, 1.145000000000000684 ) ) ;
#950 = ORIENTED_EDGE ( 'NONE', *, *, #5214, .F. ) ;
#951 = LINE ( 'NONE', #894, #2280 ) ;
#952 = PLANE ( 'NONE',  #5544 ) ;
#953 = SURFACE_STYLE_FILL_AREA ( #838 ) ;
#954 = SURFACE_SIDE_STYLE ('',( #5346 ) ) ;
#955 =( LENGTH_UNIT ( ) NAMED_UNIT ( * ) SI_UNIT ( .MILLI., .METRE. ) );
#956 = LINE ( 'NONE', #1355, #5080 ) ;
#957 = EDGE_CURVE ( 'NONE', #1305, #1538, #5650, .T. ) ;
#958 = LINE ( 'NONE', #1840, #3911 ) ;
#959 = SURFACE_SIDE_STYLE ('',( #4827 ) ) ;
#960 = STYLED_ITEM ( 'NONE', ( #2769 ), #3272 ) ;
#961 = ORIENTED_EDGE ( 'NONE', *, *, #5660, .T. ) ;
#962 = MECHANICAL_DESIGN_GEOMETRIC_PRESENTATION_REPRESENTATION (  '', ( #3415 ), #429 ) ;
#963 = SURFACE_STYLE_FILL_AREA ( #4396 ) ;
#964 = EDGE_CURVE ( 'NONE', #2412, #5220, #3783, .T. ) ;
#965 = FACE_OUTER_BOUND ( 'NONE', #3899, .T. ) ;
#966 = DIRECTION ( 'NONE',  ( 1.000000000000000000, 0.000000000000000000, 0.000000000000000000 ) ) ;
#967 = CARTESIAN_POINT ( 'NONE',  ( -0.7794618035050293603, -0.6000000000000000888, -2.833519861046362553 ) ) ;
#968 = DIRECTION ( 'NONE',  ( 0.000000000000000000, 0.000000000000000000, 1.000000000000000000 ) ) ;
#969 = DIRECTION ( 'NONE',  ( -0.000000000000000000, -1.000000000000000000, -0.000000000000000000 ) ) ;
#970 = VECTOR ( 'NONE', #4582, 1000.000000000000114 ) ;
#971 = EDGE_LOOP ( 'NONE', ( #218, #4230, #326, #5429 ) ) ;
#972 = ORIENTED_EDGE ( 'NONE', *, *, #1870, .F. ) ;
#973 =( NAMED_UNIT ( * ) PLANE_ANGLE_UNIT ( ) SI_UNIT ( $, .RADIAN. ) );
#974 = EDGE_CURVE ( 'NONE', #2501, #219, #2027, .T. ) ;
#975 = DIRECTION ( 'NONE',  ( 1.000000000000000000, 0.000000000000000000, 0.000000000000000000 ) ) ;
#976 = STYLED_ITEM ( 'NONE', ( #4455 ), #3210 ) ;
#977 =( GEOMETRIC_REPRESENTATION_CONTEXT ( 3 ) GLOBAL_UNCERTAINTY_ASSIGNED_CONTEXT ( ( #5509 ) ) GLOBAL_UNIT_ASSIGNED_CONTEXT ( ( #237, #1126, #4509 ) ) REPRESENTATION_CONTEXT ( 'NONE', 'WORKASPACE' ) );
#978 = ORIENTED_EDGE ( 'NONE', *, *, #5054, .T. ) ;
#979 = CARTESIAN_POINT ( 'NONE',  ( -2.314999999999999947, -0.6000000000000000888, 1.145000000000000684 ) ) ;
#980 = VECTOR ( 'NONE', #815, 1000.000000000000000 ) ;
#981 = STYLED_ITEM ( 'NONE', ( #5601 ), #4461 ) ;
#982 = CARTESIAN_POINT ( 'NONE',  ( 2.049461803505029156, -0.5500000000000000444, -2.833519861046362109 ) ) ;
#983 = AXIS2_PLACEMENT_3D ( 'NONE', #4701, #4667, #2972 ) ;
#984 = FACE_OUTER_BOUND ( 'NONE', #4433, .T. ) ;
#985 = DIRECTION ( 'NONE',  ( -1.000000000000000000, 0.000000000000000000, 0.000000000000000000 ) ) ;
#986 = LINE ( 'NONE', #529, #2192 ) ;
#987 = COLOUR_RGB ( '',1.000000000000000000, 1.000000000000000000, 1.000000000000000000 ) ;
#988 = STYLED_ITEM ( 'NONE', ( #3547 ), #4313 ) ;
#989 = DIRECTION ( 'NONE',  ( 0.000000000000000000, 0.000000000000000000, 1.000000000000000000 ) ) ;
#990 = FILL_AREA_STYLE ('',( #3147 ) ) ;
#991 = EDGE_CURVE ( 'NONE', #4828, #1160, #778, .T. ) ;
#992 = VERTEX_POINT ( 'NONE', #749 ) ;
#993 = CARTESIAN_POINT ( 'NONE',  ( 1.700000000000000178, -0.6000000000000000888, -2.574999999999999289 ) ) ;
#994 = DIRECTION ( 'NONE',  ( -0.000000000000000000, 1.000000000000000000, -0.000000000000000000 ) ) ;
#995 = VERTEX_POINT ( 'NONE', #2503 ) ;
#996 = UNCERTAINTY_MEASURE_WITH_UNIT (LENGTH_MEASURE( 1.000000000000000082E-05 ), #761, 'distance_accuracy_value', 'NONE');
#997 = EDGE_CURVE ( 'NONE', #5242, #4177, #2054, .T. ) ;
#998 =( GEOMETRIC_REPRESENTATION_CONTEXT ( 3 ) GLOBAL_UNCERTAINTY_ASSIGNED_CONTEXT ( ( #3874 ) ) GLOBAL_UNIT_ASSIGNED_CONTEXT ( ( #1139, #5126, #2047 ) ) REPRESENTATION_CONTEXT ( 'NONE', 'WORKASPACE' ) );
#999 = VERTEX_POINT ( 'NONE', #1577 ) ;
#1000 = VERTEX_POINT ( 'NONE', #2879 ) ;
#1001 = CARTESIAN_POINT ( 'NONE',  ( -2.049461803505028712, -0.5500000000000000444, -2.899999999999999911 ) ) ;
#1002 = DIRECTION ( 'NONE',  ( -0.000000000000000000, 1.000000000000000000, -0.000000000000000000 ) ) ;
#1003 = COLOUR_RGB ( '',1.000000000000000000, 1.000000000000000000, 1.000000000000000000 ) ;
#1004 = CARTESIAN_POINT ( 'NONE',  ( -2.049461803505029156, -0.6000000000000000888, 2.833519861046362109 ) ) ;
#1005 = ORIENTED_EDGE ( 'NONE', *, *, #3936, .T. ) ;
#1006 = FACE_OUTER_BOUND ( 'NONE', #1711, .T. ) ;
#1007 =( LENGTH_UNIT ( ) NAMED_UNIT ( * ) SI_UNIT ( .MILLI., .METRE. ) );
#1008 = DIRECTION ( 'NONE',  ( -0.000000000000000000, -1.000000000000000000, -0.000000000000000000 ) ) ;
#1009 = CARTESIAN_POINT ( 'NONE',  ( 0.4300000000000002709, -0.6000000000000000888, 0.000000000000000000 ) ) ;
#1010 =( LENGTH_UNIT ( ) NAMED_UNIT ( * ) SI_UNIT ( .MILLI., .METRE. ) );
#1011 = CARTESIAN_POINT ( 'NONE',  ( -0.4905381964949708795, -0.3460000000000000853, -3.074999999999999734 ) ) ;
#1012 = LINE ( 'NONE', #208, #4991 ) ;
#1013 = DIRECTION ( 'NONE',  ( 0.000000000000000000, 0.000000000000000000, 1.000000000000000000 ) ) ;
#1014 = VERTEX_POINT ( 'NONE', #419 ) ;
#1015 = COLOUR_RGB ( '',1.000000000000000000, 1.000000000000000000, 1.000000000000000000 ) ;
#1016 = FILL_AREA_STYLE_COLOUR ( '', #3408 ) ;
#1017 =( GEOMETRIC_REPRESENTATION_CONTEXT ( 3 ) GLOBAL_UNCERTAINTY_ASSIGNED_CONTEXT ( ( #4108 ) ) GLOBAL_UNIT_ASSIGNED_CONTEXT ( ( #366, #1180, #4264 ) ) REPRESENTATION_CONTEXT ( 'NONE', 'WORKASPACE' ) );
#1018 = SURFACE_STYLE_USAGE ( .BOTH. , #110 ) ;
#1019 = PRESENTATION_LAYER_ASSIGNMENT (  '', '', ( #4130 ) ) ;
#1020 = EDGE_CURVE ( 'NONE', #5496, #2151, #5591, .T. ) ;
#1021 = CARTESIAN_POINT ( 'NONE',  ( 1.746043249005028386, -0.6000000000000000888, -0.8515027384351421258 ) ) ;
#1022 = FILL_AREA_STYLE ('',( #4949 ) ) ;
#1023 = VECTOR ( 'NONE', #2024, 1000.000000000000000 ) ;
#1024 = VECTOR ( 'NONE', #1310, 1000.000000000000000 ) ;
#1025 =( GEOMETRIC_REPRESENTATION_CONTEXT ( 3 ) GLOBAL_UNCERTAINTY_ASSIGNED_CONTEXT ( ( #4934 ) ) GLOBAL_UNIT_ASSIGNED_CONTEXT ( ( #1784, #3513, #5260 ) ) REPRESENTATION_CONTEXT ( 'NONE', 'WORKASPACE' ) );
#1026 = ORIENTED_EDGE ( 'NONE', *, *, #1565, .F. ) ;
#1027 = CARTESIAN_POINT ( 'NONE',  ( 1.760538196494970675, -0.3460000000000000853, 2.899999999999999911 ) ) ;
#1028 = EDGE_CURVE ( 'NONE', #4260, #947, #333, .T. ) ;
#1029 = SURFACE_SIDE_STYLE ('',( #5461 ) ) ;
#1030 = ORIENTED_EDGE ( 'NONE', *, *, #3723, .F. ) ;
#1031 = DIRECTION ( 'NONE',  ( 1.000000000000000000, 0.000000000000000000, 0.000000000000000000 ) ) ;
#1032 = LINE ( 'NONE', #2785, #2375 ) ;
#1033 = DIRECTION ( 'NONE',  ( 1.000000000000000000, 0.000000000000000000, 0.000000000000000000 ) ) ;
#1034 = CARTESIAN_POINT ( 'NONE',  ( -0.4300000000000002709, -0.5500000000000000444, 2.709383666850159411 ) ) ;
#1035 = EDGE_CURVE ( 'NONE', #5543, #3864, #3842, .T. ) ;
#1036 = PLANE ( 'NONE',  #1984 ) ;
#1037 = DIRECTION ( 'NONE',  ( -0.000000000000000000, -1.000000000000000000, -0.000000000000000000 ) ) ;
#1038 =( NAMED_UNIT ( * ) PLANE_ANGLE_UNIT ( ) SI_UNIT ( $, .RADIAN. ) );
#1039 = ADVANCED_FACE ( 'NONE', ( #5622 ), #3392, .F. ) ;
#1040 = CARTESIAN_POINT ( 'NONE',  ( 0.000000000000000000, -0.6000000000000000888, 0.9375166769814144985 ) ) ;
#1041 = LINE ( 'NONE', #701, #5529 ) ;
#1042 =( LENGTH_UNIT ( ) NAMED_UNIT ( * ) SI_UNIT ( .MILLI., .METRE. ) );
#1043 = CARTESIAN_POINT ( 'NONE',  ( 1.700000000000000178, -0.6000000000000000888, 2.709383666850159411 ) ) ;
#1044 = LINE ( 'NONE', #893, #613 ) ;
#1045 = ORIENTED_EDGE ( 'NONE', *, *, #1144, .T. ) ;
#1046 = ORIENTED_EDGE ( 'NONE', *, *, #3090, .F. ) ;
#1047 = FACE_OUTER_BOUND ( 'NONE', #5514, .T. ) ;
#1048 = CARTESIAN_POINT ( 'NONE',  ( 2.085796676733050248, -0.6000000000000000888, 0.7769784804864426908 ) ) ;
#1049 =( NAMED_UNIT ( * ) PLANE_ANGLE_UNIT ( ) SI_UNIT ( $, .RADIAN. ) );
#1050 = ORIENTED_EDGE ( 'NONE', *, *, #3203, .F. ) ;
#1051 = SURFACE_STYLE_USAGE ( .BOTH. , #3137 ) ;
#1052 = VECTOR ( 'NONE', #4270, 1000.000000000000000 ) ;
#1053 = CARTESIAN_POINT ( 'NONE',  ( 0.000000000000000000, -0.5500000000000000444, 0.000000000000000000 ) ) ;
#1054 = LINE ( 'NONE', #1917, #1642 ) ;
#1055 = EDGE_CURVE ( 'NONE', #5652, #1553, #5190, .T. ) ;
#1056 = AXIS2_PLACEMENT_3D ( 'NONE', #3919, #3409, #2107 ) ;
#1057 = DIRECTION ( 'NONE',  ( 0.4383297880337241881, 0.000000000000000000, 0.8988142171340585129 ) ) ;
#1058 = VERTEX_POINT ( 'NONE', #3896 ) ;
#1059 = VECTOR ( 'NONE', #3317, 1000.000000000000000 ) ;
#1060 =( NAMED_UNIT ( * ) PLANE_ANGLE_UNIT ( ) SI_UNIT ( $, .RADIAN. ) );
#1061 = AXIS2_PLACEMENT_3D ( 'NONE', #1040, #3672, #5413 ) ;
#1062 = EDGE_CURVE ( 'NONE', #947, #275, #9, .T. ) ;
#1063 = VECTOR ( 'NONE', #3130, 1000.000000000000000 ) ;
#1064 = CARTESIAN_POINT ( 'NONE',  ( -1.760538196494970897, -0.6000000000000000888, 2.833519861046362553 ) ) ;
#1065 = FACE_OUTER_BOUND ( 'NONE', #1630, .T. ) ;
#1066 = VECTOR ( 'NONE', #5511, 1000.000000000000000 ) ;
#1067 = DIRECTION ( 'NONE',  ( -0.000000000000000000, -1.000000000000000000, -0.000000000000000000 ) ) ;
#1068 = DIRECTION ( 'NONE',  ( 1.000000000000000000, 0.000000000000000000, 0.000000000000000000 ) ) ;
#1069 = DIRECTION ( 'NONE',  ( -0.000000000000000000, 1.000000000000000000, -0.000000000000000000 ) ) ;
#1070 = PRESENTATION_LAYER_ASSIGNMENT (  '', '', ( #4543 ) ) ;
#1071 = ORIENTED_EDGE ( 'NONE', *, *, #3054, .T. ) ;
#1072 = COLOUR_RGB ( '',1.000000000000000000, 1.000000000000000000, 1.000000000000000000 ) ;
#1073 = DIRECTION ( 'NONE',  ( -0.8988142171340585129, 0.000000000000000000, 0.4383297880337241881 ) ) ;
#1074 = AXIS2_PLACEMENT_3D ( 'NONE', #250, #2268, #4032 ) ;
#1075 = UNCERTAINTY_MEASURE_WITH_UNIT (LENGTH_MEASURE( 1.000000000000000082E-05 ), #1320, 'distance_accuracy_value', 'NONE');
#1076 = PLANE ( 'NONE',  #2275 ) ;
#1077 = VERTEX_POINT ( 'NONE', #721 ) ;
#1078 = ORIENTED_EDGE ( 'NONE', *, *, #4916, .T. ) ;
#1079 = ORIENTED_EDGE ( 'NONE', *, *, #3584, .F. ) ;
#1080 = DIRECTION ( 'NONE',  ( 0.000000000000000000, 0.000000000000000000, -1.000000000000000000 ) ) ;
#1081 = VERTEX_POINT ( 'NONE', #2444 ) ;
#1082 = PLANE ( 'NONE',  #1074 ) ;
#1083 = PLANE ( 'NONE',  #3854 ) ;
#1084 = ORIENTED_EDGE ( 'NONE', *, *, #3584, .T. ) ;
#1085 = VECTOR ( 'NONE', #1827, 1000.000000000000000 ) ;
#1086 = LINE ( 'NONE', #666, #4163 ) ;
#1087 = CARTESIAN_POINT ( 'NONE',  ( -2.109999999999999876, -0.6000000000000000888, 0.000000000000000000 ) ) ;
#1088 = CARTESIAN_POINT ( 'NONE',  ( -1.760538196494970231, -0.3460000000000000853, -2.899999999999999911 ) ) ;
#1089 = EDGE_CURVE ( 'NONE', #2288, #3981, #304, .T. ) ;
#1090 = CARTESIAN_POINT ( 'NONE',  ( -8.095025303506697524E-15, -0.6000000000000000888, 0.8769784804864635408 ) ) ;
#1091 = PLANE ( 'NONE',  #1867 ) ;
#1092 =( NAMED_UNIT ( * ) PLANE_ANGLE_UNIT ( ) SI_UNIT ( $, .RADIAN. ) );
#1093 = CARTESIAN_POINT ( 'NONE',  ( -0.7794618035050293603, -0.3460000000000000853, -2.899999999999999911 ) ) ;
#1094 = ADVANCED_FACE ( 'NONE', ( #2671 ), #2210, .T. ) ;
#1095 = EDGE_CURVE ( 'NONE', #999, #686, #5335, .T. ) ;
#1096 = PLANE ( 'NONE',  #5248 ) ;
#1097 = CARTESIAN_POINT ( 'NONE',  ( -0.3857966767330511804, -0.6000000000000000888, 0.000000000000000000 ) ) ;
#1098 =( LENGTH_UNIT ( ) NAMED_UNIT ( * ) SI_UNIT ( .MILLI., .METRE. ) );
#1099 = ORIENTED_EDGE ( 'NONE', *, *, #5239, .T. ) ;
#1100 = DIRECTION ( 'NONE',  ( 0.000000000000000000, -0.000000000000000000, 1.000000000000000000 ) ) ;
#1101 = CARTESIAN_POINT ( 'NONE',  ( 0.4300000000000002709, -0.5500000000000000444, 2.709383666850159411 ) ) ;
#1102 = SURFACE_SIDE_STYLE ('',( #213 ) ) ;
#1103 = AXIS2_PLACEMENT_3D ( 'NONE', #538, #242, #5419 ) ;
#1104 = ORIENTED_EDGE ( 'NONE', *, *, #4595, .T. ) ;
#1105 = ORIENTED_EDGE ( 'NONE', *, *, #1783, .F. ) ;
#1106 = VECTOR ( 'NONE', #514, 1000.000000000000000 ) ;
#1107 = VECTOR ( 'NONE', #1517, 1000.000000000000000 ) ;
#1108 = ORIENTED_EDGE ( 'NONE', *, *, #3459, .T. ) ;
#1109 = ORIENTED_EDGE ( 'NONE', *, *, #5127, .T. ) ;
#1110 = DIRECTION ( 'NONE',  ( 0.000000000000000000, 0.000000000000000000, 1.000000000000000000 ) ) ;
#1111 = VECTOR ( 'NONE', #1808, 1000.000000000000000 ) ;
#1112 = AXIS2_PLACEMENT_3D ( 'NONE', #2036, #5232, #1615 ) ;
#1113 = ORIENTED_EDGE ( 'NONE', *, *, #4916, .F. ) ;
#1114 =( LENGTH_UNIT ( ) NAMED_UNIT ( * ) SI_UNIT ( .MILLI., .METRE. ) );
#1115 = VECTOR ( 'NONE', #364, 1000.000000000000000 ) ;
#1116 = PRESENTATION_LAYER_ASSIGNMENT (  '', '', ( #59 ) ) ;
#1117 = ORIENTED_EDGE ( 'NONE', *, *, #3902, .F. ) ;
#1118 = CARTESIAN_POINT ( 'NONE',  ( 0.000000000000000000, -0.6000000000000000888, 0.000000000000000000 ) ) ;
#1119 =( NAMED_UNIT ( * ) PLANE_ANGLE_UNIT ( ) SI_UNIT ( $, .RADIAN. ) );
#1120 =( LENGTH_UNIT ( ) NAMED_UNIT ( * ) SI_UNIT ( .MILLI., .METRE. ) );
#1121 = FILL_AREA_STYLE ('',( #2855 ) ) ;
#1122 = COLOUR_RGB ( '',1.000000000000000000, 1.000000000000000000, 1.000000000000000000 ) ;
#1123 = ADVANCED_FACE ( 'NONE', ( #3106 ), #3135, .T. ) ;
#1124 = DIRECTION ( 'NONE',  ( -1.000000000000000000, 0.000000000000000000, 1.123989534342597324E-16 ) ) ;
#1125 = STYLED_ITEM ( 'NONE', ( #2819 ), #5648 ) ;
#1126 =( NAMED_UNIT ( * ) PLANE_ANGLE_UNIT ( ) SI_UNIT ( $, .RADIAN. ) );
#1127 = FILL_AREA_STYLE ('',( #3271 ) ) ;
#1128 =( LENGTH_UNIT ( ) NAMED_UNIT ( * ) SI_UNIT ( .MILLI., .METRE. ) );
#1129 = DIRECTION ( 'NONE',  ( 0.000000000000000000, 0.000000000000000000, -1.000000000000000000 ) ) ;
#1130 = CARTESIAN_POINT ( 'NONE',  ( -0.4905381964949708795, -0.3460000000000000853, -2.899999999999999911 ) ) ;
#1131 = ORIENTED_EDGE ( 'NONE', *, *, #252, .T. ) ;
#1132 = ADVANCED_FACE ( 'NONE', ( #1278 ), #2701, .T. ) ;
#1133 = UNCERTAINTY_MEASURE_WITH_UNIT (LENGTH_MEASURE( 1.000000000000000082E-05 ), #3145, 'distance_accuracy_value', 'NONE');
#1134 = CARTESIAN_POINT ( 'NONE',  ( 2.600000000000000089, -0.3460000000000000853, 1.087516676981414410 ) ) ;
#1135 = DIRECTION ( 'NONE',  ( 1.000000000000000000, 0.000000000000000000, 0.000000000000000000 ) ) ;
#1136 = EDGE_CURVE ( 'NONE', #4467, #704, #4575, .T. ) ;
#1137 = VERTEX_POINT ( 'NONE', #630 ) ;
#1138 = ORIENTED_EDGE ( 'NONE', *, *, #1695, .F. ) ;
#1139 =( LENGTH_UNIT ( ) NAMED_UNIT ( * ) SI_UNIT ( .MILLI., .METRE. ) );
#1140 = LINE ( 'NONE', #1623, #3765 ) ;
#1141 = ORIENTED_EDGE ( 'NONE', *, *, #151, .T. ) ;
#1142 = STYLED_ITEM ( 'NONE', ( #5607 ), #3324 ) ;
#1143 = ORIENTED_EDGE ( 'NONE', *, *, #3090, .T. ) ;
#1144 = EDGE_CURVE ( 'NONE', #1469, #1909, #4056, .T. ) ;
#1145 = ORIENTED_EDGE ( 'NONE', *, *, #2786, .T. ) ;
#1146 = DIRECTION ( 'NONE',  ( 0.000000000000000000, 0.000000000000000000, 1.000000000000000000 ) ) ;
#1147 = COLOUR_RGB ( '',1.000000000000000000, 1.000000000000000000, 1.000000000000000000 ) ;
#1148 = LINE ( 'NONE', #1660, #5236 ) ;
#1149 = ORIENTED_EDGE ( 'NONE', *, *, #715, .T. ) ;
#1150 = DIRECTION ( 'NONE',  ( -1.000000000000000000, 0.000000000000000000, 0.000000000000000000 ) ) ;
#1151 = SURFACE_STYLE_FILL_AREA ( #1972 ) ;
#1152 = VECTOR ( 'NONE', #2358, 1000.000000000000000 ) ;
#1153 = CARTESIAN_POINT ( 'NONE',  ( -1.760538196494970675, -0.6000000000000000888, -3.074999999999999734 ) ) ;
#1154 = SURFACE_SIDE_STYLE ('',( #1693 ) ) ;
#1155 = CARTESIAN_POINT ( 'NONE',  ( -1.760538196494970675, -0.3460000000000000853, 3.074999999999999734 ) ) ;
#1156 = CARTESIAN_POINT ( 'NONE',  ( 2.526344525989637445E-14, -0.6000000000000000888, -2.575000000000003286 ) ) ;
#1157 = CARTESIAN_POINT ( 'NONE',  ( 0.000000000000000000, 0.5000000000000000000, -1.693602945287188799 ) ) ;
#1158 = FACE_OUTER_BOUND ( 'NONE', #3000, .T. ) ;
#1159 = AXIS2_PLACEMENT_3D ( 'NONE', #4674, #4296, #401 ) ;
#1160 = VERTEX_POINT ( 'NONE', #1934 ) ;
#1161 = CARTESIAN_POINT ( 'NONE',  ( 2.600000000000000089, -0.5500000000000000444, -2.899999999999999911 ) ) ;
#1162 = LINE ( 'NONE', #2459, #561 ) ;
#1163 =( LENGTH_UNIT ( ) NAMED_UNIT ( * ) SI_UNIT ( .MILLI., .METRE. ) );
#1164 = VECTOR ( 'NONE', #1208, 1000.000000000000000 ) ;
#1165 = ADVANCED_FACE ( 'NONE', ( #1493 ), #4486, .F. ) ;
#1166 = PRESENTATION_LAYER_ASSIGNMENT (  '', '', ( #2142 ) ) ;
#1167 = VECTOR ( 'NONE', #3598, 1000.000000000000000 ) ;
#1168 = EDGE_LOOP ( 'NONE', ( #3532, #1522, #4350, #55 ) ) ;
#1169 = ORIENTED_EDGE ( 'NONE', *, *, #3273, .T. ) ;
#1170 = LINE ( 'NONE', #2382, #3517 ) ;
#1171 = LINE ( 'NONE', #1197, #4650 ) ;
#1172 = VECTOR ( 'NONE', #5023, 1000.000000000000000 ) ;
#1173 = ORIENTED_EDGE ( 'NONE', *, *, #1632, .F. ) ;
#1174 = EDGE_CURVE ( 'NONE', #3804, #44, #171, .T. ) ;
#1175 = EDGE_CURVE ( 'NONE', #2304, #495, #5398, .T. ) ;
#1176 = SURFACE_STYLE_FILL_AREA ( #2534 ) ;
#1177 = VERTEX_POINT ( 'NONE', #247 ) ;
#1178 =( LENGTH_UNIT ( ) NAMED_UNIT ( * ) SI_UNIT ( .MILLI., .METRE. ) );
#1179 = CARTESIAN_POINT ( 'NONE',  ( -0.4300000000000002709, -0.6000000000000000888, 0.000000000000000000 ) ) ;
#1180 =( NAMED_UNIT ( * ) PLANE_ANGLE_UNIT ( ) SI_UNIT ( $, .RADIAN. ) );
#1181 = ORIENTED_EDGE ( 'NONE', *, *, #3796, .F. ) ;
#1182 = FACE_OUTER_BOUND ( 'NONE', #4731, .T. ) ;
#1183 = CARTESIAN_POINT ( 'NONE',  ( -1.760538196494970675, -0.6000000000000000888, -3.074999999999999734 ) ) ;
#1184 = PRESENTATION_LAYER_ASSIGNMENT (  '', '', ( #3641 ) ) ;
#1185 =( NAMED_UNIT ( * ) PLANE_ANGLE_UNIT ( ) SI_UNIT ( $, .RADIAN. ) );
#1186 = FACE_OUTER_BOUND ( 'NONE', #3671, .T. ) ;
#1187 = PLANE ( 'NONE',  #1472 ) ;
#1188 = CYLINDRICAL_SURFACE ( 'NONE', #2927, 0.6500247227779178960 ) ;
#1189 = VECTOR ( 'NONE', #879, 1000.000000000000000 ) ;
#1190 = ORIENTED_EDGE ( 'NONE', *, *, #2379, .T. ) ;
#1191 = CARTESIAN_POINT ( 'NONE',  ( 1.760538196494970675, -0.6000000000000000888, 3.074999999999999734 ) ) ;
#1192 = FACE_OUTER_BOUND ( 'NONE', #3084, .T. ) ;
#1193 =( GEOMETRIC_REPRESENTATION_CONTEXT ( 3 ) GLOBAL_UNCERTAINTY_ASSIGNED_CONTEXT ( ( #1588 ) ) GLOBAL_UNIT_ASSIGNED_CONTEXT ( ( #5561, #4903, #916 ) ) REPRESENTATION_CONTEXT ( 'NONE', 'WORKASPACE' ) );
#1194 = UNCERTAINTY_MEASURE_WITH_UNIT (LENGTH_MEASURE( 1.000000000000000082E-05 ), #2507, 'distance_accuracy_value', 'NONE');
#1195 = EDGE_CURVE ( 'NONE', #1703, #4286, #3714, .T. ) ;
#1196 = DIRECTION ( 'NONE',  ( -0.000000000000000000, 1.000000000000000000, -0.000000000000000000 ) ) ;
#1197 = CARTESIAN_POINT ( 'NONE',  ( -0.7794618035050293603, -0.6000000000000000888, 2.833519861046362109 ) ) ;
#1198 = COLOUR_RGB ( '',1.000000000000000000, 1.000000000000000000, 1.000000000000000000 ) ;
#1199 = DIRECTION ( 'NONE',  ( 2.478176394252584494E-15, 0.000000000000000000, -1.000000000000000000 ) ) ;
#1200 = ORIENTED_EDGE ( 'NONE', *, *, #477, .F. ) ;
#1201 = ORIENTED_EDGE ( 'NONE', *, *, #4523, .T. ) ;
#1202 = LINE ( 'NONE', #776, #4049 ) ;
#1203 = EDGE_CURVE ( 'NONE', #4375, #4576, #1424, .T. ) ;
#1204 = SURFACE_SIDE_STYLE ('',( #777 ) ) ;
#1205 = FILL_AREA_STYLE ('',( #1606 ) ) ;
#1206 = VECTOR ( 'NONE', #5614, 1000.000000000000000 ) ;
#1207 = ORIENTED_EDGE ( 'NONE', *, *, #2234, .T. ) ;
#1208 = DIRECTION ( 'NONE',  ( -0.000000000000000000, -0.000000000000000000, -1.000000000000000000 ) ) ;
#1209 = AXIS2_PLACEMENT_3D ( 'NONE', #1348, #5277, #5306 ) ;
#1210 = PRESENTATION_LAYER_ASSIGNMENT (  '', '', ( #4861 ) ) ;
#1211 = CARTESIAN_POINT ( 'NONE',  ( 2.049461803505029156, -0.6000000000000000888, 3.074999999999999734 ) ) ;
#1212 = PRESENTATION_LAYER_ASSIGNMENT (  '', '', ( #5148 ) ) ;
#1213 = VECTOR ( 'NONE', #3008, 1000.000000000000000 ) ;
#1214 = FILL_AREA_STYLE_COLOUR ( '', #4803 ) ;
#1215 = AXIS2_PLACEMENT_3D ( 'NONE', #1370, #74, #836 ) ;
#1216 = PRESENTATION_STYLE_ASSIGNMENT (( #1613 ) ) ;
#1217 = PLANE ( 'NONE',  #652 ) ;
#1218 = UNCERTAINTY_MEASURE_WITH_UNIT (LENGTH_MEASURE( 1.000000000000000082E-05 ), #4632, 'distance_accuracy_value', 'NONE');
#1219 = ORIENTED_EDGE ( 'NONE', *, *, #2480, .F. ) ;
#1220 = EDGE_CURVE ( 'NONE', #71, #5543, #3184, .T. ) ;
#1221 = DIRECTION ( 'NONE',  ( 0.000000000000000000, 1.000000000000000000, 0.000000000000000000 ) ) ;
#1222 = LINE ( 'NONE', #2068, #4458 ) ;
#1223 = PRESENTATION_LAYER_ASSIGNMENT (  '', '', ( #1125 ) ) ;
#1224 = ORIENTED_EDGE ( 'NONE', *, *, #89, .F. ) ;
#1225 = ORIENTED_EDGE ( 'NONE', *, *, #3054, .F. ) ;
#1226 = PRESENTATION_STYLE_ASSIGNMENT (( #1552 ) ) ;
#1227 = ORIENTED_EDGE ( 'NONE', *, *, #5214, .T. ) ;
#1228 = ORIENTED_EDGE ( 'NONE', *, *, #4143, .F. ) ;
#1229 = CARTESIAN_POINT ( 'NONE',  ( -1.760538196494970231, -0.3460000000000000853, -2.899999999999999911 ) ) ;
#1230 = ORIENTED_EDGE ( 'NONE', *, *, #2409, .T. ) ;
#1231 = SURFACE_STYLE_USAGE ( .BOTH. , #5165 ) ;
#1232 = FILL_AREA_STYLE_COLOUR ( '', #1906 ) ;
#1233 = DIRECTION ( 'NONE',  ( -1.000000000000000000, 0.000000000000000000, 0.000000000000000000 ) ) ;
#1234 = EDGE_CURVE ( 'NONE', #627, #4516, #2406, .T. ) ;
#1235 = DIRECTION ( 'NONE',  ( 1.000000000000000000, 0.000000000000000000, 0.000000000000000000 ) ) ;
#1236 = CARTESIAN_POINT ( 'NONE',  ( 0.000000000000000000, -0.6000000000000000888, 0.9375166769814144985 ) ) ;
#1237 = DIRECTION ( 'NONE',  ( -1.000000000000000000, 0.000000000000000000, -9.230586021924224922E-15 ) ) ;
#1238 = DIRECTION ( 'NONE',  ( -1.000000000000000000, 0.000000000000000000, 0.000000000000000000 ) ) ;
#1239 = SURFACE_SIDE_STYLE ('',( #817 ) ) ;
#1240 = EDGE_CURVE ( 'NONE', #2704, #4679, #4518, .T. ) ;
#1241 = VERTEX_POINT ( 'NONE', #4982 ) ;
#1242 = LINE ( 'NONE', #5120, #5563 ) ;
#1243 = AXIS2_PLACEMENT_3D ( 'NONE', #5458, #278, #1933 ) ;
#1244 = CARTESIAN_POINT ( 'NONE',  ( -2.109999999999999876, -0.6000000000000000888, 0.000000000000000000 ) ) ;
#1245 = COLOUR_RGB ( '',1.000000000000000000, 1.000000000000000000, 1.000000000000000000 ) ;
#1246 = UNCERTAINTY_MEASURE_WITH_UNIT (LENGTH_MEASURE( 1.000000000000000082E-05 ), #1924, 'distance_accuracy_value', 'NONE');
#1247 = AXIS2_PLACEMENT_3D ( 'NONE', #2157, #3935, #4878 ) ;
#1248 = ORIENTED_EDGE ( 'NONE', *, *, #2869, .T. ) ;
#1249 = VECTOR ( 'NONE', #4528, 1000.000000000000000 ) ;
#1250 =( LENGTH_UNIT ( ) NAMED_UNIT ( * ) SI_UNIT ( .MILLI., .METRE. ) );
#1251 = SURFACE_STYLE_FILL_AREA ( #2554 ) ;
#1252 = DIRECTION ( 'NONE',  ( 1.000000000000000000, 0.000000000000000000, 9.811046702872364580E-15 ) ) ;
#1253 = STYLED_ITEM ( 'NONE', ( #85 ), #4061 ) ;
#1254 = ORIENTED_EDGE ( 'NONE', *, *, #2571, .F. ) ;
#1255 = VECTOR ( 'NONE', #2817, 1000.000000000000000 ) ;
#1256 = ORIENTED_EDGE ( 'NONE', *, *, #2309, .F. ) ;
#1257 = UNCERTAINTY_MEASURE_WITH_UNIT (LENGTH_MEASURE( 1.000000000000000082E-05 ), #5063, 'distance_accuracy_value', 'NONE');
#1258 = MECHANICAL_DESIGN_GEOMETRIC_PRESENTATION_REPRESENTATION (  '', ( #3164 ), #2336 ) ;
#1259 = DIRECTION ( 'NONE',  ( 0.000000000000000000, 0.000000000000000000, -1.000000000000000000 ) ) ;
#1260 = VERTEX_POINT ( 'NONE', #221 ) ;
#1261 = LINE ( 'NONE', #3035, #4918 ) ;
#1262 = CARTESIAN_POINT ( 'NONE',  ( 2.049461803505029156, -0.5500000000000000444, 2.833519861046362109 ) ) ;
#1263 = EDGE_CURVE ( 'NONE', #546, #691, #5181, .T. ) ;
#1264 = CARTESIAN_POINT ( 'NONE',  ( -2.049461803505029156, -0.5500000000000000444, -2.833519861046362109 ) ) ;
#1265 = SURFACE_STYLE_FILL_AREA ( #5173 ) ;
#1266 =( NAMED_UNIT ( * ) PLANE_ANGLE_UNIT ( ) SI_UNIT ( $, .RADIAN. ) );
#1267 = CARTESIAN_POINT ( 'NONE',  ( 0.000000000000000000, -0.6000000000000000888, 2.414999999999999591 ) ) ;
#1268 = ADVANCED_FACE ( 'NONE', ( #1962 ), #2873, .F. ) ;
#1269 = EDGE_LOOP ( 'NONE', ( #3495, #5095, #1131, #3944, #1966, #1145, #2940, #1616 ) ) ;
#1270 =( LENGTH_UNIT ( ) NAMED_UNIT ( * ) SI_UNIT ( .MILLI., .METRE. ) );
#1271 = FACE_OUTER_BOUND ( 'NONE', #5512, .T. ) ;
#1272 = DIRECTION ( 'NONE',  ( -0.000000000000000000, -1.000000000000000000, -0.000000000000000000 ) ) ;
#1273 = DIRECTION ( 'NONE',  ( -0.000000000000000000, 1.000000000000000000, -0.000000000000000000 ) ) ;
#1274 = LINE ( 'NONE', #4781, #4769 ) ;
#1275 = DIRECTION ( 'NONE',  ( 1.000000000000000000, 0.000000000000000000, 0.000000000000000000 ) ) ;
#1276 = ORIENTED_EDGE ( 'NONE', *, *, #2648, .F. ) ;
#1277 = ORIENTED_EDGE ( 'NONE', *, *, #1062, .F. ) ;
#1278 = FACE_OUTER_BOUND ( 'NONE', #5291, .T. ) ;
#1279 = UNCERTAINTY_MEASURE_WITH_UNIT (LENGTH_MEASURE( 1.000000000000000082E-05 ), #4369, 'distance_accuracy_value', 'NONE');
#1280 = ORIENTED_EDGE ( 'NONE', *, *, #5307, .F. ) ;
#1281 = DIRECTION ( 'NONE',  ( 0.4383297880337241881, 0.000000000000000000, -0.8988142171340585129 ) ) ;
#1282 = DIRECTION ( 'NONE',  ( -0.8988142171340585129, 0.000000000000000000, -0.4383297880337241881 ) ) ;
#1283 = SURFACE_SIDE_STYLE ('',( #2570 ) ) ;
#1284 = VECTOR ( 'NONE', #2224, 1000.000000000000000 ) ;
#1285 =( GEOMETRIC_REPRESENTATION_CONTEXT ( 3 ) GLOBAL_UNCERTAINTY_ASSIGNED_CONTEXT ( ( #2037 ) ) GLOBAL_UNIT_ASSIGNED_CONTEXT ( ( #3101, #4863, #30 ) ) REPRESENTATION_CONTEXT ( 'NONE', 'WORKASPACE' ) );
#1286 = VECTOR ( 'NONE', #4665, 1000.000000000000000 ) ;
#1287 = CARTESIAN_POINT ( 'NONE',  ( -2.600000000000000089, -0.3460000000000000853, 0.9375166769814144985 ) ) ;
#1288 = MECHANICAL_DESIGN_GEOMETRIC_PRESENTATION_REPRESENTATION (  '', ( #934 ), #4494 ) ;
#1289 = EDGE_LOOP ( 'NONE', ( #3782, #2428, #2404, #1393, #2871, #2778 ) ) ;
#1290 =( GEOMETRIC_REPRESENTATION_CONTEXT ( 3 ) GLOBAL_UNCERTAINTY_ASSIGNED_CONTEXT ( ( #1682 ) ) GLOBAL_UNIT_ASSIGNED_CONTEXT ( ( #3432, #5205, #1587 ) ) REPRESENTATION_CONTEXT ( 'NONE', 'WORKASPACE' ) );
#1291 = PLANE ( 'NONE',  #4730 ) ;
#1292 = FILL_AREA_STYLE_COLOUR ( '', #231 ) ;
#1293 = CARTESIAN_POINT ( 'NONE',  ( -1.073931736960674677, -0.6000000000000000888, 0.3769286825621732118 ) ) ;
#1294 = PRESENTATION_STYLE_ASSIGNMENT (( #3908 ) ) ;
#1295 = AXIS2_PLACEMENT_3D ( 'NONE', #3489, #5261, #4421 ) ;
#1296 = COLOUR_RGB ( '',0.2509803921568627416, 0.2509803921568627416, 0.2509803921568627416 ) ;
#1297 =( GEOMETRIC_REPRESENTATION_CONTEXT ( 3 ) GLOBAL_UNCERTAINTY_ASSIGNED_CONTEXT ( ( #4110 ) ) GLOBAL_UNIT_ASSIGNED_CONTEXT ( ( #2636, #2666, #1739 ) ) REPRESENTATION_CONTEXT ( 'NONE', 'WORKASPACE' ) );
#1298 = EDGE_CURVE ( 'NONE', #686, #4950, #356, .T. ) ;
#1299 =( NAMED_UNIT ( * ) SI_UNIT ( $, .STERADIAN. ) SOLID_ANGLE_UNIT ( ) );
#1300 = PRESENTATION_LAYER_ASSIGNMENT (  '', '', ( #408 ) ) ;
#1301 = CARTESIAN_POINT ( 'NONE',  ( -0.4300000000000002709, -0.6000000000000000888, 0.000000000000000000 ) ) ;
#1302 = EDGE_CURVE ( 'NONE', #1884, #3804, #3410, .T. ) ;
#1303 = STYLED_ITEM ( 'NONE', ( #2538 ), #5389 ) ;
#1304 = ORIENTED_EDGE ( 'NONE', *, *, #3745, .T. ) ;
#1305 = VERTEX_POINT ( 'NONE', #3834 ) ;
#1306 = ORIENTED_EDGE ( 'NONE', *, *, #1521, .F. ) ;
#1307 = SURFACE_SIDE_STYLE ('',( #328 ) ) ;
#1308 = FILL_AREA_STYLE_COLOUR ( '', #1296 ) ;
#1309 = CARTESIAN_POINT ( 'NONE',  ( -0.8781883311819363991, -0.5500000000000000444, 1.833272577296186867 ) ) ;
#1310 = DIRECTION ( 'NONE',  ( 1.000000000000000000, 0.000000000000000000, 0.000000000000000000 ) ) ;
#1311 = EDGE_CURVE ( 'NONE', #5611, #3927, #1171, .T. ) ;
#1312 = EDGE_LOOP ( 'NONE', ( #422, #2137, #3312, #1591 ) ) ;
#1313 =( NAMED_UNIT ( * ) PLANE_ANGLE_UNIT ( ) SI_UNIT ( $, .RADIAN. ) );
#1314 = PRESENTATION_STYLE_ASSIGNMENT (( #3450 ) ) ;
#1315 = DIRECTION ( 'NONE',  ( 0.000000000000000000, 1.000000000000000000, 0.000000000000000000 ) ) ;
#1316 = EDGE_LOOP ( 'NONE', ( #2867, #3772, #1227, #1931 ) ) ;
#1317 = SURFACE_STYLE_USAGE ( .BOTH. , #832 ) ;
#1318 = PRESENTATION_STYLE_ASSIGNMENT (( #4440 ) ) ;
#1319 = DIRECTION ( 'NONE',  ( 0.000000000000000000, -0.000000000000000000, -1.000000000000000000 ) ) ;
#1320 =( LENGTH_UNIT ( ) NAMED_UNIT ( * ) SI_UNIT ( .MILLI., .METRE. ) );
#1321 =( LENGTH_UNIT ( ) NAMED_UNIT ( * ) SI_UNIT ( .MILLI., .METRE. ) );
#1322 = FILL_AREA_STYLE_COLOUR ( '', #4133 ) ;
#1323 = DIRECTION ( 'NONE',  ( -1.000000000000000000, 0.000000000000000000, 0.000000000000000000 ) ) ;
#1324 = ORIENTED_EDGE ( 'NONE', *, *, #5551, .T. ) ;
#1325 = SURFACE_STYLE_FILL_AREA ( #4364 ) ;
#1326 = FACE_OUTER_BOUND ( 'NONE', #4652, .T. ) ;
#1327 = AXIS2_PLACEMENT_3D ( 'NONE', #1153, #729, #2009 ) ;
#1328 =( NAMED_UNIT ( * ) SI_UNIT ( $, .STERADIAN. ) SOLID_ANGLE_UNIT ( ) );
#1329 = ORIENTED_EDGE ( 'NONE', *, *, #3354, .T. ) ;
#1330 = ORIENTED_EDGE ( 'NONE', *, *, #3662, .F. ) ;
#1331 = CARTESIAN_POINT ( 'NONE',  ( 0.000000000000000000, -0.6000000000000000888, 2.414999999999999591 ) ) ;
#1332 = PRESENTATION_LAYER_ASSIGNMENT (  '', '', ( #3807 ) ) ;
#1333 = EDGE_CURVE ( 'NONE', #3981, #2083, #2928, .T. ) ;
#1334 = DIRECTION ( 'NONE',  ( 0.000000000000000000, 0.000000000000000000, -1.000000000000000000 ) ) ;
#1335 = DIRECTION ( 'NONE',  ( -0.8928197462246005855, 0.000000000000000000, 0.4504141435961349638 ) ) ;
#1336 = CARTESIAN_POINT ( 'NONE',  ( 1.760538196494970675, -0.6000000000000000888, -2.833519861046362109 ) ) ;
#1337 =( GEOMETRIC_REPRESENTATION_CONTEXT ( 3 ) GLOBAL_UNCERTAINTY_ASSIGNED_CONTEXT ( ( #1461 ) ) GLOBAL_UNIT_ASSIGNED_CONTEXT ( ( #3992, #2646, #2678 ) ) REPRESENTATION_CONTEXT ( 'NONE', 'WORKASPACE' ) );
#1338 = UNCERTAINTY_MEASURE_WITH_UNIT (LENGTH_MEASURE( 1.000000000000000082E-05 ), #2188, 'distance_accuracy_value', 'NONE');
#1339 = ORIENTED_EDGE ( 'NONE', *, *, #5203, .F. ) ;
#1340 = MECHANICAL_DESIGN_GEOMETRIC_PRESENTATION_REPRESENTATION (  '', ( #1503 ), #2417 ) ;
#1341 = AXIS2_PLACEMENT_3D ( 'NONE', #4370, #3444, #3948 ) ;
#1342 = EDGE_CURVE ( 'NONE', #3104, #1872, #2498, .T. ) ;
#1343 = EDGE_CURVE ( 'NONE', #5369, #1550, #1651, .T. ) ;
#1344 = SURFACE_STYLE_USAGE ( .BOTH. , #5273 ) ;
#1345 = ORIENTED_EDGE ( 'NONE', *, *, #5112, .F. ) ;
#1346 = LINE ( 'NONE', #5224, #4180 ) ;
#1347 = VECTOR ( 'NONE', #587, 999.9999999999998863 ) ;
#1348 = CARTESIAN_POINT ( 'NONE',  ( 1.760538196494970675, -0.6000000000000000888, 0.000000000000000000 ) ) ;
#1349 = PRESENTATION_LAYER_ASSIGNMENT (  '', '', ( #3080 ) ) ;
#1350 = VECTOR ( 'NONE', #3989, 1000.000000000000000 ) ;
#1351 =( LENGTH_UNIT ( ) NAMED_UNIT ( * ) SI_UNIT ( .MILLI., .METRE. ) );
#1352 = CARTESIAN_POINT ( 'NONE',  ( 2.085796676733050248, -0.6000000000000000888, -2.506040755987019697 ) ) ;
#1353 = SURFACE_STYLE_USAGE ( .BOTH. , #2246 ) ;
#1354 = DIRECTION ( 'NONE',  ( -0.000000000000000000, 1.000000000000000000, -0.000000000000000000 ) ) ;
#1355 = CARTESIAN_POINT ( 'NONE',  ( -1.566666666666672425, 1.483333333333336057, 1.866666666666672247 ) ) ;
#1356 = FILL_AREA_STYLE_COLOUR ( '', #3439 ) ;
#1357 = DIRECTION ( 'NONE',  ( 0.000000000000000000, 0.000000000000000000, -1.000000000000000000 ) ) ;
#1358 =( LENGTH_UNIT ( ) NAMED_UNIT ( * ) SI_UNIT ( .MILLI., .METRE. ) );
#1359 = LINE ( 'NONE', #2662, #31 ) ;
#1360 = PRESENTATION_STYLE_ASSIGNMENT (( #1763 ) ) ;
#1361 =( GEOMETRIC_REPRESENTATION_CONTEXT ( 3 ) GLOBAL_UNCERTAINTY_ASSIGNED_CONTEXT ( ( #1279 ) ) GLOBAL_UNIT_ASSIGNED_CONTEXT ( ( #4369, #3467, #3523 ) ) REPRESENTATION_CONTEXT ( 'NONE', 'WORKASPACE' ) );
#1362 = ORIENTED_EDGE ( 'NONE', *, *, #3557, .T. ) ;
#1363 = ADVANCED_FACE ( 'NONE', ( #2902 ), #799, .T. ) ;
#1364 = ORIENTED_EDGE ( 'NONE', *, *, #5112, .T. ) ;
#1365 = ORIENTED_EDGE ( 'NONE', *, *, #690, .T. ) ;
#1366 = FILL_AREA_STYLE_COLOUR ( '', #397 ) ;
#1367 = ORIENTED_EDGE ( 'NONE', *, *, #387, .T. ) ;
#1368 = CARTESIAN_POINT ( 'NONE',  ( 0.3857966767330511804, -0.6000000000000000888, 0.000000000000000000 ) ) ;
#1369 = CARTESIAN_POINT ( 'NONE',  ( 2.600000000000000089, 0.4499999999999997891, -2.899999999999999911 ) ) ;
#1370 = CARTESIAN_POINT ( 'NONE',  ( -2.049461803505029156, -0.6000000000000000888, 0.000000000000000000 ) ) ;
#1371 = ADVANCED_FACE ( 'NONE', ( #413 ), #939, .T. ) ;
#1372 =( NAMED_UNIT ( * ) PLANE_ANGLE_UNIT ( ) SI_UNIT ( $, .RADIAN. ) );
#1373 =( GEOMETRIC_REPRESENTATION_CONTEXT ( 3 ) GLOBAL_UNCERTAINTY_ASSIGNED_CONTEXT ( ( #3005 ) ) GLOBAL_UNIT_ASSIGNED_CONTEXT ( ( #4919, #2344, #2290 ) ) REPRESENTATION_CONTEXT ( 'NONE', 'WORKASPACE' ) );
#1374 = DIRECTION ( 'NONE',  ( 0.000000000000000000, 0.000000000000000000, 1.000000000000000000 ) ) ;
#1375 = SURFACE_SIDE_STYLE ('',( #1726 ) ) ;
#1376 = VECTOR ( 'NONE', #3461, 1000.000000000000000 ) ;
#1377 = EDGE_CURVE ( 'NONE', #201, #2288, #5293, .T. ) ;
#1378 = VECTOR ( 'NONE', #4090, 1000.000000000000000 ) ;
#1379 = VECTOR ( 'NONE', #2707, 1000.000000000000000 ) ;
#1380 = AXIS2_PLACEMENT_3D ( 'NONE', #402, #5143, #3367 ) ;
#1381 =( NAMED_UNIT ( * ) SI_UNIT ( $, .STERADIAN. ) SOLID_ANGLE_UNIT ( ) );
#1382 = VECTOR ( 'NONE', #1354, 1000.000000000000000 ) ;
#1383 =( NAMED_UNIT ( * ) SI_UNIT ( $, .STERADIAN. ) SOLID_ANGLE_UNIT ( ) );
#1384 = VECTOR ( 'NONE', #1334, 1000.000000000000000 ) ;
#1385 = LINE ( 'NONE', #2687, #1537 ) ;
#1386 =( GEOMETRIC_REPRESENTATION_CONTEXT ( 3 ) GLOBAL_UNCERTAINTY_ASSIGNED_CONTEXT ( ( #320 ) ) GLOBAL_UNIT_ASSIGNED_CONTEXT ( ( #2585, #5269, #4372 ) ) REPRESENTATION_CONTEXT ( 'NONE', 'WORKASPACE' ) );
#1387 = ORIENTED_EDGE ( 'NONE', *, *, #690, .F. ) ;
#1388 = PRODUCT_DEFINITION ( 'UNKNOWN', '', #4419, #5361 ) ;
#1389 =( NAMED_UNIT ( * ) PLANE_ANGLE_UNIT ( ) SI_UNIT ( $, .RADIAN. ) );
#1390 =( NAMED_UNIT ( * ) SI_UNIT ( $, .STERADIAN. ) SOLID_ANGLE_UNIT ( ) );
#1391 = PLANE ( 'NONE',  #2287 ) ;
#1392 = CARTESIAN_POINT ( 'NONE',  ( -0.7794618035050293603, -0.5500000000000000444, -2.899999999999999911 ) ) ;
#1393 = ORIENTED_EDGE ( 'NONE', *, *, #2194, .T. ) ;
#1394 = ORIENTED_EDGE ( 'NONE', *, *, #5027, .T. ) ;
#1395 = ORIENTED_EDGE ( 'NONE', *, *, #2480, .T. ) ;
#1396 = VECTOR ( 'NONE', #13, 1000.000000000000000 ) ;
#1397 = DIRECTION ( 'NONE',  ( 0.000000000000000000, 0.000000000000000000, 1.000000000000000000 ) ) ;
#1398 = PRESENTATION_STYLE_ASSIGNMENT (( #3476 ) ) ;
#1399 = FILL_AREA_STYLE_COLOUR ( '', #5321 ) ;
#1400 = ORIENTED_EDGE ( 'NONE', *, *, #229, .F. ) ;
#1401 = DIRECTION ( 'NONE',  ( 0.000000000000000000, 0.000000000000000000, -1.000000000000000000 ) ) ;
#1402 = CARTESIAN_POINT ( 'NONE',  ( -2.049461803505029156, -0.6000000000000000888, 2.833519861046362109 ) ) ;
#1403 = SURFACE_STYLE_FILL_AREA ( #5310 ) ;
#1404 = EDGE_CURVE ( 'NONE', #5130, #2412, #491, .T. ) ;
#1405 = CARTESIAN_POINT ( 'NONE',  ( -2.600000000000000089, -0.5500000000000000444, 2.899999999999999911 ) ) ;
#1406 = DIRECTION ( 'NONE',  ( 0.000000000000000000, 0.000000000000000000, 1.000000000000000000 ) ) ;
#1407 = FILL_AREA_STYLE ('',( #158 ) ) ;
#1408 = SURFACE_SIDE_STYLE ('',( #132 ) ) ;
#1409 = FILL_AREA_STYLE ('',( #161 ) ) ;
#1410 = EDGE_CURVE ( 'NONE', #806, #1260, #1359, .T. ) ;
#1411 = EDGE_CURVE ( 'NONE', #275, #2071, #3497, .T. ) ;
#1412 = FACE_OUTER_BOUND ( 'NONE', #1539, .T. ) ;
#1413 = VECTOR ( 'NONE', #4683, 1000.000000000000000 ) ;
#1414 = ORIENTED_EDGE ( 'NONE', *, *, #2648, .T. ) ;
#1415 = AXIS2_PLACEMENT_3D ( 'NONE', #4070, #5475, #2856 ) ;
#1416 = SURFACE_SIDE_STYLE ('',( #963 ) ) ;
#1417 = FILL_AREA_STYLE ('',( #3201 ) ) ;
#1418 = PRESENTATION_STYLE_ASSIGNMENT (( #1018 ) ) ;
#1419 = FACE_OUTER_BOUND ( 'NONE', #2049, .T. ) ;
#1420 = CARTESIAN_POINT ( 'NONE',  ( 0.7794618035050293603, -0.6000000000000000888, 2.833519861046362553 ) ) ;
#1421 = VECTOR ( 'NONE', #3216, 1000.000000000000000 ) ;
#1422 = ORIENTED_EDGE ( 'NONE', *, *, #925, .F. ) ;
#1423 = FILL_AREA_STYLE ('',( #2262 ) ) ;
#1424 = LINE ( 'NONE', #1027, #1699 ) ;
#1425 = LINE ( 'NONE', #2298, #3280 ) ;
#1426 = COLOUR_RGB ( '',1.000000000000000000, 1.000000000000000000, 1.000000000000000000 ) ;
#1427 = ORIENTED_EDGE ( 'NONE', *, *, #1203, .T. ) ;
#1428 =( NAMED_UNIT ( * ) PLANE_ANGLE_UNIT ( ) SI_UNIT ( $, .RADIAN. ) );
#1429 = FILL_AREA_STYLE ('',( #3599 ) ) ;
#1430 = LINE ( 'NONE', #3169, #4139 ) ;
#1431 = CARTESIAN_POINT ( 'NONE',  ( -0.7794618035050293603, -0.6000000000000000888, 3.074999999999999734 ) ) ;
#1432 = COLOUR_RGB ( '',1.000000000000000000, 1.000000000000000000, 1.000000000000000000 ) ;
#1433 = FILL_AREA_STYLE ('',( #4993 ) ) ;
#1434 = FILL_AREA_STYLE ('',( #1891 ) ) ;
#1435 = LINE ( 'NONE', #1480, #2743 ) ;
#1436 = AXIS2_PLACEMENT_3D ( 'NONE', #5353, #3586, #931 ) ;
#1437 = COLOUR_RGB ( '',1.000000000000000000, 1.000000000000000000, 1.000000000000000000 ) ;
#1438 = ADVANCED_FACE ( 'NONE', ( #1271 ), #4798, .T. ) ;
#1439 = STYLED_ITEM ( 'NONE', ( #185 ), #4389 ) ;
#1440 = PRESENTATION_STYLE_ASSIGNMENT (( #2740 ) ) ;
#1441 = CARTESIAN_POINT ( 'NONE',  ( 1.760538196494970675, -0.3460000000000000853, -2.899999999999999911 ) ) ;
#1442 = ADVANCED_FACE ( 'NONE', ( #965 ), #4311, .F. ) ;
#1443 = ORIENTED_EDGE ( 'NONE', *, *, #3588, .T. ) ;
#1444 =( NAMED_UNIT ( * ) SI_UNIT ( $, .STERADIAN. ) SOLID_ANGLE_UNIT ( ) );
#1445 = FILL_AREA_STYLE_COLOUR ( '', #987 ) ;
#1446 = SURFACE_STYLE_USAGE ( .BOTH. , #4478 ) ;
#1447 = PRESENTATION_LAYER_ASSIGNMENT (  '', '', ( #2811 ) ) ;
#1448 = ADVANCED_FACE ( 'NONE', ( #3615 ), #1076, .F. ) ;
#1449 = ORIENTED_EDGE ( 'NONE', *, *, #142, .T. ) ;
#1450 = CARTESIAN_POINT ( 'NONE',  ( 0.000000000000000000, 0.5000000000000000000, -1.693602945287188799 ) ) ;
#1451 = COLOUR_RGB ( '',1.000000000000000000, 1.000000000000000000, 1.000000000000000000 ) ;
#1452 = ORIENTED_EDGE ( 'NONE', *, *, #2725, .F. ) ;
#1453 = ADVANCED_FACE ( 'NONE', ( #2772 ), #1462, .T. ) ;
#1454 = DIRECTION ( 'NONE',  ( 0.000000000000000000, 0.000000000000000000, 1.000000000000000000 ) ) ;
#1455 = DIRECTION ( 'NONE',  ( 1.000000000000000000, 0.000000000000000000, 0.000000000000000000 ) ) ;
#1456 = FILL_AREA_STYLE ('',( #3265 ) ) ;
#1457 = LINE ( 'NONE', #3727, #5634 ) ;
#1458 = SURFACE_STYLE_FILL_AREA ( #1556 ) ;
#1459 = COLOUR_RGB ( '',1.000000000000000000, 1.000000000000000000, 1.000000000000000000 ) ;
#1460 = PRESENTATION_LAYER_ASSIGNMENT (  '', '', ( #1540 ) ) ;
#1461 = UNCERTAINTY_MEASURE_WITH_UNIT (LENGTH_MEASURE( 1.000000000000000082E-05 ), #3992, 'distance_accuracy_value', 'NONE');
#1462 = PLANE ( 'NONE',  #5138 ) ;
#1463 = FILL_AREA_STYLE ('',( #2432 ) ) ;
#1464 = PRESENTATION_LAYER_ASSIGNMENT (  '', '', ( #3798 ) ) ;
#1465 = ADVANCED_FACE ( 'NONE', ( #1535 ), #2921, .T. ) ;
#1466 = DIRECTION ( 'NONE',  ( 0.000000000000000000, -0.000000000000000000, -1.000000000000000000 ) ) ;
#1467 = AXIS2_PLACEMENT_3D ( 'NONE', #858, #437, #942 ) ;
#1468 =( GEOMETRIC_REPRESENTATION_CONTEXT ( 3 ) GLOBAL_UNCERTAINTY_ASSIGNED_CONTEXT ( ( #152 ) ) GLOBAL_UNIT_ASSIGNED_CONTEXT ( ( #3668, #3267, #5046 ) ) REPRESENTATION_CONTEXT ( 'NONE', 'WORKASPACE' ) );
#1469 = VERTEX_POINT ( 'NONE', #2492 ) ;
#1470 =( NAMED_UNIT ( * ) PLANE_ANGLE_UNIT ( ) SI_UNIT ( $, .RADIAN. ) );
#1471 = CARTESIAN_POINT ( 'NONE',  ( 0.3059389231776404316, -0.6000000000000000888, -0.1491989565711548393 ) ) ;
#1472 = AXIS2_PLACEMENT_3D ( 'NONE', #2485, #788, #5204 ) ;
#1473 = VERTEX_POINT ( 'NONE', #1101 ) ;
#1474 = EDGE_CURVE ( 'NONE', #26, #2849, #4714, .T. ) ;
#1475 = CARTESIAN_POINT ( 'NONE',  ( 0.7794618035050293603, -0.3460000000000000853, 2.899999999999999911 ) ) ;
#1476 = PRESENTATION_LAYER_ASSIGNMENT (  '', '', ( #4876 ) ) ;
#1477 = CARTESIAN_POINT ( 'NONE',  ( 0.4905381964949708795, -0.3460000000000000853, 2.899999999999999911 ) ) ;
#1478 = VERTEX_POINT ( 'NONE', #2523 ) ;
#1479 = FACE_OUTER_BOUND ( 'NONE', #3473, .T. ) ;
#1480 = CARTESIAN_POINT ( 'NONE',  ( 0.000000000000000000, -0.6000000000000000888, 2.414999999999999591 ) ) ;
#1481 = CARTESIAN_POINT ( 'NONE',  ( -2.109999999999999876, -0.6000000000000000888, -2.574999999999999734 ) ) ;
#1482 = CARTESIAN_POINT ( 'NONE',  ( -0.7794618035050293603, -0.6000000000000000888, -2.833519861046362553 ) ) ;
#1483 = PLANE ( 'NONE',  #1380 ) ;
#1484 = LINE ( 'NONE', #3223, #1901 ) ;
#1485 = EDGE_LOOP ( 'NONE', ( #2560, #3538, #4233, #3256 ) ) ;
#1486 = DIRECTION ( 'NONE',  ( 0.000000000000000000, 1.000000000000000000, 0.000000000000000000 ) ) ;
#1487 = MECHANICAL_DESIGN_GEOMETRIC_PRESENTATION_REPRESENTATION (  '', ( #4166 ), #3231 ) ;
#1488 = ORIENTED_EDGE ( 'NONE', *, *, #1220, .T. ) ;
#1489 = AXIS2_PLACEMENT_3D ( 'NONE', #5004, #2429, #1100 ) ;
#1490 = ORIENTED_EDGE ( 'NONE', *, *, #2658, .F. ) ;
#1491 = ADVANCED_FACE ( 'NONE', ( #1192 ), #736, .T. ) ;
#1492 = LINE ( 'NONE', #3235, #1672 ) ;
#1493 = FACE_OUTER_BOUND ( 'NONE', #5490, .T. ) ;
#1494 = PRESENTATION_STYLE_ASSIGNMENT (( #1936 ) ) ;
#1495 = ORIENTED_EDGE ( 'NONE', *, *, #1632, .T. ) ;
#1496 = DIRECTION ( 'NONE',  ( 0.000000000000000000, 0.000000000000000000, 1.000000000000000000 ) ) ;
#1497 = SURFACE_STYLE_FILL_AREA ( #5466 ) ;
#1498 = EDGE_CURVE ( 'NONE', #26, #3709, #679, .T. ) ;
#1499 = EDGE_CURVE ( 'NONE', #4679, #71, #1162, .T. ) ;
#1500 = CARTESIAN_POINT ( 'NONE',  ( 0.4905381964949708795, -0.3460000000000000853, -2.899999999999999911 ) ) ;
#1501 = CARTESIAN_POINT ( 'NONE',  ( 1.760538196494970675, -0.3460000000000000853, 3.074999999999999734 ) ) ;
#1502 = DIRECTION ( 'NONE',  ( 0.8988142171340585129, 0.000000000000000000, -0.4383297880337241881 ) ) ;
#1503 = STYLED_ITEM ( 'NONE', ( #5565 ), #2408 ) ;
#1504 = STYLED_ITEM ( 'NONE', ( #4442 ), #4556 ) ;
#1505 = PRESENTATION_LAYER_ASSIGNMENT (  '', '', ( #4169 ) ) ;
#1506 = LINE ( 'NONE', #5477, #3632 ) ;
#1507 = VECTOR ( 'NONE', #1, 1000.000000000000114 ) ;
#1508 = DIRECTION ( 'NONE',  ( -1.000000000000000000, 0.000000000000000000, 0.000000000000000000 ) ) ;
#1509 = AXIS2_PLACEMENT_3D ( 'NONE', #3697, #1502, #3246 ) ;
#1510 = ORIENTED_EDGE ( 'NONE', *, *, #3838, .F. ) ;
#1511 = STYLED_ITEM ( 'NONE', ( #3283 ), #4171 ) ;
#1512 = UNCERTAINTY_MEASURE_WITH_UNIT (LENGTH_MEASURE( 1.000000000000000082E-05 ), #5428, 'distance_accuracy_value', 'NONE');
#1513 =( NAMED_UNIT ( * ) SI_UNIT ( $, .STERADIAN. ) SOLID_ANGLE_UNIT ( ) );
#1514 = ORIENTED_EDGE ( 'NONE', *, *, #3770, .T. ) ;
#1515 = LINE ( 'NONE', #855, #506 ) ;
#1516 =( NAMED_UNIT ( * ) PLANE_ANGLE_UNIT ( ) SI_UNIT ( $, .RADIAN. ) );
#1517 = DIRECTION ( 'NONE',  ( 0.000000000000000000, 0.000000000000000000, 1.000000000000000000 ) ) ;
#1518 = EDGE_LOOP ( 'NONE', ( #91, #390, #4854, #5099 ) ) ;
#1519 =( LENGTH_UNIT ( ) NAMED_UNIT ( * ) SI_UNIT ( .MILLI., .METRE. ) );
#1520 = FACE_OUTER_BOUND ( 'NONE', #3801, .T. ) ;
#1521 = EDGE_CURVE ( 'NONE', #1771, #168, #323, .T. ) ;
#1522 = ORIENTED_EDGE ( 'NONE', *, *, #3847, .F. ) ;
#1523 = DIRECTION ( 'NONE',  ( -0.4383297880337241881, 0.000000000000000000, 0.8988142171340585129 ) ) ;
#1524 = CARTESIAN_POINT ( 'NONE',  ( -0.7794618035050293603, -0.6000000000000000888, 3.074999999999999734 ) ) ;
#1525 = LINE ( 'NONE', #3637, #188 ) ;
#1526 = EDGE_CURVE ( 'NONE', #4167, #5242, #5175, .T. ) ;
#1527 = PRESENTATION_STYLE_ASSIGNMENT (( #3195 ) ) ;
#1528 = SURFACE_STYLE_USAGE ( .BOTH. , #2310 ) ;
#1529 = CARTESIAN_POINT ( 'NONE',  ( -0.7794618035050293603, -0.3460000000000000853, 3.074999999999999734 ) ) ;
#1530 = SURFACE_STYLE_FILL_AREA ( #2342 ) ;
#1531 = DIRECTION ( 'NONE',  ( 0.5773502691896240657, 0.5773502691896290617, 0.5773502691896240657 ) ) ;
#1532 = EDGE_CURVE ( 'NONE', #5036, #3875, #4743, .T. ) ;
#1533 = ORIENTED_EDGE ( 'NONE', *, *, #2758, .T. ) ;
#1534 = SURFACE_STYLE_FILL_AREA ( #5508 ) ;
#1535 = FACE_OUTER_BOUND ( 'NONE', #4058, .T. ) ;
#1536 = FILL_AREA_STYLE ('',( #4141 ) ) ;
#1537 = VECTOR ( 'NONE', #1357, 1000.000000000000000 ) ;
#1538 = VERTEX_POINT ( 'NONE', #2716 ) ;
#1539 = EDGE_LOOP ( 'NONE', ( #1569, #1887, #3075, #5548, #5164, #312 ) ) ;
#1540 = STYLED_ITEM ( 'NONE', ( #3171 ), #4620 ) ;
#1541 = ORIENTED_EDGE ( 'NONE', *, *, #507, .T. ) ;
#1542 = ORIENTED_EDGE ( 'NONE', *, *, #1298, .F. ) ;
#1543 = VECTOR ( 'NONE', #1718, 1000.000000000000000 ) ;
#1544 =( NAMED_UNIT ( * ) SI_UNIT ( $, .STERADIAN. ) SOLID_ANGLE_UNIT ( ) );
#1545 = VECTOR ( 'NONE', #2276, 1000.000000000000000 ) ;
#1546 =( NAMED_UNIT ( * ) PLANE_ANGLE_UNIT ( ) SI_UNIT ( $, .RADIAN. ) );
#1547 = EDGE_LOOP ( 'NONE', ( #417, #3293, #853, #2349 ) ) ;
#1548 =( NAMED_UNIT ( * ) PLANE_ANGLE_UNIT ( ) SI_UNIT ( $, .RADIAN. ) );
#1549 = MECHANICAL_DESIGN_GEOMETRIC_PRESENTATION_REPRESENTATION (  '', ( #3284 ), #4776 ) ;
#1550 = VERTEX_POINT ( 'NONE', #1787 ) ;
#1551 = VECTOR ( 'NONE', #985, 1000.000000000000000 ) ;
#1552 = SURFACE_STYLE_USAGE ( .BOTH. , #4178 ) ;
#1553 = VERTEX_POINT ( 'NONE', #2284 ) ;
#1554 = CARTESIAN_POINT ( 'NONE',  ( -2.600000000000000089, 0.5500000000000000444, 2.899999999999999911 ) ) ;
#1555 = CARTESIAN_POINT ( 'NONE',  ( -2.600000000000000089, -0.5500000000000000444, -2.899999999999999911 ) ) ;
#1556 = FILL_AREA_STYLE ('',( #1865 ) ) ;
#1557 = MECHANICAL_DESIGN_GEOMETRIC_PRESENTATION_REPRESENTATION (  '', ( #1303 ), #3204 ) ;
#1558 = COLOUR_RGB ( '',1.000000000000000000, 1.000000000000000000, 1.000000000000000000 ) ;
#1559 = FILL_AREA_STYLE ('',( #3364 ) ) ;
#1560 = ADVANCED_FACE ( 'NONE', ( #3125 ), #2628, .T. ) ;
#1561 = AXIS2_PLACEMENT_3D ( 'NONE', #1968, #5074, #2442 ) ;
#1562 =( NAMED_UNIT ( * ) PLANE_ANGLE_UNIT ( ) SI_UNIT ( $, .RADIAN. ) );
#1563 = LINE ( 'NONE', #3304, #3040 ) ;
#1564 =( NAMED_UNIT ( * ) SI_UNIT ( $, .STERADIAN. ) SOLID_ANGLE_UNIT ( ) );
#1565 = EDGE_CURVE ( 'NONE', #1538, #3910, #2197, .T. ) ;
#1566 = CARTESIAN_POINT ( 'NONE',  ( -2.109999999999999876, -0.6000000000000000888, 0.000000000000000000 ) ) ;
#1567 = VERTEX_POINT ( 'NONE', #5316 ) ;
#1568 = ORIENTED_EDGE ( 'NONE', *, *, #3796, .T. ) ;
#1569 = ORIENTED_EDGE ( 'NONE', *, *, #3760, .F. ) ;
#1570 = CARTESIAN_POINT ( 'NONE',  ( 2.600000000000000089, 0.5500000000000000444, 2.899999999999999911 ) ) ;
#1571 = FACE_OUTER_BOUND ( 'NONE', #4463, .T. ) ;
#1572 = ORIENTED_EDGE ( 'NONE', *, *, #5168, .F. ) ;
#1573 = FILL_AREA_STYLE_COLOUR ( '', #5146 ) ;
#1574 = MECHANICAL_DESIGN_GEOMETRIC_PRESENTATION_REPRESENTATION (  '', ( #167 ), #2768 ) ;
#1575 = ORIENTED_EDGE ( 'NONE', *, *, #121, .F. ) ;
#1576 = SURFACE_SIDE_STYLE ('',( #805 ) ) ;
#1577 = CARTESIAN_POINT ( 'NONE',  ( 2.434999999999999609, -0.6000000000000000888, 0.9375166769814144985 ) ) ;
#1578 = STYLED_ITEM ( 'NONE', ( #1527 ), #3638 ) ;
#1579 = ORIENTED_EDGE ( 'NONE', *, *, #4631, .F. ) ;
#1580 = CARTESIAN_POINT ( 'NONE',  ( 0.8400000000000000799, -0.5500000000000000444, 2.709383666850159411 ) ) ;
#1581 = LINE ( 'NONE', #5111, #2144 ) ;
#1582 = VECTOR ( 'NONE', #1235, 1000.000000000000000 ) ;
#1583 = EDGE_LOOP ( 'NONE', ( #3707, #972, #2552, #2111 ) ) ;
#1584 =( LENGTH_UNIT ( ) NAMED_UNIT ( * ) SI_UNIT ( .MILLI., .METRE. ) );
#1585 =( NAMED_UNIT ( * ) SI_UNIT ( $, .STERADIAN. ) SOLID_ANGLE_UNIT ( ) );
#1586 = SURFACE_SIDE_STYLE ('',( #4645 ) ) ;
#1587 =( NAMED_UNIT ( * ) SI_UNIT ( $, .STERADIAN. ) SOLID_ANGLE_UNIT ( ) );
#1588 = UNCERTAINTY_MEASURE_WITH_UNIT (LENGTH_MEASURE( 1.000000000000000082E-05 ), #5561, 'distance_accuracy_value', 'NONE');
#1589 = EDGE_CURVE ( 'NONE', #4167, #5130, #1385, .T. ) ;
#1590 =( GEOMETRIC_REPRESENTATION_CONTEXT ( 3 ) GLOBAL_UNCERTAINTY_ASSIGNED_CONTEXT ( ( #5483 ) ) GLOBAL_UNIT_ASSIGNED_CONTEXT ( ( #2692, #2291, #3589 ) ) REPRESENTATION_CONTEXT ( 'NONE', 'WORKASPACE' ) );
#1591 = ORIENTED_EDGE ( 'NONE', *, *, #3862, .T. ) ;
#1592 = ORIENTED_EDGE ( 'NONE', *, *, #2862, .T. ) ;
#1593 =( GEOMETRIC_REPRESENTATION_CONTEXT ( 3 ) GLOBAL_UNCERTAINTY_ASSIGNED_CONTEXT ( ( #241 ) ) GLOBAL_UNIT_ASSIGNED_CONTEXT ( ( #539, #2254, #1390 ) ) REPRESENTATION_CONTEXT ( 'NONE', 'WORKASPACE' ) );
#1594 = FILL_AREA_STYLE ('',( #2896 ) ) ;
#1595 =( NAMED_UNIT ( * ) SI_UNIT ( $, .STERADIAN. ) SOLID_ANGLE_UNIT ( ) );
#1596 = DIRECTION ( 'NONE',  ( 1.000000000000000000, 0.000000000000000000, 0.000000000000000000 ) ) ;
#1597 = VECTOR ( 'NONE', #2119, 1000.000000000000000 ) ;
#1598 = EDGE_CURVE ( 'NONE', #3464, #2933, #4000, .T. ) ;
#1599 = VECTOR ( 'NONE', #4643, 1000.000000000000114 ) ;
#1600 = VECTOR ( 'NONE', #1772, 1000.000000000000000 ) ;
#1601 = ORIENTED_EDGE ( 'NONE', *, *, #2903, .F. ) ;
#1602 = DIRECTION ( 'NONE',  ( 0.000000000000000000, -0.000000000000000000, -1.000000000000000000 ) ) ;
#1603 = VERTEX_POINT ( 'NONE', #4942 ) ;
#1604 = EDGE_CURVE ( 'NONE', #4516, #3799, #81, .T. ) ;
#1605 = VERTEX_POINT ( 'NONE', #4450 ) ;
#1606 = FILL_AREA_STYLE_COLOUR ( '', #56 ) ;
#1607 = ORIENTED_EDGE ( 'NONE', *, *, #602, .F. ) ;
#1608 = CARTESIAN_POINT ( 'NONE',  ( -2.674999999999999822, -0.6000000000000000888, 0.9375166769814144985 ) ) ;
#1609 = EDGE_CURVE ( 'NONE', #3953, #2849, #2250, .T. ) ;
#1610 =( GEOMETRIC_REPRESENTATION_CONTEXT ( 3 ) GLOBAL_UNCERTAINTY_ASSIGNED_CONTEXT ( ( #5193 ) ) GLOBAL_UNIT_ASSIGNED_CONTEXT ( ( #3595, #1516, #2847 ) ) REPRESENTATION_CONTEXT ( 'NONE', 'WORKASPACE' ) );
#1611 = DIRECTION ( 'NONE',  ( 1.000000000000000000, 0.000000000000000000, 1.123989534342597324E-16 ) ) ;
#1612 = FACE_OUTER_BOUND ( 'NONE', #2236, .T. ) ;
#1613 = SURFACE_STYLE_USAGE ( .BOTH. , #4739 ) ;
#1614 = STYLED_ITEM ( 'NONE', ( #3860 ), #1363 ) ;
#1615 = DIRECTION ( 'NONE',  ( 0.000000000000000000, 0.000000000000000000, 1.000000000000000000 ) ) ;
#1616 = ORIENTED_EDGE ( 'NONE', *, *, #3824, .F. ) ;
#1617 =( LENGTH_UNIT ( ) NAMED_UNIT ( * ) SI_UNIT ( .MILLI., .METRE. ) );
#1618 = DIRECTION ( 'NONE',  ( -0.000000000000000000, 1.000000000000000000, -0.000000000000000000 ) ) ;
#1619 = UNCERTAINTY_MEASURE_WITH_UNIT (LENGTH_MEASURE( 1.000000000000000082E-05 ), #1741, 'distance_accuracy_value', 'NONE');
#1620 = ORIENTED_EDGE ( 'NONE', *, *, #4362, .T. ) ;
#1621 = ADVANCED_FACE ( 'NONE', ( #1412 ), #134, .T. ) ;
#1622 = AXIS2_PLACEMENT_3D ( 'NONE', #1566, #1645, #3403 ) ;
#1623 = CARTESIAN_POINT ( 'NONE',  ( 2.314999999999999947, -0.6000000000000000888, 0.8769784804864422245 ) ) ;
#1624 = ORIENTED_EDGE ( 'NONE', *, *, #5374, .F. ) ;
#1625 = FACE_OUTER_BOUND ( 'NONE', #2992, .T. ) ;
#1626 = AXIS2_PLACEMENT_3D ( 'NONE', #3500, #3446, #1335 ) ;
#1627 = VERTEX_POINT ( 'NONE', #2860 ) ;
#1628 =( NAMED_UNIT ( * ) SI_UNIT ( $, .STERADIAN. ) SOLID_ANGLE_UNIT ( ) );
#1629 = VECTOR ( 'NONE', #2453, 1000.000000000000000 ) ;
#1630 = EDGE_LOOP ( 'NONE', ( #3479, #2019, #3968, #2434, #5620, #1304 ) ) ;
#1631 = COLOUR_RGB ( '',0.2509803921568627416, 0.2509803921568627416, 0.2509803921568627416 ) ;
#1632 = EDGE_CURVE ( 'NONE', #3910, #2566, #1041, .T. ) ;
#1633 = VECTOR ( 'NONE', #1273, 1000.000000000000000 ) ;
#1634 = ORIENTED_EDGE ( 'NONE', *, *, #3162, .T. ) ;
#1635 = PRESENTATION_LAYER_ASSIGNMENT (  '', '', ( #934 ) ) ;
#1636 = STYLED_ITEM ( 'NONE', ( #3618 ), #2113 ) ;
#1637 = DIRECTION ( 'NONE',  ( 0.000000000000000000, 0.000000000000000000, 1.000000000000000000 ) ) ;
#1638 = VECTOR ( 'NONE', #5083, 1000.000000000000000 ) ;
#1639 = PRESENTATION_LAYER_ASSIGNMENT (  '', '', ( #3867 ) ) ;
#1640 = FACE_OUTER_BOUND ( 'NONE', #4566, .T. ) ;
#1641 =( NAMED_UNIT ( * ) SI_UNIT ( $, .STERADIAN. ) SOLID_ANGLE_UNIT ( ) );
#1642 = VECTOR ( 'NONE', #3695, 1000.000000000000000 ) ;
#1643 = FACE_OUTER_BOUND ( 'NONE', #2601, .T. ) ;
#1644 = FILL_AREA_STYLE_COLOUR ( '', #2500 ) ;
#1645 = DIRECTION ( 'NONE',  ( -1.000000000000000000, 0.000000000000000000, 0.000000000000000000 ) ) ;
#1646 =( NAMED_UNIT ( * ) PLANE_ANGLE_UNIT ( ) SI_UNIT ( $, .RADIAN. ) );
#1647 = ORIENTED_EDGE ( 'NONE', *, *, #1474, .T. ) ;
#1648 = ORIENTED_EDGE ( 'NONE', *, *, #2017, .F. ) ;
#1649 = ORIENTED_EDGE ( 'NONE', *, *, #3176, .T. ) ;
#1650 = FACE_OUTER_BOUND ( 'NONE', #4723, .T. ) ;
#1651 = LINE ( 'NONE', #5613, #3457 ) ;
#1652 = LINE ( 'NONE', #2959, #5285 ) ;
#1653 = PLANE ( 'NONE',  #5329 ) ;
#1654 = CARTESIAN_POINT ( 'NONE',  ( -1.746043249005028386, -0.6000000000000000888, 0.8515027384351421258 ) ) ;
#1655 = SURFACE_SIDE_STYLE ('',( #4725 ) ) ;
#1656 = VERTEX_POINT ( 'NONE', #4072 ) ;
#1657 = EDGE_CURVE ( 'NONE', #3019, #2805, #265, .T. ) ;
#1658 =( LENGTH_UNIT ( ) NAMED_UNIT ( * ) SI_UNIT ( .MILLI., .METRE. ) );
#1659 = DIRECTION ( 'NONE',  ( -0.4383297880337241881, 0.000000000000000000, 0.8988142171340585129 ) ) ;
#1660 = CARTESIAN_POINT ( 'NONE',  ( 0.8781883311819363991, -0.6000000000000000888, 1.833272577296186867 ) ) ;
#1661 = UNCERTAINTY_MEASURE_WITH_UNIT (LENGTH_MEASURE( 1.000000000000000082E-05 ), #4427, 'distance_accuracy_value', 'NONE');
#1663 = ORIENTED_EDGE ( 'NONE', *, *, #851, .F. ) ;
#1662 = STYLED_ITEM ( 'NONE', ( #5665 ), #3144 ) ;
#1664 = DIRECTION ( 'NONE',  ( 1.000000000000000000, 0.000000000000000000, 0.000000000000000000 ) ) ;
#1665 = LINE ( 'NONE', #1211, #2390 ) ;
#1666 = EDGE_CURVE ( 'NONE', #249, #811, #4510, .T. ) ;
#1667 = EDGE_CURVE ( 'NONE', #1752, #5456, #643, .T. ) ;
#1668 = FILL_AREA_STYLE_COLOUR ( '', #4540 ) ;
#1669 = CARTESIAN_POINT ( 'NONE',  ( -0.8400000000000000799, -0.5500000000000000444, 2.709383666850159411 ) ) ;
#1670 = DIRECTION ( 'NONE',  ( 0.000000000000000000, 0.000000000000000000, 1.000000000000000000 ) ) ;
#1671 =( GEOMETRIC_REPRESENTATION_CONTEXT ( 3 ) GLOBAL_UNCERTAINTY_ASSIGNED_CONTEXT ( ( #3281 ) ) GLOBAL_UNIT_ASSIGNED_CONTEXT ( ( #475, #5308, #3486 ) ) REPRESENTATION_CONTEXT ( 'NONE', 'WORKASPACE' ) );
#1672 = VECTOR ( 'NONE', #1080, 1000.000000000000000 ) ;
#1673 = MECHANICAL_DESIGN_GEOMETRIC_PRESENTATION_REPRESENTATION (  '', ( #4169 ), #183 ) ;
#1674 = UNCERTAINTY_MEASURE_WITH_UNIT (LENGTH_MEASURE( 1.000000000000000082E-05 ), #5275, 'distance_accuracy_value', 'NONE');
#1675 = ORIENTED_EDGE ( 'NONE', *, *, #251, .T. ) ;
#1676 =( LENGTH_UNIT ( ) NAMED_UNIT ( * ) SI_UNIT ( .MILLI., .METRE. ) );
#1677 = DIRECTION ( 'NONE',  ( -0.000000000000000000, 1.000000000000000000, -0.000000000000000000 ) ) ;
#1678 = VECTOR ( 'NONE', #1523, 1000.000000000000114 ) ;
#1679 = DIRECTION ( 'NONE',  ( -0.9018648657203758301, 0.000000000000000000, -0.4320182449609837327 ) ) ;
#1680 = CARTESIAN_POINT ( 'NONE',  ( 0.8400000000000000799, -0.6000000000000000888, -2.709383666850159411 ) ) ;
#1681 = ORIENTED_EDGE ( 'NONE', *, *, #3122, .F. ) ;
#1682 = UNCERTAINTY_MEASURE_WITH_UNIT (LENGTH_MEASURE( 1.000000000000000082E-05 ), #3432, 'distance_accuracy_value', 'NONE');
#1683 = STYLED_ITEM ( 'NONE', ( #680 ), #4186 ) ;
#1684 = SURFACE_STYLE_USAGE ( .BOTH. , #2173 ) ;
#1685 =( LENGTH_UNIT ( ) NAMED_UNIT ( * ) SI_UNIT ( .MILLI., .METRE. ) );
#1686 = CARTESIAN_POINT ( 'NONE',  ( 2.314999999999999947, -0.6000000000000000888, 1.145000000000000462 ) ) ;
#1687 = ORIENTED_EDGE ( 'NONE', *, *, #456, .T. ) ;
#1688 = CARTESIAN_POINT ( 'NONE',  ( -0.8400000000000000799, -0.6000000000000000888, 0.000000000000000000 ) ) ;
#1689 = LINE ( 'NONE', #4788, #98 ) ;
#1690 = FACE_OUTER_BOUND ( 'NONE', #2844, .T. ) ;
#1691 =( NAMED_UNIT ( * ) PLANE_ANGLE_UNIT ( ) SI_UNIT ( $, .RADIAN. ) );
#1692 = SURFACE_STYLE_FILL_AREA ( #2645 ) ;
#1693 = SURFACE_STYLE_FILL_AREA ( #3849 ) ;
#1694 = CARTESIAN_POINT ( 'NONE',  ( 0.8781883311819363991, -0.6000000000000000888, 1.833272577296186867 ) ) ;
#1695 = EDGE_CURVE ( 'NONE', #1567, #2441, #4190, .T. ) ;
#1696 = FACE_OUTER_BOUND ( 'NONE', #2913, .T. ) ;
#1697 = DIRECTION ( 'NONE',  ( -0.000000000000000000, -1.000000000000000000, -0.000000000000000000 ) ) ;
#1698 = DIRECTION ( 'NONE',  ( 1.000000000000000000, 0.000000000000000000, 0.000000000000000000 ) ) ;
#1699 = VECTOR ( 'NONE', #3163, 1000.000000000000000 ) ;
#1700 = PRESENTATION_STYLE_ASSIGNMENT (( #2016 ) ) ;
#1701 = EDGE_CURVE ( 'NONE', #322, #2566, #210, .T. ) ;
#1702 = ORIENTED_EDGE ( 'NONE', *, *, #4589, .T. ) ;
#1703 = VERTEX_POINT ( 'NONE', #4135 ) ;
#1704 = FILL_AREA_STYLE_COLOUR ( '', #4896 ) ;
#1705 = CARTESIAN_POINT ( 'NONE',  ( -0.4905381964949708795, -0.3460000000000000853, 3.074999999999999734 ) ) ;
#1706 = ADVANCED_FACE ( 'NONE', ( #3275 ), #3702, .T. ) ;
#1707 = LINE ( 'NONE', #3499, #1384 ) ;
#1708 = LINE ( 'NONE', #1309, #5626 ) ;
#1709 = LINE ( 'NONE', #3471, #4223 ) ;
#1710 = ORIENTED_EDGE ( 'NONE', *, *, #4880, .F. ) ;
#1711 = EDGE_LOOP ( 'NONE', ( #3087, #1921, #2198, #2993 ) ) ;
#1712 = ORIENTED_EDGE ( 'NONE', *, *, #5528, .T. ) ;
#1713 = FILL_AREA_STYLE ('',( #5302 ) ) ;
#1714 = LINE ( 'NONE', #2175, #4670 ) ;
#1715 = ORIENTED_EDGE ( 'NONE', *, *, #707, .F. ) ;
#1716 = DIRECTION ( 'NONE',  ( -0.8928197462246006966, 0.000000000000000000, 0.4504141435961349638 ) ) ;
#1717 = PLANE ( 'NONE',  #2519 ) ;
#1718 = DIRECTION ( 'NONE',  ( 0.000000000000000000, 0.000000000000000000, 1.000000000000000000 ) ) ;
#1719 = VECTOR ( 'NONE', #3309, 1000.000000000000000 ) ;
#1720 = DIRECTION ( 'NONE',  ( 0.4320182449609838438, 0.000000000000000000, -0.9018648657203758301 ) ) ;
#1721 =( GEOMETRIC_REPRESENTATION_CONTEXT ( 3 ) GLOBAL_UNCERTAINTY_ASSIGNED_CONTEXT ( ( #621 ) ) GLOBAL_UNIT_ASSIGNED_CONTEXT ( ( #4872, #4378, #3565 ) ) REPRESENTATION_CONTEXT ( 'NONE', 'WORKASPACE' ) );
#1722 = VECTOR ( 'NONE', #126, 1000.000000000000000 ) ;
#1723 = MECHANICAL_DESIGN_GEOMETRIC_PRESENTATION_REPRESENTATION (  '', ( #4400 ), #2084 ) ;
#1724 = DIRECTION ( 'NONE',  ( 0.000000000000000000, 0.000000000000000000, 1.000000000000000000 ) ) ;
#1725 = CARTESIAN_POINT ( 'NONE',  ( 2.772034335096362767, -0.5500000000000000444, -1.351853585938290303 ) ) ;
#1726 = SURFACE_STYLE_FILL_AREA ( #1407 ) ;
#1727 = VECTOR ( 'NONE', #568, 1000.000000000000000 ) ;
#1728 = EDGE_CURVE ( 'NONE', #550, #4467, #3251, .T. ) ;
#1729 = DIRECTION ( 'NONE',  ( 0.000000000000000000, 0.000000000000000000, 1.000000000000000000 ) ) ;
#1730 = PLANE ( 'NONE',  #1436 ) ;
#1731 = STYLED_ITEM ( 'NONE', ( #442 ), #5397 ) ;
#1732 = EDGE_CURVE ( 'NONE', #3441, #5487, #4536, .T. ) ;
#1733 = ORIENTED_EDGE ( 'NONE', *, *, #3120, .T. ) ;
#1734 = ORIENTED_EDGE ( 'NONE', *, *, #2548, .T. ) ;
#1735 = SURFACE_SIDE_STYLE ('',( #878 ) ) ;
#1736 = DIRECTION ( 'NONE',  ( -1.000000000000000000, 0.000000000000000000, 0.000000000000000000 ) ) ;
#1737 = LINE ( 'NONE', #4344, #3113 ) ;
#1738 = CARTESIAN_POINT ( 'NONE',  ( 1.700000000000000178, -0.5500000000000000444, -2.574999999999999289 ) ) ;
#1739 =( NAMED_UNIT ( * ) SI_UNIT ( $, .STERADIAN. ) SOLID_ANGLE_UNIT ( ) );
#1740 = ORIENTED_EDGE ( 'NONE', *, *, #1342, .T. ) ;
#1741 =( LENGTH_UNIT ( ) NAMED_UNIT ( * ) SI_UNIT ( .MILLI., .METRE. ) );
#1742 = FILL_AREA_STYLE_COLOUR ( '', #4564 ) ;
#1743 = SURFACE_STYLE_FILL_AREA ( #5252 ) ;
#1744 = ORIENTED_EDGE ( 'NONE', *, *, #4981, .T. ) ;
#1745 = CARTESIAN_POINT ( 'NONE',  ( 0.3059389231776404316, -0.6000000000000000888, 0.1491989565711548393 ) ) ;
#1746 = DIRECTION ( 'NONE',  ( 0.4383297880337241881, 0.000000000000000000, -0.8988142171340585129 ) ) ;
#1747 = DIRECTION ( 'NONE',  ( -1.000000000000000000, 0.000000000000000000, 0.000000000000000000 ) ) ;
#1748 = SURFACE_STYLE_FILL_AREA ( #869 ) ;
#1749 = DIRECTION ( 'NONE',  ( 0.000000000000000000, 0.000000000000000000, -1.000000000000000000 ) ) ;
#1750 = DIRECTION ( 'NONE',  ( -0.000000000000000000, 1.000000000000000000, -0.000000000000000000 ) ) ;
#1751 = DIRECTION ( 'NONE',  ( -0.000000000000000000, 0.000000000000000000, -1.000000000000000000 ) ) ;
#1752 = VERTEX_POINT ( 'NONE', #4592 ) ;
#1753 = CARTESIAN_POINT ( 'NONE',  ( 0.4905381964949708795, -0.6000000000000000888, -2.833519861046362109 ) ) ;
#1754 = LINE ( 'NONE', #49, #5286 ) ;
#1755 = STYLED_ITEM ( 'NONE', ( #315 ), #3693 ) ;
#1756 = CARTESIAN_POINT ( 'NONE',  ( 1.760538196494970675, -0.6000000000000000888, 2.833519861046362109 ) ) ;
#1757 = ADVANCED_FACE ( 'NONE', ( #5084 ), #1483, .T. ) ;
#1758 = ORIENTED_EDGE ( 'NONE', *, *, #4239, .F. ) ;
#1759 = PRESENTATION_LAYER_ASSIGNMENT (  '', '', ( #3148 ) ) ;
#1760 = ORIENTED_EDGE ( 'NONE', *, *, #2838, .T. ) ;
#1761 = DIRECTION ( 'NONE',  ( -0.4383297880337241881, 0.000000000000000000, 0.8988142171340585129 ) ) ;
#1762 = VECTOR ( 'NONE', #657, 1000.000000000000000 ) ;
#1763 = SURFACE_STYLE_USAGE ( .BOTH. , #4188 ) ;
#1764 = CARTESIAN_POINT ( 'NONE',  ( 2.600000000000000089, -0.5500000000000000444, 0.9375166769814144985 ) ) ;
#1765 = LINE ( 'NONE', #3470, #1106 ) ;
#1766 = ADVANCED_FACE ( 'NONE', ( #4245 ), #1188, .F. ) ;
#1767 = CARTESIAN_POINT ( 'NONE',  ( 2.772034335096362767, -0.6000000000000000888, -1.351853585938290303 ) ) ;
#1768 = VERTEX_POINT ( 'NONE', #2918 ) ;
#1769 = PRESENTATION_LAYER_ASSIGNMENT (  '', '', ( #3813 ) ) ;
#1770 = ORIENTED_EDGE ( 'NONE', *, *, #2006, .T. ) ;
#1771 = VERTEX_POINT ( 'NONE', #3907 ) ;
#1772 = DIRECTION ( 'NONE',  ( 0.000000000000000000, 0.000000000000000000, 1.000000000000000000 ) ) ;
#1773 = SURFACE_STYLE_FILL_AREA ( #93 ) ;
#1774 = MECHANICAL_DESIGN_GEOMETRIC_PRESENTATION_REPRESENTATION (  '', ( #2520 ), #5007 ) ;
#1775 = DIRECTION ( 'NONE',  ( -0.000000000000000000, 1.000000000000000000, -0.000000000000000000 ) ) ;
#1776 = ORIENTED_EDGE ( 'NONE', *, *, #5452, .F. ) ;
#1777 = DIRECTION ( 'NONE',  ( 0.000000000000000000, 0.000000000000000000, -1.000000000000000000 ) ) ;
#1778 = STYLED_ITEM ( 'NONE', ( #4937 ), #2551 ) ;
#1779 = FILL_AREA_STYLE_COLOUR ( '', #2967 ) ;
#1780 = CARTESIAN_POINT ( 'NONE',  ( 0.8400000000000000799, -0.6000000000000000888, 2.709383666850159411 ) ) ;
#1781 = DIRECTION ( 'NONE',  ( 0.000000000000000000, -1.000000000000000000, 0.000000000000000000 ) ) ;
#1782 = CARTESIAN_POINT ( 'NONE',  ( 0.000000000000000000, -0.5500000000000000444, 2.414999999999999591 ) ) ;
#1783 = EDGE_CURVE ( 'NONE', #2083, #1478, #2576, .T. ) ;
#1784 =( LENGTH_UNIT ( ) NAMED_UNIT ( * ) SI_UNIT ( .MILLI., .METRE. ) );
#1785 = LINE ( 'NONE', #3967, #1382 ) ;
#1786 = SURFACE_STYLE_USAGE ( .BOTH. , #4423 ) ;
#1787 = CARTESIAN_POINT ( 'NONE',  ( -2.049461803505029156, -0.5500000000000000444, 2.899999999999999911 ) ) ;
#1788 = ORIENTED_EDGE ( 'NONE', *, *, #4210, .F. ) ;
#1789 = CARTESIAN_POINT ( 'NONE',  ( 2.049461803505029156, -0.3460000000000000853, 2.899999999999999911 ) ) ;
#1790 =( NAMED_UNIT ( * ) PLANE_ANGLE_UNIT ( ) SI_UNIT ( $, .RADIAN. ) );
#1791 = FILL_AREA_STYLE_COLOUR ( '', #4002 ) ;
#1792 = LINE ( 'NONE', #492, #3574 ) ;
#1793 =( LENGTH_UNIT ( ) NAMED_UNIT ( * ) SI_UNIT ( .MILLI., .METRE. ) );
#1794 = LINE ( 'NONE', #5327, #3480 ) ;
#1795 = ORIENTED_EDGE ( 'NONE', *, *, #3466, .T. ) ;
#1796 = ORIENTED_EDGE ( 'NONE', *, *, #4422, .T. ) ;
#1797 = ORIENTED_EDGE ( 'NONE', *, *, #2194, .F. ) ;
#1798 = EDGE_CURVE ( 'NONE', #5130, #4084, #5567, .T. ) ;
#1799 = CARTESIAN_POINT ( 'NONE',  ( -2.049461803505029156, -0.6000000000000000888, 0.000000000000000000 ) ) ;
#1800 = ORIENTED_EDGE ( 'NONE', *, *, #1174, .F. ) ;
#1801 = LINE ( 'NONE', #4843, #4958 ) ;
#1802 = LINE ( 'NONE', #1402, #2384 ) ;
#1803 = EDGE_CURVE ( 'NONE', #281, #299, #5603, .T. ) ;
#1804 = CARTESIAN_POINT ( 'NONE',  ( 0.000000000000000000, -0.6000000000000000888, 0.000000000000000000 ) ) ;
#1805 =( NAMED_UNIT ( * ) PLANE_ANGLE_UNIT ( ) SI_UNIT ( $, .RADIAN. ) );
#1806 = COLOUR_RGB ( '',1.000000000000000000, 1.000000000000000000, 1.000000000000000000 ) ;
#1807 = DIRECTION ( 'NONE',  ( 0.000000000000000000, 0.000000000000000000, 1.000000000000000000 ) ) ;
#1808 = DIRECTION ( 'NONE',  ( 0.000000000000000000, 0.000000000000000000, 1.000000000000000000 ) ) ;
#1809 = PLANE ( 'NONE',  #1814 ) ;
#1810 = MECHANICAL_DESIGN_GEOMETRIC_PRESENTATION_REPRESENTATION (  '', ( #3372 ), #5041 ) ;
#1811 = STYLED_ITEM ( 'NONE', ( #5399 ), #4809 ) ;
#1812 = MECHANICAL_DESIGN_GEOMETRIC_PRESENTATION_REPRESENTATION (  '', ( #4130 ), #1905 ) ;
#1813 = AXIS2_PLACEMENT_3D ( 'NONE', #2767, #3305, #1508 ) ;
#1814 = AXIS2_PLACEMENT_3D ( 'NONE', #2190, #1751, #2277 ) ;
#1815 = SURFACE_STYLE_USAGE ( .BOTH. , #2196 ) ;
#1816 =( NAMED_UNIT ( * ) SI_UNIT ( $, .STERADIAN. ) SOLID_ANGLE_UNIT ( ) );
#1817 = PRESENTATION_LAYER_ASSIGNMENT (  '', '', ( #2286 ) ) ;
#1818 = COLOUR_RGB ( '',1.000000000000000000, 1.000000000000000000, 1.000000000000000000 ) ;
#1819 = PLANE ( 'NONE',  #2677 ) ;
#1820 = SURFACE_SIDE_STYLE ('',( #1925 ) ) ;
#1821 = LINE ( 'NONE', #4947, #1063 ) ;
#1822 = AXIS2_PLACEMENT_3D ( 'NONE', #3030, #4376, #3895 ) ;
#1823 = CARTESIAN_POINT ( 'NONE',  ( 0.8400000000000000799, -0.5500000000000000444, 0.000000000000000000 ) ) ;
#1824 = EDGE_LOOP ( 'NONE', ( #876, #3149, #169, #2085, #1579, #1084 ) ) ;
#1825 = ORIENTED_EDGE ( 'NONE', *, *, #1951, .F. ) ;
#1826 = VECTOR ( 'NONE', #4267, 1000.000000000000000 ) ;
#1827 = DIRECTION ( 'NONE',  ( 0.000000000000000000, 0.000000000000000000, -1.000000000000000000 ) ) ;
#1828 = DIRECTION ( 'NONE',  ( 0.000000000000000000, 0.000000000000000000, 1.000000000000000000 ) ) ;
#1829 = ORIENTED_EDGE ( 'NONE', *, *, #1870, .T. ) ;
#1830 = CARTESIAN_POINT ( 'NONE',  ( -1.760538196494970897, -0.6000000000000000888, 2.833519861046362553 ) ) ;
#1831 = PLANE ( 'NONE',  #5433 ) ;
#1832 = EDGE_CURVE ( 'NONE', #2477, #2206, #2892, .T. ) ;
#1833 = CARTESIAN_POINT ( 'NONE',  ( 0.4905381964949708795, -0.6000000000000000888, 2.833519861046362109 ) ) ;
#1834 = FACE_OUTER_BOUND ( 'NONE', #4235, .T. ) ;
#1835 = FILL_AREA_STYLE ('',( #157 ) ) ;
#1836 = FILL_AREA_STYLE ('',( #4388 ) ) ;
#1837 = ADVANCED_FACE ( 'NONE', ( #4215 ), #317, .F. ) ;
#1838 = EDGE_CURVE ( 'NONE', #2348, #4234, #2650, .T. ) ;
#1839 = CARTESIAN_POINT ( 'NONE',  ( -1.760538196494970897, -0.5500000000000000444, 2.833519861046362553 ) ) ;
#1840 = CARTESIAN_POINT ( 'NONE',  ( 1.760538196494970675, -0.3460000000000000853, 3.074999999999999734 ) ) ;
#1841 = CARTESIAN_POINT ( 'NONE',  ( 0.7794618035050293603, -0.3460000000000000853, -2.899999999999999911 ) ) ;
#1842 = VECTOR ( 'NONE', #3071, 1000.000000000000000 ) ;
#1843 = PRESENTATION_LAYER_ASSIGNMENT (  '', '', ( #2122 ) ) ;
#1844 = SURFACE_SIDE_STYLE ('',( #3522 ) ) ;
#1845 = FILL_AREA_STYLE_COLOUR ( '', #3469 ) ;
#1846 = DIRECTION ( 'NONE',  ( -1.000000000000000000, 0.000000000000000000, 0.000000000000000000 ) ) ;
#1847 = SURFACE_STYLE_FILL_AREA ( #5055 ) ;
#1848 = SURFACE_STYLE_USAGE ( .BOTH. , #166 ) ;
#1849 = EDGE_CURVE ( 'NONE', #335, #1656, #2623, .T. ) ;
#1850 = VECTOR ( 'NONE', #1057, 1000.000000000000114 ) ;
#1851 = ORIENTED_EDGE ( 'NONE', *, *, #3314, .T. ) ;
#1852 = ORIENTED_EDGE ( 'NONE', *, *, #2309, .T. ) ;
#1853 = VECTOR ( 'NONE', #4930, 1000.000000000000000 ) ;
#1854 = FILL_AREA_STYLE ('',( #596 ) ) ;
#1855 = COLOUR_RGB ( '',1.000000000000000000, 1.000000000000000000, 1.000000000000000000 ) ;
#1856 = ORIENTED_EDGE ( 'NONE', *, *, #4210, .T. ) ;
#1857 = CARTESIAN_POINT ( 'NONE',  ( 2.600000000000000089, -0.5500000000000000444, 1.087516676981414410 ) ) ;
#1858 = CARTESIAN_POINT ( 'NONE',  ( -2.049461803505029156, -0.3460000000000000853, 2.899999999999999911 ) ) ;
#1859 = VECTOR ( 'NONE', #165, 1000.000000000000000 ) ;
#1860 = DIRECTION ( 'NONE',  ( -0.3311741786255147368, 0.000000000000000000, 0.9435696388776588783 ) ) ;
#1861 = EDGE_LOOP ( 'NONE', ( #3103, #2540, #4021, #1856 ) ) ;
#1862 = MECHANICAL_DESIGN_GEOMETRIC_PRESENTATION_REPRESENTATION (  '', ( #5197 ), #2420 ) ;
#1863 = LINE ( 'NONE', #1524, #3809 ) ;
#1864 = FACE_OUTER_BOUND ( 'NONE', #4822, .T. ) ;
#1865 = FILL_AREA_STYLE_COLOUR ( '', #4497 ) ;
#1866 =( GEOMETRIC_REPRESENTATION_CONTEXT ( 3 ) GLOBAL_UNCERTAINTY_ASSIGNED_CONTEXT ( ( #4619 ) ) GLOBAL_UNIT_ASSIGNED_CONTEXT ( ( #1163, #297, #2460 ) ) REPRESENTATION_CONTEXT ( 'NONE', 'WORKASPACE' ) );
#1867 = AXIS2_PLACEMENT_3D ( 'NONE', #181, #5531, #5020 ) ;
#1868 = COLOUR_RGB ( '',1.000000000000000000, 1.000000000000000000, 1.000000000000000000 ) ;
#1869 = LINE ( 'NONE', #2800, #4346 ) ;
#1870 = EDGE_CURVE ( 'NONE', #5065, #5253, #3046, .T. ) ;
#1871 = DIRECTION ( 'NONE',  ( -0.000000000000000000, -1.000000000000000000, -0.000000000000000000 ) ) ;
#1872 = VERTEX_POINT ( 'NONE', #5312 ) ;
#1873 = LINE ( 'NONE', #2807, #3987 ) ;
#1874 = ADVANCED_FACE ( 'NONE', ( #4882 ), #3966, .T. ) ;
#1875 = SURFACE_STYLE_USAGE ( .BOTH. , #5451 ) ;
#1876 = PLANE ( 'NONE',  #5202 ) ;
#1877 = DIRECTION ( 'NONE',  ( 0.000000000000000000, 0.000000000000000000, -1.000000000000000000 ) ) ;
#1878 = DIRECTION ( 'NONE',  ( 0.000000000000000000, -1.000000000000000000, 0.000000000000000000 ) ) ;
#1879 = VECTOR ( 'NONE', #3803, 1000.000000000000000 ) ;
#1880 = ORIENTED_EDGE ( 'NONE', *, *, #1136, .T. ) ;
#1881 = CARTESIAN_POINT ( 'NONE',  ( 1.073931736960668237, -0.5500000000000000444, 0.3769286825621733228 ) ) ;
#1882 = DIRECTION ( 'NONE',  ( -1.000000000000000000, 0.000000000000000000, 0.000000000000000000 ) ) ;
#1883 = MECHANICAL_DESIGN_GEOMETRIC_PRESENTATION_REPRESENTATION (  '', ( #467 ), #1373 ) ;
#1884 = VERTEX_POINT ( 'NONE', #3068 ) ;
#1885 = DIRECTION ( 'NONE',  ( 0.4383297880337241881, 0.000000000000000000, 0.8988142171340585129 ) ) ;
#1886 = PRESENTATION_STYLE_ASSIGNMENT (( #4986 ) ) ;
#1887 = ORIENTED_EDGE ( 'NONE', *, *, #3973, .F. ) ;
#1888 = CARTESIAN_POINT ( 'NONE',  ( 1.760538196494970675, -0.5500000000000000444, 2.833519861046362109 ) ) ;
#1889 = ORIENTED_EDGE ( 'NONE', *, *, #917, .T. ) ;
#1890 = DIRECTION ( 'NONE',  ( 0.000000000000000000, 0.000000000000000000, 1.000000000000000000 ) ) ;
#1891 = FILL_AREA_STYLE_COLOUR ( '', #2985 ) ;
#1892 = SURFACE_STYLE_FILL_AREA ( #4126 ) ;
#1893 = FACE_OUTER_BOUND ( 'NONE', #434, .T. ) ;
#1894 = CARTESIAN_POINT ( 'NONE',  ( -0.4905381964949708795, -0.3460000000000000853, -2.899999999999999911 ) ) ;
#1895 = SURFACE_STYLE_USAGE ( .BOTH. , #4134 ) ;
#1896 = CARTESIAN_POINT ( 'NONE',  ( 0.4905381964949708795, -0.5500000000000000444, -2.833519861046362109 ) ) ;
#1897 = CARTESIAN_POINT ( 'NONE',  ( 0.4905381964949708795, -0.6000000000000000888, -2.833519861046362109 ) ) ;
#1898 = EDGE_CURVE ( 'NONE', #145, #5411, #986, .T. ) ;
#1899 = ORIENTED_EDGE ( 'NONE', *, *, #3830, .F. ) ;
#1900 = VECTOR ( 'NONE', #2035, 1000.000000000000000 ) ;
#1901 = VECTOR ( 'NONE', #3306, 1000.000000000000114 ) ;
#1902 =( NAMED_UNIT ( * ) PLANE_ANGLE_UNIT ( ) SI_UNIT ( $, .RADIAN. ) );
#1903 = UNCERTAINTY_MEASURE_WITH_UNIT (LENGTH_MEASURE( 1.000000000000000082E-05 ), #2493, 'distance_accuracy_value', 'NONE');
#1904 = PLANE ( 'NONE',  #3528 ) ;
#1905 =( GEOMETRIC_REPRESENTATION_CONTEXT ( 3 ) GLOBAL_UNCERTAINTY_ASSIGNED_CONTEXT ( ( #5119 ) ) GLOBAL_UNIT_ASSIGNED_CONTEXT ( ( #5129, #718, #4316 ) ) REPRESENTATION_CONTEXT ( 'NONE', 'WORKASPACE' ) );
#1906 = COLOUR_RGB ( '',0.7921568627450980005, 0.8196078431372548767, 0.9333333333333333481 ) ;
#1907 = DIRECTION ( 'NONE',  ( -0.000000000000000000, 1.000000000000000000, -0.000000000000000000 ) ) ;
#1908 = UNCERTAINTY_MEASURE_WITH_UNIT (LENGTH_MEASURE( 1.000000000000000082E-05 ), #1114, 'distance_accuracy_value', 'NONE');
#1909 = VERTEX_POINT ( 'NONE', #131 ) ;
#1910 = MECHANICAL_DESIGN_GEOMETRIC_PRESENTATION_REPRESENTATION (  '', ( #3485 ), #2095 ) ;
#1911 = AXIS2_PLACEMENT_3D ( 'NONE', #2974, #5530, #392 ) ;
#1912 = ORIENTED_EDGE ( 'NONE', *, *, #4630, .T. ) ;
#1913 = ORIENTED_EDGE ( 'NONE', *, *, #1969, .T. ) ;
#1914 = DIRECTION ( 'NONE',  ( 0.000000000000000000, 0.000000000000000000, -1.000000000000000000 ) ) ;
#1915 =( GEOMETRIC_REPRESENTATION_CONTEXT ( 3 ) GLOBAL_UNCERTAINTY_ASSIGNED_CONTEXT ( ( #3502 ) ) GLOBAL_UNIT_ASSIGNED_CONTEXT ( ( #3426, #1691, #5227 ) ) REPRESENTATION_CONTEXT ( 'NONE', 'WORKASPACE' ) );
#1916 = VERTEX_POINT ( 'NONE', #4472 ) ;
#1917 = CARTESIAN_POINT ( 'NONE',  ( -0.4300000000000002709, -0.5500000000000000444, 0.000000000000000000 ) ) ;
#1918 = CARTESIAN_POINT ( 'NONE',  ( -0.7200521629136938939, -0.5500000000000000444, 0.3511518909319935600 ) ) ;
#1919 = LINE ( 'NONE', #4994, #3333 ) ;
#1920 =( LENGTH_UNIT ( ) NAMED_UNIT ( * ) SI_UNIT ( .MILLI., .METRE. ) );
#1921 = ORIENTED_EDGE ( 'NONE', *, *, #5101, .T. ) ;
#1922 = FILL_AREA_STYLE ('',( #2424 ) ) ;
#1923 = SURFACE_SIDE_STYLE ('',( #2398 ) ) ;
#1924 =( LENGTH_UNIT ( ) NAMED_UNIT ( * ) SI_UNIT ( .MILLI., .METRE. ) );
#1925 = SURFACE_STYLE_FILL_AREA ( #2253 ) ;
#1926 = SURFACE_SIDE_STYLE ('',( #3647 ) ) ;
#1927 = PRESENTATION_LAYER_ASSIGNMENT (  '', '', ( #5659 ) ) ;
#1928 = VERTEX_POINT ( 'NONE', #3582 ) ;
#1929 = VERTEX_POINT ( 'NONE', #559 ) ;
#1930 = AXIS2_PLACEMENT_3D ( 'NONE', #1267, #5088, #5174 ) ;
#1931 = ORIENTED_EDGE ( 'NONE', *, *, #4179, .T. ) ;
#1932 = ORIENTED_EDGE ( 'NONE', *, *, #4001, .T. ) ;
#1933 = DIRECTION ( 'NONE',  ( 1.000000000000000000, 0.000000000000000000, 0.000000000000000000 ) ) ;
#1934 = CARTESIAN_POINT ( 'NONE',  ( -2.049461803505029600, -0.3460000000000000853, -2.899999999999999911 ) ) ;
#1935 = EDGE_CURVE ( 'NONE', #645, #5299, #902, .T. ) ;
#1936 = SURFACE_STYLE_USAGE ( .BOTH. , #1029 ) ;
#1937 = EDGE_LOOP ( 'NONE', ( #3440, #2578, #2470, #772 ) ) ;
#1938 = AXIS2_PLACEMENT_3D ( 'NONE', #525, #3575, #128 ) ;
#1939 = VERTEX_POINT ( 'NONE', #2189 ) ;
#1940 = ORIENTED_EDGE ( 'NONE', *, *, #4837, .F. ) ;
#1941 = DIRECTION ( 'NONE',  ( 0.000000000000000000, 0.000000000000000000, -1.000000000000000000 ) ) ;
#1942 =( GEOMETRIC_REPRESENTATION_CONTEXT ( 3 ) GLOBAL_UNCERTAINTY_ASSIGNED_CONTEXT ( ( #5638 ) ) GLOBAL_UNIT_ASSIGNED_CONTEXT ( ( #5067, #4086, #5491 ) ) REPRESENTATION_CONTEXT ( 'NONE', 'WORKASPACE' ) );
#1943 = CARTESIAN_POINT ( 'NONE',  ( 1.760538196494970675, -0.5500000000000000444, -2.833519861046362109 ) ) ;
#1944 = ADVANCED_FACE ( 'NONE', ( #480 ), #4043, .T. ) ;
#1945 = SURFACE_STYLE_USAGE ( .BOTH. , #2393 ) ;
#1946 = CARTESIAN_POINT ( 'NONE',  ( 2.085796676733050248, -0.6000000000000000888, 0.000000000000000000 ) ) ;
#1947 = DIRECTION ( 'NONE',  ( 1.000000000000000000, 0.000000000000000000, 0.000000000000000000 ) ) ;
#1948 = CARTESIAN_POINT ( 'NONE',  ( -2.049461803505029156, -0.3460000000000000853, -2.899999999999999911 ) ) ;
#1949 = PRESENTATION_LAYER_ASSIGNMENT (  '', '', ( #182 ) ) ;
#1950 = VECTOR ( 'NONE', #1664, 1000.000000000000000 ) ;
#1951 = EDGE_CURVE ( 'NONE', #5624, #1305, #259, .T. ) ;
#1952 = VECTOR ( 'NONE', #1846, 1000.000000000000000 ) ;
#1953 = DIRECTION ( 'NONE',  ( -0.000000000000000000, 1.000000000000000000, -0.000000000000000000 ) ) ;
#1954 = DIRECTION ( 'NONE',  ( 0.000000000000000000, 0.000000000000000000, 1.000000000000000000 ) ) ;
#1955 = SURFACE_STYLE_USAGE ( .BOTH. , #1923 ) ;
#1956 = VECTOR ( 'NONE', #2237, 1000.000000000000000 ) ;
#1957 = CARTESIAN_POINT ( 'NONE',  ( 0.000000000000000000, -0.3460000000000000853, 0.000000000000000000 ) ) ;
#1958 = UNCERTAINTY_MEASURE_WITH_UNIT (LENGTH_MEASURE( 1.000000000000000082E-05 ), #3229, 'distance_accuracy_value', 'NONE');
#1959 = DIRECTION ( 'NONE',  ( 0.000000000000000000, 0.000000000000000000, 1.000000000000000000 ) ) ;
#1960 = ORIENTED_EDGE ( 'NONE', *, *, #415, .T. ) ;
#1961 = EDGE_LOOP ( 'NONE', ( #4437, #1601, #2640, #5467 ) ) ;
#1962 = FACE_OUTER_BOUND ( 'NONE', #618, .T. ) ;
#1963 = CARTESIAN_POINT ( 'NONE',  ( -2.600000000000000089, -0.3460000000000000853, 1.087516676981414410 ) ) ;
#1964 = ORIENTED_EDGE ( 'NONE', *, *, #584, .F. ) ;
#1965 = DIRECTION ( 'NONE',  ( 0.000000000000000000, -0.000000000000000000, -1.000000000000000000 ) ) ;
#1966 = ORIENTED_EDGE ( 'NONE', *, *, #5062, .T. ) ;
#1967 = EDGE_LOOP ( 'NONE', ( #1306, #861, #2846, #3717 ) ) ;
#1968 = CARTESIAN_POINT ( 'NONE',  ( 0.000000000000000000, 0.000000000000000000, 0.000000000000000000 ) ) ;
#1969 = EDGE_CURVE ( 'NONE', #806, #5543, #588, .T. ) ;
#1970 = DIRECTION ( 'NONE',  ( 1.000000000000000000, -0.000000000000000000, -0.000000000000000000 ) ) ;
#1971 = FILL_AREA_STYLE ('',( #287 ) ) ;
#1972 = FILL_AREA_STYLE ('',( #4324 ) ) ;
#1973 = CARTESIAN_POINT ( 'NONE',  ( 1.746043249005028386, -0.5500000000000000444, -0.8515027384351421258 ) ) ;
#1974 = EDGE_CURVE ( 'NONE', #2482, #4260, #1435, .T. ) ;
#1975 = CARTESIAN_POINT ( 'NONE',  ( 0.000000000000000000, -0.6000000000000000888, 2.414999999999999591 ) ) ;
#1976 = FILL_AREA_STYLE_COLOUR ( '', #3916 ) ;
#1977 = CARTESIAN_POINT ( 'NONE',  ( 1.286968016822274507E-16, -0.6000000000000000888, 1.145000000000000684 ) ) ;
#1978 = CARTESIAN_POINT ( 'NONE',  ( -2.085796676733050248, -0.6000000000000000888, 0.7769784804864426908 ) ) ;
#1979 = DIRECTION ( 'NONE',  ( -0.000000000000000000, 1.000000000000000000, -0.000000000000000000 ) ) ;
#1980 = FACE_OUTER_BOUND ( 'NONE', #3182, .T. ) ;
#1981 = CARTESIAN_POINT ( 'NONE',  ( -0.7794618035050293603, -0.5500000000000000444, 2.833519861046362109 ) ) ;
#1982 = PRESENTATION_LAYER_ASSIGNMENT (  '', '', ( #3661 ) ) ;
#1983 = AXIS2_PLACEMENT_3D ( 'NONE', #4893, #2454, #4160 ) ;
#1984 = AXIS2_PLACEMENT_3D ( 'NONE', #2761, #3725, #234 ) ;
#1985 = ORIENTED_EDGE ( 'NONE', *, *, #4933, .F. ) ;
#1986 = ORIENTED_EDGE ( 'NONE', *, *, #3642, .T. ) ;
#1987 = MECHANICAL_DESIGN_GEOMETRIC_PRESENTATION_REPRESENTATION (  '', ( #3798 ), #2185 ) ;
#1988 = LINE ( 'NONE', #4546, #349 ) ;
#1989 = VECTOR ( 'NONE', #1954, 1000.000000000000000 ) ;
#1990 = FILL_AREA_STYLE ('',( #2530 ) ) ;
#1991 = MECHANICAL_DESIGN_GEOMETRIC_PRESENTATION_REPRESENTATION (  '', ( #4128 ), #450 ) ;
#1992 = FACE_OUTER_BOUND ( 'NONE', #2030, .T. ) ;
#1993 = ORIENTED_EDGE ( 'NONE', *, *, #2225, .F. ) ;
#1994 =( GEOMETRIC_REPRESENTATION_CONTEXT ( 3 ) GLOBAL_UNCERTAINTY_ASSIGNED_CONTEXT ( ( #4431 ) ) GLOBAL_UNIT_ASSIGNED_CONTEXT ( ( #5296, #2, #4801 ) ) REPRESENTATION_CONTEXT ( 'NONE', 'WORKASPACE' ) );
#1995 = SURFACE_STYLE_FILL_AREA ( #5184 ) ;
#1996 = MECHANICAL_DESIGN_GEOMETRIC_PRESENTATION_REPRESENTATION (  '', ( #4500 ), #1386 ) ;
#1997 = COLOUR_RGB ( '',1.000000000000000000, 1.000000000000000000, 1.000000000000000000 ) ;
#1998 = ORIENTED_EDGE ( 'NONE', *, *, #5528, .F. ) ;
#1999 = PRESENTATION_STYLE_ASSIGNMENT (( #5104 ) ) ;
#2000 = ORIENTED_EDGE ( 'NONE', *, *, #3893, .F. ) ;
#2001 = VECTOR ( 'NONE', #264, 1000.000000000000000 ) ;
#2002 = CARTESIAN_POINT ( 'NONE',  ( -0.7794618035050293603, -0.3460000000000000853, 3.074999999999999734 ) ) ;
#2003 = SURFACE_SIDE_STYLE ('',( #2939 ) ) ;
#2004 = VERTEX_POINT ( 'NONE', #609 ) ;
#2005 =( NAMED_UNIT ( * ) PLANE_ANGLE_UNIT ( ) SI_UNIT ( $, .RADIAN. ) );
#2006 = EDGE_CURVE ( 'NONE', #1473, #822, #1457, .T. ) ;
#2007 = LINE ( 'NONE', #3038, #1826 ) ;
#2008 = VERTEX_POINT ( 'NONE', #2307 ) ;
#2009 = DIRECTION ( 'NONE',  ( -1.000000000000000000, 0.000000000000000000, 0.000000000000000000 ) ) ;
#2010 = SURFACE_SIDE_STYLE ('',( #3430 ) ) ;
#2011 = ADVANCED_FACE ( 'NONE', ( #1864 ), #3247, .T. ) ;
#2012 = FILL_AREA_STYLE_COLOUR ( '', #3029 ) ;
#2013 = ORIENTED_EDGE ( 'NONE', *, *, #3463, .T. ) ;
#2014 = PLANE ( 'NONE',  #1930 ) ;
#2015 = SURFACE_SIDE_STYLE ('',( #2864 ) ) ;
#2016 = SURFACE_STYLE_USAGE ( .BOTH. , #5176 ) ;
#2017 = EDGE_CURVE ( 'NONE', #1260, #2086, #3218, .T. ) ;
#2018 = UNCERTAINTY_MEASURE_WITH_UNIT (LENGTH_MEASURE( 1.000000000000000082E-05 ), #1358, 'distance_accuracy_value', 'NONE');
#2019 = ORIENTED_EDGE ( 'NONE', *, *, #1728, .F. ) ;
#2020 = VERTEX_POINT ( 'NONE', #4068 ) ;
#2021 =( NAMED_UNIT ( * ) PLANE_ANGLE_UNIT ( ) SI_UNIT ( $, .RADIAN. ) );
#2022 = DIRECTION ( 'NONE',  ( 0.000000000000000000, 0.000000000000000000, 1.000000000000000000 ) ) ;
#2023 = ADVANCED_FACE ( 'NONE', ( #5408 ), #3173, .T. ) ;
#2024 = DIRECTION ( 'NONE',  ( -1.000000000000000000, 0.000000000000000000, 0.000000000000000000 ) ) ;
#2025 = ORIENTED_EDGE ( 'NONE', *, *, #348, .T. ) ;
#2026 = ORIENTED_EDGE ( 'NONE', *, *, #4735, .T. ) ;
#2027 = LINE ( 'NONE', #2968, #4964 ) ;
#2028 = MECHANICAL_DESIGN_GEOMETRIC_PRESENTATION_REPRESENTATION (  '', ( #4905 ), #2770 ) ;
#2029 = FILL_AREA_STYLE_COLOUR ( '', #2461 ) ;
#2030 = EDGE_LOOP ( 'NONE', ( #2473, #1200, #4796, #2816 ) ) ;
#2031 = SURFACE_STYLE_FILL_AREA ( #2060 ) ;
#2032 =( LENGTH_UNIT ( ) NAMED_UNIT ( * ) SI_UNIT ( .MILLI., .METRE. ) );
#2033 = DIRECTION ( 'NONE',  ( -1.123989534342597324E-16, 0.000000000000000000, -1.000000000000000000 ) ) ;
#2034 = DIRECTION ( 'NONE',  ( 0.000000000000000000, 0.000000000000000000, 1.000000000000000000 ) ) ;
#2035 = DIRECTION ( 'NONE',  ( -0.000000000000000000, 1.000000000000000000, -0.000000000000000000 ) ) ;
#2036 = CARTESIAN_POINT ( 'NONE',  ( -2.185796676733049893, -0.6000000000000000888, 0.7769784804864433569 ) ) ;
#2037 = UNCERTAINTY_MEASURE_WITH_UNIT (LENGTH_MEASURE( 1.000000000000000082E-05 ), #3101, 'distance_accuracy_value', 'NONE');
#2038 = VECTOR ( 'NONE', #4457, 1000.000000000000000 ) ;
#2039 = EDGE_LOOP ( 'NONE', ( #4842, #461, #2051, #752, #195, #1190, #598, #4640, #797, #3533, #4624, #2813, #303, #5094, #5066, #4031, #352, #2895, #950, #4192, #5595, #4012, #2296, #847, #3001, #385, #3508 ) ) ;
#2040 = EDGE_CURVE ( 'NONE', #2630, #2226, #2057, .T. ) ;
#2041 = AXIS2_PLACEMENT_3D ( 'NONE', #1118, #4343, #61 ) ;
#2042 = CARTESIAN_POINT ( 'NONE',  ( 2.600000000000000089, -0.5500000000000000444, -2.899999999999999911 ) ) ;
#2043 = MECHANICAL_DESIGN_GEOMETRIC_PRESENTATION_REPRESENTATION (  '', ( #1683 ), #3729 ) ;
#2044 = EDGE_CURVE ( 'NONE', #5188, #5369, #2884, .T. ) ;
#2045 = VECTOR ( 'NONE', #4985, 1000.000000000000000 ) ;
#2046 = PLANE ( 'NONE',  #5465 ) ;
#2047 =( NAMED_UNIT ( * ) SI_UNIT ( $, .STERADIAN. ) SOLID_ANGLE_UNIT ( ) );
#2048 = CARTESIAN_POINT ( 'NONE',  ( -1.760538196494970675, -0.3460000000000000853, 3.074999999999999734 ) ) ;
#2049 = EDGE_LOOP ( 'NONE', ( #1400, #298, #499, #5124, #1230, #1395 ) ) ;
#2050 = SURFACE_SIDE_STYLE ('',( #1995 ) ) ;
#2051 = ORIENTED_EDGE ( 'NONE', *, *, #508, .F. ) ;
#2052 = ORIENTED_EDGE ( 'NONE', *, *, #3745, .F. ) ;
#2053 = CARTESIAN_POINT ( 'NONE',  ( 2.109999999999999876, -0.5500000000000000444, -2.574999999999999289 ) ) ;
#2054 = LINE ( 'NONE', #4729, #405 ) ;
#2055 = ORIENTED_EDGE ( 'NONE', *, *, #1974, .F. ) ;
#2056 = LINE ( 'NONE', #5135, #4175 ) ;
#2057 = LINE ( 'NONE', #4732, #490 ) ;
#2058 = DIRECTION ( 'NONE',  ( 0.5773502691896240657, -0.5773502691896290617, 0.5773502691896240657 ) ) ;
#2059 = MECHANICAL_DESIGN_GEOMETRIC_PRESENTATION_REPRESENTATION (  '', ( #3641 ), #3737 ) ;
#2060 = FILL_AREA_STYLE ('',( #1214 ) ) ;
#2061 = CARTESIAN_POINT ( 'NONE',  ( -0.1169838305759771518, -0.6000000000000000888, -0.2318876425445398626 ) ) ;
#2062 = SURFACE_SIDE_STYLE ('',( #2595 ) ) ;
#2063 =( LENGTH_UNIT ( ) NAMED_UNIT ( * ) SI_UNIT ( .MILLI., .METRE. ) );
#2064 = CYLINDRICAL_SURFACE ( 'NONE', #1112, 0.09999999999999993616 ) ;
#2065 = AXIS2_PLACEMENT_3D ( 'NONE', #4412, #4875, #1747 ) ;
#2066 = UNCERTAINTY_MEASURE_WITH_UNIT (LENGTH_MEASURE( 1.000000000000000082E-05 ), #840, 'distance_accuracy_value', 'NONE');
#2067 = PRESENTATION_STYLE_ASSIGNMENT (( #375 ) ) ;
#2068 = CARTESIAN_POINT ( 'NONE',  ( -2.109999999999999876, -0.6000000000000000888, -2.709383666850159411 ) ) ;
#2069 = UNCERTAINTY_MEASURE_WITH_UNIT (LENGTH_MEASURE( 1.000000000000000082E-05 ), #3945, 'distance_accuracy_value', 'NONE');
#2070 = ORIENTED_EDGE ( 'NONE', *, *, #39, .T. ) ;
#2071 = VERTEX_POINT ( 'NONE', #1262 ) ;
#2072 = DIRECTION ( 'NONE',  ( 0.000000000000000000, 0.000000000000000000, -1.000000000000000000 ) ) ;
#2073 = LINE ( 'NONE', #5182, #10 ) ;
#2074 = MANIFOLD_SOLID_BREP ( 'Cut-Extrude1', #4301 ) ;
#2075 = MECHANICAL_DESIGN_GEOMETRIC_PRESENTATION_REPRESENTATION (  '', ( #835 ), #394 ) ;
#2076 =( NAMED_UNIT ( * ) SI_UNIT ( $, .STERADIAN. ) SOLID_ANGLE_UNIT ( ) );
#2077 = LINE ( 'NONE', #1654, #4402 ) ;
#2078 = EDGE_CURVE ( 'NONE', #4688, #489, #3423, .T. ) ;
#2079 = EDGE_CURVE ( 'NONE', #5156, #1177, #833, .T. ) ;
#2080 = DIRECTION ( 'NONE',  ( -0.000000000000000000, -1.000000000000000000, -0.000000000000000000 ) ) ;
#2081 =( GEOMETRIC_REPRESENTATION_CONTEXT ( 3 ) GLOBAL_UNCERTAINTY_ASSIGNED_CONTEXT ( ( #626 ) ) GLOBAL_UNIT_ASSIGNED_CONTEXT ( ( #1793, #2169, #493 ) ) REPRESENTATION_CONTEXT ( 'NONE', 'WORKASPACE' ) );
#2082 = MECHANICAL_DESIGN_GEOMETRIC_PRESENTATION_REPRESENTATION (  '', ( #1540 ), #4492 ) ;
#2083 = VERTEX_POINT ( 'NONE', #2508 ) ;
#2084 =( GEOMETRIC_REPRESENTATION_CONTEXT ( 3 ) GLOBAL_UNCERTAINTY_ASSIGNED_CONTEXT ( ( #3894 ) ) GLOBAL_UNIT_ASSIGNED_CONTEXT ( ( #5414, #4159, #2343 ) ) REPRESENTATION_CONTEXT ( 'NONE', 'WORKASPACE' ) );
#2085 = ORIENTED_EDGE ( 'NONE', *, *, #1803, .F. ) ;
#2086 = VERTEX_POINT ( 'NONE', #3846 ) ;
#2087 = FILL_AREA_STYLE_COLOUR ( '', #3775 ) ;
#2088 = COLOUR_RGB ( '',1.000000000000000000, 1.000000000000000000, 1.000000000000000000 ) ;
#2089 =( NAMED_UNIT ( * ) PLANE_ANGLE_UNIT ( ) SI_UNIT ( $, .RADIAN. ) );
#2090 = ORIENTED_EDGE ( 'NONE', *, *, #2044, .F. ) ;
#2091 = LINE ( 'NONE', #3750, #1164 ) ;
#2092 = VECTOR ( 'NONE', #4834, 1000.000000000000000 ) ;
#2093 = MECHANICAL_DESIGN_GEOMETRIC_PRESENTATION_REPRESENTATION (  '', ( #1636 ), #3387 ) ;
#2094 =( NAMED_UNIT ( * ) SI_UNIT ( $, .STERADIAN. ) SOLID_ANGLE_UNIT ( ) );
#2095 =( GEOMETRIC_REPRESENTATION_CONTEXT ( 3 ) GLOBAL_UNCERTAINTY_ASSIGNED_CONTEXT ( ( #1338 ) ) GLOBAL_UNIT_ASSIGNED_CONTEXT ( ( #2188, #2680, #4444 ) ) REPRESENTATION_CONTEXT ( 'NONE', 'WORKASPACE' ) );
#2096 =( NAMED_UNIT ( * ) SI_UNIT ( $, .STERADIAN. ) SOLID_ANGLE_UNIT ( ) );
#2097 = PRESENTATION_LAYER_ASSIGNMENT (  '', '', ( #3044 ) ) ;
#2098 = SURFACE_SIDE_STYLE ('',( #1265 ) ) ;
#2099 =( NAMED_UNIT ( * ) SI_UNIT ( $, .STERADIAN. ) SOLID_ANGLE_UNIT ( ) );
#2100 = MECHANICAL_DESIGN_GEOMETRIC_PRESENTATION_REPRESENTATION (  '', ( #5064 ), #1193 ) ;
#2101 = VECTOR ( 'NONE', #5556, 1000.000000000000000 ) ;
#2102 = SURFACE_SIDE_STYLE ('',( #407 ) ) ;
#2103 = CARTESIAN_POINT ( 'NONE',  ( 1.700000000000000178, -0.6000000000000000888, 0.000000000000000000 ) ) ;
#2104 = ORIENTED_EDGE ( 'NONE', *, *, #2752, .T. ) ;
#2105 = ORIENTED_EDGE ( 'NONE', *, *, #1028, .F. ) ;
#2106 = ADVANCED_FACE ( 'NONE', ( #2569 ), #3396, .F. ) ;
#2107 = DIRECTION ( 'NONE',  ( -1.000000000000000000, 0.000000000000000000, 0.000000000000000000 ) ) ;
#2108 = FILL_AREA_STYLE_COLOUR ( '', #4653 ) ;
#2109 = CARTESIAN_POINT ( 'NONE',  ( -2.600000000000000089, 0.4499999999999997891, -2.899999999999999911 ) ) ;
#2110 = FILL_AREA_STYLE_COLOUR ( '', #228 ) ;
#2111 = ORIENTED_EDGE ( 'NONE', *, *, #477, .T. ) ;
#2112 = ORIENTED_EDGE ( 'NONE', *, *, #162, .F. ) ;
#2113 = ADVANCED_FACE ( 'NONE', ( #2152 ), #4381, .F. ) ;
#2114 = DIRECTION ( 'NONE',  ( 0.4383297880337241881, 0.000000000000000000, -0.8988142171340585129 ) ) ;
#2115 = DIRECTION ( 'NONE',  ( 0.000000000000000000, 0.000000000000000000, -1.000000000000000000 ) ) ;
#2116 = UNCERTAINTY_MEASURE_WITH_UNIT (LENGTH_MEASURE( 1.000000000000000082E-05 ), #3031, 'distance_accuracy_value', 'NONE');
#2118 = ORIENTED_EDGE ( 'NONE', *, *, #2688, .T. ) ;
#2117 = VECTOR ( 'NONE', #4794, 1000.000000000000000 ) ;
#2119 = DIRECTION ( 'NONE',  ( -0.000000000000000000, 1.000000000000000000, -0.000000000000000000 ) ) ;
#2120 = FACE_OUTER_BOUND ( 'NONE', #373, .T. ) ;
#2121 = DIRECTION ( 'NONE',  ( -0.000000000000000000, 0.000000000000000000, -1.000000000000000000 ) ) ;
#2122 = STYLED_ITEM ( 'NONE', ( #1440 ), #3572 ) ;
#2123 = EDGE_CURVE ( 'NONE', #3406, #322, #4813, .T. ) ;
#2124 = SURFACE_STYLE_USAGE ( .BOTH. , #452 ) ;
#2125 =( NAMED_UNIT ( * ) PLANE_ANGLE_UNIT ( ) SI_UNIT ( $, .RADIAN. ) );
#2126 = DIRECTION ( 'NONE',  ( -1.000000000000000000, 0.000000000000000000, 0.000000000000000000 ) ) ;
#2127 = SURFACE_SIDE_STYLE ('',( #5118 ) ) ;
#2128 = STYLED_ITEM ( 'NONE', ( #2156 ), #3789 ) ;
#2129 = ORIENTED_EDGE ( 'NONE', *, *, #542, .F. ) ;
#2130 = EDGE_CURVE ( 'NONE', #691, #992, #594, .T. ) ;
#2131 = SURFACE_STYLE_FILL_AREA ( #4334 ) ;
#2132 = AXIS2_PLACEMENT_3D ( 'NONE', #4243, #4706, #785 ) ;
#2133 =( GEOMETRIC_REPRESENTATION_CONTEXT ( 3 ) GLOBAL_UNCERTAINTY_ASSIGNED_CONTEXT ( ( #5417 ) ) GLOBAL_UNIT_ASSIGNED_CONTEXT ( ( #4479, #3900, #3929 ) ) REPRESENTATION_CONTEXT ( 'NONE', 'WORKASPACE' ) );
#2134 = UNCERTAINTY_MEASURE_WITH_UNIT (LENGTH_MEASURE( 1.000000000000000082E-05 ), #5661, 'distance_accuracy_value', 'NONE');
#2135 = PRESENTATION_LAYER_ASSIGNMENT (  '', '', ( #1253 ) ) ;
#2136 = VERTEX_POINT ( 'NONE', #993 ) ;
#2137 = ORIENTED_EDGE ( 'NONE', *, *, #5061, .T. ) ;
#2138 = LINE ( 'NONE', #5243, #2319 ) ;
#2139 = PRESENTATION_LAYER_ASSIGNMENT (  '', '', ( #3620 ) ) ;
#2140 = FACE_OUTER_BOUND ( 'NONE', #4925, .T. ) ;
#2141 = CARTESIAN_POINT ( 'NONE',  ( 0.7794618035050293603, -0.3460000000000000853, 3.074999999999999734 ) ) ;
#2142 = STYLED_ITEM ( 'NONE', ( #4795 ), #4244 ) ;
#2143 = CARTESIAN_POINT ( 'NONE',  ( 1.700000000000000178, -0.6000000000000000888, -2.709383666850158967 ) ) ;
#2144 = VECTOR ( 'NONE', #3397, 1000.000000000000000 ) ;
#2145 = VECTOR ( 'NONE', #5401, 1000.000000000000000 ) ;
#2146 = EDGE_LOOP ( 'NONE', ( #3704, #1443, #831, #3353 ) ) ;
#2147 =( GEOMETRIC_REPRESENTATION_CONTEXT ( 3 ) GLOBAL_UNCERTAINTY_ASSIGNED_CONTEXT ( ( #296 ) ) GLOBAL_UNIT_ASSIGNED_CONTEXT ( ( #262, #2857, #4971 ) ) REPRESENTATION_CONTEXT ( 'NONE', 'WORKASPACE' ) );
#2148 =( NAMED_UNIT ( * ) PLANE_ANGLE_UNIT ( ) SI_UNIT ( $, .RADIAN. ) );
#2149 =( NAMED_UNIT ( * ) SI_UNIT ( $, .STERADIAN. ) SOLID_ANGLE_UNIT ( ) );
#2150 = CARTESIAN_POINT ( 'NONE',  ( 2.049461803505029156, -0.6000000000000000888, -3.074999999999999734 ) ) ;
#2151 = VERTEX_POINT ( 'NONE', #2749 ) ;
#2152 = FACE_OUTER_BOUND ( 'NONE', #3321, .T. ) ;
#2153 =( LENGTH_UNIT ( ) NAMED_UNIT ( * ) SI_UNIT ( .MILLI., .METRE. ) );
#2154 = ADVANCED_FACE ( 'NONE', ( #2120 ), #1717, .T. ) ;
#2155 =( NAMED_UNIT ( * ) PLANE_ANGLE_UNIT ( ) SI_UNIT ( $, .RADIAN. ) );
#2156 = PRESENTATION_STYLE_ASSIGNMENT (( #2124 ) ) ;
#2157 = CARTESIAN_POINT ( 'NONE',  ( -0.3059389231776404316, -0.6000000000000000888, 0.1491989565711548393 ) ) ;
#2158 = LINE ( 'NONE', #42, #67 ) ;
#2159 = PRESENTATION_STYLE_ASSIGNMENT (( #872 ) ) ;
#2160 = EDGE_CURVE ( 'NONE', #5093, #999, #1044, .T. ) ;
#2161 = VECTOR ( 'NONE', #2072, 1000.000000000000000 ) ;
#2162 = PRESENTATION_STYLE_ASSIGNMENT (( #4849 ) ) ;
#2163 = STYLED_ITEM ( 'NONE', ( #2166 ), #1371 ) ;
#2164 = CARTESIAN_POINT ( 'NONE',  ( 0.000000000000000000, -0.5500000000000000444, 0.000000000000000000 ) ) ;
#2165 = ORIENTED_EDGE ( 'NONE', *, *, #611, .F. ) ;
#2166 = PRESENTATION_STYLE_ASSIGNMENT (( #3888 ) ) ;
#2167 = SURFACE_STYLE_FILL_AREA ( #5523 ) ;
#2168 = CARTESIAN_POINT ( 'NONE',  ( -2.500000000000000444, 0.5500000000000000444, 0.000000000000000000 ) ) ;
#2169 =( NAMED_UNIT ( * ) PLANE_ANGLE_UNIT ( ) SI_UNIT ( $, .RADIAN. ) );
#2170 = LINE ( 'NONE', #4023, #2471 ) ;
#2171 = ORIENTED_EDGE ( 'NONE', *, *, #4416, .T. ) ;
#2172 = EDGE_LOOP ( 'NONE', ( #885, #579, #5179, #3720 ) ) ;
#2173 = SURFACE_SIDE_STYLE ('',( #8 ) ) ;
#2174 = DIRECTION ( 'NONE',  ( 1.000000000000000000, 0.000000000000000000, 0.000000000000000000 ) ) ;
#2175 = CARTESIAN_POINT ( 'NONE',  ( 0.000000000000000000, 0.5500000000000000444, -2.800000000000000266 ) ) ;
#2176 = EDGE_LOOP ( 'NONE', ( #545, #5588, #688, #1851 ) ) ;
#2177 = DIRECTION ( 'NONE',  ( 0.8988142171340585129, 0.000000000000000000, 0.4383297880337241881 ) ) ;
#2178 = VECTOR ( 'NONE', #1775, 1000.000000000000000 ) ;
#2179 = DIRECTION ( 'NONE',  ( -0.4383297880337241881, 0.000000000000000000, 0.8988142171340585129 ) ) ;
#2180 = SURFACE_SIDE_STYLE ('',( #73 ) ) ;
#2181 = MECHANICAL_DESIGN_GEOMETRIC_PRESENTATION_REPRESENTATION (  '', ( #2555 ), #5318 ) ;
#2182 =( NAMED_UNIT ( * ) SI_UNIT ( $, .STERADIAN. ) SOLID_ANGLE_UNIT ( ) );
#2183 = COLOUR_RGB ( '',1.000000000000000000, 1.000000000000000000, 1.000000000000000000 ) ;
#2184 = DIRECTION ( 'NONE',  ( -0.000000000000000000, 1.000000000000000000, -0.000000000000000000 ) ) ;
#2185 =( GEOMETRIC_REPRESENTATION_CONTEXT ( 3 ) GLOBAL_UNCERTAINTY_ASSIGNED_CONTEXT ( ( #3369 ) ) GLOBAL_UNIT_ASSIGNED_CONTEXT ( ( #2153, #4352, #868 ) ) REPRESENTATION_CONTEXT ( 'NONE', 'WORKASPACE' ) );
#2186 = EDGE_CURVE ( 'NONE', #5579, #5387, #1689, .T. ) ;
#2187 = MECHANICAL_DESIGN_GEOMETRIC_PRESENTATION_REPRESENTATION (  '', ( #5325 ), #4305 ) ;
#2188 =( LENGTH_UNIT ( ) NAMED_UNIT ( * ) SI_UNIT ( .MILLI., .METRE. ) );
#2189 = CARTESIAN_POINT ( 'NONE',  ( 0.8400000000000000799, -0.5500000000000000444, -2.709383666850159411 ) ) ;
#2190 = CARTESIAN_POINT ( 'NONE',  ( -1.760538196494970675, -0.6000000000000000888, 3.074999999999999734 ) ) ;
#2191 = VECTOR ( 'NONE', #1199, 1000.000000000000000 ) ;
#2192 = VECTOR ( 'NONE', #4018, 1000.000000000000000 ) ;
#2193 = FILL_AREA_STYLE_COLOUR ( '', #4611 ) ;
#2194 = EDGE_CURVE ( 'NONE', #4292, #655, #624, .T. ) ;
#2195 = MECHANICAL_DESIGN_GEOMETRIC_PRESENTATION_REPRESENTATION (  '', ( #5148 ), #936 ) ;
#2196 = SURFACE_SIDE_STYLE ('',( #2222 ) ) ;
#2197 = LINE ( 'NONE', #1841, #1284 ) ;
#2198 = ORIENTED_EDGE ( 'NONE', *, *, #5355, .T. ) ;
#2199 = ORIENTED_EDGE ( 'NONE', *, *, #459, .F. ) ;
#2200 = DIRECTION ( 'NONE',  ( -1.000000000000000000, 0.000000000000000000, 0.000000000000000000 ) ) ;
#2201 = DIRECTION ( 'NONE',  ( 0.000000000000000000, 0.000000000000000000, 1.000000000000000000 ) ) ;
#2202 = LINE ( 'NONE', #593, #5382 ) ;
#2203 = LINE ( 'NONE', #5246, #2371 ) ;
#2204 = CARTESIAN_POINT ( 'NONE',  ( -1.746043249005028386, -0.6000000000000000888, 0.8515027384351421258 ) ) ;
#2205 = LINE ( 'NONE', #3979, #571 ) ;
#2206 = VERTEX_POINT ( 'NONE', #4109 ) ;
#2207 = EDGE_LOOP ( 'NONE', ( #518, #79, #4147, #1108, #2894, #4600, #1541, #2407 ) ) ;
#2208 =( LENGTH_UNIT ( ) NAMED_UNIT ( * ) SI_UNIT ( .MILLI., .METRE. ) );
#2209 = EDGE_CURVE ( 'NONE', #5365, #44, #214, .T. ) ;
#2210 = PLANE ( 'NONE',  #27 ) ;
#2211 = VERTEX_POINT ( 'NONE', #4515 ) ;
#2212 = LINE ( 'NONE', #4787, #4274 ) ;
#2213 = CARTESIAN_POINT ( 'NONE',  ( -2.109999999999999876, -0.6000000000000000888, -2.709383666850159411 ) ) ;
#2214 = SURFACE_STYLE_USAGE ( .BOTH. , #2244 ) ;
#2215 = FILL_AREA_STYLE_COLOUR ( '', #703 ) ;
#2216 = FILL_AREA_STYLE_COLOUR ( '', #4080 ) ;
#2217 = LINE ( 'NONE', #3581, #4314 ) ;
#2218 = FILL_AREA_STYLE ('',( #503 ) ) ;
#2219 = CARTESIAN_POINT ( 'NONE',  ( -0.7794618035050293603, -0.6000000000000000888, -3.074999999999999734 ) ) ;
#2220 = PRESENTATION_LAYER_ASSIGNMENT (  '', '', ( #4524 ) ) ;
#2221 = CARTESIAN_POINT ( 'NONE',  ( 2.600000000000000089, 0.5500000000000000444, -2.899999999999999911 ) ) ;
#2222 = SURFACE_STYLE_FILL_AREA ( #4825 ) ;
#2223 = VECTOR ( 'NONE', #3140, 1000.000000000000000 ) ;
#2224 = DIRECTION ( 'NONE',  ( -1.000000000000000000, 0.000000000000000000, 0.000000000000000000 ) ) ;
#2225 = EDGE_CURVE ( 'NONE', #866, #765, #941, .T. ) ;
#2226 = VERTEX_POINT ( 'NONE', #137 ) ;
#2227 = DIRECTION ( 'NONE',  ( 0.000000000000000000, -0.7071067811865444641, -0.7071067811865505703 ) ) ;
#2228 = DIRECTION ( 'NONE',  ( -0.000000000000000000, 1.000000000000000000, -0.000000000000000000 ) ) ;
#2229 = VECTOR ( 'NONE', #112, 1000.000000000000000 ) ;
#2230 = CARTESIAN_POINT ( 'NONE',  ( 0.000000000000000000, -0.5500000000000000444, 2.414999999999999591 ) ) ;
#2231 = FILL_AREA_STYLE_COLOUR ( '', #2365 ) ;
#2232 = PRESENTATION_LAYER_ASSIGNMENT (  '', '', ( #1504 ) ) ;
#2233 = UNCERTAINTY_MEASURE_WITH_UNIT (LENGTH_MEASURE( 1.000000000000000082E-05 ), #4698, 'distance_accuracy_value', 'NONE');
#2234 = EDGE_CURVE ( 'NONE', #911, #4520, #5358, .T. ) ;
#2235 = VECTOR ( 'NONE', #5078, 1000.000000000000000 ) ;
#2236 = EDGE_LOOP ( 'NONE', ( #2165, #3181, #1733, #3602, #5646, #1364 ) ) ;
#2237 = DIRECTION ( 'NONE',  ( 1.000000000000000000, 0.000000000000000000, 1.123989534342597324E-16 ) ) ;
#2238 = AXIS2_PLACEMENT_3D ( 'NONE', #4095, #3747, #414 ) ;
#2239 = LINE ( 'NONE', #1686, #2178 ) ;
#2240 = EDGE_LOOP ( 'NONE', ( #5555, #536, #3290, #738 ) ) ;
#2241 = PRESENTATION_LAYER_ASSIGNMENT (  '', '', ( #1778 ) ) ;
#2242 = SURFACE_STYLE_USAGE ( .BOTH. , #2180 ) ;
#2243 = DIRECTION ( 'NONE',  ( 0.000000000000000000, -0.000000000000000000, 1.000000000000000000 ) ) ;
#2244 = SURFACE_SIDE_STYLE ('',( #1692 ) ) ;
#2245 = LINE ( 'NONE', #76, #5 ) ;
#2246 = SURFACE_SIDE_STYLE ('',( #3065 ) ) ;
#2247 = SURFACE_STYLE_FILL_AREA ( #528 ) ;
#2248 =( NAMED_UNIT ( * ) SI_UNIT ( $, .STERADIAN. ) SOLID_ANGLE_UNIT ( ) );
#2249 = FILL_AREA_STYLE ('',( #3462 ) ) ;
#2250 = LINE ( 'NONE', #4020, #5521 ) ;
#2251 = COLOUR_RGB ( '',1.000000000000000000, 1.000000000000000000, 1.000000000000000000 ) ;
#2252 = SURFACE_STYLE_USAGE ( .BOTH. , #1844 ) ;
#2253 = FILL_AREA_STYLE ('',( #4513 ) ) ;
#2254 =( NAMED_UNIT ( * ) PLANE_ANGLE_UNIT ( ) SI_UNIT ( $, .RADIAN. ) );
#2255 = ADVANCED_FACE ( 'NONE', ( #1419 ), #4920, .T. ) ;
#2256 = CARTESIAN_POINT ( 'NONE',  ( 0.7794618035050293603, -0.6000000000000000888, -2.833519861046362553 ) ) ;
#2257 = LINE ( 'NONE', #1130, #2644 ) ;
#2258 = CARTESIAN_POINT ( 'NONE',  ( 0.000000000000000000, -0.6000000000000000888, -2.574999999999999289 ) ) ;
#2259 = ORIENTED_EDGE ( 'NONE', *, *, #3308, .T. ) ;
#2260 = ORIENTED_EDGE ( 'NONE', *, *, #3862, .F. ) ;
#2261 = ORIENTED_EDGE ( 'NONE', *, *, #4069, .T. ) ;
#2262 = FILL_AREA_STYLE_COLOUR ( '', #5200 ) ;
#2263 = SURFACE_SIDE_STYLE ('',( #548 ) ) ;
#2264 = EDGE_CURVE ( 'NONE', #5298, #4238, #3526, .T. ) ;
#2265 = EDGE_CURVE ( 'NONE', #4374, #1603, #3616, .T. ) ;
#2266 = FACE_OUTER_BOUND ( 'NONE', #660, .T. ) ;
#2267 = ORIENTED_EDGE ( 'NONE', *, *, #4355, .F. ) ;
#2268 = DIRECTION ( 'NONE',  ( -0.8988142171340585129, 0.000000000000000000, 0.4383297880337241881 ) ) ;
#2269 = CARTESIAN_POINT ( 'NONE',  ( 2.500000000000000444, 0.5500000000000000444, 0.000000000000000000 ) ) ;
#2270 = CARTESIAN_POINT ( 'NONE',  ( 2.049461803505029156, -0.5500000000000000444, -2.899999999999999911 ) ) ;
#2271 = UNCERTAINTY_MEASURE_WITH_UNIT (LENGTH_MEASURE( 1.000000000000000082E-05 ), #637, 'distance_accuracy_value', 'NONE');
#2272 = SURFACE_STYLE_FILL_AREA ( #203 ) ;
#2273 = FILL_AREA_STYLE ('',( #2215 ) ) ;
#2274 = LINE ( 'NONE', #2394, #104 ) ;
#2275 = AXIS2_PLACEMENT_3D ( 'NONE', #564, #4945, #3646 ) ;
#2276 = DIRECTION ( 'NONE',  ( 0.3311741786255128495, 0.000000000000000000, 0.9435696388776595445 ) ) ;
#2277 = DIRECTION ( 'NONE',  ( -1.000000000000000000, 0.000000000000000000, 0.000000000000000000 ) ) ;
#2278 = VECTOR ( 'NONE', #466, 1000.000000000000000 ) ;
#2279 = AXIS2_PLACEMENT_3D ( 'NONE', #3086, #4436, #94 ) ;
#2280 = VECTOR ( 'NONE', #2675, 1000.000000000000000 ) ;
#2281 = COLOUR_RGB ( '',1.000000000000000000, 1.000000000000000000, 1.000000000000000000 ) ;
#2282 = VECTOR ( 'NONE', #4505, 1000.000000000000000 ) ;
#2283 = CARTESIAN_POINT ( 'NONE',  ( 0.000000000000000000, -0.6000000000000000888, 0.9375166769814144985 ) ) ;
#2284 = CARTESIAN_POINT ( 'NONE',  ( -2.674999999999999822, -0.6000000000000000888, 1.087516676981414410 ) ) ;
#2285 = AXIS2_PLACEMENT_3D ( 'NONE', #114, #494, #3556 ) ;
#2286 = STYLED_ITEM ( 'NONE', ( #2334 ), #2023 ) ;
#2287 = AXIS2_PLACEMENT_3D ( 'NONE', #3733, #642, #2859 ) ;
#2288 = VERTEX_POINT ( 'NONE', #1529 ) ;
#2289 = DIRECTION ( 'NONE',  ( 0.000000000000000000, 0.000000000000000000, 1.000000000000000000 ) ) ;
#2290 =( NAMED_UNIT ( * ) SI_UNIT ( $, .STERADIAN. ) SOLID_ANGLE_UNIT ( ) );
#2291 =( NAMED_UNIT ( * ) PLANE_ANGLE_UNIT ( ) SI_UNIT ( $, .RADIAN. ) );
#2292 = VECTOR ( 'NONE', #1008, 1000.000000000000000 ) ;
#2293 = CARTESIAN_POINT ( 'NONE',  ( 0.8400000000000000799, -0.6000000000000000888, 2.414999999999999591 ) ) ;
#2294 = EDGE_CURVE ( 'NONE', #765, #3448, #4860, .T. ) ;
#2295 = ORIENTED_EDGE ( 'NONE', *, *, #2368, .F. ) ;
#2296 = ORIENTED_EDGE ( 'NONE', *, *, #440, .T. ) ;
#2297 = CARTESIAN_POINT ( 'NONE',  ( 0.000000000000000000, -0.3460000000000000853, 0.000000000000000000 ) ) ;
#2298 = CARTESIAN_POINT ( 'NONE',  ( 0.4300000000000002709, -0.6000000000000000888, 2.709383666850159411 ) ) ;
#2299 = ORIENTED_EDGE ( 'NONE', *, *, #1298, .T. ) ;
#2300 = FILL_AREA_STYLE ('',( #580 ) ) ;
#2301 = DIRECTION ( 'NONE',  ( -0.000000000000000000, 1.000000000000000000, -0.000000000000000000 ) ) ;
#2302 = PLANE ( 'NONE',  #4511 ) ;
#2303 = EDGE_CURVE ( 'NONE', #2008, #5153, #2978, .T. ) ;
#2304 = VERTEX_POINT ( 'NONE', #5392 ) ;
#2305 = SURFACE_STYLE_FILL_AREA ( #204 ) ;
#2306 = LINE ( 'NONE', #1946, #270 ) ;
#2307 = CARTESIAN_POINT ( 'NONE',  ( -2.185796676733050781, -0.6000000000000000888, 0.8769784804864434458 ) ) ;
#2308 = FACE_OUTER_BOUND ( 'NONE', #4888, .T. ) ;
#2309 = EDGE_CURVE ( 'NONE', #3212, #704, #1821, .T. ) ;
#2310 = SURFACE_SIDE_STYLE ('',( #4560 ) ) ;
#2311 = FILL_AREA_STYLE_COLOUR ( '', #2281 ) ;
#2312 = EDGE_LOOP ( 'NONE', ( #5416, #4225, #3710, #4394 ) ) ;
#2313 = EDGE_LOOP ( 'NONE', ( #5300, #631, #2490, #4008, #2260, #66 ) ) ;
#2314 = PLANE ( 'NONE',  #5468 ) ;
#2315 = COLOUR_RGB ( '',1.000000000000000000, 1.000000000000000000, 1.000000000000000000 ) ;
#2316 = SURFACE_STYLE_USAGE ( .BOTH. , #909 ) ;
#2317 = DIRECTION ( 'NONE',  ( -0.000000000000000000, 1.000000000000000000, -0.000000000000000000 ) ) ;
#2318 = UNCERTAINTY_MEASURE_WITH_UNIT (LENGTH_MEASURE( 1.000000000000000082E-05 ), #1098, 'distance_accuracy_value', 'NONE');
#2319 = VECTOR ( 'NONE', #1196, 1000.000000000000000 ) ;
#2320 = ORIENTED_EDGE ( 'NONE', *, *, #4013, .F. ) ;
#2321 = VECTOR ( 'NONE', #1031, 1000.000000000000000 ) ;
#2322 = LINE ( 'NONE', #5515, #1762 ) ;
#2323 = DIRECTION ( 'NONE',  ( -0.4383297880337241881, 0.000000000000000000, 0.8988142171340585129 ) ) ;
#2324 = VECTOR ( 'NONE', #4607, 1000.000000000000000 ) ;
#2325 = ORIENTED_EDGE ( 'NONE', *, *, #997, .F. ) ;
#2326 = CARTESIAN_POINT ( 'NONE',  ( -0.4905381964949706575, -0.6000000000000000888, -2.833519861046362109 ) ) ;
#2327 =( NAMED_UNIT ( * ) PLANE_ANGLE_UNIT ( ) SI_UNIT ( $, .RADIAN. ) );
#2328 = VECTOR ( 'NONE', #5295, 1000.000000000000000 ) ;
#2329 = FACE_OUTER_BOUND ( 'NONE', #3831, .T. ) ;
#2330 = VERTEX_POINT ( 'NONE', #2748 ) ;
#2331 = VECTOR ( 'NONE', #4606, 1000.000000000000000 ) ;
#2332 = FACE_OUTER_BOUND ( 'NONE', #2777, .T. ) ;
#2333 = ADVANCED_FACE ( 'NONE', ( #192 ), #3648, .F. ) ;
#2334 = PRESENTATION_STYLE_ASSIGNMENT (( #5473 ) ) ;
#2335 = PRESENTATION_STYLE_ASSIGNMENT (( #3299 ) ) ;
#2336 =( GEOMETRIC_REPRESENTATION_CONTEXT ( 3 ) GLOBAL_UNCERTAINTY_ASSIGNED_CONTEXT ( ( #1133 ) ) GLOBAL_UNIT_ASSIGNED_CONTEXT ( ( #3145, #106, #1383 ) ) REPRESENTATION_CONTEXT ( 'NONE', 'WORKASPACE' ) );
#2337 = AXIS2_PLACEMENT_3D ( 'NONE', #2796, #4558, #4127 ) ;
#2338 = PRESENTATION_LAYER_ASSIGNMENT (  '', '', ( #3915 ) ) ;
#2339 = FILL_AREA_STYLE_COLOUR ( '', #2315 ) ;
#2340 = DIRECTION ( 'NONE',  ( -0.000000000000000000, 1.000000000000000000, -0.000000000000000000 ) ) ;
#2341 = EDGE_CURVE ( 'NONE', #4483, #3817, #5171, .T. ) ;
#2342 = FILL_AREA_STYLE ('',( #615 ) ) ;
#2343 =( NAMED_UNIT ( * ) SI_UNIT ( $, .STERADIAN. ) SOLID_ANGLE_UNIT ( ) );
#2344 =( NAMED_UNIT ( * ) PLANE_ANGLE_UNIT ( ) SI_UNIT ( $, .RADIAN. ) );
#2345 = DIRECTION ( 'NONE',  ( -0.000000000000000000, 1.000000000000000000, -0.000000000000000000 ) ) ;
#2346 = CARTESIAN_POINT ( 'NONE',  ( -2.049461803505029156, -0.6000000000000000888, 3.074999999999999734 ) ) ;
#2347 = STYLED_ITEM ( 'NONE', ( #770 ), #1268 ) ;
#2348 = VERTEX_POINT ( 'NONE', #291 ) ;
#2349 = ORIENTED_EDGE ( 'NONE', *, *, #1728, .T. ) ;
#2350 = LINE ( 'NONE', #1881, #347 ) ;
#2351 = DIRECTION ( 'NONE',  ( -0.4383297880337241881, 0.000000000000000000, 0.8988142171340585129 ) ) ;
#2352 =( GEOMETRIC_REPRESENTATION_CONTEXT ( 3 ) GLOBAL_UNCERTAINTY_ASSIGNED_CONTEXT ( ( #3453 ) ) GLOBAL_UNIT_ASSIGNED_CONTEXT ( ( #1250, #740, #3741 ) ) REPRESENTATION_CONTEXT ( 'NONE', 'WORKASPACE' ) );
#2353 = CARTESIAN_POINT ( 'NONE',  ( 0.3857966767330511804, -0.6000000000000000888, 0.000000000000000000 ) ) ;
#2354 = VERTEX_POINT ( 'NONE', #2917 ) ;
#2355 = LINE ( 'NONE', #2784, #2321 ) ;
#2356 = DIRECTION ( 'NONE',  ( -1.000000000000000000, 0.000000000000000000, 0.000000000000000000 ) ) ;
#2357 = FILL_AREA_STYLE_COLOUR ( '', #5639 ) ;
#2358 = DIRECTION ( 'NONE',  ( 0.000000000000000000, 0.000000000000000000, -1.000000000000000000 ) ) ;
#2359 = LINE ( 'NONE', #1948, #5107 ) ;
#2360 = EDGE_LOOP ( 'NONE', ( #905, #4220, #144, #5274 ) ) ;
#2361 = EDGE_CURVE ( 'NONE', #117, #295, #5082, .T. ) ;
#2362 = SURFACE_SIDE_STYLE ('',( #5412 ) ) ;
#2363 = CARTESIAN_POINT ( 'NONE',  ( 0.7794618035050293603, -0.3460000000000000853, -2.899999999999999911 ) ) ;
#2364 = DIRECTION ( 'NONE',  ( -0.000000000000000000, -1.000000000000000000, -0.000000000000000000 ) ) ;
#2365 = COLOUR_RGB ( '',1.000000000000000000, 1.000000000000000000, 1.000000000000000000 ) ;
#2366 = AXIS2_PLACEMENT_3D ( 'NONE', #3873, #3748, #2912 ) ;
#2367 = EDGE_LOOP ( 'NONE', ( #1740, #2667, #5462, #3348, #4009, #913, #1852, #2052 ) ) ;
#2368 = EDGE_CURVE ( 'NONE', #1605, #2151, #3881, .T. ) ;
#2369 = PRESENTATION_LAYER_ASSIGNMENT (  '', '', ( #4128 ) ) ;
#2370 = CARTESIAN_POINT ( 'NONE',  ( 0.4905381964949708795, -0.6000000000000000888, -3.074999999999999734 ) ) ;
#2371 = VECTOR ( 'NONE', #1252, 1000.000000000000000 ) ;
#2372 = UNCERTAINTY_MEASURE_WITH_UNIT (LENGTH_MEASURE( 1.000000000000000082E-05 ), #5035, 'distance_accuracy_value', 'NONE');
#2373 = PRESENTATION_STYLE_ASSIGNMENT (( #3706 ) ) ;
#2374 =( NAMED_UNIT ( * ) PLANE_ANGLE_UNIT ( ) SI_UNIT ( $, .RADIAN. ) );
#2375 = VECTOR ( 'NONE', #1496, 1000.000000000000000 ) ;
#2376 = UNCERTAINTY_MEASURE_WITH_UNIT (LENGTH_MEASURE( 1.000000000000000082E-05 ), #1007, 'distance_accuracy_value', 'NONE');
#2377 = ORIENTED_EDGE ( 'NONE', *, *, #4038, .T. ) ;
#2378 = VECTOR ( 'NONE', #901, 1000.000000000000114 ) ;
#2379 = EDGE_CURVE ( 'NONE', #544, #5008, #786, .T. ) ;
#2380 = ORIENTED_EDGE ( 'NONE', *, *, #2079, .T. ) ;
#2381 = ORIENTED_EDGE ( 'NONE', *, *, #5571, .F. ) ;
#2382 = CARTESIAN_POINT ( 'NONE',  ( 0.7794618035050293603, -0.6000000000000000888, 2.833519861046362109 ) ) ;
#2383 = CARTESIAN_POINT ( 'NONE',  ( 0.3857966767330511804, -0.5500000000000000444, 0.000000000000000000 ) ) ;
#2384 = VECTOR ( 'NONE', #4094, 1000.000000000000000 ) ;
#2385 = PLANE ( 'NONE',  #844 ) ;
#2386 = VERTEX_POINT ( 'NONE', #1155 ) ;
#2387 = LINE ( 'NONE', #4491, #4093 ) ;
#2388 = CARTESIAN_POINT ( 'NONE',  ( 2.600000000000000089, -0.5500000000000000444, -2.899999999999999911 ) ) ;
#2389 = VERTEX_POINT ( 'NONE', #2980 ) ;
#2390 = VECTOR ( 'NONE', #1233, 1000.000000000000000 ) ;
#2391 = ADVANCED_FACE ( 'NONE', ( #3820 ), #2890, .T. ) ;
#2392 = CARTESIAN_POINT ( 'NONE',  ( 2.500000000000000444, 0.5500000000000000444, 2.800000000000000266 ) ) ;
#2393 = SURFACE_SIDE_STYLE ('',( #4123 ) ) ;
#2394 = CARTESIAN_POINT ( 'NONE',  ( -0.4300000000000002709, -0.6000000000000000888, 2.414999999999999591 ) ) ;
#2395 = SURFACE_SIDE_STYLE ('',( #4046 ) ) ;
#2396 = DIRECTION ( 'NONE',  ( -0.4383297880337241881, 0.000000000000000000, 0.8988142171340585129 ) ) ;
#2397 = FILL_AREA_STYLE_COLOUR ( '', #5629 ) ;
#2398 = SURFACE_STYLE_FILL_AREA ( #5542 ) ;
#2399 =( GEOMETRIC_REPRESENTATION_CONTEXT ( 3 ) GLOBAL_UNCERTAINTY_ASSIGNED_CONTEXT ( ( #4226 ) ) GLOBAL_UNIT_ASSIGNED_CONTEXT ( ( #1270, #2021, #3802 ) ) REPRESENTATION_CONTEXT ( 'NONE', 'WORKASPACE' ) );
#2400 = EDGE_CURVE ( 'NONE', #4655, #3981, #731, .T. ) ;
#2401 = ORIENTED_EDGE ( 'NONE', *, *, #4561, .T. ) ;
#2402 = ORIENTED_EDGE ( 'NONE', *, *, #558, .F. ) ;
#2403 = AXIS2_PLACEMENT_3D ( 'NONE', #2491, #2521, #4713 ) ;
#2404 = ORIENTED_EDGE ( 'NONE', *, *, #4807, .T. ) ;
#2405 = SURFACE_SIDE_STYLE ('',( #2780 ) ) ;
#2406 = LINE ( 'NONE', #1471, #376 ) ;
#2407 = ORIENTED_EDGE ( 'NONE', *, *, #2838, .F. ) ;
#2408 = ADVANCED_FACE ( 'NONE', ( #2452 ), #5657, .F. ) ;
#2409 = EDGE_CURVE ( 'NONE', #168, #4828, #4847, .T. ) ;
#2410 = CARTESIAN_POINT ( 'NONE',  ( -2.049461803505029156, -0.3460000000000000853, 3.074999999999999734 ) ) ;
#2411 = EDGE_LOOP ( 'NONE', ( #1280, #3325, #433, #4253 ) ) ;
#2412 = VERTEX_POINT ( 'NONE', #4443 ) ;
#2413 = PRESENTATION_LAYER_ASSIGNMENT (  '', '', ( #1662 ) ) ;
#2414 = MECHANICAL_DESIGN_GEOMETRIC_PRESENTATION_REPRESENTATION (  '', ( #981 ), #4076 ) ;
#2415 = CARTESIAN_POINT ( 'NONE',  ( 2.435000000000000053, -0.6000000000000000888, 1.087516676981414632 ) ) ;
#2416 =( NAMED_UNIT ( * ) SI_UNIT ( $, .STERADIAN. ) SOLID_ANGLE_UNIT ( ) );
#2417 =( GEOMETRIC_REPRESENTATION_CONTEXT ( 3 ) GLOBAL_UNCERTAINTY_ASSIGNED_CONTEXT ( ( #2066 ) ) GLOBAL_UNIT_ASSIGNED_CONTEXT ( ( #840, #3118, #5229 ) ) REPRESENTATION_CONTEXT ( 'NONE', 'WORKASPACE' ) );
#2418 = DIRECTION ( 'NONE',  ( 0.000000000000000000, 0.000000000000000000, -1.000000000000000000 ) ) ;
#2419 =( NAMED_UNIT ( * ) SI_UNIT ( $, .STERADIAN. ) SOLID_ANGLE_UNIT ( ) );
#2420 =( GEOMETRIC_REPRESENTATION_CONTEXT ( 3 ) GLOBAL_UNCERTAINTY_ASSIGNED_CONTEXT ( ( #1674 ) ) GLOBAL_UNIT_ASSIGNED_CONTEXT ( ( #5275, #3007, #2641 ) ) REPRESENTATION_CONTEXT ( 'NONE', 'WORKASPACE' ) );
#2421 = CARTESIAN_POINT ( 'NONE',  ( -1.760538196494970231, -0.3460000000000000853, 2.899999999999999911 ) ) ;
#2422 =( GEOMETRIC_REPRESENTATION_CONTEXT ( 3 ) GLOBAL_UNCERTAINTY_ASSIGNED_CONTEXT ( ( #5450 ) ) GLOBAL_UNIT_ASSIGNED_CONTEXT ( ( #4744, #1646, #2953 ) ) REPRESENTATION_CONTEXT ( 'NONE', 'WORKASPACE' ) );
#2423 = DIRECTION ( 'NONE',  ( -0.000000000000000000, 1.000000000000000000, -0.000000000000000000 ) ) ;
#2424 = FILL_AREA_STYLE_COLOUR ( '', #1818 ) ;
#2425 = DIRECTION ( 'NONE',  ( 0.4383297880337241881, 0.000000000000000000, 0.8988142171340585129 ) ) ;
#2427 = LINE ( 'NONE', #3794, #3759 ) ;
#2426 = AXIS2_PLACEMENT_3D ( 'NONE', #3330, #2121, #4703 ) ;
#2428 = ORIENTED_EDGE ( 'NONE', *, *, #5577, .F. ) ;
#2429 = DIRECTION ( 'NONE',  ( -0.000000000000000000, 1.000000000000000000, 0.000000000000000000 ) ) ;
#2430 = UNCERTAINTY_MEASURE_WITH_UNIT (LENGTH_MEASURE( 1.000000000000000082E-05 ), #3492, 'distance_accuracy_value', 'NONE');
#2431 = CARTESIAN_POINT ( 'NONE',  ( 2.600000000000000089, -0.3460000000000000853, 1.087516676981414410 ) ) ;
#2432 = FILL_AREA_STYLE_COLOUR ( '', #1072 ) ;
#2433 = ORIENTED_EDGE ( 'NONE', *, *, #1589, .T. ) ;
#2434 = ORIENTED_EDGE ( 'NONE', *, *, #4304, .T. ) ;
#2435 = ADVANCED_FACE ( 'NONE', ( #3043 ), #5347, .T. ) ;
#2436 = LINE ( 'NONE', #3773, #5002 ) ;
#2437 = FILL_AREA_STYLE ('',( #382 ) ) ;
#2438 = SURFACE_STYLE_FILL_AREA ( #5516 ) ;
#2439 = EDGE_LOOP ( 'NONE', ( #1394, #4229, #4289, #4338 ) ) ;
#2440 = SURFACE_STYLE_USAGE ( .BOTH. , #2050 ) ;
#2441 = VERTEX_POINT ( 'NONE', #3963 ) ;
#2442 = DIRECTION ( 'NONE',  ( 1.000000000000000000, 0.000000000000000000, 0.000000000000000000 ) ) ;
#2443 = ADVANCED_FACE ( 'NONE', ( #2647 ), #18, .T. ) ;
#2444 = CARTESIAN_POINT ( 'NONE',  ( 0.7794618035050293603, -0.5500000000000000444, 2.833519861046362553 ) ) ;
#2445 = AXIS2_PLACEMENT_3D ( 'NONE', #4858, #3128, #4889 ) ;
#2446 = DIRECTION ( 'NONE',  ( -0.000000000000000000, 1.000000000000000000, -0.000000000000000000 ) ) ;
#2447 = ORIENTED_EDGE ( 'NONE', *, *, #2810, .T. ) ;
#2448 = FILL_AREA_STYLE ('',( #5526 ) ) ;
#2449 = PRESENTATION_STYLE_ASSIGNMENT (( #725 ) ) ;
#2450 = PLANE ( 'NONE',  #2065 ) ;
#2451 = SURFACE_STYLE_USAGE ( .BOTH. , #1154 ) ;
#2452 = FACE_OUTER_BOUND ( 'NONE', #3315, .T. ) ;
#2453 = DIRECTION ( 'NONE',  ( -0.000000000000000000, 1.000000000000000000, -0.000000000000000000 ) ) ;
#2454 = DIRECTION ( 'NONE',  ( -0.4504141435961350193, 0.000000000000000000, 0.8928197462246006966 ) ) ;
#2455 = ORIENTED_EDGE ( 'NONE', *, *, #3241, .F. ) ;
#2456 = ORIENTED_EDGE ( 'NONE', *, *, #1411, .T. ) ;
#2457 = EDGE_CURVE ( 'NONE', #712, #2389, #5281, .T. ) ;
#2458 = PRESENTATION_STYLE_ASSIGNMENT (( #2951 ) ) ;
#2459 = CARTESIAN_POINT ( 'NONE',  ( 0.000000000000000000, -0.5500000000000000444, -2.574999999999999289 ) ) ;
#2460 =( NAMED_UNIT ( * ) SI_UNIT ( $, .STERADIAN. ) SOLID_ANGLE_UNIT ( ) );
#2461 = COLOUR_RGB ( '',1.000000000000000000, 1.000000000000000000, 1.000000000000000000 ) ;
#2462 = ORIENTED_EDGE ( 'NONE', *, *, #2522, .F. ) ;
#2463 = ORIENTED_EDGE ( 'NONE', *, *, #3459, .F. ) ;
#2464 = COLOUR_RGB ( '',0.2509803921568627416, 0.2509803921568627416, 0.2509803921568627416 ) ;
#2465 = FILL_AREA_STYLE ('',( #4310 ) ) ;
#2466 = VECTOR ( 'NONE', #2425, 1000.000000000000114 ) ;
#2467 = PRESENTATION_STYLE_ASSIGNMENT (( #2960 ) ) ;
#2468 = VERTEX_POINT ( 'NONE', #4124 ) ;
#2469 = AXIS2_PLACEMENT_3D ( 'NONE', #2353, #147, #1828 ) ;
#2470 = ORIENTED_EDGE ( 'NONE', *, *, #4383, .F. ) ;
#2471 = VECTOR ( 'NONE', #4922, 1000.000000000000000 ) ;
#2472 = PRESENTATION_LAYER_ASSIGNMENT (  '', '', ( #757 ) ) ;
#2473 = ORIENTED_EDGE ( 'NONE', *, *, #1175, .F. ) ;
#2474 = ORIENTED_EDGE ( 'NONE', *, *, #4837, .T. ) ;
#2475 = VECTOR ( 'NONE', #4591, 1000.000000000000000 ) ;
#2476 = DIRECTION ( 'NONE',  ( -0.000000000000000000, 1.000000000000000000, -0.000000000000000000 ) ) ;
#2477 = VERTEX_POINT ( 'NONE', #5502 ) ;
#2478 = LINE ( 'NONE', #425, #5388 ) ;
#2479 = PRESENTATION_LAYER_ASSIGNMENT (  '', '', ( #5064 ) ) ;
#2480 = EDGE_CURVE ( 'NONE', #4828, #4979, #4153, .T. ) ;
#2481 = COLOUR_RGB ( '',1.000000000000000000, 1.000000000000000000, 1.000000000000000000 ) ;
#2482 = VERTEX_POINT ( 'NONE', #2762 ) ;
#2483 = CARTESIAN_POINT ( 'NONE',  ( 2.674999999999999822, -0.3460000000000000853, 1.087516676981414410 ) ) ;
#2484 = FILL_AREA_STYLE ('',( #4738 ) ) ;
#2485 = CARTESIAN_POINT ( 'NONE',  ( 0.000000000000000000, -0.5500000000000000444, 0.000000000000000000 ) ) ;
#2486 = DIRECTION ( 'NONE',  ( -0.000000000000000000, 1.000000000000000000, -0.000000000000000000 ) ) ;
#2487 = CARTESIAN_POINT ( 'NONE',  ( 2.674999999999999822, -0.6000000000000000888, 0.9375166769814144985 ) ) ;
#2488 = EDGE_CURVE ( 'NONE', #5411, #244, #1919, .T. ) ;
#2489 = ORIENTED_EDGE ( 'NONE', *, *, #3355, .T. ) ;
#2490 = ORIENTED_EDGE ( 'NONE', *, *, #5538, .T. ) ;
#2491 = CARTESIAN_POINT ( 'NONE',  ( 0.000000000000000000, -0.6000000000000000888, -2.574999999999999289 ) ) ;
#2492 = CARTESIAN_POINT ( 'NONE',  ( 2.085796676733050248, -0.6000000000000000888, 0.7769784804864426908 ) ) ;
#2493 =( LENGTH_UNIT ( ) NAMED_UNIT ( * ) SI_UNIT ( .MILLI., .METRE. ) );
#2494 = UNCERTAINTY_MEASURE_WITH_UNIT (LENGTH_MEASURE( 1.000000000000000082E-05 ), #5352, 'distance_accuracy_value', 'NONE');
#2495 = ORIENTED_EDGE ( 'NONE', *, *, #859, .F. ) ;
#2496 = ORIENTED_EDGE ( 'NONE', *, *, #5655, .T. ) ;
#2497 = FACE_OUTER_BOUND ( 'NONE', #3743, .T. ) ;
#2498 = LINE ( 'NONE', #2995, #3643 ) ;
#2499 = ORIENTED_EDGE ( 'NONE', *, *, #4523, .F. ) ;
#2500 = COLOUR_RGB ( '',1.000000000000000000, 1.000000000000000000, 1.000000000000000000 ) ;
#2501 = VERTEX_POINT ( 'NONE', #205 ) ;
#2502 =( NAMED_UNIT ( * ) PLANE_ANGLE_UNIT ( ) SI_UNIT ( $, .RADIAN. ) );
#2503 = CARTESIAN_POINT ( 'NONE',  ( -1.760538196494970675, -0.6000000000000000888, 3.074999999999999734 ) ) ;
#2504 = MECHANICAL_DESIGN_GEOMETRIC_PRESENTATION_REPRESENTATION (  '', ( #600 ), #3226 ) ;
#2505 = CARTESIAN_POINT ( 'NONE',  ( -2.109999999999999876, -0.5500000000000000444, -2.574999999999999734 ) ) ;
#2506 = ORIENTED_EDGE ( 'NONE', *, *, #3203, .T. ) ;
#2507 =( LENGTH_UNIT ( ) NAMED_UNIT ( * ) SI_UNIT ( .MILLI., .METRE. ) );
#2508 = CARTESIAN_POINT ( 'NONE',  ( -0.4905381964949708795, -0.3460000000000000853, 2.899999999999999911 ) ) ;
#2509 = VECTOR ( 'NONE', #57, 1000.000000000000000 ) ;
#2510 = DIRECTION ( 'NONE',  ( -1.123989534342597324E-16, 0.000000000000000000, 1.000000000000000000 ) ) ;
#2511 = EDGE_CURVE ( 'NONE', #5153, #2699, #4504, .T. ) ;
#2512 = CARTESIAN_POINT ( 'NONE',  ( -1.746043249005028386, -0.6000000000000000888, -0.8515027384351421258 ) ) ;
#2513 = CARTESIAN_POINT ( 'NONE',  ( 1.700000000000000178, -0.5500000000000000444, 0.000000000000000000 ) ) ;
#2514 = LINE ( 'NONE', #871, #488 ) ;
#2515 = DIRECTION ( 'NONE',  ( 0.000000000000000000, 0.000000000000000000, 1.000000000000000000 ) ) ;
#2516 = PRESENTATION_STYLE_ASSIGNMENT (( #762 ) ) ;
#2517 = VECTOR ( 'NONE', #4041, 1000.000000000000000 ) ;
#2518 = UNCERTAINTY_MEASURE_WITH_UNIT (LENGTH_MEASURE( 1.000000000000000082E-05 ), #2639, 'distance_accuracy_value', 'NONE');
#2519 = AXIS2_PLACEMENT_3D ( 'NONE', #193, #1878, #1466 ) ;
#2520 = STYLED_ITEM ( 'NONE', ( #1226 ), #3969 ) ;
#2521 = DIRECTION ( 'NONE',  ( -0.000000000000000000, 0.000000000000000000, 1.000000000000000000 ) ) ;
#2522 = EDGE_CURVE ( 'NONE', #2020, #1929, #556, .T. ) ;
#2523 = CARTESIAN_POINT ( 'NONE',  ( -0.4905381964949708795, -0.5500000000000000444, 2.899999999999999911 ) ) ;
#2524 = DIRECTION ( 'NONE',  ( 1.000000000000000000, 0.000000000000000000, 0.000000000000000000 ) ) ;
#2525 = COLOUR_RGB ( '',1.000000000000000000, 1.000000000000000000, 1.000000000000000000 ) ;
#2526 = VECTOR ( 'NONE', #4391, 1000.000000000000000 ) ;
#2527 = VERTEX_POINT ( 'NONE', #3172 ) ;
#2528 = ORIENTED_EDGE ( 'NONE', *, *, #974, .T. ) ;
#2529 = SURFACE_STYLE_FILL_AREA ( #2465 ) ;
#2530 = FILL_AREA_STYLE_COLOUR ( '', #2627 ) ;
#2531 = DIRECTION ( 'NONE',  ( -1.000000000000000000, 0.000000000000000000, 0.000000000000000000 ) ) ;
#2532 =( LENGTH_UNIT ( ) NAMED_UNIT ( * ) SI_UNIT ( .MILLI., .METRE. ) );
#2533 = ORIENTED_EDGE ( 'NONE', *, *, #2625, .F. ) ;
#2534 = FILL_AREA_STYLE ('',( #2110 ) ) ;
#2535 = ORIENTED_EDGE ( 'NONE', *, *, #5571, .T. ) ;
#2536 =( NAMED_UNIT ( * ) PLANE_ANGLE_UNIT ( ) SI_UNIT ( $, .RADIAN. ) );
#2537 = ORIENTED_EDGE ( 'NONE', *, *, #4599, .F. ) ;
#2538 = PRESENTATION_STYLE_ASSIGNMENT (( #3002 ) ) ;
#2539 = LINE ( 'NONE', #2565, #3026 ) ;
#2540 = ORIENTED_EDGE ( 'NONE', *, *, #5276, .F. ) ;
#2541 = LINE ( 'NONE', #4293, #5102 ) ;
#2542 = LINE ( 'NONE', #4240, #4879 ) ;
#2543 = MECHANICAL_DESIGN_GEOMETRIC_PRESENTATION_REPRESENTATION (  '', ( #3175 ), #2717 ) ;
#2544 =( LENGTH_UNIT ( ) NAMED_UNIT ( * ) SI_UNIT ( .MILLI., .METRE. ) );
#2545 = CARTESIAN_POINT ( 'NONE',  ( 2.049461803505029156, -0.6000000000000000888, 0.000000000000000000 ) ) ;
#2546 = SURFACE_STYLE_USAGE ( .BOTH. , #2098 ) ;
#2547 = CARTESIAN_POINT ( 'NONE',  ( -1.760538196494970675, -0.5500000000000000444, 0.000000000000000000 ) ) ;
#2548 = EDGE_CURVE ( 'NONE', #1627, #3709, #5472, .T. ) ;
#2549 = CARTESIAN_POINT ( 'NONE',  ( -0.8400000000000000799, -0.6000000000000000888, 2.709383666850159411 ) ) ;
#2550 = UNCERTAINTY_MEASURE_WITH_UNIT (LENGTH_MEASURE( 1.000000000000000082E-05 ), #1617, 'distance_accuracy_value', 'NONE');
#2551 = ADVANCED_FACE ( 'NONE', ( #2332 ), #4097, .T. ) ;
#2552 = ORIENTED_EDGE ( 'NONE', *, *, #68, .T. ) ;
#2553 = FILL_AREA_STYLE ('',( #1704 ) ) ;
#2554 = FILL_AREA_STYLE ('',( #5642 ) ) ;
#2555 = STYLED_ITEM ( 'NONE', ( #792 ), #1465 ) ;
#2556 = CARTESIAN_POINT ( 'NONE',  ( 2.085796676733050248, -0.6000000000000000888, -2.506040755987019697 ) ) ;
#2557 = MECHANICAL_DESIGN_GEOMETRIC_PRESENTATION_REPRESENTATION (  '', ( #926 ), #3670 ) ;
#2558 = EDGE_CURVE ( 'NONE', #5365, #3953, #5018, .T. ) ;
#2559 = PRESENTATION_LAYER_ASSIGNMENT (  '', '', ( #1811 ) ) ;
#2560 = ORIENTED_EDGE ( 'NONE', *, *, #3651, .F. ) ;
#2561 = COLOUR_RGB ( '',1.000000000000000000, 1.000000000000000000, 1.000000000000000000 ) ;
#2562 = VECTOR ( 'NONE', #5025, 1000.000000000000000 ) ;
#2563 = DIRECTION ( 'NONE',  ( -1.000000000000000000, 0.000000000000000000, 0.000000000000000000 ) ) ;
#2564 = VECTOR ( 'NONE', #3100, 1000.000000000000000 ) ;
#2565 = CARTESIAN_POINT ( 'NONE',  ( -0.4905381964949708795, -0.3460000000000000853, 2.899999999999999911 ) ) ;
#2566 = VERTEX_POINT ( 'NONE', #3636 ) ;
#2567 =( NAMED_UNIT ( * ) SI_UNIT ( $, .STERADIAN. ) SOLID_ANGLE_UNIT ( ) );
#2568 = PRESENTATION_LAYER_ASSIGNMENT (  '', '', ( #3284 ) ) ;
#2569 = FACE_OUTER_BOUND ( 'NONE', #1961, .T. ) ;
#2570 = SURFACE_STYLE_FILL_AREA ( #2915 ) ;
#2571 = EDGE_CURVE ( 'NONE', #2412, #891, #2274, .T. ) ;
#2572 = DIRECTION ( 'NONE',  ( -1.000000000000000000, 0.000000000000000000, 0.000000000000000000 ) ) ;
#2573 = CIRCLE ( 'NONE', #3286, 0.6500247227779178960 ) ;
#2574 = DIRECTION ( 'NONE',  ( -0.8928197462246006966, 0.000000000000000000, 0.4504141435961349638 ) ) ;
#2575 = COLOUR_RGB ( '',1.000000000000000000, 1.000000000000000000, 1.000000000000000000 ) ;
#2576 = LINE ( 'NONE', #20, #52 ) ;
#2577 =( NAMED_UNIT ( * ) PLANE_ANGLE_UNIT ( ) SI_UNIT ( $, .RADIAN. ) );
#2578 = ORIENTED_EDGE ( 'NONE', *, *, #3494, .F. ) ;
#2579 = LINE ( 'NONE', #345, #4250 ) ;
#2580 = ORIENTED_EDGE ( 'NONE', *, *, #4656, .T. ) ;
#2581 = FACE_OUTER_BOUND ( 'NONE', #2207, .T. ) ;
#2582 = EDGE_CURVE ( 'NONE', #4490, #1469, #2306, .T. ) ;
#2583 = CARTESIAN_POINT ( 'NONE',  ( -2.109999999999999876, -0.6000000000000000888, 2.709383666850159411 ) ) ;
#2584 = DIRECTION ( 'NONE',  ( -1.000000000000000000, 0.000000000000000000, 0.000000000000000000 ) ) ;
#2585 =( LENGTH_UNIT ( ) NAMED_UNIT ( * ) SI_UNIT ( .MILLI., .METRE. ) );
#2586 = ORIENTED_EDGE ( 'NONE', *, *, #583, .T. ) ;
#2587 = ADVANCED_FACE ( 'NONE', ( #5407 ), #3726, .F. ) ;
#2589 = VERTEX_POINT ( 'NONE', #5596 ) ;
#2588 = VECTOR ( 'NONE', #989, 1000.000000000000000 ) ;
#2590 = SURFACE_STYLE_USAGE ( .BOTH. , #473 ) ;
#2591 = CARTESIAN_POINT ( 'NONE',  ( 0.4300000000000002709, -0.6000000000000000888, 2.414999999999999591 ) ) ;
#2592 = PLANE ( 'NONE',  #343 ) ;
#2593 = FILL_AREA_STYLE_COLOUR ( '', #1426 ) ;
#2594 = DIRECTION ( 'NONE',  ( 2.478176394252584494E-15, 0.000000000000000000, 1.000000000000000000 ) ) ;
#2595 = SURFACE_STYLE_FILL_AREA ( #3045 ) ;
#2596 = DIRECTION ( 'NONE',  ( 1.000000000000000000, 0.000000000000000000, 0.000000000000000000 ) ) ;
#2597 = MECHANICAL_DESIGN_GEOMETRIC_PRESENTATION_REPRESENTATION (  '', ( #3438 ), #608 ) ;
#2598 = FACE_OUTER_BOUND ( 'NONE', #4308, .T. ) ;
#2599 = MECHANICAL_DESIGN_GEOMETRIC_PRESENTATION_REPRESENTATION (  '', ( #3999 ), #3072 ) ;
#2600 = VECTOR ( 'NONE', #371, 1000.000000000000000 ) ;
#2601 = EDGE_LOOP ( 'NONE', ( #3832, #2719, #1796, #2380 ) ) ;
#2602 = MECHANICAL_DESIGN_GEOMETRIC_PRESENTATION_REPRESENTATION (  '', ( #3243 ), #5584 ) ;
#2603 = ORIENTED_EDGE ( 'NONE', *, *, #284, .T. ) ;
#2604 = CARTESIAN_POINT ( 'NONE',  ( -2.500000000000000444, 0.5500000000000000444, -2.800000000000000266 ) ) ;
#2605 = AXIS2_PLACEMENT_3D ( 'NONE', #1745, #2177, #1281 ) ;
#2606 = SURFACE_STYLE_FILL_AREA ( #60 ) ;
#2607 = CARTESIAN_POINT ( 'NONE',  ( -2.049461803505029156, -0.6000000000000000888, -2.833519861046362109 ) ) ;
#2608 = CARTESIAN_POINT ( 'NONE',  ( 0.3857966767330511804, -0.5500000000000000444, 1.145000000000000684 ) ) ;
#2609 = LINE ( 'NONE', #1336, #2092 ) ;
#2610 = PRESENTATION_LAYER_ASSIGNMENT (  '', '', ( #3082 ) ) ;
#2611 =( GEOMETRIC_REPRESENTATION_CONTEXT ( 3 ) GLOBAL_UNCERTAINTY_ASSIGNED_CONTEXT ( ( #3829 ) ) GLOBAL_UNIT_ASSIGNED_CONTEXT ( ( #3928, #2617, #2567 ) ) REPRESENTATION_CONTEXT ( 'NONE', 'WORKASPACE' ) );
#2612 = VERTEX_POINT ( 'NONE', #3395 ) ;
#2613 = ADVANCED_FACE ( 'NONE', ( #1182 ), #336, .T. ) ;
#2614 = SURFACE_SIDE_STYLE ('',( #3869 ) ) ;
#2615 = SURFACE_SIDE_STYLE ('',( #889 ) ) ;
#2616 = EDGE_LOOP ( 'NONE', ( #3504, #3357 ) ) ;
#2617 =( NAMED_UNIT ( * ) PLANE_ANGLE_UNIT ( ) SI_UNIT ( $, .RADIAN. ) );
#2618 = DIRECTION ( 'NONE',  ( 1.000000000000000000, 0.000000000000000000, 0.000000000000000000 ) ) ;
#2619 = PRESENTATION_STYLE_ASSIGNMENT (( #3961 ) ) ;
#2620 = EDGE_CURVE ( 'NONE', #2875, #5487, #2056, .T. ) ;
#2621 = DIRECTION ( 'NONE',  ( -1.000000000000000000, 0.000000000000000000, 0.000000000000000000 ) ) ;
#2622 = CARTESIAN_POINT ( 'NONE',  ( 0.7794618035050293603, -0.6000000000000000888, -3.074999999999999734 ) ) ;
#2623 = LINE ( 'NONE', #1293, #1545 ) ;
#2624 =( NAMED_UNIT ( * ) PLANE_ANGLE_UNIT ( ) SI_UNIT ( $, .RADIAN. ) );
#2625 = EDGE_CURVE ( 'NONE', #4950, #3316, #2091, .T. ) ;
#2626 = DIRECTION ( 'NONE',  ( 0.5773502691896240657, 0.5773502691896290617, -0.5773502691896240657 ) ) ;
#2627 = COLOUR_RGB ( '',1.000000000000000000, 1.000000000000000000, 1.000000000000000000 ) ;
#2628 = PLANE ( 'NONE',  #3562 ) ;
#2629 = EDGE_CURVE ( 'NONE', #2905, #5369, #812, .T. ) ;
#2630 = VERTEX_POINT ( 'NONE', #2883 ) ;
#2631 = VERTEX_POINT ( 'NONE', #1580 ) ;
#2632 =( NAMED_UNIT ( * ) SI_UNIT ( $, .STERADIAN. ) SOLID_ANGLE_UNIT ( ) );
#2633 = SURFACE_STYLE_FILL_AREA ( #3078 ) ;
#2634 = PLANE ( 'NONE',  #4307 ) ;
#2635 = SURFACE_STYLE_FILL_AREA ( #2998 ) ;
#2636 =( LENGTH_UNIT ( ) NAMED_UNIT ( * ) SI_UNIT ( .MILLI., .METRE. ) );
#2637 = ORIENTED_EDGE ( 'NONE', *, *, #1095, .T. ) ;
#2638 = VECTOR ( 'NONE', #3735, 1000.000000000000000 ) ;
#2639 =( LENGTH_UNIT ( ) NAMED_UNIT ( * ) SI_UNIT ( .MILLI., .METRE. ) );
#2640 = ORIENTED_EDGE ( 'NONE', *, *, #3917, .F. ) ;
#2641 =( NAMED_UNIT ( * ) SI_UNIT ( $, .STERADIAN. ) SOLID_ANGLE_UNIT ( ) );
#2642 = STYLED_ITEM ( 'NONE', ( #3506 ), #4749 ) ;
#2643 = CARTESIAN_POINT ( 'NONE',  ( -2.049461803505029156, -0.3460000000000000853, 3.074999999999999734 ) ) ;
#2644 = VECTOR ( 'NONE', #2364, 1000.000000000000000 ) ;
#2645 = FILL_AREA_STYLE ('',( #4791 ) ) ;
#2646 =( NAMED_UNIT ( * ) PLANE_ANGLE_UNIT ( ) SI_UNIT ( $, .RADIAN. ) );
#2647 = FACE_OUTER_BOUND ( 'NONE', #3167, .T. ) ;
#2648 = EDGE_CURVE ( 'NONE', #2477, #4655, #2541, .T. ) ;
#2649 = FACE_OUTER_BOUND ( 'NONE', #1168, .T. ) ;
#2650 = LINE ( 'NONE', #923, #1111 ) ;
#2651 = CARTESIAN_POINT ( 'NONE',  ( -0.7794618035050293603, -0.3460000000000000853, -3.074999999999999734 ) ) ;
#2652 = COLOUR_RGB ( '',0.2509803921568627416, 0.2509803921568627416, 0.2509803921568627416 ) ;
#2653 = VECTOR ( 'NONE', #1746, 1000.000000000000114 ) ;
#2654 = ORIENTED_EDGE ( 'NONE', *, *, #3120, .F. ) ;
#2655 = CARTESIAN_POINT ( 'NONE',  ( 0.4299999999999998268, -0.5500000000000000444, -2.709383666850158967 ) ) ;
#2656 = MECHANICAL_DESIGN_GEOMETRIC_PRESENTATION_REPRESENTATION (  '', ( #4876 ), #5443 ) ;
#2657 = PRESENTATION_STYLE_ASSIGNMENT (( #458 ) ) ;
#2658 = EDGE_CURVE ( 'NONE', #999, #145, #5653, .T. ) ;
#2659 =( NAMED_UNIT ( * ) PLANE_ANGLE_UNIT ( ) SI_UNIT ( $, .RADIAN. ) );
#2660 = EDGE_LOOP ( 'NONE', ( #2845, #4465, #2025, #2455, #3313, #684 ) ) ;
#2661 = FACE_OUTER_BOUND ( 'NONE', #3918, .T. ) ;
#2662 = CARTESIAN_POINT ( 'NONE',  ( 0.3059389231776404316, -0.6000000000000000888, 0.1491989565711548393 ) ) ;
#2663 = SURFACE_STYLE_FILL_AREA ( #4946 ) ;
#2664 = LINE ( 'NONE', #513, #2843 ) ;
#2665 = SURFACE_STYLE_FILL_AREA ( #3025 ) ;
#2666 =( NAMED_UNIT ( * ) PLANE_ANGLE_UNIT ( ) SI_UNIT ( $, .RADIAN. ) );
#2667 = ORIENTED_EDGE ( 'NONE', *, *, #3401, .T. ) ;
#2668 = ORIENTED_EDGE ( 'NONE', *, *, #4462, .T. ) ;
#2669 = ORIENTED_EDGE ( 'NONE', *, *, #4990, .F. ) ;
#2670 = SURFACE_STYLE_FILL_AREA ( #1854 ) ;
#2671 = FACE_OUTER_BOUND ( 'NONE', #4696, .T. ) ;
#2672 = PLANE ( 'NONE',  #2279 ) ;
#2673 = ORIENTED_EDGE ( 'NONE', *, *, #3847, .T. ) ;
#2674 = DIRECTION ( 'NONE',  ( 0.4383297880337241881, 0.000000000000000000, -0.8988142171340585129 ) ) ;
#2675 = DIRECTION ( 'NONE',  ( -1.000000000000000000, 0.000000000000000000, 0.000000000000000000 ) ) ;
#2676 = CARTESIAN_POINT ( 'NONE',  ( 0.000000000000000000, -0.3460000000000000853, 0.000000000000000000 ) ) ;
#2677 = AXIS2_PLACEMENT_3D ( 'NONE', #1957, #1486, #647 ) ;
#2678 =( NAMED_UNIT ( * ) SI_UNIT ( $, .STERADIAN. ) SOLID_ANGLE_UNIT ( ) );
#2679 = DIRECTION ( 'NONE',  ( -0.000000000000000000, 0.000000000000000000, -1.000000000000000000 ) ) ;
#2680 =( NAMED_UNIT ( * ) PLANE_ANGLE_UNIT ( ) SI_UNIT ( $, .RADIAN. ) );
#2681 = CARTESIAN_POINT ( 'NONE',  ( 0.4905381964949708795, -0.6000000000000000888, 0.000000000000000000 ) ) ;
#2682 = MECHANICAL_DESIGN_GEOMETRIC_PRESENTATION_REPRESENTATION (  '', ( #1142 ), #509 ) ;
#2683 = ADVANCED_FACE ( 'NONE', ( #3422 ), #2853, .F. ) ;
#2684 = LINE ( 'NONE', #1753, #2117 ) ;
#2685 = DIRECTION ( 'NONE',  ( 1.000000000000000000, 0.000000000000000000, 0.000000000000000000 ) ) ;
#2686 = VECTOR ( 'NONE', #3041, 1000.000000000000000 ) ;
#2687 = CARTESIAN_POINT ( 'NONE',  ( -0.8400000000000000799, -0.6000000000000000888, 0.000000000000000000 ) ) ;
#2688 = EDGE_CURVE ( 'NONE', #775, #275, #4323, .T. ) ;
#2689 = ORIENTED_EDGE ( 'NONE', *, *, #4179, .F. ) ;
#2690 = DIRECTION ( 'NONE',  ( 1.000000000000000000, 0.000000000000000000, 0.000000000000000000 ) ) ;
#2691 = LINE ( 'NONE', #5266, #530 ) ;
#2692 =( LENGTH_UNIT ( ) NAMED_UNIT ( * ) SI_UNIT ( .MILLI., .METRE. ) );
#2693 = MECHANICAL_DESIGN_GEOMETRIC_PRESENTATION_REPRESENTATION (  '', ( #355 ), #798 ) ;
#2694 = FILL_AREA_STYLE_COLOUR ( '', #4488 ) ;
#2695 = CARTESIAN_POINT ( 'NONE',  ( -0.4905381964949708795, -0.3460000000000000853, -2.899999999999999911 ) ) ;
#2696 = UNCERTAINTY_MEASURE_WITH_UNIT (LENGTH_MEASURE( 1.000000000000000082E-05 ), #2936, 'distance_accuracy_value', 'NONE');
#2697 = PRESENTATION_LAYER_ASSIGNMENT (  '', '', ( #5197 ) ) ;
#2698 = ORIENTED_EDGE ( 'NONE', *, *, #1220, .F. ) ;
#2699 = VERTEX_POINT ( 'NONE', #125 ) ;
#2700 = ORIENTED_EDGE ( 'NONE', *, *, #4281, .F. ) ;
#2701 = PLANE ( 'NONE',  #202 ) ;
#2702 =( GEOMETRIC_REPRESENTATION_CONTEXT ( 3 ) GLOBAL_UNCERTAINTY_ASSIGNED_CONTEXT ( ( #4164 ) ) GLOBAL_UNIT_ASSIGNED_CONTEXT ( ( #4399, #2374, #3681 ) ) REPRESENTATION_CONTEXT ( 'NONE', 'WORKASPACE' ) );
#2703 = DIRECTION ( 'NONE',  ( 0.5773502691896240657, -0.5773502691896290617, -0.5773502691896240657 ) ) ;
#2704 = VERTEX_POINT ( 'NONE', #5305 ) ;
#2705 =( LENGTH_UNIT ( ) NAMED_UNIT ( * ) SI_UNIT ( .MILLI., .METRE. ) );
#2706 = STYLED_ITEM ( 'NONE', ( #4899 ), #2990 ) ;
#2707 = DIRECTION ( 'NONE',  ( 0.000000000000000000, 0.000000000000000000, -1.000000000000000000 ) ) ;
#2708 = DIRECTION ( 'NONE',  ( 0.000000000000000000, 0.000000000000000000, -1.000000000000000000 ) ) ;
#2709 = CARTESIAN_POINT ( 'NONE',  ( 1.760538196494970675, -0.6000000000000000888, 2.833519861046362109 ) ) ;
#2710 = DIRECTION ( 'NONE',  ( -0.000000000000000000, 1.000000000000000000, -0.000000000000000000 ) ) ;
#2711 = SURFACE_STYLE_USAGE ( .BOTH. , #502 ) ;
#2712 = DIRECTION ( 'NONE',  ( 0.4383297880337241881, 0.000000000000000000, -0.8988142171340585129 ) ) ;
#2713 = PRESENTATION_STYLE_ASSIGNMENT (( #481 ) ) ;
#2714 = DIRECTION ( 'NONE',  ( 0.000000000000000000, 0.000000000000000000, -1.000000000000000000 ) ) ;
#2715 = FILL_AREA_STYLE_COLOUR ( '', #807 ) ;
#2716 = CARTESIAN_POINT ( 'NONE',  ( 0.7794618035050293603, -0.3460000000000000853, -2.899999999999999911 ) ) ;
#2717 =( GEOMETRIC_REPRESENTATION_CONTEXT ( 3 ) GLOBAL_UNCERTAINTY_ASSIGNED_CONTEXT ( ( #3650 ) ) GLOBAL_UNIT_ASSIGNED_CONTEXT ( ( #5271, #69, #2149 ) ) REPRESENTATION_CONTEXT ( 'NONE', 'WORKASPACE' ) );
#2718 = EDGE_CURVE ( 'NONE', #3875, #712, #423, .T. ) ;
#2719 = ORIENTED_EDGE ( 'NONE', *, *, #5540, .F. ) ;
#2720 = ORIENTED_EDGE ( 'NONE', *, *, #47, .F. ) ;
#2721 = PRESENTATION_LAYER_ASSIGNMENT (  '', '', ( #1614 ) ) ;
#2722 = FILL_AREA_STYLE_COLOUR ( '', #4258 ) ;
#2723 = PLANE ( 'NONE',  #272 ) ;
#2724 = DIRECTION ( 'NONE',  ( 1.000000000000000000, 0.000000000000000000, 0.000000000000000000 ) ) ;
#2725 = EDGE_CURVE ( 'NONE', #992, #2631, #4410, .T. ) ;
#2726 = LINE ( 'NONE', #1420, #3769 ) ;
#2727 = EDGE_LOOP ( 'NONE', ( #2259, #4208, #946, #854 ) ) ;
#2728 = PRESENTATION_STYLE_ASSIGNMENT (( #3655 ) ) ;
#2729 = ORIENTED_EDGE ( 'NONE', *, *, #340, .F. ) ;
#2730 = EDGE_CURVE ( 'NONE', #5253, #5519, #1261, .T. ) ;
#2731 = CARTESIAN_POINT ( 'NONE',  ( -2.600000000000000089, -0.5500000000000000444, 0.9375166769814147205 ) ) ;
#2732 = SURFACE_SIDE_STYLE ('',( #200 ) ) ;
#2733 = CARTESIAN_POINT ( 'NONE',  ( -2.085796676733050248, -0.6000000000000000888, 0.7769784804864426908 ) ) ;
#2734 = PRESENTATION_LAYER_ASSIGNMENT (  '', '', ( #3850 ) ) ;
#2735 = EDGE_CURVE ( 'NONE', #1884, #4464, #4438, .T. ) ;
#2736 = SURFACE_STYLE_FILL_AREA ( #1836 ) ;
#2737 = STYLED_ITEM ( 'NONE', ( #1294 ), #207 ) ;
#2738 = VECTOR ( 'NONE', #2301, 1000.000000000000000 ) ;
#2739 = MECHANICAL_DESIGN_GEOMETRIC_PRESENTATION_REPRESENTATION (  '', ( #4495 ), #1025 ) ;
#2740 = SURFACE_STYLE_USAGE ( .BOTH. , #2395 ) ;
#2741 = DIRECTION ( 'NONE',  ( -1.000000000000000000, 0.000000000000000000, 0.000000000000000000 ) ) ;
#2742 =( GEOMETRIC_REPRESENTATION_CONTEXT ( 3 ) GLOBAL_UNCERTAINTY_ASSIGNED_CONTEXT ( ( #2372 ) ) GLOBAL_UNIT_ASSIGNED_CONTEXT ( ( #5035, #1049, #5368 ) ) REPRESENTATION_CONTEXT ( 'NONE', 'WORKASPACE' ) );
#2743 = VECTOR ( 'NONE', #2823, 1000.000000000000000 ) ;
#2744 =( GEOMETRIC_REPRESENTATION_CONTEXT ( 3 ) GLOBAL_UNCERTAINTY_ASSIGNED_CONTEXT ( ( #65 ) ) GLOBAL_UNIT_ASSIGNED_CONTEXT ( ( #1128, #4763, #3337 ) ) REPRESENTATION_CONTEXT ( 'NONE', 'WORKASPACE' ) );
#2745 = FACE_OUTER_BOUND ( 'NONE', #4829, .T. ) ;
#2746 = PRESENTATION_STYLE_ASSIGNMENT (( #1875 ) ) ;
#2747 = CARTESIAN_POINT ( 'NONE',  ( -2.600000000000000089, 0.5500000000000000444, -2.899999999999999911 ) ) ;
#2748 = CARTESIAN_POINT ( 'NONE',  ( 0.4905381964949708795, -0.6000000000000000888, 2.833519861046362109 ) ) ;
#2749 = CARTESIAN_POINT ( 'NONE',  ( -2.314999999999999947, -0.5500000000000000444, 0.8769784804864422245 ) ) ;
#2750 = ORIENTED_EDGE ( 'NONE', *, *, #3770, .F. ) ;
#2751 = ORIENTED_EDGE ( 'NONE', *, *, #3917, .T. ) ;
#2752 = EDGE_CURVE ( 'NONE', #2151, #4467, #1346, .T. ) ;
#2753 = DIRECTION ( 'NONE',  ( 0.4383297880337241881, 0.000000000000000000, 0.8988142171340585129 ) ) ;
#2754 = CARTESIAN_POINT ( 'NONE',  ( 0.7200521629136938939, -0.6000000000000000888, 0.3511518909319935600 ) ) ;
#2755 = ORIENTED_EDGE ( 'NONE', *, *, #1377, .F. ) ;
#2756 = LINE ( 'NONE', #3692, #898 ) ;
#2757 = CARTESIAN_POINT ( 'NONE',  ( -1.700000000000000178, -0.6000000000000000888, -2.574999999999999734 ) ) ;
#2758 = EDGE_CURVE ( 'NONE', #1928, #2850, #2212, .T. ) ;
#2759 = ADVANCED_FACE ( 'NONE', ( #4874 ), #37, .F. ) ;
#2760 = DIRECTION ( 'NONE',  ( -0.000000000000000000, 1.000000000000000000, -0.000000000000000000 ) ) ;
#2761 = CARTESIAN_POINT ( 'NONE',  ( 2.049461803505029156, -0.6000000000000000888, 3.074999999999999734 ) ) ;
#2762 = CARTESIAN_POINT ( 'NONE',  ( 1.700000000000000178, -0.6000000000000000888, 2.414999999999999591 ) ) ;
#2763 = CARTESIAN_POINT ( 'NONE',  ( 0.4905381964949708795, -0.3460000000000000853, -3.074999999999999734 ) ) ;
#2764 = CARTESIAN_POINT ( 'NONE',  ( 0.7794618035050293603, -0.6000000000000000888, 3.074999999999999734 ) ) ;
#2765 =( LENGTH_UNIT ( ) NAMED_UNIT ( * ) SI_UNIT ( .MILLI., .METRE. ) );
#2766 = CARTESIAN_POINT ( 'NONE',  ( -0.4300000000000002709, -0.6000000000000000888, 2.709383666850159411 ) ) ;
#2767 = CARTESIAN_POINT ( 'NONE',  ( 0.000000000000000000, -0.6000000000000000888, -2.574999999999999734 ) ) ;
#2768 =( GEOMETRIC_REPRESENTATION_CONTEXT ( 3 ) GLOBAL_UNCERTAINTY_ASSIGNED_CONTEXT ( ( #2494 ) ) GLOBAL_UNIT_ASSIGNED_CONTEXT ( ( #5352, #80, #1299 ) ) REPRESENTATION_CONTEXT ( 'NONE', 'WORKASPACE' ) );
#2769 = PRESENTATION_STYLE_ASSIGNMENT (( #4567 ) ) ;
#2770 =( GEOMETRIC_REPRESENTATION_CONTEXT ( 3 ) GLOBAL_UNCERTAINTY_ASSIGNED_CONTEXT ( ( #5152 ) ) GLOBAL_UNIT_ASSIGNED_CONTEXT ( ( #1351, #5279, #870 ) ) REPRESENTATION_CONTEXT ( 'NONE', 'WORKASPACE' ) );
#2771 = UNCERTAINTY_MEASURE_WITH_UNIT (LENGTH_MEASURE( 1.000000000000000082E-05 ), #5163, 'distance_accuracy_value', 'NONE');
#2772 = FACE_OUTER_BOUND ( 'NONE', #1967, .T. ) ;
#2773 = LINE ( 'NONE', #5420, #3819 ) ;
#2774 = DIRECTION ( 'NONE',  ( 0.8928197462246006966, 0.000000000000000000, 0.4504141435961349638 ) ) ;
#2775 = UNCERTAINTY_MEASURE_WITH_UNIT (LENGTH_MEASURE( 1.000000000000000082E-05 ), #3878, 'distance_accuracy_value', 'NONE');
#2776 = AXIS2_PLACEMENT_3D ( 'NONE', #537, #2200, #2289 ) ;
#2777 = EDGE_LOOP ( 'NONE', ( #439, #2689, #1533, #572 ) ) ;
#2778 = ORIENTED_EDGE ( 'NONE', *, *, #683, .T. ) ;
#2779 = COLOUR_RGB ( '',1.000000000000000000, 1.000000000000000000, 1.000000000000000000 ) ;
#2780 = SURFACE_STYLE_FILL_AREA ( #3687 ) ;
#2781 = FILL_AREA_STYLE ('',( #578 ) ) ;
#2782 = VECTOR ( 'NONE', #2340, 1000.000000000000000 ) ;
#2783 = ORIENTED_EDGE ( 'NONE', *, *, #4001, .F. ) ;
#2784 = CARTESIAN_POINT ( 'NONE',  ( 2.434999999999999609, -0.6000000000000000888, 1.087516676981414410 ) ) ;
#2785 = CARTESIAN_POINT ( 'NONE',  ( 2.600000000000000089, 0.4499999999999997891, -2.899999999999999911 ) ) ;
#2786 = EDGE_CURVE ( 'NONE', #1177, #2612, #867, .T. ) ;
#2787 = COLOUR_RGB ( '',1.000000000000000000, 1.000000000000000000, 1.000000000000000000 ) ;
#2788 = CARTESIAN_POINT ( 'NONE',  ( 1.073931736960668237, -0.6000000000000000888, 0.3769286825621733228 ) ) ;
#2789 = ORIENTED_EDGE ( 'NONE', *, *, #3682, .F. ) ;
#2790 = VECTOR ( 'NONE', #1272, 1000.000000000000000 ) ;
#2791 = CARTESIAN_POINT ( 'NONE',  ( 2.600000000000000089, -0.5500000000000000444, -2.899999999999999911 ) ) ;
#2792 = ORIENTED_EDGE ( 'NONE', *, *, #2006, .F. ) ;
#2793 = VECTOR ( 'NONE', #4966, 1000.000000000000000 ) ;
#2794 = DIRECTION ( 'NONE',  ( -0.000000000000000000, 1.000000000000000000, -0.000000000000000000 ) ) ;
#2795 = DIRECTION ( 'NONE',  ( -1.000000000000000000, 0.000000000000000000, 0.000000000000000000 ) ) ;
#2796 = CARTESIAN_POINT ( 'NONE',  ( 0.000000000000000000, -0.6000000000000000888, 2.414999999999999591 ) ) ;
#2797 = EDGE_CURVE ( 'NONE', #2832, #2389, #3509, .T. ) ;
#2798 = MECHANICAL_DESIGN_GEOMETRIC_PRESENTATION_REPRESENTATION (  '', ( #4638 ), #4549 ) ;
#2799 = STYLED_ITEM ( 'NONE', ( #225 ), #2886 ) ;
#2800 = CARTESIAN_POINT ( 'NONE',  ( -0.7794618035050293603, -0.3460000000000000853, -3.074999999999999734 ) ) ;
#2801 = DIRECTION ( 'NONE',  ( 0.000000000000000000, -1.000000000000000000, 0.000000000000000000 ) ) ;
#2802 = LINE ( 'NONE', #5024, #2475 ) ;
#2803 = FILL_AREA_STYLE_COLOUR ( '', #3564 ) ;
#2804 = EDGE_CURVE ( 'NONE', #866, #2704, #4956, .T. ) ;
#2805 = VERTEX_POINT ( 'NONE', #4117 ) ;
#2806 = UNCERTAINTY_MEASURE_WITH_UNIT (LENGTH_MEASURE( 1.000000000000000082E-05 ), #3787, 'distance_accuracy_value', 'NONE');
#2807 = CARTESIAN_POINT ( 'NONE',  ( -0.8400000000000000799, -0.5500000000000000444, 0.000000000000000000 ) ) ;
#2808 =( LENGTH_UNIT ( ) NAMED_UNIT ( * ) SI_UNIT ( .MILLI., .METRE. ) );
#2809 = LINE ( 'NONE', #3736, #3521 ) ;
#2810 = EDGE_CURVE ( 'NONE', #4025, #1627, #2355, .T. ) ;
#2811 = STYLED_ITEM ( 'NONE', ( #2728 ), #1165 ) ;
#2812 = VERTEX_POINT ( 'NONE', #661 ) ;
#2813 = ORIENTED_EDGE ( 'NONE', *, *, #897, .F. ) ;
#2814 = PLANE ( 'NONE',  #1243 ) ;
#2815 = CARTESIAN_POINT ( 'NONE',  ( -1.760538196494970231, -0.3460000000000000853, -2.899999999999999911 ) ) ;
#2816 = ORIENTED_EDGE ( 'NONE', *, *, #5540, .T. ) ;
#2817 = DIRECTION ( 'NONE',  ( -0.000000000000000000, 1.000000000000000000, -0.000000000000000000 ) ) ;
#2818 = DIRECTION ( 'NONE',  ( 0.000000000000000000, -1.000000000000000000, 0.000000000000000000 ) ) ;
#2819 = PRESENTATION_STYLE_ASSIGNMENT (( #5015 ) ) ;
#2820 = CARTESIAN_POINT ( 'NONE',  ( -2.772034335096362767, -0.6000000000000000888, 1.351853585938290303 ) ) ;
#2821 = LINE ( 'NONE', #4584, #837 ) ;
#2822 = CARTESIAN_POINT ( 'NONE',  ( 0.8781883311819363991, -0.5500000000000000444, 1.833272577296186867 ) ) ;
#2823 = DIRECTION ( 'NONE',  ( 1.000000000000000000, 0.000000000000000000, 0.000000000000000000 ) ) ;
#2824 = CARTESIAN_POINT ( 'NONE',  ( 0.4905381964949708795, -0.5500000000000000444, -2.833519861046362109 ) ) ;
#2825 =( NAMED_UNIT ( * ) SI_UNIT ( $, .STERADIAN. ) SOLID_ANGLE_UNIT ( ) );
#2826 = EDGE_CURVE ( 'NONE', #627, #2482, #2756, .T. ) ;
#2827 = AXIS2_PLACEMENT_3D ( 'NONE', #4649, #2952, #4277 ) ;
#2828 = DIRECTION ( 'NONE',  ( 0.000000000000000000, 0.000000000000000000, 1.000000000000000000 ) ) ;
#2829 = CARTESIAN_POINT ( 'NONE',  ( -2.674999999999999822, -0.3460000000000000853, 0.9375166769814144985 ) ) ;
#2830 = VECTOR ( 'NONE', #5085, 1000.000000000000000 ) ;
#2831 = MECHANICAL_DESIGN_GEOMETRIC_PRESENTATION_REPRESENTATION (  '', ( #3859 ), #1297 ) ;
#2832 = VERTEX_POINT ( 'NONE', #4521 ) ;
#2833 = MECHANICAL_DESIGN_GEOMETRIC_PRESENTATION_REPRESENTATION (  '', ( #3475 ), #1290 ) ;
#2834 = SURFACE_STYLE_FILL_AREA ( #4973 ) ;
#2835 = EDGE_CURVE ( 'NONE', #4050, #1929, #599, .T. ) ;
#2836 = COLOUR_RGB ( '',1.000000000000000000, 1.000000000000000000, 1.000000000000000000 ) ;
#2837 = UNCERTAINTY_MEASURE_WITH_UNIT (LENGTH_MEASURE( 1.000000000000000082E-05 ), #2532, 'distance_accuracy_value', 'NONE');
#2838 = EDGE_CURVE ( 'NONE', #4516, #2589, #174, .T. ) ;
#2839 = SURFACE_STYLE_USAGE ( .BOTH. , #4194 ) ;
#2840 = VECTOR ( 'NONE', #2476, 1000.000000000000000 ) ;
#2841 = VECTOR ( 'NONE', #1947, 1000.000000000000000 ) ;
#2842 = ORIENTED_EDGE ( 'NONE', *, *, #4462, .F. ) ;
#2843 = VECTOR ( 'NONE', #2997, 1000.000000000000000 ) ;
#2844 = EDGE_LOOP ( 'NONE', ( #2586, #5610, #2898, #5517, #4804, #1329 ) ) ;
#2845 = ORIENTED_EDGE ( 'NONE', *, *, #4487, .T. ) ;
#2846 = ORIENTED_EDGE ( 'NONE', *, *, #991, .F. ) ;
#2847 =( NAMED_UNIT ( * ) SI_UNIT ( $, .STERADIAN. ) SOLID_ANGLE_UNIT ( ) );
#2848 = MECHANICAL_DESIGN_GEOMETRIC_PRESENTATION_REPRESENTATION (  '', ( #3044 ), #3688 ) ;
#2849 = VERTEX_POINT ( 'NONE', #1857 ) ;
#2850 = VERTEX_POINT ( 'NONE', #2326 ) ;
#2851 = CARTESIAN_POINT ( 'NONE',  ( 1.746043249005028386, -0.5500000000000000444, 0.8515027384351421258 ) ) ;
#2852 = DIRECTION ( 'NONE',  ( 0.000000000000000000, 0.000000000000000000, -1.000000000000000000 ) ) ;
#2853 = PLANE ( 'NONE',  #2605 ) ;
#2854 = CARTESIAN_POINT ( 'NONE',  ( 0.000000000000000000, -0.3460000000000000853, 0.000000000000000000 ) ) ;
#2855 = FILL_AREA_STYLE_COLOUR ( '', #5288 ) ;
#2856 = DIRECTION ( 'NONE',  ( 0.4383297880337241881, 0.000000000000000000, -0.8988142171340585129 ) ) ;
#2857 =( NAMED_UNIT ( * ) PLANE_ANGLE_UNIT ( ) SI_UNIT ( $, .RADIAN. ) );
#2858 = SURFACE_STYLE_FILL_AREA ( #1127 ) ;
#2859 = DIRECTION ( 'NONE',  ( 0.000000000000000000, 0.000000000000000000, 1.000000000000000000 ) ) ;
#2860 = CARTESIAN_POINT ( 'NONE',  ( 2.674999999999999822, -0.6000000000000000888, 1.087516676981414410 ) ) ;
#2861 = CARTESIAN_POINT ( 'NONE',  ( 2.674999999999999822, -0.6000000000000000888, 0.9375166769814144985 ) ) ;
#2862 = EDGE_CURVE ( 'NONE', #3217, #4007, #2387, .T. ) ;
#2863 = CARTESIAN_POINT ( 'NONE',  ( -2.600000000000000089, 0.4499999999999997891, -2.899999999999999911 ) ) ;
#2864 = SURFACE_STYLE_FILL_AREA ( #5510 ) ;
#2865 = DIRECTION ( 'NONE',  ( 0.000000000000000000, -0.000000000000000000, -1.000000000000000000 ) ) ;
#2866 = PRESENTATION_LAYER_ASSIGNMENT (  '', '', ( #3224 ) ) ;
#2867 = ORIENTED_EDGE ( 'NONE', *, *, #5609, .F. ) ;
#2868 = EDGE_CURVE ( 'NONE', #1916, #124, #5370, .T. ) ;
#2869 = EDGE_CURVE ( 'NONE', #4786, #2330, #198, .T. ) ;
#2870 = ORIENTED_EDGE ( 'NONE', *, *, #676, .F. ) ;
#2871 = ORIENTED_EDGE ( 'NONE', *, *, #5264, .F. ) ;
#2872 = LINE ( 'NONE', #4625, #1059 ) ;
#2873 = PLANE ( 'NONE',  #4195 ) ;
#2874 = CARTESIAN_POINT ( 'NONE',  ( 0.000000000000000000, -0.6000000000000000888, -2.574999999999999734 ) ) ;
#2875 = VERTEX_POINT ( 'NONE', #979 ) ;
#2876 = PRESENTATION_LAYER_ASSIGNMENT (  '', '', ( #2128 ) ) ;
#2877 = FACE_OUTER_BOUND ( 'NONE', #5270, .T. ) ;
#2878 = ORIENTED_EDGE ( 'NONE', *, *, #277, .T. ) ;
#2879 = CARTESIAN_POINT ( 'NONE',  ( -2.049461803505029156, -0.6000000000000000888, -3.074999999999999734 ) ) ;
#2880 = VECTOR ( 'NONE', #2574, 1000.000000000000114 ) ;
#2881 = LINE ( 'NONE', #4639, #1286 ) ;
#2882 = ORIENTED_EDGE ( 'NONE', *, *, #4710, .F. ) ;
#2883 = CARTESIAN_POINT ( 'NONE',  ( 2.049461803505029156, -0.3460000000000000853, -3.074999999999999734 ) ) ;
#2884 = LINE ( 'NONE', #1555, #5437 ) ;
#2885 = LINE ( 'NONE', #1973, #1599 ) ;
#2886 = ADVANCED_FACE ( 'NONE', ( #3628 ), #1082, .T. ) ;
#2887 = AXIS2_PLACEMENT_3D ( 'NONE', #1694, #41, #77 ) ;
#2888 = FACE_OUTER_BOUND ( 'NONE', #3730, .T. ) ;
#2889 = SURFACE_STYLE_FILL_AREA ( #370 ) ;
#2890 = PLANE ( 'NONE',  #1159 ) ;
#2891 = CARTESIAN_POINT ( 'NONE',  ( 0.3059389231776404316, -0.5500000000000000444, -0.1491989565711548393 ) ) ;
#2892 = LINE ( 'NONE', #733, #1629 ) ;
#2893 = LINE ( 'NONE', #3276, #4855 ) ;
#2894 = ORIENTED_EDGE ( 'NONE', *, *, #4073, .T. ) ;
#2895 = ORIENTED_EDGE ( 'NONE', *, *, #2758, .F. ) ;
#2896 = FILL_AREA_STYLE_COLOUR ( '', #3139 ) ;
#2897 =( NAMED_UNIT ( * ) PLANE_ANGLE_UNIT ( ) SI_UNIT ( $, .RADIAN. ) );
#2898 = ORIENTED_EDGE ( 'NONE', *, *, #4886, .T. ) ;
#2899 = ORIENTED_EDGE ( 'NONE', *, *, #1174, .T. ) ;
#2900 = ORIENTED_EDGE ( 'NONE', *, *, #3380, .F. ) ;
#2901 = FILL_AREA_STYLE_COLOUR ( '', #2779 ) ;
#2902 = FACE_OUTER_BOUND ( 'NONE', #1583, .T. ) ;
#2903 = EDGE_CURVE ( 'NONE', #3566, #3597, #149, .T. ) ;
#2904 = CARTESIAN_POINT ( 'NONE',  ( -0.7794618035050293603, -0.5500000000000000444, 0.000000000000000000 ) ) ;
#2905 = VERTEX_POINT ( 'NONE', #3187 ) ;
#2906 = VECTOR ( 'NONE', #1146, 1000.000000000000000 ) ;
#2907 = FACE_OUTER_BOUND ( 'NONE', #3685, .T. ) ;
#2908 = ORIENTED_EDGE ( 'NONE', *, *, #1667, .T. ) ;
#2909 = ORIENTED_EDGE ( 'NONE', *, *, #3016, .F. ) ;
#2910 = DIRECTION ( 'NONE',  ( 0.000000000000000000, 0.000000000000000000, 1.000000000000000000 ) ) ;
#2911 = ADVANCED_FACE ( 'NONE', ( #1006 ), #4010, .F. ) ;
#2912 = DIRECTION ( 'NONE',  ( 0.000000000000000000, 0.000000000000000000, 1.000000000000000000 ) ) ;
#2913 = EDGE_LOOP ( 'NONE', ( #1825, #3959, #1026, #3795 ) ) ;
#2914 =( NAMED_UNIT ( * ) PLANE_ANGLE_UNIT ( ) SI_UNIT ( $, .RADIAN. ) );
#2915 = FILL_AREA_STYLE ('',( #5625 ) ) ;
#2916 = PLANE ( 'NONE',  #516 ) ;
#2917 = CARTESIAN_POINT ( 'NONE',  ( 0.7794618035050293603, -0.6000000000000000888, 2.833519861046362553 ) ) ;
#2918 = CARTESIAN_POINT ( 'NONE',  ( -1.760538196494970231, -0.5500000000000000444, 2.899999999999999911 ) ) ;
#2919 = LINE ( 'NONE', #2547, #1376 ) ;
#2920 = DIRECTION ( 'NONE',  ( -0.000000000000000000, 1.000000000000000000, -0.000000000000000000 ) ) ;
#2921 = PLANE ( 'NONE',  #2827 ) ;
#2922 = PRESENTATION_LAYER_ASSIGNMENT (  '', '', ( #3032 ) ) ;
#2923 = ORIENTED_EDGE ( 'NONE', *, *, #3355, .F. ) ;
#2924 = ORIENTED_EDGE ( 'NONE', *, *, #3972, .T. ) ;
#2925 = PRESENTATION_LAYER_ASSIGNMENT (  '', '', ( #4865 ) ) ;
#2926 = LINE ( 'NONE', #4690, #4446 ) ;
#2927 = AXIS2_PLACEMENT_3D ( 'NONE', #1157, #3014, #2515 ) ;
#2928 = LINE ( 'NONE', #300, #2161 ) ;
#2929 = CARTESIAN_POINT ( 'NONE',  ( -0.4905381964949708795, -0.5500000000000000444, -2.899999999999999911 ) ) ;
#2930 = DIRECTION ( 'NONE',  ( 1.000000000000000000, 0.000000000000000000, 0.000000000000000000 ) ) ;
#2931 = VECTOR ( 'NONE', #1953, 1000.000000000000000 ) ;
#2932 = STYLED_ITEM ( 'NONE', ( #5166 ), #2074 ) ;
#2933 = VERTEX_POINT ( 'NONE', #4484 ) ;
#2934 = DIRECTION ( 'NONE',  ( -0.9435696388776595445, 0.000000000000000000, 0.3311741786255128495 ) ) ;
#2935 = EDGE_CURVE ( 'NONE', #3799, #1014, #575, .T. ) ;
#2936 =( LENGTH_UNIT ( ) NAMED_UNIT ( * ) SI_UNIT ( .MILLI., .METRE. ) );
#2937 = VECTOR ( 'NONE', #3013, 1000.000000000000000 ) ;
#2938 = PRESENTATION_STYLE_ASSIGNMENT (( #3359 ) ) ;
#2939 = SURFACE_STYLE_FILL_AREA ( #3296 ) ;
#2940 = ORIENTED_EDGE ( 'NONE', *, *, #229, .T. ) ;
#2941 = CARTESIAN_POINT ( 'NONE',  ( -1.700000000000000178, -0.6000000000000000888, -2.709383666850158967 ) ) ;
#2942 = DIRECTION ( 'NONE',  ( 0.000000000000000000, 0.000000000000000000, 1.000000000000000000 ) ) ;
#2943 = PRESENTATION_LAYER_ASSIGNMENT (  '', '', ( #1731 ) ) ;
#2944 = EDGE_CURVE ( 'NONE', #489, #2699, #497, .T. ) ;
#2945 = EDGE_CURVE ( 'NONE', #891, #3922, #4055, .T. ) ;
#2946 = SURFACE_STYLE_USAGE ( .BOTH. , #5536 ) ;
#2947 = LINE ( 'NONE', #5114, #4354 ) ;
#2948 = CARTESIAN_POINT ( 'NONE',  ( 2.049461803505029156, -0.6000000000000000888, 2.833519861046362109 ) ) ;
#2949 = PRESENTATION_STYLE_ASSIGNMENT (( #4297 ) ) ;
#2950 =( LENGTH_UNIT ( ) NAMED_UNIT ( * ) SI_UNIT ( .MILLI., .METRE. ) );
#2951 = SURFACE_STYLE_USAGE ( .BOTH. , #3402 ) ;
#2952 = DIRECTION ( 'NONE',  ( -0.000000000000000000, 0.000000000000000000, 1.000000000000000000 ) ) ;
#2953 =( NAMED_UNIT ( * ) SI_UNIT ( $, .STERADIAN. ) SOLID_ANGLE_UNIT ( ) );
#2954 = UNCERTAINTY_MEASURE_WITH_UNIT (LENGTH_MEASURE( 1.000000000000000082E-05 ), #2705, 'distance_accuracy_value', 'NONE');
#2955 = ORIENTED_EDGE ( 'NONE', *, *, #5351, .T. ) ;
#2956 = VERTEX_POINT ( 'NONE', #1001 ) ;
#2957 = LINE ( 'NONE', #739, #604 ) ;
#2958 = CARTESIAN_POINT ( 'NONE',  ( -0.4905381964949708795, -0.6000000000000000888, 0.000000000000000000 ) ) ;
#2959 = CARTESIAN_POINT ( 'NONE',  ( -0.4905381964949706575, -0.6000000000000000888, -2.833519861046362109 ) ) ;
#2960 = SURFACE_STYLE_USAGE ( .BOTH. , #4201 ) ;
#2961 = ORIENTED_EDGE ( 'NONE', *, *, #4981, .F. ) ;
#2962 = FILL_AREA_STYLE ('',( #3386 ) ) ;
#2963 = ORIENTED_EDGE ( 'NONE', *, *, #3398, .T. ) ;
#2964 = PRESENTATION_LAYER_ASSIGNMENT (  '', '', ( #1142 ) ) ;
#2965 = ORIENTED_EDGE ( 'NONE', *, *, #1234, .T. ) ;
#2966 = CARTESIAN_POINT ( 'NONE',  ( -1.073931736960674677, -0.6000000000000000888, 0.3769286825621732118 ) ) ;
#2967 = COLOUR_RGB ( '',1.000000000000000000, 1.000000000000000000, 1.000000000000000000 ) ;
#2968 = CARTESIAN_POINT ( 'NONE',  ( 0.7200521629136938939, -0.5500000000000000444, -0.3511518909319935600 ) ) ;
#2969 = PRESENTATION_LAYER_ASSIGNMENT (  '', '', ( #600 ) ) ;
#2970 = FACE_OUTER_BOUND ( 'NONE', #283, .T. ) ;
#2971 = VERTEX_POINT ( 'NONE', #4517 ) ;
#2972 = DIRECTION ( 'NONE',  ( 0.000000000000000000, 0.000000000000000000, 1.000000000000000000 ) ) ;
#2973 = ADVANCED_FACE ( 'NONE', ( #4406 ), #3594, .F. ) ;
#2974 = CARTESIAN_POINT ( 'NONE',  ( 0.000000000000000000, -0.3460000000000000853, 0.000000000000000000 ) ) ;
#2975 = LINE ( 'NONE', #4760, #3126 ) ;
#2976 = VECTOR ( 'NONE', #1914, 1000.000000000000000 ) ;
#2977 = PLANE ( 'NONE',  #1327 ) ;
#2978 = CIRCLE ( 'NONE', #3429, 0.09999999999999993616 ) ;
#2979 = CARTESIAN_POINT ( 'NONE',  ( -2.434999999999999609, -0.5500000000000000444, 0.9375166769814144985 ) ) ;
#2980 = CARTESIAN_POINT ( 'NONE',  ( -1.700000000000000178, -0.5500000000000000444, 2.414999999999999591 ) ) ;
#2981 = EDGE_CURVE ( 'NONE', #3708, #4746, #92, .T. ) ;
#2982 = FACE_OUTER_BOUND ( 'NONE', #3206, .T. ) ;
#2983 =( NAMED_UNIT ( * ) PLANE_ANGLE_UNIT ( ) SI_UNIT ( $, .RADIAN. ) );
#2984 = FILL_AREA_STYLE ('',( #789 ) ) ;
#2985 = COLOUR_RGB ( '',1.000000000000000000, 1.000000000000000000, 1.000000000000000000 ) ;
#2986 = AXIS2_PLACEMENT_3D ( 'NONE', #4078, #1736, #3552 ) ;
#2987 = DIRECTION ( 'NONE',  ( -0.000000000000000000, 1.000000000000000000, -0.000000000000000000 ) ) ;
#2988 = DIRECTION ( 'NONE',  ( -0.000000000000000000, 1.000000000000000000, -0.000000000000000000 ) ) ;
#2989 = CARTESIAN_POINT ( 'NONE',  ( 0.4905381964949708795, -0.5500000000000000444, 2.899999999999999911 ) ) ;
#2990 = ADVANCED_FACE ( 'NONE', ( #3183 ), #547, .F. ) ;
#2991 =( GEOMETRIC_REPRESENTATION_CONTEXT ( 3 ) GLOBAL_UNCERTAINTY_ASSIGNED_CONTEXT ( ( #2430 ) ) GLOBAL_UNIT_ASSIGNED_CONTEXT ( ( #3492, #133, #4448 ) ) REPRESENTATION_CONTEXT ( 'NONE', 'WORKASPACE' ) );
#2992 = EDGE_LOOP ( 'NONE', ( #1449, #4544, #1173, #5022, #3260, #4318 ) ) ;
#2993 = ORIENTED_EDGE ( 'NONE', *, *, #2234, .F. ) ;
#2994 = ORIENTED_EDGE ( 'NONE', *, *, #4426, .F. ) ;
#2995 = CARTESIAN_POINT ( 'NONE',  ( -2.600000000000000089, -0.3460000000000000853, 0.9375166769814144985 ) ) ;
#2996 = SURFACE_SIDE_STYLE ('',( #1251 ) ) ;
#2997 = DIRECTION ( 'NONE',  ( -0.000000000000000000, 1.000000000000000000, -0.000000000000000000 ) ) ;
#2998 = FILL_AREA_STYLE ('',( #2231 ) ) ;
#2999 = SURFACE_STYLE_USAGE ( .BOTH. , #1655 ) ;
#3000 = EDGE_LOOP ( 'NONE', ( #3074, #2199, #3376, #3006 ) ) ;
#3001 = ORIENTED_EDGE ( 'NONE', *, *, #5351, .F. ) ;
#3002 = SURFACE_STYLE_USAGE ( .BOTH. , #2614 ) ;
#3003 = CARTESIAN_POINT ( 'NONE',  ( -2.314999999999999947, -0.6000000000000000888, 0.8769784804864422245 ) ) ;
#3004 = FACE_OUTER_BOUND ( 'NONE', #5525, .T. ) ;
#3005 = UNCERTAINTY_MEASURE_WITH_UNIT (LENGTH_MEASURE( 1.000000000000000082E-05 ), #4919, 'distance_accuracy_value', 'NONE');
#3006 = ORIENTED_EDGE ( 'NONE', *, *, #58, .T. ) ;
#3007 =( NAMED_UNIT ( * ) PLANE_ANGLE_UNIT ( ) SI_UNIT ( $, .RADIAN. ) );
#3008 = DIRECTION ( 'NONE',  ( 0.3311741786255128495, 0.000000000000000000, 0.9435696388776595445 ) ) ;
#3009 = SURFACE_SIDE_STYLE ('',( #4209 ) ) ;
#3010 = FACE_OUTER_BOUND ( 'NONE', #2172, .T. ) ;
#3011 = COLOUR_RGB ( '',1.000000000000000000, 1.000000000000000000, 1.000000000000000000 ) ;
#3012 = LINE ( 'NONE', #2061, #2880 ) ;
#3013 = DIRECTION ( 'NONE',  ( 0.000000000000000000, 0.000000000000000000, 1.000000000000000000 ) ) ;
#3014 = DIRECTION ( 'NONE',  ( -0.000000000000000000, 1.000000000000000000, -0.000000000000000000 ) ) ;
#3015 = ORIENTED_EDGE ( 'NONE', *, *, #5307, .T. ) ;
#3016 = EDGE_CURVE ( 'NONE', #645, #4688, #2872, .T. ) ;
#3017 = SURFACE_STYLE_FILL_AREA ( #3342 ) ;
#3018 = UNCERTAINTY_MEASURE_WITH_UNIT (LENGTH_MEASURE( 1.000000000000000082E-05 ), #1010, 'distance_accuracy_value', 'NONE');
#3019 = VERTEX_POINT ( 'NONE', #3740 ) ;
#3020 = ORIENTED_EDGE ( 'NONE', *, *, #2935, .T. ) ;
#3021 = CARTESIAN_POINT ( 'NONE',  ( 2.772034335096362767, -0.5500000000000000444, 1.351853585938290303 ) ) ;
#3022 = CARTESIAN_POINT ( 'NONE',  ( 2.600000000000000089, -0.5500000000000000444, 2.899999999999999911 ) ) ;
#3023 = COLOUR_RGB ( '',1.000000000000000000, 1.000000000000000000, 1.000000000000000000 ) ;
#3024 = FACE_OUTER_BOUND ( 'NONE', #3746, .T. ) ;
#3025 = FILL_AREA_STYLE ('',( #3081 ) ) ;
#3026 = VECTOR ( 'NONE', #5594, 1000.000000000000000 ) ;
#3027 = VERTEX_POINT ( 'NONE', #713 ) ;
#3028 = MECHANICAL_DESIGN_GEOMETRIC_PRESENTATION_REPRESENTATION (  '', ( #4865 ), #51 ) ;
#3029 = COLOUR_RGB ( '',1.000000000000000000, 1.000000000000000000, 1.000000000000000000 ) ;
#3030 = CARTESIAN_POINT ( 'NONE',  ( 1.760538196494970675, -0.6000000000000000888, -3.074999999999999734 ) ) ;
#3031 =( LENGTH_UNIT ( ) NAMED_UNIT ( * ) SI_UNIT ( .MILLI., .METRE. ) );
#3032 = STYLED_ITEM ( 'NONE', ( #4693 ), #4885 ) ;
#3033 = DIRECTION ( 'NONE',  ( -9.811046702872364580E-15, 0.000000000000000000, 1.000000000000000000 ) ) ;
#3034 = ORIENTED_EDGE ( 'NONE', *, *, #3273, .F. ) ;
#3035 = CARTESIAN_POINT ( 'NONE',  ( -1.746043249005028386, -0.5500000000000000444, -0.8515027384351421258 ) ) ;
#3036 = COLOUR_RGB ( '',1.000000000000000000, 1.000000000000000000, 1.000000000000000000 ) ;
#3037 = CARTESIAN_POINT ( 'NONE',  ( -1.700000000000000178, -0.6000000000000000888, 0.000000000000000000 ) ) ;
#3038 = CARTESIAN_POINT ( 'NONE',  ( -0.8400000000000000799, -0.6000000000000000888, -2.574999999999999734 ) ) ;
#3039 = FACE_OUTER_BOUND ( 'NONE', #5619, .T. ) ;
#3040 = VECTOR ( 'NONE', #3131, 1000.000000000000000 ) ;
#3041 = DIRECTION ( 'NONE',  ( -0.000000000000000000, -1.000000000000000000, -0.000000000000000000 ) ) ;
#3042 = CARTESIAN_POINT ( 'NONE',  ( 0.000000000000000000, 0.5500000000000000444, -1.043578222509270903 ) ) ;
#3043 = FACE_OUTER_BOUND ( 'NONE', #2146, .T. ) ;
#3044 = STYLED_ITEM ( 'NONE', ( #4496 ), #5616 ) ;
#3045 = FILL_AREA_STYLE ('',( #1292 ) ) ;
#3046 = LINE ( 'NONE', #4420, #566 ) ;
#3047 = MECHANICAL_DESIGN_GEOMETRIC_PRESENTATION_REPRESENTATION (  '', ( #1125 ), #4972 ) ;
#3048 = EDGE_CURVE ( 'NONE', #3709, #5411, #246, .T. ) ;
#3049 = ORIENTED_EDGE ( 'NONE', *, *, #2658, .T. ) ;
#3050 = ORIENTED_EDGE ( 'NONE', *, *, #3398, .F. ) ;
#3051 = PLANE ( 'NONE',  #2041 ) ;
#3052 = PRESENTATION_STYLE_ASSIGNMENT (( #3978 ) ) ;
#3053 = EDGE_CURVE ( 'NONE', #4747, #1077, #2322, .T. ) ;
#3054 = EDGE_CURVE ( 'NONE', #2468, #686, #1988, .T. ) ;
#3055 = ORIENTED_EDGE ( 'NONE', *, *, #574, .F. ) ;
#3056 = FACE_OUTER_BOUND ( 'NONE', #1289, .T. ) ;
#3057 = DIRECTION ( 'NONE',  ( 0.000000000000000000, -0.000000000000000000, 1.000000000000000000 ) ) ;
#3058 = DIRECTION ( 'NONE',  ( 0.000000000000000000, 0.000000000000000000, 1.000000000000000000 ) ) ;
#3059 = ORIENTED_EDGE ( 'NONE', *, *, #2582, .T. ) ;
#3060 = EDGE_CURVE ( 'NONE', #2527, #1014, #2436, .T. ) ;
#3061 =( NAMED_UNIT ( * ) SI_UNIT ( $, .STERADIAN. ) SOLID_ANGLE_UNIT ( ) );
#3062 = LINE ( 'NONE', #2269, #1722 ) ;
#3063 = CARTESIAN_POINT ( 'NONE',  ( -0.3857966767330511804, -0.6000000000000000888, 1.145000000000000684 ) ) ;
#3064 = MECHANICAL_DESIGN_GEOMETRIC_PRESENTATION_REPRESENTATION (  '', ( #1755 ), #3146 ) ;
#3065 = SURFACE_STYLE_FILL_AREA ( #3543 ) ;
#3066 = DIRECTION ( 'NONE',  ( -0.000000000000000000, 1.000000000000000000, -0.000000000000000000 ) ) ;
#3067 = EDGE_CURVE ( 'NONE', #2354, #1137, #1170, .T. ) ;
#3068 = CARTESIAN_POINT ( 'NONE',  ( 0.3857966767330511804, -0.6000000000000000888, -2.574999999999999734 ) ) ;
#3069 = COLOUR_RGB ( '',1.000000000000000000, 1.000000000000000000, 1.000000000000000000 ) ;
#3070 = MECHANICAL_DESIGN_GEOMETRIC_PRESENTATION_REPRESENTATION (  '', ( #3915 ), #4456 ) ;
#3071 = DIRECTION ( 'NONE',  ( -0.000000000000000000, -0.000000000000000000, -1.000000000000000000 ) ) ;
#3072 =( GEOMETRIC_REPRESENTATION_CONTEXT ( 3 ) GLOBAL_UNCERTAINTY_ASSIGNED_CONTEXT ( ( #3645 ) ) GLOBAL_UNIT_ASSIGNED_CONTEXT ( ( #3399, #814, #1585 ) ) REPRESENTATION_CONTEXT ( 'NONE', 'WORKASPACE' ) );
#3073 = AXIS2_PLACEMENT_3D ( 'NONE', #2747, #966, #3524 ) ;
#3074 = ORIENTED_EDGE ( 'NONE', *, *, #4765, .T. ) ;
#3075 = ORIENTED_EDGE ( 'NONE', *, *, #3110, .T. ) ;
#3076 = PRESENTATION_STYLE_ASSIGNMENT (( #3496 ) ) ;
#3077 = VECTOR ( 'NONE', #1037, 1000.000000000000000 ) ;
#3078 = FILL_AREA_STYLE ('',( #4778 ) ) ;
#3079 = SURFACE_STYLE_USAGE ( .BOTH. , #4312 ) ;
#3080 = STYLED_ITEM ( 'NONE', ( #3124 ), #4255 ) ;
#3081 = FILL_AREA_STYLE_COLOUR ( '', #1015 ) ;
#3082 = STYLED_ITEM ( 'NONE', ( #2335 ), #378 ) ;
#3083 = PRESENTATION_LAYER_ASSIGNMENT (  '', '', ( #3438 ) ) ;
#3084 = EDGE_LOOP ( 'NONE', ( #2909, #1788, #5454, #5210 ) ) ;
#3085 = ADVANCED_FACE ( 'NONE', ( #1047 ), #2814, .F. ) ;
#3086 = CARTESIAN_POINT ( 'NONE',  ( -0.7794618035050293603, -0.6000000000000000888, 0.000000000000000000 ) ) ;
#3087 = ORIENTED_EDGE ( 'NONE', *, *, #4989, .F. ) ;
#3088 = SURFACE_STYLE_FILL_AREA ( #5254 ) ;
#3089 = LINE ( 'NONE', #5256, #4692 ) ;
#3090 = EDGE_CURVE ( 'NONE', #5387, #4145, #2350, .T. ) ;
#3091 = LINE ( 'NONE', #555, #796 ) ;
#3092 = DIRECTION ( 'NONE',  ( 0.8988142171340585129, 0.000000000000000000, 0.4383297880337241881 ) ) ;
#3093 = CARTESIAN_POINT ( 'NONE',  ( 2.314999999999999947, -0.5500000000000000444, 1.145000000000000462 ) ) ;
#3094 = FACE_OUTER_BOUND ( 'NONE', #240, .T. ) ;
#3095 = AXIS2_PLACEMENT_3D ( 'NONE', #5222, #975, #120 ) ;
#3096 = VECTOR ( 'NONE', #5212, 1000.000000000000000 ) ;
#3097 = FILL_AREA_STYLE ('',( #1356 ) ) ;
#3098 = CARTESIAN_POINT ( 'NONE',  ( 0.000000000000000000, 0.5500000000000000444, 2.800000000000000266 ) ) ;
#3099 = LINE ( 'NONE', #940, #1952 ) ;
#3100 = DIRECTION ( 'NONE',  ( -0.000000000000000000, 1.000000000000000000, -0.000000000000000000 ) ) ;
#3101 =( LENGTH_UNIT ( ) NAMED_UNIT ( * ) SI_UNIT ( .MILLI., .METRE. ) );
#3102 = ORIENTED_EDGE ( 'NONE', *, *, #1311, .T. ) ;
#3103 = ORIENTED_EDGE ( 'NONE', *, *, #1935, .T. ) ;
#3104 = VERTEX_POINT ( 'NONE', #3654 ) ;
#3105 = VECTOR ( 'NONE', #2988, 1000.000000000000000 ) ;
#3106 = FACE_OUTER_BOUND ( 'NONE', #388, .T. ) ;
#3107 = ORIENTED_EDGE ( 'NONE', *, *, #558, .T. ) ;
#3108 = DIRECTION ( 'NONE',  ( -0.4383297880337241881, 0.000000000000000000, -0.8988142171340585129 ) ) ;
#3109 = LINE ( 'NONE', #3483, #1543 ) ;
#3110 = EDGE_CURVE ( 'NONE', #2850, #4654, #4113, .T. ) ;
#3111 = AXIS2_PLACEMENT_3D ( 'NONE', #4615, #292, #1129 ) ;
#3112 = VECTOR ( 'NONE', #4939, 1000.000000000000000 ) ;
#3113 = VECTOR ( 'NONE', #4371, 1000.000000000000000 ) ;
#3114 = CARTESIAN_POINT ( 'NONE',  ( 0.8400000000000000799, -0.6000000000000000888, -2.709383666850159411 ) ) ;
#3115 = AXIS2_PLACEMENT_3D ( 'NONE', #3291, #386, #4695 ) ;
#3116 = COLOUR_RGB ( '',1.000000000000000000, 1.000000000000000000, 1.000000000000000000 ) ;
#3117 = FACE_OUTER_BOUND ( 'NONE', #5482, .T. ) ;
#3118 =( NAMED_UNIT ( * ) PLANE_ANGLE_UNIT ( ) SI_UNIT ( $, .RADIAN. ) );
#3119 = SURFACE_STYLE_USAGE ( .BOTH. , #1375 ) ;
#3120 = EDGE_CURVE ( 'NONE', #765, #4811, #1492, .T. ) ;
#3121 = STYLED_ITEM ( 'NONE', ( #2949 ), #5283 ) ;
#3122 = EDGE_CURVE ( 'NONE', #3278, #4811, #1515, .T. ) ;
#3123 = STYLED_ITEM ( 'NONE', ( #863 ), #5415 ) ;
#3124 = PRESENTATION_STYLE_ASSIGNMENT (( #1815 ) ) ;
#3125 = FACE_OUTER_BOUND ( 'NONE', #1269, .T. ) ;
#3126 = VECTOR ( 'NONE', #2942, 1000.000000000000000 ) ;
#3127 = COLOUR_RGB ( '',1.000000000000000000, 1.000000000000000000, 1.000000000000000000 ) ;
#3128 = DIRECTION ( 'NONE',  ( -0.8988142171340585129, 0.000000000000000000, 0.4383297880337241881 ) ) ;
#3129 =( NAMED_UNIT ( * ) PLANE_ANGLE_UNIT ( ) SI_UNIT ( $, .RADIAN. ) );
#3130 = DIRECTION ( 'NONE',  ( 0.000000000000000000, 0.000000000000000000, 1.000000000000000000 ) ) ;
#3131 = DIRECTION ( 'NONE',  ( -0.000000000000000000, 1.000000000000000000, -0.000000000000000000 ) ) ;
#3132 = FACE_OUTER_BOUND ( 'NONE', #4694, .T. ) ;
#3133 = ORIENTED_EDGE ( 'NONE', *, *, #1089, .F. ) ;
#3134 = ORIENTED_EDGE ( 'NONE', *, *, #1035, .T. ) ;
#3135 = PLANE ( 'NONE',  #3095 ) ;
#3136 = ORIENTED_EDGE ( 'NONE', *, *, #3723, .T. ) ;
#3137 = SURFACE_SIDE_STYLE ('',( #5463 ) ) ;
#3138 = CARTESIAN_POINT ( 'NONE',  ( 2.109999999999999876, -0.6000000000000000888, -2.574999999999999289 ) ) ;
#3139 = COLOUR_RGB ( '',1.000000000000000000, 1.000000000000000000, 1.000000000000000000 ) ;
#3140 = DIRECTION ( 'NONE',  ( 1.000000000000000000, -0.000000000000000000, -0.000000000000000000 ) ) ;
#3141 = LINE ( 'NONE', #4908, #1551 ) ;
#3142 = PRESENTATION_STYLE_ASSIGNMENT (( #3488 ) ) ;
#3143 = PLANE ( 'NONE',  #689 ) ;
#3144 = ADVANCED_FACE ( 'NONE', ( #5180 ), #4231, .F. ) ;
#3145 =( LENGTH_UNIT ( ) NAMED_UNIT ( * ) SI_UNIT ( .MILLI., .METRE. ) );
#3146 =( GEOMETRIC_REPRESENTATION_CONTEXT ( 3 ) GLOBAL_UNCERTAINTY_ASSIGNED_CONTEXT ( ( #4745 ) ) GLOBAL_UNIT_ASSIGNED_CONTEXT ( ( #1584, #4671, #5600 ) ) REPRESENTATION_CONTEXT ( 'NONE', 'WORKASPACE' ) );
#3147 = FILL_AREA_STYLE_COLOUR ( '', #3023 ) ;
#3148 = STYLED_ITEM ( 'NONE', ( #510 ), #3220 ) ;
#3149 = ORIENTED_EDGE ( 'NONE', *, *, #4069, .F. ) ;
#3150 = MECHANICAL_DESIGN_GEOMETRIC_PRESENTATION_REPRESENTATION (  '', ( #1439 ), #977 ) ;
#3151 = ADVANCED_FACE ( 'NONE', ( #1650 ), #4777, .T. ) ;
#3152 = CARTESIAN_POINT ( 'NONE',  ( 2.049461803505029156, -0.6000000000000000888, -2.833519861046362109 ) ) ;
#3153 = SURFACE_STYLE_FILL_AREA ( #567 ) ;
#3154 = LINE ( 'NONE', #139, #1727 ) ;
#3155 = COLOUR_RGB ( '',0.2509803921568627416, 0.2509803921568627416, 0.2509803921568627416 ) ;
#3156 = UNCERTAINTY_MEASURE_WITH_UNIT (LENGTH_MEASURE( 1.000000000000000082E-05 ), #1658, 'distance_accuracy_value', 'NONE');
#3157 = ORIENTED_EDGE ( 'NONE', *, *, #4487, .F. ) ;
#3158 = VECTOR ( 'NONE', #235, 1000.000000000000000 ) ;
#3159 = ORIENTED_EDGE ( 'NONE', *, *, #2981, .T. ) ;
#3160 = ORIENTED_EDGE ( 'NONE', *, *, #1095, .F. ) ;
#3161 = DIRECTION ( 'NONE',  ( -0.000000000000000000, 1.000000000000000000, -0.000000000000000000 ) ) ;
#3162 = EDGE_CURVE ( 'NONE', #2226, #5497, #2957, .T. ) ;
#3163 = DIRECTION ( 'NONE',  ( 0.000000000000000000, 0.000000000000000000, 1.000000000000000000 ) ) ;
#3164 = STYLED_ITEM ( 'NONE', ( #2657 ), #4275 ) ;
#3165 = VECTOR ( 'NONE', #5137, 999.9999999999998863 ) ;
#3166 = LINE ( 'NONE', #4519, #5533 ) ;
#3167 = EDGE_LOOP ( 'NONE', ( #3516, #32, #628, #3421 ) ) ;
#3168 = SURFACE_STYLE_USAGE ( .BOTH. , #4578 ) ;
#3169 = CARTESIAN_POINT ( 'NONE',  ( -1.760538196494970675, -0.6000000000000000888, 2.833519861046362109 ) ) ;
#3170 = VECTOR ( 'NONE', #4071, 1000.000000000000000 ) ;
#3171 = PRESENTATION_STYLE_ASSIGNMENT (( #1945 ) ) ;
#3172 = CARTESIAN_POINT ( 'NONE',  ( 0.7794618035050293603, -0.5500000000000000444, 2.899999999999999911 ) ) ;
#3173 = PLANE ( 'NONE',  #1911 ) ;
#3174 = PRESENTATION_STYLE_ASSIGNMENT (( #4851 ) ) ;
#3175 = STYLED_ITEM ( 'NONE', ( #1398 ), #1123 ) ;
#3176 = EDGE_CURVE ( 'NONE', #4084, #891, #823, .T. ) ;
#3177 = SURFACE_STYLE_FILL_AREA ( #1417 ) ;
#3178 =( NAMED_UNIT ( * ) SI_UNIT ( $, .STERADIAN. ) SOLID_ANGLE_UNIT ( ) );
#3179 = PRESENTATION_STYLE_ASSIGNMENT (( #1446 ) ) ;
#3180 = EDGE_CURVE ( 'NONE', #3278, #5624, #2138, .T. ) ;
#3181 = ORIENTED_EDGE ( 'NONE', *, *, #2294, .F. ) ;
#3182 = EDGE_LOOP ( 'NONE', ( #1071, #3160, #245, #1078 ) ) ;
#3183 = FACE_OUTER_BOUND ( 'NONE', #4868, .T. ) ;
#3184 = LINE ( 'NONE', #685, #1085 ) ;
#3185 = LINE ( 'NONE', #4057, #3377 ) ;
#3186 = ORIENTED_EDGE ( 'NONE', *, *, #4027, .F. ) ;
#3187 = CARTESIAN_POINT ( 'NONE',  ( -2.600000000000000089, 0.4499999999999997891, 2.899999999999999911 ) ) ;
#3188 = PRESENTATION_STYLE_ASSIGNMENT (( #3168 ) ) ;
#3189 = DIRECTION ( 'NONE',  ( -0.000000000000000000, 0.000000000000000000, 1.000000000000000000 ) ) ;
#3190 = CARTESIAN_POINT ( 'NONE',  ( 1.700000000000000178, -0.5500000000000000444, 2.414999999999999591 ) ) ;
#3191 = SURFACE_STYLE_FILL_AREA ( #1456 ) ;
#3192 = FILL_AREA_STYLE ('',( #4938 ) ) ;
#3193 = PRESENTATION_LAYER_ASSIGNMENT (  '', '', ( #926 ) ) ;
#3194 = VECTOR ( 'NONE', #3757, 1000.000000000000000 ) ;
#3195 = SURFACE_STYLE_USAGE ( .BOTH. , #2362 ) ;
#3196 = LINE ( 'NONE', #4590, #3170 ) ;
#3197 = VECTOR ( 'NONE', #3742, 1000.000000000000000 ) ;
#3198 = ORIENTED_EDGE ( 'NONE', *, *, #4589, .F. ) ;
#3199 = COLOUR_RGB ( '',1.000000000000000000, 1.000000000000000000, 1.000000000000000000 ) ;
#3200 = LINE ( 'NONE', #2863, #520 ) ;
#3201 = FILL_AREA_STYLE_COLOUR ( '', #1198 ) ;
#3202 =( NAMED_UNIT ( * ) PLANE_ANGLE_UNIT ( ) SI_UNIT ( $, .RADIAN. ) );
#3203 = EDGE_CURVE ( 'NONE', #2956, #3212, #2926, .T. ) ;
#3204 =( GEOMETRIC_REPRESENTATION_CONTEXT ( 3 ) GLOBAL_UNCERTAINTY_ASSIGNED_CONTEXT ( ( #3156 ) ) GLOBAL_UNIT_ASSIGNED_CONTEXT ( ( #1658, #2148, #4728 ) ) REPRESENTATION_CONTEXT ( 'NONE', 'WORKASPACE' ) );
#3205 = ORIENTED_EDGE ( 'NONE', *, *, #4006, .T. ) ;
#3206 = EDGE_LOOP ( 'NONE', ( #4943, #2267, #5405, #4661, #2698, #3550, #1422, #1960 ) ) ;
#3207 = SURFACE_STYLE_USAGE ( .BOTH. , #2405 ) ;
#3208 = COLOUR_RGB ( '',0.7921568627450980005, 0.8196078431372548767, 0.9333333333333333481 ) ;
#3209 = DIRECTION ( 'NONE',  ( -0.000000000000000000, 1.000000000000000000, -0.000000000000000000 ) ) ;
#3210 = ADVANCED_FACE ( 'NONE', ( #2497 ), #2046, .F. ) ;
#3211 =( NAMED_UNIT ( * ) PLANE_ANGLE_UNIT ( ) SI_UNIT ( $, .RADIAN. ) );
#3212 = VERTEX_POINT ( 'NONE', #4830 ) ;
#3213 = CARTESIAN_POINT ( 'NONE',  ( -0.4300000000000002709, -0.6000000000000000888, -2.574999999999999734 ) ) ;
#3214 = DIRECTION ( 'NONE',  ( 0.000000000000000000, -0.7071067811865444641, 0.7071067811865505703 ) ) ;
#3215 = FACE_OUTER_BOUND ( 'NONE', #4004, .T. ) ;
#3216 = DIRECTION ( 'NONE',  ( 0.000000000000000000, 0.000000000000000000, 1.000000000000000000 ) ) ;
#3217 = VERTEX_POINT ( 'NONE', #2604 ) ;
#3218 = LINE ( 'NONE', #3698, #4965 ) ;
#3219 = DIRECTION ( 'NONE',  ( 0.000000000000000000, 0.000000000000000000, -1.000000000000000000 ) ) ;
#3220 = ADVANCED_FACE ( 'NONE', ( #2661 ), #5356, .F. ) ;
#3221 = CARTESIAN_POINT ( 'NONE',  ( -1.760538196494970675, -0.6000000000000000888, 3.074999999999999734 ) ) ;
#3222 = SURFACE_STYLE_USAGE ( .BOTH. , #3734 ) ;
#3223 = CARTESIAN_POINT ( 'NONE',  ( -0.3059389231776404316, -0.6000000000000000888, 0.1491989565711548393 ) ) ;
#3224 = STYLED_ITEM ( 'NONE', ( #2458 ), #3345 ) ;
#3225 = ORIENTED_EDGE ( 'NONE', *, *, #991, .T. ) ;
#3226 =( GEOMETRIC_REPRESENTATION_CONTEXT ( 3 ) GLOBAL_UNCERTAINTY_ASSIGNED_CONTEXT ( ( #3405 ) ) GLOBAL_UNIT_ASSIGNED_CONTEXT ( ( #2544, #1185, #3428 ) ) REPRESENTATION_CONTEXT ( 'NONE', 'WORKASPACE' ) );
#3227 = UNCERTAINTY_MEASURE_WITH_UNIT (LENGTH_MEASURE( 1.000000000000000082E-05 ), #2032, 'distance_accuracy_value', 'NONE');
#3228 =( NAMED_UNIT ( * ) PLANE_ANGLE_UNIT ( ) SI_UNIT ( $, .RADIAN. ) );
#3229 =( LENGTH_UNIT ( ) NAMED_UNIT ( * ) SI_UNIT ( .MILLI., .METRE. ) );
#3230 = UNCERTAINTY_MEASURE_WITH_UNIT (LENGTH_MEASURE( 1.000000000000000082E-05 ), #2950, 'distance_accuracy_value', 'NONE');
#3231 =( GEOMETRIC_REPRESENTATION_CONTEXT ( 3 ) GLOBAL_UNCERTAINTY_ASSIGNED_CONTEXT ( ( #2018 ) ) GLOBAL_UNIT_ASSIGNED_CONTEXT ( ( #1358, #109, #5545 ) ) REPRESENTATION_CONTEXT ( 'NONE', 'WORKASPACE' ) );
#3232 = ORIENTED_EDGE ( 'NONE', *, *, #4599, .T. ) ;
#3233 = VERTEX_POINT ( 'NONE', #1789 ) ;
#3234 = ORIENTED_EDGE ( 'NONE', *, *, #2868, .T. ) ;
#3235 = CARTESIAN_POINT ( 'NONE',  ( 0.7794618035050293603, -0.6000000000000000888, -2.833519861046362109 ) ) ;
#3236 = PRESENTATION_LAYER_ASSIGNMENT (  '', '', ( #3999 ) ) ;
#3237 = ORIENTED_EDGE ( 'NONE', *, *, #924, .F. ) ;
#3238 = LINE ( 'NONE', #2388, #4219 ) ;
#3239 = VECTOR ( 'NONE', #1237, 1000.000000000000000 ) ;
#3240 = SURFACE_SIDE_STYLE ('',( #1497 ) ) ;
#3241 = EDGE_CURVE ( 'NONE', #1000, #1771, #463, .T. ) ;
#3242 = ORIENTED_EDGE ( 'NONE', *, *, #1410, .T. ) ;
#3243 = STYLED_ITEM ( 'NONE', ( #4039 ), #3942 ) ;
#3244 = CARTESIAN_POINT ( 'NONE',  ( 0.3857966767330511804, -0.5500000000000000444, -2.574999999999999734 ) ) ;
#3245 = LINE ( 'NONE', #667, #2324 ) ;
#3246 = DIRECTION ( 'NONE',  ( -0.4383297880337241881, 0.000000000000000000, -0.8988142171340585129 ) ) ;
#3247 = PLANE ( 'NONE',  #3481 ) ;
#3248 = ADVANCED_FACE ( 'NONE', ( #3614 ), #1819, .T. ) ;
#3249 = PLANE ( 'NONE',  #1415 ) ;
#3250 = CARTESIAN_POINT ( 'NONE',  ( 1.760538196494970675, -0.5500000000000000444, -2.899999999999999911 ) ) ;
#3251 = LINE ( 'NONE', #5446, #2562 ) ;
#3252 = ORIENTED_EDGE ( 'NONE', *, *, #456, .F. ) ;
#3253 = UNCERTAINTY_MEASURE_WITH_UNIT (LENGTH_MEASURE( 1.000000000000000082E-05 ), #4428, 'distance_accuracy_value', 'NONE');
#3254 = LINE ( 'NONE', #3644, #5177 ) ;
#3255 = CARTESIAN_POINT ( 'NONE',  ( -0.7794618035050293603, -0.6000000000000000888, 0.000000000000000000 ) ) ;
#3256 = ORIENTED_EDGE ( 'NONE', *, *, #2040, .F. ) ;
#3257 = ORIENTED_EDGE ( 'NONE', *, *, #4790, .T. ) ;
#3258 = CARTESIAN_POINT ( 'NONE',  ( -0.7200521629136938939, -0.6000000000000000888, -0.3511518909319935600 ) ) ;
#3259 = SURFACE_STYLE_FILL_AREA ( #2781 ) ;
#3260 = ORIENTED_EDGE ( 'NONE', *, *, #3180, .F. ) ;
#3261 = ORIENTED_EDGE ( 'NONE', *, *, #1667, .F. ) ;
#3262 = CARTESIAN_POINT ( 'NONE',  ( -2.434999999999999609, -0.6000000000000000888, 1.087516676981414410 ) ) ;
#3263 = LINE ( 'NONE', #2851, #1507 ) ;
#3264 = LINE ( 'NONE', #5406, #4622 ) ;
#3265 = FILL_AREA_STYLE_COLOUR ( '', #1432 ) ;
#3266 = EDGE_CURVE ( 'NONE', #2905, #5033, #3200, .T. ) ;
#3267 =( NAMED_UNIT ( * ) PLANE_ANGLE_UNIT ( ) SI_UNIT ( $, .RADIAN. ) );
#3268 =( LENGTH_UNIT ( ) NAMED_UNIT ( * ) SI_UNIT ( .MILLI., .METRE. ) );
#3269 = FILL_AREA_STYLE_COLOUR ( '', #1147 ) ;
#3270 =( GEOMETRIC_REPRESENTATION_CONTEXT ( 3 ) GLOBAL_UNCERTAINTY_ASSIGNED_CONTEXT ( ( #830 ) ) GLOBAL_UNIT_ASSIGNED_CONTEXT ( ( #2808, #4051, #1444 ) ) REPRESENTATION_CONTEXT ( 'NONE', 'WORKASPACE' ) );
#3271 = FILL_AREA_STYLE_COLOUR ( '', #2787 ) ;
#3272 = ADVANCED_FACE ( 'NONE', ( #2745 ), #5485, .T. ) ;
#3273 = EDGE_CURVE ( 'NONE', #4007, #3840, #3254, .T. ) ;
#3274 = SURFACE_SIDE_STYLE ('',( #4646 ) ) ;
#3275 = FACE_OUTER_BOUND ( 'NONE', #717, .T. ) ;
#3276 = CARTESIAN_POINT ( 'NONE',  ( -1.566666666666672425, 1.483333333333336057, -1.866666666666672247 ) ) ;
#3277 =( GEOMETRIC_REPRESENTATION_CONTEXT ( 3 ) GLOBAL_UNCERTAINTY_ASSIGNED_CONTEXT ( ( #2771 ) ) GLOBAL_UNIT_ASSIGNED_CONTEXT ( ( #5163, #2089, #4207 ) ) REPRESENTATION_CONTEXT ( 'NONE', 'WORKASPACE' ) );
#3278 = VERTEX_POINT ( 'NONE', #2370 ) ;
#3279 = AXIS2_PLACEMENT_3D ( 'NONE', #4909, #1750, #1406 ) ;
#3280 = VECTOR ( 'NONE', #4115, 1000.000000000000000 ) ;
#3281 = UNCERTAINTY_MEASURE_WITH_UNIT (LENGTH_MEASURE( 1.000000000000000082E-05 ), #475, 'distance_accuracy_value', 'NONE');
#3282 =( NAMED_UNIT ( * ) PLANE_ANGLE_UNIT ( ) SI_UNIT ( $, .RADIAN. ) );
#3283 = PRESENTATION_STYLE_ASSIGNMENT (( #5006 ) ) ;
#3284 = STYLED_ITEM ( 'NONE', ( #2938 ), #1039 ) ;
#3285 = ORIENTED_EDGE ( 'NONE', *, *, #887, .F. ) ;
#3286 = AXIS2_PLACEMENT_3D ( 'NONE', #3994, #5282, #1374 ) ;
#3287 = ORIENTED_EDGE ( 'NONE', *, *, #4530, .T. ) ;
#3288 = ORIENTED_EDGE ( 'NONE', *, *, #5452, .T. ) ;
#3289 = DIRECTION ( 'NONE',  ( 1.000000000000000000, 0.000000000000000000, 0.000000000000000000 ) ) ;
#3290 = ORIENTED_EDGE ( 'NONE', *, *, #3902, .T. ) ;
#3291 = CARTESIAN_POINT ( 'NONE',  ( 2.600000000000000089, 0.5500000000000000444, -2.899999999999999911 ) ) ;
#3292 = ORIENTED_EDGE ( 'NONE', *, *, #4886, .F. ) ;
#3293 = ORIENTED_EDGE ( 'NONE', *, *, #1020, .F. ) ;
#3294 = AXIS2_PLACEMENT_3D ( 'NONE', #2966, #2934, #5159 ) ;
#3295 = FILL_AREA_STYLE_COLOUR ( '', #705 ) ;
#3296 = FILL_AREA_STYLE ('',( #2029 ) ) ;
#3297 = ORIENTED_EDGE ( 'NONE', *, *, #681, .T. ) ;
#3298 =( NAMED_UNIT ( * ) PLANE_ANGLE_UNIT ( ) SI_UNIT ( $, .RADIAN. ) );
#3299 = SURFACE_STYLE_USAGE ( .BOTH. , #3728 ) ;
#3300 = ADVANCED_FACE ( 'NONE', ( #4193 ), #2314, .T. ) ;
#3301 = SURFACE_STYLE_FILL_AREA ( #1559 ) ;
#3302 = LINE ( 'NONE', #4613, #4644 ) ;
#3303 =( NAMED_UNIT ( * ) SI_UNIT ( $, .STERADIAN. ) SOLID_ANGLE_UNIT ( ) );
#3304 = CARTESIAN_POINT ( 'NONE',  ( -2.185796676733050781, -0.6000000000000000888, 0.8769784804864434458 ) ) ;
#3305 = DIRECTION ( 'NONE',  ( -0.000000000000000000, 0.000000000000000000, -1.000000000000000000 ) ) ;
#3306 = DIRECTION ( 'NONE',  ( -0.4383297880337241881, 0.000000000000000000, -0.8988142171340585129 ) ) ;
#3307 = ORIENTED_EDGE ( 'NONE', *, *, #2804, .T. ) ;
#3308 = EDGE_CURVE ( 'NONE', #5242, #4084, #1873, .T. ) ;
#3309 = DIRECTION ( 'NONE',  ( 1.000000000000000000, 0.000000000000000000, 0.000000000000000000 ) ) ;
#3310 = CARTESIAN_POINT ( 'NONE',  ( 2.085796676733050248, -0.5500000000000000444, -2.506040755987019697 ) ) ;
#3311 = PRESENTATION_LAYER_ASSIGNMENT (  '', '', ( #167 ) ) ;
#3312 = ORIENTED_EDGE ( 'NONE', *, *, #3682, .T. ) ;
#3313 = ORIENTED_EDGE ( 'NONE', *, *, #5207, .F. ) ;
#3314 = EDGE_CURVE ( 'NONE', #3441, #2020, #5449, .T. ) ;
#3315 = EDGE_LOOP ( 'NONE', ( #592, #1079, #2994, #1829 ) ) ;
#3316 = VERTEX_POINT ( 'NONE', #1161 ) ;
#3317 = DIRECTION ( 'NONE',  ( 0.000000000000000000, 0.000000000000000000, 1.000000000000000000 ) ) ;
#3318 = DIRECTION ( 'NONE',  ( -0.000000000000000000, 1.000000000000000000, -0.000000000000000000 ) ) ;
#3319 = ORIENTED_EDGE ( 'NONE', *, *, #2209, .F. ) ;
#3320 = VECTOR ( 'NONE', #2184, 1000.000000000000000 ) ;
#3321 = EDGE_LOOP ( 'NONE', ( #2496, #4545, #4961, #3857 ) ) ;
#3322 = CARTESIAN_POINT ( 'NONE',  ( 7.960506961166227861E-17, 0.5000000000000000000, -2.343627668065106917 ) ) ;
#3323 = MECHANICAL_DESIGN_GEOMETRIC_PRESENTATION_REPRESENTATION (  '', ( #3823 ), #2611 ) ;
#3324 = ADVANCED_FACE ( 'NONE', ( #3883 ), #374, .F. ) ;
#3325 = ORIENTED_EDGE ( 'NONE', *, *, #756, .F. ) ;
#3326 = PLANE ( 'NONE',  #136 ) ;
#3327 = ORIENTED_EDGE ( 'NONE', *, *, #4362, .F. ) ;
#3328 = CARTESIAN_POINT ( 'NONE',  ( 2.434999999999999609, -0.6000000000000000888, 0.9375166769814144985 ) ) ;
#3329 = PRESENTATION_LAYER_ASSIGNMENT (  '', '', ( #355 ) ) ;
#3330 = CARTESIAN_POINT ( 'NONE',  ( -0.4905381964949708795, -0.6000000000000000888, 3.074999999999999734 ) ) ;
#3331 = CIRCLE ( 'NONE', #1341, 0.09999999999999993616 ) ;
#3332 = ORIENTED_EDGE ( 'NONE', *, *, #4081, .F. ) ;
#3333 = VECTOR ( 'NONE', #2795, 1000.000000000000000 ) ;
#3334 = LINE ( 'NONE', #5139, #4252 ) ;
#3335 = AXIS2_PLACEMENT_3D ( 'NONE', #3437, #2524, #793 ) ;
#3336 = SURFACE_STYLE_USAGE ( .BOTH. , #1586 ) ;
#3337 =( NAMED_UNIT ( * ) SI_UNIT ( $, .STERADIAN. ) SOLID_ANGLE_UNIT ( ) );
#3338 = PRESENTATION_STYLE_ASSIGNMENT (( #2546 ) ) ;
#3340 =( NAMED_UNIT ( * ) SI_UNIT ( $, .STERADIAN. ) SOLID_ANGLE_UNIT ( ) );
#3339 = MECHANICAL_DESIGN_GEOMETRIC_PRESENTATION_REPRESENTATION (  '', ( #3082 ), #620 ) ;
#3341 = EDGE_LOOP ( 'NONE', ( #744, #108, #4096, #3285 ) ) ;
#3342 = FILL_AREA_STYLE ('',( #1644 ) ) ;
#3343 = CARTESIAN_POINT ( 'NONE',  ( -2.049461803505029156, -0.3460000000000000853, -3.074999999999999734 ) ) ;
#3344 = LINE ( 'NONE', #3404, #2526 ) ;
#3345 = ADVANCED_FACE ( 'NONE', ( #3912 ), #2014, .F. ) ;
#3346 = UNCERTAINTY_MEASURE_WITH_UNIT (LENGTH_MEASURE( 1.000000000000000082E-05 ), #4539, 'distance_accuracy_value', 'NONE');
#3347 = ORIENTED_EDGE ( 'NONE', *, *, #2457, .T. ) ;
#3348 = ORIENTED_EDGE ( 'NONE', *, *, #2629, .F. ) ;
#3349 = DIRECTION ( 'NONE',  ( -0.000000000000000000, -1.000000000000000000, -0.000000000000000000 ) ) ;
#3350 = CARTESIAN_POINT ( 'NONE',  ( 2.434999999999999609, -0.5500000000000000444, 0.9375166769814144985 ) ) ;
#3351 = PRODUCT_DEFINITION_SHAPE ( 'NONE', 'NONE',  #1388 ) ;
#3352 = DIRECTION ( 'NONE',  ( -0.000000000000000000, 0.000000000000000000, -1.000000000000000000 ) ) ;
#3353 = ORIENTED_EDGE ( 'NONE', *, *, #5268, .T. ) ;
#3354 = EDGE_CURVE ( 'NONE', #5652, #118, #1242, .T. ) ;
#3355 = EDGE_CURVE ( 'NONE', #2589, #4576, #4741, .T. ) ;
#3356 = CARTESIAN_POINT ( 'NONE',  ( 2.109999999999999876, -0.6000000000000000888, -2.709383666850159411 ) ) ;
#3357 = ORIENTED_EDGE ( 'NONE', *, *, #5355, .F. ) ;
#3358 = CARTESIAN_POINT ( 'NONE',  ( -2.085796676733050248, -0.6000000000000000888, 0.000000000000000000 ) ) ;
#3359 = SURFACE_STYLE_USAGE ( .BOTH. , #4637 ) ;
#3360 = VECTOR ( 'NONE', #5322, 1000.000000000000114 ) ;
#3361 = FILL_AREA_STYLE_COLOUR ( '', #3946 ) ;
#3362 = ORIENTED_EDGE ( 'NONE', *, *, #2869, .F. ) ;
#3363 = LINE ( 'NONE', #4294, #3165 ) ;
#3364 = FILL_AREA_STYLE_COLOUR ( '', #4808 ) ;
#3365 = CARTESIAN_POINT ( 'NONE',  ( 0.7794618035050293603, -0.6000000000000000888, 0.000000000000000000 ) ) ;
#3366 =( NAMED_UNIT ( * ) PLANE_ANGLE_UNIT ( ) SI_UNIT ( $, .RADIAN. ) );
#3367 = DIRECTION ( 'NONE',  ( 0.000000000000000000, 0.000000000000000000, -1.000000000000000000 ) ) ;
#3368 = CARTESIAN_POINT ( 'NONE',  ( 2.600000000000000089, -0.3460000000000000853, 0.9375166769814144985 ) ) ;
#3369 = UNCERTAINTY_MEASURE_WITH_UNIT (LENGTH_MEASURE( 1.000000000000000082E-05 ), #2153, 'distance_accuracy_value', 'NONE');
#3370 = ORIENTED_EDGE ( 'NONE', *, *, #5021, .T. ) ;
#3371 = SURFACE_STYLE_FILL_AREA ( #4684 ) ;
#3372 = STYLED_ITEM ( 'NONE', ( #644 ), #129 ) ;
#3373 = FACE_OUTER_BOUND ( 'NONE', #1316, .T. ) ;
#3374 = STYLED_ITEM ( 'NONE', ( #4011 ), #4782 ) ;
#3375 =( GEOMETRIC_REPRESENTATION_CONTEXT ( 3 ) GLOBAL_UNCERTAINTY_ASSIGNED_CONTEXT ( ( #4755 ) ) GLOBAL_UNIT_ASSIGNED_CONTEXT ( ( #3943, #3493, #1328 ) ) REPRESENTATION_CONTEXT ( 'NONE', 'WORKASPACE' ) );
#3376 = ORIENTED_EDGE ( 'NONE', *, *, #3872, .F. ) ;
#3377 = VECTOR ( 'NONE', #4983, 1000.000000000000000 ) ;
#3378 = ORIENTED_EDGE ( 'NONE', *, *, #584, .T. ) ;
#3379 = ORIENTED_EDGE ( 'NONE', *, *, #2123, .T. ) ;
#3380 = EDGE_CURVE ( 'NONE', #124, #3104, #766, .T. ) ;
#3381 = FILL_AREA_STYLE ('',( #3833 ) ) ;
#3382 =( GEOMETRIC_REPRESENTATION_CONTEXT ( 3 ) GLOBAL_UNCERTAINTY_ASSIGNED_CONTEXT ( ( #2806 ) ) GLOBAL_UNIT_ASSIGNED_CONTEXT ( ( #3787, #2914, #754 ) ) REPRESENTATION_CONTEXT ( 'NONE', 'WORKASPACE' ) );
#3383 = DIRECTION ( 'NONE',  ( 1.000000000000000000, -0.000000000000000000, -0.000000000000000000 ) ) ;
#3384 = DIRECTION ( 'NONE',  ( -0.000000000000000000, 1.000000000000000000, -0.000000000000000000 ) ) ;
#3385 = ORIENTED_EDGE ( 'NONE', *, *, #2718, .T. ) ;
#3386 = FILL_AREA_STYLE_COLOUR ( '', #2561 ) ;
#3387 =( GEOMETRIC_REPRESENTATION_CONTEXT ( 3 ) GLOBAL_UNCERTAINTY_ASSIGNED_CONTEXT ( ( #646 ) ) GLOBAL_UNIT_ASSIGNED_CONTEXT ( ( #3590, #5225, #3061 ) ) REPRESENTATION_CONTEXT ( 'NONE', 'WORKASPACE' ) );
#3388 = VERTEX_POINT ( 'NONE', #848 ) ;
#3389 = EDGE_CURVE ( 'NONE', #3233, #5364, #2579, .T. ) ;
#3390 = PLANE ( 'NONE',  #671 ) ;
#3391 = CIRCLE ( 'NONE', #944, 0.09999999999999993616 ) ;
#3392 = PLANE ( 'NONE',  #820 ) ;
#3393 = CARTESIAN_POINT ( 'NONE',  ( 0.8400000000000000799, -0.5500000000000000444, -2.574999999999999289 ) ) ;
#3394 = ORIENTED_EDGE ( 'NONE', *, *, #2303, .F. ) ;
#3395 = CARTESIAN_POINT ( 'NONE',  ( -1.760538196494970675, -0.5500000000000000444, -2.833519861046362109 ) ) ;
#3396 = PLANE ( 'NONE',  #935 ) ;
#3397 = DIRECTION ( 'NONE',  ( 0.000000000000000000, 0.000000000000000000, 1.000000000000000000 ) ) ;
#3398 = EDGE_CURVE ( 'NONE', #5330, #2849, #4333, .T. ) ;
#3399 =( LENGTH_UNIT ( ) NAMED_UNIT ( * ) SI_UNIT ( .MILLI., .METRE. ) );
#3400 = LINE ( 'NONE', #372, #4408 ) ;
#3401 = EDGE_CURVE ( 'NONE', #1872, #5188, #532, .T. ) ;
#3402 = SURFACE_SIDE_STYLE ('',( #3017 ) ) ;
#3403 = DIRECTION ( 'NONE',  ( 0.000000000000000000, 0.000000000000000000, 1.000000000000000000 ) ) ;
#3404 = CARTESIAN_POINT ( 'NONE',  ( 8.095025303506697524E-15, -0.5500000000000000444, 0.8769784804864635408 ) ) ;
#3405 = UNCERTAINTY_MEASURE_WITH_UNIT (LENGTH_MEASURE( 1.000000000000000082E-05 ), #2544, 'distance_accuracy_value', 'NONE');
#3406 = VERTEX_POINT ( 'NONE', #2655 ) ;
#3407 = ORIENTED_EDGE ( 'NONE', *, *, #5160, .F. ) ;
#3408 = COLOUR_RGB ( '',1.000000000000000000, 1.000000000000000000, 1.000000000000000000 ) ;
#3409 = DIRECTION ( 'NONE',  ( -0.000000000000000000, 0.000000000000000000, -1.000000000000000000 ) ) ;
#3410 = LINE ( 'NONE', #4691, #3925 ) ;
#3411 = CARTESIAN_POINT ( 'NONE',  ( 2.435000000000000053, -0.5500000000000000444, 1.087516676981414632 ) ) ;
#3412 = FILL_AREA_STYLE_COLOUR ( '', #2836 ) ;
#3413 = DIRECTION ( 'NONE',  ( 0.4383297880337241881, 0.000000000000000000, 0.8988142171340585129 ) ) ;
#3414 =( NAMED_UNIT ( * ) SI_UNIT ( $, .STERADIAN. ) SOLID_ANGLE_UNIT ( ) );
#3415 = STYLED_ITEM ( 'NONE', ( #2162 ), #3425 ) ;
#3416 = ORIENTED_EDGE ( 'NONE', *, *, #2078, .T. ) ;
#3417 = EDGE_LOOP ( 'NONE', ( #3811, #3050, #1330, #2499, #4317, #1277, #2961, #3612, #4347, #3020, #4901, #4283, #4572, #1452, #2842, #2792, #5587, #4367, #2750, #3198, #1758, #276, #4475, #5250, #3779, #5183, #3186, #4144, #330, #5400, #5219, #4951, #2908, #2401, #4111, #2090, #3691, #2720, #3159, #3055, #3652, #745, #2528, #5304, #1387, #496, #3962, #380, #5073, #2899, #3319, #5578 ) ) ;
#3418 = CARTESIAN_POINT ( 'NONE',  ( 2.109999999999999876, -0.5500000000000000444, 2.414999999999999591 ) ) ;
#3419 = VECTOR ( 'NONE', #5435, 1000.000000000000000 ) ;
#3420 = PRESENTATION_STYLE_ASSIGNMENT (( #5558 ) ) ;
#3421 = ORIENTED_EDGE ( 'NONE', *, *, #159, .T. ) ;
#3422 = FACE_OUTER_BOUND ( 'NONE', #5238, .T. ) ;
#3423 = LINE ( 'NONE', #5198, #1213 ) ;
#3424 = FILL_AREA_STYLE_COLOUR ( '', #1558 ) ;
#3425 = ADVANCED_FACE ( 'NONE', ( #3518 ), #3143, .F. ) ;
#3426 =( LENGTH_UNIT ( ) NAMED_UNIT ( * ) SI_UNIT ( .MILLI., .METRE. ) );
#3427 = MECHANICAL_DESIGN_GEOMETRIC_PRESENTATION_REPRESENTATION (  '', ( #976 ), #263 ) ;
#3428 =( NAMED_UNIT ( * ) SI_UNIT ( $, .STERADIAN. ) SOLID_ANGLE_UNIT ( ) );
#3429 = AXIS2_PLACEMENT_3D ( 'NONE', #4079, #2423, #3553 ) ;
#3430 = SURFACE_STYLE_FILL_AREA ( #4213 ) ;
#3431 = SURFACE_STYLE_FILL_AREA ( #5116 ) ;
#3432 =( LENGTH_UNIT ( ) NAMED_UNIT ( * ) SI_UNIT ( .MILLI., .METRE. ) );
#3433 = CARTESIAN_POINT ( 'NONE',  ( 0.4300000000000002709, -0.6000000000000000888, 0.000000000000000000 ) ) ;
#3434 = VECTOR ( 'NONE', #5280, 1000.000000000000000 ) ;
#3435 = STYLED_ITEM ( 'NONE', ( #4016 ), #2443 ) ;
#3436 = VECTOR ( 'NONE', #1959, 1000.000000000000000 ) ;
#3437 = CARTESIAN_POINT ( 'NONE',  ( 1.700000000000000178, -0.6000000000000000888, 0.000000000000000000 ) ) ;
#3438 = STYLED_ITEM ( 'NONE', ( #5494 ), #2911 ) ;
#3439 = COLOUR_RGB ( '',0.2509803921568627416, 0.2509803921568627416, 0.2509803921568627416 ) ;
#3440 = ORIENTED_EDGE ( 'NONE', *, *, #3588, .F. ) ;
#3441 = VERTEX_POINT ( 'NONE', #4883 ) ;
#3442 = PRESENTATION_STYLE_ASSIGNMENT (( #354 ) ) ;
#3443 = CARTESIAN_POINT ( 'NONE',  ( 0.000000000000000000, -0.6000000000000000888, 0.000000000000000000 ) ) ;
#3444 = DIRECTION ( 'NONE',  ( 0.000000000000000000, -1.000000000000000000, 0.000000000000000000 ) ) ;
#3445 = DIRECTION ( 'NONE',  ( -0.000000000000000000, 0.000000000000000000, 1.000000000000000000 ) ) ;
#3446 = DIRECTION ( 'NONE',  ( -0.4504141435961350193, 0.000000000000000000, -0.8928197462246006966 ) ) ;
#3447 = SURFACE_STYLE_FILL_AREA ( #3530 ) ;
#3448 = VERTEX_POINT ( 'NONE', #3940 ) ;
#3449 = ORIENTED_EDGE ( 'NONE', *, *, #2629, .T. ) ;
#3450 = SURFACE_STYLE_USAGE ( .BOTH. , #2263 ) ;
#3451 = MECHANICAL_DESIGN_GEOMETRIC_PRESENTATION_REPRESENTATION (  '', ( #4752 ), #462 ) ;
#3452 =( LENGTH_UNIT ( ) NAMED_UNIT ( * ) SI_UNIT ( .MILLI., .METRE. ) );
#3453 = UNCERTAINTY_MEASURE_WITH_UNIT (LENGTH_MEASURE( 1.000000000000000082E-05 ), #1250, 'distance_accuracy_value', 'NONE');
#3454 = ORIENTED_EDGE ( 'NONE', *, *, #484, .F. ) ;
#3455 = DIRECTION ( 'NONE',  ( 1.000000000000000000, 0.000000000000000000, 0.000000000000000000 ) ) ;
#3456 = SURFACE_STYLE_USAGE ( .BOTH. , #3009 ) ;
#3457 = VECTOR ( 'NONE', #3383, 1000.000000000000000 ) ;
#3458 = CARTESIAN_POINT ( 'NONE',  ( 0.000000000000000000, -0.5500000000000000444, 0.000000000000000000 ) ) ;
#3459 = EDGE_CURVE ( 'NONE', #4260, #775, #3585, .T. ) ;
#3460 = CARTESIAN_POINT ( 'NONE',  ( -0.7794618035050293603, -0.6000000000000000888, -3.074999999999999734 ) ) ;
#3461 = DIRECTION ( 'NONE',  ( 0.000000000000000000, 0.000000000000000000, -1.000000000000000000 ) ) ;
#3462 = FILL_AREA_STYLE_COLOUR ( '', #4339 ) ;
#3463 = EDGE_CURVE ( 'NONE', #2905, #4007, #956, .T. ) ;
#3464 = VERTEX_POINT ( 'NONE', #4019 ) ;
#3465 = ORIENTED_EDGE ( 'NONE', *, *, #3048, .F. ) ;
#3466 = EDGE_CURVE ( 'NONE', #4286, #3278, #2684, .T. ) ;
#3467 =( NAMED_UNIT ( * ) PLANE_ANGLE_UNIT ( ) SI_UNIT ( $, .RADIAN. ) );
#3468 =( LENGTH_UNIT ( ) NAMED_UNIT ( * ) SI_UNIT ( .MILLI., .METRE. ) );
#3469 = COLOUR_RGB ( '',1.000000000000000000, 1.000000000000000000, 1.000000000000000000 ) ;
#3470 = CARTESIAN_POINT ( 'NONE',  ( -0.8400000000000000799, -0.6000000000000000888, 0.000000000000000000 ) ) ;
#3471 = CARTESIAN_POINT ( 'NONE',  ( 1.760538196494970675, -0.6000000000000000888, -3.074999999999999734 ) ) ;
#3472 = PRESENTATION_LAYER_ASSIGNMENT (  '', '', ( #2737 ) ) ;
#3473 = EDGE_LOOP ( 'NONE', ( #230, #3988, #826, #3297 ) ) ;
#3474 = VECTOR ( 'NONE', #743, 1000.000000000000000 ) ;
#3475 = STYLED_ITEM ( 'NONE', ( #5001 ), #1757 ) ;
#3476 = SURFACE_STYLE_USAGE ( .BOTH. , #3535 ) ;
#3477 = PRESENTATION_LAYER_ASSIGNMENT (  '', '', ( #4677 ) ) ;
#3478 = CARTESIAN_POINT ( 'NONE',  ( 0.000000000000000000, 0.5000000000000000000, -1.693602945287188799 ) ) ;
#3479 = ORIENTED_EDGE ( 'NONE', *, *, #1136, .F. ) ;
#3480 = VECTOR ( 'NONE', #969, 1000.000000000000000 ) ;
#3481 = AXIS2_PLACEMENT_3D ( 'NONE', #1090, #4609, #696 ) ;
#3482 = CARTESIAN_POINT ( 'NONE',  ( -0.3059389231776404316, -0.6000000000000000888, -0.1491989565711548393 ) ) ;
#3483 = CARTESIAN_POINT ( 'NONE',  ( -0.3857966767330511804, -0.5500000000000000444, 0.000000000000000000 ) ) ;
#3484 = DIRECTION ( 'NONE',  ( -0.9018648657203757191, 0.000000000000000000, -0.4320182449609837882 ) ) ;
#3485 = STYLED_ITEM ( 'NONE', ( #4881 ), #5350 ) ;
#3486 =( NAMED_UNIT ( * ) SI_UNIT ( $, .STERADIAN. ) SOLID_ANGLE_UNIT ( ) );
#3487 = LINE ( 'NONE', #3579, #3434 ) ;
#3488 = SURFACE_STYLE_USAGE ( .BOTH. , #101 ) ;
#3489 = CARTESIAN_POINT ( 'NONE',  ( 2.500000000000000444, 0.5500000000000000444, 0.000000000000000000 ) ) ;
#3490 = ORIENTED_EDGE ( 'NONE', *, *, #2862, .F. ) ;
#3491 = CARTESIAN_POINT ( 'NONE',  ( 0.4300000000000002709, -0.6000000000000000888, 0.000000000000000000 ) ) ;
#3492 =( LENGTH_UNIT ( ) NAMED_UNIT ( * ) SI_UNIT ( .MILLI., .METRE. ) );
#3493 =( NAMED_UNIT ( * ) PLANE_ANGLE_UNIT ( ) SI_UNIT ( $, .RADIAN. ) );
#3494 = EDGE_CURVE ( 'NONE', #4332, #299, #5287, .T. ) ;
#3495 = ORIENTED_EDGE ( 'NONE', *, *, #4923, .F. ) ;
#3496 = SURFACE_STYLE_USAGE ( .BOTH. , #1416 ) ;
#3497 = LINE ( 'NONE', #3021, #3360 ) ;
#3498 = CARTESIAN_POINT ( 'NONE',  ( -0.8400000000000000799, -0.5500000000000000444, 2.414999999999999591 ) ) ;
#3499 = CARTESIAN_POINT ( 'NONE',  ( -1.700000000000000178, -0.5500000000000000444, 0.000000000000000000 ) ) ;
#3500 = CARTESIAN_POINT ( 'NONE',  ( -0.1169838305759771518, -0.6000000000000000888, -0.2318876425445398626 ) ) ;
#3501 = SURFACE_SIDE_STYLE ('',( #3447 ) ) ;
#3502 = UNCERTAINTY_MEASURE_WITH_UNIT (LENGTH_MEASURE( 1.000000000000000082E-05 ), #3426, 'distance_accuracy_value', 'NONE');
#3503 = ADVANCED_FACE ( 'NONE', ( #5235 ), #46, .F. ) ;
#3504 = ORIENTED_EDGE ( 'NONE', *, *, #5021, .F. ) ;
#3505 = PRESENTATION_STYLE_ASSIGNMENT (( #914 ) ) ;
#3506 = PRESENTATION_STYLE_ASSIGNMENT (( #1344 ) ) ;
#3508 = ORIENTED_EDGE ( 'NONE', *, *, #4452, .F. ) ;
#3507 = AXIS2_PLACEMENT_3D ( 'NONE', #3491, #4156, #589 ) ;
#3509 = LINE ( 'NONE', #3658, #2045 ) ;
#3510 = SURFACE_SIDE_STYLE ('',( #1748 ) ) ;
#3511 =( NAMED_UNIT ( * ) SI_UNIT ( $, .STERADIAN. ) SOLID_ANGLE_UNIT ( ) );
#3512 = DIRECTION ( 'NONE',  ( 0.000000000000000000, 0.000000000000000000, 1.000000000000000000 ) ) ;
#3513 =( NAMED_UNIT ( * ) PLANE_ANGLE_UNIT ( ) SI_UNIT ( $, .RADIAN. ) );
#3514 = LINE ( 'NONE', #5349, #659 ) ;
#3515 =( GEOMETRIC_REPRESENTATION_CONTEXT ( 3 ) GLOBAL_UNCERTAINTY_ASSIGNED_CONTEXT ( ( #5574 ) ) GLOBAL_UNIT_ASSIGNED_CONTEXT ( ( #1676, #4341, #4748 ) ) REPRESENTATION_CONTEXT ( 'NONE', 'WORKASPACE' ) );
#3516 = ORIENTED_EDGE ( 'NONE', *, *, #2558, .F. ) ;
#3517 = VECTOR ( 'NONE', #1110, 1000.000000000000000 ) ;
#3518 = FACE_OUTER_BOUND ( 'NONE', #3836, .T. ) ;
#3519 = AXIS2_PLACEMENT_3D ( 'NONE', #3365, #5141, #3880 ) ;
#3520 = VECTOR ( 'NONE', #2317, 1000.000000000000000 ) ;
#3521 = VECTOR ( 'NONE', #4569, 1000.000000000000000 ) ;
#3522 = SURFACE_STYLE_FILL_AREA ( #4425 ) ;
#3523 =( NAMED_UNIT ( * ) SI_UNIT ( $, .STERADIAN. ) SOLID_ANGLE_UNIT ( ) );
#3524 = DIRECTION ( 'NONE',  ( 0.000000000000000000, 0.000000000000000000, -1.000000000000000000 ) ) ;
#3525 = EDGE_CURVE ( 'NONE', #1058, #4464, #1012, .T. ) ;
#3526 = LINE ( 'NONE', #3152, #2328 ) ;
#3527 = PRESENTATION_STYLE_ASSIGNMENT (( #3079 ) ) ;
#3528 = AXIS2_PLACEMENT_3D ( 'NONE', #2103, #1596, #3828 ) ;
#3529 = FACE_OUTER_BOUND ( 'NONE', #4526, .T. ) ;
#3530 = FILL_AREA_STYLE ('',( #3951 ) ) ;
#3531 = ORIENTED_EDGE ( 'NONE', *, *, #683, .F. ) ;
#3532 = ORIENTED_EDGE ( 'NONE', *, *, #2725, .T. ) ;
#3533 = ORIENTED_EDGE ( 'NONE', *, *, #151, .F. ) ;
#3534 = SURFACE_STYLE_FILL_AREA ( #1423 ) ;
#3535 = SURFACE_SIDE_STYLE ('',( #1773 ) ) ;
#3536 = EDGE_CURVE ( 'NONE', #3777, #2354, #184, .T. ) ;
#3537 = SURFACE_SIDE_STYLE ('',( #5337 ) ) ;
#3538 = ORIENTED_EDGE ( 'NONE', *, *, #1598, .F. ) ;
#3539 = DIRECTION ( 'NONE',  ( 0.000000000000000000, 0.000000000000000000, 1.000000000000000000 ) ) ;
#3540 =( NAMED_UNIT ( * ) SI_UNIT ( $, .STERADIAN. ) SOLID_ANGLE_UNIT ( ) );
#3541 = FILL_AREA_STYLE_COLOUR ( '', #4618 ) ;
#3542 = LINE ( 'NONE', #5309, #2517 ) ;
#3543 = FILL_AREA_STYLE ('',( #2216 ) ) ;
#3544 = CARTESIAN_POINT ( 'NONE',  ( 0.000000000000000000, -0.3460000000000000853, 0.000000000000000000 ) ) ;
#3545 =( LENGTH_UNIT ( ) NAMED_UNIT ( * ) SI_UNIT ( .MILLI., .METRE. ) );
#3546 = MECHANICAL_DESIGN_GEOMETRIC_PRESENTATION_REPRESENTATION (  '', ( #2811 ), #1610 ) ;
#3547 = PRESENTATION_STYLE_ASSIGNMENT (( #1786 ) ) ;
#3548 = DIRECTION ( 'NONE',  ( 0.000000000000000000, -0.000000000000000000, -1.000000000000000000 ) ) ;
#3549 = ORIENTED_EDGE ( 'NONE', *, *, #542, .T. ) ;
#3550 = ORIENTED_EDGE ( 'NONE', *, *, #1499, .F. ) ;
#3551 = DIRECTION ( 'NONE',  ( -1.000000000000000000, 0.000000000000000000, 0.000000000000000000 ) ) ;
#3552 = DIRECTION ( 'NONE',  ( 0.000000000000000000, 0.000000000000000000, 1.000000000000000000 ) ) ;
#3553 = DIRECTION ( 'NONE',  ( 0.000000000000000000, 0.000000000000000000, -1.000000000000000000 ) ) ;
#3554 = CARTESIAN_POINT ( 'NONE',  ( -1.700000000000000178, -0.6000000000000000888, -2.709383666850158967 ) ) ;
#3555 = CARTESIAN_POINT ( 'NONE',  ( -2.085796676733050248, -0.6000000000000000888, -2.506040755987019697 ) ) ;
#3556 = DIRECTION ( 'NONE',  ( 1.000000000000000000, 0.000000000000000000, 0.000000000000000000 ) ) ;
#3557 = EDGE_CURVE ( 'NONE', #201, #1241, #4532, .T. ) ;
#3558 = ORIENTED_EDGE ( 'NONE', *, *, #2786, .F. ) ;
#3559 = ORIENTED_EDGE ( 'NONE', *, *, #3180, .T. ) ;
#3560 = ORIENTED_EDGE ( 'NONE', *, *, #707, .T. ) ;
#3561 = SURFACE_SIDE_STYLE ('',( #2670 ) ) ;
#3562 = AXIS2_PLACEMENT_3D ( 'NONE', #2164, #5354, #3548 ) ;
#3563 = PRESENTATION_STYLE_ASSIGNMENT (( #4839 ) ) ;
#3564 = COLOUR_RGB ( '',1.000000000000000000, 1.000000000000000000, 1.000000000000000000 ) ;
#3565 =( NAMED_UNIT ( * ) SI_UNIT ( $, .STERADIAN. ) SOLID_ANGLE_UNIT ( ) );
#3566 = VERTEX_POINT ( 'NONE', #1064 ) ;
#3567 = CARTESIAN_POINT ( 'NONE',  ( 0.8400000000000000799, -0.6000000000000000888, 0.000000000000000000 ) ) ;
#3568 = CIRCLE ( 'NONE', #3853, 0.6500247227779178960 ) ;
#3569 = LINE ( 'NONE', #5340, #1379 ) ;
#3570 = VECTOR ( 'NONE', #773, 1000.000000000000000 ) ;
#3571 = FILL_AREA_STYLE ('',( #2357 ) ) ;
#3572 = ADVANCED_FACE ( 'NONE', ( #1893 ), #3249, .F. ) ;
#3573 = PRESENTATION_LAYER_ASSIGNMENT (  '', '', ( #5328 ) ) ;
#3574 = VECTOR ( 'NONE', #3977, 1000.000000000000000 ) ;
#3575 = DIRECTION ( 'NONE',  ( -0.9435696388776589894, 0.000000000000000000, -0.3311741786255147368 ) ) ;
#3576 = PRESENTATION_LAYER_ASSIGNMENT (  '', '', ( #4500 ) ) ;
#3577 = ORIENTED_EDGE ( 'NONE', *, *, #459, .T. ) ;
#3578 =( GEOMETRIC_REPRESENTATION_CONTEXT ( 3 ) GLOBAL_UNCERTAINTY_ASSIGNED_CONTEXT ( ( #4063 ) ) GLOBAL_UNIT_ASSIGNED_CONTEXT ( ( #782, #5110, #3751 ) ) REPRESENTATION_CONTEXT ( 'NONE', 'WORKASPACE' ) );
#3579 = CARTESIAN_POINT ( 'NONE',  ( 2.049461803505029156, -0.5500000000000000444, 2.833519861046362109 ) ) ;
#3580 = CARTESIAN_POINT ( 'NONE',  ( -1.746043249005028386, -0.6000000000000000888, -0.8515027384351421258 ) ) ;
#3581 = CARTESIAN_POINT ( 'NONE',  ( -2.674999999999999822, -0.6000000000000000888, 0.9375166769814144985 ) ) ;
#3582 = CARTESIAN_POINT ( 'NONE',  ( -0.4299999999999998268, -0.6000000000000000888, -2.709383666850158967 ) ) ;
#3583 = FACE_OUTER_BOUND ( 'NONE', #4395, .T. ) ;
#3584 = EDGE_CURVE ( 'NONE', #5209, #5519, #4099, .T. ) ;
#3585 = LINE ( 'NONE', #105, #2588 ) ;
#3586 = DIRECTION ( 'NONE',  ( 0.000000000000000000, 1.000000000000000000, 0.000000000000000000 ) ) ;
#3587 = STYLED_ITEM ( 'NONE', ( #1999 ), #267 ) ;
#3588 = EDGE_CURVE ( 'NONE', #299, #249, #1869, .T. ) ;
#3589 =( NAMED_UNIT ( * ) SI_UNIT ( $, .STERADIAN. ) SOLID_ANGLE_UNIT ( ) );
#3590 =( LENGTH_UNIT ( ) NAMED_UNIT ( * ) SI_UNIT ( .MILLI., .METRE. ) );
#3591 = CARTESIAN_POINT ( 'NONE',  ( 0.000000000000000000, 0.5000000000000000000, -1.043578222509270903 ) ) ;
#3592 = ORIENTED_EDGE ( 'NONE', *, *, #3060, .T. ) ;
#3593 = ORIENTED_EDGE ( 'NONE', *, *, #162, .T. ) ;
#3594 = PLANE ( 'NONE',  #5390 ) ;
#3595 =( LENGTH_UNIT ( ) NAMED_UNIT ( * ) SI_UNIT ( .MILLI., .METRE. ) );
#3596 = CARTESIAN_POINT ( 'NONE',  ( 0.7794618035050293603, -0.6000000000000000888, -3.074999999999999734 ) ) ;
#3597 = VERTEX_POINT ( 'NONE', #1839 ) ;
#3598 = DIRECTION ( 'NONE',  ( 0.000000000000000000, 0.000000000000000000, 1.000000000000000000 ) ) ;
#3599 = FILL_AREA_STYLE_COLOUR ( '', #2464 ) ;
#3600 = DIRECTION ( 'NONE',  ( -0.000000000000000000, 1.000000000000000000, -0.000000000000000000 ) ) ;
#3601 = VECTOR ( 'NONE', #2714, 1000.000000000000000 ) ;
#3602 = ORIENTED_EDGE ( 'NONE', *, *, #5341, .T. ) ;
#3603 = DIRECTION ( 'NONE',  ( 0.000000000000000000, 0.000000000000000000, -1.000000000000000000 ) ) ;
#3604 = SURFACE_STYLE_USAGE ( .BOTH. , #5044 ) ;
#3605 = EDGE_CURVE ( 'NONE', #2875, #3708, #4559, .T. ) ;
#3606 = DIRECTION ( 'NONE',  ( -0.000000000000000000, 1.000000000000000000, 0.000000000000000000 ) ) ;
#3607 = CARTESIAN_POINT ( 'NONE',  ( 2.109999999999999876, -0.5500000000000000444, 2.709383666850159411 ) ) ;
#3608 =( GEOMETRIC_REPRESENTATION_CONTEXT ( 3 ) GLOBAL_UNCERTAINTY_ASSIGNED_CONTEXT ( ( #350 ) ) GLOBAL_UNIT_ASSIGNED_CONTEXT ( ( #4506, #4612, #5442 ) ) REPRESENTATION_CONTEXT ( 'NONE', 'WORKASPACE' ) );
#3609 = CARTESIAN_POINT ( 'NONE',  ( -2.049461803505029156, -0.6000000000000000888, 3.074999999999999734 ) ) ;
#3610 = VECTOR ( 'NONE', #1454, 1000.000000000000000 ) ;
#3611 = SURFACE_STYLE_FILL_AREA ( #990 ) ;
#3612 = ORIENTED_EDGE ( 'NONE', *, *, #2341, .F. ) ;
#3613 = COLOUR_RGB ( '',1.000000000000000000, 1.000000000000000000, 1.000000000000000000 ) ;
#3614 = FACE_OUTER_BOUND ( 'NONE', #2240, .T. ) ;
#3615 = FACE_OUTER_BOUND ( 'NONE', #1861, .T. ) ;
#3616 = LINE ( 'NONE', #540, #1859 ) ;
#3617 = VECTOR ( 'NONE', #5537, 1000.000000000000114 ) ;
#3618 = PRESENTATION_STYLE_ASSIGNMENT (( #1848 ) ) ;
#3619 = VECTOR ( 'NONE', #1761, 1000.000000000000114 ) ;
#3620 = STYLED_ITEM ( 'NONE', ( #309 ), #2613 ) ;
#3621 = ORIENTED_EDGE ( 'NONE', *, *, #925, .T. ) ;
#3622 = ORIENTED_EDGE ( 'NONE', *, *, #1849, .T. ) ;
#3623 = DIRECTION ( 'NONE',  ( 1.000000000000000000, 0.000000000000000000, 0.000000000000000000 ) ) ;
#3624 = FILL_AREA_STYLE_COLOUR ( '', #2251 ) ;
#3625 = COLOUR_RGB ( '',1.000000000000000000, 1.000000000000000000, 1.000000000000000000 ) ;
#3626 = VECTOR ( 'NONE', #4968, 1000.000000000000000 ) ;
#3627 = EDGE_LOOP ( 'NONE', ( #254, #961, #3684, #4602, #3332, #1648 ) ) ;
#3628 = FACE_OUTER_BOUND ( 'NONE', #332, .T. ) ;
#3629 = VECTOR ( 'NONE', #4902, 1000.000000000000000 ) ;
#3630 = CARTESIAN_POINT ( 'NONE',  ( 2.434999999999999609, -0.5500000000000000444, 0.9375166769814144985 ) ) ;
#3631 = LINE ( 'NONE', #1475, #2292 ) ;
#3632 = VECTOR ( 'NONE', #2741, 1000.000000000000000 ) ;
#3633 = ORIENTED_EDGE ( 'NONE', *, *, #1333, .F. ) ;
#3634 = SURFACE_STYLE_USAGE ( .BOTH. , #605 ) ;
#3635 = EDGE_LOOP ( 'NONE', ( #1109, #2129, #1797, #1224 ) ) ;
#3636 = CARTESIAN_POINT ( 'NONE',  ( 0.4905381964949708795, -0.5500000000000000444, -2.899999999999999911 ) ) ;
#3637 = CARTESIAN_POINT ( 'NONE',  ( 0.7200521629136938939, -0.6000000000000000888, 0.3511518909319935600 ) ) ;
#3638 = ADVANCED_FACE ( 'NONE', ( #4132 ), #640, .F. ) ;
#3639 = FILL_AREA_STYLE ('',( #2339 ) ) ;
#3640 = SURFACE_STYLE_FILL_AREA ( #5541 ) ;
#3641 = STYLED_ITEM ( 'NONE', ( #1314 ), #1132 ) ;
#3642 = EDGE_CURVE ( 'NONE', #3875, #2832, #4242, .T. ) ;
#3643 = VECTOR ( 'NONE', #4254, 1000.000000000000000 ) ;
#3644 = CARTESIAN_POINT ( 'NONE',  ( 0.000000000000000000, 0.5500000000000000444, 2.800000000000000266 ) ) ;
#3645 = UNCERTAINTY_MEASURE_WITH_UNIT (LENGTH_MEASURE( 1.000000000000000082E-05 ), #3399, 'distance_accuracy_value', 'NONE');
#3646 = DIRECTION ( 'NONE',  ( 0.4383297880337241881, 0.000000000000000000, -0.8988142171340585129 ) ) ;
#3647 = SURFACE_STYLE_FILL_AREA ( #1536 ) ;
#3648 = PLANE ( 'NONE',  #4266 ) ;
#3649 = FILL_AREA_STYLE_COLOUR ( '', #4131 ) ;
#3650 = UNCERTAINTY_MEASURE_WITH_UNIT (LENGTH_MEASURE( 1.000000000000000082E-05 ), #5271, 'distance_accuracy_value', 'NONE');
#3651 = EDGE_CURVE ( 'NONE', #2933, #2630, #758, .T. ) ;
#3652 = ORIENTED_EDGE ( 'NONE', *, *, #2522, .T. ) ;
#3653 = ORIENTED_EDGE ( 'NONE', *, *, #2160, .T. ) ;
#3654 = CARTESIAN_POINT ( 'NONE',  ( -2.600000000000000089, -0.3460000000000000853, 0.9375166769814147205 ) ) ;
#3655 = SURFACE_STYLE_USAGE ( .BOTH. , #5459 ) ;
#3656 = LINE ( 'NONE', #3715, #53 ) ;
#3657 = ORIENTED_EDGE ( 'NONE', *, *, #1604, .F. ) ;
#3658 = CARTESIAN_POINT ( 'NONE',  ( -1.700000000000000178, -0.6000000000000000888, 2.414999999999999591 ) ) ;
#3659 = DIRECTION ( 'NONE',  ( -0.000000000000000000, 1.000000000000000000, -0.000000000000000000 ) ) ;
#3660 = PLANE ( 'NONE',  #3294 ) ;
#3661 = STYLED_ITEM ( 'NONE', ( #2067 ), #1491 ) ;
#3662 = EDGE_CURVE ( 'NONE', #5364, #5330, #5628, .T. ) ;
#3663 = LINE ( 'NONE', #2791, #3419 ) ;
#3664 = VECTOR ( 'NONE', #2852, 1000.000000000000000 ) ;
#3665 = PLANE ( 'NONE',  #4122 ) ;
#3666 = SURFACE_STYLE_USAGE ( .BOTH. , #179 ) ;
#3667 = PRESENTATION_LAYER_ASSIGNMENT (  '', '', ( #2555 ) ) ;
#3668 =( LENGTH_UNIT ( ) NAMED_UNIT ( * ) SI_UNIT ( .MILLI., .METRE. ) );
#3669 = PLANE ( 'NONE',  #2337 ) ;
#3670 =( GEOMETRIC_REPRESENTATION_CONTEXT ( 3 ) GLOBAL_UNCERTAINTY_ASSIGNED_CONTEXT ( ( #4978 ) ) GLOBAL_UNIT_ASSIGNED_CONTEXT ( ( #5481, #5507, #3340 ) ) REPRESENTATION_CONTEXT ( 'NONE', 'WORKASPACE' ) );
#3671 = EDGE_LOOP ( 'NONE', ( #3107, #4666, #1592, #1169 ) ) ;
#3672 = DIRECTION ( 'NONE',  ( -0.000000000000000000, 0.000000000000000000, -1.000000000000000000 ) ) ;
#3673 = VECTOR ( 'NONE', #1067, 1000.000000000000000 ) ;
#3674 = LINE ( 'NONE', #1156, #2001 ) ;
#3675 = PRESENTATION_STYLE_ASSIGNMENT (( #5057 ) ) ;
#3676 = PRESENTATION_LAYER_ASSIGNMENT (  '', '', ( #2932 ) ) ;
#3677 = ORIENTED_EDGE ( 'NONE', *, *, #505, .F. ) ;
#3678 = UNCERTAINTY_MEASURE_WITH_UNIT (LENGTH_MEASURE( 1.000000000000000082E-05 ), #5079, 'distance_accuracy_value', 'NONE');
#3679 = VECTOR ( 'NONE', #1860, 1000.000000000000000 ) ;
#3680 = DIRECTION ( 'NONE',  ( 0.000000000000000000, 0.000000000000000000, -1.000000000000000000 ) ) ;
#3681 =( NAMED_UNIT ( * ) SI_UNIT ( $, .STERADIAN. ) SOLID_ANGLE_UNIT ( ) );
#3682 = EDGE_CURVE ( 'NONE', #2211, #4053, #3334, .T. ) ;
#3683 = PRESENTATION_LAYER_ASSIGNMENT (  '', '', ( #4414 ) ) ;
#3684 = ORIENTED_EDGE ( 'NONE', *, *, #277, .F. ) ;
#3685 = EDGE_LOOP ( 'NONE', ( #3225, #1367, #2506, #2320, #4337, #3560, #3288, #5585, #5663, #2878, #430, #1345, #735, #1495, #1365, #1575, #25, #2261, #4282, #1219 ) ) ;
#3686 = ORIENTED_EDGE ( 'NONE', *, *, #2935, .F. ) ;
#3687 = FILL_AREA_STYLE ('',( #2901 ) ) ;
#3688 =( GEOMETRIC_REPRESENTATION_CONTEXT ( 3 ) GLOBAL_UNCERTAINTY_ASSIGNED_CONTEXT ( ( #4481 ) ) GLOBAL_UNIT_ASSIGNED_CONTEXT ( ( #4987, #633, #4904 ) ) REPRESENTATION_CONTEXT ( 'NONE', 'WORKASPACE' ) );
#3689 = CARTESIAN_POINT ( 'NONE',  ( 0.000000000000000000, -0.5500000000000000444, -2.574999999999999734 ) ) ;
#3690 = DIRECTION ( 'NONE',  ( 0.000000000000000000, 0.000000000000000000, -1.000000000000000000 ) ) ;
#3691 = ORIENTED_EDGE ( 'NONE', *, *, #583, .F. ) ;
#3692 = CARTESIAN_POINT ( 'NONE',  ( 1.700000000000000178, -0.6000000000000000888, 0.000000000000000000 ) ) ;
#3693 = ADVANCED_FACE ( 'NONE', ( #1640 ), #2916, .T. ) ;
#3694 =( NAMED_UNIT ( * ) PLANE_ANGLE_UNIT ( ) SI_UNIT ( $, .RADIAN. ) );
#3695 = DIRECTION ( 'NONE',  ( 0.000000000000000000, 0.000000000000000000, -1.000000000000000000 ) ) ;
#3696 = LINE ( 'NONE', #635, #3610 ) ;
#3697 = CARTESIAN_POINT ( 'NONE',  ( 0.7200521629136938939, -0.6000000000000000888, -0.3511518909319935600 ) ) ;
#3698 = CARTESIAN_POINT ( 'NONE',  ( 1.760538196494970675, -0.6000000000000000888, -2.833519861046362109 ) ) ;
#3699 = AXIS2_PLACEMENT_3D ( 'NONE', #5580, #381, #1602 ) ;
#3700 = FILL_AREA_STYLE ('',( #3269 ) ) ;
#3701 = CARTESIAN_POINT ( 'NONE',  ( 0.000000000000000000, -0.5500000000000000444, 0.000000000000000000 ) ) ;
#3702 = PLANE ( 'NONE',  #1813 ) ;
#3703 = PRESENTATION_STYLE_ASSIGNMENT (( #1955 ) ) ;
#3704 = ORIENTED_EDGE ( 'NONE', *, *, #1803, .T. ) ;
#3705 = UNCERTAINTY_MEASURE_WITH_UNIT (LENGTH_MEASURE( 1.000000000000000082E-05 ), #3452, 'distance_accuracy_value', 'NONE');
#3706 = SURFACE_STYLE_USAGE ( .BOTH. , #4975 ) ;
#3707 = ORIENTED_EDGE ( 'NONE', *, *, #252, .F. ) ;
#3708 = VERTEX_POINT ( 'NONE', #3753 ) ;
#3709 = VERTEX_POINT ( 'NONE', #2483 ) ;
#3710 = ORIENTED_EDGE ( 'NONE', *, *, #860, .F. ) ;
#3711 = ADVANCED_FACE ( 'NONE', ( #2888 ), #2977, .T. ) ;
#3712 = DIRECTION ( 'NONE',  ( 0.000000000000000000, 0.000000000000000000, -1.000000000000000000 ) ) ;
#3713 = MECHANICAL_DESIGN_GEOMETRIC_PRESENTATION_REPRESENTATION (  '', ( #7 ), #3719 ) ;
#3714 = LINE ( 'NONE', #3258, #5211 ) ;
#3715 = CARTESIAN_POINT ( 'NONE',  ( 1.566666666666672425, 1.483333333333336057, -1.866666666666672247 ) ) ;
#3716 =( GEOMETRIC_REPRESENTATION_CONTEXT ( 3 ) GLOBAL_UNCERTAINTY_ASSIGNED_CONTEXT ( ( #1075 ) ) GLOBAL_UNIT_ASSIGNED_CONTEXT ( ( #1320, #4907, #4357 ) ) REPRESENTATION_CONTEXT ( 'NONE', 'WORKASPACE' ) );
#3717 = ORIENTED_EDGE ( 'NONE', *, *, #2409, .F. ) ;
#3718 = SURFACE_SIDE_STYLE ('',( #4059 ) ) ;
#3719 =( GEOMETRIC_REPRESENTATION_CONTEXT ( 3 ) GLOBAL_UNCERTAINTY_ASSIGNED_CONTEXT ( ( #5208 ) ) GLOBAL_UNIT_ASSIGNED_CONTEXT ( ( #99, #1372, #476 ) ) REPRESENTATION_CONTEXT ( 'NONE', 'WORKASPACE' ) );
#3720 = ORIENTED_EDGE ( 'NONE', *, *, #3605, .T. ) ;
#3721 =( NAMED_UNIT ( * ) SI_UNIT ( $, .STERADIAN. ) SOLID_ANGLE_UNIT ( ) );
#3722 = PRESENTATION_LAYER_ASSIGNMENT (  '', '', ( #3909 ) ) ;
#3723 = EDGE_CURVE ( 'NONE', #866, #1939, #4327, .T. ) ;
#3724 = CARTESIAN_POINT ( 'NONE',  ( -2.109999999999999876, -0.6000000000000000888, 2.414999999999999591 ) ) ;
#3725 = DIRECTION ( 'NONE',  ( -0.000000000000000000, 0.000000000000000000, -1.000000000000000000 ) ) ;
#3726 = PLANE ( 'NONE',  #983 ) ;
#3727 = CARTESIAN_POINT ( 'NONE',  ( 0.4300000000000002709, -0.5500000000000000444, 0.000000000000000000 ) ) ;
#3728 = SURFACE_SIDE_STYLE ('',( #610 ) ) ;
#3729 =( GEOMETRIC_REPRESENTATION_CONTEXT ( 3 ) GLOBAL_UNCERTAINTY_ASSIGNED_CONTEXT ( ( #1958 ) ) GLOBAL_UNIT_ASSIGNED_CONTEXT ( ( #3229, #3202, #24 ) ) REPRESENTATION_CONTEXT ( 'NONE', 'WORKASPACE' ) );
#3730 = EDGE_LOOP ( 'NONE', ( #877, #5059, #3454, #1149 ) ) ;
#3731 = CARTESIAN_POINT ( 'NONE',  ( -2.314999999999999947, -0.6000000000000000888, 1.145000000000000684 ) ) ;
#3732 = PLANE ( 'NONE',  #1061 ) ;
#3733 = CARTESIAN_POINT ( 'NONE',  ( -0.3857966767330511804, -0.6000000000000000888, 0.000000000000000000 ) ) ;
#3734 = SURFACE_SIDE_STYLE ('',( #4103 ) ) ;
#3735 = DIRECTION ( 'NONE',  ( -0.000000000000000000, -1.000000000000000000, -0.000000000000000000 ) ) ;
#3736 = CARTESIAN_POINT ( 'NONE',  ( 2.109999999999999876, -0.6000000000000000888, 0.000000000000000000 ) ) ;
#3737 =( GEOMETRIC_REPRESENTATION_CONTEXT ( 3 ) GLOBAL_UNCERTAINTY_ASSIGNED_CONTEXT ( ( #2116 ) ) GLOBAL_UNIT_ASSIGNED_CONTEXT ( ( #3031, #4806, #5367 ) ) REPRESENTATION_CONTEXT ( 'NONE', 'WORKASPACE' ) );
#3738 = ORIENTED_EDGE ( 'NONE', *, *, #1089, .T. ) ;
#3739 = VERTEX_POINT ( 'NONE', #919 ) ;
#3740 = CARTESIAN_POINT ( 'NONE',  ( 0.4905381964949708795, -0.3460000000000000853, 3.074999999999999734 ) ) ;
#3741 =( NAMED_UNIT ( * ) SI_UNIT ( $, .STERADIAN. ) SOLID_ANGLE_UNIT ( ) );
#3742 = DIRECTION ( 'NONE',  ( 0.000000000000000000, 0.000000000000000000, -1.000000000000000000 ) ) ;
#3743 = EDGE_LOOP ( 'NONE', ( #5003, #1624, #3677, #3034 ) ) ;
#3744 = CARTESIAN_POINT ( 'NONE',  ( -2.109999999999999876, -0.6000000000000000888, 2.709383666850159411 ) ) ;
#3745 = EDGE_CURVE ( 'NONE', #3104, #704, #4817, .T. ) ;
#3746 = EDGE_LOOP ( 'NONE', ( #2013, #3490, #4603, #4700 ) ) ;
#3747 = DIRECTION ( 'NONE',  ( -1.000000000000000000, 0.000000000000000000, 0.000000000000000000 ) ) ;
#3748 = DIRECTION ( 'NONE',  ( -1.000000000000000000, 0.000000000000000000, 0.000000000000000000 ) ) ;
#3749 = VERTEX_POINT ( 'NONE', #5228 ) ;
#3750 = CARTESIAN_POINT ( 'NONE',  ( 2.600000000000000089, -0.5500000000000000444, -2.899999999999999911 ) ) ;
#3751 =( NAMED_UNIT ( * ) SI_UNIT ( $, .STERADIAN. ) SOLID_ANGLE_UNIT ( ) );
#3752 = ADVANCED_FACE ( 'NONE', ( #3933 ), #2592, .T. ) ;
#3753 = CARTESIAN_POINT ( 'NONE',  ( -2.314999999999999947, -0.5500000000000000444, 1.145000000000000684 ) ) ;
#3754 = LINE ( 'NONE', #1894, #1172 ) ;
#3755 = DIRECTION ( 'NONE',  ( -1.000000000000000000, 0.000000000000000000, 1.123989534342597324E-16 ) ) ;
#3756 = PRESENTATION_STYLE_ASSIGNMENT (( #5326 ) ) ;
#3757 = DIRECTION ( 'NONE',  ( 0.000000000000000000, 0.000000000000000000, -1.000000000000000000 ) ) ;
#3758 = SURFACE_STYLE_USAGE ( .BOTH. , #5058 ) ;
#3759 = VECTOR ( 'NONE', #968, 1000.000000000000000 ) ;
#3760 = EDGE_CURVE ( 'NONE', #219, #4924, #4441, .T. ) ;
#3761 = PRESENTATION_LAYER_ASSIGNMENT (  '', '', ( #50 ) ) ;
#3762 = COLOUR_RGB ( '',1.000000000000000000, 1.000000000000000000, 1.000000000000000000 ) ;
#3763 =( GEOMETRIC_REPRESENTATION_CONTEXT ( 3 ) GLOBAL_UNCERTAINTY_ASSIGNED_CONTEXT ( ( #5453 ) ) GLOBAL_UNIT_ASSIGNED_CONTEXT ( ( #955, #43, #2248 ) ) REPRESENTATION_CONTEXT ( 'NONE', 'WORKASPACE' ) );
#3764 =( NAMED_UNIT ( * ) PLANE_ANGLE_UNIT ( ) SI_UNIT ( $, .RADIAN. ) );
#3765 = VECTOR ( 'NONE', #3384, 1000.000000000000000 ) ;
#3766 = UNCERTAINTY_MEASURE_WITH_UNIT (LENGTH_MEASURE( 1.000000000000000082E-05 ), #565, 'distance_accuracy_value', 'NONE');
#3767 = CARTESIAN_POINT ( 'NONE',  ( 0.000000000000000000, -0.3460000000000000853, 0.000000000000000000 ) ) ;
#3768 = CARTESIAN_POINT ( 'NONE',  ( -0.8400000000000000799, -0.6000000000000000888, 2.709383666850159411 ) ) ;
#3769 = VECTOR ( 'NONE', #994, 1000.000000000000000 ) ;
#3770 = EDGE_CURVE ( 'NONE', #1478, #4234, #97, .T. ) ;
#3771 = ORIENTED_EDGE ( 'NONE', *, *, #2040, .T. ) ;
#3772 = ORIENTED_EDGE ( 'NONE', *, *, #2835, .F. ) ;
#3773 = CARTESIAN_POINT ( 'NONE',  ( 2.600000000000000089, -0.5500000000000000444, 2.899999999999999911 ) ) ;
#3774 = SURFACE_STYLE_FILL_AREA ( #1990 ) ;
#3775 = COLOUR_RGB ( '',1.000000000000000000, 1.000000000000000000, 1.000000000000000000 ) ;
#3776 = SURFACE_STYLE_USAGE ( .BOTH. , #4232 ) ;
#3777 = VERTEX_POINT ( 'NONE', #1780 ) ;
#3778 = CARTESIAN_POINT ( 'NONE',  ( 2.600000000000000089, 0.5500000000000000444, -2.899999999999999911 ) ) ;
#3779 = ORIENTED_EDGE ( 'NONE', *, *, #997, .T. ) ;
#3780 = EDGE_LOOP ( 'NONE', ( #3261, #211, #325, #5158 ) ) ;
#3781 =( GEOMETRIC_REPRESENTATION_CONTEXT ( 3 ) GLOBAL_UNCERTAINTY_ASSIGNED_CONTEXT ( ( #3980 ) ) GLOBAL_UNIT_ASSIGNED_CONTEXT ( ( #1178, #2536, #720 ) ) REPRESENTATION_CONTEXT ( 'NONE', 'WORKASPACE' ) );
#3782 = ORIENTED_EDGE ( 'NONE', *, *, #4561, .F. ) ;
#3783 = LINE ( 'NONE', #1179, #4309 ) ;
#3784 = SURFACE_STYLE_FILL_AREA ( #286 ) ;
#3785 = ORIENTED_EDGE ( 'NONE', *, *, #111, .T. ) ;
#3786 = DIRECTION ( 'NONE',  ( 0.000000000000000000, 0.000000000000000000, 1.000000000000000000 ) ) ;
#3787 =( LENGTH_UNIT ( ) NAMED_UNIT ( * ) SI_UNIT ( .MILLI., .METRE. ) );
#3788 = DIRECTION ( 'NONE',  ( 0.000000000000000000, 0.000000000000000000, 1.000000000000000000 ) ) ;
#3789 = ADVANCED_FACE ( 'NONE', ( #426 ), #899, .F. ) ;
#3790 = DIRECTION ( 'NONE',  ( 1.000000000000000000, 0.000000000000000000, 0.000000000000000000 ) ) ;
#3791 = SURFACE_STYLE_USAGE ( .BOTH. , #2010 ) ;
#3792 =( LENGTH_UNIT ( ) NAMED_UNIT ( * ) SI_UNIT ( .MILLI., .METRE. ) );
#3793 = FILL_AREA_STYLE ('',( #2012 ) ) ;
#3794 = CARTESIAN_POINT ( 'NONE',  ( -1.700000000000000178, -0.6000000000000000888, 0.000000000000000000 ) ) ;
#3795 = ORIENTED_EDGE ( 'NONE', *, *, #957, .F. ) ;
#3796 = EDGE_CURVE ( 'NONE', #244, #4950, #3905, .T. ) ;
#3797 = MECHANICAL_DESIGN_GEOMETRIC_PRESENTATION_REPRESENTATION (  '', ( #3224 ), #4064 ) ;
#3798 = STYLED_ITEM ( 'NONE', ( #5255 ), #551 ) ;
#3799 = VERTEX_POINT ( 'NONE', #1888 ) ;
#3800 = VECTOR ( 'NONE', #369, 1000.000000000000000 ) ;
#3801 = EDGE_LOOP ( 'NONE', ( #2104, #1880, #1256, #1050, #3157, #5109, #5032, #3416, #5641, #1998, #5223 ) ) ;
#3802 =( NAMED_UNIT ( * ) SI_UNIT ( $, .STERADIAN. ) SOLID_ANGLE_UNIT ( ) );
#3803 = DIRECTION ( 'NONE',  ( 1.000000000000000000, 0.000000000000000000, 0.000000000000000000 ) ) ;
#3804 = VERTEX_POINT ( 'NONE', #3244 ) ;
#3805 = PRESENTATION_LAYER_ASSIGNMENT (  '', '', ( #976 ) ) ;
#3806 = ORIENTED_EDGE ( 'NONE', *, *, #2079, .F. ) ;
#3807 = STYLED_ITEM ( 'NONE', ( #4657 ), #3085 ) ;
#3808 = DIRECTION ( 'NONE',  ( -0.4383297880337241881, 0.000000000000000000, -0.8988142171340585129 ) ) ;
#3809 = VECTOR ( 'NONE', #2794, 1000.000000000000000 ) ;
#3810 = DIRECTION ( 'NONE',  ( 9.230586021924224922E-15, 0.000000000000000000, 1.000000000000000000 ) ) ;
#3811 = ORIENTED_EDGE ( 'NONE', *, *, #1609, .T. ) ;
#3812 =( NAMED_UNIT ( * ) SI_UNIT ( $, .STERADIAN. ) SOLID_ANGLE_UNIT ( ) );
#3813 = STYLED_ITEM ( 'NONE', ( #3179 ), #2255 ) ;
#3814 = DIRECTION ( 'NONE',  ( 0.000000000000000000, 0.000000000000000000, 1.000000000000000000 ) ) ;
#3815 = LINE ( 'NONE', #5598, #3913 ) ;
#3816 = PRESENTATION_LAYER_ASSIGNMENT (  '', '', ( #3243 ) ) ;
#3817 = VERTEX_POINT ( 'NONE', #3190 ) ;
#3818 = MECHANICAL_DESIGN_GEOMETRIC_PRESENTATION_REPRESENTATION (  '', ( #1778 ), #446 ) ;
#3819 = VECTOR ( 'NONE', #2345, 1000.000000000000000 ) ;
#3820 = FACE_OUTER_BOUND ( 'NONE', #2411, .T. ) ;
#3821 = SURFACE_STYLE_FILL_AREA ( #3793 ) ;
#3822 = FACE_OUTER_BOUND ( 'NONE', #4288, .T. ) ;
#3823 = STYLED_ITEM ( 'NONE', ( #4351 ), #2759 ) ;
#3824 = EDGE_CURVE ( 'NONE', #802, #4979, #3663, .T. ) ;
#3825 = ORIENTED_EDGE ( 'NONE', *, *, #1474, .F. ) ;
#3826 =( NAMED_UNIT ( * ) SI_UNIT ( $, .STERADIAN. ) SOLID_ANGLE_UNIT ( ) );
#3827 = DIRECTION ( 'NONE',  ( 0.000000000000000000, 0.000000000000000000, -1.000000000000000000 ) ) ;
#3828 = DIRECTION ( 'NONE',  ( 0.000000000000000000, 0.000000000000000000, -1.000000000000000000 ) ) ;
#3829 = UNCERTAINTY_MEASURE_WITH_UNIT (LENGTH_MEASURE( 1.000000000000000082E-05 ), #3928, 'distance_accuracy_value', 'NONE');
#3830 = EDGE_CURVE ( 'NONE', #5036, #2812, #5016, .T. ) ;
#3831 = EDGE_LOOP ( 'NONE', ( #5562, #5599, #3622, #2070 ) ) ;
#3832 = ORIENTED_EDGE ( 'NONE', *, *, #5062, .F. ) ;
#3833 = FILL_AREA_STYLE_COLOUR ( '', #4910 ) ;
#3834 = CARTESIAN_POINT ( 'NONE',  ( 0.7794618035050293603, -0.3460000000000000853, -3.074999999999999734 ) ) ;
#3835 = DIRECTION ( 'NONE',  ( 0.8988142171340585129, 0.000000000000000000, -0.4383297880337241881 ) ) ;
#3836 = EDGE_LOOP ( 'NONE', ( #1568, #4623, #1715, #4199, #665, #2963, #3825, #1117 ) ) ;
#3837 = PRESENTATION_LAYER_ASSIGNMENT (  '', '', ( #3175 ) ) ;
#3838 = EDGE_CURVE ( 'NONE', #546, #822, #1086, .T. ) ;
#3839 = ORIENTED_EDGE ( 'NONE', *, *, #4800, .T. ) ;
#3840 = VERTEX_POINT ( 'NONE', #2392 ) ;
#3841 = SURFACE_STYLE_USAGE ( .BOTH. , #1204 ) ;
#3842 = LINE ( 'NONE', #809, #5051 ) ;
#3843 = MECHANICAL_DESIGN_GEOMETRIC_PRESENTATION_REPRESENTATION (  '', ( #639 ), #4940 ) ;
#3844 = ORIENTED_EDGE ( 'NONE', *, *, #756, .T. ) ;
#3845 = SURFACE_STYLE_FILL_AREA ( #1971 ) ;
#3846 = CARTESIAN_POINT ( 'NONE',  ( 1.760538196494970675, -0.6000000000000000888, -3.074999999999999734 ) ) ;
#3847 = EDGE_CURVE ( 'NONE', #3777, #2631, #4499, .T. ) ;
#3848 = CARTESIAN_POINT ( 'NONE',  ( 0.8400000000000000799, -0.6000000000000000888, 0.000000000000000000 ) ) ;
#3849 = FILL_AREA_STYLE ('',( #5630 ) ) ;
#3850 = STYLED_ITEM ( 'NONE', ( #2746 ), #1448 ) ;
#3851 = VECTOR ( 'NONE', #1670, 1000.000000000000000 ) ;
#3852 = PLANE ( 'NONE',  #3335 ) ;
#3853 = AXIS2_PLACEMENT_3D ( 'NONE', #3478, #1315, #3058 ) ;
#3854 = AXIS2_PLACEMENT_3D ( 'NONE', #1053, #2818, #1965 ) ;
#3855 = VERTEX_POINT ( 'NONE', #4936 ) ;
#3856 =( GEOMETRIC_REPRESENTATION_CONTEXT ( 3 ) GLOBAL_UNCERTAINTY_ASSIGNED_CONTEXT ( ( #1512 ) ) GLOBAL_UNIT_ASSIGNED_CONTEXT ( ( #5428, #3211, #597 ) ) REPRESENTATION_CONTEXT ( 'NONE', 'WORKASPACE' ) );
#3857 = ORIENTED_EDGE ( 'NONE', *, *, #2797, .T. ) ;
#3858 = EDGE_LOOP ( 'NONE', ( #3287, #4988, #4634, #748 ) ) ;
#3859 = STYLED_ITEM ( 'NONE', ( #5249 ), #787 ) ;
#3860 = PRESENTATION_STYLE_ASSIGNMENT (( #4658 ) ) ;
#3861 = PLANE ( 'NONE',  #2986 ) ;
#3862 = EDGE_CURVE ( 'NONE', #4053, #3019, #4992, .T. ) ;
#3863 = SURFACE_STYLE_FILL_AREA ( #5097 ) ;
#3864 = VERTEX_POINT ( 'NONE', #1943 ) ;
#3865 = VECTOR ( 'NONE', #3066, 1000.000000000000000 ) ;
#3866 = SURFACE_STYLE_USAGE ( .BOTH. , #5071 ) ;
#3867 = STYLED_ITEM ( 'NONE', ( #4052 ), #2154 ) ;
#3868 = ORIENTED_EDGE ( 'NONE', *, *, #4251, .T. ) ;
#3869 = SURFACE_STYLE_FILL_AREA ( #4784 ) ;
#3870 = COLOUR_RGB ( '',1.000000000000000000, 1.000000000000000000, 1.000000000000000000 ) ;
#3871 = DIRECTION ( 'NONE',  ( -0.8988142171340585129, 0.000000000000000000, -0.4383297880337241881 ) ) ;
#3872 = EDGE_CURVE ( 'NONE', #3749, #1703, #4963, .T. ) ;
#3873 = CARTESIAN_POINT ( 'NONE',  ( 0.7794618035050293603, -0.6000000000000000888, 0.000000000000000000 ) ) ;
#3874 = UNCERTAINTY_MEASURE_WITH_UNIT (LENGTH_MEASURE( 1.000000000000000082E-05 ), #1139, 'distance_accuracy_value', 'NONE');
#3875 = VERTEX_POINT ( 'NONE', #3724 ) ;
#3876 = DIRECTION ( 'NONE',  ( 0.000000000000000000, 0.000000000000000000, 1.000000000000000000 ) ) ;
#3877 =( NAMED_UNIT ( * ) SI_UNIT ( $, .STERADIAN. ) SOLID_ANGLE_UNIT ( ) );
#3878 =( LENGTH_UNIT ( ) NAMED_UNIT ( * ) SI_UNIT ( .MILLI., .METRE. ) );
#3879 = DIRECTION ( 'NONE',  ( -1.000000000000000000, 0.000000000000000000, 0.000000000000000000 ) ) ;
#3880 = DIRECTION ( 'NONE',  ( 0.000000000000000000, 0.000000000000000000, -1.000000000000000000 ) ) ;
#3881 = LINE ( 'NONE', #4707, #3239 ) ;
#3882 = LINE ( 'NONE', #4708, #4871 ) ;
#3883 = FACE_OUTER_BOUND ( 'NONE', #2312, .T. ) ;
#3884 = UNCERTAINTY_MEASURE_WITH_UNIT (LENGTH_MEASURE( 1.000000000000000082E-05 ), #1321, 'distance_accuracy_value', 'NONE');
#3885 = ORIENTED_EDGE ( 'NONE', *, *, #4073, .F. ) ;
#3886 = EDGE_LOOP ( 'NONE', ( #5345, #337, #3102, #1104, #2755, #1362 ) ) ;
#3887 = DIRECTION ( 'NONE',  ( 1.000000000000000000, 0.000000000000000000, 0.000000000000000000 ) ) ;
#3888 = SURFACE_STYLE_USAGE ( .BOTH. , #3976 ) ;
#3889 = CARTESIAN_POINT ( 'NONE',  ( 0.4905381964949708795, -0.6000000000000000888, 3.074999999999999734 ) ) ;
#3890 = DIRECTION ( 'NONE',  ( 0.000000000000000000, 0.000000000000000000, 1.000000000000000000 ) ) ;
#3891 = VECTOR ( 'NONE', #4941, 1000.000000000000000 ) ;
#3892 = ORIENTED_EDGE ( 'NONE', *, *, #3314, .F. ) ;
#3893 = EDGE_CURVE ( 'NONE', #1473, #2348, #4554, .T. ) ;
#3894 = UNCERTAINTY_MEASURE_WITH_UNIT (LENGTH_MEASURE( 1.000000000000000082E-05 ), #5414, 'distance_accuracy_value', 'NONE');
#3895 = DIRECTION ( 'NONE',  ( 1.000000000000000000, 0.000000000000000000, 0.000000000000000000 ) ) ;
#3896 = CARTESIAN_POINT ( 'NONE',  ( 2.314999999999999947, -0.6000000000000000888, 1.145000000000000462 ) ) ;
#3897 = VECTOR ( 'NONE', #2760, 1000.000000000000000 ) ;
#3898 =( NAMED_UNIT ( * ) SI_UNIT ( $, .STERADIAN. ) SOLID_ANGLE_UNIT ( ) );
#3899 = EDGE_LOOP ( 'NONE', ( #1687, #764, #1228, #3844 ) ) ;
#3900 =( NAMED_UNIT ( * ) PLANE_ANGLE_UNIT ( ) SI_UNIT ( $, .RADIAN. ) );
#3901 = CARTESIAN_POINT ( 'NONE',  ( -2.049461803505029156, -0.5500000000000000444, 2.833519861046362109 ) ) ;
#3902 = EDGE_CURVE ( 'NONE', #244, #26, #3696, .T. ) ;
#3903 = EDGE_CURVE ( 'NONE', #445, #5395, #153, .T. ) ;
#3904 = MECHANICAL_DESIGN_GEOMETRIC_PRESENTATION_REPRESENTATION (  '', ( #612 ), #1337 ) ;
#3905 = LINE ( 'NONE', #5344, #261 ) ;
#3906 = DIRECTION ( 'NONE',  ( 0.000000000000000000, 0.000000000000000000, -1.000000000000000000 ) ) ;
#3907 = CARTESIAN_POINT ( 'NONE',  ( -2.049461803505029156, -0.3460000000000000853, -3.074999999999999734 ) ) ;
#3908 = SURFACE_STYLE_USAGE ( .BOTH. , #2127 ) ;
#3909 = STYLED_ITEM ( 'NONE', ( #1418 ), #4100 ) ;
#3910 = VERTEX_POINT ( 'NONE', #1500 ) ;
#3911 = VECTOR ( 'NONE', #2685, 1000.000000000000000 ) ;
#3912 = FACE_OUTER_BOUND ( 'NONE', #5513, .T. ) ;
#3913 = VECTOR ( 'NONE', #4325, 1000.000000000000000 ) ;
#3914 = FACE_OUTER_BOUND ( 'NONE', #4173, .T. ) ;
#3915 = STYLED_ITEM ( 'NONE', ( #3505 ), #2973 ) ;
#3916 = COLOUR_RGB ( '',1.000000000000000000, 1.000000000000000000, 1.000000000000000000 ) ;
#3917 = EDGE_CURVE ( 'NONE', #4747, #3566, #256, .T. ) ;
#3918 = EDGE_LOOP ( 'NONE', ( #4075, #2112, #5338, #173 ) ) ;
#3919 = CARTESIAN_POINT ( 'NONE',  ( 0.7794618035050293603, -0.6000000000000000888, 3.074999999999999734 ) ) ;
#3920 = PLANE ( 'NONE',  #4217 ) ;
#3921 = DIRECTION ( 'NONE',  ( -1.000000000000000000, 0.000000000000000000, 0.000000000000000000 ) ) ;
#3922 = VERTEX_POINT ( 'NONE', #1034 ) ;
#3923 = DIRECTION ( 'NONE',  ( -1.000000000000000000, 0.000000000000000000, 0.000000000000000000 ) ) ;
#3924 = DIRECTION ( 'NONE',  ( -0.000000000000000000, 1.000000000000000000, 0.000000000000000000 ) ) ;
#3925 = VECTOR ( 'NONE', #4627, 1000.000000000000000 ) ;
#3926 = FACE_OUTER_BOUND ( 'NONE', #3886, .T. ) ;
#3927 = VERTEX_POINT ( 'NONE', #1431 ) ;
#3928 =( LENGTH_UNIT ( ) NAMED_UNIT ( * ) SI_UNIT ( .MILLI., .METRE. ) );
#3929 =( NAMED_UNIT ( * ) SI_UNIT ( $, .STERADIAN. ) SOLID_ANGLE_UNIT ( ) );
#3930 = FACE_OUTER_BOUND ( 'NONE', #3627, .T. ) ;
#3931 = CARTESIAN_POINT ( 'NONE',  ( -0.8781883311819363991, -0.6000000000000000888, 1.833272577296186867 ) ) ;
#3932 = MECHANICAL_DESIGN_GEOMETRIC_PRESENTATION_REPRESENTATION (  '', ( #2163 ), #1361 ) ;
#3933 = FACE_OUTER_BOUND ( 'NONE', #3417, .T. ) ;
#3934 = VECTOR ( 'NONE', #2618, 1000.000000000000000 ) ;
#3935 = DIRECTION ( 'NONE',  ( 0.8988142171340585129, 0.000000000000000000, -0.4383297880337241881 ) ) ;
#3936 = EDGE_CURVE ( 'NONE', #4238, #5497, #4906, .T. ) ;
#3937 = DIRECTION ( 'NONE',  ( 0.000000000000000000, 0.000000000000000000, -1.000000000000000000 ) ) ;
#3938 = DIRECTION ( 'NONE',  ( -0.000000000000000000, 1.000000000000000000, -0.000000000000000000 ) ) ;
#3939 = PLANE ( 'NONE',  #1295 ) ;
#3940 = CARTESIAN_POINT ( 'NONE',  ( 0.7794618035050293603, -0.5500000000000000444, -2.833519861046362553 ) ) ;
#3941 = DIRECTION ( 'NONE',  ( 1.000000000000000000, 0.000000000000000000, 0.000000000000000000 ) ) ;
#3942 = ADVANCED_FACE ( 'NONE', ( #4469 ), #554, .F. ) ;
#3943 =( LENGTH_UNIT ( ) NAMED_UNIT ( * ) SI_UNIT ( .MILLI., .METRE. ) );
#3944 = ORIENTED_EDGE ( 'NONE', *, *, #1175, .T. ) ;
#3945 =( LENGTH_UNIT ( ) NAMED_UNIT ( * ) SI_UNIT ( .MILLI., .METRE. ) );
#3946 = COLOUR_RGB ( '',1.000000000000000000, 1.000000000000000000, 1.000000000000000000 ) ;
#3947 = DIRECTION ( 'NONE',  ( 0.000000000000000000, -1.000000000000000000, 0.000000000000000000 ) ) ;
#3948 = DIRECTION ( 'NONE',  ( 0.000000000000000000, 0.000000000000000000, -1.000000000000000000 ) ) ;
#3949 = LINE ( 'NONE', #2230, #5049 ) ;
#3950 = PRESENTATION_STYLE_ASSIGNMENT (( #5247 ) ) ;
#3951 = FILL_AREA_STYLE_COLOUR ( '', #313 ) ;
#3952 = MECHANICAL_DESIGN_GEOMETRIC_PRESENTATION_REPRESENTATION (  '', ( #3374 ), #5627 ) ;
#3953 = VERTEX_POINT ( 'NONE', #3411 ) ;
#3954 = COLOUR_RGB ( '',0.2509803921568627416, 0.2509803921568627416, 0.2509803921568627416 ) ;
#3955 = UNCERTAINTY_MEASURE_WITH_UNIT (LENGTH_MEASURE( 1.000000000000000082E-05 ), #534, 'distance_accuracy_value', 'NONE');
#3956 = SURFACE_STYLE_USAGE ( .BOTH. , #4952 ) ;
#3957 =( GEOMETRIC_REPRESENTATION_CONTEXT ( 3 ) GLOBAL_UNCERTAINTY_ASSIGNED_CONTEXT ( ( #2837 ) ) GLOBAL_UNIT_ASSIGNED_CONTEXT ( ( #2532, #384, #2076 ) ) REPRESENTATION_CONTEXT ( 'NONE', 'WORKASPACE' ) );
#3958 = FILL_AREA_STYLE ('',( #1366 ) ) ;
#3959 = ORIENTED_EDGE ( 'NONE', *, *, #4315, .F. ) ;
#3960 = VECTOR ( 'NONE', #5376, 1000.000000000000000 ) ;
#3961 = SURFACE_STYLE_USAGE ( .BOTH. , #474 ) ;
#3962 = ORIENTED_EDGE ( 'NONE', *, *, #2123, .F. ) ;
#3963 = CARTESIAN_POINT ( 'NONE',  ( 2.185796676733050781, -0.5500000000000000444, 0.8769784804864434458 ) ) ;
#3964 = AXIS2_PLACEMENT_3D ( 'NONE', #38, #127, #918 ) ;
#3965 = CARTESIAN_POINT ( 'NONE',  ( 2.600000000000000089, -0.5500000000000000444, 2.899999999999999911 ) ) ;
#3966 = PLANE ( 'NONE',  #4685 ) ;
#3967 = CARTESIAN_POINT ( 'NONE',  ( -1.760538196494970675, -0.6000000000000000888, -2.833519861046362109 ) ) ;
#3968 = ORIENTED_EDGE ( 'NONE', *, *, #4435, .T. ) ;
#3969 = ADVANCED_FACE ( 'NONE', ( #2581 ), #3051, .T. ) ;
#3970 =( NAMED_UNIT ( * ) PLANE_ANGLE_UNIT ( ) SI_UNIT ( $, .RADIAN. ) );
#3971 = PLANE ( 'NONE',  #619 ) ;
#3972 = EDGE_CURVE ( 'NONE', #2631, #1081, #3263, .T. ) ;
#3973 = EDGE_CURVE ( 'NONE', #2850, #219, #1652, .T. ) ;
#3974 = EDGE_LOOP ( 'NONE', ( #2637, #2299, #1181, #5455, #4551, #1490 ) ) ;
#3975 = CARTESIAN_POINT ( 'NONE',  ( -2.049461803505029156, -0.6000000000000000888, -3.074999999999999734 ) ) ;
#3976 = SURFACE_SIDE_STYLE ('',( #2606 ) ) ;
#3977 = DIRECTION ( 'NONE',  ( -1.000000000000000000, 0.000000000000000000, 0.000000000000000000 ) ) ;
#3978 = SURFACE_STYLE_USAGE ( .BOTH. , #4005 ) ;
#3979 = CARTESIAN_POINT ( 'NONE',  ( 2.049461803505029156, -0.3460000000000000853, 2.899999999999999911 ) ) ;
#3980 = UNCERTAINTY_MEASURE_WITH_UNIT (LENGTH_MEASURE( 1.000000000000000082E-05 ), #1178, 'distance_accuracy_value', 'NONE');
#3981 = VERTEX_POINT ( 'NONE', #1705 ) ;
#3982 = PRESENTATION_LAYER_ASSIGNMENT (  '', '', ( #4166 ) ) ;
#3983 = VERTEX_POINT ( 'NONE', #3889 ) ;
#3984 = DIRECTION ( 'NONE',  ( 0.000000000000000000, 0.000000000000000000, -1.000000000000000000 ) ) ;
#3985 = FILL_AREA_STYLE_COLOUR ( '', #634 ) ;
#3986 = CARTESIAN_POINT ( 'NONE',  ( -1.700000000000000178, -0.6000000000000000888, 2.709383666850159411 ) ) ;
#3988 = ORIENTED_EDGE ( 'NONE', *, *, #2718, .F. ) ;
#3987 = VECTOR ( 'NONE', #3680, 1000.000000000000000 ) ;
#3989 = DIRECTION ( 'NONE',  ( 0.000000000000000000, 0.000000000000000000, 1.000000000000000000 ) ) ;
#3990 = PLANE ( 'NONE',  #1209 ) ;
#3991 = VECTOR ( 'NONE', #5053, 1000.000000000000000 ) ;
#3992 =( LENGTH_UNIT ( ) NAMED_UNIT ( * ) SI_UNIT ( .MILLI., .METRE. ) );
#3993 = FILL_AREA_STYLE_COLOUR ( '', #5486 ) ;
#3994 = CARTESIAN_POINT ( 'NONE',  ( 0.000000000000000000, 0.5500000000000000444, -1.693602945287188799 ) ) ;
#3995 = SURFACE_STYLE_FILL_AREA ( #2218 ) ;
#3996 =( NAMED_UNIT ( * ) SI_UNIT ( $, .STERADIAN. ) SOLID_ANGLE_UNIT ( ) );
#3997 = DIRECTION ( 'NONE',  ( -1.000000000000000000, 0.000000000000000000, 0.000000000000000000 ) ) ;
#3998 = CARTESIAN_POINT ( 'NONE',  ( 0.4905381964949708795, -0.6000000000000000888, -2.833519861046362109 ) ) ;
#3999 = STYLED_ITEM ( 'NONE', ( #4736 ), #4477 ) ;
#4000 = LINE ( 'NONE', #1441, #4211 ) ;
#4001 = EDGE_CURVE ( 'NONE', #3027, #3233, #5245, .T. ) ;
#4002 = COLOUR_RGB ( '',1.000000000000000000, 1.000000000000000000, 1.000000000000000000 ) ;
#4003 =( GEOMETRIC_REPRESENTATION_CONTEXT ( 3 ) GLOBAL_UNCERTAINTY_ASSIGNED_CONTEXT ( ( #3766 ) ) GLOBAL_UNIT_ASSIGNED_CONTEXT ( ( #565, #3129, #3178 ) ) REPRESENTATION_CONTEXT ( 'NONE', 'WORKASPACE' ) );
#4004 = EDGE_LOOP ( 'NONE', ( #1744, #2105, #2055, #5185 ) ) ;
#4005 = SURFACE_SIDE_STYLE ('',( #2635 ) ) ;
#4006 = EDGE_CURVE ( 'NONE', #5487, #4746, #880, .T. ) ;
#4007 = VERTEX_POINT ( 'NONE', #4799 ) ;
#4008 = ORIENTED_EDGE ( 'NONE', *, *, #4912, .T. ) ;
#4009 = ORIENTED_EDGE ( 'NONE', *, *, #3266, .T. ) ;
#4010 = CYLINDRICAL_SURFACE ( 'NONE', #710, 0.6500247227779178960 ) ;
#4011 = PRESENTATION_STYLE_ASSIGNMENT (( #4320 ) ) ;
#4012 = ORIENTED_EDGE ( 'NONE', *, *, #2620, .F. ) ;
#4013 = EDGE_CURVE ( 'NONE', #5033, #3212, #693, .T. ) ;
#4014 = DIRECTION ( 'NONE',  ( 0.000000000000000000, 0.000000000000000000, -1.000000000000000000 ) ) ;
#4015 = DIRECTION ( 'NONE',  ( 0.000000000000000000, -0.000000000000000000, -1.000000000000000000 ) ) ;
#4016 = PRESENTATION_STYLE_ASSIGNMENT (( #454 ) ) ;
#4017 = EDGE_CURVE ( 'NONE', #1567, #1469, #3331, .T. ) ;
#4018 = DIRECTION ( 'NONE',  ( -0.000000000000000000, 1.000000000000000000, -0.000000000000000000 ) ) ;
#4019 = CARTESIAN_POINT ( 'NONE',  ( 1.760538196494970675, -0.3460000000000000853, -2.899999999999999911 ) ) ;
#4020 = CARTESIAN_POINT ( 'NONE',  ( 2.434999999999999609, -0.5500000000000000444, 1.087516676981414410 ) ) ;
#4021 = ORIENTED_EDGE ( 'NONE', *, *, #2379, .F. ) ;
#4022 = CARTESIAN_POINT ( 'NONE',  ( 0.000000000000000000, 0.5000000000000000000, -1.043578222509270903 ) ) ;
#4023 = CARTESIAN_POINT ( 'NONE',  ( 0.000000000000000000, -0.6000000000000000888, -2.574999999999999734 ) ) ;
#4024 = UNCERTAINTY_MEASURE_WITH_UNIT (LENGTH_MEASURE( 1.000000000000000082E-05 ), #5161, 'distance_accuracy_value', 'NONE');
#4025 = VERTEX_POINT ( 'NONE', #2415 ) ;
#4026 = ORIENTED_EDGE ( 'NONE', *, *, #887, .T. ) ;
#4027 = EDGE_CURVE ( 'NONE', #1768, #1241, #285, .T. ) ;
#4028 =( NAMED_UNIT ( * ) PLANE_ANGLE_UNIT ( ) SI_UNIT ( $, .RADIAN. ) );
#4029 = PRESENTATION_LAYER_ASSIGNMENT (  '', '', ( #5427 ) ) ;
#4030 = LINE ( 'NONE', #1004, #1107 ) ;
#4031 = ORIENTED_EDGE ( 'NONE', *, *, #5268, .F. ) ;
#4032 = DIRECTION ( 'NONE',  ( 0.4383297880337241881, 0.000000000000000000, 0.8988142171340585129 ) ) ;
#4033 = CARTESIAN_POINT ( 'NONE',  ( 2.049461803505029156, -0.6000000000000000888, -2.833519861046362109 ) ) ;
#4034 = AXIS2_PLACEMENT_3D ( 'NONE', #4660, #5554, #3890 ) ;
#4035 = VECTOR ( 'NONE', #1068, 1000.000000000000000 ) ;
#4036 = CARTESIAN_POINT ( 'NONE',  ( -0.7794618035050293603, -0.5500000000000000444, -2.833519861046362553 ) ) ;
#4037 = STYLED_ITEM ( 'NONE', ( #2467 ), #4948 ) ;
#4038 = EDGE_CURVE ( 'NONE', #4655, #3927, #2073, .T. ) ;
#4039 = PRESENTATION_STYLE_ASSIGNMENT (( #3634 ) ) ;
#4040 = VECTOR ( 'NONE', #5360, 1000.000000000000000 ) ;
#4041 = DIRECTION ( 'NONE',  ( 0.000000000000000000, 0.000000000000000000, 1.000000000000000000 ) ) ;
#4042 = PRESENTATION_STYLE_ASSIGNMENT (( #3604 ) ) ;
#4043 = PLANE ( 'NONE',  #5535 ) ;
#4044 = CARTESIAN_POINT ( 'NONE',  ( -0.8400000000000000799, -0.5500000000000000444, 0.000000000000000000 ) ) ;
#4045 = AXIS2_PLACEMENT_3D ( 'NONE', #479, #130, #1807 ) ;
#4046 = SURFACE_STYLE_FILL_AREA ( #3700 ) ;
#4047 = VECTOR ( 'NONE', #3600, 1000.000000000000000 ) ;
#4048 = DIRECTION ( 'NONE',  ( -0.000000000000000000, 1.000000000000000000, -0.000000000000000000 ) ) ;
#4049 = VECTOR ( 'NONE', #1941, 1000.000000000000000 ) ;
#4050 = VERTEX_POINT ( 'NONE', #4779 ) ;
#4051 =( NAMED_UNIT ( * ) PLANE_ANGLE_UNIT ( ) SI_UNIT ( $, .RADIAN. ) );
#4052 = PRESENTATION_STYLE_ASSIGNMENT (( #2590 ) ) ;
#4053 = VERTEX_POINT ( 'NONE', #857 ) ;
#4054 = VERTEX_POINT ( 'NONE', #4285 ) ;
#4055 = LINE ( 'NONE', #170, #1600 ) ;
#4056 = LINE ( 'NONE', #1048, #5026 ) ;
#4057 = CARTESIAN_POINT ( 'NONE',  ( 1.700000000000000178, -0.6000000000000000888, -2.574999999999999289 ) ) ;
#4058 = EDGE_LOOP ( 'NONE', ( #5644, #650, #2447, #1734, #677, #1647 ) ) ;
#4059 = SURFACE_STYLE_FILL_AREA ( #2300 ) ;
#4060 = CARTESIAN_POINT ( 'NONE',  ( -0.8400000000000000799, -0.6000000000000000888, -2.574999999999999734 ) ) ;
#4061 = ADVANCED_FACE ( 'NONE', ( #2140 ), #3861, .T. ) ;
#4062 = CARTESIAN_POINT ( 'NONE',  ( 0.000000000000000000, -0.6000000000000000888, 2.414999999999999591 ) ) ;
#4063 = UNCERTAINTY_MEASURE_WITH_UNIT (LENGTH_MEASURE( 1.000000000000000082E-05 ), #782, 'distance_accuracy_value', 'NONE');
#4064 =( GEOMETRIC_REPRESENTATION_CONTEXT ( 3 ) GLOBAL_UNCERTAINTY_ASSIGNED_CONTEXT ( ( #2134 ) ) GLOBAL_UNIT_ASSIGNED_CONTEXT ( ( #5661, #4276, #791 ) ) REPRESENTATION_CONTEXT ( 'NONE', 'WORKASPACE' ) );
#4065 =( NAMED_UNIT ( * ) SI_UNIT ( $, .STERADIAN. ) SOLID_ANGLE_UNIT ( ) );
#4066 = PRESENTATION_STYLE_ASSIGNMENT (( #4555 ) ) ;
#4067 = SURFACE_STYLE_FILL_AREA ( #1434 ) ;
#4068 = CARTESIAN_POINT ( 'NONE',  ( -0.3857966767330511804, -0.5500000000000000444, -2.574999999999999734 ) ) ;
#4069 = EDGE_CURVE ( 'NONE', #4332, #802, #2202, .T. ) ;
#4070 = CARTESIAN_POINT ( 'NONE',  ( -0.7200521629136938939, -0.6000000000000000888, -0.3511518909319935600 ) ) ;
#4071 = DIRECTION ( 'NONE',  ( 0.000000000000000000, 0.000000000000000000, -1.000000000000000000 ) ) ;
#4072 = CARTESIAN_POINT ( 'NONE',  ( -2.085796676733050248, -0.6000000000000000888, -2.506040755987019697 ) ) ;
#4073 = EDGE_CURVE ( 'NONE', #775, #117, #5323, .T. ) ;
#4074 = VECTOR ( 'NONE', #1885, 1000.000000000000114 ) ;
#4075 = ORIENTED_EDGE ( 'NONE', *, *, #2945, .T. ) ;
#4076 =( GEOMETRIC_REPRESENTATION_CONTEXT ( 3 ) GLOBAL_UNCERTAINTY_ASSIGNED_CONTEXT ( ( #3227 ) ) GLOBAL_UNIT_ASSIGNED_CONTEXT ( ( #2032, #2125, #2096 ) ) REPRESENTATION_CONTEXT ( 'NONE', 'WORKASPACE' ) );
#4077 = CARTESIAN_POINT ( 'NONE',  ( -2.772034335096362767, -0.6000000000000000888, 1.351853585938290303 ) ) ;
#4078 = CARTESIAN_POINT ( 'NONE',  ( 1.760538196494970675, -0.6000000000000000888, 0.000000000000000000 ) ) ;
#4079 = CARTESIAN_POINT ( 'NONE',  ( -2.185796676733049893, -0.6000000000000000888, 0.7769784804864433569 ) ) ;
#4080 = COLOUR_RGB ( '',1.000000000000000000, 1.000000000000000000, 1.000000000000000000 ) ;
#4081 = EDGE_CURVE ( 'NONE', #2086, #2933, #2691, .T. ) ;
#4082 = PRESENTATION_LAYER_ASSIGNMENT (  '', '', ( #2520 ) ) ;
#4083 = VECTOR ( 'NONE', #5195, 1000.000000000000000 ) ;
#4084 = VERTEX_POINT ( 'NONE', #3498 ) ;
#4085 = ORIENTED_EDGE ( 'NONE', *, *, #122, .T. ) ;
#4086 =( NAMED_UNIT ( * ) PLANE_ANGLE_UNIT ( ) SI_UNIT ( $, .RADIAN. ) );
#4087 = CARTESIAN_POINT ( 'NONE',  ( 2.772034335096362767, -0.6000000000000000888, 1.351853585938290303 ) ) ;
#4088 = MECHANICAL_DESIGN_GEOMETRIC_PRESENTATION_REPRESENTATION (  '', ( #3080 ), #2991 ) ;
#4089 = VECTOR ( 'NONE', #288, 1000.000000000000000 ) ;
#4090 = DIRECTION ( 'NONE',  ( -1.000000000000000000, 0.000000000000000000, -9.230586021924224922E-15 ) ) ;
#4091 = ORIENTED_EDGE ( 'NONE', *, *, #2265, .T. ) ;
#4092 = DIRECTION ( 'NONE',  ( 0.000000000000000000, 0.000000000000000000, 1.000000000000000000 ) ) ;
#4093 = VECTOR ( 'NONE', #4092, 1000.000000000000000 ) ;
#4094 = DIRECTION ( 'NONE',  ( -0.000000000000000000, 1.000000000000000000, -0.000000000000000000 ) ) ;
#4095 = CARTESIAN_POINT ( 'NONE',  ( 2.085796676733050248, -0.6000000000000000888, 0.000000000000000000 ) ) ;
#4096 = ORIENTED_EDGE ( 'NONE', *, *, #648, .F. ) ;
#4097 = PLANE ( 'NONE',  #1509 ) ;
#4098 = PRODUCT ( 'MCC MCACD50N06YHE3-TP', 'MCC MCACD50N06YHE3-TP', '', ( #746 ) ) ;
#4099 = LINE ( 'NONE', #1482, #5086 ) ;
#4100 = ADVANCED_FACE ( 'NONE', ( #4859 ), #4890, .F. ) ;
#4101 = DIRECTION ( 'NONE',  ( -0.000000000000000000, -1.000000000000000000, -0.000000000000000000 ) ) ;
#4102 =( LENGTH_UNIT ( ) NAMED_UNIT ( * ) SI_UNIT ( .MILLI., .METRE. ) );
#4103 = SURFACE_STYLE_FILL_AREA ( #616 ) ;
#4104 = ORIENTED_EDGE ( 'NONE', *, *, #1783, .T. ) ;
#4105 = AXIS2_PLACEMENT_3D ( 'NONE', #464, #3551, #2201 ) ;
#4106 =( NAMED_UNIT ( * ) SI_UNIT ( $, .STERADIAN. ) SOLID_ANGLE_UNIT ( ) );
#4107 = EDGE_CURVE ( 'NONE', #3441, #4050, #3099, .T. ) ;
#4108 = UNCERTAINTY_MEASURE_WITH_UNIT (LENGTH_MEASURE( 1.000000000000000082E-05 ), #366, 'distance_accuracy_value', 'NONE');
#4109 = CARTESIAN_POINT ( 'NONE',  ( -0.4905381964949708795, -0.5500000000000000444, 2.833519861046362109 ) ) ;
#4110 = UNCERTAINTY_MEASURE_WITH_UNIT (LENGTH_MEASURE( 1.000000000000000082E-05 ), #2636, 'distance_accuracy_value', 'NONE');
#4111 = ORIENTED_EDGE ( 'NONE', *, *, #1343, .F. ) ;
#4112 = ORIENTED_EDGE ( 'NONE', *, *, #5239, .F. ) ;
#4113 = LINE ( 'NONE', #220, #2976 ) ;
#4114 = SURFACE_STYLE_FILL_AREA ( #5034 ) ;
#4115 = DIRECTION ( 'NONE',  ( -0.000000000000000000, 1.000000000000000000, -0.000000000000000000 ) ) ;
#4116 = ORIENTED_EDGE ( 'NONE', *, *, #4251, .F. ) ;
#4117 = CARTESIAN_POINT ( 'NONE',  ( 0.7794618035050293603, -0.3460000000000000853, 3.074999999999999734 ) ) ;
#4118 = SURFACE_STYLE_FILL_AREA ( #5432 ) ;
#4119 = FILL_AREA_STYLE_COLOUR ( '', #3127 ) ;
#4120 = ORIENTED_EDGE ( 'NONE', *, *, #1020, .T. ) ;
#4121 = CARTESIAN_POINT ( 'NONE',  ( 0.8400000000000000799, -0.6000000000000000888, 2.709383666850159411 ) ) ;
#4122 = AXIS2_PLACEMENT_3D ( 'NONE', #1087, #1455, #3603 ) ;
#4123 = SURFACE_STYLE_FILL_AREA ( #1433 ) ;
#4124 = CARTESIAN_POINT ( 'NONE',  ( 2.314999999999999947, -0.5500000000000000444, 0.8769784804864422245 ) ) ;
#4125 = VECTOR ( 'NONE', #2486, 1000.000000000000000 ) ;
#4126 = FILL_AREA_STYLE ('',( #4586 ) ) ;
#4127 = DIRECTION ( 'NONE',  ( 1.000000000000000000, 0.000000000000000000, 0.000000000000000000 ) ) ;
#4128 = STYLED_ITEM ( 'NONE', ( #5440 ), #319 ) ;
#4129 = AXIS2_PLACEMENT_3D ( 'NONE', #5215, #416, #4780 ) ;
#4130 = STYLED_ITEM ( 'NONE', ( #5645 ), #722 ) ;
#4131 = COLOUR_RGB ( '',1.000000000000000000, 1.000000000000000000, 1.000000000000000000 ) ;
#4132 = FACE_OUTER_BOUND ( 'NONE', #4198, .T. ) ;
#4133 = COLOUR_RGB ( '',1.000000000000000000, 1.000000000000000000, 1.000000000000000000 ) ;
#4134 = SURFACE_SIDE_STYLE ('',( #1530 ) ) ;
#4135 = CARTESIAN_POINT ( 'NONE',  ( 0.4299999999999998268, -0.6000000000000000888, -2.709383666850158967 ) ) ;
#4136 = DIRECTION ( 'NONE',  ( -0.000000000000000000, 1.000000000000000000, -0.000000000000000000 ) ) ;
#4137 = COLOUR_RGB ( '',1.000000000000000000, 1.000000000000000000, 1.000000000000000000 ) ;
#4138 = ADVANCED_FACE ( 'NONE', ( #5391 ), #2723, .T. ) ;
#4139 = VECTOR ( 'NONE', #4932, 1000.000000000000000 ) ;
#4140 = DIRECTION ( 'NONE',  ( 0.000000000000000000, 0.000000000000000000, -1.000000000000000000 ) ) ;
#4141 = FILL_AREA_STYLE_COLOUR ( '', #4268 ) ;
#4142 = EDGE_CURVE ( 'NONE', #4177, #1241, #4598, .T. ) ;
#4143 = EDGE_CURVE ( 'NONE', #3388, #5579, #2809, .T. ) ;
#4144 = ORIENTED_EDGE ( 'NONE', *, *, #251, .F. ) ;
#4145 = VERTEX_POINT ( 'NONE', #3310 ) ;
#4146 = DIRECTION ( 'NONE',  ( -1.000000000000000000, 0.000000000000000000, 0.000000000000000000 ) ) ;
#4147 = ORIENTED_EDGE ( 'NONE', *, *, #1974, .T. ) ;
#4148 = CARTESIAN_POINT ( 'NONE',  ( 1.760538196494970675, -0.6000000000000000888, 2.833519861046362109 ) ) ;
#4149 = ORIENTED_EDGE ( 'NONE', *, *, #5341, .F. ) ;
#4150 = LINE ( 'NONE', #2788, #3679 ) ;
#4151 = CARTESIAN_POINT ( 'NONE',  ( -1.760538196494970675, -0.6000000000000000888, 0.000000000000000000 ) ) ;
#4152 = DIRECTION ( 'NONE',  ( 1.000000000000000000, 0.000000000000000000, -9.230586021924224922E-15 ) ) ;
#4153 = LINE ( 'NONE', #1088, #3077 ) ;
#4154 = DIRECTION ( 'NONE',  ( 0.000000000000000000, -0.000000000000000000, 1.000000000000000000 ) ) ;
#4155 = PRESENTATION_LAYER_ASSIGNMENT (  '', '', ( #960 ) ) ;
#4156 = DIRECTION ( 'NONE',  ( 1.000000000000000000, 0.000000000000000000, 0.000000000000000000 ) ) ;
#4157 = CARTESIAN_POINT ( 'NONE',  ( 1.760538196494970675, -0.3460000000000000853, 2.899999999999999911 ) ) ;
#4158 = DIRECTION ( 'NONE',  ( 0.000000000000000000, 0.000000000000000000, -1.000000000000000000 ) ) ;
#4159 =( NAMED_UNIT ( * ) PLANE_ANGLE_UNIT ( ) SI_UNIT ( $, .RADIAN. ) );
#4160 = DIRECTION ( 'NONE',  ( 0.8928197462246005855, 0.000000000000000000, 0.4504141435961349638 ) ) ;
#4161 = VECTOR ( 'NONE', #4768, 1000.000000000000000 ) ;
#4162 = SURFACE_SIDE_STYLE ('',( #2834 ) ) ;
#4163 = VECTOR ( 'NONE', #5469, 1000.000000000000000 ) ;
#4164 = UNCERTAINTY_MEASURE_WITH_UNIT (LENGTH_MEASURE( 1.000000000000000082E-05 ), #4399, 'distance_accuracy_value', 'NONE');
#4165 = EDGE_CURVE ( 'NONE', #627, #4483, #4651, .T. ) ;
#4166 = STYLED_ITEM ( 'NONE', ( #3076 ), #3248 ) ;
#4167 = VERTEX_POINT ( 'NONE', #3768 ) ;
#4168 = ORIENTED_EDGE ( 'NONE', *, *, #5264, .T. ) ;
#4169 = STYLED_ITEM ( 'NONE', ( #5142 ), #2391 ) ;
#4170 = CARTESIAN_POINT ( 'NONE',  ( 0.8400000000000000799, -0.6000000000000000888, -2.574999999999999289 ) ) ;
#4171 = ADVANCED_FACE ( 'NONE', ( #5090 ), #1876, .F. ) ;
#4172 = PLANE ( 'NONE',  #4962 ) ;
#4173 = EDGE_LOOP ( 'NONE', ( #1488, #5070, #4112, #361 ) ) ;
#4174 = LINE ( 'NONE', #3744, #486 ) ;
#4175 = VECTOR ( 'NONE', #5560, 1000.000000000000000 ) ;
#4176 = ORIENTED_EDGE ( 'NONE', *, *, #1695, .T. ) ;
#4177 = VERTEX_POINT ( 'NONE', #1981 ) ;
#4178 = SURFACE_SIDE_STYLE ('',( #2167 ) ) ;
#4179 = EDGE_CURVE ( 'NONE', #1928, #2501, #2773, .T. ) ;
#4180 = VECTOR ( 'NONE', #1716, 1000.000000000000114 ) ;
#4181 = PRESENTATION_STYLE_ASSIGNMENT (( #4641 ) ) ;
#4182 = PRESENTATION_STYLE_ASSIGNMENT (( #206 ) ) ;
#4183 = CARTESIAN_POINT ( 'NONE',  ( -2.049461803505029156, -0.3460000000000000853, -2.899999999999999911 ) ) ;
#4184 = PRESENTATION_LAYER_ASSIGNMENT (  '', '', ( #1511 ) ) ;
#4185 = ORIENTED_EDGE ( 'NONE', *, *, #507, .F. ) ;
#4186 = ADVANCED_FACE ( 'NONE', ( #706 ), #1904, .F. ) ;
#4187 = LINE ( 'NONE', #672, #453 ) ;
#4188 = SURFACE_SIDE_STYLE ('',( #2858 ) ) ;
#4189 = CARTESIAN_POINT ( 'NONE',  ( -0.8400000000000000799, -0.6000000000000000888, 2.414999999999999591 ) ) ;
#4190 = LINE ( 'NONE', #5480, #658 ) ;
#4191 = CARTESIAN_POINT ( 'NONE',  ( 2.435000000000000053, -0.6000000000000000888, 1.087516676981414632 ) ) ;
#4192 = ORIENTED_EDGE ( 'NONE', *, *, #4107, .F. ) ;
#4193 = FACE_OUTER_BOUND ( 'NONE', #3780, .T. ) ;
#4194 = SURFACE_SIDE_STYLE ('',( #3371 ) ) ;
#4195 = AXIS2_PLACEMENT_3D ( 'NONE', #2958, #4720, #2022 ) ;
#4196 = SURFACE_STYLE_USAGE ( .BOTH. , #1102 ) ;
#4197 = PRESENTATION_LAYER_ASSIGNMENT (  '', '', ( #639 ) ) ;
#4198 = EDGE_LOOP ( 'NONE', ( #3621, #4775, #4697, #3136 ) ) ;
#4199 = ORIENTED_EDGE ( 'NONE', *, *, #676, .T. ) ;
#4200 = DIRECTION ( 'NONE',  ( 0.8928197462246006966, 0.000000000000000000, 0.4504141435961349638 ) ) ;
#4201 = SURFACE_SIDE_STYLE ('',( #2438 ) ) ;
#4202 = EDGE_LOOP ( 'NONE', ( #4681, #4405, #1207, #3370 ) ) ;
#4203 = PRESENTATION_STYLE_ASSIGNMENT (( #2440 ) ) ;
#4204 = ORIENTED_EDGE ( 'NONE', *, *, #1526, .F. ) ;
#4205 = ADVANCED_FACE ( 'NONE', ( #3914 ), #3852, .F. ) ;
#4206 = SURFACE_STYLE_FILL_AREA ( #1205 ) ;
#4207 =( NAMED_UNIT ( * ) SI_UNIT ( $, .STERADIAN. ) SOLID_ANGLE_UNIT ( ) );
#4208 = ORIENTED_EDGE ( 'NONE', *, *, #1798, .F. ) ;
#4209 = SURFACE_STYLE_FILL_AREA ( #5199 ) ;
#4210 = EDGE_CURVE ( 'NONE', #544, #645, #1222, .T. ) ;
#4211 = VECTOR ( 'NONE', #4424, 1000.000000000000000 ) ;
#4212 = FACE_BOUND ( 'NONE', #2616, .T. ) ;
#4213 = FILL_AREA_STYLE ('',( #1668 ) ) ;
#4214 =( NAMED_UNIT ( * ) SI_UNIT ( $, .STERADIAN. ) SOLID_ANGLE_UNIT ( ) );
#4215 = FACE_OUTER_BOUND ( 'NONE', #4955, .T. ) ;
#4216 = CARTESIAN_POINT ( 'NONE',  ( 2.049461803505029156, -0.6000000000000000888, 2.833519861046362109 ) ) ;
#4217 = AXIS2_PLACEMENT_3D ( 'NONE', #2204, #4833, #4430 ) ;
#4218 = PRESENTATION_LAYER_ASSIGNMENT (  '', '', ( #2642 ) ) ;
#4219 = VECTOR ( 'NONE', #4931, 1000.000000000000000 ) ;
#4220 = ORIENTED_EDGE ( 'NONE', *, *, #39, .F. ) ;
#4221 = MECHANICAL_DESIGN_GEOMETRIC_PRESENTATION_REPRESENTATION (  '', ( #4037 ), #3957 ) ;
#4222 = DIRECTION ( 'NONE',  ( 1.000000000000000000, 0.000000000000000000, 0.000000000000000000 ) ) ;
#4223 = VECTOR ( 'NONE', #1275, 1000.000000000000000 ) ;
#4224 = VECTOR ( 'NONE', #2712, 1000.000000000000114 ) ;
#4225 = ORIENTED_EDGE ( 'NONE', *, *, #4848, .F. ) ;
#4226 = UNCERTAINTY_MEASURE_WITH_UNIT (LENGTH_MEASURE( 1.000000000000000082E-05 ), #1270, 'distance_accuracy_value', 'NONE');
#4227 = VECTOR ( 'NONE', #4158, 1000.000000000000000 ) ;
#4228 = ORIENTED_EDGE ( 'NONE', *, *, #1311, .F. ) ;
#4229 = ORIENTED_EDGE ( 'NONE', *, *, #58, .F. ) ;
#4230 = ORIENTED_EDGE ( 'NONE', *, *, #5617, .F. ) ;
#4231 = PLANE ( 'NONE',  #1056 ) ;
#4232 = SURFACE_SIDE_STYLE ('',( #3863 ) ) ;
#4233 = ORIENTED_EDGE ( 'NONE', *, *, #5087, .F. ) ;
#4234 = VERTEX_POINT ( 'NONE', #2989 ) ;
#4235 = EDGE_LOOP ( 'NONE', ( #4647, #2700, #2923, #4185 ) ) ;
#4236 = ORIENTED_EDGE ( 'NONE', *, *, #2735, .F. ) ;
#4237 = DIRECTION ( 'NONE',  ( -1.000000000000000000, 0.000000000000000000, 0.000000000000000000 ) ) ;
#4238 = VERTEX_POINT ( 'NONE', #821 ) ;
#4239 = EDGE_CURVE ( 'NONE', #3922, #2206, #4278, .T. ) ;
#4240 = CARTESIAN_POINT ( 'NONE',  ( 1.666666666666672070, 1.383333333333335968, 1.966666666666671670 ) ) ;
#4241 = APPLICATION_CONTEXT ( 'automotive_design' ) ;
#4242 = LINE ( 'NONE', #1975, #3800 ) ;
#4243 = CARTESIAN_POINT ( 'NONE',  ( 0.000000000000000000, 0.5500000000000000444, 0.000000000000000000 ) ) ;
#4244 = ADVANCED_FACE ( 'NONE', ( #3373 ), #4715, .T. ) ;
#4245 = FACE_OUTER_BOUND ( 'NONE', #4202, .T. ) ;
#4246 = ORIENTED_EDGE ( 'NONE', *, *, #346, .T. ) ;
#4247 = ORIENTED_EDGE ( 'NONE', *, *, #4017, .T. ) ;
#4248 = DIRECTION ( 'NONE',  ( -0.000000000000000000, -1.000000000000000000, -0.000000000000000000 ) ) ;
#4249 = CARTESIAN_POINT ( 'NONE',  ( 0.7200521629136938939, -0.5500000000000000444, 0.3511518909319935600 ) ) ;
#4250 = VECTOR ( 'NONE', #4248, 1000.000000000000000 ) ;
#4251 = EDGE_CURVE ( 'NONE', #2441, #2468, #3344, .T. ) ;
#4252 = VECTOR ( 'NONE', #3879, 1000.000000000000000 ) ;
#4253 = ORIENTED_EDGE ( 'NONE', *, *, #2264, .T. ) ;
#4254 = DIRECTION ( 'NONE',  ( 0.000000000000000000, 0.000000000000000000, 1.000000000000000000 ) ) ;
#4255 = ADVANCED_FACE ( 'NONE', ( #2598 ), #1730, .T. ) ;
#4256 = LINE ( 'NONE', #2904, #3197 ) ;
#4257 = ORIENTED_EDGE ( 'NONE', *, *, #505, .T. ) ;
#4258 = COLOUR_RGB ( '',1.000000000000000000, 1.000000000000000000, 1.000000000000000000 ) ;
#4259 = CARTESIAN_POINT ( 'NONE',  ( 0.7794618035050293603, -0.6000000000000000888, -2.833519861046362553 ) ) ;
#4260 = VERTEX_POINT ( 'NONE', #4365 ) ;
#4261 = VECTOR ( 'NONE', #5010, 1000.000000000000000 ) ;
#4262 = CARTESIAN_POINT ( 'NONE',  ( 2.109999999999999876, -0.6000000000000000888, 2.414999999999999591 ) ) ;
#4263 = COLOUR_RGB ( '',0.2509803921568627416, 0.2509803921568627416, 0.2509803921568627416 ) ;
#4264 =( NAMED_UNIT ( * ) SI_UNIT ( $, .STERADIAN. ) SOLID_ANGLE_UNIT ( ) );
#4265 = ORIENTED_EDGE ( 'NONE', *, *, #5133, .T. ) ;
#4266 = AXIS2_PLACEMENT_3D ( 'NONE', #1977, #2033, #3755 ) ;
#4267 = DIRECTION ( 'NONE',  ( -0.000000000000000000, 1.000000000000000000, -0.000000000000000000 ) ) ;
#4268 = COLOUR_RGB ( '',1.000000000000000000, 1.000000000000000000, 1.000000000000000000 ) ;
#4269 = AXIS2_PLACEMENT_3D ( 'NONE', #4329, #2679, #2621 ) ;
#4270 = DIRECTION ( 'NONE',  ( 1.000000000000000000, -0.000000000000000000, -0.000000000000000000 ) ) ;
#4271 = DIRECTION ( 'NONE',  ( 0.4383297880337241881, 0.000000000000000000, -0.8988142171340585129 ) ) ;
#4272 = CARTESIAN_POINT ( 'NONE',  ( -2.772034335096362767, -0.6000000000000000888, -1.351853585938290303 ) ) ;
#4273 = FILL_AREA_STYLE_COLOUR ( '', #2652 ) ;
#4274 = VECTOR ( 'NONE', #3108, 1000.000000000000114 ) ;
#4275 = ADVANCED_FACE ( 'NONE', ( #5315 ), #3971, .F. ) ;
#4276 =( NAMED_UNIT ( * ) PLANE_ANGLE_UNIT ( ) SI_UNIT ( $, .RADIAN. ) );
#4277 = DIRECTION ( 'NONE',  ( 1.000000000000000000, 0.000000000000000000, 0.000000000000000000 ) ) ;
#4278 = LINE ( 'NONE', #4249, #279 ) ;
#4279 = UNCERTAINTY_MEASURE_WITH_UNIT (LENGTH_MEASURE( 1.000000000000000082E-05 ), #1519, 'distance_accuracy_value', 'NONE');
#4280 = ORIENTED_EDGE ( 'NONE', *, *, #1404, .F. ) ;
#4281 = EDGE_CURVE ( 'NONE', #4576, #3027, #958, .T. ) ;
#4282 = ORIENTED_EDGE ( 'NONE', *, *, #3824, .T. ) ;
#4283 = ORIENTED_EDGE ( 'NONE', *, *, #5054, .F. ) ;
#4284 = SURFACE_SIDE_STYLE ('',( #3774 ) ) ;
#4285 = CARTESIAN_POINT ( 'NONE',  ( 7.960506961166227861E-17, 0.5500000000000000444, -2.343627668065106917 ) ) ;
#4286 = VERTEX_POINT ( 'NONE', #3998 ) ;
#4287 = VECTOR ( 'NONE', #2174, 1000.000000000000000 ) ;
#4288 = EDGE_LOOP ( 'NONE', ( #1712, #5105, #3394, #907 ) ) ;
#4289 = ORIENTED_EDGE ( 'NONE', *, *, #5133, .F. ) ;
#4290 = CARTESIAN_POINT ( 'NONE',  ( 2.674999999999999822, -0.3460000000000000853, 0.9375166769814144985 ) ) ;
#4291 = PLANE ( 'NONE',  #2366 ) ;
#4292 = VERTEX_POINT ( 'NONE', #3609 ) ;
#4293 = CARTESIAN_POINT ( 'NONE',  ( -0.4905381964949708795, -0.6000000000000000888, 2.833519861046362109 ) ) ;
#4294 = CARTESIAN_POINT ( 'NONE',  ( -0.8781883311819363991, -0.6000000000000000888, 1.833272577296186867 ) ) ;
#4295 = SURFACE_STYLE_USAGE ( .BOTH. , #427 ) ;
#4296 = DIRECTION ( 'NONE',  ( 0.8988142171340585129, 0.000000000000000000, -0.4383297880337241881 ) ) ;
#4297 = SURFACE_STYLE_USAGE ( .BOTH. , #342 ) ;
#4298 =( LENGTH_UNIT ( ) NAMED_UNIT ( * ) SI_UNIT ( .MILLI., .METRE. ) );
#4299 = COLOUR_RGB ( '',0.2509803921568627416, 0.2509803921568627416, 0.2509803921568627416 ) ;
#4300 = CARTESIAN_POINT ( 'NONE',  ( -2.674999999999999822, -0.3460000000000000853, 0.9375166769814144985 ) ) ;
#4301 = CLOSED_SHELL ( 'NONE', ( #2911, #3425, #2990, #3752, #5283, #4313, #1560, #4100, #747, #4477, #641, #3210, #311, #4957, #625, #2973, #2255, #4171, #1621, #535, #4389, #243, #5389, #5648, #1491, #1448, #3711, #4556, #207, #4948, #1363, #2408, #2435, #2551, #4244, #1706, #5196, #3693, #5476, #2613, #82, #2011, #4138, #1874, #4704, #3144, #1438, #3503, #794, #5350, #1039, #4508, #1268, #4749, #4853, #420, #23, #2759, #378, #3220, #3151, #4061, #5233, #4186, #5616, #2587, #1165, #4620, #2886, #3969, #5415, #722, #3300, #4605, #3345, #2113, #2106, #289, #1371, #4275, #1465, #787, #4461, #551, #1123, #4663, #129, #319, #2443, #2333, #4809, #4782, #180, #3572, #3085, #4885, #3638, #3324, #4205, #2683, #5397, #2391, #1442, #3789, #3942, #1837, #2154, #5470, #3272, #1944, #1094, #3248, #1757, #2023, #5301, #1453, #1132, #1766, #4255 ) ) ;
#4302 = FILL_AREA_STYLE ('',( #5123 ) ) ;
#4303 = COLOUR_RGB ( '',1.000000000000000000, 1.000000000000000000, 1.000000000000000000 ) ;
#4304 = EDGE_CURVE ( 'NONE', #4454, #124, #1754, .T. ) ;
#4305 =( GEOMETRIC_REPRESENTATION_CONTEXT ( 3 ) GLOBAL_UNCERTAINTY_ASSIGNED_CONTEXT ( ( #862 ) ) GLOBAL_UNIT_ASSIGNED_CONTEXT ( ( #842, #5632, #5117 ) ) REPRESENTATION_CONTEXT ( 'NONE', 'WORKASPACE' ) );
#4306 = MECHANICAL_DESIGN_GEOMETRIC_PRESENTATION_REPRESENTATION (  '', ( #5328 ), #5048 ) ;
#4307 = AXIS2_PLACEMENT_3D ( 'NONE', #2168, #5267, #3445 ) ;
#4308 = EDGE_LOOP ( 'NONE', ( #3257, #4593 ) ) ;
#4309 = VECTOR ( 'NONE', #2910, 1000.000000000000000 ) ;
#4310 = FILL_AREA_STYLE_COLOUR ( '', #3069 ) ;
#4311 = PLANE ( 'NONE',  #1103 ) ;
#4312 = SURFACE_SIDE_STYLE ('',( #4429 ) ) ;
#4313 = ADVANCED_FACE ( 'NONE', ( #1326 ), #5289, .T. ) ;
#4314 = VECTOR ( 'NONE', #3512, 1000.000000000000000 ) ;
#4315 = EDGE_CURVE ( 'NONE', #3910, #5624, #3196, .T. ) ;
#4316 =( NAMED_UNIT ( * ) SI_UNIT ( $, .STERADIAN. ) SOLID_ANGLE_UNIT ( ) );
#4317 = ORIENTED_EDGE ( 'NONE', *, *, #1411, .F. ) ;
#4318 = ORIENTED_EDGE ( 'NONE', *, *, #3466, .F. ) ;
#4319 = DIRECTION ( 'NONE',  ( 0.4383297880337241881, 0.000000000000000000, 0.8988142171340585129 ) ) ;
#4320 = SURFACE_STYLE_USAGE ( .BOTH. , #3537 ) ;
#4321 = UNCERTAINTY_MEASURE_WITH_UNIT (LENGTH_MEASURE( 1.000000000000000082E-05 ), #1042, 'distance_accuracy_value', 'NONE');
#4322 = ORIENTED_EDGE ( 'NONE', *, *, #1532, .T. ) ;
#4323 = LINE ( 'NONE', #72, #4083 ) ;
#4324 = FILL_AREA_STYLE_COLOUR ( '', #1997 ) ;
#4325 = DIRECTION ( 'NONE',  ( -0.000000000000000000, 1.000000000000000000, -0.000000000000000000 ) ) ;
#4326 = FILL_AREA_STYLE_COLOUR ( '', #3870 ) ;
#4327 = LINE ( 'NONE', #3114, #3320 ) ;
#4328 = FILL_AREA_STYLE_COLOUR ( '', #1855 ) ;
#4329 = CARTESIAN_POINT ( 'NONE',  ( -0.4905381964949708795, -0.6000000000000000888, -3.074999999999999734 ) ) ;
#4330 =( NAMED_UNIT ( * ) SI_UNIT ( $, .STERADIAN. ) SOLID_ANGLE_UNIT ( ) );
#4331 = FILL_AREA_STYLE_COLOUR ( '', #4585 ) ;
#4332 = VERTEX_POINT ( 'NONE', #1093 ) ;
#4333 = LINE ( 'NONE', #2042, #1842 ) ;
#4334 = FILL_AREA_STYLE ('',( #5636 ) ) ;
#4335 = UNCERTAINTY_MEASURE_WITH_UNIT (LENGTH_MEASURE( 1.000000000000000082E-05 ), #2208, 'distance_accuracy_value', 'NONE');
#4336 = ORIENTED_EDGE ( 'NONE', *, *, #3557, .F. ) ;
#4337 = ORIENTED_EDGE ( 'NONE', *, *, #14, .T. ) ;
#4338 = ORIENTED_EDGE ( 'NONE', *, *, #1302, .T. ) ;
#4339 = COLOUR_RGB ( '',1.000000000000000000, 1.000000000000000000, 1.000000000000000000 ) ;
#4340 = EDGE_CURVE ( 'NONE', #1077, #3597, #4187, .T. ) ;
#4341 =( NAMED_UNIT ( * ) PLANE_ANGLE_UNIT ( ) SI_UNIT ( $, .RADIAN. ) );
#4342 = PRESENTATION_STYLE_ASSIGNMENT (( #856 ) ) ;
#4343 = DIRECTION ( 'NONE',  ( 0.000000000000000000, -1.000000000000000000, 0.000000000000000000 ) ) ;
#4344 = CARTESIAN_POINT ( 'NONE',  ( 0.7794618035050293603, -0.5500000000000000444, 2.833519861046362109 ) ) ;
#4345 = CARTESIAN_POINT ( 'NONE',  ( 0.4300000000000002709, -0.6000000000000000888, -2.574999999999999289 ) ) ;
#4346 = VECTOR ( 'NONE', #160, 1000.000000000000000 ) ;
#4347 = ORIENTED_EDGE ( 'NONE', *, *, #5160, .T. ) ;
#4348 = EDGE_CURVE ( 'NONE', #691, #3777, #3302, .T. ) ;
#4349 = FILL_AREA_STYLE_COLOUR ( '', #2481 ) ;
#4350 = ORIENTED_EDGE ( 'NONE', *, *, #4348, .F. ) ;
#4351 = PRESENTATION_STYLE_ASSIGNMENT (( #1317 ) ) ;
#4352 =( NAMED_UNIT ( * ) PLANE_ANGLE_UNIT ( ) SI_UNIT ( $, .RADIAN. ) );
#4353 = FILL_AREA_STYLE ('',( #524 ) ) ;
#4354 = VECTOR ( 'NONE', #3790, 1000.000000000000000 ) ;
#4355 = EDGE_CURVE ( 'NONE', #4379, #2004, #1506, .T. ) ;
#4356 = DIRECTION ( 'NONE',  ( 0.000000000000000000, -1.000000000000000000, 0.000000000000000000 ) ) ;
#4357 =( NAMED_UNIT ( * ) SI_UNIT ( $, .STERADIAN. ) SOLID_ANGLE_UNIT ( ) );
#4358 = PRESENTATION_STYLE_ASSIGNMENT (( #816 ) ) ;
#4359 = PRESENTATION_LAYER_ASSIGNMENT (  '', '', ( #4542 ) ) ;
#4360 = COLOUR_RGB ( '',1.000000000000000000, 1.000000000000000000, 1.000000000000000000 ) ;
#4361 = ORIENTED_EDGE ( 'NONE', *, *, #1657, .F. ) ;
#4362 = EDGE_CURVE ( 'NONE', #4375, #1014, #209, .T. ) ;
#4363 = PRESENTATION_LAYER_ASSIGNMENT (  '', '', ( #3164 ) ) ;
#4364 = FILL_AREA_STYLE ('',( #2193 ) ) ;
#4365 = CARTESIAN_POINT ( 'NONE',  ( 2.109999999999999876, -0.6000000000000000888, 2.414999999999999591 ) ) ;
#4366 = VECTOR ( 'NONE', #4380, 1000.000000000000114 ) ;
#4367 = ORIENTED_EDGE ( 'NONE', *, *, #1838, .T. ) ;
#4368 =( NAMED_UNIT ( * ) PLANE_ANGLE_UNIT ( ) SI_UNIT ( $, .RADIAN. ) );
#4369 =( LENGTH_UNIT ( ) NAMED_UNIT ( * ) SI_UNIT ( .MILLI., .METRE. ) );
#4370 = CARTESIAN_POINT ( 'NONE',  ( 2.185796676733049893, -0.6000000000000000888, 0.7769784804864433569 ) ) ;
#4371 = DIRECTION ( 'NONE',  ( 0.000000000000000000, 0.000000000000000000, 1.000000000000000000 ) ) ;
#4372 =( NAMED_UNIT ( * ) SI_UNIT ( $, .STERADIAN. ) SOLID_ANGLE_UNIT ( ) );
#4373 = UNCERTAINTY_MEASURE_WITH_UNIT (LENGTH_MEASURE( 1.000000000000000082E-05 ), #4102, 'distance_accuracy_value', 'NONE');
#4374 = VERTEX_POINT ( 'NONE', #2421 ) ;
#4375 = VERTEX_POINT ( 'NONE', #4998 ) ;
#4376 = DIRECTION ( 'NONE',  ( -0.000000000000000000, 0.000000000000000000, 1.000000000000000000 ) ) ;
#4377 = VECTOR ( 'NONE', #1882, 1000.000000000000000 ) ;
#4378 =( NAMED_UNIT ( * ) PLANE_ANGLE_UNIT ( ) SI_UNIT ( $, .RADIAN. ) );
#4379 = VERTEX_POINT ( 'NONE', #3250 ) ;
#4380 = DIRECTION ( 'NONE',  ( -0.4383297880337241881, 0.000000000000000000, -0.8988142171340585129 ) ) ;
#4381 = PLANE ( 'NONE',  #233 ) ;
#4382 = LINE ( 'NONE', #4033, #4678 ) ;
#4383 = EDGE_CURVE ( 'NONE', #811, #4332, #3754, .T. ) ;
#4384 = PLANE ( 'NONE',  #1215 ) ;
#4385 = PRESENTATION_LAYER_ASSIGNMENT (  '', '', ( #467 ) ) ;
#4386 = SURFACE_STYLE_FILL_AREA ( #2273 ) ;
#4387 = PLANE ( 'NONE',  #4045 ) ;
#4388 = FILL_AREA_STYLE_COLOUR ( '', #2088 ) ;
#4389 = ADVANCED_FACE ( 'NONE', ( #1065 ), #3732, .T. ) ;
#4390 = CARTESIAN_POINT ( 'NONE',  ( -0.7794618035050293603, -0.3460000000000000853, -2.899999999999999911 ) ) ;
#4391 = DIRECTION ( 'NONE',  ( 1.000000000000000000, 0.000000000000000000, -9.230586021924224922E-15 ) ) ;
#4392 = DIRECTION ( 'NONE',  ( 1.000000000000000000, 0.000000000000000000, 0.000000000000000000 ) ) ;
#4393 = COLOUR_RGB ( '',1.000000000000000000, 1.000000000000000000, 1.000000000000000000 ) ;
#4394 = ORIENTED_EDGE ( 'NONE', *, *, #1240, .T. ) ;
#4395 = EDGE_LOOP ( 'NONE', ( #4257, #2870, #1710, #2402 ) ) ;
#4396 = FILL_AREA_STYLE ('',( #5320 ) ) ;
#4397 = VECTOR ( 'NONE', #1259, 1000.000000000000000 ) ;
#4398 = DIRECTION ( 'NONE',  ( 0.000000000000000000, -0.000000000000000000, -1.000000000000000000 ) ) ;
#4399 =( LENGTH_UNIT ( ) NAMED_UNIT ( * ) SI_UNIT ( .MILLI., .METRE. ) );
#4400 = STYLED_ITEM ( 'NONE', ( #3675 ), #1706 ) ;
#4401 = CARTESIAN_POINT ( 'NONE',  ( -0.8400000000000005240, -0.6000000000000000888, -2.709383666850158967 ) ) ;
#4402 = VECTOR ( 'NONE', #3413, 1000.000000000000114 ) ;
#4403 = ORIENTED_EDGE ( 'NONE', *, *, #212, .F. ) ;
#4404 = VECTOR ( 'NONE', #5518, 1000.000000000000000 ) ;
#4405 = ORIENTED_EDGE ( 'NONE', *, *, #4790, .F. ) ;
#4406 = FACE_OUTER_BOUND ( 'NONE', #2660, .T. ) ;
#4407 =( NAMED_UNIT ( * ) SI_UNIT ( $, .STERADIAN. ) SOLID_ANGLE_UNIT ( ) );
#4408 = VECTOR ( 'NONE', #5631, 1000.000000000000000 ) ;
#4409 = ORIENTED_EDGE ( 'NONE', *, *, #4710, .T. ) ;
#4410 = LINE ( 'NONE', #500, #4821 ) ;
#4411 = VECTOR ( 'NONE', #4702, 1000.000000000000000 ) ;
#4412 = CARTESIAN_POINT ( 'NONE',  ( 0.000000000000000000, -0.6000000000000000888, 1.087516676981414410 ) ) ;
#4413 =( LENGTH_UNIT ( ) NAMED_UNIT ( * ) SI_UNIT ( .MILLI., .METRE. ) );
#4414 = STYLED_ITEM ( 'NONE', ( #1318 ), #5476 ) ;
#4415 = CARTESIAN_POINT ( 'NONE',  ( -0.4905381964949708795, -0.5500000000000000444, 0.000000000000000000 ) ) ;
#4416 = EDGE_CURVE ( 'NONE', #117, #2071, #4533, .T. ) ;
#4417 = SURFACE_STYLE_USAGE ( .BOTH. , #920 ) ;
#4418 = SURFACE_SIDE_STYLE ('',( #1403 ) ) ;
#4419 = PRODUCT_DEFINITION_FORMATION_WITH_SPECIFIED_SOURCE ( 'ANY', '', #4098, .NOT_KNOWN. ) ;
#4420 = CARTESIAN_POINT ( 'NONE',  ( -0.8400000000000005240, -0.6000000000000000888, -2.709383666850158967 ) ) ;
#4421 = DIRECTION ( 'NONE',  ( 0.000000000000000000, 0.000000000000000000, -1.000000000000000000 ) ) ;
#4422 = EDGE_CURVE ( 'NONE', #3855, #5156, #5444, .T. ) ;
#4423 = SURFACE_SIDE_STYLE ('',( #4850 ) ) ;
#4424 = DIRECTION ( 'NONE',  ( 0.000000000000000000, 0.000000000000000000, -1.000000000000000000 ) ) ;
#4425 = FILL_AREA_STYLE ('',( #2722 ) ) ;
#4426 = EDGE_CURVE ( 'NONE', #5065, #5209, #341, .T. ) ;
#4427 =( LENGTH_UNIT ( ) NAMED_UNIT ( * ) SI_UNIT ( .MILLI., .METRE. ) );
#4428 =( LENGTH_UNIT ( ) NAMED_UNIT ( * ) SI_UNIT ( .MILLI., .METRE. ) );
#4429 = SURFACE_STYLE_FILL_AREA ( #824 ) ;
#4430 = DIRECTION ( 'NONE',  ( 0.4383297880337241881, 0.000000000000000000, 0.8988142171340585129 ) ) ;
#4431 = UNCERTAINTY_MEASURE_WITH_UNIT (LENGTH_MEASURE( 1.000000000000000082E-05 ), #5296, 'distance_accuracy_value', 'NONE');
#4432 = MECHANICAL_DESIGN_GEOMETRIC_PRESENTATION_REPRESENTATION (  '', ( #3148 ), #5272 ) ;
#4433 = EDGE_LOOP ( 'NONE', ( #5559, #4766, #3378, #4838, #3362, #4409, #5549, #327 ) ) ;
#4434 = ORIENTED_EDGE ( 'NONE', *, *, #4656, .F. ) ;
#4435 = EDGE_CURVE ( 'NONE', #550, #4454, #839, .T. ) ;
#4436 = DIRECTION ( 'NONE',  ( -1.000000000000000000, 0.000000000000000000, 0.000000000000000000 ) ) ;
#4437 = ORIENTED_EDGE ( 'NONE', *, *, #4340, .T. ) ;
#4438 = LINE ( 'NONE', #1368, #1350 ) ;
#4439 = CARTESIAN_POINT ( 'NONE',  ( -2.434999999999999609, -0.6000000000000000888, 0.9375166769814144985 ) ) ;
#4440 = SURFACE_STYLE_USAGE ( .BOTH. , #3510 ) ;
#4441 = LINE ( 'NONE', #4415, #4718 ) ;
#4442 = PRESENTATION_STYLE_ASSIGNMENT (( #154 ) ) ;
#4443 = CARTESIAN_POINT ( 'NONE',  ( -0.4300000000000002709, -0.6000000000000000888, 2.414999999999999591 ) ) ;
#4444 =( NAMED_UNIT ( * ) SI_UNIT ( $, .STERADIAN. ) SOLID_ANGLE_UNIT ( ) );
#4445 = DIRECTION ( 'NONE',  ( 0.000000000000000000, 0.000000000000000000, 1.000000000000000000 ) ) ;
#4446 = VECTOR ( 'NONE', #769, 1000.000000000000000 ) ;
#4447 = CARTESIAN_POINT ( 'NONE',  ( -2.600000000000000089, -0.3460000000000000853, 1.087516676981414410 ) ) ;
#4448 =( NAMED_UNIT ( * ) SI_UNIT ( $, .STERADIAN. ) SOLID_ANGLE_UNIT ( ) );
#4449 = VECTOR ( 'NONE', #1890, 1000.000000000000000 ) ;
#4450 = CARTESIAN_POINT ( 'NONE',  ( -2.185796676733050781, -0.5500000000000000444, 0.8769784804864434458 ) ) ;
#4451 = AXIS2_PLACEMENT_3D ( 'NONE', #1608, #1150, #3786 ) ;
#4452 = EDGE_CURVE ( 'NONE', #5496, #550, #3012, .T. ) ;
#4453 = MECHANICAL_DESIGN_GEOMETRIC_PRESENTATION_REPRESENTATION (  '', ( #3909 ), #1593 ) ;
#4454 = VERTEX_POINT ( 'NONE', #4761 ) ;
#4455 = PRESENTATION_STYLE_ASSIGNMENT (( #937 ) ) ;
#4456 =( GEOMETRIC_REPRESENTATION_CONTEXT ( 3 ) GLOBAL_UNCERTAINTY_ASSIGNED_CONTEXT ( ( #4335 ) ) GLOBAL_UNIT_ASSIGNED_CONTEXT ( ( #2208, #5334, #5396 ) ) REPRESENTATION_CONTEXT ( 'NONE', 'WORKASPACE' ) );
#4457 = DIRECTION ( 'NONE',  ( -0.000000000000000000, 1.000000000000000000, -0.000000000000000000 ) ) ;
#4458 = VECTOR ( 'NONE', #1618, 1000.000000000000000 ) ;
#4459 = PLANE ( 'NONE',  #135 ) ;
#4460 = DIRECTION ( 'NONE',  ( -0.4383297880337241881, 0.000000000000000000, -0.8988142171340585129 ) ) ;
#4461 = ADVANCED_FACE ( 'NONE', ( #1612 ), #400, .T. ) ;
#4462 = EDGE_CURVE ( 'NONE', #822, #992, #2947, .T. ) ;
#4463 = EDGE_LOOP ( 'NONE', ( #5647, #1030, #804, #197 ) ) ;
#4464 = VERTEX_POINT ( 'NONE', #5656 ) ;
#4465 = ORIENTED_EDGE ( 'NONE', *, *, #387, .F. ) ;
#4466 = FILL_AREA_STYLE ('',( #1742 ) ) ;
#4467 = VERTEX_POINT ( 'NONE', #2979 ) ;
#4468 = DIRECTION ( 'NONE',  ( 0.000000000000000000, 0.000000000000000000, -1.000000000000000000 ) ) ;
#4469 = FACE_OUTER_BOUND ( 'NONE', #3858, .T. ) ;
#4470 =( NAMED_UNIT ( * ) SI_UNIT ( $, .STERADIAN. ) SOLID_ANGLE_UNIT ( ) );
#4471 = DIRECTION ( 'NONE',  ( 0.000000000000000000, 1.000000000000000000, 0.000000000000000000 ) ) ;
#4472 = CARTESIAN_POINT ( 'NONE',  ( -2.674999999999999822, -0.3460000000000000853, 1.087516676981414410 ) ) ;
#4473 = VECTOR ( 'NONE', #34, 1000.000000000000000 ) ;
#4474 = FILL_AREA_STYLE_COLOUR ( '', #4299 ) ;
#4475 = ORIENTED_EDGE ( 'NONE', *, *, #3176, .F. ) ;
#4476 = SURFACE_STYLE_FILL_AREA ( #5357 ) ;
#4477 = ADVANCED_FACE ( 'NONE', ( #4212, #1186 ), #730, .F. ) ;
#4478 = SURFACE_SIDE_STYLE ('',( #1847 ) ) ;
#4479 =( LENGTH_UNIT ( ) NAMED_UNIT ( * ) SI_UNIT ( .MILLI., .METRE. ) );
#4480 = LINE ( 'NONE', #1823, #4040 ) ;
#4481 = UNCERTAINTY_MEASURE_WITH_UNIT (LENGTH_MEASURE( 1.000000000000000082E-05 ), #4987, 'distance_accuracy_value', 'NONE');
#4482 = ORIENTED_EDGE ( 'NONE', *, *, #4530, .F. ) ;
#4483 = VERTEX_POINT ( 'NONE', #900 ) ;
#4484 = CARTESIAN_POINT ( 'NONE',  ( 1.760538196494970675, -0.3460000000000000853, -3.074999999999999734 ) ) ;
#4485 = PRESENTATION_LAYER_ASSIGNMENT (  '', '', ( #478 ) ) ;
#4486 = PLANE ( 'NONE',  #123 ) ;
#4487 = EDGE_CURVE ( 'NONE', #5299, #2956, #3091, .T. ) ;
#4488 = COLOUR_RGB ( '',1.000000000000000000, 1.000000000000000000, 1.000000000000000000 ) ;
#4489 = PLANE ( 'NONE',  #2469 ) ;
#4490 = VERTEX_POINT ( 'NONE', #1352 ) ;
#4491 = CARTESIAN_POINT ( 'NONE',  ( -2.500000000000000444, 0.5500000000000000444, 0.000000000000000000 ) ) ;
#4492 =( GEOMETRIC_REPRESENTATION_CONTEXT ( 3 ) GLOBAL_UNCERTAINTY_ASSIGNED_CONTEXT ( ( #4568 ) ) GLOBAL_UNIT_ASSIGNED_CONTEXT ( ( #5043, #1119, #636 ) ) REPRESENTATION_CONTEXT ( 'NONE', 'WORKASPACE' ) );
#4493 = LINE ( 'NONE', #3778, #656 ) ;
#4494 =( GEOMETRIC_REPRESENTATION_CONTEXT ( 3 ) GLOBAL_UNCERTAINTY_ASSIGNED_CONTEXT ( ( #1218 ) ) GLOBAL_UNIT_ASSIGNED_CONTEXT ( ( #4632, #1548, #3414 ) ) REPRESENTATION_CONTEXT ( 'NONE', 'WORKASPACE' ) );
#4495 = STYLED_ITEM ( 'NONE', ( #3142 ), #1874 ) ;
#4496 = PRESENTATION_STYLE_ASSIGNMENT (( #4553 ) ) ;
#4497 = COLOUR_RGB ( '',1.000000000000000000, 1.000000000000000000, 1.000000000000000000 ) ;
#4498 = MECHANICAL_DESIGN_GEOMETRIC_PRESENTATION_REPRESENTATION (  '', ( #5633 ), #1994 ) ;
#4499 = LINE ( 'NONE', #4121, #3897 ) ;
#4500 = STYLED_ITEM ( 'NONE', ( #5297 ), #794 ) ;
#4501 = EDGE_CURVE ( 'NONE', #544, #335, #2245, .T. ) ;
#4502 =( GEOMETRIC_REPRESENTATION_CONTEXT ( 3 ) GLOBAL_UNCERTAINTY_ASSIGNED_CONTEXT ( ( #3678 ) ) GLOBAL_UNIT_ASSIGNED_CONTEXT ( ( #5079, #3298, #3877 ) ) REPRESENTATION_CONTEXT ( 'NONE', 'WORKASPACE' ) );
#4503 = DIRECTION ( 'NONE',  ( -0.000000000000000000, 1.000000000000000000, -0.000000000000000000 ) ) ;
#4504 = LINE ( 'NONE', #2733, #3158 ) ;
#4505 = DIRECTION ( 'NONE',  ( 0.000000000000000000, 0.000000000000000000, 1.000000000000000000 ) ) ;
#4506 =( LENGTH_UNIT ( ) NAMED_UNIT ( * ) SI_UNIT ( .MILLI., .METRE. ) );
#4507 = PRESENTATION_LAYER_ASSIGNMENT (  '', '', ( #1303 ) ) ;
#4508 = ADVANCED_FACE ( 'NONE', ( #984 ), #1291, .T. ) ;
#4509 =( NAMED_UNIT ( * ) SI_UNIT ( $, .STERADIAN. ) SOLID_ANGLE_UNIT ( ) );
#4510 = LINE ( 'NONE', #4563, #1989 ) ;
#4511 = AXIS2_PLACEMENT_3D ( 'NONE', #4062, #3189, #1033 ) ;
#4512 =( NAMED_UNIT ( * ) SI_UNIT ( $, .STERADIAN. ) SOLID_ANGLE_UNIT ( ) );
#4513 = FILL_AREA_STYLE_COLOUR ( '', #1451 ) ;
#4514 = FILL_AREA_STYLE_COLOUR ( '', #3155 ) ;
#4515 = CARTESIAN_POINT ( 'NONE',  ( 0.7794618035050293603, -0.3460000000000000853, 2.899999999999999911 ) ) ;
#4516 = VERTEX_POINT ( 'NONE', #2709 ) ;
#4517 = CARTESIAN_POINT ( 'NONE',  ( 0.4300000000000002709, -0.5500000000000000444, -2.574999999999999289 ) ) ;
#4518 = LINE ( 'NONE', #4170, #5506 ) ;
#4519 = CARTESIAN_POINT ( 'NONE',  ( -2.109999999999999876, -0.5500000000000000444, 0.000000000000000000 ) ) ;
#4520 = VERTEX_POINT ( 'NONE', #3042 ) ;
#4521 = CARTESIAN_POINT ( 'NONE',  ( -1.700000000000000178, -0.6000000000000000888, 2.414999999999999591 ) ) ;
#4522 = CARTESIAN_POINT ( 'NONE',  ( 1.700000000000000178, -0.6000000000000000888, 2.414999999999999591 ) ) ;
#4523 = EDGE_CURVE ( 'NONE', #2071, #5364, #3487, .T. ) ;
#4524 = STYLED_ITEM ( 'NONE', ( #189 ), #3300 ) ;
#4525 = FILL_AREA_STYLE_COLOUR ( '', #443 ) ;
#4526 = EDGE_LOOP ( 'NONE', ( #2325, #4204, #4659, #2026 ) ) ;
#4527 = CARTESIAN_POINT ( 'NONE',  ( -0.7794618035050293603, -0.6000000000000000888, 0.000000000000000000 ) ) ;
#4528 = DIRECTION ( 'NONE',  ( -1.000000000000000000, 0.000000000000000000, 0.000000000000000000 ) ) ;
#4529 = SURFACE_SIDE_STYLE ('',( #4967 ) ) ;
#4530 = EDGE_CURVE ( 'NONE', #4145, #1909, #3542, .T. ) ;
#4531 = PRESENTATION_LAYER_ASSIGNMENT (  '', '', ( #4905 ) ) ;
#4532 = LINE ( 'NONE', #698, #3891 ) ;
#4533 = LINE ( 'NONE', #614, #2782 ) ;
#4534 = VECTOR ( 'NONE', #435, 1000.000000000000000 ) ;
#4535 = LINE ( 'NONE', #2363, #3673 ) ;
#4536 = LINE ( 'NONE', #1097, #487 ) ;
#4537 = MECHANICAL_DESIGN_GEOMETRIC_PRESENTATION_REPRESENTATION (  '', ( #3807 ), #1942 ) ;
#4538 = VECTOR ( 'NONE', #4271, 1000.000000000000114 ) ;
#4539 =( LENGTH_UNIT ( ) NAMED_UNIT ( * ) SI_UNIT ( .MILLI., .METRE. ) );
#4540 = COLOUR_RGB ( '',1.000000000000000000, 1.000000000000000000, 1.000000000000000000 ) ;
#4541 = DIRECTION ( 'NONE',  ( -0.000000000000000000, 1.000000000000000000, -0.000000000000000000 ) ) ;
#4542 = STYLED_ITEM ( 'NONE', ( #511 ), #4138 ) ;
#4543 = STYLED_ITEM ( 'NONE', ( #4042 ), #2587 ) ;
#4544 = ORIENTED_EDGE ( 'NONE', *, *, #1701, .T. ) ;
#4545 = ORIENTED_EDGE ( 'NONE', *, *, #3053, .F. ) ;
#4546 = CARTESIAN_POINT ( 'NONE',  ( 0.1169838305759771518, -0.5500000000000000444, -0.2318876425445398626 ) ) ;
#4547 = DIRECTION ( 'NONE',  ( 0.000000000000000000, 1.000000000000000000, 0.000000000000000000 ) ) ;
#4548 = AXIS2_PLACEMENT_3D ( 'NONE', #1301, #409, #874 ) ;
#4549 =( GEOMETRIC_REPRESENTATION_CONTEXT ( 3 ) GLOBAL_UNCERTAINTY_ASSIGNED_CONTEXT ( ( #2775 ) ) GLOBAL_UNIT_ASSIGNED_CONTEXT ( ( #3878, #813, #2094 ) ) REPRESENTATION_CONTEXT ( 'NONE', 'WORKASPACE' ) );
#4550 = SURFACE_STYLE_USAGE ( .BOTH. , #4928 ) ;
#4551 = ORIENTED_EDGE ( 'NONE', *, *, #1898, .F. ) ;
#4552 = COLOUR_RGB ( '',1.000000000000000000, 1.000000000000000000, 1.000000000000000000 ) ;
#4553 = SURFACE_STYLE_USAGE ( .BOTH. , #2732 ) ;
#4554 = LINE ( 'NONE', #1918, #1850 ) ;
#4555 = SURFACE_STYLE_USAGE ( .BOTH. , #5471 ) ;
#4556 = ADVANCED_FACE ( 'NONE', ( #3117 ), #5257, .T. ) ;
#4557 = CARTESIAN_POINT ( 'NONE',  ( 1.700000000000000178, -0.6000000000000000888, -2.709383666850158967 ) ) ;
#4558 = DIRECTION ( 'NONE',  ( -0.000000000000000000, 0.000000000000000000, 1.000000000000000000 ) ) ;
#4559 = LINE ( 'NONE', #3731, #3991 ) ;
#4560 = SURFACE_STYLE_FILL_AREA ( #5504 ) ;
#4561 = EDGE_CURVE ( 'NONE', #5456, #1550, #40, .T. ) ;
#4562 = CARTESIAN_POINT ( 'NONE',  ( -2.600000000000000089, -0.5500000000000000444, 1.087516676981414632 ) ) ;
#4563 = CARTESIAN_POINT ( 'NONE',  ( -0.4905381964949708795, -0.3460000000000000853, -3.074999999999999734 ) ) ;
#4564 = COLOUR_RGB ( '',1.000000000000000000, 1.000000000000000000, 1.000000000000000000 ) ;
#4565 = CARTESIAN_POINT ( 'NONE',  ( 2.500000000000000444, 0.5500000000000000444, -2.800000000000000266 ) ) ;
#4566 = EDGE_LOOP ( 'NONE', ( #470, #4689, #4929, #3205 ) ) ;
#4567 = SURFACE_STYLE_USAGE ( .BOTH. , #4617 ) ;
#4568 = UNCERTAINTY_MEASURE_WITH_UNIT (LENGTH_MEASURE( 1.000000000000000082E-05 ), #5043, 'distance_accuracy_value', 'NONE');
#4569 = DIRECTION ( 'NONE',  ( 0.000000000000000000, 0.000000000000000000, 1.000000000000000000 ) ) ;
#4570 = UNCERTAINTY_MEASURE_WITH_UNIT (LENGTH_MEASURE( 1.000000000000000082E-05 ), #3268, 'distance_accuracy_value', 'NONE');
#4571 = EDGE_LOOP ( 'NONE', ( #1770, #1510, #2882, #2474 ) ) ;
#4572 = ORIENTED_EDGE ( 'NONE', *, *, #3972, .F. ) ;
#4573 = ORIENTED_EDGE ( 'NONE', *, *, #4807, .F. ) ;
#4574 = CARTESIAN_POINT ( 'NONE',  ( 2.674999999999999822, -0.3460000000000000853, 1.087516676981414410 ) ) ;
#4575 = LINE ( 'NONE', #5011, #4377 ) ;
#4576 = VERTEX_POINT ( 'NONE', #1501 ) ;
#4577 = FILL_AREA_STYLE ('',( #5430 ) ) ;
#4578 = SURFACE_SIDE_STYLE ('',( #4789 ) ) ;
#4579 = CARTESIAN_POINT ( 'NONE',  ( -0.7794618035050293603, -0.6000000000000000888, 2.833519861046362109 ) ) ;
#4580 = MECHANICAL_DESIGN_GEOMETRIC_PRESENTATION_REPRESENTATION (  '', ( #3850 ), #3270 ) ;
#4581 = COLOUR_RGB ( '',1.000000000000000000, 1.000000000000000000, 1.000000000000000000 ) ;
#4582 = DIRECTION ( 'NONE',  ( 0.4383297880337241881, 0.000000000000000000, 0.8988142171340585129 ) ) ;
#4583 = MECHANICAL_DESIGN_GEOMETRIC_PRESENTATION_REPRESENTATION (  '', ( #4857 ), #3277 ) ;
#4584 = CARTESIAN_POINT ( 'NONE',  ( -2.674999999999999822, -0.6000000000000000888, 1.087516676981414410 ) ) ;
#4585 = COLOUR_RGB ( '',0.2509803921568627416, 0.2509803921568627416, 0.2509803921568627416 ) ;
#4586 = FILL_AREA_STYLE_COLOUR ( '', #3116 ) ;
#4587 = PRESENTATION_LAYER_ASSIGNMENT (  '', '', ( #4037 ) ) ;
#4588 = VECTOR ( 'NONE', #5106, 1000.000000000000000 ) ;
#4589 = EDGE_CURVE ( 'NONE', #2206, #1478, #3245, .T. ) ;
#4590 = CARTESIAN_POINT ( 'NONE',  ( 0.4905381964949708795, -0.3460000000000000853, -2.899999999999999911 ) ) ;
#4591 = DIRECTION ( 'NONE',  ( -0.000000000000000000, 1.000000000000000000, -0.000000000000000000 ) ) ;
#4592 = CARTESIAN_POINT ( 'NONE',  ( -2.109999999999999876, -0.5500000000000000444, 2.709383666850159411 ) ) ;
#4593 = ORIENTED_EDGE ( 'NONE', *, *, #4989, .T. ) ;
#4594 = UNCERTAINTY_MEASURE_WITH_UNIT (LENGTH_MEASURE( 1.000000000000000082E-05 ), #5115, 'distance_accuracy_value', 'NONE');
#4595 = EDGE_CURVE ( 'NONE', #3927, #2288, #1863, .T. ) ;
#4596 = MECHANICAL_DESIGN_GEOMETRIC_PRESENTATION_REPRESENTATION (  '', ( #4414 ), #1915 ) ;
#4597 = DIRECTION ( 'NONE',  ( 0.4383297880337241881, 0.000000000000000000, 0.8988142171340585129 ) ) ;
#4598 = LINE ( 'NONE', #269, #3436 ) ;
#4599 = EDGE_CURVE ( 'NONE', #1567, #5093, #3264, .T. ) ;
#4600 = ORIENTED_EDGE ( 'NONE', *, *, #2361, .T. ) ;
#4601 = DIRECTION ( 'NONE',  ( 0.4383297880337241881, 0.000000000000000000, -0.8988142171340585129 ) ) ;
#4602 = ORIENTED_EDGE ( 'NONE', *, *, #1598, .T. ) ;
#4603 = ORIENTED_EDGE ( 'NONE', *, *, #122, .F. ) ;
#4604 = CARTESIAN_POINT ( 'NONE',  ( -1.700000000000000178, -0.5500000000000000444, 0.000000000000000000 ) ) ;
#4605 = ADVANCED_FACE ( 'NONE', ( #1479 ), #3665, .F. ) ;
#4606 = DIRECTION ( 'NONE',  ( 0.000000000000000000, 0.000000000000000000, -1.000000000000000000 ) ) ;
#4607 = DIRECTION ( 'NONE',  ( 0.000000000000000000, 0.000000000000000000, 1.000000000000000000 ) ) ;
#4608 = SURFACE_STYLE_FILL_AREA ( #2448 ) ;
#4609 = DIRECTION ( 'NONE',  ( 9.230586021924224922E-15, 0.000000000000000000, -1.000000000000000000 ) ) ;
#4610 = SURFACE_STYLE_USAGE ( .BOTH. , #260 ) ;
#4611 = COLOUR_RGB ( '',0.2509803921568627416, 0.2509803921568627416, 0.2509803921568627416 ) ;
#4612 =( NAMED_UNIT ( * ) PLANE_ANGLE_UNIT ( ) SI_UNIT ( $, .RADIAN. ) );
#4613 = CARTESIAN_POINT ( 'NONE',  ( 0.8400000000000000799, -0.6000000000000000888, 0.000000000000000000 ) ) ;
#4614 = LINE ( 'NONE', #732, #1638 ) ;
#4615 = CARTESIAN_POINT ( 'NONE',  ( -0.4905381964949708795, -0.6000000000000000888, 0.000000000000000000 ) ) ;
#4616 = MECHANICAL_DESIGN_GEOMETRIC_PRESENTATION_REPRESENTATION (  '', ( #2122 ), #3608 ) ;
#4617 = SURFACE_SIDE_STYLE ('',( #1534 ) ) ;
#4618 = COLOUR_RGB ( '',1.000000000000000000, 1.000000000000000000, 1.000000000000000000 ) ;
#4619 = UNCERTAINTY_MEASURE_WITH_UNIT (LENGTH_MEASURE( 1.000000000000000082E-05 ), #1163, 'distance_accuracy_value', 'NONE');
#4620 = ADVANCED_FACE ( 'NONE', ( #1834 ), #1036, .F. ) ;
#4621 = ORIENTED_EDGE ( 'NONE', *, *, #1195, .F. ) ;
#4622 = VECTOR ( 'NONE', #4152, 1000.000000000000000 ) ;
#4623 = ORIENTED_EDGE ( 'NONE', *, *, #2625, .T. ) ;
#4624 = ORIENTED_EDGE ( 'NONE', *, *, #4422, .F. ) ;
#4625 = CARTESIAN_POINT ( 'NONE',  ( -2.109999999999999876, -0.5500000000000000444, 0.000000000000000000 ) ) ;
#4626 = VECTOR ( 'NONE', #2594, 1000.000000000000000 ) ;
#4627 = DIRECTION ( 'NONE',  ( -0.000000000000000000, 1.000000000000000000, -0.000000000000000000 ) ) ;
#4628 = CARTESIAN_POINT ( 'NONE',  ( 1.746043249005028386, -0.6000000000000000888, -0.8515027384351421258 ) ) ;
#4629 = ORIENTED_EDGE ( 'NONE', *, *, #3389, .F. ) ;
#4630 = EDGE_CURVE ( 'NONE', #1553, #1916, #2821, .T. ) ;
#4631 = EDGE_CURVE ( 'NONE', #5209, #281, #5501, .T. ) ;
#4632 =( LENGTH_UNIT ( ) NAMED_UNIT ( * ) SI_UNIT ( .MILLI., .METRE. ) );
#4633 = MECHANICAL_DESIGN_GEOMETRIC_PRESENTATION_REPRESENTATION (  '', ( #3435 ), #803 ) ;
#4634 = ORIENTED_EDGE ( 'NONE', *, *, #2582, .F. ) ;
#4635 = LINE ( 'NONE', #4604, #2101 ) ;
#4636 = MECHANICAL_DESIGN_GEOMETRIC_PRESENTATION_REPRESENTATION (  '', ( #4737 ), #5012 ) ;
#4637 = SURFACE_SIDE_STYLE ('',( #4206 ) ) ;
#4638 = STYLED_ITEM ( 'NONE', ( #5226 ), #420 ) ;
#4639 = CARTESIAN_POINT ( 'NONE',  ( -0.7794618035050293603, -0.6000000000000000888, 2.833519861046362109 ) ) ;
#4640 = ORIENTED_EDGE ( 'NONE', *, *, #715, .F. ) ;
#4641 = SURFACE_STYLE_USAGE ( .BOTH. , #695 ) ;
#4642 = SURFACE_SIDE_STYLE ('',( #1151 ) ) ;
#4643 = DIRECTION ( 'NONE',  ( -0.4383297880337241881, 0.000000000000000000, -0.8988142171340585129 ) ) ;
#4644 = VECTOR ( 'NONE', #1013, 1000.000000000000000 ) ;
#4645 = SURFACE_STYLE_FILL_AREA ( #2484 ) ;
#4646 = SURFACE_STYLE_FILL_AREA ( #1922 ) ;
#4647 = ORIENTED_EDGE ( 'NONE', *, *, #5168, .T. ) ;
#4648 =( NAMED_UNIT ( * ) PLANE_ANGLE_UNIT ( ) SI_UNIT ( $, .RADIAN. ) );
#4649 = CARTESIAN_POINT ( 'NONE',  ( 0.000000000000000000, -0.6000000000000000888, 1.087516676981414410 ) ) ;
#4650 = VECTOR ( 'NONE', #714, 1000.000000000000000 ) ;
#4651 = LINE ( 'NONE', #1043, #1066 ) ;
#4652 = EDGE_LOOP ( 'NONE', ( #2533, #1542, #1225, #4116, #367, #4482, #1046, #3252, #3015, #1005, #1776 ) ) ;
#4653 = COLOUR_RGB ( '',1.000000000000000000, 1.000000000000000000, 1.000000000000000000 ) ;
#4654 = VERTEX_POINT ( 'NONE', #606 ) ;
#4655 = VERTEX_POINT ( 'NONE', #829 ) ;
#4656 = EDGE_CURVE ( 'NONE', #2083, #201, #2539, .T. ) ;
#4657 = PRESENTATION_STYLE_ASSIGNMENT (( #3207 ) ) ;
#4658 = SURFACE_STYLE_USAGE ( .BOTH. , #4284 ) ;
#4659 = ORIENTED_EDGE ( 'NONE', *, *, #22, .T. ) ;
#4660 = CARTESIAN_POINT ( 'NONE',  ( -1.760538196494970675, -0.6000000000000000888, 0.000000000000000000 ) ) ;
#4661 = ORIENTED_EDGE ( 'NONE', *, *, #1035, .F. ) ;
#4662 = ORIENTED_EDGE ( 'NONE', *, *, #4027, .T. ) ;
#4663 = ADVANCED_FACE ( 'NONE', ( #3004 ), #3326, .F. ) ;
#4664 = CARTESIAN_POINT ( 'NONE',  ( 0.7794618035050293603, -0.3460000000000000853, -3.074999999999999734 ) ) ;
#4665 = DIRECTION ( 'NONE',  ( -0.000000000000000000, 1.000000000000000000, -0.000000000000000000 ) ) ;
#4666 = ORIENTED_EDGE ( 'NONE', *, *, #4742, .T. ) ;
#4667 = DIRECTION ( 'NONE',  ( -1.000000000000000000, 0.000000000000000000, 0.000000000000000000 ) ) ;
#4668 = SURFACE_STYLE_USAGE ( .BOTH. , #5136 ) ;
#4669 = EDGE_CURVE ( 'NONE', #335, #4688, #779, .T. ) ;
#4670 = VECTOR ( 'NONE', #471, 1000.000000000000000 ) ;
#4671 =( NAMED_UNIT ( * ) PLANE_ANGLE_UNIT ( ) SI_UNIT ( $, .RADIAN. ) );
#4672 =( GEOMETRIC_REPRESENTATION_CONTEXT ( 3 ) GLOBAL_UNCERTAINTY_ASSIGNED_CONTEXT ( ( #4321 ) ) GLOBAL_UNIT_ASSIGNED_CONTEXT ( ( #1042, #3228, #1513 ) ) REPRESENTATION_CONTEXT ( 'NONE', 'WORKASPACE' ) );
#4673 = DIRECTION ( 'NONE',  ( 0.000000000000000000, 0.000000000000000000, -1.000000000000000000 ) ) ;
#4674 = CARTESIAN_POINT ( 'NONE',  ( 2.772034335096362767, -0.6000000000000000888, -1.351853585938290303 ) ) ;
#4675 = CARTESIAN_POINT ( 'NONE',  ( -0.8400000000000000799, -0.6000000000000000888, 2.414999999999999591 ) ) ;
#4676 = MECHANICAL_DESIGN_GEOMETRIC_PRESENTATION_REPRESENTATION (  '', ( #2737 ), #216 ) ;
#4677 = STYLED_ITEM ( 'NONE', ( #1494 ), #4853 ) ;
#4678 = VECTOR ( 'NONE', #4468, 1000.000000000000000 ) ;
#4679 = VERTEX_POINT ( 'NONE', #3393 ) ;
#4680 = PRESENTATION_LAYER_ASSIGNMENT (  '', '', ( #4400 ) ) ;
#4681 = ORIENTED_EDGE ( 'NONE', *, *, #5101, .F. ) ;
#4682 = EDGE_CURVE ( 'NONE', #1058, #4025, #1148, .T. ) ;
#4683 = DIRECTION ( 'NONE',  ( -0.000000000000000000, 1.000000000000000000, -0.000000000000000000 ) ) ;
#4684 = FILL_AREA_STYLE ('',( #268 ) ) ;
#4685 = AXIS2_PLACEMENT_3D ( 'NONE', #2681, #1323, #4445 ) ;
#4686 = UNCERTAINTY_MEASURE_WITH_UNIT (LENGTH_MEASURE( 1.000000000000000082E-05 ), #457, 'distance_accuracy_value', 'NONE');
#4687 =( GEOMETRIC_REPRESENTATION_CONTEXT ( 3 ) GLOBAL_UNCERTAINTY_ASSIGNED_CONTEXT ( ( #996 ) ) GLOBAL_UNIT_ASSIGNED_CONTEXT ( ( #761, #100, #5259 ) ) REPRESENTATION_CONTEXT ( 'NONE', 'WORKASPACE' ) );
#4688 = VERTEX_POINT ( 'NONE', #2505 ) ;
#4689 = ORIENTED_EDGE ( 'NONE', *, *, #3605, .F. ) ;
#4690 = CARTESIAN_POINT ( 'NONE',  ( 2.600000000000000089, -0.5500000000000000444, -2.899999999999999911 ) ) ;
#4691 = CARTESIAN_POINT ( 'NONE',  ( 0.3857966767330511804, -0.6000000000000000888, -2.574999999999999734 ) ) ;
#4692 = VECTOR ( 'NONE', #2572, 1000.000000000000000 ) ;
#4693 = PRESENTATION_STYLE_ASSIGNMENT (( #3776 ) ) ;
#4694 = EDGE_LOOP ( 'NONE', ( #2668, #148, #4836, #5013 ) ) ;
#4695 = DIRECTION ( 'NONE',  ( 1.000000000000000000, 0.000000000000000000, -0.000000000000000000 ) ) ;
#4696 = EDGE_LOOP ( 'NONE', ( #3549, #54, #4091, #4168 ) ) ;
#4697 = ORIENTED_EDGE ( 'NONE', *, *, #2804, .F. ) ;
#4698 =( LENGTH_UNIT ( ) NAMED_UNIT ( * ) SI_UNIT ( .MILLI., .METRE. ) );
#4699 = CARTESIAN_POINT ( 'NONE',  ( 8.095025303506697524E-15, -0.6000000000000000888, 0.8769784804864635408 ) ) ;
#4700 = ORIENTED_EDGE ( 'NONE', *, *, #3266, .F. ) ;
#4701 = CARTESIAN_POINT ( 'NONE',  ( 2.109999999999999876, -0.6000000000000000888, 0.000000000000000000 ) ) ;
#4702 = DIRECTION ( 'NONE',  ( -0.000000000000000000, 1.000000000000000000, -0.000000000000000000 ) ) ;
#4703 = DIRECTION ( 'NONE',  ( -1.000000000000000000, 0.000000000000000000, 0.000000000000000000 ) ) ;
#4704 = ADVANCED_FACE ( 'NONE', ( #2970 ), #4291, .F. ) ;
#4705 = DIRECTION ( 'NONE',  ( -1.000000000000000000, 0.000000000000000000, 0.000000000000000000 ) ) ;
#4706 = DIRECTION ( 'NONE',  ( 0.000000000000000000, -1.000000000000000000, 0.000000000000000000 ) ) ;
#4707 = CARTESIAN_POINT ( 'NONE',  ( -8.095025303506697524E-15, -0.5500000000000000444, 0.8769784804864635408 ) ) ;
#4708 = CARTESIAN_POINT ( 'NONE',  ( 1.700000000000000178, -0.6000000000000000888, 0.000000000000000000 ) ) ;
#4709 = LINE ( 'NONE', #2487, #3851 ) ;
#4710 = EDGE_CURVE ( 'NONE', #4786, #546, #5076, .T. ) ;
#4711 = UNCERTAINTY_MEASURE_WITH_UNIT (LENGTH_MEASURE( 1.000000000000000082E-05 ), #1685, 'distance_accuracy_value', 'NONE');
#4712 = ORIENTED_EDGE ( 'NONE', *, *, #2903, .T. ) ;
#4713 = DIRECTION ( 'NONE',  ( 1.000000000000000000, 0.000000000000000000, 0.000000000000000000 ) ) ;
#4714 = LINE ( 'NONE', #1134, #2638 ) ;
#4715 = PLANE ( 'NONE',  #4548 ) ;
#4716 = COLOUR_RGB ( '',1.000000000000000000, 1.000000000000000000, 1.000000000000000000 ) ;
#4717 = ORIENTED_EDGE ( 'NONE', *, *, #2400, .F. ) ;
#4718 = VECTOR ( 'NONE', #4014, 1000.000000000000000 ) ;
#4719 = ORIENTED_EDGE ( 'NONE', *, *, #5092, .T. ) ;
#4720 = DIRECTION ( 'NONE',  ( -1.000000000000000000, 0.000000000000000000, 0.000000000000000000 ) ) ;
#4721 = DIRECTION ( 'NONE',  ( -0.000000000000000000, 1.000000000000000000, -0.000000000000000000 ) ) ;
#4722 = LINE ( 'NONE', #2048, #2191 ) ;
#4723 = EDGE_LOOP ( 'NONE', ( #586, #4246, #1414, #2377, #4228, #4897, #2433, #5134 ) ) ;
#4724 = MECHANICAL_DESIGN_GEOMETRIC_PRESENTATION_REPRESENTATION (  '', ( #960 ), #873 ) ;
#4725 = SURFACE_STYLE_FILL_AREA ( #2962 ) ;
#4726 = ORIENTED_EDGE ( 'NONE', *, *, #212, .T. ) ;
#4727 = PRESENTATION_LAYER_ASSIGNMENT (  '', '', ( #1503 ) ) ;
#4728 =( NAMED_UNIT ( * ) SI_UNIT ( $, .STERADIAN. ) SOLID_ANGLE_UNIT ( ) );
#4729 = CARTESIAN_POINT ( 'NONE',  ( -1.746043249005028386, -0.5500000000000000444, 0.8515027384351421258 ) ) ;
#4730 = AXIS2_PLACEMENT_3D ( 'NONE', #1804, #1781, #4015 ) ;
#4731 = EDGE_LOOP ( 'NONE', ( #1912, #3234, #5362, #2955 ) ) ;
#4732 = CARTESIAN_POINT ( 'NONE',  ( 2.049461803505029156, -0.3460000000000000853, -3.074999999999999734 ) ) ;
#4733 = VECTOR ( 'NONE', #2708, 1000.000000000000000 ) ;
#4734 =( GEOMETRIC_REPRESENTATION_CONTEXT ( 3 ) GLOBAL_UNCERTAINTY_ASSIGNED_CONTEXT ( ( #795 ) ) GLOBAL_UNIT_ASSIGNED_CONTEXT ( ( #1120, #2005, #2416 ) ) REPRESENTATION_CONTEXT ( 'NONE', 'WORKASPACE' ) );
#4735 = EDGE_CURVE ( 'NONE', #5611, #4177, #2881, .T. ) ;
#4736 = PRESENTATION_STYLE_ASSIGNMENT (( #2451 ) ) ;
#4737 = STYLED_ITEM ( 'NONE', ( #1700 ), #4205 ) ;
#4738 = FILL_AREA_STYLE_COLOUR ( '', #1245 ) ;
#4739 = SURFACE_SIDE_STYLE ('',( #3821 ) ) ;
#4740 = CARTESIAN_POINT ( 'NONE',  ( -1.700000000000000178, -0.6000000000000000888, 0.000000000000000000 ) ) ;
#4741 = LINE ( 'NONE', #1191, #1413 ) ;
#4742 = EDGE_CURVE ( 'NONE', #116, #3217, #1714, .T. ) ;
#4743 = LINE ( 'NONE', #1244, #45 ) ;
#4744 =( LENGTH_UNIT ( ) NAMED_UNIT ( * ) SI_UNIT ( .MILLI., .METRE. ) );
#4745 = UNCERTAINTY_MEASURE_WITH_UNIT (LENGTH_MEASURE( 1.000000000000000082E-05 ), #1584, 'distance_accuracy_value', 'NONE');
#4746 = VERTEX_POINT ( 'NONE', #949 ) ;
#4747 = VERTEX_POINT ( 'NONE', #3986 ) ;
#4748 =( NAMED_UNIT ( * ) SI_UNIT ( $, .STERADIAN. ) SOLID_ANGLE_UNIT ( ) );
#4749 = ADVANCED_FACE ( 'NONE', ( #3926 ), #2672, .T. ) ;
#4750 = SURFACE_STYLE_USAGE ( .BOTH. , #2996 ) ;
#4751 = DIRECTION ( 'NONE',  ( -1.000000000000000000, 0.000000000000000000, 0.000000000000000000 ) ) ;
#4752 = STYLED_ITEM ( 'NONE', ( #3563 ), #1094 ) ;
#4753 = PLANE ( 'NONE',  #5534 ) ;
#4754 = ORIENTED_EDGE ( 'NONE', *, *, #1832, .F. ) ;
#4755 = UNCERTAINTY_MEASURE_WITH_UNIT (LENGTH_MEASURE( 1.000000000000000082E-05 ), #3943, 'distance_accuracy_value', 'NONE');
#4756 =( NAMED_UNIT ( * ) PLANE_ANGLE_UNIT ( ) SI_UNIT ( $, .RADIAN. ) );
#4757 = ORIENTED_EDGE ( 'NONE', *, *, #1203, .F. ) ;
#4758 = CARTESIAN_POINT ( 'NONE',  ( -2.109999999999999876, -0.6000000000000000888, 2.414999999999999591 ) ) ;
#4759 = SURFACE_STYLE_FILL_AREA ( #5597 ) ;
#4760 = CARTESIAN_POINT ( 'NONE',  ( -2.085796676733050248, -0.6000000000000000888, 0.000000000000000000 ) ) ;
#4761 = CARTESIAN_POINT ( 'NONE',  ( -2.674999999999999822, -0.6000000000000000888, 0.9375166769814144985 ) ) ;
#4762 =( NAMED_UNIT ( * ) PLANE_ANGLE_UNIT ( ) SI_UNIT ( $, .RADIAN. ) );
#4763 =( NAMED_UNIT ( * ) PLANE_ANGLE_UNIT ( ) SI_UNIT ( $, .RADIAN. ) );
#4764 = CARTESIAN_POINT ( 'NONE',  ( -0.7794618035050293603, -0.3460000000000000853, 2.899999999999999911 ) ) ;
#4765 = EDGE_CURVE ( 'NONE', #2971, #3406, #421, .T. ) ;
#4766 = ORIENTED_EDGE ( 'NONE', *, *, #3067, .T. ) ;
#4767 = VECTOR ( 'NONE', #4048, 1000.000000000000000 ) ;
#4768 = DIRECTION ( 'NONE',  ( 1.000000000000000000, 0.000000000000000000, 0.000000000000000000 ) ) ;
#4769 = VECTOR ( 'NONE', #2584, 1000.000000000000000 ) ;
#4770 = MECHANICAL_DESIGN_GEOMETRIC_PRESENTATION_REPRESENTATION (  '', ( #50 ), #1017 ) ;
#4771 = EDGE_CURVE ( 'NONE', #1058, #5365, #2239, .T. ) ;
#4772 = MECHANICAL_DESIGN_GEOMETRIC_PRESENTATION_REPRESENTATION (  '', ( #5532 ), #403 ) ;
#4773 = MECHANICAL_DESIGN_GEOMETRIC_PRESENTATION_REPRESENTATION (  '', ( #1811 ), #2742 ) ;
#4774 = ORIENTED_EDGE ( 'NONE', *, *, #1898, .T. ) ;
#4775 = ORIENTED_EDGE ( 'NONE', *, *, #1240, .F. ) ;
#4776 =( GEOMETRIC_REPRESENTATION_CONTEXT ( 3 ) GLOBAL_UNCERTAINTY_ASSIGNED_CONTEXT ( ( #4711 ) ) GLOBAL_UNIT_ASSIGNED_CONTEXT ( ( #1685, #4756, #5557 ) ) REPRESENTATION_CONTEXT ( 'NONE', 'WORKASPACE' ) );
#4777 = PLANE ( 'NONE',  #3699 ) ;
#4778 = FILL_AREA_STYLE_COLOUR ( '', #1003 ) ;
#4779 = CARTESIAN_POINT ( 'NONE',  ( -0.4300000000000002709, -0.6000000000000000888, -2.574999999999999734 ) ) ;
#4780 = DIRECTION ( 'NONE',  ( 0.000000000000000000, 0.000000000000000000, 1.000000000000000000 ) ) ;
#4781 = CARTESIAN_POINT ( 'NONE',  ( -1.760538196494970675, -0.6000000000000000888, 3.074999999999999734 ) ) ;
#4782 = ADVANCED_FACE ( 'NONE', ( #4841 ), #444, .F. ) ;
#4783 = VERTEX_POINT ( 'NONE', #2150 ) ;
#4784 = FILL_AREA_STYLE ('',( #4349 ) ) ;
#4785 = MECHANICAL_DESIGN_GEOMETRIC_PRESENTATION_REPRESENTATION (  '', ( #1731 ), #581 ) ;
#4786 = VERTEX_POINT ( 'NONE', #35 ) ;
#4787 = CARTESIAN_POINT ( 'NONE',  ( 0.7200521629136938939, -0.6000000000000000888, -0.3511518909319935600 ) ) ;
#4788 = CARTESIAN_POINT ( 'NONE',  ( 2.109999999999999876, -0.6000000000000000888, -2.574999999999999289 ) ) ;
#4789 = SURFACE_STYLE_FILL_AREA ( #1429 ) ;
#4790 = EDGE_CURVE ( 'NONE', #911, #5664, #3568, .T. ) ;
#4791 = FILL_AREA_STYLE_COLOUR ( '', #90 ) ;
#4792 = CARTESIAN_POINT ( 'NONE',  ( -1.760538196494970675, -0.3460000000000000853, -3.074999999999999734 ) ) ;
#4793 = SURFACE_SIDE_STYLE ('',( #5231 ) ) ;
#4794 = DIRECTION ( 'NONE',  ( 0.000000000000000000, 0.000000000000000000, -1.000000000000000000 ) ) ;
#4795 = PRESENTATION_STYLE_ASSIGNMENT (( #767 ) ) ;
#4796 = ORIENTED_EDGE ( 'NONE', *, *, #897, .T. ) ;
#4797 = VECTOR ( 'NONE', #2920, 1000.000000000000000 ) ;
#4798 = PLANE ( 'NONE',  #2445 ) ;
#4799 = CARTESIAN_POINT ( 'NONE',  ( -2.500000000000000444, 0.5500000000000000444, 2.800000000000000266 ) ) ;
#4800 = EDGE_CURVE ( 'NONE', #2008, #5496, #4810, .T. ) ;
#4801 =( NAMED_UNIT ( * ) SI_UNIT ( $, .STERADIAN. ) SOLID_ANGLE_UNIT ( ) );
#4802 = SURFACE_STYLE_USAGE ( .BOTH. , #3501 ) ;
#4803 = COLOUR_RGB ( '',1.000000000000000000, 1.000000000000000000, 1.000000000000000000 ) ;
#4804 = ORIENTED_EDGE ( 'NONE', *, *, #1055, .F. ) ;
#4805 = UNCERTAINTY_MEASURE_WITH_UNIT (LENGTH_MEASURE( 1.000000000000000082E-05 ), #5546, 'distance_accuracy_value', 'NONE');
#4806 =( NAMED_UNIT ( * ) PLANE_ANGLE_UNIT ( ) SI_UNIT ( $, .RADIAN. ) );
#4807 = EDGE_CURVE ( 'NONE', #2812, #4292, #4030, .T. ) ;
#4808 = COLOUR_RGB ( '',1.000000000000000000, 1.000000000000000000, 1.000000000000000000 ) ;
#4809 = ADVANCED_FACE ( 'NONE', ( #2266 ), #4489, .T. ) ;
#4810 = LINE ( 'NONE', #890, #1378 ) ;
#4811 = VERTEX_POINT ( 'NONE', #3596 ) ;
#4812 = CARTESIAN_POINT ( 'NONE',  ( -0.3059389231776404316, -0.5500000000000000444, 0.1491989565711548393 ) ) ;
#4813 = LINE ( 'NONE', #5394, #2653 ) ;
#4814 = DIRECTION ( 'NONE',  ( -1.000000000000000000, 0.000000000000000000, 0.000000000000000000 ) ) ;
#4815 = VECTOR ( 'NONE', #119, 1000.000000000000000 ) ;
#4816 = CARTESIAN_POINT ( 'NONE',  ( -2.314999999999999947, -0.6000000000000000888, 0.8769784804864422245 ) ) ;
#4817 = LINE ( 'NONE', #1287, #2686 ) ;
#4818 = MECHANICAL_DESIGN_GEOMETRIC_PRESENTATION_REPRESENTATION (  '', ( #3813 ), #1590 ) ;
#4819 = CARTESIAN_POINT ( 'NONE',  ( -2.049461803505029156, -0.5500000000000000444, 2.833519861046362109 ) ) ;
#4820 =( NAMED_UNIT ( * ) SI_UNIT ( $, .STERADIAN. ) SOLID_ANGLE_UNIT ( ) );
#4821 = VECTOR ( 'NONE', #3539, 1000.000000000000000 ) ;
#4822 = EDGE_LOOP ( 'NONE', ( #2295, #1339, #3839, #4120 ) ) ;
#4823 = PRESENTATION_LAYER_ASSIGNMENT (  '', '', ( #4737 ) ) ;
#4824 = SURFACE_SIDE_STYLE ('',( #1325 ) ) ;
#4825 = FILL_AREA_STYLE ('',( #2715 ) ) ;
#4826 = COLOUR_RGB ( '',1.000000000000000000, 1.000000000000000000, 1.000000000000000000 ) ;
#4827 = SURFACE_STYLE_FILL_AREA ( #4887 ) ;
#4828 = VERTEX_POINT ( 'NONE', #2815 ) ;
#4829 = EDGE_LOOP ( 'NONE', ( #3738, #4867, #2580, #5103 ) ) ;
#4830 = CARTESIAN_POINT ( 'NONE',  ( -2.600000000000000089, -0.5500000000000000444, -2.899999999999999911 ) ) ;
#4831 = CARTESIAN_POINT ( 'NONE',  ( -0.7794618035050293603, -0.3460000000000000853, 2.899999999999999911 ) ) ;
#4832 = CARTESIAN_POINT ( 'NONE',  ( 2.772034335096362767, -0.6000000000000000888, 1.351853585938290303 ) ) ;
#4833 = DIRECTION ( 'NONE',  ( -0.8988142171340585129, 0.000000000000000000, 0.4383297880337241881 ) ) ;
#4834 = DIRECTION ( 'NONE',  ( -0.000000000000000000, 1.000000000000000000, -0.000000000000000000 ) ) ;
#4835 = UNCERTAINTY_MEASURE_WITH_UNIT (LENGTH_MEASURE( 1.000000000000000082E-05 ), #4413, 'distance_accuracy_value', 'NONE');
#4836 = ORIENTED_EDGE ( 'NONE', *, *, #1263, .F. ) ;
#4837 = EDGE_CURVE ( 'NONE', #4786, #1473, #1425, .T. ) ;
#4838 = ORIENTED_EDGE ( 'NONE', *, *, #5538, .F. ) ;
#4839 = SURFACE_STYLE_USAGE ( .BOTH. , #2615 ) ;
#4840 = VECTOR ( 'NONE', #4146, 1000.000000000000000 ) ;
#4841 = FACE_OUTER_BOUND ( 'NONE', #2439, .T. ) ;
#4842 = ORIENTED_EDGE ( 'NONE', *, *, #4800, .F. ) ;
#4843 = CARTESIAN_POINT ( 'NONE',  ( 0.000000000000000000, -0.5500000000000000444, 1.087516676981414410 ) ) ;
#4844 = DIRECTION ( 'NONE',  ( -0.000000000000000000, 1.000000000000000000, 0.000000000000000000 ) ) ;
#4845 = EDGE_CURVE ( 'NONE', #1752, #712, #3166, .T. ) ;
#4846 = PRESENTATION_LAYER_ASSIGNMENT (  '', '', ( #2163 ) ) ;
#4847 = LINE ( 'NONE', #4792, #4626 ) ;
#4848 = EDGE_CURVE ( 'NONE', #2136, #71, #3185, .T. ) ;
#4849 = SURFACE_STYLE_USAGE ( .BOTH. , #4824 ) ;
#4850 = SURFACE_STYLE_FILL_AREA ( #3097 ) ;
#4851 = SURFACE_STYLE_USAGE ( .BOTH. , #5383 ) ;
#4852 = VECTOR ( 'NONE', #5121, 1000.000000000000000 ) ;
#4853 = ADVANCED_FACE ( 'NONE', ( #172 ), #2385, .F. ) ;
#4854 = ORIENTED_EDGE ( 'NONE', *, *, #3525, .F. ) ;
#4855 = VECTOR ( 'NONE', #1531, 1000.000000000000227 ) ;
#4856 =( NAMED_UNIT ( * ) SI_UNIT ( $, .STERADIAN. ) SOLID_ANGLE_UNIT ( ) );
#4857 = STYLED_ITEM ( 'NONE', ( #810 ), #4663 ) ;
#4858 = CARTESIAN_POINT ( 'NONE',  ( -0.7200521629136938939, -0.6000000000000000888, 0.3511518909319935600 ) ) ;
#4859 = FACE_OUTER_BOUND ( 'NONE', #2367, .T. ) ;
#4860 = LINE ( 'NONE', #2256, #3520 ) ;
#4861 = STYLED_ITEM ( 'NONE', ( #1216 ), #1837 ) ;
#4862 = CARTESIAN_POINT ( 'NONE',  ( 2.314999999999999947, -0.6000000000000000888, 0.8769784804864422245 ) ) ;
#4863 =( NAMED_UNIT ( * ) PLANE_ANGLE_UNIT ( ) SI_UNIT ( $, .RADIAN. ) );
#4864 = PRESENTATION_LAYER_ASSIGNMENT (  '', '', ( #140 ) ) ;
#4865 = STYLED_ITEM ( 'NONE', ( #1886 ), #641 ) ;
#4866 = PRESENTATION_LAYER_ASSIGNMENT (  '', '', ( #1636 ) ) ;
#4867 = ORIENTED_EDGE ( 'NONE', *, *, #1333, .T. ) ;
#4868 = EDGE_LOOP ( 'NONE', ( #737, #4662, #4336, #4434, #4104, #1514, #5241, #2789, #2535, #3592, #3327, #1663, #5457, #5314, #1985, #359, #3449, #5575, #3531, #521 ) ) ;
#4869 = ORIENTED_EDGE ( 'NONE', *, *, #3067, .F. ) ;
#4870 =( NAMED_UNIT ( * ) SI_UNIT ( $, .STERADIAN. ) SOLID_ANGLE_UNIT ( ) );
#4871 = VECTOR ( 'NONE', #3906, 1000.000000000000000 ) ;
#4872 =( LENGTH_UNIT ( ) NAMED_UNIT ( * ) SI_UNIT ( .MILLI., .METRE. ) );
#4873 = ORIENTED_EDGE ( 'NONE', *, *, #3536, .F. ) ;
#4874 = FACE_OUTER_BOUND ( 'NONE', #2727, .T. ) ;
#4875 = DIRECTION ( 'NONE',  ( -0.000000000000000000, 0.000000000000000000, -1.000000000000000000 ) ) ;
#4876 = STYLED_ITEM ( 'NONE', ( #2619 ), #5470 ) ;
#4877 = PRESENTATION_STYLE_ASSIGNMENT (( #2214 ) ) ;
#4878 = DIRECTION ( 'NONE',  ( -0.4383297880337241881, 0.000000000000000000, -0.8988142171340585129 ) ) ;
#4879 = VECTOR ( 'NONE', #2058, 1000.000000000000227 ) ;
#4880 = EDGE_CURVE ( 'NONE', #116, #573, #3656, .T. ) ;
#4881 = PRESENTATION_STYLE_ASSIGNMENT (( #2711 ) ) ;
#4882 = FACE_OUTER_BOUND ( 'NONE', #2313, .T. ) ;
#4883 = CARTESIAN_POINT ( 'NONE',  ( -0.3857966767330511804, -0.6000000000000000888, -2.574999999999999734 ) ) ;
#4884 = DIRECTION ( 'NONE',  ( -0.000000000000000000, 0.000000000000000000, 1.000000000000000000 ) ) ;
#4885 = ADVANCED_FACE ( 'NONE', ( #1571 ), #1653, .T. ) ;
#4886 = EDGE_CURVE ( 'NONE', #1872, #1916, #280, .T. ) ;
#4887 = FILL_AREA_STYLE ('',( #4474 ) ) ;
#4888 = EDGE_LOOP ( 'NONE', ( #163, #3133, #271, #411 ) ) ;
#4889 = DIRECTION ( 'NONE',  ( 0.4383297880337241881, 0.000000000000000000, 0.8988142171340585129 ) ) ;
#4890 = PLANE ( 'NONE',  #3073 ) ;
#4891 = DIRECTION ( 'NONE',  ( -0.4383297880337241881, 0.000000000000000000, -0.8988142171340585129 ) ) ;
#4892 = LINE ( 'NONE', #5505, #4227 ) ;
#4893 = CARTESIAN_POINT ( 'NONE',  ( 0.1169838305759771518, -0.6000000000000000888, -0.2318876425445398626 ) ) ;
#4894 = CARTESIAN_POINT ( 'NONE',  ( 0.4905381964949708795, -0.6000000000000000888, 0.000000000000000000 ) ) ;
#4895 = UNCERTAINTY_MEASURE_WITH_UNIT (LENGTH_MEASURE( 1.000000000000000082E-05 ), #3792, 'distance_accuracy_value', 'NONE');
#4896 = COLOUR_RGB ( '',1.000000000000000000, 1.000000000000000000, 1.000000000000000000 ) ;
#4897 = ORIENTED_EDGE ( 'NONE', *, *, #22, .F. ) ;
#4898 = ORIENTED_EDGE ( 'NONE', *, *, #5460, .F. ) ;
#4899 = PRESENTATION_STYLE_ASSIGNMENT (( #3956 ) ) ;
#4900 = CARTESIAN_POINT ( 'NONE',  ( 2.526344525989637445E-14, -0.6000000000000000888, -2.575000000000003286 ) ) ;
#4901 = ORIENTED_EDGE ( 'NONE', *, *, #3060, .F. ) ;
#4902 = DIRECTION ( 'NONE',  ( 0.000000000000000000, 0.000000000000000000, -1.000000000000000000 ) ) ;
#4903 =( NAMED_UNIT ( * ) PLANE_ANGLE_UNIT ( ) SI_UNIT ( $, .RADIAN. ) );
#4904 =( NAMED_UNIT ( * ) SI_UNIT ( $, .STERADIAN. ) SOLID_ANGLE_UNIT ( ) );
#4905 = STYLED_ITEM ( 'NONE', ( #4877 ), #3752 ) ;
#4906 = LINE ( 'NONE', #982, #4733 ) ;
#4907 =( NAMED_UNIT ( * ) PLANE_ANGLE_UNIT ( ) SI_UNIT ( $, .RADIAN. ) );
#4908 = CARTESIAN_POINT ( 'NONE',  ( 2.600000000000000089, 0.4499999999999997891, 2.899999999999999911 ) ) ;
#4909 = CARTESIAN_POINT ( 'NONE',  ( 2.185796676733049893, -0.6000000000000000888, 0.7769784804864433569 ) ) ;
#4910 = COLOUR_RGB ( '',0.2509803921568627416, 0.2509803921568627416, 0.2509803921568627416 ) ;
#4911 = VECTOR ( 'NONE', #5170, 1000.000000000000000 ) ;
#4912 = EDGE_CURVE ( 'NONE', #3983, #3019, #716, .T. ) ;
#4913 = DIRECTION ( 'NONE',  ( -0.000000000000000000, -1.000000000000000000, -0.000000000000000000 ) ) ;
#4914 = SURFACE_STYLE_FILL_AREA ( #1409 ) ;
#4915 = MECHANICAL_DESIGN_GEOMETRIC_PRESENTATION_REPRESENTATION (  '', ( #988 ), #2147 ) ;
#4916 = EDGE_CURVE ( 'NONE', #5093, #2468, #1140, .T. ) ;
#4917 = EDGE_CURVE ( 'NONE', #2386, #4374, #4722, .T. ) ;
#4918 = VECTOR ( 'NONE', #2674, 1000.000000000000114 ) ;
#4919 =( LENGTH_UNIT ( ) NAMED_UNIT ( * ) SI_UNIT ( .MILLI., .METRE. ) );
#4920 = PLANE ( 'NONE',  #5379 ) ;
#4921 = PRESENTATION_LAYER_ASSIGNMENT (  '', '', ( #988 ) ) ;
#4922 = DIRECTION ( 'NONE',  ( -1.000000000000000000, 0.000000000000000000, 0.000000000000000000 ) ) ;
#4923 = EDGE_CURVE ( 'NONE', #5519, #802, #4256, .T. ) ;
#4924 = VERTEX_POINT ( 'NONE', #2929 ) ;
#4925 = EDGE_LOOP ( 'NONE', ( #3686, #3657, #1760, #2489, #4757, #1620 ) ) ;
#4926 = CARTESIAN_POINT ( 'NONE',  ( 1.760538196494970675, -0.5500000000000000444, 2.833519861046362109 ) ) ;
#4927 = DIRECTION ( 'NONE',  ( 0.000000000000000000, 0.000000000000000000, 1.000000000000000000 ) ) ;
#4928 = SURFACE_SIDE_STYLE ('',( #3259 ) ) ;
#4929 = ORIENTED_EDGE ( 'NONE', *, *, #2620, .T. ) ;
#4930 = DIRECTION ( 'NONE',  ( -0.000000000000000000, 1.000000000000000000, -0.000000000000000000 ) ) ;
#4931 = DIRECTION ( 'NONE',  ( -1.000000000000000000, 0.000000000000000000, 0.000000000000000000 ) ) ;
#4932 = DIRECTION ( 'NONE',  ( 0.000000000000000000, 0.000000000000000000, 1.000000000000000000 ) ) ;
#4933 = EDGE_CURVE ( 'NONE', #460, #5330, #5069, .T. ) ;
#4934 = UNCERTAINTY_MEASURE_WITH_UNIT (LENGTH_MEASURE( 1.000000000000000082E-05 ), #1784, 'distance_accuracy_value', 'NONE');
#4935 = VECTOR ( 'NONE', #3289, 1000.000000000000000 ) ;
#4936 = CARTESIAN_POINT ( 'NONE',  ( -1.700000000000000178, -0.6000000000000000888, -2.574999999999999734 ) ) ;
#4937 = PRESENTATION_STYLE_ASSIGNMENT (( #3666 ) ) ;
#4938 = FILL_AREA_STYLE_COLOUR ( '', #3036 ) ;
#4939 = DIRECTION ( 'NONE',  ( -0.000000000000000000, -1.000000000000000000, -0.000000000000000000 ) ) ;
#4940 =( GEOMETRIC_REPRESENTATION_CONTEXT ( 3 ) GLOBAL_UNCERTAINTY_ASSIGNED_CONTEXT ( ( #1661 ) ) GLOBAL_UNIT_ASSIGNED_CONTEXT ( ( #4427, #1790, #28 ) ) REPRESENTATION_CONTEXT ( 'NONE', 'WORKASPACE' ) );
#4941 = DIRECTION ( 'NONE',  ( -0.000000000000000000, -1.000000000000000000, -0.000000000000000000 ) ) ;
#4942 = CARTESIAN_POINT ( 'NONE',  ( -2.049461803505029156, -0.3460000000000000853, 2.899999999999999911 ) ) ;
#4943 = ORIENTED_EDGE ( 'NONE', *, *, #611, .T. ) ;
#4944 = SURFACE_STYLE_USAGE ( .BOTH. , #4162 ) ;
#4945 = DIRECTION ( 'NONE',  ( 0.8988142171340585129, 0.000000000000000000, 0.4383297880337241881 ) ) ;
#4946 = FILL_AREA_STYLE ('',( #1445 ) ) ;
#4947 = CARTESIAN_POINT ( 'NONE',  ( -2.600000000000000089, -0.5500000000000000444, -2.899999999999999911 ) ) ;
#4948 = ADVANCED_FACE ( 'NONE', ( #1992 ), #4172, .T. ) ;
#4949 = FILL_AREA_STYLE_COLOUR ( '', #4137 ) ;
#4950 = VERTEX_POINT ( 'NONE', #1764 ) ;
#4951 = ORIENTED_EDGE ( 'NONE', *, *, #4845, .F. ) ;
#4952 = SURFACE_SIDE_STYLE ('',( #3534 ) ) ;
#4953 = PRESENTATION_LAYER_ASSIGNMENT (  '', '', ( #5234 ) ) ;
#4954 = DIRECTION ( 'NONE',  ( -0.8988142171340585129, 0.000000000000000000, -0.4383297880337241881 ) ) ;
#4955 = EDGE_LOOP ( 'NONE', ( #4898, #1138, #4247, #1045 ) ) ;
#4956 = LINE ( 'NONE', #3567, #1167 ) ;
#4957 = ADVANCED_FACE ( 'NONE', ( #3024 ), #2634, .F. ) ;
#4958 = VECTOR ( 'NONE', #4814, 1000.000000000000000 ) ;
#4959 = MECHANICAL_DESIGN_GEOMETRIC_PRESENTATION_REPRESENTATION (  '', ( #4861 ), #399 ) ;
#4960 = LINE ( 'NONE', #2757, #4047 ) ;
#4961 = ORIENTED_EDGE ( 'NONE', *, *, #111, .F. ) ;
#4962 = AXIS2_PLACEMENT_3D ( 'NONE', #2874, #3352, #4751 ) ;
#4963 = LINE ( 'NONE', #1009, #432 ) ;
#4964 = VECTOR ( 'NONE', #3808, 1000.000000000000114 ) ;
#4965 = VECTOR ( 'NONE', #2418, 1000.000000000000000 ) ;
#4966 = DIRECTION ( 'NONE',  ( 1.000000000000000000, 0.000000000000000000, 0.000000000000000000 ) ) ;
#4967 = SURFACE_STYLE_FILL_AREA ( #3192 ) ;
#4968 = DIRECTION ( 'NONE',  ( -0.000000000000000000, 1.000000000000000000, -0.000000000000000000 ) ) ;
#4969 = MECHANICAL_DESIGN_GEOMETRIC_PRESENTATION_REPRESENTATION (  '', ( #3121 ), #64 ) ;
#4970 =( GEOMETRIC_REPRESENTATION_CONTEXT ( 3 ) GLOBAL_UNCERTAINTY_ASSIGNED_CONTEXT ( ( #2696 ) ) GLOBAL_UNIT_ASSIGNED_CONTEXT ( ( #2936, #1313, #2182 ) ) REPRESENTATION_CONTEXT ( 'NONE', 'WORKASPACE' ) );
#4971 =( NAMED_UNIT ( * ) SI_UNIT ( $, .STERADIAN. ) SOLID_ANGLE_UNIT ( ) );
#4972 =( GEOMETRIC_REPRESENTATION_CONTEXT ( 3 ) GLOBAL_UNCERTAINTY_ASSIGNED_CONTEXT ( ( #2233 ) ) GLOBAL_UNIT_ASSIGNED_CONTEXT ( ( #4698, #5131, #1628 ) ) REPRESENTATION_CONTEXT ( 'NONE', 'WORKASPACE' ) );
#4973 = FILL_AREA_STYLE ('',( #5029 ) ) ;
#4974 = UNCERTAINTY_MEASURE_WITH_UNIT (LENGTH_MEASURE( 1.000000000000000082E-05 ), #257, 'distance_accuracy_value', 'NONE');
#4975 = SURFACE_SIDE_STYLE ('',( #3177 ) ) ;
#4976 = DIRECTION ( 'NONE',  ( 0.000000000000000000, -1.000000000000000000, 0.000000000000000000 ) ) ;
#4977 = SURFACE_STYLE_FILL_AREA ( #1022 ) ;
#4978 = UNCERTAINTY_MEASURE_WITH_UNIT (LENGTH_MEASURE( 1.000000000000000082E-05 ), #5481, 'distance_accuracy_value', 'NONE');
#4979 = VERTEX_POINT ( 'NONE', #910 ) ;
#4980 = ORIENTED_EDGE ( 'NONE', *, *, #2810, .F. ) ;
#4981 = EDGE_CURVE ( 'NONE', #3817, #947, #3949, .T. ) ;
#4982 = CARTESIAN_POINT ( 'NONE',  ( -0.7794618035050293603, -0.5500000000000000444, 2.899999999999999911 ) ) ;
#4983 = DIRECTION ( 'NONE',  ( -0.000000000000000000, 1.000000000000000000, -0.000000000000000000 ) ) ;
#4984 = ORIENTED_EDGE ( 'NONE', *, *, #1410, .F. ) ;
#4985 = DIRECTION ( 'NONE',  ( -0.000000000000000000, 1.000000000000000000, -0.000000000000000000 ) ) ;
#4986 = SURFACE_STYLE_USAGE ( .BOTH. , #5038 ) ;
#4987 =( LENGTH_UNIT ( ) NAMED_UNIT ( * ) SI_UNIT ( .MILLI., .METRE. ) );
#4988 = ORIENTED_EDGE ( 'NONE', *, *, #1144, .F. ) ;
#4989 = EDGE_CURVE ( 'NONE', #5664, #911, #404, .T. ) ;
#4990 = EDGE_CURVE ( 'NONE', #4490, #4145, #881, .T. ) ;
#4991 = VECTOR ( 'NONE', #1124, 1000.000000000000000 ) ;
#4992 = LINE ( 'NONE', #1477, #1421 ) ;
#4993 = FILL_AREA_STYLE_COLOUR ( '', #482 ) ;
#4994 = CARTESIAN_POINT ( 'NONE',  ( 2.674999999999999822, -0.3460000000000000853, 0.9375166769814144985 ) ) ;
#4995 = SURFACE_SIDE_STYLE ('',( #1892 ) ) ;
#4996 = FACE_OUTER_BOUND ( 'NONE', #115, .T. ) ;
#4997 = DIRECTION ( 'NONE',  ( -0.000000000000000000, 1.000000000000000000, -0.000000000000000000 ) ) ;
#4998 = CARTESIAN_POINT ( 'NONE',  ( 1.760538196494970675, -0.3460000000000000853, 2.899999999999999911 ) ) ;
#4999 = MECHANICAL_DESIGN_GEOMETRIC_PRESENTATION_REPRESENTATION (  '', ( #5659 ), #2399 ) ;
#5000 =( NAMED_UNIT ( * ) PLANE_ANGLE_UNIT ( ) SI_UNIT ( $, .RADIAN. ) );
#5001 = PRESENTATION_STYLE_ASSIGNMENT (( #3222 ) ) ;
#5002 = VECTOR ( 'NONE', #5096, 1000.000000000000000 ) ;
#5003 = ORIENTED_EDGE ( 'NONE', *, *, #3463, .F. ) ;
#5004 = CARTESIAN_POINT ( 'NONE',  ( 0.000000000000000000, -0.3460000000000000853, 0.000000000000000000 ) ) ;
#5005 = PRESENTATION_STYLE_ASSIGNMENT (( #622 ) ) ;
#5006 = SURFACE_STYLE_USAGE ( .BOTH. , #1926 ) ;
#5007 =( GEOMETRIC_REPRESENTATION_CONTEXT ( 3 ) GLOBAL_UNCERTAINTY_ASSIGNED_CONTEXT ( ( #678 ) ) GLOBAL_UNIT_ASSIGNED_CONTEXT ( ( #3468, #383, #5042 ) ) REPRESENTATION_CONTEXT ( 'NONE', 'WORKASPACE' ) );
#5008 = VERTEX_POINT ( 'NONE', #2607 ) ;
#5009 = ORIENTED_EDGE ( 'NONE', *, *, #2735, .T. ) ;
#5010 = DIRECTION ( 'NONE',  ( 0.000000000000000000, 0.000000000000000000, -1.000000000000000000 ) ) ;
#5011 = CARTESIAN_POINT ( 'NONE',  ( 0.000000000000000000, -0.5500000000000000444, 0.9375166769814144985 ) ) ;
#5012 =( GEOMETRIC_REPRESENTATION_CONTEXT ( 3 ) GLOBAL_UNCERTAINTY_ASSIGNED_CONTEXT ( ( #1903 ) ) GLOBAL_UNIT_ASSIGNED_CONTEXT ( ( #2493, #850, #324 ) ) REPRESENTATION_CONTEXT ( 'NONE', 'WORKASPACE' ) );
#5013 = ORIENTED_EDGE ( 'NONE', *, *, #3838, .T. ) ;
#5014 = CARTESIAN_POINT ( 'NONE',  ( -2.674999999999999822, -0.3460000000000000853, 1.087516676981414410 ) ) ;
#5015 = SURFACE_STYLE_USAGE ( .BOTH. , #3240 ) ;
#5016 = LINE ( 'NONE', #2820, #970 ) ;
#5017 =( NAMED_UNIT ( * ) SI_UNIT ( $, .STERADIAN. ) SOLID_ANGLE_UNIT ( ) );
#5018 = LINE ( 'NONE', #2822, #1347 ) ;
#5019 = DIRECTION ( 'NONE',  ( 0.000000000000000000, 0.000000000000000000, -1.000000000000000000 ) ) ;
#5020 = DIRECTION ( 'NONE',  ( 0.000000000000000000, 0.000000000000000000, 1.000000000000000000 ) ) ;
#5021 = EDGE_CURVE ( 'NONE', #4520, #4054, #226, .T. ) ;
#5022 = ORIENTED_EDGE ( 'NONE', *, *, #4315, .T. ) ;
#5023 = DIRECTION ( 'NONE',  ( -1.000000000000000000, 0.000000000000000000, 0.000000000000000000 ) ) ;
#5024 = CARTESIAN_POINT ( 'NONE',  ( 2.049461803505029156, -0.6000000000000000888, 3.074999999999999734 ) ) ;
#5025 = DIRECTION ( 'NONE',  ( -0.000000000000000000, 1.000000000000000000, -0.000000000000000000 ) ) ;
#5026 = VECTOR ( 'NONE', #1002, 1000.000000000000000 ) ;
#5027 = EDGE_CURVE ( 'NONE', #3804, #2971, #2203, .T. ) ;
#5028 = ORIENTED_EDGE ( 'NONE', *, *, #1062, .T. ) ;
#5029 = FILL_AREA_STYLE_COLOUR ( '', #4716 ) ;
#5030 = UNCERTAINTY_MEASURE_WITH_UNIT (LENGTH_MEASURE( 1.000000000000000082E-05 ), #5155, 'distance_accuracy_value', 'NONE');
#5031 = DIRECTION ( 'NONE',  ( 0.000000000000000000, 0.000000000000000000, -1.000000000000000000 ) ) ;
#5032 = ORIENTED_EDGE ( 'NONE', *, *, #3016, .T. ) ;
#5033 = VERTEX_POINT ( 'NONE', #2109 ) ;
#5034 = FILL_AREA_STYLE ('',( #3624 ) ) ;
#5035 =( LENGTH_UNIT ( ) NAMED_UNIT ( * ) SI_UNIT ( .MILLI., .METRE. ) );
#5036 = VERTEX_POINT ( 'NONE', #2583 ) ;
#5037 = SURFACE_STYLE_USAGE ( .BOTH. , #3718 ) ;
#5038 = SURFACE_SIDE_STYLE ('',( #4118 ) ) ;
#5039 = ORIENTED_EDGE ( 'NONE', *, *, #5381, .F. ) ;
#5040 =( LENGTH_UNIT ( ) NAMED_UNIT ( * ) SI_UNIT ( .MILLI., .METRE. ) );
#5041 =( GEOMETRIC_REPRESENTATION_CONTEXT ( 3 ) GLOBAL_UNCERTAINTY_ASSIGNED_CONTEXT ( ( #2318 ) ) GLOBAL_UNIT_ASSIGNED_CONTEXT ( ( #1098, #138, #1564 ) ) REPRESENTATION_CONTEXT ( 'NONE', 'WORKASPACE' ) );
#5042 =( NAMED_UNIT ( * ) SI_UNIT ( $, .STERADIAN. ) SOLID_ANGLE_UNIT ( ) );
#5043 =( LENGTH_UNIT ( ) NAMED_UNIT ( * ) SI_UNIT ( .MILLI., .METRE. ) );
#5044 = SURFACE_SIDE_STYLE ('',( #3191 ) ) ;
#5045 = PRESENTATION_LAYER_ASSIGNMENT (  '', '', ( #5325 ) ) ;
#5046 =( NAMED_UNIT ( * ) SI_UNIT ( $, .STERADIAN. ) SOLID_ANGLE_UNIT ( ) );
#5047 =( NAMED_UNIT ( * ) SI_UNIT ( $, .STERADIAN. ) SOLID_ANGLE_UNIT ( ) );
#5048 =( GEOMETRIC_REPRESENTATION_CONTEXT ( 3 ) GLOBAL_UNCERTAINTY_ASSIGNED_CONTEXT ( ( #5605 ) ) GLOBAL_UNIT_ASSIGNED_CONTEXT ( ( #3545, #2624, #3996 ) ) REPRESENTATION_CONTEXT ( 'NONE', 'WORKASPACE' ) );
#5049 = VECTOR ( 'NONE', #465, 1000.000000000000000 ) ;
#5050 = ORIENTED_EDGE ( 'NONE', *, *, #2017, .T. ) ;
#5051 = VECTOR ( 'NONE', #2114, 1000.000000000000114 ) ;
#5052 = MECHANICAL_DESIGN_GEOMETRIC_PRESENTATION_REPRESENTATION (  '', ( #2286 ), #3578 ) ;
#5053 = DIRECTION ( 'NONE',  ( -0.000000000000000000, 1.000000000000000000, -0.000000000000000000 ) ) ;
#5054 = EDGE_CURVE ( 'NONE', #1081, #2527, #1737, .T. ) ;
#5055 = FILL_AREA_STYLE ('',( #1791 ) ) ;
#5056 = FACE_OUTER_BOUND ( 'NONE', #418, .T. ) ;
#5057 = SURFACE_STYLE_USAGE ( .BOTH. , #674 ) ;
#5058 = SURFACE_SIDE_STYLE ('',( #541 ) ) ;
#5059 = ORIENTED_EDGE ( 'NONE', *, *, #1521, .T. ) ;
#5060 = CIRCLE ( 'NONE', #3964, 0.09999999999999993616 ) ;
#5061 = EDGE_CURVE ( 'NONE', #2805, #2211, #62, .T. ) ;
#5062 = EDGE_CURVE ( 'NONE', #495, #1177, #1707, .T. ) ;
#5063 =( LENGTH_UNIT ( ) NAMED_UNIT ( * ) SI_UNIT ( .MILLI., .METRE. ) );
#5064 = STYLED_ITEM ( 'NONE', ( #726 ), #535 ) ;
#5065 = VERTEX_POINT ( 'NONE', #4401 ) ;
#5066 = ORIENTED_EDGE ( 'NONE', *, *, #4631, .T. ) ;
#5067 =( LENGTH_UNIT ( ) NAMED_UNIT ( * ) SI_UNIT ( .MILLI., .METRE. ) );
#5068 = CARTESIAN_POINT ( 'NONE',  ( 0.000000000000000000, -0.6000000000000000888, 2.414999999999999591 ) ) ;
#5069 = LINE ( 'NONE', #5583, #1206 ) ;
#5070 = ORIENTED_EDGE ( 'NONE', *, *, #1969, .F. ) ;
#5071 = SURFACE_SIDE_STYLE ('',( #1176 ) ) ;
#5072 = ORIENTED_EDGE ( 'NONE', *, *, #4416, .F. ) ;
#5073 = ORIENTED_EDGE ( 'NONE', *, *, #5027, .F. ) ;
#5074 = DIRECTION ( 'NONE',  ( 0.000000000000000000, 0.000000000000000000, 1.000000000000000000 ) ) ;
#5075 = CARTESIAN_POINT ( 'NONE',  ( 2.109999999999999876, -0.5500000000000000444, 0.000000000000000000 ) ) ;
#5076 = LINE ( 'NONE', #5651, #4397 ) ;
#5077 = ORIENTED_EDGE ( 'NONE', *, *, #2868, .F. ) ;
#5078 = DIRECTION ( 'NONE',  ( -0.000000000000000000, -1.000000000000000000, -0.000000000000000000 ) ) ;
#5079 =( LENGTH_UNIT ( ) NAMED_UNIT ( * ) SI_UNIT ( .MILLI., .METRE. ) );
#5080 = VECTOR ( 'NONE', #2626, 1000.000000000000227 ) ;
#5081 = PRESENTATION_STYLE_ASSIGNMENT (( #5169 ) ) ;
#5082 = LINE ( 'NONE', #2948, #980 ) ;
#5083 = DIRECTION ( 'NONE',  ( 0.000000000000000000, 0.000000000000000000, -1.000000000000000000 ) ) ;
#5084 = FACE_OUTER_BOUND ( 'NONE', #1485, .T. ) ;
#5085 = DIRECTION ( 'NONE',  ( -0.000000000000000000, 1.000000000000000000, -0.000000000000000000 ) ) ;
#5086 = VECTOR ( 'NONE', #4997, 1000.000000000000000 ) ;
#5087 = EDGE_CURVE ( 'NONE', #2226, #3464, #1792, .T. ) ;
#5088 = DIRECTION ( 'NONE',  ( -0.000000000000000000, 0.000000000000000000, 1.000000000000000000 ) ) ;
#5089 = FILL_AREA_STYLE_COLOUR ( '', #4393 ) ;
#5090 = FACE_OUTER_BOUND ( 'NONE', #1824, .T. ) ;
#5091 = COLOUR_RGB ( '',0.2509803921568627416, 0.2509803921568627416, 0.2509803921568627416 ) ;
#5092 = EDGE_CURVE ( 'NONE', #2330, #2348, #113, .T. ) ;
#5093 = VERTEX_POINT ( 'NONE', #4862 ) ;
#5094 = ORIENTED_EDGE ( 'NONE', *, *, #4426, .T. ) ;
#5095 = ORIENTED_EDGE ( 'NONE', *, *, #2730, .F. ) ;
#5096 = DIRECTION ( 'NONE',  ( 1.000000000000000000, -0.000000000000000000, -0.000000000000000000 ) ) ;
#5097 = FILL_AREA_STYLE ('',( #357 ) ) ;
#5098 = VECTOR ( 'NONE', #1970, 1000.000000000000000 ) ;
#5099 = ORIENTED_EDGE ( 'NONE', *, *, #4771, .T. ) ;
#5100 = PLANE ( 'NONE',  #3115 ) ;
#5101 = EDGE_CURVE ( 'NONE', #5664, #4054, #2664, .T. ) ;
#5102 = VECTOR ( 'NONE', #3876, 1000.000000000000000 ) ;
#5103 = ORIENTED_EDGE ( 'NONE', *, *, #1377, .T. ) ;
#5104 = SURFACE_STYLE_USAGE ( .BOTH. , #1576 ) ;
#5105 = ORIENTED_EDGE ( 'NONE', *, *, #2511, .F. ) ;
#5106 = DIRECTION ( 'NONE',  ( 0.000000000000000000, 0.000000000000000000, 1.000000000000000000 ) ) ;
#5107 = VECTOR ( 'NONE', #3219, 1000.000000000000000 ) ;
#5108 = PRESENTATION_LAYER_ASSIGNMENT (  '', '', ( #2799 ) ) ;
#5109 = ORIENTED_EDGE ( 'NONE', *, *, #1935, .F. ) ;
#5110 =( NAMED_UNIT ( * ) PLANE_ANGLE_UNIT ( ) SI_UNIT ( $, .RADIAN. ) );
#5111 = CARTESIAN_POINT ( 'NONE',  ( 2.109999999999999876, -0.5500000000000000444, 0.000000000000000000 ) ) ;
#5112 = EDGE_CURVE ( 'NONE', #1538, #2004, #4535, .T. ) ;
#5113 = SURFACE_SIDE_STYLE ('',( #3301 ) ) ;
#5114 = CARTESIAN_POINT ( 'NONE',  ( 0.000000000000000000, -0.5500000000000000444, 2.414999999999999591 ) ) ;
#5115 =( LENGTH_UNIT ( ) NAMED_UNIT ( * ) SI_UNIT ( .MILLI., .METRE. ) );
#5116 = FILL_AREA_STYLE ('',( #4273 ) ) ;
#5117 =( NAMED_UNIT ( * ) SI_UNIT ( $, .STERADIAN. ) SOLID_ANGLE_UNIT ( ) );
#5118 = SURFACE_STYLE_FILL_AREA ( #5144 ) ;
#5119 = UNCERTAINTY_MEASURE_WITH_UNIT (LENGTH_MEASURE( 1.000000000000000082E-05 ), #5129, 'distance_accuracy_value', 'NONE');
#5120 = CARTESIAN_POINT ( 'NONE',  ( -2.434999999999999609, -0.6000000000000000888, 1.087516676981414410 ) ) ;
#5121 = DIRECTION ( 'NONE',  ( 1.000000000000000000, 0.000000000000000000, 0.000000000000000000 ) ) ;
#5122 = MECHANICAL_DESIGN_GEOMETRIC_PRESENTATION_REPRESENTATION (  '', ( #2347 ), #998 ) ;
#5123 = FILL_AREA_STYLE_COLOUR ( '', #5589 ) ;
#5124 = ORIENTED_EDGE ( 'NONE', *, *, #484, .T. ) ;
#5125 = CARTESIAN_POINT ( 'NONE',  ( 0.000000000000000000, -0.5500000000000000444, 2.414999999999999591 ) ) ;
#5126 =( NAMED_UNIT ( * ) PLANE_ANGLE_UNIT ( ) SI_UNIT ( $, .RADIAN. ) );
#5127 = EDGE_CURVE ( 'NONE', #995, #2386, #700, .T. ) ;
#5128 = LINE ( 'NONE', #301, #222 ) ;
#5129 =( LENGTH_UNIT ( ) NAMED_UNIT ( * ) SI_UNIT ( .MILLI., .METRE. ) );
#5130 = VERTEX_POINT ( 'NONE', #4189 ) ;
#5131 =( NAMED_UNIT ( * ) PLANE_ANGLE_UNIT ( ) SI_UNIT ( $, .RADIAN. ) );
#5132 =( NAMED_UNIT ( * ) SI_UNIT ( $, .STERADIAN. ) SOLID_ANGLE_UNIT ( ) );
#5133 = EDGE_CURVE ( 'NONE', #1884, #3749, #3674, .T. ) ;
#5134 = ORIENTED_EDGE ( 'NONE', *, *, #1404, .T. ) ;
#5135 = CARTESIAN_POINT ( 'NONE',  ( -1.286968016822274507E-16, -0.6000000000000000888, 1.145000000000000684 ) ) ;
#5136 = SURFACE_SIDE_STYLE ('',( #4759 ) ) ;
#5137 = DIRECTION ( 'NONE',  ( -0.9018648657203758301, 0.000000000000000000, -0.4320182449609837327 ) ) ;
#5138 = AXIS2_PLACEMENT_3D ( 'NONE', #3767, #1221, #3827 ) ;
#5139 = CARTESIAN_POINT ( 'NONE',  ( 0.7794618035050293603, -0.3460000000000000853, 2.899999999999999911 ) ) ;
#5140 = MECHANICAL_DESIGN_GEOMETRIC_PRESENTATION_REPRESENTATION (  '', ( #5234 ), #3375 ) ;
#5141 = DIRECTION ( 'NONE',  ( 1.000000000000000000, 0.000000000000000000, 0.000000000000000000 ) ) ;
#5142 = PRESENTATION_STYLE_ASSIGNMENT (( #3336 ) ) ;
#5143 = DIRECTION ( 'NONE',  ( 0.000000000000000000, 1.000000000000000000, 0.000000000000000000 ) ) ;
#5144 = FILL_AREA_STYLE ('',( #843 ) ) ;
#5145 = STYLED_ITEM ( 'NONE', ( #3052 ), #82 ) ;
#5146 = COLOUR_RGB ( '',0.2509803921568627416, 0.2509803921568627416, 0.2509803921568627416 ) ;
#5147 = MECHANICAL_DESIGN_GEOMETRIC_PRESENTATION_REPRESENTATION (  '', ( #2932 ), #4502 ) ;
#5148 = STYLED_ITEM ( 'NONE', ( #3756 ), #5196 ) ;
#5149 =( NAMED_UNIT ( * ) SI_UNIT ( $, .STERADIAN. ) SOLID_ANGLE_UNIT ( ) );
#5150 = SURFACE_SIDE_STYLE ('',( #377 ) ) ;
#5151 = PRESENTATION_LAYER_ASSIGNMENT (  '', '', ( #143 ) ) ;
#5152 = UNCERTAINTY_MEASURE_WITH_UNIT (LENGTH_MEASURE( 1.000000000000000082E-05 ), #1351, 'distance_accuracy_value', 'NONE');
#5153 = VERTEX_POINT ( 'NONE', #1978 ) ;
#5154 = SURFACE_STYLE_USAGE ( .BOTH. , #5550 ) ;
#5155 =( LENGTH_UNIT ( ) NAMED_UNIT ( * ) SI_UNIT ( .MILLI., .METRE. ) );
#5156 = VERTEX_POINT ( 'NONE', #3554 ) ;
#5157 = CARTESIAN_POINT ( 'NONE',  ( -1.760538196494970675, -0.6000000000000000888, -3.074999999999999734 ) ) ;
#5158 = ORIENTED_EDGE ( 'NONE', *, *, #5577, .T. ) ;
#5159 = DIRECTION ( 'NONE',  ( 0.3311741786255128495, 0.000000000000000000, 0.9435696388776595445 ) ) ;
#5160 = EDGE_CURVE ( 'NONE', #4483, #3799, #5445, .T. ) ;
#5161 =( LENGTH_UNIT ( ) NAMED_UNIT ( * ) SI_UNIT ( .MILLI., .METRE. ) );
#5162 = CARTESIAN_POINT ( 'NONE',  ( 1.746043249005028386, -0.6000000000000000888, 0.8515027384351421258 ) ) ;
#5163 =( LENGTH_UNIT ( ) NAMED_UNIT ( * ) SI_UNIT ( .MILLI., .METRE. ) );
#5164 = ORIENTED_EDGE ( 'NONE', *, *, #1666, .T. ) ;
#5165 = SURFACE_SIDE_STYLE ('',( #3845 ) ) ;
#5166 = PRESENTATION_STYLE_ASSIGNMENT (( #4668 ) ) ;
#5167 = CARTESIAN_POINT ( 'NONE',  ( 2.600000000000000089, 0.4499999999999997891, 2.899999999999999911 ) ) ;
#5168 = EDGE_CURVE ( 'NONE', #295, #3027, #2802, .T. ) ;
#5169 = SURFACE_STYLE_USAGE ( .BOTH. , #5113 ) ;
#5170 = DIRECTION ( 'NONE',  ( -1.000000000000000000, 0.000000000000000000, 0.000000000000000000 ) ) ;
#5171 = LINE ( 'NONE', #2513, #2600 ) ;
#5172 = CARTESIAN_POINT ( 'NONE',  ( -0.8400000000000005240, -0.5500000000000000444, -2.709383666850158967 ) ) ;
#5173 = FILL_AREA_STYLE ('',( #4331 ) ) ;
#5174 = DIRECTION ( 'NONE',  ( 1.000000000000000000, 0.000000000000000000, 0.000000000000000000 ) ) ;
#5175 = LINE ( 'NONE', #2549, #3105 ) ;
#5176 = SURFACE_SIDE_STYLE ('',( #2131 ) ) ;
#5177 = VECTOR ( 'NONE', #5418, 1000.000000000000000 ) ;
#5178 = ORIENTED_EDGE ( 'NONE', *, *, #5551, .F. ) ;
#5179 = ORIENTED_EDGE ( 'NONE', *, *, #440, .F. ) ;
#5180 = FACE_OUTER_BOUND ( 'NONE', #5194, .T. ) ;
#5181 = LINE ( 'NONE', #5068, #1879 ) ;
#5182 = CARTESIAN_POINT ( 'NONE',  ( -0.4905381964949708795, -0.6000000000000000888, 3.074999999999999734 ) ) ;
#5183 = ORIENTED_EDGE ( 'NONE', *, *, #4142, .T. ) ;
#5184 = FILL_AREA_STYLE ('',( #1573 ) ) ;
#5185 = ORIENTED_EDGE ( 'NONE', *, *, #5617, .T. ) ;
#5186 = SHAPE_DEFINITION_REPRESENTATION ( #3351, #267 ) ;
#5187 = VECTOR ( 'NONE', #1907, 1000.000000000000000 ) ;
#5188 = VERTEX_POINT ( 'NONE', #4562 ) ;
#5189 = CARTESIAN_POINT ( 'NONE',  ( -1.760538196494970675, -0.6000000000000000888, -3.074999999999999734 ) ) ;
#5190 = LINE ( 'NONE', #828, #5404 ) ;
#5191 = MECHANICAL_DESIGN_GEOMETRIC_PRESENTATION_REPRESENTATION (  '', ( #182 ), #927 ) ;
#5192 = DIRECTION ( 'NONE',  ( 1.000000000000000000, 0.000000000000000000, -9.230586021924224922E-15 ) ) ;
#5193 = UNCERTAINTY_MEASURE_WITH_UNIT (LENGTH_MEASURE( 1.000000000000000082E-05 ), #3595, 'distance_accuracy_value', 'NONE');
#5194 = EDGE_LOOP ( 'NONE', ( #781, #4361, #727, #1964 ) ) ;
#5195 = DIRECTION ( 'NONE',  ( -0.000000000000000000, 1.000000000000000000, -0.000000000000000000 ) ) ;
#5196 = ADVANCED_FACE ( 'NONE', ( #673 ), #1391, .F. ) ;
#5197 = STYLED_ITEM ( 'NONE', ( #4181 ), #2683 ) ;
#5198 = CARTESIAN_POINT ( 'NONE',  ( -1.073931736960674677, -0.5500000000000000444, 0.3769286825621732118 ) ) ;
#5199 = FILL_AREA_STYLE ('',( #3424 ) ) ;
#5200 = COLOUR_RGB ( '',0.2509803921568627416, 0.2509803921568627416, 0.2509803921568627416 ) ;
#5201 = CARTESIAN_POINT ( 'NONE',  ( -1.700000000000000178, -0.6000000000000000888, 0.000000000000000000 ) ) ;
#5202 = AXIS2_PLACEMENT_3D ( 'NONE', #3255, #1135, #5031 ) ;
#5203 = EDGE_CURVE ( 'NONE', #2008, #1605, #1563, .T. ) ;
#5204 = DIRECTION ( 'NONE',  ( 0.000000000000000000, -0.000000000000000000, -1.000000000000000000 ) ) ;
#5205 =( NAMED_UNIT ( * ) PLANE_ANGLE_UNIT ( ) SI_UNIT ( $, .RADIAN. ) );
#5206 = DIRECTION ( 'NONE',  ( -0.4383297880337241881, 0.000000000000000000, 0.8988142171340585129 ) ) ;
#5207 = EDGE_CURVE ( 'NONE', #5008, #1000, #4892, .T. ) ;
#5208 = UNCERTAINTY_MEASURE_WITH_UNIT (LENGTH_MEASURE( 1.000000000000000082E-05 ), #99, 'distance_accuracy_value', 'NONE');
#5209 = VERTEX_POINT ( 'NONE', #967 ) ;
#5210 = ORIENTED_EDGE ( 'NONE', *, *, #4669, .T. ) ;
#5211 = VECTOR ( 'NONE', #4601, 1000.000000000000114 ) ;
#5212 = DIRECTION ( 'NONE',  ( 1.000000000000000000, 0.000000000000000000, 0.000000000000000000 ) ) ;
#5213 = CARTESIAN_POINT ( 'NONE',  ( 2.049461803505029156, -0.3460000000000000853, 3.074999999999999734 ) ) ;
#5214 = EDGE_CURVE ( 'NONE', #4050, #1928, #4614, .T. ) ;
#5215 = CARTESIAN_POINT ( 'NONE',  ( 0.000000000000000000, 0.5000000000000000000, -1.693602945287188799 ) ) ;
#5216 = SURFACE_SIDE_STYLE ('',( #2665 ) ) ;
#5217 = PRESENTATION_LAYER_ASSIGNMENT (  '', '', ( #2347 ) ) ;
#5218 = CARTESIAN_POINT ( 'NONE',  ( 0.4300000000000002709, -0.5500000000000000444, 2.414999999999999591 ) ) ;
#5219 = ORIENTED_EDGE ( 'NONE', *, *, #2457, .F. ) ;
#5220 = VERTEX_POINT ( 'NONE', #2766 ) ;
#5221 = FACE_OUTER_BOUND ( 'NONE', #2360, .T. ) ;
#5222 = CARTESIAN_POINT ( 'NONE',  ( 2.049461803505029156, -0.6000000000000000888, 0.000000000000000000 ) ) ;
#5223 = ORIENTED_EDGE ( 'NONE', *, *, #2368, .T. ) ;
#5224 = CARTESIAN_POINT ( 'NONE',  ( -0.1169838305759771518, -0.5500000000000000444, -0.2318876425445398626 ) ) ;
#5225 =( NAMED_UNIT ( * ) PLANE_ANGLE_UNIT ( ) SI_UNIT ( $, .RADIAN. ) );
#5226 = PRESENTATION_STYLE_ASSIGNMENT (( #834 ) ) ;
#5227 =( NAMED_UNIT ( * ) SI_UNIT ( $, .STERADIAN. ) SOLID_ANGLE_UNIT ( ) );
#5228 = CARTESIAN_POINT ( 'NONE',  ( 0.4300000000000002709, -0.6000000000000000888, -2.574999999999999289 ) ) ;
#5229 =( NAMED_UNIT ( * ) SI_UNIT ( $, .STERADIAN. ) SOLID_ANGLE_UNIT ( ) );
#5230 = PLANE ( 'NONE',  #5336 ) ;
#5231 = SURFACE_STYLE_FILL_AREA ( #1835 ) ;
#5232 = DIRECTION ( 'NONE',  ( -0.000000000000000000, 1.000000000000000000, -0.000000000000000000 ) ) ;
#5233 = ADVANCED_FACE ( 'NONE', ( #5056 ), #1096, .F. ) ;
#5234 = STYLED_ITEM ( 'NONE', ( #3174 ), #1621 ) ;
#5235 = FACE_OUTER_BOUND ( 'NONE', #4571, .T. ) ;
#5236 = VECTOR ( 'NONE', #5623, 999.9999999999998863 ) ;
#5237 = PRESENTATION_LAYER_ASSIGNMENT (  '', '', ( #4495 ) ) ;
#5238 = EDGE_LOOP ( 'NONE', ( #3134, #224, #4984, #1913 ) ) ;
#5239 = EDGE_CURVE ( 'NONE', #2136, #806, #3882, .T. ) ;
#5240 = MECHANICAL_DESIGN_GEOMETRIC_PRESENTATION_REPRESENTATION (  '', ( #4677 ), #3856 ) ;
#5241 = ORIENTED_EDGE ( 'NONE', *, *, #801, .F. ) ;
#5242 = VERTEX_POINT ( 'NONE', #1669 ) ;
#5243 = CARTESIAN_POINT ( 'NONE',  ( 0.4905381964949708795, -0.6000000000000000888, -3.074999999999999734 ) ) ;
#5244 =( GEOMETRIC_REPRESENTATION_CONTEXT ( 3 ) GLOBAL_UNCERTAINTY_ASSIGNED_CONTEXT ( ( #2271 ) ) GLOBAL_UNIT_ASSIGNED_CONTEXT ( ( #637, #669, #5439 ) ) REPRESENTATION_CONTEXT ( 'NONE', 'WORKASPACE' ) );
#5245 = LINE ( 'NONE', #5213, #2331 ) ;
#5246 = CARTESIAN_POINT ( 'NONE',  ( 2.526344525989637445E-14, -0.5500000000000000444, -2.575000000000003286 ) ) ;
#5247 = SURFACE_STYLE_USAGE ( .BOTH. , #5216 ) ;
#5248 = AXIS2_PLACEMENT_3D ( 'NONE', #2545, #1238, #2034 ) ;
#5249 = PRESENTATION_STYLE_ASSIGNMENT (( #2999 ) ) ;
#5250 = ORIENTED_EDGE ( 'NONE', *, *, #3308, .F. ) ;
#5251 = PRESENTATION_LAYER_ASSIGNMENT (  '', '', ( #3123 ) ) ;
#5252 = FILL_AREA_STYLE ('',( #1399 ) ) ;
#5253 = VERTEX_POINT ( 'NONE', #5172 ) ;
#5254 = FILL_AREA_STYLE ('',( #892 ) ) ;
#5255 = PRESENTATION_STYLE_ASSIGNMENT (( #2242 ) ) ;
#5256 = CARTESIAN_POINT ( 'NONE',  ( 2.600000000000000089, -0.5500000000000000444, -2.899999999999999911 ) ) ;
#5257 = PLANE ( 'NONE',  #1247 ) ;
#5258 = DIRECTION ( 'NONE',  ( 0.4383297880337241881, 0.000000000000000000, -0.8988142171340585129 ) ) ;
#5259 =( NAMED_UNIT ( * ) SI_UNIT ( $, .STERADIAN. ) SOLID_ANGLE_UNIT ( ) );
#5260 =( NAMED_UNIT ( * ) SI_UNIT ( $, .STERADIAN. ) SOLID_ANGLE_UNIT ( ) );
#5261 = DIRECTION ( 'NONE',  ( -0.7071067811865505703, -0.7071067811865444641, -0.000000000000000000 ) ) ;
#5262 = PRESENTATION_STYLE_ASSIGNMENT (( #929 ) ) ;
#5263 = DIRECTION ( 'NONE',  ( -0.000000000000000000, 1.000000000000000000, -0.000000000000000000 ) ) ;
#5264 = EDGE_CURVE ( 'NONE', #1603, #655, #841, .T. ) ;
#5265 = ORIENTED_EDGE ( 'NONE', *, *, #5127, .F. ) ;
#5266 = CARTESIAN_POINT ( 'NONE',  ( 1.760538196494970675, -0.6000000000000000888, -3.074999999999999734 ) ) ;
#5267 = DIRECTION ( 'NONE',  ( 0.7071067811865505703, -0.7071067811865444641, 0.000000000000000000 ) ) ;
#5268 = EDGE_CURVE ( 'NONE', #4654, #281, #2514, .T. ) ;
#5269 =( NAMED_UNIT ( * ) PLANE_ANGLE_UNIT ( ) SI_UNIT ( $, .RADIAN. ) );
#5270 = EDGE_LOOP ( 'NONE', ( #4712, #1675, #5039, #595, #5265, #5178 ) ) ;
#5271 =( LENGTH_UNIT ( ) NAMED_UNIT ( * ) SI_UNIT ( .MILLI., .METRE. ) );
#5272 =( GEOMETRIC_REPRESENTATION_CONTEXT ( 3 ) GLOBAL_UNCERTAINTY_ASSIGNED_CONTEXT ( ( #852 ) ) GLOBAL_UNIT_ASSIGNED_CONTEXT ( ( #5292, #4368, #2632 ) ) REPRESENTATION_CONTEXT ( 'NONE', 'WORKASPACE' ) );
#5273 = SURFACE_SIDE_STYLE ('',( #1743 ) ) ;
#5274 = ORIENTED_EDGE ( 'NONE', *, *, #2511, .T. ) ;
#5275 =( LENGTH_UNIT ( ) NAMED_UNIT ( * ) SI_UNIT ( .MILLI., .METRE. ) );
#5276 = EDGE_CURVE ( 'NONE', #5008, #5299, #3400, .T. ) ;
#5277 = DIRECTION ( 'NONE',  ( 1.000000000000000000, 0.000000000000000000, 0.000000000000000000 ) ) ;
#5278 = AXIS2_PLACEMENT_3D ( 'NONE', #1570, #3712, #629 ) ;
#5279 =( NAMED_UNIT ( * ) PLANE_ANGLE_UNIT ( ) SI_UNIT ( $, .RADIAN. ) );
#5280 = DIRECTION ( 'NONE',  ( 0.000000000000000000, 0.000000000000000000, 1.000000000000000000 ) ) ;
#5281 = LINE ( 'NONE', #1782, #2793 ) ;
#5282 = DIRECTION ( 'NONE',  ( 0.000000000000000000, 1.000000000000000000, 0.000000000000000000 ) ) ;
#5283 = ADVANCED_FACE ( 'NONE', ( #2982 ), #1187, .T. ) ;
#5284 = CARTESIAN_POINT ( 'NONE',  ( 2.049461803505029156, -0.6000000000000000888, 3.074999999999999734 ) ) ;
#5285 = VECTOR ( 'NONE', #4721, 1000.000000000000000 ) ;
#5286 = VECTOR ( 'NONE', #5263, 1000.000000000000000 ) ;
#5287 = LINE ( 'NONE', #4390, #3601 ) ;
#5288 = COLOUR_RGB ( '',1.000000000000000000, 1.000000000000000000, 1.000000000000000000 ) ;
#5289 = PLANE ( 'NONE',  #5393 ) ;
#5290 = PRESENTATION_LAYER_ASSIGNMENT (  '', '', ( #3823 ) ) ;
#5291 = EDGE_LOOP ( 'NONE', ( #5077, #3292, #196, #2900 ) ) ;
#5292 =( LENGTH_UNIT ( ) NAMED_UNIT ( * ) SI_UNIT ( .MILLI., .METRE. ) );
#5293 = LINE ( 'NONE', #4831, #1189 ) ;
#5294 = DIRECTION ( 'NONE',  ( -0.000000000000000000, -1.000000000000000000, -0.000000000000000000 ) ) ;
#5295 = DIRECTION ( 'NONE',  ( -0.000000000000000000, 1.000000000000000000, -0.000000000000000000 ) ) ;
#5296 =( LENGTH_UNIT ( ) NAMED_UNIT ( * ) SI_UNIT ( .MILLI., .METRE. ) );
#5297 = PRESENTATION_STYLE_ASSIGNMENT (( #4802 ) ) ;
#5298 = VERTEX_POINT ( 'NONE', #19 ) ;
#5299 = VERTEX_POINT ( 'NONE', #1264 ) ;
#5300 = ORIENTED_EDGE ( 'NONE', *, *, #1838, .F. ) ;
#5301 = ADVANCED_FACE ( 'NONE', ( #1696 ), #5230, .T. ) ;
#5302 = FILL_AREA_STYLE_COLOUR ( '', #549 ) ;
#5303 =( NAMED_UNIT ( * ) PLANE_ANGLE_UNIT ( ) SI_UNIT ( $, .RADIAN. ) );
#5304 = ORIENTED_EDGE ( 'NONE', *, *, #3760, .T. ) ;
#5305 = CARTESIAN_POINT ( 'NONE',  ( 0.8400000000000000799, -0.6000000000000000888, -2.574999999999999289 ) ) ;
#5306 = DIRECTION ( 'NONE',  ( 0.000000000000000000, 0.000000000000000000, -1.000000000000000000 ) ) ;
#5307 = EDGE_CURVE ( 'NONE', #3739, #4238, #922, .T. ) ;
#5308 =( NAMED_UNIT ( * ) PLANE_ANGLE_UNIT ( ) SI_UNIT ( $, .RADIAN. ) );
#5309 = CARTESIAN_POINT ( 'NONE',  ( 2.085796676733050248, -0.5500000000000000444, 0.000000000000000000 ) ) ;
#5310 = FILL_AREA_STYLE ('',( #3993 ) ) ;
#5311 = LINE ( 'NONE', #2622, #3865 ) ;
#5312 = CARTESIAN_POINT ( 'NONE',  ( -2.600000000000000089, -0.3460000000000000853, 1.087516676981414632 ) ) ;
#5313 = DIRECTION ( 'NONE',  ( 0.000000000000000000, 0.000000000000000000, 1.000000000000000000 ) ) ;
#5314 = ORIENTED_EDGE ( 'NONE', *, *, #3662, .T. ) ;
#5315 = FACE_OUTER_BOUND ( 'NONE', #3974, .T. ) ;
#5316 = CARTESIAN_POINT ( 'NONE',  ( 2.185796676733050781, -0.6000000000000000888, 0.8769784804864434458 ) ) ;
#5317 = ORIENTED_EDGE ( 'NONE', *, *, #1302, .F. ) ;
#5318 =( GEOMETRIC_REPRESENTATION_CONTEXT ( 3 ) GLOBAL_UNCERTAINTY_ASSIGNED_CONTEXT ( ( #1257 ) ) GLOBAL_UNIT_ASSIGNED_CONTEXT ( ( #5063, #3282, #1595 ) ) REPRESENTATION_CONTEXT ( 'NONE', 'WORKASPACE' ) );
#5319 = EDGE_LOOP ( 'NONE', ( #4573, #1899, #4322, #1986, #3785, #2751, #1324, #472 ) ) ;
#5320 = FILL_AREA_STYLE_COLOUR ( '', #780 ) ;
#5321 = COLOUR_RGB ( '',1.000000000000000000, 1.000000000000000000, 1.000000000000000000 ) ;
#5322 = DIRECTION ( 'NONE',  ( -0.4383297880337241881, 0.000000000000000000, 0.8988142171340585129 ) ) ;
#5323 = LINE ( 'NONE', #4832, #3619 ) ;
#5324 = PRESENTATION_LAYER_ASSIGNMENT (  '', '', ( #3859 ) ) ;
#5325 = STYLED_ITEM ( 'NONE', ( #3338 ), #1766 ) ;
#5326 = SURFACE_STYLE_USAGE ( .BOTH. , #3274 ) ;
#5327 = CARTESIAN_POINT ( 'NONE',  ( 0.4905381964949708795, -0.3460000000000000853, 2.899999999999999911 ) ) ;
#5328 = STYLED_ITEM ( 'NONE', ( #2713 ), #289 ) ;
#5329 = AXIS2_PLACEMENT_3D ( 'NONE', #4628, #3835, #329 ) ;
#5330 = VERTEX_POINT ( 'NONE', #3965 ) ;
#5331 = VECTOR ( 'NONE', #4460, 1000.000000000000114 ) ;
#5332 = ORIENTED_EDGE ( 'NONE', *, *, #2797, .F. ) ;
#5333 = ORIENTED_EDGE ( 'NONE', *, *, #3642, .F. ) ;
#5334 =( NAMED_UNIT ( * ) PLANE_ANGLE_UNIT ( ) SI_UNIT ( $, .RADIAN. ) );
#5335 = LINE ( 'NONE', #146, #4473 ) ;
#5336 = AXIS2_PLACEMENT_3D ( 'NONE', #3544, #4471, #3937 ) ;
#5337 = SURFACE_STYLE_FILL_AREA ( #3958 ) ;
#5338 = ORIENTED_EDGE ( 'NONE', *, *, #964, .F. ) ;
#5339 = CARTESIAN_POINT ( 'NONE',  ( -0.7200521629136938939, -0.6000000000000000888, 0.3511518909319935600 ) ) ;
#5340 = CARTESIAN_POINT ( 'NONE',  ( 0.7794618035050293603, -0.5500000000000000444, -2.833519861046362109 ) ) ;
#5341 = EDGE_CURVE ( 'NONE', #4811, #1305, #5311, .T. ) ;
#5342 = DIRECTION ( 'NONE',  ( -0.000000000000000000, 1.000000000000000000, -0.000000000000000000 ) ) ;
#5343 = VECTOR ( 'NONE', #5403, 1000.000000000000000 ) ;
#5344 = CARTESIAN_POINT ( 'NONE',  ( 2.600000000000000089, -0.3460000000000000853, 0.9375166769814144985 ) ) ;
#5345 = ORIENTED_EDGE ( 'NONE', *, *, #4142, .F. ) ;
#5346 = SURFACE_STYLE_FILL_AREA ( #527 ) ;
#5347 = PLANE ( 'NONE',  #4269 ) ;
#5348 = CARTESIAN_POINT ( 'NONE',  ( -2.772034335096362767, -0.5500000000000000444, -1.351853585938290303 ) ) ;
#5349 = CARTESIAN_POINT ( 'NONE',  ( -1.760538196494970675, -0.5500000000000000444, 2.833519861046362109 ) ) ;
#5350 = ADVANCED_FACE ( 'NONE', ( #2649 ), #4387, .F. ) ;
#5351 = EDGE_CURVE ( 'NONE', #4454, #1553, #2217, .T. ) ;
#5352 =( LENGTH_UNIT ( ) NAMED_UNIT ( * ) SI_UNIT ( .MILLI., .METRE. ) );
#5353 = CARTESIAN_POINT ( 'NONE',  ( 0.000000000000000000, 0.5000000000000000000, -1.693602945287188799 ) ) ;
#5354 = DIRECTION ( 'NONE',  ( 0.000000000000000000, -1.000000000000000000, 0.000000000000000000 ) ) ;
#5355 = EDGE_CURVE ( 'NONE', #4054, #4520, #2573, .T. ) ;
#5356 = PLANE ( 'NONE',  #2776 ) ;
#5357 = FILL_AREA_STYLE ('',( #4514 ) ) ;
#5358 = LINE ( 'NONE', #4022, #2038 ) ;
#5359 = DIRECTION ( 'NONE',  ( -0.000000000000000000, 1.000000000000000000, -0.000000000000000000 ) ) ;
#5360 = DIRECTION ( 'NONE',  ( 0.000000000000000000, 0.000000000000000000, 1.000000000000000000 ) ) ;
#5361 = PRODUCT_DEFINITION_CONTEXT ( 'detailed design', #5552, 'design' ) ;
#5362 = ORIENTED_EDGE ( 'NONE', *, *, #4304, .F. ) ;
#5363 =( GEOMETRIC_REPRESENTATION_CONTEXT ( 3 ) GLOBAL_UNCERTAINTY_ASSIGNED_CONTEXT ( ( #3346 ) ) GLOBAL_UNIT_ASSIGNED_CONTEXT ( ( #4539, #3764, #4512 ) ) REPRESENTATION_CONTEXT ( 'NONE', 'WORKASPACE' ) );
#5364 = VERTEX_POINT ( 'NONE', #557 ) ;
#5365 = VERTEX_POINT ( 'NONE', #3093 ) ;
#5366 = CARTESIAN_POINT ( 'NONE',  ( -1.286968016822274507E-16, -0.5500000000000000444, 1.145000000000000684 ) ) ;
#5367 =( NAMED_UNIT ( * ) SI_UNIT ( $, .STERADIAN. ) SOLID_ANGLE_UNIT ( ) );
#5368 =( NAMED_UNIT ( * ) SI_UNIT ( $, .STERADIAN. ) SOLID_ANGLE_UNIT ( ) );
#5369 = VERTEX_POINT ( 'NONE', #1405 ) ;
#5370 = LINE ( 'NONE', #5014, #3629 ) ;
#5371 = CARTESIAN_POINT ( 'NONE',  ( 1.700000000000000178, -0.5500000000000000444, -2.709383666850158967 ) ) ;
#5372 = PRESENTATION_LAYER_ASSIGNMENT (  '', '', ( #1755 ) ) ;
#5373 =( LENGTH_UNIT ( ) NAMED_UNIT ( * ) SI_UNIT ( .MILLI., .METRE. ) );
#5374 = EDGE_CURVE ( 'NONE', #460, #2905, #3141, .T. ) ;
#5375 =( NAMED_UNIT ( * ) PLANE_ANGLE_UNIT ( ) SI_UNIT ( $, .RADIAN. ) );
#5376 = DIRECTION ( 'NONE',  ( -0.000000000000000000, 1.000000000000000000, -0.000000000000000000 ) ) ;
#5377 = CARTESIAN_POINT ( 'NONE',  ( 1.760538196494970675, -0.3460000000000000853, -2.899999999999999911 ) ) ;
#5378 = PRESENTATION_LAYER_ASSIGNMENT (  '', '', ( #612 ) ) ;
#5379 = AXIS2_PLACEMENT_3D ( 'NONE', #512, #2724, #1877 ) ;
#5380 = DIRECTION ( 'NONE',  ( -0.4383297880337241881, 0.000000000000000000, 0.8988142171340585129 ) ) ;
#5381 = EDGE_CURVE ( 'NONE', #4374, #1768, #2158, .T. ) ;
#5382 = VECTOR ( 'NONE', #5294, 1000.000000000000000 ) ;
#5383 = SURFACE_SIDE_STYLE ('',( #3611 ) ) ;
#5384 = PRESENTATION_LAYER_ASSIGNMENT (  '', '', ( #3435 ) ) ;
#5385 = ORIENTED_EDGE ( 'NONE', *, *, #4239, .T. ) ;
#5386 = COLOUR_RGB ( '',1.000000000000000000, 1.000000000000000000, 1.000000000000000000 ) ;
#5387 = VERTEX_POINT ( 'NONE', #2053 ) ;
#5388 = VECTOR ( 'NONE', #368, 1000.000000000000000 ) ;
#5389 = ADVANCED_FACE ( 'NONE', ( #5221 ), #3390, .T. ) ;
#5390 = AXIS2_PLACEMENT_3D ( 'NONE', #1799, #3623, #3984 ) ;
#5391 = FACE_OUTER_BOUND ( 'NONE', #2039, .T. ) ;
#5392 = CARTESIAN_POINT ( 'NONE',  ( -0.8400000000000000799, -0.5500000000000000444, -2.574999999999999734 ) ) ;
#5393 = AXIS2_PLACEMENT_3D ( 'NONE', #3701, #2801, #290 ) ;
#5394 = CARTESIAN_POINT ( 'NONE',  ( -0.7200521629136938939, -0.5500000000000000444, -0.3511518909319935600 ) ) ;
#5395 = VERTEX_POINT ( 'NONE', #5189 ) ;
#5396 =( NAMED_UNIT ( * ) SI_UNIT ( $, .STERADIAN. ) SOLID_ANGLE_UNIT ( ) );
#5397 = ADVANCED_FACE ( 'NONE', ( #888 ), #808, .F. ) ;
#5398 = LINE ( 'NONE', #3689, #4840 ) ;
#5399 = PRESENTATION_STYLE_ASSIGNMENT (( #4550 ) ) ;
#5400 = ORIENTED_EDGE ( 'NONE', *, *, #5655, .F. ) ;
#5401 = DIRECTION ( 'NONE',  ( 0.000000000000000000, 0.000000000000000000, 1.000000000000000000 ) ) ;
#5402 = FILL_AREA_STYLE_COLOUR ( '', #3954 ) ;
#5403 = DIRECTION ( 'NONE',  ( 0.000000000000000000, 0.000000000000000000, 1.000000000000000000 ) ) ;
#5404 = VECTOR ( 'NONE', #2563, 1000.000000000000000 ) ;
#5405 = ORIENTED_EDGE ( 'NONE', *, *, #5660, .F. ) ;
#5406 = CARTESIAN_POINT ( 'NONE',  ( 8.095025303506697524E-15, -0.6000000000000000888, 0.8769784804864635408 ) ) ;
#5407 = FACE_OUTER_BOUND ( 'NONE', #562, .T. ) ;
#5408 = FACE_OUTER_BOUND ( 'NONE', #1937, .T. ) ;
#5409 = PLANE ( 'NONE',  #2426 ) ;
#5410 = AXIS2_PLACEMENT_3D ( 'NONE', #3443, #3947, #4398 ) ;
#5411 = VERTEX_POINT ( 'NONE', #4290 ) ;
#5412 = SURFACE_STYLE_FILL_AREA ( #3639 ) ;
#5413 = DIRECTION ( 'NONE',  ( -1.000000000000000000, 0.000000000000000000, 0.000000000000000000 ) ) ;
#5414 =( LENGTH_UNIT ( ) NAMED_UNIT ( * ) SI_UNIT ( .MILLI., .METRE. ) );
#5415 = ADVANCED_FACE ( 'NONE', ( #3056 ), #4384, .T. ) ;
#5416 = ORIENTED_EDGE ( 'NONE', *, *, #1499, .T. ) ;
#5417 = UNCERTAINTY_MEASURE_WITH_UNIT (LENGTH_MEASURE( 1.000000000000000082E-05 ), #4479, 'distance_accuracy_value', 'NONE');
#5418 = DIRECTION ( 'NONE',  ( 1.000000000000000000, 0.000000000000000000, 0.000000000000000000 ) ) ;
#5419 = DIRECTION ( 'NONE',  ( 0.000000000000000000, 0.000000000000000000, 1.000000000000000000 ) ) ;
#5420 = CARTESIAN_POINT ( 'NONE',  ( -0.4299999999999998268, -0.6000000000000000888, -2.709383666850158967 ) ) ;
#5421 = DIRECTION ( 'NONE',  ( -1.000000000000000000, 0.000000000000000000, 0.000000000000000000 ) ) ;
#5422 = PRESENTATION_LAYER_ASSIGNMENT (  '', '', ( #3374 ) ) ;
#5423 = ORIENTED_EDGE ( 'NONE', *, *, #346, .F. ) ;
#5424 = ORIENTED_EDGE ( 'NONE', *, *, #14, .F. ) ;
#5425 = DIRECTION ( 'NONE',  ( -0.3311741786255147368, 0.000000000000000000, 0.9435696388776588783 ) ) ;
#5426 = MECHANICAL_DESIGN_GEOMETRIC_PRESENTATION_REPRESENTATION (  '', ( #478 ), #4672 ) ;
#5427 = STYLED_ITEM ( 'NONE', ( #3950 ), #23 ) ;
#5428 =( LENGTH_UNIT ( ) NAMED_UNIT ( * ) SI_UNIT ( .MILLI., .METRE. ) );
#5429 = ORIENTED_EDGE ( 'NONE', *, *, #4165, .T. ) ;
#5430 = FILL_AREA_STYLE_COLOUR ( '', #1868 ) ;
#5431 = COLOUR_RGB ( '',1.000000000000000000, 1.000000000000000000, 1.000000000000000000 ) ;
#5432 = FILL_AREA_STYLE ('',( #5402 ) ) ;
#5433 = AXIS2_PLACEMENT_3D ( 'NONE', #5495, #3214, #2356 ) ;
#5434 = DIRECTION ( 'NONE',  ( -0.000000000000000000, 1.000000000000000000, -0.000000000000000000 ) ) ;
#5435 = DIRECTION ( 'NONE',  ( -1.000000000000000000, 0.000000000000000000, 0.000000000000000000 ) ) ;
#5436 = ORIENTED_EDGE ( 'NONE', *, *, #1798, .T. ) ;
#5437 = VECTOR ( 'NONE', #3814, 1000.000000000000000 ) ;
#5438 =( NAMED_UNIT ( * ) PLANE_ANGLE_UNIT ( ) SI_UNIT ( $, .RADIAN. ) );
#5439 =( NAMED_UNIT ( * ) SI_UNIT ( $, .STERADIAN. ) SOLID_ANGLE_UNIT ( ) );
#5440 = PRESENTATION_STYLE_ASSIGNMENT (( #4610 ) ) ;
#5441 = PRESENTATION_LAYER_ASSIGNMENT (  '', '', ( #3485 ) ) ;
#5442 =( NAMED_UNIT ( * ) SI_UNIT ( $, .STERADIAN. ) SOLID_ANGLE_UNIT ( ) );
#5443 =( GEOMETRIC_REPRESENTATION_CONTEXT ( 3 ) GLOBAL_UNCERTAINTY_ASSIGNED_CONTEXT ( ( #4835 ) ) GLOBAL_UNIT_ASSIGNED_CONTEXT ( ( #4413, #2155, #3540 ) ) REPRESENTATION_CONTEXT ( 'NONE', 'WORKASPACE' ) );
#5444 = LINE ( 'NONE', #5201, #5576 ) ;
#5445 = LINE ( 'NONE', #2891, #577 ) ;
#5446 = CARTESIAN_POINT ( 'NONE',  ( -2.434999999999999609, -0.6000000000000000888, 0.9375166769814144985 ) ) ;
#5447 = CARTESIAN_POINT ( 'NONE',  ( -2.434999999999999609, -0.5500000000000000444, 1.087516676981414410 ) ) ;
#5448 = PRESENTATION_LAYER_ASSIGNMENT (  '', '', ( #3587 ) ) ;
#5449 = LINE ( 'NONE', #5572, #4797 ) ;
#5450 = UNCERTAINTY_MEASURE_WITH_UNIT (LENGTH_MEASURE( 1.000000000000000082E-05 ), #4744, 'distance_accuracy_value', 'NONE');
#5451 = SURFACE_SIDE_STYLE ('',( #164 ) ) ;
#5452 = EDGE_CURVE ( 'NONE', #3316, #5497, #3089, .T. ) ;
#5453 = UNCERTAINTY_MEASURE_WITH_UNIT (LENGTH_MEASURE( 1.000000000000000082E-05 ), #955, 'distance_accuracy_value', 'NONE');
#5454 = ORIENTED_EDGE ( 'NONE', *, *, #4501, .T. ) ;
#5455 = ORIENTED_EDGE ( 'NONE', *, *, #2488, .F. ) ;
#5456 = VERTEX_POINT ( 'NONE', #3901 ) ;
#5457 = ORIENTED_EDGE ( 'NONE', *, *, #3389, .T. ) ;
#5458 = CARTESIAN_POINT ( 'NONE',  ( 0.4905381964949708795, -0.6000000000000000888, -3.074999999999999734 ) ) ;
#5459 = SURFACE_SIDE_STYLE ('',( #4114 ) ) ;
#5460 = EDGE_CURVE ( 'NONE', #2441, #1909, #5060, .T. ) ;
#5461 = SURFACE_STYLE_FILL_AREA ( #223 ) ;
#5462 = ORIENTED_EDGE ( 'NONE', *, *, #2044, .T. ) ;
#5463 = SURFACE_STYLE_FILL_AREA ( #4577 ) ;
#5464 = CARTESIAN_POINT ( 'NONE',  ( 2.049461803505029156, -0.6000000000000000888, -3.074999999999999734 ) ) ;
#5465 = AXIS2_PLACEMENT_3D ( 'NONE', #3098, #2227, #2690 ) ;
#5466 = FILL_AREA_STYLE ('',( #4119 ) ) ;
#5467 = ORIENTED_EDGE ( 'NONE', *, *, #3053, .T. ) ;
#5468 = AXIS2_PLACEMENT_3D ( 'NONE', #4077, #1073, #4597 ) ;
#5469 = DIRECTION ( 'NONE',  ( -0.000000000000000000, 1.000000000000000000, -0.000000000000000000 ) ) ;
#5470 = ADVANCED_FACE ( 'NONE', ( #3039 ), #952, .T. ) ;
#5471 = SURFACE_SIDE_STYLE ('',( #2305 ) ) ;
#5472 = LINE ( 'NONE', #607, #617 ) ;
#5473 = SURFACE_STYLE_USAGE ( .BOTH. , #4529 ) ;
#5474 = LINE ( 'NONE', #4183, #4089 ) ;
#5475 = DIRECTION ( 'NONE',  ( 0.8988142171340585129, 0.000000000000000000, 0.4383297880337241881 ) ) ;
#5476 = ADVANCED_FACE ( 'NONE', ( #3010 ), #447, .F. ) ;
#5477 = CARTESIAN_POINT ( 'NONE',  ( 2.600000000000000089, -0.5500000000000000444, -2.899999999999999911 ) ) ;
#5478 = MECHANICAL_DESIGN_GEOMETRIC_PRESENTATION_REPRESENTATION (  '', ( #1662 ), #3515 ) ;
#5479 = DIRECTION ( 'NONE',  ( 0.4383297880337241881, 0.000000000000000000, 0.8988142171340585129 ) ) ;
#5480 = CARTESIAN_POINT ( 'NONE',  ( 2.185796676733050781, -0.6000000000000000888, 0.8769784804864434458 ) ) ;
#5481 =( LENGTH_UNIT ( ) NAMED_UNIT ( * ) SI_UNIT ( .MILLI., .METRE. ) );
#5482 = EDGE_LOOP ( 'NONE', ( #3558, #3806, #1141, #2603 ) ) ;
#5483 = UNCERTAINTY_MEASURE_WITH_UNIT (LENGTH_MEASURE( 1.000000000000000082E-05 ), #2692, 'distance_accuracy_value', 'NONE');
#5484 = MECHANICAL_DESIGN_GEOMETRIC_PRESENTATION_REPRESENTATION (  '', ( #1504 ), #3716 ) ;
#5485 = PLANE ( 'NONE',  #1489 ) ;
#5486 = COLOUR_RGB ( '',1.000000000000000000, 1.000000000000000000, 1.000000000000000000 ) ;
#5487 = VERTEX_POINT ( 'NONE', #3063 ) ;
#5488 = MECHANICAL_DESIGN_GEOMETRIC_PRESENTATION_REPRESENTATION (  '', ( #1253 ), #4003 ) ;
#5489 =( GEOMETRIC_REPRESENTATION_CONTEXT ( 3 ) GLOBAL_UNCERTAINTY_ASSIGNED_CONTEXT ( ( #1194 ) ) GLOBAL_UNIT_ASSIGNED_CONTEXT ( ( #2507, #391, #3812 ) ) REPRESENTATION_CONTEXT ( 'NONE', 'WORKASPACE' ) );
#5490 = EDGE_LOOP ( 'NONE', ( #2456, #5072, #3885, #2118 ) ) ;
#5491 =( NAMED_UNIT ( * ) SI_UNIT ( $, .STERADIAN. ) SOLID_ANGLE_UNIT ( ) );
#5492 = FILL_AREA_STYLE_COLOUR ( '', #2183 ) ;
#5493 = ORIENTED_EDGE ( 'NONE', *, *, #4107, .T. ) ;
#5494 = PRESENTATION_STYLE_ASSIGNMENT (( #5037 ) ) ;
#5495 = CARTESIAN_POINT ( 'NONE',  ( 0.000000000000000000, 0.5500000000000000444, -2.800000000000000266 ) ) ;
#5496 = VERTEX_POINT ( 'NONE', #4816 ) ;
#5497 = VERTEX_POINT ( 'NONE', #2270 ) ;
#5498 = APPLICATION_PROTOCOL_DEFINITION ( 'draft international standard', 'automotive_design', 1998, #4241 ) ;
#5499 = EDGE_CURVE ( 'NONE', #5579, #4490, #4150, .T. ) ;
#5500 = CARTESIAN_POINT ( 'NONE',  ( -0.3059389231776404316, -0.6000000000000000888, -0.1491989565711548393 ) ) ;
#5501 = LINE ( 'NONE', #4527, #3664 ) ;
#5502 = CARTESIAN_POINT ( 'NONE',  ( -0.4905381964949708795, -0.6000000000000000888, 2.833519861046362109 ) ) ;
#5503 = CARTESIAN_POINT ( 'NONE',  ( 1.746043249005028386, -0.6000000000000000888, 0.8515027384351421258 ) ) ;
#5504 = FILL_AREA_STYLE ('',( #1976 ) ) ;
#5505 = CARTESIAN_POINT ( 'NONE',  ( -2.049461803505029156, -0.6000000000000000888, 0.000000000000000000 ) ) ;
#5506 = VECTOR ( 'NONE', #3209, 1000.000000000000000 ) ;
#5507 =( NAMED_UNIT ( * ) PLANE_ANGLE_UNIT ( ) SI_UNIT ( $, .RADIAN. ) );
#5508 = FILL_AREA_STYLE ('',( #1016 ) ) ;
#5509 = UNCERTAINTY_MEASURE_WITH_UNIT (LENGTH_MEASURE( 1.000000000000000082E-05 ), #237, 'distance_accuracy_value', 'NONE');
#5510 = FILL_AREA_STYLE ('',( #5089 ) ) ;
#5511 = DIRECTION ( 'NONE',  ( -0.000000000000000000, 1.000000000000000000, -0.000000000000000000 ) ) ;
#5512 = EDGE_LOOP ( 'NONE', ( #2000, #1940, #1248, #4719 ) ) ;
#5513 = EDGE_LOOP ( 'NONE', ( #3347, #5332, #5333, #3385 ) ) ;
#5514 = EDGE_LOOP ( 'NONE', ( #3559, #177, #4149, #1681 ) ) ;
#5515 = CARTESIAN_POINT ( 'NONE',  ( -1.700000000000000178, -0.6000000000000000888, 2.709383666850159411 ) ) ;
#5516 = FILL_AREA_STYLE ('',( #3412 ) ) ;
#5517 = ORIENTED_EDGE ( 'NONE', *, *, #4630, .F. ) ;
#5518 = DIRECTION ( 'NONE',  ( -0.000000000000000000, -1.000000000000000000, -0.000000000000000000 ) ) ;
#5519 = VERTEX_POINT ( 'NONE', #4036 ) ;
#5520 =( NAMED_UNIT ( * ) PLANE_ANGLE_UNIT ( ) SI_UNIT ( $, .RADIAN. ) );
#5521 = VECTOR ( 'NONE', #4392, 1000.000000000000000 ) ;
#5522 = MECHANICAL_DESIGN_GEOMETRIC_PRESENTATION_REPRESENTATION (  '', ( #5427 ), #1285 ) ;
#5523 = FILL_AREA_STYLE ('',( #3295 ) ) ;
#5524 = PRESENTATION_LAYER_ASSIGNMENT (  '', '', ( #4857 ) ) ;
#5525 = EDGE_LOOP ( 'NONE', ( #3868, #1113, #2537, #4176 ) ) ;
#5526 = FILL_AREA_STYLE_COLOUR ( '', #4360 ) ;
#5527 = MECHANICAL_DESIGN_GEOMETRIC_PRESENTATION_REPRESENTATION (  '', ( #310 ), #753 ) ;
#5528 = EDGE_CURVE ( 'NONE', #1605, #2699, #3391, .T. ) ;
#5529 = VECTOR ( 'NONE', #1871, 1000.000000000000000 ) ;
#5530 = DIRECTION ( 'NONE',  ( 0.000000000000000000, 1.000000000000000000, 0.000000000000000000 ) ) ;
#5531 = DIRECTION ( 'NONE',  ( -1.000000000000000000, 0.000000000000000000, 0.000000000000000000 ) ) ;
#5532 = STYLED_ITEM ( 'NONE', ( #2516 ), #243 ) ;
#5533 = VECTOR ( 'NONE', #3690, 1000.000000000000000 ) ;
#5534 = AXIS2_PLACEMENT_3D ( 'NONE', #4894, #4, #515 ) ;
#5535 = AXIS2_PLACEMENT_3D ( 'NONE', #2854, #3606, #4154 ) ;
#5536 = SURFACE_SIDE_STYLE ('',( #2031 ) ) ;
#5537 = DIRECTION ( 'NONE',  ( 0.4383297880337241881, 0.000000000000000000, -0.8988142171340585129 ) ) ;
#5538 = EDGE_CURVE ( 'NONE', #2330, #3983, #664, .T. ) ;
#5539 = MECHANICAL_DESIGN_GEOMETRIC_PRESENTATION_REPRESENTATION (  '', ( #316 ), #4687 ) ;
#5540 = EDGE_CURVE ( 'NONE', #3855, #495, #4960, .T. ) ;
#5541 = FILL_AREA_STYLE ('',( #2311 ) ) ;
#5542 = FILL_AREA_STYLE ('',( #2803 ) ) ;
#5543 = VERTEX_POINT ( 'NONE', #5371 ) ;
#5544 = AXIS2_PLACEMENT_3D ( 'NONE', #2676, #4844, #2243 ) ;
#5545 =( NAMED_UNIT ( * ) SI_UNIT ( $, .STERADIAN. ) SOLID_ANGLE_UNIT ( ) );
#5546 =( LENGTH_UNIT ( ) NAMED_UNIT ( * ) SI_UNIT ( .MILLI., .METRE. ) );
#5547 = VECTOR ( 'NONE', #5342, 1000.000000000000000 ) ;
#5548 = ORIENTED_EDGE ( 'NONE', *, *, #449, .T. ) ;
#5549 = ORIENTED_EDGE ( 'NONE', *, *, #1263, .T. ) ;
#5550 = SURFACE_SIDE_STYLE ('',( #5582 ) ) ;
#5551 = EDGE_CURVE ( 'NONE', #3566, #995, #1430, .T. ) ;
#5552 = APPLICATION_CONTEXT ( 'automotive_design' ) ;
#5553 = ORIENTED_EDGE ( 'NONE', *, *, #860, .T. ) ;
#5554 = DIRECTION ( 'NONE',  ( -1.000000000000000000, 0.000000000000000000, 0.000000000000000000 ) ) ;
#5555 = ORIENTED_EDGE ( 'NONE', *, *, #3048, .T. ) ;
#5556 = DIRECTION ( 'NONE',  ( 0.000000000000000000, 0.000000000000000000, 1.000000000000000000 ) ) ;
#5557 =( NAMED_UNIT ( * ) SI_UNIT ( $, .STERADIAN. ) SOLID_ANGLE_UNIT ( ) );
#5558 = SURFACE_STYLE_USAGE ( .BOTH. , #334 ) ;
#5559 = ORIENTED_EDGE ( 'NONE', *, *, #3536, .T. ) ;
#5560 = DIRECTION ( 'NONE',  ( 1.000000000000000000, 0.000000000000000000, 1.123989534342597324E-16 ) ) ;
#5561 =( LENGTH_UNIT ( ) NAMED_UNIT ( * ) SI_UNIT ( .MILLI., .METRE. ) );
#5562 = ORIENTED_EDGE ( 'NONE', *, *, #2078, .F. ) ;
#5563 = VECTOR ( 'NONE', #2987, 1000.000000000000000 ) ;
#5564 = CARTESIAN_POINT ( 'NONE',  ( -1.286968016822274507E-16, -0.6000000000000000888, 1.145000000000000684 ) ) ;
#5565 = PRESENTATION_STYLE_ASSIGNMENT (( #3791 ) ) ;
#5566 = CARTESIAN_POINT ( 'NONE',  ( -2.049461803505029156, -0.3460000000000000853, 2.899999999999999911 ) ) ;
#5567 = LINE ( 'NONE', #4675, #4125 ) ;
#5568 = AXIS2_PLACEMENT_3D ( 'NONE', #3848, #4705, #3788 ) ;
#5569 = ORIENTED_EDGE ( 'NONE', *, *, #4165, .F. ) ;
#5570 = ORIENTED_EDGE ( 'NONE', *, *, #2186, .T. ) ;
#5571 = EDGE_CURVE ( 'NONE', #2211, #2527, #3631, .T. ) ;
#5572 = CARTESIAN_POINT ( 'NONE',  ( -0.3857966767330511804, -0.6000000000000000888, -2.574999999999999734 ) ) ;
#5573 = VECTOR ( 'NONE', #1397, 1000.000000000000000 ) ;
#5574 = UNCERTAINTY_MEASURE_WITH_UNIT (LENGTH_MEASURE( 1.000000000000000082E-05 ), #1676, 'distance_accuracy_value', 'NONE');
#5575 = ORIENTED_EDGE ( 'NONE', *, *, #1343, .T. ) ;
#5576 = VECTOR ( 'NONE', #4673, 1000.000000000000000 ) ;
#5577 = EDGE_CURVE ( 'NONE', #2812, #5456, #1802, .T. ) ;
#5578 = ORIENTED_EDGE ( 'NONE', *, *, #2558, .T. ) ;
#5579 = VERTEX_POINT ( 'NONE', #3138 ) ;
#5580 = CARTESIAN_POINT ( 'NONE',  ( 0.000000000000000000, -0.6000000000000000888, 0.000000000000000000 ) ) ;
#5581 = VECTOR ( 'NONE', #759, 1000.000000000000000 ) ;
#5582 = SURFACE_STYLE_FILL_AREA ( #2437 ) ;
#5583 = CARTESIAN_POINT ( 'NONE',  ( 2.600000000000000089, 0.5500000000000000444, 2.899999999999999911 ) ) ;
#5584 =( GEOMETRIC_REPRESENTATION_CONTEXT ( 3 ) GLOBAL_UNCERTAINTY_ASSIGNED_CONTEXT ( ( #190 ) ) GLOBAL_UNIT_ASSIGNED_CONTEXT ( ( #5373, #585, #4065 ) ) REPRESENTATION_CONTEXT ( 'NONE', 'WORKASPACE' ) );
#5585 = ORIENTED_EDGE ( 'NONE', *, *, #3162, .F. ) ;
#5586 = LINE ( 'NONE', #5157, #3474 ) ;
#5587 = ORIENTED_EDGE ( 'NONE', *, *, #3893, .T. ) ;
#5588 = ORIENTED_EDGE ( 'NONE', *, *, #4006, .F. ) ;
#5589 = COLOUR_RGB ( '',1.000000000000000000, 1.000000000000000000, 1.000000000000000000 ) ;
#5590 = FILL_AREA_STYLE_COLOUR ( '', #1122 ) ;
#5591 = LINE ( 'NONE', #3003, #2840 ) ;
#5592 = PRESENTATION_LAYER_ASSIGNMENT (  '', '', ( #4638 ) ) ;
#5593 = MECHANICAL_DESIGN_GEOMETRIC_PRESENTATION_REPRESENTATION (  '', ( #2706 ), #451 ) ;
#5594 = DIRECTION ( 'NONE',  ( -1.000000000000000000, 0.000000000000000000, 0.000000000000000000 ) ) ;
#5595 = ORIENTED_EDGE ( 'NONE', *, *, #1732, .T. ) ;
#5596 = CARTESIAN_POINT ( 'NONE',  ( 1.760538196494970675, -0.6000000000000000888, 3.074999999999999734 ) ) ;
#5597 = FILL_AREA_STYLE ('',( #1232 ) ) ;
#5598 = CARTESIAN_POINT ( 'NONE',  ( -0.4905381964949708795, -0.6000000000000000888, -3.074999999999999734 ) ) ;
#5599 = ORIENTED_EDGE ( 'NONE', *, *, #4669, .F. ) ;
#5600 =( NAMED_UNIT ( * ) SI_UNIT ( $, .STERADIAN. ) SOLID_ANGLE_UNIT ( ) );
#5601 = PRESENTATION_STYLE_ASSIGNMENT (( #4295 ) ) ;
#5602 = CARTESIAN_POINT ( 'NONE',  ( -0.4905381964949708795, -0.6000000000000000888, 3.074999999999999734 ) ) ;
#5603 = LINE ( 'NONE', #3460, #1900 ) ;
#5604 = DIRECTION ( 'NONE',  ( 0.000000000000000000, 0.000000000000000000, -1.000000000000000000 ) ) ;
#5605 = UNCERTAINTY_MEASURE_WITH_UNIT (LENGTH_MEASURE( 1.000000000000000082E-05 ), #3545, 'distance_accuracy_value', 'NONE');
#5606 = ORIENTED_EDGE ( 'NONE', *, *, #2264, .F. ) ;
#5607 = PRESENTATION_STYLE_ASSIGNMENT (( #431 ) ) ;
#5608 = PRESENTATION_LAYER_ASSIGNMENT (  '', '', ( #4752 ) ) ;
#5609 = EDGE_CURVE ( 'NONE', #1929, #2501, #1054, .T. ) ;
#5610 = ORIENTED_EDGE ( 'NONE', *, *, #3401, .F. ) ;
#5611 = VERTEX_POINT ( 'NONE', #4579 ) ;
#5612 = SURFACE_SIDE_STYLE ('',( #2529 ) ) ;
#5613 = CARTESIAN_POINT ( 'NONE',  ( 2.600000000000000089, -0.5500000000000000444, 2.899999999999999911 ) ) ;
#5614 = DIRECTION ( 'NONE',  ( -0.000000000000000000, -1.000000000000000000, -0.000000000000000000 ) ) ;
#5615 = ORIENTED_EDGE ( 'NONE', *, *, #602, .T. ) ;
#5616 = ADVANCED_FACE ( 'NONE', ( #3215 ), #2302, .F. ) ;
#5617 = EDGE_CURVE ( 'NONE', #2482, #3817, #553, .T. ) ;
#5618 = CARTESIAN_POINT ( 'NONE',  ( 2.109999999999999876, -0.6000000000000000888, 2.709383666850159411 ) ) ;
#5619 = EDGE_LOOP ( 'NONE', ( #6, #1932, #774, #1427 ) ) ;
#5620 = ORIENTED_EDGE ( 'NONE', *, *, #3380, .T. ) ;
#5621 = FILL_AREA_STYLE ('',( #362 ) ) ;
#5622 = FACE_OUTER_BOUND ( 'NONE', #709, .T. ) ;
#5623 = DIRECTION ( 'NONE',  ( 0.9018648657203758301, 0.000000000000000000, -0.4320182449609837327 ) ) ;
#5624 = VERTEX_POINT ( 'NONE', #603 ) ;
#5625 = FILL_AREA_STYLE_COLOUR ( '', #1437 ) ;
#5626 = VECTOR ( 'NONE', #1679, 999.9999999999998863 ) ;
#5627 =( GEOMETRIC_REPRESENTATION_CONTEXT ( 3 ) GLOBAL_UNCERTAINTY_ASSIGNED_CONTEXT ( ( #3705 ) ) GLOBAL_UNIT_ASSIGNED_CONTEXT ( ( #3452, #5303, #3898 ) ) REPRESENTATION_CONTEXT ( 'NONE', 'WORKASPACE' ) );
#5628 = LINE ( 'NONE', #784, #1052 ) ;
#5629 = COLOUR_RGB ( '',1.000000000000000000, 1.000000000000000000, 1.000000000000000000 ) ;
#5630 = FILL_AREA_STYLE_COLOUR ( '', #4263 ) ;
#5631 = DIRECTION ( 'NONE',  ( -0.000000000000000000, 1.000000000000000000, -0.000000000000000000 ) ) ;
#5632 =( NAMED_UNIT ( * ) PLANE_ANGLE_UNIT ( ) SI_UNIT ( $, .RADIAN. ) );
#5633 = STYLED_ITEM ( 'NONE', ( #3527 ), #4957 ) ;
#5634 = VECTOR ( 'NONE', #5019, 1000.000000000000000 ) ;
#5635 = PRESENTATION_LAYER_ASSIGNMENT (  '', '', ( #316 ) ) ;
#5636 = FILL_AREA_STYLE_COLOUR ( '', #3625 ) ;
#5637 = VECTOR ( 'NONE', #5359, 1000.000000000000000 ) ;
#5638 = UNCERTAINTY_MEASURE_WITH_UNIT (LENGTH_MEASURE( 1.000000000000000082E-05 ), #5067, 'distance_accuracy_value', 'NONE');
#5639 = COLOUR_RGB ( '',1.000000000000000000, 1.000000000000000000, 1.000000000000000000 ) ;
#5640 = EDGE_LOOP ( 'NONE', ( #719, #5424, #4085, #344 ) ) ;
#5641 = ORIENTED_EDGE ( 'NONE', *, *, #2944, .T. ) ;
#5642 = FILL_AREA_STYLE_COLOUR ( '', #103 ) ;
#5643 = MECHANICAL_DESIGN_GEOMETRIC_PRESENTATION_REPRESENTATION (  '', ( #3587 ), #3781 ) ;
#5644 = ORIENTED_EDGE ( 'NONE', *, *, #1609, .F. ) ;
#5645 = PRESENTATION_STYLE_ASSIGNMENT (( #3866 ) ) ;
#5646 = ORIENTED_EDGE ( 'NONE', *, *, #957, .T. ) ;
#5647 = ORIENTED_EDGE ( 'NONE', *, *, #415, .F. ) ;
#5648 = ADVANCED_FACE ( 'NONE', ( #2329 ), #3660, .T. ) ;
#5649 = DIRECTION ( 'NONE',  ( -0.000000000000000000, -1.000000000000000000, -0.000000000000000000 ) ) ;
#5650 = LINE ( 'NONE', #4664, #4588 ) ;
#5651 = CARTESIAN_POINT ( 'NONE',  ( 0.4300000000000002709, -0.6000000000000000888, 0.000000000000000000 ) ) ;
#5652 = VERTEX_POINT ( 'NONE', #3262 ) ;
#5653 = LINE ( 'NONE', #3328, #1950 ) ;
#5654 = CARTESIAN_POINT ( 'NONE',  ( -2.085796676733050248, -0.5500000000000000444, -2.506040755987019697 ) ) ;
#5655 = EDGE_CURVE ( 'NONE', #2389, #1077, #4635, .T. ) ;
#5656 = CARTESIAN_POINT ( 'NONE',  ( 0.3857966767330511804, -0.6000000000000000888, 1.145000000000000684 ) ) ;
#5657 = PLANE ( 'NONE',  #886 ) ;
#5658 =( NAMED_UNIT ( * ) SI_UNIT ( $, .STERADIAN. ) SOLID_ANGLE_UNIT ( ) );
#5659 = STYLED_ITEM ( 'NONE', ( #3442 ), #3151 ) ;
#5660 = EDGE_CURVE ( 'NONE', #3864, #4379, #1202, .T. ) ;
#5661 =( LENGTH_UNIT ( ) NAMED_UNIT ( * ) SI_UNIT ( .MILLI., .METRE. ) );
#5662 = PRESENTATION_LAYER_ASSIGNMENT (  '', '', ( #1578 ) ) ;
#5663 = ORIENTED_EDGE ( 'NONE', *, *, #5087, .T. ) ;
#5664 = VERTEX_POINT ( 'NONE', #3322 ) ;
#5665 = PRESENTATION_STYLE_ASSIGNMENT (( #412 ) ) ;
ENDSEC;
END-ISO-10303-21;
