ISO-10303-21;
HEADER;
/* Generated by software containing ST-Developer
 * from STEP Tools, Inc. (www.steptools.com) 
 */
/* OPTION: strings as raw bytes, not using required /X/ escapes */

FILE_DESCRIPTION(
/* description */ ('Unknown'),
/* implementation_level */ '2;1');

FILE_NAME(
/* name */ 'PTV09A-6030U-B103',
/* time_stamp */ '2023-03-08T08:21:01+02:00',
/* author */ ('Unknown'),
/* organization */ ('Unknown'),
/* preprocessor_version */ 'ST-DEVELOPER v18.1',
/* originating_system */ 'Solid Edge',
/* authorisation */ 'Unknown');

FILE_SCHEMA (('AUTOMOTIVE_DESIGN {1 0 10303 214 3 1 1}'));
ENDSEC;

DATA;
#10=PROPERTY_DEFINITION_REPRESENTATION(#14,#12);
#11=PROPERTY_DEFINITION_REPRESENTATION(#15,#13);
#12=REPRESENTATION('',(#16),#5755);
#13=REPRESENTATION('',(#17),#5755);
#14=PROPERTY_DEFINITION('pmi validation property','',#5760);
#15=PROPERTY_DEFINITION('pmi validation property','',#5760);
#16=VALUE_REPRESENTATION_ITEM('number of annotations',COUNT_MEASURE(0.));
#17=VALUE_REPRESENTATION_ITEM('number of views',COUNT_MEASURE(0.));
#18=(
BOUNDED_SURFACE()
B_SPLINE_SURFACE(1,2,((#5077,#5078,#5079,#5080,#5081,#5082,#5083,#5084,
#5085,#5086,#5087,#5088,#5089,#5090,#5091,#5092,#5093,#5094,#5095,#5096,
#5097,#5098,#5099,#5100,#5101,#5102,#5103,#5104,#5105,#5106,#5107,#5108,
#5109,#5110,#5111,#5112,#5113,#5114,#5115,#5116,#5117,#5118,#5119,#5120,
#5121,#5122,#5123,#5124,#5125,#5126,#5127,#5128,#5129,#5130,#5131,#5132,
#5133,#5134,#5135,#5136,#5137,#5138,#5139,#5140,#5141,#5142,#5143,#5144,
#5145,#5146,#5147,#5148,#5149,#5150,#5151,#5152,#5153,#5154,#5155,#5156,
#5157,#5158,#5159,#5160,#5161,#5162,#5163,#5164,#5165,#5166,#5167,#5168,
#5169,#5170,#5171,#5172,#5173,#5174,#5175,#5176,#5177,#5178,#5179,#5180,
#5181,#5182,#5183,#5184,#5185,#5186,#5187,#5188,#5189,#5190,#5191,#5192,
#5193,#5194,#5195,#5196,#5197,#5198,#5199,#5200,#5201,#5202,#5203,#5204,
#5205,#5206,#5207,#5208,#5209,#5210,#5211,#5212,#5213,#5214,#5215,#5216,
#5217,#5218,#5219,#5220,#5221,#5222,#5223,#5224,#5225,#5226,#5227,#5228,
#5229,#5230,#5231,#5232,#5233,#5234,#5235,#5236,#5237,#5238,#5239,#5240,
#5241,#5242,#5243,#5244,#5245),(#5246,#5247,#5248,#5249,#5250,#5251,#5252,
#5253,#5254,#5255,#5256,#5257,#5258,#5259,#5260,#5261,#5262,#5263,#5264,
#5265,#5266,#5267,#5268,#5269,#5270,#5271,#5272,#5273,#5274,#5275,#5276,
#5277,#5278,#5279,#5280,#5281,#5282,#5283,#5284,#5285,#5286,#5287,#5288,
#5289,#5290,#5291,#5292,#5293,#5294,#5295,#5296,#5297,#5298,#5299,#5300,
#5301,#5302,#5303,#5304,#5305,#5306,#5307,#5308,#5309,#5310,#5311,#5312,
#5313,#5314,#5315,#5316,#5317,#5318,#5319,#5320,#5321,#5322,#5323,#5324,
#5325,#5326,#5327,#5328,#5329,#5330,#5331,#5332,#5333,#5334,#5335,#5336,
#5337,#5338,#5339,#5340,#5341,#5342,#5343,#5344,#5345,#5346,#5347,#5348,
#5349,#5350,#5351,#5352,#5353,#5354,#5355,#5356,#5357,#5358,#5359,#5360,
#5361,#5362,#5363,#5364,#5365,#5366,#5367,#5368,#5369,#5370,#5371,#5372,
#5373,#5374,#5375,#5376,#5377,#5378,#5379,#5380,#5381,#5382,#5383,#5384,
#5385,#5386,#5387,#5388,#5389,#5390,#5391,#5392,#5393,#5394,#5395,#5396,
#5397,#5398,#5399,#5400,#5401,#5402,#5403,#5404,#5405,#5406,#5407,#5408,
#5409,#5410,#5411,#5412,#5413,#5414)),.UNSPECIFIED.,.F.,.F.,.F.)
B_SPLINE_SURFACE_WITH_KNOTS((2,2),(3,2,2,2,2,2,2,2,2,2,2,2,2,2,2,2,2,2,
2,2,2,2,2,2,2,2,2,2,2,2,2,2,2,2,2,2,2,2,2,2,2,2,2,2,2,2,2,2,2,2,2,2,2,2,
2,2,2,2,2,2,2,2,2,2,2,2,2,2,2,2,2,2,2,2,2,2,2,2,2,2,2,2,2,2,3),(0.,1.),
(0.,0.0119047619047619,0.0238095238095238,0.0357142857142857,0.0476190476190476,
0.0595238095238095,0.0714285714285714,0.0833333333333333,0.0952380952380952,
0.107142857142857,0.119047619047619,0.130952380952381,0.142857142857143,
0.154761904761905,0.166666666666667,0.178571428571429,0.19047619047619,
0.202380952380952,0.214285714285714,0.226190476190476,0.238095238095238,
0.25,0.261904761904762,0.273809523809524,0.285714285714286,0.297619047619048,
0.30952380952381,0.321428571428571,0.333333333333333,0.345238095238095,
0.357142857142857,0.369047619047619,0.380952380952381,0.392857142857143,
0.404761904761905,0.416666666666667,0.428571428571429,0.44047619047619,
0.452380952380952,0.464285714285714,0.476190476190476,0.488095238095238,
0.5,0.511904761904762,0.523809523809524,0.535714285714286,0.547619047619048,
0.55952380952381,0.571428571428571,0.583333333333333,0.595238095238095,
0.607142857142857,0.619047619047619,0.630952380952381,0.642857142857143,
0.654761904761905,0.666666666666667,0.678571428571429,0.69047619047619,
0.702380952380952,0.714285714285714,0.726190476190476,0.738095238095238,
0.75,0.761904761904762,0.773809523809524,0.785714285714286,0.797619047619048,
0.80952380952381,0.821428571428571,0.833333333333333,0.845238095238095,
0.857142857142857,0.869047619047619,0.880952380952381,0.892857142857143,
0.904761904761905,0.916666666666667,0.928571428571429,0.94047619047619,
0.952380952380952,0.964285714285714,0.976190476190476,0.988095238095238,
1.),.UNSPECIFIED.)
GEOMETRIC_REPRESENTATION_ITEM()
RATIONAL_B_SPLINE_SURFACE(((1.,0.965925826289068,1.,0.965925826289068,1.,
0.965925826289068,1.,0.965925826289068,1.,0.965925826289068,1.,0.965925826289068,
1.,0.965925826289068,1.,0.965925826289068,1.,0.965925826289068,1.,0.965925826289068,
1.,0.965925826289068,1.,0.965925826289068,1.,0.965925826289068,1.,0.965925826289068,
1.,0.965925826289068,1.,0.965925826289068,1.,0.965925826289068,1.,0.965925826289068,
1.,0.965925826289068,1.,0.965925826289068,1.,0.965925826289068,1.,0.965925826289068,
1.,0.965925826289068,1.,0.965925826289068,1.,0.965925826289068,1.,0.965925826289068,
1.,0.965925826289068,1.,0.965925826289068,1.,0.965925826289068,1.,0.965925826289068,
1.,0.965925826289068,1.,0.965925826289068,1.,0.965925826289068,1.,0.965925826289068,
1.,0.965925826289068,1.,0.965925826289068,1.,0.965925826289068,1.,0.965925826289068,
1.,0.965925826289068,1.,0.965925826289068,1.,0.965925826289068,1.,0.965925826289068,
1.,0.965925826289068,1.,0.965925826289068,1.,0.965925826289068,1.,0.965925826289068,
1.,0.965925826289068,1.,0.965925826289068,1.,0.965925826289068,1.,0.965925826289068,
1.,0.965925826289068,1.,0.965925826289068,1.,0.965925826289068,1.,0.965925826289068,
1.,0.965925826289068,1.,0.965925826289068,1.,0.965925826289068,1.,0.965925826289068,
1.,0.965925826289068,1.,0.965925826289068,1.,0.965925826289068,1.,0.965925826289068,
1.,0.965925826289068,1.,0.965925826289068,1.,0.965925826289068,1.,0.965925826289068,
1.,0.965925826289068,1.,0.965925826289068,1.,0.965925826289068,1.,0.965925826289068,
1.,0.965925826289068,1.,0.965925826289068,1.,0.965925826289068,1.,0.965925826289068,
1.,0.965925826289068,1.,0.965925826289068,1.,0.965925826289068,1.,0.965925826289068,
1.,0.965925826289068,1.,0.965925826289068,1.,0.965925826289068,1.,0.965925826289068,
1.,0.965925826289068,1.,0.965925826289068,1.),(1.,0.965925826289068,1.,
0.965925826289068,1.,0.965925826289068,1.,0.965925826289068,1.,0.965925826289068,
1.,0.965925826289068,1.,0.965925826289068,1.,0.965925826289068,1.,0.965925826289068,
1.,0.965925826289068,1.,0.965925826289068,1.,0.965925826289068,1.,0.965925826289068,
1.,0.965925826289068,1.,0.965925826289068,1.,0.965925826289068,1.,0.965925826289068,
1.,0.965925826289068,1.,0.965925826289068,1.,0.965925826289068,1.,0.965925826289068,
1.,0.965925826289068,1.,0.965925826289068,1.,0.965925826289068,1.,0.965925826289068,
1.,0.965925826289068,1.,0.965925826289068,1.,0.965925826289068,1.,0.965925826289068,
1.,0.965925826289068,1.,0.965925826289068,1.,0.965925826289068,1.,0.965925826289068,
1.,0.965925826289068,1.,0.965925826289068,1.,0.965925826289068,1.,0.965925826289068,
1.,0.965925826289068,1.,0.965925826289068,1.,0.965925826289068,1.,0.965925826289068,
1.,0.965925826289068,1.,0.965925826289068,1.,0.965925826289068,1.,0.965925826289068,
1.,0.965925826289068,1.,0.965925826289068,1.,0.965925826289068,1.,0.965925826289068,
1.,0.965925826289068,1.,0.965925826289068,1.,0.965925826289068,1.,0.965925826289068,
1.,0.965925826289068,1.,0.965925826289068,1.,0.965925826289068,1.,0.965925826289068,
1.,0.965925826289068,1.,0.965925826289068,1.,0.965925826289068,1.,0.965925826289068,
1.,0.965925826289068,1.,0.965925826289068,1.,0.965925826289068,1.,0.965925826289068,
1.,0.965925826289068,1.,0.965925826289068,1.,0.965925826289068,1.,0.965925826289068,
1.,0.965925826289068,1.,0.965925826289068,1.,0.965925826289068,1.,0.965925826289068,
1.,0.965925826289068,1.,0.965925826289068,1.,0.965925826289068,1.,0.965925826289068,
1.,0.965925826289068,1.,0.965925826289068,1.,0.965925826289068,1.,0.965925826289068,
1.,0.965925826289068,1.,0.965925826289068,1.,0.965925826289068,1.)))
REPRESENTATION_ITEM('')
SURFACE()
);
#19=(
BOUNDED_SURFACE()
B_SPLINE_SURFACE(1,2,((#5417,#5418,#5419,#5420,#5421,#5422,#5423,#5424,
#5425,#5426,#5427,#5428,#5429,#5430,#5431,#5432,#5433,#5434,#5435,#5436,
#5437,#5438,#5439,#5440,#5441,#5442,#5443,#5444,#5445,#5446,#5447,#5448,
#5449,#5450,#5451,#5452,#5453,#5454,#5455,#5456,#5457,#5458,#5459,#5460,
#5461,#5462,#5463,#5464,#5465,#5466,#5467,#5468,#5469,#5470,#5471,#5472,
#5473,#5474,#5475,#5476,#5477,#5478,#5479,#5480,#5481,#5482,#5483,#5484,
#5485,#5486,#5487,#5488,#5489,#5490,#5491,#5492,#5493,#5494,#5495,#5496,
#5497,#5498,#5499,#5500,#5501,#5502,#5503,#5504,#5505,#5506,#5507,#5508,
#5509,#5510,#5511,#5512,#5513,#5514,#5515,#5516,#5517,#5518,#5519,#5520,
#5521,#5522,#5523,#5524,#5525,#5526,#5527,#5528,#5529,#5530,#5531,#5532,
#5533,#5534,#5535,#5536,#5537,#5538,#5539,#5540,#5541,#5542,#5543,#5544,
#5545,#5546,#5547,#5548,#5549,#5550,#5551,#5552,#5553,#5554,#5555,#5556,
#5557,#5558,#5559,#5560,#5561,#5562,#5563,#5564,#5565,#5566,#5567,#5568,
#5569,#5570,#5571,#5572,#5573,#5574,#5575,#5576,#5577,#5578,#5579,#5580,
#5581,#5582,#5583),(#5584,#5585,#5586,#5587,#5588,#5589,#5590,#5591,#5592,
#5593,#5594,#5595,#5596,#5597,#5598,#5599,#5600,#5601,#5602,#5603,#5604,
#5605,#5606,#5607,#5608,#5609,#5610,#5611,#5612,#5613,#5614,#5615,#5616,
#5617,#5618,#5619,#5620,#5621,#5622,#5623,#5624,#5625,#5626,#5627,#5628,
#5629,#5630,#5631,#5632,#5633,#5634,#5635,#5636,#5637,#5638,#5639,#5640,
#5641,#5642,#5643,#5644,#5645,#5646,#5647,#5648,#5649,#5650,#5651,#5652,
#5653,#5654,#5655,#5656,#5657,#5658,#5659,#5660,#5661,#5662,#5663,#5664,
#5665,#5666,#5667,#5668,#5669,#5670,#5671,#5672,#5673,#5674,#5675,#5676,
#5677,#5678,#5679,#5680,#5681,#5682,#5683,#5684,#5685,#5686,#5687,#5688,
#5689,#5690,#5691,#5692,#5693,#5694,#5695,#5696,#5697,#5698,#5699,#5700,
#5701,#5702,#5703,#5704,#5705,#5706,#5707,#5708,#5709,#5710,#5711,#5712,
#5713,#5714,#5715,#5716,#5717,#5718,#5719,#5720,#5721,#5722,#5723,#5724,
#5725,#5726,#5727,#5728,#5729,#5730,#5731,#5732,#5733,#5734,#5735,#5736,
#5737,#5738,#5739,#5740,#5741,#5742,#5743,#5744,#5745,#5746,#5747,#5748,
#5749,#5750)),.UNSPECIFIED.,.F.,.F.,.F.)
B_SPLINE_SURFACE_WITH_KNOTS((2,2),(3,2,2,2,2,2,2,2,2,2,2,2,2,2,2,2,2,2,
2,2,2,2,2,2,2,2,2,2,2,2,2,2,2,2,2,2,2,2,2,2,2,2,2,2,2,2,2,2,2,2,2,2,2,2,
2,2,2,2,2,2,2,2,2,2,2,2,2,2,2,2,2,2,2,2,2,2,2,2,2,2,2,2,2,3),(0.,1.),(0.,
0.0119047619047619,0.0238095238095238,0.0357142857142857,0.0476190476190476,
0.0595238095238095,0.0714285714285714,0.0833333333333333,0.0952380952380952,
0.107142857142857,0.119047619047619,0.130952380952381,0.142857142857143,
0.154761904761905,0.166666666666667,0.178571428571429,0.19047619047619,
0.202380952380952,0.214285714285714,0.226190476190476,0.238095238095238,
0.25,0.261904761904762,0.273809523809524,0.285714285714286,0.297619047619048,
0.30952380952381,0.321428571428571,0.333333333333333,0.345238095238095,
0.357142857142857,0.369047619047619,0.380952380952381,0.392857142857143,
0.404761904761905,0.416666666666667,0.428571428571429,0.44047619047619,
0.452380952380952,0.464285714285714,0.476190476190476,0.488095238095238,
0.5,0.511904761904762,0.523809523809524,0.535714285714286,0.547619047619048,
0.55952380952381,0.571428571428571,0.583333333333333,0.595238095238095,
0.607142857142857,0.619047619047619,0.630952380952381,0.642857142857143,
0.654761904761905,0.666666666666667,0.678571428571429,0.69047619047619,
0.702380952380952,0.714285714285714,0.726190476190476,0.738095238095238,
0.75,0.761904761904762,0.773809523809524,0.785714285714286,0.797619047619048,
0.80952380952381,0.821428571428571,0.833333333333333,0.845238095238095,
0.857142857142857,0.869047619047619,0.880952380952381,0.892857142857143,
0.904761904761905,0.916666666666667,0.928571428571429,0.94047619047619,
0.952380952380952,0.964285714285714,0.976190476190476,0.988044116254406),
 .PIECEWISE_BEZIER_KNOTS.)
GEOMETRIC_REPRESENTATION_ITEM()
RATIONAL_B_SPLINE_SURFACE(((1.,0.965925826289068,1.,0.965925826289068,1.,
0.965925826289068,1.,0.965925826289068,1.,0.965925826289068,1.,0.965925826289068,
1.,0.965925826289068,1.,0.965925826289068,1.,0.965925826289068,1.,0.965925826289068,
1.,0.965925826289068,1.,0.965925826289068,1.,0.965925826289068,1.,0.965925826289068,
1.,0.965925826289068,1.,0.965925826289068,1.,0.965925826289068,1.,0.965925826289068,
1.,0.965925826289068,1.,0.965925826289068,1.,0.965925826289068,1.,0.965925826289068,
1.,0.965925826289068,1.,0.965925826289068,1.,0.965925826289068,1.,0.965925826289068,
1.,0.965925826289068,1.,0.965925826289068,1.,0.965925826289068,1.,0.965925826289068,
1.,0.965925826289068,1.,0.965925826289068,1.,0.965925826289068,1.,0.965925826289068,
1.,0.965925826289068,1.,0.965925826289068,1.,0.965925826289068,1.,0.965925826289068,
1.,0.965925826289068,1.,0.965925826289068,1.,0.965925826289068,1.,0.965925826289068,
1.,0.965925826289068,1.,0.965925826289068,1.,0.965925826289068,1.,0.965925826289068,
1.,0.965925826289068,1.,0.965925826289068,1.,0.965925826289068,1.,0.965925826289068,
1.,0.965925826289068,1.,0.965925826289068,1.,0.965925826289068,1.,0.965925826289068,
1.,0.965925826289068,1.,0.965925826289068,1.,0.965925826289068,1.,0.965925826289068,
1.,0.965925826289068,1.,0.965925826289068,1.,0.965925826289068,1.,0.965925826289068,
1.,0.965925826289068,1.,0.965925826289068,1.,0.965925826289068,1.,0.965925826289068,
1.,0.965925826289068,1.,0.965925826289068,1.,0.965925826289068,1.,0.965925826289068,
1.,0.965925826289068,1.,0.965925826289068,1.,0.965925826289068,1.,0.965925826289068,
1.,0.965925826289068,1.,0.965925826289068,1.,0.965925826289068,1.,0.965925826289068,
1.,0.965925826289068,1.,0.965925826289068,1.,0.965925826289068,1.,0.965925826289068,
1.,0.966072148785804,0.999708611692795),(1.,0.965925826289068,1.,0.965925826289068,
1.,0.965925826289068,1.,0.965925826289068,1.,0.965925826289068,1.,0.965925826289068,
1.,0.965925826289068,1.,0.965925826289068,1.,0.965925826289068,1.,0.965925826289068,
1.,0.965925826289068,1.,0.965925826289068,1.,0.965925826289068,1.,0.965925826289068,
1.,0.965925826289068,1.,0.965925826289068,1.,0.965925826289068,1.,0.965925826289068,
1.,0.965925826289068,1.,0.965925826289068,1.,0.965925826289068,1.,0.965925826289068,
1.,0.965925826289068,1.,0.965925826289068,1.,0.965925826289068,1.,0.965925826289068,
1.,0.965925826289068,1.,0.965925826289068,1.,0.965925826289068,1.,0.965925826289068,
1.,0.965925826289068,1.,0.965925826289068,1.,0.965925826289068,1.,0.965925826289068,
1.,0.965925826289068,1.,0.965925826289068,1.,0.965925826289068,1.,0.965925826289068,
1.,0.965925826289068,1.,0.965925826289068,1.,0.965925826289068,1.,0.965925826289068,
1.,0.965925826289068,1.,0.965925826289068,1.,0.965925826289068,1.,0.965925826289068,
1.,0.965925826289068,1.,0.965925826289068,1.,0.965925826289068,1.,0.965925826289068,
1.,0.965925826289068,1.,0.965925826289068,1.,0.965925826289068,1.,0.965925826289068,
1.,0.965925826289068,1.,0.965925826289068,1.,0.965925826289068,1.,0.965925826289068,
1.,0.965925826289068,1.,0.965925826289068,1.,0.965925826289068,1.,0.965925826289068,
1.,0.965925826289068,1.,0.965925826289068,1.,0.965925826289068,1.,0.965925826289068,
1.,0.965925826289068,1.,0.965925826289068,1.,0.965925826289068,1.,0.965925826289068,
1.,0.965925826289068,1.,0.965925826289068,1.,0.965925826289068,1.,0.965925826289068,
1.,0.965925826289068,1.,0.965925826289068,1.,0.965925826289068,1.,0.965925826289068,
1.,0.965925826289068,1.,0.965925826289068,1.,0.965925826289068,1.,0.965925826289068,
1.,0.966072148785804,0.999708611692795)))
REPRESENTATION_ITEM('')
SURFACE()
);
#20=DEGENERATE_TOROIDAL_SURFACE('',#3104,0.116100369133464,0.226731312621085,
 .T.);
#21=DEGENERATE_TOROIDAL_SURFACE('',#3105,0.116100369133464,0.226731312621085,
 .T.);
#22=ELLIPSE('',#3025,0.666624734560066,0.471374870314105);
#23=ELLIPSE('',#3026,0.666624734560066,0.471374870314105);
#24=ELLIPSE('',#3028,0.666624734560066,0.471374870314105);
#25=ELLIPSE('',#3030,0.666624734560066,0.471374870314105);
#26=ELLIPSE('',#3045,0.946003341053266,0.94274974062821);
#27=ELLIPSE('',#3046,0.946003341053266,0.94274974062821);
#28=ELLIPSE('',#3049,0.945756240455704,0.94274974062821);
#29=ELLIPSE('',#3050,0.945756240455704,0.94274974062821);
#30=ELLIPSE('',#3065,0.945756240455704,0.94274974062821);
#31=ELLIPSE('',#3066,0.945756240455704,0.94274974062821);
#32=ELLIPSE('',#3069,0.946003341053266,0.94274974062821);
#33=ELLIPSE('',#3070,0.946003341053266,0.94274974062821);
#34=(
BOUNDED_CURVE()
B_SPLINE_CURVE(2,(#4029,#4030,#4031,#4032,#4033,#4034,#4035,#4036,#4037,
#4038,#4039,#4040,#4041,#4042,#4043,#4044,#4045,#4046,#4047,#4048,#4049,
#4050,#4051,#4052,#4053,#4054,#4055,#4056,#4057,#4058,#4059,#4060,#4061,
#4062,#4063,#4064,#4065,#4066,#4067,#4068,#4069,#4070,#4071,#4072,#4073,
#4074,#4075,#4076,#4077,#4078,#4079,#4080,#4081,#4082,#4083,#4084,#4085,
#4086,#4087,#4088,#4089,#4090,#4091,#4092,#4093,#4094,#4095,#4096,#4097,
#4098,#4099,#4100,#4101,#4102,#4103,#4104,#4105,#4106,#4107,#4108,#4109,
#4110,#4111,#4112,#4113,#4114,#4115,#4116,#4117,#4118,#4119,#4120,#4121,
#4122,#4123,#4124,#4125,#4126,#4127,#4128,#4129,#4130,#4131,#4132,#4133,
#4134,#4135,#4136,#4137,#4138,#4139,#4140,#4141,#4142,#4143,#4144,#4145,
#4146,#4147,#4148,#4149,#4150,#4151,#4152,#4153,#4154,#4155,#4156,#4157,
#4158,#4159,#4160,#4161,#4162,#4163,#4164,#4165,#4166,#4167,#4168,#4169,
#4170,#4171,#4172,#4173,#4174,#4175,#4176,#4177,#4178,#4179,#4180,#4181,
#4182,#4183,#4184,#4185,#4186,#4187,#4188,#4189,#4190,#4191,#4192,#4193,
#4194,#4195,#4196,#4197),.UNSPECIFIED.,.F.,.F.)
B_SPLINE_CURVE_WITH_KNOTS((3,2,2,2,2,2,2,2,2,2,2,2,2,2,2,2,2,2,2,2,2,2,
2,2,2,2,2,2,2,2,2,2,2,2,2,2,2,2,2,2,2,2,2,2,2,2,2,2,2,2,2,2,2,2,2,2,2,2,
2,2,2,2,2,2,2,2,2,2,2,2,2,2,2,2,2,2,2,2,2,2,2,2,2,2,3),(0.,0.0119047619047619,
0.0238095238095238,0.0357142857142857,0.0476190476190476,0.0595238095238095,
0.0714285714285714,0.0833333333333333,0.0952380952380952,0.107142857142857,
0.119047619047619,0.130952380952381,0.142857142857143,0.154761904761905,
0.166666666666667,0.178571428571429,0.19047619047619,0.202380952380952,
0.214285714285714,0.226190476190476,0.238095238095238,0.25,0.261904761904762,
0.273809523809524,0.285714285714286,0.297619047619048,0.30952380952381,
0.321428571428571,0.333333333333333,0.345238095238095,0.357142857142857,
0.369047619047619,0.380952380952381,0.392857142857143,0.404761904761905,
0.416666666666667,0.428571428571429,0.44047619047619,0.452380952380952,
0.464285714285714,0.476190476190476,0.488095238095238,0.5,0.511904761904762,
0.523809523809524,0.535714285714286,0.547619047619048,0.55952380952381,
0.571428571428571,0.583333333333333,0.595238095238095,0.607142857142857,
0.619047619047619,0.630952380952381,0.642857142857143,0.654761904761905,
0.666666666666667,0.678571428571429,0.69047619047619,0.702380952380952,
0.714285714285714,0.726190476190476,0.738095238095238,0.75,0.761904761904762,
0.773809523809524,0.785714285714286,0.797619047619048,0.80952380952381,
0.821428571428571,0.833333333333333,0.845238095238095,0.857142857142857,
0.869047619047619,0.880952380952381,0.892857142857143,0.904761904761905,
0.916666666666667,0.928571428571429,0.94047619047619,0.952380952380952,
0.964285714285714,0.976190476190476,0.988095238095238,1.),
 .PIECEWISE_BEZIER_KNOTS.)
CURVE()
GEOMETRIC_REPRESENTATION_ITEM()
RATIONAL_B_SPLINE_CURVE((1.,0.965925826289068,1.,0.965925826289068,1.,0.965925826289068,
1.,0.965925826289068,1.,0.965925826289068,1.,0.965925826289068,1.,0.965925826289068,
1.,0.965925826289068,1.,0.965925826289068,1.,0.965925826289068,1.,0.965925826289068,
1.,0.965925826289068,1.,0.965925826289068,1.,0.965925826289068,1.,0.965925826289068,
1.,0.965925826289068,1.,0.965925826289068,1.,0.965925826289068,1.,0.965925826289068,
1.,0.965925826289068,1.,0.965925826289068,1.,0.965925826289068,1.,0.965925826289068,
1.,0.965925826289068,1.,0.965925826289068,1.,0.965925826289068,1.,0.965925826289068,
1.,0.965925826289068,1.,0.965925826289068,1.,0.965925826289068,1.,0.965925826289068,
1.,0.965925826289068,1.,0.965925826289068,1.,0.965925826289068,1.,0.965925826289068,
1.,0.965925826289068,1.,0.965925826289068,1.,0.965925826289068,1.,0.965925826289068,
1.,0.965925826289068,1.,0.965925826289068,1.,0.965925826289068,1.,0.965925826289068,
1.,0.965925826289068,1.,0.965925826289068,1.,0.965925826289068,1.,0.965925826289068,
1.,0.965925826289068,1.,0.965925826289068,1.,0.965925826289068,1.,0.965925826289068,
1.,0.965925826289068,1.,0.965925826289068,1.,0.965925826289068,1.,0.965925826289068,
1.,0.965925826289068,1.,0.965925826289068,1.,0.965925826289068,1.,0.965925826289068,
1.,0.965925826289068,1.,0.965925826289068,1.,0.965925826289068,1.,0.965925826289068,
1.,0.965925826289068,1.,0.965925826289068,1.,0.965925826289068,1.,0.965925826289068,
1.,0.965925826289068,1.,0.965925826289068,1.,0.965925826289068,1.,0.965925826289068,
1.,0.965925826289068,1.,0.965925826289068,1.,0.965925826289068,1.,0.965925826289068,
1.,0.965925826289068,1.,0.965925826289068,1.,0.965925826289068,1.,0.965925826289068,
1.,0.965925826289068,1.,0.965925826289068,1.,0.965925826289068,1.,0.965925826289068,
1.,0.965925826289068,1.))
REPRESENTATION_ITEM('')
);
#35=(
BOUNDED_CURVE()
B_SPLINE_CURVE(2,(#4202,#4203,#4204,#4205,#4206,#4207,#4208,#4209,#4210,
#4211,#4212,#4213,#4214,#4215,#4216,#4217,#4218,#4219,#4220,#4221,#4222,
#4223,#4224,#4225,#4226,#4227,#4228,#4229,#4230,#4231,#4232,#4233,#4234,
#4235,#4236,#4237,#4238,#4239,#4240,#4241,#4242,#4243,#4244,#4245,#4246,
#4247,#4248,#4249,#4250,#4251,#4252,#4253,#4254,#4255,#4256,#4257,#4258,
#4259,#4260,#4261,#4262,#4263,#4264,#4265,#4266,#4267,#4268,#4269,#4270,
#4271,#4272,#4273,#4274,#4275,#4276,#4277,#4278,#4279,#4280,#4281,#4282,
#4283,#4284,#4285,#4286,#4287,#4288,#4289,#4290,#4291,#4292,#4293,#4294,
#4295,#4296,#4297,#4298,#4299,#4300,#4301,#4302,#4303,#4304,#4305,#4306,
#4307,#4308,#4309,#4310,#4311,#4312,#4313,#4314,#4315,#4316,#4317,#4318,
#4319,#4320,#4321,#4322,#4323,#4324,#4325,#4326,#4327,#4328,#4329,#4330,
#4331,#4332,#4333,#4334,#4335,#4336,#4337,#4338,#4339,#4340,#4341,#4342,
#4343,#4344,#4345,#4346,#4347,#4348,#4349,#4350,#4351,#4352,#4353,#4354,
#4355,#4356,#4357,#4358,#4359,#4360,#4361,#4362,#4363,#4364,#4365,#4366,
#4367,#4368,#4369,#4370),.UNSPECIFIED.,.F.,.F.)
B_SPLINE_CURVE_WITH_KNOTS((3,2,2,2,2,2,2,2,2,2,2,2,2,2,2,2,2,2,2,2,2,2,
2,2,2,2,2,2,2,2,2,2,2,2,2,2,2,2,2,2,2,2,2,2,2,2,2,2,2,2,2,2,2,2,2,2,2,2,
2,2,2,2,2,2,2,2,2,2,2,2,2,2,2,2,2,2,2,2,2,2,2,2,2,2,3),(0.,0.0119047619047619,
0.0238095238095238,0.0357142857142857,0.0476190476190476,0.0595238095238095,
0.0714285714285714,0.0833333333333333,0.0952380952380952,0.107142857142857,
0.119047619047619,0.130952380952381,0.142857142857143,0.154761904761905,
0.166666666666667,0.178571428571429,0.19047619047619,0.202380952380952,
0.214285714285714,0.226190476190476,0.238095238095238,0.25,0.261904761904762,
0.273809523809524,0.285714285714286,0.297619047619048,0.30952380952381,
0.321428571428571,0.333333333333333,0.345238095238095,0.357142857142857,
0.369047619047619,0.380952380952381,0.392857142857143,0.404761904761905,
0.416666666666667,0.428571428571429,0.44047619047619,0.452380952380952,
0.464285714285714,0.476190476190476,0.488095238095238,0.5,0.511904761904762,
0.523809523809524,0.535714285714286,0.547619047619048,0.55952380952381,
0.571428571428571,0.583333333333333,0.595238095238095,0.607142857142857,
0.619047619047619,0.630952380952381,0.642857142857143,0.654761904761905,
0.666666666666667,0.678571428571429,0.69047619047619,0.702380952380952,
0.714285714285714,0.726190476190476,0.738095238095238,0.75,0.761904761904762,
0.773809523809524,0.785714285714286,0.797619047619048,0.80952380952381,
0.821428571428571,0.833333333333333,0.845238095238095,0.857142857142857,
0.869047619047619,0.880952380952381,0.892857142857143,0.904761904761905,
0.916666666666667,0.928571428571429,0.94047619047619,0.952380952380952,
0.964285714285714,0.976190476190476,0.988095238095238,1.),
 .PIECEWISE_BEZIER_KNOTS.)
CURVE()
GEOMETRIC_REPRESENTATION_ITEM()
RATIONAL_B_SPLINE_CURVE((1.,0.965925826289068,1.,0.965925826289068,1.,0.965925826289068,
1.,0.965925826289068,1.,0.965925826289068,1.,0.965925826289068,1.,0.965925826289068,
1.,0.965925826289068,1.,0.965925826289068,1.,0.965925826289068,1.,0.965925826289068,
1.,0.965925826289068,1.,0.965925826289068,1.,0.965925826289068,1.,0.965925826289068,
1.,0.965925826289068,1.,0.965925826289068,1.,0.965925826289068,1.,0.965925826289068,
1.,0.965925826289068,1.,0.965925826289068,1.,0.965925826289068,1.,0.965925826289068,
1.,0.965925826289068,1.,0.965925826289068,1.,0.965925826289068,1.,0.965925826289068,
1.,0.965925826289068,1.,0.965925826289068,1.,0.965925826289068,1.,0.965925826289068,
1.,0.965925826289068,1.,0.965925826289068,1.,0.965925826289068,1.,0.965925826289068,
1.,0.965925826289068,1.,0.965925826289068,1.,0.965925826289068,1.,0.965925826289068,
1.,0.965925826289068,1.,0.965925826289068,1.,0.965925826289068,1.,0.965925826289068,
1.,0.965925826289068,1.,0.965925826289068,1.,0.965925826289068,1.,0.965925826289068,
1.,0.965925826289068,1.,0.965925826289068,1.,0.965925826289068,1.,0.965925826289068,
1.,0.965925826289068,1.,0.965925826289068,1.,0.965925826289068,1.,0.965925826289068,
1.,0.965925826289068,1.,0.965925826289068,1.,0.965925826289068,1.,0.965925826289068,
1.,0.965925826289068,1.,0.965925826289068,1.,0.965925826289068,1.,0.965925826289068,
1.,0.965925826289068,1.,0.965925826289068,1.,0.965925826289068,1.,0.965925826289068,
1.,0.965925826289068,1.,0.965925826289068,1.,0.965925826289068,1.,0.965925826289068,
1.,0.965925826289068,1.,0.965925826289068,1.,0.965925826289068,1.,0.965925826289068,
1.,0.965925826289068,1.,0.965925826289068,1.,0.965925826289068,1.,0.965925826289068,
1.,0.965925826289068,1.,0.965925826289068,1.,0.965925826289068,1.,0.965925826289068,
1.,0.965925826289068,1.))
REPRESENTATION_ITEM('')
);
#36=(
BOUNDED_CURVE()
B_SPLINE_CURVE(2,(#4734,#4735,#4736,#4737,#4738,#4739,#4740,#4741,#4742,
#4743,#4744,#4745,#4746,#4747,#4748,#4749,#4750,#4751,#4752,#4753,#4754,
#4755,#4756,#4757,#4758,#4759,#4760,#4761,#4762,#4763,#4764,#4765,#4766,
#4767,#4768,#4769,#4770,#4771,#4772,#4773,#4774,#4775,#4776,#4777,#4778,
#4779,#4780,#4781,#4782,#4783,#4784,#4785,#4786,#4787,#4788,#4789,#4790,
#4791,#4792,#4793,#4794,#4795,#4796,#4797,#4798,#4799,#4800,#4801,#4802,
#4803,#4804,#4805,#4806,#4807,#4808,#4809,#4810,#4811,#4812,#4813,#4814,
#4815,#4816,#4817,#4818,#4819,#4820,#4821,#4822,#4823,#4824,#4825,#4826,
#4827,#4828,#4829,#4830,#4831,#4832,#4833,#4834,#4835,#4836,#4837,#4838,
#4839,#4840,#4841,#4842,#4843,#4844,#4845,#4846,#4847,#4848,#4849,#4850,
#4851,#4852,#4853,#4854,#4855,#4856,#4857,#4858,#4859,#4860,#4861,#4862,
#4863,#4864,#4865,#4866,#4867,#4868,#4869,#4870,#4871,#4872,#4873,#4874,
#4875,#4876,#4877,#4878,#4879,#4880,#4881,#4882,#4883,#4884,#4885,#4886,
#4887,#4888,#4889,#4890,#4891,#4892,#4893,#4894,#4895,#4896,#4897,#4898,
#4899,#4900,#4901,#4902),.UNSPECIFIED.,.F.,.F.)
B_SPLINE_CURVE_WITH_KNOTS((3,2,2,2,2,2,2,2,2,2,2,2,2,2,2,2,2,2,2,2,2,2,
2,2,2,2,2,2,2,2,2,2,2,2,2,2,2,2,2,2,2,2,2,2,2,2,2,2,2,2,2,2,2,2,2,2,2,2,
2,2,2,2,2,2,2,2,2,2,2,2,2,2,2,2,2,2,2,2,2,2,2,2,2,2,3),(0.,0.0119047619047619,
0.0238095238095238,0.0357142857142857,0.0476190476190476,0.0595238095238095,
0.0714285714285714,0.0833333333333333,0.0952380952380952,0.107142857142857,
0.119047619047619,0.130952380952381,0.142857142857143,0.154761904761905,
0.166666666666667,0.178571428571429,0.19047619047619,0.202380952380952,
0.214285714285714,0.226190476190476,0.238095238095238,0.25,0.261904761904762,
0.273809523809524,0.285714285714286,0.297619047619048,0.30952380952381,
0.321428571428571,0.333333333333333,0.345238095238095,0.357142857142857,
0.369047619047619,0.380952380952381,0.392857142857143,0.404761904761905,
0.416666666666667,0.428571428571429,0.44047619047619,0.452380952380952,
0.464285714285714,0.476190476190476,0.488095238095238,0.5,0.511904761904762,
0.523809523809524,0.535714285714286,0.547619047619048,0.55952380952381,
0.571428571428571,0.583333333333333,0.595238095238095,0.607142857142857,
0.619047619047619,0.630952380952381,0.642857142857143,0.654761904761905,
0.666666666666667,0.678571428571429,0.69047619047619,0.702380952380952,
0.714285714285714,0.726190476190476,0.738095238095238,0.75,0.761904761904762,
0.773809523809524,0.785714285714286,0.797619047619048,0.80952380952381,
0.821428571428571,0.833333333333333,0.845238095238095,0.857142857142857,
0.869047619047619,0.880952380952381,0.892857142857143,0.904761904761905,
0.916666666666667,0.928571428571429,0.94047619047619,0.952380952380952,
0.964285714285714,0.976190476190476,0.988095238095238,1.),.UNSPECIFIED.)
CURVE()
GEOMETRIC_REPRESENTATION_ITEM()
RATIONAL_B_SPLINE_CURVE((1.,0.965925826289068,1.,0.965925826289068,1.,0.965925826289068,
1.,0.965925826289068,1.,0.965925826289068,1.,0.965925826289068,1.,0.965925826289068,
1.,0.965925826289068,1.,0.965925826289068,1.,0.965925826289068,1.,0.965925826289068,
1.,0.965925826289068,1.,0.965925826289068,1.,0.965925826289068,1.,0.965925826289068,
1.,0.965925826289068,1.,0.965925826289068,1.,0.965925826289068,1.,0.965925826289068,
1.,0.965925826289068,1.,0.965925826289068,1.,0.965925826289068,1.,0.965925826289068,
1.,0.965925826289068,1.,0.965925826289068,1.,0.965925826289068,1.,0.965925826289068,
1.,0.965925826289068,1.,0.965925826289068,1.,0.965925826289068,1.,0.965925826289068,
1.,0.965925826289068,1.,0.965925826289068,1.,0.965925826289068,1.,0.965925826289068,
1.,0.965925826289068,1.,0.965925826289068,1.,0.965925826289068,1.,0.965925826289068,
1.,0.965925826289068,1.,0.965925826289068,1.,0.965925826289068,1.,0.965925826289068,
1.,0.965925826289068,1.,0.965925826289068,1.,0.965925826289068,1.,0.965925826289068,
1.,0.965925826289068,1.,0.965925826289068,1.,0.965925826289068,1.,0.965925826289068,
1.,0.965925826289068,1.,0.965925826289068,1.,0.965925826289068,1.,0.965925826289068,
1.,0.965925826289068,1.,0.965925826289068,1.,0.965925826289068,1.,0.965925826289068,
1.,0.965925826289068,1.,0.965925826289068,1.,0.965925826289068,1.,0.965925826289068,
1.,0.965925826289068,1.,0.965925826289068,1.,0.965925826289068,1.,0.965925826289068,
1.,0.965925826289068,1.,0.965925826289068,1.,0.965925826289068,1.,0.965925826289068,
1.,0.965925826289068,1.,0.965925826289068,1.,0.965925826289068,1.,0.965925826289068,
1.,0.965925826289068,1.,0.965925826289068,1.,0.965925826289068,1.,0.965925826289068,
1.,0.965925826289068,1.,0.965925826289068,1.,0.965925826289068,1.,0.965925826289068,
1.,0.965925826289068,1.))
REPRESENTATION_ITEM('')
);
#37=(
BOUNDED_CURVE()
B_SPLINE_CURVE(2,(#4906,#4907,#4908,#4909,#4910,#4911,#4912,#4913,#4914,
#4915,#4916,#4917,#4918,#4919,#4920,#4921,#4922,#4923,#4924,#4925,#4926,
#4927,#4928,#4929,#4930,#4931,#4932,#4933,#4934,#4935,#4936,#4937,#4938,
#4939,#4940,#4941,#4942,#4943,#4944,#4945,#4946,#4947,#4948,#4949,#4950,
#4951,#4952,#4953,#4954,#4955,#4956,#4957,#4958,#4959,#4960,#4961,#4962,
#4963,#4964,#4965,#4966,#4967,#4968,#4969,#4970,#4971,#4972,#4973,#4974,
#4975,#4976,#4977,#4978,#4979,#4980,#4981,#4982,#4983,#4984,#4985,#4986,
#4987,#4988,#4989,#4990,#4991,#4992,#4993,#4994,#4995,#4996,#4997,#4998,
#4999,#5000,#5001,#5002,#5003,#5004,#5005,#5006,#5007,#5008,#5009,#5010,
#5011,#5012,#5013,#5014,#5015,#5016,#5017,#5018,#5019,#5020,#5021,#5022,
#5023,#5024,#5025,#5026,#5027,#5028,#5029,#5030,#5031,#5032,#5033,#5034,
#5035,#5036,#5037,#5038,#5039,#5040,#5041,#5042,#5043,#5044,#5045,#5046,
#5047,#5048,#5049,#5050,#5051,#5052,#5053,#5054,#5055,#5056,#5057,#5058,
#5059,#5060,#5061,#5062,#5063,#5064,#5065,#5066,#5067,#5068,#5069,#5070,
#5071,#5072,#5073,#5074),.UNSPECIFIED.,.F.,.F.)
B_SPLINE_CURVE_WITH_KNOTS((3,2,2,2,2,2,2,2,2,2,2,2,2,2,2,2,2,2,2,2,2,2,
2,2,2,2,2,2,2,2,2,2,2,2,2,2,2,2,2,2,2,2,2,2,2,2,2,2,2,2,2,2,2,2,2,2,2,2,
2,2,2,2,2,2,2,2,2,2,2,2,2,2,2,2,2,2,2,2,2,2,2,2,2,2,3),(0.,0.0119047619047619,
0.0238095238095238,0.0357142857142857,0.0476190476190476,0.0595238095238095,
0.0714285714285714,0.0833333333333333,0.0952380952380952,0.107142857142857,
0.119047619047619,0.130952380952381,0.142857142857143,0.154761904761905,
0.166666666666667,0.178571428571429,0.19047619047619,0.202380952380952,
0.214285714285714,0.226190476190476,0.238095238095238,0.25,0.261904761904762,
0.273809523809524,0.285714285714286,0.297619047619048,0.30952380952381,
0.321428571428571,0.333333333333333,0.345238095238095,0.357142857142857,
0.369047619047619,0.380952380952381,0.392857142857143,0.404761904761905,
0.416666666666667,0.428571428571429,0.44047619047619,0.452380952380952,
0.464285714285714,0.476190476190476,0.488095238095238,0.5,0.511904761904762,
0.523809523809524,0.535714285714286,0.547619047619048,0.55952380952381,
0.571428571428571,0.583333333333333,0.595238095238095,0.607142857142857,
0.619047619047619,0.630952380952381,0.642857142857143,0.654761904761905,
0.666666666666667,0.678571428571429,0.69047619047619,0.702380952380952,
0.714285714285714,0.726190476190476,0.738095238095238,0.75,0.761904761904762,
0.773809523809524,0.785714285714286,0.797619047619048,0.80952380952381,
0.821428571428571,0.833333333333333,0.845238095238095,0.857142857142857,
0.869047619047619,0.880952380952381,0.892857142857143,0.904761904761905,
0.916666666666667,0.928571428571429,0.94047619047619,0.952380952380952,
0.964285714285714,0.976190476190476,0.988095238095238,1.),.UNSPECIFIED.)
CURVE()
GEOMETRIC_REPRESENTATION_ITEM()
RATIONAL_B_SPLINE_CURVE((1.,0.965925826289068,1.,0.965925826289068,1.,0.965925826289068,
1.,0.965925826289068,1.,0.965925826289068,1.,0.965925826289068,1.,0.965925826289068,
1.,0.965925826289068,1.,0.965925826289068,1.,0.965925826289068,1.,0.965925826289068,
1.,0.965925826289068,1.,0.965925826289068,1.,0.965925826289068,1.,0.965925826289068,
1.,0.965925826289068,1.,0.965925826289068,1.,0.965925826289068,1.,0.965925826289068,
1.,0.965925826289068,1.,0.965925826289068,1.,0.965925826289068,1.,0.965925826289068,
1.,0.965925826289068,1.,0.965925826289068,1.,0.965925826289068,1.,0.965925826289068,
1.,0.965925826289068,1.,0.965925826289068,1.,0.965925826289068,1.,0.965925826289068,
1.,0.965925826289068,1.,0.965925826289068,1.,0.965925826289068,1.,0.965925826289068,
1.,0.965925826289068,1.,0.965925826289068,1.,0.965925826289068,1.,0.965925826289068,
1.,0.965925826289068,1.,0.965925826289068,1.,0.965925826289068,1.,0.965925826289068,
1.,0.965925826289068,1.,0.965925826289068,1.,0.965925826289068,1.,0.965925826289068,
1.,0.965925826289068,1.,0.965925826289068,1.,0.965925826289068,1.,0.965925826289068,
1.,0.965925826289068,1.,0.965925826289068,1.,0.965925826289068,1.,0.965925826289068,
1.,0.965925826289068,1.,0.965925826289068,1.,0.965925826289068,1.,0.965925826289068,
1.,0.965925826289068,1.,0.965925826289068,1.,0.965925826289068,1.,0.965925826289068,
1.,0.965925826289068,1.,0.965925826289068,1.,0.965925826289068,1.,0.965925826289068,
1.,0.965925826289068,1.,0.965925826289068,1.,0.965925826289068,1.,0.965925826289068,
1.,0.965925826289068,1.,0.965925826289068,1.,0.965925826289068,1.,0.965925826289068,
1.,0.965925826289068,1.,0.965925826289068,1.,0.965925826289068,1.,0.965925826289068,
1.,0.965925826289068,1.,0.965925826289068,1.,0.965925826289068,1.,0.965925826289068,
1.,0.965925826289068,1.))
REPRESENTATION_ITEM('')
);
#38=CONICAL_SURFACE('',#2977,2.10791481682225,0.642781225895708);
#39=CONICAL_SURFACE('',#3112,3.50189656682437,0.785398163397451);
#40=B_SPLINE_CURVE_WITH_KNOTS('',3,(#3899,#3900,#3901,#3902),
 .UNSPECIFIED.,.F.,.F.,(4,4),(0.,0.000352454392548029),.UNSPECIFIED.);
#41=B_SPLINE_CURVE_WITH_KNOTS('',3,(#4004,#4005,#4006,#4007),
 .UNSPECIFIED.,.F.,.F.,(4,4),(0.,0.00155952498157886),.UNSPECIFIED.);
#42=B_SPLINE_CURVE_WITH_KNOTS('',3,(#4011,#4012,#4013,#4014),
 .UNSPECIFIED.,.F.,.F.,(4,4),(0.,0.00155952498157886),.UNSPECIFIED.);
#43=B_SPLINE_CURVE_WITH_KNOTS('',3,(#4715,#4716,#4717,#4718,#4719,#4720,
#4721,#4722,#4723,#4724,#4725),.UNSPECIFIED.,.F.,.F.,(4,1,1,1,1,1,1,1,4),
(0.,0.00201168222794351,0.00402336445588702,0.00603504668383053,0.00804672891177405,
0.0100584111397176,0.0120700933676611,0.0140817755956046,0.0160934578235481),
 .UNSPECIFIED.);
#44=B_SPLINE_CURVE_WITH_KNOTS('',3,(#4728,#4729,#4730,#4731,#4732),
 .UNSPECIFIED.,.F.,.F.,(4,1,4),(0.,0.00272750647343807,0.00545501294687614),
 .UNSPECIFIED.);
#45=SHAPE_REPRESENTATION_RELATIONSHIP('','',#2919,#46);
#46=ADVANCED_BREP_SHAPE_REPRESENTATION('',(#2914,#2915,#2916,#2917),#5755);
#47=CIRCLE('',#2925,0.0497585361528266);
#48=CIRCLE('',#2926,0.0497585361528266);
#49=CIRCLE('',#2928,0.1302117496336);
#50=CIRCLE('',#2929,0.1302117496336);
#51=CIRCLE('',#2937,0.1302117496336);
#52=CIRCLE('',#2938,0.1302117496336);
#53=CIRCLE('',#2942,0.0497585361528266);
#54=CIRCLE('',#2943,0.0497585361528266);
#55=CIRCLE('',#2951,0.1302117496336);
#56=CIRCLE('',#2952,0.1302117496336);
#57=CIRCLE('',#2956,0.0497585361528266);
#58=CIRCLE('',#2957,0.0497585361528266);
#59=CIRCLE('',#2964,2.98497713858823);
#60=CIRCLE('',#2965,3.50189656682437);
#61=CIRCLE('',#2966,3.45304833456724);
#62=CIRCLE('',#2970,0.348817404032438);
#63=CIRCLE('',#2972,0.348817404032438);
#64=CIRCLE('',#2974,2.10791481682225);
#65=CIRCLE('',#2976,2.98497713858823);
#66=CIRCLE('',#2978,2.98497713858823);
#67=CIRCLE('',#2983,3.87214914182437);
#68=CIRCLE('',#2984,3.87214914182437);
#69=CIRCLE('',#2988,0.331594544708335);
#70=CIRCLE('',#2989,0.331594544708335);
#71=CIRCLE('',#2990,0.442126059611116);
#72=CIRCLE('',#2991,0.442126059611116);
#73=CIRCLE('',#2993,0.331594544708335);
#74=CIRCLE('',#2994,0.331594544708335);
#75=CIRCLE('',#2995,0.442126059611116);
#76=CIRCLE('',#2996,0.442126059611116);
#77=CIRCLE('',#3006,0.348817404032438);
#78=CIRCLE('',#3014,0.342831681754549);
#79=CIRCLE('',#3015,0.342831681754549);
#80=CIRCLE('',#3017,0.331594544708335);
#81=CIRCLE('',#3018,0.331594544708335);
#82=CIRCLE('',#3020,0.331594544708335);
#83=CIRCLE('',#3021,0.331594544708335);
#84=CIRCLE('',#3023,0.348817404032438);
#85=CIRCLE('',#3034,0.960993107874751);
#86=CIRCLE('',#3035,0.960993107874751);
#87=CIRCLE('',#3038,0.535154691946672);
#88=CIRCLE('',#3039,0.535154691946672);
#89=CIRCLE('',#3042,0.567662861023571);
#90=CIRCLE('',#3043,0.567662861023571);
#91=CIRCLE('',#3052,0.367451383655236);
#92=CIRCLE('',#3053,0.367451383655236);
#93=CIRCLE('',#3058,0.960993107874751);
#94=CIRCLE('',#3059,0.960993107874751);
#95=CIRCLE('',#3062,0.367451383655236);
#96=CIRCLE('',#3063,0.367451383655236);
#97=CIRCLE('',#3072,0.567662861023571);
#98=CIRCLE('',#3073,0.567662861023571);
#99=CIRCLE('',#3076,0.535154691946672);
#100=CIRCLE('',#3077,0.535154691946672);
#101=CIRCLE('',#3085,0.348817404032438);
#102=CIRCLE('',#3086,0.348817404032438);
#103=CIRCLE('',#3091,0.348817404032438);
#104=CIRCLE('',#3094,0.348817404032438);
#105=CIRCLE('',#3097,0.342831681754549);
#106=CIRCLE('',#3099,0.116100369133464);
#107=CIRCLE('',#3101,0.342831681754549);
#108=CIRCLE('',#3103,0.116100369133464);
#109=CYLINDRICAL_SURFACE('',#2924,0.0497585361528266);
#110=CYLINDRICAL_SURFACE('',#2927,0.1302117496336);
#111=CYLINDRICAL_SURFACE('',#2936,0.1302117496336);
#112=CYLINDRICAL_SURFACE('',#2941,0.0497585361528266);
#113=CYLINDRICAL_SURFACE('',#2950,0.1302117496336);
#114=CYLINDRICAL_SURFACE('',#2955,0.0497585361528266);
#115=CYLINDRICAL_SURFACE('',#2980,2.98497713858823);
#116=CYLINDRICAL_SURFACE('',#2982,3.87214914182437);
#117=CYLINDRICAL_SURFACE('',#3024,0.471374870314105);
#118=CYLINDRICAL_SURFACE('',#3027,0.471374870314105);
#119=CYLINDRICAL_SURFACE('',#3029,0.471374870314105);
#120=CYLINDRICAL_SURFACE('',#3031,0.471374870314105);
#121=CYLINDRICAL_SURFACE('',#3033,0.960993107874751);
#122=CYLINDRICAL_SURFACE('',#3037,0.535154691946672);
#123=CYLINDRICAL_SURFACE('',#3041,0.567662861023571);
#124=CYLINDRICAL_SURFACE('',#3051,0.367451383655236);
#125=CYLINDRICAL_SURFACE('',#3057,0.960993107874751);
#126=CYLINDRICAL_SURFACE('',#3061,0.367451383655236);
#127=CYLINDRICAL_SURFACE('',#3071,0.567662861023571);
#128=CYLINDRICAL_SURFACE('',#3075,0.535154691946672);
#129=CYLINDRICAL_SURFACE('',#3080,0.94274974062821);
#130=CYLINDRICAL_SURFACE('',#3081,0.94274974062821);
#131=CYLINDRICAL_SURFACE('',#3082,0.94274974062821);
#132=CYLINDRICAL_SURFACE('',#3083,0.94274974062821);
#133=CYLINDRICAL_SURFACE('',#3088,0.348817404032438);
#134=CYLINDRICAL_SURFACE('',#3089,0.348817404032438);
#135=CYLINDRICAL_SURFACE('',#3090,0.348817404032438);
#136=CYLINDRICAL_SURFACE('',#3093,0.348817404032438);
#137=CYLINDRICAL_SURFACE('',#3096,0.342831681754549);
#138=CYLINDRICAL_SURFACE('',#3100,0.342831681754549);
#139=CYLINDRICAL_SURFACE('',#3106,0.442126059611116);
#140=CYLINDRICAL_SURFACE('',#3107,0.442126059611116);
#141=CYLINDRICAL_SURFACE('',#3108,0.331594544708335);
#142=CYLINDRICAL_SURFACE('',#3109,0.331594544708335);
#143=CYLINDRICAL_SURFACE('',#3110,0.331594544708335);
#144=CYLINDRICAL_SURFACE('',#3111,0.331594544708335);
#145=CYLINDRICAL_SURFACE('',#3113,3.45304833456724);
#146=ORIENTED_EDGE('',*,*,#776,.F.);
#147=ORIENTED_EDGE('',*,*,#777,.F.);
#148=ORIENTED_EDGE('',*,*,#778,.T.);
#149=ORIENTED_EDGE('',*,*,#779,.T.);
#150=ORIENTED_EDGE('',*,*,#780,.F.);
#151=ORIENTED_EDGE('',*,*,#781,.F.);
#152=ORIENTED_EDGE('',*,*,#782,.T.);
#153=ORIENTED_EDGE('',*,*,#783,.T.);
#154=ORIENTED_EDGE('',*,*,#784,.F.);
#155=ORIENTED_EDGE('',*,*,#783,.F.);
#156=ORIENTED_EDGE('',*,*,#785,.T.);
#157=ORIENTED_EDGE('',*,*,#777,.T.);
#158=ORIENTED_EDGE('',*,*,#786,.F.);
#159=ORIENTED_EDGE('',*,*,#787,.F.);
#160=ORIENTED_EDGE('',*,*,#788,.T.);
#161=ORIENTED_EDGE('',*,*,#781,.T.);
#162=ORIENTED_EDGE('',*,*,#789,.F.);
#163=ORIENTED_EDGE('',*,*,#779,.F.);
#164=ORIENTED_EDGE('',*,*,#790,.T.);
#165=ORIENTED_EDGE('',*,*,#791,.T.);
#166=ORIENTED_EDGE('',*,*,#792,.F.);
#167=ORIENTED_EDGE('',*,*,#791,.F.);
#168=ORIENTED_EDGE('',*,*,#793,.T.);
#169=ORIENTED_EDGE('',*,*,#794,.T.);
#170=ORIENTED_EDGE('',*,*,#795,.F.);
#171=ORIENTED_EDGE('',*,*,#796,.T.);
#172=ORIENTED_EDGE('',*,*,#797,.T.);
#173=ORIENTED_EDGE('',*,*,#787,.T.);
#174=ORIENTED_EDGE('',*,*,#785,.F.);
#175=ORIENTED_EDGE('',*,*,#782,.F.);
#176=ORIENTED_EDGE('',*,*,#788,.F.);
#177=ORIENTED_EDGE('',*,*,#797,.F.);
#178=ORIENTED_EDGE('',*,*,#798,.F.);
#179=ORIENTED_EDGE('',*,*,#793,.F.);
#180=ORIENTED_EDGE('',*,*,#790,.F.);
#181=ORIENTED_EDGE('',*,*,#778,.F.);
#182=ORIENTED_EDGE('',*,*,#784,.T.);
#183=ORIENTED_EDGE('',*,*,#776,.T.);
#184=ORIENTED_EDGE('',*,*,#789,.T.);
#185=ORIENTED_EDGE('',*,*,#792,.T.);
#186=ORIENTED_EDGE('',*,*,#799,.T.);
#187=ORIENTED_EDGE('',*,*,#795,.T.);
#188=ORIENTED_EDGE('',*,*,#786,.T.);
#189=ORIENTED_EDGE('',*,*,#780,.T.);
#190=ORIENTED_EDGE('',*,*,#796,.F.);
#191=ORIENTED_EDGE('',*,*,#799,.F.);
#192=ORIENTED_EDGE('',*,*,#794,.F.);
#193=ORIENTED_EDGE('',*,*,#798,.T.);
#194=ORIENTED_EDGE('',*,*,#800,.F.);
#195=ORIENTED_EDGE('',*,*,#801,.F.);
#196=ORIENTED_EDGE('',*,*,#802,.T.);
#197=ORIENTED_EDGE('',*,*,#803,.T.);
#198=ORIENTED_EDGE('',*,*,#804,.F.);
#199=ORIENTED_EDGE('',*,*,#803,.F.);
#200=ORIENTED_EDGE('',*,*,#805,.T.);
#201=ORIENTED_EDGE('',*,*,#806,.T.);
#202=ORIENTED_EDGE('',*,*,#807,.F.);
#203=ORIENTED_EDGE('',*,*,#808,.F.);
#204=ORIENTED_EDGE('',*,*,#809,.T.);
#205=ORIENTED_EDGE('',*,*,#810,.T.);
#206=ORIENTED_EDGE('',*,*,#811,.F.);
#207=ORIENTED_EDGE('',*,*,#810,.F.);
#208=ORIENTED_EDGE('',*,*,#812,.T.);
#209=ORIENTED_EDGE('',*,*,#801,.T.);
#210=ORIENTED_EDGE('',*,*,#813,.F.);
#211=ORIENTED_EDGE('',*,*,#814,.F.);
#212=ORIENTED_EDGE('',*,*,#815,.T.);
#213=ORIENTED_EDGE('',*,*,#808,.T.);
#214=ORIENTED_EDGE('',*,*,#816,.F.);
#215=ORIENTED_EDGE('',*,*,#817,.T.);
#216=ORIENTED_EDGE('',*,*,#818,.T.);
#217=ORIENTED_EDGE('',*,*,#814,.T.);
#218=ORIENTED_EDGE('',*,*,#812,.F.);
#219=ORIENTED_EDGE('',*,*,#809,.F.);
#220=ORIENTED_EDGE('',*,*,#815,.F.);
#221=ORIENTED_EDGE('',*,*,#818,.F.);
#222=ORIENTED_EDGE('',*,*,#819,.F.);
#223=ORIENTED_EDGE('',*,*,#820,.F.);
#224=ORIENTED_EDGE('',*,*,#805,.F.);
#225=ORIENTED_EDGE('',*,*,#802,.F.);
#226=ORIENTED_EDGE('',*,*,#821,.F.);
#227=ORIENTED_EDGE('',*,*,#806,.F.);
#228=ORIENTED_EDGE('',*,*,#820,.T.);
#229=ORIENTED_EDGE('',*,*,#822,.T.);
#230=ORIENTED_EDGE('',*,*,#811,.T.);
#231=ORIENTED_EDGE('',*,*,#800,.T.);
#232=ORIENTED_EDGE('',*,*,#804,.T.);
#233=ORIENTED_EDGE('',*,*,#821,.T.);
#234=ORIENTED_EDGE('',*,*,#823,.T.);
#235=ORIENTED_EDGE('',*,*,#816,.T.);
#236=ORIENTED_EDGE('',*,*,#813,.T.);
#237=ORIENTED_EDGE('',*,*,#807,.T.);
#238=ORIENTED_EDGE('',*,*,#817,.F.);
#239=ORIENTED_EDGE('',*,*,#823,.F.);
#240=ORIENTED_EDGE('',*,*,#822,.F.);
#241=ORIENTED_EDGE('',*,*,#819,.T.);
#242=ORIENTED_EDGE('',*,*,#824,.F.);
#243=ORIENTED_EDGE('',*,*,#825,.F.);
#244=ORIENTED_EDGE('',*,*,#826,.T.);
#245=ORIENTED_EDGE('',*,*,#827,.T.);
#246=ORIENTED_EDGE('',*,*,#828,.F.);
#247=ORIENTED_EDGE('',*,*,#827,.F.);
#248=ORIENTED_EDGE('',*,*,#829,.T.);
#249=ORIENTED_EDGE('',*,*,#830,.T.);
#250=ORIENTED_EDGE('',*,*,#831,.F.);
#251=ORIENTED_EDGE('',*,*,#832,.F.);
#252=ORIENTED_EDGE('',*,*,#833,.T.);
#253=ORIENTED_EDGE('',*,*,#834,.T.);
#254=ORIENTED_EDGE('',*,*,#835,.F.);
#255=ORIENTED_EDGE('',*,*,#834,.F.);
#256=ORIENTED_EDGE('',*,*,#836,.T.);
#257=ORIENTED_EDGE('',*,*,#825,.T.);
#258=ORIENTED_EDGE('',*,*,#837,.F.);
#259=ORIENTED_EDGE('',*,*,#838,.F.);
#260=ORIENTED_EDGE('',*,*,#839,.T.);
#261=ORIENTED_EDGE('',*,*,#832,.T.);
#262=ORIENTED_EDGE('',*,*,#840,.F.);
#263=ORIENTED_EDGE('',*,*,#841,.F.);
#264=ORIENTED_EDGE('',*,*,#842,.T.);
#265=ORIENTED_EDGE('',*,*,#838,.T.);
#266=ORIENTED_EDGE('',*,*,#836,.F.);
#267=ORIENTED_EDGE('',*,*,#833,.F.);
#268=ORIENTED_EDGE('',*,*,#839,.F.);
#269=ORIENTED_EDGE('',*,*,#842,.F.);
#270=ORIENTED_EDGE('',*,*,#843,.F.);
#271=ORIENTED_EDGE('',*,*,#844,.F.);
#272=ORIENTED_EDGE('',*,*,#829,.F.);
#273=ORIENTED_EDGE('',*,*,#826,.F.);
#274=ORIENTED_EDGE('',*,*,#845,.F.);
#275=ORIENTED_EDGE('',*,*,#830,.F.);
#276=ORIENTED_EDGE('',*,*,#844,.T.);
#277=ORIENTED_EDGE('',*,*,#846,.T.);
#278=ORIENTED_EDGE('',*,*,#835,.T.);
#279=ORIENTED_EDGE('',*,*,#824,.T.);
#280=ORIENTED_EDGE('',*,*,#828,.T.);
#281=ORIENTED_EDGE('',*,*,#845,.T.);
#282=ORIENTED_EDGE('',*,*,#847,.T.);
#283=ORIENTED_EDGE('',*,*,#840,.T.);
#284=ORIENTED_EDGE('',*,*,#837,.T.);
#285=ORIENTED_EDGE('',*,*,#831,.T.);
#286=ORIENTED_EDGE('',*,*,#841,.T.);
#287=ORIENTED_EDGE('',*,*,#847,.F.);
#288=ORIENTED_EDGE('',*,*,#846,.F.);
#289=ORIENTED_EDGE('',*,*,#843,.T.);
#290=ORIENTED_EDGE('',*,*,#848,.F.);
#291=ORIENTED_EDGE('',*,*,#849,.F.);
#292=ORIENTED_EDGE('',*,*,#850,.T.);
#293=ORIENTED_EDGE('',*,*,#851,.F.);
#294=ORIENTED_EDGE('',*,*,#852,.F.);
#295=ORIENTED_EDGE('',*,*,#853,.T.);
#296=ORIENTED_EDGE('',*,*,#854,.T.);
#297=ORIENTED_EDGE('',*,*,#855,.F.);
#298=ORIENTED_EDGE('',*,*,#856,.F.);
#299=ORIENTED_EDGE('',*,*,#857,.F.);
#300=ORIENTED_EDGE('',*,*,#858,.T.);
#301=ORIENTED_EDGE('',*,*,#859,.F.);
#302=ORIENTED_EDGE('',*,*,#860,.F.);
#303=ORIENTED_EDGE('',*,*,#861,.F.);
#304=ORIENTED_EDGE('',*,*,#862,.T.);
#305=ORIENTED_EDGE('',*,*,#863,.F.);
#306=ORIENTED_EDGE('',*,*,#864,.F.);
#307=ORIENTED_EDGE('',*,*,#865,.F.);
#308=ORIENTED_EDGE('',*,*,#866,.T.);
#309=ORIENTED_EDGE('',*,*,#867,.F.);
#310=ORIENTED_EDGE('',*,*,#868,.T.);
#311=ORIENTED_EDGE('',*,*,#869,.T.);
#312=ORIENTED_EDGE('',*,*,#870,.T.);
#313=ORIENTED_EDGE('',*,*,#871,.T.);
#314=ORIENTED_EDGE('',*,*,#872,.T.);
#315=ORIENTED_EDGE('',*,*,#873,.F.);
#316=ORIENTED_EDGE('',*,*,#874,.F.);
#317=ORIENTED_EDGE('',*,*,#875,.T.);
#318=ORIENTED_EDGE('',*,*,#876,.T.);
#319=ORIENTED_EDGE('',*,*,#877,.T.);
#320=ORIENTED_EDGE('',*,*,#878,.F.);
#321=ORIENTED_EDGE('',*,*,#879,.T.);
#322=ORIENTED_EDGE('',*,*,#880,.T.);
#323=ORIENTED_EDGE('',*,*,#881,.F.);
#324=ORIENTED_EDGE('',*,*,#882,.F.);
#325=ORIENTED_EDGE('',*,*,#883,.T.);
#326=ORIENTED_EDGE('',*,*,#884,.T.);
#327=ORIENTED_EDGE('',*,*,#885,.T.);
#328=ORIENTED_EDGE('',*,*,#886,.T.);
#329=ORIENTED_EDGE('',*,*,#887,.F.);
#330=ORIENTED_EDGE('',*,*,#888,.T.);
#331=ORIENTED_EDGE('',*,*,#889,.T.);
#332=ORIENTED_EDGE('',*,*,#890,.F.);
#333=ORIENTED_EDGE('',*,*,#891,.T.);
#334=ORIENTED_EDGE('',*,*,#892,.T.);
#335=ORIENTED_EDGE('',*,*,#893,.T.);
#336=ORIENTED_EDGE('',*,*,#894,.T.);
#337=ORIENTED_EDGE('',*,*,#895,.F.);
#338=ORIENTED_EDGE('',*,*,#896,.T.);
#339=ORIENTED_EDGE('',*,*,#897,.T.);
#340=ORIENTED_EDGE('',*,*,#898,.T.);
#341=ORIENTED_EDGE('',*,*,#899,.F.);
#342=ORIENTED_EDGE('',*,*,#900,.T.);
#343=ORIENTED_EDGE('',*,*,#901,.F.);
#344=ORIENTED_EDGE('',*,*,#896,.F.);
#345=ORIENTED_EDGE('',*,*,#901,.T.);
#346=ORIENTED_EDGE('',*,*,#902,.T.);
#347=ORIENTED_EDGE('',*,*,#897,.F.);
#348=ORIENTED_EDGE('',*,*,#903,.T.);
#349=ORIENTED_EDGE('',*,*,#899,.T.);
#350=ORIENTED_EDGE('',*,*,#895,.T.);
#351=ORIENTED_EDGE('',*,*,#902,.F.);
#352=ORIENTED_EDGE('',*,*,#900,.F.);
#353=ORIENTED_EDGE('',*,*,#903,.F.);
#354=ORIENTED_EDGE('',*,*,#898,.F.);
#355=ORIENTED_EDGE('',*,*,#848,.T.);
#356=ORIENTED_EDGE('',*,*,#904,.F.);
#357=ORIENTED_EDGE('',*,*,#905,.T.);
#358=ORIENTED_EDGE('',*,*,#906,.F.);
#359=ORIENTED_EDGE('',*,*,#907,.T.);
#360=ORIENTED_EDGE('',*,*,#908,.F.);
#361=ORIENTED_EDGE('',*,*,#909,.F.);
#362=ORIENTED_EDGE('',*,*,#910,.T.);
#363=ORIENTED_EDGE('',*,*,#911,.T.);
#364=ORIENTED_EDGE('',*,*,#912,.T.);
#365=ORIENTED_EDGE('',*,*,#913,.F.);
#366=ORIENTED_EDGE('',*,*,#914,.F.);
#367=ORIENTED_EDGE('',*,*,#915,.T.);
#368=ORIENTED_EDGE('',*,*,#916,.T.);
#369=ORIENTED_EDGE('',*,*,#917,.F.);
#370=ORIENTED_EDGE('',*,*,#918,.F.);
#371=ORIENTED_EDGE('',*,*,#919,.T.);
#372=ORIENTED_EDGE('',*,*,#920,.T.);
#373=ORIENTED_EDGE('',*,*,#921,.F.);
#374=ORIENTED_EDGE('',*,*,#922,.T.);
#375=ORIENTED_EDGE('',*,*,#869,.F.);
#376=ORIENTED_EDGE('',*,*,#923,.T.);
#377=ORIENTED_EDGE('',*,*,#890,.T.);
#378=ORIENTED_EDGE('',*,*,#924,.T.);
#379=ORIENTED_EDGE('',*,*,#925,.F.);
#380=ORIENTED_EDGE('',*,*,#926,.T.);
#381=ORIENTED_EDGE('',*,*,#906,.T.);
#382=ORIENTED_EDGE('',*,*,#927,.T.);
#383=ORIENTED_EDGE('',*,*,#928,.T.);
#384=ORIENTED_EDGE('',*,*,#929,.T.);
#385=ORIENTED_EDGE('',*,*,#930,.T.);
#386=ORIENTED_EDGE('',*,*,#931,.T.);
#387=ORIENTED_EDGE('',*,*,#853,.F.);
#388=ORIENTED_EDGE('',*,*,#932,.T.);
#389=ORIENTED_EDGE('',*,*,#885,.F.);
#390=ORIENTED_EDGE('',*,*,#933,.F.);
#391=ORIENTED_EDGE('',*,*,#934,.T.);
#392=ORIENTED_EDGE('',*,*,#935,.T.);
#393=ORIENTED_EDGE('',*,*,#904,.T.);
#394=ORIENTED_EDGE('',*,*,#936,.T.);
#395=ORIENTED_EDGE('',*,*,#937,.F.);
#396=ORIENTED_EDGE('',*,*,#938,.T.);
#397=ORIENTED_EDGE('',*,*,#939,.F.);
#398=ORIENTED_EDGE('',*,*,#920,.F.);
#399=ORIENTED_EDGE('',*,*,#940,.T.);
#400=ORIENTED_EDGE('',*,*,#882,.T.);
#401=ORIENTED_EDGE('',*,*,#941,.T.);
#402=ORIENTED_EDGE('',*,*,#917,.T.);
#403=ORIENTED_EDGE('',*,*,#939,.T.);
#404=ORIENTED_EDGE('',*,*,#881,.T.);
#405=ORIENTED_EDGE('',*,*,#941,.F.);
#406=ORIENTED_EDGE('',*,*,#880,.F.);
#407=ORIENTED_EDGE('',*,*,#942,.T.);
#408=ORIENTED_EDGE('',*,*,#918,.T.);
#409=ORIENTED_EDGE('',*,*,#943,.F.);
#410=ORIENTED_EDGE('',*,*,#916,.F.);
#411=ORIENTED_EDGE('',*,*,#944,.T.);
#412=ORIENTED_EDGE('',*,*,#874,.T.);
#413=ORIENTED_EDGE('',*,*,#945,.T.);
#414=ORIENTED_EDGE('',*,*,#913,.T.);
#415=ORIENTED_EDGE('',*,*,#943,.T.);
#416=ORIENTED_EDGE('',*,*,#873,.T.);
#417=ORIENTED_EDGE('',*,*,#945,.F.);
#418=ORIENTED_EDGE('',*,*,#872,.F.);
#419=ORIENTED_EDGE('',*,*,#946,.T.);
#420=ORIENTED_EDGE('',*,*,#914,.T.);
#421=ORIENTED_EDGE('',*,*,#947,.T.);
#422=ORIENTED_EDGE('',*,*,#865,.T.);
#423=ORIENTED_EDGE('',*,*,#948,.T.);
#424=ORIENTED_EDGE('',*,*,#949,.T.);
#425=ORIENTED_EDGE('',*,*,#950,.T.);
#426=ORIENTED_EDGE('',*,*,#857,.T.);
#427=ORIENTED_EDGE('',*,*,#951,.T.);
#428=ORIENTED_EDGE('',*,*,#952,.T.);
#429=ORIENTED_EDGE('',*,*,#953,.T.);
#430=ORIENTED_EDGE('',*,*,#954,.T.);
#431=ORIENTED_EDGE('',*,*,#921,.T.);
#432=ORIENTED_EDGE('',*,*,#955,.T.);
#433=ORIENTED_EDGE('',*,*,#956,.T.);
#434=ORIENTED_EDGE('',*,*,#951,.F.);
#435=ORIENTED_EDGE('',*,*,#856,.T.);
#436=ORIENTED_EDGE('',*,*,#957,.F.);
#437=ORIENTED_EDGE('',*,*,#958,.F.);
#438=ORIENTED_EDGE('',*,*,#952,.F.);
#439=ORIENTED_EDGE('',*,*,#958,.T.);
#440=ORIENTED_EDGE('',*,*,#959,.F.);
#441=ORIENTED_EDGE('',*,*,#960,.F.);
#442=ORIENTED_EDGE('',*,*,#950,.F.);
#443=ORIENTED_EDGE('',*,*,#960,.T.);
#444=ORIENTED_EDGE('',*,*,#961,.F.);
#445=ORIENTED_EDGE('',*,*,#858,.F.);
#446=ORIENTED_EDGE('',*,*,#948,.F.);
#447=ORIENTED_EDGE('',*,*,#864,.T.);
#448=ORIENTED_EDGE('',*,*,#962,.F.);
#449=ORIENTED_EDGE('',*,*,#963,.F.);
#450=ORIENTED_EDGE('',*,*,#949,.F.);
#451=ORIENTED_EDGE('',*,*,#963,.T.);
#452=ORIENTED_EDGE('',*,*,#964,.F.);
#453=ORIENTED_EDGE('',*,*,#965,.F.);
#454=ORIENTED_EDGE('',*,*,#947,.F.);
#455=ORIENTED_EDGE('',*,*,#965,.T.);
#456=ORIENTED_EDGE('',*,*,#966,.F.);
#457=ORIENTED_EDGE('',*,*,#866,.F.);
#458=ORIENTED_EDGE('',*,*,#967,.F.);
#459=ORIENTED_EDGE('',*,*,#968,.F.);
#460=ORIENTED_EDGE('',*,*,#969,.T.);
#461=ORIENTED_EDGE('',*,*,#970,.T.);
#462=ORIENTED_EDGE('',*,*,#971,.T.);
#463=ORIENTED_EDGE('',*,*,#972,.T.);
#464=ORIENTED_EDGE('',*,*,#912,.F.);
#465=ORIENTED_EDGE('',*,*,#871,.F.);
#466=ORIENTED_EDGE('',*,*,#973,.T.);
#467=ORIENTED_EDGE('',*,*,#953,.F.);
#468=ORIENTED_EDGE('',*,*,#974,.T.);
#469=ORIENTED_EDGE('',*,*,#892,.F.);
#470=ORIENTED_EDGE('',*,*,#975,.T.);
#471=ORIENTED_EDGE('',*,*,#883,.F.);
#472=ORIENTED_EDGE('',*,*,#940,.F.);
#473=ORIENTED_EDGE('',*,*,#919,.F.);
#474=ORIENTED_EDGE('',*,*,#942,.F.);
#475=ORIENTED_EDGE('',*,*,#879,.F.);
#476=ORIENTED_EDGE('',*,*,#976,.F.);
#477=ORIENTED_EDGE('',*,*,#977,.F.);
#478=ORIENTED_EDGE('',*,*,#978,.T.);
#479=ORIENTED_EDGE('',*,*,#875,.F.);
#480=ORIENTED_EDGE('',*,*,#944,.F.);
#481=ORIENTED_EDGE('',*,*,#915,.F.);
#482=ORIENTED_EDGE('',*,*,#946,.F.);
#483=ORIENTED_EDGE('',*,*,#855,.T.);
#484=ORIENTED_EDGE('',*,*,#979,.T.);
#485=ORIENTED_EDGE('',*,*,#980,.T.);
#486=ORIENTED_EDGE('',*,*,#981,.T.);
#487=ORIENTED_EDGE('',*,*,#887,.T.);
#488=ORIENTED_EDGE('',*,*,#982,.T.);
#489=ORIENTED_EDGE('',*,*,#867,.T.);
#490=ORIENTED_EDGE('',*,*,#966,.T.);
#491=ORIENTED_EDGE('',*,*,#964,.T.);
#492=ORIENTED_EDGE('',*,*,#962,.T.);
#493=ORIENTED_EDGE('',*,*,#863,.T.);
#494=ORIENTED_EDGE('',*,*,#983,.T.);
#495=ORIENTED_EDGE('',*,*,#984,.T.);
#496=ORIENTED_EDGE('',*,*,#985,.F.);
#497=ORIENTED_EDGE('',*,*,#859,.T.);
#498=ORIENTED_EDGE('',*,*,#961,.T.);
#499=ORIENTED_EDGE('',*,*,#959,.T.);
#500=ORIENTED_EDGE('',*,*,#957,.T.);
#501=ORIENTED_EDGE('',*,*,#980,.F.);
#502=ORIENTED_EDGE('',*,*,#986,.T.);
#503=ORIENTED_EDGE('',*,*,#930,.F.);
#504=ORIENTED_EDGE('',*,*,#987,.T.);
#505=ORIENTED_EDGE('',*,*,#988,.T.);
#506=ORIENTED_EDGE('',*,*,#989,.F.);
#507=ORIENTED_EDGE('',*,*,#988,.F.);
#508=ORIENTED_EDGE('',*,*,#990,.F.);
#509=ORIENTED_EDGE('',*,*,#893,.F.);
#510=ORIENTED_EDGE('',*,*,#991,.F.);
#511=ORIENTED_EDGE('',*,*,#972,.F.);
#512=ORIENTED_EDGE('',*,*,#991,.T.);
#513=ORIENTED_EDGE('',*,*,#974,.F.);
#514=ORIENTED_EDGE('',*,*,#992,.F.);
#515=ORIENTED_EDGE('',*,*,#969,.F.);
#516=ORIENTED_EDGE('',*,*,#989,.T.);
#517=ORIENTED_EDGE('',*,*,#971,.F.);
#518=ORIENTED_EDGE('',*,*,#993,.F.);
#519=ORIENTED_EDGE('',*,*,#981,.F.);
#520=ORIENTED_EDGE('',*,*,#992,.T.);
#521=ORIENTED_EDGE('',*,*,#956,.F.);
#522=ORIENTED_EDGE('',*,*,#994,.T.);
#523=ORIENTED_EDGE('',*,*,#888,.F.);
#524=ORIENTED_EDGE('',*,*,#993,.T.);
#525=ORIENTED_EDGE('',*,*,#970,.F.);
#526=ORIENTED_EDGE('',*,*,#995,.F.);
#527=ORIENTED_EDGE('',*,*,#996,.F.);
#528=ORIENTED_EDGE('',*,*,#997,.T.);
#529=ORIENTED_EDGE('',*,*,#998,.T.);
#530=ORIENTED_EDGE('',*,*,#999,.F.);
#531=ORIENTED_EDGE('',*,*,#998,.F.);
#532=ORIENTED_EDGE('',*,*,#1000,.T.);
#533=ORIENTED_EDGE('',*,*,#1001,.T.);
#534=ORIENTED_EDGE('',*,*,#1002,.F.);
#535=ORIENTED_EDGE('',*,*,#1001,.F.);
#536=ORIENTED_EDGE('',*,*,#1003,.T.);
#537=ORIENTED_EDGE('',*,*,#861,.T.);
#538=ORIENTED_EDGE('',*,*,#1004,.F.);
#539=ORIENTED_EDGE('',*,*,#984,.F.);
#540=ORIENTED_EDGE('',*,*,#1005,.T.);
#541=ORIENTED_EDGE('',*,*,#1006,.T.);
#542=ORIENTED_EDGE('',*,*,#1007,.F.);
#543=ORIENTED_EDGE('',*,*,#1006,.F.);
#544=ORIENTED_EDGE('',*,*,#1008,.T.);
#545=ORIENTED_EDGE('',*,*,#1009,.T.);
#546=ORIENTED_EDGE('',*,*,#1010,.F.);
#547=ORIENTED_EDGE('',*,*,#1009,.F.);
#548=ORIENTED_EDGE('',*,*,#1011,.T.);
#549=ORIENTED_EDGE('',*,*,#1012,.T.);
#550=ORIENTED_EDGE('',*,*,#1013,.T.);
#551=ORIENTED_EDGE('',*,*,#1014,.T.);
#552=ORIENTED_EDGE('',*,*,#1015,.T.);
#553=ORIENTED_EDGE('',*,*,#1016,.T.);
#554=ORIENTED_EDGE('',*,*,#1017,.F.);
#555=ORIENTED_EDGE('',*,*,#1012,.F.);
#556=ORIENTED_EDGE('',*,*,#1015,.F.);
#557=ORIENTED_EDGE('',*,*,#1018,.T.);
#558=ORIENTED_EDGE('',*,*,#1019,.T.);
#559=ORIENTED_EDGE('',*,*,#1020,.T.);
#560=ORIENTED_EDGE('',*,*,#1019,.F.);
#561=ORIENTED_EDGE('',*,*,#1021,.T.);
#562=ORIENTED_EDGE('',*,*,#1022,.T.);
#563=ORIENTED_EDGE('',*,*,#1023,.T.);
#564=ORIENTED_EDGE('',*,*,#1024,.F.);
#565=ORIENTED_EDGE('',*,*,#1025,.T.);
#566=ORIENTED_EDGE('',*,*,#1026,.F.);
#567=ORIENTED_EDGE('',*,*,#1023,.F.);
#568=ORIENTED_EDGE('',*,*,#1027,.T.);
#569=ORIENTED_EDGE('',*,*,#996,.T.);
#570=ORIENTED_EDGE('',*,*,#1022,.F.);
#571=ORIENTED_EDGE('',*,*,#1028,.T.);
#572=ORIENTED_EDGE('',*,*,#1013,.F.);
#573=ORIENTED_EDGE('',*,*,#1011,.F.);
#574=ORIENTED_EDGE('',*,*,#1008,.F.);
#575=ORIENTED_EDGE('',*,*,#1005,.F.);
#576=ORIENTED_EDGE('',*,*,#983,.F.);
#577=ORIENTED_EDGE('',*,*,#862,.F.);
#578=ORIENTED_EDGE('',*,*,#1003,.F.);
#579=ORIENTED_EDGE('',*,*,#1000,.F.);
#580=ORIENTED_EDGE('',*,*,#997,.F.);
#581=ORIENTED_EDGE('',*,*,#1027,.F.);
#582=ORIENTED_EDGE('',*,*,#1017,.T.);
#583=ORIENTED_EDGE('',*,*,#1029,.T.);
#584=ORIENTED_EDGE('',*,*,#1024,.T.);
#585=ORIENTED_EDGE('',*,*,#1026,.T.);
#586=ORIENTED_EDGE('',*,*,#995,.T.);
#587=ORIENTED_EDGE('',*,*,#999,.T.);
#588=ORIENTED_EDGE('',*,*,#1002,.T.);
#589=ORIENTED_EDGE('',*,*,#860,.T.);
#590=ORIENTED_EDGE('',*,*,#985,.T.);
#591=ORIENTED_EDGE('',*,*,#1004,.T.);
#592=ORIENTED_EDGE('',*,*,#1007,.T.);
#593=ORIENTED_EDGE('',*,*,#1010,.T.);
#594=ORIENTED_EDGE('',*,*,#1030,.F.);
#595=ORIENTED_EDGE('',*,*,#877,.F.);
#596=ORIENTED_EDGE('',*,*,#1031,.T.);
#597=ORIENTED_EDGE('',*,*,#1032,.T.);
#598=ORIENTED_EDGE('',*,*,#1033,.F.);
#599=ORIENTED_EDGE('',*,*,#1032,.F.);
#600=ORIENTED_EDGE('',*,*,#1034,.T.);
#601=ORIENTED_EDGE('',*,*,#1035,.T.);
#602=ORIENTED_EDGE('',*,*,#1036,.F.);
#603=ORIENTED_EDGE('',*,*,#1035,.F.);
#604=ORIENTED_EDGE('',*,*,#1037,.T.);
#605=ORIENTED_EDGE('',*,*,#1038,.T.);
#606=ORIENTED_EDGE('',*,*,#1039,.F.);
#607=ORIENTED_EDGE('',*,*,#1038,.F.);
#608=ORIENTED_EDGE('',*,*,#1040,.T.);
#609=ORIENTED_EDGE('',*,*,#1041,.T.);
#610=ORIENTED_EDGE('',*,*,#1042,.T.);
#611=ORIENTED_EDGE('',*,*,#1043,.T.);
#612=ORIENTED_EDGE('',*,*,#1044,.T.);
#613=ORIENTED_EDGE('',*,*,#1045,.T.);
#614=ORIENTED_EDGE('',*,*,#1046,.F.);
#615=ORIENTED_EDGE('',*,*,#1041,.F.);
#616=ORIENTED_EDGE('',*,*,#1044,.F.);
#617=ORIENTED_EDGE('',*,*,#1047,.T.);
#618=ORIENTED_EDGE('',*,*,#1048,.T.);
#619=ORIENTED_EDGE('',*,*,#1049,.T.);
#620=ORIENTED_EDGE('',*,*,#1048,.F.);
#621=ORIENTED_EDGE('',*,*,#1050,.T.);
#622=ORIENTED_EDGE('',*,*,#1051,.T.);
#623=ORIENTED_EDGE('',*,*,#1052,.T.);
#624=ORIENTED_EDGE('',*,*,#1053,.F.);
#625=ORIENTED_EDGE('',*,*,#1054,.T.);
#626=ORIENTED_EDGE('',*,*,#1055,.F.);
#627=ORIENTED_EDGE('',*,*,#1052,.F.);
#628=ORIENTED_EDGE('',*,*,#1056,.T.);
#629=ORIENTED_EDGE('',*,*,#1057,.T.);
#630=ORIENTED_EDGE('',*,*,#1058,.F.);
#631=ORIENTED_EDGE('',*,*,#1057,.F.);
#632=ORIENTED_EDGE('',*,*,#1059,.T.);
#633=ORIENTED_EDGE('',*,*,#1060,.T.);
#634=ORIENTED_EDGE('',*,*,#1061,.F.);
#635=ORIENTED_EDGE('',*,*,#1060,.F.);
#636=ORIENTED_EDGE('',*,*,#1062,.T.);
#637=ORIENTED_EDGE('',*,*,#977,.T.);
#638=ORIENTED_EDGE('',*,*,#1051,.F.);
#639=ORIENTED_EDGE('',*,*,#1063,.T.);
#640=ORIENTED_EDGE('',*,*,#1042,.F.);
#641=ORIENTED_EDGE('',*,*,#1040,.F.);
#642=ORIENTED_EDGE('',*,*,#1037,.F.);
#643=ORIENTED_EDGE('',*,*,#1034,.F.);
#644=ORIENTED_EDGE('',*,*,#1031,.F.);
#645=ORIENTED_EDGE('',*,*,#876,.F.);
#646=ORIENTED_EDGE('',*,*,#978,.F.);
#647=ORIENTED_EDGE('',*,*,#1062,.F.);
#648=ORIENTED_EDGE('',*,*,#1059,.F.);
#649=ORIENTED_EDGE('',*,*,#1056,.F.);
#650=ORIENTED_EDGE('',*,*,#1046,.T.);
#651=ORIENTED_EDGE('',*,*,#1064,.T.);
#652=ORIENTED_EDGE('',*,*,#1053,.T.);
#653=ORIENTED_EDGE('',*,*,#1055,.T.);
#654=ORIENTED_EDGE('',*,*,#1058,.T.);
#655=ORIENTED_EDGE('',*,*,#1061,.T.);
#656=ORIENTED_EDGE('',*,*,#976,.T.);
#657=ORIENTED_EDGE('',*,*,#878,.T.);
#658=ORIENTED_EDGE('',*,*,#1030,.T.);
#659=ORIENTED_EDGE('',*,*,#1033,.T.);
#660=ORIENTED_EDGE('',*,*,#1036,.T.);
#661=ORIENTED_EDGE('',*,*,#1039,.T.);
#662=ORIENTED_EDGE('',*,*,#1016,.F.);
#663=ORIENTED_EDGE('',*,*,#1020,.F.);
#664=ORIENTED_EDGE('',*,*,#1025,.F.);
#665=ORIENTED_EDGE('',*,*,#1029,.F.);
#666=ORIENTED_EDGE('',*,*,#1045,.F.);
#667=ORIENTED_EDGE('',*,*,#1049,.F.);
#668=ORIENTED_EDGE('',*,*,#1054,.F.);
#669=ORIENTED_EDGE('',*,*,#1064,.F.);
#670=ORIENTED_EDGE('',*,*,#1043,.F.);
#671=ORIENTED_EDGE('',*,*,#1063,.F.);
#672=ORIENTED_EDGE('',*,*,#1050,.F.);
#673=ORIENTED_EDGE('',*,*,#1047,.F.);
#674=ORIENTED_EDGE('',*,*,#1014,.F.);
#675=ORIENTED_EDGE('',*,*,#1028,.F.);
#676=ORIENTED_EDGE('',*,*,#1021,.F.);
#677=ORIENTED_EDGE('',*,*,#1018,.F.);
#678=ORIENTED_EDGE('',*,*,#937,.T.);
#679=ORIENTED_EDGE('',*,*,#1065,.T.);
#680=ORIENTED_EDGE('',*,*,#925,.T.);
#681=ORIENTED_EDGE('',*,*,#1066,.T.);
#682=ORIENTED_EDGE('',*,*,#1067,.T.);
#683=ORIENTED_EDGE('',*,*,#1068,.T.);
#684=ORIENTED_EDGE('',*,*,#1067,.F.);
#685=ORIENTED_EDGE('',*,*,#1069,.T.);
#686=ORIENTED_EDGE('',*,*,#990,.T.);
#687=ORIENTED_EDGE('',*,*,#1070,.T.);
#688=ORIENTED_EDGE('',*,*,#1068,.F.);
#689=ORIENTED_EDGE('',*,*,#1070,.F.);
#690=ORIENTED_EDGE('',*,*,#987,.F.);
#691=ORIENTED_EDGE('',*,*,#938,.F.);
#692=ORIENTED_EDGE('',*,*,#1066,.F.);
#693=ORIENTED_EDGE('',*,*,#924,.F.);
#694=ORIENTED_EDGE('',*,*,#894,.F.);
#695=ORIENTED_EDGE('',*,*,#1069,.F.);
#696=ORIENTED_EDGE('',*,*,#955,.F.);
#697=ORIENTED_EDGE('',*,*,#929,.F.);
#698=ORIENTED_EDGE('',*,*,#1071,.T.);
#699=ORIENTED_EDGE('',*,*,#1072,.T.);
#700=ORIENTED_EDGE('',*,*,#994,.F.);
#701=ORIENTED_EDGE('',*,*,#1072,.F.);
#702=ORIENTED_EDGE('',*,*,#1073,.T.);
#703=ORIENTED_EDGE('',*,*,#1074,.T.);
#704=ORIENTED_EDGE('',*,*,#889,.F.);
#705=ORIENTED_EDGE('',*,*,#1074,.F.);
#706=ORIENTED_EDGE('',*,*,#1075,.T.);
#707=ORIENTED_EDGE('',*,*,#933,.T.);
#708=ORIENTED_EDGE('',*,*,#928,.F.);
#709=ORIENTED_EDGE('',*,*,#1076,.T.);
#710=ORIENTED_EDGE('',*,*,#934,.F.);
#711=ORIENTED_EDGE('',*,*,#1075,.F.);
#712=ORIENTED_EDGE('',*,*,#1073,.F.);
#713=ORIENTED_EDGE('',*,*,#1071,.F.);
#714=ORIENTED_EDGE('',*,*,#1077,.T.);
#715=ORIENTED_EDGE('',*,*,#968,.T.);
#716=ORIENTED_EDGE('',*,*,#1078,.T.);
#717=ORIENTED_EDGE('',*,*,#1079,.T.);
#718=ORIENTED_EDGE('',*,*,#967,.T.);
#719=ORIENTED_EDGE('',*,*,#1080,.T.);
#720=ORIENTED_EDGE('',*,*,#1078,.F.);
#721=ORIENTED_EDGE('',*,*,#1077,.F.);
#722=ORIENTED_EDGE('',*,*,#1080,.F.);
#723=ORIENTED_EDGE('',*,*,#1079,.F.);
#724=ORIENTED_EDGE('',*,*,#926,.F.);
#725=ORIENTED_EDGE('',*,*,#1065,.F.);
#726=ORIENTED_EDGE('',*,*,#936,.F.);
#727=ORIENTED_EDGE('',*,*,#907,.F.);
#728=ORIENTED_EDGE('',*,*,#927,.F.);
#729=ORIENTED_EDGE('',*,*,#905,.F.);
#730=ORIENTED_EDGE('',*,*,#935,.F.);
#731=ORIENTED_EDGE('',*,*,#1076,.F.);
#732=ORIENTED_EDGE('',*,*,#975,.F.);
#733=ORIENTED_EDGE('',*,*,#891,.F.);
#734=ORIENTED_EDGE('',*,*,#923,.F.);
#735=ORIENTED_EDGE('',*,*,#884,.F.);
#736=ORIENTED_EDGE('',*,*,#973,.F.);
#737=ORIENTED_EDGE('',*,*,#870,.F.);
#738=ORIENTED_EDGE('',*,*,#922,.F.);
#739=ORIENTED_EDGE('',*,*,#954,.F.);
#740=ORIENTED_EDGE('',*,*,#932,.F.);
#741=ORIENTED_EDGE('',*,*,#868,.F.);
#742=ORIENTED_EDGE('',*,*,#982,.F.);
#743=ORIENTED_EDGE('',*,*,#886,.F.);
#744=ORIENTED_EDGE('',*,*,#931,.F.);
#745=ORIENTED_EDGE('',*,*,#986,.F.);
#746=ORIENTED_EDGE('',*,*,#979,.F.);
#747=ORIENTED_EDGE('',*,*,#854,.F.);
#748=ORIENTED_EDGE('',*,*,#1081,.F.);
#749=ORIENTED_EDGE('',*,*,#850,.F.);
#750=ORIENTED_EDGE('',*,*,#1082,.F.);
#751=ORIENTED_EDGE('',*,*,#1083,.F.);
#752=ORIENTED_EDGE('',*,*,#911,.F.);
#753=ORIENTED_EDGE('',*,*,#852,.T.);
#754=ORIENTED_EDGE('',*,*,#1084,.F.);
#755=ORIENTED_EDGE('',*,*,#1085,.F.);
#756=ORIENTED_EDGE('',*,*,#1086,.T.);
#757=ORIENTED_EDGE('',*,*,#1087,.T.);
#758=ORIENTED_EDGE('',*,*,#1083,.T.);
#759=ORIENTED_EDGE('',*,*,#1088,.T.);
#760=ORIENTED_EDGE('',*,*,#1086,.F.);
#761=ORIENTED_EDGE('',*,*,#1089,.F.);
#762=ORIENTED_EDGE('',*,*,#908,.T.);
#763=ORIENTED_EDGE('',*,*,#851,.T.);
#764=ORIENTED_EDGE('',*,*,#1081,.T.);
#765=ORIENTED_EDGE('',*,*,#910,.F.);
#766=ORIENTED_EDGE('',*,*,#1090,.F.);
#767=ORIENTED_EDGE('',*,*,#1084,.T.);
#768=ORIENTED_EDGE('',*,*,#849,.T.);
#769=ORIENTED_EDGE('',*,*,#1087,.F.);
#770=ORIENTED_EDGE('',*,*,#1088,.F.);
#771=ORIENTED_EDGE('',*,*,#1082,.T.);
#772=ORIENTED_EDGE('',*,*,#1090,.T.);
#773=ORIENTED_EDGE('',*,*,#909,.T.);
#774=ORIENTED_EDGE('',*,*,#1089,.T.);
#775=ORIENTED_EDGE('',*,*,#1085,.T.);
#776=EDGE_CURVE('',#1091,#1092,#1301,.T.);
#777=EDGE_CURVE('',#1093,#1091,#1302,.T.);
#778=EDGE_CURVE('',#1093,#1094,#1303,.T.);
#779=EDGE_CURVE('',#1094,#1092,#1304,.T.);
#780=EDGE_CURVE('',#1095,#1096,#1305,.T.);
#781=EDGE_CURVE('',#1097,#1095,#1306,.T.);
#782=EDGE_CURVE('',#1097,#1098,#1307,.T.);
#783=EDGE_CURVE('',#1098,#1096,#1308,.T.);
#784=EDGE_CURVE('',#1096,#1091,#1309,.T.);
#785=EDGE_CURVE('',#1098,#1093,#1310,.T.);
#786=EDGE_CURVE('',#1099,#1095,#47,.T.);
#787=EDGE_CURVE('',#1100,#1099,#1311,.T.);
#788=EDGE_CURVE('',#1100,#1097,#48,.T.);
#789=EDGE_CURVE('',#1092,#1101,#49,.T.);
#790=EDGE_CURVE('',#1094,#1102,#50,.T.);
#791=EDGE_CURVE('',#1102,#1101,#1312,.T.);
#792=EDGE_CURVE('',#1101,#1103,#1313,.T.);
#793=EDGE_CURVE('',#1102,#1104,#1314,.T.);
#794=EDGE_CURVE('',#1104,#1103,#1315,.T.);
#795=EDGE_CURVE('',#1105,#1099,#1316,.T.);
#796=EDGE_CURVE('',#1105,#1106,#1317,.T.);
#797=EDGE_CURVE('',#1106,#1100,#1318,.T.);
#798=EDGE_CURVE('',#1104,#1106,#1319,.T.);
#799=EDGE_CURVE('',#1103,#1105,#1320,.T.);
#800=EDGE_CURVE('',#1107,#1108,#1321,.T.);
#801=EDGE_CURVE('',#1109,#1107,#1322,.T.);
#802=EDGE_CURVE('',#1109,#1110,#1323,.T.);
#803=EDGE_CURVE('',#1110,#1108,#1324,.T.);
#804=EDGE_CURVE('',#1108,#1111,#51,.T.);
#805=EDGE_CURVE('',#1110,#1112,#52,.T.);
#806=EDGE_CURVE('',#1112,#1111,#1325,.T.);
#807=EDGE_CURVE('',#1113,#1114,#1326,.T.);
#808=EDGE_CURVE('',#1115,#1113,#1327,.T.);
#809=EDGE_CURVE('',#1115,#1116,#1328,.T.);
#810=EDGE_CURVE('',#1116,#1114,#1329,.T.);
#811=EDGE_CURVE('',#1114,#1107,#1330,.T.);
#812=EDGE_CURVE('',#1116,#1109,#1331,.T.);
#813=EDGE_CURVE('',#1117,#1113,#53,.T.);
#814=EDGE_CURVE('',#1118,#1117,#1332,.T.);
#815=EDGE_CURVE('',#1118,#1115,#54,.T.);
#816=EDGE_CURVE('',#1119,#1117,#1333,.T.);
#817=EDGE_CURVE('',#1119,#1120,#1334,.T.);
#818=EDGE_CURVE('',#1120,#1118,#1335,.T.);
#819=EDGE_CURVE('',#1121,#1120,#1336,.T.);
#820=EDGE_CURVE('',#1112,#1121,#1337,.T.);
#821=EDGE_CURVE('',#1111,#1122,#1338,.T.);
#822=EDGE_CURVE('',#1121,#1122,#1339,.T.);
#823=EDGE_CURVE('',#1122,#1119,#1340,.T.);
#824=EDGE_CURVE('',#1123,#1124,#1341,.T.);
#825=EDGE_CURVE('',#1125,#1123,#1342,.T.);
#826=EDGE_CURVE('',#1125,#1126,#1343,.T.);
#827=EDGE_CURVE('',#1126,#1124,#1344,.T.);
#828=EDGE_CURVE('',#1124,#1127,#55,.T.);
#829=EDGE_CURVE('',#1126,#1128,#56,.T.);
#830=EDGE_CURVE('',#1128,#1127,#1345,.F.);
#831=EDGE_CURVE('',#1129,#1130,#1346,.T.);
#832=EDGE_CURVE('',#1131,#1129,#1347,.T.);
#833=EDGE_CURVE('',#1131,#1132,#1348,.T.);
#834=EDGE_CURVE('',#1132,#1130,#1349,.T.);
#835=EDGE_CURVE('',#1130,#1123,#1350,.T.);
#836=EDGE_CURVE('',#1132,#1125,#1351,.T.);
#837=EDGE_CURVE('',#1133,#1129,#57,.T.);
#838=EDGE_CURVE('',#1134,#1133,#1352,.T.);
#839=EDGE_CURVE('',#1134,#1131,#58,.T.);
#840=EDGE_CURVE('',#1135,#1133,#1353,.T.);
#841=EDGE_CURVE('',#1136,#1135,#1354,.T.);
#842=EDGE_CURVE('',#1136,#1134,#1355,.T.);
#843=EDGE_CURVE('',#1137,#1136,#1356,.T.);
#844=EDGE_CURVE('',#1128,#1137,#1357,.T.);
#845=EDGE_CURVE('',#1127,#1138,#1358,.T.);
#846=EDGE_CURVE('',#1137,#1138,#1359,.T.);
#847=EDGE_CURVE('',#1138,#1135,#1360,.T.);
#848=EDGE_CURVE('',#1139,#1139,#59,.T.);
#849=EDGE_CURVE('',#1140,#1141,#1361,.T.);
#850=EDGE_CURVE('',#1140,#1142,#60,.T.);
#851=EDGE_CURVE('',#1143,#1142,#40,.T.);
#852=EDGE_CURVE('',#1141,#1143,#61,.F.);
#853=EDGE_CURVE('',#1144,#1145,#1362,.T.);
#854=EDGE_CURVE('',#1145,#1146,#1363,.T.);
#855=EDGE_CURVE('',#1147,#1146,#1364,.T.);
#856=EDGE_CURVE('',#1148,#1147,#1365,.T.);
#857=EDGE_CURVE('',#1149,#1148,#1366,.T.);
#858=EDGE_CURVE('',#1149,#1150,#1367,.T.);
#859=EDGE_CURVE('',#1151,#1150,#1368,.T.);
#860=EDGE_CURVE('',#1152,#1151,#1369,.T.);
#861=EDGE_CURVE('',#1153,#1152,#1370,.T.);
#862=EDGE_CURVE('',#1153,#1154,#1371,.T.);
#863=EDGE_CURVE('',#1155,#1154,#1372,.T.);
#864=EDGE_CURVE('',#1156,#1155,#1373,.T.);
#865=EDGE_CURVE('',#1157,#1156,#1374,.T.);
#866=EDGE_CURVE('',#1157,#1158,#1375,.T.);
#867=EDGE_CURVE('',#1159,#1158,#1376,.T.);
#868=EDGE_CURVE('',#1159,#1144,#1377,.F.);
#869=EDGE_CURVE('',#1160,#1161,#1378,.T.);
#870=EDGE_CURVE('',#1161,#1162,#1379,.F.);
#871=EDGE_CURVE('',#1162,#1163,#1380,.T.);
#872=EDGE_CURVE('',#1163,#1164,#1381,.T.);
#873=EDGE_CURVE('',#1165,#1164,#1382,.T.);
#874=EDGE_CURVE('',#1166,#1165,#1383,.T.);
#875=EDGE_CURVE('',#1166,#1167,#1384,.T.);
#876=EDGE_CURVE('',#1167,#1168,#1385,.T.);
#877=EDGE_CURVE('',#1168,#1169,#1386,.T.);
#878=EDGE_CURVE('',#1170,#1169,#1387,.T.);
#879=EDGE_CURVE('',#1170,#1171,#1388,.T.);
#880=EDGE_CURVE('',#1171,#1172,#1389,.T.);
#881=EDGE_CURVE('',#1173,#1172,#1390,.T.);
#882=EDGE_CURVE('',#1174,#1173,#1391,.T.);
#883=EDGE_CURVE('',#1174,#1175,#1392,.T.);
#884=EDGE_CURVE('',#1175,#1160,#1393,.T.);
#885=EDGE_CURVE('',#1176,#1177,#1394,.T.);
#886=EDGE_CURVE('',#1177,#1178,#1395,.T.);
#887=EDGE_CURVE('',#1179,#1178,#1396,.T.);
#888=EDGE_CURVE('',#1179,#1180,#1397,.F.);
#889=EDGE_CURVE('',#1180,#1176,#62,.T.);
#890=EDGE_CURVE('',#1181,#1182,#1398,.T.);
#891=EDGE_CURVE('',#1181,#1183,#1399,.F.);
#892=EDGE_CURVE('',#1183,#1184,#1400,.T.);
#893=EDGE_CURVE('',#1184,#1185,#1401,.T.);
#894=EDGE_CURVE('',#1185,#1182,#63,.F.);
#895=EDGE_CURVE('',#1186,#1187,#1402,.T.);
#896=EDGE_CURVE('',#1186,#1187,#64,.T.);
#897=EDGE_CURVE('',#1188,#1189,#1403,.T.);
#898=EDGE_CURVE('',#1189,#1188,#65,.F.);
#899=EDGE_CURVE('',#1190,#1186,#41,.T.);
#900=EDGE_CURVE('',#1190,#1191,#66,.T.);
#901=EDGE_CURVE('',#1187,#1191,#42,.T.);
#902=EDGE_CURVE('',#1191,#1189,#1404,.F.);
#903=EDGE_CURVE('',#1188,#1190,#1405,.T.);
#904=EDGE_CURVE('',#1192,#1193,#1406,.T.);
#905=EDGE_CURVE('',#1192,#1194,#1407,.F.);
#906=EDGE_CURVE('',#1195,#1194,#1408,.T.);
#907=EDGE_CURVE('',#1195,#1193,#1409,.T.);
#908=EDGE_CURVE('',#1196,#1197,#34,.T.);
#909=EDGE_CURVE('',#1198,#1196,#1410,.F.);
#910=EDGE_CURVE('',#1198,#1199,#35,.T.);
#911=EDGE_CURVE('',#1199,#1197,#67,.F.);
#912=EDGE_CURVE('',#1200,#1200,#68,.T.);
#913=EDGE_CURVE('',#1201,#1202,#1411,.T.);
#914=EDGE_CURVE('',#1203,#1201,#1412,.T.);
#915=EDGE_CURVE('',#1203,#1204,#1413,.T.);
#916=EDGE_CURVE('',#1204,#1202,#1414,.T.);
#917=EDGE_CURVE('',#1205,#1206,#1415,.T.);
#918=EDGE_CURVE('',#1207,#1205,#1416,.T.);
#919=EDGE_CURVE('',#1207,#1208,#1417,.T.);
#920=EDGE_CURVE('',#1208,#1206,#1418,.T.);
#921=EDGE_CURVE('',#1209,#1210,#1419,.T.);
#922=EDGE_CURVE('',#1209,#1161,#69,.T.);
#923=EDGE_CURVE('',#1160,#1181,#70,.T.);
#924=EDGE_CURVE('',#1182,#1211,#1420,.F.);
#925=EDGE_CURVE('',#1212,#1211,#1421,.T.);
#926=EDGE_CURVE('',#1212,#1195,#71,.F.);
#927=EDGE_CURVE('',#1194,#1213,#72,.F.);
#928=EDGE_CURVE('',#1213,#1214,#1422,.T.);
#929=EDGE_CURVE('',#1214,#1210,#1423,.T.);
#930=EDGE_CURVE('',#1215,#1216,#1424,.T.);
#931=EDGE_CURVE('',#1216,#1145,#73,.T.);
#932=EDGE_CURVE('',#1144,#1177,#74,.T.);
#933=EDGE_CURVE('',#1217,#1176,#1425,.T.);
#934=EDGE_CURVE('',#1217,#1218,#1426,.T.);
#935=EDGE_CURVE('',#1218,#1192,#75,.F.);
#936=EDGE_CURVE('',#1193,#1219,#76,.F.);
#937=EDGE_CURVE('',#1220,#1219,#1427,.T.);
#938=EDGE_CURVE('',#1220,#1215,#1428,.T.);
#939=EDGE_CURVE('',#1206,#1173,#1429,.T.);
#940=EDGE_CURVE('',#1208,#1174,#1430,.T.);
#941=EDGE_CURVE('',#1172,#1205,#1431,.T.);
#942=EDGE_CURVE('',#1171,#1207,#1432,.T.);
#943=EDGE_CURVE('',#1202,#1165,#1433,.T.);
#944=EDGE_CURVE('',#1204,#1166,#1434,.T.);
#945=EDGE_CURVE('',#1164,#1201,#1435,.T.);
#946=EDGE_CURVE('',#1163,#1203,#1436,.T.);
#947=EDGE_CURVE('',#1221,#1157,#1437,.T.);
#948=EDGE_CURVE('',#1156,#1222,#1438,.T.);
#949=EDGE_CURVE('',#1222,#1221,#1439,.T.);
#950=EDGE_CURVE('',#1223,#1149,#1440,.T.);
#951=EDGE_CURVE('',#1148,#1224,#1441,.T.);
#952=EDGE_CURVE('',#1224,#1223,#1442,.T.);
#953=EDGE_CURVE('',#1225,#1226,#1443,.T.);
#954=EDGE_CURVE('',#1226,#1209,#1444,.T.);
#955=EDGE_CURVE('',#1210,#1227,#77,.T.);
#956=EDGE_CURVE('',#1227,#1225,#1445,.F.);
#957=EDGE_CURVE('',#1228,#1147,#1446,.T.);
#958=EDGE_CURVE('',#1224,#1228,#1447,.T.);
#959=EDGE_CURVE('',#1229,#1228,#1448,.T.);
#960=EDGE_CURVE('',#1223,#1229,#1449,.T.);
#961=EDGE_CURVE('',#1150,#1229,#1450,.T.);
#962=EDGE_CURVE('',#1230,#1155,#1451,.T.);
#963=EDGE_CURVE('',#1222,#1230,#1452,.T.);
#964=EDGE_CURVE('',#1231,#1230,#1453,.T.);
#965=EDGE_CURVE('',#1221,#1231,#1454,.T.);
#966=EDGE_CURVE('',#1158,#1231,#1455,.T.);
#967=EDGE_CURVE('',#1232,#1232,#78,.T.);
#968=EDGE_CURVE('',#1233,#1233,#79,.T.);
#969=EDGE_CURVE('',#1234,#1235,#1456,.T.);
#970=EDGE_CURVE('',#1235,#1236,#1457,.T.);
#971=EDGE_CURVE('',#1236,#1237,#1458,.F.);
#972=EDGE_CURVE('',#1237,#1234,#1459,.F.);
#973=EDGE_CURVE('',#1162,#1226,#80,.T.);
#974=EDGE_CURVE('',#1225,#1184,#1460,.F.);
#975=EDGE_CURVE('',#1183,#1175,#81,.T.);
#976=EDGE_CURVE('',#1238,#1170,#1461,.T.);
#977=EDGE_CURVE('',#1239,#1238,#1462,.T.);
#978=EDGE_CURVE('',#1239,#1167,#1463,.T.);
#979=EDGE_CURVE('',#1146,#1240,#82,.F.);
#980=EDGE_CURVE('',#1240,#1241,#1464,.T.);
#981=EDGE_CURVE('',#1241,#1179,#1465,.T.);
#982=EDGE_CURVE('',#1178,#1159,#83,.F.);
#983=EDGE_CURVE('',#1154,#1242,#1466,.T.);
#984=EDGE_CURVE('',#1242,#1243,#1467,.T.);
#985=EDGE_CURVE('',#1151,#1243,#1468,.T.);
#986=EDGE_CURVE('',#1240,#1216,#1469,.F.);
#987=EDGE_CURVE('',#1215,#1244,#84,.F.);
#988=EDGE_CURVE('',#1244,#1241,#1470,.T.);
#989=EDGE_CURVE('',#1241,#1237,#22,.T.);
#990=EDGE_CURVE('',#1185,#1244,#1471,.T.);
#991=EDGE_CURVE('',#1234,#1184,#23,.F.);
#992=EDGE_CURVE('',#1235,#1225,#24,.T.);
#993=EDGE_CURVE('',#1179,#1236,#25,.F.);
#994=EDGE_CURVE('',#1227,#1180,#1472,.T.);
#995=EDGE_CURVE('',#1245,#1246,#1473,.T.);
#996=EDGE_CURVE('',#1247,#1245,#1474,.T.);
#997=EDGE_CURVE('',#1247,#1248,#1475,.T.);
#998=EDGE_CURVE('',#1248,#1246,#1476,.T.);
#999=EDGE_CURVE('',#1246,#1249,#85,.T.);
#1000=EDGE_CURVE('',#1248,#1250,#86,.T.);
#1001=EDGE_CURVE('',#1250,#1249,#1477,.T.);
#1002=EDGE_CURVE('',#1249,#1152,#1478,.T.);
#1003=EDGE_CURVE('',#1250,#1153,#1479,.T.);
#1004=EDGE_CURVE('',#1243,#1251,#87,.T.);
#1005=EDGE_CURVE('',#1242,#1252,#88,.T.);
#1006=EDGE_CURVE('',#1252,#1251,#1480,.T.);
#1007=EDGE_CURVE('',#1251,#1253,#1481,.T.);
#1008=EDGE_CURVE('',#1252,#1254,#1482,.T.);
#1009=EDGE_CURVE('',#1254,#1253,#1483,.T.);
#1010=EDGE_CURVE('',#1253,#1255,#89,.T.);
#1011=EDGE_CURVE('',#1254,#1256,#90,.T.);
#1012=EDGE_CURVE('',#1256,#1255,#1484,.T.);
#1013=EDGE_CURVE('',#1256,#1257,#1485,.T.);
#1014=EDGE_CURVE('',#1257,#1258,#26,.T.);
#1015=EDGE_CURVE('',#1258,#1259,#1486,.T.);
#1016=EDGE_CURVE('',#1259,#1260,#27,.T.);
#1017=EDGE_CURVE('',#1255,#1260,#1487,.T.);
#1018=EDGE_CURVE('',#1258,#1261,#1488,.T.);
#1019=EDGE_CURVE('',#1261,#1262,#1489,.T.);
#1020=EDGE_CURVE('',#1262,#1259,#1490,.F.);
#1021=EDGE_CURVE('',#1261,#1263,#28,.T.);
#1022=EDGE_CURVE('',#1263,#1264,#1491,.T.);
#1023=EDGE_CURVE('',#1264,#1265,#1492,.T.);
#1024=EDGE_CURVE('',#1266,#1265,#1493,.T.);
#1025=EDGE_CURVE('',#1266,#1262,#29,.T.);
#1026=EDGE_CURVE('',#1265,#1245,#91,.T.);
#1027=EDGE_CURVE('',#1264,#1247,#92,.T.);
#1028=EDGE_CURVE('',#1263,#1257,#1494,.F.);
#1029=EDGE_CURVE('',#1260,#1266,#1495,.T.);
#1030=EDGE_CURVE('',#1169,#1267,#1496,.T.);
#1031=EDGE_CURVE('',#1168,#1268,#1497,.T.);
#1032=EDGE_CURVE('',#1268,#1267,#1498,.T.);
#1033=EDGE_CURVE('',#1267,#1269,#93,.T.);
#1034=EDGE_CURVE('',#1268,#1270,#94,.T.);
#1035=EDGE_CURVE('',#1270,#1269,#1499,.T.);
#1036=EDGE_CURVE('',#1269,#1271,#1500,.T.);
#1037=EDGE_CURVE('',#1270,#1272,#1501,.T.);
#1038=EDGE_CURVE('',#1272,#1271,#1502,.T.);
#1039=EDGE_CURVE('',#1271,#1273,#95,.T.);
#1040=EDGE_CURVE('',#1272,#1274,#96,.T.);
#1041=EDGE_CURVE('',#1274,#1273,#1503,.T.);
#1042=EDGE_CURVE('',#1274,#1275,#1504,.T.);
#1043=EDGE_CURVE('',#1275,#1276,#30,.T.);
#1044=EDGE_CURVE('',#1276,#1277,#1505,.T.);
#1045=EDGE_CURVE('',#1277,#1278,#31,.T.);
#1046=EDGE_CURVE('',#1273,#1278,#1506,.T.);
#1047=EDGE_CURVE('',#1276,#1279,#1507,.T.);
#1048=EDGE_CURVE('',#1279,#1280,#1508,.T.);
#1049=EDGE_CURVE('',#1280,#1277,#1509,.F.);
#1050=EDGE_CURVE('',#1279,#1281,#32,.T.);
#1051=EDGE_CURVE('',#1281,#1282,#1510,.T.);
#1052=EDGE_CURVE('',#1282,#1283,#1511,.T.);
#1053=EDGE_CURVE('',#1284,#1283,#1512,.T.);
#1054=EDGE_CURVE('',#1284,#1280,#33,.T.);
#1055=EDGE_CURVE('',#1283,#1285,#97,.T.);
#1056=EDGE_CURVE('',#1282,#1286,#98,.T.);
#1057=EDGE_CURVE('',#1286,#1285,#1513,.T.);
#1058=EDGE_CURVE('',#1285,#1287,#1514,.T.);
#1059=EDGE_CURVE('',#1286,#1288,#1515,.T.);
#1060=EDGE_CURVE('',#1288,#1287,#1516,.T.);
#1061=EDGE_CURVE('',#1287,#1238,#99,.T.);
#1062=EDGE_CURVE('',#1288,#1239,#100,.T.);
#1063=EDGE_CURVE('',#1281,#1275,#1517,.F.);
#1064=EDGE_CURVE('',#1278,#1284,#1518,.T.);
#1065=EDGE_CURVE('',#1219,#1212,#1519,.F.);
#1066=EDGE_CURVE('',#1211,#1289,#101,.T.);
#1067=EDGE_CURVE('',#1289,#1290,#1520,.T.);
#1068=EDGE_CURVE('',#1290,#1220,#102,.T.);
#1069=EDGE_CURVE('',#1289,#1185,#1521,.T.);
#1070=EDGE_CURVE('',#1244,#1290,#1522,.F.);
#1071=EDGE_CURVE('',#1214,#1291,#103,.T.);
#1072=EDGE_CURVE('',#1291,#1227,#1523,.T.);
#1073=EDGE_CURVE('',#1291,#1292,#1524,.T.);
#1074=EDGE_CURVE('',#1292,#1180,#1525,.T.);
#1075=EDGE_CURVE('',#1292,#1217,#104,.T.);
#1076=EDGE_CURVE('',#1213,#1218,#1526,.T.);
#1077=EDGE_CURVE('',#1293,#1293,#105,.T.);
#1078=EDGE_CURVE('',#1294,#1294,#106,.F.);
#1079=EDGE_CURVE('',#1295,#1295,#107,.T.);
#1080=EDGE_CURVE('',#1296,#1296,#108,.F.);
#1081=EDGE_CURVE('',#1142,#1199,#43,.T.);
#1082=EDGE_CURVE('',#1297,#1140,#1527,.F.);
#1083=EDGE_CURVE('',#1197,#1297,#44,.T.);
#1084=EDGE_CURVE('',#1298,#1143,#36,.T.);
#1085=EDGE_CURVE('',#1299,#1298,#1528,.T.);
#1086=EDGE_CURVE('',#1299,#1300,#37,.T.);
#1087=EDGE_CURVE('',#1300,#1141,#1529,.T.);
#1088=EDGE_CURVE('',#1297,#1300,#1530,.T.);
#1089=EDGE_CURVE('',#1196,#1299,#1531,.T.);
#1090=EDGE_CURVE('',#1298,#1198,#1532,.T.);
#1091=VERTEX_POINT('',#3743);
#1092=VERTEX_POINT('',#3744);
#1093=VERTEX_POINT('',#3746);
#1094=VERTEX_POINT('',#3748);
#1095=VERTEX_POINT('',#3752);
#1096=VERTEX_POINT('',#3753);
#1097=VERTEX_POINT('',#3755);
#1098=VERTEX_POINT('',#3757);
#1099=VERTEX_POINT('',#3764);
#1100=VERTEX_POINT('',#3766);
#1101=VERTEX_POINT('',#3770);
#1102=VERTEX_POINT('',#3772);
#1103=VERTEX_POINT('',#3776);
#1104=VERTEX_POINT('',#3778);
#1105=VERTEX_POINT('',#3782);
#1106=VERTEX_POINT('',#3784);
#1107=VERTEX_POINT('',#3793);
#1108=VERTEX_POINT('',#3794);
#1109=VERTEX_POINT('',#3796);
#1110=VERTEX_POINT('',#3798);
#1111=VERTEX_POINT('',#3802);
#1112=VERTEX_POINT('',#3804);
#1113=VERTEX_POINT('',#3808);
#1114=VERTEX_POINT('',#3809);
#1115=VERTEX_POINT('',#3811);
#1116=VERTEX_POINT('',#3813);
#1117=VERTEX_POINT('',#3820);
#1118=VERTEX_POINT('',#3822);
#1119=VERTEX_POINT('',#3826);
#1120=VERTEX_POINT('',#3828);
#1121=VERTEX_POINT('',#3832);
#1122=VERTEX_POINT('',#3836);
#1123=VERTEX_POINT('',#3843);
#1124=VERTEX_POINT('',#3844);
#1125=VERTEX_POINT('',#3846);
#1126=VERTEX_POINT('',#3848);
#1127=VERTEX_POINT('',#3852);
#1128=VERTEX_POINT('',#3854);
#1129=VERTEX_POINT('',#3858);
#1130=VERTEX_POINT('',#3859);
#1131=VERTEX_POINT('',#3861);
#1132=VERTEX_POINT('',#3863);
#1133=VERTEX_POINT('',#3870);
#1134=VERTEX_POINT('',#3872);
#1135=VERTEX_POINT('',#3876);
#1136=VERTEX_POINT('',#3878);
#1137=VERTEX_POINT('',#3882);
#1138=VERTEX_POINT('',#3886);
#1139=VERTEX_POINT('',#3893);
#1140=VERTEX_POINT('',#3895);
#1141=VERTEX_POINT('',#3896);
#1142=VERTEX_POINT('',#3898);
#1143=VERTEX_POINT('',#3903);
#1144=VERTEX_POINT('',#3907);
#1145=VERTEX_POINT('',#3908);
#1146=VERTEX_POINT('',#3910);
#1147=VERTEX_POINT('',#3912);
#1148=VERTEX_POINT('',#3914);
#1149=VERTEX_POINT('',#3916);
#1150=VERTEX_POINT('',#3918);
#1151=VERTEX_POINT('',#3920);
#1152=VERTEX_POINT('',#3922);
#1153=VERTEX_POINT('',#3924);
#1154=VERTEX_POINT('',#3926);
#1155=VERTEX_POINT('',#3928);
#1156=VERTEX_POINT('',#3930);
#1157=VERTEX_POINT('',#3932);
#1158=VERTEX_POINT('',#3934);
#1159=VERTEX_POINT('',#3936);
#1160=VERTEX_POINT('',#3940);
#1161=VERTEX_POINT('',#3941);
#1162=VERTEX_POINT('',#3943);
#1163=VERTEX_POINT('',#3945);
#1164=VERTEX_POINT('',#3947);
#1165=VERTEX_POINT('',#3949);
#1166=VERTEX_POINT('',#3951);
#1167=VERTEX_POINT('',#3953);
#1168=VERTEX_POINT('',#3955);
#1169=VERTEX_POINT('',#3957);
#1170=VERTEX_POINT('',#3959);
#1171=VERTEX_POINT('',#3961);
#1172=VERTEX_POINT('',#3963);
#1173=VERTEX_POINT('',#3965);
#1174=VERTEX_POINT('',#3967);
#1175=VERTEX_POINT('',#3969);
#1176=VERTEX_POINT('',#3973);
#1177=VERTEX_POINT('',#3974);
#1178=VERTEX_POINT('',#3976);
#1179=VERTEX_POINT('',#3978);
#1180=VERTEX_POINT('',#3980);
#1181=VERTEX_POINT('',#3984);
#1182=VERTEX_POINT('',#3985);
#1183=VERTEX_POINT('',#3987);
#1184=VERTEX_POINT('',#3989);
#1185=VERTEX_POINT('',#3991);
#1186=VERTEX_POINT('',#3995);
#1187=VERTEX_POINT('',#3996);
#1188=VERTEX_POINT('',#4000);
#1189=VERTEX_POINT('',#4001);
#1190=VERTEX_POINT('',#4008);
#1191=VERTEX_POINT('',#4010);
#1192=VERTEX_POINT('',#4021);
#1193=VERTEX_POINT('',#4022);
#1194=VERTEX_POINT('',#4024);
#1195=VERTEX_POINT('',#4026);
#1196=VERTEX_POINT('',#4198);
#1197=VERTEX_POINT('',#4199);
#1198=VERTEX_POINT('',#4201);
#1199=VERTEX_POINT('',#4371);
#1200=VERTEX_POINT('',#4374);
#1201=VERTEX_POINT('',#4377);
#1202=VERTEX_POINT('',#4378);
#1203=VERTEX_POINT('',#4380);
#1204=VERTEX_POINT('',#4382);
#1205=VERTEX_POINT('',#4386);
#1206=VERTEX_POINT('',#4387);
#1207=VERTEX_POINT('',#4389);
#1208=VERTEX_POINT('',#4391);
#1209=VERTEX_POINT('',#4395);
#1210=VERTEX_POINT('',#4396);
#1211=VERTEX_POINT('',#4400);
#1212=VERTEX_POINT('',#4402);
#1213=VERTEX_POINT('',#4405);
#1214=VERTEX_POINT('',#4407);
#1215=VERTEX_POINT('',#4411);
#1216=VERTEX_POINT('',#4412);
#1217=VERTEX_POINT('',#4416);
#1218=VERTEX_POINT('',#4418);
#1219=VERTEX_POINT('',#4421);
#1220=VERTEX_POINT('',#4423);
#1221=VERTEX_POINT('',#4441);
#1222=VERTEX_POINT('',#4443);
#1223=VERTEX_POINT('',#4447);
#1224=VERTEX_POINT('',#4449);
#1225=VERTEX_POINT('',#4453);
#1226=VERTEX_POINT('',#4454);
#1227=VERTEX_POINT('',#4457);
#1228=VERTEX_POINT('',#4461);
#1229=VERTEX_POINT('',#4465);
#1230=VERTEX_POINT('',#4471);
#1231=VERTEX_POINT('',#4475);
#1232=VERTEX_POINT('',#4481);
#1233=VERTEX_POINT('',#4483);
#1234=VERTEX_POINT('',#4485);
#1235=VERTEX_POINT('',#4486);
#1236=VERTEX_POINT('',#4488);
#1237=VERTEX_POINT('',#4490);
#1238=VERTEX_POINT('',#4497);
#1239=VERTEX_POINT('',#4499);
#1240=VERTEX_POINT('',#4503);
#1241=VERTEX_POINT('',#4505);
#1242=VERTEX_POINT('',#4509);
#1243=VERTEX_POINT('',#4511);
#1244=VERTEX_POINT('',#4516);
#1245=VERTEX_POINT('',#4530);
#1246=VERTEX_POINT('',#4531);
#1247=VERTEX_POINT('',#4533);
#1248=VERTEX_POINT('',#4535);
#1249=VERTEX_POINT('',#4539);
#1250=VERTEX_POINT('',#4541);
#1251=VERTEX_POINT('',#4548);
#1252=VERTEX_POINT('',#4550);
#1253=VERTEX_POINT('',#4554);
#1254=VERTEX_POINT('',#4556);
#1255=VERTEX_POINT('',#4560);
#1256=VERTEX_POINT('',#4562);
#1257=VERTEX_POINT('',#4566);
#1258=VERTEX_POINT('',#4568);
#1259=VERTEX_POINT('',#4570);
#1260=VERTEX_POINT('',#4572);
#1261=VERTEX_POINT('',#4576);
#1262=VERTEX_POINT('',#4578);
#1263=VERTEX_POINT('',#4582);
#1264=VERTEX_POINT('',#4584);
#1265=VERTEX_POINT('',#4586);
#1266=VERTEX_POINT('',#4588);
#1267=VERTEX_POINT('',#4599);
#1268=VERTEX_POINT('',#4601);
#1269=VERTEX_POINT('',#4605);
#1270=VERTEX_POINT('',#4607);
#1271=VERTEX_POINT('',#4611);
#1272=VERTEX_POINT('',#4613);
#1273=VERTEX_POINT('',#4617);
#1274=VERTEX_POINT('',#4619);
#1275=VERTEX_POINT('',#4623);
#1276=VERTEX_POINT('',#4625);
#1277=VERTEX_POINT('',#4627);
#1278=VERTEX_POINT('',#4629);
#1279=VERTEX_POINT('',#4633);
#1280=VERTEX_POINT('',#4635);
#1281=VERTEX_POINT('',#4639);
#1282=VERTEX_POINT('',#4641);
#1283=VERTEX_POINT('',#4643);
#1284=VERTEX_POINT('',#4645);
#1285=VERTEX_POINT('',#4649);
#1286=VERTEX_POINT('',#4651);
#1287=VERTEX_POINT('',#4655);
#1288=VERTEX_POINT('',#4657);
#1289=VERTEX_POINT('',#4673);
#1290=VERTEX_POINT('',#4675);
#1291=VERTEX_POINT('',#4684);
#1292=VERTEX_POINT('',#4688);
#1293=VERTEX_POINT('',#4696);
#1294=VERTEX_POINT('',#4699);
#1295=VERTEX_POINT('',#4702);
#1296=VERTEX_POINT('',#4705);
#1297=VERTEX_POINT('',#4727);
#1298=VERTEX_POINT('',#4903);
#1299=VERTEX_POINT('',#4905);
#1300=VERTEX_POINT('',#5075);
#1301=LINE('',#3742,#1533);
#1302=LINE('',#3745,#1534);
#1303=LINE('',#3747,#1535);
#1304=LINE('',#3749,#1536);
#1305=LINE('',#3751,#1537);
#1306=LINE('',#3754,#1538);
#1307=LINE('',#3756,#1539);
#1308=LINE('',#3758,#1540);
#1309=LINE('',#3760,#1541);
#1310=LINE('',#3761,#1542);
#1311=LINE('',#3765,#1543);
#1312=LINE('',#3773,#1544);
#1313=LINE('',#3775,#1545);
#1314=LINE('',#3777,#1546);
#1315=LINE('',#3779,#1547);
#1316=LINE('',#3781,#1548);
#1317=LINE('',#3783,#1549);
#1318=LINE('',#3785,#1550);
#1319=LINE('',#3787,#1551);
#1320=LINE('',#3789,#1552);
#1321=LINE('',#3792,#1553);
#1322=LINE('',#3795,#1554);
#1323=LINE('',#3797,#1555);
#1324=LINE('',#3799,#1556);
#1325=LINE('',#3805,#1557);
#1326=LINE('',#3807,#1558);
#1327=LINE('',#3810,#1559);
#1328=LINE('',#3812,#1560);
#1329=LINE('',#3814,#1561);
#1330=LINE('',#3816,#1562);
#1331=LINE('',#3817,#1563);
#1332=LINE('',#3821,#1564);
#1333=LINE('',#3825,#1565);
#1334=LINE('',#3827,#1566);
#1335=LINE('',#3829,#1567);
#1336=LINE('',#3831,#1568);
#1337=LINE('',#3833,#1569);
#1338=LINE('',#3835,#1570);
#1339=LINE('',#3837,#1571);
#1340=LINE('',#3839,#1572);
#1341=LINE('',#3842,#1573);
#1342=LINE('',#3845,#1574);
#1343=LINE('',#3847,#1575);
#1344=LINE('',#3849,#1576);
#1345=LINE('',#3855,#1577);
#1346=LINE('',#3857,#1578);
#1347=LINE('',#3860,#1579);
#1348=LINE('',#3862,#1580);
#1349=LINE('',#3864,#1581);
#1350=LINE('',#3866,#1582);
#1351=LINE('',#3867,#1583);
#1352=LINE('',#3871,#1584);
#1353=LINE('',#3875,#1585);
#1354=LINE('',#3877,#1586);
#1355=LINE('',#3879,#1587);
#1356=LINE('',#3881,#1588);
#1357=LINE('',#3883,#1589);
#1358=LINE('',#3885,#1590);
#1359=LINE('',#3887,#1591);
#1360=LINE('',#3889,#1592);
#1361=LINE('',#3894,#1593);
#1362=LINE('',#3906,#1594);
#1363=LINE('',#3909,#1595);
#1364=LINE('',#3911,#1596);
#1365=LINE('',#3913,#1597);
#1366=LINE('',#3915,#1598);
#1367=LINE('',#3917,#1599);
#1368=LINE('',#3919,#1600);
#1369=LINE('',#3921,#1601);
#1370=LINE('',#3923,#1602);
#1371=LINE('',#3925,#1603);
#1372=LINE('',#3927,#1604);
#1373=LINE('',#3929,#1605);
#1374=LINE('',#3931,#1606);
#1375=LINE('',#3933,#1607);
#1376=LINE('',#3935,#1608);
#1377=LINE('',#3937,#1609);
#1378=LINE('',#3939,#1610);
#1379=LINE('',#3942,#1611);
#1380=LINE('',#3944,#1612);
#1381=LINE('',#3946,#1613);
#1382=LINE('',#3948,#1614);
#1383=LINE('',#3950,#1615);
#1384=LINE('',#3952,#1616);
#1385=LINE('',#3954,#1617);
#1386=LINE('',#3956,#1618);
#1387=LINE('',#3958,#1619);
#1388=LINE('',#3960,#1620);
#1389=LINE('',#3962,#1621);
#1390=LINE('',#3964,#1622);
#1391=LINE('',#3966,#1623);
#1392=LINE('',#3968,#1624);
#1393=LINE('',#3970,#1625);
#1394=LINE('',#3972,#1626);
#1395=LINE('',#3975,#1627);
#1396=LINE('',#3977,#1628);
#1397=LINE('',#3979,#1629);
#1398=LINE('',#3983,#1630);
#1399=LINE('',#3986,#1631);
#1400=LINE('',#3988,#1632);
#1401=LINE('',#3990,#1633);
#1402=LINE('',#3994,#1634);
#1403=LINE('',#3999,#1635);
#1404=LINE('',#4016,#1636);
#1405=LINE('',#4017,#1637);
#1406=LINE('',#4020,#1638);
#1407=LINE('',#4023,#1639);
#1408=LINE('',#4025,#1640);
#1409=LINE('',#4027,#1641);
#1410=LINE('',#4200,#1642);
#1411=LINE('',#4376,#1643);
#1412=LINE('',#4379,#1644);
#1413=LINE('',#4381,#1645);
#1414=LINE('',#4383,#1646);
#1415=LINE('',#4385,#1647);
#1416=LINE('',#4388,#1648);
#1417=LINE('',#4390,#1649);
#1418=LINE('',#4392,#1650);
#1419=LINE('',#4394,#1651);
#1420=LINE('',#4399,#1652);
#1421=LINE('',#4401,#1653);
#1422=LINE('',#4406,#1654);
#1423=LINE('',#4408,#1655);
#1424=LINE('',#4410,#1656);
#1425=LINE('',#4415,#1657);
#1426=LINE('',#4417,#1658);
#1427=LINE('',#4422,#1659);
#1428=LINE('',#4424,#1660);
#1429=LINE('',#4426,#1661);
#1430=LINE('',#4427,#1662);
#1431=LINE('',#4429,#1663);
#1432=LINE('',#4431,#1664);
#1433=LINE('',#4433,#1665);
#1434=LINE('',#4434,#1666);
#1435=LINE('',#4436,#1667);
#1436=LINE('',#4438,#1668);
#1437=LINE('',#4440,#1669);
#1438=LINE('',#4442,#1670);
#1439=LINE('',#4444,#1671);
#1440=LINE('',#4446,#1672);
#1441=LINE('',#4448,#1673);
#1442=LINE('',#4450,#1674);
#1443=LINE('',#4452,#1675);
#1444=LINE('',#4455,#1676);
#1445=LINE('',#4458,#1677);
#1446=LINE('',#4460,#1678);
#1447=LINE('',#4462,#1679);
#1448=LINE('',#4464,#1680);
#1449=LINE('',#4466,#1681);
#1450=LINE('',#4468,#1682);
#1451=LINE('',#4470,#1683);
#1452=LINE('',#4472,#1684);
#1453=LINE('',#4474,#1685);
#1454=LINE('',#4476,#1686);
#1455=LINE('',#4478,#1687);
#1456=LINE('',#4484,#1688);
#1457=LINE('',#4487,#1689);
#1458=LINE('',#4489,#1690);
#1459=LINE('',#4491,#1691);
#1460=LINE('',#4494,#1692);
#1461=LINE('',#4496,#1693);
#1462=LINE('',#4498,#1694);
#1463=LINE('',#4500,#1695);
#1464=LINE('',#4504,#1696);
#1465=LINE('',#4506,#1697);
#1466=LINE('',#4508,#1698);
#1467=LINE('',#4510,#1699);
#1468=LINE('',#4512,#1700);
#1469=LINE('',#4514,#1701);
#1470=LINE('',#4517,#1702);
#1471=LINE('',#4520,#1703);
#1472=LINE('',#4527,#1704);
#1473=LINE('',#4529,#1705);
#1474=LINE('',#4532,#1706);
#1475=LINE('',#4534,#1707);
#1476=LINE('',#4536,#1708);
#1477=LINE('',#4542,#1709);
#1478=LINE('',#4544,#1710);
#1479=LINE('',#4545,#1711);
#1480=LINE('',#4551,#1712);
#1481=LINE('',#4553,#1713);
#1482=LINE('',#4555,#1714);
#1483=LINE('',#4557,#1715);
#1484=LINE('',#4563,#1716);
#1485=LINE('',#4565,#1717);
#1486=LINE('',#4569,#1718);
#1487=LINE('',#4573,#1719);
#1488=LINE('',#4575,#1720);
#1489=LINE('',#4577,#1721);
#1490=LINE('',#4579,#1722);
#1491=LINE('',#4583,#1723);
#1492=LINE('',#4585,#1724);
#1493=LINE('',#4587,#1725);
#1494=LINE('',#4594,#1726);
#1495=LINE('',#4596,#1727);
#1496=LINE('',#4598,#1728);
#1497=LINE('',#4600,#1729);
#1498=LINE('',#4602,#1730);
#1499=LINE('',#4608,#1731);
#1500=LINE('',#4610,#1732);
#1501=LINE('',#4612,#1733);
#1502=LINE('',#4614,#1734);
#1503=LINE('',#4620,#1735);
#1504=LINE('',#4622,#1736);
#1505=LINE('',#4626,#1737);
#1506=LINE('',#4630,#1738);
#1507=LINE('',#4632,#1739);
#1508=LINE('',#4634,#1740);
#1509=LINE('',#4636,#1741);
#1510=LINE('',#4640,#1742);
#1511=LINE('',#4642,#1743);
#1512=LINE('',#4644,#1744);
#1513=LINE('',#4652,#1745);
#1514=LINE('',#4654,#1746);
#1515=LINE('',#4656,#1747);
#1516=LINE('',#4658,#1748);
#1517=LINE('',#4663,#1749);
#1518=LINE('',#4665,#1750);
#1519=LINE('',#4671,#1751);
#1520=LINE('',#4674,#1752);
#1521=LINE('',#4678,#1753);
#1522=LINE('',#4679,#1754);
#1523=LINE('',#4685,#1755);
#1524=LINE('',#4687,#1756);
#1525=LINE('',#4689,#1757);
#1526=LINE('',#4693,#1758);
#1527=LINE('',#4726,#1759);
#1528=LINE('',#4904,#1760);
#1529=LINE('',#5076,#1761);
#1530=LINE('',#5415,#1762);
#1531=LINE('',#5416,#1763);
#1532=LINE('',#5751,#1764);
#1533=VECTOR('',#3120,1000.);
#1534=VECTOR('',#3121,1000.);
#1535=VECTOR('',#3122,1000.);
#1536=VECTOR('',#3123,1000.);
#1537=VECTOR('',#3126,1000.);
#1538=VECTOR('',#3127,1000.);
#1539=VECTOR('',#3128,1000.);
#1540=VECTOR('',#3129,1000.);
#1541=VECTOR('',#3132,1000.);
#1542=VECTOR('',#3133,1000.);
#1543=VECTOR('',#3138,1000.);
#1544=VECTOR('',#3147,1000.);
#1545=VECTOR('',#3150,1000.);
#1546=VECTOR('',#3151,1000.);
#1547=VECTOR('',#3152,1000.);
#1548=VECTOR('',#3155,1000.);
#1549=VECTOR('',#3156,1000.);
#1550=VECTOR('',#3157,1000.);
#1551=VECTOR('',#3160,1000.);
#1552=VECTOR('',#3163,1000.);
#1553=VECTOR('',#3168,1000.);
#1554=VECTOR('',#3169,1000.);
#1555=VECTOR('',#3170,1000.);
#1556=VECTOR('',#3171,1000.);
#1557=VECTOR('',#3178,1000.);
#1558=VECTOR('',#3181,1000.);
#1559=VECTOR('',#3182,1000.);
#1560=VECTOR('',#3183,1000.);
#1561=VECTOR('',#3184,1000.);
#1562=VECTOR('',#3187,1000.);
#1563=VECTOR('',#3188,1000.);
#1564=VECTOR('',#3193,1000.);
#1565=VECTOR('',#3198,1000.);
#1566=VECTOR('',#3199,1000.);
#1567=VECTOR('',#3200,1000.);
#1568=VECTOR('',#3203,1000.);
#1569=VECTOR('',#3204,1000.);
#1570=VECTOR('',#3207,1000.);
#1571=VECTOR('',#3208,1000.);
#1572=VECTOR('',#3211,1000.);
#1573=VECTOR('',#3216,1000.);
#1574=VECTOR('',#3217,1000.);
#1575=VECTOR('',#3218,1000.);
#1576=VECTOR('',#3219,1000.);
#1577=VECTOR('',#3226,1000.);
#1578=VECTOR('',#3229,1000.);
#1579=VECTOR('',#3230,1000.);
#1580=VECTOR('',#3231,1000.);
#1581=VECTOR('',#3232,1000.);
#1582=VECTOR('',#3235,1000.);
#1583=VECTOR('',#3236,1000.);
#1584=VECTOR('',#3241,1000.);
#1585=VECTOR('',#3246,1000.);
#1586=VECTOR('',#3247,1000.);
#1587=VECTOR('',#3248,1000.);
#1588=VECTOR('',#3251,1000.);
#1589=VECTOR('',#3252,1000.);
#1590=VECTOR('',#3255,1000.);
#1591=VECTOR('',#3256,1000.);
#1592=VECTOR('',#3259,1000.);
#1593=VECTOR('',#3266,1000.);
#1594=VECTOR('',#3273,1000.);
#1595=VECTOR('',#3274,1000.);
#1596=VECTOR('',#3275,1000.);
#1597=VECTOR('',#3276,1000.);
#1598=VECTOR('',#3277,1000.);
#1599=VECTOR('',#3278,1000.);
#1600=VECTOR('',#3279,1000.);
#1601=VECTOR('',#3280,1000.);
#1602=VECTOR('',#3281,1000.);
#1603=VECTOR('',#3282,1000.);
#1604=VECTOR('',#3283,1000.);
#1605=VECTOR('',#3284,1000.);
#1606=VECTOR('',#3285,1000.);
#1607=VECTOR('',#3286,1000.);
#1608=VECTOR('',#3287,1000.);
#1609=VECTOR('',#3288,1000.);
#1610=VECTOR('',#3291,1000.);
#1611=VECTOR('',#3292,1000.);
#1612=VECTOR('',#3293,1000.);
#1613=VECTOR('',#3294,1000.);
#1614=VECTOR('',#3295,1000.);
#1615=VECTOR('',#3296,1000.);
#1616=VECTOR('',#3297,1000.);
#1617=VECTOR('',#3298,1000.);
#1618=VECTOR('',#3299,1000.);
#1619=VECTOR('',#3300,1000.);
#1620=VECTOR('',#3301,1000.);
#1621=VECTOR('',#3302,1000.);
#1622=VECTOR('',#3303,1000.);
#1623=VECTOR('',#3304,1000.);
#1624=VECTOR('',#3305,1000.);
#1625=VECTOR('',#3306,1000.);
#1626=VECTOR('',#3309,1000.);
#1627=VECTOR('',#3310,1000.);
#1628=VECTOR('',#3311,1000.);
#1629=VECTOR('',#3312,1000.);
#1630=VECTOR('',#3317,1000.);
#1631=VECTOR('',#3318,1000.);
#1632=VECTOR('',#3319,1000.);
#1633=VECTOR('',#3320,1000.);
#1634=VECTOR('',#3325,1000.);
#1635=VECTOR('',#3330,1000.);
#1636=VECTOR('',#3339,1000.);
#1637=VECTOR('',#3340,1000.);
#1638=VECTOR('',#3345,1000.);
#1639=VECTOR('',#3346,1000.);
#1640=VECTOR('',#3347,1000.);
#1641=VECTOR('',#3348,1000.);
#1642=VECTOR('',#3351,1000.);
#1643=VECTOR('',#3358,1000.);
#1644=VECTOR('',#3359,1000.);
#1645=VECTOR('',#3360,1000.);
#1646=VECTOR('',#3361,1000.);
#1647=VECTOR('',#3364,1000.);
#1648=VECTOR('',#3365,1000.);
#1649=VECTOR('',#3366,1000.);
#1650=VECTOR('',#3367,1000.);
#1651=VECTOR('',#3370,1000.);
#1652=VECTOR('',#3375,1000.);
#1653=VECTOR('',#3376,1000.);
#1654=VECTOR('',#3381,1000.);
#1655=VECTOR('',#3382,1000.);
#1656=VECTOR('',#3385,1000.);
#1657=VECTOR('',#3390,1000.);
#1658=VECTOR('',#3391,1000.);
#1659=VECTOR('',#3396,1000.);
#1660=VECTOR('',#3397,1000.);
#1661=VECTOR('',#3400,1000.);
#1662=VECTOR('',#3401,1000.);
#1663=VECTOR('',#3404,1000.);
#1664=VECTOR('',#3407,1000.);
#1665=VECTOR('',#3410,1000.);
#1666=VECTOR('',#3411,1000.);
#1667=VECTOR('',#3414,1000.);
#1668=VECTOR('',#3417,1000.);
#1669=VECTOR('',#3420,1000.);
#1670=VECTOR('',#3421,1000.);
#1671=VECTOR('',#3422,1000.);
#1672=VECTOR('',#3425,1000.);
#1673=VECTOR('',#3426,1000.);
#1674=VECTOR('',#3427,1000.);
#1675=VECTOR('',#3430,1000.);
#1676=VECTOR('',#3431,1000.);
#1677=VECTOR('',#3434,1000.);
#1678=VECTOR('',#3437,1000.);
#1679=VECTOR('',#3438,1000.);
#1680=VECTOR('',#3441,1000.);
#1681=VECTOR('',#3442,1000.);
#1682=VECTOR('',#3445,1000.);
#1683=VECTOR('',#3448,1000.);
#1684=VECTOR('',#3449,1000.);
#1685=VECTOR('',#3452,1000.);
#1686=VECTOR('',#3453,1000.);
#1687=VECTOR('',#3456,1000.);
#1688=VECTOR('',#3463,1000.);
#1689=VECTOR('',#3464,1000.);
#1690=VECTOR('',#3465,1000.);
#1691=VECTOR('',#3466,1000.);
#1692=VECTOR('',#3471,1000.);
#1693=VECTOR('',#3474,1000.);
#1694=VECTOR('',#3475,1000.);
#1695=VECTOR('',#3476,1000.);
#1696=VECTOR('',#3481,1000.);
#1697=VECTOR('',#3482,1000.);
#1698=VECTOR('',#3485,1000.);
#1699=VECTOR('',#3486,1000.);
#1700=VECTOR('',#3487,1000.);
#1701=VECTOR('',#3490,1000.);
#1702=VECTOR('',#3493,1000.);
#1703=VECTOR('',#3498,1000.);
#1704=VECTOR('',#3511,1000.);
#1705=VECTOR('',#3514,1000.);
#1706=VECTOR('',#3515,1000.);
#1707=VECTOR('',#3516,1000.);
#1708=VECTOR('',#3517,1000.);
#1709=VECTOR('',#3524,1000.);
#1710=VECTOR('',#3527,1000.);
#1711=VECTOR('',#3528,1000.);
#1712=VECTOR('',#3535,1000.);
#1713=VECTOR('',#3538,1000.);
#1714=VECTOR('',#3539,1000.);
#1715=VECTOR('',#3540,1000.);
#1716=VECTOR('',#3547,1000.);
#1717=VECTOR('',#3550,1000.);
#1718=VECTOR('',#3553,1000.);
#1719=VECTOR('',#3556,1000.);
#1720=VECTOR('',#3559,1000.);
#1721=VECTOR('',#3560,1000.);
#1722=VECTOR('',#3561,1000.);
#1723=VECTOR('',#3566,1000.);
#1724=VECTOR('',#3567,1000.);
#1725=VECTOR('',#3568,1000.);
#1726=VECTOR('',#3579,1000.);
#1727=VECTOR('',#3582,1000.);
#1728=VECTOR('',#3585,1000.);
#1729=VECTOR('',#3586,1000.);
#1730=VECTOR('',#3587,1000.);
#1731=VECTOR('',#3594,1000.);
#1732=VECTOR('',#3597,1000.);
#1733=VECTOR('',#3598,1000.);
#1734=VECTOR('',#3599,1000.);
#1735=VECTOR('',#3606,1000.);
#1736=VECTOR('',#3609,1000.);
#1737=VECTOR('',#3612,1000.);
#1738=VECTOR('',#3615,1000.);
#1739=VECTOR('',#3618,1000.);
#1740=VECTOR('',#3619,1000.);
#1741=VECTOR('',#3620,1000.);
#1742=VECTOR('',#3625,1000.);
#1743=VECTOR('',#3626,1000.);
#1744=VECTOR('',#3627,1000.);
#1745=VECTOR('',#3636,1000.);
#1746=VECTOR('',#3639,1000.);
#1747=VECTOR('',#3640,1000.);
#1748=VECTOR('',#3641,1000.);
#1749=VECTOR('',#3650,1000.);
#1750=VECTOR('',#3653,1000.);
#1751=VECTOR('',#3664,1000.);
#1752=VECTOR('',#3667,1000.);
#1753=VECTOR('',#3672,1000.);
#1754=VECTOR('',#3673,1000.);
#1755=VECTOR('',#3682,1000.);
#1756=VECTOR('',#3685,1000.);
#1757=VECTOR('',#3686,1000.);
#1758=VECTOR('',#3693,1000.);
#1759=VECTOR('',#3728,1000.);
#1760=VECTOR('',#3731,1000.);
#1761=VECTOR('',#3732,1000.);
#1762=VECTOR('',#3733,1000.);
#1763=VECTOR('',#3734,1000.);
#1764=VECTOR('',#3735,1000.);
#1765=EDGE_LOOP('',(#146,#147,#148,#149));
#1766=EDGE_LOOP('',(#150,#151,#152,#153));
#1767=EDGE_LOOP('',(#154,#155,#156,#157));
#1768=EDGE_LOOP('',(#158,#159,#160,#161));
#1769=EDGE_LOOP('',(#162,#163,#164,#165));
#1770=EDGE_LOOP('',(#166,#167,#168,#169));
#1771=EDGE_LOOP('',(#170,#171,#172,#173));
#1772=EDGE_LOOP('',(#174,#175,#176,#177,#178,#179,#180,#181));
#1773=EDGE_LOOP('',(#182,#183,#184,#185,#186,#187,#188,#189));
#1774=EDGE_LOOP('',(#190,#191,#192,#193));
#1775=EDGE_LOOP('',(#194,#195,#196,#197));
#1776=EDGE_LOOP('',(#198,#199,#200,#201));
#1777=EDGE_LOOP('',(#202,#203,#204,#205));
#1778=EDGE_LOOP('',(#206,#207,#208,#209));
#1779=EDGE_LOOP('',(#210,#211,#212,#213));
#1780=EDGE_LOOP('',(#214,#215,#216,#217));
#1781=EDGE_LOOP('',(#218,#219,#220,#221,#222,#223,#224,#225));
#1782=EDGE_LOOP('',(#226,#227,#228,#229));
#1783=EDGE_LOOP('',(#230,#231,#232,#233,#234,#235,#236,#237));
#1784=EDGE_LOOP('',(#238,#239,#240,#241));
#1785=EDGE_LOOP('',(#242,#243,#244,#245));
#1786=EDGE_LOOP('',(#246,#247,#248,#249));
#1787=EDGE_LOOP('',(#250,#251,#252,#253));
#1788=EDGE_LOOP('',(#254,#255,#256,#257));
#1789=EDGE_LOOP('',(#258,#259,#260,#261));
#1790=EDGE_LOOP('',(#262,#263,#264,#265));
#1791=EDGE_LOOP('',(#266,#267,#268,#269,#270,#271,#272,#273));
#1792=EDGE_LOOP('',(#274,#275,#276,#277));
#1793=EDGE_LOOP('',(#278,#279,#280,#281,#282,#283,#284,#285));
#1794=EDGE_LOOP('',(#286,#287,#288,#289));
#1795=EDGE_LOOP('',(#290));
#1796=EDGE_LOOP('',(#291,#292,#293,#294));
#1797=EDGE_LOOP('',(#295,#296,#297,#298,#299,#300,#301,#302,#303,#304,#305,
#306,#307,#308,#309,#310));
#1798=EDGE_LOOP('',(#311,#312,#313,#314,#315,#316,#317,#318,#319,#320,#321,
#322,#323,#324,#325,#326));
#1799=EDGE_LOOP('',(#327,#328,#329,#330,#331));
#1800=EDGE_LOOP('',(#332,#333,#334,#335,#336));
#1801=EDGE_LOOP('',(#337,#338));
#1802=EDGE_LOOP('',(#339,#340));
#1803=EDGE_LOOP('',(#341,#342,#343,#344));
#1804=EDGE_LOOP('',(#345,#346,#347,#348,#349,#350));
#1805=EDGE_LOOP('',(#351,#352,#353,#354));
#1806=EDGE_LOOP('',(#355));
#1807=EDGE_LOOP('',(#356,#357,#358,#359));
#1808=EDGE_LOOP('',(#360,#361,#362,#363));
#1809=EDGE_LOOP('',(#364));
#1810=EDGE_LOOP('',(#365,#366,#367,#368));
#1811=EDGE_LOOP('',(#369,#370,#371,#372));
#1812=EDGE_LOOP('',(#373,#374,#375,#376,#377,#378,#379,#380,#381,#382,#383,
#384));
#1813=EDGE_LOOP('',(#385,#386,#387,#388,#389,#390,#391,#392,#393,#394,#395,
#396));
#1814=EDGE_LOOP('',(#397,#398,#399,#400));
#1815=EDGE_LOOP('',(#401,#402,#403,#404));
#1816=EDGE_LOOP('',(#405,#406,#407,#408));
#1817=EDGE_LOOP('',(#409,#410,#411,#412));
#1818=EDGE_LOOP('',(#413,#414,#415,#416));
#1819=EDGE_LOOP('',(#417,#418,#419,#420));
#1820=EDGE_LOOP('',(#421,#422,#423,#424));
#1821=EDGE_LOOP('',(#425,#426,#427,#428));
#1822=EDGE_LOOP('',(#429,#430,#431,#432,#433));
#1823=EDGE_LOOP('',(#434,#435,#436,#437));
#1824=EDGE_LOOP('',(#438,#439,#440,#441));
#1825=EDGE_LOOP('',(#442,#443,#444,#445));
#1826=EDGE_LOOP('',(#446,#447,#448,#449));
#1827=EDGE_LOOP('',(#450,#451,#452,#453));
#1828=EDGE_LOOP('',(#454,#455,#456,#457));
#1829=EDGE_LOOP('',(#458));
#1830=EDGE_LOOP('',(#459));
#1831=EDGE_LOOP('',(#460,#461,#462,#463));
#1832=EDGE_LOOP('',(#464));
#1833=EDGE_LOOP('',(#465,#466,#467,#468,#469,#470,#471,#472,#473,#474,#475,
#476,#477,#478,#479,#480,#481,#482));
#1834=EDGE_LOOP('',(#483,#484,#485,#486,#487,#488,#489,#490,#491,#492,#493,
#494,#495,#496,#497,#498,#499,#500));
#1835=EDGE_LOOP('',(#501,#502,#503,#504,#505));
#1836=EDGE_LOOP('',(#506,#507,#508,#509,#510,#511));
#1837=EDGE_LOOP('',(#512,#513,#514,#515));
#1838=EDGE_LOOP('',(#516,#517,#518,#519));
#1839=EDGE_LOOP('',(#520,#521,#522,#523,#524,#525));
#1840=EDGE_LOOP('',(#526,#527,#528,#529));
#1841=EDGE_LOOP('',(#530,#531,#532,#533));
#1842=EDGE_LOOP('',(#534,#535,#536,#537));
#1843=EDGE_LOOP('',(#538,#539,#540,#541));
#1844=EDGE_LOOP('',(#542,#543,#544,#545));
#1845=EDGE_LOOP('',(#546,#547,#548,#549));
#1846=EDGE_LOOP('',(#550,#551,#552,#553,#554,#555));
#1847=EDGE_LOOP('',(#556,#557,#558,#559));
#1848=EDGE_LOOP('',(#560,#561,#562,#563,#564,#565));
#1849=EDGE_LOOP('',(#566,#567,#568,#569));
#1850=EDGE_LOOP('',(#570,#571,#572,#573,#574,#575,#576,#577,#578,#579,#580,
#581));
#1851=EDGE_LOOP('',(#582,#583,#584,#585,#586,#587,#588,#589,#590,#591,#592,
#593));
#1852=EDGE_LOOP('',(#594,#595,#596,#597));
#1853=EDGE_LOOP('',(#598,#599,#600,#601));
#1854=EDGE_LOOP('',(#602,#603,#604,#605));
#1855=EDGE_LOOP('',(#606,#607,#608,#609));
#1856=EDGE_LOOP('',(#610,#611,#612,#613,#614,#615));
#1857=EDGE_LOOP('',(#616,#617,#618,#619));
#1858=EDGE_LOOP('',(#620,#621,#622,#623,#624,#625));
#1859=EDGE_LOOP('',(#626,#627,#628,#629));
#1860=EDGE_LOOP('',(#630,#631,#632,#633));
#1861=EDGE_LOOP('',(#634,#635,#636,#637));
#1862=EDGE_LOOP('',(#638,#639,#640,#641,#642,#643,#644,#645,#646,#647,#648,
#649));
#1863=EDGE_LOOP('',(#650,#651,#652,#653,#654,#655,#656,#657,#658,#659,#660,
#661));
#1864=EDGE_LOOP('',(#662,#663,#664,#665));
#1865=EDGE_LOOP('',(#666,#667,#668,#669));
#1866=EDGE_LOOP('',(#670,#671,#672,#673));
#1867=EDGE_LOOP('',(#674,#675,#676,#677));
#1868=EDGE_LOOP('',(#678,#679,#680,#681,#682,#683));
#1869=EDGE_LOOP('',(#684,#685,#686,#687));
#1870=EDGE_LOOP('',(#688,#689,#690,#691));
#1871=EDGE_LOOP('',(#692,#693,#694,#695));
#1872=EDGE_LOOP('',(#696,#697,#698,#699));
#1873=EDGE_LOOP('',(#700,#701,#702,#703));
#1874=EDGE_LOOP('',(#704,#705,#706,#707));
#1875=EDGE_LOOP('',(#708,#709,#710,#711,#712,#713));
#1876=EDGE_LOOP('',(#714));
#1877=EDGE_LOOP('',(#715));
#1878=EDGE_LOOP('',(#716));
#1879=EDGE_LOOP('',(#717));
#1880=EDGE_LOOP('',(#718));
#1881=EDGE_LOOP('',(#719));
#1882=EDGE_LOOP('',(#720));
#1883=EDGE_LOOP('',(#721));
#1884=EDGE_LOOP('',(#722));
#1885=EDGE_LOOP('',(#723));
#1886=EDGE_LOOP('',(#724,#725,#726,#727));
#1887=EDGE_LOOP('',(#728,#729,#730,#731));
#1888=EDGE_LOOP('',(#732,#733,#734,#735));
#1889=EDGE_LOOP('',(#736,#737,#738,#739));
#1890=EDGE_LOOP('',(#740,#741,#742,#743));
#1891=EDGE_LOOP('',(#744,#745,#746,#747));
#1892=EDGE_LOOP('',(#748,#749,#750,#751,#752));
#1893=EDGE_LOOP('',(#753,#754,#755,#756,#757));
#1894=EDGE_LOOP('',(#758,#759,#760,#761,#762));
#1895=EDGE_LOOP('',(#763,#764,#765,#766,#767));
#1896=EDGE_LOOP('',(#768,#769,#770,#771));
#1897=EDGE_LOOP('',(#772,#773,#774,#775));
#1898=FACE_BOUND('',#1765,.T.);
#1899=FACE_BOUND('',#1766,.T.);
#1900=FACE_BOUND('',#1767,.T.);
#1901=FACE_BOUND('',#1768,.T.);
#1902=FACE_BOUND('',#1769,.T.);
#1903=FACE_BOUND('',#1770,.T.);
#1904=FACE_BOUND('',#1771,.T.);
#1905=FACE_BOUND('',#1772,.T.);
#1906=FACE_BOUND('',#1773,.T.);
#1907=FACE_BOUND('',#1774,.T.);
#1908=FACE_BOUND('',#1775,.T.);
#1909=FACE_BOUND('',#1776,.T.);
#1910=FACE_BOUND('',#1777,.T.);
#1911=FACE_BOUND('',#1778,.T.);
#1912=FACE_BOUND('',#1779,.T.);
#1913=FACE_BOUND('',#1780,.T.);
#1914=FACE_BOUND('',#1781,.T.);
#1915=FACE_BOUND('',#1782,.T.);
#1916=FACE_BOUND('',#1783,.T.);
#1917=FACE_BOUND('',#1784,.T.);
#1918=FACE_BOUND('',#1785,.T.);
#1919=FACE_BOUND('',#1786,.T.);
#1920=FACE_BOUND('',#1787,.T.);
#1921=FACE_BOUND('',#1788,.T.);
#1922=FACE_BOUND('',#1789,.T.);
#1923=FACE_BOUND('',#1790,.T.);
#1924=FACE_BOUND('',#1791,.T.);
#1925=FACE_BOUND('',#1792,.T.);
#1926=FACE_BOUND('',#1793,.T.);
#1927=FACE_BOUND('',#1794,.T.);
#1928=FACE_BOUND('',#1795,.T.);
#1929=FACE_BOUND('',#1796,.T.);
#1930=FACE_BOUND('',#1797,.T.);
#1931=FACE_BOUND('',#1798,.T.);
#1932=FACE_BOUND('',#1799,.T.);
#1933=FACE_BOUND('',#1800,.T.);
#1934=FACE_BOUND('',#1801,.T.);
#1935=FACE_BOUND('',#1802,.T.);
#1936=FACE_BOUND('',#1803,.T.);
#1937=FACE_BOUND('',#1804,.T.);
#1938=FACE_BOUND('',#1805,.T.);
#1939=FACE_BOUND('',#1806,.T.);
#1940=FACE_BOUND('',#1807,.T.);
#1941=FACE_BOUND('',#1808,.T.);
#1942=FACE_BOUND('',#1809,.T.);
#1943=FACE_BOUND('',#1810,.T.);
#1944=FACE_BOUND('',#1811,.T.);
#1945=FACE_BOUND('',#1812,.T.);
#1946=FACE_BOUND('',#1813,.T.);
#1947=FACE_BOUND('',#1814,.T.);
#1948=FACE_BOUND('',#1815,.T.);
#1949=FACE_BOUND('',#1816,.T.);
#1950=FACE_BOUND('',#1817,.T.);
#1951=FACE_BOUND('',#1818,.T.);
#1952=FACE_BOUND('',#1819,.T.);
#1953=FACE_BOUND('',#1820,.T.);
#1954=FACE_BOUND('',#1821,.T.);
#1955=FACE_BOUND('',#1822,.T.);
#1956=FACE_BOUND('',#1823,.T.);
#1957=FACE_BOUND('',#1824,.T.);
#1958=FACE_BOUND('',#1825,.T.);
#1959=FACE_BOUND('',#1826,.T.);
#1960=FACE_BOUND('',#1827,.T.);
#1961=FACE_BOUND('',#1828,.T.);
#1962=FACE_BOUND('',#1829,.T.);
#1963=FACE_BOUND('',#1830,.T.);
#1964=FACE_BOUND('',#1831,.T.);
#1965=FACE_BOUND('',#1832,.T.);
#1966=FACE_BOUND('',#1833,.T.);
#1967=FACE_BOUND('',#1834,.T.);
#1968=FACE_BOUND('',#1835,.T.);
#1969=FACE_BOUND('',#1836,.T.);
#1970=FACE_BOUND('',#1837,.T.);
#1971=FACE_BOUND('',#1838,.T.);
#1972=FACE_BOUND('',#1839,.T.);
#1973=FACE_BOUND('',#1840,.T.);
#1974=FACE_BOUND('',#1841,.T.);
#1975=FACE_BOUND('',#1842,.T.);
#1976=FACE_BOUND('',#1843,.T.);
#1977=FACE_BOUND('',#1844,.T.);
#1978=FACE_BOUND('',#1845,.T.);
#1979=FACE_BOUND('',#1846,.T.);
#1980=FACE_BOUND('',#1847,.T.);
#1981=FACE_BOUND('',#1848,.T.);
#1982=FACE_BOUND('',#1849,.T.);
#1983=FACE_BOUND('',#1850,.T.);
#1984=FACE_BOUND('',#1851,.T.);
#1985=FACE_BOUND('',#1852,.T.);
#1986=FACE_BOUND('',#1853,.T.);
#1987=FACE_BOUND('',#1854,.T.);
#1988=FACE_BOUND('',#1855,.T.);
#1989=FACE_BOUND('',#1856,.T.);
#1990=FACE_BOUND('',#1857,.T.);
#1991=FACE_BOUND('',#1858,.T.);
#1992=FACE_BOUND('',#1859,.T.);
#1993=FACE_BOUND('',#1860,.T.);
#1994=FACE_BOUND('',#1861,.T.);
#1995=FACE_BOUND('',#1862,.T.);
#1996=FACE_BOUND('',#1863,.T.);
#1997=FACE_BOUND('',#1864,.T.);
#1998=FACE_BOUND('',#1865,.T.);
#1999=FACE_BOUND('',#1866,.T.);
#2000=FACE_BOUND('',#1867,.T.);
#2001=FACE_BOUND('',#1868,.T.);
#2002=FACE_BOUND('',#1869,.T.);
#2003=FACE_BOUND('',#1870,.T.);
#2004=FACE_BOUND('',#1871,.T.);
#2005=FACE_BOUND('',#1872,.T.);
#2006=FACE_BOUND('',#1873,.T.);
#2007=FACE_BOUND('',#1874,.T.);
#2008=FACE_BOUND('',#1875,.T.);
#2009=FACE_BOUND('',#1876,.T.);
#2010=FACE_BOUND('',#1877,.T.);
#2011=FACE_BOUND('',#1878,.T.);
#2012=FACE_BOUND('',#1879,.T.);
#2013=FACE_BOUND('',#1880,.T.);
#2014=FACE_BOUND('',#1881,.T.);
#2015=FACE_BOUND('',#1882,.T.);
#2016=FACE_BOUND('',#1883,.T.);
#2017=FACE_BOUND('',#1884,.T.);
#2018=FACE_BOUND('',#1885,.T.);
#2019=FACE_BOUND('',#1886,.T.);
#2020=FACE_BOUND('',#1887,.T.);
#2021=FACE_BOUND('',#1888,.T.);
#2022=FACE_BOUND('',#1889,.T.);
#2023=FACE_BOUND('',#1890,.T.);
#2024=FACE_BOUND('',#1891,.T.);
#2025=FACE_BOUND('',#1892,.T.);
#2026=FACE_BOUND('',#1893,.T.);
#2027=FACE_BOUND('',#1894,.T.);
#2028=FACE_BOUND('',#1895,.T.);
#2029=FACE_BOUND('',#1896,.T.);
#2030=FACE_BOUND('',#1897,.T.);
#2031=PLANE('',#2921);
#2032=PLANE('',#2922);
#2033=PLANE('',#2923);
#2034=PLANE('',#2930);
#2035=PLANE('',#2931);
#2036=PLANE('',#2932);
#2037=PLANE('',#2933);
#2038=PLANE('',#2934);
#2039=PLANE('',#2935);
#2040=PLANE('',#2939);
#2041=PLANE('',#2940);
#2042=PLANE('',#2944);
#2043=PLANE('',#2945);
#2044=PLANE('',#2946);
#2045=PLANE('',#2947);
#2046=PLANE('',#2948);
#2047=PLANE('',#2949);
#2048=PLANE('',#2953);
#2049=PLANE('',#2954);
#2050=PLANE('',#2958);
#2051=PLANE('',#2959);
#2052=PLANE('',#2960);
#2053=PLANE('',#2961);
#2054=PLANE('',#2962);
#2055=PLANE('',#2963);
#2056=PLANE('',#2967);
#2057=PLANE('',#2968);
#2058=PLANE('',#2969);
#2059=PLANE('',#2971);
#2060=PLANE('',#2973);
#2061=PLANE('',#2975);
#2062=PLANE('',#2979);
#2063=PLANE('',#2981);
#2064=PLANE('',#2985);
#2065=PLANE('',#2986);
#2066=PLANE('',#2987);
#2067=PLANE('',#2992);
#2068=PLANE('',#2997);
#2069=PLANE('',#2998);
#2070=PLANE('',#2999);
#2071=PLANE('',#3000);
#2072=PLANE('',#3001);
#2073=PLANE('',#3002);
#2074=PLANE('',#3003);
#2075=PLANE('',#3004);
#2076=PLANE('',#3005);
#2077=PLANE('',#3007);
#2078=PLANE('',#3008);
#2079=PLANE('',#3009);
#2080=PLANE('',#3010);
#2081=PLANE('',#3011);
#2082=PLANE('',#3012);
#2083=PLANE('',#3013);
#2084=PLANE('',#3016);
#2085=PLANE('',#3019);
#2086=PLANE('',#3022);
#2087=PLANE('',#3032);
#2088=PLANE('',#3036);
#2089=PLANE('',#3040);
#2090=PLANE('',#3044);
#2091=PLANE('',#3047);
#2092=PLANE('',#3048);
#2093=PLANE('',#3054);
#2094=PLANE('',#3055);
#2095=PLANE('',#3056);
#2096=PLANE('',#3060);
#2097=PLANE('',#3064);
#2098=PLANE('',#3067);
#2099=PLANE('',#3068);
#2100=PLANE('',#3074);
#2101=PLANE('',#3078);
#2102=PLANE('',#3079);
#2103=PLANE('',#3084);
#2104=PLANE('',#3087);
#2105=PLANE('',#3092);
#2106=PLANE('',#3095);
#2107=PLANE('',#3098);
#2108=PLANE('',#3102);
#2109=PLANE('',#3114);
#2110=PLANE('',#3115);
#2111=ADVANCED_FACE('',(#1898),#2031,.T.);
#2112=ADVANCED_FACE('',(#1899),#2032,.T.);
#2113=ADVANCED_FACE('',(#1900),#2033,.T.);
#2114=ADVANCED_FACE('',(#1901),#109,.F.);
#2115=ADVANCED_FACE('',(#1902),#110,.T.);
#2116=ADVANCED_FACE('',(#1903),#2034,.T.);
#2117=ADVANCED_FACE('',(#1904),#2035,.T.);
#2118=ADVANCED_FACE('',(#1905),#2036,.F.);
#2119=ADVANCED_FACE('',(#1906),#2037,.T.);
#2120=ADVANCED_FACE('',(#1907),#2038,.F.);
#2121=ADVANCED_FACE('',(#1908),#2039,.T.);
#2122=ADVANCED_FACE('',(#1909),#111,.T.);
#2123=ADVANCED_FACE('',(#1910),#2040,.T.);
#2124=ADVANCED_FACE('',(#1911),#2041,.T.);
#2125=ADVANCED_FACE('',(#1912),#112,.F.);
#2126=ADVANCED_FACE('',(#1913),#2042,.T.);
#2127=ADVANCED_FACE('',(#1914),#2043,.F.);
#2128=ADVANCED_FACE('',(#1915),#2044,.T.);
#2129=ADVANCED_FACE('',(#1916),#2045,.T.);
#2130=ADVANCED_FACE('',(#1917),#2046,.F.);
#2131=ADVANCED_FACE('',(#1918),#2047,.T.);
#2132=ADVANCED_FACE('',(#1919),#113,.T.);
#2133=ADVANCED_FACE('',(#1920),#2048,.T.);
#2134=ADVANCED_FACE('',(#1921),#2049,.T.);
#2135=ADVANCED_FACE('',(#1922),#114,.F.);
#2136=ADVANCED_FACE('',(#1923),#2050,.T.);
#2137=ADVANCED_FACE('',(#1924),#2051,.F.);
#2138=ADVANCED_FACE('',(#1925),#2052,.T.);
#2139=ADVANCED_FACE('',(#1926),#2053,.T.);
#2140=ADVANCED_FACE('',(#1927),#2054,.F.);
#2141=ADVANCED_FACE('',(#1928,#1929),#2055,.T.);
#2142=ADVANCED_FACE('',(#1930),#2056,.T.);
#2143=ADVANCED_FACE('',(#1931),#2057,.T.);
#2144=ADVANCED_FACE('',(#1932),#2058,.T.);
#2145=ADVANCED_FACE('',(#1933),#2059,.T.);
#2146=ADVANCED_FACE('',(#1934),#2060,.T.);
#2147=ADVANCED_FACE('',(#1935),#2061,.F.);
#2148=ADVANCED_FACE('',(#1936),#38,.T.);
#2149=ADVANCED_FACE('',(#1937),#2062,.F.);
#2150=ADVANCED_FACE('',(#1938,#1939),#115,.T.);
#2151=ADVANCED_FACE('',(#1940),#2063,.F.);
#2152=ADVANCED_FACE('',(#1941,#1942),#116,.T.);
#2153=ADVANCED_FACE('',(#1943),#2064,.T.);
#2154=ADVANCED_FACE('',(#1944),#2065,.T.);
#2155=ADVANCED_FACE('',(#1945),#2066,.T.);
#2156=ADVANCED_FACE('',(#1946),#2067,.T.);
#2157=ADVANCED_FACE('',(#1947),#2068,.T.);
#2158=ADVANCED_FACE('',(#1948),#2069,.F.);
#2159=ADVANCED_FACE('',(#1949),#2070,.T.);
#2160=ADVANCED_FACE('',(#1950),#2071,.T.);
#2161=ADVANCED_FACE('',(#1951),#2072,.F.);
#2162=ADVANCED_FACE('',(#1952),#2073,.T.);
#2163=ADVANCED_FACE('',(#1953),#2074,.F.);
#2164=ADVANCED_FACE('',(#1954),#2075,.F.);
#2165=ADVANCED_FACE('',(#1955),#2076,.T.);
#2166=ADVANCED_FACE('',(#1956),#2077,.T.);
#2167=ADVANCED_FACE('',(#1957),#2078,.T.);
#2168=ADVANCED_FACE('',(#1958),#2079,.T.);
#2169=ADVANCED_FACE('',(#1959),#2080,.T.);
#2170=ADVANCED_FACE('',(#1960),#2081,.T.);
#2171=ADVANCED_FACE('',(#1961),#2082,.T.);
#2172=ADVANCED_FACE('',(#1962,#1963,#1964,#1965),#2083,.T.);
#2173=ADVANCED_FACE('',(#1966),#2084,.T.);
#2174=ADVANCED_FACE('',(#1967),#2085,.F.);
#2175=ADVANCED_FACE('',(#1968),#2086,.T.);
#2176=ADVANCED_FACE('',(#1969),#117,.T.);
#2177=ADVANCED_FACE('',(#1970),#118,.T.);
#2178=ADVANCED_FACE('',(#1971),#119,.T.);
#2179=ADVANCED_FACE('',(#1972),#120,.T.);
#2180=ADVANCED_FACE('',(#1973),#2087,.T.);
#2181=ADVANCED_FACE('',(#1974),#121,.T.);
#2182=ADVANCED_FACE('',(#1975),#2088,.T.);
#2183=ADVANCED_FACE('',(#1976),#122,.F.);
#2184=ADVANCED_FACE('',(#1977),#2089,.T.);
#2185=ADVANCED_FACE('',(#1978),#123,.T.);
#2186=ADVANCED_FACE('',(#1979),#2090,.T.);
#2187=ADVANCED_FACE('',(#1980),#2091,.T.);
#2188=ADVANCED_FACE('',(#1981),#2092,.T.);
#2189=ADVANCED_FACE('',(#1982),#124,.F.);
#2190=ADVANCED_FACE('',(#1983),#2093,.F.);
#2191=ADVANCED_FACE('',(#1984),#2094,.T.);
#2192=ADVANCED_FACE('',(#1985),#2095,.T.);
#2193=ADVANCED_FACE('',(#1986),#125,.T.);
#2194=ADVANCED_FACE('',(#1987),#2096,.T.);
#2195=ADVANCED_FACE('',(#1988),#126,.F.);
#2196=ADVANCED_FACE('',(#1989),#2097,.T.);
#2197=ADVANCED_FACE('',(#1990),#2098,.T.);
#2198=ADVANCED_FACE('',(#1991),#2099,.T.);
#2199=ADVANCED_FACE('',(#1992),#127,.T.);
#2200=ADVANCED_FACE('',(#1993),#2100,.T.);
#2201=ADVANCED_FACE('',(#1994),#128,.F.);
#2202=ADVANCED_FACE('',(#1995),#2101,.F.);
#2203=ADVANCED_FACE('',(#1996),#2102,.T.);
#2204=ADVANCED_FACE('',(#1997),#129,.T.);
#2205=ADVANCED_FACE('',(#1998),#130,.T.);
#2206=ADVANCED_FACE('',(#1999),#131,.T.);
#2207=ADVANCED_FACE('',(#2000),#132,.T.);
#2208=ADVANCED_FACE('',(#2001),#2103,.T.);
#2209=ADVANCED_FACE('',(#2002),#2104,.F.);
#2210=ADVANCED_FACE('',(#2003),#133,.F.);
#2211=ADVANCED_FACE('',(#2004),#134,.F.);
#2212=ADVANCED_FACE('',(#2005),#135,.F.);
#2213=ADVANCED_FACE('',(#2006),#2105,.T.);
#2214=ADVANCED_FACE('',(#2007),#136,.F.);
#2215=ADVANCED_FACE('',(#2008),#2106,.F.);
#2216=ADVANCED_FACE('',(#2009,#2010),#137,.T.);
#2217=ADVANCED_FACE('',(#2011),#2107,.F.);
#2218=ADVANCED_FACE('',(#2012,#2013),#138,.T.);
#2219=ADVANCED_FACE('',(#2014),#2108,.F.);
#2220=ADVANCED_FACE('',(#2015,#2016),#20,.T.);
#2221=ADVANCED_FACE('',(#2017,#2018),#21,.T.);
#2222=ADVANCED_FACE('',(#2019),#139,.T.);
#2223=ADVANCED_FACE('',(#2020),#140,.T.);
#2224=ADVANCED_FACE('',(#2021),#141,.T.);
#2225=ADVANCED_FACE('',(#2022),#142,.T.);
#2226=ADVANCED_FACE('',(#2023),#143,.T.);
#2227=ADVANCED_FACE('',(#2024),#144,.T.);
#2228=ADVANCED_FACE('',(#2025),#39,.T.);
#2229=ADVANCED_FACE('',(#2026),#145,.T.);
#2230=ADVANCED_FACE('',(#2027),#18,.F.);
#2231=ADVANCED_FACE('',(#2028),#19,.F.);
#2232=ADVANCED_FACE('',(#2029),#2109,.F.);
#2233=ADVANCED_FACE('',(#2030),#2110,.T.);
#2234=CLOSED_SHELL('',(#2111,#2112,#2113,#2114,#2115,#2116,#2117,#2118,
#2119,#2120));
#2235=CLOSED_SHELL('',(#2121,#2122,#2123,#2124,#2125,#2126,#2127,#2128,
#2129,#2130));
#2236=CLOSED_SHELL('',(#2131,#2132,#2133,#2134,#2135,#2136,#2137,#2138,
#2139,#2140));
#2237=CLOSED_SHELL('',(#2141,#2142,#2143,#2144,#2145,#2146,#2147,#2148,
#2149,#2150,#2151,#2152,#2153,#2154,#2155,#2156,#2157,#2158,#2159,#2160,
#2161,#2162,#2163,#2164,#2165,#2166,#2167,#2168,#2169,#2170,#2171,#2172,
#2173,#2174,#2175,#2176,#2177,#2178,#2179,#2180,#2181,#2182,#2183,#2184,
#2185,#2186,#2187,#2188,#2189,#2190,#2191,#2192,#2193,#2194,#2195,#2196,
#2197,#2198,#2199,#2200,#2201,#2202,#2203,#2204,#2205,#2206,#2207,#2208,
#2209,#2210,#2211,#2212,#2213,#2214,#2215,#2216,#2217,#2218,#2219,#2220,
#2221,#2222,#2223,#2224,#2225,#2226,#2227,#2228,#2229,#2230,#2231,#2232,
#2233));
#2238=STYLED_ITEM('',(#2334),#2914);
#2239=STYLED_ITEM('',(#2335),#2915);
#2240=STYLED_ITEM('',(#2336),#2916);
#2241=STYLED_ITEM('',(#2337),#2141);
#2242=STYLED_ITEM('',(#2338),#2142);
#2243=STYLED_ITEM('',(#2339),#2143);
#2244=STYLED_ITEM('',(#2340),#2144);
#2245=STYLED_ITEM('',(#2341),#2145);
#2246=STYLED_ITEM('',(#2342),#2146);
#2247=STYLED_ITEM('',(#2343),#2147);
#2248=STYLED_ITEM('',(#2344),#2148);
#2249=STYLED_ITEM('',(#2345),#2149);
#2250=STYLED_ITEM('',(#2346),#2150);
#2251=STYLED_ITEM('',(#2347),#2151);
#2252=STYLED_ITEM('',(#2348),#2152);
#2253=STYLED_ITEM('',(#2349),#2153);
#2254=STYLED_ITEM('',(#2350),#2154);
#2255=STYLED_ITEM('',(#2351),#2155);
#2256=STYLED_ITEM('',(#2352),#2156);
#2257=STYLED_ITEM('',(#2353),#2157);
#2258=STYLED_ITEM('',(#2354),#2158);
#2259=STYLED_ITEM('',(#2355),#2159);
#2260=STYLED_ITEM('',(#2356),#2160);
#2261=STYLED_ITEM('',(#2357),#2161);
#2262=STYLED_ITEM('',(#2358),#2162);
#2263=STYLED_ITEM('',(#2359),#2163);
#2264=STYLED_ITEM('',(#2360),#2164);
#2265=STYLED_ITEM('',(#2361),#2165);
#2266=STYLED_ITEM('',(#2362),#2166);
#2267=STYLED_ITEM('',(#2363),#2167);
#2268=STYLED_ITEM('',(#2364),#2168);
#2269=STYLED_ITEM('',(#2365),#2169);
#2270=STYLED_ITEM('',(#2366),#2170);
#2271=STYLED_ITEM('',(#2367),#2171);
#2272=STYLED_ITEM('',(#2368),#2172);
#2273=STYLED_ITEM('',(#2369),#2173);
#2274=STYLED_ITEM('',(#2370),#2174);
#2275=STYLED_ITEM('',(#2371),#2175);
#2276=STYLED_ITEM('',(#2372),#2176);
#2277=STYLED_ITEM('',(#2373),#2177);
#2278=STYLED_ITEM('',(#2374),#2178);
#2279=STYLED_ITEM('',(#2375),#2179);
#2280=STYLED_ITEM('',(#2376),#2180);
#2281=STYLED_ITEM('',(#2377),#2181);
#2282=STYLED_ITEM('',(#2378),#2182);
#2283=STYLED_ITEM('',(#2379),#2183);
#2284=STYLED_ITEM('',(#2380),#2184);
#2285=STYLED_ITEM('',(#2381),#2185);
#2286=STYLED_ITEM('',(#2382),#2186);
#2287=STYLED_ITEM('',(#2383),#2187);
#2288=STYLED_ITEM('',(#2384),#2188);
#2289=STYLED_ITEM('',(#2385),#2189);
#2290=STYLED_ITEM('',(#2386),#2190);
#2291=STYLED_ITEM('',(#2387),#2191);
#2292=STYLED_ITEM('',(#2388),#2192);
#2293=STYLED_ITEM('',(#2389),#2193);
#2294=STYLED_ITEM('',(#2390),#2194);
#2295=STYLED_ITEM('',(#2391),#2195);
#2296=STYLED_ITEM('',(#2392),#2196);
#2297=STYLED_ITEM('',(#2393),#2197);
#2298=STYLED_ITEM('',(#2394),#2198);
#2299=STYLED_ITEM('',(#2395),#2199);
#2300=STYLED_ITEM('',(#2396),#2200);
#2301=STYLED_ITEM('',(#2397),#2201);
#2302=STYLED_ITEM('',(#2398),#2202);
#2303=STYLED_ITEM('',(#2399),#2203);
#2304=STYLED_ITEM('',(#2400),#2204);
#2305=STYLED_ITEM('',(#2401),#2205);
#2306=STYLED_ITEM('',(#2402),#2206);
#2307=STYLED_ITEM('',(#2403),#2207);
#2308=STYLED_ITEM('',(#2404),#2208);
#2309=STYLED_ITEM('',(#2405),#2209);
#2310=STYLED_ITEM('',(#2406),#2210);
#2311=STYLED_ITEM('',(#2407),#2211);
#2312=STYLED_ITEM('',(#2408),#2212);
#2313=STYLED_ITEM('',(#2409),#2213);
#2314=STYLED_ITEM('',(#2410),#2214);
#2315=STYLED_ITEM('',(#2411),#2215);
#2316=STYLED_ITEM('',(#2412),#2216);
#2317=STYLED_ITEM('',(#2413),#2217);
#2318=STYLED_ITEM('',(#2414),#2218);
#2319=STYLED_ITEM('',(#2415),#2219);
#2320=STYLED_ITEM('',(#2416),#2220);
#2321=STYLED_ITEM('',(#2417),#2221);
#2322=STYLED_ITEM('',(#2418),#2222);
#2323=STYLED_ITEM('',(#2419),#2223);
#2324=STYLED_ITEM('',(#2420),#2224);
#2325=STYLED_ITEM('',(#2421),#2225);
#2326=STYLED_ITEM('',(#2422),#2226);
#2327=STYLED_ITEM('',(#2423),#2227);
#2328=STYLED_ITEM('',(#2424),#2228);
#2329=STYLED_ITEM('',(#2425),#2229);
#2330=STYLED_ITEM('',(#2426),#2230);
#2331=STYLED_ITEM('',(#2427),#2231);
#2332=STYLED_ITEM('',(#2428),#2232);
#2333=STYLED_ITEM('',(#2429),#2233);
#2334=PRESENTATION_STYLE_ASSIGNMENT((#2430));
#2335=PRESENTATION_STYLE_ASSIGNMENT((#2431));
#2336=PRESENTATION_STYLE_ASSIGNMENT((#2432));
#2337=PRESENTATION_STYLE_ASSIGNMENT((#2433));
#2338=PRESENTATION_STYLE_ASSIGNMENT((#2434));
#2339=PRESENTATION_STYLE_ASSIGNMENT((#2435));
#2340=PRESENTATION_STYLE_ASSIGNMENT((#2436));
#2341=PRESENTATION_STYLE_ASSIGNMENT((#2437));
#2342=PRESENTATION_STYLE_ASSIGNMENT((#2438));
#2343=PRESENTATION_STYLE_ASSIGNMENT((#2439));
#2344=PRESENTATION_STYLE_ASSIGNMENT((#2440));
#2345=PRESENTATION_STYLE_ASSIGNMENT((#2441));
#2346=PRESENTATION_STYLE_ASSIGNMENT((#2442));
#2347=PRESENTATION_STYLE_ASSIGNMENT((#2443));
#2348=PRESENTATION_STYLE_ASSIGNMENT((#2444));
#2349=PRESENTATION_STYLE_ASSIGNMENT((#2445));
#2350=PRESENTATION_STYLE_ASSIGNMENT((#2446));
#2351=PRESENTATION_STYLE_ASSIGNMENT((#2447));
#2352=PRESENTATION_STYLE_ASSIGNMENT((#2448));
#2353=PRESENTATION_STYLE_ASSIGNMENT((#2449));
#2354=PRESENTATION_STYLE_ASSIGNMENT((#2450));
#2355=PRESENTATION_STYLE_ASSIGNMENT((#2451));
#2356=PRESENTATION_STYLE_ASSIGNMENT((#2452));
#2357=PRESENTATION_STYLE_ASSIGNMENT((#2453));
#2358=PRESENTATION_STYLE_ASSIGNMENT((#2454));
#2359=PRESENTATION_STYLE_ASSIGNMENT((#2455));
#2360=PRESENTATION_STYLE_ASSIGNMENT((#2456));
#2361=PRESENTATION_STYLE_ASSIGNMENT((#2457));
#2362=PRESENTATION_STYLE_ASSIGNMENT((#2458));
#2363=PRESENTATION_STYLE_ASSIGNMENT((#2459));
#2364=PRESENTATION_STYLE_ASSIGNMENT((#2460));
#2365=PRESENTATION_STYLE_ASSIGNMENT((#2461));
#2366=PRESENTATION_STYLE_ASSIGNMENT((#2462));
#2367=PRESENTATION_STYLE_ASSIGNMENT((#2463));
#2368=PRESENTATION_STYLE_ASSIGNMENT((#2464));
#2369=PRESENTATION_STYLE_ASSIGNMENT((#2465));
#2370=PRESENTATION_STYLE_ASSIGNMENT((#2466));
#2371=PRESENTATION_STYLE_ASSIGNMENT((#2467));
#2372=PRESENTATION_STYLE_ASSIGNMENT((#2468));
#2373=PRESENTATION_STYLE_ASSIGNMENT((#2469));
#2374=PRESENTATION_STYLE_ASSIGNMENT((#2470));
#2375=PRESENTATION_STYLE_ASSIGNMENT((#2471));
#2376=PRESENTATION_STYLE_ASSIGNMENT((#2472));
#2377=PRESENTATION_STYLE_ASSIGNMENT((#2473));
#2378=PRESENTATION_STYLE_ASSIGNMENT((#2474));
#2379=PRESENTATION_STYLE_ASSIGNMENT((#2475));
#2380=PRESENTATION_STYLE_ASSIGNMENT((#2476));
#2381=PRESENTATION_STYLE_ASSIGNMENT((#2477));
#2382=PRESENTATION_STYLE_ASSIGNMENT((#2478));
#2383=PRESENTATION_STYLE_ASSIGNMENT((#2479));
#2384=PRESENTATION_STYLE_ASSIGNMENT((#2480));
#2385=PRESENTATION_STYLE_ASSIGNMENT((#2481));
#2386=PRESENTATION_STYLE_ASSIGNMENT((#2482));
#2387=PRESENTATION_STYLE_ASSIGNMENT((#2483));
#2388=PRESENTATION_STYLE_ASSIGNMENT((#2484));
#2389=PRESENTATION_STYLE_ASSIGNMENT((#2485));
#2390=PRESENTATION_STYLE_ASSIGNMENT((#2486));
#2391=PRESENTATION_STYLE_ASSIGNMENT((#2487));
#2392=PRESENTATION_STYLE_ASSIGNMENT((#2488));
#2393=PRESENTATION_STYLE_ASSIGNMENT((#2489));
#2394=PRESENTATION_STYLE_ASSIGNMENT((#2490));
#2395=PRESENTATION_STYLE_ASSIGNMENT((#2491));
#2396=PRESENTATION_STYLE_ASSIGNMENT((#2492));
#2397=PRESENTATION_STYLE_ASSIGNMENT((#2493));
#2398=PRESENTATION_STYLE_ASSIGNMENT((#2494));
#2399=PRESENTATION_STYLE_ASSIGNMENT((#2495));
#2400=PRESENTATION_STYLE_ASSIGNMENT((#2496));
#2401=PRESENTATION_STYLE_ASSIGNMENT((#2497));
#2402=PRESENTATION_STYLE_ASSIGNMENT((#2498));
#2403=PRESENTATION_STYLE_ASSIGNMENT((#2499));
#2404=PRESENTATION_STYLE_ASSIGNMENT((#2500));
#2405=PRESENTATION_STYLE_ASSIGNMENT((#2501));
#2406=PRESENTATION_STYLE_ASSIGNMENT((#2502));
#2407=PRESENTATION_STYLE_ASSIGNMENT((#2503));
#2408=PRESENTATION_STYLE_ASSIGNMENT((#2504));
#2409=PRESENTATION_STYLE_ASSIGNMENT((#2505));
#2410=PRESENTATION_STYLE_ASSIGNMENT((#2506));
#2411=PRESENTATION_STYLE_ASSIGNMENT((#2507));
#2412=PRESENTATION_STYLE_ASSIGNMENT((#2508));
#2413=PRESENTATION_STYLE_ASSIGNMENT((#2509));
#2414=PRESENTATION_STYLE_ASSIGNMENT((#2510));
#2415=PRESENTATION_STYLE_ASSIGNMENT((#2511));
#2416=PRESENTATION_STYLE_ASSIGNMENT((#2512));
#2417=PRESENTATION_STYLE_ASSIGNMENT((#2513));
#2418=PRESENTATION_STYLE_ASSIGNMENT((#2514));
#2419=PRESENTATION_STYLE_ASSIGNMENT((#2515));
#2420=PRESENTATION_STYLE_ASSIGNMENT((#2516));
#2421=PRESENTATION_STYLE_ASSIGNMENT((#2517));
#2422=PRESENTATION_STYLE_ASSIGNMENT((#2518));
#2423=PRESENTATION_STYLE_ASSIGNMENT((#2519));
#2424=PRESENTATION_STYLE_ASSIGNMENT((#2520));
#2425=PRESENTATION_STYLE_ASSIGNMENT((#2521));
#2426=PRESENTATION_STYLE_ASSIGNMENT((#2522));
#2427=PRESENTATION_STYLE_ASSIGNMENT((#2523));
#2428=PRESENTATION_STYLE_ASSIGNMENT((#2524));
#2429=PRESENTATION_STYLE_ASSIGNMENT((#2525));
#2430=SURFACE_STYLE_USAGE(.BOTH.,#2526);
#2431=SURFACE_STYLE_USAGE(.BOTH.,#2527);
#2432=SURFACE_STYLE_USAGE(.BOTH.,#2528);
#2433=SURFACE_STYLE_USAGE(.BOTH.,#2529);
#2434=SURFACE_STYLE_USAGE(.BOTH.,#2530);
#2435=SURFACE_STYLE_USAGE(.BOTH.,#2531);
#2436=SURFACE_STYLE_USAGE(.BOTH.,#2532);
#2437=SURFACE_STYLE_USAGE(.BOTH.,#2533);
#2438=SURFACE_STYLE_USAGE(.BOTH.,#2534);
#2439=SURFACE_STYLE_USAGE(.BOTH.,#2535);
#2440=SURFACE_STYLE_USAGE(.BOTH.,#2536);
#2441=SURFACE_STYLE_USAGE(.BOTH.,#2537);
#2442=SURFACE_STYLE_USAGE(.BOTH.,#2538);
#2443=SURFACE_STYLE_USAGE(.BOTH.,#2539);
#2444=SURFACE_STYLE_USAGE(.BOTH.,#2540);
#2445=SURFACE_STYLE_USAGE(.BOTH.,#2541);
#2446=SURFACE_STYLE_USAGE(.BOTH.,#2542);
#2447=SURFACE_STYLE_USAGE(.BOTH.,#2543);
#2448=SURFACE_STYLE_USAGE(.BOTH.,#2544);
#2449=SURFACE_STYLE_USAGE(.BOTH.,#2545);
#2450=SURFACE_STYLE_USAGE(.BOTH.,#2546);
#2451=SURFACE_STYLE_USAGE(.BOTH.,#2547);
#2452=SURFACE_STYLE_USAGE(.BOTH.,#2548);
#2453=SURFACE_STYLE_USAGE(.BOTH.,#2549);
#2454=SURFACE_STYLE_USAGE(.BOTH.,#2550);
#2455=SURFACE_STYLE_USAGE(.BOTH.,#2551);
#2456=SURFACE_STYLE_USAGE(.BOTH.,#2552);
#2457=SURFACE_STYLE_USAGE(.BOTH.,#2553);
#2458=SURFACE_STYLE_USAGE(.BOTH.,#2554);
#2459=SURFACE_STYLE_USAGE(.BOTH.,#2555);
#2460=SURFACE_STYLE_USAGE(.BOTH.,#2556);
#2461=SURFACE_STYLE_USAGE(.BOTH.,#2557);
#2462=SURFACE_STYLE_USAGE(.BOTH.,#2558);
#2463=SURFACE_STYLE_USAGE(.BOTH.,#2559);
#2464=SURFACE_STYLE_USAGE(.BOTH.,#2560);
#2465=SURFACE_STYLE_USAGE(.BOTH.,#2561);
#2466=SURFACE_STYLE_USAGE(.BOTH.,#2562);
#2467=SURFACE_STYLE_USAGE(.BOTH.,#2563);
#2468=SURFACE_STYLE_USAGE(.BOTH.,#2564);
#2469=SURFACE_STYLE_USAGE(.BOTH.,#2565);
#2470=SURFACE_STYLE_USAGE(.BOTH.,#2566);
#2471=SURFACE_STYLE_USAGE(.BOTH.,#2567);
#2472=SURFACE_STYLE_USAGE(.BOTH.,#2568);
#2473=SURFACE_STYLE_USAGE(.BOTH.,#2569);
#2474=SURFACE_STYLE_USAGE(.BOTH.,#2570);
#2475=SURFACE_STYLE_USAGE(.BOTH.,#2571);
#2476=SURFACE_STYLE_USAGE(.BOTH.,#2572);
#2477=SURFACE_STYLE_USAGE(.BOTH.,#2573);
#2478=SURFACE_STYLE_USAGE(.BOTH.,#2574);
#2479=SURFACE_STYLE_USAGE(.BOTH.,#2575);
#2480=SURFACE_STYLE_USAGE(.BOTH.,#2576);
#2481=SURFACE_STYLE_USAGE(.BOTH.,#2577);
#2482=SURFACE_STYLE_USAGE(.BOTH.,#2578);
#2483=SURFACE_STYLE_USAGE(.BOTH.,#2579);
#2484=SURFACE_STYLE_USAGE(.BOTH.,#2580);
#2485=SURFACE_STYLE_USAGE(.BOTH.,#2581);
#2486=SURFACE_STYLE_USAGE(.BOTH.,#2582);
#2487=SURFACE_STYLE_USAGE(.BOTH.,#2583);
#2488=SURFACE_STYLE_USAGE(.BOTH.,#2584);
#2489=SURFACE_STYLE_USAGE(.BOTH.,#2585);
#2490=SURFACE_STYLE_USAGE(.BOTH.,#2586);
#2491=SURFACE_STYLE_USAGE(.BOTH.,#2587);
#2492=SURFACE_STYLE_USAGE(.BOTH.,#2588);
#2493=SURFACE_STYLE_USAGE(.BOTH.,#2589);
#2494=SURFACE_STYLE_USAGE(.BOTH.,#2590);
#2495=SURFACE_STYLE_USAGE(.BOTH.,#2591);
#2496=SURFACE_STYLE_USAGE(.BOTH.,#2592);
#2497=SURFACE_STYLE_USAGE(.BOTH.,#2593);
#2498=SURFACE_STYLE_USAGE(.BOTH.,#2594);
#2499=SURFACE_STYLE_USAGE(.BOTH.,#2595);
#2500=SURFACE_STYLE_USAGE(.BOTH.,#2596);
#2501=SURFACE_STYLE_USAGE(.BOTH.,#2597);
#2502=SURFACE_STYLE_USAGE(.BOTH.,#2598);
#2503=SURFACE_STYLE_USAGE(.BOTH.,#2599);
#2504=SURFACE_STYLE_USAGE(.BOTH.,#2600);
#2505=SURFACE_STYLE_USAGE(.BOTH.,#2601);
#2506=SURFACE_STYLE_USAGE(.BOTH.,#2602);
#2507=SURFACE_STYLE_USAGE(.BOTH.,#2603);
#2508=SURFACE_STYLE_USAGE(.BOTH.,#2604);
#2509=SURFACE_STYLE_USAGE(.BOTH.,#2605);
#2510=SURFACE_STYLE_USAGE(.BOTH.,#2606);
#2511=SURFACE_STYLE_USAGE(.BOTH.,#2607);
#2512=SURFACE_STYLE_USAGE(.BOTH.,#2608);
#2513=SURFACE_STYLE_USAGE(.BOTH.,#2609);
#2514=SURFACE_STYLE_USAGE(.BOTH.,#2610);
#2515=SURFACE_STYLE_USAGE(.BOTH.,#2611);
#2516=SURFACE_STYLE_USAGE(.BOTH.,#2612);
#2517=SURFACE_STYLE_USAGE(.BOTH.,#2613);
#2518=SURFACE_STYLE_USAGE(.BOTH.,#2614);
#2519=SURFACE_STYLE_USAGE(.BOTH.,#2615);
#2520=SURFACE_STYLE_USAGE(.BOTH.,#2616);
#2521=SURFACE_STYLE_USAGE(.BOTH.,#2617);
#2522=SURFACE_STYLE_USAGE(.BOTH.,#2618);
#2523=SURFACE_STYLE_USAGE(.BOTH.,#2619);
#2524=SURFACE_STYLE_USAGE(.BOTH.,#2620);
#2525=SURFACE_STYLE_USAGE(.BOTH.,#2621);
#2526=SURFACE_SIDE_STYLE('',(#2622));
#2527=SURFACE_SIDE_STYLE('',(#2623));
#2528=SURFACE_SIDE_STYLE('',(#2624));
#2529=SURFACE_SIDE_STYLE('',(#2625));
#2530=SURFACE_SIDE_STYLE('',(#2626));
#2531=SURFACE_SIDE_STYLE('',(#2627));
#2532=SURFACE_SIDE_STYLE('',(#2628));
#2533=SURFACE_SIDE_STYLE('',(#2629));
#2534=SURFACE_SIDE_STYLE('',(#2630));
#2535=SURFACE_SIDE_STYLE('',(#2631));
#2536=SURFACE_SIDE_STYLE('',(#2632));
#2537=SURFACE_SIDE_STYLE('',(#2633));
#2538=SURFACE_SIDE_STYLE('',(#2634));
#2539=SURFACE_SIDE_STYLE('',(#2635));
#2540=SURFACE_SIDE_STYLE('',(#2636));
#2541=SURFACE_SIDE_STYLE('',(#2637));
#2542=SURFACE_SIDE_STYLE('',(#2638));
#2543=SURFACE_SIDE_STYLE('',(#2639));
#2544=SURFACE_SIDE_STYLE('',(#2640));
#2545=SURFACE_SIDE_STYLE('',(#2641));
#2546=SURFACE_SIDE_STYLE('',(#2642));
#2547=SURFACE_SIDE_STYLE('',(#2643));
#2548=SURFACE_SIDE_STYLE('',(#2644));
#2549=SURFACE_SIDE_STYLE('',(#2645));
#2550=SURFACE_SIDE_STYLE('',(#2646));
#2551=SURFACE_SIDE_STYLE('',(#2647));
#2552=SURFACE_SIDE_STYLE('',(#2648));
#2553=SURFACE_SIDE_STYLE('',(#2649));
#2554=SURFACE_SIDE_STYLE('',(#2650));
#2555=SURFACE_SIDE_STYLE('',(#2651));
#2556=SURFACE_SIDE_STYLE('',(#2652));
#2557=SURFACE_SIDE_STYLE('',(#2653));
#2558=SURFACE_SIDE_STYLE('',(#2654));
#2559=SURFACE_SIDE_STYLE('',(#2655));
#2560=SURFACE_SIDE_STYLE('',(#2656));
#2561=SURFACE_SIDE_STYLE('',(#2657));
#2562=SURFACE_SIDE_STYLE('',(#2658));
#2563=SURFACE_SIDE_STYLE('',(#2659));
#2564=SURFACE_SIDE_STYLE('',(#2660));
#2565=SURFACE_SIDE_STYLE('',(#2661));
#2566=SURFACE_SIDE_STYLE('',(#2662));
#2567=SURFACE_SIDE_STYLE('',(#2663));
#2568=SURFACE_SIDE_STYLE('',(#2664));
#2569=SURFACE_SIDE_STYLE('',(#2665));
#2570=SURFACE_SIDE_STYLE('',(#2666));
#2571=SURFACE_SIDE_STYLE('',(#2667));
#2572=SURFACE_SIDE_STYLE('',(#2668));
#2573=SURFACE_SIDE_STYLE('',(#2669));
#2574=SURFACE_SIDE_STYLE('',(#2670));
#2575=SURFACE_SIDE_STYLE('',(#2671));
#2576=SURFACE_SIDE_STYLE('',(#2672));
#2577=SURFACE_SIDE_STYLE('',(#2673));
#2578=SURFACE_SIDE_STYLE('',(#2674));
#2579=SURFACE_SIDE_STYLE('',(#2675));
#2580=SURFACE_SIDE_STYLE('',(#2676));
#2581=SURFACE_SIDE_STYLE('',(#2677));
#2582=SURFACE_SIDE_STYLE('',(#2678));
#2583=SURFACE_SIDE_STYLE('',(#2679));
#2584=SURFACE_SIDE_STYLE('',(#2680));
#2585=SURFACE_SIDE_STYLE('',(#2681));
#2586=SURFACE_SIDE_STYLE('',(#2682));
#2587=SURFACE_SIDE_STYLE('',(#2683));
#2588=SURFACE_SIDE_STYLE('',(#2684));
#2589=SURFACE_SIDE_STYLE('',(#2685));
#2590=SURFACE_SIDE_STYLE('',(#2686));
#2591=SURFACE_SIDE_STYLE('',(#2687));
#2592=SURFACE_SIDE_STYLE('',(#2688));
#2593=SURFACE_SIDE_STYLE('',(#2689));
#2594=SURFACE_SIDE_STYLE('',(#2690));
#2595=SURFACE_SIDE_STYLE('',(#2691));
#2596=SURFACE_SIDE_STYLE('',(#2692));
#2597=SURFACE_SIDE_STYLE('',(#2693));
#2598=SURFACE_SIDE_STYLE('',(#2694));
#2599=SURFACE_SIDE_STYLE('',(#2695));
#2600=SURFACE_SIDE_STYLE('',(#2696));
#2601=SURFACE_SIDE_STYLE('',(#2697));
#2602=SURFACE_SIDE_STYLE('',(#2698));
#2603=SURFACE_SIDE_STYLE('',(#2699));
#2604=SURFACE_SIDE_STYLE('',(#2700));
#2605=SURFACE_SIDE_STYLE('',(#2701));
#2606=SURFACE_SIDE_STYLE('',(#2702));
#2607=SURFACE_SIDE_STYLE('',(#2703));
#2608=SURFACE_SIDE_STYLE('',(#2704));
#2609=SURFACE_SIDE_STYLE('',(#2705));
#2610=SURFACE_SIDE_STYLE('',(#2706));
#2611=SURFACE_SIDE_STYLE('',(#2707));
#2612=SURFACE_SIDE_STYLE('',(#2708));
#2613=SURFACE_SIDE_STYLE('',(#2709));
#2614=SURFACE_SIDE_STYLE('',(#2710));
#2615=SURFACE_SIDE_STYLE('',(#2711));
#2616=SURFACE_SIDE_STYLE('',(#2712));
#2617=SURFACE_SIDE_STYLE('',(#2713));
#2618=SURFACE_SIDE_STYLE('',(#2714));
#2619=SURFACE_SIDE_STYLE('',(#2715));
#2620=SURFACE_SIDE_STYLE('',(#2716));
#2621=SURFACE_SIDE_STYLE('',(#2717));
#2622=SURFACE_STYLE_FILL_AREA(#2718);
#2623=SURFACE_STYLE_FILL_AREA(#2719);
#2624=SURFACE_STYLE_FILL_AREA(#2720);
#2625=SURFACE_STYLE_FILL_AREA(#2721);
#2626=SURFACE_STYLE_FILL_AREA(#2722);
#2627=SURFACE_STYLE_FILL_AREA(#2723);
#2628=SURFACE_STYLE_FILL_AREA(#2724);
#2629=SURFACE_STYLE_FILL_AREA(#2725);
#2630=SURFACE_STYLE_FILL_AREA(#2726);
#2631=SURFACE_STYLE_FILL_AREA(#2727);
#2632=SURFACE_STYLE_FILL_AREA(#2728);
#2633=SURFACE_STYLE_FILL_AREA(#2729);
#2634=SURFACE_STYLE_FILL_AREA(#2730);
#2635=SURFACE_STYLE_FILL_AREA(#2731);
#2636=SURFACE_STYLE_FILL_AREA(#2732);
#2637=SURFACE_STYLE_FILL_AREA(#2733);
#2638=SURFACE_STYLE_FILL_AREA(#2734);
#2639=SURFACE_STYLE_FILL_AREA(#2735);
#2640=SURFACE_STYLE_FILL_AREA(#2736);
#2641=SURFACE_STYLE_FILL_AREA(#2737);
#2642=SURFACE_STYLE_FILL_AREA(#2738);
#2643=SURFACE_STYLE_FILL_AREA(#2739);
#2644=SURFACE_STYLE_FILL_AREA(#2740);
#2645=SURFACE_STYLE_FILL_AREA(#2741);
#2646=SURFACE_STYLE_FILL_AREA(#2742);
#2647=SURFACE_STYLE_FILL_AREA(#2743);
#2648=SURFACE_STYLE_FILL_AREA(#2744);
#2649=SURFACE_STYLE_FILL_AREA(#2745);
#2650=SURFACE_STYLE_FILL_AREA(#2746);
#2651=SURFACE_STYLE_FILL_AREA(#2747);
#2652=SURFACE_STYLE_FILL_AREA(#2748);
#2653=SURFACE_STYLE_FILL_AREA(#2749);
#2654=SURFACE_STYLE_FILL_AREA(#2750);
#2655=SURFACE_STYLE_FILL_AREA(#2751);
#2656=SURFACE_STYLE_FILL_AREA(#2752);
#2657=SURFACE_STYLE_FILL_AREA(#2753);
#2658=SURFACE_STYLE_FILL_AREA(#2754);
#2659=SURFACE_STYLE_FILL_AREA(#2755);
#2660=SURFACE_STYLE_FILL_AREA(#2756);
#2661=SURFACE_STYLE_FILL_AREA(#2757);
#2662=SURFACE_STYLE_FILL_AREA(#2758);
#2663=SURFACE_STYLE_FILL_AREA(#2759);
#2664=SURFACE_STYLE_FILL_AREA(#2760);
#2665=SURFACE_STYLE_FILL_AREA(#2761);
#2666=SURFACE_STYLE_FILL_AREA(#2762);
#2667=SURFACE_STYLE_FILL_AREA(#2763);
#2668=SURFACE_STYLE_FILL_AREA(#2764);
#2669=SURFACE_STYLE_FILL_AREA(#2765);
#2670=SURFACE_STYLE_FILL_AREA(#2766);
#2671=SURFACE_STYLE_FILL_AREA(#2767);
#2672=SURFACE_STYLE_FILL_AREA(#2768);
#2673=SURFACE_STYLE_FILL_AREA(#2769);
#2674=SURFACE_STYLE_FILL_AREA(#2770);
#2675=SURFACE_STYLE_FILL_AREA(#2771);
#2676=SURFACE_STYLE_FILL_AREA(#2772);
#2677=SURFACE_STYLE_FILL_AREA(#2773);
#2678=SURFACE_STYLE_FILL_AREA(#2774);
#2679=SURFACE_STYLE_FILL_AREA(#2775);
#2680=SURFACE_STYLE_FILL_AREA(#2776);
#2681=SURFACE_STYLE_FILL_AREA(#2777);
#2682=SURFACE_STYLE_FILL_AREA(#2778);
#2683=SURFACE_STYLE_FILL_AREA(#2779);
#2684=SURFACE_STYLE_FILL_AREA(#2780);
#2685=SURFACE_STYLE_FILL_AREA(#2781);
#2686=SURFACE_STYLE_FILL_AREA(#2782);
#2687=SURFACE_STYLE_FILL_AREA(#2783);
#2688=SURFACE_STYLE_FILL_AREA(#2784);
#2689=SURFACE_STYLE_FILL_AREA(#2785);
#2690=SURFACE_STYLE_FILL_AREA(#2786);
#2691=SURFACE_STYLE_FILL_AREA(#2787);
#2692=SURFACE_STYLE_FILL_AREA(#2788);
#2693=SURFACE_STYLE_FILL_AREA(#2789);
#2694=SURFACE_STYLE_FILL_AREA(#2790);
#2695=SURFACE_STYLE_FILL_AREA(#2791);
#2696=SURFACE_STYLE_FILL_AREA(#2792);
#2697=SURFACE_STYLE_FILL_AREA(#2793);
#2698=SURFACE_STYLE_FILL_AREA(#2794);
#2699=SURFACE_STYLE_FILL_AREA(#2795);
#2700=SURFACE_STYLE_FILL_AREA(#2796);
#2701=SURFACE_STYLE_FILL_AREA(#2797);
#2702=SURFACE_STYLE_FILL_AREA(#2798);
#2703=SURFACE_STYLE_FILL_AREA(#2799);
#2704=SURFACE_STYLE_FILL_AREA(#2800);
#2705=SURFACE_STYLE_FILL_AREA(#2801);
#2706=SURFACE_STYLE_FILL_AREA(#2802);
#2707=SURFACE_STYLE_FILL_AREA(#2803);
#2708=SURFACE_STYLE_FILL_AREA(#2804);
#2709=SURFACE_STYLE_FILL_AREA(#2805);
#2710=SURFACE_STYLE_FILL_AREA(#2806);
#2711=SURFACE_STYLE_FILL_AREA(#2807);
#2712=SURFACE_STYLE_FILL_AREA(#2808);
#2713=SURFACE_STYLE_FILL_AREA(#2809);
#2714=SURFACE_STYLE_FILL_AREA(#2810);
#2715=SURFACE_STYLE_FILL_AREA(#2811);
#2716=SURFACE_STYLE_FILL_AREA(#2812);
#2717=SURFACE_STYLE_FILL_AREA(#2813);
#2718=FILL_AREA_STYLE('',(#2814));
#2719=FILL_AREA_STYLE('',(#2815));
#2720=FILL_AREA_STYLE('',(#2816));
#2721=FILL_AREA_STYLE('',(#2817));
#2722=FILL_AREA_STYLE('',(#2818));
#2723=FILL_AREA_STYLE('',(#2819));
#2724=FILL_AREA_STYLE('',(#2820));
#2725=FILL_AREA_STYLE('',(#2821));
#2726=FILL_AREA_STYLE('',(#2822));
#2727=FILL_AREA_STYLE('',(#2823));
#2728=FILL_AREA_STYLE('',(#2824));
#2729=FILL_AREA_STYLE('',(#2825));
#2730=FILL_AREA_STYLE('',(#2826));
#2731=FILL_AREA_STYLE('',(#2827));
#2732=FILL_AREA_STYLE('',(#2828));
#2733=FILL_AREA_STYLE('',(#2829));
#2734=FILL_AREA_STYLE('',(#2830));
#2735=FILL_AREA_STYLE('',(#2831));
#2736=FILL_AREA_STYLE('',(#2832));
#2737=FILL_AREA_STYLE('',(#2833));
#2738=FILL_AREA_STYLE('',(#2834));
#2739=FILL_AREA_STYLE('',(#2835));
#2740=FILL_AREA_STYLE('',(#2836));
#2741=FILL_AREA_STYLE('',(#2837));
#2742=FILL_AREA_STYLE('',(#2838));
#2743=FILL_AREA_STYLE('',(#2839));
#2744=FILL_AREA_STYLE('',(#2840));
#2745=FILL_AREA_STYLE('',(#2841));
#2746=FILL_AREA_STYLE('',(#2842));
#2747=FILL_AREA_STYLE('',(#2843));
#2748=FILL_AREA_STYLE('',(#2844));
#2749=FILL_AREA_STYLE('',(#2845));
#2750=FILL_AREA_STYLE('',(#2846));
#2751=FILL_AREA_STYLE('',(#2847));
#2752=FILL_AREA_STYLE('',(#2848));
#2753=FILL_AREA_STYLE('',(#2849));
#2754=FILL_AREA_STYLE('',(#2850));
#2755=FILL_AREA_STYLE('',(#2851));
#2756=FILL_AREA_STYLE('',(#2852));
#2757=FILL_AREA_STYLE('',(#2853));
#2758=FILL_AREA_STYLE('',(#2854));
#2759=FILL_AREA_STYLE('',(#2855));
#2760=FILL_AREA_STYLE('',(#2856));
#2761=FILL_AREA_STYLE('',(#2857));
#2762=FILL_AREA_STYLE('',(#2858));
#2763=FILL_AREA_STYLE('',(#2859));
#2764=FILL_AREA_STYLE('',(#2860));
#2765=FILL_AREA_STYLE('',(#2861));
#2766=FILL_AREA_STYLE('',(#2862));
#2767=FILL_AREA_STYLE('',(#2863));
#2768=FILL_AREA_STYLE('',(#2864));
#2769=FILL_AREA_STYLE('',(#2865));
#2770=FILL_AREA_STYLE('',(#2866));
#2771=FILL_AREA_STYLE('',(#2867));
#2772=FILL_AREA_STYLE('',(#2868));
#2773=FILL_AREA_STYLE('',(#2869));
#2774=FILL_AREA_STYLE('',(#2870));
#2775=FILL_AREA_STYLE('',(#2871));
#2776=FILL_AREA_STYLE('',(#2872));
#2777=FILL_AREA_STYLE('',(#2873));
#2778=FILL_AREA_STYLE('',(#2874));
#2779=FILL_AREA_STYLE('',(#2875));
#2780=FILL_AREA_STYLE('',(#2876));
#2781=FILL_AREA_STYLE('',(#2877));
#2782=FILL_AREA_STYLE('',(#2878));
#2783=FILL_AREA_STYLE('',(#2879));
#2784=FILL_AREA_STYLE('',(#2880));
#2785=FILL_AREA_STYLE('',(#2881));
#2786=FILL_AREA_STYLE('',(#2882));
#2787=FILL_AREA_STYLE('',(#2883));
#2788=FILL_AREA_STYLE('',(#2884));
#2789=FILL_AREA_STYLE('',(#2885));
#2790=FILL_AREA_STYLE('',(#2886));
#2791=FILL_AREA_STYLE('',(#2887));
#2792=FILL_AREA_STYLE('',(#2888));
#2793=FILL_AREA_STYLE('',(#2889));
#2794=FILL_AREA_STYLE('',(#2890));
#2795=FILL_AREA_STYLE('',(#2891));
#2796=FILL_AREA_STYLE('',(#2892));
#2797=FILL_AREA_STYLE('',(#2893));
#2798=FILL_AREA_STYLE('',(#2894));
#2799=FILL_AREA_STYLE('',(#2895));
#2800=FILL_AREA_STYLE('',(#2896));
#2801=FILL_AREA_STYLE('',(#2897));
#2802=FILL_AREA_STYLE('',(#2898));
#2803=FILL_AREA_STYLE('',(#2899));
#2804=FILL_AREA_STYLE('',(#2900));
#2805=FILL_AREA_STYLE('',(#2901));
#2806=FILL_AREA_STYLE('',(#2902));
#2807=FILL_AREA_STYLE('',(#2903));
#2808=FILL_AREA_STYLE('',(#2904));
#2809=FILL_AREA_STYLE('',(#2905));
#2810=FILL_AREA_STYLE('',(#2906));
#2811=FILL_AREA_STYLE('',(#2907));
#2812=FILL_AREA_STYLE('',(#2908));
#2813=FILL_AREA_STYLE('',(#2909));
#2814=FILL_AREA_STYLE_COLOUR('',#2910);
#2815=FILL_AREA_STYLE_COLOUR('',#2910);
#2816=FILL_AREA_STYLE_COLOUR('',#2910);
#2817=FILL_AREA_STYLE_COLOUR('',#2910);
#2818=FILL_AREA_STYLE_COLOUR('',#2910);
#2819=FILL_AREA_STYLE_COLOUR('',#2910);
#2820=FILL_AREA_STYLE_COLOUR('',#2910);
#2821=FILL_AREA_STYLE_COLOUR('',#2910);
#2822=FILL_AREA_STYLE_COLOUR('',#2911);
#2823=FILL_AREA_STYLE_COLOUR('',#2911);
#2824=FILL_AREA_STYLE_COLOUR('',#2911);
#2825=FILL_AREA_STYLE_COLOUR('',#2911);
#2826=FILL_AREA_STYLE_COLOUR('',#2911);
#2827=FILL_AREA_STYLE_COLOUR('',#2912);
#2828=FILL_AREA_STYLE_COLOUR('',#2910);
#2829=FILL_AREA_STYLE_COLOUR('',#2910);
#2830=FILL_AREA_STYLE_COLOUR('',#2910);
#2831=FILL_AREA_STYLE_COLOUR('',#2910);
#2832=FILL_AREA_STYLE_COLOUR('',#2910);
#2833=FILL_AREA_STYLE_COLOUR('',#2910);
#2834=FILL_AREA_STYLE_COLOUR('',#2910);
#2835=FILL_AREA_STYLE_COLOUR('',#2910);
#2836=FILL_AREA_STYLE_COLOUR('',#2910);
#2837=FILL_AREA_STYLE_COLOUR('',#2910);
#2838=FILL_AREA_STYLE_COLOUR('',#2910);
#2839=FILL_AREA_STYLE_COLOUR('',#2910);
#2840=FILL_AREA_STYLE_COLOUR('',#2910);
#2841=FILL_AREA_STYLE_COLOUR('',#2910);
#2842=FILL_AREA_STYLE_COLOUR('',#2910);
#2843=FILL_AREA_STYLE_COLOUR('',#2910);
#2844=FILL_AREA_STYLE_COLOUR('',#2910);
#2845=FILL_AREA_STYLE_COLOUR('',#2910);
#2846=FILL_AREA_STYLE_COLOUR('',#2910);
#2847=FILL_AREA_STYLE_COLOUR('',#2910);
#2848=FILL_AREA_STYLE_COLOUR('',#2910);
#2849=FILL_AREA_STYLE_COLOUR('',#2910);
#2850=FILL_AREA_STYLE_COLOUR('',#2910);
#2851=FILL_AREA_STYLE_COLOUR('',#2913);
#2852=FILL_AREA_STYLE_COLOUR('',#2910);
#2853=FILL_AREA_STYLE_COLOUR('',#2910);
#2854=FILL_AREA_STYLE_COLOUR('',#2910);
#2855=FILL_AREA_STYLE_COLOUR('',#2910);
#2856=FILL_AREA_STYLE_COLOUR('',#2910);
#2857=FILL_AREA_STYLE_COLOUR('',#2910);
#2858=FILL_AREA_STYLE_COLOUR('',#2910);
#2859=FILL_AREA_STYLE_COLOUR('',#2910);
#2860=FILL_AREA_STYLE_COLOUR('',#2910);
#2861=FILL_AREA_STYLE_COLOUR('',#2910);
#2862=FILL_AREA_STYLE_COLOUR('',#2910);
#2863=FILL_AREA_STYLE_COLOUR('',#2910);
#2864=FILL_AREA_STYLE_COLOUR('',#2910);
#2865=FILL_AREA_STYLE_COLOUR('',#2910);
#2866=FILL_AREA_STYLE_COLOUR('',#2910);
#2867=FILL_AREA_STYLE_COLOUR('',#2910);
#2868=FILL_AREA_STYLE_COLOUR('',#2910);
#2869=FILL_AREA_STYLE_COLOUR('',#2910);
#2870=FILL_AREA_STYLE_COLOUR('',#2910);
#2871=FILL_AREA_STYLE_COLOUR('',#2910);
#2872=FILL_AREA_STYLE_COLOUR('',#2910);
#2873=FILL_AREA_STYLE_COLOUR('',#2910);
#2874=FILL_AREA_STYLE_COLOUR('',#2910);
#2875=FILL_AREA_STYLE_COLOUR('',#2910);
#2876=FILL_AREA_STYLE_COLOUR('',#2910);
#2877=FILL_AREA_STYLE_COLOUR('',#2910);
#2878=FILL_AREA_STYLE_COLOUR('',#2910);
#2879=FILL_AREA_STYLE_COLOUR('',#2910);
#2880=FILL_AREA_STYLE_COLOUR('',#2910);
#2881=FILL_AREA_STYLE_COLOUR('',#2910);
#2882=FILL_AREA_STYLE_COLOUR('',#2910);
#2883=FILL_AREA_STYLE_COLOUR('',#2910);
#2884=FILL_AREA_STYLE_COLOUR('',#2912);
#2885=FILL_AREA_STYLE_COLOUR('',#2910);
#2886=FILL_AREA_STYLE_COLOUR('',#2910);
#2887=FILL_AREA_STYLE_COLOUR('',#2910);
#2888=FILL_AREA_STYLE_COLOUR('',#2910);
#2889=FILL_AREA_STYLE_COLOUR('',#2910);
#2890=FILL_AREA_STYLE_COLOUR('',#2910);
#2891=FILL_AREA_STYLE_COLOUR('',#2912);
#2892=FILL_AREA_STYLE_COLOUR('',#2912);
#2893=FILL_AREA_STYLE_COLOUR('',#2912);
#2894=FILL_AREA_STYLE_COLOUR('',#2912);
#2895=FILL_AREA_STYLE_COLOUR('',#2912);
#2896=FILL_AREA_STYLE_COLOUR('',#2912);
#2897=FILL_AREA_STYLE_COLOUR('',#2912);
#2898=FILL_AREA_STYLE_COLOUR('',#2912);
#2899=FILL_AREA_STYLE_COLOUR('',#2912);
#2900=FILL_AREA_STYLE_COLOUR('',#2910);
#2901=FILL_AREA_STYLE_COLOUR('',#2910);
#2902=FILL_AREA_STYLE_COLOUR('',#2910);
#2903=FILL_AREA_STYLE_COLOUR('',#2910);
#2904=FILL_AREA_STYLE_COLOUR('',#2910);
#2905=FILL_AREA_STYLE_COLOUR('',#2910);
#2906=FILL_AREA_STYLE_COLOUR('',#2910);
#2907=FILL_AREA_STYLE_COLOUR('',#2910);
#2908=FILL_AREA_STYLE_COLOUR('',#2910);
#2909=FILL_AREA_STYLE_COLOUR('',#2910);
#2910=COLOUR_RGB('',0.699999988079071,0.699999988079071,0.699999988079071);
#2911=COLOUR_RGB('',0.200000002980232,0.200000002980232,0.200000002980232);
#2912=COLOUR_RGB('',0.211764708161354,0.435451000928879,0.69803923368454);
#2913=COLOUR_RGB('',0.506983280181885,0.531564235687256,0.550000011920929);
#2914=MANIFOLD_SOLID_BREP('',#2234);
#2915=MANIFOLD_SOLID_BREP('',#2235);
#2916=MANIFOLD_SOLID_BREP('',#2236);
#2917=MANIFOLD_SOLID_BREP('',#2237);
#2918=SHAPE_DEFINITION_REPRESENTATION(#5760,#2919);
#2919=SHAPE_REPRESENTATION('PTV09A-6030U-B103',(#2920),#5755);
#2920=AXIS2_PLACEMENT_3D('',#3740,#3116,#3117);
#2921=AXIS2_PLACEMENT_3D('',#3741,#3118,#3119);
#2922=AXIS2_PLACEMENT_3D('',#3750,#3124,#3125);
#2923=AXIS2_PLACEMENT_3D('',#3759,#3130,#3131);
#2924=AXIS2_PLACEMENT_3D('',#3762,#3134,#3135);
#2925=AXIS2_PLACEMENT_3D('',#3763,#3136,#3137);
#2926=AXIS2_PLACEMENT_3D('',#3767,#3139,#3140);
#2927=AXIS2_PLACEMENT_3D('',#3768,#3141,#3142);
#2928=AXIS2_PLACEMENT_3D('',#3769,#3143,#3144);
#2929=AXIS2_PLACEMENT_3D('',#3771,#3145,#3146);
#2930=AXIS2_PLACEMENT_3D('',#3774,#3148,#3149);
#2931=AXIS2_PLACEMENT_3D('',#3780,#3153,#3154);
#2932=AXIS2_PLACEMENT_3D('',#3786,#3158,#3159);
#2933=AXIS2_PLACEMENT_3D('',#3788,#3161,#3162);
#2934=AXIS2_PLACEMENT_3D('',#3790,#3164,#3165);
#2935=AXIS2_PLACEMENT_3D('',#3791,#3166,#3167);
#2936=AXIS2_PLACEMENT_3D('',#3800,#3172,#3173);
#2937=AXIS2_PLACEMENT_3D('',#3801,#3174,#3175);
#2938=AXIS2_PLACEMENT_3D('',#3803,#3176,#3177);
#2939=AXIS2_PLACEMENT_3D('',#3806,#3179,#3180);
#2940=AXIS2_PLACEMENT_3D('',#3815,#3185,#3186);
#2941=AXIS2_PLACEMENT_3D('',#3818,#3189,#3190);
#2942=AXIS2_PLACEMENT_3D('',#3819,#3191,#3192);
#2943=AXIS2_PLACEMENT_3D('',#3823,#3194,#3195);
#2944=AXIS2_PLACEMENT_3D('',#3824,#3196,#3197);
#2945=AXIS2_PLACEMENT_3D('',#3830,#3201,#3202);
#2946=AXIS2_PLACEMENT_3D('',#3834,#3205,#3206);
#2947=AXIS2_PLACEMENT_3D('',#3838,#3209,#3210);
#2948=AXIS2_PLACEMENT_3D('',#3840,#3212,#3213);
#2949=AXIS2_PLACEMENT_3D('',#3841,#3214,#3215);
#2950=AXIS2_PLACEMENT_3D('',#3850,#3220,#3221);
#2951=AXIS2_PLACEMENT_3D('',#3851,#3222,#3223);
#2952=AXIS2_PLACEMENT_3D('',#3853,#3224,#3225);
#2953=AXIS2_PLACEMENT_3D('',#3856,#3227,#3228);
#2954=AXIS2_PLACEMENT_3D('',#3865,#3233,#3234);
#2955=AXIS2_PLACEMENT_3D('',#3868,#3237,#3238);
#2956=AXIS2_PLACEMENT_3D('',#3869,#3239,#3240);
#2957=AXIS2_PLACEMENT_3D('',#3873,#3242,#3243);
#2958=AXIS2_PLACEMENT_3D('',#3874,#3244,#3245);
#2959=AXIS2_PLACEMENT_3D('',#3880,#3249,#3250);
#2960=AXIS2_PLACEMENT_3D('',#3884,#3253,#3254);
#2961=AXIS2_PLACEMENT_3D('',#3888,#3257,#3258);
#2962=AXIS2_PLACEMENT_3D('',#3890,#3260,#3261);
#2963=AXIS2_PLACEMENT_3D('',#3891,#3262,#3263);
#2964=AXIS2_PLACEMENT_3D('',#3892,#3264,#3265);
#2965=AXIS2_PLACEMENT_3D('',#3897,#3267,#3268);
#2966=AXIS2_PLACEMENT_3D('',#3904,#3269,#3270);
#2967=AXIS2_PLACEMENT_3D('',#3905,#3271,#3272);
#2968=AXIS2_PLACEMENT_3D('',#3938,#3289,#3290);
#2969=AXIS2_PLACEMENT_3D('',#3971,#3307,#3308);
#2970=AXIS2_PLACEMENT_3D('',#3981,#3313,#3314);
#2971=AXIS2_PLACEMENT_3D('',#3982,#3315,#3316);
#2972=AXIS2_PLACEMENT_3D('',#3992,#3321,#3322);
#2973=AXIS2_PLACEMENT_3D('',#3993,#3323,#3324);
#2974=AXIS2_PLACEMENT_3D('',#3997,#3326,#3327);
#2975=AXIS2_PLACEMENT_3D('',#3998,#3328,#3329);
#2976=AXIS2_PLACEMENT_3D('',#4002,#3331,#3332);
#2977=AXIS2_PLACEMENT_3D('',#4003,#3333,#3334);
#2978=AXIS2_PLACEMENT_3D('',#4009,#3335,#3336);
#2979=AXIS2_PLACEMENT_3D('',#4015,#3337,#3338);
#2980=AXIS2_PLACEMENT_3D('',#4018,#3341,#3342);
#2981=AXIS2_PLACEMENT_3D('',#4019,#3343,#3344);
#2982=AXIS2_PLACEMENT_3D('',#4028,#3349,#3350);
#2983=AXIS2_PLACEMENT_3D('',#4372,#3352,#3353);
#2984=AXIS2_PLACEMENT_3D('',#4373,#3354,#3355);
#2985=AXIS2_PLACEMENT_3D('',#4375,#3356,#3357);
#2986=AXIS2_PLACEMENT_3D('',#4384,#3362,#3363);
#2987=AXIS2_PLACEMENT_3D('',#4393,#3368,#3369);
#2988=AXIS2_PLACEMENT_3D('',#4397,#3371,#3372);
#2989=AXIS2_PLACEMENT_3D('',#4398,#3373,#3374);
#2990=AXIS2_PLACEMENT_3D('',#4403,#3377,#3378);
#2991=AXIS2_PLACEMENT_3D('',#4404,#3379,#3380);
#2992=AXIS2_PLACEMENT_3D('',#4409,#3383,#3384);
#2993=AXIS2_PLACEMENT_3D('',#4413,#3386,#3387);
#2994=AXIS2_PLACEMENT_3D('',#4414,#3388,#3389);
#2995=AXIS2_PLACEMENT_3D('',#4419,#3392,#3393);
#2996=AXIS2_PLACEMENT_3D('',#4420,#3394,#3395);
#2997=AXIS2_PLACEMENT_3D('',#4425,#3398,#3399);
#2998=AXIS2_PLACEMENT_3D('',#4428,#3402,#3403);
#2999=AXIS2_PLACEMENT_3D('',#4430,#3405,#3406);
#3000=AXIS2_PLACEMENT_3D('',#4432,#3408,#3409);
#3001=AXIS2_PLACEMENT_3D('',#4435,#3412,#3413);
#3002=AXIS2_PLACEMENT_3D('',#4437,#3415,#3416);
#3003=AXIS2_PLACEMENT_3D('',#4439,#3418,#3419);
#3004=AXIS2_PLACEMENT_3D('',#4445,#3423,#3424);
#3005=AXIS2_PLACEMENT_3D('',#4451,#3428,#3429);
#3006=AXIS2_PLACEMENT_3D('',#4456,#3432,#3433);
#3007=AXIS2_PLACEMENT_3D('',#4459,#3435,#3436);
#3008=AXIS2_PLACEMENT_3D('',#4463,#3439,#3440);
#3009=AXIS2_PLACEMENT_3D('',#4467,#3443,#3444);
#3010=AXIS2_PLACEMENT_3D('',#4469,#3446,#3447);
#3011=AXIS2_PLACEMENT_3D('',#4473,#3450,#3451);
#3012=AXIS2_PLACEMENT_3D('',#4477,#3454,#3455);
#3013=AXIS2_PLACEMENT_3D('',#4479,#3457,#3458);
#3014=AXIS2_PLACEMENT_3D('',#4480,#3459,#3460);
#3015=AXIS2_PLACEMENT_3D('',#4482,#3461,#3462);
#3016=AXIS2_PLACEMENT_3D('',#4492,#3467,#3468);
#3017=AXIS2_PLACEMENT_3D('',#4493,#3469,#3470);
#3018=AXIS2_PLACEMENT_3D('',#4495,#3472,#3473);
#3019=AXIS2_PLACEMENT_3D('',#4501,#3477,#3478);
#3020=AXIS2_PLACEMENT_3D('',#4502,#3479,#3480);
#3021=AXIS2_PLACEMENT_3D('',#4507,#3483,#3484);
#3022=AXIS2_PLACEMENT_3D('',#4513,#3488,#3489);
#3023=AXIS2_PLACEMENT_3D('',#4515,#3491,#3492);
#3024=AXIS2_PLACEMENT_3D('',#4518,#3494,#3495);
#3025=AXIS2_PLACEMENT_3D('',#4519,#3496,#3497);
#3026=AXIS2_PLACEMENT_3D('',#4521,#3499,#3500);
#3027=AXIS2_PLACEMENT_3D('',#4522,#3501,#3502);
#3028=AXIS2_PLACEMENT_3D('',#4523,#3503,#3504);
#3029=AXIS2_PLACEMENT_3D('',#4524,#3505,#3506);
#3030=AXIS2_PLACEMENT_3D('',#4525,#3507,#3508);
#3031=AXIS2_PLACEMENT_3D('',#4526,#3509,#3510);
#3032=AXIS2_PLACEMENT_3D('',#4528,#3512,#3513);
#3033=AXIS2_PLACEMENT_3D('',#4537,#3518,#3519);
#3034=AXIS2_PLACEMENT_3D('',#4538,#3520,#3521);
#3035=AXIS2_PLACEMENT_3D('',#4540,#3522,#3523);
#3036=AXIS2_PLACEMENT_3D('',#4543,#3525,#3526);
#3037=AXIS2_PLACEMENT_3D('',#4546,#3529,#3530);
#3038=AXIS2_PLACEMENT_3D('',#4547,#3531,#3532);
#3039=AXIS2_PLACEMENT_3D('',#4549,#3533,#3534);
#3040=AXIS2_PLACEMENT_3D('',#4552,#3536,#3537);
#3041=AXIS2_PLACEMENT_3D('',#4558,#3541,#3542);
#3042=AXIS2_PLACEMENT_3D('',#4559,#3543,#3544);
#3043=AXIS2_PLACEMENT_3D('',#4561,#3545,#3546);
#3044=AXIS2_PLACEMENT_3D('',#4564,#3548,#3549);
#3045=AXIS2_PLACEMENT_3D('',#4567,#3551,#3552);
#3046=AXIS2_PLACEMENT_3D('',#4571,#3554,#3555);
#3047=AXIS2_PLACEMENT_3D('',#4574,#3557,#3558);
#3048=AXIS2_PLACEMENT_3D('',#4580,#3562,#3563);
#3049=AXIS2_PLACEMENT_3D('',#4581,#3564,#3565);
#3050=AXIS2_PLACEMENT_3D('',#4589,#3569,#3570);
#3051=AXIS2_PLACEMENT_3D('',#4590,#3571,#3572);
#3052=AXIS2_PLACEMENT_3D('',#4591,#3573,#3574);
#3053=AXIS2_PLACEMENT_3D('',#4592,#3575,#3576);
#3054=AXIS2_PLACEMENT_3D('',#4593,#3577,#3578);
#3055=AXIS2_PLACEMENT_3D('',#4595,#3580,#3581);
#3056=AXIS2_PLACEMENT_3D('',#4597,#3583,#3584);
#3057=AXIS2_PLACEMENT_3D('',#4603,#3588,#3589);
#3058=AXIS2_PLACEMENT_3D('',#4604,#3590,#3591);
#3059=AXIS2_PLACEMENT_3D('',#4606,#3592,#3593);
#3060=AXIS2_PLACEMENT_3D('',#4609,#3595,#3596);
#3061=AXIS2_PLACEMENT_3D('',#4615,#3600,#3601);
#3062=AXIS2_PLACEMENT_3D('',#4616,#3602,#3603);
#3063=AXIS2_PLACEMENT_3D('',#4618,#3604,#3605);
#3064=AXIS2_PLACEMENT_3D('',#4621,#3607,#3608);
#3065=AXIS2_PLACEMENT_3D('',#4624,#3610,#3611);
#3066=AXIS2_PLACEMENT_3D('',#4628,#3613,#3614);
#3067=AXIS2_PLACEMENT_3D('',#4631,#3616,#3617);
#3068=AXIS2_PLACEMENT_3D('',#4637,#3621,#3622);
#3069=AXIS2_PLACEMENT_3D('',#4638,#3623,#3624);
#3070=AXIS2_PLACEMENT_3D('',#4646,#3628,#3629);
#3071=AXIS2_PLACEMENT_3D('',#4647,#3630,#3631);
#3072=AXIS2_PLACEMENT_3D('',#4648,#3632,#3633);
#3073=AXIS2_PLACEMENT_3D('',#4650,#3634,#3635);
#3074=AXIS2_PLACEMENT_3D('',#4653,#3637,#3638);
#3075=AXIS2_PLACEMENT_3D('',#4659,#3642,#3643);
#3076=AXIS2_PLACEMENT_3D('',#4660,#3644,#3645);
#3077=AXIS2_PLACEMENT_3D('',#4661,#3646,#3647);
#3078=AXIS2_PLACEMENT_3D('',#4662,#3648,#3649);
#3079=AXIS2_PLACEMENT_3D('',#4664,#3651,#3652);
#3080=AXIS2_PLACEMENT_3D('',#4666,#3654,#3655);
#3081=AXIS2_PLACEMENT_3D('',#4667,#3656,#3657);
#3082=AXIS2_PLACEMENT_3D('',#4668,#3658,#3659);
#3083=AXIS2_PLACEMENT_3D('',#4669,#3660,#3661);
#3084=AXIS2_PLACEMENT_3D('',#4670,#3662,#3663);
#3085=AXIS2_PLACEMENT_3D('',#4672,#3665,#3666);
#3086=AXIS2_PLACEMENT_3D('',#4676,#3668,#3669);
#3087=AXIS2_PLACEMENT_3D('',#4677,#3670,#3671);
#3088=AXIS2_PLACEMENT_3D('',#4680,#3674,#3675);
#3089=AXIS2_PLACEMENT_3D('',#4681,#3676,#3677);
#3090=AXIS2_PLACEMENT_3D('',#4682,#3678,#3679);
#3091=AXIS2_PLACEMENT_3D('',#4683,#3680,#3681);
#3092=AXIS2_PLACEMENT_3D('',#4686,#3683,#3684);
#3093=AXIS2_PLACEMENT_3D('',#4690,#3687,#3688);
#3094=AXIS2_PLACEMENT_3D('',#4691,#3689,#3690);
#3095=AXIS2_PLACEMENT_3D('',#4692,#3691,#3692);
#3096=AXIS2_PLACEMENT_3D('',#4694,#3694,#3695);
#3097=AXIS2_PLACEMENT_3D('',#4695,#3696,#3697);
#3098=AXIS2_PLACEMENT_3D('',#4697,#3698,#3699);
#3099=AXIS2_PLACEMENT_3D('',#4698,#3700,#3701);
#3100=AXIS2_PLACEMENT_3D('',#4700,#3702,#3703);
#3101=AXIS2_PLACEMENT_3D('',#4701,#3704,#3705);
#3102=AXIS2_PLACEMENT_3D('',#4703,#3706,#3707);
#3103=AXIS2_PLACEMENT_3D('',#4704,#3708,#3709);
#3104=AXIS2_PLACEMENT_3D('',#4706,#3710,#3711);
#3105=AXIS2_PLACEMENT_3D('',#4707,#3712,#3713);
#3106=AXIS2_PLACEMENT_3D('',#4708,#3714,#3715);
#3107=AXIS2_PLACEMENT_3D('',#4709,#3716,#3717);
#3108=AXIS2_PLACEMENT_3D('',#4710,#3718,#3719);
#3109=AXIS2_PLACEMENT_3D('',#4711,#3720,#3721);
#3110=AXIS2_PLACEMENT_3D('',#4712,#3722,#3723);
#3111=AXIS2_PLACEMENT_3D('',#4713,#3724,#3725);
#3112=AXIS2_PLACEMENT_3D('',#4714,#3726,#3727);
#3113=AXIS2_PLACEMENT_3D('',#4733,#3729,#3730);
#3114=AXIS2_PLACEMENT_3D('',#5752,#3736,#3737);
#3115=AXIS2_PLACEMENT_3D('',#5753,#3738,#3739);
#3116=DIRECTION('',(0.,0.,1.));
#3117=DIRECTION('',(1.,0.,0.));
#3118=DIRECTION('',(0.,0.,-1.));
#3119=DIRECTION('',(-1.,0.,0.));
#3120=DIRECTION('',(-6.12303176911189E-17,-1.,0.));
#3121=DIRECTION('',(-1.,0.,0.));
#3122=DIRECTION('',(-6.12303176911189E-17,-1.,0.));
#3123=DIRECTION('',(-1.,0.,0.));
#3124=DIRECTION('',(0.,0.,1.));
#3125=DIRECTION('',(1.,0.,0.));
#3126=DIRECTION('',(6.12303176911189E-17,1.,0.));
#3127=DIRECTION('',(-1.,0.,0.));
#3128=DIRECTION('',(6.12303176911189E-17,1.,0.));
#3129=DIRECTION('',(-1.,0.,0.));
#3130=DIRECTION('',(0.,1.,0.));
#3131=DIRECTION('',(0.,0.,1.));
#3132=DIRECTION('',(0.,0.,-1.));
#3133=DIRECTION('',(0.,0.,-1.));
#3134=DIRECTION('',(-1.,0.,0.));
#3135=DIRECTION('',(0.,0.,1.));
#3136=DIRECTION('',(1.,-6.12303176911189E-17,0.));
#3137=DIRECTION('',(6.12303176911189E-17,1.,0.));
#3138=DIRECTION('',(-1.,0.,0.));
#3139=DIRECTION('',(1.,-6.12303176911189E-17,0.));
#3140=DIRECTION('',(6.12303176911189E-17,1.,0.));
#3141=DIRECTION('',(-1.,0.,0.));
#3142=DIRECTION('',(0.,0.,1.));
#3143=DIRECTION('',(-1.,6.12303176911189E-17,0.));
#3144=DIRECTION('',(6.12303176911189E-17,1.,0.));
#3145=DIRECTION('',(-1.,6.12303176911189E-17,0.));
#3146=DIRECTION('',(6.12303176911189E-17,1.,0.));
#3147=DIRECTION('',(-1.,0.,0.));
#3148=DIRECTION('',(0.,-1.,0.));
#3149=DIRECTION('',(0.,0.,-1.));
#3150=DIRECTION('',(0.,0.,1.));
#3151=DIRECTION('',(0.,0.,1.));
#3152=DIRECTION('',(-1.,0.,0.));
#3153=DIRECTION('',(0.,1.,0.));
#3154=DIRECTION('',(0.,0.,1.));
#3155=DIRECTION('',(0.,0.,-1.));
#3156=DIRECTION('',(1.,0.,0.));
#3157=DIRECTION('',(0.,0.,-1.));
#3158=DIRECTION('',(-1.,6.12303176911189E-17,0.));
#3159=DIRECTION('',(-6.12303176911189E-17,-1.,0.));
#3160=DIRECTION('',(6.12303176911189E-17,1.,0.));
#3161=DIRECTION('',(-1.,6.12303176911189E-17,0.));
#3162=DIRECTION('',(-6.12303176911189E-17,-1.,0.));
#3163=DIRECTION('',(6.12303176911189E-17,1.,0.));
#3164=DIRECTION('',(0.,0.,-1.));
#3165=DIRECTION('',(-1.,0.,0.));
#3166=DIRECTION('',(0.,0.,-1.));
#3167=DIRECTION('',(-1.,0.,0.));
#3168=DIRECTION('',(-6.12303176911189E-17,-1.,0.));
#3169=DIRECTION('',(-1.,0.,0.));
#3170=DIRECTION('',(-6.12303176911189E-17,-1.,0.));
#3171=DIRECTION('',(-1.,0.,0.));
#3172=DIRECTION('',(-1.,0.,0.));
#3173=DIRECTION('',(0.,0.,1.));
#3174=DIRECTION('',(-1.,6.12303176911189E-17,0.));
#3175=DIRECTION('',(6.12303176911189E-17,1.,0.));
#3176=DIRECTION('',(-1.,6.12303176911189E-17,0.));
#3177=DIRECTION('',(6.12303176911189E-17,1.,0.));
#3178=DIRECTION('',(-1.,0.,0.));
#3179=DIRECTION('',(0.,0.,1.));
#3180=DIRECTION('',(1.,0.,0.));
#3181=DIRECTION('',(6.12303176911189E-17,1.,0.));
#3182=DIRECTION('',(-1.,0.,0.));
#3183=DIRECTION('',(6.12303176911189E-17,1.,0.));
#3184=DIRECTION('',(-1.,0.,0.));
#3185=DIRECTION('',(0.,1.,0.));
#3186=DIRECTION('',(0.,0.,1.));
#3187=DIRECTION('',(0.,0.,-1.));
#3188=DIRECTION('',(0.,0.,-1.));
#3189=DIRECTION('',(-1.,0.,0.));
#3190=DIRECTION('',(0.,0.,1.));
#3191=DIRECTION('',(1.,-6.12303176911189E-17,0.));
#3192=DIRECTION('',(6.12303176911189E-17,1.,0.));
#3193=DIRECTION('',(-1.,0.,0.));
#3194=DIRECTION('',(1.,-6.12303176911189E-17,0.));
#3195=DIRECTION('',(6.12303176911189E-17,1.,0.));
#3196=DIRECTION('',(0.,1.,0.));
#3197=DIRECTION('',(0.,0.,1.));
#3198=DIRECTION('',(0.,0.,-1.));
#3199=DIRECTION('',(1.,0.,0.));
#3200=DIRECTION('',(0.,0.,-1.));
#3201=DIRECTION('',(-1.,6.12303176911189E-17,0.));
#3202=DIRECTION('',(-6.12303176911189E-17,-1.,0.));
#3203=DIRECTION('',(6.12303176911189E-17,1.,0.));
#3204=DIRECTION('',(0.,0.,1.));
#3205=DIRECTION('',(0.,-1.,0.));
#3206=DIRECTION('',(0.,0.,-1.));
#3207=DIRECTION('',(0.,0.,1.));
#3208=DIRECTION('',(-1.,0.,0.));
#3209=DIRECTION('',(-1.,6.12303176911189E-17,0.));
#3210=DIRECTION('',(-6.12303176911189E-17,-1.,0.));
#3211=DIRECTION('',(6.12303176911189E-17,1.,0.));
#3212=DIRECTION('',(0.,0.,-1.));
#3213=DIRECTION('',(-1.,0.,0.));
#3214=DIRECTION('',(0.,0.,-1.));
#3215=DIRECTION('',(-1.,0.,0.));
#3216=DIRECTION('',(-6.12303176911189E-17,-1.,0.));
#3217=DIRECTION('',(-1.,0.,0.));
#3218=DIRECTION('',(-6.12303176911189E-17,-1.,0.));
#3219=DIRECTION('',(-1.,0.,0.));
#3220=DIRECTION('',(-1.,0.,0.));
#3221=DIRECTION('',(0.,0.,1.));
#3222=DIRECTION('',(-1.,6.12303176911189E-17,0.));
#3223=DIRECTION('',(-6.12303176911189E-17,-1.,0.));
#3224=DIRECTION('',(-1.,6.12303176911189E-17,0.));
#3225=DIRECTION('',(-6.12303176911189E-17,-1.,0.));
#3226=DIRECTION('',(1.,0.,0.));
#3227=DIRECTION('',(0.,0.,1.));
#3228=DIRECTION('',(1.,0.,0.));
#3229=DIRECTION('',(6.12303176911189E-17,1.,0.));
#3230=DIRECTION('',(-1.,0.,0.));
#3231=DIRECTION('',(6.12303176911189E-17,1.,0.));
#3232=DIRECTION('',(-1.,0.,0.));
#3233=DIRECTION('',(0.,1.,0.));
#3234=DIRECTION('',(0.,0.,1.));
#3235=DIRECTION('',(0.,0.,-1.));
#3236=DIRECTION('',(0.,0.,-1.));
#3237=DIRECTION('',(-1.,0.,0.));
#3238=DIRECTION('',(0.,0.,1.));
#3239=DIRECTION('',(1.,-6.12303176911189E-17,0.));
#3240=DIRECTION('',(6.12303176911189E-17,1.,0.));
#3241=DIRECTION('',(-1.,0.,0.));
#3242=DIRECTION('',(1.,-6.12303176911189E-17,0.));
#3243=DIRECTION('',(6.12303176911189E-17,1.,0.));
#3244=DIRECTION('',(0.,1.,0.));
#3245=DIRECTION('',(0.,0.,1.));
#3246=DIRECTION('',(0.,0.,-1.));
#3247=DIRECTION('',(-1.,0.,0.));
#3248=DIRECTION('',(0.,0.,-1.));
#3249=DIRECTION('',(-1.,6.12303176911189E-17,0.));
#3250=DIRECTION('',(-6.12303176911189E-17,-1.,0.));
#3251=DIRECTION('',(6.12303176911189E-17,1.,0.));
#3252=DIRECTION('',(0.,0.,1.));
#3253=DIRECTION('',(0.,-1.,0.));
#3254=DIRECTION('',(0.,0.,-1.));
#3255=DIRECTION('',(0.,0.,1.));
#3256=DIRECTION('',(-1.,0.,0.));
#3257=DIRECTION('',(-1.,6.12303176911189E-17,0.));
#3258=DIRECTION('',(-6.12303176911189E-17,-1.,0.));
#3259=DIRECTION('',(6.12303176911189E-17,1.,0.));
#3260=DIRECTION('',(0.,0.,-1.));
#3261=DIRECTION('',(-1.,0.,0.));
#3262=DIRECTION('',(-6.12303176911189E-17,-1.,0.));
#3263=DIRECTION('',(1.,-6.12303176911189E-17,0.));
#3264=DIRECTION('',(-6.12303176911189E-17,-1.,0.));
#3265=DIRECTION('',(1.,-6.12303176911189E-17,0.));
#3266=DIRECTION('',(-1.71450551880629E-15,1.04979717599686E-31,-1.));
#3267=DIRECTION('',(-6.12303176911189E-17,-1.,0.));
#3268=DIRECTION('',(1.,-6.12303176911189E-17,0.));
#3269=DIRECTION('',(-6.12303176911189E-17,-1.,0.));
#3270=DIRECTION('',(1.,-6.12303176911189E-17,0.));
#3271=DIRECTION('',(0.,1.,0.));
#3272=DIRECTION('',(0.,0.,1.));
#3273=DIRECTION('',(0.,0.,-1.));
#3274=DIRECTION('',(-1.,0.,0.));
#3275=DIRECTION('',(0.,0.,-1.));
#3276=DIRECTION('',(-1.,0.,0.));
#3277=DIRECTION('',(0.,0.,-1.));
#3278=DIRECTION('',(-1.,0.,0.));
#3279=DIRECTION('',(0.,0.,-1.));
#3280=DIRECTION('',(-1.,-2.60171432750485E-15,0.));
#3281=DIRECTION('',(0.,0.,-1.));
#3282=DIRECTION('',(-1.,-2.60171432750485E-15,0.));
#3283=DIRECTION('',(0.,0.,-1.));
#3284=DIRECTION('',(-1.,0.,0.));
#3285=DIRECTION('',(0.,0.,-1.));
#3286=DIRECTION('',(-1.,0.,0.));
#3287=DIRECTION('',(0.,0.,-1.));
#3288=DIRECTION('',(-1.,0.,0.));
#3289=DIRECTION('',(0.,1.,0.));
#3290=DIRECTION('',(0.,0.,1.));
#3291=DIRECTION('',(0.,0.,1.));
#3292=DIRECTION('',(-1.,0.,0.));
#3293=DIRECTION('',(0.,0.,-1.));
#3294=DIRECTION('',(-1.,0.,0.));
#3295=DIRECTION('',(0.,0.,1.));
#3296=DIRECTION('',(-1.,0.,0.));
#3297=DIRECTION('',(0.,0.,-1.));
#3298=DIRECTION('',(-1.,2.60171432750485E-15,0.));
#3299=DIRECTION('',(0.,0.,-1.));
#3300=DIRECTION('',(-1.,2.60171432750485E-15,0.));
#3301=DIRECTION('',(0.,0.,-1.));
#3302=DIRECTION('',(-1.,0.,0.));
#3303=DIRECTION('',(0.,0.,1.));
#3304=DIRECTION('',(-1.,0.,0.));
#3305=DIRECTION('',(0.,0.,-1.));
#3306=DIRECTION('',(-1.,0.,0.));
#3307=DIRECTION('',(0.,-2.61885441575653E-16,1.));
#3308=DIRECTION('',(0.,-1.,-2.61885441575653E-16));
#3309=DIRECTION('',(0.,1.,2.61885441575653E-16));
#3310=DIRECTION('',(-1.,0.,0.));
#3311=DIRECTION('',(6.12303176911189E-17,1.,2.61885441575653E-16));
#3312=DIRECTION('',(-1.,0.,0.));
#3313=DIRECTION('',(0.,2.61885441575653E-16,-1.));
#3314=DIRECTION('',(1.,0.,0.));
#3315=DIRECTION('',(0.,0.,-1.));
#3316=DIRECTION('',(-1.,0.,0.));
#3317=DIRECTION('',(-1.40974751775886E-16,-1.,0.));
#3318=DIRECTION('',(-1.,0.,0.));
#3319=DIRECTION('',(-6.12303176911189E-17,-1.,0.));
#3320=DIRECTION('',(-1.,0.,0.));
#3321=DIRECTION('',(0.,0.,-1.));
#3322=DIRECTION('',(-1.,0.,0.));
#3323=DIRECTION('',(-6.12303176911189E-17,-1.,0.));
#3324=DIRECTION('',(1.,-6.12303176911189E-17,0.));
#3325=DIRECTION('',(-1.,0.,0.));
#3326=DIRECTION('',(-6.12303176911189E-17,-1.,0.));
#3327=DIRECTION('',(1.,-6.12303176911189E-17,0.));
#3328=DIRECTION('',(0.,1.,0.));
#3329=DIRECTION('',(0.,0.,1.));
#3330=DIRECTION('',(-1.,0.,0.));
#3331=DIRECTION('',(0.,1.,0.));
#3332=DIRECTION('',(0.,0.,1.));
#3333=DIRECTION('',(6.12303176911189E-17,1.,0.));
#3334=DIRECTION('',(-1.,6.12303176911189E-17,0.));
#3335=DIRECTION('',(-6.12303176911189E-17,-1.,0.));
#3336=DIRECTION('',(1.,-6.12303176911189E-17,0.));
#3337=DIRECTION('',(0.,0.,1.));
#3338=DIRECTION('',(1.,0.,0.));
#3339=DIRECTION('',(-6.12303176911189E-17,-1.,0.));
#3340=DIRECTION('',(-6.12303176911189E-17,-1.,0.));
#3341=DIRECTION('',(-6.12303176911189E-17,-1.,0.));
#3342=DIRECTION('',(1.,-6.12303176911189E-17,0.));
#3343=DIRECTION('',(0.,-1.,0.));
#3344=DIRECTION('',(0.,0.,-1.));
#3345=DIRECTION('',(0.,0.,-1.));
#3346=DIRECTION('',(-1.,0.,0.));
#3347=DIRECTION('',(0.,0.,1.));
#3348=DIRECTION('',(-1.,0.,0.));
#3349=DIRECTION('',(-6.12303176911189E-17,-1.,0.));
#3350=DIRECTION('',(1.,-6.12303176911189E-17,0.));
#3351=DIRECTION('',(-6.12303176911189E-17,-1.,0.));
#3352=DIRECTION('',(-6.12303176911189E-17,-1.,0.));
#3353=DIRECTION('',(1.,-6.12303176911189E-17,0.));
#3354=DIRECTION('',(0.,-1.,0.));
#3355=DIRECTION('',(0.,0.,-1.));
#3356=DIRECTION('',(0.,1.,0.));
#3357=DIRECTION('',(0.,0.,1.));
#3358=DIRECTION('',(0.,0.,-1.));
#3359=DIRECTION('',(-1.,0.,0.));
#3360=DIRECTION('',(0.,0.,-1.));
#3361=DIRECTION('',(-1.,0.,0.));
#3362=DIRECTION('',(0.,1.,0.));
#3363=DIRECTION('',(0.,0.,1.));
#3364=DIRECTION('',(0.,0.,-1.));
#3365=DIRECTION('',(-1.,0.,0.));
#3366=DIRECTION('',(0.,0.,-1.));
#3367=DIRECTION('',(-1.,0.,0.));
#3368=DIRECTION('',(-1.,0.,0.));
#3369=DIRECTION('',(0.,0.,1.));
#3370=DIRECTION('',(-8.96685443921408E-16,-1.,-2.61885441575653E-16));
#3371=DIRECTION('',(-1.,0.,0.));
#3372=DIRECTION('',(0.,0.,1.));
#3373=DIRECTION('',(-1.,0.,0.));
#3374=DIRECTION('',(0.,0.,1.));
#3375=DIRECTION('',(0.,0.,-1.));
#3376=DIRECTION('',(-1.40974751775886E-16,-1.,0.));
#3377=DIRECTION('',(-1.,0.,0.));
#3378=DIRECTION('',(0.,0.,1.));
#3379=DIRECTION('',(-1.,0.,0.));
#3380=DIRECTION('',(0.,0.,1.));
#3381=DIRECTION('',(-8.96685443921408E-16,-1.,-2.61885441575653E-16));
#3382=DIRECTION('',(0.,-2.61885441575653E-16,1.));
#3383=DIRECTION('',(1.,0.,0.));
#3384=DIRECTION('',(0.,0.,-1.));
#3385=DIRECTION('',(1.40974751775886E-16,1.,0.));
#3386=DIRECTION('',(1.,0.,0.));
#3387=DIRECTION('',(0.,0.,-1.));
#3388=DIRECTION('',(1.,0.,0.));
#3389=DIRECTION('',(0.,0.,-1.));
#3390=DIRECTION('',(0.,-2.61885441575653E-16,1.));
#3391=DIRECTION('',(0.,1.,2.61885441575653E-16));
#3392=DIRECTION('',(1.,0.,0.));
#3393=DIRECTION('',(0.,0.,-1.));
#3394=DIRECTION('',(1.,0.,0.));
#3395=DIRECTION('',(0.,0.,-1.));
#3396=DIRECTION('',(1.40974751775886E-16,1.,0.));
#3397=DIRECTION('',(0.,0.,-1.));
#3398=DIRECTION('',(0.,0.,-1.));
#3399=DIRECTION('',(-1.,0.,0.));
#3400=DIRECTION('',(0.,-1.,0.));
#3401=DIRECTION('',(-6.12303176911189E-17,-1.,0.));
#3402=DIRECTION('',(1.,0.,0.));
#3403=DIRECTION('',(0.,0.,-1.));
#3404=DIRECTION('',(0.,1.,2.79133168880934E-16));
#3405=DIRECTION('',(0.,-2.79133168880934E-16,1.));
#3406=DIRECTION('',(0.,-1.,-2.79133168880934E-16));
#3407=DIRECTION('',(6.12303176911189E-17,1.,2.79133168880934E-16));
#3408=DIRECTION('',(0.,-1.39566584440467E-16,-1.));
#3409=DIRECTION('',(0.,1.,-1.39566584440467E-16));
#3410=DIRECTION('',(0.,-1.,1.39566584440467E-16));
#3411=DIRECTION('',(-6.12303176911189E-17,-1.,1.39566584440467E-16));
#3412=DIRECTION('',(1.,0.,0.));
#3413=DIRECTION('',(0.,0.,-1.));
#3414=DIRECTION('',(0.,1.,0.));
#3415=DIRECTION('',(0.,0.,1.));
#3416=DIRECTION('',(1.,0.,0.));
#3417=DIRECTION('',(6.12303176911189E-17,1.,0.));
#3418=DIRECTION('',(-1.,0.,0.));
#3419=DIRECTION('',(0.,0.,1.));
#3420=DIRECTION('',(0.,-1.,0.));
#3421=DIRECTION('',(0.,1.,-1.39566584440467E-16));
#3422=DIRECTION('',(0.,0.,1.));
#3423=DIRECTION('',(-1.,0.,0.));
#3424=DIRECTION('',(0.,0.,1.));
#3425=DIRECTION('',(0.,-1.,-2.79133168880934E-16));
#3426=DIRECTION('',(0.,1.,0.));
#3427=DIRECTION('',(0.,0.,1.));
#3428=DIRECTION('',(0.,-2.61885441575653E-16,1.));
#3429=DIRECTION('',(0.,-1.,-2.61885441575653E-16));
#3430=DIRECTION('',(6.12303176911189E-17,1.,2.61885441575653E-16));
#3431=DIRECTION('',(-1.,0.,0.));
#3432=DIRECTION('',(0.,2.61885441575653E-16,-1.));
#3433=DIRECTION('',(-1.,0.,0.));
#3434=DIRECTION('',(-1.,0.,0.));
#3435=DIRECTION('',(0.,0.,-1.));
#3436=DIRECTION('',(-1.,0.,0.));
#3437=DIRECTION('',(-6.12303176911189E-17,-1.,0.));
#3438=DIRECTION('',(-1.,0.,0.));
#3439=DIRECTION('',(0.,1.,0.));
#3440=DIRECTION('',(0.,0.,1.));
#3441=DIRECTION('',(0.,0.,-1.));
#3442=DIRECTION('',(-1.,0.,0.));
#3443=DIRECTION('',(0.,-2.79133168880934E-16,1.));
#3444=DIRECTION('',(0.,-1.,-2.79133168880934E-16));
#3445=DIRECTION('',(6.12303176911189E-17,1.,2.79133168880934E-16));
#3446=DIRECTION('',(0.,-1.39566584440467E-16,-1.));
#3447=DIRECTION('',(0.,1.,-1.39566584440467E-16));
#3448=DIRECTION('',(-6.12303176911189E-17,-1.,1.39566584440467E-16));
#3449=DIRECTION('',(-1.,0.,0.));
#3450=DIRECTION('',(0.,1.,0.));
#3451=DIRECTION('',(0.,0.,1.));
#3452=DIRECTION('',(0.,0.,-1.));
#3453=DIRECTION('',(-1.,0.,0.));
#3454=DIRECTION('',(0.,0.,1.));
#3455=DIRECTION('',(1.,0.,0.));
#3456=DIRECTION('',(6.12303176911189E-17,1.,0.));
#3457=DIRECTION('',(0.,-1.,0.));
#3458=DIRECTION('',(0.,0.,-1.));
#3459=DIRECTION('',(0.,-1.,0.));
#3460=DIRECTION('',(0.,0.,-1.));
#3461=DIRECTION('',(0.,-1.,0.));
#3462=DIRECTION('',(0.,0.,-1.));
#3463=DIRECTION('',(0.,0.,1.));
#3464=DIRECTION('',(-1.,0.,0.));
#3465=DIRECTION('',(0.,0.,1.));
#3466=DIRECTION('',(-1.,0.,0.));
#3467=DIRECTION('',(1.,-6.12303176911189E-17,0.));
#3468=DIRECTION('',(6.12303176911189E-17,1.,0.));
#3469=DIRECTION('',(1.,-6.12303176911189E-17,0.));
#3470=DIRECTION('',(6.12303176911189E-17,1.,0.));
#3471=DIRECTION('',(0.,0.,1.));
#3472=DIRECTION('',(1.,-6.12303176911189E-17,0.));
#3473=DIRECTION('',(6.12303176911189E-17,1.,0.));
#3474=DIRECTION('',(0.,-1.,0.));
#3475=DIRECTION('',(0.,0.,-1.));
#3476=DIRECTION('',(0.,-1.,0.));
#3477=DIRECTION('',(1.,-6.12303176911189E-17,0.));
#3478=DIRECTION('',(6.12303176911189E-17,1.,0.));
#3479=DIRECTION('',(1.,-6.12303176911189E-17,0.));
#3480=DIRECTION('',(6.12303176911189E-17,1.,0.));
#3481=DIRECTION('',(-6.12303176911189E-17,-1.,0.));
#3482=DIRECTION('',(0.,0.,1.));
#3483=DIRECTION('',(1.,-6.12303176911189E-17,0.));
#3484=DIRECTION('',(6.12303176911189E-17,1.,0.));
#3485=DIRECTION('',(0.,1.,0.));
#3486=DIRECTION('',(0.,0.,-1.));
#3487=DIRECTION('',(0.,1.,0.));
#3488=DIRECTION('',(0.,0.,-1.));
#3489=DIRECTION('',(-1.,0.,0.));
#3490=DIRECTION('',(-1.,0.,0.));
#3491=DIRECTION('',(0.,0.,-1.));
#3492=DIRECTION('',(-1.,0.,0.));
#3493=DIRECTION('',(-1.,0.,0.));
#3494=DIRECTION('',(-1.,0.,0.));
#3495=DIRECTION('',(0.,0.,1.));
#3496=DIRECTION('',(-0.707106781186547,0.,0.707106781186547));
#3497=DIRECTION('',(-0.707106781186547,0.,-0.707106781186547));
#3498=DIRECTION('',(-1.,0.,0.));
#3499=DIRECTION('',(-0.707106781186547,0.,-0.707106781186547));
#3500=DIRECTION('',(-0.707106781186547,0.,0.707106781186547));
#3501=DIRECTION('',(0.,0.,1.));
#3502=DIRECTION('',(1.,0.,0.));
#3503=DIRECTION('',(-0.707106781186547,0.,0.707106781186547));
#3504=DIRECTION('',(0.707106781186547,0.,0.707106781186547));
#3505=DIRECTION('',(0.,0.,-1.));
#3506=DIRECTION('',(-1.,0.,0.));
#3507=DIRECTION('',(-0.707106781186547,0.,-0.707106781186547));
#3508=DIRECTION('',(0.707106781186547,0.,-0.707106781186547));
#3509=DIRECTION('',(-1.,0.,0.));
#3510=DIRECTION('',(0.,0.,1.));
#3511=DIRECTION('',(-1.,0.,0.));
#3512=DIRECTION('',(0.875544833926909,0.483136878931739,0.));
#3513=DIRECTION('',(-0.483136878931739,0.875544833926909,0.));
#3514=DIRECTION('',(0.483136878931739,-0.875544833926909,0.));
#3515=DIRECTION('',(0.,0.,-1.));
#3516=DIRECTION('',(0.483136878931739,-0.875544833926909,0.));
#3517=DIRECTION('',(0.,0.,-1.));
#3518=DIRECTION('',(0.,0.,-1.));
#3519=DIRECTION('',(-1.,0.,0.));
#3520=DIRECTION('',(0.,0.,-1.));
#3521=DIRECTION('',(-1.,0.,0.));
#3522=DIRECTION('',(0.,0.,-1.));
#3523=DIRECTION('',(-1.,0.,0.));
#3524=DIRECTION('',(0.,0.,-1.));
#3525=DIRECTION('',(1.,-1.7293647850272E-15,0.));
#3526=DIRECTION('',(1.7293647850272E-15,1.,0.));
#3527=DIRECTION('',(-1.7293647850272E-15,-1.,0.));
#3528=DIRECTION('',(-1.7293647850272E-15,-1.,0.));
#3529=DIRECTION('',(0.,0.,-1.));
#3530=DIRECTION('',(-1.,0.,0.));
#3531=DIRECTION('',(0.,0.,1.));
#3532=DIRECTION('',(1.,0.,0.));
#3533=DIRECTION('',(0.,0.,1.));
#3534=DIRECTION('',(1.,0.,0.));
#3535=DIRECTION('',(0.,0.,-1.));
#3536=DIRECTION('',(-0.882491522795706,-0.470328302565044,0.));
#3537=DIRECTION('',(0.470328302565044,-0.882491522795706,0.));
#3538=DIRECTION('',(-0.470328302565044,0.882491522795706,0.));
#3539=DIRECTION('',(-0.470328302565044,0.882491522795706,0.));
#3540=DIRECTION('',(0.,0.,-1.));
#3541=DIRECTION('',(0.,0.,-1.));
#3542=DIRECTION('',(-1.,0.,0.));
#3543=DIRECTION('',(0.,0.,-1.));
#3544=DIRECTION('',(1.,0.,0.));
#3545=DIRECTION('',(0.,0.,-1.));
#3546=DIRECTION('',(1.,0.,0.));
#3547=DIRECTION('',(0.,0.,-1.));
#3548=DIRECTION('',(-0.88638535427056,0.462948165278419,0.));
#3549=DIRECTION('',(-0.462948165278419,-0.88638535427056,0.));
#3550=DIRECTION('',(0.462948165278419,0.88638535427056,0.));
#3551=DIRECTION('',(-0.88638535427056,0.462948165278419,0.));
#3552=DIRECTION('',(0.462948165278419,0.88638535427056,0.));
#3553=DIRECTION('',(0.,0.,-1.));
#3554=DIRECTION('',(-0.88638535427056,0.462948165278419,0.));
#3555=DIRECTION('',(-0.462948165278419,-0.88638535427056,0.));
#3556=DIRECTION('',(0.462948165278419,0.88638535427056,0.));
#3557=DIRECTION('',(0.534807261777601,0.844974078152664,0.));
#3558=DIRECTION('',(-0.844974078152664,0.534807261777601,0.));
#3559=DIRECTION('',(0.844974078152664,-0.534807261777601,0.));
#3560=DIRECTION('',(0.,0.,-1.));
#3561=DIRECTION('',(0.844974078152664,-0.534807261777601,0.));
#3562=DIRECTION('',(0.88489759742394,-0.465785618147812,0.));
#3563=DIRECTION('',(0.465785618147812,0.88489759742394,0.));
#3564=DIRECTION('',(0.88489759742394,-0.465785618147812,0.));
#3565=DIRECTION('',(0.465785618147812,0.88489759742394,0.));
#3566=DIRECTION('',(-0.465785618147812,-0.88489759742394,0.));
#3567=DIRECTION('',(0.,0.,-1.));
#3568=DIRECTION('',(-0.465785618147812,-0.88489759742394,0.));
#3569=DIRECTION('',(0.88489759742394,-0.465785618147812,0.));
#3570=DIRECTION('',(-0.465785618147812,-0.88489759742394,0.));
#3571=DIRECTION('',(0.,0.,-1.));
#3572=DIRECTION('',(-1.,0.,0.));
#3573=DIRECTION('',(0.,0.,1.));
#3574=DIRECTION('',(1.,0.,0.));
#3575=DIRECTION('',(0.,0.,1.));
#3576=DIRECTION('',(1.,0.,0.));
#3577=DIRECTION('',(0.,0.,-1.));
#3578=DIRECTION('',(-1.,0.,0.));
#3579=DIRECTION('',(0.844974078152664,-0.534807261777601,0.));
#3580=DIRECTION('',(0.,0.,-1.));
#3581=DIRECTION('',(-1.,0.,0.));
#3582=DIRECTION('',(0.844974078152664,-0.534807261777601,0.));
#3583=DIRECTION('',(-1.,-1.38349182802176E-15,0.));
#3584=DIRECTION('',(1.38349182802176E-15,-1.,0.));
#3585=DIRECTION('',(-1.38349182802176E-15,1.,0.));
#3586=DIRECTION('',(-1.38349182802176E-15,1.,0.));
#3587=DIRECTION('',(0.,0.,-1.));
#3588=DIRECTION('',(0.,0.,-1.));
#3589=DIRECTION('',(-1.,0.,0.));
#3590=DIRECTION('',(0.,0.,-1.));
#3591=DIRECTION('',(1.,0.,0.));
#3592=DIRECTION('',(0.,0.,-1.));
#3593=DIRECTION('',(1.,0.,0.));
#3594=DIRECTION('',(0.,0.,-1.));
#3595=DIRECTION('',(-0.875544833926911,0.483136878931734,0.));
#3596=DIRECTION('',(-0.483136878931734,-0.875544833926911,0.));
#3597=DIRECTION('',(0.483136878931734,0.875544833926911,0.));
#3598=DIRECTION('',(0.483136878931734,0.875544833926911,0.));
#3599=DIRECTION('',(0.,0.,-1.));
#3600=DIRECTION('',(0.,0.,-1.));
#3601=DIRECTION('',(-1.,0.,0.));
#3602=DIRECTION('',(0.,0.,1.));
#3603=DIRECTION('',(-1.,0.,0.));
#3604=DIRECTION('',(0.,0.,1.));
#3605=DIRECTION('',(-1.,0.,0.));
#3606=DIRECTION('',(0.,0.,-1.));
#3607=DIRECTION('',(-0.88489759742394,-0.465785618147812,0.));
#3608=DIRECTION('',(0.465785618147812,-0.88489759742394,0.));
#3609=DIRECTION('',(-0.465785618147812,0.88489759742394,0.));
#3610=DIRECTION('',(-0.88489759742394,-0.465785618147812,0.));
#3611=DIRECTION('',(0.465785618147812,-0.88489759742394,0.));
#3612=DIRECTION('',(0.,0.,-1.));
#3613=DIRECTION('',(-0.88489759742394,-0.465785618147812,0.));
#3614=DIRECTION('',(-0.465785618147812,0.88489759742394,0.));
#3615=DIRECTION('',(-0.465785618147812,0.88489759742394,0.));
#3616=DIRECTION('',(-0.534807261777601,0.844974078152664,0.));
#3617=DIRECTION('',(-0.844974078152664,-0.534807261777601,0.));
#3618=DIRECTION('',(0.844974078152664,0.534807261777601,0.));
#3619=DIRECTION('',(0.,0.,-1.));
#3620=DIRECTION('',(0.844974078152664,0.534807261777601,0.));
#3621=DIRECTION('',(0.88638535427056,0.462948165278419,0.));
#3622=DIRECTION('',(-0.462948165278419,0.88638535427056,0.));
#3623=DIRECTION('',(0.88638535427056,0.462948165278419,0.));
#3624=DIRECTION('',(0.462948165278419,-0.88638535427056,0.));
#3625=DIRECTION('',(0.462948165278419,-0.88638535427056,0.));
#3626=DIRECTION('',(0.,0.,-1.));
#3627=DIRECTION('',(0.462948165278419,-0.88638535427056,0.));
#3628=DIRECTION('',(0.88638535427056,0.462948165278419,0.));
#3629=DIRECTION('',(-0.462948165278419,0.88638535427056,0.));
#3630=DIRECTION('',(0.,0.,-1.));
#3631=DIRECTION('',(-1.,0.,0.));
#3632=DIRECTION('',(0.,0.,-1.));
#3633=DIRECTION('',(-1.,0.,0.));
#3634=DIRECTION('',(0.,0.,-1.));
#3635=DIRECTION('',(-1.,0.,0.));
#3636=DIRECTION('',(0.,0.,-1.));
#3637=DIRECTION('',(0.882491522795706,-0.470328302565044,0.));
#3638=DIRECTION('',(0.470328302565044,0.882491522795706,0.));
#3639=DIRECTION('',(-0.470328302565044,-0.882491522795706,0.));
#3640=DIRECTION('',(-0.470328302565044,-0.882491522795706,0.));
#3641=DIRECTION('',(0.,0.,-1.));
#3642=DIRECTION('',(0.,0.,-1.));
#3643=DIRECTION('',(-1.,0.,0.));
#3644=DIRECTION('',(0.,0.,1.));
#3645=DIRECTION('',(1.,0.,0.));
#3646=DIRECTION('',(0.,0.,1.));
#3647=DIRECTION('',(1.,0.,0.));
#3648=DIRECTION('',(0.,0.,-1.));
#3649=DIRECTION('',(-1.,0.,0.));
#3650=DIRECTION('',(0.844974078152664,0.534807261777601,0.));
#3651=DIRECTION('',(0.,0.,-1.));
#3652=DIRECTION('',(-1.,0.,0.));
#3653=DIRECTION('',(0.844974078152664,0.534807261777601,0.));
#3654=DIRECTION('',(0.844974078152664,-0.534807261777601,0.));
#3655=DIRECTION('',(0.534807261777601,0.844974078152664,0.));
#3656=DIRECTION('',(0.844974078152664,0.534807261777601,0.));
#3657=DIRECTION('',(-0.534807261777601,0.844974078152664,0.));
#3658=DIRECTION('',(-0.844974078152664,-0.534807261777601,0.));
#3659=DIRECTION('',(0.534807261777601,-0.844974078152664,0.));
#3660=DIRECTION('',(-0.844974078152664,0.534807261777601,0.));
#3661=DIRECTION('',(-0.534807261777601,-0.844974078152664,0.));
#3662=DIRECTION('',(0.,0.,-1.));
#3663=DIRECTION('',(-1.,0.,0.));
#3664=DIRECTION('',(-1.,0.,0.));
#3665=DIRECTION('',(0.,0.,-1.));
#3666=DIRECTION('',(-1.,0.,0.));
#3667=DIRECTION('',(-1.,0.,0.));
#3668=DIRECTION('',(0.,0.,-1.));
#3669=DIRECTION('',(-1.,0.,0.));
#3670=DIRECTION('',(0.,-1.,0.));
#3671=DIRECTION('',(0.,0.,-1.));
#3672=DIRECTION('',(0.,0.,-1.));
#3673=DIRECTION('',(0.,0.,-1.));
#3674=DIRECTION('',(0.,0.,1.));
#3675=DIRECTION('',(1.,0.,0.));
#3676=DIRECTION('',(0.,0.,1.));
#3677=DIRECTION('',(1.,0.,0.));
#3678=DIRECTION('',(0.,-2.61885441575653E-16,1.));
#3679=DIRECTION('',(0.,-1.,-2.61885441575653E-16));
#3680=DIRECTION('',(0.,2.61885441575653E-16,-1.));
#3681=DIRECTION('',(-1.,0.,0.));
#3682=DIRECTION('',(0.,-2.61885441575653E-16,1.));
#3683=DIRECTION('',(0.,1.,2.61885441575653E-16));
#3684=DIRECTION('',(0.,-2.61885441575653E-16,1.));
#3685=DIRECTION('',(-1.,0.,0.));
#3686=DIRECTION('',(0.,-2.61885441575653E-16,1.));
#3687=DIRECTION('',(0.,-2.61885441575653E-16,1.));
#3688=DIRECTION('',(0.,-1.,-2.61885441575653E-16));
#3689=DIRECTION('',(0.,2.61885441575653E-16,-1.));
#3690=DIRECTION('',(1.,0.,0.));
#3691=DIRECTION('',(0.,2.61885441575653E-16,-1.));
#3692=DIRECTION('',(0.,1.,2.61885441575653E-16));
#3693=DIRECTION('',(-1.,0.,0.));
#3694=DIRECTION('',(0.,1.,0.));
#3695=DIRECTION('',(0.,0.,1.));
#3696=DIRECTION('',(0.,1.,0.));
#3697=DIRECTION('',(0.,0.,1.));
#3698=DIRECTION('',(0.,1.,0.));
#3699=DIRECTION('',(0.,0.,1.));
#3700=DIRECTION('',(0.,1.,0.));
#3701=DIRECTION('',(0.,0.,1.));
#3702=DIRECTION('',(0.,1.,0.));
#3703=DIRECTION('',(0.,0.,1.));
#3704=DIRECTION('',(0.,1.,0.));
#3705=DIRECTION('',(0.,0.,1.));
#3706=DIRECTION('',(0.,1.,0.));
#3707=DIRECTION('',(0.,0.,1.));
#3708=DIRECTION('',(0.,1.,0.));
#3709=DIRECTION('',(0.,0.,1.));
#3710=DIRECTION('',(0.,1.,0.));
#3711=DIRECTION('',(0.,0.,1.));
#3712=DIRECTION('',(0.,1.,0.));
#3713=DIRECTION('',(0.,0.,1.));
#3714=DIRECTION('',(1.,0.,0.));
#3715=DIRECTION('',(0.,0.,-1.));
#3716=DIRECTION('',(-1.,0.,0.));
#3717=DIRECTION('',(0.,0.,1.));
#3718=DIRECTION('',(-1.,0.,0.));
#3719=DIRECTION('',(0.,0.,1.));
#3720=DIRECTION('',(-1.,0.,0.));
#3721=DIRECTION('',(0.,0.,1.));
#3722=DIRECTION('',(-1.,0.,0.));
#3723=DIRECTION('',(0.,0.,1.));
#3724=DIRECTION('',(-1.,0.,0.));
#3725=DIRECTION('',(0.,0.,1.));
#3726=DIRECTION('',(6.12303176911189E-17,1.,0.));
#3727=DIRECTION('',(-1.,6.12303176911189E-17,0.));
#3728=DIRECTION('',(1.25563485158329E-15,0.707106781186546,0.707106781186549));
#3729=DIRECTION('',(-6.12303176911189E-17,-1.,0.));
#3730=DIRECTION('',(1.,-6.12303176911189E-17,0.));
#3731=DIRECTION('',(-6.12303176911189E-17,-1.,0.));
#3732=DIRECTION('',(-6.12303176911189E-17,-1.,-2.18952885050753E-47));
#3733=DIRECTION('',(-1.64679941381857E-15,-0.314430333031031,-0.949280551612638));
#3734=DIRECTION('',(-1.92526691832143E-17,-0.314430333031031,-0.949280551612638));
#3735=DIRECTION('',(-1.28286287220725E-17,-0.209514325677478,0.977805577472287));
#3736=DIRECTION('',(-1.,6.12303176911189E-17,1.71450551880629E-15));
#3737=DIRECTION('',(-6.12303176911189E-17,-1.,0.));
#3738=DIRECTION('',(-1.,6.12303176911189E-17,0.));
#3739=DIRECTION('',(-6.12303176911189E-17,-1.,0.));
#3740=CARTESIAN_POINT('',(0.,0.,0.));
#3741=CARTESIAN_POINT('',(-2.1,-0.70846846430859,-7.10889003881647));
#3742=CARTESIAN_POINT('',(-2.9,-0.70846846430859,-7.10889003881647));
#3743=CARTESIAN_POINT('',(-2.9,-0.70846846430859,-7.10889003881647));
#3744=CARTESIAN_POINT('',(-2.9,-6.89910969904928,-7.10889003881647));
#3745=CARTESIAN_POINT('',(-2.1,-0.70846846430859,-7.10889003881647));
#3746=CARTESIAN_POINT('',(-2.1,-0.70846846430859,-7.10889003881647));
#3747=CARTESIAN_POINT('',(-2.1,-0.70846846430859,-7.10889003881647));
#3748=CARTESIAN_POINT('',(-2.1,-6.89910969904928,-7.10889003881647));
#3749=CARTESIAN_POINT('',(-2.1,-6.89910969904928,-7.10889003881647));
#3750=CARTESIAN_POINT('',(-2.1,-6.70719433047757,-6.89110996118353));
#3751=CARTESIAN_POINT('',(-2.9,-6.70719433047757,-6.89110996118353));
#3752=CARTESIAN_POINT('',(-2.9,-6.70719433047757,-6.89110996118353));
#3753=CARTESIAN_POINT('',(-2.9,-0.70846846430859,-6.89110996118353));
#3754=CARTESIAN_POINT('',(-2.1,-6.70719433047757,-6.89110996118353));
#3755=CARTESIAN_POINT('',(-2.1,-6.70719433047757,-6.89110996118353));
#3756=CARTESIAN_POINT('',(-2.1,-6.70719433047757,-6.89110996118353));
#3757=CARTESIAN_POINT('',(-2.1,-0.70846846430859,-6.89110996118353));
#3758=CARTESIAN_POINT('',(-2.1,-0.70846846430859,-6.89110996118353));
#3759=CARTESIAN_POINT('',(-2.1,-0.70846846430859,-6.42556819824843));
#3760=CARTESIAN_POINT('',(-2.9,-0.70846846430859,-6.42556819824843));
#3761=CARTESIAN_POINT('',(-2.1,-0.70846846430859,-6.42556819824843));
#3762=CARTESIAN_POINT('',(-2.1,-6.70719433047757,-6.84135142503071));
#3763=CARTESIAN_POINT('',(-2.9,-6.70719433047757,-6.84135142503071));
#3764=CARTESIAN_POINT('',(-2.9,-6.7569528666304,-6.84135142503071));
#3765=CARTESIAN_POINT('',(-2.1,-6.7569528666304,-6.84135142503071));
#3766=CARTESIAN_POINT('',(-2.1,-6.7569528666304,-6.84135142503071));
#3767=CARTESIAN_POINT('',(-2.1,-6.70719433047757,-6.84135142503071));
#3768=CARTESIAN_POINT('',(-2.1,-6.89910969904928,-6.97867828918287));
#3769=CARTESIAN_POINT('',(-2.9,-6.89910969904928,-6.97867828918287));
#3770=CARTESIAN_POINT('',(-2.9,-7.02932144868288,-6.97867828918287));
#3771=CARTESIAN_POINT('',(-2.1,-6.89910969904928,-6.97867828918287));
#3772=CARTESIAN_POINT('',(-2.1,-7.02932144868288,-6.97867828918287));
#3773=CARTESIAN_POINT('',(-2.1,-7.02932144868288,-6.97867828918287));
#3774=CARTESIAN_POINT('',(-2.1,-7.02932144868288,-6.51313652624776));
#3775=CARTESIAN_POINT('',(-2.9,-7.02932144868288,-6.51313652624776));
#3776=CARTESIAN_POINT('',(-2.9,-7.02932144868288,-5.79891551766887));
#3777=CARTESIAN_POINT('',(-2.1,-7.02932144868288,-6.51313652624776));
#3778=CARTESIAN_POINT('',(-2.1,-7.02932144868288,-5.79891551766887));
#3779=CARTESIAN_POINT('',(5.,-7.02932144868288,-5.79891551766887));
#3780=CARTESIAN_POINT('',(-2.1,-6.7569528666304,-5.79891551766887));
#3781=CARTESIAN_POINT('',(-2.9,-6.7569528666304,-5.79891551766887));
#3782=CARTESIAN_POINT('',(-2.9,-6.7569528666304,-5.79891551766887));
#3783=CARTESIAN_POINT('',(5.,-6.7569528666304,-5.79891551766887));
#3784=CARTESIAN_POINT('',(-2.1,-6.7569528666304,-5.79891551766887));
#3785=CARTESIAN_POINT('',(-2.1,-6.7569528666304,-5.79891551766887));
#3786=CARTESIAN_POINT('',(-2.1,-6.89910969904928,-6.51313652624776));
#3787=CARTESIAN_POINT('',(-2.1,-11.9041804352456,-5.79891551766887));
#3788=CARTESIAN_POINT('',(-2.9,-6.89910969904928,-6.51313652624776));
#3789=CARTESIAN_POINT('',(-2.9,-7.02932144868288,-5.79891551766887));
#3790=CARTESIAN_POINT('',(0.0105521772768916,-5.28020215856209,-5.79891551766887));
#3791=CARTESIAN_POINT('',(2.9,-0.70846846430859,-7.10889003881647));
#3792=CARTESIAN_POINT('',(2.1,-0.70846846430859,-7.10889003881647));
#3793=CARTESIAN_POINT('',(2.1,-0.70846846430859,-7.10889003881647));
#3794=CARTESIAN_POINT('',(2.1,-6.89910969904928,-7.10889003881647));
#3795=CARTESIAN_POINT('',(2.9,-0.70846846430859,-7.10889003881647));
#3796=CARTESIAN_POINT('',(2.9,-0.70846846430859,-7.10889003881647));
#3797=CARTESIAN_POINT('',(2.9,-0.70846846430859,-7.10889003881647));
#3798=CARTESIAN_POINT('',(2.9,-6.89910969904928,-7.10889003881647));
#3799=CARTESIAN_POINT('',(2.9,-6.89910969904928,-7.10889003881647));
#3800=CARTESIAN_POINT('',(2.9,-6.89910969904928,-6.97867828918287));
#3801=CARTESIAN_POINT('',(2.1,-6.89910969904928,-6.97867828918287));
#3802=CARTESIAN_POINT('',(2.1,-7.02932144868288,-6.97867828918287));
#3803=CARTESIAN_POINT('',(2.9,-6.89910969904928,-6.97867828918287));
#3804=CARTESIAN_POINT('',(2.9,-7.02932144868288,-6.97867828918287));
#3805=CARTESIAN_POINT('',(2.9,-7.02932144868288,-6.97867828918287));
#3806=CARTESIAN_POINT('',(2.9,-6.70719433047757,-6.89110996118353));
#3807=CARTESIAN_POINT('',(2.1,-6.70719433047757,-6.89110996118353));
#3808=CARTESIAN_POINT('',(2.1,-6.70719433047757,-6.89110996118353));
#3809=CARTESIAN_POINT('',(2.1,-0.70846846430859,-6.89110996118353));
#3810=CARTESIAN_POINT('',(2.9,-6.70719433047757,-6.89110996118353));
#3811=CARTESIAN_POINT('',(2.9,-6.70719433047757,-6.89110996118353));
#3812=CARTESIAN_POINT('',(2.9,-6.70719433047757,-6.89110996118353));
#3813=CARTESIAN_POINT('',(2.9,-0.70846846430859,-6.89110996118353));
#3814=CARTESIAN_POINT('',(2.9,-0.70846846430859,-6.89110996118353));
#3815=CARTESIAN_POINT('',(2.9,-0.70846846430859,-6.42556819824843));
#3816=CARTESIAN_POINT('',(2.1,-0.70846846430859,-6.42556819824843));
#3817=CARTESIAN_POINT('',(2.9,-0.70846846430859,-6.42556819824843));
#3818=CARTESIAN_POINT('',(2.9,-6.70719433047757,-6.84135142503071));
#3819=CARTESIAN_POINT('',(2.1,-6.70719433047757,-6.84135142503071));
#3820=CARTESIAN_POINT('',(2.1,-6.7569528666304,-6.84135142503071));
#3821=CARTESIAN_POINT('',(2.9,-6.7569528666304,-6.84135142503071));
#3822=CARTESIAN_POINT('',(2.9,-6.7569528666304,-6.84135142503071));
#3823=CARTESIAN_POINT('',(2.9,-6.70719433047757,-6.84135142503071));
#3824=CARTESIAN_POINT('',(2.9,-6.7569528666304,-5.79891551766887));
#3825=CARTESIAN_POINT('',(2.1,-6.7569528666304,-5.79891551766887));
#3826=CARTESIAN_POINT('',(2.1,-6.7569528666304,-5.79891551766887));
#3827=CARTESIAN_POINT('',(5.,-6.7569528666304,-5.79891551766887));
#3828=CARTESIAN_POINT('',(2.9,-6.7569528666304,-5.79891551766887));
#3829=CARTESIAN_POINT('',(2.9,-6.7569528666304,-5.79891551766887));
#3830=CARTESIAN_POINT('',(2.9,-6.89910969904928,-6.51313652624776));
#3831=CARTESIAN_POINT('',(2.9,-11.9041804352456,-5.79891551766887));
#3832=CARTESIAN_POINT('',(2.9,-7.02932144868288,-5.79891551766887));
#3833=CARTESIAN_POINT('',(2.9,-7.02932144868288,-6.51313652624776));
#3834=CARTESIAN_POINT('',(2.9,-7.02932144868288,-6.51313652624776));
#3835=CARTESIAN_POINT('',(2.1,-7.02932144868288,-6.51313652624776));
#3836=CARTESIAN_POINT('',(2.1,-7.02932144868288,-5.79891551766887));
#3837=CARTESIAN_POINT('',(5.,-7.02932144868288,-5.79891551766887));
#3838=CARTESIAN_POINT('',(2.1,-6.89910969904928,-6.51313652624776));
#3839=CARTESIAN_POINT('',(2.1,-7.02932144868288,-5.79891551766887));
#3840=CARTESIAN_POINT('',(0.0105521772768916,-5.28020215856209,-5.79891551766887));
#3841=CARTESIAN_POINT('',(0.4,-0.70846846430859,-7.10889003881647));
#3842=CARTESIAN_POINT('',(-0.4,-0.70846846430859,-7.10889003881647));
#3843=CARTESIAN_POINT('',(-0.4,-0.70846846430859,-7.10889003881647));
#3844=CARTESIAN_POINT('',(-0.4,-6.89910969904928,-7.10889003881647));
#3845=CARTESIAN_POINT('',(0.4,-0.70846846430859,-7.10889003881647));
#3846=CARTESIAN_POINT('',(0.4,-0.70846846430859,-7.10889003881647));
#3847=CARTESIAN_POINT('',(0.4,-0.70846846430859,-7.10889003881647));
#3848=CARTESIAN_POINT('',(0.4,-6.89910969904928,-7.10889003881647));
#3849=CARTESIAN_POINT('',(0.4,-6.89910969904928,-7.10889003881647));
#3850=CARTESIAN_POINT('',(0.4,-6.89910969904928,-6.97867828918287));
#3851=CARTESIAN_POINT('',(-0.4,-6.89910969904928,-6.97867828918287));
#3852=CARTESIAN_POINT('',(-0.4,-7.02932144868288,-6.97867828918287));
#3853=CARTESIAN_POINT('',(0.4,-6.89910969904928,-6.97867828918287));
#3854=CARTESIAN_POINT('',(0.4,-7.02932144868288,-6.97867828918287));
#3855=CARTESIAN_POINT('',(0.4,-7.02932144868288,-6.97867828918287));
#3856=CARTESIAN_POINT('',(0.4,-6.70719433047757,-6.89110996118353));
#3857=CARTESIAN_POINT('',(-0.4,-6.70719433047757,-6.89110996118353));
#3858=CARTESIAN_POINT('',(-0.4,-6.70719433047757,-6.89110996118353));
#3859=CARTESIAN_POINT('',(-0.4,-0.70846846430859,-6.89110996118353));
#3860=CARTESIAN_POINT('',(0.4,-6.70719433047757,-6.89110996118353));
#3861=CARTESIAN_POINT('',(0.4,-6.70719433047757,-6.89110996118353));
#3862=CARTESIAN_POINT('',(0.4,-6.70719433047757,-6.89110996118353));
#3863=CARTESIAN_POINT('',(0.4,-0.70846846430859,-6.89110996118353));
#3864=CARTESIAN_POINT('',(0.4,-0.70846846430859,-6.89110996118353));
#3865=CARTESIAN_POINT('',(0.4,-0.70846846430859,-6.42556819824843));
#3866=CARTESIAN_POINT('',(-0.4,-0.70846846430859,-6.42556819824843));
#3867=CARTESIAN_POINT('',(0.4,-0.70846846430859,-6.42556819824843));
#3868=CARTESIAN_POINT('',(0.4,-6.70719433047757,-6.84135142503071));
#3869=CARTESIAN_POINT('',(-0.4,-6.70719433047757,-6.84135142503071));
#3870=CARTESIAN_POINT('',(-0.4,-6.7569528666304,-6.84135142503071));
#3871=CARTESIAN_POINT('',(0.4,-6.7569528666304,-6.84135142503071));
#3872=CARTESIAN_POINT('',(0.4,-6.7569528666304,-6.84135142503071));
#3873=CARTESIAN_POINT('',(0.4,-6.70719433047757,-6.84135142503071));
#3874=CARTESIAN_POINT('',(0.4,-6.7569528666304,-5.79891551766887));
#3875=CARTESIAN_POINT('',(-0.4,-6.7569528666304,-5.79891551766887));
#3876=CARTESIAN_POINT('',(-0.4,-6.7569528666304,-5.79891551766887));
#3877=CARTESIAN_POINT('',(0.4,-6.7569528666304,-5.79891551766887));
#3878=CARTESIAN_POINT('',(0.4,-6.7569528666304,-5.79891551766887));
#3879=CARTESIAN_POINT('',(0.4,-6.7569528666304,-5.79891551766887));
#3880=CARTESIAN_POINT('',(0.4,-6.89910969904928,-6.51313652624776));
#3881=CARTESIAN_POINT('',(0.4,-7.02932144868288,-5.79891551766887));
#3882=CARTESIAN_POINT('',(0.4,-7.02932144868288,-5.79891551766887));
#3883=CARTESIAN_POINT('',(0.4,-7.02932144868288,-6.51313652624776));
#3884=CARTESIAN_POINT('',(0.4,-7.02932144868288,-6.51313652624776));
#3885=CARTESIAN_POINT('',(-0.4,-7.02932144868288,-6.51313652624776));
#3886=CARTESIAN_POINT('',(-0.4,-7.02932144868288,-5.79891551766887));
#3887=CARTESIAN_POINT('',(0.4,-7.02932144868288,-5.79891551766887));
#3888=CARTESIAN_POINT('',(-0.4,-6.89910969904928,-6.51313652624776));
#3889=CARTESIAN_POINT('',(-0.4,-7.02932144868288,-5.79891551766887));
#3890=CARTESIAN_POINT('',(0.0105521772768916,-5.28020215856209,-5.79891551766887));
#3891=CARTESIAN_POINT('',(-1.02410679149751E-15,-16.7254855129724,2.98497713858823));
#3892=CARTESIAN_POINT('',(-1.02410679149751E-15,-16.7254855129724,0.));
#3893=CARTESIAN_POINT('',(2.98497713858823,-16.7254855129724,0.));
#3894=CARTESIAN_POINT('',(4.09365298612264E-15,-16.7254855129724,2.98497713858823));
#3895=CARTESIAN_POINT('',(4.9799141986117E-15,-16.7254855129724,3.50189656682437));
#3896=CARTESIAN_POINT('',(4.89616363482291E-15,-16.7254855129724,3.45304833456724));
#3897=CARTESIAN_POINT('',(-1.02410679149751E-15,-16.7254855129724,0.));
#3898=CARTESIAN_POINT('',(2.71116538788456,-16.7254855129724,2.21649764364257));
#3899=CARTESIAN_POINT('',(2.44077165886593,-16.7254855129724,2.44257579414323));
#3900=CARTESIAN_POINT('',(2.53478927441403,-16.7254855129724,2.37186458545172));
#3901=CARTESIAN_POINT('',(2.62491916673359,-16.7254855129724,2.2965035865048));
#3902=CARTESIAN_POINT('',(2.71116538788458,-16.7254855129724,2.21649764364259));
#3903=CARTESIAN_POINT('',(2.44077165886593,-16.7254855129724,2.44257579414323));
#3904=CARTESIAN_POINT('',(-1.02410679149751E-15,-16.7254855129724,0.));
#3905=CARTESIAN_POINT('',(5.,-5.28020215856209,-5.79891551766887));
#3906=CARTESIAN_POINT('',(-4.54177767478607,-5.28020215856209,4.72239579852835));
#3907=CARTESIAN_POINT('',(-4.54177767478607,-5.28020215856209,4.80385497624697));
#3908=CARTESIAN_POINT('',(-4.54177767478607,-5.28020215856209,-5.46732097296053));
#3909=CARTESIAN_POINT('',(5.,-5.28020215856209,-5.46732097296053));
#3910=CARTESIAN_POINT('',(-5.,-5.28020215856209,-5.46732097296053));
#3911=CARTESIAN_POINT('',(-5.,-5.28020215856209,-5.79891551766887));
#3912=CARTESIAN_POINT('',(-5.,-5.28020215856209,-3.09746850511374));
#3913=CARTESIAN_POINT('',(5.,-5.28020215856209,-3.09746850511374));
#3914=CARTESIAN_POINT('',(-4.65501704734979,-5.28020215856209,-3.09746850511374));
#3915=CARTESIAN_POINT('',(-4.65501704734979,-5.28020215856209,4.78620886680512));
#3916=CARTESIAN_POINT('',(-4.65501704734979,-5.28020215856209,-1.75392573045982));
#3917=CARTESIAN_POINT('',(5.,-5.28020215856209,-1.75392573045982));
#3918=CARTESIAN_POINT('',(-5.,-5.28020215856209,-1.75392573045982));
#3919=CARTESIAN_POINT('',(-5.,-5.28020215856209,-1.75392573045982));
#3920=CARTESIAN_POINT('',(-5.,-5.28020215856209,-1.));
#3921=CARTESIAN_POINT('',(-4.66661914845192,-5.28020215856208,-1.));
#3922=CARTESIAN_POINT('',(-4.66661914845192,-5.28020215856208,-1.));
#3923=CARTESIAN_POINT('',(-4.66661914845192,-5.28020215856208,1.));
#3924=CARTESIAN_POINT('',(-4.66661914845192,-5.28020215856209,1.));
#3925=CARTESIAN_POINT('',(-4.66661914845192,-5.28020215856208,1.));
#3926=CARTESIAN_POINT('',(-5.,-5.28020215856209,1.));
#3927=CARTESIAN_POINT('',(-5.,-5.28020215856209,-1.75392573045982));
#3928=CARTESIAN_POINT('',(-5.,-5.28020215856209,1.75392573045982));
#3929=CARTESIAN_POINT('',(5.,-5.28020215856209,1.75392573045982));
#3930=CARTESIAN_POINT('',(-4.65501704734979,-5.28020215856209,1.75392573045982));
#3931=CARTESIAN_POINT('',(-4.65501704734979,-5.28020215856209,4.78620886680512));
#3932=CARTESIAN_POINT('',(-4.65501704734979,-5.28020215856209,3.09746850511374));
#3933=CARTESIAN_POINT('',(5.,-5.28020215856209,3.09746850511374));
#3934=CARTESIAN_POINT('',(-5.,-5.28020215856209,3.09746850511374));
#3935=CARTESIAN_POINT('',(-5.,-5.28020215856209,3.09746850511374));
#3936=CARTESIAN_POINT('',(-5.,-5.28020215856209,4.80385497624697));
#3937=CARTESIAN_POINT('',(5.,-5.28020215856209,4.80385497624697));
#3938=CARTESIAN_POINT('',(5.,-5.28020215856209,-5.79891551766887));
#3939=CARTESIAN_POINT('',(4.56288202933985,-5.28020215856209,-5.36317877359879));
#3940=CARTESIAN_POINT('',(4.56288202933985,-5.28020215856209,-5.46732097296053));
#3941=CARTESIAN_POINT('',(4.56288202933985,-5.28020215856209,4.80385497624697));
#3942=CARTESIAN_POINT('',(5.,-5.28020215856209,4.80385497624697));
#3943=CARTESIAN_POINT('',(5.,-5.28020215856209,4.80385497624697));
#3944=CARTESIAN_POINT('',(5.,-5.28020215856209,3.09746850511374));
#3945=CARTESIAN_POINT('',(5.,-5.28020215856209,3.09746850511374));
#3946=CARTESIAN_POINT('',(5.,-5.28020215856209,3.09746850511374));
#3947=CARTESIAN_POINT('',(4.66661914845192,-5.28020215856209,3.09746850511374));
#3948=CARTESIAN_POINT('',(4.66661914845192,-5.28020215856209,-5.50267573596329));
#3949=CARTESIAN_POINT('',(4.66661914845192,-5.28020215856209,1.75392573045982));
#3950=CARTESIAN_POINT('',(5.,-5.28020215856209,1.75392573045982));
#3951=CARTESIAN_POINT('',(5.,-5.28020215856209,1.75392573045982));
#3952=CARTESIAN_POINT('',(5.,-5.28020215856209,1.77893948043167E-16));
#3953=CARTESIAN_POINT('',(5.,-5.28020215856209,1.));
#3954=CARTESIAN_POINT('',(4.66661914845192,-5.28020215856209,1.));
#3955=CARTESIAN_POINT('',(4.66661914845192,-5.28020215856209,1.));
#3956=CARTESIAN_POINT('',(4.66661914845192,-5.28020215856209,1.));
#3957=CARTESIAN_POINT('',(4.66661914845192,-5.28020215856209,-1.));
#3958=CARTESIAN_POINT('',(4.66661914845192,-5.28020215856209,-1.));
#3959=CARTESIAN_POINT('',(5.,-5.28020215856209,-1.));
#3960=CARTESIAN_POINT('',(5.,-5.28020215856209,1.77893948043167E-16));
#3961=CARTESIAN_POINT('',(5.,-5.28020215856209,-1.75392573045982));
#3962=CARTESIAN_POINT('',(5.,-5.28020215856209,-1.75392573045982));
#3963=CARTESIAN_POINT('',(4.66661914845192,-5.28020215856209,-1.75392573045982));
#3964=CARTESIAN_POINT('',(4.66661914845192,-5.28020215856209,-5.50267573596329));
#3965=CARTESIAN_POINT('',(4.66661914845192,-5.28020215856209,-3.09746850511374));
#3966=CARTESIAN_POINT('',(5.,-5.28020215856209,-3.09746850511374));
#3967=CARTESIAN_POINT('',(5.,-5.28020215856209,-3.09746850511374));
#3968=CARTESIAN_POINT('',(5.,-5.28020215856209,-5.79891551766887));
#3969=CARTESIAN_POINT('',(5.,-5.28020215856209,-5.46732097296053));
#3970=CARTESIAN_POINT('',(5.,-5.28020215856209,-5.46732097296053));
#3971=CARTESIAN_POINT('',(5.,-5.28020215856209,5.1354495209553));
#3972=CARTESIAN_POINT('',(-4.54177767478607,-11.0839881608991,5.1354495209553));
#3973=CARTESIAN_POINT('',(-4.54177767478607,-11.0839881608991,5.1354495209553));
#3974=CARTESIAN_POINT('',(-4.54177767478607,-5.61179670327042,5.1354495209553));
#3975=CARTESIAN_POINT('',(5.,-5.61179670327042,5.1354495209553));
#3976=CARTESIAN_POINT('',(-5.,-5.61179670327042,5.1354495209553));
#3977=CARTESIAN_POINT('',(-5.,-5.28020215856209,5.1354495209553));
#3978=CARTESIAN_POINT('',(-5.,-11.4328055649315,5.1354495209553));
#3979=CARTESIAN_POINT('',(5.,-11.4328055649315,5.1354495209553));
#3980=CARTESIAN_POINT('',(-4.19296027075363,-11.4328055649315,5.1354495209553));
#3981=CARTESIAN_POINT('',(-4.19296027075363,-11.0839881608991,5.1354495209553));
#3982=CARTESIAN_POINT('',(5.,-11.9041804352456,-5.79891551766887));
#3983=CARTESIAN_POINT('',(4.56288202933985,-5.28020215856209,-5.79891551766887));
#3984=CARTESIAN_POINT('',(4.56288202933985,-5.61179670327042,-5.79891551766887));
#3985=CARTESIAN_POINT('',(4.56288202933985,-11.0839881608991,-5.79891551766887));
#3986=CARTESIAN_POINT('',(5.,-5.61179670327042,-5.79891551766887));
#3987=CARTESIAN_POINT('',(5.,-5.61179670327042,-5.79891551766887));
#3988=CARTESIAN_POINT('',(5.,-11.9041804352456,-5.79891551766887));
#3989=CARTESIAN_POINT('',(5.,-11.4328055649315,-5.79891551766887));
#3990=CARTESIAN_POINT('',(5.,-11.4328055649315,-5.79891551766887));
#3991=CARTESIAN_POINT('',(4.21406462530741,-11.4328055649315,-5.79891551766887));
#3992=CARTESIAN_POINT('',(4.21406462530741,-11.0839881608991,-5.79891551766887));
#3993=CARTESIAN_POINT('',(-1.97710859143615E-15,-32.2897000373219,0.));
#3994=CARTESIAN_POINT('',(4.7041367761265,-32.2897000373219,-1.30689941303302));
#3995=CARTESIAN_POINT('',(1.65387992284589,-32.2897000373219,-1.30689941303302));
#3996=CARTESIAN_POINT('',(-1.65387992284589,-32.2897000373219,-1.30689941303302));
#3997=CARTESIAN_POINT('',(-1.97710859143615E-15,-32.2897000373219,0.));
#3998=CARTESIAN_POINT('',(4.7041367761265,-24.5957369156352,-0.626807749886231));
#3999=CARTESIAN_POINT('',(4.7041367761265,-24.5957369156352,-1.30689941303302));
#4000=CARTESIAN_POINT('',(2.68367331136044,-24.5957369156352,-1.30689941303302));
#4001=CARTESIAN_POINT('',(-2.68367331136044,-24.5957369156352,-1.30689941303302));
#4002=CARTESIAN_POINT('',(-1.50600478519153E-15,-24.5957369156352,0.));
#4003=CARTESIAN_POINT('',(-1.97710859143615E-15,-32.2897000373219,0.));
#4004=CARTESIAN_POINT('',(2.68367331136044,-31.118528083619,-1.30689941303302));
#4005=CARTESIAN_POINT('',(2.35084920173642,-31.5180987759905,-1.30689941303302));
#4006=CARTESIAN_POINT('',(2.01310136252633,-31.9133401090749,-1.30689941303302));
#4007=CARTESIAN_POINT('',(1.65387992284589,-32.2897000373219,-1.30689941303302));
#4008=CARTESIAN_POINT('',(2.68367331136044,-31.118528083619,-1.30689941303302));
#4009=CARTESIAN_POINT('',(-1.90539736064E-15,-31.118528083619,0.));
#4010=CARTESIAN_POINT('',(-2.68367331136044,-31.118528083619,-1.30689941303302));
#4011=CARTESIAN_POINT('',(-1.65387992284589,-32.2897000373219,-1.30689941303302));
#4012=CARTESIAN_POINT('',(-2.01310136252633,-31.9133401090749,-1.30689941303302));
#4013=CARTESIAN_POINT('',(-2.35084920173642,-31.5180987759905,-1.30689941303302));
#4014=CARTESIAN_POINT('',(-2.68367331136045,-31.118528083619,-1.30689941303302));
#4015=CARTESIAN_POINT('',(4.7041367761265,-32.2897000373219,-1.30689941303302));
#4016=CARTESIAN_POINT('',(-2.68367331136044,-31.118528083619,-1.30689941303302));
#4017=CARTESIAN_POINT('',(2.68367331136044,-24.5957369156352,-1.30689941303302));
#4018=CARTESIAN_POINT('',(-6.04075565749126E-16,-9.86562847503802,0.));
#4019=CARTESIAN_POINT('',(0.,-5.55452854811484,0.));
#4020=CARTESIAN_POINT('',(-4.54177767478607,-5.55452854811484,4.72239579852835));
#4021=CARTESIAN_POINT('',(-4.54177767478607,-5.55452854811484,4.60168241142137));
#4022=CARTESIAN_POINT('',(-4.54177767478607,-5.55452854811484,-5.29372299784778));
#4023=CARTESIAN_POINT('',(0.,-5.55452854811484,4.60168241142137));
#4024=CARTESIAN_POINT('',(4.56288202933985,-5.55452854811484,4.60168241142137));
#4025=CARTESIAN_POINT('',(4.56288202933985,-5.55452854811484,-5.36317877359879));
#4026=CARTESIAN_POINT('',(4.56288202933985,-5.55452854811484,-5.29372299784778));
#4027=CARTESIAN_POINT('',(-4.54177767478607,-5.55452854811484,-5.29372299784778));
#4028=CARTESIAN_POINT('',(-6.04075565749126E-16,-9.86562847503802,0.));
#4029=CARTESIAN_POINT('',(-7.32628794018914E-16,-11.9651313539596,3.87214914182437));
#4030=CARTESIAN_POINT('',(-1.03753923552471,-11.9921527403784,3.87214914182437));
#4031=CARTESIAN_POINT('',(-1.93607457091219,-12.0191741267971,3.35337952406202));
#4032=CARTESIAN_POINT('',(-2.83460990629967,-12.0461955132159,2.83460990629967));
#4033=CARTESIAN_POINT('',(-3.35337952406202,-12.0732168996347,1.93607457091219));
#4034=CARTESIAN_POINT('',(-3.87214914182437,-12.1002382860534,1.03753923552471));
#4035=CARTESIAN_POINT('',(-3.87214914182437,-12.1272596724722,2.37100752617819E-16));
#4036=CARTESIAN_POINT('',(-3.87214914182437,-12.154281058891,-1.0375392355247));
#4037=CARTESIAN_POINT('',(-3.35337952406202,-12.1813024453098,-1.93607457091218));
#4038=CARTESIAN_POINT('',(-2.83460990629967,-12.2083238317285,-2.83460990629967));
#4039=CARTESIAN_POINT('',(-1.93607457091219,-12.2353452181473,-3.35337952406202));
#4040=CARTESIAN_POINT('',(-1.03753923552471,-12.2623666045661,-3.87214914182437));
#4041=CARTESIAN_POINT('',(-1.22668463615306E-15,-12.2893879909848,-3.87214914182437));
#4042=CARTESIAN_POINT('',(1.0375392355247,-12.3164093774036,-3.87214914182437));
#4043=CARTESIAN_POINT('',(1.93607457091218,-12.3434307638224,-3.35337952406202));
#4044=CARTESIAN_POINT('',(2.83460990629966,-12.3704521502411,-2.83460990629967));
#4045=CARTESIAN_POINT('',(3.35337952406202,-12.3974735366599,-1.93607457091219));
#4046=CARTESIAN_POINT('',(3.87214914182437,-12.4244949230787,-1.03753923552471));
#4047=CARTESIAN_POINT('',(3.87214914182437,-12.4515163094974,-7.11302257853458E-16));
#4048=CARTESIAN_POINT('',(3.87214914182437,-12.4785376959162,1.0375392355247));
#4049=CARTESIAN_POINT('',(3.35337952406202,-12.505559082335,1.93607457091218));
#4050=CARTESIAN_POINT('',(2.83460990629967,-12.5325804687537,2.83460990629967));
#4051=CARTESIAN_POINT('',(1.93607457091219,-12.5596018551725,3.35337952406202));
#4052=CARTESIAN_POINT('',(1.03753923552471,-12.5866232415913,3.87214914182437));
#4053=CARTESIAN_POINT('',(-7.7233746781593E-16,-12.61364462801,3.87214914182437));
#4054=CARTESIAN_POINT('',(-1.03753923552471,-12.6406660144288,3.87214914182437));
#4055=CARTESIAN_POINT('',(-1.93607457091219,-12.6676874008476,3.35337952406202));
#4056=CARTESIAN_POINT('',(-2.83460990629967,-12.6947087872664,2.83460990629967));
#4057=CARTESIAN_POINT('',(-3.35337952406202,-12.7217301736851,1.93607457091219));
#4058=CARTESIAN_POINT('',(-3.87214914182437,-12.7487515601039,1.03753923552471));
#4059=CARTESIAN_POINT('',(-3.87214914182437,-12.7757729465227,2.37100752617819E-16));
#4060=CARTESIAN_POINT('',(-3.87214914182437,-12.8027943329414,-1.0375392355247));
#4061=CARTESIAN_POINT('',(-3.35337952406202,-12.8298157193602,-1.93607457091218));
#4062=CARTESIAN_POINT('',(-2.83460990629967,-12.856837105779,-2.83460990629967));
#4063=CARTESIAN_POINT('',(-1.93607457091219,-12.8838584921977,-3.35337952406202));
#4064=CARTESIAN_POINT('',(-1.03753923552471,-12.9108798786165,-3.87214914182437));
#4065=CARTESIAN_POINT('',(-1.26639330995008E-15,-12.9379012650353,-3.87214914182437));
#4066=CARTESIAN_POINT('',(1.0375392355247,-12.964922651454,-3.87214914182437));
#4067=CARTESIAN_POINT('',(1.93607457091218,-12.9919440378728,-3.35337952406202));
#4068=CARTESIAN_POINT('',(2.83460990629966,-13.0189654242916,-2.83460990629967));
#4069=CARTESIAN_POINT('',(3.35337952406202,-13.0459868107103,-1.93607457091219));
#4070=CARTESIAN_POINT('',(3.87214914182437,-13.0730081971291,-1.03753923552471));
#4071=CARTESIAN_POINT('',(3.87214914182437,-13.1000295835479,-7.11302257853458E-16));
#4072=CARTESIAN_POINT('',(3.87214914182437,-13.1270509699666,1.0375392355247));
#4073=CARTESIAN_POINT('',(3.35337952406202,-13.1540723563854,1.93607457091218));
#4074=CARTESIAN_POINT('',(2.83460990629967,-13.1810937428042,2.83460990629967));
#4075=CARTESIAN_POINT('',(1.93607457091219,-13.208115129223,3.35337952406202));
#4076=CARTESIAN_POINT('',(1.03753923552471,-13.2351365156417,3.87214914182437));
#4077=CARTESIAN_POINT('',(-8.12046141612946E-16,-13.2621579020605,3.87214914182437));
#4078=CARTESIAN_POINT('',(-1.03753923552471,-13.2891792884793,3.87214914182437));
#4079=CARTESIAN_POINT('',(-1.93607457091219,-13.316200674898,3.35337952406202));
#4080=CARTESIAN_POINT('',(-2.83460990629967,-13.3432220613168,2.83460990629967));
#4081=CARTESIAN_POINT('',(-3.35337952406202,-13.3702434477356,1.93607457091219));
#4082=CARTESIAN_POINT('',(-3.87214914182437,-13.3972648341543,1.03753923552471));
#4083=CARTESIAN_POINT('',(-3.87214914182437,-13.4242862205731,2.37100752617819E-16));
#4084=CARTESIAN_POINT('',(-3.87214914182437,-13.4513076069919,-1.0375392355247));
#4085=CARTESIAN_POINT('',(-3.35337952406202,-13.4783289934106,-1.93607457091218));
#4086=CARTESIAN_POINT('',(-2.83460990629967,-13.5053503798294,-2.83460990629967));
#4087=CARTESIAN_POINT('',(-1.93607457091219,-13.5323717662482,-3.35337952406202));
#4088=CARTESIAN_POINT('',(-1.03753923552471,-13.5593931526669,-3.87214914182437));
#4089=CARTESIAN_POINT('',(-1.30610198374709E-15,-13.5864145390857,-3.87214914182437));
#4090=CARTESIAN_POINT('',(1.0375392355247,-13.6134359255045,-3.87214914182437));
#4091=CARTESIAN_POINT('',(1.93607457091218,-13.6404573119232,-3.35337952406202));
#4092=CARTESIAN_POINT('',(2.83460990629966,-13.667478698342,-2.83460990629967));
#4093=CARTESIAN_POINT('',(3.35337952406202,-13.6945000847608,-1.93607457091219));
#4094=CARTESIAN_POINT('',(3.87214914182437,-13.7215214711796,-1.03753923552471));
#4095=CARTESIAN_POINT('',(3.87214914182437,-13.7485428575983,-7.11302257853458E-16));
#4096=CARTESIAN_POINT('',(3.87214914182437,-13.7755642440171,1.0375392355247));
#4097=CARTESIAN_POINT('',(3.35337952406202,-13.8025856304359,1.93607457091218));
#4098=CARTESIAN_POINT('',(2.83460990629967,-13.8296070168546,2.83460990629967));
#4099=CARTESIAN_POINT('',(1.93607457091219,-13.8566284032734,3.35337952406202));
#4100=CARTESIAN_POINT('',(1.03753923552471,-13.8836497896922,3.87214914182437));
#4101=CARTESIAN_POINT('',(-8.51754815409962E-16,-13.9106711761109,3.87214914182437));
#4102=CARTESIAN_POINT('',(-1.03753923552471,-13.9376925625297,3.87214914182437));
#4103=CARTESIAN_POINT('',(-1.93607457091219,-13.9647139489485,3.35337952406202));
#4104=CARTESIAN_POINT('',(-2.83460990629967,-13.9917353353672,2.83460990629967));
#4105=CARTESIAN_POINT('',(-3.35337952406202,-14.018756721786,1.93607457091219));
#4106=CARTESIAN_POINT('',(-3.87214914182437,-14.0457781082048,1.03753923552471));
#4107=CARTESIAN_POINT('',(-3.87214914182437,-14.0727994946235,2.37100752617819E-16));
#4108=CARTESIAN_POINT('',(-3.87214914182437,-14.0998208810423,-1.0375392355247));
#4109=CARTESIAN_POINT('',(-3.35337952406202,-14.1268422674611,-1.93607457091218));
#4110=CARTESIAN_POINT('',(-2.83460990629967,-14.1538636538798,-2.83460990629967));
#4111=CARTESIAN_POINT('',(-1.93607457091219,-14.1808850402986,-3.35337952406202));
#4112=CARTESIAN_POINT('',(-1.03753923552471,-14.2079064267174,-3.87214914182437));
#4113=CARTESIAN_POINT('',(-1.34581065754411E-15,-14.2349278131362,-3.87214914182437));
#4114=CARTESIAN_POINT('',(1.0375392355247,-14.2619491995549,-3.87214914182437));
#4115=CARTESIAN_POINT('',(1.93607457091218,-14.2889705859737,-3.35337952406202));
#4116=CARTESIAN_POINT('',(2.83460990629966,-14.3159919723925,-2.83460990629967));
#4117=CARTESIAN_POINT('',(3.35337952406202,-14.3430133588112,-1.93607457091219));
#4118=CARTESIAN_POINT('',(3.87214914182437,-14.37003474523,-1.03753923552471));
#4119=CARTESIAN_POINT('',(3.87214914182437,-14.3970561316488,-7.11302257853458E-16));
#4120=CARTESIAN_POINT('',(3.87214914182437,-14.4240775180675,1.0375392355247));
#4121=CARTESIAN_POINT('',(3.35337952406202,-14.4510989044863,1.93607457091218));
#4122=CARTESIAN_POINT('',(2.83460990629967,-14.4781202909051,2.83460990629967));
#4123=CARTESIAN_POINT('',(1.93607457091219,-14.5051416773238,3.35337952406202));
#4124=CARTESIAN_POINT('',(1.03753923552471,-14.5321630637426,3.87214914182437));
#4125=CARTESIAN_POINT('',(-8.91463489206979E-16,-14.5591844501614,3.87214914182437));
#4126=CARTESIAN_POINT('',(-1.03753923552471,-14.5862058365801,3.87214914182437));
#4127=CARTESIAN_POINT('',(-1.93607457091219,-14.6132272229989,3.35337952406202));
#4128=CARTESIAN_POINT('',(-2.83460990629967,-14.6402486094177,2.83460990629967));
#4129=CARTESIAN_POINT('',(-3.35337952406202,-14.6672699958364,1.93607457091219));
#4130=CARTESIAN_POINT('',(-3.87214914182437,-14.6942913822552,1.03753923552471));
#4131=CARTESIAN_POINT('',(-3.87214914182437,-14.721312768674,2.37100752617819E-16));
#4132=CARTESIAN_POINT('',(-3.87214914182437,-14.7483341550928,-1.0375392355247));
#4133=CARTESIAN_POINT('',(-3.35337952406202,-14.7753555415115,-1.93607457091218));
#4134=CARTESIAN_POINT('',(-2.83460990629967,-14.8023769279303,-2.83460990629967));
#4135=CARTESIAN_POINT('',(-1.93607457091219,-14.8293983143491,-3.35337952406202));
#4136=CARTESIAN_POINT('',(-1.03753923552471,-14.8564197007678,-3.87214914182437));
#4137=CARTESIAN_POINT('',(-1.38551933134113E-15,-14.8834410871866,-3.87214914182437));
#4138=CARTESIAN_POINT('',(1.0375392355247,-14.9104624736054,-3.87214914182437));
#4139=CARTESIAN_POINT('',(1.93607457091218,-14.9374838600241,-3.35337952406202));
#4140=CARTESIAN_POINT('',(2.83460990629966,-14.9645052464429,-2.83460990629967));
#4141=CARTESIAN_POINT('',(3.35337952406202,-14.9915266328617,-1.93607457091219));
#4142=CARTESIAN_POINT('',(3.87214914182437,-15.0185480192804,-1.03753923552471));
#4143=CARTESIAN_POINT('',(3.87214914182437,-15.0455694056992,-7.11302257853458E-16));
#4144=CARTESIAN_POINT('',(3.87214914182437,-15.072590792118,1.0375392355247));
#4145=CARTESIAN_POINT('',(3.35337952406202,-15.0996121785367,1.93607457091218));
#4146=CARTESIAN_POINT('',(2.83460990629967,-15.1266335649555,2.83460990629967));
#4147=CARTESIAN_POINT('',(1.93607457091219,-15.1536549513743,3.35337952406202));
#4148=CARTESIAN_POINT('',(1.03753923552471,-15.180676337793,3.87214914182437));
#4149=CARTESIAN_POINT('',(-9.31172163003995E-16,-15.2076977242118,3.87214914182437));
#4150=CARTESIAN_POINT('',(-1.03753923552471,-15.2347191106306,3.87214914182437));
#4151=CARTESIAN_POINT('',(-1.93607457091219,-15.2617404970494,3.35337952406202));
#4152=CARTESIAN_POINT('',(-2.83460990629967,-15.2887618834681,2.83460990629967));
#4153=CARTESIAN_POINT('',(-3.35337952406202,-15.3157832698869,1.93607457091219));
#4154=CARTESIAN_POINT('',(-3.87214914182437,-15.3428046563057,1.03753923552471));
#4155=CARTESIAN_POINT('',(-3.87214914182437,-15.3698260427244,2.37100752617819E-16));
#4156=CARTESIAN_POINT('',(-3.87214914182437,-15.3968474291432,-1.0375392355247));
#4157=CARTESIAN_POINT('',(-3.35337952406202,-15.423868815562,-1.93607457091218));
#4158=CARTESIAN_POINT('',(-2.83460990629967,-15.4508902019807,-2.83460990629967));
#4159=CARTESIAN_POINT('',(-1.93607457091219,-15.4779115883995,-3.35337952406202));
#4160=CARTESIAN_POINT('',(-1.03753923552471,-15.5049329748183,-3.87214914182437));
#4161=CARTESIAN_POINT('',(-1.42522800513814E-15,-15.531954361237,-3.87214914182437));
#4162=CARTESIAN_POINT('',(1.0375392355247,-15.5589757476558,-3.87214914182437));
#4163=CARTESIAN_POINT('',(1.93607457091218,-15.5859971340746,-3.35337952406202));
#4164=CARTESIAN_POINT('',(2.83460990629966,-15.6130185204933,-2.83460990629967));
#4165=CARTESIAN_POINT('',(3.35337952406202,-15.6400399069121,-1.93607457091219));
#4166=CARTESIAN_POINT('',(3.87214914182437,-15.6670612933309,-1.03753923552471));
#4167=CARTESIAN_POINT('',(3.87214914182437,-15.6940826797496,-7.11302257853458E-16));
#4168=CARTESIAN_POINT('',(3.87214914182437,-15.7211040661684,1.0375392355247));
#4169=CARTESIAN_POINT('',(3.35337952406202,-15.7481254525872,1.93607457091218));
#4170=CARTESIAN_POINT('',(2.83460990629967,-15.775146839006,2.83460990629967));
#4171=CARTESIAN_POINT('',(1.93607457091219,-15.8021682254247,3.35337952406202));
#4172=CARTESIAN_POINT('',(1.03753923552471,-15.8291896118435,3.87214914182437));
#4173=CARTESIAN_POINT('',(-9.70880836801011E-16,-15.8562109982623,3.87214914182437));
#4174=CARTESIAN_POINT('',(-1.03753923552471,-15.883232384681,3.87214914182437));
#4175=CARTESIAN_POINT('',(-1.93607457091219,-15.9102537710998,3.35337952406202));
#4176=CARTESIAN_POINT('',(-2.83460990629967,-15.9372751575186,2.83460990629967));
#4177=CARTESIAN_POINT('',(-3.35337952406202,-15.9642965439373,1.93607457091219));
#4178=CARTESIAN_POINT('',(-3.87214914182437,-15.9913179303561,1.03753923552471));
#4179=CARTESIAN_POINT('',(-3.87214914182437,-16.0183393167749,2.37100752617819E-16));
#4180=CARTESIAN_POINT('',(-3.87214914182437,-16.0453607031936,-1.0375392355247));
#4181=CARTESIAN_POINT('',(-3.35337952406202,-16.0723820896124,-1.93607457091218));
#4182=CARTESIAN_POINT('',(-2.83460990629967,-16.0994034760312,-2.83460990629967));
#4183=CARTESIAN_POINT('',(-1.93607457091219,-16.1264248624499,-3.35337952406202));
#4184=CARTESIAN_POINT('',(-1.03753923552471,-16.1534462488687,-3.87214914182437));
#4185=CARTESIAN_POINT('',(-1.46493667893516E-15,-16.1804676352875,-3.87214914182437));
#4186=CARTESIAN_POINT('',(1.0375392355247,-16.2074890217062,-3.87214914182437));
#4187=CARTESIAN_POINT('',(1.93607457091218,-16.234510408125,-3.35337952406202));
#4188=CARTESIAN_POINT('',(2.83460990629966,-16.2615317945438,-2.83460990629967));
#4189=CARTESIAN_POINT('',(3.35337952406202,-16.2885531809626,-1.93607457091219));
#4190=CARTESIAN_POINT('',(3.87214914182437,-16.3155745673813,-1.03753923552471));
#4191=CARTESIAN_POINT('',(3.87214914182437,-16.3425959538001,-7.11302257853458E-16));
#4192=CARTESIAN_POINT('',(3.87214914182437,-16.3696173402189,1.0375392355247));
#4193=CARTESIAN_POINT('',(3.35337952406202,-16.3966387266376,1.93607457091218));
#4194=CARTESIAN_POINT('',(2.83460990629967,-16.4236601130564,2.83460990629967));
#4195=CARTESIAN_POINT('',(1.93607457091219,-16.4506814994752,3.35337952406202));
#4196=CARTESIAN_POINT('',(1.03753923552471,-16.4777028858939,3.87214914182437));
#4197=CARTESIAN_POINT('',(-1.01058951059803E-15,-16.5047242723127,3.87214914182437));
#4198=CARTESIAN_POINT('',(-7.32628794018914E-16,-11.9651313539596,3.87214914182437));
#4199=CARTESIAN_POINT('',(3.84261825240511,-16.3552329379724,0.477309064249023));
#4200=CARTESIAN_POINT('',(-7.44620083464435E-16,-12.1609704398519,3.87214914182437));
#4201=CARTESIAN_POINT('',(-7.56605822663886E-16,-12.3567188803534,3.87214914182437));
#4202=CARTESIAN_POINT('',(-7.56605822663886E-16,-12.3567188803534,3.87214914182437));
#4203=CARTESIAN_POINT('',(-1.03753923552471,-12.3837402667722,3.87214914182437));
#4204=CARTESIAN_POINT('',(-1.93607457091219,-12.4107616531909,3.35337952406202));
#4205=CARTESIAN_POINT('',(-2.83460990629967,-12.4377830396097,2.83460990629967));
#4206=CARTESIAN_POINT('',(-3.35337952406202,-12.4648044260285,1.93607457091219));
#4207=CARTESIAN_POINT('',(-3.87214914182437,-12.4918258124473,1.03753923552471));
#4208=CARTESIAN_POINT('',(-3.87214914182437,-12.518847198866,2.37100752617819E-16));
#4209=CARTESIAN_POINT('',(-3.87214914182437,-12.5458685852848,-1.0375392355247));
#4210=CARTESIAN_POINT('',(-3.35337952406202,-12.5728899717036,-1.93607457091218));
#4211=CARTESIAN_POINT('',(-2.83460990629967,-12.5999113581223,-2.83460990629967));
#4212=CARTESIAN_POINT('',(-1.93607457091219,-12.6269327445411,-3.35337952406202));
#4213=CARTESIAN_POINT('',(-1.03753923552471,-12.6539541309599,-3.87214914182437));
#4214=CARTESIAN_POINT('',(-1.25066166479803E-15,-12.6809755173786,-3.87214914182437));
#4215=CARTESIAN_POINT('',(1.0375392355247,-12.7079969037974,-3.87214914182437));
#4216=CARTESIAN_POINT('',(1.93607457091218,-12.7350182902162,-3.35337952406202));
#4217=CARTESIAN_POINT('',(2.83460990629966,-12.7620396766349,-2.83460990629967));
#4218=CARTESIAN_POINT('',(3.35337952406202,-12.7890610630537,-1.93607457091219));
#4219=CARTESIAN_POINT('',(3.87214914182437,-12.8160824494725,-1.03753923552471));
#4220=CARTESIAN_POINT('',(3.87214914182437,-12.8431038358912,-7.11302257853458E-16));
#4221=CARTESIAN_POINT('',(3.87214914182437,-12.87012522231,1.0375392355247));
#4222=CARTESIAN_POINT('',(3.35337952406202,-12.8971466087288,1.93607457091218));
#4223=CARTESIAN_POINT('',(2.83460990629967,-12.9241679951475,2.83460990629967));
#4224=CARTESIAN_POINT('',(1.93607457091219,-12.9511893815663,3.35337952406202));
#4225=CARTESIAN_POINT('',(1.03753923552471,-12.9782107679851,3.87214914182437));
#4226=CARTESIAN_POINT('',(-7.96314496460902E-16,-13.0052321544039,3.87214914182437));
#4227=CARTESIAN_POINT('',(-1.03753923552471,-13.0322535408226,3.87214914182437));
#4228=CARTESIAN_POINT('',(-1.93607457091219,-13.0592749272414,3.35337952406202));
#4229=CARTESIAN_POINT('',(-2.83460990629967,-13.0862963136602,2.83460990629967));
#4230=CARTESIAN_POINT('',(-3.35337952406202,-13.1133177000789,1.93607457091219));
#4231=CARTESIAN_POINT('',(-3.87214914182437,-13.1403390864977,1.03753923552471));
#4232=CARTESIAN_POINT('',(-3.87214914182437,-13.1673604729165,2.37100752617819E-16));
#4233=CARTESIAN_POINT('',(-3.87214914182437,-13.1943818593352,-1.0375392355247));
#4234=CARTESIAN_POINT('',(-3.35337952406202,-13.221403245754,-1.93607457091218));
#4235=CARTESIAN_POINT('',(-2.83460990629967,-13.2484246321728,-2.83460990629967));
#4236=CARTESIAN_POINT('',(-1.93607457091219,-13.2754460185915,-3.35337952406202));
#4237=CARTESIAN_POINT('',(-1.03753923552471,-13.3024674050103,-3.87214914182437));
#4238=CARTESIAN_POINT('',(-1.29037033859505E-15,-13.3294887914291,-3.87214914182437));
#4239=CARTESIAN_POINT('',(1.0375392355247,-13.3565101778478,-3.87214914182437));
#4240=CARTESIAN_POINT('',(1.93607457091218,-13.3835315642666,-3.35337952406202));
#4241=CARTESIAN_POINT('',(2.83460990629966,-13.4105529506854,-2.83460990629967));
#4242=CARTESIAN_POINT('',(3.35337952406202,-13.4375743371041,-1.93607457091219));
#4243=CARTESIAN_POINT('',(3.87214914182437,-13.4645957235229,-1.03753923552471));
#4244=CARTESIAN_POINT('',(3.87214914182437,-13.4916171099417,-7.11302257853458E-16));
#4245=CARTESIAN_POINT('',(3.87214914182437,-13.5186384963605,1.0375392355247));
#4246=CARTESIAN_POINT('',(3.35337952406202,-13.5456598827792,1.93607457091218));
#4247=CARTESIAN_POINT('',(2.83460990629967,-13.572681269198,2.83460990629967));
#4248=CARTESIAN_POINT('',(1.93607457091219,-13.5997026556168,3.35337952406202));
#4249=CARTESIAN_POINT('',(1.03753923552471,-13.6267240420355,3.87214914182437));
#4250=CARTESIAN_POINT('',(-8.36023170257918E-16,-13.6537454284543,3.87214914182437));
#4251=CARTESIAN_POINT('',(-1.03753923552471,-13.6807668148731,3.87214914182437));
#4252=CARTESIAN_POINT('',(-1.93607457091219,-13.7077882012918,3.35337952406202));
#4253=CARTESIAN_POINT('',(-2.83460990629967,-13.7348095877106,2.83460990629967));
#4254=CARTESIAN_POINT('',(-3.35337952406202,-13.7618309741294,1.93607457091219));
#4255=CARTESIAN_POINT('',(-3.87214914182437,-13.7888523605481,1.03753923552471));
#4256=CARTESIAN_POINT('',(-3.87214914182437,-13.8158737469669,2.37100752617819E-16));
#4257=CARTESIAN_POINT('',(-3.87214914182437,-13.8428951333857,-1.0375392355247));
#4258=CARTESIAN_POINT('',(-3.35337952406202,-13.8699165198044,-1.93607457091218));
#4259=CARTESIAN_POINT('',(-2.83460990629967,-13.8969379062232,-2.83460990629967));
#4260=CARTESIAN_POINT('',(-1.93607457091219,-13.923959292642,-3.35337952406202));
#4261=CARTESIAN_POINT('',(-1.03753923552471,-13.9509806790607,-3.87214914182437));
#4262=CARTESIAN_POINT('',(-1.33007901239206E-15,-13.9780020654795,-3.87214914182437));
#4263=CARTESIAN_POINT('',(1.0375392355247,-14.0050234518983,-3.87214914182437));
#4264=CARTESIAN_POINT('',(1.93607457091218,-14.0320448383171,-3.35337952406202));
#4265=CARTESIAN_POINT('',(2.83460990629966,-14.0590662247358,-2.83460990629967));
#4266=CARTESIAN_POINT('',(3.35337952406202,-14.0860876111546,-1.93607457091219));
#4267=CARTESIAN_POINT('',(3.87214914182437,-14.1131089975734,-1.03753923552471));
#4268=CARTESIAN_POINT('',(3.87214914182437,-14.1401303839921,-7.11302257853458E-16));
#4269=CARTESIAN_POINT('',(3.87214914182437,-14.1671517704109,1.0375392355247));
#4270=CARTESIAN_POINT('',(3.35337952406202,-14.1941731568297,1.93607457091218));
#4271=CARTESIAN_POINT('',(2.83460990629967,-14.2211945432484,2.83460990629967));
#4272=CARTESIAN_POINT('',(1.93607457091219,-14.2482159296672,3.35337952406202));
#4273=CARTESIAN_POINT('',(1.03753923552471,-14.275237316086,3.87214914182437));
#4274=CARTESIAN_POINT('',(-8.75731844054934E-16,-14.3022587025047,3.87214914182437));
#4275=CARTESIAN_POINT('',(-1.03753923552471,-14.3292800889235,3.87214914182437));
#4276=CARTESIAN_POINT('',(-1.93607457091219,-14.3563014753423,3.35337952406202));
#4277=CARTESIAN_POINT('',(-2.83460990629967,-14.383322861761,2.83460990629967));
#4278=CARTESIAN_POINT('',(-3.35337952406202,-14.4103442481798,1.93607457091219));
#4279=CARTESIAN_POINT('',(-3.87214914182437,-14.4373656345986,1.03753923552471));
#4280=CARTESIAN_POINT('',(-3.87214914182437,-14.4643870210173,2.37100752617819E-16));
#4281=CARTESIAN_POINT('',(-3.87214914182437,-14.4914084074361,-1.0375392355247));
#4282=CARTESIAN_POINT('',(-3.35337952406202,-14.5184297938549,-1.93607457091218));
#4283=CARTESIAN_POINT('',(-2.83460990629967,-14.5454511802737,-2.83460990629967));
#4284=CARTESIAN_POINT('',(-1.93607457091219,-14.5724725666924,-3.35337952406202));
#4285=CARTESIAN_POINT('',(-1.03753923552471,-14.5994939531112,-3.87214914182437));
#4286=CARTESIAN_POINT('',(-1.36978768618908E-15,-14.62651533953,-3.87214914182437));
#4287=CARTESIAN_POINT('',(1.0375392355247,-14.6535367259487,-3.87214914182437));
#4288=CARTESIAN_POINT('',(1.93607457091218,-14.6805581123675,-3.35337952406202));
#4289=CARTESIAN_POINT('',(2.83460990629966,-14.7075794987863,-2.83460990629967));
#4290=CARTESIAN_POINT('',(3.35337952406202,-14.734600885205,-1.93607457091219));
#4291=CARTESIAN_POINT('',(3.87214914182437,-14.7616222716238,-1.03753923552471));
#4292=CARTESIAN_POINT('',(3.87214914182437,-14.7886436580426,-7.11302257853458E-16));
#4293=CARTESIAN_POINT('',(3.87214914182437,-14.8156650444613,1.0375392355247));
#4294=CARTESIAN_POINT('',(3.35337952406202,-14.8426864308801,1.93607457091218));
#4295=CARTESIAN_POINT('',(2.83460990629967,-14.8697078172989,2.83460990629967));
#4296=CARTESIAN_POINT('',(1.93607457091219,-14.8967292037176,3.35337952406202));
#4297=CARTESIAN_POINT('',(1.03753923552471,-14.9237505901364,3.87214914182437));
#4298=CARTESIAN_POINT('',(-9.15440517851951E-16,-14.9507719765552,3.87214914182437));
#4299=CARTESIAN_POINT('',(-1.03753923552471,-14.9777933629739,3.87214914182437));
#4300=CARTESIAN_POINT('',(-1.93607457091219,-15.0048147493927,3.35337952406202));
#4301=CARTESIAN_POINT('',(-2.83460990629967,-15.0318361358115,2.83460990629967));
#4302=CARTESIAN_POINT('',(-3.35337952406202,-15.0588575222302,1.93607457091219));
#4303=CARTESIAN_POINT('',(-3.87214914182437,-15.085878908649,1.03753923552471));
#4304=CARTESIAN_POINT('',(-3.87214914182437,-15.1129002950678,2.37100752617819E-16));
#4305=CARTESIAN_POINT('',(-3.87214914182437,-15.1399216814866,-1.0375392355247));
#4306=CARTESIAN_POINT('',(-3.35337952406202,-15.1669430679053,-1.93607457091218));
#4307=CARTESIAN_POINT('',(-2.83460990629967,-15.1939644543241,-2.83460990629967));
#4308=CARTESIAN_POINT('',(-1.93607457091219,-15.2209858407429,-3.35337952406202));
#4309=CARTESIAN_POINT('',(-1.03753923552471,-15.2480072271616,-3.87214914182437));
#4310=CARTESIAN_POINT('',(-1.4094963599861E-15,-15.2750286135804,-3.87214914182437));
#4311=CARTESIAN_POINT('',(1.0375392355247,-15.3020499999992,-3.87214914182437));
#4312=CARTESIAN_POINT('',(1.93607457091218,-15.3290713864179,-3.35337952406202));
#4313=CARTESIAN_POINT('',(2.83460990629966,-15.3560927728367,-2.83460990629967));
#4314=CARTESIAN_POINT('',(3.35337952406202,-15.3831141592555,-1.93607457091219));
#4315=CARTESIAN_POINT('',(3.87214914182437,-15.4101355456742,-1.03753923552471));
#4316=CARTESIAN_POINT('',(3.87214914182437,-15.437156932093,-7.11302257853458E-16));
#4317=CARTESIAN_POINT('',(3.87214914182437,-15.4641783185118,1.0375392355247));
#4318=CARTESIAN_POINT('',(3.35337952406202,-15.4911997049305,1.93607457091218));
#4319=CARTESIAN_POINT('',(2.83460990629967,-15.5182210913493,2.83460990629967));
#4320=CARTESIAN_POINT('',(1.93607457091219,-15.5452424777681,3.35337952406202));
#4321=CARTESIAN_POINT('',(1.03753923552471,-15.5722638641869,3.87214914182437));
#4322=CARTESIAN_POINT('',(-9.55149191648967E-16,-15.5992852506056,3.87214914182437));
#4323=CARTESIAN_POINT('',(-1.03753923552471,-15.6263066370244,3.87214914182437));
#4324=CARTESIAN_POINT('',(-1.93607457091219,-15.6533280234432,3.35337952406202));
#4325=CARTESIAN_POINT('',(-2.83460990629967,-15.6803494098619,2.83460990629967));
#4326=CARTESIAN_POINT('',(-3.35337952406202,-15.7073707962807,1.93607457091219));
#4327=CARTESIAN_POINT('',(-3.87214914182437,-15.7343921826995,1.03753923552471));
#4328=CARTESIAN_POINT('',(-3.87214914182437,-15.7614135691182,2.37100752617819E-16));
#4329=CARTESIAN_POINT('',(-3.87214914182437,-15.788434955537,-1.0375392355247));
#4330=CARTESIAN_POINT('',(-3.35337952406202,-15.8154563419558,-1.93607457091218));
#4331=CARTESIAN_POINT('',(-2.83460990629967,-15.8424777283745,-2.83460990629967));
#4332=CARTESIAN_POINT('',(-1.93607457091219,-15.8694991147933,-3.35337952406202));
#4333=CARTESIAN_POINT('',(-1.03753923552471,-15.8965205012121,-3.87214914182437));
#4334=CARTESIAN_POINT('',(-1.44920503378311E-15,-15.9235418876308,-3.87214914182437));
#4335=CARTESIAN_POINT('',(1.0375392355247,-15.9505632740496,-3.87214914182437));
#4336=CARTESIAN_POINT('',(1.93607457091218,-15.9775846604684,-3.35337952406202));
#4337=CARTESIAN_POINT('',(2.83460990629966,-16.0046060468871,-2.83460990629967));
#4338=CARTESIAN_POINT('',(3.35337952406202,-16.0316274333059,-1.93607457091219));
#4339=CARTESIAN_POINT('',(3.87214914182437,-16.0586488197247,-1.03753923552471));
#4340=CARTESIAN_POINT('',(3.87214914182437,-16.0856702061435,-7.11302257853458E-16));
#4341=CARTESIAN_POINT('',(3.87214914182437,-16.1126915925622,1.0375392355247));
#4342=CARTESIAN_POINT('',(3.35337952406202,-16.139712978981,1.93607457091218));
#4343=CARTESIAN_POINT('',(2.83460990629967,-16.1667343653998,2.83460990629967));
#4344=CARTESIAN_POINT('',(1.93607457091219,-16.1937557518185,3.35337952406202));
#4345=CARTESIAN_POINT('',(1.03753923552471,-16.2207771382373,3.87214914182437));
#4346=CARTESIAN_POINT('',(-9.94857865445983E-16,-16.2477985246561,3.87214914182437));
#4347=CARTESIAN_POINT('',(-1.03753923552471,-16.2748199110748,3.87214914182437));
#4348=CARTESIAN_POINT('',(-1.93607457091219,-16.3018412974936,3.35337952406202));
#4349=CARTESIAN_POINT('',(-2.83460990629967,-16.3288626839124,2.83460990629967));
#4350=CARTESIAN_POINT('',(-3.35337952406202,-16.3558840703311,1.93607457091219));
#4351=CARTESIAN_POINT('',(-3.87214914182437,-16.3829054567499,1.03753923552471));
#4352=CARTESIAN_POINT('',(-3.87214914182437,-16.4099268431687,2.37100752617819E-16));
#4353=CARTESIAN_POINT('',(-3.87214914182437,-16.4369482295874,-1.0375392355247));
#4354=CARTESIAN_POINT('',(-3.35337952406202,-16.4639696160062,-1.93607457091218));
#4355=CARTESIAN_POINT('',(-2.83460990629967,-16.490991002425,-2.83460990629967));
#4356=CARTESIAN_POINT('',(-1.93607457091219,-16.5180123888437,-3.35337952406202));
#4357=CARTESIAN_POINT('',(-1.03753923552471,-16.5450337752625,-3.87214914182437));
#4358=CARTESIAN_POINT('',(-1.48891370758013E-15,-16.5720551616813,-3.87214914182437));
#4359=CARTESIAN_POINT('',(1.0375392355247,-16.5990765481001,-3.87214914182437));
#4360=CARTESIAN_POINT('',(1.93607457091218,-16.6260979345188,-3.35337952406202));
#4361=CARTESIAN_POINT('',(2.83460990629966,-16.6531193209376,-2.83460990629967));
#4362=CARTESIAN_POINT('',(3.35337952406202,-16.6801407073564,-1.93607457091219));
#4363=CARTESIAN_POINT('',(3.87214914182437,-16.7071620937751,-1.03753923552471));
#4364=CARTESIAN_POINT('',(3.87214914182437,-16.7341834801939,-7.11302257853458E-16));
#4365=CARTESIAN_POINT('',(3.87214914182437,-16.7612048666127,1.0375392355247));
#4366=CARTESIAN_POINT('',(3.35337952406202,-16.7882262530314,1.93607457091218));
#4367=CARTESIAN_POINT('',(2.83460990629967,-16.8152476394502,2.83460990629967));
#4368=CARTESIAN_POINT('',(1.93607457091219,-16.842269025869,3.35337952406202));
#4369=CARTESIAN_POINT('',(1.03753923552471,-16.8692904122877,3.87214914182437));
#4370=CARTESIAN_POINT('',(-1.034566539243E-15,-16.8963117987065,3.87214914182437));
#4371=CARTESIAN_POINT('',(-3.34081978523847,-16.3552329379726,1.95766752516612));
#4372=CARTESIAN_POINT('',(-1.0014361087043E-15,-16.3552329379724,0.));
#4373=CARTESIAN_POINT('',(-7.28896749902492E-16,-11.9041804352456,0.));
#4374=CARTESIAN_POINT('',(-7.28896749902492E-16,-11.9041804352456,-3.87214914182437));
#4375=CARTESIAN_POINT('',(5.,-3.72653202063881,3.09746850511374));
#4376=CARTESIAN_POINT('',(4.66661914845192,-3.72653202063881,3.09746850511374));
#4377=CARTESIAN_POINT('',(4.66661914845192,-3.72653202063881,3.09746850511374));
#4378=CARTESIAN_POINT('',(4.66661914845192,-3.72653202063881,1.75392573045982));
#4379=CARTESIAN_POINT('',(5.,-3.72653202063881,3.09746850511374));
#4380=CARTESIAN_POINT('',(5.,-3.72653202063881,3.09746850511374));
#4381=CARTESIAN_POINT('',(5.,-3.72653202063881,3.09746850511374));
#4382=CARTESIAN_POINT('',(5.,-3.72653202063881,1.75392573045982));
#4383=CARTESIAN_POINT('',(5.,-3.72653202063881,1.75392573045982));
#4384=CARTESIAN_POINT('',(5.,-3.72653202063881,-3.09746850511374));
#4385=CARTESIAN_POINT('',(4.66661914845192,-3.72653202063881,-3.09746850511374));
#4386=CARTESIAN_POINT('',(4.66661914845192,-3.72653202063881,-1.75392573045982));
#4387=CARTESIAN_POINT('',(4.66661914845192,-3.72653202063881,-3.09746850511374));
#4388=CARTESIAN_POINT('',(5.,-3.72653202063881,-1.75392573045982));
#4389=CARTESIAN_POINT('',(5.,-3.72653202063881,-1.75392573045982));
#4390=CARTESIAN_POINT('',(5.,-3.72653202063881,-3.09746850511374));
#4391=CARTESIAN_POINT('',(5.,-3.72653202063881,-3.09746850511374));
#4392=CARTESIAN_POINT('',(5.,-3.72653202063881,-3.09746850511374));
#4393=CARTESIAN_POINT('',(4.56288202933985,-5.55452854811484,-5.36317877359879));
#4394=CARTESIAN_POINT('',(4.56288202933986,-5.28020215856209,5.1354495209553));
#4395=CARTESIAN_POINT('',(4.56288202933986,-5.61179670327042,5.1354495209553));
#4396=CARTESIAN_POINT('',(4.56288202933985,-11.0839881608991,5.1354495209553));
#4397=CARTESIAN_POINT('',(4.56288202933985,-5.61179670327042,4.80385497624697));
#4398=CARTESIAN_POINT('',(4.56288202933985,-5.61179670327042,-5.46732097296053));
#4399=CARTESIAN_POINT('',(4.56288202933985,-11.0839881608991,-5.7358490574589));
#4400=CARTESIAN_POINT('',(4.56288202933985,-11.0839881608991,-5.7358490574589));
#4401=CARTESIAN_POINT('',(4.56288202933985,-5.28020215856209,-5.7358490574589));
#4402=CARTESIAN_POINT('',(4.56288202933985,-5.99665460772595,-5.7358490574589));
#4403=CARTESIAN_POINT('',(4.56288202933985,-5.99665460772595,-5.29372299784778));
#4404=CARTESIAN_POINT('',(4.56288202933985,-5.99665460772595,4.60168241142137));
#4405=CARTESIAN_POINT('',(4.56288202933986,-5.99665460772595,5.04380847103249));
#4406=CARTESIAN_POINT('',(4.56288202933986,-5.28020215856209,5.04380847103249));
#4407=CARTESIAN_POINT('',(4.56288202933985,-11.0839881608991,5.04380847103249));
#4408=CARTESIAN_POINT('',(4.56288202933985,-11.0839881608991,5.04380847103249));
#4409=CARTESIAN_POINT('',(-4.54177767478607,-5.55452854811484,4.72239579852835));
#4410=CARTESIAN_POINT('',(-4.54177767478607,-11.4328055649315,-5.79891551766887));
#4411=CARTESIAN_POINT('',(-4.54177767478607,-11.0839881608991,-5.79891551766887));
#4412=CARTESIAN_POINT('',(-4.54177767478607,-5.61179670327042,-5.79891551766887));
#4413=CARTESIAN_POINT('',(-4.54177767478607,-5.61179670327042,-5.46732097296053));
#4414=CARTESIAN_POINT('',(-4.54177767478607,-5.61179670327042,4.80385497624697));
#4415=CARTESIAN_POINT('',(-4.54177767478607,-11.0839881608991,5.04380847103249));
#4416=CARTESIAN_POINT('',(-4.54177767478607,-11.0839881608991,5.04380847103249));
#4417=CARTESIAN_POINT('',(-4.54177767478607,-11.0839881608991,5.04380847103249));
#4418=CARTESIAN_POINT('',(-4.54177767478607,-5.99665460772595,5.04380847103249));
#4419=CARTESIAN_POINT('',(-4.54177767478607,-5.99665460772595,4.60168241142137));
#4420=CARTESIAN_POINT('',(-4.54177767478607,-5.99665460772595,-5.29372299784778));
#4421=CARTESIAN_POINT('',(-4.54177767478607,-5.99665460772595,-5.7358490574589));
#4422=CARTESIAN_POINT('',(-4.54177767478607,-11.4328055649315,-5.7358490574589));
#4423=CARTESIAN_POINT('',(-4.54177767478607,-11.0839881608991,-5.7358490574589));
#4424=CARTESIAN_POINT('',(-4.54177767478607,-11.0839881608991,-5.79891551766887));
#4425=CARTESIAN_POINT('',(5.,-5.28020215856209,-3.09746850511374));
#4426=CARTESIAN_POINT('',(4.66661914845192,-5.28020215856209,-3.09746850511374));
#4427=CARTESIAN_POINT('',(5.,-5.28020215856209,-3.09746850511374));
#4428=CARTESIAN_POINT('',(4.66661914845192,-0.39323275794292,-5.50267573596329));
#4429=CARTESIAN_POINT('',(4.66661914845192,-3.72653202063881,-1.75392573045982));
#4430=CARTESIAN_POINT('',(5.,-3.72653202063881,-1.75392573045982));
#4431=CARTESIAN_POINT('',(5.,-3.72653202063881,-1.75392573045982));
#4432=CARTESIAN_POINT('',(5.,-3.72653202063881,1.75392573045982));
#4433=CARTESIAN_POINT('',(4.66661914845192,-3.72653202063881,1.75392573045982));
#4434=CARTESIAN_POINT('',(5.,-3.72653202063881,1.75392573045982));
#4435=CARTESIAN_POINT('',(4.66661914845192,-0.39323275794292,-5.50267573596329));
#4436=CARTESIAN_POINT('',(4.66661914845192,-5.28020215856209,3.09746850511374));
#4437=CARTESIAN_POINT('',(5.,-5.28020215856209,3.09746850511374));
#4438=CARTESIAN_POINT('',(5.,-5.28020215856209,3.09746850511374));
#4439=CARTESIAN_POINT('',(-4.65501704734979,-0.39323275794292,4.78620886680512));
#4440=CARTESIAN_POINT('',(-4.65501704734979,-5.28020215856209,3.09746850511374));
#4441=CARTESIAN_POINT('',(-4.65501704734979,-3.72653202063881,3.09746850511374));
#4442=CARTESIAN_POINT('',(-4.65501704734979,-3.72653202063881,1.75392573045982));
#4443=CARTESIAN_POINT('',(-4.65501704734979,-3.72653202063881,1.75392573045982));
#4444=CARTESIAN_POINT('',(-4.65501704734979,-3.72653202063881,3.09746850511374));
#4445=CARTESIAN_POINT('',(-4.65501704734979,-0.39323275794292,4.78620886680512));
#4446=CARTESIAN_POINT('',(-4.65501704734979,-3.72653202063881,-1.75392573045982));
#4447=CARTESIAN_POINT('',(-4.65501704734979,-3.72653202063881,-1.75392573045982));
#4448=CARTESIAN_POINT('',(-4.65501704734979,-5.28020215856209,-3.09746850511374));
#4449=CARTESIAN_POINT('',(-4.65501704734979,-3.72653202063881,-3.09746850511374));
#4450=CARTESIAN_POINT('',(-4.65501704734979,-3.72653202063881,-3.09746850511374));
#4451=CARTESIAN_POINT('',(5.,-5.28020215856209,5.1354495209553));
#4452=CARTESIAN_POINT('',(5.,-5.28020215856209,5.1354495209553));
#4453=CARTESIAN_POINT('',(5.,-11.4328055649315,5.1354495209553));
#4454=CARTESIAN_POINT('',(5.,-5.61179670327042,5.1354495209553));
#4455=CARTESIAN_POINT('',(5.,-5.61179670327042,5.1354495209553));
#4456=CARTESIAN_POINT('',(4.21406462530741,-11.0839881608991,5.1354495209553));
#4457=CARTESIAN_POINT('',(4.21406462530741,-11.4328055649315,5.1354495209553));
#4458=CARTESIAN_POINT('',(5.,-11.4328055649315,5.1354495209553));
#4459=CARTESIAN_POINT('',(5.,-5.28020215856209,-3.09746850511374));
#4460=CARTESIAN_POINT('',(-5.,-5.28020215856209,-3.09746850511374));
#4461=CARTESIAN_POINT('',(-5.,-3.72653202063881,-3.09746850511374));
#4462=CARTESIAN_POINT('',(5.,-3.72653202063881,-3.09746850511374));
#4463=CARTESIAN_POINT('',(5.,-3.72653202063881,-3.09746850511374));
#4464=CARTESIAN_POINT('',(-5.,-3.72653202063881,-3.09746850511374));
#4465=CARTESIAN_POINT('',(-5.,-3.72653202063881,-1.75392573045982));
#4466=CARTESIAN_POINT('',(5.,-3.72653202063881,-1.75392573045982));
#4467=CARTESIAN_POINT('',(5.,-3.72653202063881,-1.75392573045982));
#4468=CARTESIAN_POINT('',(-5.,-3.72653202063881,-1.75392573045982));
#4469=CARTESIAN_POINT('',(5.,-3.72653202063881,1.75392573045982));
#4470=CARTESIAN_POINT('',(-5.,-3.72653202063881,1.75392573045982));
#4471=CARTESIAN_POINT('',(-5.,-3.72653202063881,1.75392573045982));
#4472=CARTESIAN_POINT('',(5.,-3.72653202063881,1.75392573045982));
#4473=CARTESIAN_POINT('',(5.,-3.72653202063881,3.09746850511374));
#4474=CARTESIAN_POINT('',(-5.,-3.72653202063881,3.09746850511374));
#4475=CARTESIAN_POINT('',(-5.,-3.72653202063881,3.09746850511374));
#4476=CARTESIAN_POINT('',(5.,-3.72653202063881,3.09746850511374));
#4477=CARTESIAN_POINT('',(5.,-5.28020215856209,3.09746850511374));
#4478=CARTESIAN_POINT('',(-5.,-5.28020215856209,3.09746850511374));
#4479=CARTESIAN_POINT('',(5.,-11.9041804352456,5.1354495209553));
#4480=CARTESIAN_POINT('',(3.53003061526772,-11.9041804352456,3.61187880404553));
#4481=CARTESIAN_POINT('',(3.53003061526772,-11.9041804352456,3.26904712229098));
#4482=CARTESIAN_POINT('',(-3.53003061526772,-11.9041804352456,-3.61187880404553));
#4483=CARTESIAN_POINT('',(-3.53003061526772,-11.9041804352456,-3.95471048580008));
#4484=CARTESIAN_POINT('',(4.52862512968589,-11.9041804352456,5.1354495209553));
#4485=CARTESIAN_POINT('',(4.52862512968589,-11.9041804352456,-5.32754064735476));
#4486=CARTESIAN_POINT('',(4.52862512968589,-11.9041804352456,4.66407465064119));
#4487=CARTESIAN_POINT('',(5.,-11.9041804352456,4.66407465064119));
#4488=CARTESIAN_POINT('',(-4.5286251296859,-11.9041804352456,4.66407465064119));
#4489=CARTESIAN_POINT('',(-4.5286251296859,-11.9041804352456,-5.79891551766887));
#4490=CARTESIAN_POINT('',(-4.5286251296859,-11.9041804352456,-5.32754064735476));
#4491=CARTESIAN_POINT('',(5.,-11.9041804352456,-5.32754064735476));
#4492=CARTESIAN_POINT('',(5.,0.,0.));
#4493=CARTESIAN_POINT('',(5.,-5.61179670327042,4.80385497624697));
#4494=CARTESIAN_POINT('',(5.,-11.4328055649315,0.));
#4495=CARTESIAN_POINT('',(5.,-5.61179670327042,-5.46732097296053));
#4496=CARTESIAN_POINT('',(5.,-5.28020215856209,-1.));
#4497=CARTESIAN_POINT('',(5.,-2.89406241397306,-1.));
#4498=CARTESIAN_POINT('',(5.,-2.89406241397306,1.));
#4499=CARTESIAN_POINT('',(5.,-2.89406241397306,1.));
#4500=CARTESIAN_POINT('',(5.,-5.28020215856209,1.));
#4501=CARTESIAN_POINT('',(-5.,0.,0.));
#4502=CARTESIAN_POINT('',(-5.,-5.61179670327042,-5.46732097296053));
#4503=CARTESIAN_POINT('',(-5.,-5.61179670327042,-5.79891551766887));
#4504=CARTESIAN_POINT('',(-5.,-11.9041804352456,-5.79891551766887));
#4505=CARTESIAN_POINT('',(-5.,-11.4328055649315,-5.79891551766887));
#4506=CARTESIAN_POINT('',(-5.,-11.4328055649315,5.1354495209553));
#4507=CARTESIAN_POINT('',(-5.,-5.61179670327042,4.80385497624697));
#4508=CARTESIAN_POINT('',(-5.,-5.28020215856209,1.));
#4509=CARTESIAN_POINT('',(-5.,-2.89406241397306,1.));
#4510=CARTESIAN_POINT('',(-5.,-2.89406241397306,1.));
#4511=CARTESIAN_POINT('',(-5.,-2.89406241397306,-1.));
#4512=CARTESIAN_POINT('',(-5.,-5.28020215856209,-1.));
#4513=CARTESIAN_POINT('',(5.,-11.9041804352456,-5.79891551766887));
#4514=CARTESIAN_POINT('',(5.,-5.61179670327042,-5.79891551766887));
#4515=CARTESIAN_POINT('',(-4.19296027075363,-11.0839881608991,-5.79891551766887));
#4516=CARTESIAN_POINT('',(-4.19296027075363,-11.4328055649315,-5.79891551766887));
#4517=CARTESIAN_POINT('',(5.,-11.4328055649315,-5.79891551766887));
#4518=CARTESIAN_POINT('',(5.,-11.4328055649315,-5.32754064735476));
#4519=CARTESIAN_POINT('',(-4.5286251296859,-11.4328055649315,-5.32754064735476));
#4520=CARTESIAN_POINT('',(4.56288202933985,-11.4328055649315,-5.79891551766887));
#4521=CARTESIAN_POINT('',(4.52862512968589,-11.4328055649315,-5.32754064735476));
#4522=CARTESIAN_POINT('',(4.52862512968589,-11.4328055649315,5.1354495209553));
#4523=CARTESIAN_POINT('',(4.52862512968589,-11.4328055649315,4.66407465064119));
#4524=CARTESIAN_POINT('',(-4.5286251296859,-11.4328055649315,0.));
#4525=CARTESIAN_POINT('',(-4.5286251296859,-11.4328055649315,4.66407465064119));
#4526=CARTESIAN_POINT('',(5.,-11.4328055649315,4.66407465064119));
#4527=CARTESIAN_POINT('',(-4.19296027075363,-11.4328055649315,5.1354495209553));
#4528=CARTESIAN_POINT('',(-4.78621970528756,-2.30816433032579,1.));
#4529=CARTESIAN_POINT('',(-4.78621970528756,-2.30816433032579,-1.));
#4530=CARTESIAN_POINT('',(-5.14938421865038,-1.65003445573735,-1.));
#4531=CARTESIAN_POINT('',(-4.78621970528756,-2.30816433032579,-1.));
#4532=CARTESIAN_POINT('',(-5.14938421865038,-1.65003445573735,1.));
#4533=CARTESIAN_POINT('',(-5.14938421865038,-1.65003445573735,1.));
#4534=CARTESIAN_POINT('',(-4.78621970528756,-2.30816433032579,1.));
#4535=CARTESIAN_POINT('',(-4.78621970528756,-2.30816433032579,1.));
#4536=CARTESIAN_POINT('',(-4.78621970528756,-2.30816433032579,1.));
#4537=CARTESIAN_POINT('',(-5.62761225632667,-2.77245554113931,1.));
#4538=CARTESIAN_POINT('',(-5.62761225632667,-2.77245554113931,-1.));
#4539=CARTESIAN_POINT('',(-4.66661914845192,-2.77245554113931,-1.));
#4540=CARTESIAN_POINT('',(-5.62761225632667,-2.77245554113931,1.));
#4541=CARTESIAN_POINT('',(-4.66661914845192,-2.77245554113931,1.));
#4542=CARTESIAN_POINT('',(-4.66661914845192,-2.77245554113931,1.));
#4543=CARTESIAN_POINT('',(-4.66661914845192,-5.28020215856208,1.));
#4544=CARTESIAN_POINT('',(-4.66661914845192,-5.28020215856208,-1.));
#4545=CARTESIAN_POINT('',(-4.66661914845192,-5.28020215856208,1.));
#4546=CARTESIAN_POINT('',(-5.53515469194668,-2.89406241397306,1.));
#4547=CARTESIAN_POINT('',(-5.53515469194668,-2.89406241397306,-1.));
#4548=CARTESIAN_POINT('',(-5.06288521291939,-2.64236401610006,-1.));
#4549=CARTESIAN_POINT('',(-5.53515469194668,-2.89406241397306,1.));
#4550=CARTESIAN_POINT('',(-5.06288521291939,-2.64236401610006,1.));
#4551=CARTESIAN_POINT('',(-5.06288521291939,-2.64236401610006,1.));
#4552=CARTESIAN_POINT('',(-5.06288521291939,-2.64236401610006,1.));
#4553=CARTESIAN_POINT('',(-5.06288521291939,-2.64236401610006,-1.));
#4554=CARTESIAN_POINT('',(-5.5433093706387,-1.74092932841204,-1.));
#4555=CARTESIAN_POINT('',(-5.06288521291939,-2.64236401610006,1.));
#4556=CARTESIAN_POINT('',(-5.5433093706387,-1.74092932841204,1.));
#4557=CARTESIAN_POINT('',(-5.5433093706387,-1.74092932841204,1.));
#4558=CARTESIAN_POINT('',(-5.04235170797944,-1.4739414185576,1.));
#4559=CARTESIAN_POINT('',(-5.04235170797944,-1.4739414185576,-1.));
#4560=CARTESIAN_POINT('',(-5.54551975415406,-1.21114293855004,-1.));
#4561=CARTESIAN_POINT('',(-5.04235170797944,-1.4739414185576,1.));
#4562=CARTESIAN_POINT('',(-5.54551975415406,-1.21114293855004,1.));
#4563=CARTESIAN_POINT('',(-5.54551975415406,-1.21114293855004,1.));
#4564=CARTESIAN_POINT('',(-5.54551975415406,-1.21114293855004,1.));
#4565=CARTESIAN_POINT('',(-5.54551975415406,-1.21114293855004,1.));
#4566=CARTESIAN_POINT('',(-5.43795051108786,-1.00518510401256,1.));
#4567=CARTESIAN_POINT('',(-5.43795051108786,-1.00518510401256,0.05725025937179));
#4568=CARTESIAN_POINT('',(-5.,-0.166661597411925,0.05725025937179));
#4569=CARTESIAN_POINT('',(-5.,-0.166661597411925,1.));
#4570=CARTESIAN_POINT('',(-5.,-0.166661597411925,-0.0572502593717901));
#4571=CARTESIAN_POINT('',(-5.43795051108786,-1.00518510401256,-0.05725025937179));
#4572=CARTESIAN_POINT('',(-5.43795051108786,-1.00518510401256,-1.));
#4573=CARTESIAN_POINT('',(-5.54551975415406,-1.21114293855004,-1.));
#4574=CARTESIAN_POINT('',(-4.66661914845192,-0.377667479077918,1.));
#4575=CARTESIAN_POINT('',(-4.66661914845192,-0.377667479077918,0.05725025937179));
#4576=CARTESIAN_POINT('',(-4.66661914845192,-0.377667479077918,0.05725025937179));
#4577=CARTESIAN_POINT('',(-4.66661914845192,-0.377667479077918,1.));
#4578=CARTESIAN_POINT('',(-4.66661914845192,-0.377667479077918,-0.0572502593717901));
#4579=CARTESIAN_POINT('',(-4.66661914845192,-0.377667479077918,-0.0572502593717901));
#4580=CARTESIAN_POINT('',(-5.15282090453837,-1.30135157120389,1.));
#4581=CARTESIAN_POINT('',(-5.10713880352973,-1.21456490400587,0.05725025937179));
#4582=CARTESIAN_POINT('',(-5.10713880352973,-1.21456490400587,1.));
#4583=CARTESIAN_POINT('',(-5.15282090453837,-1.30135157120389,1.));
#4584=CARTESIAN_POINT('',(-5.15282090453837,-1.30135157120389,1.));
#4585=CARTESIAN_POINT('',(-5.15282090453837,-1.30135157120389,1.));
#4586=CARTESIAN_POINT('',(-5.15282090453837,-1.30135157120389,-1.));
#4587=CARTESIAN_POINT('',(-5.15282090453837,-1.30135157120389,-1.));
#4588=CARTESIAN_POINT('',(-5.10713880352973,-1.21456490400587,-1.));
#4589=CARTESIAN_POINT('',(-5.10713880352973,-1.21456490400587,-0.05725025937179));
#4590=CARTESIAN_POINT('',(-4.82766405797175,-1.47250514107901,1.));
#4591=CARTESIAN_POINT('',(-4.82766405797175,-1.47250514107901,-1.));
#4592=CARTESIAN_POINT('',(-4.82766405797175,-1.47250514107901,1.));
#4593=CARTESIAN_POINT('',(-5.62761225632667,-2.77245554113931,1.));
#4594=CARTESIAN_POINT('',(-5.50418940732692,-0.96326069042791,1.));
#4595=CARTESIAN_POINT('',(-5.62761225632667,-2.77245554113931,-1.));
#4596=CARTESIAN_POINT('',(-4.77473897169351,-1.42494987139838,-1.));
#4597=CARTESIAN_POINT('',(4.66661914845192,-5.28020215856209,1.));
#4598=CARTESIAN_POINT('',(4.66661914845192,-5.28020215856209,-1.));
#4599=CARTESIAN_POINT('',(4.66661914845192,-2.77245554113931,-1.));
#4600=CARTESIAN_POINT('',(4.66661914845192,-5.28020215856209,1.));
#4601=CARTESIAN_POINT('',(4.66661914845192,-2.77245554113931,1.));
#4602=CARTESIAN_POINT('',(4.66661914845192,-2.77245554113931,1.));
#4603=CARTESIAN_POINT('',(5.62761225632667,-2.77245554113931,1.));
#4604=CARTESIAN_POINT('',(5.62761225632667,-2.77245554113931,-1.));
#4605=CARTESIAN_POINT('',(4.78621970528756,-2.30816433032579,-1.));
#4606=CARTESIAN_POINT('',(5.62761225632667,-2.77245554113931,1.));
#4607=CARTESIAN_POINT('',(4.78621970528756,-2.30816433032579,1.));
#4608=CARTESIAN_POINT('',(4.78621970528756,-2.30816433032579,1.));
#4609=CARTESIAN_POINT('',(4.78621970528757,-2.3081643303258,1.));
#4610=CARTESIAN_POINT('',(4.78621970528757,-2.3081643303258,-1.));
#4611=CARTESIAN_POINT('',(5.14938421865038,-1.65003445573735,-1.));
#4612=CARTESIAN_POINT('',(4.78621970528757,-2.3081643303258,1.));
#4613=CARTESIAN_POINT('',(5.14938421865038,-1.65003445573735,1.));
#4614=CARTESIAN_POINT('',(5.14938421865038,-1.65003445573735,1.));
#4615=CARTESIAN_POINT('',(4.82766405797175,-1.47250514107901,1.));
#4616=CARTESIAN_POINT('',(4.82766405797175,-1.47250514107901,-1.));
#4617=CARTESIAN_POINT('',(5.15282090453837,-1.30135157120389,-1.));
#4618=CARTESIAN_POINT('',(4.82766405797175,-1.47250514107901,1.));
#4619=CARTESIAN_POINT('',(5.15282090453837,-1.30135157120389,1.));
#4620=CARTESIAN_POINT('',(5.15282090453837,-1.30135157120389,1.));
#4621=CARTESIAN_POINT('',(5.15282090453837,-1.30135157120389,1.));
#4622=CARTESIAN_POINT('',(5.15282090453837,-1.30135157120389,1.));
#4623=CARTESIAN_POINT('',(5.10713880352973,-1.21456490400587,1.));
#4624=CARTESIAN_POINT('',(5.10713880352973,-1.21456490400587,0.05725025937179));
#4625=CARTESIAN_POINT('',(4.66661914845192,-0.377667479077919,0.05725025937179));
#4626=CARTESIAN_POINT('',(4.66661914845192,-0.377667479077919,1.));
#4627=CARTESIAN_POINT('',(4.66661914845192,-0.377667479077919,-0.0572502593717901));
#4628=CARTESIAN_POINT('',(5.10713880352973,-1.21456490400587,-0.05725025937179));
#4629=CARTESIAN_POINT('',(5.10713880352973,-1.21456490400587,-1.));
#4630=CARTESIAN_POINT('',(5.15282090453837,-1.30135157120389,-1.));
#4631=CARTESIAN_POINT('',(4.66661914845192,-0.377667479077919,1.));
#4632=CARTESIAN_POINT('',(5.,-0.166661597411926,0.05725025937179));
#4633=CARTESIAN_POINT('',(5.,-0.166661597411926,0.05725025937179));
#4634=CARTESIAN_POINT('',(5.,-0.166661597411926,1.));
#4635=CARTESIAN_POINT('',(5.,-0.166661597411926,-0.0572502593717901));
#4636=CARTESIAN_POINT('',(4.66661914845192,-0.377667479077919,-0.0572502593717901));
#4637=CARTESIAN_POINT('',(5.54551975415406,-1.21114293855005,1.));
#4638=CARTESIAN_POINT('',(5.43795051108786,-1.00518510401256,0.05725025937179));
#4639=CARTESIAN_POINT('',(5.43795051108786,-1.00518510401256,1.));
#4640=CARTESIAN_POINT('',(5.54551975415406,-1.21114293855005,1.));
#4641=CARTESIAN_POINT('',(5.54551975415406,-1.21114293855005,1.));
#4642=CARTESIAN_POINT('',(5.54551975415406,-1.21114293855005,1.));
#4643=CARTESIAN_POINT('',(5.54551975415406,-1.21114293855005,-1.));
#4644=CARTESIAN_POINT('',(5.54551975415406,-1.21114293855005,-1.));
#4645=CARTESIAN_POINT('',(5.43795051108786,-1.00518510401256,-1.));
#4646=CARTESIAN_POINT('',(5.43795051108786,-1.00518510401256,-0.05725025937179));
#4647=CARTESIAN_POINT('',(5.04235170797944,-1.47394141855761,1.));
#4648=CARTESIAN_POINT('',(5.04235170797944,-1.47394141855761,-1.));
#4649=CARTESIAN_POINT('',(5.5433093706387,-1.74092932841204,-1.));
#4650=CARTESIAN_POINT('',(5.04235170797944,-1.47394141855761,1.));
#4651=CARTESIAN_POINT('',(5.5433093706387,-1.74092932841204,1.));
#4652=CARTESIAN_POINT('',(5.5433093706387,-1.74092932841204,1.));
#4653=CARTESIAN_POINT('',(5.06288521291939,-2.64236401610006,1.));
#4654=CARTESIAN_POINT('',(5.06288521291939,-2.64236401610006,-1.));
#4655=CARTESIAN_POINT('',(5.06288521291939,-2.64236401610006,-1.));
#4656=CARTESIAN_POINT('',(5.06288521291939,-2.64236401610006,1.));
#4657=CARTESIAN_POINT('',(5.06288521291939,-2.64236401610006,1.));
#4658=CARTESIAN_POINT('',(5.06288521291939,-2.64236401610006,1.));
#4659=CARTESIAN_POINT('',(5.53515469194668,-2.89406241397306,1.));
#4660=CARTESIAN_POINT('',(5.53515469194668,-2.89406241397306,-1.));
#4661=CARTESIAN_POINT('',(5.53515469194668,-2.89406241397306,1.));
#4662=CARTESIAN_POINT('',(5.62761225632667,-2.77245554113931,1.));
#4663=CARTESIAN_POINT('',(5.17080855577884,-1.1742665720939,1.));
#4664=CARTESIAN_POINT('',(5.62761225632667,-2.77245554113931,-1.));
#4665=CARTESIAN_POINT('',(4.77473897169351,-1.42494987139838,-1.));
#4666=CARTESIAN_POINT('',(-4.77473897169351,-1.42494987139838,-0.05725025937179));
#4667=CARTESIAN_POINT('',(4.77473897169351,-1.42494987139838,-0.05725025937179));
#4668=CARTESIAN_POINT('',(5.17080855577884,-1.1742665720939,0.05725025937179));
#4669=CARTESIAN_POINT('',(-5.17080855577884,-1.1742665720939,0.05725025937179));
#4670=CARTESIAN_POINT('',(0.0105521772768916,-5.28020215856209,-5.7358490574589));
#4671=CARTESIAN_POINT('',(4.56288202933985,-5.99665460772595,-5.7358490574589));
#4672=CARTESIAN_POINT('',(4.21406462530741,-11.0839881608991,-5.7358490574589));
#4673=CARTESIAN_POINT('',(4.21406462530741,-11.4328055649315,-5.7358490574589));
#4674=CARTESIAN_POINT('',(4.56288202933985,-11.4328055649315,-5.7358490574589));
#4675=CARTESIAN_POINT('',(-4.19296027075363,-11.4328055649315,-5.7358490574589));
#4676=CARTESIAN_POINT('',(-4.19296027075363,-11.0839881608991,-5.7358490574589));
#4677=CARTESIAN_POINT('',(4.56288202933985,-11.4328055649315,-5.7358490574589));
#4678=CARTESIAN_POINT('',(4.21406462530741,-11.4328055649315,-5.79891551766887));
#4679=CARTESIAN_POINT('',(-4.19296027075363,-11.4328055649315,-5.7358490574589));
#4680=CARTESIAN_POINT('',(-4.19296027075363,-11.0839881608991,-5.7358490574589));
#4681=CARTESIAN_POINT('',(4.21406462530741,-11.0839881608991,-5.7358490574589));
#4682=CARTESIAN_POINT('',(4.21406462530741,-11.0839881608991,5.04380847103249));
#4683=CARTESIAN_POINT('',(4.21406462530741,-11.0839881608991,5.04380847103249));
#4684=CARTESIAN_POINT('',(4.21406462530741,-11.4328055649315,5.04380847103249));
#4685=CARTESIAN_POINT('',(4.21406462530741,-11.4328055649315,5.04380847103249));
#4686=CARTESIAN_POINT('',(-4.19296027075363,-11.4328055649315,5.04380847103249));
#4687=CARTESIAN_POINT('',(-4.19296027075363,-11.4328055649315,5.04380847103249));
#4688=CARTESIAN_POINT('',(-4.19296027075363,-11.4328055649315,5.04380847103249));
#4689=CARTESIAN_POINT('',(-4.19296027075363,-11.4328055649315,5.04380847103249));
#4690=CARTESIAN_POINT('',(-4.19296027075363,-11.0839881608991,5.04380847103249));
#4691=CARTESIAN_POINT('',(-4.19296027075363,-11.0839881608991,5.04380847103249));
#4692=CARTESIAN_POINT('',(4.21406462530741,-11.0839881608991,5.04380847103249));
#4693=CARTESIAN_POINT('',(4.21406462530741,-5.99665460772595,5.04380847103249));
#4694=CARTESIAN_POINT('',(-3.53003061526772,-12.3567188803534,-3.61187880404553));
#4695=CARTESIAN_POINT('',(-3.53003061526772,-12.1299875677323,-3.61187880404553));
#4696=CARTESIAN_POINT('',(-3.53003061526772,-12.1299875677323,-3.26904712229098));
#4697=CARTESIAN_POINT('',(-3.53003061526772,-12.3567188803534,-3.61187880404553));
#4698=CARTESIAN_POINT('',(-3.53003061526772,-12.3567188803534,-3.61187880404553));
#4699=CARTESIAN_POINT('',(-3.53003061526772,-12.3567188803534,-3.49577843491207));
#4700=CARTESIAN_POINT('',(3.53003061526772,-12.3567188803534,3.61187880404553));
#4701=CARTESIAN_POINT('',(3.53003061526772,-12.1299875677323,3.61187880404553));
#4702=CARTESIAN_POINT('',(3.53003061526772,-12.1299875677323,3.95471048580008));
#4703=CARTESIAN_POINT('',(3.53003061526772,-12.3567188803534,3.61187880404553));
#4704=CARTESIAN_POINT('',(3.53003061526772,-12.3567188803534,3.61187880404553));
#4705=CARTESIAN_POINT('',(3.53003061526772,-12.3567188803534,3.72797917317899));
#4706=CARTESIAN_POINT('',(-3.53003061526772,-12.1299875677323,-3.61187880404553));
#4707=CARTESIAN_POINT('',(3.53003061526772,-12.1299875677323,3.61187880404553));
#4708=CARTESIAN_POINT('',(0.,-5.99665460772595,-5.29372299784778));
#4709=CARTESIAN_POINT('',(4.21406462530741,-5.99665460772595,4.60168241142137));
#4710=CARTESIAN_POINT('',(5.,-5.61179670327042,-5.46732097296053));
#4711=CARTESIAN_POINT('',(5.,-5.61179670327042,4.80385497624697));
#4712=CARTESIAN_POINT('',(5.,-5.61179670327042,4.80385497624697));
#4713=CARTESIAN_POINT('',(5.,-5.61179670327042,-5.46732097296053));
#4714=CARTESIAN_POINT('',(-1.02410679149751E-15,-16.7254855129724,0.));
#4715=CARTESIAN_POINT('',(2.71116538788456,-16.7254855129724,2.21649764364257));
#4716=CARTESIAN_POINT('',(3.15161525531444,-16.7089787943765,1.70382955317423));
#4717=CARTESIAN_POINT('',(3.7180053642744,-16.676964749798,0.435358915672413));
#4718=CARTESIAN_POINT('',(3.42092037289866,-16.6291473242065,-1.63312429188562));
#4719=CARTESIAN_POINT('',(2.06928822231664,-16.581997803914,-3.22782026912162));
#4720=CARTESIAN_POINT('',(0.092965577958341,-16.5356094488193,-3.87666575827728));
#4721=CARTESIAN_POINT('',(-1.93805066336904,-16.4896852401307,-3.409974112154));
#4722=CARTESIAN_POINT('',(-3.44134188454815,-16.4442575034881,-1.96903439682551));
#4723=CARTESIAN_POINT('',(-4.00572228522506,-16.3996747659452,0.0280231716840061));
#4724=CARTESIAN_POINT('',(-3.66965590970023,-16.3697388119188,1.36780682450504));
#4725=CARTESIAN_POINT('',(-3.34081978523822,-16.3552329379726,1.95766752516622));
#4726=CARTESIAN_POINT('',(-1.2385290308056E-15,-20.2273820797968,3.30201751848622E-46));
#4727=CARTESIAN_POINT('',(5.24045152489517E-15,-16.5787647446416,3.64861733515519));
#4728=CARTESIAN_POINT('',(3.84261825240511,-16.3552329379724,0.477309064249023));
#4729=CARTESIAN_POINT('',(3.69369589898125,-16.3917397539215,1.38006149382568));
#4730=CARTESIAN_POINT('',(2.73667865708762,-16.4647281041005,3.0521684525689));
#4731=CARTESIAN_POINT('',(0.914419044101314,-16.5409731314649,3.68640894833167));
#4732=CARTESIAN_POINT('',(4.92161055016495E-13,-16.5787647446416,3.64861733515516));
#4733=CARTESIAN_POINT('',(-7.46146074918392E-16,-12.1858925946193,0.));
#4734=CARTESIAN_POINT('',(-7.51107297417874E-16,-12.2669181827031,3.45304833456724));
#4735=CARTESIAN_POINT('',(-0.925241512672927,-12.2939395691219,3.45304833456724));
#4736=CARTESIAN_POINT('',(-1.72652416728362,-12.3209609555406,2.99042757823078));
#4737=CARTESIAN_POINT('',(-2.52780682189432,-12.3479823419594,2.52780682189432));
#4738=CARTESIAN_POINT('',(-2.99042757823078,-12.3750037283782,1.72652416728362));
#4739=CARTESIAN_POINT('',(-3.45304833456724,-12.402025114797,0.925241512672927));
#4740=CARTESIAN_POINT('',(-3.45304833456724,-12.4290465012157,2.11438229511444E-16));
#4741=CARTESIAN_POINT('',(-3.45304833456724,-12.4560678876345,-0.925241512672925));
#4742=CARTESIAN_POINT('',(-2.99042757823078,-12.4830892740533,-1.72652416728362));
#4743=CARTESIAN_POINT('',(-2.52780682189432,-12.510110660472,-2.52780682189432));
#4744=CARTESIAN_POINT('',(-1.72652416728362,-12.5371320468908,-2.99042757823078));
#4745=CARTESIAN_POINT('',(-0.925241512672928,-12.5641534333096,-3.45304833456724));
#4746=CARTESIAN_POINT('',(-1.19383809333927E-15,-12.5911748197283,-3.45304833456724));
#4747=CARTESIAN_POINT('',(0.925241512672924,-12.6181962061471,-3.45304833456724));
#4748=CARTESIAN_POINT('',(1.72652416728362,-12.6452175925659,-2.99042757823078));
#4749=CARTESIAN_POINT('',(2.52780682189431,-12.6722389789846,-2.52780682189432));
#4750=CARTESIAN_POINT('',(2.99042757823078,-12.6992603654034,-1.72652416728362));
#4751=CARTESIAN_POINT('',(3.45304833456724,-12.7262817518222,-0.925241512672929));
#4752=CARTESIAN_POINT('',(3.45304833456724,-12.7533031382409,-6.34314688534331E-16));
#4753=CARTESIAN_POINT('',(3.45304833456724,-12.7803245246597,0.925241512672924));
#4754=CARTESIAN_POINT('',(2.99042757823078,-12.8073459110785,1.72652416728362));
#4755=CARTESIAN_POINT('',(2.52780682189432,-12.8343672974972,2.52780682189432));
#4756=CARTESIAN_POINT('',(1.72652416728362,-12.861388683916,2.99042757823078));
#4757=CARTESIAN_POINT('',(0.925241512672928,-12.8884100703348,3.45304833456724));
#4758=CARTESIAN_POINT('',(5.49369468308843E-17,-12.9154314567536,3.45304833456724));
#4759=CARTESIAN_POINT('',(-0.925241512672925,-12.9424528431723,3.45304833456724));
#4760=CARTESIAN_POINT('',(-1.72652416728362,-12.9694742295911,2.99042757823078));
#4761=CARTESIAN_POINT('',(-2.52780682189431,-12.9964956160099,2.52780682189432));
#4762=CARTESIAN_POINT('',(-2.99042757823078,-13.0235170024286,1.72652416728362));
#4763=CARTESIAN_POINT('',(-3.45304833456724,-13.0505383888474,0.925241512672929));
#4764=CARTESIAN_POINT('',(-3.45304833456724,-13.0775597752662,4.1241141605013E-15));
#4765=CARTESIAN_POINT('',(-3.45304833456724,-13.1045811616849,-0.925241512672924));
#4766=CARTESIAN_POINT('',(-2.99042757823078,-13.1316025481037,-1.72652416728362));
#4767=CARTESIAN_POINT('',(-2.52780682189432,-13.1586239345225,-2.52780682189431));
#4768=CARTESIAN_POINT('',(-1.72652416728363,-13.1856453209412,-2.99042757823078));
#4769=CARTESIAN_POINT('',(-0.925241512672933,-13.21266670736,-3.45304833456724));
#4770=CARTESIAN_POINT('',(-2.07929968518206E-15,-13.2396880937788,-3.45304833456724));
#4771=CARTESIAN_POINT('',(0.925241512672923,-13.2667094801975,-3.45304833456724));
#4772=CARTESIAN_POINT('',(1.72652416728362,-13.2937308666163,-2.99042757823078));
#4773=CARTESIAN_POINT('',(2.52780682189431,-13.3207522530351,-2.52780682189432));
#4774=CARTESIAN_POINT('',(2.99042757823078,-13.3477736394538,-1.72652416728363));
#4775=CARTESIAN_POINT('',(3.45304833456724,-13.3747950258726,-0.925241512672932));
#4776=CARTESIAN_POINT('',(3.45304833456724,-13.4018164122914,-1.48006760658011E-15));
#4777=CARTESIAN_POINT('',(3.45304833456724,-13.4288377987102,0.925241512672923));
#4778=CARTESIAN_POINT('',(2.99042757823078,-13.4558591851289,1.72652416728362));
#4779=CARTESIAN_POINT('',(2.52780682189432,-13.4828805715477,2.52780682189431));
#4780=CARTESIAN_POINT('',(1.72652416728363,-13.5099019579665,2.99042757823078));
#4781=CARTESIAN_POINT('',(0.925241512672932,-13.5369233443852,3.45304833456724));
#4782=CARTESIAN_POINT('',(8.60981191079643E-16,-13.563944730804,3.45304833456724));
#4783=CARTESIAN_POINT('',(-0.925241512672924,-13.5909661172228,3.45304833456724));
#4784=CARTESIAN_POINT('',(-1.72652416728362,-13.6179875036415,2.99042757823078));
#4785=CARTESIAN_POINT('',(-2.52780682189431,-13.6450088900603,2.52780682189432));
#4786=CARTESIAN_POINT('',(-2.99042757823078,-13.6720302764791,1.72652416728363));
#4787=CARTESIAN_POINT('',(-3.45304833456724,-13.6990516628978,0.925241512672933));
#4788=CARTESIAN_POINT('',(-3.45304833456724,-13.7260730493166,8.03679009149116E-15));
#4789=CARTESIAN_POINT('',(-3.45304833456724,-13.7530944357354,-0.925241512672923));
#4790=CARTESIAN_POINT('',(-2.99042757823078,-13.7801158221541,-1.72652416728362));
#4791=CARTESIAN_POINT('',(-2.52780682189432,-13.8071372085729,-2.52780682189431));
#4792=CARTESIAN_POINT('',(-1.72652416728363,-13.8341585949917,-2.99042757823078));
#4793=CARTESIAN_POINT('',(-0.925241512672934,-13.8611799814104,-3.45304833456724));
#4794=CARTESIAN_POINT('',(-9.09860730291302E-15,-13.8882013678292,-3.45304833456724));
#4795=CARTESIAN_POINT('',(0.925241512672922,-13.915222754248,-3.45304833456724));
#4796=CARTESIAN_POINT('',(1.72652416728362,-13.9422441406668,-2.99042757823078));
#4797=CARTESIAN_POINT('',(2.52780682189431,-13.9692655270855,-2.52780682189433));
#4798=CARTESIAN_POINT('',(2.99042757823078,-13.9962869135043,-1.72652416728363));
#4799=CARTESIAN_POINT('',(3.45304833456724,-14.0233082999231,-0.925241512672927));
#4800=CARTESIAN_POINT('',(3.45304833456724,-14.0503296863418,-8.45966655051404E-15));
#4801=CARTESIAN_POINT('',(3.45304833456724,-14.0773510727606,0.925241512672922));
#4802=CARTESIAN_POINT('',(2.99042757823078,-14.1043724591794,1.72652416728361));
#4803=CARTESIAN_POINT('',(2.52780682189432,-14.1313938455981,2.52780682189431));
#4804=CARTESIAN_POINT('',(1.72652416728363,-14.1584152320169,2.99042757823077));
#4805=CARTESIAN_POINT('',(0.925241512672933,-14.1854366184357,3.45304833456724));
#4806=CARTESIAN_POINT('',(1.6670254353284E-15,-14.2124580048544,3.45304833456724));
#4807=CARTESIAN_POINT('',(-0.925241512672917,-14.2394793912732,3.45304833456724));
#4808=CARTESIAN_POINT('',(-1.72652416728362,-14.266500777692,2.99042757823078));
#4809=CARTESIAN_POINT('',(-2.52780682189431,-14.2935221641107,2.52780682189433));
#4810=CARTESIAN_POINT('',(-2.99042757823078,-14.3205435505295,1.72652416728363));
#4811=CARTESIAN_POINT('',(-3.45304833456724,-14.3475649369483,0.925241512672928));
#4812=CARTESIAN_POINT('',(-3.45304833456724,-14.374586323367,8.88254300953693E-15));
#4813=CARTESIAN_POINT('',(-3.45304833456724,-14.4016077097858,-0.925241512672922));
#4814=CARTESIAN_POINT('',(-2.99042757823079,-14.4286290962046,-1.72652416728361));
#4815=CARTESIAN_POINT('',(-2.52780682189432,-14.4556504826234,-2.52780682189431));
#4816=CARTESIAN_POINT('',(-1.72652416728363,-14.4826718690421,-2.99042757823077));
#4817=CARTESIAN_POINT('',(-0.925241512672935,-14.5096932554609,-3.45304833456724));
#4818=CARTESIAN_POINT('',(-3.85022286886764E-15,-14.5367146418797,-3.45304833456724));
#4819=CARTESIAN_POINT('',(0.925241512672915,-14.5637360282984,-3.45304833456725));
#4820=CARTESIAN_POINT('',(1.72652416728362,-14.5907574147172,-2.99042757823078));
#4821=CARTESIAN_POINT('',(2.52780682189431,-14.617778801136,-2.52780682189433));
#4822=CARTESIAN_POINT('',(2.99042757823078,-14.6448001875547,-1.72652416728363));
#4823=CARTESIAN_POINT('',(3.45304833456724,-14.6718215739735,-0.92524151267294));
#4824=CARTESIAN_POINT('',(3.45304833456724,-14.6988429603923,-9.30541946855982E-15));
#4825=CARTESIAN_POINT('',(3.45304833456724,-14.725864346811,0.925241512672922));
#4826=CARTESIAN_POINT('',(2.99042757823078,-14.7528857332298,1.72652416728361));
#4827=CARTESIAN_POINT('',(2.52780682189432,-14.7799071196486,2.52780682189431));
#4828=CARTESIAN_POINT('',(1.72652416728363,-14.8069285060673,2.99042757823077));
#4829=CARTESIAN_POINT('',(0.925241512672933,-14.8339498924861,3.45304833456724));
#4830=CARTESIAN_POINT('',(2.47306967957716E-15,-14.8609712789049,3.45304833456724));
#4831=CARTESIAN_POINT('',(-0.925241512672916,-14.8879926653236,3.45304833456725));
#4832=CARTESIAN_POINT('',(-1.72652416728362,-14.9150140517424,2.99042757823078));
#4833=CARTESIAN_POINT('',(-2.52780682189431,-14.9420354381612,2.52780682189433));
#4834=CARTESIAN_POINT('',(-2.99042757823078,-14.96905682458,1.72652416728363));
#4835=CARTESIAN_POINT('',(-3.45304833456724,-14.9960782109987,0.925241512672941));
#4836=CARTESIAN_POINT('',(-3.45304833456724,-15.0230995974175,9.72829592758271E-15));
#4837=CARTESIAN_POINT('',(-3.45304833456725,-15.0501209838363,-0.925241512672921));
#4838=CARTESIAN_POINT('',(-2.99042757823079,-15.077142370255,-1.72652416728361));
#4839=CARTESIAN_POINT('',(-2.52780682189432,-15.1041637566738,-2.52780682189431));
#4840=CARTESIAN_POINT('',(-1.72652416728363,-15.1311851430926,-2.99042757823077));
#4841=CARTESIAN_POINT('',(-0.925241512672936,-15.1582065295113,-3.45304833456724));
#4842=CARTESIAN_POINT('',(-1.70033765124868E-14,-15.1852279159301,-3.45304833456724));
#4843=CARTESIAN_POINT('',(0.925241512672914,-15.2122493023489,-3.45304833456725));
#4844=CARTESIAN_POINT('',(1.72652416728362,-15.2392706887676,-2.99042757823078));
#4845=CARTESIAN_POINT('',(2.52780682189431,-15.2662920751864,-2.52780682189433));
#4846=CARTESIAN_POINT('',(2.99042757823077,-15.2933134616052,-1.72652416728363));
#4847=CARTESIAN_POINT('',(3.45304833456724,-15.3203348480239,-0.925241512672941));
#4848=CARTESIAN_POINT('',(3.45304833456724,-15.3473562344427,-1.01511723866056E-14));
#4849=CARTESIAN_POINT('',(3.45304833456725,-15.3743776208615,0.925241512672909));
#4850=CARTESIAN_POINT('',(2.99042757823078,-15.4013990072802,1.72652416728361));
#4851=CARTESIAN_POINT('',(2.52780682189432,-15.428420393699,2.52780682189431));
#4852=CARTESIAN_POINT('',(1.72652416728363,-15.4554417801178,2.99042757823077));
#4853=CARTESIAN_POINT('',(0.925241512672934,-15.4824631665366,3.45304833456724));
#4854=CARTESIAN_POINT('',(1.55468059756023E-14,-15.5094845529553,3.45304833456724));
#4855=CARTESIAN_POINT('',(-0.925241512672916,-15.5365059393741,3.45304833456725));
#4856=CARTESIAN_POINT('',(-1.72652416728362,-15.5635273257929,2.99042757823078));
#4857=CARTESIAN_POINT('',(-2.52780682189431,-15.5905487122116,2.52780682189433));
#4858=CARTESIAN_POINT('',(-2.99042757823078,-15.6175700986304,1.72652416728363));
#4859=CARTESIAN_POINT('',(-3.45304833456724,-15.6445914850492,0.925241512672929));
#4860=CARTESIAN_POINT('',(-3.45304833456724,-15.6716128714679,2.28417408974048E-14));
#4861=CARTESIAN_POINT('',(-3.45304833456725,-15.6986342578867,-0.925241512672908));
#4862=CARTESIAN_POINT('',(-2.99042757823079,-15.7256556443055,-1.72652416728361));
#4863=CARTESIAN_POINT('',(-2.52780682189432,-15.7526770307242,-2.52780682189431));
#4864=CARTESIAN_POINT('',(-1.72652416728362,-15.779698417143,-2.99042757823078));
#4865=CARTESIAN_POINT('',(-0.925241512672949,-15.8067198035618,-3.45304833456724));
#4866=CARTESIAN_POINT('',(-1.78888381043296E-14,-15.8337411899805,-3.45304833456724));
#4867=CARTESIAN_POINT('',(0.925241512672913,-15.8607625763993,-3.45304833456725));
#4868=CARTESIAN_POINT('',(1.72652416728361,-15.8877839628181,-2.99042757823078));
#4869=CARTESIAN_POINT('',(2.52780682189431,-15.9148053492368,-2.52780682189432));
#4870=CARTESIAN_POINT('',(2.99042757823077,-15.9418267356556,-1.72652416728364));
#4871=CARTESIAN_POINT('',(3.45304833456724,-15.9688481220744,-0.925241512672942));
#4872=CARTESIAN_POINT('',(3.45304833456724,-15.9958695084932,-1.09969253046514E-14));
#4873=CARTESIAN_POINT('',(3.45304833456724,-16.0228908949119,0.92524151267292));
#4874=CARTESIAN_POINT('',(2.99042757823079,-16.0499122813307,1.7265241672836));
#4875=CARTESIAN_POINT('',(2.52780682189433,-16.0769336677495,2.5278068218943));
#4876=CARTESIAN_POINT('',(1.72652416728363,-16.1039550541682,2.99042757823077));
#4877=CARTESIAN_POINT('',(0.925241512672935,-16.130976440587,3.45304833456724));
#4878=CARTESIAN_POINT('',(4.08515816807468E-15,-16.1579978270058,3.45304833456724));
#4879=CARTESIAN_POINT('',(-0.925241512672902,-16.1850192134245,3.45304833456725));
#4880=CARTESIAN_POINT('',(-1.72652416728361,-16.2120405998433,2.99042757823079));
#4881=CARTESIAN_POINT('',(-2.52780682189431,-16.2390619862621,2.52780682189433));
#4882=CARTESIAN_POINT('',(-2.99042757823078,-16.2660833726808,1.72652416728363));
#4883=CARTESIAN_POINT('',(-3.45304833456724,-16.2931047590996,0.92524151267293));
#4884=CARTESIAN_POINT('',(-3.45304833456724,-16.3201261455184,2.36874938154506E-14));
#4885=CARTESIAN_POINT('',(-3.45304833456725,-16.3471475319371,-0.925241512672907));
#4886=CARTESIAN_POINT('',(-2.99042757823079,-16.3741689183559,-1.72652416728361));
#4887=CARTESIAN_POINT('',(-2.52780682189432,-16.4011903047747,-2.52780682189431));
#4888=CARTESIAN_POINT('',(-1.72652416728363,-16.4282116911934,-2.99042757823078));
#4889=CARTESIAN_POINT('',(-0.92524151267295,-16.4552330776122,-3.45304833456724));
#4890=CARTESIAN_POINT('',(-1.87742996961723E-14,-16.482254464031,-3.45304833456724));
#4891=CARTESIAN_POINT('',(0.925241512672912,-16.5092758504498,-3.45304833456725));
#4892=CARTESIAN_POINT('',(1.72652416728361,-16.5362972368685,-2.99042757823078));
#4893=CARTESIAN_POINT('',(2.5278068218943,-16.5633186232873,-2.52780682189434));
#4894=CARTESIAN_POINT('',(2.99042757823077,-16.5903400097061,-1.72652416728364));
#4895=CARTESIAN_POINT('',(3.45304833456724,-16.6173613961248,-0.925241512672943));
#4896=CARTESIAN_POINT('',(3.45304833456724,-16.6443827825436,-1.18426782226971E-14));
#4897=CARTESIAN_POINT('',(3.45304833456724,-16.6714041689624,0.925241512672919));
#4898=CARTESIAN_POINT('',(2.99042757823079,-16.6984255553811,1.7265241672836));
#4899=CARTESIAN_POINT('',(2.52780682189433,-16.7254469417999,2.5278068218943));
#4900=CARTESIAN_POINT('',(1.72652416728363,-16.7524683282187,2.99042757823077));
#4901=CARTESIAN_POINT('',(0.925241512672936,-16.7794897146374,3.45304833456724));
#4902=CARTESIAN_POINT('',(4.89120241232343E-15,-16.8065111010562,3.45304833456724));
#4903=CARTESIAN_POINT('',(-7.51107297417874E-16,-12.2669181827031,3.45304833456724));
#4904=CARTESIAN_POINT('',(-7.41128714493248E-16,-12.1039501743553,3.45304833456724));
#4905=CARTESIAN_POINT('',(-7.41128714493248E-16,-12.1039501743553,3.45304833456724));
#4906=CARTESIAN_POINT('',(-7.41128714493248E-16,-12.1039501743553,3.45304833456724));
#4907=CARTESIAN_POINT('',(-0.925241512672927,-12.1309715607741,3.45304833456724));
#4908=CARTESIAN_POINT('',(-1.72652416728362,-12.1579929471928,2.99042757823078));
#4909=CARTESIAN_POINT('',(-2.52780682189432,-12.1850143336116,2.52780682189432));
#4910=CARTESIAN_POINT('',(-2.99042757823078,-12.2120357200304,1.72652416728362));
#4911=CARTESIAN_POINT('',(-3.45304833456724,-12.2390571064491,0.925241512672927));
#4912=CARTESIAN_POINT('',(-3.45304833456724,-12.2660784928679,2.11438229511444E-16));
#4913=CARTESIAN_POINT('',(-3.45304833456724,-12.2930998792867,-0.925241512672925));
#4914=CARTESIAN_POINT('',(-2.99042757823078,-12.3201212657054,-1.72652416728362));
#4915=CARTESIAN_POINT('',(-2.52780682189432,-12.3471426521242,-2.52780682189432));
#4916=CARTESIAN_POINT('',(-1.72652416728362,-12.374164038543,-2.99042757823078));
#4917=CARTESIAN_POINT('',(-0.925241512672928,-12.4011854249617,-3.45304833456724));
#4918=CARTESIAN_POINT('',(-1.18385951041464E-15,-12.4282068113805,-3.45304833456724));
#4919=CARTESIAN_POINT('',(0.925241512672924,-12.4552281977993,-3.45304833456724));
#4920=CARTESIAN_POINT('',(1.72652416728362,-12.482249584218,-2.99042757823078));
#4921=CARTESIAN_POINT('',(2.52780682189431,-12.5092709706368,-2.52780682189432));
#4922=CARTESIAN_POINT('',(2.99042757823078,-12.5362923570556,-1.72652416728362));
#4923=CARTESIAN_POINT('',(3.45304833456724,-12.5633137434744,-0.925241512672929));
#4924=CARTESIAN_POINT('',(3.45304833456724,-12.5903351298931,-6.34314688534331E-16));
#4925=CARTESIAN_POINT('',(3.45304833456724,-12.6173565163119,0.925241512672924));
#4926=CARTESIAN_POINT('',(2.99042757823078,-12.6443779027307,1.72652416728362));
#4927=CARTESIAN_POINT('',(2.52780682189432,-12.6713992891494,2.52780682189432));
#4928=CARTESIAN_POINT('',(1.72652416728362,-12.6984206755682,2.99042757823078));
#4929=CARTESIAN_POINT('',(0.925241512672928,-12.725442061987,3.45304833456724));
#4930=CARTESIAN_POINT('',(6.49155297555103E-17,-12.7524634484057,3.45304833456724));
#4931=CARTESIAN_POINT('',(-0.925241512672925,-12.7794848348245,3.45304833456724));
#4932=CARTESIAN_POINT('',(-1.72652416728362,-12.8065062212433,2.99042757823078));
#4933=CARTESIAN_POINT('',(-2.52780682189431,-12.833527607662,2.52780682189432));
#4934=CARTESIAN_POINT('',(-2.99042757823078,-12.8605489940808,1.72652416728362));
#4935=CARTESIAN_POINT('',(-3.45304833456724,-12.8875703804996,0.925241512672929));
#4936=CARTESIAN_POINT('',(-3.45304833456724,-12.9145917669183,4.1241141605013E-15));
#4937=CARTESIAN_POINT('',(-3.45304833456724,-12.9416131533371,-0.925241512672924));
#4938=CARTESIAN_POINT('',(-2.99042757823078,-12.9686345397559,-1.72652416728362));
#4939=CARTESIAN_POINT('',(-2.52780682189432,-12.9956559261746,-2.52780682189431));
#4940=CARTESIAN_POINT('',(-1.72652416728363,-13.0226773125934,-2.99042757823078));
#4941=CARTESIAN_POINT('',(-0.925241512672933,-13.0496986990122,-3.45304833456724));
#4942=CARTESIAN_POINT('',(-2.06932110225743E-15,-13.076720085431,-3.45304833456724));
#4943=CARTESIAN_POINT('',(0.925241512672923,-13.1037414718497,-3.45304833456724));
#4944=CARTESIAN_POINT('',(1.72652416728362,-13.1307628582685,-2.99042757823078));
#4945=CARTESIAN_POINT('',(2.52780682189431,-13.1577842446873,-2.52780682189432));
#4946=CARTESIAN_POINT('',(2.99042757823078,-13.184805631106,-1.72652416728363));
#4947=CARTESIAN_POINT('',(3.45304833456724,-13.2118270175248,-0.925241512672932));
#4948=CARTESIAN_POINT('',(3.45304833456724,-13.2388484039436,-1.48006760658011E-15));
#4949=CARTESIAN_POINT('',(3.45304833456724,-13.2658697903623,0.925241512672923));
#4950=CARTESIAN_POINT('',(2.99042757823078,-13.2928911767811,1.72652416728362));
#4951=CARTESIAN_POINT('',(2.52780682189432,-13.3199125631999,2.52780682189431));
#4952=CARTESIAN_POINT('',(1.72652416728363,-13.3469339496186,2.99042757823078));
#4953=CARTESIAN_POINT('',(0.925241512672932,-13.3739553360374,3.45304833456724));
#4954=CARTESIAN_POINT('',(8.70959774004269E-16,-13.4009767224562,3.45304833456724));
#4955=CARTESIAN_POINT('',(-0.925241512672924,-13.4279981088749,3.45304833456724));
#4956=CARTESIAN_POINT('',(-1.72652416728362,-13.4550194952937,2.99042757823078));
#4957=CARTESIAN_POINT('',(-2.52780682189431,-13.4820408817125,2.52780682189432));
#4958=CARTESIAN_POINT('',(-2.99042757823078,-13.5090622681312,1.72652416728363));
#4959=CARTESIAN_POINT('',(-3.45304833456724,-13.53608365455,0.925241512672933));
#4960=CARTESIAN_POINT('',(-3.45304833456724,-13.5631050409688,8.03679009149116E-15));
#4961=CARTESIAN_POINT('',(-3.45304833456724,-13.5901264273876,-0.925241512672923));
#4962=CARTESIAN_POINT('',(-2.99042757823078,-13.6171478138063,-1.72652416728362));
#4963=CARTESIAN_POINT('',(-2.52780682189432,-13.6441692002251,-2.52780682189431));
#4964=CARTESIAN_POINT('',(-1.72652416728363,-13.6711905866439,-2.99042757823078));
#4965=CARTESIAN_POINT('',(-0.925241512672934,-13.6982119730626,-3.45304833456724));
#4966=CARTESIAN_POINT('',(-9.08862871998839E-15,-13.7252333594814,-3.45304833456724));
#4967=CARTESIAN_POINT('',(0.925241512672922,-13.7522547459002,-3.45304833456724));
#4968=CARTESIAN_POINT('',(1.72652416728362,-13.7792761323189,-2.99042757823078));
#4969=CARTESIAN_POINT('',(2.52780682189431,-13.8062975187377,-2.52780682189433));
#4970=CARTESIAN_POINT('',(2.99042757823078,-13.8333189051565,-1.72652416728363));
#4971=CARTESIAN_POINT('',(3.45304833456724,-13.8603402915752,-0.925241512672927));
#4972=CARTESIAN_POINT('',(3.45304833456724,-13.887361677994,-8.45966655051404E-15));
#4973=CARTESIAN_POINT('',(3.45304833456724,-13.9143830644128,0.925241512672922));
#4974=CARTESIAN_POINT('',(2.99042757823078,-13.9414044508315,1.72652416728361));
#4975=CARTESIAN_POINT('',(2.52780682189432,-13.9684258372503,2.52780682189431));
#4976=CARTESIAN_POINT('',(1.72652416728363,-13.9954472236691,2.99042757823077));
#4977=CARTESIAN_POINT('',(0.925241512672933,-14.0224686100879,3.45304833456724));
#4978=CARTESIAN_POINT('',(1.67700401825303E-15,-14.0494899965066,3.45304833456724));
#4979=CARTESIAN_POINT('',(-0.925241512672917,-14.0765113829254,3.45304833456724));
#4980=CARTESIAN_POINT('',(-1.72652416728362,-14.1035327693442,2.99042757823078));
#4981=CARTESIAN_POINT('',(-2.52780682189431,-14.1305541557629,2.52780682189433));
#4982=CARTESIAN_POINT('',(-2.99042757823078,-14.1575755421817,1.72652416728363));
#4983=CARTESIAN_POINT('',(-3.45304833456724,-14.1845969286005,0.925241512672928));
#4984=CARTESIAN_POINT('',(-3.45304833456724,-14.2116183150192,8.88254300953693E-15));
#4985=CARTESIAN_POINT('',(-3.45304833456724,-14.238639701438,-0.925241512672922));
#4986=CARTESIAN_POINT('',(-2.99042757823079,-14.2656610878568,-1.72652416728361));
#4987=CARTESIAN_POINT('',(-2.52780682189432,-14.2926824742755,-2.52780682189431));
#4988=CARTESIAN_POINT('',(-1.72652416728363,-14.3197038606943,-2.99042757823077));
#4989=CARTESIAN_POINT('',(-0.925241512672935,-14.3467252471131,-3.45304833456724));
#4990=CARTESIAN_POINT('',(-3.84024428594302E-15,-14.3737466335318,-3.45304833456724));
#4991=CARTESIAN_POINT('',(0.925241512672915,-14.4007680199506,-3.45304833456725));
#4992=CARTESIAN_POINT('',(1.72652416728362,-14.4277894063694,-2.99042757823078));
#4993=CARTESIAN_POINT('',(2.52780682189431,-14.4548107927881,-2.52780682189433));
#4994=CARTESIAN_POINT('',(2.99042757823078,-14.4818321792069,-1.72652416728363));
#4995=CARTESIAN_POINT('',(3.45304833456724,-14.5088535656257,-0.92524151267294));
#4996=CARTESIAN_POINT('',(3.45304833456724,-14.5358749520444,-9.30541946855982E-15));
#4997=CARTESIAN_POINT('',(3.45304833456724,-14.5628963384632,0.925241512672922));
#4998=CARTESIAN_POINT('',(2.99042757823078,-14.589917724882,1.72652416728361));
#4999=CARTESIAN_POINT('',(2.52780682189432,-14.6169391113008,2.52780682189431));
#5000=CARTESIAN_POINT('',(1.72652416728363,-14.6439604977195,2.99042757823077));
#5001=CARTESIAN_POINT('',(0.925241512672933,-14.6709818841383,3.45304833456724));
#5002=CARTESIAN_POINT('',(2.48304826250179E-15,-14.6980032705571,3.45304833456724));
#5003=CARTESIAN_POINT('',(-0.925241512672916,-14.7250246569758,3.45304833456725));
#5004=CARTESIAN_POINT('',(-1.72652416728362,-14.7520460433946,2.99042757823078));
#5005=CARTESIAN_POINT('',(-2.52780682189431,-14.7790674298134,2.52780682189433));
#5006=CARTESIAN_POINT('',(-2.99042757823078,-14.8060888162321,1.72652416728363));
#5007=CARTESIAN_POINT('',(-3.45304833456724,-14.8331102026509,0.925241512672941));
#5008=CARTESIAN_POINT('',(-3.45304833456724,-14.8601315890697,9.72829592758271E-15));
#5009=CARTESIAN_POINT('',(-3.45304833456725,-14.8871529754884,-0.925241512672921));
#5010=CARTESIAN_POINT('',(-2.99042757823079,-14.9141743619072,-1.72652416728361));
#5011=CARTESIAN_POINT('',(-2.52780682189432,-14.941195748326,-2.52780682189431));
#5012=CARTESIAN_POINT('',(-1.72652416728363,-14.9682171347447,-2.99042757823077));
#5013=CARTESIAN_POINT('',(-0.925241512672936,-14.9952385211635,-3.45304833456724));
#5014=CARTESIAN_POINT('',(-1.69933979295621E-14,-15.0222599075823,-3.45304833456724));
#5015=CARTESIAN_POINT('',(0.925241512672914,-15.049281294001,-3.45304833456725));
#5016=CARTESIAN_POINT('',(1.72652416728362,-15.0763026804198,-2.99042757823078));
#5017=CARTESIAN_POINT('',(2.52780682189431,-15.1033240668386,-2.52780682189433));
#5018=CARTESIAN_POINT('',(2.99042757823077,-15.1303454532574,-1.72652416728363));
#5019=CARTESIAN_POINT('',(3.45304833456724,-15.1573668396761,-0.925241512672941));
#5020=CARTESIAN_POINT('',(3.45304833456724,-15.1843882260949,-1.01511723866056E-14));
#5021=CARTESIAN_POINT('',(3.45304833456725,-15.2114096125137,0.925241512672909));
#5022=CARTESIAN_POINT('',(2.99042757823078,-15.2384309989324,1.72652416728361));
#5023=CARTESIAN_POINT('',(2.52780682189432,-15.2654523853512,2.52780682189431));
#5024=CARTESIAN_POINT('',(1.72652416728363,-15.29247377177,2.99042757823077));
#5025=CARTESIAN_POINT('',(0.925241512672934,-15.3194951581887,3.45304833456724));
#5026=CARTESIAN_POINT('',(1.55567845585269E-14,-15.3465165446075,3.45304833456724));
#5027=CARTESIAN_POINT('',(-0.925241512672916,-15.3735379310263,3.45304833456725));
#5028=CARTESIAN_POINT('',(-1.72652416728362,-15.400559317445,2.99042757823078));
#5029=CARTESIAN_POINT('',(-2.52780682189431,-15.4275807038638,2.52780682189433));
#5030=CARTESIAN_POINT('',(-2.99042757823078,-15.4546020902826,1.72652416728363));
#5031=CARTESIAN_POINT('',(-3.45304833456724,-15.4816234767013,0.925241512672929));
#5032=CARTESIAN_POINT('',(-3.45304833456724,-15.5086448631201,2.28417408974048E-14));
#5033=CARTESIAN_POINT('',(-3.45304833456725,-15.5356662495389,-0.925241512672908));
#5034=CARTESIAN_POINT('',(-2.99042757823079,-15.5626876359576,-1.72652416728361));
#5035=CARTESIAN_POINT('',(-2.52780682189432,-15.5897090223764,-2.52780682189431));
#5036=CARTESIAN_POINT('',(-1.72652416728362,-15.6167304087952,-2.99042757823078));
#5037=CARTESIAN_POINT('',(-0.925241512672949,-15.643751795214,-3.45304833456724));
#5038=CARTESIAN_POINT('',(-1.78788595214049E-14,-15.6707731816327,-3.45304833456724));
#5039=CARTESIAN_POINT('',(0.925241512672913,-15.6977945680515,-3.45304833456725));
#5040=CARTESIAN_POINT('',(1.72652416728361,-15.7248159544703,-2.99042757823078));
#5041=CARTESIAN_POINT('',(2.52780682189431,-15.751837340889,-2.52780682189432));
#5042=CARTESIAN_POINT('',(2.99042757823077,-15.7788587273078,-1.72652416728364));
#5043=CARTESIAN_POINT('',(3.45304833456724,-15.8058801137266,-0.925241512672942));
#5044=CARTESIAN_POINT('',(3.45304833456724,-15.8329015001453,-1.09969253046514E-14));
#5045=CARTESIAN_POINT('',(3.45304833456724,-15.8599228865641,0.92524151267292));
#5046=CARTESIAN_POINT('',(2.99042757823079,-15.8869442729829,1.7265241672836));
#5047=CARTESIAN_POINT('',(2.52780682189433,-15.9139656594016,2.5278068218943));
#5048=CARTESIAN_POINT('',(1.72652416728363,-15.9409870458204,2.99042757823077));
#5049=CARTESIAN_POINT('',(0.925241512672935,-15.9680084322392,3.45304833456724));
#5050=CARTESIAN_POINT('',(4.0951367509993E-15,-15.9950298186579,3.45304833456724));
#5051=CARTESIAN_POINT('',(-0.925241512672902,-16.0220512050767,3.45304833456725));
#5052=CARTESIAN_POINT('',(-1.72652416728361,-16.0490725914955,2.99042757823079));
#5053=CARTESIAN_POINT('',(-2.52780682189431,-16.0760939779142,2.52780682189433));
#5054=CARTESIAN_POINT('',(-2.99042757823078,-16.103115364333,1.72652416728363));
#5055=CARTESIAN_POINT('',(-3.45304833456724,-16.1301367507518,0.92524151267293));
#5056=CARTESIAN_POINT('',(-3.45304833456724,-16.1571581371706,2.36874938154506E-14));
#5057=CARTESIAN_POINT('',(-3.45304833456725,-16.1841795235893,-0.925241512672907));
#5058=CARTESIAN_POINT('',(-2.99042757823079,-16.2112009100081,-1.72652416728361));
#5059=CARTESIAN_POINT('',(-2.52780682189432,-16.2382222964269,-2.52780682189431));
#5060=CARTESIAN_POINT('',(-1.72652416728363,-16.2652436828456,-2.99042757823078));
#5061=CARTESIAN_POINT('',(-0.92524151267295,-16.2922650692644,-3.45304833456724));
#5062=CARTESIAN_POINT('',(-1.87643211132477E-14,-16.3192864556832,-3.45304833456724));
#5063=CARTESIAN_POINT('',(0.925241512672912,-16.3463078421019,-3.45304833456725));
#5064=CARTESIAN_POINT('',(1.72652416728361,-16.3733292285207,-2.99042757823078));
#5065=CARTESIAN_POINT('',(2.5278068218943,-16.4003506149395,-2.52780682189434));
#5066=CARTESIAN_POINT('',(2.99042757823077,-16.4273720013582,-1.72652416728364));
#5067=CARTESIAN_POINT('',(3.45304833456724,-16.454393387777,-0.925241512672943));
#5068=CARTESIAN_POINT('',(3.45304833456724,-16.4814147741958,-1.18426782226971E-14));
#5069=CARTESIAN_POINT('',(3.45304833456724,-16.5084361606145,0.925241512672919));
#5070=CARTESIAN_POINT('',(2.99042757823079,-16.5354575470333,1.7265241672836));
#5071=CARTESIAN_POINT('',(2.52780682189433,-16.5624789334521,2.5278068218943));
#5072=CARTESIAN_POINT('',(1.72652416728363,-16.5895003198708,2.99042757823077));
#5073=CARTESIAN_POINT('',(0.925241512672936,-16.6165217062896,3.45304833456724));
#5074=CARTESIAN_POINT('',(4.90118099524806E-15,-16.6435430927084,3.45304833456724));
#5075=CARTESIAN_POINT('',(4.90118099524806E-15,-16.6435430927084,3.45304833456724));
#5076=CARTESIAN_POINT('',(4.90118099524806E-15,-16.6435430927084,3.45304833456724));
#5077=CARTESIAN_POINT('',(-7.32628794018914E-16,-11.9651313539596,3.87214914182437));
#5078=CARTESIAN_POINT('',(-1.03753923552471,-11.9921527403784,3.87214914182437));
#5079=CARTESIAN_POINT('',(-1.93607457091219,-12.0191741267971,3.35337952406202));
#5080=CARTESIAN_POINT('',(-2.83460990629967,-12.0461955132159,2.83460990629967));
#5081=CARTESIAN_POINT('',(-3.35337952406202,-12.0732168996347,1.93607457091219));
#5082=CARTESIAN_POINT('',(-3.87214914182437,-12.1002382860534,1.03753923552471));
#5083=CARTESIAN_POINT('',(-3.87214914182437,-12.1272596724722,2.37100752617819E-16));
#5084=CARTESIAN_POINT('',(-3.87214914182437,-12.154281058891,-1.0375392355247));
#5085=CARTESIAN_POINT('',(-3.35337952406202,-12.1813024453098,-1.93607457091218));
#5086=CARTESIAN_POINT('',(-2.83460990629967,-12.2083238317285,-2.83460990629967));
#5087=CARTESIAN_POINT('',(-1.93607457091219,-12.2353452181473,-3.35337952406202));
#5088=CARTESIAN_POINT('',(-1.03753923552471,-12.2623666045661,-3.87214914182437));
#5089=CARTESIAN_POINT('',(-1.22668463615306E-15,-12.2893879909848,-3.87214914182437));
#5090=CARTESIAN_POINT('',(1.0375392355247,-12.3164093774036,-3.87214914182437));
#5091=CARTESIAN_POINT('',(1.93607457091218,-12.3434307638224,-3.35337952406202));
#5092=CARTESIAN_POINT('',(2.83460990629966,-12.3704521502411,-2.83460990629967));
#5093=CARTESIAN_POINT('',(3.35337952406202,-12.3974735366599,-1.93607457091219));
#5094=CARTESIAN_POINT('',(3.87214914182437,-12.4244949230787,-1.03753923552471));
#5095=CARTESIAN_POINT('',(3.87214914182437,-12.4515163094974,-7.11302257853458E-16));
#5096=CARTESIAN_POINT('',(3.87214914182437,-12.4785376959162,1.0375392355247));
#5097=CARTESIAN_POINT('',(3.35337952406202,-12.505559082335,1.93607457091218));
#5098=CARTESIAN_POINT('',(2.83460990629967,-12.5325804687537,2.83460990629967));
#5099=CARTESIAN_POINT('',(1.93607457091219,-12.5596018551725,3.35337952406202));
#5100=CARTESIAN_POINT('',(1.03753923552471,-12.5866232415913,3.87214914182437));
#5101=CARTESIAN_POINT('',(-7.7233746781593E-16,-12.61364462801,3.87214914182437));
#5102=CARTESIAN_POINT('',(-1.03753923552471,-12.6406660144288,3.87214914182437));
#5103=CARTESIAN_POINT('',(-1.93607457091219,-12.6676874008476,3.35337952406202));
#5104=CARTESIAN_POINT('',(-2.83460990629967,-12.6947087872664,2.83460990629967));
#5105=CARTESIAN_POINT('',(-3.35337952406202,-12.7217301736851,1.93607457091219));
#5106=CARTESIAN_POINT('',(-3.87214914182437,-12.7487515601039,1.03753923552471));
#5107=CARTESIAN_POINT('',(-3.87214914182437,-12.7757729465227,2.37100752617819E-16));
#5108=CARTESIAN_POINT('',(-3.87214914182437,-12.8027943329414,-1.0375392355247));
#5109=CARTESIAN_POINT('',(-3.35337952406202,-12.8298157193602,-1.93607457091218));
#5110=CARTESIAN_POINT('',(-2.83460990629967,-12.856837105779,-2.83460990629967));
#5111=CARTESIAN_POINT('',(-1.93607457091219,-12.8838584921977,-3.35337952406202));
#5112=CARTESIAN_POINT('',(-1.03753923552471,-12.9108798786165,-3.87214914182437));
#5113=CARTESIAN_POINT('',(-1.26639330995008E-15,-12.9379012650353,-3.87214914182437));
#5114=CARTESIAN_POINT('',(1.0375392355247,-12.964922651454,-3.87214914182437));
#5115=CARTESIAN_POINT('',(1.93607457091218,-12.9919440378728,-3.35337952406202));
#5116=CARTESIAN_POINT('',(2.83460990629966,-13.0189654242916,-2.83460990629967));
#5117=CARTESIAN_POINT('',(3.35337952406202,-13.0459868107103,-1.93607457091219));
#5118=CARTESIAN_POINT('',(3.87214914182437,-13.0730081971291,-1.03753923552471));
#5119=CARTESIAN_POINT('',(3.87214914182437,-13.1000295835479,-7.11302257853458E-16));
#5120=CARTESIAN_POINT('',(3.87214914182437,-13.1270509699666,1.0375392355247));
#5121=CARTESIAN_POINT('',(3.35337952406202,-13.1540723563854,1.93607457091218));
#5122=CARTESIAN_POINT('',(2.83460990629967,-13.1810937428042,2.83460990629967));
#5123=CARTESIAN_POINT('',(1.93607457091219,-13.208115129223,3.35337952406202));
#5124=CARTESIAN_POINT('',(1.03753923552471,-13.2351365156417,3.87214914182437));
#5125=CARTESIAN_POINT('',(-8.12046141612946E-16,-13.2621579020605,3.87214914182437));
#5126=CARTESIAN_POINT('',(-1.03753923552471,-13.2891792884793,3.87214914182437));
#5127=CARTESIAN_POINT('',(-1.93607457091219,-13.316200674898,3.35337952406202));
#5128=CARTESIAN_POINT('',(-2.83460990629967,-13.3432220613168,2.83460990629967));
#5129=CARTESIAN_POINT('',(-3.35337952406202,-13.3702434477356,1.93607457091219));
#5130=CARTESIAN_POINT('',(-3.87214914182437,-13.3972648341543,1.03753923552471));
#5131=CARTESIAN_POINT('',(-3.87214914182437,-13.4242862205731,2.37100752617819E-16));
#5132=CARTESIAN_POINT('',(-3.87214914182437,-13.4513076069919,-1.0375392355247));
#5133=CARTESIAN_POINT('',(-3.35337952406202,-13.4783289934106,-1.93607457091218));
#5134=CARTESIAN_POINT('',(-2.83460990629967,-13.5053503798294,-2.83460990629967));
#5135=CARTESIAN_POINT('',(-1.93607457091219,-13.5323717662482,-3.35337952406202));
#5136=CARTESIAN_POINT('',(-1.03753923552471,-13.5593931526669,-3.87214914182437));
#5137=CARTESIAN_POINT('',(-1.30610198374709E-15,-13.5864145390857,-3.87214914182437));
#5138=CARTESIAN_POINT('',(1.0375392355247,-13.6134359255045,-3.87214914182437));
#5139=CARTESIAN_POINT('',(1.93607457091218,-13.6404573119232,-3.35337952406202));
#5140=CARTESIAN_POINT('',(2.83460990629966,-13.667478698342,-2.83460990629967));
#5141=CARTESIAN_POINT('',(3.35337952406202,-13.6945000847608,-1.93607457091219));
#5142=CARTESIAN_POINT('',(3.87214914182437,-13.7215214711796,-1.03753923552471));
#5143=CARTESIAN_POINT('',(3.87214914182437,-13.7485428575983,-7.11302257853458E-16));
#5144=CARTESIAN_POINT('',(3.87214914182437,-13.7755642440171,1.0375392355247));
#5145=CARTESIAN_POINT('',(3.35337952406202,-13.8025856304359,1.93607457091218));
#5146=CARTESIAN_POINT('',(2.83460990629967,-13.8296070168546,2.83460990629967));
#5147=CARTESIAN_POINT('',(1.93607457091219,-13.8566284032734,3.35337952406202));
#5148=CARTESIAN_POINT('',(1.03753923552471,-13.8836497896922,3.87214914182437));
#5149=CARTESIAN_POINT('',(-8.51754815409962E-16,-13.9106711761109,3.87214914182437));
#5150=CARTESIAN_POINT('',(-1.03753923552471,-13.9376925625297,3.87214914182437));
#5151=CARTESIAN_POINT('',(-1.93607457091219,-13.9647139489485,3.35337952406202));
#5152=CARTESIAN_POINT('',(-2.83460990629967,-13.9917353353672,2.83460990629967));
#5153=CARTESIAN_POINT('',(-3.35337952406202,-14.018756721786,1.93607457091219));
#5154=CARTESIAN_POINT('',(-3.87214914182437,-14.0457781082048,1.03753923552471));
#5155=CARTESIAN_POINT('',(-3.87214914182437,-14.0727994946235,2.37100752617819E-16));
#5156=CARTESIAN_POINT('',(-3.87214914182437,-14.0998208810423,-1.0375392355247));
#5157=CARTESIAN_POINT('',(-3.35337952406202,-14.1268422674611,-1.93607457091218));
#5158=CARTESIAN_POINT('',(-2.83460990629967,-14.1538636538798,-2.83460990629967));
#5159=CARTESIAN_POINT('',(-1.93607457091219,-14.1808850402986,-3.35337952406202));
#5160=CARTESIAN_POINT('',(-1.03753923552471,-14.2079064267174,-3.87214914182437));
#5161=CARTESIAN_POINT('',(-1.34581065754411E-15,-14.2349278131362,-3.87214914182437));
#5162=CARTESIAN_POINT('',(1.0375392355247,-14.2619491995549,-3.87214914182437));
#5163=CARTESIAN_POINT('',(1.93607457091218,-14.2889705859737,-3.35337952406202));
#5164=CARTESIAN_POINT('',(2.83460990629966,-14.3159919723925,-2.83460990629967));
#5165=CARTESIAN_POINT('',(3.35337952406202,-14.3430133588112,-1.93607457091219));
#5166=CARTESIAN_POINT('',(3.87214914182437,-14.37003474523,-1.03753923552471));
#5167=CARTESIAN_POINT('',(3.87214914182437,-14.3970561316488,-7.11302257853458E-16));
#5168=CARTESIAN_POINT('',(3.87214914182437,-14.4240775180675,1.0375392355247));
#5169=CARTESIAN_POINT('',(3.35337952406202,-14.4510989044863,1.93607457091218));
#5170=CARTESIAN_POINT('',(2.83460990629967,-14.4781202909051,2.83460990629967));
#5171=CARTESIAN_POINT('',(1.93607457091219,-14.5051416773238,3.35337952406202));
#5172=CARTESIAN_POINT('',(1.03753923552471,-14.5321630637426,3.87214914182437));
#5173=CARTESIAN_POINT('',(-8.91463489206979E-16,-14.5591844501614,3.87214914182437));
#5174=CARTESIAN_POINT('',(-1.03753923552471,-14.5862058365801,3.87214914182437));
#5175=CARTESIAN_POINT('',(-1.93607457091219,-14.6132272229989,3.35337952406202));
#5176=CARTESIAN_POINT('',(-2.83460990629967,-14.6402486094177,2.83460990629967));
#5177=CARTESIAN_POINT('',(-3.35337952406202,-14.6672699958364,1.93607457091219));
#5178=CARTESIAN_POINT('',(-3.87214914182437,-14.6942913822552,1.03753923552471));
#5179=CARTESIAN_POINT('',(-3.87214914182437,-14.721312768674,2.37100752617819E-16));
#5180=CARTESIAN_POINT('',(-3.87214914182437,-14.7483341550928,-1.0375392355247));
#5181=CARTESIAN_POINT('',(-3.35337952406202,-14.7753555415115,-1.93607457091218));
#5182=CARTESIAN_POINT('',(-2.83460990629967,-14.8023769279303,-2.83460990629967));
#5183=CARTESIAN_POINT('',(-1.93607457091219,-14.8293983143491,-3.35337952406202));
#5184=CARTESIAN_POINT('',(-1.03753923552471,-14.8564197007678,-3.87214914182437));
#5185=CARTESIAN_POINT('',(-1.38551933134113E-15,-14.8834410871866,-3.87214914182437));
#5186=CARTESIAN_POINT('',(1.0375392355247,-14.9104624736054,-3.87214914182437));
#5187=CARTESIAN_POINT('',(1.93607457091218,-14.9374838600241,-3.35337952406202));
#5188=CARTESIAN_POINT('',(2.83460990629966,-14.9645052464429,-2.83460990629967));
#5189=CARTESIAN_POINT('',(3.35337952406202,-14.9915266328617,-1.93607457091219));
#5190=CARTESIAN_POINT('',(3.87214914182437,-15.0185480192804,-1.03753923552471));
#5191=CARTESIAN_POINT('',(3.87214914182437,-15.0455694056992,-7.11302257853458E-16));
#5192=CARTESIAN_POINT('',(3.87214914182437,-15.072590792118,1.0375392355247));
#5193=CARTESIAN_POINT('',(3.35337952406202,-15.0996121785367,1.93607457091218));
#5194=CARTESIAN_POINT('',(2.83460990629967,-15.1266335649555,2.83460990629967));
#5195=CARTESIAN_POINT('',(1.93607457091219,-15.1536549513743,3.35337952406202));
#5196=CARTESIAN_POINT('',(1.03753923552471,-15.180676337793,3.87214914182437));
#5197=CARTESIAN_POINT('',(-9.31172163003995E-16,-15.2076977242118,3.87214914182437));
#5198=CARTESIAN_POINT('',(-1.03753923552471,-15.2347191106306,3.87214914182437));
#5199=CARTESIAN_POINT('',(-1.93607457091219,-15.2617404970494,3.35337952406202));
#5200=CARTESIAN_POINT('',(-2.83460990629967,-15.2887618834681,2.83460990629967));
#5201=CARTESIAN_POINT('',(-3.35337952406202,-15.3157832698869,1.93607457091219));
#5202=CARTESIAN_POINT('',(-3.87214914182437,-15.3428046563057,1.03753923552471));
#5203=CARTESIAN_POINT('',(-3.87214914182437,-15.3698260427244,2.37100752617819E-16));
#5204=CARTESIAN_POINT('',(-3.87214914182437,-15.3968474291432,-1.0375392355247));
#5205=CARTESIAN_POINT('',(-3.35337952406202,-15.423868815562,-1.93607457091218));
#5206=CARTESIAN_POINT('',(-2.83460990629967,-15.4508902019807,-2.83460990629967));
#5207=CARTESIAN_POINT('',(-1.93607457091219,-15.4779115883995,-3.35337952406202));
#5208=CARTESIAN_POINT('',(-1.03753923552471,-15.5049329748183,-3.87214914182437));
#5209=CARTESIAN_POINT('',(-1.42522800513814E-15,-15.531954361237,-3.87214914182437));
#5210=CARTESIAN_POINT('',(1.0375392355247,-15.5589757476558,-3.87214914182437));
#5211=CARTESIAN_POINT('',(1.93607457091218,-15.5859971340746,-3.35337952406202));
#5212=CARTESIAN_POINT('',(2.83460990629966,-15.6130185204933,-2.83460990629967));
#5213=CARTESIAN_POINT('',(3.35337952406202,-15.6400399069121,-1.93607457091219));
#5214=CARTESIAN_POINT('',(3.87214914182437,-15.6670612933309,-1.03753923552471));
#5215=CARTESIAN_POINT('',(3.87214914182437,-15.6940826797496,-7.11302257853458E-16));
#5216=CARTESIAN_POINT('',(3.87214914182437,-15.7211040661684,1.0375392355247));
#5217=CARTESIAN_POINT('',(3.35337952406202,-15.7481254525872,1.93607457091218));
#5218=CARTESIAN_POINT('',(2.83460990629967,-15.775146839006,2.83460990629967));
#5219=CARTESIAN_POINT('',(1.93607457091219,-15.8021682254247,3.35337952406202));
#5220=CARTESIAN_POINT('',(1.03753923552471,-15.8291896118435,3.87214914182437));
#5221=CARTESIAN_POINT('',(-9.70880836801011E-16,-15.8562109982623,3.87214914182437));
#5222=CARTESIAN_POINT('',(-1.03753923552471,-15.883232384681,3.87214914182437));
#5223=CARTESIAN_POINT('',(-1.93607457091219,-15.9102537710998,3.35337952406202));
#5224=CARTESIAN_POINT('',(-2.83460990629967,-15.9372751575186,2.83460990629967));
#5225=CARTESIAN_POINT('',(-3.35337952406202,-15.9642965439373,1.93607457091219));
#5226=CARTESIAN_POINT('',(-3.87214914182437,-15.9913179303561,1.03753923552471));
#5227=CARTESIAN_POINT('',(-3.87214914182437,-16.0183393167749,2.37100752617819E-16));
#5228=CARTESIAN_POINT('',(-3.87214914182437,-16.0453607031936,-1.0375392355247));
#5229=CARTESIAN_POINT('',(-3.35337952406202,-16.0723820896124,-1.93607457091218));
#5230=CARTESIAN_POINT('',(-2.83460990629967,-16.0994034760312,-2.83460990629967));
#5231=CARTESIAN_POINT('',(-1.93607457091219,-16.1264248624499,-3.35337952406202));
#5232=CARTESIAN_POINT('',(-1.03753923552471,-16.1534462488687,-3.87214914182437));
#5233=CARTESIAN_POINT('',(-1.46493667893516E-15,-16.1804676352875,-3.87214914182437));
#5234=CARTESIAN_POINT('',(1.0375392355247,-16.2074890217062,-3.87214914182437));
#5235=CARTESIAN_POINT('',(1.93607457091218,-16.234510408125,-3.35337952406202));
#5236=CARTESIAN_POINT('',(2.83460990629966,-16.2615317945438,-2.83460990629967));
#5237=CARTESIAN_POINT('',(3.35337952406202,-16.2885531809626,-1.93607457091219));
#5238=CARTESIAN_POINT('',(3.87214914182437,-16.3155745673813,-1.03753923552471));
#5239=CARTESIAN_POINT('',(3.87214914182437,-16.3425959538001,-7.11302257853458E-16));
#5240=CARTESIAN_POINT('',(3.87214914182437,-16.3696173402189,1.0375392355247));
#5241=CARTESIAN_POINT('',(3.35337952406202,-16.3966387266376,1.93607457091218));
#5242=CARTESIAN_POINT('',(2.83460990629967,-16.4236601130564,2.83460990629967));
#5243=CARTESIAN_POINT('',(1.93607457091219,-16.4506814994752,3.35337952406202));
#5244=CARTESIAN_POINT('',(1.03753923552471,-16.4777028858939,3.87214914182437));
#5245=CARTESIAN_POINT('',(-1.01058951059803E-15,-16.5047242723127,3.87214914182437));
#5246=CARTESIAN_POINT('',(-7.41128714493248E-16,-12.1039501743553,3.45304833456724));
#5247=CARTESIAN_POINT('',(-0.925241512672927,-12.1309715607741,3.45304833456724));
#5248=CARTESIAN_POINT('',(-1.72652416728362,-12.1579929471928,2.99042757823078));
#5249=CARTESIAN_POINT('',(-2.52780682189432,-12.1850143336116,2.52780682189432));
#5250=CARTESIAN_POINT('',(-2.99042757823078,-12.2120357200304,1.72652416728362));
#5251=CARTESIAN_POINT('',(-3.45304833456724,-12.2390571064491,0.925241512672927));
#5252=CARTESIAN_POINT('',(-3.45304833456724,-12.2660784928679,2.11438229511444E-16));
#5253=CARTESIAN_POINT('',(-3.45304833456724,-12.2930998792867,-0.925241512672925));
#5254=CARTESIAN_POINT('',(-2.99042757823078,-12.3201212657054,-1.72652416728362));
#5255=CARTESIAN_POINT('',(-2.52780682189432,-12.3471426521242,-2.52780682189432));
#5256=CARTESIAN_POINT('',(-1.72652416728362,-12.374164038543,-2.99042757823078));
#5257=CARTESIAN_POINT('',(-0.925241512672928,-12.4011854249617,-3.45304833456724));
#5258=CARTESIAN_POINT('',(-1.18385951041464E-15,-12.4282068113805,-3.45304833456724));
#5259=CARTESIAN_POINT('',(0.925241512672924,-12.4552281977993,-3.45304833456724));
#5260=CARTESIAN_POINT('',(1.72652416728362,-12.482249584218,-2.99042757823078));
#5261=CARTESIAN_POINT('',(2.52780682189431,-12.5092709706368,-2.52780682189432));
#5262=CARTESIAN_POINT('',(2.99042757823078,-12.5362923570556,-1.72652416728362));
#5263=CARTESIAN_POINT('',(3.45304833456724,-12.5633137434744,-0.925241512672929));
#5264=CARTESIAN_POINT('',(3.45304833456724,-12.5903351298931,-6.34314688534331E-16));
#5265=CARTESIAN_POINT('',(3.45304833456724,-12.6173565163119,0.925241512672924));
#5266=CARTESIAN_POINT('',(2.99042757823078,-12.6443779027307,1.72652416728362));
#5267=CARTESIAN_POINT('',(2.52780682189432,-12.6713992891494,2.52780682189432));
#5268=CARTESIAN_POINT('',(1.72652416728362,-12.6984206755682,2.99042757823078));
#5269=CARTESIAN_POINT('',(0.925241512672928,-12.725442061987,3.45304833456724));
#5270=CARTESIAN_POINT('',(-7.80837388290264E-16,-12.7524634484057,3.45304833456724));
#5271=CARTESIAN_POINT('',(-0.925241512672927,-12.7794848348245,3.45304833456724));
#5272=CARTESIAN_POINT('',(-1.72652416728362,-12.8065062212433,2.99042757823078));
#5273=CARTESIAN_POINT('',(-2.52780682189432,-12.833527607662,2.52780682189432));
#5274=CARTESIAN_POINT('',(-2.99042757823078,-12.8605489940808,1.72652416728362));
#5275=CARTESIAN_POINT('',(-3.45304833456724,-12.8875703804996,0.925241512672927));
#5276=CARTESIAN_POINT('',(-3.45304833456724,-12.9145917669183,2.11438229511444E-16));
#5277=CARTESIAN_POINT('',(-3.45304833456724,-12.9416131533371,-0.925241512672925));
#5278=CARTESIAN_POINT('',(-2.99042757823078,-12.9686345397559,-1.72652416728362));
#5279=CARTESIAN_POINT('',(-2.52780682189432,-12.9956559261746,-2.52780682189432));
#5280=CARTESIAN_POINT('',(-1.72652416728362,-13.0226773125934,-2.99042757823078));
#5281=CARTESIAN_POINT('',(-0.925241512672928,-13.0496986990122,-3.45304833456724));
#5282=CARTESIAN_POINT('',(-1.22356818421166E-15,-13.076720085431,-3.45304833456724));
#5283=CARTESIAN_POINT('',(0.925241512672923,-13.1037414718497,-3.45304833456724));
#5284=CARTESIAN_POINT('',(1.72652416728362,-13.1307628582685,-2.99042757823078));
#5285=CARTESIAN_POINT('',(2.52780682189431,-13.1577842446873,-2.52780682189432));
#5286=CARTESIAN_POINT('',(2.99042757823078,-13.184805631106,-1.72652416728362));
#5287=CARTESIAN_POINT('',(3.45304833456724,-13.2118270175248,-0.925241512672929));
#5288=CARTESIAN_POINT('',(3.45304833456724,-13.2388484039436,-6.34314688534331E-16));
#5289=CARTESIAN_POINT('',(3.45304833456724,-13.2658697903623,0.925241512672924));
#5290=CARTESIAN_POINT('',(2.99042757823078,-13.2928911767811,1.72652416728362));
#5291=CARTESIAN_POINT('',(2.52780682189432,-13.3199125631999,2.52780682189432));
#5292=CARTESIAN_POINT('',(1.72652416728362,-13.3469339496186,2.99042757823078));
#5293=CARTESIAN_POINT('',(0.925241512672928,-13.3739553360374,3.45304833456724));
#5294=CARTESIAN_POINT('',(-8.20546062087281E-16,-13.4009767224562,3.45304833456724));
#5295=CARTESIAN_POINT('',(-0.925241512672927,-13.4279981088749,3.45304833456724));
#5296=CARTESIAN_POINT('',(-1.72652416728362,-13.4550194952937,2.99042757823078));
#5297=CARTESIAN_POINT('',(-2.52780682189432,-13.4820408817125,2.52780682189432));
#5298=CARTESIAN_POINT('',(-2.99042757823078,-13.5090622681312,1.72652416728362));
#5299=CARTESIAN_POINT('',(-3.45304833456724,-13.53608365455,0.925241512672927));
#5300=CARTESIAN_POINT('',(-3.45304833456724,-13.5631050409688,2.11438229511444E-16));
#5301=CARTESIAN_POINT('',(-3.45304833456724,-13.5901264273876,-0.925241512672925));
#5302=CARTESIAN_POINT('',(-2.99042757823078,-13.6171478138063,-1.72652416728362));
#5303=CARTESIAN_POINT('',(-2.52780682189432,-13.6441692002251,-2.52780682189432));
#5304=CARTESIAN_POINT('',(-1.72652416728362,-13.6711905866439,-2.99042757823078));
#5305=CARTESIAN_POINT('',(-0.925241512672928,-13.6982119730626,-3.45304833456724));
#5306=CARTESIAN_POINT('',(-1.26327685800868E-15,-13.7252333594814,-3.45304833456724));
#5307=CARTESIAN_POINT('',(0.925241512672923,-13.7522547459002,-3.45304833456724));
#5308=CARTESIAN_POINT('',(1.72652416728362,-13.7792761323189,-2.99042757823078));
#5309=CARTESIAN_POINT('',(2.52780682189431,-13.8062975187377,-2.52780682189432));
#5310=CARTESIAN_POINT('',(2.99042757823078,-13.8333189051565,-1.72652416728362));
#5311=CARTESIAN_POINT('',(3.45304833456724,-13.8603402915752,-0.925241512672929));
#5312=CARTESIAN_POINT('',(3.45304833456724,-13.887361677994,-6.34314688534331E-16));
#5313=CARTESIAN_POINT('',(3.45304833456724,-13.9143830644128,0.925241512672924));
#5314=CARTESIAN_POINT('',(2.99042757823078,-13.9414044508315,1.72652416728362));
#5315=CARTESIAN_POINT('',(2.52780682189432,-13.9684258372503,2.52780682189432));
#5316=CARTESIAN_POINT('',(1.72652416728362,-13.9954472236691,2.99042757823078));
#5317=CARTESIAN_POINT('',(0.925241512672928,-14.0224686100879,3.45304833456724));
#5318=CARTESIAN_POINT('',(-8.60254735884297E-16,-14.0494899965066,3.45304833456724));
#5319=CARTESIAN_POINT('',(-0.925241512672927,-14.0765113829254,3.45304833456724));
#5320=CARTESIAN_POINT('',(-1.72652416728362,-14.1035327693442,2.99042757823078));
#5321=CARTESIAN_POINT('',(-2.52780682189432,-14.1305541557629,2.52780682189432));
#5322=CARTESIAN_POINT('',(-2.99042757823078,-14.1575755421817,1.72652416728362));
#5323=CARTESIAN_POINT('',(-3.45304833456724,-14.1845969286005,0.925241512672927));
#5324=CARTESIAN_POINT('',(-3.45304833456724,-14.2116183150192,2.11438229511444E-16));
#5325=CARTESIAN_POINT('',(-3.45304833456724,-14.238639701438,-0.925241512672925));
#5326=CARTESIAN_POINT('',(-2.99042757823078,-14.2656610878568,-1.72652416728362));
#5327=CARTESIAN_POINT('',(-2.52780682189432,-14.2926824742755,-2.52780682189432));
#5328=CARTESIAN_POINT('',(-1.72652416728362,-14.3197038606943,-2.99042757823078));
#5329=CARTESIAN_POINT('',(-0.925241512672928,-14.3467252471131,-3.45304833456724));
#5330=CARTESIAN_POINT('',(-1.30298553180569E-15,-14.3737466335318,-3.45304833456724));
#5331=CARTESIAN_POINT('',(0.925241512672923,-14.4007680199506,-3.45304833456724));
#5332=CARTESIAN_POINT('',(1.72652416728362,-14.4277894063694,-2.99042757823078));
#5333=CARTESIAN_POINT('',(2.52780682189431,-14.4548107927881,-2.52780682189432));
#5334=CARTESIAN_POINT('',(2.99042757823078,-14.4818321792069,-1.72652416728362));
#5335=CARTESIAN_POINT('',(3.45304833456724,-14.5088535656257,-0.925241512672929));
#5336=CARTESIAN_POINT('',(3.45304833456724,-14.5358749520444,-6.34314688534331E-16));
#5337=CARTESIAN_POINT('',(3.45304833456724,-14.5628963384632,0.925241512672924));
#5338=CARTESIAN_POINT('',(2.99042757823078,-14.589917724882,1.72652416728362));
#5339=CARTESIAN_POINT('',(2.52780682189432,-14.6169391113008,2.52780682189432));
#5340=CARTESIAN_POINT('',(1.72652416728362,-14.6439604977195,2.99042757823078));
#5341=CARTESIAN_POINT('',(0.925241512672928,-14.6709818841383,3.45304833456724));
#5342=CARTESIAN_POINT('',(-8.99963409681313E-16,-14.6980032705571,3.45304833456724));
#5343=CARTESIAN_POINT('',(-0.925241512672927,-14.7250246569758,3.45304833456724));
#5344=CARTESIAN_POINT('',(-1.72652416728362,-14.7520460433946,2.99042757823078));
#5345=CARTESIAN_POINT('',(-2.52780682189432,-14.7790674298134,2.52780682189432));
#5346=CARTESIAN_POINT('',(-2.99042757823078,-14.8060888162321,1.72652416728362));
#5347=CARTESIAN_POINT('',(-3.45304833456724,-14.8331102026509,0.925241512672927));
#5348=CARTESIAN_POINT('',(-3.45304833456724,-14.8601315890697,2.11438229511444E-16));
#5349=CARTESIAN_POINT('',(-3.45304833456724,-14.8871529754884,-0.925241512672925));
#5350=CARTESIAN_POINT('',(-2.99042757823078,-14.9141743619072,-1.72652416728362));
#5351=CARTESIAN_POINT('',(-2.52780682189432,-14.941195748326,-2.52780682189432));
#5352=CARTESIAN_POINT('',(-1.72652416728362,-14.9682171347447,-2.99042757823078));
#5353=CARTESIAN_POINT('',(-0.925241512672928,-14.9952385211635,-3.45304833456724));
#5354=CARTESIAN_POINT('',(-1.34269420560271E-15,-15.0222599075823,-3.45304833456724));
#5355=CARTESIAN_POINT('',(0.925241512672923,-15.049281294001,-3.45304833456724));
#5356=CARTESIAN_POINT('',(1.72652416728362,-15.0763026804198,-2.99042757823078));
#5357=CARTESIAN_POINT('',(2.52780682189431,-15.1033240668386,-2.52780682189432));
#5358=CARTESIAN_POINT('',(2.99042757823078,-15.1303454532574,-1.72652416728362));
#5359=CARTESIAN_POINT('',(3.45304833456724,-15.1573668396761,-0.925241512672929));
#5360=CARTESIAN_POINT('',(3.45304833456724,-15.1843882260949,-6.34314688534331E-16));
#5361=CARTESIAN_POINT('',(3.45304833456724,-15.2114096125137,0.925241512672924));
#5362=CARTESIAN_POINT('',(2.99042757823078,-15.2384309989324,1.72652416728362));
#5363=CARTESIAN_POINT('',(2.52780682189432,-15.2654523853512,2.52780682189432));
#5364=CARTESIAN_POINT('',(1.72652416728362,-15.29247377177,2.99042757823078));
#5365=CARTESIAN_POINT('',(0.925241512672928,-15.3194951581887,3.45304833456724));
#5366=CARTESIAN_POINT('',(-9.39672083478329E-16,-15.3465165446075,3.45304833456724));
#5367=CARTESIAN_POINT('',(-0.925241512672927,-15.3735379310263,3.45304833456724));
#5368=CARTESIAN_POINT('',(-1.72652416728362,-15.400559317445,2.99042757823078));
#5369=CARTESIAN_POINT('',(-2.52780682189432,-15.4275807038638,2.52780682189432));
#5370=CARTESIAN_POINT('',(-2.99042757823078,-15.4546020902826,1.72652416728362));
#5371=CARTESIAN_POINT('',(-3.45304833456724,-15.4816234767013,0.925241512672927));
#5372=CARTESIAN_POINT('',(-3.45304833456724,-15.5086448631201,2.11438229511444E-16));
#5373=CARTESIAN_POINT('',(-3.45304833456724,-15.5356662495389,-0.925241512672925));
#5374=CARTESIAN_POINT('',(-2.99042757823078,-15.5626876359576,-1.72652416728362));
#5375=CARTESIAN_POINT('',(-2.52780682189432,-15.5897090223764,-2.52780682189432));
#5376=CARTESIAN_POINT('',(-1.72652416728362,-15.6167304087952,-2.99042757823078));
#5377=CARTESIAN_POINT('',(-0.925241512672928,-15.643751795214,-3.45304833456724));
#5378=CARTESIAN_POINT('',(-1.38240287939972E-15,-15.6707731816327,-3.45304833456724));
#5379=CARTESIAN_POINT('',(0.925241512672923,-15.6977945680515,-3.45304833456724));
#5380=CARTESIAN_POINT('',(1.72652416728362,-15.7248159544703,-2.99042757823078));
#5381=CARTESIAN_POINT('',(2.52780682189431,-15.751837340889,-2.52780682189432));
#5382=CARTESIAN_POINT('',(2.99042757823078,-15.7788587273078,-1.72652416728362));
#5383=CARTESIAN_POINT('',(3.45304833456724,-15.8058801137266,-0.925241512672929));
#5384=CARTESIAN_POINT('',(3.45304833456724,-15.8329015001453,-6.34314688534331E-16));
#5385=CARTESIAN_POINT('',(3.45304833456724,-15.8599228865641,0.925241512672924));
#5386=CARTESIAN_POINT('',(2.99042757823078,-15.8869442729829,1.72652416728362));
#5387=CARTESIAN_POINT('',(2.52780682189432,-15.9139656594016,2.52780682189432));
#5388=CARTESIAN_POINT('',(1.72652416728362,-15.9409870458204,2.99042757823078));
#5389=CARTESIAN_POINT('',(0.925241512672928,-15.9680084322392,3.45304833456724));
#5390=CARTESIAN_POINT('',(-9.79380757275345E-16,-15.9950298186579,3.45304833456724));
#5391=CARTESIAN_POINT('',(-0.925241512672927,-16.0220512050767,3.45304833456724));
#5392=CARTESIAN_POINT('',(-1.72652416728362,-16.0490725914955,2.99042757823078));
#5393=CARTESIAN_POINT('',(-2.52780682189432,-16.0760939779142,2.52780682189432));
#5394=CARTESIAN_POINT('',(-2.99042757823078,-16.103115364333,1.72652416728362));
#5395=CARTESIAN_POINT('',(-3.45304833456724,-16.1301367507518,0.925241512672927));
#5396=CARTESIAN_POINT('',(-3.45304833456724,-16.1571581371706,2.11438229511444E-16));
#5397=CARTESIAN_POINT('',(-3.45304833456724,-16.1841795235893,-0.925241512672925));
#5398=CARTESIAN_POINT('',(-2.99042757823078,-16.2112009100081,-1.72652416728362));
#5399=CARTESIAN_POINT('',(-2.52780682189432,-16.2382222964269,-2.52780682189432));
#5400=CARTESIAN_POINT('',(-1.72652416728362,-16.2652436828456,-2.99042757823078));
#5401=CARTESIAN_POINT('',(-0.925241512672928,-16.2922650692644,-3.45304833456724));
#5402=CARTESIAN_POINT('',(-1.42211155319674E-15,-16.3192864556832,-3.45304833456724));
#5403=CARTESIAN_POINT('',(0.925241512672923,-16.3463078421019,-3.45304833456724));
#5404=CARTESIAN_POINT('',(1.72652416728362,-16.3733292285207,-2.99042757823078));
#5405=CARTESIAN_POINT('',(2.52780682189431,-16.4003506149395,-2.52780682189432));
#5406=CARTESIAN_POINT('',(2.99042757823078,-16.4273720013582,-1.72652416728362));
#5407=CARTESIAN_POINT('',(3.45304833456724,-16.454393387777,-0.925241512672929));
#5408=CARTESIAN_POINT('',(3.45304833456724,-16.4814147741958,-6.34314688534331E-16));
#5409=CARTESIAN_POINT('',(3.45304833456724,-16.5084361606145,0.925241512672924));
#5410=CARTESIAN_POINT('',(2.99042757823078,-16.5354575470333,1.72652416728362));
#5411=CARTESIAN_POINT('',(2.52780682189432,-16.5624789334521,2.52780682189432));
#5412=CARTESIAN_POINT('',(1.72652416728362,-16.5895003198708,2.99042757823078));
#5413=CARTESIAN_POINT('',(0.925241512672928,-16.6165217062896,3.45304833456724));
#5414=CARTESIAN_POINT('',(-1.01908943107236E-15,-16.6435430927084,3.45304833456724));
#5415=CARTESIAN_POINT('',(5.62823156270091E-15,-16.5047242723127,3.87214914182437));
#5416=CARTESIAN_POINT('',(-7.32628794018914E-16,-11.9651313539596,3.87214914182437));
#5417=CARTESIAN_POINT('',(-7.51107297417874E-16,-12.2669181827031,3.45304833456724));
#5418=CARTESIAN_POINT('',(-0.925241512672927,-12.2939395691219,3.45304833456724));
#5419=CARTESIAN_POINT('',(-1.72652416728362,-12.3209609555406,2.99042757823078));
#5420=CARTESIAN_POINT('',(-2.52780682189432,-12.3479823419594,2.52780682189432));
#5421=CARTESIAN_POINT('',(-2.99042757823078,-12.3750037283782,1.72652416728362));
#5422=CARTESIAN_POINT('',(-3.45304833456724,-12.402025114797,0.925241512672927));
#5423=CARTESIAN_POINT('',(-3.45304833456724,-12.4290465012157,2.11438229511444E-16));
#5424=CARTESIAN_POINT('',(-3.45304833456724,-12.4560678876345,-0.925241512672925));
#5425=CARTESIAN_POINT('',(-2.99042757823078,-12.4830892740533,-1.72652416728362));
#5426=CARTESIAN_POINT('',(-2.52780682189432,-12.510110660472,-2.52780682189432));
#5427=CARTESIAN_POINT('',(-1.72652416728362,-12.5371320468908,-2.99042757823078));
#5428=CARTESIAN_POINT('',(-0.925241512672928,-12.5641534333096,-3.45304833456724));
#5429=CARTESIAN_POINT('',(-1.19383809333927E-15,-12.5911748197283,-3.45304833456724));
#5430=CARTESIAN_POINT('',(0.925241512672924,-12.6181962061471,-3.45304833456724));
#5431=CARTESIAN_POINT('',(1.72652416728362,-12.6452175925659,-2.99042757823078));
#5432=CARTESIAN_POINT('',(2.52780682189431,-12.6722389789846,-2.52780682189432));
#5433=CARTESIAN_POINT('',(2.99042757823078,-12.6992603654034,-1.72652416728362));
#5434=CARTESIAN_POINT('',(3.45304833456724,-12.7262817518222,-0.925241512672929));
#5435=CARTESIAN_POINT('',(3.45304833456724,-12.7533031382409,-6.34314688534331E-16));
#5436=CARTESIAN_POINT('',(3.45304833456724,-12.7803245246597,0.925241512672924));
#5437=CARTESIAN_POINT('',(2.99042757823078,-12.8073459110785,1.72652416728362));
#5438=CARTESIAN_POINT('',(2.52780682189432,-12.8343672974972,2.52780682189432));
#5439=CARTESIAN_POINT('',(1.72652416728362,-12.861388683916,2.99042757823078));
#5440=CARTESIAN_POINT('',(0.925241512672928,-12.8884100703348,3.45304833456724));
#5441=CARTESIAN_POINT('',(-7.9081597121489E-16,-12.9154314567536,3.45304833456724));
#5442=CARTESIAN_POINT('',(-0.925241512672927,-12.9424528431723,3.45304833456724));
#5443=CARTESIAN_POINT('',(-1.72652416728362,-12.9694742295911,2.99042757823078));
#5444=CARTESIAN_POINT('',(-2.52780682189432,-12.9964956160099,2.52780682189432));
#5445=CARTESIAN_POINT('',(-2.99042757823078,-13.0235170024286,1.72652416728362));
#5446=CARTESIAN_POINT('',(-3.45304833456724,-13.0505383888474,0.925241512672927));
#5447=CARTESIAN_POINT('',(-3.45304833456724,-13.0775597752662,2.11438229511444E-16));
#5448=CARTESIAN_POINT('',(-3.45304833456724,-13.1045811616849,-0.925241512672925));
#5449=CARTESIAN_POINT('',(-2.99042757823078,-13.1316025481037,-1.72652416728362));
#5450=CARTESIAN_POINT('',(-2.52780682189432,-13.1586239345225,-2.52780682189432));
#5451=CARTESIAN_POINT('',(-1.72652416728362,-13.1856453209412,-2.99042757823078));
#5452=CARTESIAN_POINT('',(-0.925241512672928,-13.21266670736,-3.45304833456724));
#5453=CARTESIAN_POINT('',(-1.23354676713629E-15,-13.2396880937788,-3.45304833456724));
#5454=CARTESIAN_POINT('',(0.925241512672923,-13.2667094801975,-3.45304833456724));
#5455=CARTESIAN_POINT('',(1.72652416728362,-13.2937308666163,-2.99042757823078));
#5456=CARTESIAN_POINT('',(2.52780682189431,-13.3207522530351,-2.52780682189432));
#5457=CARTESIAN_POINT('',(2.99042757823078,-13.3477736394538,-1.72652416728362));
#5458=CARTESIAN_POINT('',(3.45304833456724,-13.3747950258726,-0.925241512672929));
#5459=CARTESIAN_POINT('',(3.45304833456724,-13.4018164122914,-6.34314688534331E-16));
#5460=CARTESIAN_POINT('',(3.45304833456724,-13.4288377987102,0.925241512672924));
#5461=CARTESIAN_POINT('',(2.99042757823078,-13.4558591851289,1.72652416728362));
#5462=CARTESIAN_POINT('',(2.52780682189432,-13.4828805715477,2.52780682189432));
#5463=CARTESIAN_POINT('',(1.72652416728362,-13.5099019579665,2.99042757823078));
#5464=CARTESIAN_POINT('',(0.925241512672928,-13.5369233443852,3.45304833456724));
#5465=CARTESIAN_POINT('',(-8.30524645011906E-16,-13.563944730804,3.45304833456724));
#5466=CARTESIAN_POINT('',(-0.925241512672927,-13.5909661172228,3.45304833456724));
#5467=CARTESIAN_POINT('',(-1.72652416728362,-13.6179875036415,2.99042757823078));
#5468=CARTESIAN_POINT('',(-2.52780682189432,-13.6450088900603,2.52780682189432));
#5469=CARTESIAN_POINT('',(-2.99042757823078,-13.6720302764791,1.72652416728362));
#5470=CARTESIAN_POINT('',(-3.45304833456724,-13.6990516628978,0.925241512672927));
#5471=CARTESIAN_POINT('',(-3.45304833456724,-13.7260730493166,2.11438229511444E-16));
#5472=CARTESIAN_POINT('',(-3.45304833456724,-13.7530944357354,-0.925241512672925));
#5473=CARTESIAN_POINT('',(-2.99042757823078,-13.7801158221541,-1.72652416728362));
#5474=CARTESIAN_POINT('',(-2.52780682189432,-13.8071372085729,-2.52780682189432));
#5475=CARTESIAN_POINT('',(-1.72652416728362,-13.8341585949917,-2.99042757823078));
#5476=CARTESIAN_POINT('',(-0.925241512672928,-13.8611799814104,-3.45304833456724));
#5477=CARTESIAN_POINT('',(-1.2732554409333E-15,-13.8882013678292,-3.45304833456724));
#5478=CARTESIAN_POINT('',(0.925241512672923,-13.915222754248,-3.45304833456724));
#5479=CARTESIAN_POINT('',(1.72652416728362,-13.9422441406668,-2.99042757823078));
#5480=CARTESIAN_POINT('',(2.52780682189431,-13.9692655270855,-2.52780682189432));
#5481=CARTESIAN_POINT('',(2.99042757823078,-13.9962869135043,-1.72652416728362));
#5482=CARTESIAN_POINT('',(3.45304833456724,-14.0233082999231,-0.925241512672929));
#5483=CARTESIAN_POINT('',(3.45304833456724,-14.0503296863418,-6.34314688534331E-16));
#5484=CARTESIAN_POINT('',(3.45304833456724,-14.0773510727606,0.925241512672924));
#5485=CARTESIAN_POINT('',(2.99042757823078,-14.1043724591794,1.72652416728362));
#5486=CARTESIAN_POINT('',(2.52780682189432,-14.1313938455981,2.52780682189432));
#5487=CARTESIAN_POINT('',(1.72652416728362,-14.1584152320169,2.99042757823078));
#5488=CARTESIAN_POINT('',(0.925241512672928,-14.1854366184357,3.45304833456724));
#5489=CARTESIAN_POINT('',(-8.70233318808923E-16,-14.2124580048544,3.45304833456724));
#5490=CARTESIAN_POINT('',(-0.925241512672927,-14.2394793912732,3.45304833456724));
#5491=CARTESIAN_POINT('',(-1.72652416728362,-14.266500777692,2.99042757823078));
#5492=CARTESIAN_POINT('',(-2.52780682189432,-14.2935221641107,2.52780682189432));
#5493=CARTESIAN_POINT('',(-2.99042757823078,-14.3205435505295,1.72652416728362));
#5494=CARTESIAN_POINT('',(-3.45304833456724,-14.3475649369483,0.925241512672927));
#5495=CARTESIAN_POINT('',(-3.45304833456724,-14.374586323367,2.11438229511444E-16));
#5496=CARTESIAN_POINT('',(-3.45304833456724,-14.4016077097858,-0.925241512672925));
#5497=CARTESIAN_POINT('',(-2.99042757823078,-14.4286290962046,-1.72652416728362));
#5498=CARTESIAN_POINT('',(-2.52780682189432,-14.4556504826234,-2.52780682189432));
#5499=CARTESIAN_POINT('',(-1.72652416728362,-14.4826718690421,-2.99042757823078));
#5500=CARTESIAN_POINT('',(-0.925241512672928,-14.5096932554609,-3.45304833456724));
#5501=CARTESIAN_POINT('',(-1.31296411473032E-15,-14.5367146418797,-3.45304833456724));
#5502=CARTESIAN_POINT('',(0.925241512672923,-14.5637360282984,-3.45304833456724));
#5503=CARTESIAN_POINT('',(1.72652416728362,-14.5907574147172,-2.99042757823078));
#5504=CARTESIAN_POINT('',(2.52780682189431,-14.617778801136,-2.52780682189432));
#5505=CARTESIAN_POINT('',(2.99042757823078,-14.6448001875547,-1.72652416728362));
#5506=CARTESIAN_POINT('',(3.45304833456724,-14.6718215739735,-0.925241512672929));
#5507=CARTESIAN_POINT('',(3.45304833456724,-14.6988429603923,-6.34314688534331E-16));
#5508=CARTESIAN_POINT('',(3.45304833456724,-14.725864346811,0.925241512672924));
#5509=CARTESIAN_POINT('',(2.99042757823078,-14.7528857332298,1.72652416728362));
#5510=CARTESIAN_POINT('',(2.52780682189432,-14.7799071196486,2.52780682189432));
#5511=CARTESIAN_POINT('',(1.72652416728362,-14.8069285060673,2.99042757823078));
#5512=CARTESIAN_POINT('',(0.925241512672928,-14.8339498924861,3.45304833456724));
#5513=CARTESIAN_POINT('',(-9.09941992605939E-16,-14.8609712789049,3.45304833456724));
#5514=CARTESIAN_POINT('',(-0.925241512672927,-14.8879926653236,3.45304833456724));
#5515=CARTESIAN_POINT('',(-1.72652416728362,-14.9150140517424,2.99042757823078));
#5516=CARTESIAN_POINT('',(-2.52780682189432,-14.9420354381612,2.52780682189432));
#5517=CARTESIAN_POINT('',(-2.99042757823078,-14.96905682458,1.72652416728362));
#5518=CARTESIAN_POINT('',(-3.45304833456724,-14.9960782109987,0.925241512672927));
#5519=CARTESIAN_POINT('',(-3.45304833456724,-15.0230995974175,2.11438229511444E-16));
#5520=CARTESIAN_POINT('',(-3.45304833456724,-15.0501209838363,-0.925241512672925));
#5521=CARTESIAN_POINT('',(-2.99042757823078,-15.077142370255,-1.72652416728362));
#5522=CARTESIAN_POINT('',(-2.52780682189432,-15.1041637566738,-2.52780682189432));
#5523=CARTESIAN_POINT('',(-1.72652416728362,-15.1311851430926,-2.99042757823078));
#5524=CARTESIAN_POINT('',(-0.925241512672928,-15.1582065295113,-3.45304833456724));
#5525=CARTESIAN_POINT('',(-1.35267278852733E-15,-15.1852279159301,-3.45304833456724));
#5526=CARTESIAN_POINT('',(0.925241512672923,-15.2122493023489,-3.45304833456724));
#5527=CARTESIAN_POINT('',(1.72652416728362,-15.2392706887676,-2.99042757823078));
#5528=CARTESIAN_POINT('',(2.52780682189431,-15.2662920751864,-2.52780682189432));
#5529=CARTESIAN_POINT('',(2.99042757823078,-15.2933134616052,-1.72652416728362));
#5530=CARTESIAN_POINT('',(3.45304833456724,-15.3203348480239,-0.925241512672929));
#5531=CARTESIAN_POINT('',(3.45304833456724,-15.3473562344427,-6.34314688534331E-16));
#5532=CARTESIAN_POINT('',(3.45304833456724,-15.3743776208615,0.925241512672924));
#5533=CARTESIAN_POINT('',(2.99042757823078,-15.4013990072802,1.72652416728362));
#5534=CARTESIAN_POINT('',(2.52780682189432,-15.428420393699,2.52780682189432));
#5535=CARTESIAN_POINT('',(1.72652416728362,-15.4554417801178,2.99042757823078));
#5536=CARTESIAN_POINT('',(0.925241512672928,-15.4824631665366,3.45304833456724));
#5537=CARTESIAN_POINT('',(-9.49650666402955E-16,-15.5094845529553,3.45304833456724));
#5538=CARTESIAN_POINT('',(-0.925241512672927,-15.5365059393741,3.45304833456724));
#5539=CARTESIAN_POINT('',(-1.72652416728362,-15.5635273257929,2.99042757823078));
#5540=CARTESIAN_POINT('',(-2.52780682189432,-15.5905487122116,2.52780682189432));
#5541=CARTESIAN_POINT('',(-2.99042757823078,-15.6175700986304,1.72652416728362));
#5542=CARTESIAN_POINT('',(-3.45304833456724,-15.6445914850492,0.925241512672927));
#5543=CARTESIAN_POINT('',(-3.45304833456724,-15.6716128714679,2.11438229511444E-16));
#5544=CARTESIAN_POINT('',(-3.45304833456724,-15.6986342578867,-0.925241512672925));
#5545=CARTESIAN_POINT('',(-2.99042757823078,-15.7256556443055,-1.72652416728362));
#5546=CARTESIAN_POINT('',(-2.52780682189432,-15.7526770307242,-2.52780682189432));
#5547=CARTESIAN_POINT('',(-1.72652416728362,-15.779698417143,-2.99042757823078));
#5548=CARTESIAN_POINT('',(-0.925241512672928,-15.8067198035618,-3.45304833456724));
#5549=CARTESIAN_POINT('',(-1.39238146232435E-15,-15.8337411899805,-3.45304833456724));
#5550=CARTESIAN_POINT('',(0.925241512672923,-15.8607625763993,-3.45304833456724));
#5551=CARTESIAN_POINT('',(1.72652416728362,-15.8877839628181,-2.99042757823078));
#5552=CARTESIAN_POINT('',(2.52780682189431,-15.9148053492368,-2.52780682189432));
#5553=CARTESIAN_POINT('',(2.99042757823078,-15.9418267356556,-1.72652416728362));
#5554=CARTESIAN_POINT('',(3.45304833456724,-15.9688481220744,-0.925241512672929));
#5555=CARTESIAN_POINT('',(3.45304833456724,-15.9958695084932,-6.34314688534331E-16));
#5556=CARTESIAN_POINT('',(3.45304833456724,-16.0228908949119,0.925241512672924));
#5557=CARTESIAN_POINT('',(2.99042757823078,-16.0499122813307,1.72652416728362));
#5558=CARTESIAN_POINT('',(2.52780682189432,-16.0769336677495,2.52780682189432));
#5559=CARTESIAN_POINT('',(1.72652416728362,-16.1039550541682,2.99042757823078));
#5560=CARTESIAN_POINT('',(0.925241512672928,-16.130976440587,3.45304833456724));
#5561=CARTESIAN_POINT('',(-9.89359340199971E-16,-16.1579978270058,3.45304833456724));
#5562=CARTESIAN_POINT('',(-0.925241512672927,-16.1850192134245,3.45304833456724));
#5563=CARTESIAN_POINT('',(-1.72652416728362,-16.2120405998433,2.99042757823078));
#5564=CARTESIAN_POINT('',(-2.52780682189432,-16.2390619862621,2.52780682189432));
#5565=CARTESIAN_POINT('',(-2.99042757823078,-16.2660833726808,1.72652416728362));
#5566=CARTESIAN_POINT('',(-3.45304833456724,-16.2931047590996,0.925241512672927));
#5567=CARTESIAN_POINT('',(-3.45304833456724,-16.3201261455184,2.11438229511444E-16));
#5568=CARTESIAN_POINT('',(-3.45304833456724,-16.3471475319371,-0.925241512672925));
#5569=CARTESIAN_POINT('',(-2.99042757823078,-16.3741689183559,-1.72652416728362));
#5570=CARTESIAN_POINT('',(-2.52780682189432,-16.4011903047747,-2.52780682189432));
#5571=CARTESIAN_POINT('',(-1.72652416728362,-16.4282116911934,-2.99042757823078));
#5572=CARTESIAN_POINT('',(-0.925241512672928,-16.4552330776122,-3.45304833456724));
#5573=CARTESIAN_POINT('',(-1.43209013612137E-15,-16.482254464031,-3.45304833456724));
#5574=CARTESIAN_POINT('',(0.925241512672923,-16.5092758504498,-3.45304833456724));
#5575=CARTESIAN_POINT('',(1.72652416728362,-16.5362972368685,-2.99042757823078));
#5576=CARTESIAN_POINT('',(2.52780682189431,-16.5633186232873,-2.52780682189432));
#5577=CARTESIAN_POINT('',(2.99042757823078,-16.5903400097061,-1.72652416728362));
#5578=CARTESIAN_POINT('',(3.45304833456724,-16.6173613961248,-0.925241512672929));
#5579=CARTESIAN_POINT('',(3.45304833456724,-16.6443827825436,-6.34314688534331E-16));
#5580=CARTESIAN_POINT('',(3.45304833456724,-16.6714041689624,0.925241512672924));
#5581=CARTESIAN_POINT('',(2.99042757823078,-16.6984255553811,1.72652416728362));
#5582=CARTESIAN_POINT('',(2.5298631921922,-16.7253268305086,2.5242450840592));
#5583=CARTESIAN_POINT('',(1.73316816524002,-16.7522440642402,2.98658181067523));
#5584=CARTESIAN_POINT('',(-7.56605822663886E-16,-12.3567188803534,3.87214914182437));
#5585=CARTESIAN_POINT('',(-1.03753923552471,-12.3837402667722,3.87214914182437));
#5586=CARTESIAN_POINT('',(-1.93607457091219,-12.4107616531909,3.35337952406202));
#5587=CARTESIAN_POINT('',(-2.83460990629967,-12.4377830396097,2.83460990629967));
#5588=CARTESIAN_POINT('',(-3.35337952406202,-12.4648044260285,1.93607457091219));
#5589=CARTESIAN_POINT('',(-3.87214914182437,-12.4918258124473,1.03753923552471));
#5590=CARTESIAN_POINT('',(-3.87214914182437,-12.518847198866,2.37100752617819E-16));
#5591=CARTESIAN_POINT('',(-3.87214914182437,-12.5458685852848,-1.0375392355247));
#5592=CARTESIAN_POINT('',(-3.35337952406202,-12.5728899717036,-1.93607457091218));
#5593=CARTESIAN_POINT('',(-2.83460990629967,-12.5999113581223,-2.83460990629967));
#5594=CARTESIAN_POINT('',(-1.93607457091219,-12.6269327445411,-3.35337952406202));
#5595=CARTESIAN_POINT('',(-1.03753923552471,-12.6539541309599,-3.87214914182437));
#5596=CARTESIAN_POINT('',(-1.25066166479803E-15,-12.6809755173786,-3.87214914182437));
#5597=CARTESIAN_POINT('',(1.0375392355247,-12.7079969037974,-3.87214914182437));
#5598=CARTESIAN_POINT('',(1.93607457091218,-12.7350182902162,-3.35337952406202));
#5599=CARTESIAN_POINT('',(2.83460990629966,-12.7620396766349,-2.83460990629967));
#5600=CARTESIAN_POINT('',(3.35337952406202,-12.7890610630537,-1.93607457091219));
#5601=CARTESIAN_POINT('',(3.87214914182437,-12.8160824494725,-1.03753923552471));
#5602=CARTESIAN_POINT('',(3.87214914182437,-12.8431038358912,-7.11302257853458E-16));
#5603=CARTESIAN_POINT('',(3.87214914182437,-12.87012522231,1.0375392355247));
#5604=CARTESIAN_POINT('',(3.35337952406202,-12.8971466087288,1.93607457091218));
#5605=CARTESIAN_POINT('',(2.83460990629967,-12.9241679951475,2.83460990629967));
#5606=CARTESIAN_POINT('',(1.93607457091219,-12.9511893815663,3.35337952406202));
#5607=CARTESIAN_POINT('',(1.03753923552471,-12.9782107679851,3.87214914182437));
#5608=CARTESIAN_POINT('',(-7.96314496460902E-16,-13.0052321544039,3.87214914182437));
#5609=CARTESIAN_POINT('',(-1.03753923552471,-13.0322535408226,3.87214914182437));
#5610=CARTESIAN_POINT('',(-1.93607457091219,-13.0592749272414,3.35337952406202));
#5611=CARTESIAN_POINT('',(-2.83460990629967,-13.0862963136602,2.83460990629967));
#5612=CARTESIAN_POINT('',(-3.35337952406202,-13.1133177000789,1.93607457091219));
#5613=CARTESIAN_POINT('',(-3.87214914182437,-13.1403390864977,1.03753923552471));
#5614=CARTESIAN_POINT('',(-3.87214914182437,-13.1673604729165,2.37100752617819E-16));
#5615=CARTESIAN_POINT('',(-3.87214914182437,-13.1943818593352,-1.0375392355247));
#5616=CARTESIAN_POINT('',(-3.35337952406202,-13.221403245754,-1.93607457091218));
#5617=CARTESIAN_POINT('',(-2.83460990629967,-13.2484246321728,-2.83460990629967));
#5618=CARTESIAN_POINT('',(-1.93607457091219,-13.2754460185915,-3.35337952406202));
#5619=CARTESIAN_POINT('',(-1.03753923552471,-13.3024674050103,-3.87214914182437));
#5620=CARTESIAN_POINT('',(-1.29037033859505E-15,-13.3294887914291,-3.87214914182437));
#5621=CARTESIAN_POINT('',(1.0375392355247,-13.3565101778478,-3.87214914182437));
#5622=CARTESIAN_POINT('',(1.93607457091218,-13.3835315642666,-3.35337952406202));
#5623=CARTESIAN_POINT('',(2.83460990629966,-13.4105529506854,-2.83460990629967));
#5624=CARTESIAN_POINT('',(3.35337952406202,-13.4375743371041,-1.93607457091219));
#5625=CARTESIAN_POINT('',(3.87214914182437,-13.4645957235229,-1.03753923552471));
#5626=CARTESIAN_POINT('',(3.87214914182437,-13.4916171099417,-7.11302257853458E-16));
#5627=CARTESIAN_POINT('',(3.87214914182437,-13.5186384963605,1.0375392355247));
#5628=CARTESIAN_POINT('',(3.35337952406202,-13.5456598827792,1.93607457091218));
#5629=CARTESIAN_POINT('',(2.83460990629967,-13.572681269198,2.83460990629967));
#5630=CARTESIAN_POINT('',(1.93607457091219,-13.5997026556168,3.35337952406202));
#5631=CARTESIAN_POINT('',(1.03753923552471,-13.6267240420355,3.87214914182437));
#5632=CARTESIAN_POINT('',(-8.36023170257918E-16,-13.6537454284543,3.87214914182437));
#5633=CARTESIAN_POINT('',(-1.03753923552471,-13.6807668148731,3.87214914182437));
#5634=CARTESIAN_POINT('',(-1.93607457091219,-13.7077882012918,3.35337952406202));
#5635=CARTESIAN_POINT('',(-2.83460990629967,-13.7348095877106,2.83460990629967));
#5636=CARTESIAN_POINT('',(-3.35337952406202,-13.7618309741294,1.93607457091219));
#5637=CARTESIAN_POINT('',(-3.87214914182437,-13.7888523605481,1.03753923552471));
#5638=CARTESIAN_POINT('',(-3.87214914182437,-13.8158737469669,2.37100752617819E-16));
#5639=CARTESIAN_POINT('',(-3.87214914182437,-13.8428951333857,-1.0375392355247));
#5640=CARTESIAN_POINT('',(-3.35337952406202,-13.8699165198044,-1.93607457091218));
#5641=CARTESIAN_POINT('',(-2.83460990629967,-13.8969379062232,-2.83460990629967));
#5642=CARTESIAN_POINT('',(-1.93607457091219,-13.923959292642,-3.35337952406202));
#5643=CARTESIAN_POINT('',(-1.03753923552471,-13.9509806790607,-3.87214914182437));
#5644=CARTESIAN_POINT('',(-1.33007901239206E-15,-13.9780020654795,-3.87214914182437));
#5645=CARTESIAN_POINT('',(1.0375392355247,-14.0050234518983,-3.87214914182437));
#5646=CARTESIAN_POINT('',(1.93607457091218,-14.0320448383171,-3.35337952406202));
#5647=CARTESIAN_POINT('',(2.83460990629966,-14.0590662247358,-2.83460990629967));
#5648=CARTESIAN_POINT('',(3.35337952406202,-14.0860876111546,-1.93607457091219));
#5649=CARTESIAN_POINT('',(3.87214914182437,-14.1131089975734,-1.03753923552471));
#5650=CARTESIAN_POINT('',(3.87214914182437,-14.1401303839921,-7.11302257853458E-16));
#5651=CARTESIAN_POINT('',(3.87214914182437,-14.1671517704109,1.0375392355247));
#5652=CARTESIAN_POINT('',(3.35337952406202,-14.1941731568297,1.93607457091218));
#5653=CARTESIAN_POINT('',(2.83460990629967,-14.2211945432484,2.83460990629967));
#5654=CARTESIAN_POINT('',(1.93607457091219,-14.2482159296672,3.35337952406202));
#5655=CARTESIAN_POINT('',(1.03753923552471,-14.275237316086,3.87214914182437));
#5656=CARTESIAN_POINT('',(-8.75731844054934E-16,-14.3022587025047,3.87214914182437));
#5657=CARTESIAN_POINT('',(-1.03753923552471,-14.3292800889235,3.87214914182437));
#5658=CARTESIAN_POINT('',(-1.93607457091219,-14.3563014753423,3.35337952406202));
#5659=CARTESIAN_POINT('',(-2.83460990629967,-14.383322861761,2.83460990629967));
#5660=CARTESIAN_POINT('',(-3.35337952406202,-14.4103442481798,1.93607457091219));
#5661=CARTESIAN_POINT('',(-3.87214914182437,-14.4373656345986,1.03753923552471));
#5662=CARTESIAN_POINT('',(-3.87214914182437,-14.4643870210173,2.37100752617819E-16));
#5663=CARTESIAN_POINT('',(-3.87214914182437,-14.4914084074361,-1.0375392355247));
#5664=CARTESIAN_POINT('',(-3.35337952406202,-14.5184297938549,-1.93607457091218));
#5665=CARTESIAN_POINT('',(-2.83460990629967,-14.5454511802737,-2.83460990629967));
#5666=CARTESIAN_POINT('',(-1.93607457091219,-14.5724725666924,-3.35337952406202));
#5667=CARTESIAN_POINT('',(-1.03753923552471,-14.5994939531112,-3.87214914182437));
#5668=CARTESIAN_POINT('',(-1.36978768618908E-15,-14.62651533953,-3.87214914182437));
#5669=CARTESIAN_POINT('',(1.0375392355247,-14.6535367259487,-3.87214914182437));
#5670=CARTESIAN_POINT('',(1.93607457091218,-14.6805581123675,-3.35337952406202));
#5671=CARTESIAN_POINT('',(2.83460990629966,-14.7075794987863,-2.83460990629967));
#5672=CARTESIAN_POINT('',(3.35337952406202,-14.734600885205,-1.93607457091219));
#5673=CARTESIAN_POINT('',(3.87214914182437,-14.7616222716238,-1.03753923552471));
#5674=CARTESIAN_POINT('',(3.87214914182437,-14.7886436580426,-7.11302257853458E-16));
#5675=CARTESIAN_POINT('',(3.87214914182437,-14.8156650444613,1.0375392355247));
#5676=CARTESIAN_POINT('',(3.35337952406202,-14.8426864308801,1.93607457091218));
#5677=CARTESIAN_POINT('',(2.83460990629967,-14.8697078172989,2.83460990629967));
#5678=CARTESIAN_POINT('',(1.93607457091219,-14.8967292037176,3.35337952406202));
#5679=CARTESIAN_POINT('',(1.03753923552471,-14.9237505901364,3.87214914182437));
#5680=CARTESIAN_POINT('',(-9.15440517851951E-16,-14.9507719765552,3.87214914182437));
#5681=CARTESIAN_POINT('',(-1.03753923552471,-14.9777933629739,3.87214914182437));
#5682=CARTESIAN_POINT('',(-1.93607457091219,-15.0048147493927,3.35337952406202));
#5683=CARTESIAN_POINT('',(-2.83460990629967,-15.0318361358115,2.83460990629967));
#5684=CARTESIAN_POINT('',(-3.35337952406202,-15.0588575222302,1.93607457091219));
#5685=CARTESIAN_POINT('',(-3.87214914182437,-15.085878908649,1.03753923552471));
#5686=CARTESIAN_POINT('',(-3.87214914182437,-15.1129002950678,2.37100752617819E-16));
#5687=CARTESIAN_POINT('',(-3.87214914182437,-15.1399216814866,-1.0375392355247));
#5688=CARTESIAN_POINT('',(-3.35337952406202,-15.1669430679053,-1.93607457091218));
#5689=CARTESIAN_POINT('',(-2.83460990629967,-15.1939644543241,-2.83460990629967));
#5690=CARTESIAN_POINT('',(-1.93607457091219,-15.2209858407429,-3.35337952406202));
#5691=CARTESIAN_POINT('',(-1.03753923552471,-15.2480072271616,-3.87214914182437));
#5692=CARTESIAN_POINT('',(-1.4094963599861E-15,-15.2750286135804,-3.87214914182437));
#5693=CARTESIAN_POINT('',(1.0375392355247,-15.3020499999992,-3.87214914182437));
#5694=CARTESIAN_POINT('',(1.93607457091218,-15.3290713864179,-3.35337952406202));
#5695=CARTESIAN_POINT('',(2.83460990629966,-15.3560927728367,-2.83460990629967));
#5696=CARTESIAN_POINT('',(3.35337952406202,-15.3831141592555,-1.93607457091219));
#5697=CARTESIAN_POINT('',(3.87214914182437,-15.4101355456742,-1.03753923552471));
#5698=CARTESIAN_POINT('',(3.87214914182437,-15.437156932093,-7.11302257853458E-16));
#5699=CARTESIAN_POINT('',(3.87214914182437,-15.4641783185118,1.0375392355247));
#5700=CARTESIAN_POINT('',(3.35337952406202,-15.4911997049305,1.93607457091218));
#5701=CARTESIAN_POINT('',(2.83460990629967,-15.5182210913493,2.83460990629967));
#5702=CARTESIAN_POINT('',(1.93607457091219,-15.5452424777681,3.35337952406202));
#5703=CARTESIAN_POINT('',(1.03753923552471,-15.5722638641869,3.87214914182437));
#5704=CARTESIAN_POINT('',(-9.55149191648967E-16,-15.5992852506056,3.87214914182437));
#5705=CARTESIAN_POINT('',(-1.03753923552471,-15.6263066370244,3.87214914182437));
#5706=CARTESIAN_POINT('',(-1.93607457091219,-15.6533280234432,3.35337952406202));
#5707=CARTESIAN_POINT('',(-2.83460990629967,-15.6803494098619,2.83460990629967));
#5708=CARTESIAN_POINT('',(-3.35337952406202,-15.7073707962807,1.93607457091219));
#5709=CARTESIAN_POINT('',(-3.87214914182437,-15.7343921826995,1.03753923552471));
#5710=CARTESIAN_POINT('',(-3.87214914182437,-15.7614135691182,2.37100752617819E-16));
#5711=CARTESIAN_POINT('',(-3.87214914182437,-15.788434955537,-1.0375392355247));
#5712=CARTESIAN_POINT('',(-3.35337952406202,-15.8154563419558,-1.93607457091218));
#5713=CARTESIAN_POINT('',(-2.83460990629967,-15.8424777283745,-2.83460990629967));
#5714=CARTESIAN_POINT('',(-1.93607457091219,-15.8694991147933,-3.35337952406202));
#5715=CARTESIAN_POINT('',(-1.03753923552471,-15.8965205012121,-3.87214914182437));
#5716=CARTESIAN_POINT('',(-1.44920503378311E-15,-15.9235418876308,-3.87214914182437));
#5717=CARTESIAN_POINT('',(1.0375392355247,-15.9505632740496,-3.87214914182437));
#5718=CARTESIAN_POINT('',(1.93607457091218,-15.9775846604684,-3.35337952406202));
#5719=CARTESIAN_POINT('',(2.83460990629966,-16.0046060468871,-2.83460990629967));
#5720=CARTESIAN_POINT('',(3.35337952406202,-16.0316274333059,-1.93607457091219));
#5721=CARTESIAN_POINT('',(3.87214914182437,-16.0586488197247,-1.03753923552471));
#5722=CARTESIAN_POINT('',(3.87214914182437,-16.0856702061435,-7.11302257853458E-16));
#5723=CARTESIAN_POINT('',(3.87214914182437,-16.1126915925622,1.0375392355247));
#5724=CARTESIAN_POINT('',(3.35337952406202,-16.139712978981,1.93607457091218));
#5725=CARTESIAN_POINT('',(2.83460990629967,-16.1667343653998,2.83460990629967));
#5726=CARTESIAN_POINT('',(1.93607457091219,-16.1937557518185,3.35337952406202));
#5727=CARTESIAN_POINT('',(1.03753923552471,-16.2207771382373,3.87214914182437));
#5728=CARTESIAN_POINT('',(-9.94857865445983E-16,-16.2477985246561,3.87214914182437));
#5729=CARTESIAN_POINT('',(-1.03753923552471,-16.2748199110748,3.87214914182437));
#5730=CARTESIAN_POINT('',(-1.93607457091219,-16.3018412974936,3.35337952406202));
#5731=CARTESIAN_POINT('',(-2.83460990629967,-16.3288626839124,2.83460990629967));
#5732=CARTESIAN_POINT('',(-3.35337952406202,-16.3558840703311,1.93607457091219));
#5733=CARTESIAN_POINT('',(-3.87214914182437,-16.3829054567499,1.03753923552471));
#5734=CARTESIAN_POINT('',(-3.87214914182437,-16.4099268431687,2.37100752617819E-16));
#5735=CARTESIAN_POINT('',(-3.87214914182437,-16.4369482295874,-1.0375392355247));
#5736=CARTESIAN_POINT('',(-3.35337952406202,-16.4639696160062,-1.93607457091218));
#5737=CARTESIAN_POINT('',(-2.83460990629967,-16.490991002425,-2.83460990629967));
#5738=CARTESIAN_POINT('',(-1.93607457091219,-16.5180123888437,-3.35337952406202));
#5739=CARTESIAN_POINT('',(-1.03753923552471,-16.5450337752625,-3.87214914182437));
#5740=CARTESIAN_POINT('',(-1.48891370758013E-15,-16.5720551616813,-3.87214914182437));
#5741=CARTESIAN_POINT('',(1.0375392355247,-16.5990765481001,-3.87214914182437));
#5742=CARTESIAN_POINT('',(1.93607457091218,-16.6260979345188,-3.35337952406202));
#5743=CARTESIAN_POINT('',(2.83460990629966,-16.6531193209376,-2.83460990629967));
#5744=CARTESIAN_POINT('',(3.35337952406202,-16.6801407073564,-1.93607457091219));
#5745=CARTESIAN_POINT('',(3.87214914182437,-16.7071620937751,-1.03753923552471));
#5746=CARTESIAN_POINT('',(3.87214914182437,-16.7341834801939,-7.11302257853458E-16));
#5747=CARTESIAN_POINT('',(3.87214914182437,-16.7612048666127,1.0375392355247));
#5748=CARTESIAN_POINT('',(3.35337952406202,-16.7882262530314,1.93607457091218));
#5749=CARTESIAN_POINT('',(2.83691586083975,-16.8151275281589,2.83061587587629));
#5750=CARTESIAN_POINT('',(1.9435249592336,-16.8420447618905,3.34906699087481));
#5751=CARTESIAN_POINT('',(-7.51107297417874E-16,-12.2669181827031,3.45304833456724));
#5752=CARTESIAN_POINT('',(-2.77960716579113E-16,-4.5395929183531,1.65100875924311E-46));
#5753=CARTESIAN_POINT('',(9.62964972193618E-32,-5.89626511728347E-48,0.));
#5754=MECHANICAL_DESIGN_GEOMETRIC_PRESENTATION_REPRESENTATION('',(#2238,
#2239,#2240,#2241,#2242,#2243,#2244,#2245,#2246,#2247,#2248,#2249,#2250,
#2251,#2252,#2253,#2254,#2255,#2256,#2257,#2258,#2259,#2260,#2261,#2262,
#2263,#2264,#2265,#2266,#2267,#2268,#2269,#2270,#2271,#2272,#2273,#2274,
#2275,#2276,#2277,#2278,#2279,#2280,#2281,#2282,#2283,#2284,#2285,#2286,
#2287,#2288,#2289,#2290,#2291,#2292,#2293,#2294,#2295,#2296,#2297,#2298,
#2299,#2300,#2301,#2302,#2303,#2304,#2305,#2306,#2307,#2308,#2309,#2310,
#2311,#2312,#2313,#2314,#2315,#2316,#2317,#2318,#2319,#2320,#2321,#2322,
#2323,#2324,#2325,#2326,#2327,#2328,#2329,#2330,#2331,#2332,#2333),#5755);
#5755=(
GEOMETRIC_REPRESENTATION_CONTEXT(3)
GLOBAL_UNCERTAINTY_ASSIGNED_CONTEXT((#5756))
GLOBAL_UNIT_ASSIGNED_CONTEXT((#5759,#5758,#5757))
REPRESENTATION_CONTEXT('PTV09A-6030U-B103','TOP_LEVEL_ASSEMBLY_PART')
);
#5756=UNCERTAINTY_MEASURE_WITH_UNIT(LENGTH_MEASURE(0.005),#5759,
'DISTANCE_ACCURACY_VALUE','Maximum Tolerance applied to model');
#5757=(
NAMED_UNIT(*)
SI_UNIT($,.STERADIAN.)
SOLID_ANGLE_UNIT()
);
#5758=(
NAMED_UNIT(*)
PLANE_ANGLE_UNIT()
SI_UNIT($,.RADIAN.)
);
#5759=(
LENGTH_UNIT()
NAMED_UNIT(*)
SI_UNIT(.MILLI.,.METRE.)
);
#5760=PRODUCT_DEFINITION_SHAPE('','',#5761);
#5761=PRODUCT_DEFINITION('','',#5763,#5762);
#5762=PRODUCT_DEFINITION_CONTEXT('',#5769,'design');
#5763=PRODUCT_DEFINITION_FORMATION_WITH_SPECIFIED_SOURCE('','',#5765,
 .NOT_KNOWN.);
#5764=PRODUCT_RELATED_PRODUCT_CATEGORY('','',(#5765));
#5765=PRODUCT('PTV09A-6030U-B103','PTV09A-6030U-B103',
'PTV09A-6030U-B103',(#5767));
#5766=PRODUCT_CATEGORY('','');
#5767=PRODUCT_CONTEXT('',#5769,'mechanical');
#5768=APPLICATION_PROTOCOL_DEFINITION('international standard',
'automotive_design',2010,#5769);
#5769=APPLICATION_CONTEXT(
'core data for automotive mechanical design processes');
ENDSEC;
END-ISO-10303-21;
