ISO-10303-21;
HEADER;
/* Generated by software containing ST-Developer
 * from STEP Tools, Inc. (www.steptools.com) 
 */

FILE_DESCRIPTION(
/* description */ (''),
/* implementation_level */ '2;1');

FILE_NAME(
/* name */ 'QFN16_P050_3X3.step',
/* time_stamp */ '2026-02-05T18:58:11+09:00',
/* author */ (''),
/* organization */ (''),
/* preprocessor_version */ 'ST-DEVELOPER v20.1',
/* originating_system */ 'Autodesk Translation Framework v14.24.0.0',
/* authorisation */ '');

FILE_SCHEMA (('AUTOMOTIVE_DESIGN { 1 0 10303 214 3 1 1 }'));
ENDSEC;

DATA;
#10=MECHANICAL_DESIGN_GEOMETRIC_PRESENTATION_REPRESENTATION('',(#103,#104,
#105,#106,#107,#108,#109,#110,#111),#2853);
#11=ITEM_DEFINED_TRANSFORMATION($,$,#1741,#1862);
#12=ITEM_DEFINED_TRANSFORMATION($,$,#1853,#1863);
#13=ITEM_DEFINED_TRANSFORMATION($,$,#1853,#1864);
#14=ITEM_DEFINED_TRANSFORMATION($,$,#1853,#1865);
#15=ITEM_DEFINED_TRANSFORMATION($,$,#1853,#1866);
#16=ITEM_DEFINED_TRANSFORMATION($,$,#1853,#1867);
#17=ITEM_DEFINED_TRANSFORMATION($,$,#1853,#1868);
#18=ITEM_DEFINED_TRANSFORMATION($,$,#1853,#1869);
#19=ITEM_DEFINED_TRANSFORMATION($,$,#1853,#1870);
#20=ITEM_DEFINED_TRANSFORMATION($,$,#1853,#1871);
#21=ITEM_DEFINED_TRANSFORMATION($,$,#1853,#1872);
#22=ITEM_DEFINED_TRANSFORMATION($,$,#1853,#1873);
#23=ITEM_DEFINED_TRANSFORMATION($,$,#1853,#1874);
#24=ITEM_DEFINED_TRANSFORMATION($,$,#1853,#1875);
#25=ITEM_DEFINED_TRANSFORMATION($,$,#1853,#1876);
#26=ITEM_DEFINED_TRANSFORMATION($,$,#1853,#1877);
#27=ITEM_DEFINED_TRANSFORMATION($,$,#1853,#1878);
#28=(
REPRESENTATION_RELATIONSHIP($,$,#2882,#2881)
REPRESENTATION_RELATIONSHIP_WITH_TRANSFORMATION(#11)
SHAPE_REPRESENTATION_RELATIONSHIP()
);
#29=(
REPRESENTATION_RELATIONSHIP($,$,#2883,#2881)
REPRESENTATION_RELATIONSHIP_WITH_TRANSFORMATION(#12)
SHAPE_REPRESENTATION_RELATIONSHIP()
);
#30=(
REPRESENTATION_RELATIONSHIP($,$,#2883,#2881)
REPRESENTATION_RELATIONSHIP_WITH_TRANSFORMATION(#13)
SHAPE_REPRESENTATION_RELATIONSHIP()
);
#31=(
REPRESENTATION_RELATIONSHIP($,$,#2883,#2881)
REPRESENTATION_RELATIONSHIP_WITH_TRANSFORMATION(#14)
SHAPE_REPRESENTATION_RELATIONSHIP()
);
#32=(
REPRESENTATION_RELATIONSHIP($,$,#2883,#2881)
REPRESENTATION_RELATIONSHIP_WITH_TRANSFORMATION(#15)
SHAPE_REPRESENTATION_RELATIONSHIP()
);
#33=(
REPRESENTATION_RELATIONSHIP($,$,#2883,#2881)
REPRESENTATION_RELATIONSHIP_WITH_TRANSFORMATION(#16)
SHAPE_REPRESENTATION_RELATIONSHIP()
);
#34=(
REPRESENTATION_RELATIONSHIP($,$,#2883,#2881)
REPRESENTATION_RELATIONSHIP_WITH_TRANSFORMATION(#17)
SHAPE_REPRESENTATION_RELATIONSHIP()
);
#35=(
REPRESENTATION_RELATIONSHIP($,$,#2883,#2881)
REPRESENTATION_RELATIONSHIP_WITH_TRANSFORMATION(#18)
SHAPE_REPRESENTATION_RELATIONSHIP()
);
#36=(
REPRESENTATION_RELATIONSHIP($,$,#2883,#2881)
REPRESENTATION_RELATIONSHIP_WITH_TRANSFORMATION(#19)
SHAPE_REPRESENTATION_RELATIONSHIP()
);
#37=(
REPRESENTATION_RELATIONSHIP($,$,#2883,#2881)
REPRESENTATION_RELATIONSHIP_WITH_TRANSFORMATION(#20)
SHAPE_REPRESENTATION_RELATIONSHIP()
);
#38=(
REPRESENTATION_RELATIONSHIP($,$,#2883,#2881)
REPRESENTATION_RELATIONSHIP_WITH_TRANSFORMATION(#21)
SHAPE_REPRESENTATION_RELATIONSHIP()
);
#39=(
REPRESENTATION_RELATIONSHIP($,$,#2883,#2881)
REPRESENTATION_RELATIONSHIP_WITH_TRANSFORMATION(#22)
SHAPE_REPRESENTATION_RELATIONSHIP()
);
#40=(
REPRESENTATION_RELATIONSHIP($,$,#2883,#2881)
REPRESENTATION_RELATIONSHIP_WITH_TRANSFORMATION(#23)
SHAPE_REPRESENTATION_RELATIONSHIP()
);
#41=(
REPRESENTATION_RELATIONSHIP($,$,#2883,#2881)
REPRESENTATION_RELATIONSHIP_WITH_TRANSFORMATION(#24)
SHAPE_REPRESENTATION_RELATIONSHIP()
);
#42=(
REPRESENTATION_RELATIONSHIP($,$,#2883,#2881)
REPRESENTATION_RELATIONSHIP_WITH_TRANSFORMATION(#25)
SHAPE_REPRESENTATION_RELATIONSHIP()
);
#43=(
REPRESENTATION_RELATIONSHIP($,$,#2883,#2881)
REPRESENTATION_RELATIONSHIP_WITH_TRANSFORMATION(#26)
SHAPE_REPRESENTATION_RELATIONSHIP()
);
#44=(
REPRESENTATION_RELATIONSHIP($,$,#2883,#2881)
REPRESENTATION_RELATIONSHIP_WITH_TRANSFORMATION(#27)
SHAPE_REPRESENTATION_RELATIONSHIP()
);
#45=CONTEXT_DEPENDENT_SHAPE_REPRESENTATION(#28,#2864);
#46=CONTEXT_DEPENDENT_SHAPE_REPRESENTATION(#29,#2865);
#47=CONTEXT_DEPENDENT_SHAPE_REPRESENTATION(#30,#2866);
#48=CONTEXT_DEPENDENT_SHAPE_REPRESENTATION(#31,#2867);
#49=CONTEXT_DEPENDENT_SHAPE_REPRESENTATION(#32,#2868);
#50=CONTEXT_DEPENDENT_SHAPE_REPRESENTATION(#33,#2869);
#51=CONTEXT_DEPENDENT_SHAPE_REPRESENTATION(#34,#2870);
#52=CONTEXT_DEPENDENT_SHAPE_REPRESENTATION(#35,#2871);
#53=CONTEXT_DEPENDENT_SHAPE_REPRESENTATION(#36,#2872);
#54=CONTEXT_DEPENDENT_SHAPE_REPRESENTATION(#37,#2873);
#55=CONTEXT_DEPENDENT_SHAPE_REPRESENTATION(#38,#2874);
#56=CONTEXT_DEPENDENT_SHAPE_REPRESENTATION(#39,#2875);
#57=CONTEXT_DEPENDENT_SHAPE_REPRESENTATION(#40,#2876);
#58=CONTEXT_DEPENDENT_SHAPE_REPRESENTATION(#41,#2877);
#59=CONTEXT_DEPENDENT_SHAPE_REPRESENTATION(#42,#2878);
#60=CONTEXT_DEPENDENT_SHAPE_REPRESENTATION(#43,#2879);
#61=CONTEXT_DEPENDENT_SHAPE_REPRESENTATION(#44,#2880);
#62=NEXT_ASSEMBLY_USAGE_OCCURRENCE('QFN-16 (3x3) Part1:1',
'QFN-16 (3x3) Part1:1','QFN-16 (3x3) Part1:1',#2885,#2886,
'QFN-16 (3x3) Part1:1');
#63=NEXT_ASSEMBLY_USAGE_OCCURRENCE('QFN-16 (3x3) Part2:1',
'QFN-16 (3x3) Part2:1','QFN-16 (3x3) Part2:1',#2885,#2887,
'QFN-16 (3x3) Part2:1');
#64=NEXT_ASSEMBLY_USAGE_OCCURRENCE('QFN-16 (3x3) Part2:2',
'QFN-16 (3x3) Part2:2','QFN-16 (3x3) Part2:2',#2885,#2887,
'QFN-16 (3x3) Part2:2');
#65=NEXT_ASSEMBLY_USAGE_OCCURRENCE('QFN-16 (3x3) Part2:3',
'QFN-16 (3x3) Part2:3','QFN-16 (3x3) Part2:3',#2885,#2887,
'QFN-16 (3x3) Part2:3');
#66=NEXT_ASSEMBLY_USAGE_OCCURRENCE('QFN-16 (3x3) Part2:4',
'QFN-16 (3x3) Part2:4','QFN-16 (3x3) Part2:4',#2885,#2887,
'QFN-16 (3x3) Part2:4');
#67=NEXT_ASSEMBLY_USAGE_OCCURRENCE('QFN-16 (3x3) Part2:5',
'QFN-16 (3x3) Part2:5','QFN-16 (3x3) Part2:5',#2885,#2887,
'QFN-16 (3x3) Part2:5');
#68=NEXT_ASSEMBLY_USAGE_OCCURRENCE('QFN-16 (3x3) Part2:6',
'QFN-16 (3x3) Part2:6','QFN-16 (3x3) Part2:6',#2885,#2887,
'QFN-16 (3x3) Part2:6');
#69=NEXT_ASSEMBLY_USAGE_OCCURRENCE('QFN-16 (3x3) Part2:7',
'QFN-16 (3x3) Part2:7','QFN-16 (3x3) Part2:7',#2885,#2887,
'QFN-16 (3x3) Part2:7');
#70=NEXT_ASSEMBLY_USAGE_OCCURRENCE('QFN-16 (3x3) Part2:8',
'QFN-16 (3x3) Part2:8','QFN-16 (3x3) Part2:8',#2885,#2887,
'QFN-16 (3x3) Part2:8');
#71=NEXT_ASSEMBLY_USAGE_OCCURRENCE('QFN-16 (3x3) Part2:9',
'QFN-16 (3x3) Part2:9','QFN-16 (3x3) Part2:9',#2885,#2887,
'QFN-16 (3x3) Part2:9');
#72=NEXT_ASSEMBLY_USAGE_OCCURRENCE('QFN-16 (3x3) Part2:10',
'QFN-16 (3x3) Part2:10','QFN-16 (3x3) Part2:10',#2885,#2887,
'QFN-16 (3x3) Part2:10');
#73=NEXT_ASSEMBLY_USAGE_OCCURRENCE('QFN-16 (3x3) Part2:11',
'QFN-16 (3x3) Part2:11','QFN-16 (3x3) Part2:11',#2885,#2887,
'QFN-16 (3x3) Part2:11');
#74=NEXT_ASSEMBLY_USAGE_OCCURRENCE('QFN-16 (3x3) Part2:12',
'QFN-16 (3x3) Part2:12','QFN-16 (3x3) Part2:12',#2885,#2887,
'QFN-16 (3x3) Part2:12');
#75=NEXT_ASSEMBLY_USAGE_OCCURRENCE('QFN-16 (3x3) Part2:13',
'QFN-16 (3x3) Part2:13','QFN-16 (3x3) Part2:13',#2885,#2887,
'QFN-16 (3x3) Part2:13');
#76=NEXT_ASSEMBLY_USAGE_OCCURRENCE('QFN-16 (3x3) Part2:14',
'QFN-16 (3x3) Part2:14','QFN-16 (3x3) Part2:14',#2885,#2887,
'QFN-16 (3x3) Part2:14');
#77=NEXT_ASSEMBLY_USAGE_OCCURRENCE('QFN-16 (3x3) Part2:15',
'QFN-16 (3x3) Part2:15','QFN-16 (3x3) Part2:15',#2885,#2887,
'QFN-16 (3x3) Part2:15');
#78=NEXT_ASSEMBLY_USAGE_OCCURRENCE('QFN-16 (3x3) Part2:16',
'QFN-16 (3x3) Part2:16','QFN-16 (3x3) Part2:16',#2885,#2887,
'QFN-16 (3x3) Part2:16');
#79=SHAPE_REPRESENTATION_RELATIONSHIP('SRR','None',#2882,#81);
#80=SHAPE_REPRESENTATION_RELATIONSHIP('SRR','None',#2883,#82);
#81=ADVANCED_BREP_SHAPE_REPRESENTATION('',(#83),#2851);
#82=ADVANCED_BREP_SHAPE_REPRESENTATION('',(#84),#2852);
#83=MANIFOLD_SOLID_BREP('Cuerpo1',#1715);
#84=MANIFOLD_SOLID_BREP('Cuerpo1',#1716);
#85=CYLINDRICAL_SURFACE('',#1773,0.14);
#86=CYLINDRICAL_SURFACE('',#1778,0.14);
#87=CYLINDRICAL_SURFACE('',#1784,0.14);
#88=CYLINDRICAL_SURFACE('',#1789,0.14);
#89=CYLINDRICAL_SURFACE('',#1794,0.14);
#90=CYLINDRICAL_SURFACE('',#1799,0.14);
#91=CYLINDRICAL_SURFACE('',#1804,0.14);
#92=CYLINDRICAL_SURFACE('',#1809,0.14);
#93=CYLINDRICAL_SURFACE('',#1814,0.14);
#94=CYLINDRICAL_SURFACE('',#1819,0.14);
#95=CYLINDRICAL_SURFACE('',#1825,0.14);
#96=CYLINDRICAL_SURFACE('',#1830,0.14);
#97=CYLINDRICAL_SURFACE('',#1835,0.14);
#98=CYLINDRICAL_SURFACE('',#1840,0.14);
#99=CYLINDRICAL_SURFACE('',#1843,0.14);
#100=CYLINDRICAL_SURFACE('',#1848,0.14);
#101=CYLINDRICAL_SURFACE('',#1855,0.14);
#102=SPHERICAL_SURFACE('',#1765,0.25);
#103=STYLED_ITEM('',(#2902),#1638);
#104=STYLED_ITEM('',(#2902),#1639);
#105=STYLED_ITEM('',(#2902),#1640);
#106=STYLED_ITEM('',(#2902),#1641);
#107=STYLED_ITEM('',(#2902),#1642);
#108=STYLED_ITEM('',(#2902),#1643);
#109=STYLED_ITEM('',(#2902),#1644);
#110=STYLED_ITEM('',(#2901),#83);
#111=STYLED_ITEM('',(#2902),#84);
#112=FACE_BOUND('',#198,.T.);
#113=FACE_BOUND('',#204,.T.);
#114=FACE_OUTER_BOUND('',#197,.T.);
#115=FACE_OUTER_BOUND('',#199,.T.);
#116=FACE_OUTER_BOUND('',#200,.T.);
#117=FACE_OUTER_BOUND('',#201,.T.);
#118=FACE_OUTER_BOUND('',#202,.T.);
#119=FACE_OUTER_BOUND('',#203,.T.);
#120=FACE_OUTER_BOUND('',#205,.T.);
#121=FACE_OUTER_BOUND('',#206,.T.);
#122=FACE_OUTER_BOUND('',#207,.T.);
#123=FACE_OUTER_BOUND('',#208,.T.);
#124=FACE_OUTER_BOUND('',#209,.T.);
#125=FACE_OUTER_BOUND('',#210,.T.);
#126=FACE_OUTER_BOUND('',#211,.T.);
#127=FACE_OUTER_BOUND('',#212,.T.);
#128=FACE_OUTER_BOUND('',#213,.T.);
#129=FACE_OUTER_BOUND('',#214,.T.);
#130=FACE_OUTER_BOUND('',#215,.T.);
#131=FACE_OUTER_BOUND('',#216,.T.);
#132=FACE_OUTER_BOUND('',#217,.T.);
#133=FACE_OUTER_BOUND('',#218,.T.);
#134=FACE_OUTER_BOUND('',#219,.T.);
#135=FACE_OUTER_BOUND('',#220,.T.);
#136=FACE_OUTER_BOUND('',#221,.T.);
#137=FACE_OUTER_BOUND('',#222,.T.);
#138=FACE_OUTER_BOUND('',#223,.T.);
#139=FACE_OUTER_BOUND('',#224,.T.);
#140=FACE_OUTER_BOUND('',#225,.T.);
#141=FACE_OUTER_BOUND('',#226,.T.);
#142=FACE_OUTER_BOUND('',#227,.T.);
#143=FACE_OUTER_BOUND('',#228,.T.);
#144=FACE_OUTER_BOUND('',#229,.T.);
#145=FACE_OUTER_BOUND('',#230,.T.);
#146=FACE_OUTER_BOUND('',#231,.T.);
#147=FACE_OUTER_BOUND('',#232,.T.);
#148=FACE_OUTER_BOUND('',#233,.T.);
#149=FACE_OUTER_BOUND('',#234,.T.);
#150=FACE_OUTER_BOUND('',#235,.T.);
#151=FACE_OUTER_BOUND('',#236,.T.);
#152=FACE_OUTER_BOUND('',#237,.T.);
#153=FACE_OUTER_BOUND('',#238,.T.);
#154=FACE_OUTER_BOUND('',#239,.T.);
#155=FACE_OUTER_BOUND('',#240,.T.);
#156=FACE_OUTER_BOUND('',#241,.T.);
#157=FACE_OUTER_BOUND('',#242,.T.);
#158=FACE_OUTER_BOUND('',#243,.T.);
#159=FACE_OUTER_BOUND('',#244,.T.);
#160=FACE_OUTER_BOUND('',#245,.T.);
#161=FACE_OUTER_BOUND('',#246,.T.);
#162=FACE_OUTER_BOUND('',#247,.T.);
#163=FACE_OUTER_BOUND('',#248,.T.);
#164=FACE_OUTER_BOUND('',#249,.T.);
#165=FACE_OUTER_BOUND('',#250,.T.);
#166=FACE_OUTER_BOUND('',#251,.T.);
#167=FACE_OUTER_BOUND('',#252,.T.);
#168=FACE_OUTER_BOUND('',#253,.T.);
#169=FACE_OUTER_BOUND('',#254,.T.);
#170=FACE_OUTER_BOUND('',#255,.T.);
#171=FACE_OUTER_BOUND('',#256,.T.);
#172=FACE_OUTER_BOUND('',#257,.T.);
#173=FACE_OUTER_BOUND('',#258,.T.);
#174=FACE_OUTER_BOUND('',#259,.T.);
#175=FACE_OUTER_BOUND('',#260,.T.);
#176=FACE_OUTER_BOUND('',#261,.T.);
#177=FACE_OUTER_BOUND('',#262,.T.);
#178=FACE_OUTER_BOUND('',#263,.T.);
#179=FACE_OUTER_BOUND('',#264,.T.);
#180=FACE_OUTER_BOUND('',#265,.T.);
#181=FACE_OUTER_BOUND('',#266,.T.);
#182=FACE_OUTER_BOUND('',#267,.T.);
#183=FACE_OUTER_BOUND('',#268,.T.);
#184=FACE_OUTER_BOUND('',#269,.T.);
#185=FACE_OUTER_BOUND('',#270,.T.);
#186=FACE_OUTER_BOUND('',#271,.T.);
#187=FACE_OUTER_BOUND('',#272,.T.);
#188=FACE_OUTER_BOUND('',#273,.T.);
#189=FACE_OUTER_BOUND('',#274,.T.);
#190=FACE_OUTER_BOUND('',#275,.T.);
#191=FACE_OUTER_BOUND('',#276,.T.);
#192=FACE_OUTER_BOUND('',#277,.T.);
#193=FACE_OUTER_BOUND('',#278,.T.);
#194=FACE_OUTER_BOUND('',#279,.T.);
#195=FACE_OUTER_BOUND('',#280,.T.);
#196=FACE_OUTER_BOUND('',#281,.T.);
#197=EDGE_LOOP('',(#1101,#1102,#1103,#1104,#1105,#1106,#1107,#1108,#1109,
#1110,#1111,#1112,#1113,#1114,#1115,#1116,#1117,#1118,#1119,#1120,#1121,
#1122,#1123,#1124,#1125,#1126,#1127,#1128,#1129,#1130,#1131,#1132,#1133,
#1134,#1135,#1136,#1137,#1138,#1139,#1140,#1141,#1142,#1143,#1144,#1145,
#1146,#1147,#1148,#1149,#1150,#1151,#1152,#1153,#1154,#1155,#1156,#1157,
#1158,#1159,#1160,#1161,#1162,#1163,#1164,#1165,#1166,#1167,#1168));
#198=EDGE_LOOP('',(#1169,#1170,#1171,#1172,#1173));
#199=EDGE_LOOP('',(#1174,#1175,#1176,#1177,#1178,#1179,#1180,#1181,#1182,
#1183,#1184,#1185,#1186,#1187,#1188,#1189,#1190,#1191,#1192,#1193));
#200=EDGE_LOOP('',(#1194,#1195,#1196,#1197,#1198,#1199,#1200,#1201,#1202,
#1203,#1204,#1205,#1206,#1207,#1208,#1209,#1210,#1211,#1212,#1213));
#201=EDGE_LOOP('',(#1214,#1215,#1216,#1217,#1218,#1219,#1220,#1221,#1222,
#1223,#1224,#1225,#1226,#1227,#1228,#1229,#1230,#1231,#1232,#1233));
#202=EDGE_LOOP('',(#1234,#1235,#1236,#1237,#1238,#1239,#1240,#1241,#1242,
#1243,#1244,#1245,#1246,#1247,#1248,#1249,#1250,#1251,#1252,#1253));
#203=EDGE_LOOP('',(#1254,#1255,#1256,#1257));
#204=EDGE_LOOP('',(#1258));
#205=EDGE_LOOP('',(#1259,#1260,#1261));
#206=EDGE_LOOP('',(#1262,#1263,#1264,#1265));
#207=EDGE_LOOP('',(#1266,#1267,#1268,#1269));
#208=EDGE_LOOP('',(#1270,#1271,#1272,#1273));
#209=EDGE_LOOP('',(#1274,#1275,#1276,#1277));
#210=EDGE_LOOP('',(#1278,#1279,#1280,#1281));
#211=EDGE_LOOP('',(#1282,#1283,#1284,#1285,#1286));
#212=EDGE_LOOP('',(#1287,#1288,#1289,#1290));
#213=EDGE_LOOP('',(#1291,#1292,#1293,#1294));
#214=EDGE_LOOP('',(#1295,#1296,#1297,#1298));
#215=EDGE_LOOP('',(#1299,#1300,#1301,#1302));
#216=EDGE_LOOP('',(#1303,#1304,#1305,#1306));
#217=EDGE_LOOP('',(#1307,#1308,#1309,#1310));
#218=EDGE_LOOP('',(#1311,#1312,#1313,#1314));
#219=EDGE_LOOP('',(#1315,#1316,#1317,#1318));
#220=EDGE_LOOP('',(#1319,#1320,#1321,#1322));
#221=EDGE_LOOP('',(#1323,#1324,#1325,#1326));
#222=EDGE_LOOP('',(#1327,#1328,#1329,#1330));
#223=EDGE_LOOP('',(#1331,#1332,#1333,#1334));
#224=EDGE_LOOP('',(#1335,#1336,#1337,#1338));
#225=EDGE_LOOP('',(#1339,#1340,#1341,#1342));
#226=EDGE_LOOP('',(#1343,#1344,#1345,#1346));
#227=EDGE_LOOP('',(#1347,#1348,#1349,#1350));
#228=EDGE_LOOP('',(#1351,#1352,#1353,#1354));
#229=EDGE_LOOP('',(#1355,#1356,#1357,#1358));
#230=EDGE_LOOP('',(#1359,#1360,#1361,#1362));
#231=EDGE_LOOP('',(#1363,#1364,#1365,#1366));
#232=EDGE_LOOP('',(#1367,#1368,#1369,#1370));
#233=EDGE_LOOP('',(#1371,#1372,#1373,#1374));
#234=EDGE_LOOP('',(#1375,#1376,#1377,#1378));
#235=EDGE_LOOP('',(#1379,#1380,#1381,#1382));
#236=EDGE_LOOP('',(#1383,#1384,#1385,#1386));
#237=EDGE_LOOP('',(#1387,#1388,#1389,#1390));
#238=EDGE_LOOP('',(#1391,#1392,#1393,#1394));
#239=EDGE_LOOP('',(#1395,#1396,#1397,#1398));
#240=EDGE_LOOP('',(#1399,#1400,#1401,#1402));
#241=EDGE_LOOP('',(#1403,#1404,#1405,#1406));
#242=EDGE_LOOP('',(#1407,#1408,#1409,#1410));
#243=EDGE_LOOP('',(#1411,#1412,#1413,#1414));
#244=EDGE_LOOP('',(#1415,#1416,#1417,#1418));
#245=EDGE_LOOP('',(#1419,#1420,#1421,#1422));
#246=EDGE_LOOP('',(#1423,#1424,#1425,#1426));
#247=EDGE_LOOP('',(#1427,#1428,#1429,#1430));
#248=EDGE_LOOP('',(#1431,#1432,#1433,#1434));
#249=EDGE_LOOP('',(#1435,#1436,#1437,#1438));
#250=EDGE_LOOP('',(#1439,#1440,#1441,#1442));
#251=EDGE_LOOP('',(#1443,#1444,#1445,#1446));
#252=EDGE_LOOP('',(#1447,#1448,#1449,#1450));
#253=EDGE_LOOP('',(#1451,#1452,#1453,#1454));
#254=EDGE_LOOP('',(#1455,#1456,#1457,#1458));
#255=EDGE_LOOP('',(#1459,#1460,#1461,#1462));
#256=EDGE_LOOP('',(#1463,#1464,#1465,#1466));
#257=EDGE_LOOP('',(#1467,#1468,#1469,#1470));
#258=EDGE_LOOP('',(#1471,#1472,#1473,#1474));
#259=EDGE_LOOP('',(#1475,#1476,#1477,#1478));
#260=EDGE_LOOP('',(#1479,#1480,#1481,#1482));
#261=EDGE_LOOP('',(#1483,#1484,#1485,#1486));
#262=EDGE_LOOP('',(#1487,#1488,#1489,#1490));
#263=EDGE_LOOP('',(#1491,#1492,#1493,#1494));
#264=EDGE_LOOP('',(#1495,#1496,#1497,#1498));
#265=EDGE_LOOP('',(#1499,#1500,#1501,#1502));
#266=EDGE_LOOP('',(#1503,#1504,#1505,#1506));
#267=EDGE_LOOP('',(#1507,#1508,#1509,#1510));
#268=EDGE_LOOP('',(#1511,#1512,#1513,#1514));
#269=EDGE_LOOP('',(#1515,#1516,#1517,#1518));
#270=EDGE_LOOP('',(#1519,#1520,#1521,#1522));
#271=EDGE_LOOP('',(#1523,#1524,#1525,#1526));
#272=EDGE_LOOP('',(#1527,#1528,#1529,#1530));
#273=EDGE_LOOP('',(#1531,#1532,#1533,#1534));
#274=EDGE_LOOP('',(#1535,#1536,#1537,#1538));
#275=EDGE_LOOP('',(#1539,#1540,#1541,#1542));
#276=EDGE_LOOP('',(#1543,#1544,#1545,#1546));
#277=EDGE_LOOP('',(#1547,#1548,#1549,#1550));
#278=EDGE_LOOP('',(#1551,#1552,#1553,#1554));
#279=EDGE_LOOP('',(#1555,#1556,#1557,#1558));
#280=EDGE_LOOP('',(#1559,#1560,#1561,#1562));
#281=EDGE_LOOP('',(#1563,#1564,#1565,#1566));
#282=CIRCLE('',#1743,0.14);
#283=CIRCLE('',#1744,0.14);
#284=CIRCLE('',#1745,0.14);
#285=CIRCLE('',#1746,0.14);
#286=CIRCLE('',#1747,0.14);
#287=CIRCLE('',#1748,0.14);
#288=CIRCLE('',#1749,0.14);
#289=CIRCLE('',#1750,0.14);
#290=CIRCLE('',#1751,0.14);
#291=CIRCLE('',#1752,0.14);
#292=CIRCLE('',#1753,0.14);
#293=CIRCLE('',#1754,0.14);
#294=CIRCLE('',#1755,0.14);
#295=CIRCLE('',#1756,0.14);
#296=CIRCLE('',#1757,0.14);
#297=CIRCLE('',#1758,0.14);
#298=CIRCLE('',#1764,0.2);
#299=CIRCLE('',#1766,0.25);
#300=CIRCLE('',#1774,0.14);
#301=CIRCLE('',#1779,0.14);
#302=CIRCLE('',#1785,0.14);
#303=CIRCLE('',#1790,0.14);
#304=CIRCLE('',#1795,0.14);
#305=CIRCLE('',#1800,0.14);
#306=CIRCLE('',#1805,0.14);
#307=CIRCLE('',#1810,0.14);
#308=CIRCLE('',#1815,0.14);
#309=CIRCLE('',#1820,0.14);
#310=CIRCLE('',#1826,0.14);
#311=CIRCLE('',#1831,0.14);
#312=CIRCLE('',#1836,0.14);
#313=CIRCLE('',#1841,0.14);
#314=CIRCLE('',#1844,0.14);
#315=CIRCLE('',#1849,0.14);
#316=CIRCLE('',#1856,0.14);
#317=CIRCLE('',#1857,0.14);
#318=LINE('',#2359,#515);
#319=LINE('',#2361,#516);
#320=LINE('',#2363,#517);
#321=LINE('',#2367,#518);
#322=LINE('',#2369,#519);
#323=LINE('',#2371,#520);
#324=LINE('',#2375,#521);
#325=LINE('',#2377,#522);
#326=LINE('',#2379,#523);
#327=LINE('',#2383,#524);
#328=LINE('',#2385,#525);
#329=LINE('',#2387,#526);
#330=LINE('',#2389,#527);
#331=LINE('',#2393,#528);
#332=LINE('',#2395,#529);
#333=LINE('',#2397,#530);
#334=LINE('',#2401,#531);
#335=LINE('',#2403,#532);
#336=LINE('',#2405,#533);
#337=LINE('',#2409,#534);
#338=LINE('',#2411,#535);
#339=LINE('',#2413,#536);
#340=LINE('',#2417,#537);
#341=LINE('',#2419,#538);
#342=LINE('',#2421,#539);
#343=LINE('',#2423,#540);
#344=LINE('',#2427,#541);
#345=LINE('',#2429,#542);
#346=LINE('',#2431,#543);
#347=LINE('',#2435,#544);
#348=LINE('',#2437,#545);
#349=LINE('',#2439,#546);
#350=LINE('',#2443,#547);
#351=LINE('',#2445,#548);
#352=LINE('',#2447,#549);
#353=LINE('',#2451,#550);
#354=LINE('',#2453,#551);
#355=LINE('',#2455,#552);
#356=LINE('',#2457,#553);
#357=LINE('',#2461,#554);
#358=LINE('',#2463,#555);
#359=LINE('',#2465,#556);
#360=LINE('',#2469,#557);
#361=LINE('',#2471,#558);
#362=LINE('',#2473,#559);
#363=LINE('',#2477,#560);
#364=LINE('',#2479,#561);
#365=LINE('',#2481,#562);
#366=LINE('',#2485,#563);
#367=LINE('',#2487,#564);
#368=LINE('',#2489,#565);
#369=LINE('',#2491,#566);
#370=LINE('',#2495,#567);
#371=LINE('',#2497,#568);
#372=LINE('',#2499,#569);
#373=LINE('',#2501,#570);
#374=LINE('',#2502,#571);
#375=LINE('',#2506,#572);
#376=LINE('',#2507,#573);
#377=LINE('',#2509,#574);
#378=LINE('',#2511,#575);
#379=LINE('',#2512,#576);
#380=LINE('',#2514,#577);
#381=LINE('',#2516,#578);
#382=LINE('',#2517,#579);
#383=LINE('',#2519,#580);
#384=LINE('',#2521,#581);
#385=LINE('',#2522,#582);
#386=LINE('',#2524,#583);
#387=LINE('',#2526,#584);
#388=LINE('',#2527,#585);
#389=LINE('',#2528,#586);
#390=LINE('',#2532,#587);
#391=LINE('',#2533,#588);
#392=LINE('',#2535,#589);
#393=LINE('',#2537,#590);
#394=LINE('',#2538,#591);
#395=LINE('',#2540,#592);
#396=LINE('',#2542,#593);
#397=LINE('',#2543,#594);
#398=LINE('',#2545,#595);
#399=LINE('',#2547,#596);
#400=LINE('',#2548,#597);
#401=LINE('',#2550,#598);
#402=LINE('',#2551,#599);
#403=LINE('',#2552,#600);
#404=LINE('',#2556,#601);
#405=LINE('',#2557,#602);
#406=LINE('',#2559,#603);
#407=LINE('',#2560,#604);
#408=LINE('',#2562,#605);
#409=LINE('',#2564,#606);
#410=LINE('',#2565,#607);
#411=LINE('',#2567,#608);
#412=LINE('',#2569,#609);
#413=LINE('',#2570,#610);
#414=LINE('',#2572,#611);
#415=LINE('',#2574,#612);
#416=LINE('',#2575,#613);
#417=LINE('',#2576,#614);
#418=LINE('',#2580,#615);
#419=LINE('',#2581,#616);
#420=LINE('',#2583,#617);
#421=LINE('',#2585,#618);
#422=LINE('',#2586,#619);
#423=LINE('',#2588,#620);
#424=LINE('',#2590,#621);
#425=LINE('',#2591,#622);
#426=LINE('',#2593,#623);
#427=LINE('',#2595,#624);
#428=LINE('',#2596,#625);
#429=LINE('',#2597,#626);
#430=LINE('',#2598,#627);
#431=LINE('',#2607,#628);
#432=LINE('',#2609,#629);
#433=LINE('',#2610,#630);
#434=LINE('',#2613,#631);
#435=LINE('',#2614,#632);
#436=LINE('',#2617,#633);
#437=LINE('',#2618,#634);
#438=LINE('',#2621,#635);
#439=LINE('',#2622,#636);
#440=LINE('',#2624,#637);
#441=LINE('',#2628,#638);
#442=LINE('',#2631,#639);
#443=LINE('',#2633,#640);
#444=LINE('',#2635,#641);
#445=LINE('',#2639,#642);
#446=LINE('',#2642,#643);
#447=LINE('',#2644,#644);
#448=LINE('',#2646,#645);
#449=LINE('',#2650,#646);
#450=LINE('',#2651,#647);
#451=LINE('',#2654,#648);
#452=LINE('',#2657,#649);
#453=LINE('',#2661,#650);
#454=LINE('',#2662,#651);
#455=LINE('',#2665,#652);
#456=LINE('',#2668,#653);
#457=LINE('',#2672,#654);
#458=LINE('',#2673,#655);
#459=LINE('',#2676,#656);
#460=LINE('',#2679,#657);
#461=LINE('',#2683,#658);
#462=LINE('',#2684,#659);
#463=LINE('',#2687,#660);
#464=LINE('',#2690,#661);
#465=LINE('',#2694,#662);
#466=LINE('',#2695,#663);
#467=LINE('',#2698,#664);
#468=LINE('',#2701,#665);
#469=LINE('',#2705,#666);
#470=LINE('',#2706,#667);
#471=LINE('',#2709,#668);
#472=LINE('',#2712,#669);
#473=LINE('',#2716,#670);
#474=LINE('',#2717,#671);
#475=LINE('',#2720,#672);
#476=LINE('',#2723,#673);
#477=LINE('',#2727,#674);
#478=LINE('',#2728,#675);
#479=LINE('',#2731,#676);
#480=LINE('',#2734,#677);
#481=LINE('',#2738,#678);
#482=LINE('',#2739,#679);
#483=LINE('',#2742,#680);
#484=LINE('',#2743,#681);
#485=LINE('',#2749,#682);
#486=LINE('',#2750,#683);
#487=LINE('',#2753,#684);
#488=LINE('',#2754,#685);
#489=LINE('',#2760,#686);
#490=LINE('',#2761,#687);
#491=LINE('',#2764,#688);
#492=LINE('',#2765,#689);
#493=LINE('',#2771,#690);
#494=LINE('',#2772,#691);
#495=LINE('',#2775,#692);
#496=LINE('',#2776,#693);
#497=LINE('',#2782,#694);
#498=LINE('',#2785,#695);
#499=LINE('',#2787,#696);
#500=LINE('',#2789,#697);
#501=LINE('',#2793,#698);
#502=LINE('',#2796,#699);
#503=LINE('',#2798,#700);
#504=LINE('',#2800,#701);
#505=LINE('',#2806,#702);
#506=LINE('',#2808,#703);
#507=LINE('',#2810,#704);
#508=LINE('',#2811,#705);
#509=LINE('',#2816,#706);
#510=LINE('',#2820,#707);
#511=LINE('',#2822,#708);
#512=LINE('',#2823,#709);
#513=LINE('',#2825,#710);
#514=LINE('',#2826,#711);
#515=VECTOR('',#1885,1.);
#516=VECTOR('',#1886,1.);
#517=VECTOR('',#1887,1.);
#518=VECTOR('',#1890,1.);
#519=VECTOR('',#1891,1.);
#520=VECTOR('',#1892,1.);
#521=VECTOR('',#1895,1.);
#522=VECTOR('',#1896,1.);
#523=VECTOR('',#1897,1.);
#524=VECTOR('',#1900,1.);
#525=VECTOR('',#1901,1.);
#526=VECTOR('',#1902,1.);
#527=VECTOR('',#1903,1.);
#528=VECTOR('',#1906,1.);
#529=VECTOR('',#1907,1.);
#530=VECTOR('',#1908,1.);
#531=VECTOR('',#1911,1.);
#532=VECTOR('',#1912,1.);
#533=VECTOR('',#1913,1.);
#534=VECTOR('',#1916,1.);
#535=VECTOR('',#1917,1.);
#536=VECTOR('',#1918,1.);
#537=VECTOR('',#1921,1.);
#538=VECTOR('',#1922,1.);
#539=VECTOR('',#1923,1.);
#540=VECTOR('',#1924,1.);
#541=VECTOR('',#1927,1.);
#542=VECTOR('',#1928,1.);
#543=VECTOR('',#1929,1.);
#544=VECTOR('',#1932,1.);
#545=VECTOR('',#1933,1.);
#546=VECTOR('',#1934,1.);
#547=VECTOR('',#1937,1.);
#548=VECTOR('',#1938,1.);
#549=VECTOR('',#1939,1.);
#550=VECTOR('',#1942,1.);
#551=VECTOR('',#1943,1.);
#552=VECTOR('',#1944,1.);
#553=VECTOR('',#1945,1.);
#554=VECTOR('',#1948,1.);
#555=VECTOR('',#1949,1.);
#556=VECTOR('',#1950,1.);
#557=VECTOR('',#1953,1.);
#558=VECTOR('',#1954,1.);
#559=VECTOR('',#1955,1.);
#560=VECTOR('',#1958,1.);
#561=VECTOR('',#1959,1.);
#562=VECTOR('',#1960,1.);
#563=VECTOR('',#1963,1.);
#564=VECTOR('',#1964,1.);
#565=VECTOR('',#1965,1.);
#566=VECTOR('',#1966,1.);
#567=VECTOR('',#1969,1.);
#568=VECTOR('',#1970,1.);
#569=VECTOR('',#1971,1.);
#570=VECTOR('',#1972,1.);
#571=VECTOR('',#1973,1.);
#572=VECTOR('',#1976,1.);
#573=VECTOR('',#1977,1.);
#574=VECTOR('',#1978,1.);
#575=VECTOR('',#1979,1.);
#576=VECTOR('',#1980,1.);
#577=VECTOR('',#1981,1.);
#578=VECTOR('',#1982,1.);
#579=VECTOR('',#1983,1.);
#580=VECTOR('',#1984,1.);
#581=VECTOR('',#1985,1.);
#582=VECTOR('',#1986,1.);
#583=VECTOR('',#1987,1.);
#584=VECTOR('',#1988,1.);
#585=VECTOR('',#1989,1.);
#586=VECTOR('',#1990,1.);
#587=VECTOR('',#1993,1.);
#588=VECTOR('',#1994,1.);
#589=VECTOR('',#1995,1.);
#590=VECTOR('',#1996,1.);
#591=VECTOR('',#1997,1.);
#592=VECTOR('',#1998,1.);
#593=VECTOR('',#1999,1.);
#594=VECTOR('',#2000,1.);
#595=VECTOR('',#2001,1.);
#596=VECTOR('',#2002,1.);
#597=VECTOR('',#2003,1.);
#598=VECTOR('',#2004,1.);
#599=VECTOR('',#2005,1.);
#600=VECTOR('',#2006,1.);
#601=VECTOR('',#2009,1.);
#602=VECTOR('',#2010,1.);
#603=VECTOR('',#2011,1.);
#604=VECTOR('',#2012,1.);
#605=VECTOR('',#2013,1.);
#606=VECTOR('',#2014,1.);
#607=VECTOR('',#2015,1.);
#608=VECTOR('',#2016,1.);
#609=VECTOR('',#2017,1.);
#610=VECTOR('',#2018,1.);
#611=VECTOR('',#2019,1.);
#612=VECTOR('',#2020,1.);
#613=VECTOR('',#2021,1.);
#614=VECTOR('',#2022,1.);
#615=VECTOR('',#2025,1.);
#616=VECTOR('',#2026,1.);
#617=VECTOR('',#2027,1.);
#618=VECTOR('',#2028,1.);
#619=VECTOR('',#2029,1.);
#620=VECTOR('',#2030,1.);
#621=VECTOR('',#2031,1.);
#622=VECTOR('',#2032,1.);
#623=VECTOR('',#2033,1.);
#624=VECTOR('',#2034,1.);
#625=VECTOR('',#2035,1.);
#626=VECTOR('',#2036,1.);
#627=VECTOR('',#2037,1.);
#628=VECTOR('',#2048,1.);
#629=VECTOR('',#2049,1.);
#630=VECTOR('',#2050,1.);
#631=VECTOR('',#2053,1.);
#632=VECTOR('',#2054,1.);
#633=VECTOR('',#2057,1.);
#634=VECTOR('',#2058,1.);
#635=VECTOR('',#2061,1.);
#636=VECTOR('',#2062,1.);
#637=VECTOR('',#2065,1.);
#638=VECTOR('',#2070,1.);
#639=VECTOR('',#2073,1.);
#640=VECTOR('',#2076,1.);
#641=VECTOR('',#2079,1.);
#642=VECTOR('',#2084,1.);
#643=VECTOR('',#2087,1.);
#644=VECTOR('',#2090,1.);
#645=VECTOR('',#2093,1.);
#646=VECTOR('',#2098,1.);
#647=VECTOR('',#2099,1.);
#648=VECTOR('',#2102,1.);
#649=VECTOR('',#2107,1.);
#650=VECTOR('',#2112,1.);
#651=VECTOR('',#2113,1.);
#652=VECTOR('',#2116,1.);
#653=VECTOR('',#2121,1.);
#654=VECTOR('',#2126,1.);
#655=VECTOR('',#2127,1.);
#656=VECTOR('',#2130,1.);
#657=VECTOR('',#2135,1.);
#658=VECTOR('',#2140,1.);
#659=VECTOR('',#2141,1.);
#660=VECTOR('',#2144,1.);
#661=VECTOR('',#2149,1.);
#662=VECTOR('',#2154,1.);
#663=VECTOR('',#2155,1.);
#664=VECTOR('',#2158,1.);
#665=VECTOR('',#2163,1.);
#666=VECTOR('',#2168,1.);
#667=VECTOR('',#2169,1.);
#668=VECTOR('',#2172,1.);
#669=VECTOR('',#2177,1.);
#670=VECTOR('',#2182,1.);
#671=VECTOR('',#2183,1.);
#672=VECTOR('',#2186,1.);
#673=VECTOR('',#2191,1.);
#674=VECTOR('',#2196,1.);
#675=VECTOR('',#2197,1.);
#676=VECTOR('',#2200,1.);
#677=VECTOR('',#2205,1.);
#678=VECTOR('',#2210,1.);
#679=VECTOR('',#2211,1.);
#680=VECTOR('',#2214,1.);
#681=VECTOR('',#2215,1.);
#682=VECTOR('',#2224,1.);
#683=VECTOR('',#2225,1.);
#684=VECTOR('',#2228,1.);
#685=VECTOR('',#2229,1.);
#686=VECTOR('',#2238,1.);
#687=VECTOR('',#2239,1.);
#688=VECTOR('',#2242,1.);
#689=VECTOR('',#2243,1.);
#690=VECTOR('',#2252,1.);
#691=VECTOR('',#2253,1.);
#692=VECTOR('',#2256,1.);
#693=VECTOR('',#2257,1.);
#694=VECTOR('',#2266,1.);
#695=VECTOR('',#2269,1.);
#696=VECTOR('',#2272,1.);
#697=VECTOR('',#2275,1.);
#698=VECTOR('',#2280,1.);
#699=VECTOR('',#2283,1.);
#700=VECTOR('',#2286,1.);
#701=VECTOR('',#2289,1.);
#702=VECTOR('',#2296,1.);
#703=VECTOR('',#2297,1.);
#704=VECTOR('',#2298,1.);
#705=VECTOR('',#2299,1.);
#706=VECTOR('',#2304,1.);
#707=VECTOR('',#2309,1.);
#708=VECTOR('',#2310,1.);
#709=VECTOR('',#2311,1.);
#710=VECTOR('',#2314,1.);
#711=VECTOR('',#2315,1.);
#712=VERTEX_POINT('',#2357);
#713=VERTEX_POINT('',#2358);
#714=VERTEX_POINT('',#2360);
#715=VERTEX_POINT('',#2362);
#716=VERTEX_POINT('',#2364);
#717=VERTEX_POINT('',#2366);
#718=VERTEX_POINT('',#2368);
#719=VERTEX_POINT('',#2370);
#720=VERTEX_POINT('',#2372);
#721=VERTEX_POINT('',#2374);
#722=VERTEX_POINT('',#2376);
#723=VERTEX_POINT('',#2378);
#724=VERTEX_POINT('',#2380);
#725=VERTEX_POINT('',#2382);
#726=VERTEX_POINT('',#2384);
#727=VERTEX_POINT('',#2386);
#728=VERTEX_POINT('',#2388);
#729=VERTEX_POINT('',#2390);
#730=VERTEX_POINT('',#2392);
#731=VERTEX_POINT('',#2394);
#732=VERTEX_POINT('',#2396);
#733=VERTEX_POINT('',#2398);
#734=VERTEX_POINT('',#2400);
#735=VERTEX_POINT('',#2402);
#736=VERTEX_POINT('',#2404);
#737=VERTEX_POINT('',#2406);
#738=VERTEX_POINT('',#2408);
#739=VERTEX_POINT('',#2410);
#740=VERTEX_POINT('',#2412);
#741=VERTEX_POINT('',#2414);
#742=VERTEX_POINT('',#2416);
#743=VERTEX_POINT('',#2418);
#744=VERTEX_POINT('',#2420);
#745=VERTEX_POINT('',#2422);
#746=VERTEX_POINT('',#2424);
#747=VERTEX_POINT('',#2426);
#748=VERTEX_POINT('',#2428);
#749=VERTEX_POINT('',#2430);
#750=VERTEX_POINT('',#2432);
#751=VERTEX_POINT('',#2434);
#752=VERTEX_POINT('',#2436);
#753=VERTEX_POINT('',#2438);
#754=VERTEX_POINT('',#2440);
#755=VERTEX_POINT('',#2442);
#756=VERTEX_POINT('',#2444);
#757=VERTEX_POINT('',#2446);
#758=VERTEX_POINT('',#2448);
#759=VERTEX_POINT('',#2450);
#760=VERTEX_POINT('',#2452);
#761=VERTEX_POINT('',#2454);
#762=VERTEX_POINT('',#2456);
#763=VERTEX_POINT('',#2458);
#764=VERTEX_POINT('',#2460);
#765=VERTEX_POINT('',#2462);
#766=VERTEX_POINT('',#2464);
#767=VERTEX_POINT('',#2466);
#768=VERTEX_POINT('',#2468);
#769=VERTEX_POINT('',#2470);
#770=VERTEX_POINT('',#2472);
#771=VERTEX_POINT('',#2474);
#772=VERTEX_POINT('',#2476);
#773=VERTEX_POINT('',#2478);
#774=VERTEX_POINT('',#2480);
#775=VERTEX_POINT('',#2482);
#776=VERTEX_POINT('',#2484);
#777=VERTEX_POINT('',#2486);
#778=VERTEX_POINT('',#2488);
#779=VERTEX_POINT('',#2490);
#780=VERTEX_POINT('',#2493);
#781=VERTEX_POINT('',#2494);
#782=VERTEX_POINT('',#2496);
#783=VERTEX_POINT('',#2498);
#784=VERTEX_POINT('',#2500);
#785=VERTEX_POINT('',#2504);
#786=VERTEX_POINT('',#2505);
#787=VERTEX_POINT('',#2508);
#788=VERTEX_POINT('',#2510);
#789=VERTEX_POINT('',#2513);
#790=VERTEX_POINT('',#2515);
#791=VERTEX_POINT('',#2518);
#792=VERTEX_POINT('',#2520);
#793=VERTEX_POINT('',#2523);
#794=VERTEX_POINT('',#2525);
#795=VERTEX_POINT('',#2530);
#796=VERTEX_POINT('',#2531);
#797=VERTEX_POINT('',#2534);
#798=VERTEX_POINT('',#2536);
#799=VERTEX_POINT('',#2539);
#800=VERTEX_POINT('',#2541);
#801=VERTEX_POINT('',#2544);
#802=VERTEX_POINT('',#2546);
#803=VERTEX_POINT('',#2549);
#804=VERTEX_POINT('',#2554);
#805=VERTEX_POINT('',#2555);
#806=VERTEX_POINT('',#2558);
#807=VERTEX_POINT('',#2561);
#808=VERTEX_POINT('',#2563);
#809=VERTEX_POINT('',#2566);
#810=VERTEX_POINT('',#2568);
#811=VERTEX_POINT('',#2571);
#812=VERTEX_POINT('',#2573);
#813=VERTEX_POINT('',#2578);
#814=VERTEX_POINT('',#2579);
#815=VERTEX_POINT('',#2582);
#816=VERTEX_POINT('',#2584);
#817=VERTEX_POINT('',#2587);
#818=VERTEX_POINT('',#2589);
#819=VERTEX_POINT('',#2592);
#820=VERTEX_POINT('',#2594);
#821=VERTEX_POINT('',#2600);
#822=VERTEX_POINT('',#2603);
#823=VERTEX_POINT('',#2606);
#824=VERTEX_POINT('',#2608);
#825=VERTEX_POINT('',#2612);
#826=VERTEX_POINT('',#2616);
#827=VERTEX_POINT('',#2620);
#828=VERTEX_POINT('',#2627);
#829=VERTEX_POINT('',#2629);
#830=VERTEX_POINT('',#2638);
#831=VERTEX_POINT('',#2640);
#832=VERTEX_POINT('',#2649);
#833=VERTEX_POINT('',#2653);
#834=VERTEX_POINT('',#2660);
#835=VERTEX_POINT('',#2664);
#836=VERTEX_POINT('',#2671);
#837=VERTEX_POINT('',#2675);
#838=VERTEX_POINT('',#2682);
#839=VERTEX_POINT('',#2686);
#840=VERTEX_POINT('',#2693);
#841=VERTEX_POINT('',#2697);
#842=VERTEX_POINT('',#2704);
#843=VERTEX_POINT('',#2708);
#844=VERTEX_POINT('',#2715);
#845=VERTEX_POINT('',#2719);
#846=VERTEX_POINT('',#2726);
#847=VERTEX_POINT('',#2730);
#848=VERTEX_POINT('',#2737);
#849=VERTEX_POINT('',#2741);
#850=VERTEX_POINT('',#2748);
#851=VERTEX_POINT('',#2752);
#852=VERTEX_POINT('',#2759);
#853=VERTEX_POINT('',#2763);
#854=VERTEX_POINT('',#2770);
#855=VERTEX_POINT('',#2774);
#856=VERTEX_POINT('',#2781);
#857=VERTEX_POINT('',#2783);
#858=VERTEX_POINT('',#2792);
#859=VERTEX_POINT('',#2794);
#860=VERTEX_POINT('',#2804);
#861=VERTEX_POINT('',#2805);
#862=VERTEX_POINT('',#2807);
#863=VERTEX_POINT('',#2809);
#864=VERTEX_POINT('',#2813);
#865=VERTEX_POINT('',#2815);
#866=VERTEX_POINT('',#2819);
#867=VERTEX_POINT('',#2821);
#868=EDGE_CURVE('',#712,#713,#318,.T.);
#869=EDGE_CURVE('',#714,#712,#319,.T.);
#870=EDGE_CURVE('',#715,#714,#320,.T.);
#871=EDGE_CURVE('',#716,#715,#282,.T.);
#872=EDGE_CURVE('',#717,#716,#321,.T.);
#873=EDGE_CURVE('',#718,#717,#322,.T.);
#874=EDGE_CURVE('',#719,#718,#323,.T.);
#875=EDGE_CURVE('',#720,#719,#283,.T.);
#876=EDGE_CURVE('',#721,#720,#324,.T.);
#877=EDGE_CURVE('',#722,#721,#325,.T.);
#878=EDGE_CURVE('',#723,#722,#326,.T.);
#879=EDGE_CURVE('',#724,#723,#284,.T.);
#880=EDGE_CURVE('',#725,#724,#327,.T.);
#881=EDGE_CURVE('',#726,#725,#328,.T.);
#882=EDGE_CURVE('',#727,#726,#329,.T.);
#883=EDGE_CURVE('',#728,#727,#330,.T.);
#884=EDGE_CURVE('',#729,#728,#285,.T.);
#885=EDGE_CURVE('',#730,#729,#331,.T.);
#886=EDGE_CURVE('',#731,#730,#332,.T.);
#887=EDGE_CURVE('',#732,#731,#333,.T.);
#888=EDGE_CURVE('',#733,#732,#286,.T.);
#889=EDGE_CURVE('',#734,#733,#334,.T.);
#890=EDGE_CURVE('',#735,#734,#335,.T.);
#891=EDGE_CURVE('',#736,#735,#336,.T.);
#892=EDGE_CURVE('',#737,#736,#287,.T.);
#893=EDGE_CURVE('',#738,#737,#337,.T.);
#894=EDGE_CURVE('',#739,#738,#338,.T.);
#895=EDGE_CURVE('',#740,#739,#339,.T.);
#896=EDGE_CURVE('',#741,#740,#288,.T.);
#897=EDGE_CURVE('',#742,#741,#340,.T.);
#898=EDGE_CURVE('',#743,#742,#341,.T.);
#899=EDGE_CURVE('',#744,#743,#342,.T.);
#900=EDGE_CURVE('',#745,#744,#343,.T.);
#901=EDGE_CURVE('',#746,#745,#289,.T.);
#902=EDGE_CURVE('',#747,#746,#344,.T.);
#903=EDGE_CURVE('',#748,#747,#345,.T.);
#904=EDGE_CURVE('',#749,#748,#346,.T.);
#905=EDGE_CURVE('',#750,#749,#290,.T.);
#906=EDGE_CURVE('',#751,#750,#347,.T.);
#907=EDGE_CURVE('',#752,#751,#348,.T.);
#908=EDGE_CURVE('',#753,#752,#349,.T.);
#909=EDGE_CURVE('',#754,#753,#291,.T.);
#910=EDGE_CURVE('',#755,#754,#350,.T.);
#911=EDGE_CURVE('',#756,#755,#351,.T.);
#912=EDGE_CURVE('',#757,#756,#352,.T.);
#913=EDGE_CURVE('',#758,#757,#292,.T.);
#914=EDGE_CURVE('',#759,#758,#353,.T.);
#915=EDGE_CURVE('',#760,#759,#354,.T.);
#916=EDGE_CURVE('',#761,#760,#355,.T.);
#917=EDGE_CURVE('',#762,#761,#356,.T.);
#918=EDGE_CURVE('',#763,#762,#293,.T.);
#919=EDGE_CURVE('',#764,#763,#357,.T.);
#920=EDGE_CURVE('',#765,#764,#358,.T.);
#921=EDGE_CURVE('',#766,#765,#359,.T.);
#922=EDGE_CURVE('',#767,#766,#294,.T.);
#923=EDGE_CURVE('',#768,#767,#360,.T.);
#924=EDGE_CURVE('',#769,#768,#361,.T.);
#925=EDGE_CURVE('',#770,#769,#362,.T.);
#926=EDGE_CURVE('',#771,#770,#295,.T.);
#927=EDGE_CURVE('',#772,#771,#363,.T.);
#928=EDGE_CURVE('',#773,#772,#364,.T.);
#929=EDGE_CURVE('',#774,#773,#365,.T.);
#930=EDGE_CURVE('',#775,#774,#296,.T.);
#931=EDGE_CURVE('',#776,#775,#366,.T.);
#932=EDGE_CURVE('',#777,#776,#367,.T.);
#933=EDGE_CURVE('',#778,#777,#368,.T.);
#934=EDGE_CURVE('',#779,#778,#369,.T.);
#935=EDGE_CURVE('',#713,#779,#297,.T.);
#936=EDGE_CURVE('',#780,#781,#370,.T.);
#937=EDGE_CURVE('',#782,#780,#371,.T.);
#938=EDGE_CURVE('',#783,#782,#372,.T.);
#939=EDGE_CURVE('',#784,#783,#373,.T.);
#940=EDGE_CURVE('',#781,#784,#374,.T.);
#941=EDGE_CURVE('',#785,#786,#375,.T.);
#942=EDGE_CURVE('',#785,#756,#376,.T.);
#943=EDGE_CURVE('',#787,#755,#377,.T.);
#944=EDGE_CURVE('',#788,#787,#378,.T.);
#945=EDGE_CURVE('',#788,#752,#379,.T.);
#946=EDGE_CURVE('',#789,#751,#380,.T.);
#947=EDGE_CURVE('',#790,#789,#381,.T.);
#948=EDGE_CURVE('',#790,#748,#382,.T.);
#949=EDGE_CURVE('',#791,#747,#383,.T.);
#950=EDGE_CURVE('',#792,#791,#384,.T.);
#951=EDGE_CURVE('',#792,#744,#385,.T.);
#952=EDGE_CURVE('',#793,#743,#386,.T.);
#953=EDGE_CURVE('',#794,#793,#387,.T.);
#954=EDGE_CURVE('',#794,#760,#388,.T.);
#955=EDGE_CURVE('',#786,#759,#389,.T.);
#956=EDGE_CURVE('',#795,#796,#390,.T.);
#957=EDGE_CURVE('',#795,#739,#391,.T.);
#958=EDGE_CURVE('',#797,#738,#392,.T.);
#959=EDGE_CURVE('',#798,#797,#393,.T.);
#960=EDGE_CURVE('',#798,#735,#394,.T.);
#961=EDGE_CURVE('',#799,#734,#395,.T.);
#962=EDGE_CURVE('',#800,#799,#396,.T.);
#963=EDGE_CURVE('',#800,#731,#397,.T.);
#964=EDGE_CURVE('',#801,#730,#398,.T.);
#965=EDGE_CURVE('',#802,#801,#399,.T.);
#966=EDGE_CURVE('',#802,#727,#400,.T.);
#967=EDGE_CURVE('',#803,#726,#401,.T.);
#968=EDGE_CURVE('',#793,#803,#402,.T.);
#969=EDGE_CURVE('',#796,#742,#403,.T.);
#970=EDGE_CURVE('',#804,#805,#404,.T.);
#971=EDGE_CURVE('',#804,#778,#405,.T.);
#972=EDGE_CURVE('',#806,#777,#406,.T.);
#973=EDGE_CURVE('',#803,#806,#407,.T.);
#974=EDGE_CURVE('',#807,#725,#408,.T.);
#975=EDGE_CURVE('',#808,#807,#409,.T.);
#976=EDGE_CURVE('',#808,#722,#410,.T.);
#977=EDGE_CURVE('',#809,#721,#411,.T.);
#978=EDGE_CURVE('',#810,#809,#412,.T.);
#979=EDGE_CURVE('',#810,#718,#413,.T.);
#980=EDGE_CURVE('',#811,#717,#414,.T.);
#981=EDGE_CURVE('',#812,#811,#415,.T.);
#982=EDGE_CURVE('',#812,#714,#416,.T.);
#983=EDGE_CURVE('',#805,#712,#417,.T.);
#984=EDGE_CURVE('',#813,#814,#418,.T.);
#985=EDGE_CURVE('',#813,#773,#419,.T.);
#986=EDGE_CURVE('',#815,#772,#420,.T.);
#987=EDGE_CURVE('',#816,#815,#421,.T.);
#988=EDGE_CURVE('',#816,#769,#422,.T.);
#989=EDGE_CURVE('',#817,#768,#423,.T.);
#990=EDGE_CURVE('',#818,#817,#424,.T.);
#991=EDGE_CURVE('',#818,#765,#425,.T.);
#992=EDGE_CURVE('',#819,#764,#426,.T.);
#993=EDGE_CURVE('',#820,#819,#427,.T.);
#994=EDGE_CURVE('',#820,#761,#428,.T.);
#995=EDGE_CURVE('',#806,#794,#429,.T.);
#996=EDGE_CURVE('',#814,#776,#430,.T.);
#997=EDGE_CURVE('',#821,#821,#298,.T.);
#998=EDGE_CURVE('',#821,#822,#299,.T.);
#999=EDGE_CURVE('',#823,#781,#431,.T.);
#1000=EDGE_CURVE('',#824,#823,#432,.T.);
#1001=EDGE_CURVE('',#824,#780,#433,.T.);
#1002=EDGE_CURVE('',#825,#784,#434,.T.);
#1003=EDGE_CURVE('',#823,#825,#435,.T.);
#1004=EDGE_CURVE('',#826,#783,#436,.T.);
#1005=EDGE_CURVE('',#825,#826,#437,.T.);
#1006=EDGE_CURVE('',#827,#782,#438,.T.);
#1007=EDGE_CURVE('',#826,#827,#439,.T.);
#1008=EDGE_CURVE('',#827,#824,#440,.T.);
#1009=EDGE_CURVE('',#715,#828,#441,.T.);
#1010=EDGE_CURVE('',#828,#829,#300,.T.);
#1011=EDGE_CURVE('',#716,#829,#442,.T.);
#1012=EDGE_CURVE('',#812,#828,#443,.T.);
#1013=EDGE_CURVE('',#829,#811,#444,.T.);
#1014=EDGE_CURVE('',#723,#830,#445,.T.);
#1015=EDGE_CURVE('',#830,#831,#301,.T.);
#1016=EDGE_CURVE('',#724,#831,#446,.T.);
#1017=EDGE_CURVE('',#808,#830,#447,.T.);
#1018=EDGE_CURVE('',#831,#807,#448,.T.);
#1019=EDGE_CURVE('',#729,#832,#449,.T.);
#1020=EDGE_CURVE('',#832,#801,#450,.T.);
#1021=EDGE_CURVE('',#728,#833,#451,.T.);
#1022=EDGE_CURVE('',#833,#832,#302,.T.);
#1023=EDGE_CURVE('',#802,#833,#452,.T.);
#1024=EDGE_CURVE('',#733,#834,#453,.T.);
#1025=EDGE_CURVE('',#834,#799,#454,.T.);
#1026=EDGE_CURVE('',#732,#835,#455,.T.);
#1027=EDGE_CURVE('',#835,#834,#303,.T.);
#1028=EDGE_CURVE('',#800,#835,#456,.T.);
#1029=EDGE_CURVE('',#737,#836,#457,.T.);
#1030=EDGE_CURVE('',#836,#797,#458,.T.);
#1031=EDGE_CURVE('',#736,#837,#459,.T.);
#1032=EDGE_CURVE('',#837,#836,#304,.T.);
#1033=EDGE_CURVE('',#798,#837,#460,.T.);
#1034=EDGE_CURVE('',#741,#838,#461,.T.);
#1035=EDGE_CURVE('',#838,#796,#462,.T.);
#1036=EDGE_CURVE('',#740,#839,#463,.T.);
#1037=EDGE_CURVE('',#839,#838,#305,.T.);
#1038=EDGE_CURVE('',#795,#839,#464,.T.);
#1039=EDGE_CURVE('',#754,#840,#465,.T.);
#1040=EDGE_CURVE('',#840,#787,#466,.T.);
#1041=EDGE_CURVE('',#753,#841,#467,.T.);
#1042=EDGE_CURVE('',#841,#840,#306,.T.);
#1043=EDGE_CURVE('',#788,#841,#468,.T.);
#1044=EDGE_CURVE('',#746,#842,#469,.T.);
#1045=EDGE_CURVE('',#842,#791,#470,.T.);
#1046=EDGE_CURVE('',#745,#843,#471,.T.);
#1047=EDGE_CURVE('',#843,#842,#307,.T.);
#1048=EDGE_CURVE('',#792,#843,#472,.T.);
#1049=EDGE_CURVE('',#750,#844,#473,.T.);
#1050=EDGE_CURVE('',#844,#789,#474,.T.);
#1051=EDGE_CURVE('',#749,#845,#475,.T.);
#1052=EDGE_CURVE('',#845,#844,#308,.T.);
#1053=EDGE_CURVE('',#790,#845,#476,.T.);
#1054=EDGE_CURVE('',#758,#846,#477,.T.);
#1055=EDGE_CURVE('',#846,#786,#478,.T.);
#1056=EDGE_CURVE('',#757,#847,#479,.T.);
#1057=EDGE_CURVE('',#847,#846,#309,.T.);
#1058=EDGE_CURVE('',#785,#847,#480,.T.);
#1059=EDGE_CURVE('',#820,#848,#481,.T.);
#1060=EDGE_CURVE('',#762,#848,#482,.T.);
#1061=EDGE_CURVE('',#763,#849,#483,.T.);
#1062=EDGE_CURVE('',#849,#819,#484,.T.);
#1063=EDGE_CURVE('',#848,#849,#310,.T.);
#1064=EDGE_CURVE('',#818,#850,#485,.T.);
#1065=EDGE_CURVE('',#766,#850,#486,.T.);
#1066=EDGE_CURVE('',#767,#851,#487,.T.);
#1067=EDGE_CURVE('',#851,#817,#488,.T.);
#1068=EDGE_CURVE('',#850,#851,#311,.T.);
#1069=EDGE_CURVE('',#816,#852,#489,.T.);
#1070=EDGE_CURVE('',#770,#852,#490,.T.);
#1071=EDGE_CURVE('',#771,#853,#491,.T.);
#1072=EDGE_CURVE('',#853,#815,#492,.T.);
#1073=EDGE_CURVE('',#852,#853,#312,.T.);
#1074=EDGE_CURVE('',#813,#854,#493,.T.);
#1075=EDGE_CURVE('',#774,#854,#494,.T.);
#1076=EDGE_CURVE('',#775,#855,#495,.T.);
#1077=EDGE_CURVE('',#855,#814,#496,.T.);
#1078=EDGE_CURVE('',#854,#855,#313,.T.);
#1079=EDGE_CURVE('',#719,#856,#497,.T.);
#1080=EDGE_CURVE('',#856,#857,#314,.T.);
#1081=EDGE_CURVE('',#720,#857,#498,.T.);
#1082=EDGE_CURVE('',#810,#856,#499,.T.);
#1083=EDGE_CURVE('',#857,#809,#500,.T.);
#1084=EDGE_CURVE('',#779,#858,#501,.T.);
#1085=EDGE_CURVE('',#858,#859,#315,.T.);
#1086=EDGE_CURVE('',#713,#859,#502,.T.);
#1087=EDGE_CURVE('',#804,#858,#503,.T.);
#1088=EDGE_CURVE('',#859,#805,#504,.T.);
#1089=EDGE_CURVE('',#860,#861,#505,.T.);
#1090=EDGE_CURVE('',#862,#861,#506,.T.);
#1091=EDGE_CURVE('',#863,#862,#507,.T.);
#1092=EDGE_CURVE('',#863,#860,#508,.T.);
#1093=EDGE_CURVE('',#861,#864,#316,.T.);
#1094=EDGE_CURVE('',#865,#864,#509,.T.);
#1095=EDGE_CURVE('',#862,#865,#317,.T.);
#1096=EDGE_CURVE('',#864,#866,#510,.T.);
#1097=EDGE_CURVE('',#867,#866,#511,.T.);
#1098=EDGE_CURVE('',#865,#867,#512,.T.);
#1099=EDGE_CURVE('',#866,#860,#513,.T.);
#1100=EDGE_CURVE('',#867,#863,#514,.T.);
#1101=ORIENTED_EDGE('',*,*,#868,.F.);
#1102=ORIENTED_EDGE('',*,*,#869,.F.);
#1103=ORIENTED_EDGE('',*,*,#870,.F.);
#1104=ORIENTED_EDGE('',*,*,#871,.F.);
#1105=ORIENTED_EDGE('',*,*,#872,.F.);
#1106=ORIENTED_EDGE('',*,*,#873,.F.);
#1107=ORIENTED_EDGE('',*,*,#874,.F.);
#1108=ORIENTED_EDGE('',*,*,#875,.F.);
#1109=ORIENTED_EDGE('',*,*,#876,.F.);
#1110=ORIENTED_EDGE('',*,*,#877,.F.);
#1111=ORIENTED_EDGE('',*,*,#878,.F.);
#1112=ORIENTED_EDGE('',*,*,#879,.F.);
#1113=ORIENTED_EDGE('',*,*,#880,.F.);
#1114=ORIENTED_EDGE('',*,*,#881,.F.);
#1115=ORIENTED_EDGE('',*,*,#882,.F.);
#1116=ORIENTED_EDGE('',*,*,#883,.F.);
#1117=ORIENTED_EDGE('',*,*,#884,.F.);
#1118=ORIENTED_EDGE('',*,*,#885,.F.);
#1119=ORIENTED_EDGE('',*,*,#886,.F.);
#1120=ORIENTED_EDGE('',*,*,#887,.F.);
#1121=ORIENTED_EDGE('',*,*,#888,.F.);
#1122=ORIENTED_EDGE('',*,*,#889,.F.);
#1123=ORIENTED_EDGE('',*,*,#890,.F.);
#1124=ORIENTED_EDGE('',*,*,#891,.F.);
#1125=ORIENTED_EDGE('',*,*,#892,.F.);
#1126=ORIENTED_EDGE('',*,*,#893,.F.);
#1127=ORIENTED_EDGE('',*,*,#894,.F.);
#1128=ORIENTED_EDGE('',*,*,#895,.F.);
#1129=ORIENTED_EDGE('',*,*,#896,.F.);
#1130=ORIENTED_EDGE('',*,*,#897,.F.);
#1131=ORIENTED_EDGE('',*,*,#898,.F.);
#1132=ORIENTED_EDGE('',*,*,#899,.F.);
#1133=ORIENTED_EDGE('',*,*,#900,.F.);
#1134=ORIENTED_EDGE('',*,*,#901,.F.);
#1135=ORIENTED_EDGE('',*,*,#902,.F.);
#1136=ORIENTED_EDGE('',*,*,#903,.F.);
#1137=ORIENTED_EDGE('',*,*,#904,.F.);
#1138=ORIENTED_EDGE('',*,*,#905,.F.);
#1139=ORIENTED_EDGE('',*,*,#906,.F.);
#1140=ORIENTED_EDGE('',*,*,#907,.F.);
#1141=ORIENTED_EDGE('',*,*,#908,.F.);
#1142=ORIENTED_EDGE('',*,*,#909,.F.);
#1143=ORIENTED_EDGE('',*,*,#910,.F.);
#1144=ORIENTED_EDGE('',*,*,#911,.F.);
#1145=ORIENTED_EDGE('',*,*,#912,.F.);
#1146=ORIENTED_EDGE('',*,*,#913,.F.);
#1147=ORIENTED_EDGE('',*,*,#914,.F.);
#1148=ORIENTED_EDGE('',*,*,#915,.F.);
#1149=ORIENTED_EDGE('',*,*,#916,.F.);
#1150=ORIENTED_EDGE('',*,*,#917,.F.);
#1151=ORIENTED_EDGE('',*,*,#918,.F.);
#1152=ORIENTED_EDGE('',*,*,#919,.F.);
#1153=ORIENTED_EDGE('',*,*,#920,.F.);
#1154=ORIENTED_EDGE('',*,*,#921,.F.);
#1155=ORIENTED_EDGE('',*,*,#922,.F.);
#1156=ORIENTED_EDGE('',*,*,#923,.F.);
#1157=ORIENTED_EDGE('',*,*,#924,.F.);
#1158=ORIENTED_EDGE('',*,*,#925,.F.);
#1159=ORIENTED_EDGE('',*,*,#926,.F.);
#1160=ORIENTED_EDGE('',*,*,#927,.F.);
#1161=ORIENTED_EDGE('',*,*,#928,.F.);
#1162=ORIENTED_EDGE('',*,*,#929,.F.);
#1163=ORIENTED_EDGE('',*,*,#930,.F.);
#1164=ORIENTED_EDGE('',*,*,#931,.F.);
#1165=ORIENTED_EDGE('',*,*,#932,.F.);
#1166=ORIENTED_EDGE('',*,*,#933,.F.);
#1167=ORIENTED_EDGE('',*,*,#934,.F.);
#1168=ORIENTED_EDGE('',*,*,#935,.F.);
#1169=ORIENTED_EDGE('',*,*,#936,.F.);
#1170=ORIENTED_EDGE('',*,*,#937,.F.);
#1171=ORIENTED_EDGE('',*,*,#938,.F.);
#1172=ORIENTED_EDGE('',*,*,#939,.F.);
#1173=ORIENTED_EDGE('',*,*,#940,.F.);
#1174=ORIENTED_EDGE('',*,*,#941,.F.);
#1175=ORIENTED_EDGE('',*,*,#942,.T.);
#1176=ORIENTED_EDGE('',*,*,#911,.T.);
#1177=ORIENTED_EDGE('',*,*,#943,.F.);
#1178=ORIENTED_EDGE('',*,*,#944,.F.);
#1179=ORIENTED_EDGE('',*,*,#945,.T.);
#1180=ORIENTED_EDGE('',*,*,#907,.T.);
#1181=ORIENTED_EDGE('',*,*,#946,.F.);
#1182=ORIENTED_EDGE('',*,*,#947,.F.);
#1183=ORIENTED_EDGE('',*,*,#948,.T.);
#1184=ORIENTED_EDGE('',*,*,#903,.T.);
#1185=ORIENTED_EDGE('',*,*,#949,.F.);
#1186=ORIENTED_EDGE('',*,*,#950,.F.);
#1187=ORIENTED_EDGE('',*,*,#951,.T.);
#1188=ORIENTED_EDGE('',*,*,#899,.T.);
#1189=ORIENTED_EDGE('',*,*,#952,.F.);
#1190=ORIENTED_EDGE('',*,*,#953,.F.);
#1191=ORIENTED_EDGE('',*,*,#954,.T.);
#1192=ORIENTED_EDGE('',*,*,#915,.T.);
#1193=ORIENTED_EDGE('',*,*,#955,.F.);
#1194=ORIENTED_EDGE('',*,*,#956,.F.);
#1195=ORIENTED_EDGE('',*,*,#957,.T.);
#1196=ORIENTED_EDGE('',*,*,#894,.T.);
#1197=ORIENTED_EDGE('',*,*,#958,.F.);
#1198=ORIENTED_EDGE('',*,*,#959,.F.);
#1199=ORIENTED_EDGE('',*,*,#960,.T.);
#1200=ORIENTED_EDGE('',*,*,#890,.T.);
#1201=ORIENTED_EDGE('',*,*,#961,.F.);
#1202=ORIENTED_EDGE('',*,*,#962,.F.);
#1203=ORIENTED_EDGE('',*,*,#963,.T.);
#1204=ORIENTED_EDGE('',*,*,#886,.T.);
#1205=ORIENTED_EDGE('',*,*,#964,.F.);
#1206=ORIENTED_EDGE('',*,*,#965,.F.);
#1207=ORIENTED_EDGE('',*,*,#966,.T.);
#1208=ORIENTED_EDGE('',*,*,#882,.T.);
#1209=ORIENTED_EDGE('',*,*,#967,.F.);
#1210=ORIENTED_EDGE('',*,*,#968,.F.);
#1211=ORIENTED_EDGE('',*,*,#952,.T.);
#1212=ORIENTED_EDGE('',*,*,#898,.T.);
#1213=ORIENTED_EDGE('',*,*,#969,.F.);
#1214=ORIENTED_EDGE('',*,*,#970,.F.);
#1215=ORIENTED_EDGE('',*,*,#971,.T.);
#1216=ORIENTED_EDGE('',*,*,#933,.T.);
#1217=ORIENTED_EDGE('',*,*,#972,.F.);
#1218=ORIENTED_EDGE('',*,*,#973,.F.);
#1219=ORIENTED_EDGE('',*,*,#967,.T.);
#1220=ORIENTED_EDGE('',*,*,#881,.T.);
#1221=ORIENTED_EDGE('',*,*,#974,.F.);
#1222=ORIENTED_EDGE('',*,*,#975,.F.);
#1223=ORIENTED_EDGE('',*,*,#976,.T.);
#1224=ORIENTED_EDGE('',*,*,#877,.T.);
#1225=ORIENTED_EDGE('',*,*,#977,.F.);
#1226=ORIENTED_EDGE('',*,*,#978,.F.);
#1227=ORIENTED_EDGE('',*,*,#979,.T.);
#1228=ORIENTED_EDGE('',*,*,#873,.T.);
#1229=ORIENTED_EDGE('',*,*,#980,.F.);
#1230=ORIENTED_EDGE('',*,*,#981,.F.);
#1231=ORIENTED_EDGE('',*,*,#982,.T.);
#1232=ORIENTED_EDGE('',*,*,#869,.T.);
#1233=ORIENTED_EDGE('',*,*,#983,.F.);
#1234=ORIENTED_EDGE('',*,*,#984,.F.);
#1235=ORIENTED_EDGE('',*,*,#985,.T.);
#1236=ORIENTED_EDGE('',*,*,#928,.T.);
#1237=ORIENTED_EDGE('',*,*,#986,.F.);
#1238=ORIENTED_EDGE('',*,*,#987,.F.);
#1239=ORIENTED_EDGE('',*,*,#988,.T.);
#1240=ORIENTED_EDGE('',*,*,#924,.T.);
#1241=ORIENTED_EDGE('',*,*,#989,.F.);
#1242=ORIENTED_EDGE('',*,*,#990,.F.);
#1243=ORIENTED_EDGE('',*,*,#991,.T.);
#1244=ORIENTED_EDGE('',*,*,#920,.T.);
#1245=ORIENTED_EDGE('',*,*,#992,.F.);
#1246=ORIENTED_EDGE('',*,*,#993,.F.);
#1247=ORIENTED_EDGE('',*,*,#994,.T.);
#1248=ORIENTED_EDGE('',*,*,#916,.T.);
#1249=ORIENTED_EDGE('',*,*,#954,.F.);
#1250=ORIENTED_EDGE('',*,*,#995,.F.);
#1251=ORIENTED_EDGE('',*,*,#972,.T.);
#1252=ORIENTED_EDGE('',*,*,#932,.T.);
#1253=ORIENTED_EDGE('',*,*,#996,.F.);
#1254=ORIENTED_EDGE('',*,*,#953,.T.);
#1255=ORIENTED_EDGE('',*,*,#968,.T.);
#1256=ORIENTED_EDGE('',*,*,#973,.T.);
#1257=ORIENTED_EDGE('',*,*,#995,.T.);
#1258=ORIENTED_EDGE('',*,*,#997,.T.);
#1259=ORIENTED_EDGE('',*,*,#997,.F.);
#1260=ORIENTED_EDGE('',*,*,#998,.T.);
#1261=ORIENTED_EDGE('',*,*,#998,.F.);
#1262=ORIENTED_EDGE('',*,*,#936,.T.);
#1263=ORIENTED_EDGE('',*,*,#999,.F.);
#1264=ORIENTED_EDGE('',*,*,#1000,.F.);
#1265=ORIENTED_EDGE('',*,*,#1001,.T.);
#1266=ORIENTED_EDGE('',*,*,#940,.T.);
#1267=ORIENTED_EDGE('',*,*,#1002,.F.);
#1268=ORIENTED_EDGE('',*,*,#1003,.F.);
#1269=ORIENTED_EDGE('',*,*,#999,.T.);
#1270=ORIENTED_EDGE('',*,*,#939,.T.);
#1271=ORIENTED_EDGE('',*,*,#1004,.F.);
#1272=ORIENTED_EDGE('',*,*,#1005,.F.);
#1273=ORIENTED_EDGE('',*,*,#1002,.T.);
#1274=ORIENTED_EDGE('',*,*,#938,.T.);
#1275=ORIENTED_EDGE('',*,*,#1006,.F.);
#1276=ORIENTED_EDGE('',*,*,#1007,.F.);
#1277=ORIENTED_EDGE('',*,*,#1004,.T.);
#1278=ORIENTED_EDGE('',*,*,#937,.T.);
#1279=ORIENTED_EDGE('',*,*,#1001,.F.);
#1280=ORIENTED_EDGE('',*,*,#1008,.F.);
#1281=ORIENTED_EDGE('',*,*,#1006,.T.);
#1282=ORIENTED_EDGE('',*,*,#1000,.T.);
#1283=ORIENTED_EDGE('',*,*,#1003,.T.);
#1284=ORIENTED_EDGE('',*,*,#1005,.T.);
#1285=ORIENTED_EDGE('',*,*,#1007,.T.);
#1286=ORIENTED_EDGE('',*,*,#1008,.T.);
#1287=ORIENTED_EDGE('',*,*,#871,.T.);
#1288=ORIENTED_EDGE('',*,*,#1009,.T.);
#1289=ORIENTED_EDGE('',*,*,#1010,.T.);
#1290=ORIENTED_EDGE('',*,*,#1011,.F.);
#1291=ORIENTED_EDGE('',*,*,#870,.T.);
#1292=ORIENTED_EDGE('',*,*,#982,.F.);
#1293=ORIENTED_EDGE('',*,*,#1012,.T.);
#1294=ORIENTED_EDGE('',*,*,#1009,.F.);
#1295=ORIENTED_EDGE('',*,*,#872,.T.);
#1296=ORIENTED_EDGE('',*,*,#1011,.T.);
#1297=ORIENTED_EDGE('',*,*,#1013,.T.);
#1298=ORIENTED_EDGE('',*,*,#980,.T.);
#1299=ORIENTED_EDGE('',*,*,#1010,.F.);
#1300=ORIENTED_EDGE('',*,*,#1012,.F.);
#1301=ORIENTED_EDGE('',*,*,#981,.T.);
#1302=ORIENTED_EDGE('',*,*,#1013,.F.);
#1303=ORIENTED_EDGE('',*,*,#879,.T.);
#1304=ORIENTED_EDGE('',*,*,#1014,.T.);
#1305=ORIENTED_EDGE('',*,*,#1015,.T.);
#1306=ORIENTED_EDGE('',*,*,#1016,.F.);
#1307=ORIENTED_EDGE('',*,*,#878,.T.);
#1308=ORIENTED_EDGE('',*,*,#976,.F.);
#1309=ORIENTED_EDGE('',*,*,#1017,.T.);
#1310=ORIENTED_EDGE('',*,*,#1014,.F.);
#1311=ORIENTED_EDGE('',*,*,#880,.T.);
#1312=ORIENTED_EDGE('',*,*,#1016,.T.);
#1313=ORIENTED_EDGE('',*,*,#1018,.T.);
#1314=ORIENTED_EDGE('',*,*,#974,.T.);
#1315=ORIENTED_EDGE('',*,*,#1015,.F.);
#1316=ORIENTED_EDGE('',*,*,#1017,.F.);
#1317=ORIENTED_EDGE('',*,*,#975,.T.);
#1318=ORIENTED_EDGE('',*,*,#1018,.F.);
#1319=ORIENTED_EDGE('',*,*,#885,.T.);
#1320=ORIENTED_EDGE('',*,*,#1019,.T.);
#1321=ORIENTED_EDGE('',*,*,#1020,.T.);
#1322=ORIENTED_EDGE('',*,*,#964,.T.);
#1323=ORIENTED_EDGE('',*,*,#884,.T.);
#1324=ORIENTED_EDGE('',*,*,#1021,.T.);
#1325=ORIENTED_EDGE('',*,*,#1022,.T.);
#1326=ORIENTED_EDGE('',*,*,#1019,.F.);
#1327=ORIENTED_EDGE('',*,*,#883,.T.);
#1328=ORIENTED_EDGE('',*,*,#966,.F.);
#1329=ORIENTED_EDGE('',*,*,#1023,.T.);
#1330=ORIENTED_EDGE('',*,*,#1021,.F.);
#1331=ORIENTED_EDGE('',*,*,#1020,.F.);
#1332=ORIENTED_EDGE('',*,*,#1022,.F.);
#1333=ORIENTED_EDGE('',*,*,#1023,.F.);
#1334=ORIENTED_EDGE('',*,*,#965,.T.);
#1335=ORIENTED_EDGE('',*,*,#889,.T.);
#1336=ORIENTED_EDGE('',*,*,#1024,.T.);
#1337=ORIENTED_EDGE('',*,*,#1025,.T.);
#1338=ORIENTED_EDGE('',*,*,#961,.T.);
#1339=ORIENTED_EDGE('',*,*,#888,.T.);
#1340=ORIENTED_EDGE('',*,*,#1026,.T.);
#1341=ORIENTED_EDGE('',*,*,#1027,.T.);
#1342=ORIENTED_EDGE('',*,*,#1024,.F.);
#1343=ORIENTED_EDGE('',*,*,#887,.T.);
#1344=ORIENTED_EDGE('',*,*,#963,.F.);
#1345=ORIENTED_EDGE('',*,*,#1028,.T.);
#1346=ORIENTED_EDGE('',*,*,#1026,.F.);
#1347=ORIENTED_EDGE('',*,*,#1025,.F.);
#1348=ORIENTED_EDGE('',*,*,#1027,.F.);
#1349=ORIENTED_EDGE('',*,*,#1028,.F.);
#1350=ORIENTED_EDGE('',*,*,#962,.T.);
#1351=ORIENTED_EDGE('',*,*,#893,.T.);
#1352=ORIENTED_EDGE('',*,*,#1029,.T.);
#1353=ORIENTED_EDGE('',*,*,#1030,.T.);
#1354=ORIENTED_EDGE('',*,*,#958,.T.);
#1355=ORIENTED_EDGE('',*,*,#892,.T.);
#1356=ORIENTED_EDGE('',*,*,#1031,.T.);
#1357=ORIENTED_EDGE('',*,*,#1032,.T.);
#1358=ORIENTED_EDGE('',*,*,#1029,.F.);
#1359=ORIENTED_EDGE('',*,*,#891,.T.);
#1360=ORIENTED_EDGE('',*,*,#960,.F.);
#1361=ORIENTED_EDGE('',*,*,#1033,.T.);
#1362=ORIENTED_EDGE('',*,*,#1031,.F.);
#1363=ORIENTED_EDGE('',*,*,#1030,.F.);
#1364=ORIENTED_EDGE('',*,*,#1032,.F.);
#1365=ORIENTED_EDGE('',*,*,#1033,.F.);
#1366=ORIENTED_EDGE('',*,*,#959,.T.);
#1367=ORIENTED_EDGE('',*,*,#897,.T.);
#1368=ORIENTED_EDGE('',*,*,#1034,.T.);
#1369=ORIENTED_EDGE('',*,*,#1035,.T.);
#1370=ORIENTED_EDGE('',*,*,#969,.T.);
#1371=ORIENTED_EDGE('',*,*,#896,.T.);
#1372=ORIENTED_EDGE('',*,*,#1036,.T.);
#1373=ORIENTED_EDGE('',*,*,#1037,.T.);
#1374=ORIENTED_EDGE('',*,*,#1034,.F.);
#1375=ORIENTED_EDGE('',*,*,#895,.T.);
#1376=ORIENTED_EDGE('',*,*,#957,.F.);
#1377=ORIENTED_EDGE('',*,*,#1038,.T.);
#1378=ORIENTED_EDGE('',*,*,#1036,.F.);
#1379=ORIENTED_EDGE('',*,*,#1035,.F.);
#1380=ORIENTED_EDGE('',*,*,#1037,.F.);
#1381=ORIENTED_EDGE('',*,*,#1038,.F.);
#1382=ORIENTED_EDGE('',*,*,#956,.T.);
#1383=ORIENTED_EDGE('',*,*,#910,.T.);
#1384=ORIENTED_EDGE('',*,*,#1039,.T.);
#1385=ORIENTED_EDGE('',*,*,#1040,.T.);
#1386=ORIENTED_EDGE('',*,*,#943,.T.);
#1387=ORIENTED_EDGE('',*,*,#909,.T.);
#1388=ORIENTED_EDGE('',*,*,#1041,.T.);
#1389=ORIENTED_EDGE('',*,*,#1042,.T.);
#1390=ORIENTED_EDGE('',*,*,#1039,.F.);
#1391=ORIENTED_EDGE('',*,*,#908,.T.);
#1392=ORIENTED_EDGE('',*,*,#945,.F.);
#1393=ORIENTED_EDGE('',*,*,#1043,.T.);
#1394=ORIENTED_EDGE('',*,*,#1041,.F.);
#1395=ORIENTED_EDGE('',*,*,#944,.T.);
#1396=ORIENTED_EDGE('',*,*,#1040,.F.);
#1397=ORIENTED_EDGE('',*,*,#1042,.F.);
#1398=ORIENTED_EDGE('',*,*,#1043,.F.);
#1399=ORIENTED_EDGE('',*,*,#902,.T.);
#1400=ORIENTED_EDGE('',*,*,#1044,.T.);
#1401=ORIENTED_EDGE('',*,*,#1045,.T.);
#1402=ORIENTED_EDGE('',*,*,#949,.T.);
#1403=ORIENTED_EDGE('',*,*,#901,.T.);
#1404=ORIENTED_EDGE('',*,*,#1046,.T.);
#1405=ORIENTED_EDGE('',*,*,#1047,.T.);
#1406=ORIENTED_EDGE('',*,*,#1044,.F.);
#1407=ORIENTED_EDGE('',*,*,#900,.T.);
#1408=ORIENTED_EDGE('',*,*,#951,.F.);
#1409=ORIENTED_EDGE('',*,*,#1048,.T.);
#1410=ORIENTED_EDGE('',*,*,#1046,.F.);
#1411=ORIENTED_EDGE('',*,*,#950,.T.);
#1412=ORIENTED_EDGE('',*,*,#1045,.F.);
#1413=ORIENTED_EDGE('',*,*,#1047,.F.);
#1414=ORIENTED_EDGE('',*,*,#1048,.F.);
#1415=ORIENTED_EDGE('',*,*,#906,.T.);
#1416=ORIENTED_EDGE('',*,*,#1049,.T.);
#1417=ORIENTED_EDGE('',*,*,#1050,.T.);
#1418=ORIENTED_EDGE('',*,*,#946,.T.);
#1419=ORIENTED_EDGE('',*,*,#905,.T.);
#1420=ORIENTED_EDGE('',*,*,#1051,.T.);
#1421=ORIENTED_EDGE('',*,*,#1052,.T.);
#1422=ORIENTED_EDGE('',*,*,#1049,.F.);
#1423=ORIENTED_EDGE('',*,*,#904,.T.);
#1424=ORIENTED_EDGE('',*,*,#948,.F.);
#1425=ORIENTED_EDGE('',*,*,#1053,.T.);
#1426=ORIENTED_EDGE('',*,*,#1051,.F.);
#1427=ORIENTED_EDGE('',*,*,#947,.T.);
#1428=ORIENTED_EDGE('',*,*,#1050,.F.);
#1429=ORIENTED_EDGE('',*,*,#1052,.F.);
#1430=ORIENTED_EDGE('',*,*,#1053,.F.);
#1431=ORIENTED_EDGE('',*,*,#914,.T.);
#1432=ORIENTED_EDGE('',*,*,#1054,.T.);
#1433=ORIENTED_EDGE('',*,*,#1055,.T.);
#1434=ORIENTED_EDGE('',*,*,#955,.T.);
#1435=ORIENTED_EDGE('',*,*,#913,.T.);
#1436=ORIENTED_EDGE('',*,*,#1056,.T.);
#1437=ORIENTED_EDGE('',*,*,#1057,.T.);
#1438=ORIENTED_EDGE('',*,*,#1054,.F.);
#1439=ORIENTED_EDGE('',*,*,#912,.T.);
#1440=ORIENTED_EDGE('',*,*,#942,.F.);
#1441=ORIENTED_EDGE('',*,*,#1058,.T.);
#1442=ORIENTED_EDGE('',*,*,#1056,.F.);
#1443=ORIENTED_EDGE('',*,*,#941,.T.);
#1444=ORIENTED_EDGE('',*,*,#1055,.F.);
#1445=ORIENTED_EDGE('',*,*,#1057,.F.);
#1446=ORIENTED_EDGE('',*,*,#1058,.F.);
#1447=ORIENTED_EDGE('',*,*,#917,.T.);
#1448=ORIENTED_EDGE('',*,*,#994,.F.);
#1449=ORIENTED_EDGE('',*,*,#1059,.T.);
#1450=ORIENTED_EDGE('',*,*,#1060,.F.);
#1451=ORIENTED_EDGE('',*,*,#919,.T.);
#1452=ORIENTED_EDGE('',*,*,#1061,.T.);
#1453=ORIENTED_EDGE('',*,*,#1062,.T.);
#1454=ORIENTED_EDGE('',*,*,#992,.T.);
#1455=ORIENTED_EDGE('',*,*,#918,.T.);
#1456=ORIENTED_EDGE('',*,*,#1060,.T.);
#1457=ORIENTED_EDGE('',*,*,#1063,.T.);
#1458=ORIENTED_EDGE('',*,*,#1061,.F.);
#1459=ORIENTED_EDGE('',*,*,#1059,.F.);
#1460=ORIENTED_EDGE('',*,*,#993,.T.);
#1461=ORIENTED_EDGE('',*,*,#1062,.F.);
#1462=ORIENTED_EDGE('',*,*,#1063,.F.);
#1463=ORIENTED_EDGE('',*,*,#921,.T.);
#1464=ORIENTED_EDGE('',*,*,#991,.F.);
#1465=ORIENTED_EDGE('',*,*,#1064,.T.);
#1466=ORIENTED_EDGE('',*,*,#1065,.F.);
#1467=ORIENTED_EDGE('',*,*,#923,.T.);
#1468=ORIENTED_EDGE('',*,*,#1066,.T.);
#1469=ORIENTED_EDGE('',*,*,#1067,.T.);
#1470=ORIENTED_EDGE('',*,*,#989,.T.);
#1471=ORIENTED_EDGE('',*,*,#922,.T.);
#1472=ORIENTED_EDGE('',*,*,#1065,.T.);
#1473=ORIENTED_EDGE('',*,*,#1068,.T.);
#1474=ORIENTED_EDGE('',*,*,#1066,.F.);
#1475=ORIENTED_EDGE('',*,*,#1064,.F.);
#1476=ORIENTED_EDGE('',*,*,#990,.T.);
#1477=ORIENTED_EDGE('',*,*,#1067,.F.);
#1478=ORIENTED_EDGE('',*,*,#1068,.F.);
#1479=ORIENTED_EDGE('',*,*,#925,.T.);
#1480=ORIENTED_EDGE('',*,*,#988,.F.);
#1481=ORIENTED_EDGE('',*,*,#1069,.T.);
#1482=ORIENTED_EDGE('',*,*,#1070,.F.);
#1483=ORIENTED_EDGE('',*,*,#927,.T.);
#1484=ORIENTED_EDGE('',*,*,#1071,.T.);
#1485=ORIENTED_EDGE('',*,*,#1072,.T.);
#1486=ORIENTED_EDGE('',*,*,#986,.T.);
#1487=ORIENTED_EDGE('',*,*,#926,.T.);
#1488=ORIENTED_EDGE('',*,*,#1070,.T.);
#1489=ORIENTED_EDGE('',*,*,#1073,.T.);
#1490=ORIENTED_EDGE('',*,*,#1071,.F.);
#1491=ORIENTED_EDGE('',*,*,#1069,.F.);
#1492=ORIENTED_EDGE('',*,*,#987,.T.);
#1493=ORIENTED_EDGE('',*,*,#1072,.F.);
#1494=ORIENTED_EDGE('',*,*,#1073,.F.);
#1495=ORIENTED_EDGE('',*,*,#929,.T.);
#1496=ORIENTED_EDGE('',*,*,#985,.F.);
#1497=ORIENTED_EDGE('',*,*,#1074,.T.);
#1498=ORIENTED_EDGE('',*,*,#1075,.F.);
#1499=ORIENTED_EDGE('',*,*,#931,.T.);
#1500=ORIENTED_EDGE('',*,*,#1076,.T.);
#1501=ORIENTED_EDGE('',*,*,#1077,.T.);
#1502=ORIENTED_EDGE('',*,*,#996,.T.);
#1503=ORIENTED_EDGE('',*,*,#930,.T.);
#1504=ORIENTED_EDGE('',*,*,#1075,.T.);
#1505=ORIENTED_EDGE('',*,*,#1078,.T.);
#1506=ORIENTED_EDGE('',*,*,#1076,.F.);
#1507=ORIENTED_EDGE('',*,*,#1074,.F.);
#1508=ORIENTED_EDGE('',*,*,#984,.T.);
#1509=ORIENTED_EDGE('',*,*,#1077,.F.);
#1510=ORIENTED_EDGE('',*,*,#1078,.F.);
#1511=ORIENTED_EDGE('',*,*,#875,.T.);
#1512=ORIENTED_EDGE('',*,*,#1079,.T.);
#1513=ORIENTED_EDGE('',*,*,#1080,.T.);
#1514=ORIENTED_EDGE('',*,*,#1081,.F.);
#1515=ORIENTED_EDGE('',*,*,#874,.T.);
#1516=ORIENTED_EDGE('',*,*,#979,.F.);
#1517=ORIENTED_EDGE('',*,*,#1082,.T.);
#1518=ORIENTED_EDGE('',*,*,#1079,.F.);
#1519=ORIENTED_EDGE('',*,*,#876,.T.);
#1520=ORIENTED_EDGE('',*,*,#1081,.T.);
#1521=ORIENTED_EDGE('',*,*,#1083,.T.);
#1522=ORIENTED_EDGE('',*,*,#977,.T.);
#1523=ORIENTED_EDGE('',*,*,#1080,.F.);
#1524=ORIENTED_EDGE('',*,*,#1082,.F.);
#1525=ORIENTED_EDGE('',*,*,#978,.T.);
#1526=ORIENTED_EDGE('',*,*,#1083,.F.);
#1527=ORIENTED_EDGE('',*,*,#935,.T.);
#1528=ORIENTED_EDGE('',*,*,#1084,.T.);
#1529=ORIENTED_EDGE('',*,*,#1085,.T.);
#1530=ORIENTED_EDGE('',*,*,#1086,.F.);
#1531=ORIENTED_EDGE('',*,*,#934,.T.);
#1532=ORIENTED_EDGE('',*,*,#971,.F.);
#1533=ORIENTED_EDGE('',*,*,#1087,.T.);
#1534=ORIENTED_EDGE('',*,*,#1084,.F.);
#1535=ORIENTED_EDGE('',*,*,#868,.T.);
#1536=ORIENTED_EDGE('',*,*,#1086,.T.);
#1537=ORIENTED_EDGE('',*,*,#1088,.T.);
#1538=ORIENTED_EDGE('',*,*,#983,.T.);
#1539=ORIENTED_EDGE('',*,*,#1085,.F.);
#1540=ORIENTED_EDGE('',*,*,#1087,.F.);
#1541=ORIENTED_EDGE('',*,*,#970,.T.);
#1542=ORIENTED_EDGE('',*,*,#1088,.F.);
#1543=ORIENTED_EDGE('',*,*,#1089,.T.);
#1544=ORIENTED_EDGE('',*,*,#1090,.F.);
#1545=ORIENTED_EDGE('',*,*,#1091,.F.);
#1546=ORIENTED_EDGE('',*,*,#1092,.T.);
#1547=ORIENTED_EDGE('',*,*,#1093,.T.);
#1548=ORIENTED_EDGE('',*,*,#1094,.F.);
#1549=ORIENTED_EDGE('',*,*,#1095,.F.);
#1550=ORIENTED_EDGE('',*,*,#1090,.T.);
#1551=ORIENTED_EDGE('',*,*,#1096,.T.);
#1552=ORIENTED_EDGE('',*,*,#1097,.F.);
#1553=ORIENTED_EDGE('',*,*,#1098,.F.);
#1554=ORIENTED_EDGE('',*,*,#1094,.T.);
#1555=ORIENTED_EDGE('',*,*,#1099,.T.);
#1556=ORIENTED_EDGE('',*,*,#1092,.F.);
#1557=ORIENTED_EDGE('',*,*,#1100,.F.);
#1558=ORIENTED_EDGE('',*,*,#1097,.T.);
#1559=ORIENTED_EDGE('',*,*,#1091,.T.);
#1560=ORIENTED_EDGE('',*,*,#1095,.T.);
#1561=ORIENTED_EDGE('',*,*,#1098,.T.);
#1562=ORIENTED_EDGE('',*,*,#1100,.T.);
#1563=ORIENTED_EDGE('',*,*,#1089,.F.);
#1564=ORIENTED_EDGE('',*,*,#1099,.F.);
#1565=ORIENTED_EDGE('',*,*,#1096,.F.);
#1566=ORIENTED_EDGE('',*,*,#1093,.F.);
#1567=PLANE('',#1742);
#1568=PLANE('',#1759);
#1569=PLANE('',#1760);
#1570=PLANE('',#1761);
#1571=PLANE('',#1762);
#1572=PLANE('',#1763);
#1573=PLANE('',#1767);
#1574=PLANE('',#1768);
#1575=PLANE('',#1769);
#1576=PLANE('',#1770);
#1577=PLANE('',#1771);
#1578=PLANE('',#1772);
#1579=PLANE('',#1775);
#1580=PLANE('',#1776);
#1581=PLANE('',#1777);
#1582=PLANE('',#1780);
#1583=PLANE('',#1781);
#1584=PLANE('',#1782);
#1585=PLANE('',#1783);
#1586=PLANE('',#1786);
#1587=PLANE('',#1787);
#1588=PLANE('',#1788);
#1589=PLANE('',#1791);
#1590=PLANE('',#1792);
#1591=PLANE('',#1793);
#1592=PLANE('',#1796);
#1593=PLANE('',#1797);
#1594=PLANE('',#1798);
#1595=PLANE('',#1801);
#1596=PLANE('',#1802);
#1597=PLANE('',#1803);
#1598=PLANE('',#1806);
#1599=PLANE('',#1807);
#1600=PLANE('',#1808);
#1601=PLANE('',#1811);
#1602=PLANE('',#1812);
#1603=PLANE('',#1813);
#1604=PLANE('',#1816);
#1605=PLANE('',#1817);
#1606=PLANE('',#1818);
#1607=PLANE('',#1821);
#1608=PLANE('',#1822);
#1609=PLANE('',#1823);
#1610=PLANE('',#1824);
#1611=PLANE('',#1827);
#1612=PLANE('',#1828);
#1613=PLANE('',#1829);
#1614=PLANE('',#1832);
#1615=PLANE('',#1833);
#1616=PLANE('',#1834);
#1617=PLANE('',#1837);
#1618=PLANE('',#1838);
#1619=PLANE('',#1839);
#1620=PLANE('',#1842);
#1621=PLANE('',#1845);
#1622=PLANE('',#1846);
#1623=PLANE('',#1847);
#1624=PLANE('',#1850);
#1625=PLANE('',#1851);
#1626=PLANE('',#1852);
#1627=PLANE('',#1854);
#1628=PLANE('',#1858);
#1629=PLANE('',#1859);
#1630=PLANE('',#1860);
#1631=PLANE('',#1861);
#1632=ADVANCED_FACE('',(#114,#112),#1567,.F.);
#1633=ADVANCED_FACE('',(#115),#1568,.F.);
#1634=ADVANCED_FACE('',(#116),#1569,.F.);
#1635=ADVANCED_FACE('',(#117),#1570,.F.);
#1636=ADVANCED_FACE('',(#118),#1571,.F.);
#1637=ADVANCED_FACE('',(#119,#113),#1572,.T.);
#1638=ADVANCED_FACE('',(#120),#102,.F.);
#1639=ADVANCED_FACE('',(#121),#1573,.F.);
#1640=ADVANCED_FACE('',(#122),#1574,.F.);
#1641=ADVANCED_FACE('',(#123),#1575,.F.);
#1642=ADVANCED_FACE('',(#124),#1576,.F.);
#1643=ADVANCED_FACE('',(#125),#1577,.F.);
#1644=ADVANCED_FACE('',(#126),#1578,.T.);
#1645=ADVANCED_FACE('',(#127),#85,.F.);
#1646=ADVANCED_FACE('',(#128),#1579,.F.);
#1647=ADVANCED_FACE('',(#129),#1580,.F.);
#1648=ADVANCED_FACE('',(#130),#1581,.T.);
#1649=ADVANCED_FACE('',(#131),#86,.F.);
#1650=ADVANCED_FACE('',(#132),#1582,.F.);
#1651=ADVANCED_FACE('',(#133),#1583,.F.);
#1652=ADVANCED_FACE('',(#134),#1584,.T.);
#1653=ADVANCED_FACE('',(#135),#1585,.F.);
#1654=ADVANCED_FACE('',(#136),#87,.F.);
#1655=ADVANCED_FACE('',(#137),#1586,.F.);
#1656=ADVANCED_FACE('',(#138),#1587,.T.);
#1657=ADVANCED_FACE('',(#139),#1588,.F.);
#1658=ADVANCED_FACE('',(#140),#88,.F.);
#1659=ADVANCED_FACE('',(#141),#1589,.F.);
#1660=ADVANCED_FACE('',(#142),#1590,.T.);
#1661=ADVANCED_FACE('',(#143),#1591,.F.);
#1662=ADVANCED_FACE('',(#144),#89,.F.);
#1663=ADVANCED_FACE('',(#145),#1592,.F.);
#1664=ADVANCED_FACE('',(#146),#1593,.T.);
#1665=ADVANCED_FACE('',(#147),#1594,.F.);
#1666=ADVANCED_FACE('',(#148),#90,.F.);
#1667=ADVANCED_FACE('',(#149),#1595,.F.);
#1668=ADVANCED_FACE('',(#150),#1596,.T.);
#1669=ADVANCED_FACE('',(#151),#1597,.F.);
#1670=ADVANCED_FACE('',(#152),#91,.F.);
#1671=ADVANCED_FACE('',(#153),#1598,.F.);
#1672=ADVANCED_FACE('',(#154),#1599,.T.);
#1673=ADVANCED_FACE('',(#155),#1600,.F.);
#1674=ADVANCED_FACE('',(#156),#92,.F.);
#1675=ADVANCED_FACE('',(#157),#1601,.F.);
#1676=ADVANCED_FACE('',(#158),#1602,.T.);
#1677=ADVANCED_FACE('',(#159),#1603,.F.);
#1678=ADVANCED_FACE('',(#160),#93,.F.);
#1679=ADVANCED_FACE('',(#161),#1604,.F.);
#1680=ADVANCED_FACE('',(#162),#1605,.T.);
#1681=ADVANCED_FACE('',(#163),#1606,.F.);
#1682=ADVANCED_FACE('',(#164),#94,.F.);
#1683=ADVANCED_FACE('',(#165),#1607,.F.);
#1684=ADVANCED_FACE('',(#166),#1608,.T.);
#1685=ADVANCED_FACE('',(#167),#1609,.F.);
#1686=ADVANCED_FACE('',(#168),#1610,.F.);
#1687=ADVANCED_FACE('',(#169),#95,.F.);
#1688=ADVANCED_FACE('',(#170),#1611,.T.);
#1689=ADVANCED_FACE('',(#171),#1612,.F.);
#1690=ADVANCED_FACE('',(#172),#1613,.F.);
#1691=ADVANCED_FACE('',(#173),#96,.F.);
#1692=ADVANCED_FACE('',(#174),#1614,.T.);
#1693=ADVANCED_FACE('',(#175),#1615,.F.);
#1694=ADVANCED_FACE('',(#176),#1616,.F.);
#1695=ADVANCED_FACE('',(#177),#97,.F.);
#1696=ADVANCED_FACE('',(#178),#1617,.T.);
#1697=ADVANCED_FACE('',(#179),#1618,.F.);
#1698=ADVANCED_FACE('',(#180),#1619,.F.);
#1699=ADVANCED_FACE('',(#181),#98,.F.);
#1700=ADVANCED_FACE('',(#182),#1620,.T.);
#1701=ADVANCED_FACE('',(#183),#99,.F.);
#1702=ADVANCED_FACE('',(#184),#1621,.F.);
#1703=ADVANCED_FACE('',(#185),#1622,.F.);
#1704=ADVANCED_FACE('',(#186),#1623,.T.);
#1705=ADVANCED_FACE('',(#187),#100,.F.);
#1706=ADVANCED_FACE('',(#188),#1624,.F.);
#1707=ADVANCED_FACE('',(#189),#1625,.F.);
#1708=ADVANCED_FACE('',(#190),#1626,.T.);
#1709=ADVANCED_FACE('',(#191),#1627,.F.);
#1710=ADVANCED_FACE('',(#192),#101,.T.);
#1711=ADVANCED_FACE('',(#193),#1628,.F.);
#1712=ADVANCED_FACE('',(#194),#1629,.F.);
#1713=ADVANCED_FACE('',(#195),#1630,.T.);
#1714=ADVANCED_FACE('',(#196),#1631,.F.);
#1715=CLOSED_SHELL('',(#1632,#1633,#1634,#1635,#1636,#1637,#1638,#1639,
#1640,#1641,#1642,#1643,#1644,#1645,#1646,#1647,#1648,#1649,#1650,#1651,
#1652,#1653,#1654,#1655,#1656,#1657,#1658,#1659,#1660,#1661,#1662,#1663,
#1664,#1665,#1666,#1667,#1668,#1669,#1670,#1671,#1672,#1673,#1674,#1675,
#1676,#1677,#1678,#1679,#1680,#1681,#1682,#1683,#1684,#1685,#1686,#1687,
#1688,#1689,#1690,#1691,#1692,#1693,#1694,#1695,#1696,#1697,#1698,#1699,
#1700,#1701,#1702,#1703,#1704,#1705,#1706,#1707,#1708));
#1716=CLOSED_SHELL('',(#1709,#1710,#1711,#1712,#1713,#1714));
#1717=DERIVED_UNIT_ELEMENT(#1721,1.);
#1718=DERIVED_UNIT_ELEMENT(#2855,-3.);
#1719=DERIVED_UNIT_ELEMENT(#1721,1.);
#1720=DERIVED_UNIT_ELEMENT(#2855,-3.);
#1721=(
MASS_UNIT()
NAMED_UNIT(*)
SI_UNIT(.KILO.,.GRAM.)
);
#1722=DERIVED_UNIT((#1717,#1718));
#1723=DERIVED_UNIT((#1719,#1720));
#1724=MEASURE_REPRESENTATION_ITEM('density measure',
POSITIVE_RATIO_MEASURE(7850.),#1722);
#1725=MEASURE_REPRESENTATION_ITEM('density measure',
POSITIVE_RATIO_MEASURE(7850.),#1723);
#1726=PROPERTY_DEFINITION_REPRESENTATION(#1736,#1730);
#1727=PROPERTY_DEFINITION_REPRESENTATION(#1737,#1731);
#1728=PROPERTY_DEFINITION_REPRESENTATION(#1738,#1732);
#1729=PROPERTY_DEFINITION_REPRESENTATION(#1739,#1733);
#1730=REPRESENTATION('material name',(#1734),#2851);
#1731=REPRESENTATION('density',(#1724),#2851);
#1732=REPRESENTATION('material name',(#1735),#2852);
#1733=REPRESENTATION('density',(#1725),#2852);
#1734=DESCRIPTIVE_REPRESENTATION_ITEM('Acero','Acero');
#1735=DESCRIPTIVE_REPRESENTATION_ITEM('Acero','Acero');
#1736=PROPERTY_DEFINITION('material property','material name',#2886);
#1737=PROPERTY_DEFINITION('material property','density of part',#2886);
#1738=PROPERTY_DEFINITION('material property','material name',#2887);
#1739=PROPERTY_DEFINITION('material property','density of part',#2887);
#1740=AXIS2_PLACEMENT_3D('',#2354,#1879,#1880);
#1741=AXIS2_PLACEMENT_3D('',#2355,#1881,#1882);
#1742=AXIS2_PLACEMENT_3D('',#2356,#1883,#1884);
#1743=AXIS2_PLACEMENT_3D('',#2365,#1888,#1889);
#1744=AXIS2_PLACEMENT_3D('',#2373,#1893,#1894);
#1745=AXIS2_PLACEMENT_3D('',#2381,#1898,#1899);
#1746=AXIS2_PLACEMENT_3D('',#2391,#1904,#1905);
#1747=AXIS2_PLACEMENT_3D('',#2399,#1909,#1910);
#1748=AXIS2_PLACEMENT_3D('',#2407,#1914,#1915);
#1749=AXIS2_PLACEMENT_3D('',#2415,#1919,#1920);
#1750=AXIS2_PLACEMENT_3D('',#2425,#1925,#1926);
#1751=AXIS2_PLACEMENT_3D('',#2433,#1930,#1931);
#1752=AXIS2_PLACEMENT_3D('',#2441,#1935,#1936);
#1753=AXIS2_PLACEMENT_3D('',#2449,#1940,#1941);
#1754=AXIS2_PLACEMENT_3D('',#2459,#1946,#1947);
#1755=AXIS2_PLACEMENT_3D('',#2467,#1951,#1952);
#1756=AXIS2_PLACEMENT_3D('',#2475,#1956,#1957);
#1757=AXIS2_PLACEMENT_3D('',#2483,#1961,#1962);
#1758=AXIS2_PLACEMENT_3D('',#2492,#1967,#1968);
#1759=AXIS2_PLACEMENT_3D('',#2503,#1974,#1975);
#1760=AXIS2_PLACEMENT_3D('',#2529,#1991,#1992);
#1761=AXIS2_PLACEMENT_3D('',#2553,#2007,#2008);
#1762=AXIS2_PLACEMENT_3D('',#2577,#2023,#2024);
#1763=AXIS2_PLACEMENT_3D('',#2599,#2038,#2039);
#1764=AXIS2_PLACEMENT_3D('',#2601,#2040,#2041);
#1765=AXIS2_PLACEMENT_3D('',#2602,#2042,#2043);
#1766=AXIS2_PLACEMENT_3D('',#2604,#2044,#2045);
#1767=AXIS2_PLACEMENT_3D('',#2605,#2046,#2047);
#1768=AXIS2_PLACEMENT_3D('',#2611,#2051,#2052);
#1769=AXIS2_PLACEMENT_3D('',#2615,#2055,#2056);
#1770=AXIS2_PLACEMENT_3D('',#2619,#2059,#2060);
#1771=AXIS2_PLACEMENT_3D('',#2623,#2063,#2064);
#1772=AXIS2_PLACEMENT_3D('',#2625,#2066,#2067);
#1773=AXIS2_PLACEMENT_3D('',#2626,#2068,#2069);
#1774=AXIS2_PLACEMENT_3D('',#2630,#2071,#2072);
#1775=AXIS2_PLACEMENT_3D('',#2632,#2074,#2075);
#1776=AXIS2_PLACEMENT_3D('',#2634,#2077,#2078);
#1777=AXIS2_PLACEMENT_3D('',#2636,#2080,#2081);
#1778=AXIS2_PLACEMENT_3D('',#2637,#2082,#2083);
#1779=AXIS2_PLACEMENT_3D('',#2641,#2085,#2086);
#1780=AXIS2_PLACEMENT_3D('',#2643,#2088,#2089);
#1781=AXIS2_PLACEMENT_3D('',#2645,#2091,#2092);
#1782=AXIS2_PLACEMENT_3D('',#2647,#2094,#2095);
#1783=AXIS2_PLACEMENT_3D('',#2648,#2096,#2097);
#1784=AXIS2_PLACEMENT_3D('',#2652,#2100,#2101);
#1785=AXIS2_PLACEMENT_3D('',#2655,#2103,#2104);
#1786=AXIS2_PLACEMENT_3D('',#2656,#2105,#2106);
#1787=AXIS2_PLACEMENT_3D('',#2658,#2108,#2109);
#1788=AXIS2_PLACEMENT_3D('',#2659,#2110,#2111);
#1789=AXIS2_PLACEMENT_3D('',#2663,#2114,#2115);
#1790=AXIS2_PLACEMENT_3D('',#2666,#2117,#2118);
#1791=AXIS2_PLACEMENT_3D('',#2667,#2119,#2120);
#1792=AXIS2_PLACEMENT_3D('',#2669,#2122,#2123);
#1793=AXIS2_PLACEMENT_3D('',#2670,#2124,#2125);
#1794=AXIS2_PLACEMENT_3D('',#2674,#2128,#2129);
#1795=AXIS2_PLACEMENT_3D('',#2677,#2131,#2132);
#1796=AXIS2_PLACEMENT_3D('',#2678,#2133,#2134);
#1797=AXIS2_PLACEMENT_3D('',#2680,#2136,#2137);
#1798=AXIS2_PLACEMENT_3D('',#2681,#2138,#2139);
#1799=AXIS2_PLACEMENT_3D('',#2685,#2142,#2143);
#1800=AXIS2_PLACEMENT_3D('',#2688,#2145,#2146);
#1801=AXIS2_PLACEMENT_3D('',#2689,#2147,#2148);
#1802=AXIS2_PLACEMENT_3D('',#2691,#2150,#2151);
#1803=AXIS2_PLACEMENT_3D('',#2692,#2152,#2153);
#1804=AXIS2_PLACEMENT_3D('',#2696,#2156,#2157);
#1805=AXIS2_PLACEMENT_3D('',#2699,#2159,#2160);
#1806=AXIS2_PLACEMENT_3D('',#2700,#2161,#2162);
#1807=AXIS2_PLACEMENT_3D('',#2702,#2164,#2165);
#1808=AXIS2_PLACEMENT_3D('',#2703,#2166,#2167);
#1809=AXIS2_PLACEMENT_3D('',#2707,#2170,#2171);
#1810=AXIS2_PLACEMENT_3D('',#2710,#2173,#2174);
#1811=AXIS2_PLACEMENT_3D('',#2711,#2175,#2176);
#1812=AXIS2_PLACEMENT_3D('',#2713,#2178,#2179);
#1813=AXIS2_PLACEMENT_3D('',#2714,#2180,#2181);
#1814=AXIS2_PLACEMENT_3D('',#2718,#2184,#2185);
#1815=AXIS2_PLACEMENT_3D('',#2721,#2187,#2188);
#1816=AXIS2_PLACEMENT_3D('',#2722,#2189,#2190);
#1817=AXIS2_PLACEMENT_3D('',#2724,#2192,#2193);
#1818=AXIS2_PLACEMENT_3D('',#2725,#2194,#2195);
#1819=AXIS2_PLACEMENT_3D('',#2729,#2198,#2199);
#1820=AXIS2_PLACEMENT_3D('',#2732,#2201,#2202);
#1821=AXIS2_PLACEMENT_3D('',#2733,#2203,#2204);
#1822=AXIS2_PLACEMENT_3D('',#2735,#2206,#2207);
#1823=AXIS2_PLACEMENT_3D('',#2736,#2208,#2209);
#1824=AXIS2_PLACEMENT_3D('',#2740,#2212,#2213);
#1825=AXIS2_PLACEMENT_3D('',#2744,#2216,#2217);
#1826=AXIS2_PLACEMENT_3D('',#2745,#2218,#2219);
#1827=AXIS2_PLACEMENT_3D('',#2746,#2220,#2221);
#1828=AXIS2_PLACEMENT_3D('',#2747,#2222,#2223);
#1829=AXIS2_PLACEMENT_3D('',#2751,#2226,#2227);
#1830=AXIS2_PLACEMENT_3D('',#2755,#2230,#2231);
#1831=AXIS2_PLACEMENT_3D('',#2756,#2232,#2233);
#1832=AXIS2_PLACEMENT_3D('',#2757,#2234,#2235);
#1833=AXIS2_PLACEMENT_3D('',#2758,#2236,#2237);
#1834=AXIS2_PLACEMENT_3D('',#2762,#2240,#2241);
#1835=AXIS2_PLACEMENT_3D('',#2766,#2244,#2245);
#1836=AXIS2_PLACEMENT_3D('',#2767,#2246,#2247);
#1837=AXIS2_PLACEMENT_3D('',#2768,#2248,#2249);
#1838=AXIS2_PLACEMENT_3D('',#2769,#2250,#2251);
#1839=AXIS2_PLACEMENT_3D('',#2773,#2254,#2255);
#1840=AXIS2_PLACEMENT_3D('',#2777,#2258,#2259);
#1841=AXIS2_PLACEMENT_3D('',#2778,#2260,#2261);
#1842=AXIS2_PLACEMENT_3D('',#2779,#2262,#2263);
#1843=AXIS2_PLACEMENT_3D('',#2780,#2264,#2265);
#1844=AXIS2_PLACEMENT_3D('',#2784,#2267,#2268);
#1845=AXIS2_PLACEMENT_3D('',#2786,#2270,#2271);
#1846=AXIS2_PLACEMENT_3D('',#2788,#2273,#2274);
#1847=AXIS2_PLACEMENT_3D('',#2790,#2276,#2277);
#1848=AXIS2_PLACEMENT_3D('',#2791,#2278,#2279);
#1849=AXIS2_PLACEMENT_3D('',#2795,#2281,#2282);
#1850=AXIS2_PLACEMENT_3D('',#2797,#2284,#2285);
#1851=AXIS2_PLACEMENT_3D('',#2799,#2287,#2288);
#1852=AXIS2_PLACEMENT_3D('',#2801,#2290,#2291);
#1853=AXIS2_PLACEMENT_3D('',#2802,#2292,#2293);
#1854=AXIS2_PLACEMENT_3D('',#2803,#2294,#2295);
#1855=AXIS2_PLACEMENT_3D('',#2812,#2300,#2301);
#1856=AXIS2_PLACEMENT_3D('',#2814,#2302,#2303);
#1857=AXIS2_PLACEMENT_3D('',#2817,#2305,#2306);
#1858=AXIS2_PLACEMENT_3D('',#2818,#2307,#2308);
#1859=AXIS2_PLACEMENT_3D('',#2824,#2312,#2313);
#1860=AXIS2_PLACEMENT_3D('',#2827,#2316,#2317);
#1861=AXIS2_PLACEMENT_3D('',#2828,#2318,#2319);
#1862=AXIS2_PLACEMENT_3D('',#2829,#2320,#2321);
#1863=AXIS2_PLACEMENT_3D('',#2830,#2322,#2323);
#1864=AXIS2_PLACEMENT_3D('',#2831,#2324,#2325);
#1865=AXIS2_PLACEMENT_3D('',#2832,#2326,#2327);
#1866=AXIS2_PLACEMENT_3D('',#2833,#2328,#2329);
#1867=AXIS2_PLACEMENT_3D('',#2834,#2330,#2331);
#1868=AXIS2_PLACEMENT_3D('',#2835,#2332,#2333);
#1869=AXIS2_PLACEMENT_3D('',#2836,#2334,#2335);
#1870=AXIS2_PLACEMENT_3D('',#2837,#2336,#2337);
#1871=AXIS2_PLACEMENT_3D('',#2838,#2338,#2339);
#1872=AXIS2_PLACEMENT_3D('',#2839,#2340,#2341);
#1873=AXIS2_PLACEMENT_3D('',#2840,#2342,#2343);
#1874=AXIS2_PLACEMENT_3D('',#2841,#2344,#2345);
#1875=AXIS2_PLACEMENT_3D('',#2842,#2346,#2347);
#1876=AXIS2_PLACEMENT_3D('',#2843,#2348,#2349);
#1877=AXIS2_PLACEMENT_3D('',#2844,#2350,#2351);
#1878=AXIS2_PLACEMENT_3D('',#2845,#2352,#2353);
#1879=DIRECTION('axis',(0.,0.,1.));
#1880=DIRECTION('refdir',(1.,0.,0.));
#1881=DIRECTION('axis',(0.,0.,1.));
#1882=DIRECTION('refdir',(1.,0.,0.));
#1883=DIRECTION('center_axis',(0.,0.,1.));
#1884=DIRECTION('ref_axis',(1.,0.,0.));
#1885=DIRECTION('',(-1.,6.99485272571293E-16,0.));
#1886=DIRECTION('',(2.89120579329468E-16,1.,0.));
#1887=DIRECTION('',(1.,-3.49742636285646E-16,0.));
#1888=DIRECTION('center_axis',(0.,0.,-1.));
#1889=DIRECTION('ref_axis',(0.,1.,0.));
#1890=DIRECTION('',(-1.,3.93460465821352E-16,0.));
#1891=DIRECTION('',(2.89120579329468E-16,1.,0.));
#1892=DIRECTION('',(1.,-3.49742636285646E-16,0.));
#1893=DIRECTION('center_axis',(0.,0.,-1.));
#1894=DIRECTION('ref_axis',(0.,1.,0.));
#1895=DIRECTION('',(-1.,3.49742636285646E-16,0.));
#1896=DIRECTION('',(2.89120579329468E-16,1.,0.));
#1897=DIRECTION('',(1.,0.,0.));
#1898=DIRECTION('center_axis',(0.,0.,-1.));
#1899=DIRECTION('ref_axis',(0.,1.,0.));
#1900=DIRECTION('',(-1.,6.99485272571293E-16,0.));
#1901=DIRECTION('',(2.89120579329468E-16,1.,0.));
#1902=DIRECTION('',(1.,0.,0.));
#1903=DIRECTION('',(-3.49742636285646E-16,-1.,0.));
#1904=DIRECTION('center_axis',(0.,0.,-1.));
#1905=DIRECTION('ref_axis',(1.,0.,0.));
#1906=DIRECTION('',(3.49742636285646E-16,1.,0.));
#1907=DIRECTION('',(1.,0.,0.));
#1908=DIRECTION('',(-3.49742636285646E-16,-1.,0.));
#1909=DIRECTION('center_axis',(0.,0.,-1.));
#1910=DIRECTION('ref_axis',(1.,0.,0.));
#1911=DIRECTION('',(3.93460465821352E-16,1.,0.));
#1912=DIRECTION('',(1.,0.,0.));
#1913=DIRECTION('',(-3.49742636285646E-16,-1.,0.));
#1914=DIRECTION('center_axis',(0.,0.,-1.));
#1915=DIRECTION('ref_axis',(1.,0.,0.));
#1916=DIRECTION('',(3.49742636285646E-16,1.,0.));
#1917=DIRECTION('',(1.,0.,0.));
#1918=DIRECTION('',(-3.49742636285646E-16,-1.,0.));
#1919=DIRECTION('center_axis',(0.,0.,-1.));
#1920=DIRECTION('ref_axis',(1.,0.,0.));
#1921=DIRECTION('',(3.49742636285646E-16,1.,0.));
#1922=DIRECTION('',(1.,0.,0.));
#1923=DIRECTION('',(2.89120579329468E-16,-1.,0.));
#1924=DIRECTION('',(-1.,0.,0.));
#1925=DIRECTION('center_axis',(0.,0.,-1.));
#1926=DIRECTION('ref_axis',(0.,-1.,0.));
#1927=DIRECTION('',(1.,-6.99485272571293E-16,0.));
#1928=DIRECTION('',(2.89120579329468E-16,-1.,0.));
#1929=DIRECTION('',(-1.,3.49742636285647E-16,0.));
#1930=DIRECTION('center_axis',(0.,0.,-1.));
#1931=DIRECTION('ref_axis',(0.,-1.,0.));
#1932=DIRECTION('',(1.,-3.93460465821353E-16,0.));
#1933=DIRECTION('',(2.89120579329468E-16,-1.,0.));
#1934=DIRECTION('',(-1.,3.49742636285647E-16,0.));
#1935=DIRECTION('center_axis',(0.,0.,-1.));
#1936=DIRECTION('ref_axis',(0.,-1.,0.));
#1937=DIRECTION('',(1.,-3.49742636285647E-16,0.));
#1938=DIRECTION('',(2.89120579329468E-16,-1.,0.));
#1939=DIRECTION('',(-1.,0.,0.));
#1940=DIRECTION('center_axis',(0.,0.,-1.));
#1941=DIRECTION('ref_axis',(0.,-1.,0.));
#1942=DIRECTION('',(1.,-6.99485272571293E-16,0.));
#1943=DIRECTION('',(2.89120579329468E-16,-1.,0.));
#1944=DIRECTION('',(-1.,0.,0.));
#1945=DIRECTION('',(3.49742636285646E-16,1.,0.));
#1946=DIRECTION('center_axis',(0.,0.,-1.));
#1947=DIRECTION('ref_axis',(-1.,0.,0.));
#1948=DIRECTION('',(-3.49742636285646E-16,-1.,0.));
#1949=DIRECTION('',(-1.,0.,0.));
#1950=DIRECTION('',(3.49742636285646E-16,1.,0.));
#1951=DIRECTION('center_axis',(0.,0.,-1.));
#1952=DIRECTION('ref_axis',(-1.,0.,0.));
#1953=DIRECTION('',(-3.93460465821352E-16,-1.,0.));
#1954=DIRECTION('',(-1.,0.,0.));
#1955=DIRECTION('',(3.49742636285646E-16,1.,0.));
#1956=DIRECTION('center_axis',(0.,0.,-1.));
#1957=DIRECTION('ref_axis',(-1.,0.,0.));
#1958=DIRECTION('',(-3.49742636285646E-16,-1.,0.));
#1959=DIRECTION('',(-1.,0.,0.));
#1960=DIRECTION('',(3.49742636285646E-16,1.,0.));
#1961=DIRECTION('center_axis',(0.,0.,-1.));
#1962=DIRECTION('ref_axis',(-1.,0.,0.));
#1963=DIRECTION('',(-3.49742636285646E-16,-1.,0.));
#1964=DIRECTION('',(-1.,0.,0.));
#1965=DIRECTION('',(2.89120579329468E-16,1.,0.));
#1966=DIRECTION('',(1.,0.,0.));
#1967=DIRECTION('center_axis',(0.,0.,-1.));
#1968=DIRECTION('ref_axis',(0.,1.,0.));
#1969=DIRECTION('',(2.2431769085907E-16,1.,0.));
#1970=DIRECTION('',(-0.707106781186547,0.707106781186548,0.));
#1971=DIRECTION('',(-1.,1.4954512723938E-16,0.));
#1972=DIRECTION('',(-2.47817639425258E-16,-1.,0.));
#1973=DIRECTION('',(1.,0.,0.));
#1974=DIRECTION('center_axis',(1.,2.89120579329468E-16,0.));
#1975=DIRECTION('ref_axis',(-2.89120579329468E-16,1.,0.));
#1976=DIRECTION('',(0.,1.,0.));
#1977=DIRECTION('',(0.,0.,-1.));
#1978=DIRECTION('',(0.,0.,-1.));
#1979=DIRECTION('',(0.,1.,0.));
#1980=DIRECTION('',(0.,0.,-1.));
#1981=DIRECTION('',(0.,0.,-1.));
#1982=DIRECTION('',(0.,1.,0.));
#1983=DIRECTION('',(0.,0.,-1.));
#1984=DIRECTION('',(0.,0.,-1.));
#1985=DIRECTION('',(0.,1.,0.));
#1986=DIRECTION('',(0.,0.,-1.));
#1987=DIRECTION('',(0.,0.,-1.));
#1988=DIRECTION('',(2.89120579329468E-16,-1.,0.));
#1989=DIRECTION('',(0.,0.,-1.));
#1990=DIRECTION('',(0.,0.,-1.));
#1991=DIRECTION('center_axis',(0.,1.,0.));
#1992=DIRECTION('ref_axis',(0.,0.,1.));
#1993=DIRECTION('',(-1.,0.,0.));
#1994=DIRECTION('',(0.,0.,-1.));
#1995=DIRECTION('',(0.,0.,-1.));
#1996=DIRECTION('',(-1.,0.,0.));
#1997=DIRECTION('',(0.,0.,-1.));
#1998=DIRECTION('',(0.,0.,-1.));
#1999=DIRECTION('',(-1.,0.,0.));
#2000=DIRECTION('',(0.,0.,-1.));
#2001=DIRECTION('',(0.,0.,-1.));
#2002=DIRECTION('',(-1.,0.,0.));
#2003=DIRECTION('',(0.,0.,-1.));
#2004=DIRECTION('',(0.,0.,-1.));
#2005=DIRECTION('',(1.,0.,0.));
#2006=DIRECTION('',(0.,0.,-1.));
#2007=DIRECTION('center_axis',(-1.,2.89120579329468E-16,0.));
#2008=DIRECTION('ref_axis',(-2.89120579329468E-16,-1.,0.));
#2009=DIRECTION('',(0.,-1.,0.));
#2010=DIRECTION('',(0.,0.,-1.));
#2011=DIRECTION('',(0.,0.,-1.));
#2012=DIRECTION('',(2.89120579329468E-16,1.,0.));
#2013=DIRECTION('',(0.,0.,-1.));
#2014=DIRECTION('',(0.,-1.,0.));
#2015=DIRECTION('',(0.,0.,-1.));
#2016=DIRECTION('',(0.,0.,-1.));
#2017=DIRECTION('',(0.,-1.,0.));
#2018=DIRECTION('',(0.,0.,-1.));
#2019=DIRECTION('',(0.,0.,-1.));
#2020=DIRECTION('',(0.,-1.,0.));
#2021=DIRECTION('',(0.,0.,-1.));
#2022=DIRECTION('',(0.,0.,-1.));
#2023=DIRECTION('center_axis',(0.,-1.,0.));
#2024=DIRECTION('ref_axis',(0.,0.,-1.));
#2025=DIRECTION('',(1.,0.,0.));
#2026=DIRECTION('',(0.,0.,-1.));
#2027=DIRECTION('',(0.,0.,-1.));
#2028=DIRECTION('',(1.,0.,0.));
#2029=DIRECTION('',(0.,0.,-1.));
#2030=DIRECTION('',(0.,0.,-1.));
#2031=DIRECTION('',(1.,0.,0.));
#2032=DIRECTION('',(0.,0.,-1.));
#2033=DIRECTION('',(0.,0.,-1.));
#2034=DIRECTION('',(1.,0.,0.));
#2035=DIRECTION('',(0.,0.,-1.));
#2036=DIRECTION('',(-1.,0.,0.));
#2037=DIRECTION('',(0.,0.,-1.));
#2038=DIRECTION('center_axis',(0.,0.,1.));
#2039=DIRECTION('ref_axis',(1.,0.,0.));
#2040=DIRECTION('center_axis',(0.,0.,-1.));
#2041=DIRECTION('ref_axis',(-1.,0.,0.));
#2042=DIRECTION('center_axis',(0.,0.,-1.));
#2043=DIRECTION('ref_axis',(-1.,0.,0.));
#2044=DIRECTION('center_axis',(0.,1.,0.));
#2045=DIRECTION('ref_axis',(1.,0.,0.));
#2046=DIRECTION('center_axis',(1.,-2.2431769085907E-16,0.));
#2047=DIRECTION('ref_axis',(2.2431769085907E-16,1.,0.));
#2048=DIRECTION('',(0.,0.,1.));
#2049=DIRECTION('',(2.2431769085907E-16,1.,0.));
#2050=DIRECTION('',(0.,0.,1.));
#2051=DIRECTION('center_axis',(0.,-1.,0.));
#2052=DIRECTION('ref_axis',(0.,0.,-1.));
#2053=DIRECTION('',(0.,0.,1.));
#2054=DIRECTION('',(1.,0.,0.));
#2055=DIRECTION('center_axis',(-1.,2.47817639425258E-16,0.));
#2056=DIRECTION('ref_axis',(-2.47817639425258E-16,-1.,0.));
#2057=DIRECTION('',(0.,0.,1.));
#2058=DIRECTION('',(-2.47817639425258E-16,-1.,0.));
#2059=DIRECTION('center_axis',(1.4954512723938E-16,1.,0.));
#2060=DIRECTION('ref_axis',(-1.,1.4954512723938E-16,0.));
#2061=DIRECTION('',(0.,0.,1.));
#2062=DIRECTION('',(-1.,1.4954512723938E-16,0.));
#2063=DIRECTION('center_axis',(0.707106781186548,0.707106781186547,0.));
#2064=DIRECTION('ref_axis',(-0.707106781186547,0.707106781186548,0.));
#2065=DIRECTION('',(-0.707106781186547,0.707106781186548,0.));
#2066=DIRECTION('center_axis',(0.,0.,-1.));
#2067=DIRECTION('ref_axis',(-1.,0.,0.));
#2068=DIRECTION('center_axis',(0.,0.,-1.));
#2069=DIRECTION('ref_axis',(-1.,0.,0.));
#2070=DIRECTION('',(0.,0.,1.));
#2071=DIRECTION('center_axis',(0.,0.,1.));
#2072=DIRECTION('ref_axis',(0.,1.,0.));
#2073=DIRECTION('',(0.,0.,1.));
#2074=DIRECTION('center_axis',(3.49742636285646E-16,1.,0.));
#2075=DIRECTION('ref_axis',(-1.,3.49742636285646E-16,0.));
#2076=DIRECTION('',(-1.,3.49742636285646E-16,0.));
#2077=DIRECTION('center_axis',(-3.93460465821352E-16,-1.,0.));
#2078=DIRECTION('ref_axis',(1.,-3.93460465821352E-16,0.));
#2079=DIRECTION('',(1.,-3.93460465821352E-16,0.));
#2080=DIRECTION('center_axis',(0.,0.,-1.));
#2081=DIRECTION('ref_axis',(-1.,0.,0.));
#2082=DIRECTION('center_axis',(0.,0.,-1.));
#2083=DIRECTION('ref_axis',(-1.,0.,0.));
#2084=DIRECTION('',(0.,0.,1.));
#2085=DIRECTION('center_axis',(0.,0.,1.));
#2086=DIRECTION('ref_axis',(0.,1.,0.));
#2087=DIRECTION('',(0.,0.,1.));
#2088=DIRECTION('center_axis',(0.,1.,0.));
#2089=DIRECTION('ref_axis',(0.,0.,1.));
#2090=DIRECTION('',(-1.,0.,0.));
#2091=DIRECTION('center_axis',(-6.99485272571293E-16,-1.,0.));
#2092=DIRECTION('ref_axis',(1.,-6.99485272571293E-16,0.));
#2093=DIRECTION('',(1.,-6.99485272571293E-16,0.));
#2094=DIRECTION('center_axis',(0.,0.,-1.));
#2095=DIRECTION('ref_axis',(-1.,0.,0.));
#2096=DIRECTION('center_axis',(-1.,3.49742636285646E-16,0.));
#2097=DIRECTION('ref_axis',(-3.49742636285646E-16,-1.,0.));
#2098=DIRECTION('',(0.,0.,1.));
#2099=DIRECTION('',(-3.49742636285646E-16,-1.,0.));
#2100=DIRECTION('center_axis',(0.,0.,-1.));
#2101=DIRECTION('ref_axis',(-1.,0.,0.));
#2102=DIRECTION('',(0.,0.,1.));
#2103=DIRECTION('center_axis',(0.,0.,1.));
#2104=DIRECTION('ref_axis',(1.,0.,0.));
#2105=DIRECTION('center_axis',(1.,-3.49742636285646E-16,0.));
#2106=DIRECTION('ref_axis',(3.49742636285646E-16,1.,0.));
#2107=DIRECTION('',(3.49742636285646E-16,1.,0.));
#2108=DIRECTION('center_axis',(0.,0.,-1.));
#2109=DIRECTION('ref_axis',(-1.,0.,0.));
#2110=DIRECTION('center_axis',(-1.,3.93460465821352E-16,0.));
#2111=DIRECTION('ref_axis',(-3.93460465821352E-16,-1.,0.));
#2112=DIRECTION('',(0.,0.,1.));
#2113=DIRECTION('',(-3.93460465821352E-16,-1.,0.));
#2114=DIRECTION('center_axis',(0.,0.,-1.));
#2115=DIRECTION('ref_axis',(-1.,0.,0.));
#2116=DIRECTION('',(0.,0.,1.));
#2117=DIRECTION('center_axis',(0.,0.,1.));
#2118=DIRECTION('ref_axis',(1.,0.,0.));
#2119=DIRECTION('center_axis',(1.,-3.49742636285646E-16,0.));
#2120=DIRECTION('ref_axis',(3.49742636285646E-16,1.,0.));
#2121=DIRECTION('',(3.49742636285646E-16,1.,0.));
#2122=DIRECTION('center_axis',(0.,0.,-1.));
#2123=DIRECTION('ref_axis',(-1.,0.,0.));
#2124=DIRECTION('center_axis',(-1.,3.49742636285646E-16,0.));
#2125=DIRECTION('ref_axis',(-3.49742636285646E-16,-1.,0.));
#2126=DIRECTION('',(0.,0.,1.));
#2127=DIRECTION('',(-3.49742636285646E-16,-1.,0.));
#2128=DIRECTION('center_axis',(0.,0.,-1.));
#2129=DIRECTION('ref_axis',(-1.,0.,0.));
#2130=DIRECTION('',(0.,0.,1.));
#2131=DIRECTION('center_axis',(0.,0.,1.));
#2132=DIRECTION('ref_axis',(1.,0.,0.));
#2133=DIRECTION('center_axis',(1.,-3.49742636285646E-16,0.));
#2134=DIRECTION('ref_axis',(3.49742636285646E-16,1.,0.));
#2135=DIRECTION('',(3.49742636285646E-16,1.,0.));
#2136=DIRECTION('center_axis',(0.,0.,-1.));
#2137=DIRECTION('ref_axis',(-1.,0.,0.));
#2138=DIRECTION('center_axis',(-1.,3.49742636285646E-16,0.));
#2139=DIRECTION('ref_axis',(-3.49742636285646E-16,-1.,0.));
#2140=DIRECTION('',(0.,0.,1.));
#2141=DIRECTION('',(-3.49742636285646E-16,-1.,0.));
#2142=DIRECTION('center_axis',(0.,0.,-1.));
#2143=DIRECTION('ref_axis',(-1.,0.,0.));
#2144=DIRECTION('',(0.,0.,1.));
#2145=DIRECTION('center_axis',(0.,0.,1.));
#2146=DIRECTION('ref_axis',(1.,0.,0.));
#2147=DIRECTION('center_axis',(1.,-3.49742636285646E-16,0.));
#2148=DIRECTION('ref_axis',(3.49742636285646E-16,1.,0.));
#2149=DIRECTION('',(3.49742636285646E-16,1.,0.));
#2150=DIRECTION('center_axis',(0.,0.,-1.));
#2151=DIRECTION('ref_axis',(-1.,0.,0.));
#2152=DIRECTION('center_axis',(3.49742636285647E-16,1.,0.));
#2153=DIRECTION('ref_axis',(-1.,3.49742636285647E-16,0.));
#2154=DIRECTION('',(0.,0.,1.));
#2155=DIRECTION('',(-1.,3.49742636285647E-16,0.));
#2156=DIRECTION('center_axis',(0.,0.,-1.));
#2157=DIRECTION('ref_axis',(1.,1.22464679914735E-16,0.));
#2158=DIRECTION('',(0.,0.,1.));
#2159=DIRECTION('center_axis',(0.,0.,1.));
#2160=DIRECTION('ref_axis',(0.,-1.,0.));
#2161=DIRECTION('center_axis',(-3.49742636285647E-16,-1.,0.));
#2162=DIRECTION('ref_axis',(1.,-3.49742636285647E-16,0.));
#2163=DIRECTION('',(1.,-3.49742636285647E-16,0.));
#2164=DIRECTION('center_axis',(0.,0.,-1.));
#2165=DIRECTION('ref_axis',(-1.,0.,0.));
#2166=DIRECTION('center_axis',(6.99485272571293E-16,1.,0.));
#2167=DIRECTION('ref_axis',(-1.,6.99485272571293E-16,0.));
#2168=DIRECTION('',(0.,0.,1.));
#2169=DIRECTION('',(-1.,6.99485272571293E-16,0.));
#2170=DIRECTION('center_axis',(0.,0.,-1.));
#2171=DIRECTION('ref_axis',(1.,1.22464679914735E-16,0.));
#2172=DIRECTION('',(0.,0.,1.));
#2173=DIRECTION('center_axis',(0.,0.,1.));
#2174=DIRECTION('ref_axis',(0.,-1.,0.));
#2175=DIRECTION('center_axis',(0.,-1.,0.));
#2176=DIRECTION('ref_axis',(0.,0.,-1.));
#2177=DIRECTION('',(1.,0.,0.));
#2178=DIRECTION('center_axis',(0.,0.,-1.));
#2179=DIRECTION('ref_axis',(-1.,0.,0.));
#2180=DIRECTION('center_axis',(3.93460465821352E-16,1.,0.));
#2181=DIRECTION('ref_axis',(-1.,3.93460465821352E-16,0.));
#2182=DIRECTION('',(0.,0.,1.));
#2183=DIRECTION('',(-1.,3.93460465821353E-16,0.));
#2184=DIRECTION('center_axis',(0.,0.,-1.));
#2185=DIRECTION('ref_axis',(1.,1.22464679914735E-16,0.));
#2186=DIRECTION('',(0.,0.,1.));
#2187=DIRECTION('center_axis',(0.,0.,1.));
#2188=DIRECTION('ref_axis',(0.,-1.,0.));
#2189=DIRECTION('center_axis',(-3.49742636285647E-16,-1.,0.));
#2190=DIRECTION('ref_axis',(1.,-3.49742636285647E-16,0.));
#2191=DIRECTION('',(1.,-3.49742636285647E-16,0.));
#2192=DIRECTION('center_axis',(0.,0.,-1.));
#2193=DIRECTION('ref_axis',(-1.,0.,0.));
#2194=DIRECTION('center_axis',(6.99485272571293E-16,1.,0.));
#2195=DIRECTION('ref_axis',(-1.,6.99485272571293E-16,0.));
#2196=DIRECTION('',(0.,0.,1.));
#2197=DIRECTION('',(-1.,6.99485272571293E-16,0.));
#2198=DIRECTION('center_axis',(0.,0.,-1.));
#2199=DIRECTION('ref_axis',(1.,1.22464679914735E-16,0.));
#2200=DIRECTION('',(0.,0.,1.));
#2201=DIRECTION('center_axis',(0.,0.,1.));
#2202=DIRECTION('ref_axis',(0.,-1.,0.));
#2203=DIRECTION('center_axis',(0.,-1.,0.));
#2204=DIRECTION('ref_axis',(0.,0.,-1.));
#2205=DIRECTION('',(1.,0.,0.));
#2206=DIRECTION('center_axis',(0.,0.,-1.));
#2207=DIRECTION('ref_axis',(-1.,0.,0.));
#2208=DIRECTION('center_axis',(-1.,3.49742636285646E-16,0.));
#2209=DIRECTION('ref_axis',(-3.49742636285646E-16,-1.,0.));
#2210=DIRECTION('',(-3.49742636285646E-16,-1.,0.));
#2211=DIRECTION('',(0.,0.,1.));
#2212=DIRECTION('center_axis',(1.,-3.49742636285646E-16,0.));
#2213=DIRECTION('ref_axis',(3.49742636285646E-16,1.,0.));
#2214=DIRECTION('',(0.,0.,1.));
#2215=DIRECTION('',(3.49742636285646E-16,1.,0.));
#2216=DIRECTION('center_axis',(0.,0.,-1.));
#2217=DIRECTION('ref_axis',(-1.,0.,0.));
#2218=DIRECTION('center_axis',(0.,0.,1.));
#2219=DIRECTION('ref_axis',(-1.,0.,0.));
#2220=DIRECTION('center_axis',(0.,0.,-1.));
#2221=DIRECTION('ref_axis',(-1.,0.,0.));
#2222=DIRECTION('center_axis',(-1.,3.49742636285646E-16,0.));
#2223=DIRECTION('ref_axis',(-3.49742636285646E-16,-1.,0.));
#2224=DIRECTION('',(-3.49742636285646E-16,-1.,0.));
#2225=DIRECTION('',(0.,0.,1.));
#2226=DIRECTION('center_axis',(1.,-3.93460465821352E-16,0.));
#2227=DIRECTION('ref_axis',(3.93460465821352E-16,1.,0.));
#2228=DIRECTION('',(0.,0.,1.));
#2229=DIRECTION('',(3.93460465821352E-16,1.,0.));
#2230=DIRECTION('center_axis',(0.,0.,-1.));
#2231=DIRECTION('ref_axis',(-1.,0.,0.));
#2232=DIRECTION('center_axis',(0.,0.,1.));
#2233=DIRECTION('ref_axis',(-1.,0.,0.));
#2234=DIRECTION('center_axis',(0.,0.,-1.));
#2235=DIRECTION('ref_axis',(-1.,0.,0.));
#2236=DIRECTION('center_axis',(-1.,3.49742636285646E-16,0.));
#2237=DIRECTION('ref_axis',(-3.49742636285646E-16,-1.,0.));
#2238=DIRECTION('',(-3.49742636285646E-16,-1.,0.));
#2239=DIRECTION('',(0.,0.,1.));
#2240=DIRECTION('center_axis',(1.,-3.49742636285646E-16,0.));
#2241=DIRECTION('ref_axis',(3.49742636285646E-16,1.,0.));
#2242=DIRECTION('',(0.,0.,1.));
#2243=DIRECTION('',(3.49742636285646E-16,1.,0.));
#2244=DIRECTION('center_axis',(0.,0.,-1.));
#2245=DIRECTION('ref_axis',(-1.,0.,0.));
#2246=DIRECTION('center_axis',(0.,0.,1.));
#2247=DIRECTION('ref_axis',(-1.,0.,0.));
#2248=DIRECTION('center_axis',(0.,0.,-1.));
#2249=DIRECTION('ref_axis',(-1.,0.,0.));
#2250=DIRECTION('center_axis',(-1.,3.49742636285646E-16,0.));
#2251=DIRECTION('ref_axis',(-3.49742636285646E-16,-1.,0.));
#2252=DIRECTION('',(-3.49742636285646E-16,-1.,0.));
#2253=DIRECTION('',(0.,0.,1.));
#2254=DIRECTION('center_axis',(1.,-3.49742636285646E-16,0.));
#2255=DIRECTION('ref_axis',(3.49742636285646E-16,1.,0.));
#2256=DIRECTION('',(0.,0.,1.));
#2257=DIRECTION('',(3.49742636285646E-16,1.,0.));
#2258=DIRECTION('center_axis',(0.,0.,-1.));
#2259=DIRECTION('ref_axis',(-1.,0.,0.));
#2260=DIRECTION('center_axis',(0.,0.,1.));
#2261=DIRECTION('ref_axis',(-1.,0.,0.));
#2262=DIRECTION('center_axis',(0.,0.,-1.));
#2263=DIRECTION('ref_axis',(-1.,0.,0.));
#2264=DIRECTION('center_axis',(0.,0.,-1.));
#2265=DIRECTION('ref_axis',(-1.,0.,0.));
#2266=DIRECTION('',(0.,0.,1.));
#2267=DIRECTION('center_axis',(0.,0.,1.));
#2268=DIRECTION('ref_axis',(0.,1.,0.));
#2269=DIRECTION('',(0.,0.,1.));
#2270=DIRECTION('center_axis',(3.49742636285646E-16,1.,0.));
#2271=DIRECTION('ref_axis',(-1.,3.49742636285646E-16,0.));
#2272=DIRECTION('',(-1.,3.49742636285646E-16,0.));
#2273=DIRECTION('center_axis',(-3.49742636285646E-16,-1.,0.));
#2274=DIRECTION('ref_axis',(1.,-3.49742636285646E-16,0.));
#2275=DIRECTION('',(1.,-3.49742636285646E-16,0.));
#2276=DIRECTION('center_axis',(0.,0.,-1.));
#2277=DIRECTION('ref_axis',(-1.,0.,0.));
#2278=DIRECTION('center_axis',(0.,0.,-1.));
#2279=DIRECTION('ref_axis',(-1.,0.,0.));
#2280=DIRECTION('',(0.,0.,1.));
#2281=DIRECTION('center_axis',(0.,0.,1.));
#2282=DIRECTION('ref_axis',(0.,1.,0.));
#2283=DIRECTION('',(0.,0.,1.));
#2284=DIRECTION('center_axis',(0.,1.,0.));
#2285=DIRECTION('ref_axis',(0.,0.,1.));
#2286=DIRECTION('',(-1.,0.,0.));
#2287=DIRECTION('center_axis',(-6.99485272571293E-16,-1.,0.));
#2288=DIRECTION('ref_axis',(1.,-6.99485272571293E-16,0.));
#2289=DIRECTION('',(1.,-6.99485272571293E-16,0.));
#2290=DIRECTION('center_axis',(0.,0.,-1.));
#2291=DIRECTION('ref_axis',(-1.,0.,0.));
#2292=DIRECTION('axis',(0.,0.,1.));
#2293=DIRECTION('refdir',(1.,0.,0.));
#2294=DIRECTION('center_axis',(1.,0.,0.));
#2295=DIRECTION('ref_axis',(0.,0.,-1.));
#2296=DIRECTION('',(0.,-1.,0.));
#2297=DIRECTION('',(0.,0.,-1.));
#2298=DIRECTION('',(0.,-1.,0.));
#2299=DIRECTION('',(0.,0.,-1.));
#2300=DIRECTION('center_axis',(0.,0.,-1.));
#2301=DIRECTION('ref_axis',(-1.,0.,0.));
#2302=DIRECTION('center_axis',(0.,0.,1.));
#2303=DIRECTION('ref_axis',(1.,0.,0.));
#2304=DIRECTION('',(0.,0.,-1.));
#2305=DIRECTION('center_axis',(0.,0.,1.));
#2306=DIRECTION('ref_axis',(1.,0.,0.));
#2307=DIRECTION('center_axis',(-1.,-9.26817986156966E-15,0.));
#2308=DIRECTION('ref_axis',(9.26817986156966E-15,-1.,0.));
#2309=DIRECTION('',(-9.26817986156966E-15,1.,0.));
#2310=DIRECTION('',(0.,0.,-1.));
#2311=DIRECTION('',(-9.26817986156966E-15,1.,0.));
#2312=DIRECTION('center_axis',(-2.57175827820948E-15,-1.,0.));
#2313=DIRECTION('ref_axis',(1.,-2.57175827820948E-15,0.));
#2314=DIRECTION('',(-1.,2.57175827820948E-15,0.));
#2315=DIRECTION('',(-1.,2.57175827820948E-15,0.));
#2316=DIRECTION('center_axis',(0.,0.,1.));
#2317=DIRECTION('ref_axis',(1.,0.,0.));
#2318=DIRECTION('center_axis',(0.,0.,1.));
#2319=DIRECTION('ref_axis',(1.,0.,0.));
#2320=DIRECTION('',(0.,0.,1.));
#2321=DIRECTION('',(1.,0.,0.));
#2322=DIRECTION('',(0.,0.,1.));
#2323=DIRECTION('',(0.,-1.,0.));
#2324=DIRECTION('',(0.,0.,1.));
#2325=DIRECTION('',(0.,-1.,0.));
#2326=DIRECTION('',(0.,0.,1.));
#2327=DIRECTION('',(0.,-1.,0.));
#2328=DIRECTION('',(0.,0.,1.));
#2329=DIRECTION('',(0.,-1.,0.));
#2330=DIRECTION('',(0.,0.,1.));
#2331=DIRECTION('',(1.,0.,0.));
#2332=DIRECTION('',(0.,0.,1.));
#2333=DIRECTION('',(1.,0.,0.));
#2334=DIRECTION('',(0.,0.,1.));
#2335=DIRECTION('',(1.,0.,0.));
#2336=DIRECTION('',(0.,0.,1.));
#2337=DIRECTION('',(1.,0.,0.));
#2338=DIRECTION('',(0.,0.,1.));
#2339=DIRECTION('',(0.,1.,0.));
#2340=DIRECTION('',(0.,0.,1.));
#2341=DIRECTION('',(0.,1.,0.));
#2342=DIRECTION('',(0.,0.,1.));
#2343=DIRECTION('',(0.,1.,0.));
#2344=DIRECTION('',(0.,0.,1.));
#2345=DIRECTION('',(0.,1.,0.));
#2346=DIRECTION('',(0.,0.,1.));
#2347=DIRECTION('',(-1.,0.,0.));
#2348=DIRECTION('',(0.,0.,1.));
#2349=DIRECTION('',(-1.,0.,0.));
#2350=DIRECTION('',(0.,0.,1.));
#2351=DIRECTION('',(-1.,0.,0.));
#2352=DIRECTION('',(0.,0.,1.));
#2353=DIRECTION('',(-1.,0.,0.));
#2354=CARTESIAN_POINT('',(0.,0.,0.));
#2355=CARTESIAN_POINT('',(0.,0.,0.));
#2356=CARTESIAN_POINT('Origin',(0.,0.,0.));
#2357=CARTESIAN_POINT('',(1.5,0.610000000000003,0.));
#2358=CARTESIAN_POINT('',(1.19,0.610000000000003,0.));
#2359=CARTESIAN_POINT('',(1.5,0.610000000000003,0.));
#2360=CARTESIAN_POINT('',(1.5,0.390000000000003,0.));
#2361=CARTESIAN_POINT('',(1.5,-1.5,0.));
#2362=CARTESIAN_POINT('',(1.19,0.390000000000003,0.));
#2363=CARTESIAN_POINT('',(1.19,0.390000000000003,0.));
#2364=CARTESIAN_POINT('',(1.19,0.110000000000003,0.));
#2365=CARTESIAN_POINT('Origin',(1.19,0.250000000000003,0.));
#2366=CARTESIAN_POINT('',(1.5,0.110000000000003,0.));
#2367=CARTESIAN_POINT('',(1.5,0.110000000000003,0.));
#2368=CARTESIAN_POINT('',(1.5,-0.109999999999997,0.));
#2369=CARTESIAN_POINT('',(1.5,-1.5,0.));
#2370=CARTESIAN_POINT('',(1.19,-0.109999999999997,0.));
#2371=CARTESIAN_POINT('',(1.19,-0.109999999999997,0.));
#2372=CARTESIAN_POINT('',(1.19,-0.389999999999997,0.));
#2373=CARTESIAN_POINT('Origin',(1.19,-0.249999999999997,0.));
#2374=CARTESIAN_POINT('',(1.5,-0.389999999999997,0.));
#2375=CARTESIAN_POINT('',(1.5,-0.389999999999997,0.));
#2376=CARTESIAN_POINT('',(1.5,-0.609999999999997,0.));
#2377=CARTESIAN_POINT('',(1.5,-1.5,0.));
#2378=CARTESIAN_POINT('',(1.19,-0.609999999999997,0.));
#2379=CARTESIAN_POINT('',(1.19,-0.609999999999997,0.));
#2380=CARTESIAN_POINT('',(1.19,-0.889999999999997,0.));
#2381=CARTESIAN_POINT('Origin',(1.19,-0.749999999999997,0.));
#2382=CARTESIAN_POINT('',(1.5,-0.889999999999997,0.));
#2383=CARTESIAN_POINT('',(1.5,-0.889999999999997,0.));
#2384=CARTESIAN_POINT('',(1.5,-1.5,0.));
#2385=CARTESIAN_POINT('',(1.5,-1.5,0.));
#2386=CARTESIAN_POINT('',(0.89,-1.5,0.));
#2387=CARTESIAN_POINT('',(-1.5,-1.5,0.));
#2388=CARTESIAN_POINT('',(0.89,-1.19,0.));
#2389=CARTESIAN_POINT('',(0.89,-1.19,0.));
#2390=CARTESIAN_POINT('',(0.61,-1.19,0.));
#2391=CARTESIAN_POINT('Origin',(0.75,-1.19,0.));
#2392=CARTESIAN_POINT('',(0.61,-1.5,0.));
#2393=CARTESIAN_POINT('',(0.61,-1.5,0.));
#2394=CARTESIAN_POINT('',(0.39,-1.5,0.));
#2395=CARTESIAN_POINT('',(-1.5,-1.5,0.));
#2396=CARTESIAN_POINT('',(0.39,-1.19,0.));
#2397=CARTESIAN_POINT('',(0.39,-1.19,0.));
#2398=CARTESIAN_POINT('',(0.11,-1.19,0.));
#2399=CARTESIAN_POINT('Origin',(0.25,-1.19,0.));
#2400=CARTESIAN_POINT('',(0.11,-1.5,0.));
#2401=CARTESIAN_POINT('',(0.11,-1.5,0.));
#2402=CARTESIAN_POINT('',(-0.11,-1.5,0.));
#2403=CARTESIAN_POINT('',(-1.5,-1.5,0.));
#2404=CARTESIAN_POINT('',(-0.11,-1.19,0.));
#2405=CARTESIAN_POINT('',(-0.11,-1.19,0.));
#2406=CARTESIAN_POINT('',(-0.39,-1.19,0.));
#2407=CARTESIAN_POINT('Origin',(-0.25,-1.19,0.));
#2408=CARTESIAN_POINT('',(-0.39,-1.5,0.));
#2409=CARTESIAN_POINT('',(-0.39,-1.5,0.));
#2410=CARTESIAN_POINT('',(-0.61,-1.5,0.));
#2411=CARTESIAN_POINT('',(-1.5,-1.5,0.));
#2412=CARTESIAN_POINT('',(-0.61,-1.19,0.));
#2413=CARTESIAN_POINT('',(-0.61,-1.19,0.));
#2414=CARTESIAN_POINT('',(-0.89,-1.19,0.));
#2415=CARTESIAN_POINT('Origin',(-0.75,-1.19,0.));
#2416=CARTESIAN_POINT('',(-0.89,-1.5,0.));
#2417=CARTESIAN_POINT('',(-0.89,-1.5,0.));
#2418=CARTESIAN_POINT('',(-1.5,-1.5,0.));
#2419=CARTESIAN_POINT('',(-1.5,-1.5,0.));
#2420=CARTESIAN_POINT('',(-1.5,-0.890000000000003,0.));
#2421=CARTESIAN_POINT('',(-1.5,1.5,0.));
#2422=CARTESIAN_POINT('',(-1.19,-0.890000000000003,0.));
#2423=CARTESIAN_POINT('',(-1.19,-0.890000000000003,0.));
#2424=CARTESIAN_POINT('',(-1.19,-0.610000000000003,0.));
#2425=CARTESIAN_POINT('Origin',(-1.19,-0.750000000000003,0.));
#2426=CARTESIAN_POINT('',(-1.5,-0.610000000000003,0.));
#2427=CARTESIAN_POINT('',(-1.5,-0.610000000000003,0.));
#2428=CARTESIAN_POINT('',(-1.5,-0.390000000000003,0.));
#2429=CARTESIAN_POINT('',(-1.5,1.5,0.));
#2430=CARTESIAN_POINT('',(-1.19,-0.390000000000003,0.));
#2431=CARTESIAN_POINT('',(-1.19,-0.390000000000003,0.));
#2432=CARTESIAN_POINT('',(-1.19,-0.110000000000003,0.));
#2433=CARTESIAN_POINT('Origin',(-1.19,-0.250000000000003,0.));
#2434=CARTESIAN_POINT('',(-1.5,-0.110000000000003,0.));
#2435=CARTESIAN_POINT('',(-1.5,-0.110000000000003,0.));
#2436=CARTESIAN_POINT('',(-1.5,0.109999999999997,0.));
#2437=CARTESIAN_POINT('',(-1.5,1.5,0.));
#2438=CARTESIAN_POINT('',(-1.19,0.109999999999998,0.));
#2439=CARTESIAN_POINT('',(-1.19,0.109999999999997,0.));
#2440=CARTESIAN_POINT('',(-1.19,0.389999999999997,0.));
#2441=CARTESIAN_POINT('Origin',(-1.19,0.249999999999997,0.));
#2442=CARTESIAN_POINT('',(-1.5,0.389999999999997,0.));
#2443=CARTESIAN_POINT('',(-1.5,0.389999999999997,0.));
#2444=CARTESIAN_POINT('',(-1.5,0.609999999999997,0.));
#2445=CARTESIAN_POINT('',(-1.5,1.5,0.));
#2446=CARTESIAN_POINT('',(-1.19,0.609999999999997,0.));
#2447=CARTESIAN_POINT('',(-1.19,0.609999999999997,0.));
#2448=CARTESIAN_POINT('',(-1.19,0.889999999999997,0.));
#2449=CARTESIAN_POINT('Origin',(-1.19,0.749999999999997,0.));
#2450=CARTESIAN_POINT('',(-1.5,0.889999999999997,0.));
#2451=CARTESIAN_POINT('',(-1.5,0.889999999999997,0.));
#2452=CARTESIAN_POINT('',(-1.5,1.5,0.));
#2453=CARTESIAN_POINT('',(-1.5,1.5,0.));
#2454=CARTESIAN_POINT('',(-0.890000000000006,1.5,0.));
#2455=CARTESIAN_POINT('',(1.5,1.5,0.));
#2456=CARTESIAN_POINT('',(-0.890000000000006,1.19,0.));
#2457=CARTESIAN_POINT('',(-0.890000000000006,1.19,0.));
#2458=CARTESIAN_POINT('',(-0.610000000000006,1.19,0.));
#2459=CARTESIAN_POINT('Origin',(-0.750000000000006,1.19,0.));
#2460=CARTESIAN_POINT('',(-0.610000000000006,1.5,0.));
#2461=CARTESIAN_POINT('',(-0.610000000000006,1.5,0.));
#2462=CARTESIAN_POINT('',(-0.390000000000006,1.5,0.));
#2463=CARTESIAN_POINT('',(1.5,1.5,0.));
#2464=CARTESIAN_POINT('',(-0.390000000000006,1.19,0.));
#2465=CARTESIAN_POINT('',(-0.390000000000006,1.19,0.));
#2466=CARTESIAN_POINT('',(-0.110000000000006,1.19,0.));
#2467=CARTESIAN_POINT('Origin',(-0.250000000000006,1.19,0.));
#2468=CARTESIAN_POINT('',(-0.110000000000006,1.5,0.));
#2469=CARTESIAN_POINT('',(-0.110000000000006,1.5,0.));
#2470=CARTESIAN_POINT('',(0.109999999999994,1.5,0.));
#2471=CARTESIAN_POINT('',(1.5,1.5,0.));
#2472=CARTESIAN_POINT('',(0.109999999999994,1.19,0.));
#2473=CARTESIAN_POINT('',(0.109999999999994,1.19,0.));
#2474=CARTESIAN_POINT('',(0.389999999999994,1.19,0.));
#2475=CARTESIAN_POINT('Origin',(0.249999999999994,1.19,0.));
#2476=CARTESIAN_POINT('',(0.389999999999994,1.5,0.));
#2477=CARTESIAN_POINT('',(0.389999999999994,1.5,0.));
#2478=CARTESIAN_POINT('',(0.609999999999994,1.5,0.));
#2479=CARTESIAN_POINT('',(1.5,1.5,0.));
#2480=CARTESIAN_POINT('',(0.609999999999994,1.19,0.));
#2481=CARTESIAN_POINT('',(0.609999999999994,1.19,0.));
#2482=CARTESIAN_POINT('',(0.889999999999994,1.19,0.));
#2483=CARTESIAN_POINT('Origin',(0.749999999999994,1.19,0.));
#2484=CARTESIAN_POINT('',(0.889999999999995,1.5,0.));
#2485=CARTESIAN_POINT('',(0.889999999999995,1.5,0.));
#2486=CARTESIAN_POINT('',(1.5,1.5,0.));
#2487=CARTESIAN_POINT('',(1.5,1.5,0.));
#2488=CARTESIAN_POINT('',(1.5,0.890000000000003,0.));
#2489=CARTESIAN_POINT('',(1.5,-1.5,0.));
#2490=CARTESIAN_POINT('',(1.19,0.890000000000003,0.));
#2491=CARTESIAN_POINT('',(1.19,0.890000000000003,0.));
#2492=CARTESIAN_POINT('Origin',(1.19,0.750000000000003,0.));
#2493=CARTESIAN_POINT('',(-0.875,-0.574999999999999,0.));
#2494=CARTESIAN_POINT('',(-0.875,0.875000000000001,0.));
#2495=CARTESIAN_POINT('',(-0.875,-0.574999999999999,0.));
#2496=CARTESIAN_POINT('',(-0.575,-0.875,0.));
#2497=CARTESIAN_POINT('',(-0.575,-0.875,0.));
#2498=CARTESIAN_POINT('',(0.875,-0.875,0.));
#2499=CARTESIAN_POINT('',(0.875,-0.875,0.));
#2500=CARTESIAN_POINT('',(0.875,0.875,0.));
#2501=CARTESIAN_POINT('',(0.875,0.875,0.));
#2502=CARTESIAN_POINT('',(-0.875,0.875,0.));
#2503=CARTESIAN_POINT('Origin',(-1.5,1.5,0.81));
#2504=CARTESIAN_POINT('',(-1.5,0.609999999999997,0.18));
#2505=CARTESIAN_POINT('',(-1.5,0.889999999999997,0.18));
#2506=CARTESIAN_POINT('',(-1.5,0.609999999999997,0.18));
#2507=CARTESIAN_POINT('',(-1.5,0.609999999999997,0.18));
#2508=CARTESIAN_POINT('',(-1.5,0.389999999999997,0.18));
#2509=CARTESIAN_POINT('',(-1.5,0.389999999999997,0.18));
#2510=CARTESIAN_POINT('',(-1.5,0.109999999999997,0.18));
#2511=CARTESIAN_POINT('',(-1.5,0.109999999999997,0.18));
#2512=CARTESIAN_POINT('',(-1.5,0.109999999999997,0.18));
#2513=CARTESIAN_POINT('',(-1.5,-0.110000000000003,0.18));
#2514=CARTESIAN_POINT('',(-1.5,-0.110000000000003,0.18));
#2515=CARTESIAN_POINT('',(-1.5,-0.390000000000003,0.18));
#2516=CARTESIAN_POINT('',(-1.5,-0.390000000000003,0.18));
#2517=CARTESIAN_POINT('',(-1.5,-0.390000000000003,0.18));
#2518=CARTESIAN_POINT('',(-1.5,-0.610000000000003,0.18));
#2519=CARTESIAN_POINT('',(-1.5,-0.610000000000003,0.18));
#2520=CARTESIAN_POINT('',(-1.5,-0.890000000000003,0.18));
#2521=CARTESIAN_POINT('',(-1.5,-0.890000000000003,0.18));
#2522=CARTESIAN_POINT('',(-1.5,-0.890000000000003,0.18));
#2523=CARTESIAN_POINT('',(-1.5,-1.5,0.81));
#2524=CARTESIAN_POINT('',(-1.5,-1.5,0.81));
#2525=CARTESIAN_POINT('',(-1.5,1.5,0.81));
#2526=CARTESIAN_POINT('',(-1.5,1.5,0.81));
#2527=CARTESIAN_POINT('',(-1.5,1.5,0.81));
#2528=CARTESIAN_POINT('',(-1.5,0.889999999999997,0.18));
#2529=CARTESIAN_POINT('Origin',(-1.5,-1.5,0.81));
#2530=CARTESIAN_POINT('',(-0.61,-1.5,0.18));
#2531=CARTESIAN_POINT('',(-0.89,-1.5,0.18));
#2532=CARTESIAN_POINT('',(-0.61,-1.5,0.18));
#2533=CARTESIAN_POINT('',(-0.61,-1.5,0.18));
#2534=CARTESIAN_POINT('',(-0.39,-1.5,0.18));
#2535=CARTESIAN_POINT('',(-0.39,-1.5,0.18));
#2536=CARTESIAN_POINT('',(-0.11,-1.5,0.18));
#2537=CARTESIAN_POINT('',(-0.11,-1.5,0.18));
#2538=CARTESIAN_POINT('',(-0.11,-1.5,0.18));
#2539=CARTESIAN_POINT('',(0.11,-1.5,0.18));
#2540=CARTESIAN_POINT('',(0.11,-1.5,0.18));
#2541=CARTESIAN_POINT('',(0.39,-1.5,0.18));
#2542=CARTESIAN_POINT('',(0.39,-1.5,0.18));
#2543=CARTESIAN_POINT('',(0.39,-1.5,0.18));
#2544=CARTESIAN_POINT('',(0.61,-1.5,0.18));
#2545=CARTESIAN_POINT('',(0.61,-1.5,0.18));
#2546=CARTESIAN_POINT('',(0.89,-1.5,0.18));
#2547=CARTESIAN_POINT('',(0.89,-1.5,0.18));
#2548=CARTESIAN_POINT('',(0.89,-1.5,0.18));
#2549=CARTESIAN_POINT('',(1.5,-1.5,0.81));
#2550=CARTESIAN_POINT('',(1.5,-1.5,0.81));
#2551=CARTESIAN_POINT('',(-1.5,-1.5,0.81));
#2552=CARTESIAN_POINT('',(-0.89,-1.5,0.18));
#2553=CARTESIAN_POINT('Origin',(1.5,-1.5,0.81));
#2554=CARTESIAN_POINT('',(1.5,0.890000000000003,0.18));
#2555=CARTESIAN_POINT('',(1.5,0.610000000000003,0.18));
#2556=CARTESIAN_POINT('',(1.5,0.890000000000003,0.18));
#2557=CARTESIAN_POINT('',(1.5,0.890000000000003,0.18));
#2558=CARTESIAN_POINT('',(1.5,1.5,0.81));
#2559=CARTESIAN_POINT('',(1.5,1.5,0.81));
#2560=CARTESIAN_POINT('',(1.5,-1.5,0.81));
#2561=CARTESIAN_POINT('',(1.5,-0.889999999999997,0.18));
#2562=CARTESIAN_POINT('',(1.5,-0.889999999999997,0.18));
#2563=CARTESIAN_POINT('',(1.5,-0.609999999999997,0.18));
#2564=CARTESIAN_POINT('',(1.5,-0.609999999999997,0.18));
#2565=CARTESIAN_POINT('',(1.5,-0.609999999999997,0.18));
#2566=CARTESIAN_POINT('',(1.5,-0.389999999999997,0.18));
#2567=CARTESIAN_POINT('',(1.5,-0.389999999999997,0.18));
#2568=CARTESIAN_POINT('',(1.5,-0.109999999999997,0.18));
#2569=CARTESIAN_POINT('',(1.5,-0.109999999999997,0.18));
#2570=CARTESIAN_POINT('',(1.5,-0.109999999999997,0.18));
#2571=CARTESIAN_POINT('',(1.5,0.110000000000003,0.18));
#2572=CARTESIAN_POINT('',(1.5,0.110000000000003,0.18));
#2573=CARTESIAN_POINT('',(1.5,0.390000000000003,0.18));
#2574=CARTESIAN_POINT('',(1.5,0.390000000000003,0.18));
#2575=CARTESIAN_POINT('',(1.5,0.390000000000003,0.18));
#2576=CARTESIAN_POINT('',(1.5,0.610000000000003,0.18));
#2577=CARTESIAN_POINT('Origin',(1.5,1.5,0.81));
#2578=CARTESIAN_POINT('',(0.609999999999994,1.5,0.18));
#2579=CARTESIAN_POINT('',(0.889999999999995,1.5,0.18));
#2580=CARTESIAN_POINT('',(0.609999999999994,1.5,0.18));
#2581=CARTESIAN_POINT('',(0.609999999999994,1.5,0.18));
#2582=CARTESIAN_POINT('',(0.389999999999994,1.5,0.18));
#2583=CARTESIAN_POINT('',(0.389999999999994,1.5,0.18));
#2584=CARTESIAN_POINT('',(0.109999999999994,1.5,0.18));
#2585=CARTESIAN_POINT('',(0.109999999999994,1.5,0.18));
#2586=CARTESIAN_POINT('',(0.109999999999994,1.5,0.18));
#2587=CARTESIAN_POINT('',(-0.110000000000006,1.5,0.18));
#2588=CARTESIAN_POINT('',(-0.110000000000006,1.5,0.18));
#2589=CARTESIAN_POINT('',(-0.390000000000006,1.5,0.18));
#2590=CARTESIAN_POINT('',(-0.390000000000006,1.5,0.18));
#2591=CARTESIAN_POINT('',(-0.390000000000006,1.5,0.18));
#2592=CARTESIAN_POINT('',(-0.610000000000006,1.5,0.18));
#2593=CARTESIAN_POINT('',(-0.610000000000006,1.5,0.18));
#2594=CARTESIAN_POINT('',(-0.890000000000006,1.5,0.18));
#2595=CARTESIAN_POINT('',(-0.890000000000006,1.5,0.18));
#2596=CARTESIAN_POINT('',(-0.890000000000006,1.5,0.18));
#2597=CARTESIAN_POINT('',(1.5,1.5,0.81));
#2598=CARTESIAN_POINT('',(0.889999999999995,1.5,0.18));
#2599=CARTESIAN_POINT('Origin',(0.,0.,0.81));
#2600=CARTESIAN_POINT('',(-0.8,-1.,0.81));
#2601=CARTESIAN_POINT('Origin',(-1.,-1.,0.81));
#2602=CARTESIAN_POINT('Origin',(-1.,-1.,0.96));
#2603=CARTESIAN_POINT('',(-1.,-1.,0.71));
#2604=CARTESIAN_POINT('Origin',(-1.,-1.,0.96));
#2605=CARTESIAN_POINT('Origin',(-0.875,-0.574999999999999,-0.05));
#2606=CARTESIAN_POINT('',(-0.875,0.875000000000001,-0.05));
#2607=CARTESIAN_POINT('',(-0.875,0.875000000000001,-0.05));
#2608=CARTESIAN_POINT('',(-0.875,-0.574999999999999,-0.05));
#2609=CARTESIAN_POINT('',(-0.875,-0.574999999999999,-0.05));
#2610=CARTESIAN_POINT('',(-0.875,-0.574999999999999,-0.05));
#2611=CARTESIAN_POINT('Origin',(-0.875,0.875,-0.05));
#2612=CARTESIAN_POINT('',(0.875,0.875,-0.05));
#2613=CARTESIAN_POINT('',(0.875,0.875,-0.05));
#2614=CARTESIAN_POINT('',(-0.875,0.875,-0.05));
#2615=CARTESIAN_POINT('Origin',(0.875,0.875,-0.05));
#2616=CARTESIAN_POINT('',(0.875,-0.875,-0.05));
#2617=CARTESIAN_POINT('',(0.875,-0.875,-0.05));
#2618=CARTESIAN_POINT('',(0.875,0.875,-0.05));
#2619=CARTESIAN_POINT('Origin',(0.875,-0.875,-0.05));
#2620=CARTESIAN_POINT('',(-0.575,-0.875,-0.05));
#2621=CARTESIAN_POINT('',(-0.575,-0.875,-0.05));
#2622=CARTESIAN_POINT('',(0.875,-0.875,-0.05));
#2623=CARTESIAN_POINT('Origin',(-0.575,-0.875,-0.05));
#2624=CARTESIAN_POINT('',(-0.575,-0.875,-0.05));
#2625=CARTESIAN_POINT('Origin',(0.,0.,-0.05));
#2626=CARTESIAN_POINT('Origin',(1.19,0.250000000000003,0.18));
#2627=CARTESIAN_POINT('',(1.19,0.390000000000003,0.18));
#2628=CARTESIAN_POINT('',(1.19,0.390000000000003,0.18));
#2629=CARTESIAN_POINT('',(1.19,0.110000000000003,0.18));
#2630=CARTESIAN_POINT('Origin',(1.19,0.250000000000003,0.18));
#2631=CARTESIAN_POINT('',(1.19,0.110000000000003,0.18));
#2632=CARTESIAN_POINT('Origin',(1.19,0.390000000000003,0.18));
#2633=CARTESIAN_POINT('',(1.19,0.390000000000003,0.18));
#2634=CARTESIAN_POINT('Origin',(1.5,0.110000000000003,0.18));
#2635=CARTESIAN_POINT('',(1.5,0.110000000000003,0.18));
#2636=CARTESIAN_POINT('Origin',(1.19,0.250000000000003,0.18));
#2637=CARTESIAN_POINT('Origin',(1.19,-0.749999999999997,0.18));
#2638=CARTESIAN_POINT('',(1.19,-0.609999999999997,0.18));
#2639=CARTESIAN_POINT('',(1.19,-0.609999999999997,0.18));
#2640=CARTESIAN_POINT('',(1.19,-0.889999999999997,0.18));
#2641=CARTESIAN_POINT('Origin',(1.19,-0.749999999999997,0.18));
#2642=CARTESIAN_POINT('',(1.19,-0.889999999999997,0.18));
#2643=CARTESIAN_POINT('Origin',(1.19,-0.609999999999997,0.18));
#2644=CARTESIAN_POINT('',(1.19,-0.609999999999997,0.18));
#2645=CARTESIAN_POINT('Origin',(1.5,-0.889999999999997,0.18));
#2646=CARTESIAN_POINT('',(1.5,-0.889999999999997,0.18));
#2647=CARTESIAN_POINT('Origin',(1.19,-0.749999999999997,0.18));
#2648=CARTESIAN_POINT('Origin',(0.61,-1.5,0.18));
#2649=CARTESIAN_POINT('',(0.61,-1.19,0.18));
#2650=CARTESIAN_POINT('',(0.61,-1.19,0.18));
#2651=CARTESIAN_POINT('',(0.61,-1.5,0.18));
#2652=CARTESIAN_POINT('Origin',(0.75,-1.19,0.18));
#2653=CARTESIAN_POINT('',(0.89,-1.19,0.18));
#2654=CARTESIAN_POINT('',(0.89,-1.19,0.18));
#2655=CARTESIAN_POINT('Origin',(0.75,-1.19,0.18));
#2656=CARTESIAN_POINT('Origin',(0.89,-1.19,0.18));
#2657=CARTESIAN_POINT('',(0.89,-1.19,0.18));
#2658=CARTESIAN_POINT('Origin',(0.75,-1.19,0.18));
#2659=CARTESIAN_POINT('Origin',(0.11,-1.5,0.18));
#2660=CARTESIAN_POINT('',(0.11,-1.19,0.18));
#2661=CARTESIAN_POINT('',(0.11,-1.19,0.18));
#2662=CARTESIAN_POINT('',(0.11,-1.5,0.18));
#2663=CARTESIAN_POINT('Origin',(0.25,-1.19,0.18));
#2664=CARTESIAN_POINT('',(0.39,-1.19,0.18));
#2665=CARTESIAN_POINT('',(0.39,-1.19,0.18));
#2666=CARTESIAN_POINT('Origin',(0.25,-1.19,0.18));
#2667=CARTESIAN_POINT('Origin',(0.39,-1.19,0.18));
#2668=CARTESIAN_POINT('',(0.39,-1.19,0.18));
#2669=CARTESIAN_POINT('Origin',(0.25,-1.19,0.18));
#2670=CARTESIAN_POINT('Origin',(-0.39,-1.5,0.18));
#2671=CARTESIAN_POINT('',(-0.39,-1.19,0.18));
#2672=CARTESIAN_POINT('',(-0.39,-1.19,0.18));
#2673=CARTESIAN_POINT('',(-0.39,-1.5,0.18));
#2674=CARTESIAN_POINT('Origin',(-0.25,-1.19,0.18));
#2675=CARTESIAN_POINT('',(-0.11,-1.19,0.18));
#2676=CARTESIAN_POINT('',(-0.11,-1.19,0.18));
#2677=CARTESIAN_POINT('Origin',(-0.25,-1.19,0.18));
#2678=CARTESIAN_POINT('Origin',(-0.11,-1.19,0.18));
#2679=CARTESIAN_POINT('',(-0.11,-1.19,0.18));
#2680=CARTESIAN_POINT('Origin',(-0.25,-1.19,0.18));
#2681=CARTESIAN_POINT('Origin',(-0.89,-1.5,0.18));
#2682=CARTESIAN_POINT('',(-0.89,-1.19,0.18));
#2683=CARTESIAN_POINT('',(-0.89,-1.19,0.18));
#2684=CARTESIAN_POINT('',(-0.89,-1.5,0.18));
#2685=CARTESIAN_POINT('Origin',(-0.75,-1.19,0.18));
#2686=CARTESIAN_POINT('',(-0.61,-1.19,0.18));
#2687=CARTESIAN_POINT('',(-0.61,-1.19,0.18));
#2688=CARTESIAN_POINT('Origin',(-0.75,-1.19,0.18));
#2689=CARTESIAN_POINT('Origin',(-0.61,-1.19,0.18));
#2690=CARTESIAN_POINT('',(-0.61,-1.19,0.18));
#2691=CARTESIAN_POINT('Origin',(-0.75,-1.19,0.18));
#2692=CARTESIAN_POINT('Origin',(-1.5,0.389999999999997,0.18));
#2693=CARTESIAN_POINT('',(-1.19,0.389999999999997,0.18));
#2694=CARTESIAN_POINT('',(-1.19,0.389999999999997,0.18));
#2695=CARTESIAN_POINT('',(-1.5,0.389999999999997,0.18));
#2696=CARTESIAN_POINT('Origin',(-1.19,0.249999999999997,0.18));
#2697=CARTESIAN_POINT('',(-1.19,0.109999999999998,0.18));
#2698=CARTESIAN_POINT('',(-1.19,0.109999999999998,0.18));
#2699=CARTESIAN_POINT('Origin',(-1.19,0.249999999999997,0.18));
#2700=CARTESIAN_POINT('Origin',(-1.19,0.109999999999997,0.18));
#2701=CARTESIAN_POINT('',(-1.19,0.109999999999997,0.18));
#2702=CARTESIAN_POINT('Origin',(-1.19,0.249999999999997,0.18));
#2703=CARTESIAN_POINT('Origin',(-1.5,-0.610000000000003,0.18));
#2704=CARTESIAN_POINT('',(-1.19,-0.610000000000003,0.18));
#2705=CARTESIAN_POINT('',(-1.19,-0.610000000000003,0.18));
#2706=CARTESIAN_POINT('',(-1.5,-0.610000000000003,0.18));
#2707=CARTESIAN_POINT('Origin',(-1.19,-0.750000000000003,0.18));
#2708=CARTESIAN_POINT('',(-1.19,-0.890000000000003,0.18));
#2709=CARTESIAN_POINT('',(-1.19,-0.890000000000003,0.18));
#2710=CARTESIAN_POINT('Origin',(-1.19,-0.750000000000003,0.18));
#2711=CARTESIAN_POINT('Origin',(-1.19,-0.890000000000003,0.18));
#2712=CARTESIAN_POINT('',(-1.19,-0.890000000000003,0.18));
#2713=CARTESIAN_POINT('Origin',(-1.19,-0.750000000000003,0.18));
#2714=CARTESIAN_POINT('Origin',(-1.5,-0.110000000000003,0.18));
#2715=CARTESIAN_POINT('',(-1.19,-0.110000000000003,0.18));
#2716=CARTESIAN_POINT('',(-1.19,-0.110000000000003,0.18));
#2717=CARTESIAN_POINT('',(-1.5,-0.110000000000003,0.18));
#2718=CARTESIAN_POINT('Origin',(-1.19,-0.250000000000003,0.18));
#2719=CARTESIAN_POINT('',(-1.19,-0.390000000000003,0.18));
#2720=CARTESIAN_POINT('',(-1.19,-0.390000000000003,0.18));
#2721=CARTESIAN_POINT('Origin',(-1.19,-0.250000000000003,0.18));
#2722=CARTESIAN_POINT('Origin',(-1.19,-0.390000000000003,0.18));
#2723=CARTESIAN_POINT('',(-1.19,-0.390000000000003,0.18));
#2724=CARTESIAN_POINT('Origin',(-1.19,-0.250000000000003,0.18));
#2725=CARTESIAN_POINT('Origin',(-1.5,0.889999999999997,0.18));
#2726=CARTESIAN_POINT('',(-1.19,0.889999999999997,0.18));
#2727=CARTESIAN_POINT('',(-1.19,0.889999999999997,0.18));
#2728=CARTESIAN_POINT('',(-1.5,0.889999999999997,0.18));
#2729=CARTESIAN_POINT('Origin',(-1.19,0.749999999999997,0.18));
#2730=CARTESIAN_POINT('',(-1.19,0.609999999999997,0.18));
#2731=CARTESIAN_POINT('',(-1.19,0.609999999999997,0.18));
#2732=CARTESIAN_POINT('Origin',(-1.19,0.749999999999997,0.18));
#2733=CARTESIAN_POINT('Origin',(-1.19,0.609999999999997,0.18));
#2734=CARTESIAN_POINT('',(-1.19,0.609999999999997,0.18));
#2735=CARTESIAN_POINT('Origin',(-1.19,0.749999999999997,0.18));
#2736=CARTESIAN_POINT('Origin',(-0.890000000000006,1.19,0.18));
#2737=CARTESIAN_POINT('',(-0.890000000000006,1.19,0.18));
#2738=CARTESIAN_POINT('',(-0.890000000000006,1.19,0.18));
#2739=CARTESIAN_POINT('',(-0.890000000000006,1.19,0.18));
#2740=CARTESIAN_POINT('Origin',(-0.610000000000006,1.5,0.18));
#2741=CARTESIAN_POINT('',(-0.610000000000006,1.19,0.18));
#2742=CARTESIAN_POINT('',(-0.610000000000006,1.19,0.18));
#2743=CARTESIAN_POINT('',(-0.610000000000006,1.5,0.18));
#2744=CARTESIAN_POINT('Origin',(-0.750000000000006,1.19,0.18));
#2745=CARTESIAN_POINT('Origin',(-0.750000000000006,1.19,0.18));
#2746=CARTESIAN_POINT('Origin',(-0.750000000000006,1.19,0.18));
#2747=CARTESIAN_POINT('Origin',(-0.390000000000006,1.19,0.18));
#2748=CARTESIAN_POINT('',(-0.390000000000006,1.19,0.18));
#2749=CARTESIAN_POINT('',(-0.390000000000006,1.19,0.18));
#2750=CARTESIAN_POINT('',(-0.390000000000006,1.19,0.18));
#2751=CARTESIAN_POINT('Origin',(-0.110000000000006,1.5,0.18));
#2752=CARTESIAN_POINT('',(-0.110000000000006,1.19,0.18));
#2753=CARTESIAN_POINT('',(-0.110000000000006,1.19,0.18));
#2754=CARTESIAN_POINT('',(-0.110000000000006,1.5,0.18));
#2755=CARTESIAN_POINT('Origin',(-0.250000000000006,1.19,0.18));
#2756=CARTESIAN_POINT('Origin',(-0.250000000000006,1.19,0.18));
#2757=CARTESIAN_POINT('Origin',(-0.250000000000006,1.19,0.18));
#2758=CARTESIAN_POINT('Origin',(0.109999999999994,1.19,0.18));
#2759=CARTESIAN_POINT('',(0.109999999999994,1.19,0.18));
#2760=CARTESIAN_POINT('',(0.109999999999994,1.19,0.18));
#2761=CARTESIAN_POINT('',(0.109999999999994,1.19,0.18));
#2762=CARTESIAN_POINT('Origin',(0.389999999999994,1.5,0.18));
#2763=CARTESIAN_POINT('',(0.389999999999994,1.19,0.18));
#2764=CARTESIAN_POINT('',(0.389999999999994,1.19,0.18));
#2765=CARTESIAN_POINT('',(0.389999999999994,1.5,0.18));
#2766=CARTESIAN_POINT('Origin',(0.249999999999994,1.19,0.18));
#2767=CARTESIAN_POINT('Origin',(0.249999999999994,1.19,0.18));
#2768=CARTESIAN_POINT('Origin',(0.249999999999994,1.19,0.18));
#2769=CARTESIAN_POINT('Origin',(0.609999999999994,1.19,0.18));
#2770=CARTESIAN_POINT('',(0.609999999999994,1.19,0.18));
#2771=CARTESIAN_POINT('',(0.609999999999994,1.19,0.18));
#2772=CARTESIAN_POINT('',(0.609999999999994,1.19,0.18));
#2773=CARTESIAN_POINT('Origin',(0.889999999999995,1.5,0.18));
#2774=CARTESIAN_POINT('',(0.889999999999994,1.19,0.18));
#2775=CARTESIAN_POINT('',(0.889999999999994,1.19,0.18));
#2776=CARTESIAN_POINT('',(0.889999999999995,1.5,0.18));
#2777=CARTESIAN_POINT('Origin',(0.749999999999994,1.19,0.18));
#2778=CARTESIAN_POINT('Origin',(0.749999999999994,1.19,0.18));
#2779=CARTESIAN_POINT('Origin',(0.749999999999994,1.19,0.18));
#2780=CARTESIAN_POINT('Origin',(1.19,-0.249999999999997,0.18));
#2781=CARTESIAN_POINT('',(1.19,-0.109999999999997,0.18));
#2782=CARTESIAN_POINT('',(1.19,-0.109999999999997,0.18));
#2783=CARTESIAN_POINT('',(1.19,-0.389999999999997,0.18));
#2784=CARTESIAN_POINT('Origin',(1.19,-0.249999999999997,0.18));
#2785=CARTESIAN_POINT('',(1.19,-0.389999999999997,0.18));
#2786=CARTESIAN_POINT('Origin',(1.19,-0.109999999999997,0.18));
#2787=CARTESIAN_POINT('',(1.19,-0.109999999999997,0.18));
#2788=CARTESIAN_POINT('Origin',(1.5,-0.389999999999997,0.18));
#2789=CARTESIAN_POINT('',(1.5,-0.389999999999997,0.18));
#2790=CARTESIAN_POINT('Origin',(1.19,-0.249999999999997,0.18));
#2791=CARTESIAN_POINT('Origin',(1.19,0.750000000000003,0.18));
#2792=CARTESIAN_POINT('',(1.19,0.890000000000003,0.18));
#2793=CARTESIAN_POINT('',(1.19,0.890000000000003,0.18));
#2794=CARTESIAN_POINT('',(1.19,0.610000000000003,0.18));
#2795=CARTESIAN_POINT('Origin',(1.19,0.750000000000003,0.18));
#2796=CARTESIAN_POINT('',(1.19,0.610000000000003,0.18));
#2797=CARTESIAN_POINT('Origin',(1.19,0.890000000000003,0.18));
#2798=CARTESIAN_POINT('',(1.19,0.890000000000003,0.18));
#2799=CARTESIAN_POINT('Origin',(1.5,0.610000000000003,0.18));
#2800=CARTESIAN_POINT('',(1.5,0.610000000000003,0.18));
#2801=CARTESIAN_POINT('Origin',(1.19,0.750000000000003,0.18));
#2802=CARTESIAN_POINT('',(0.,0.,0.));
#2803=CARTESIAN_POINT('Origin',(0.,0.,0.23));
#2804=CARTESIAN_POINT('',(0.,0.,0.));
#2805=CARTESIAN_POINT('',(0.,-0.310000000000001,0.));
#2806=CARTESIAN_POINT('',(0.,0.,0.));
#2807=CARTESIAN_POINT('',(0.,-0.310000000000001,0.23));
#2808=CARTESIAN_POINT('',(0.,-0.310000000000001,0.23));
#2809=CARTESIAN_POINT('',(0.,0.,0.23));
#2810=CARTESIAN_POINT('',(0.,0.,0.23));
#2811=CARTESIAN_POINT('',(0.,0.,0.23));
#2812=CARTESIAN_POINT('Origin',(0.14,-0.310000000000001,0.23));
#2813=CARTESIAN_POINT('',(0.28,-0.310000000000001,0.));
#2814=CARTESIAN_POINT('Origin',(0.14,-0.310000000000001,0.));
#2815=CARTESIAN_POINT('',(0.28,-0.310000000000001,0.23));
#2816=CARTESIAN_POINT('',(0.28,-0.310000000000001,0.23));
#2817=CARTESIAN_POINT('Origin',(0.14,-0.310000000000001,0.23));
#2818=CARTESIAN_POINT('Origin',(0.279999999999999,-0.31,0.23));
#2819=CARTESIAN_POINT('',(0.279999999999996,-7.04731412115578E-16,0.));
#2820=CARTESIAN_POINT('',(0.279999999999999,-0.31,0.));
#2821=CARTESIAN_POINT('',(0.279999999999996,-7.04731412115578E-16,0.23));
#2822=CARTESIAN_POINT('',(0.279999999999996,-7.04731412115578E-16,0.23));
#2823=CARTESIAN_POINT('',(0.279999999999999,-0.31,0.23));
#2824=CARTESIAN_POINT('Origin',(0.279999999999996,-7.20092317898644E-16,
0.23));
#2825=CARTESIAN_POINT('',(0.279999999999996,-7.20092317898644E-16,0.));
#2826=CARTESIAN_POINT('',(0.279999999999996,-7.20092317898644E-16,0.23));
#2827=CARTESIAN_POINT('Origin',(0.14,-0.310000000000001,0.23));
#2828=CARTESIAN_POINT('Origin',(0.14,-0.310000000000001,0.));
#2829=CARTESIAN_POINT('',(0.,0.,0.));
#2830=CARTESIAN_POINT('',(1.5,-0.609999999999997,-0.05));
#2831=CARTESIAN_POINT('',(1.5,-0.109999999999997,-0.05));
#2832=CARTESIAN_POINT('',(1.5,0.390000000000003,-0.05));
#2833=CARTESIAN_POINT('',(1.5,0.890000000000003,-0.05));
#2834=CARTESIAN_POINT('',(0.109999999999999,1.5,-0.05));
#2835=CARTESIAN_POINT('',(-0.890000000000001,1.5,-0.05));
#2836=CARTESIAN_POINT('',(-0.390000000000001,1.5,-0.05));
#2837=CARTESIAN_POINT('',(0.609999999999999,1.5,-0.05));
#2838=CARTESIAN_POINT('',(-1.5,0.110000000000001,-0.05));
#2839=CARTESIAN_POINT('',(-1.5,-0.889999999999999,-0.05));
#2840=CARTESIAN_POINT('',(-1.5,-0.389999999999999,-0.05));
#2841=CARTESIAN_POINT('',(-1.5,0.610000000000001,-0.05));
#2842=CARTESIAN_POINT('',(-0.110000000000003,-1.5,-0.05));
#2843=CARTESIAN_POINT('',(0.889999999999997,-1.5,-0.05));
#2844=CARTESIAN_POINT('',(0.389999999999997,-1.5,-0.05));
#2845=CARTESIAN_POINT('',(-0.610000000000003,-1.5,-0.05));
#2846=UNCERTAINTY_MEASURE_WITH_UNIT(LENGTH_MEASURE(0.01),#2854,
'DISTANCE_ACCURACY_VALUE',
'Maximum model space distance between geometric entities at asserted c
onnectivities');
#2847=UNCERTAINTY_MEASURE_WITH_UNIT(LENGTH_MEASURE(0.01),#2854,
'DISTANCE_ACCURACY_VALUE',
'Maximum model space distance between geometric entities at asserted c
onnectivities');
#2848=UNCERTAINTY_MEASURE_WITH_UNIT(LENGTH_MEASURE(0.01),#2854,
'DISTANCE_ACCURACY_VALUE',
'Maximum model space distance between geometric entities at asserted c
onnectivities');
#2849=UNCERTAINTY_MEASURE_WITH_UNIT(LENGTH_MEASURE(0.01),#2854,
'DISTANCE_ACCURACY_VALUE',
'Maximum model space distance between geometric entities at asserted c
onnectivities');
#2850=(
GEOMETRIC_REPRESENTATION_CONTEXT(3)
GLOBAL_UNCERTAINTY_ASSIGNED_CONTEXT((#2846))
GLOBAL_UNIT_ASSIGNED_CONTEXT((#2854,#2856,#2857))
REPRESENTATION_CONTEXT('','3D')
);
#2851=(
GEOMETRIC_REPRESENTATION_CONTEXT(3)
GLOBAL_UNCERTAINTY_ASSIGNED_CONTEXT((#2847))
GLOBAL_UNIT_ASSIGNED_CONTEXT((#2854,#2856,#2857))
REPRESENTATION_CONTEXT('','3D')
);
#2852=(
GEOMETRIC_REPRESENTATION_CONTEXT(3)
GLOBAL_UNCERTAINTY_ASSIGNED_CONTEXT((#2848))
GLOBAL_UNIT_ASSIGNED_CONTEXT((#2854,#2856,#2857))
REPRESENTATION_CONTEXT('','3D')
);
#2853=(
GEOMETRIC_REPRESENTATION_CONTEXT(3)
GLOBAL_UNCERTAINTY_ASSIGNED_CONTEXT((#2849))
GLOBAL_UNIT_ASSIGNED_CONTEXT((#2854,#2856,#2857))
REPRESENTATION_CONTEXT('','3D')
);
#2854=(
LENGTH_UNIT()
NAMED_UNIT(*)
SI_UNIT(.MILLI.,.METRE.)
);
#2855=(
LENGTH_UNIT()
NAMED_UNIT(*)
SI_UNIT($,.METRE.)
);
#2856=(
NAMED_UNIT(*)
PLANE_ANGLE_UNIT()
SI_UNIT($,.RADIAN.)
);
#2857=(
NAMED_UNIT(*)
SI_UNIT($,.STERADIAN.)
SOLID_ANGLE_UNIT()
);
#2858=SHAPE_DEFINITION_REPRESENTATION(#2861,#2881);
#2859=SHAPE_DEFINITION_REPRESENTATION(#2862,#2882);
#2860=SHAPE_DEFINITION_REPRESENTATION(#2863,#2883);
#2861=PRODUCT_DEFINITION_SHAPE('',$,#2885);
#2862=PRODUCT_DEFINITION_SHAPE('',$,#2886);
#2863=PRODUCT_DEFINITION_SHAPE('',$,#2887);
#2864=PRODUCT_DEFINITION_SHAPE($,$,#62);
#2865=PRODUCT_DEFINITION_SHAPE($,$,#63);
#2866=PRODUCT_DEFINITION_SHAPE($,$,#64);
#2867=PRODUCT_DEFINITION_SHAPE($,$,#65);
#2868=PRODUCT_DEFINITION_SHAPE($,$,#66);
#2869=PRODUCT_DEFINITION_SHAPE($,$,#67);
#2870=PRODUCT_DEFINITION_SHAPE($,$,#68);
#2871=PRODUCT_DEFINITION_SHAPE($,$,#69);
#2872=PRODUCT_DEFINITION_SHAPE($,$,#70);
#2873=PRODUCT_DEFINITION_SHAPE($,$,#71);
#2874=PRODUCT_DEFINITION_SHAPE($,$,#72);
#2875=PRODUCT_DEFINITION_SHAPE($,$,#73);
#2876=PRODUCT_DEFINITION_SHAPE($,$,#74);
#2877=PRODUCT_DEFINITION_SHAPE($,$,#75);
#2878=PRODUCT_DEFINITION_SHAPE($,$,#76);
#2879=PRODUCT_DEFINITION_SHAPE($,$,#77);
#2880=PRODUCT_DEFINITION_SHAPE($,$,#78);
#2881=SHAPE_REPRESENTATION('',(#1740,#1862,#1863,#1864,#1865,#1866,#1867,
#1868,#1869,#1870,#1871,#1872,#1873,#1874,#1875,#1876,#1877,#1878),#2850);
#2882=SHAPE_REPRESENTATION('',(#1741),#2851);
#2883=SHAPE_REPRESENTATION('',(#1853),#2852);
#2884=PRODUCT_DEFINITION_CONTEXT('part definition',#2895,'design');
#2885=PRODUCT_DEFINITION('QFN-16 (3x3) Assembly','(Sin guardar)',#2888,
#2884);
#2886=PRODUCT_DEFINITION('QFN-16 (3x3) Part1','QFN-16 (3x3) Part1',#2889,
#2884);
#2887=PRODUCT_DEFINITION('QFN-16 (3x3) Part2','QFN-16 (3x3) Part2',#2890,
#2884);
#2888=PRODUCT_DEFINITION_FORMATION('',$,#2897);
#2889=PRODUCT_DEFINITION_FORMATION('',$,#2898);
#2890=PRODUCT_DEFINITION_FORMATION('',$,#2899);
#2891=PRODUCT_RELATED_PRODUCT_CATEGORY('(Sin guardar)','(Sin guardar)',
(#2897));
#2892=PRODUCT_RELATED_PRODUCT_CATEGORY('QFN-16 (3x3) Part1',
'QFN-16 (3x3) Part1',(#2898));
#2893=PRODUCT_RELATED_PRODUCT_CATEGORY('QFN-16 (3x3) Part2',
'QFN-16 (3x3) Part2',(#2899));
#2894=APPLICATION_PROTOCOL_DEFINITION('international standard',
'automotive_design',2009,#2895);
#2895=APPLICATION_CONTEXT(
'Core Data for Automotive Mechanical Design Process');
#2896=PRODUCT_CONTEXT('part definition',#2895,'mechanical');
#2897=PRODUCT('QFN-16 (3x3) Assembly','(Sin guardar)',$,(#2896));
#2898=PRODUCT('QFN-16 (3x3) Part1','QFN-16 (3x3) Part1',' ',(#2896));
#2899=PRODUCT('QFN-16 (3x3) Part2','QFN-16 (3x3) Part2',' ',(#2896));
#2900=PRESENTATION_STYLE_ASSIGNMENT((#2903));
#2901=PRESENTATION_STYLE_ASSIGNMENT((#2904));
#2902=PRESENTATION_STYLE_ASSIGNMENT((#2905));
#2903=SURFACE_STYLE_USAGE(.BOTH.,#2906);
#2904=SURFACE_STYLE_USAGE(.BOTH.,#2907);
#2905=SURFACE_STYLE_USAGE(.BOTH.,#2908);
#2906=SURFACE_SIDE_STYLE('',(#2909));
#2907=SURFACE_SIDE_STYLE('',(#2910));
#2908=SURFACE_SIDE_STYLE('',(#2911));
#2909=SURFACE_STYLE_FILL_AREA(#2912);
#2910=SURFACE_STYLE_FILL_AREA(#2913);
#2911=SURFACE_STYLE_FILL_AREA(#2914);
#2912=FILL_AREA_STYLE('Acero - Satinado',(#2915));
#2913=FILL_AREA_STYLE('Tough 2000 (con impresoras 3D Formlabs SLA)',(#2916));
#2914=FILL_AREA_STYLE('Opaque(204,204,204)',(#2917));
#2915=FILL_AREA_STYLE_COLOUR('Acero - Satinado',#2918);
#2916=FILL_AREA_STYLE_COLOUR(
'Tough 2000 (con impresoras 3D Formlabs SLA)',#2919);
#2917=FILL_AREA_STYLE_COLOUR('Opaque(204,204,204)',#2920);
#2918=COLOUR_RGB('Acero - Satinado',0.627450980392157,0.627450980392157,
0.627450980392157);
#2919=COLOUR_RGB('Tough 2000 (con impresoras 3D Formlabs SLA)',0.247058823529412,
0.247058823529412,0.247058823529412);
#2920=COLOUR_RGB('Opaque(204,204,204)',0.8,0.8,0.8);
ENDSEC;
END-ISO-10303-21;
