ISO-10303-21;
HEADER;
/* Generated by software containing ST-Developer
 * from STEP Tools, Inc. (www.steptools.com) 
 */

FILE_DESCRIPTION(
/* description */ ('STEP AP214'),
/* implementation_level */ '2;1');

FILE_NAME(
/* name */ 'UFQFPN28.step',
/* time_stamp */ '2026-02-05T11:40:26+09:00',
/* author */ (''),
/* organization */ (''),
/* preprocessor_version */ 'ST-DEVELOPER v20.1',
/* originating_system */ 'Autodesk Translation Framework v14.24.0.0',
/* authorisation */ '');

FILE_SCHEMA (('AUTOMOTIVE_DESIGN { 1 0 10303 214 3 1 1 }'));
ENDSEC;

DATA;
#10=MECHANICAL_DESIGN_GEOMETRIC_PRESENTATION_REPRESENTATION('',(#275,#276,
#277,#278,#279,#280,#281),#9538);
#11=SHAPE_REPRESENTATION_RELATIONSHIP('SRR','None',#9545,#12);
#12=ADVANCED_BREP_SHAPE_REPRESENTATION('',(#13),#9537);
#13=MANIFOLD_SOLID_BREP('Cuerpo1',#5969);
#14=SPHERICAL_SURFACE('',#6006,0.251016666666667);
#15=FACE_BOUND('',#578,.T.);
#16=PLANE('',#6004);
#17=PLANE('',#6007);
#18=PLANE('',#6008);
#19=PLANE('',#6009);
#20=PLANE('',#6010);
#21=PLANE('',#6011);
#22=PLANE('',#6033);
#23=PLANE('',#6034);
#24=PLANE('',#6035);
#25=PLANE('',#6036);
#26=PLANE('',#6037);
#27=PLANE('',#6038);
#28=PLANE('',#6039);
#29=PLANE('',#6040);
#30=PLANE('',#6041);
#31=PLANE('',#6042);
#32=PLANE('',#6043);
#33=PLANE('',#6044);
#34=PLANE('',#6045);
#35=PLANE('',#6046);
#36=PLANE('',#6047);
#37=PLANE('',#6048);
#38=PLANE('',#6049);
#39=PLANE('',#6050);
#40=PLANE('',#6051);
#41=PLANE('',#6052);
#42=PLANE('',#6053);
#43=PLANE('',#6054);
#44=PLANE('',#6055);
#45=PLANE('',#6056);
#46=PLANE('',#6057);
#47=PLANE('',#6058);
#48=PLANE('',#6059);
#49=PLANE('',#6060);
#50=PLANE('',#6061);
#51=PLANE('',#6062);
#52=PLANE('',#6063);
#53=PLANE('',#6064);
#54=PLANE('',#6065);
#55=PLANE('',#6066);
#56=PLANE('',#6067);
#57=PLANE('',#6068);
#58=PLANE('',#6069);
#59=PLANE('',#6070);
#60=PLANE('',#6071);
#61=PLANE('',#6072);
#62=PLANE('',#6073);
#63=PLANE('',#6074);
#64=PLANE('',#6075);
#65=PLANE('',#6076);
#66=PLANE('',#6077);
#67=PLANE('',#6078);
#68=PLANE('',#6079);
#69=PLANE('',#6080);
#70=PLANE('',#6081);
#71=PLANE('',#6082);
#72=PLANE('',#6083);
#73=PLANE('',#6084);
#74=PLANE('',#6085);
#75=PLANE('',#6086);
#76=PLANE('',#6087);
#77=PLANE('',#6088);
#78=PLANE('',#6089);
#79=PLANE('',#6090);
#80=PLANE('',#6091);
#81=PLANE('',#6092);
#82=PLANE('',#6093);
#83=PLANE('',#6094);
#84=PLANE('',#6095);
#85=PLANE('',#6096);
#86=PLANE('',#6097);
#87=PLANE('',#6098);
#88=PLANE('',#6099);
#89=PLANE('',#6100);
#90=PLANE('',#6101);
#91=PLANE('',#6102);
#92=PLANE('',#6103);
#93=PLANE('',#6104);
#94=PLANE('',#6105);
#95=PLANE('',#6106);
#96=PLANE('',#6107);
#97=PLANE('',#6108);
#98=PLANE('',#6109);
#99=PLANE('',#6110);
#100=PLANE('',#6111);
#101=PLANE('',#6112);
#102=PLANE('',#6113);
#103=PLANE('',#6114);
#104=PLANE('',#6115);
#105=PLANE('',#6116);
#106=PLANE('',#6117);
#107=PLANE('',#6118);
#108=PLANE('',#6119);
#109=PLANE('',#6120);
#110=PLANE('',#6121);
#111=PLANE('',#6122);
#112=PLANE('',#6123);
#113=PLANE('',#6124);
#114=PLANE('',#6125);
#115=PLANE('',#6126);
#116=PLANE('',#6127);
#117=PLANE('',#6130);
#118=PLANE('',#6131);
#119=PLANE('',#6132);
#120=PLANE('',#6133);
#121=PLANE('',#6136);
#122=PLANE('',#6137);
#123=PLANE('',#6138);
#124=PLANE('',#6139);
#125=PLANE('',#6142);
#126=PLANE('',#6143);
#127=PLANE('',#6144);
#128=PLANE('',#6145);
#129=PLANE('',#6148);
#130=PLANE('',#6149);
#131=PLANE('',#6150);
#132=PLANE('',#6151);
#133=PLANE('',#6154);
#134=PLANE('',#6155);
#135=PLANE('',#6156);
#136=PLANE('',#6157);
#137=PLANE('',#6160);
#138=PLANE('',#6161);
#139=PLANE('',#6162);
#140=PLANE('',#6163);
#141=PLANE('',#6166);
#142=PLANE('',#6167);
#143=PLANE('',#6168);
#144=PLANE('',#6169);
#145=PLANE('',#6172);
#146=PLANE('',#6173);
#147=PLANE('',#6174);
#148=PLANE('',#6175);
#149=PLANE('',#6178);
#150=PLANE('',#6179);
#151=PLANE('',#6180);
#152=PLANE('',#6181);
#153=PLANE('',#6184);
#154=PLANE('',#6185);
#155=PLANE('',#6186);
#156=PLANE('',#6187);
#157=PLANE('',#6190);
#158=PLANE('',#6191);
#159=PLANE('',#6192);
#160=PLANE('',#6193);
#161=PLANE('',#6196);
#162=PLANE('',#6197);
#163=PLANE('',#6198);
#164=PLANE('',#6199);
#165=PLANE('',#6202);
#166=PLANE('',#6203);
#167=PLANE('',#6204);
#168=PLANE('',#6205);
#169=PLANE('',#6208);
#170=PLANE('',#6209);
#171=PLANE('',#6210);
#172=PLANE('',#6211);
#173=PLANE('',#6214);
#174=PLANE('',#6215);
#175=PLANE('',#6216);
#176=PLANE('',#6217);
#177=PLANE('',#6220);
#178=PLANE('',#6221);
#179=PLANE('',#6222);
#180=PLANE('',#6223);
#181=PLANE('',#6226);
#182=PLANE('',#6227);
#183=PLANE('',#6228);
#184=PLANE('',#6229);
#185=PLANE('',#6232);
#186=PLANE('',#6233);
#187=PLANE('',#6234);
#188=PLANE('',#6235);
#189=PLANE('',#6238);
#190=PLANE('',#6239);
#191=PLANE('',#6240);
#192=PLANE('',#6241);
#193=PLANE('',#6244);
#194=PLANE('',#6245);
#195=PLANE('',#6246);
#196=PLANE('',#6247);
#197=PLANE('',#6250);
#198=PLANE('',#6251);
#199=PLANE('',#6252);
#200=PLANE('',#6253);
#201=PLANE('',#6254);
#202=PLANE('',#6255);
#203=PLANE('',#6256);
#204=PLANE('',#6257);
#205=PLANE('',#6258);
#206=PLANE('',#6259);
#207=PLANE('',#6260);
#208=PLANE('',#6261);
#209=PLANE('',#6262);
#210=PLANE('',#6263);
#211=PLANE('',#6264);
#212=PLANE('',#6265);
#213=PLANE('',#6266);
#214=PLANE('',#6267);
#215=PLANE('',#6268);
#216=PLANE('',#6269);
#217=PLANE('',#6270);
#218=PLANE('',#6271);
#219=PLANE('',#6272);
#220=PLANE('',#6273);
#221=PLANE('',#6274);
#222=PLANE('',#6275);
#223=PLANE('',#6276);
#224=PLANE('',#6277);
#225=PLANE('',#6278);
#226=PLANE('',#6279);
#227=PLANE('',#6280);
#228=PLANE('',#6281);
#229=PLANE('',#6282);
#230=PLANE('',#6283);
#231=PLANE('',#6284);
#232=PLANE('',#6285);
#233=PLANE('',#6286);
#234=PLANE('',#6287);
#235=PLANE('',#6288);
#236=PLANE('',#6289);
#237=PLANE('',#6290);
#238=PLANE('',#6291);
#239=PLANE('',#6292);
#240=PLANE('',#6293);
#241=PLANE('',#6294);
#242=PLANE('',#6295);
#243=PLANE('',#6296);
#244=PLANE('',#6297);
#245=PLANE('',#6298);
#246=PLANE('',#6299);
#247=PLANE('',#6300);
#248=PLANE('',#6301);
#249=PLANE('',#6302);
#250=PLANE('',#6303);
#251=PLANE('',#6304);
#252=PLANE('',#6305);
#253=PLANE('',#6306);
#254=PLANE('',#6307);
#255=PLANE('',#6308);
#256=PLANE('',#6309);
#257=PLANE('',#6310);
#258=PLANE('',#6311);
#259=PLANE('',#6312);
#260=PLANE('',#6313);
#261=PLANE('',#6314);
#262=PLANE('',#6315);
#263=PLANE('',#6316);
#264=PLANE('',#6317);
#265=PLANE('',#6318);
#266=PLANE('',#6319);
#267=PLANE('',#6320);
#268=PLANE('',#6321);
#269=PLANE('',#6322);
#270=PLANE('',#6323);
#271=PLANE('',#6324);
#272=PLANE('',#6325);
#273=PLANE('',#6326);
#274=PLANE('',#6327);
#275=STYLED_ITEM('',(#9556),#5688);
#276=STYLED_ITEM('',(#9556),#5690);
#277=STYLED_ITEM('',(#9556),#5691);
#278=STYLED_ITEM('',(#9556),#5692);
#279=STYLED_ITEM('',(#9556),#5693);
#280=STYLED_ITEM('',(#9556),#5694);
#281=STYLED_ITEM('',(#9555),#13);
#282=FACE_OUTER_BOUND('',#570,.T.);
#283=FACE_OUTER_BOUND('',#571,.T.);
#284=FACE_OUTER_BOUND('',#572,.T.);
#285=FACE_OUTER_BOUND('',#573,.T.);
#286=FACE_OUTER_BOUND('',#574,.T.);
#287=FACE_OUTER_BOUND('',#575,.T.);
#288=FACE_OUTER_BOUND('',#576,.T.);
#289=FACE_OUTER_BOUND('',#577,.T.);
#290=FACE_OUTER_BOUND('',#579,.T.);
#291=FACE_OUTER_BOUND('',#580,.T.);
#292=FACE_OUTER_BOUND('',#581,.T.);
#293=FACE_OUTER_BOUND('',#582,.T.);
#294=FACE_OUTER_BOUND('',#583,.T.);
#295=FACE_OUTER_BOUND('',#584,.T.);
#296=FACE_OUTER_BOUND('',#585,.T.);
#297=FACE_OUTER_BOUND('',#586,.T.);
#298=FACE_OUTER_BOUND('',#587,.T.);
#299=FACE_OUTER_BOUND('',#588,.T.);
#300=FACE_OUTER_BOUND('',#589,.T.);
#301=FACE_OUTER_BOUND('',#590,.T.);
#302=FACE_OUTER_BOUND('',#591,.T.);
#303=FACE_OUTER_BOUND('',#592,.T.);
#304=FACE_OUTER_BOUND('',#593,.T.);
#305=FACE_OUTER_BOUND('',#594,.T.);
#306=FACE_OUTER_BOUND('',#595,.T.);
#307=FACE_OUTER_BOUND('',#596,.T.);
#308=FACE_OUTER_BOUND('',#597,.T.);
#309=FACE_OUTER_BOUND('',#598,.T.);
#310=FACE_OUTER_BOUND('',#599,.T.);
#311=FACE_OUTER_BOUND('',#600,.T.);
#312=FACE_OUTER_BOUND('',#601,.T.);
#313=FACE_OUTER_BOUND('',#602,.T.);
#314=FACE_OUTER_BOUND('',#603,.T.);
#315=FACE_OUTER_BOUND('',#604,.T.);
#316=FACE_OUTER_BOUND('',#605,.T.);
#317=FACE_OUTER_BOUND('',#606,.T.);
#318=FACE_OUTER_BOUND('',#607,.T.);
#319=FACE_OUTER_BOUND('',#608,.T.);
#320=FACE_OUTER_BOUND('',#609,.T.);
#321=FACE_OUTER_BOUND('',#610,.T.);
#322=FACE_OUTER_BOUND('',#611,.T.);
#323=FACE_OUTER_BOUND('',#612,.T.);
#324=FACE_OUTER_BOUND('',#613,.T.);
#325=FACE_OUTER_BOUND('',#614,.T.);
#326=FACE_OUTER_BOUND('',#615,.T.);
#327=FACE_OUTER_BOUND('',#616,.T.);
#328=FACE_OUTER_BOUND('',#617,.T.);
#329=FACE_OUTER_BOUND('',#618,.T.);
#330=FACE_OUTER_BOUND('',#619,.T.);
#331=FACE_OUTER_BOUND('',#620,.T.);
#332=FACE_OUTER_BOUND('',#621,.T.);
#333=FACE_OUTER_BOUND('',#622,.T.);
#334=FACE_OUTER_BOUND('',#623,.T.);
#335=FACE_OUTER_BOUND('',#624,.T.);
#336=FACE_OUTER_BOUND('',#625,.T.);
#337=FACE_OUTER_BOUND('',#626,.T.);
#338=FACE_OUTER_BOUND('',#627,.T.);
#339=FACE_OUTER_BOUND('',#628,.T.);
#340=FACE_OUTER_BOUND('',#629,.T.);
#341=FACE_OUTER_BOUND('',#630,.T.);
#342=FACE_OUTER_BOUND('',#631,.T.);
#343=FACE_OUTER_BOUND('',#632,.T.);
#344=FACE_OUTER_BOUND('',#633,.T.);
#345=FACE_OUTER_BOUND('',#634,.T.);
#346=FACE_OUTER_BOUND('',#635,.T.);
#347=FACE_OUTER_BOUND('',#636,.T.);
#348=FACE_OUTER_BOUND('',#637,.T.);
#349=FACE_OUTER_BOUND('',#638,.T.);
#350=FACE_OUTER_BOUND('',#639,.T.);
#351=FACE_OUTER_BOUND('',#640,.T.);
#352=FACE_OUTER_BOUND('',#641,.T.);
#353=FACE_OUTER_BOUND('',#642,.T.);
#354=FACE_OUTER_BOUND('',#643,.T.);
#355=FACE_OUTER_BOUND('',#644,.T.);
#356=FACE_OUTER_BOUND('',#645,.T.);
#357=FACE_OUTER_BOUND('',#646,.T.);
#358=FACE_OUTER_BOUND('',#647,.T.);
#359=FACE_OUTER_BOUND('',#648,.T.);
#360=FACE_OUTER_BOUND('',#649,.T.);
#361=FACE_OUTER_BOUND('',#650,.T.);
#362=FACE_OUTER_BOUND('',#651,.T.);
#363=FACE_OUTER_BOUND('',#652,.T.);
#364=FACE_OUTER_BOUND('',#653,.T.);
#365=FACE_OUTER_BOUND('',#654,.T.);
#366=FACE_OUTER_BOUND('',#655,.T.);
#367=FACE_OUTER_BOUND('',#656,.T.);
#368=FACE_OUTER_BOUND('',#657,.T.);
#369=FACE_OUTER_BOUND('',#658,.T.);
#370=FACE_OUTER_BOUND('',#659,.T.);
#371=FACE_OUTER_BOUND('',#660,.T.);
#372=FACE_OUTER_BOUND('',#661,.T.);
#373=FACE_OUTER_BOUND('',#662,.T.);
#374=FACE_OUTER_BOUND('',#663,.T.);
#375=FACE_OUTER_BOUND('',#664,.T.);
#376=FACE_OUTER_BOUND('',#665,.T.);
#377=FACE_OUTER_BOUND('',#666,.T.);
#378=FACE_OUTER_BOUND('',#667,.T.);
#379=FACE_OUTER_BOUND('',#668,.T.);
#380=FACE_OUTER_BOUND('',#669,.T.);
#381=FACE_OUTER_BOUND('',#670,.T.);
#382=FACE_OUTER_BOUND('',#671,.T.);
#383=FACE_OUTER_BOUND('',#672,.T.);
#384=FACE_OUTER_BOUND('',#673,.T.);
#385=FACE_OUTER_BOUND('',#674,.T.);
#386=FACE_OUTER_BOUND('',#675,.T.);
#387=FACE_OUTER_BOUND('',#676,.T.);
#388=FACE_OUTER_BOUND('',#677,.T.);
#389=FACE_OUTER_BOUND('',#678,.T.);
#390=FACE_OUTER_BOUND('',#679,.T.);
#391=FACE_OUTER_BOUND('',#680,.T.);
#392=FACE_OUTER_BOUND('',#681,.T.);
#393=FACE_OUTER_BOUND('',#682,.T.);
#394=FACE_OUTER_BOUND('',#683,.T.);
#395=FACE_OUTER_BOUND('',#684,.T.);
#396=FACE_OUTER_BOUND('',#685,.T.);
#397=FACE_OUTER_BOUND('',#686,.T.);
#398=FACE_OUTER_BOUND('',#687,.T.);
#399=FACE_OUTER_BOUND('',#688,.T.);
#400=FACE_OUTER_BOUND('',#689,.T.);
#401=FACE_OUTER_BOUND('',#690,.T.);
#402=FACE_OUTER_BOUND('',#691,.T.);
#403=FACE_OUTER_BOUND('',#692,.T.);
#404=FACE_OUTER_BOUND('',#693,.T.);
#405=FACE_OUTER_BOUND('',#694,.T.);
#406=FACE_OUTER_BOUND('',#695,.T.);
#407=FACE_OUTER_BOUND('',#696,.T.);
#408=FACE_OUTER_BOUND('',#697,.T.);
#409=FACE_OUTER_BOUND('',#698,.T.);
#410=FACE_OUTER_BOUND('',#699,.T.);
#411=FACE_OUTER_BOUND('',#700,.T.);
#412=FACE_OUTER_BOUND('',#701,.T.);
#413=FACE_OUTER_BOUND('',#702,.T.);
#414=FACE_OUTER_BOUND('',#703,.T.);
#415=FACE_OUTER_BOUND('',#704,.T.);
#416=FACE_OUTER_BOUND('',#705,.T.);
#417=FACE_OUTER_BOUND('',#706,.T.);
#418=FACE_OUTER_BOUND('',#707,.T.);
#419=FACE_OUTER_BOUND('',#708,.T.);
#420=FACE_OUTER_BOUND('',#709,.T.);
#421=FACE_OUTER_BOUND('',#710,.T.);
#422=FACE_OUTER_BOUND('',#711,.T.);
#423=FACE_OUTER_BOUND('',#712,.T.);
#424=FACE_OUTER_BOUND('',#713,.T.);
#425=FACE_OUTER_BOUND('',#714,.T.);
#426=FACE_OUTER_BOUND('',#715,.T.);
#427=FACE_OUTER_BOUND('',#716,.T.);
#428=FACE_OUTER_BOUND('',#717,.T.);
#429=FACE_OUTER_BOUND('',#718,.T.);
#430=FACE_OUTER_BOUND('',#719,.T.);
#431=FACE_OUTER_BOUND('',#720,.T.);
#432=FACE_OUTER_BOUND('',#721,.T.);
#433=FACE_OUTER_BOUND('',#722,.T.);
#434=FACE_OUTER_BOUND('',#723,.T.);
#435=FACE_OUTER_BOUND('',#724,.T.);
#436=FACE_OUTER_BOUND('',#725,.T.);
#437=FACE_OUTER_BOUND('',#726,.T.);
#438=FACE_OUTER_BOUND('',#727,.T.);
#439=FACE_OUTER_BOUND('',#728,.T.);
#440=FACE_OUTER_BOUND('',#729,.T.);
#441=FACE_OUTER_BOUND('',#730,.T.);
#442=FACE_OUTER_BOUND('',#731,.T.);
#443=FACE_OUTER_BOUND('',#732,.T.);
#444=FACE_OUTER_BOUND('',#733,.T.);
#445=FACE_OUTER_BOUND('',#734,.T.);
#446=FACE_OUTER_BOUND('',#735,.T.);
#447=FACE_OUTER_BOUND('',#736,.T.);
#448=FACE_OUTER_BOUND('',#737,.T.);
#449=FACE_OUTER_BOUND('',#738,.T.);
#450=FACE_OUTER_BOUND('',#739,.T.);
#451=FACE_OUTER_BOUND('',#740,.T.);
#452=FACE_OUTER_BOUND('',#741,.T.);
#453=FACE_OUTER_BOUND('',#742,.T.);
#454=FACE_OUTER_BOUND('',#743,.T.);
#455=FACE_OUTER_BOUND('',#744,.T.);
#456=FACE_OUTER_BOUND('',#745,.T.);
#457=FACE_OUTER_BOUND('',#746,.T.);
#458=FACE_OUTER_BOUND('',#747,.T.);
#459=FACE_OUTER_BOUND('',#748,.T.);
#460=FACE_OUTER_BOUND('',#749,.T.);
#461=FACE_OUTER_BOUND('',#750,.T.);
#462=FACE_OUTER_BOUND('',#751,.T.);
#463=FACE_OUTER_BOUND('',#752,.T.);
#464=FACE_OUTER_BOUND('',#753,.T.);
#465=FACE_OUTER_BOUND('',#754,.T.);
#466=FACE_OUTER_BOUND('',#755,.T.);
#467=FACE_OUTER_BOUND('',#756,.T.);
#468=FACE_OUTER_BOUND('',#757,.T.);
#469=FACE_OUTER_BOUND('',#758,.T.);
#470=FACE_OUTER_BOUND('',#759,.T.);
#471=FACE_OUTER_BOUND('',#760,.T.);
#472=FACE_OUTER_BOUND('',#761,.T.);
#473=FACE_OUTER_BOUND('',#762,.T.);
#474=FACE_OUTER_BOUND('',#763,.T.);
#475=FACE_OUTER_BOUND('',#764,.T.);
#476=FACE_OUTER_BOUND('',#765,.T.);
#477=FACE_OUTER_BOUND('',#766,.T.);
#478=FACE_OUTER_BOUND('',#767,.T.);
#479=FACE_OUTER_BOUND('',#768,.T.);
#480=FACE_OUTER_BOUND('',#769,.T.);
#481=FACE_OUTER_BOUND('',#770,.T.);
#482=FACE_OUTER_BOUND('',#771,.T.);
#483=FACE_OUTER_BOUND('',#772,.T.);
#484=FACE_OUTER_BOUND('',#773,.T.);
#485=FACE_OUTER_BOUND('',#774,.T.);
#486=FACE_OUTER_BOUND('',#775,.T.);
#487=FACE_OUTER_BOUND('',#776,.T.);
#488=FACE_OUTER_BOUND('',#777,.T.);
#489=FACE_OUTER_BOUND('',#778,.T.);
#490=FACE_OUTER_BOUND('',#779,.T.);
#491=FACE_OUTER_BOUND('',#780,.T.);
#492=FACE_OUTER_BOUND('',#781,.T.);
#493=FACE_OUTER_BOUND('',#782,.T.);
#494=FACE_OUTER_BOUND('',#783,.T.);
#495=FACE_OUTER_BOUND('',#784,.T.);
#496=FACE_OUTER_BOUND('',#785,.T.);
#497=FACE_OUTER_BOUND('',#786,.T.);
#498=FACE_OUTER_BOUND('',#787,.T.);
#499=FACE_OUTER_BOUND('',#788,.T.);
#500=FACE_OUTER_BOUND('',#789,.T.);
#501=FACE_OUTER_BOUND('',#790,.T.);
#502=FACE_OUTER_BOUND('',#791,.T.);
#503=FACE_OUTER_BOUND('',#792,.T.);
#504=FACE_OUTER_BOUND('',#793,.T.);
#505=FACE_OUTER_BOUND('',#794,.T.);
#506=FACE_OUTER_BOUND('',#795,.T.);
#507=FACE_OUTER_BOUND('',#796,.T.);
#508=FACE_OUTER_BOUND('',#797,.T.);
#509=FACE_OUTER_BOUND('',#798,.T.);
#510=FACE_OUTER_BOUND('',#799,.T.);
#511=FACE_OUTER_BOUND('',#800,.T.);
#512=FACE_OUTER_BOUND('',#801,.T.);
#513=FACE_OUTER_BOUND('',#802,.T.);
#514=FACE_OUTER_BOUND('',#803,.T.);
#515=FACE_OUTER_BOUND('',#804,.T.);
#516=FACE_OUTER_BOUND('',#805,.T.);
#517=FACE_OUTER_BOUND('',#806,.T.);
#518=FACE_OUTER_BOUND('',#807,.T.);
#519=FACE_OUTER_BOUND('',#808,.T.);
#520=FACE_OUTER_BOUND('',#809,.T.);
#521=FACE_OUTER_BOUND('',#810,.T.);
#522=FACE_OUTER_BOUND('',#811,.T.);
#523=FACE_OUTER_BOUND('',#812,.T.);
#524=FACE_OUTER_BOUND('',#813,.T.);
#525=FACE_OUTER_BOUND('',#814,.T.);
#526=FACE_OUTER_BOUND('',#815,.T.);
#527=FACE_OUTER_BOUND('',#816,.T.);
#528=FACE_OUTER_BOUND('',#817,.T.);
#529=FACE_OUTER_BOUND('',#818,.T.);
#530=FACE_OUTER_BOUND('',#819,.T.);
#531=FACE_OUTER_BOUND('',#820,.T.);
#532=FACE_OUTER_BOUND('',#821,.T.);
#533=FACE_OUTER_BOUND('',#822,.T.);
#534=FACE_OUTER_BOUND('',#823,.T.);
#535=FACE_OUTER_BOUND('',#824,.T.);
#536=FACE_OUTER_BOUND('',#825,.T.);
#537=FACE_OUTER_BOUND('',#826,.T.);
#538=FACE_OUTER_BOUND('',#827,.T.);
#539=FACE_OUTER_BOUND('',#828,.T.);
#540=FACE_OUTER_BOUND('',#829,.T.);
#541=FACE_OUTER_BOUND('',#830,.T.);
#542=FACE_OUTER_BOUND('',#831,.T.);
#543=FACE_OUTER_BOUND('',#832,.T.);
#544=FACE_OUTER_BOUND('',#833,.T.);
#545=FACE_OUTER_BOUND('',#834,.T.);
#546=FACE_OUTER_BOUND('',#835,.T.);
#547=FACE_OUTER_BOUND('',#836,.T.);
#548=FACE_OUTER_BOUND('',#837,.T.);
#549=FACE_OUTER_BOUND('',#838,.T.);
#550=FACE_OUTER_BOUND('',#839,.T.);
#551=FACE_OUTER_BOUND('',#840,.T.);
#552=FACE_OUTER_BOUND('',#841,.T.);
#553=FACE_OUTER_BOUND('',#842,.T.);
#554=FACE_OUTER_BOUND('',#843,.T.);
#555=FACE_OUTER_BOUND('',#844,.T.);
#556=FACE_OUTER_BOUND('',#845,.T.);
#557=FACE_OUTER_BOUND('',#846,.T.);
#558=FACE_OUTER_BOUND('',#847,.T.);
#559=FACE_OUTER_BOUND('',#848,.T.);
#560=FACE_OUTER_BOUND('',#849,.T.);
#561=FACE_OUTER_BOUND('',#850,.T.);
#562=FACE_OUTER_BOUND('',#851,.T.);
#563=FACE_OUTER_BOUND('',#852,.T.);
#564=FACE_OUTER_BOUND('',#853,.T.);
#565=FACE_OUTER_BOUND('',#854,.T.);
#566=FACE_OUTER_BOUND('',#855,.T.);
#567=FACE_OUTER_BOUND('',#856,.T.);
#568=FACE_OUTER_BOUND('',#857,.T.);
#569=FACE_OUTER_BOUND('',#858,.T.);
#570=EDGE_LOOP('',(#3941,#3942,#3943,#3944));
#571=EDGE_LOOP('',(#3945,#3946,#3947,#3948));
#572=EDGE_LOOP('',(#3949,#3950,#3951,#3952));
#573=EDGE_LOOP('',(#3953,#3954,#3955,#3956));
#574=EDGE_LOOP('',(#3957,#3958,#3959,#3960));
#575=EDGE_LOOP('',(#3961,#3962,#3963,#3964));
#576=EDGE_LOOP('',(#3965,#3966,#3967,#3968));
#577=EDGE_LOOP('',(#3969,#3970,#3971,#3972));
#578=EDGE_LOOP('',(#3973));
#579=EDGE_LOOP('',(#3974));
#580=EDGE_LOOP('',(#3975,#3976,#3977,#3978,#3979,#3980,#3981,#3982,#3983,
#3984,#3985,#3986,#3987,#3988,#3989,#3990,#3991,#3992,#3993,#3994,#3995,
#3996,#3997,#3998,#3999,#4000,#4001,#4002,#4003,#4004,#4005,#4006));
#581=EDGE_LOOP('',(#4007,#4008,#4009,#4010,#4011,#4012,#4013,#4014,#4015,
#4016,#4017,#4018,#4019,#4020,#4021,#4022,#4023,#4024,#4025,#4026,#4027,
#4028,#4029,#4030,#4031,#4032,#4033,#4034,#4035,#4036,#4037,#4038));
#582=EDGE_LOOP('',(#4039,#4040,#4041,#4042,#4043,#4044,#4045,#4046,#4047,
#4048,#4049,#4050,#4051,#4052,#4053,#4054,#4055,#4056,#4057,#4058,#4059,
#4060,#4061,#4062,#4063,#4064,#4065,#4066,#4067,#4068,#4069,#4070));
#583=EDGE_LOOP('',(#4071,#4072,#4073,#4074,#4075,#4076,#4077,#4078,#4079,
#4080,#4081,#4082,#4083,#4084,#4085,#4086,#4087,#4088,#4089,#4090,#4091,
#4092,#4093,#4094,#4095,#4096,#4097,#4098,#4099,#4100,#4101,#4102));
#584=EDGE_LOOP('',(#4103,#4104,#4105,#4106,#4107,#4108,#4109,#4110,#4111,
#4112,#4113,#4114,#4115,#4116,#4117,#4118,#4119,#4120,#4121,#4122,#4123,
#4124,#4125,#4126,#4127,#4128,#4129,#4130,#4131,#4132,#4133,#4134,#4135,
#4136,#4137,#4138,#4139,#4140,#4141,#4142,#4143,#4144,#4145,#4146,#4147,
#4148,#4149,#4150,#4151,#4152,#4153,#4154,#4155,#4156,#4157,#4158,#4159,
#4160,#4161,#4162,#4163,#4164,#4165,#4166,#4167,#4168,#4169,#4170,#4171,
#4172,#4173,#4174,#4175,#4176,#4177,#4178,#4179,#4180,#4181,#4182,#4183,
#4184,#4185,#4186,#4187,#4188,#4189,#4190,#4191,#4192,#4193,#4194,#4195,
#4196,#4197,#4198,#4199,#4200,#4201,#4202,#4203,#4204,#4205,#4206,#4207,
#4208,#4209,#4210,#4211,#4212,#4213,#4214,#4215,#4216,#4217,#4218,#4219,
#4220,#4221,#4222,#4223,#4224,#4225,#4226,#4227,#4228,#4229,#4230,#4231,
#4232,#4233,#4234,#4235,#4236,#4237,#4238,#4239,#4240,#4241,#4242,#4243,
#4244,#4245,#4246,#4247,#4248,#4249,#4250,#4251,#4252,#4253,#4254,#4255,
#4256,#4257,#4258,#4259,#4260,#4261,#4262,#4263,#4264,#4265,#4266,#4267,
#4268,#4269,#4270,#4271,#4272,#4273,#4274,#4275,#4276,#4277,#4278,#4279,
#4280,#4281,#4282,#4283,#4284,#4285,#4286,#4287,#4288,#4289,#4290,#4291,
#4292,#4293,#4294,#4295,#4296,#4297,#4298,#4299,#4300,#4301,#4302,#4303,
#4304,#4305,#4306,#4307,#4308,#4309,#4310,#4311,#4312,#4313,#4314,#4315,
#4316,#4317,#4318,#4319,#4320,#4321,#4322,#4323,#4324,#4325,#4326,#4327,
#4328,#4329,#4330,#4331));
#585=EDGE_LOOP('',(#4332,#4333,#4334,#4335,#4336,#4337));
#586=EDGE_LOOP('',(#4338,#4339,#4340,#4341));
#587=EDGE_LOOP('',(#4342,#4343,#4344,#4345,#4346,#4347));
#588=EDGE_LOOP('',(#4348,#4349,#4350,#4351,#4352,#4353));
#589=EDGE_LOOP('',(#4354,#4355,#4356,#4357));
#590=EDGE_LOOP('',(#4358,#4359,#4360,#4361,#4362,#4363));
#591=EDGE_LOOP('',(#4364,#4365,#4366,#4367,#4368,#4369));
#592=EDGE_LOOP('',(#4370,#4371,#4372,#4373));
#593=EDGE_LOOP('',(#4374,#4375,#4376,#4377,#4378,#4379));
#594=EDGE_LOOP('',(#4380,#4381,#4382,#4383,#4384,#4385));
#595=EDGE_LOOP('',(#4386,#4387,#4388,#4389));
#596=EDGE_LOOP('',(#4390,#4391,#4392,#4393,#4394,#4395));
#597=EDGE_LOOP('',(#4396,#4397,#4398,#4399,#4400,#4401));
#598=EDGE_LOOP('',(#4402,#4403,#4404,#4405));
#599=EDGE_LOOP('',(#4406,#4407,#4408,#4409,#4410,#4411));
#600=EDGE_LOOP('',(#4412,#4413,#4414,#4415,#4416,#4417));
#601=EDGE_LOOP('',(#4418,#4419,#4420,#4421));
#602=EDGE_LOOP('',(#4422,#4423,#4424,#4425,#4426,#4427));
#603=EDGE_LOOP('',(#4428,#4429,#4430,#4431,#4432,#4433));
#604=EDGE_LOOP('',(#4434,#4435,#4436,#4437));
#605=EDGE_LOOP('',(#4438,#4439,#4440,#4441,#4442,#4443));
#606=EDGE_LOOP('',(#4444,#4445,#4446,#4447));
#607=EDGE_LOOP('',(#4448,#4449,#4450,#4451,#4452,#4453));
#608=EDGE_LOOP('',(#4454,#4455,#4456,#4457,#4458,#4459));
#609=EDGE_LOOP('',(#4460,#4461,#4462,#4463));
#610=EDGE_LOOP('',(#4464,#4465,#4466,#4467,#4468,#4469));
#611=EDGE_LOOP('',(#4470,#4471,#4472,#4473,#4474,#4475));
#612=EDGE_LOOP('',(#4476,#4477,#4478,#4479));
#613=EDGE_LOOP('',(#4480,#4481,#4482,#4483,#4484,#4485));
#614=EDGE_LOOP('',(#4486,#4487,#4488,#4489,#4490,#4491));
#615=EDGE_LOOP('',(#4492,#4493,#4494,#4495));
#616=EDGE_LOOP('',(#4496,#4497,#4498,#4499,#4500,#4501));
#617=EDGE_LOOP('',(#4502,#4503,#4504,#4505,#4506,#4507));
#618=EDGE_LOOP('',(#4508,#4509,#4510,#4511));
#619=EDGE_LOOP('',(#4512,#4513,#4514,#4515,#4516,#4517));
#620=EDGE_LOOP('',(#4518,#4519,#4520,#4521,#4522,#4523));
#621=EDGE_LOOP('',(#4524,#4525,#4526,#4527));
#622=EDGE_LOOP('',(#4528,#4529,#4530,#4531,#4532,#4533));
#623=EDGE_LOOP('',(#4534,#4535,#4536,#4537,#4538,#4539));
#624=EDGE_LOOP('',(#4540,#4541,#4542,#4543));
#625=EDGE_LOOP('',(#4544,#4545,#4546,#4547,#4548,#4549));
#626=EDGE_LOOP('',(#4550,#4551,#4552,#4553,#4554,#4555));
#627=EDGE_LOOP('',(#4556,#4557,#4558,#4559));
#628=EDGE_LOOP('',(#4560,#4561,#4562,#4563,#4564,#4565));
#629=EDGE_LOOP('',(#4566,#4567,#4568,#4569,#4570,#4571));
#630=EDGE_LOOP('',(#4572,#4573,#4574,#4575));
#631=EDGE_LOOP('',(#4576,#4577,#4578,#4579,#4580,#4581));
#632=EDGE_LOOP('',(#4582,#4583,#4584,#4585,#4586,#4587));
#633=EDGE_LOOP('',(#4588,#4589,#4590,#4591));
#634=EDGE_LOOP('',(#4592,#4593,#4594,#4595,#4596,#4597));
#635=EDGE_LOOP('',(#4598,#4599,#4600,#4601,#4602,#4603));
#636=EDGE_LOOP('',(#4604,#4605,#4606,#4607));
#637=EDGE_LOOP('',(#4608,#4609,#4610,#4611,#4612,#4613));
#638=EDGE_LOOP('',(#4614,#4615,#4616,#4617,#4618,#4619));
#639=EDGE_LOOP('',(#4620,#4621,#4622,#4623));
#640=EDGE_LOOP('',(#4624,#4625,#4626,#4627,#4628,#4629));
#641=EDGE_LOOP('',(#4630,#4631,#4632,#4633,#4634,#4635));
#642=EDGE_LOOP('',(#4636,#4637,#4638,#4639));
#643=EDGE_LOOP('',(#4640,#4641,#4642,#4643,#4644,#4645));
#644=EDGE_LOOP('',(#4646,#4647,#4648,#4649,#4650,#4651));
#645=EDGE_LOOP('',(#4652,#4653,#4654,#4655));
#646=EDGE_LOOP('',(#4656,#4657,#4658,#4659,#4660,#4661));
#647=EDGE_LOOP('',(#4662,#4663,#4664,#4665,#4666,#4667));
#648=EDGE_LOOP('',(#4668,#4669,#4670,#4671));
#649=EDGE_LOOP('',(#4672,#4673,#4674,#4675,#4676,#4677));
#650=EDGE_LOOP('',(#4678,#4679,#4680,#4681,#4682,#4683));
#651=EDGE_LOOP('',(#4684,#4685,#4686,#4687));
#652=EDGE_LOOP('',(#4688,#4689,#4690,#4691,#4692,#4693));
#653=EDGE_LOOP('',(#4694,#4695,#4696,#4697,#4698,#4699));
#654=EDGE_LOOP('',(#4700,#4701,#4702,#4703));
#655=EDGE_LOOP('',(#4704,#4705,#4706,#4707,#4708,#4709));
#656=EDGE_LOOP('',(#4710,#4711,#4712,#4713,#4714,#4715));
#657=EDGE_LOOP('',(#4716,#4717,#4718,#4719));
#658=EDGE_LOOP('',(#4720,#4721,#4722,#4723,#4724,#4725));
#659=EDGE_LOOP('',(#4726,#4727,#4728,#4729,#4730,#4731));
#660=EDGE_LOOP('',(#4732,#4733,#4734,#4735));
#661=EDGE_LOOP('',(#4736,#4737,#4738,#4739,#4740,#4741));
#662=EDGE_LOOP('',(#4742,#4743,#4744,#4745,#4746,#4747));
#663=EDGE_LOOP('',(#4748,#4749,#4750,#4751));
#664=EDGE_LOOP('',(#4752,#4753,#4754,#4755,#4756,#4757));
#665=EDGE_LOOP('',(#4758,#4759,#4760,#4761,#4762,#4763));
#666=EDGE_LOOP('',(#4764,#4765,#4766,#4767));
#667=EDGE_LOOP('',(#4768,#4769,#4770,#4771,#4772,#4773));
#668=EDGE_LOOP('',(#4774,#4775,#4776,#4777,#4778,#4779));
#669=EDGE_LOOP('',(#4780,#4781,#4782,#4783));
#670=EDGE_LOOP('',(#4784,#4785,#4786,#4787));
#671=EDGE_LOOP('',(#4788,#4789,#4790,#4791));
#672=EDGE_LOOP('',(#4792,#4793,#4794,#4795));
#673=EDGE_LOOP('',(#4796,#4797,#4798,#4799));
#674=EDGE_LOOP('',(#4800,#4801,#4802,#4803));
#675=EDGE_LOOP('',(#4804,#4805,#4806,#4807));
#676=EDGE_LOOP('',(#4808,#4809,#4810,#4811));
#677=EDGE_LOOP('',(#4812,#4813,#4814,#4815));
#678=EDGE_LOOP('',(#4816,#4817,#4818,#4819));
#679=EDGE_LOOP('',(#4820,#4821,#4822,#4823));
#680=EDGE_LOOP('',(#4824,#4825,#4826,#4827));
#681=EDGE_LOOP('',(#4828,#4829,#4830,#4831));
#682=EDGE_LOOP('',(#4832,#4833,#4834,#4835));
#683=EDGE_LOOP('',(#4836,#4837,#4838,#4839));
#684=EDGE_LOOP('',(#4840,#4841,#4842,#4843));
#685=EDGE_LOOP('',(#4844,#4845,#4846,#4847));
#686=EDGE_LOOP('',(#4848,#4849,#4850,#4851));
#687=EDGE_LOOP('',(#4852,#4853,#4854,#4855));
#688=EDGE_LOOP('',(#4856,#4857,#4858,#4859));
#689=EDGE_LOOP('',(#4860,#4861,#4862,#4863));
#690=EDGE_LOOP('',(#4864,#4865,#4866,#4867));
#691=EDGE_LOOP('',(#4868,#4869,#4870,#4871));
#692=EDGE_LOOP('',(#4872,#4873,#4874,#4875));
#693=EDGE_LOOP('',(#4876,#4877,#4878,#4879));
#694=EDGE_LOOP('',(#4880,#4881,#4882,#4883));
#695=EDGE_LOOP('',(#4884,#4885,#4886,#4887));
#696=EDGE_LOOP('',(#4888,#4889,#4890,#4891));
#697=EDGE_LOOP('',(#4892,#4893,#4894,#4895));
#698=EDGE_LOOP('',(#4896,#4897,#4898,#4899));
#699=EDGE_LOOP('',(#4900,#4901,#4902,#4903));
#700=EDGE_LOOP('',(#4904,#4905,#4906,#4907));
#701=EDGE_LOOP('',(#4908,#4909,#4910,#4911));
#702=EDGE_LOOP('',(#4912,#4913,#4914,#4915));
#703=EDGE_LOOP('',(#4916,#4917,#4918,#4919));
#704=EDGE_LOOP('',(#4920,#4921,#4922,#4923));
#705=EDGE_LOOP('',(#4924,#4925,#4926,#4927));
#706=EDGE_LOOP('',(#4928,#4929,#4930,#4931));
#707=EDGE_LOOP('',(#4932,#4933,#4934,#4935));
#708=EDGE_LOOP('',(#4936,#4937,#4938,#4939));
#709=EDGE_LOOP('',(#4940,#4941,#4942,#4943));
#710=EDGE_LOOP('',(#4944,#4945,#4946,#4947));
#711=EDGE_LOOP('',(#4948,#4949,#4950,#4951));
#712=EDGE_LOOP('',(#4952,#4953,#4954,#4955));
#713=EDGE_LOOP('',(#4956,#4957,#4958,#4959));
#714=EDGE_LOOP('',(#4960,#4961,#4962,#4963));
#715=EDGE_LOOP('',(#4964,#4965,#4966,#4967));
#716=EDGE_LOOP('',(#4968,#4969,#4970,#4971));
#717=EDGE_LOOP('',(#4972,#4973,#4974,#4975));
#718=EDGE_LOOP('',(#4976,#4977,#4978,#4979));
#719=EDGE_LOOP('',(#4980,#4981,#4982,#4983));
#720=EDGE_LOOP('',(#4984,#4985,#4986,#4987));
#721=EDGE_LOOP('',(#4988,#4989,#4990,#4991));
#722=EDGE_LOOP('',(#4992,#4993,#4994,#4995));
#723=EDGE_LOOP('',(#4996,#4997,#4998,#4999));
#724=EDGE_LOOP('',(#5000,#5001,#5002,#5003));
#725=EDGE_LOOP('',(#5004,#5005,#5006,#5007));
#726=EDGE_LOOP('',(#5008,#5009,#5010,#5011));
#727=EDGE_LOOP('',(#5012,#5013,#5014,#5015));
#728=EDGE_LOOP('',(#5016,#5017,#5018,#5019));
#729=EDGE_LOOP('',(#5020,#5021,#5022,#5023));
#730=EDGE_LOOP('',(#5024,#5025,#5026,#5027));
#731=EDGE_LOOP('',(#5028,#5029,#5030,#5031));
#732=EDGE_LOOP('',(#5032,#5033,#5034,#5035));
#733=EDGE_LOOP('',(#5036,#5037,#5038,#5039));
#734=EDGE_LOOP('',(#5040,#5041,#5042,#5043));
#735=EDGE_LOOP('',(#5044,#5045,#5046,#5047));
#736=EDGE_LOOP('',(#5048,#5049,#5050,#5051));
#737=EDGE_LOOP('',(#5052,#5053,#5054,#5055));
#738=EDGE_LOOP('',(#5056,#5057,#5058,#5059));
#739=EDGE_LOOP('',(#5060,#5061,#5062,#5063));
#740=EDGE_LOOP('',(#5064,#5065,#5066,#5067));
#741=EDGE_LOOP('',(#5068,#5069,#5070,#5071));
#742=EDGE_LOOP('',(#5072,#5073,#5074,#5075));
#743=EDGE_LOOP('',(#5076,#5077,#5078,#5079));
#744=EDGE_LOOP('',(#5080,#5081,#5082,#5083));
#745=EDGE_LOOP('',(#5084,#5085,#5086,#5087));
#746=EDGE_LOOP('',(#5088,#5089,#5090,#5091));
#747=EDGE_LOOP('',(#5092,#5093,#5094,#5095));
#748=EDGE_LOOP('',(#5096,#5097,#5098,#5099));
#749=EDGE_LOOP('',(#5100,#5101,#5102,#5103));
#750=EDGE_LOOP('',(#5104,#5105,#5106,#5107));
#751=EDGE_LOOP('',(#5108,#5109,#5110,#5111));
#752=EDGE_LOOP('',(#5112,#5113,#5114,#5115));
#753=EDGE_LOOP('',(#5116,#5117,#5118,#5119));
#754=EDGE_LOOP('',(#5120,#5121,#5122,#5123));
#755=EDGE_LOOP('',(#5124,#5125,#5126,#5127));
#756=EDGE_LOOP('',(#5128,#5129,#5130,#5131));
#757=EDGE_LOOP('',(#5132,#5133,#5134,#5135));
#758=EDGE_LOOP('',(#5136,#5137,#5138,#5139));
#759=EDGE_LOOP('',(#5140,#5141,#5142,#5143));
#760=EDGE_LOOP('',(#5144,#5145,#5146,#5147));
#761=EDGE_LOOP('',(#5148,#5149,#5150,#5151));
#762=EDGE_LOOP('',(#5152,#5153,#5154,#5155));
#763=EDGE_LOOP('',(#5156,#5157,#5158,#5159));
#764=EDGE_LOOP('',(#5160,#5161,#5162,#5163));
#765=EDGE_LOOP('',(#5164,#5165,#5166,#5167));
#766=EDGE_LOOP('',(#5168,#5169,#5170,#5171));
#767=EDGE_LOOP('',(#5172,#5173,#5174,#5175));
#768=EDGE_LOOP('',(#5176,#5177,#5178,#5179));
#769=EDGE_LOOP('',(#5180,#5181,#5182,#5183));
#770=EDGE_LOOP('',(#5184,#5185,#5186,#5187));
#771=EDGE_LOOP('',(#5188,#5189,#5190,#5191));
#772=EDGE_LOOP('',(#5192,#5193,#5194,#5195));
#773=EDGE_LOOP('',(#5196,#5197,#5198,#5199));
#774=EDGE_LOOP('',(#5200,#5201,#5202,#5203));
#775=EDGE_LOOP('',(#5204,#5205,#5206,#5207));
#776=EDGE_LOOP('',(#5208,#5209,#5210,#5211));
#777=EDGE_LOOP('',(#5212,#5213,#5214,#5215));
#778=EDGE_LOOP('',(#5216,#5217,#5218,#5219));
#779=EDGE_LOOP('',(#5220,#5221,#5222,#5223));
#780=EDGE_LOOP('',(#5224,#5225,#5226,#5227));
#781=EDGE_LOOP('',(#5228,#5229,#5230,#5231));
#782=EDGE_LOOP('',(#5232,#5233,#5234,#5235));
#783=EDGE_LOOP('',(#5236,#5237,#5238,#5239));
#784=EDGE_LOOP('',(#5240,#5241,#5242,#5243));
#785=EDGE_LOOP('',(#5244,#5245,#5246,#5247));
#786=EDGE_LOOP('',(#5248,#5249,#5250,#5251));
#787=EDGE_LOOP('',(#5252,#5253,#5254,#5255));
#788=EDGE_LOOP('',(#5256,#5257,#5258,#5259));
#789=EDGE_LOOP('',(#5260,#5261,#5262,#5263));
#790=EDGE_LOOP('',(#5264,#5265,#5266,#5267));
#791=EDGE_LOOP('',(#5268,#5269,#5270,#5271));
#792=EDGE_LOOP('',(#5272,#5273,#5274,#5275));
#793=EDGE_LOOP('',(#5276,#5277,#5278,#5279));
#794=EDGE_LOOP('',(#5280,#5281,#5282,#5283));
#795=EDGE_LOOP('',(#5284,#5285,#5286,#5287));
#796=EDGE_LOOP('',(#5288,#5289,#5290,#5291));
#797=EDGE_LOOP('',(#5292,#5293,#5294,#5295));
#798=EDGE_LOOP('',(#5296,#5297,#5298,#5299));
#799=EDGE_LOOP('',(#5300,#5301,#5302,#5303));
#800=EDGE_LOOP('',(#5304,#5305,#5306,#5307));
#801=EDGE_LOOP('',(#5308,#5309,#5310,#5311));
#802=EDGE_LOOP('',(#5312,#5313,#5314,#5315));
#803=EDGE_LOOP('',(#5316,#5317,#5318,#5319,#5320,#5321,#5322,#5323));
#804=EDGE_LOOP('',(#5324,#5325,#5326,#5327));
#805=EDGE_LOOP('',(#5328,#5329,#5330,#5331,#5332,#5333,#5334,#5335));
#806=EDGE_LOOP('',(#5336,#5337,#5338,#5339));
#807=EDGE_LOOP('',(#5340,#5341,#5342,#5343,#5344,#5345,#5346,#5347));
#808=EDGE_LOOP('',(#5348,#5349,#5350,#5351));
#809=EDGE_LOOP('',(#5352,#5353,#5354,#5355,#5356,#5357,#5358,#5359));
#810=EDGE_LOOP('',(#5360,#5361,#5362,#5363));
#811=EDGE_LOOP('',(#5364,#5365,#5366,#5367,#5368,#5369,#5370,#5371));
#812=EDGE_LOOP('',(#5372,#5373,#5374,#5375));
#813=EDGE_LOOP('',(#5376,#5377,#5378,#5379,#5380,#5381,#5382,#5383));
#814=EDGE_LOOP('',(#5384,#5385,#5386,#5387));
#815=EDGE_LOOP('',(#5388,#5389,#5390,#5391,#5392,#5393,#5394,#5395));
#816=EDGE_LOOP('',(#5396,#5397,#5398,#5399));
#817=EDGE_LOOP('',(#5400,#5401,#5402,#5403));
#818=EDGE_LOOP('',(#5404,#5405,#5406,#5407,#5408,#5409,#5410,#5411));
#819=EDGE_LOOP('',(#5412,#5413,#5414,#5415,#5416,#5417,#5418,#5419));
#820=EDGE_LOOP('',(#5420,#5421,#5422,#5423));
#821=EDGE_LOOP('',(#5424,#5425,#5426,#5427,#5428,#5429,#5430,#5431));
#822=EDGE_LOOP('',(#5432,#5433,#5434,#5435));
#823=EDGE_LOOP('',(#5436,#5437,#5438,#5439,#5440,#5441,#5442,#5443));
#824=EDGE_LOOP('',(#5444,#5445,#5446,#5447));
#825=EDGE_LOOP('',(#5448,#5449,#5450,#5451,#5452,#5453,#5454,#5455));
#826=EDGE_LOOP('',(#5456,#5457,#5458,#5459));
#827=EDGE_LOOP('',(#5460,#5461,#5462,#5463,#5464,#5465,#5466,#5467));
#828=EDGE_LOOP('',(#5468,#5469,#5470,#5471));
#829=EDGE_LOOP('',(#5472,#5473,#5474,#5475,#5476,#5477,#5478,#5479));
#830=EDGE_LOOP('',(#5480,#5481,#5482,#5483));
#831=EDGE_LOOP('',(#5484,#5485,#5486,#5487));
#832=EDGE_LOOP('',(#5488,#5489,#5490,#5491,#5492,#5493,#5494,#5495));
#833=EDGE_LOOP('',(#5496,#5497,#5498,#5499,#5500,#5501,#5502,#5503));
#834=EDGE_LOOP('',(#5504,#5505,#5506,#5507));
#835=EDGE_LOOP('',(#5508,#5509,#5510,#5511,#5512,#5513,#5514,#5515));
#836=EDGE_LOOP('',(#5516,#5517,#5518,#5519));
#837=EDGE_LOOP('',(#5520,#5521,#5522,#5523,#5524,#5525,#5526,#5527));
#838=EDGE_LOOP('',(#5528,#5529,#5530,#5531));
#839=EDGE_LOOP('',(#5532,#5533,#5534,#5535,#5536,#5537,#5538,#5539));
#840=EDGE_LOOP('',(#5540,#5541,#5542,#5543));
#841=EDGE_LOOP('',(#5544,#5545,#5546,#5547,#5548,#5549,#5550,#5551));
#842=EDGE_LOOP('',(#5552,#5553,#5554,#5555));
#843=EDGE_LOOP('',(#5556,#5557,#5558,#5559,#5560,#5561,#5562,#5563,#5564));
#844=EDGE_LOOP('',(#5565,#5566,#5567,#5568));
#845=EDGE_LOOP('',(#5569,#5570,#5571,#5572));
#846=EDGE_LOOP('',(#5573,#5574,#5575,#5576,#5577,#5578,#5579,#5580));
#847=EDGE_LOOP('',(#5581,#5582,#5583,#5584,#5585,#5586,#5587,#5588));
#848=EDGE_LOOP('',(#5589,#5590,#5591,#5592));
#849=EDGE_LOOP('',(#5593,#5594,#5595,#5596,#5597,#5598,#5599,#5600));
#850=EDGE_LOOP('',(#5601,#5602,#5603,#5604));
#851=EDGE_LOOP('',(#5605,#5606,#5607,#5608,#5609,#5610,#5611,#5612));
#852=EDGE_LOOP('',(#5613,#5614,#5615,#5616));
#853=EDGE_LOOP('',(#5617,#5618,#5619,#5620,#5621,#5622,#5623,#5624));
#854=EDGE_LOOP('',(#5625,#5626,#5627,#5628));
#855=EDGE_LOOP('',(#5629,#5630,#5631,#5632,#5633,#5634,#5635,#5636));
#856=EDGE_LOOP('',(#5637,#5638,#5639,#5640));
#857=EDGE_LOOP('',(#5641,#5642,#5643,#5644,#5645,#5646,#5647,#5648));
#858=EDGE_LOOP('',(#5649,#5650,#5651,#5652));
#859=LINE('',#7825,#1658);
#860=LINE('',#7828,#1659);
#861=LINE('',#7834,#1660);
#862=LINE('',#7837,#1661);
#863=LINE('',#7843,#1662);
#864=LINE('',#7846,#1663);
#865=LINE('',#7852,#1664);
#866=LINE('',#7855,#1665);
#867=LINE('',#7861,#1666);
#868=LINE('',#7864,#1667);
#869=LINE('',#7870,#1668);
#870=LINE('',#7873,#1669);
#871=LINE('',#7879,#1670);
#872=LINE('',#7882,#1671);
#873=LINE('',#7886,#1672);
#874=LINE('',#7888,#1673);
#875=LINE('',#7890,#1674);
#876=LINE('',#7891,#1675);
#877=LINE('',#7898,#1676);
#878=LINE('',#7900,#1677);
#879=LINE('',#7902,#1678);
#880=LINE('',#7904,#1679);
#881=LINE('',#7906,#1680);
#882=LINE('',#7908,#1681);
#883=LINE('',#7910,#1682);
#884=LINE('',#7912,#1683);
#885=LINE('',#7914,#1684);
#886=LINE('',#7916,#1685);
#887=LINE('',#7918,#1686);
#888=LINE('',#7920,#1687);
#889=LINE('',#7922,#1688);
#890=LINE('',#7924,#1689);
#891=LINE('',#7925,#1690);
#892=LINE('',#7927,#1691);
#893=LINE('',#7929,#1692);
#894=LINE('',#7931,#1693);
#895=LINE('',#7933,#1694);
#896=LINE('',#7935,#1695);
#897=LINE('',#7937,#1696);
#898=LINE('',#7939,#1697);
#899=LINE('',#7941,#1698);
#900=LINE('',#7943,#1699);
#901=LINE('',#7945,#1700);
#902=LINE('',#7947,#1701);
#903=LINE('',#7949,#1702);
#904=LINE('',#7951,#1703);
#905=LINE('',#7953,#1704);
#906=LINE('',#7955,#1705);
#907=LINE('',#7956,#1706);
#908=LINE('',#7960,#1707);
#909=LINE('',#7962,#1708);
#910=LINE('',#7964,#1709);
#911=LINE('',#7966,#1710);
#912=LINE('',#7968,#1711);
#913=LINE('',#7970,#1712);
#914=LINE('',#7972,#1713);
#915=LINE('',#7973,#1714);
#916=LINE('',#7975,#1715);
#917=LINE('',#7977,#1716);
#918=LINE('',#7979,#1717);
#919=LINE('',#7981,#1718);
#920=LINE('',#7983,#1719);
#921=LINE('',#7985,#1720);
#922=LINE('',#7987,#1721);
#923=LINE('',#7989,#1722);
#924=LINE('',#7991,#1723);
#925=LINE('',#7993,#1724);
#926=LINE('',#7995,#1725);
#927=LINE('',#7997,#1726);
#928=LINE('',#7999,#1727);
#929=LINE('',#8001,#1728);
#930=LINE('',#8003,#1729);
#931=LINE('',#8005,#1730);
#932=LINE('',#8007,#1731);
#933=LINE('',#8009,#1732);
#934=LINE('',#8011,#1733);
#935=LINE('',#8013,#1734);
#936=LINE('',#8015,#1735);
#937=LINE('',#8016,#1736);
#938=LINE('',#8020,#1737);
#939=LINE('',#8022,#1738);
#940=LINE('',#8024,#1739);
#941=LINE('',#8025,#1740);
#942=LINE('',#8027,#1741);
#943=LINE('',#8029,#1742);
#944=LINE('',#8031,#1743);
#945=LINE('',#8033,#1744);
#946=LINE('',#8035,#1745);
#947=LINE('',#8037,#1746);
#948=LINE('',#8039,#1747);
#949=LINE('',#8041,#1748);
#950=LINE('',#8043,#1749);
#951=LINE('',#8045,#1750);
#952=LINE('',#8047,#1751);
#953=LINE('',#8049,#1752);
#954=LINE('',#8051,#1753);
#955=LINE('',#8053,#1754);
#956=LINE('',#8055,#1755);
#957=LINE('',#8057,#1756);
#958=LINE('',#8059,#1757);
#959=LINE('',#8061,#1758);
#960=LINE('',#8063,#1759);
#961=LINE('',#8065,#1760);
#962=LINE('',#8067,#1761);
#963=LINE('',#8069,#1762);
#964=LINE('',#8071,#1763);
#965=LINE('',#8073,#1764);
#966=LINE('',#8075,#1765);
#967=LINE('',#8076,#1766);
#968=LINE('',#8080,#1767);
#969=LINE('',#8082,#1768);
#970=LINE('',#8084,#1769);
#971=LINE('',#8086,#1770);
#972=LINE('',#8088,#1771);
#973=LINE('',#8090,#1772);
#974=LINE('',#8092,#1773);
#975=LINE('',#8094,#1774);
#976=LINE('',#8096,#1775);
#977=LINE('',#8098,#1776);
#978=LINE('',#8100,#1777);
#979=LINE('',#8102,#1778);
#980=LINE('',#8104,#1779);
#981=LINE('',#8106,#1780);
#982=LINE('',#8108,#1781);
#983=LINE('',#8110,#1782);
#984=LINE('',#8112,#1783);
#985=LINE('',#8114,#1784);
#986=LINE('',#8116,#1785);
#987=LINE('',#8117,#1786);
#988=LINE('',#8119,#1787);
#989=LINE('',#8121,#1788);
#990=LINE('',#8123,#1789);
#991=LINE('',#8125,#1790);
#992=LINE('',#8127,#1791);
#993=LINE('',#8129,#1792);
#994=LINE('',#8131,#1793);
#995=LINE('',#8133,#1794);
#996=LINE('',#8134,#1795);
#997=LINE('',#8137,#1796);
#998=LINE('',#8139,#1797);
#999=LINE('',#8141,#1798);
#1000=LINE('',#8142,#1799);
#1001=LINE('',#8144,#1800);
#1002=LINE('',#8146,#1801);
#1003=LINE('',#8147,#1802);
#1004=LINE('',#8149,#1803);
#1005=LINE('',#8151,#1804);
#1006=LINE('',#8152,#1805);
#1007=LINE('',#8154,#1806);
#1008=LINE('',#8156,#1807);
#1009=LINE('',#8157,#1808);
#1010=LINE('',#8159,#1809);
#1011=LINE('',#8161,#1810);
#1012=LINE('',#8162,#1811);
#1013=LINE('',#8164,#1812);
#1014=LINE('',#8166,#1813);
#1015=LINE('',#8167,#1814);
#1016=LINE('',#8169,#1815);
#1017=LINE('',#8171,#1816);
#1018=LINE('',#8172,#1817);
#1019=LINE('',#8174,#1818);
#1020=LINE('',#8176,#1819);
#1021=LINE('',#8177,#1820);
#1022=LINE('',#8179,#1821);
#1023=LINE('',#8181,#1822);
#1024=LINE('',#8182,#1823);
#1025=LINE('',#8184,#1824);
#1026=LINE('',#8186,#1825);
#1027=LINE('',#8187,#1826);
#1028=LINE('',#8189,#1827);
#1029=LINE('',#8191,#1828);
#1030=LINE('',#8193,#1829);
#1031=LINE('',#8197,#1830);
#1032=LINE('',#8199,#1831);
#1033=LINE('',#8200,#1832);
#1034=LINE('',#8202,#1833);
#1035=LINE('',#8204,#1834);
#1036=LINE('',#8206,#1835);
#1037=LINE('',#8210,#1836);
#1038=LINE('',#8212,#1837);
#1039=LINE('',#8213,#1838);
#1040=LINE('',#8215,#1839);
#1041=LINE('',#8217,#1840);
#1042=LINE('',#8219,#1841);
#1043=LINE('',#8223,#1842);
#1044=LINE('',#8225,#1843);
#1045=LINE('',#8226,#1844);
#1046=LINE('',#8228,#1845);
#1047=LINE('',#8230,#1846);
#1048=LINE('',#8232,#1847);
#1049=LINE('',#8236,#1848);
#1050=LINE('',#8238,#1849);
#1051=LINE('',#8239,#1850);
#1052=LINE('',#8241,#1851);
#1053=LINE('',#8243,#1852);
#1054=LINE('',#8245,#1853);
#1055=LINE('',#8249,#1854);
#1056=LINE('',#8251,#1855);
#1057=LINE('',#8252,#1856);
#1058=LINE('',#8254,#1857);
#1059=LINE('',#8256,#1858);
#1060=LINE('',#8258,#1859);
#1061=LINE('',#8262,#1860);
#1062=LINE('',#8264,#1861);
#1063=LINE('',#8265,#1862);
#1064=LINE('',#8267,#1863);
#1065=LINE('',#8269,#1864);
#1066=LINE('',#8271,#1865);
#1067=LINE('',#8275,#1866);
#1068=LINE('',#8277,#1867);
#1069=LINE('',#8278,#1868);
#1070=LINE('',#8280,#1869);
#1071=LINE('',#8282,#1870);
#1072=LINE('',#8284,#1871);
#1073=LINE('',#8288,#1872);
#1074=LINE('',#8290,#1873);
#1075=LINE('',#8291,#1874);
#1076=LINE('',#8293,#1875);
#1077=LINE('',#8295,#1876);
#1078=LINE('',#8297,#1877);
#1079=LINE('',#8301,#1878);
#1080=LINE('',#8303,#1879);
#1081=LINE('',#8304,#1880);
#1082=LINE('',#8306,#1881);
#1083=LINE('',#8308,#1882);
#1084=LINE('',#8310,#1883);
#1085=LINE('',#8314,#1884);
#1086=LINE('',#8316,#1885);
#1087=LINE('',#8317,#1886);
#1088=LINE('',#8319,#1887);
#1089=LINE('',#8321,#1888);
#1090=LINE('',#8323,#1889);
#1091=LINE('',#8327,#1890);
#1092=LINE('',#8329,#1891);
#1093=LINE('',#8330,#1892);
#1094=LINE('',#8332,#1893);
#1095=LINE('',#8334,#1894);
#1096=LINE('',#8336,#1895);
#1097=LINE('',#8340,#1896);
#1098=LINE('',#8342,#1897);
#1099=LINE('',#8343,#1898);
#1100=LINE('',#8345,#1899);
#1101=LINE('',#8347,#1900);
#1102=LINE('',#8349,#1901);
#1103=LINE('',#8353,#1902);
#1104=LINE('',#8355,#1903);
#1105=LINE('',#8356,#1904);
#1106=LINE('',#8358,#1905);
#1107=LINE('',#8360,#1906);
#1108=LINE('',#8362,#1907);
#1109=LINE('',#8366,#1908);
#1110=LINE('',#8368,#1909);
#1111=LINE('',#8369,#1910);
#1112=LINE('',#8371,#1911);
#1113=LINE('',#8373,#1912);
#1114=LINE('',#8375,#1913);
#1115=LINE('',#8379,#1914);
#1116=LINE('',#8381,#1915);
#1117=LINE('',#8382,#1916);
#1118=LINE('',#8384,#1917);
#1119=LINE('',#8386,#1918);
#1120=LINE('',#8388,#1919);
#1121=LINE('',#8392,#1920);
#1122=LINE('',#8394,#1921);
#1123=LINE('',#8395,#1922);
#1124=LINE('',#8397,#1923);
#1125=LINE('',#8399,#1924);
#1126=LINE('',#8401,#1925);
#1127=LINE('',#8405,#1926);
#1128=LINE('',#8407,#1927);
#1129=LINE('',#8408,#1928);
#1130=LINE('',#8410,#1929);
#1131=LINE('',#8412,#1930);
#1132=LINE('',#8414,#1931);
#1133=LINE('',#8418,#1932);
#1134=LINE('',#8420,#1933);
#1135=LINE('',#8421,#1934);
#1136=LINE('',#8423,#1935);
#1137=LINE('',#8425,#1936);
#1138=LINE('',#8427,#1937);
#1139=LINE('',#8431,#1938);
#1140=LINE('',#8433,#1939);
#1141=LINE('',#8434,#1940);
#1142=LINE('',#8436,#1941);
#1143=LINE('',#8438,#1942);
#1144=LINE('',#8440,#1943);
#1145=LINE('',#8444,#1944);
#1146=LINE('',#8446,#1945);
#1147=LINE('',#8447,#1946);
#1148=LINE('',#8449,#1947);
#1149=LINE('',#8451,#1948);
#1150=LINE('',#8453,#1949);
#1151=LINE('',#8457,#1950);
#1152=LINE('',#8459,#1951);
#1153=LINE('',#8461,#1952);
#1154=LINE('',#8462,#1953);
#1155=LINE('',#8464,#1954);
#1156=LINE('',#8466,#1955);
#1157=LINE('',#8467,#1956);
#1158=LINE('',#8469,#1957);
#1159=LINE('',#8471,#1958);
#1160=LINE('',#8472,#1959);
#1161=LINE('',#8474,#1960);
#1162=LINE('',#8476,#1961);
#1163=LINE('',#8477,#1962);
#1164=LINE('',#8479,#1963);
#1165=LINE('',#8480,#1964);
#1166=LINE('',#8484,#1965);
#1167=LINE('',#8485,#1966);
#1168=LINE('',#8487,#1967);
#1169=LINE('',#8488,#1968);
#1170=LINE('',#8491,#1969);
#1171=LINE('',#8492,#1970);
#1172=LINE('',#8495,#1971);
#1173=LINE('',#8497,#1972);
#1174=LINE('',#8498,#1973);
#1175=LINE('',#8502,#1974);
#1176=LINE('',#8503,#1975);
#1177=LINE('',#8505,#1976);
#1178=LINE('',#8506,#1977);
#1179=LINE('',#8509,#1978);
#1180=LINE('',#8510,#1979);
#1181=LINE('',#8513,#1980);
#1182=LINE('',#8515,#1981);
#1183=LINE('',#8516,#1982);
#1184=LINE('',#8520,#1983);
#1185=LINE('',#8521,#1984);
#1186=LINE('',#8523,#1985);
#1187=LINE('',#8524,#1986);
#1188=LINE('',#8527,#1987);
#1189=LINE('',#8528,#1988);
#1190=LINE('',#8531,#1989);
#1191=LINE('',#8533,#1990);
#1192=LINE('',#8534,#1991);
#1193=LINE('',#8538,#1992);
#1194=LINE('',#8539,#1993);
#1195=LINE('',#8541,#1994);
#1196=LINE('',#8542,#1995);
#1197=LINE('',#8545,#1996);
#1198=LINE('',#8546,#1997);
#1199=LINE('',#8549,#1998);
#1200=LINE('',#8551,#1999);
#1201=LINE('',#8552,#2000);
#1202=LINE('',#8556,#2001);
#1203=LINE('',#8557,#2002);
#1204=LINE('',#8559,#2003);
#1205=LINE('',#8560,#2004);
#1206=LINE('',#8563,#2005);
#1207=LINE('',#8564,#2006);
#1208=LINE('',#8567,#2007);
#1209=LINE('',#8569,#2008);
#1210=LINE('',#8570,#2009);
#1211=LINE('',#8574,#2010);
#1212=LINE('',#8575,#2011);
#1213=LINE('',#8577,#2012);
#1214=LINE('',#8578,#2013);
#1215=LINE('',#8581,#2014);
#1216=LINE('',#8582,#2015);
#1217=LINE('',#8585,#2016);
#1218=LINE('',#8587,#2017);
#1219=LINE('',#8588,#2018);
#1220=LINE('',#8592,#2019);
#1221=LINE('',#8593,#2020);
#1222=LINE('',#8595,#2021);
#1223=LINE('',#8596,#2022);
#1224=LINE('',#8599,#2023);
#1225=LINE('',#8600,#2024);
#1226=LINE('',#8603,#2025);
#1227=LINE('',#8605,#2026);
#1228=LINE('',#8606,#2027);
#1229=LINE('',#8610,#2028);
#1230=LINE('',#8611,#2029);
#1231=LINE('',#8612,#2030);
#1232=LINE('',#8615,#2031);
#1233=LINE('',#8617,#2032);
#1234=LINE('',#8618,#2033);
#1235=LINE('',#8622,#2034);
#1236=LINE('',#8623,#2035);
#1237=LINE('',#8625,#2036);
#1238=LINE('',#8626,#2037);
#1239=LINE('',#8629,#2038);
#1240=LINE('',#8630,#2039);
#1241=LINE('',#8633,#2040);
#1242=LINE('',#8635,#2041);
#1243=LINE('',#8636,#2042);
#1244=LINE('',#8640,#2043);
#1245=LINE('',#8641,#2044);
#1246=LINE('',#8643,#2045);
#1247=LINE('',#8644,#2046);
#1248=LINE('',#8647,#2047);
#1249=LINE('',#8648,#2048);
#1250=LINE('',#8651,#2049);
#1251=LINE('',#8653,#2050);
#1252=LINE('',#8654,#2051);
#1253=LINE('',#8658,#2052);
#1254=LINE('',#8659,#2053);
#1255=LINE('',#8661,#2054);
#1256=LINE('',#8662,#2055);
#1257=LINE('',#8665,#2056);
#1258=LINE('',#8666,#2057);
#1259=LINE('',#8669,#2058);
#1260=LINE('',#8671,#2059);
#1261=LINE('',#8672,#2060);
#1262=LINE('',#8676,#2061);
#1263=LINE('',#8677,#2062);
#1264=LINE('',#8679,#2063);
#1265=LINE('',#8680,#2064);
#1266=LINE('',#8683,#2065);
#1267=LINE('',#8684,#2066);
#1268=LINE('',#8687,#2067);
#1269=LINE('',#8689,#2068);
#1270=LINE('',#8690,#2069);
#1271=LINE('',#8694,#2070);
#1272=LINE('',#8695,#2071);
#1273=LINE('',#8697,#2072);
#1274=LINE('',#8698,#2073);
#1275=LINE('',#8701,#2074);
#1276=LINE('',#8702,#2075);
#1277=LINE('',#8705,#2076);
#1278=LINE('',#8707,#2077);
#1279=LINE('',#8708,#2078);
#1280=LINE('',#8712,#2079);
#1281=LINE('',#8713,#2080);
#1282=LINE('',#8715,#2081);
#1283=LINE('',#8716,#2082);
#1284=LINE('',#8719,#2083);
#1285=LINE('',#8720,#2084);
#1286=LINE('',#8723,#2085);
#1287=LINE('',#8725,#2086);
#1288=LINE('',#8726,#2087);
#1289=LINE('',#8730,#2088);
#1290=LINE('',#8731,#2089);
#1291=LINE('',#8732,#2090);
#1292=LINE('',#8736,#2091);
#1293=LINE('',#8737,#2092);
#1294=LINE('',#8738,#2093);
#1295=LINE('',#8741,#2094);
#1296=LINE('',#8743,#2095);
#1297=LINE('',#8744,#2096);
#1298=LINE('',#8748,#2097);
#1299=LINE('',#8749,#2098);
#1300=LINE('',#8751,#2099);
#1301=LINE('',#8752,#2100);
#1302=LINE('',#8755,#2101);
#1303=LINE('',#8756,#2102);
#1304=LINE('',#8759,#2103);
#1305=LINE('',#8761,#2104);
#1306=LINE('',#8762,#2105);
#1307=LINE('',#8766,#2106);
#1308=LINE('',#8767,#2107);
#1309=LINE('',#8769,#2108);
#1310=LINE('',#8770,#2109);
#1311=LINE('',#8773,#2110);
#1312=LINE('',#8774,#2111);
#1313=LINE('',#8777,#2112);
#1314=LINE('',#8779,#2113);
#1315=LINE('',#8780,#2114);
#1316=LINE('',#8784,#2115);
#1317=LINE('',#8785,#2116);
#1318=LINE('',#8787,#2117);
#1319=LINE('',#8788,#2118);
#1320=LINE('',#8791,#2119);
#1321=LINE('',#8792,#2120);
#1322=LINE('',#8795,#2121);
#1323=LINE('',#8797,#2122);
#1324=LINE('',#8798,#2123);
#1325=LINE('',#8802,#2124);
#1326=LINE('',#8803,#2125);
#1327=LINE('',#8805,#2126);
#1328=LINE('',#8806,#2127);
#1329=LINE('',#8809,#2128);
#1330=LINE('',#8810,#2129);
#1331=LINE('',#8813,#2130);
#1332=LINE('',#8815,#2131);
#1333=LINE('',#8816,#2132);
#1334=LINE('',#8820,#2133);
#1335=LINE('',#8821,#2134);
#1336=LINE('',#8823,#2135);
#1337=LINE('',#8824,#2136);
#1338=LINE('',#8827,#2137);
#1339=LINE('',#8828,#2138);
#1340=LINE('',#8831,#2139);
#1341=LINE('',#8833,#2140);
#1342=LINE('',#8834,#2141);
#1343=LINE('',#8838,#2142);
#1344=LINE('',#8839,#2143);
#1345=LINE('',#8841,#2144);
#1346=LINE('',#8842,#2145);
#1347=LINE('',#8845,#2146);
#1348=LINE('',#8846,#2147);
#1349=LINE('',#8849,#2148);
#1350=LINE('',#8851,#2149);
#1351=LINE('',#8852,#2150);
#1352=LINE('',#8856,#2151);
#1353=LINE('',#8857,#2152);
#1354=LINE('',#8858,#2153);
#1355=LINE('',#8862,#2154);
#1356=LINE('',#8863,#2155);
#1357=LINE('',#8864,#2156);
#1358=LINE('',#8867,#2157);
#1359=LINE('',#8869,#2158);
#1360=LINE('',#8870,#2159);
#1361=LINE('',#8874,#2160);
#1362=LINE('',#8875,#2161);
#1363=LINE('',#8877,#2162);
#1364=LINE('',#8878,#2163);
#1365=LINE('',#8881,#2164);
#1366=LINE('',#8882,#2165);
#1367=LINE('',#8885,#2166);
#1368=LINE('',#8887,#2167);
#1369=LINE('',#8888,#2168);
#1370=LINE('',#8892,#2169);
#1371=LINE('',#8893,#2170);
#1372=LINE('',#8895,#2171);
#1373=LINE('',#8896,#2172);
#1374=LINE('',#8899,#2173);
#1375=LINE('',#8900,#2174);
#1376=LINE('',#8903,#2175);
#1377=LINE('',#8905,#2176);
#1378=LINE('',#8906,#2177);
#1379=LINE('',#8910,#2178);
#1380=LINE('',#8911,#2179);
#1381=LINE('',#8913,#2180);
#1382=LINE('',#8914,#2181);
#1383=LINE('',#8917,#2182);
#1384=LINE('',#8918,#2183);
#1385=LINE('',#8921,#2184);
#1386=LINE('',#8923,#2185);
#1387=LINE('',#8924,#2186);
#1388=LINE('',#8928,#2187);
#1389=LINE('',#8929,#2188);
#1390=LINE('',#8931,#2189);
#1391=LINE('',#8932,#2190);
#1392=LINE('',#8935,#2191);
#1393=LINE('',#8936,#2192);
#1394=LINE('',#8939,#2193);
#1395=LINE('',#8941,#2194);
#1396=LINE('',#8942,#2195);
#1397=LINE('',#8946,#2196);
#1398=LINE('',#8947,#2197);
#1399=LINE('',#8949,#2198);
#1400=LINE('',#8950,#2199);
#1401=LINE('',#8953,#2200);
#1402=LINE('',#8954,#2201);
#1403=LINE('',#8957,#2202);
#1404=LINE('',#8959,#2203);
#1405=LINE('',#8960,#2204);
#1406=LINE('',#8964,#2205);
#1407=LINE('',#8965,#2206);
#1408=LINE('',#8967,#2207);
#1409=LINE('',#8968,#2208);
#1410=LINE('',#8971,#2209);
#1411=LINE('',#8972,#2210);
#1412=LINE('',#8975,#2211);
#1413=LINE('',#8977,#2212);
#1414=LINE('',#8978,#2213);
#1415=LINE('',#8982,#2214);
#1416=LINE('',#8983,#2215);
#1417=LINE('',#8984,#2216);
#1418=LINE('',#8987,#2217);
#1419=LINE('',#8988,#2218);
#1420=LINE('',#8990,#2219);
#1421=LINE('',#8993,#2220);
#1422=LINE('',#8994,#2221);
#1423=LINE('',#8996,#2222);
#1424=LINE('',#8999,#2223);
#1425=LINE('',#9000,#2224);
#1426=LINE('',#9002,#2225);
#1427=LINE('',#9005,#2226);
#1428=LINE('',#9006,#2227);
#1429=LINE('',#9008,#2228);
#1430=LINE('',#9011,#2229);
#1431=LINE('',#9012,#2230);
#1432=LINE('',#9015,#2231);
#1433=LINE('',#9016,#2232);
#1434=LINE('',#9019,#2233);
#1435=LINE('',#9020,#2234);
#1436=LINE('',#9023,#2235);
#1437=LINE('',#9027,#2236);
#1438=LINE('',#9028,#2237);
#1439=LINE('',#9030,#2238);
#1440=LINE('',#9033,#2239);
#1441=LINE('',#9034,#2240);
#1442=LINE('',#9037,#2241);
#1443=LINE('',#9038,#2242);
#1444=LINE('',#9042,#2243);
#1445=LINE('',#9045,#2244);
#1446=LINE('',#9046,#2245);
#1447=LINE('',#9048,#2246);
#1448=LINE('',#9051,#2247);
#1449=LINE('',#9052,#2248);
#1450=LINE('',#9055,#2249);
#1451=LINE('',#9056,#2250);
#1452=LINE('',#9060,#2251);
#1453=LINE('',#9063,#2252);
#1454=LINE('',#9064,#2253);
#1455=LINE('',#9066,#2254);
#1456=LINE('',#9069,#2255);
#1457=LINE('',#9070,#2256);
#1458=LINE('',#9073,#2257);
#1459=LINE('',#9074,#2258);
#1460=LINE('',#9078,#2259);
#1461=LINE('',#9081,#2260);
#1462=LINE('',#9082,#2261);
#1463=LINE('',#9084,#2262);
#1464=LINE('',#9087,#2263);
#1465=LINE('',#9088,#2264);
#1466=LINE('',#9091,#2265);
#1467=LINE('',#9092,#2266);
#1468=LINE('',#9096,#2267);
#1469=LINE('',#9099,#2268);
#1470=LINE('',#9100,#2269);
#1471=LINE('',#9102,#2270);
#1472=LINE('',#9105,#2271);
#1473=LINE('',#9106,#2272);
#1474=LINE('',#9109,#2273);
#1475=LINE('',#9110,#2274);
#1476=LINE('',#9114,#2275);
#1477=LINE('',#9117,#2276);
#1478=LINE('',#9118,#2277);
#1479=LINE('',#9120,#2278);
#1480=LINE('',#9123,#2279);
#1481=LINE('',#9124,#2280);
#1482=LINE('',#9127,#2281);
#1483=LINE('',#9128,#2282);
#1484=LINE('',#9132,#2283);
#1485=LINE('',#9135,#2284);
#1486=LINE('',#9136,#2285);
#1487=LINE('',#9138,#2286);
#1488=LINE('',#9141,#2287);
#1489=LINE('',#9142,#2288);
#1490=LINE('',#9145,#2289);
#1491=LINE('',#9146,#2290);
#1492=LINE('',#9150,#2291);
#1493=LINE('',#9153,#2292);
#1494=LINE('',#9154,#2293);
#1495=LINE('',#9156,#2294);
#1496=LINE('',#9159,#2295);
#1497=LINE('',#9160,#2296);
#1498=LINE('',#9163,#2297);
#1499=LINE('',#9164,#2298);
#1500=LINE('',#9168,#2299);
#1501=LINE('',#9171,#2300);
#1502=LINE('',#9172,#2301);
#1503=LINE('',#9174,#2302);
#1504=LINE('',#9177,#2303);
#1505=LINE('',#9178,#2304);
#1506=LINE('',#9181,#2305);
#1507=LINE('',#9182,#2306);
#1508=LINE('',#9186,#2307);
#1509=LINE('',#9189,#2308);
#1510=LINE('',#9190,#2309);
#1511=LINE('',#9192,#2310);
#1512=LINE('',#9195,#2311);
#1513=LINE('',#9196,#2312);
#1514=LINE('',#9199,#2313);
#1515=LINE('',#9200,#2314);
#1516=LINE('',#9204,#2315);
#1517=LINE('',#9207,#2316);
#1518=LINE('',#9208,#2317);
#1519=LINE('',#9210,#2318);
#1520=LINE('',#9213,#2319);
#1521=LINE('',#9214,#2320);
#1522=LINE('',#9217,#2321);
#1523=LINE('',#9218,#2322);
#1524=LINE('',#9222,#2323);
#1525=LINE('',#9225,#2324);
#1526=LINE('',#9226,#2325);
#1527=LINE('',#9228,#2326);
#1528=LINE('',#9231,#2327);
#1529=LINE('',#9232,#2328);
#1530=LINE('',#9235,#2329);
#1531=LINE('',#9236,#2330);
#1532=LINE('',#9240,#2331);
#1533=LINE('',#9243,#2332);
#1534=LINE('',#9244,#2333);
#1535=LINE('',#9246,#2334);
#1536=LINE('',#9249,#2335);
#1537=LINE('',#9250,#2336);
#1538=LINE('',#9253,#2337);
#1539=LINE('',#9254,#2338);
#1540=LINE('',#9258,#2339);
#1541=LINE('',#9261,#2340);
#1542=LINE('',#9262,#2341);
#1543=LINE('',#9264,#2342);
#1544=LINE('',#9267,#2343);
#1545=LINE('',#9268,#2344);
#1546=LINE('',#9271,#2345);
#1547=LINE('',#9272,#2346);
#1548=LINE('',#9276,#2347);
#1549=LINE('',#9279,#2348);
#1550=LINE('',#9280,#2349);
#1551=LINE('',#9282,#2350);
#1552=LINE('',#9285,#2351);
#1553=LINE('',#9286,#2352);
#1554=LINE('',#9289,#2353);
#1555=LINE('',#9290,#2354);
#1556=LINE('',#9294,#2355);
#1557=LINE('',#9297,#2356);
#1558=LINE('',#9298,#2357);
#1559=LINE('',#9300,#2358);
#1560=LINE('',#9303,#2359);
#1561=LINE('',#9304,#2360);
#1562=LINE('',#9307,#2361);
#1563=LINE('',#9308,#2362);
#1564=LINE('',#9312,#2363);
#1565=LINE('',#9315,#2364);
#1566=LINE('',#9316,#2365);
#1567=LINE('',#9318,#2366);
#1568=LINE('',#9321,#2367);
#1569=LINE('',#9322,#2368);
#1570=LINE('',#9325,#2369);
#1571=LINE('',#9326,#2370);
#1572=LINE('',#9330,#2371);
#1573=LINE('',#9333,#2372);
#1574=LINE('',#9334,#2373);
#1575=LINE('',#9336,#2374);
#1576=LINE('',#9339,#2375);
#1577=LINE('',#9340,#2376);
#1578=LINE('',#9343,#2377);
#1579=LINE('',#9344,#2378);
#1580=LINE('',#9348,#2379);
#1581=LINE('',#9351,#2380);
#1582=LINE('',#9352,#2381);
#1583=LINE('',#9354,#2382);
#1584=LINE('',#9357,#2383);
#1585=LINE('',#9358,#2384);
#1586=LINE('',#9361,#2385);
#1587=LINE('',#9362,#2386);
#1588=LINE('',#9366,#2387);
#1589=LINE('',#9369,#2388);
#1590=LINE('',#9370,#2389);
#1591=LINE('',#9372,#2390);
#1592=LINE('',#9375,#2391);
#1593=LINE('',#9376,#2392);
#1594=LINE('',#9379,#2393);
#1595=LINE('',#9380,#2394);
#1596=LINE('',#9384,#2395);
#1597=LINE('',#9387,#2396);
#1598=LINE('',#9388,#2397);
#1599=LINE('',#9390,#2398);
#1600=LINE('',#9393,#2399);
#1601=LINE('',#9394,#2400);
#1602=LINE('',#9396,#2401);
#1603=LINE('',#9399,#2402);
#1604=LINE('',#9400,#2403);
#1605=LINE('',#9402,#2404);
#1606=LINE('',#9405,#2405);
#1607=LINE('',#9406,#2406);
#1608=LINE('',#9408,#2407);
#1609=LINE('',#9411,#2408);
#1610=LINE('',#9412,#2409);
#1611=LINE('',#9414,#2410);
#1612=LINE('',#9417,#2411);
#1613=LINE('',#9418,#2412);
#1614=LINE('',#9420,#2413);
#1615=LINE('',#9423,#2414);
#1616=LINE('',#9424,#2415);
#1617=LINE('',#9426,#2416);
#1618=LINE('',#9429,#2417);
#1619=LINE('',#9430,#2418);
#1620=LINE('',#9432,#2419);
#1621=LINE('',#9435,#2420);
#1622=LINE('',#9436,#2421);
#1623=LINE('',#9438,#2422);
#1624=LINE('',#9441,#2423);
#1625=LINE('',#9442,#2424);
#1626=LINE('',#9444,#2425);
#1627=LINE('',#9447,#2426);
#1628=LINE('',#9448,#2427);
#1629=LINE('',#9450,#2428);
#1630=LINE('',#9452,#2429);
#1631=LINE('',#9455,#2430);
#1632=LINE('',#9458,#2431);
#1633=LINE('',#9461,#2432);
#1634=LINE('',#9464,#2433);
#1635=LINE('',#9467,#2434);
#1636=LINE('',#9470,#2435);
#1637=LINE('',#9473,#2436);
#1638=LINE('',#9476,#2437);
#1639=LINE('',#9479,#2438);
#1640=LINE('',#9482,#2439);
#1641=LINE('',#9485,#2440);
#1642=LINE('',#9488,#2441);
#1643=LINE('',#9491,#2442);
#1644=LINE('',#9494,#2443);
#1645=LINE('',#9497,#2444);
#1646=LINE('',#9500,#2445);
#1647=LINE('',#9503,#2446);
#1648=LINE('',#9506,#2447);
#1649=LINE('',#9509,#2448);
#1650=LINE('',#9512,#2449);
#1651=LINE('',#9515,#2450);
#1652=LINE('',#9518,#2451);
#1653=LINE('',#9521,#2452);
#1654=LINE('',#9524,#2453);
#1655=LINE('',#9527,#2454);
#1656=LINE('',#9530,#2455);
#1657=LINE('',#9533,#2456);
#1658=VECTOR('',#6334,1000.);
#1659=VECTOR('',#6337,1000.);
#1660=VECTOR('',#6342,1000.);
#1661=VECTOR('',#6345,1000.);
#1662=VECTOR('',#6350,1000.);
#1663=VECTOR('',#6353,1000.);
#1664=VECTOR('',#6358,1000.);
#1665=VECTOR('',#6361,1000.);
#1666=VECTOR('',#6366,1000.);
#1667=VECTOR('',#6369,1000.);
#1668=VECTOR('',#6374,1000.);
#1669=VECTOR('',#6377,1000.);
#1670=VECTOR('',#6382,1000.);
#1671=VECTOR('',#6385,1000.);
#1672=VECTOR('',#6388,1000.);
#1673=VECTOR('',#6389,1000.);
#1674=VECTOR('',#6390,1000.);
#1675=VECTOR('',#6391,1000.);
#1676=VECTOR('',#6398,1000.);
#1677=VECTOR('',#6399,1000.);
#1678=VECTOR('',#6400,1000.);
#1679=VECTOR('',#6401,1000.);
#1680=VECTOR('',#6402,1000.);
#1681=VECTOR('',#6403,1000.);
#1682=VECTOR('',#6404,1000.);
#1683=VECTOR('',#6405,1000.);
#1684=VECTOR('',#6406,1000.);
#1685=VECTOR('',#6407,1000.);
#1686=VECTOR('',#6408,1000.);
#1687=VECTOR('',#6409,1000.);
#1688=VECTOR('',#6410,1000.);
#1689=VECTOR('',#6411,1000.);
#1690=VECTOR('',#6412,1000.);
#1691=VECTOR('',#6413,1000.);
#1692=VECTOR('',#6414,1000.);
#1693=VECTOR('',#6415,1000.);
#1694=VECTOR('',#6416,1000.);
#1695=VECTOR('',#6417,1000.);
#1696=VECTOR('',#6418,1000.);
#1697=VECTOR('',#6419,1000.);
#1698=VECTOR('',#6420,1000.);
#1699=VECTOR('',#6421,1000.);
#1700=VECTOR('',#6422,1000.);
#1701=VECTOR('',#6423,1000.);
#1702=VECTOR('',#6424,1000.);
#1703=VECTOR('',#6425,1000.);
#1704=VECTOR('',#6426,1000.);
#1705=VECTOR('',#6427,1000.);
#1706=VECTOR('',#6428,1000.);
#1707=VECTOR('',#6431,1000.);
#1708=VECTOR('',#6432,1000.);
#1709=VECTOR('',#6433,1000.);
#1710=VECTOR('',#6434,1000.);
#1711=VECTOR('',#6435,1000.);
#1712=VECTOR('',#6436,1000.);
#1713=VECTOR('',#6437,1000.);
#1714=VECTOR('',#6438,1000.);
#1715=VECTOR('',#6439,1000.);
#1716=VECTOR('',#6440,1000.);
#1717=VECTOR('',#6441,1000.);
#1718=VECTOR('',#6442,1000.);
#1719=VECTOR('',#6443,1000.);
#1720=VECTOR('',#6444,1000.);
#1721=VECTOR('',#6445,1000.);
#1722=VECTOR('',#6446,1000.);
#1723=VECTOR('',#6447,1000.);
#1724=VECTOR('',#6448,1000.);
#1725=VECTOR('',#6449,1000.);
#1726=VECTOR('',#6450,1000.);
#1727=VECTOR('',#6451,1000.);
#1728=VECTOR('',#6452,1000.);
#1729=VECTOR('',#6453,1000.);
#1730=VECTOR('',#6454,1000.);
#1731=VECTOR('',#6455,1000.);
#1732=VECTOR('',#6456,1000.);
#1733=VECTOR('',#6457,1000.);
#1734=VECTOR('',#6458,1000.);
#1735=VECTOR('',#6459,1000.);
#1736=VECTOR('',#6460,1000.);
#1737=VECTOR('',#6463,1000.);
#1738=VECTOR('',#6464,1000.);
#1739=VECTOR('',#6465,1000.);
#1740=VECTOR('',#6466,1000.);
#1741=VECTOR('',#6467,1000.);
#1742=VECTOR('',#6468,1000.);
#1743=VECTOR('',#6469,1000.);
#1744=VECTOR('',#6470,1000.);
#1745=VECTOR('',#6471,1000.);
#1746=VECTOR('',#6472,1000.);
#1747=VECTOR('',#6473,1000.);
#1748=VECTOR('',#6474,1000.);
#1749=VECTOR('',#6475,1000.);
#1750=VECTOR('',#6476,1000.);
#1751=VECTOR('',#6477,1000.);
#1752=VECTOR('',#6478,1000.);
#1753=VECTOR('',#6479,1000.);
#1754=VECTOR('',#6480,1000.);
#1755=VECTOR('',#6481,1000.);
#1756=VECTOR('',#6482,1000.);
#1757=VECTOR('',#6483,1000.);
#1758=VECTOR('',#6484,1000.);
#1759=VECTOR('',#6485,1000.);
#1760=VECTOR('',#6486,1000.);
#1761=VECTOR('',#6487,1000.);
#1762=VECTOR('',#6488,1000.);
#1763=VECTOR('',#6489,1000.);
#1764=VECTOR('',#6490,1000.);
#1765=VECTOR('',#6491,1000.);
#1766=VECTOR('',#6492,1000.);
#1767=VECTOR('',#6495,1000.);
#1768=VECTOR('',#6496,1000.);
#1769=VECTOR('',#6497,1000.);
#1770=VECTOR('',#6498,1000.);
#1771=VECTOR('',#6499,1000.);
#1772=VECTOR('',#6500,1000.);
#1773=VECTOR('',#6501,1000.);
#1774=VECTOR('',#6502,1000.);
#1775=VECTOR('',#6503,1000.);
#1776=VECTOR('',#6504,1000.);
#1777=VECTOR('',#6505,1000.);
#1778=VECTOR('',#6506,1000.);
#1779=VECTOR('',#6507,1000.);
#1780=VECTOR('',#6508,1000.);
#1781=VECTOR('',#6509,1000.);
#1782=VECTOR('',#6510,1000.);
#1783=VECTOR('',#6511,1000.);
#1784=VECTOR('',#6512,1000.);
#1785=VECTOR('',#6513,1000.);
#1786=VECTOR('',#6514,1000.);
#1787=VECTOR('',#6515,1000.);
#1788=VECTOR('',#6516,1000.);
#1789=VECTOR('',#6517,1000.);
#1790=VECTOR('',#6518,1000.);
#1791=VECTOR('',#6519,1000.);
#1792=VECTOR('',#6520,1000.);
#1793=VECTOR('',#6521,1000.);
#1794=VECTOR('',#6522,1000.);
#1795=VECTOR('',#6523,1000.);
#1796=VECTOR('',#6526,1000.);
#1797=VECTOR('',#6527,1000.);
#1798=VECTOR('',#6528,1000.);
#1799=VECTOR('',#6529,1000.);
#1800=VECTOR('',#6530,1000.);
#1801=VECTOR('',#6531,1000.);
#1802=VECTOR('',#6532,1000.);
#1803=VECTOR('',#6533,1000.);
#1804=VECTOR('',#6534,1000.);
#1805=VECTOR('',#6535,1000.);
#1806=VECTOR('',#6536,1000.);
#1807=VECTOR('',#6537,1000.);
#1808=VECTOR('',#6538,1000.);
#1809=VECTOR('',#6539,1000.);
#1810=VECTOR('',#6540,1000.);
#1811=VECTOR('',#6541,1000.);
#1812=VECTOR('',#6542,1000.);
#1813=VECTOR('',#6543,1000.);
#1814=VECTOR('',#6544,1000.);
#1815=VECTOR('',#6545,1000.);
#1816=VECTOR('',#6546,1000.);
#1817=VECTOR('',#6547,1000.);
#1818=VECTOR('',#6548,1000.);
#1819=VECTOR('',#6549,1000.);
#1820=VECTOR('',#6550,1000.);
#1821=VECTOR('',#6551,1000.);
#1822=VECTOR('',#6552,1000.);
#1823=VECTOR('',#6553,1000.);
#1824=VECTOR('',#6554,1000.);
#1825=VECTOR('',#6555,1000.);
#1826=VECTOR('',#6556,1000.);
#1827=VECTOR('',#6557,1000.);
#1828=VECTOR('',#6558,1000.);
#1829=VECTOR('',#6559,1000.);
#1830=VECTOR('',#6562,1000.);
#1831=VECTOR('',#6563,1000.);
#1832=VECTOR('',#6564,1000.);
#1833=VECTOR('',#6565,1000.);
#1834=VECTOR('',#6566,1000.);
#1835=VECTOR('',#6567,1000.);
#1836=VECTOR('',#6570,1000.);
#1837=VECTOR('',#6571,1000.);
#1838=VECTOR('',#6572,1000.);
#1839=VECTOR('',#6573,1000.);
#1840=VECTOR('',#6574,1000.);
#1841=VECTOR('',#6575,1000.);
#1842=VECTOR('',#6578,1000.);
#1843=VECTOR('',#6579,1000.);
#1844=VECTOR('',#6580,1000.);
#1845=VECTOR('',#6581,1000.);
#1846=VECTOR('',#6582,1000.);
#1847=VECTOR('',#6583,1000.);
#1848=VECTOR('',#6586,1000.);
#1849=VECTOR('',#6587,1000.);
#1850=VECTOR('',#6588,1000.);
#1851=VECTOR('',#6589,1000.);
#1852=VECTOR('',#6590,1000.);
#1853=VECTOR('',#6591,1000.);
#1854=VECTOR('',#6594,1000.);
#1855=VECTOR('',#6595,1000.);
#1856=VECTOR('',#6596,1000.);
#1857=VECTOR('',#6597,1000.);
#1858=VECTOR('',#6598,1000.);
#1859=VECTOR('',#6599,1000.);
#1860=VECTOR('',#6602,1000.);
#1861=VECTOR('',#6603,1000.);
#1862=VECTOR('',#6604,1000.);
#1863=VECTOR('',#6605,1000.);
#1864=VECTOR('',#6606,1000.);
#1865=VECTOR('',#6607,1000.);
#1866=VECTOR('',#6610,1000.);
#1867=VECTOR('',#6611,1000.);
#1868=VECTOR('',#6612,1000.);
#1869=VECTOR('',#6613,1000.);
#1870=VECTOR('',#6614,1000.);
#1871=VECTOR('',#6615,1000.);
#1872=VECTOR('',#6618,1000.);
#1873=VECTOR('',#6619,1000.);
#1874=VECTOR('',#6620,1000.);
#1875=VECTOR('',#6621,1000.);
#1876=VECTOR('',#6622,1000.);
#1877=VECTOR('',#6623,1000.);
#1878=VECTOR('',#6626,1000.);
#1879=VECTOR('',#6627,1000.);
#1880=VECTOR('',#6628,1000.);
#1881=VECTOR('',#6629,1000.);
#1882=VECTOR('',#6630,1000.);
#1883=VECTOR('',#6631,1000.);
#1884=VECTOR('',#6634,1000.);
#1885=VECTOR('',#6635,1000.);
#1886=VECTOR('',#6636,1000.);
#1887=VECTOR('',#6637,1000.);
#1888=VECTOR('',#6638,1000.);
#1889=VECTOR('',#6639,1000.);
#1890=VECTOR('',#6642,1000.);
#1891=VECTOR('',#6643,1000.);
#1892=VECTOR('',#6644,1000.);
#1893=VECTOR('',#6645,1000.);
#1894=VECTOR('',#6646,1000.);
#1895=VECTOR('',#6647,1000.);
#1896=VECTOR('',#6650,1000.);
#1897=VECTOR('',#6651,1000.);
#1898=VECTOR('',#6652,1000.);
#1899=VECTOR('',#6653,1000.);
#1900=VECTOR('',#6654,1000.);
#1901=VECTOR('',#6655,1000.);
#1902=VECTOR('',#6658,1000.);
#1903=VECTOR('',#6659,1000.);
#1904=VECTOR('',#6660,1000.);
#1905=VECTOR('',#6661,1000.);
#1906=VECTOR('',#6662,1000.);
#1907=VECTOR('',#6663,1000.);
#1908=VECTOR('',#6666,1000.);
#1909=VECTOR('',#6667,1000.);
#1910=VECTOR('',#6668,1000.);
#1911=VECTOR('',#6669,1000.);
#1912=VECTOR('',#6670,1000.);
#1913=VECTOR('',#6671,1000.);
#1914=VECTOR('',#6674,1000.);
#1915=VECTOR('',#6675,1000.);
#1916=VECTOR('',#6676,1000.);
#1917=VECTOR('',#6677,1000.);
#1918=VECTOR('',#6678,1000.);
#1919=VECTOR('',#6679,1000.);
#1920=VECTOR('',#6682,1000.);
#1921=VECTOR('',#6683,1000.);
#1922=VECTOR('',#6684,1000.);
#1923=VECTOR('',#6685,1000.);
#1924=VECTOR('',#6686,1000.);
#1925=VECTOR('',#6687,1000.);
#1926=VECTOR('',#6690,1000.);
#1927=VECTOR('',#6691,1000.);
#1928=VECTOR('',#6692,1000.);
#1929=VECTOR('',#6693,1000.);
#1930=VECTOR('',#6694,1000.);
#1931=VECTOR('',#6695,1000.);
#1932=VECTOR('',#6698,1000.);
#1933=VECTOR('',#6699,1000.);
#1934=VECTOR('',#6700,1000.);
#1935=VECTOR('',#6701,1000.);
#1936=VECTOR('',#6702,1000.);
#1937=VECTOR('',#6703,1000.);
#1938=VECTOR('',#6706,1000.);
#1939=VECTOR('',#6707,1000.);
#1940=VECTOR('',#6708,1000.);
#1941=VECTOR('',#6709,1000.);
#1942=VECTOR('',#6710,1000.);
#1943=VECTOR('',#6711,1000.);
#1944=VECTOR('',#6714,1000.);
#1945=VECTOR('',#6715,1000.);
#1946=VECTOR('',#6716,1000.);
#1947=VECTOR('',#6717,1000.);
#1948=VECTOR('',#6718,1000.);
#1949=VECTOR('',#6719,1000.);
#1950=VECTOR('',#6722,1000.);
#1951=VECTOR('',#6723,1000.);
#1952=VECTOR('',#6724,1000.);
#1953=VECTOR('',#6725,1000.);
#1954=VECTOR('',#6726,1000.);
#1955=VECTOR('',#6727,1000.);
#1956=VECTOR('',#6728,1000.);
#1957=VECTOR('',#6729,1000.);
#1958=VECTOR('',#6730,1000.);
#1959=VECTOR('',#6731,1000.);
#1960=VECTOR('',#6732,1000.);
#1961=VECTOR('',#6733,1000.);
#1962=VECTOR('',#6734,1000.);
#1963=VECTOR('',#6735,1000.);
#1964=VECTOR('',#6736,1000.);
#1965=VECTOR('',#6739,1000.);
#1966=VECTOR('',#6740,1000.);
#1967=VECTOR('',#6741,1000.);
#1968=VECTOR('',#6742,1000.);
#1969=VECTOR('',#6745,1000.);
#1970=VECTOR('',#6746,1000.);
#1971=VECTOR('',#6749,1000.);
#1972=VECTOR('',#6750,1000.);
#1973=VECTOR('',#6751,1000.);
#1974=VECTOR('',#6754,1000.);
#1975=VECTOR('',#6755,1000.);
#1976=VECTOR('',#6756,1000.);
#1977=VECTOR('',#6757,1000.);
#1978=VECTOR('',#6760,1000.);
#1979=VECTOR('',#6761,1000.);
#1980=VECTOR('',#6764,1000.);
#1981=VECTOR('',#6765,1000.);
#1982=VECTOR('',#6766,1000.);
#1983=VECTOR('',#6769,1000.);
#1984=VECTOR('',#6770,1000.);
#1985=VECTOR('',#6771,1000.);
#1986=VECTOR('',#6772,1000.);
#1987=VECTOR('',#6775,1000.);
#1988=VECTOR('',#6776,1000.);
#1989=VECTOR('',#6779,1000.);
#1990=VECTOR('',#6780,1000.);
#1991=VECTOR('',#6781,1000.);
#1992=VECTOR('',#6784,1000.);
#1993=VECTOR('',#6785,1000.);
#1994=VECTOR('',#6786,1000.);
#1995=VECTOR('',#6787,1000.);
#1996=VECTOR('',#6790,1000.);
#1997=VECTOR('',#6791,1000.);
#1998=VECTOR('',#6794,1000.);
#1999=VECTOR('',#6795,1000.);
#2000=VECTOR('',#6796,1000.);
#2001=VECTOR('',#6799,1000.);
#2002=VECTOR('',#6800,1000.);
#2003=VECTOR('',#6801,1000.);
#2004=VECTOR('',#6802,1000.);
#2005=VECTOR('',#6805,1000.);
#2006=VECTOR('',#6806,1000.);
#2007=VECTOR('',#6809,1000.);
#2008=VECTOR('',#6810,1000.);
#2009=VECTOR('',#6811,1000.);
#2010=VECTOR('',#6814,1000.);
#2011=VECTOR('',#6815,1000.);
#2012=VECTOR('',#6816,1000.);
#2013=VECTOR('',#6817,1000.);
#2014=VECTOR('',#6820,1000.);
#2015=VECTOR('',#6821,1000.);
#2016=VECTOR('',#6824,1000.);
#2017=VECTOR('',#6825,1000.);
#2018=VECTOR('',#6826,1000.);
#2019=VECTOR('',#6829,1000.);
#2020=VECTOR('',#6830,1000.);
#2021=VECTOR('',#6831,1000.);
#2022=VECTOR('',#6832,1000.);
#2023=VECTOR('',#6835,1000.);
#2024=VECTOR('',#6836,1000.);
#2025=VECTOR('',#6839,1000.);
#2026=VECTOR('',#6840,1000.);
#2027=VECTOR('',#6841,1000.);
#2028=VECTOR('',#6844,1000.);
#2029=VECTOR('',#6845,1000.);
#2030=VECTOR('',#6846,1000.);
#2031=VECTOR('',#6849,1000.);
#2032=VECTOR('',#6850,1000.);
#2033=VECTOR('',#6851,1000.);
#2034=VECTOR('',#6854,1000.);
#2035=VECTOR('',#6855,1000.);
#2036=VECTOR('',#6856,1000.);
#2037=VECTOR('',#6857,1000.);
#2038=VECTOR('',#6860,1000.);
#2039=VECTOR('',#6861,1000.);
#2040=VECTOR('',#6864,1000.);
#2041=VECTOR('',#6865,1000.);
#2042=VECTOR('',#6866,1000.);
#2043=VECTOR('',#6869,1000.);
#2044=VECTOR('',#6870,1000.);
#2045=VECTOR('',#6871,1000.);
#2046=VECTOR('',#6872,1000.);
#2047=VECTOR('',#6875,1000.);
#2048=VECTOR('',#6876,1000.);
#2049=VECTOR('',#6879,1000.);
#2050=VECTOR('',#6880,1000.);
#2051=VECTOR('',#6881,1000.);
#2052=VECTOR('',#6884,1000.);
#2053=VECTOR('',#6885,1000.);
#2054=VECTOR('',#6886,1000.);
#2055=VECTOR('',#6887,1000.);
#2056=VECTOR('',#6890,1000.);
#2057=VECTOR('',#6891,1000.);
#2058=VECTOR('',#6894,1000.);
#2059=VECTOR('',#6895,1000.);
#2060=VECTOR('',#6896,1000.);
#2061=VECTOR('',#6899,1000.);
#2062=VECTOR('',#6900,1000.);
#2063=VECTOR('',#6901,1000.);
#2064=VECTOR('',#6902,1000.);
#2065=VECTOR('',#6905,1000.);
#2066=VECTOR('',#6906,1000.);
#2067=VECTOR('',#6909,1000.);
#2068=VECTOR('',#6910,1000.);
#2069=VECTOR('',#6911,1000.);
#2070=VECTOR('',#6914,1000.);
#2071=VECTOR('',#6915,1000.);
#2072=VECTOR('',#6916,1000.);
#2073=VECTOR('',#6917,1000.);
#2074=VECTOR('',#6920,1000.);
#2075=VECTOR('',#6921,1000.);
#2076=VECTOR('',#6924,1000.);
#2077=VECTOR('',#6925,1000.);
#2078=VECTOR('',#6926,1000.);
#2079=VECTOR('',#6929,1000.);
#2080=VECTOR('',#6930,1000.);
#2081=VECTOR('',#6931,1000.);
#2082=VECTOR('',#6932,1000.);
#2083=VECTOR('',#6935,1000.);
#2084=VECTOR('',#6936,1000.);
#2085=VECTOR('',#6939,1000.);
#2086=VECTOR('',#6940,1000.);
#2087=VECTOR('',#6941,1000.);
#2088=VECTOR('',#6944,1000.);
#2089=VECTOR('',#6945,1000.);
#2090=VECTOR('',#6946,1000.);
#2091=VECTOR('',#6949,1000.);
#2092=VECTOR('',#6950,1000.);
#2093=VECTOR('',#6951,1000.);
#2094=VECTOR('',#6954,1000.);
#2095=VECTOR('',#6955,1000.);
#2096=VECTOR('',#6956,1000.);
#2097=VECTOR('',#6959,1000.);
#2098=VECTOR('',#6960,1000.);
#2099=VECTOR('',#6961,1000.);
#2100=VECTOR('',#6962,1000.);
#2101=VECTOR('',#6965,1000.);
#2102=VECTOR('',#6966,1000.);
#2103=VECTOR('',#6969,1000.);
#2104=VECTOR('',#6970,1000.);
#2105=VECTOR('',#6971,1000.);
#2106=VECTOR('',#6974,1000.);
#2107=VECTOR('',#6975,1000.);
#2108=VECTOR('',#6976,1000.);
#2109=VECTOR('',#6977,1000.);
#2110=VECTOR('',#6980,1000.);
#2111=VECTOR('',#6981,1000.);
#2112=VECTOR('',#6984,1000.);
#2113=VECTOR('',#6985,1000.);
#2114=VECTOR('',#6986,1000.);
#2115=VECTOR('',#6989,1000.);
#2116=VECTOR('',#6990,1000.);
#2117=VECTOR('',#6991,1000.);
#2118=VECTOR('',#6992,1000.);
#2119=VECTOR('',#6995,1000.);
#2120=VECTOR('',#6996,1000.);
#2121=VECTOR('',#6999,1000.);
#2122=VECTOR('',#7000,1000.);
#2123=VECTOR('',#7001,1000.);
#2124=VECTOR('',#7004,1000.);
#2125=VECTOR('',#7005,1000.);
#2126=VECTOR('',#7006,1000.);
#2127=VECTOR('',#7007,1000.);
#2128=VECTOR('',#7010,1000.);
#2129=VECTOR('',#7011,1000.);
#2130=VECTOR('',#7014,1000.);
#2131=VECTOR('',#7015,1000.);
#2132=VECTOR('',#7016,1000.);
#2133=VECTOR('',#7019,1000.);
#2134=VECTOR('',#7020,1000.);
#2135=VECTOR('',#7021,1000.);
#2136=VECTOR('',#7022,1000.);
#2137=VECTOR('',#7025,1000.);
#2138=VECTOR('',#7026,1000.);
#2139=VECTOR('',#7029,1000.);
#2140=VECTOR('',#7030,1000.);
#2141=VECTOR('',#7031,1000.);
#2142=VECTOR('',#7034,1000.);
#2143=VECTOR('',#7035,1000.);
#2144=VECTOR('',#7036,1000.);
#2145=VECTOR('',#7037,1000.);
#2146=VECTOR('',#7040,1000.);
#2147=VECTOR('',#7041,1000.);
#2148=VECTOR('',#7044,1000.);
#2149=VECTOR('',#7045,1000.);
#2150=VECTOR('',#7046,1000.);
#2151=VECTOR('',#7049,1000.);
#2152=VECTOR('',#7050,1000.);
#2153=VECTOR('',#7051,1000.);
#2154=VECTOR('',#7054,1000.);
#2155=VECTOR('',#7055,1000.);
#2156=VECTOR('',#7056,1000.);
#2157=VECTOR('',#7059,1000.);
#2158=VECTOR('',#7060,1000.);
#2159=VECTOR('',#7061,1000.);
#2160=VECTOR('',#7064,1000.);
#2161=VECTOR('',#7065,1000.);
#2162=VECTOR('',#7066,1000.);
#2163=VECTOR('',#7067,1000.);
#2164=VECTOR('',#7070,1000.);
#2165=VECTOR('',#7071,1000.);
#2166=VECTOR('',#7074,1000.);
#2167=VECTOR('',#7075,1000.);
#2168=VECTOR('',#7076,1000.);
#2169=VECTOR('',#7079,1000.);
#2170=VECTOR('',#7080,1000.);
#2171=VECTOR('',#7081,1000.);
#2172=VECTOR('',#7082,1000.);
#2173=VECTOR('',#7085,1000.);
#2174=VECTOR('',#7086,1000.);
#2175=VECTOR('',#7089,1000.);
#2176=VECTOR('',#7090,1000.);
#2177=VECTOR('',#7091,1000.);
#2178=VECTOR('',#7094,1000.);
#2179=VECTOR('',#7095,1000.);
#2180=VECTOR('',#7096,1000.);
#2181=VECTOR('',#7097,1000.);
#2182=VECTOR('',#7100,1000.);
#2183=VECTOR('',#7101,1000.);
#2184=VECTOR('',#7104,1000.);
#2185=VECTOR('',#7105,1000.);
#2186=VECTOR('',#7106,1000.);
#2187=VECTOR('',#7109,1000.);
#2188=VECTOR('',#7110,1000.);
#2189=VECTOR('',#7111,1000.);
#2190=VECTOR('',#7112,1000.);
#2191=VECTOR('',#7115,1000.);
#2192=VECTOR('',#7116,1000.);
#2193=VECTOR('',#7119,1000.);
#2194=VECTOR('',#7120,1000.);
#2195=VECTOR('',#7121,1000.);
#2196=VECTOR('',#7124,1000.);
#2197=VECTOR('',#7125,1000.);
#2198=VECTOR('',#7126,1000.);
#2199=VECTOR('',#7127,1000.);
#2200=VECTOR('',#7130,1000.);
#2201=VECTOR('',#7131,1000.);
#2202=VECTOR('',#7134,1000.);
#2203=VECTOR('',#7135,1000.);
#2204=VECTOR('',#7136,1000.);
#2205=VECTOR('',#7139,1000.);
#2206=VECTOR('',#7140,1000.);
#2207=VECTOR('',#7141,1000.);
#2208=VECTOR('',#7142,1000.);
#2209=VECTOR('',#7145,1000.);
#2210=VECTOR('',#7146,1000.);
#2211=VECTOR('',#7149,1000.);
#2212=VECTOR('',#7150,1000.);
#2213=VECTOR('',#7151,1000.);
#2214=VECTOR('',#7154,1000.);
#2215=VECTOR('',#7155,1000.);
#2216=VECTOR('',#7156,1000.);
#2217=VECTOR('',#7159,1000.);
#2218=VECTOR('',#7160,1000.);
#2219=VECTOR('',#7163,1000.);
#2220=VECTOR('',#7166,1000.);
#2221=VECTOR('',#7167,1000.);
#2222=VECTOR('',#7170,1000.);
#2223=VECTOR('',#7173,1000.);
#2224=VECTOR('',#7174,1000.);
#2225=VECTOR('',#7177,1000.);
#2226=VECTOR('',#7180,1000.);
#2227=VECTOR('',#7181,1000.);
#2228=VECTOR('',#7184,1000.);
#2229=VECTOR('',#7187,1000.);
#2230=VECTOR('',#7188,1000.);
#2231=VECTOR('',#7191,1000.);
#2232=VECTOR('',#7192,1000.);
#2233=VECTOR('',#7195,1000.);
#2234=VECTOR('',#7196,1000.);
#2235=VECTOR('',#7199,1000.);
#2236=VECTOR('',#7204,1000.);
#2237=VECTOR('',#7205,1000.);
#2238=VECTOR('',#7208,1000.);
#2239=VECTOR('',#7211,1000.);
#2240=VECTOR('',#7212,1000.);
#2241=VECTOR('',#7215,1000.);
#2242=VECTOR('',#7216,1000.);
#2243=VECTOR('',#7221,1000.);
#2244=VECTOR('',#7224,1000.);
#2245=VECTOR('',#7225,1000.);
#2246=VECTOR('',#7228,1000.);
#2247=VECTOR('',#7231,1000.);
#2248=VECTOR('',#7232,1000.);
#2249=VECTOR('',#7235,1000.);
#2250=VECTOR('',#7236,1000.);
#2251=VECTOR('',#7241,1000.);
#2252=VECTOR('',#7244,1000.);
#2253=VECTOR('',#7245,1000.);
#2254=VECTOR('',#7248,1000.);
#2255=VECTOR('',#7251,1000.);
#2256=VECTOR('',#7252,1000.);
#2257=VECTOR('',#7255,1000.);
#2258=VECTOR('',#7256,1000.);
#2259=VECTOR('',#7261,1000.);
#2260=VECTOR('',#7264,1000.);
#2261=VECTOR('',#7265,1000.);
#2262=VECTOR('',#7268,1000.);
#2263=VECTOR('',#7271,1000.);
#2264=VECTOR('',#7272,1000.);
#2265=VECTOR('',#7275,1000.);
#2266=VECTOR('',#7276,1000.);
#2267=VECTOR('',#7281,1000.);
#2268=VECTOR('',#7284,1000.);
#2269=VECTOR('',#7285,1000.);
#2270=VECTOR('',#7288,1000.);
#2271=VECTOR('',#7291,1000.);
#2272=VECTOR('',#7292,1000.);
#2273=VECTOR('',#7295,1000.);
#2274=VECTOR('',#7296,1000.);
#2275=VECTOR('',#7301,1000.);
#2276=VECTOR('',#7304,1000.);
#2277=VECTOR('',#7305,1000.);
#2278=VECTOR('',#7308,1000.);
#2279=VECTOR('',#7311,1000.);
#2280=VECTOR('',#7312,1000.);
#2281=VECTOR('',#7315,1000.);
#2282=VECTOR('',#7316,1000.);
#2283=VECTOR('',#7321,1000.);
#2284=VECTOR('',#7324,1000.);
#2285=VECTOR('',#7325,1000.);
#2286=VECTOR('',#7328,1000.);
#2287=VECTOR('',#7331,1000.);
#2288=VECTOR('',#7332,1000.);
#2289=VECTOR('',#7335,1000.);
#2290=VECTOR('',#7336,1000.);
#2291=VECTOR('',#7341,1000.);
#2292=VECTOR('',#7344,1000.);
#2293=VECTOR('',#7345,1000.);
#2294=VECTOR('',#7348,1000.);
#2295=VECTOR('',#7351,1000.);
#2296=VECTOR('',#7352,1000.);
#2297=VECTOR('',#7355,1000.);
#2298=VECTOR('',#7356,1000.);
#2299=VECTOR('',#7361,1000.);
#2300=VECTOR('',#7364,1000.);
#2301=VECTOR('',#7365,1000.);
#2302=VECTOR('',#7368,1000.);
#2303=VECTOR('',#7371,1000.);
#2304=VECTOR('',#7372,1000.);
#2305=VECTOR('',#7375,1000.);
#2306=VECTOR('',#7376,1000.);
#2307=VECTOR('',#7381,1000.);
#2308=VECTOR('',#7384,1000.);
#2309=VECTOR('',#7385,1000.);
#2310=VECTOR('',#7388,1000.);
#2311=VECTOR('',#7391,1000.);
#2312=VECTOR('',#7392,1000.);
#2313=VECTOR('',#7395,1000.);
#2314=VECTOR('',#7396,1000.);
#2315=VECTOR('',#7401,1000.);
#2316=VECTOR('',#7404,1000.);
#2317=VECTOR('',#7405,1000.);
#2318=VECTOR('',#7408,1000.);
#2319=VECTOR('',#7411,1000.);
#2320=VECTOR('',#7412,1000.);
#2321=VECTOR('',#7415,1000.);
#2322=VECTOR('',#7416,1000.);
#2323=VECTOR('',#7421,1000.);
#2324=VECTOR('',#7424,1000.);
#2325=VECTOR('',#7425,1000.);
#2326=VECTOR('',#7428,1000.);
#2327=VECTOR('',#7431,1000.);
#2328=VECTOR('',#7432,1000.);
#2329=VECTOR('',#7435,1000.);
#2330=VECTOR('',#7436,1000.);
#2331=VECTOR('',#7441,1000.);
#2332=VECTOR('',#7444,1000.);
#2333=VECTOR('',#7445,1000.);
#2334=VECTOR('',#7448,1000.);
#2335=VECTOR('',#7451,1000.);
#2336=VECTOR('',#7452,1000.);
#2337=VECTOR('',#7455,1000.);
#2338=VECTOR('',#7456,1000.);
#2339=VECTOR('',#7461,1000.);
#2340=VECTOR('',#7464,1000.);
#2341=VECTOR('',#7465,1000.);
#2342=VECTOR('',#7468,1000.);
#2343=VECTOR('',#7471,1000.);
#2344=VECTOR('',#7472,1000.);
#2345=VECTOR('',#7475,1000.);
#2346=VECTOR('',#7476,1000.);
#2347=VECTOR('',#7481,1000.);
#2348=VECTOR('',#7484,1000.);
#2349=VECTOR('',#7485,1000.);
#2350=VECTOR('',#7488,1000.);
#2351=VECTOR('',#7491,1000.);
#2352=VECTOR('',#7492,1000.);
#2353=VECTOR('',#7495,1000.);
#2354=VECTOR('',#7496,1000.);
#2355=VECTOR('',#7501,1000.);
#2356=VECTOR('',#7504,1000.);
#2357=VECTOR('',#7505,1000.);
#2358=VECTOR('',#7508,1000.);
#2359=VECTOR('',#7511,1000.);
#2360=VECTOR('',#7512,1000.);
#2361=VECTOR('',#7515,1000.);
#2362=VECTOR('',#7516,1000.);
#2363=VECTOR('',#7521,1000.);
#2364=VECTOR('',#7524,1000.);
#2365=VECTOR('',#7525,1000.);
#2366=VECTOR('',#7528,1000.);
#2367=VECTOR('',#7531,1000.);
#2368=VECTOR('',#7532,1000.);
#2369=VECTOR('',#7535,1000.);
#2370=VECTOR('',#7536,1000.);
#2371=VECTOR('',#7541,1000.);
#2372=VECTOR('',#7544,1000.);
#2373=VECTOR('',#7545,1000.);
#2374=VECTOR('',#7548,1000.);
#2375=VECTOR('',#7551,1000.);
#2376=VECTOR('',#7552,1000.);
#2377=VECTOR('',#7555,1000.);
#2378=VECTOR('',#7556,1000.);
#2379=VECTOR('',#7561,1000.);
#2380=VECTOR('',#7564,1000.);
#2381=VECTOR('',#7565,1000.);
#2382=VECTOR('',#7568,1000.);
#2383=VECTOR('',#7571,1000.);
#2384=VECTOR('',#7572,1000.);
#2385=VECTOR('',#7575,1000.);
#2386=VECTOR('',#7576,1000.);
#2387=VECTOR('',#7581,1000.);
#2388=VECTOR('',#7584,1000.);
#2389=VECTOR('',#7585,1000.);
#2390=VECTOR('',#7588,1000.);
#2391=VECTOR('',#7591,1000.);
#2392=VECTOR('',#7592,1000.);
#2393=VECTOR('',#7595,1000.);
#2394=VECTOR('',#7596,1000.);
#2395=VECTOR('',#7601,1000.);
#2396=VECTOR('',#7604,1000.);
#2397=VECTOR('',#7605,1000.);
#2398=VECTOR('',#7608,1000.);
#2399=VECTOR('',#7611,1000.);
#2400=VECTOR('',#7612,1000.);
#2401=VECTOR('',#7615,1000.);
#2402=VECTOR('',#7618,1000.);
#2403=VECTOR('',#7619,1000.);
#2404=VECTOR('',#7622,1000.);
#2405=VECTOR('',#7625,1000.);
#2406=VECTOR('',#7626,1000.);
#2407=VECTOR('',#7629,1000.);
#2408=VECTOR('',#7632,1000.);
#2409=VECTOR('',#7633,1000.);
#2410=VECTOR('',#7636,1000.);
#2411=VECTOR('',#7639,1000.);
#2412=VECTOR('',#7640,1000.);
#2413=VECTOR('',#7643,1000.);
#2414=VECTOR('',#7646,1000.);
#2415=VECTOR('',#7647,1000.);
#2416=VECTOR('',#7650,1000.);
#2417=VECTOR('',#7653,1000.);
#2418=VECTOR('',#7654,1000.);
#2419=VECTOR('',#7657,1000.);
#2420=VECTOR('',#7660,1000.);
#2421=VECTOR('',#7661,1000.);
#2422=VECTOR('',#7664,1000.);
#2423=VECTOR('',#7667,1000.);
#2424=VECTOR('',#7668,1000.);
#2425=VECTOR('',#7671,1000.);
#2426=VECTOR('',#7674,1000.);
#2427=VECTOR('',#7675,1000.);
#2428=VECTOR('',#7678,1000.);
#2429=VECTOR('',#7681,1000.);
#2430=VECTOR('',#7686,1000.);
#2431=VECTOR('',#7691,1000.);
#2432=VECTOR('',#7696,1000.);
#2433=VECTOR('',#7701,1000.);
#2434=VECTOR('',#7706,1000.);
#2435=VECTOR('',#7711,1000.);
#2436=VECTOR('',#7716,1000.);
#2437=VECTOR('',#7721,1000.);
#2438=VECTOR('',#7726,1000.);
#2439=VECTOR('',#7731,1000.);
#2440=VECTOR('',#7736,1000.);
#2441=VECTOR('',#7741,1000.);
#2442=VECTOR('',#7746,1000.);
#2443=VECTOR('',#7751,1000.);
#2444=VECTOR('',#7756,1000.);
#2445=VECTOR('',#7761,1000.);
#2446=VECTOR('',#7766,1000.);
#2447=VECTOR('',#7771,1000.);
#2448=VECTOR('',#7776,1000.);
#2449=VECTOR('',#7781,1000.);
#2450=VECTOR('',#7786,1000.);
#2451=VECTOR('',#7791,1000.);
#2452=VECTOR('',#7796,1000.);
#2453=VECTOR('',#7801,1000.);
#2454=VECTOR('',#7806,1000.);
#2455=VECTOR('',#7811,1000.);
#2456=VECTOR('',#7816,1000.);
#2457=CIRCLE('',#5984,0.125);
#2458=CIRCLE('',#5985,0.125);
#2459=CIRCLE('',#5987,0.125);
#2460=CIRCLE('',#5988,0.125);
#2461=CIRCLE('',#5990,0.125);
#2462=CIRCLE('',#5991,0.125);
#2463=CIRCLE('',#5993,0.125);
#2464=CIRCLE('',#5994,0.125);
#2465=CIRCLE('',#5996,0.125);
#2466=CIRCLE('',#5997,0.125);
#2467=CIRCLE('',#5999,0.125);
#2468=CIRCLE('',#6000,0.125);
#2469=CIRCLE('',#6002,0.125);
#2470=CIRCLE('',#6003,0.125);
#2471=CIRCLE('',#6005,0.119);
#2472=CIRCLE('',#6012,0.125);
#2473=CIRCLE('',#6013,0.125);
#2474=CIRCLE('',#6014,0.125);
#2475=CIRCLE('',#6015,0.125);
#2476=CIRCLE('',#6016,0.125);
#2477=CIRCLE('',#6017,0.125);
#2478=CIRCLE('',#6018,0.125);
#2479=CIRCLE('',#6019,0.125);
#2480=CIRCLE('',#6020,0.125);
#2481=CIRCLE('',#6021,0.125);
#2482=CIRCLE('',#6022,0.125);
#2483=CIRCLE('',#6023,0.125);
#2484=CIRCLE('',#6024,0.125);
#2485=CIRCLE('',#6025,0.125);
#2486=CIRCLE('',#6026,0.125);
#2487=CIRCLE('',#6027,0.125);
#2488=CIRCLE('',#6028,0.125);
#2489=CIRCLE('',#6029,0.125);
#2490=CIRCLE('',#6030,0.125);
#2491=CIRCLE('',#6031,0.125);
#2492=CIRCLE('',#6032,0.125);
#2493=CIRCLE('',#6129,0.125);
#2494=CIRCLE('',#6135,0.125);
#2495=CIRCLE('',#6141,0.125);
#2496=CIRCLE('',#6147,0.125);
#2497=CIRCLE('',#6153,0.125);
#2498=CIRCLE('',#6159,0.125);
#2499=CIRCLE('',#6165,0.125);
#2500=CIRCLE('',#6171,0.125);
#2501=CIRCLE('',#6177,0.125);
#2502=CIRCLE('',#6183,0.125);
#2503=CIRCLE('',#6189,0.125);
#2504=CIRCLE('',#6195,0.125);
#2505=CIRCLE('',#6201,0.125);
#2506=CIRCLE('',#6207,0.125);
#2507=CIRCLE('',#6213,0.125);
#2508=CIRCLE('',#6219,0.125);
#2509=CIRCLE('',#6225,0.125);
#2510=CIRCLE('',#6231,0.125);
#2511=CIRCLE('',#6237,0.125);
#2512=CIRCLE('',#6243,0.125);
#2513=CIRCLE('',#6249,0.125);
#2514=VERTEX_POINT('',#7821);
#2515=VERTEX_POINT('',#7822);
#2516=VERTEX_POINT('',#7824);
#2517=VERTEX_POINT('',#7826);
#2518=VERTEX_POINT('',#7830);
#2519=VERTEX_POINT('',#7831);
#2520=VERTEX_POINT('',#7833);
#2521=VERTEX_POINT('',#7835);
#2522=VERTEX_POINT('',#7839);
#2523=VERTEX_POINT('',#7840);
#2524=VERTEX_POINT('',#7842);
#2525=VERTEX_POINT('',#7844);
#2526=VERTEX_POINT('',#7848);
#2527=VERTEX_POINT('',#7849);
#2528=VERTEX_POINT('',#7851);
#2529=VERTEX_POINT('',#7853);
#2530=VERTEX_POINT('',#7857);
#2531=VERTEX_POINT('',#7858);
#2532=VERTEX_POINT('',#7860);
#2533=VERTEX_POINT('',#7862);
#2534=VERTEX_POINT('',#7866);
#2535=VERTEX_POINT('',#7867);
#2536=VERTEX_POINT('',#7869);
#2537=VERTEX_POINT('',#7871);
#2538=VERTEX_POINT('',#7875);
#2539=VERTEX_POINT('',#7876);
#2540=VERTEX_POINT('',#7878);
#2541=VERTEX_POINT('',#7880);
#2542=VERTEX_POINT('',#7884);
#2543=VERTEX_POINT('',#7885);
#2544=VERTEX_POINT('',#7887);
#2545=VERTEX_POINT('',#7889);
#2546=VERTEX_POINT('',#7892);
#2547=VERTEX_POINT('',#7896);
#2548=VERTEX_POINT('',#7897);
#2549=VERTEX_POINT('',#7899);
#2550=VERTEX_POINT('',#7901);
#2551=VERTEX_POINT('',#7903);
#2552=VERTEX_POINT('',#7905);
#2553=VERTEX_POINT('',#7907);
#2554=VERTEX_POINT('',#7909);
#2555=VERTEX_POINT('',#7911);
#2556=VERTEX_POINT('',#7913);
#2557=VERTEX_POINT('',#7915);
#2558=VERTEX_POINT('',#7917);
#2559=VERTEX_POINT('',#7919);
#2560=VERTEX_POINT('',#7921);
#2561=VERTEX_POINT('',#7923);
#2562=VERTEX_POINT('',#7926);
#2563=VERTEX_POINT('',#7928);
#2564=VERTEX_POINT('',#7930);
#2565=VERTEX_POINT('',#7932);
#2566=VERTEX_POINT('',#7934);
#2567=VERTEX_POINT('',#7936);
#2568=VERTEX_POINT('',#7938);
#2569=VERTEX_POINT('',#7940);
#2570=VERTEX_POINT('',#7942);
#2571=VERTEX_POINT('',#7944);
#2572=VERTEX_POINT('',#7946);
#2573=VERTEX_POINT('',#7948);
#2574=VERTEX_POINT('',#7950);
#2575=VERTEX_POINT('',#7952);
#2576=VERTEX_POINT('',#7954);
#2577=VERTEX_POINT('',#7958);
#2578=VERTEX_POINT('',#7959);
#2579=VERTEX_POINT('',#7961);
#2580=VERTEX_POINT('',#7963);
#2581=VERTEX_POINT('',#7965);
#2582=VERTEX_POINT('',#7967);
#2583=VERTEX_POINT('',#7969);
#2584=VERTEX_POINT('',#7971);
#2585=VERTEX_POINT('',#7974);
#2586=VERTEX_POINT('',#7976);
#2587=VERTEX_POINT('',#7978);
#2588=VERTEX_POINT('',#7980);
#2589=VERTEX_POINT('',#7982);
#2590=VERTEX_POINT('',#7984);
#2591=VERTEX_POINT('',#7986);
#2592=VERTEX_POINT('',#7988);
#2593=VERTEX_POINT('',#7990);
#2594=VERTEX_POINT('',#7992);
#2595=VERTEX_POINT('',#7994);
#2596=VERTEX_POINT('',#7996);
#2597=VERTEX_POINT('',#7998);
#2598=VERTEX_POINT('',#8000);
#2599=VERTEX_POINT('',#8002);
#2600=VERTEX_POINT('',#8004);
#2601=VERTEX_POINT('',#8006);
#2602=VERTEX_POINT('',#8008);
#2603=VERTEX_POINT('',#8010);
#2604=VERTEX_POINT('',#8012);
#2605=VERTEX_POINT('',#8014);
#2606=VERTEX_POINT('',#8018);
#2607=VERTEX_POINT('',#8019);
#2608=VERTEX_POINT('',#8021);
#2609=VERTEX_POINT('',#8023);
#2610=VERTEX_POINT('',#8026);
#2611=VERTEX_POINT('',#8028);
#2612=VERTEX_POINT('',#8030);
#2613=VERTEX_POINT('',#8032);
#2614=VERTEX_POINT('',#8034);
#2615=VERTEX_POINT('',#8036);
#2616=VERTEX_POINT('',#8038);
#2617=VERTEX_POINT('',#8040);
#2618=VERTEX_POINT('',#8042);
#2619=VERTEX_POINT('',#8044);
#2620=VERTEX_POINT('',#8046);
#2621=VERTEX_POINT('',#8048);
#2622=VERTEX_POINT('',#8050);
#2623=VERTEX_POINT('',#8052);
#2624=VERTEX_POINT('',#8054);
#2625=VERTEX_POINT('',#8056);
#2626=VERTEX_POINT('',#8058);
#2627=VERTEX_POINT('',#8060);
#2628=VERTEX_POINT('',#8062);
#2629=VERTEX_POINT('',#8064);
#2630=VERTEX_POINT('',#8066);
#2631=VERTEX_POINT('',#8068);
#2632=VERTEX_POINT('',#8070);
#2633=VERTEX_POINT('',#8072);
#2634=VERTEX_POINT('',#8074);
#2635=VERTEX_POINT('',#8078);
#2636=VERTEX_POINT('',#8079);
#2637=VERTEX_POINT('',#8081);
#2638=VERTEX_POINT('',#8083);
#2639=VERTEX_POINT('',#8085);
#2640=VERTEX_POINT('',#8087);
#2641=VERTEX_POINT('',#8089);
#2642=VERTEX_POINT('',#8091);
#2643=VERTEX_POINT('',#8093);
#2644=VERTEX_POINT('',#8095);
#2645=VERTEX_POINT('',#8097);
#2646=VERTEX_POINT('',#8099);
#2647=VERTEX_POINT('',#8101);
#2648=VERTEX_POINT('',#8103);
#2649=VERTEX_POINT('',#8105);
#2650=VERTEX_POINT('',#8107);
#2651=VERTEX_POINT('',#8109);
#2652=VERTEX_POINT('',#8111);
#2653=VERTEX_POINT('',#8113);
#2654=VERTEX_POINT('',#8115);
#2655=VERTEX_POINT('',#8118);
#2656=VERTEX_POINT('',#8120);
#2657=VERTEX_POINT('',#8122);
#2658=VERTEX_POINT('',#8124);
#2659=VERTEX_POINT('',#8126);
#2660=VERTEX_POINT('',#8128);
#2661=VERTEX_POINT('',#8130);
#2662=VERTEX_POINT('',#8132);
#2663=VERTEX_POINT('',#8136);
#2664=VERTEX_POINT('',#8138);
#2665=VERTEX_POINT('',#8140);
#2666=VERTEX_POINT('',#8143);
#2667=VERTEX_POINT('',#8145);
#2668=VERTEX_POINT('',#8148);
#2669=VERTEX_POINT('',#8150);
#2670=VERTEX_POINT('',#8153);
#2671=VERTEX_POINT('',#8155);
#2672=VERTEX_POINT('',#8158);
#2673=VERTEX_POINT('',#8160);
#2674=VERTEX_POINT('',#8163);
#2675=VERTEX_POINT('',#8165);
#2676=VERTEX_POINT('',#8168);
#2677=VERTEX_POINT('',#8170);
#2678=VERTEX_POINT('',#8173);
#2679=VERTEX_POINT('',#8175);
#2680=VERTEX_POINT('',#8178);
#2681=VERTEX_POINT('',#8180);
#2682=VERTEX_POINT('',#8183);
#2683=VERTEX_POINT('',#8185);
#2684=VERTEX_POINT('',#8188);
#2685=VERTEX_POINT('',#8190);
#2686=VERTEX_POINT('',#8192);
#2687=VERTEX_POINT('',#8194);
#2688=VERTEX_POINT('',#8196);
#2689=VERTEX_POINT('',#8198);
#2690=VERTEX_POINT('',#8201);
#2691=VERTEX_POINT('',#8203);
#2692=VERTEX_POINT('',#8205);
#2693=VERTEX_POINT('',#8207);
#2694=VERTEX_POINT('',#8209);
#2695=VERTEX_POINT('',#8211);
#2696=VERTEX_POINT('',#8214);
#2697=VERTEX_POINT('',#8216);
#2698=VERTEX_POINT('',#8218);
#2699=VERTEX_POINT('',#8220);
#2700=VERTEX_POINT('',#8222);
#2701=VERTEX_POINT('',#8224);
#2702=VERTEX_POINT('',#8227);
#2703=VERTEX_POINT('',#8229);
#2704=VERTEX_POINT('',#8231);
#2705=VERTEX_POINT('',#8233);
#2706=VERTEX_POINT('',#8235);
#2707=VERTEX_POINT('',#8237);
#2708=VERTEX_POINT('',#8240);
#2709=VERTEX_POINT('',#8242);
#2710=VERTEX_POINT('',#8244);
#2711=VERTEX_POINT('',#8246);
#2712=VERTEX_POINT('',#8248);
#2713=VERTEX_POINT('',#8250);
#2714=VERTEX_POINT('',#8253);
#2715=VERTEX_POINT('',#8255);
#2716=VERTEX_POINT('',#8257);
#2717=VERTEX_POINT('',#8259);
#2718=VERTEX_POINT('',#8261);
#2719=VERTEX_POINT('',#8263);
#2720=VERTEX_POINT('',#8266);
#2721=VERTEX_POINT('',#8268);
#2722=VERTEX_POINT('',#8270);
#2723=VERTEX_POINT('',#8272);
#2724=VERTEX_POINT('',#8274);
#2725=VERTEX_POINT('',#8276);
#2726=VERTEX_POINT('',#8279);
#2727=VERTEX_POINT('',#8281);
#2728=VERTEX_POINT('',#8283);
#2729=VERTEX_POINT('',#8285);
#2730=VERTEX_POINT('',#8287);
#2731=VERTEX_POINT('',#8289);
#2732=VERTEX_POINT('',#8292);
#2733=VERTEX_POINT('',#8294);
#2734=VERTEX_POINT('',#8296);
#2735=VERTEX_POINT('',#8298);
#2736=VERTEX_POINT('',#8300);
#2737=VERTEX_POINT('',#8302);
#2738=VERTEX_POINT('',#8305);
#2739=VERTEX_POINT('',#8307);
#2740=VERTEX_POINT('',#8309);
#2741=VERTEX_POINT('',#8311);
#2742=VERTEX_POINT('',#8313);
#2743=VERTEX_POINT('',#8315);
#2744=VERTEX_POINT('',#8318);
#2745=VERTEX_POINT('',#8320);
#2746=VERTEX_POINT('',#8322);
#2747=VERTEX_POINT('',#8324);
#2748=VERTEX_POINT('',#8326);
#2749=VERTEX_POINT('',#8328);
#2750=VERTEX_POINT('',#8331);
#2751=VERTEX_POINT('',#8333);
#2752=VERTEX_POINT('',#8335);
#2753=VERTEX_POINT('',#8337);
#2754=VERTEX_POINT('',#8339);
#2755=VERTEX_POINT('',#8341);
#2756=VERTEX_POINT('',#8344);
#2757=VERTEX_POINT('',#8346);
#2758=VERTEX_POINT('',#8348);
#2759=VERTEX_POINT('',#8350);
#2760=VERTEX_POINT('',#8352);
#2761=VERTEX_POINT('',#8354);
#2762=VERTEX_POINT('',#8357);
#2763=VERTEX_POINT('',#8359);
#2764=VERTEX_POINT('',#8361);
#2765=VERTEX_POINT('',#8363);
#2766=VERTEX_POINT('',#8365);
#2767=VERTEX_POINT('',#8367);
#2768=VERTEX_POINT('',#8370);
#2769=VERTEX_POINT('',#8372);
#2770=VERTEX_POINT('',#8374);
#2771=VERTEX_POINT('',#8376);
#2772=VERTEX_POINT('',#8378);
#2773=VERTEX_POINT('',#8380);
#2774=VERTEX_POINT('',#8383);
#2775=VERTEX_POINT('',#8385);
#2776=VERTEX_POINT('',#8387);
#2777=VERTEX_POINT('',#8389);
#2778=VERTEX_POINT('',#8391);
#2779=VERTEX_POINT('',#8393);
#2780=VERTEX_POINT('',#8396);
#2781=VERTEX_POINT('',#8398);
#2782=VERTEX_POINT('',#8400);
#2783=VERTEX_POINT('',#8402);
#2784=VERTEX_POINT('',#8404);
#2785=VERTEX_POINT('',#8406);
#2786=VERTEX_POINT('',#8409);
#2787=VERTEX_POINT('',#8411);
#2788=VERTEX_POINT('',#8413);
#2789=VERTEX_POINT('',#8415);
#2790=VERTEX_POINT('',#8417);
#2791=VERTEX_POINT('',#8419);
#2792=VERTEX_POINT('',#8422);
#2793=VERTEX_POINT('',#8424);
#2794=VERTEX_POINT('',#8426);
#2795=VERTEX_POINT('',#8428);
#2796=VERTEX_POINT('',#8430);
#2797=VERTEX_POINT('',#8432);
#2798=VERTEX_POINT('',#8435);
#2799=VERTEX_POINT('',#8437);
#2800=VERTEX_POINT('',#8439);
#2801=VERTEX_POINT('',#8441);
#2802=VERTEX_POINT('',#8443);
#2803=VERTEX_POINT('',#8445);
#2804=VERTEX_POINT('',#8448);
#2805=VERTEX_POINT('',#8450);
#2806=VERTEX_POINT('',#8452);
#2807=VERTEX_POINT('',#8454);
#2808=VERTEX_POINT('',#8456);
#2809=VERTEX_POINT('',#8458);
#2810=VERTEX_POINT('',#8460);
#2811=VERTEX_POINT('',#8463);
#2812=VERTEX_POINT('',#8465);
#2813=VERTEX_POINT('',#8468);
#2814=VERTEX_POINT('',#8470);
#2815=VERTEX_POINT('',#8473);
#2816=VERTEX_POINT('',#8475);
#2817=VERTEX_POINT('',#8478);
#2818=VERTEX_POINT('',#8482);
#2819=VERTEX_POINT('',#8483);
#2820=VERTEX_POINT('',#8486);
#2821=VERTEX_POINT('',#8490);
#2822=VERTEX_POINT('',#8494);
#2823=VERTEX_POINT('',#8496);
#2824=VERTEX_POINT('',#8500);
#2825=VERTEX_POINT('',#8501);
#2826=VERTEX_POINT('',#8504);
#2827=VERTEX_POINT('',#8508);
#2828=VERTEX_POINT('',#8512);
#2829=VERTEX_POINT('',#8514);
#2830=VERTEX_POINT('',#8518);
#2831=VERTEX_POINT('',#8519);
#2832=VERTEX_POINT('',#8522);
#2833=VERTEX_POINT('',#8526);
#2834=VERTEX_POINT('',#8530);
#2835=VERTEX_POINT('',#8532);
#2836=VERTEX_POINT('',#8536);
#2837=VERTEX_POINT('',#8537);
#2838=VERTEX_POINT('',#8540);
#2839=VERTEX_POINT('',#8544);
#2840=VERTEX_POINT('',#8548);
#2841=VERTEX_POINT('',#8550);
#2842=VERTEX_POINT('',#8554);
#2843=VERTEX_POINT('',#8555);
#2844=VERTEX_POINT('',#8558);
#2845=VERTEX_POINT('',#8562);
#2846=VERTEX_POINT('',#8566);
#2847=VERTEX_POINT('',#8568);
#2848=VERTEX_POINT('',#8572);
#2849=VERTEX_POINT('',#8573);
#2850=VERTEX_POINT('',#8576);
#2851=VERTEX_POINT('',#8580);
#2852=VERTEX_POINT('',#8584);
#2853=VERTEX_POINT('',#8586);
#2854=VERTEX_POINT('',#8590);
#2855=VERTEX_POINT('',#8591);
#2856=VERTEX_POINT('',#8594);
#2857=VERTEX_POINT('',#8598);
#2858=VERTEX_POINT('',#8602);
#2859=VERTEX_POINT('',#8604);
#2860=VERTEX_POINT('',#8608);
#2861=VERTEX_POINT('',#8609);
#2862=VERTEX_POINT('',#8614);
#2863=VERTEX_POINT('',#8616);
#2864=VERTEX_POINT('',#8620);
#2865=VERTEX_POINT('',#8621);
#2866=VERTEX_POINT('',#8624);
#2867=VERTEX_POINT('',#8628);
#2868=VERTEX_POINT('',#8632);
#2869=VERTEX_POINT('',#8634);
#2870=VERTEX_POINT('',#8638);
#2871=VERTEX_POINT('',#8639);
#2872=VERTEX_POINT('',#8642);
#2873=VERTEX_POINT('',#8646);
#2874=VERTEX_POINT('',#8650);
#2875=VERTEX_POINT('',#8652);
#2876=VERTEX_POINT('',#8656);
#2877=VERTEX_POINT('',#8657);
#2878=VERTEX_POINT('',#8660);
#2879=VERTEX_POINT('',#8664);
#2880=VERTEX_POINT('',#8668);
#2881=VERTEX_POINT('',#8670);
#2882=VERTEX_POINT('',#8674);
#2883=VERTEX_POINT('',#8675);
#2884=VERTEX_POINT('',#8678);
#2885=VERTEX_POINT('',#8682);
#2886=VERTEX_POINT('',#8686);
#2887=VERTEX_POINT('',#8688);
#2888=VERTEX_POINT('',#8692);
#2889=VERTEX_POINT('',#8693);
#2890=VERTEX_POINT('',#8696);
#2891=VERTEX_POINT('',#8700);
#2892=VERTEX_POINT('',#8704);
#2893=VERTEX_POINT('',#8706);
#2894=VERTEX_POINT('',#8710);
#2895=VERTEX_POINT('',#8711);
#2896=VERTEX_POINT('',#8714);
#2897=VERTEX_POINT('',#8718);
#2898=VERTEX_POINT('',#8722);
#2899=VERTEX_POINT('',#8724);
#2900=VERTEX_POINT('',#8728);
#2901=VERTEX_POINT('',#8729);
#2902=VERTEX_POINT('',#8734);
#2903=VERTEX_POINT('',#8735);
#2904=VERTEX_POINT('',#8740);
#2905=VERTEX_POINT('',#8742);
#2906=VERTEX_POINT('',#8746);
#2907=VERTEX_POINT('',#8747);
#2908=VERTEX_POINT('',#8750);
#2909=VERTEX_POINT('',#8754);
#2910=VERTEX_POINT('',#8758);
#2911=VERTEX_POINT('',#8760);
#2912=VERTEX_POINT('',#8764);
#2913=VERTEX_POINT('',#8765);
#2914=VERTEX_POINT('',#8768);
#2915=VERTEX_POINT('',#8772);
#2916=VERTEX_POINT('',#8776);
#2917=VERTEX_POINT('',#8778);
#2918=VERTEX_POINT('',#8782);
#2919=VERTEX_POINT('',#8783);
#2920=VERTEX_POINT('',#8786);
#2921=VERTEX_POINT('',#8790);
#2922=VERTEX_POINT('',#8794);
#2923=VERTEX_POINT('',#8796);
#2924=VERTEX_POINT('',#8800);
#2925=VERTEX_POINT('',#8801);
#2926=VERTEX_POINT('',#8804);
#2927=VERTEX_POINT('',#8808);
#2928=VERTEX_POINT('',#8812);
#2929=VERTEX_POINT('',#8814);
#2930=VERTEX_POINT('',#8818);
#2931=VERTEX_POINT('',#8819);
#2932=VERTEX_POINT('',#8822);
#2933=VERTEX_POINT('',#8826);
#2934=VERTEX_POINT('',#8830);
#2935=VERTEX_POINT('',#8832);
#2936=VERTEX_POINT('',#8836);
#2937=VERTEX_POINT('',#8837);
#2938=VERTEX_POINT('',#8840);
#2939=VERTEX_POINT('',#8844);
#2940=VERTEX_POINT('',#8848);
#2941=VERTEX_POINT('',#8850);
#2942=VERTEX_POINT('',#8854);
#2943=VERTEX_POINT('',#8855);
#2944=VERTEX_POINT('',#8860);
#2945=VERTEX_POINT('',#8861);
#2946=VERTEX_POINT('',#8866);
#2947=VERTEX_POINT('',#8868);
#2948=VERTEX_POINT('',#8872);
#2949=VERTEX_POINT('',#8873);
#2950=VERTEX_POINT('',#8876);
#2951=VERTEX_POINT('',#8880);
#2952=VERTEX_POINT('',#8884);
#2953=VERTEX_POINT('',#8886);
#2954=VERTEX_POINT('',#8890);
#2955=VERTEX_POINT('',#8891);
#2956=VERTEX_POINT('',#8894);
#2957=VERTEX_POINT('',#8898);
#2958=VERTEX_POINT('',#8902);
#2959=VERTEX_POINT('',#8904);
#2960=VERTEX_POINT('',#8908);
#2961=VERTEX_POINT('',#8909);
#2962=VERTEX_POINT('',#8912);
#2963=VERTEX_POINT('',#8916);
#2964=VERTEX_POINT('',#8920);
#2965=VERTEX_POINT('',#8922);
#2966=VERTEX_POINT('',#8926);
#2967=VERTEX_POINT('',#8927);
#2968=VERTEX_POINT('',#8930);
#2969=VERTEX_POINT('',#8934);
#2970=VERTEX_POINT('',#8938);
#2971=VERTEX_POINT('',#8940);
#2972=VERTEX_POINT('',#8944);
#2973=VERTEX_POINT('',#8945);
#2974=VERTEX_POINT('',#8948);
#2975=VERTEX_POINT('',#8952);
#2976=VERTEX_POINT('',#8956);
#2977=VERTEX_POINT('',#8958);
#2978=VERTEX_POINT('',#8962);
#2979=VERTEX_POINT('',#8963);
#2980=VERTEX_POINT('',#8966);
#2981=VERTEX_POINT('',#8970);
#2982=VERTEX_POINT('',#8974);
#2983=VERTEX_POINT('',#8976);
#2984=VERTEX_POINT('',#8980);
#2985=VERTEX_POINT('',#8981);
#2986=VERTEX_POINT('',#8986);
#2987=VERTEX_POINT('',#8992);
#2988=VERTEX_POINT('',#8998);
#2989=VERTEX_POINT('',#9004);
#2990=VERTEX_POINT('',#9010);
#2991=VERTEX_POINT('',#9014);
#2992=VERTEX_POINT('',#9018);
#2993=VERTEX_POINT('',#9022);
#2994=VERTEX_POINT('',#9026);
#2995=VERTEX_POINT('',#9032);
#2996=VERTEX_POINT('',#9036);
#2997=VERTEX_POINT('',#9040);
#2998=VERTEX_POINT('',#9044);
#2999=VERTEX_POINT('',#9050);
#3000=VERTEX_POINT('',#9054);
#3001=VERTEX_POINT('',#9058);
#3002=VERTEX_POINT('',#9062);
#3003=VERTEX_POINT('',#9068);
#3004=VERTEX_POINT('',#9072);
#3005=VERTEX_POINT('',#9076);
#3006=VERTEX_POINT('',#9080);
#3007=VERTEX_POINT('',#9086);
#3008=VERTEX_POINT('',#9090);
#3009=VERTEX_POINT('',#9094);
#3010=VERTEX_POINT('',#9098);
#3011=VERTEX_POINT('',#9104);
#3012=VERTEX_POINT('',#9108);
#3013=VERTEX_POINT('',#9112);
#3014=VERTEX_POINT('',#9116);
#3015=VERTEX_POINT('',#9122);
#3016=VERTEX_POINT('',#9126);
#3017=VERTEX_POINT('',#9130);
#3018=VERTEX_POINT('',#9134);
#3019=VERTEX_POINT('',#9140);
#3020=VERTEX_POINT('',#9144);
#3021=VERTEX_POINT('',#9148);
#3022=VERTEX_POINT('',#9152);
#3023=VERTEX_POINT('',#9158);
#3024=VERTEX_POINT('',#9162);
#3025=VERTEX_POINT('',#9166);
#3026=VERTEX_POINT('',#9170);
#3027=VERTEX_POINT('',#9176);
#3028=VERTEX_POINT('',#9180);
#3029=VERTEX_POINT('',#9184);
#3030=VERTEX_POINT('',#9188);
#3031=VERTEX_POINT('',#9194);
#3032=VERTEX_POINT('',#9198);
#3033=VERTEX_POINT('',#9202);
#3034=VERTEX_POINT('',#9206);
#3035=VERTEX_POINT('',#9212);
#3036=VERTEX_POINT('',#9216);
#3037=VERTEX_POINT('',#9220);
#3038=VERTEX_POINT('',#9224);
#3039=VERTEX_POINT('',#9230);
#3040=VERTEX_POINT('',#9234);
#3041=VERTEX_POINT('',#9238);
#3042=VERTEX_POINT('',#9242);
#3043=VERTEX_POINT('',#9248);
#3044=VERTEX_POINT('',#9252);
#3045=VERTEX_POINT('',#9256);
#3046=VERTEX_POINT('',#9260);
#3047=VERTEX_POINT('',#9266);
#3048=VERTEX_POINT('',#9270);
#3049=VERTEX_POINT('',#9274);
#3050=VERTEX_POINT('',#9278);
#3051=VERTEX_POINT('',#9284);
#3052=VERTEX_POINT('',#9288);
#3053=VERTEX_POINT('',#9292);
#3054=VERTEX_POINT('',#9296);
#3055=VERTEX_POINT('',#9302);
#3056=VERTEX_POINT('',#9306);
#3057=VERTEX_POINT('',#9310);
#3058=VERTEX_POINT('',#9314);
#3059=VERTEX_POINT('',#9320);
#3060=VERTEX_POINT('',#9324);
#3061=VERTEX_POINT('',#9328);
#3062=VERTEX_POINT('',#9332);
#3063=VERTEX_POINT('',#9338);
#3064=VERTEX_POINT('',#9342);
#3065=VERTEX_POINT('',#9346);
#3066=VERTEX_POINT('',#9350);
#3067=VERTEX_POINT('',#9356);
#3068=VERTEX_POINT('',#9360);
#3069=VERTEX_POINT('',#9364);
#3070=VERTEX_POINT('',#9368);
#3071=VERTEX_POINT('',#9374);
#3072=VERTEX_POINT('',#9378);
#3073=VERTEX_POINT('',#9382);
#3074=VERTEX_POINT('',#9386);
#3075=VERTEX_POINT('',#9392);
#3076=VERTEX_POINT('',#9398);
#3077=VERTEX_POINT('',#9404);
#3078=VERTEX_POINT('',#9410);
#3079=VERTEX_POINT('',#9416);
#3080=VERTEX_POINT('',#9422);
#3081=VERTEX_POINT('',#9428);
#3082=VERTEX_POINT('',#9434);
#3083=VERTEX_POINT('',#9440);
#3084=VERTEX_POINT('',#9446);
#3085=EDGE_CURVE('',#2514,#2515,#2457,.T.);
#3086=EDGE_CURVE('',#2514,#2516,#859,.T.);
#3087=EDGE_CURVE('',#2516,#2517,#2458,.T.);
#3088=EDGE_CURVE('',#2515,#2517,#860,.T.);
#3089=EDGE_CURVE('',#2518,#2519,#2459,.T.);
#3090=EDGE_CURVE('',#2518,#2520,#861,.T.);
#3091=EDGE_CURVE('',#2520,#2521,#2460,.T.);
#3092=EDGE_CURVE('',#2519,#2521,#862,.T.);
#3093=EDGE_CURVE('',#2522,#2523,#2461,.T.);
#3094=EDGE_CURVE('',#2522,#2524,#863,.T.);
#3095=EDGE_CURVE('',#2524,#2525,#2462,.T.);
#3096=EDGE_CURVE('',#2523,#2525,#864,.T.);
#3097=EDGE_CURVE('',#2526,#2527,#2463,.T.);
#3098=EDGE_CURVE('',#2526,#2528,#865,.T.);
#3099=EDGE_CURVE('',#2528,#2529,#2464,.T.);
#3100=EDGE_CURVE('',#2527,#2529,#866,.T.);
#3101=EDGE_CURVE('',#2530,#2531,#2465,.T.);
#3102=EDGE_CURVE('',#2530,#2532,#867,.T.);
#3103=EDGE_CURVE('',#2532,#2533,#2466,.T.);
#3104=EDGE_CURVE('',#2531,#2533,#868,.T.);
#3105=EDGE_CURVE('',#2534,#2535,#2467,.T.);
#3106=EDGE_CURVE('',#2534,#2536,#869,.T.);
#3107=EDGE_CURVE('',#2536,#2537,#2468,.T.);
#3108=EDGE_CURVE('',#2535,#2537,#870,.T.);
#3109=EDGE_CURVE('',#2538,#2539,#2469,.T.);
#3110=EDGE_CURVE('',#2538,#2540,#871,.T.);
#3111=EDGE_CURVE('',#2540,#2541,#2470,.T.);
#3112=EDGE_CURVE('',#2539,#2541,#872,.T.);
#3113=EDGE_CURVE('',#2542,#2543,#873,.T.);
#3114=EDGE_CURVE('',#2543,#2544,#874,.T.);
#3115=EDGE_CURVE('',#2544,#2545,#875,.T.);
#3116=EDGE_CURVE('',#2545,#2542,#876,.T.);
#3117=EDGE_CURVE('',#2546,#2546,#2471,.T.);
#3118=EDGE_CURVE('',#2547,#2548,#877,.T.);
#3119=EDGE_CURVE('',#2548,#2549,#878,.T.);
#3120=EDGE_CURVE('',#2549,#2550,#879,.T.);
#3121=EDGE_CURVE('',#2550,#2551,#880,.T.);
#3122=EDGE_CURVE('',#2551,#2552,#881,.T.);
#3123=EDGE_CURVE('',#2552,#2553,#882,.T.);
#3124=EDGE_CURVE('',#2553,#2554,#883,.T.);
#3125=EDGE_CURVE('',#2554,#2555,#884,.T.);
#3126=EDGE_CURVE('',#2555,#2556,#885,.T.);
#3127=EDGE_CURVE('',#2556,#2557,#886,.T.);
#3128=EDGE_CURVE('',#2557,#2558,#887,.T.);
#3129=EDGE_CURVE('',#2558,#2559,#888,.T.);
#3130=EDGE_CURVE('',#2559,#2560,#889,.T.);
#3131=EDGE_CURVE('',#2560,#2561,#890,.T.);
#3132=EDGE_CURVE('',#2561,#2544,#891,.T.);
#3133=EDGE_CURVE('',#2543,#2562,#892,.T.);
#3134=EDGE_CURVE('',#2562,#2563,#893,.T.);
#3135=EDGE_CURVE('',#2563,#2564,#894,.T.);
#3136=EDGE_CURVE('',#2564,#2565,#895,.T.);
#3137=EDGE_CURVE('',#2565,#2566,#896,.T.);
#3138=EDGE_CURVE('',#2566,#2567,#897,.T.);
#3139=EDGE_CURVE('',#2567,#2568,#898,.T.);
#3140=EDGE_CURVE('',#2568,#2569,#899,.T.);
#3141=EDGE_CURVE('',#2569,#2570,#900,.T.);
#3142=EDGE_CURVE('',#2570,#2571,#901,.T.);
#3143=EDGE_CURVE('',#2571,#2572,#902,.T.);
#3144=EDGE_CURVE('',#2572,#2573,#903,.T.);
#3145=EDGE_CURVE('',#2573,#2574,#904,.T.);
#3146=EDGE_CURVE('',#2574,#2575,#905,.T.);
#3147=EDGE_CURVE('',#2575,#2576,#906,.T.);
#3148=EDGE_CURVE('',#2576,#2547,#907,.T.);
#3149=EDGE_CURVE('',#2577,#2578,#908,.T.);
#3150=EDGE_CURVE('',#2578,#2579,#909,.T.);
#3151=EDGE_CURVE('',#2579,#2580,#910,.T.);
#3152=EDGE_CURVE('',#2580,#2581,#911,.T.);
#3153=EDGE_CURVE('',#2581,#2582,#912,.T.);
#3154=EDGE_CURVE('',#2582,#2583,#913,.T.);
#3155=EDGE_CURVE('',#2583,#2584,#914,.T.);
#3156=EDGE_CURVE('',#2584,#2562,#915,.T.);
#3157=EDGE_CURVE('',#2542,#2585,#916,.T.);
#3158=EDGE_CURVE('',#2585,#2586,#917,.T.);
#3159=EDGE_CURVE('',#2586,#2587,#918,.T.);
#3160=EDGE_CURVE('',#2587,#2588,#919,.T.);
#3161=EDGE_CURVE('',#2588,#2589,#920,.T.);
#3162=EDGE_CURVE('',#2589,#2590,#921,.T.);
#3163=EDGE_CURVE('',#2590,#2591,#922,.T.);
#3164=EDGE_CURVE('',#2591,#2592,#923,.T.);
#3165=EDGE_CURVE('',#2592,#2593,#924,.T.);
#3166=EDGE_CURVE('',#2593,#2594,#925,.T.);
#3167=EDGE_CURVE('',#2594,#2595,#926,.T.);
#3168=EDGE_CURVE('',#2595,#2596,#927,.T.);
#3169=EDGE_CURVE('',#2596,#2597,#928,.T.);
#3170=EDGE_CURVE('',#2597,#2598,#929,.T.);
#3171=EDGE_CURVE('',#2598,#2599,#930,.T.);
#3172=EDGE_CURVE('',#2599,#2600,#931,.T.);
#3173=EDGE_CURVE('',#2600,#2601,#932,.T.);
#3174=EDGE_CURVE('',#2601,#2602,#933,.T.);
#3175=EDGE_CURVE('',#2602,#2603,#934,.T.);
#3176=EDGE_CURVE('',#2603,#2604,#935,.T.);
#3177=EDGE_CURVE('',#2604,#2605,#936,.T.);
#3178=EDGE_CURVE('',#2605,#2577,#937,.T.);
#3179=EDGE_CURVE('',#2606,#2607,#938,.T.);
#3180=EDGE_CURVE('',#2607,#2608,#939,.T.);
#3181=EDGE_CURVE('',#2608,#2609,#940,.T.);
#3182=EDGE_CURVE('',#2609,#2585,#941,.T.);
#3183=EDGE_CURVE('',#2545,#2610,#942,.T.);
#3184=EDGE_CURVE('',#2610,#2611,#943,.T.);
#3185=EDGE_CURVE('',#2611,#2612,#944,.T.);
#3186=EDGE_CURVE('',#2612,#2613,#945,.T.);
#3187=EDGE_CURVE('',#2613,#2614,#946,.T.);
#3188=EDGE_CURVE('',#2614,#2615,#947,.T.);
#3189=EDGE_CURVE('',#2615,#2616,#948,.T.);
#3190=EDGE_CURVE('',#2616,#2617,#949,.T.);
#3191=EDGE_CURVE('',#2617,#2618,#950,.T.);
#3192=EDGE_CURVE('',#2618,#2619,#951,.T.);
#3193=EDGE_CURVE('',#2619,#2620,#952,.T.);
#3194=EDGE_CURVE('',#2620,#2621,#953,.T.);
#3195=EDGE_CURVE('',#2621,#2622,#954,.T.);
#3196=EDGE_CURVE('',#2622,#2623,#955,.T.);
#3197=EDGE_CURVE('',#2623,#2624,#956,.T.);
#3198=EDGE_CURVE('',#2624,#2625,#957,.T.);
#3199=EDGE_CURVE('',#2625,#2626,#958,.T.);
#3200=EDGE_CURVE('',#2626,#2627,#959,.T.);
#3201=EDGE_CURVE('',#2627,#2628,#960,.T.);
#3202=EDGE_CURVE('',#2628,#2629,#961,.T.);
#3203=EDGE_CURVE('',#2629,#2630,#962,.T.);
#3204=EDGE_CURVE('',#2630,#2631,#963,.T.);
#3205=EDGE_CURVE('',#2631,#2632,#964,.T.);
#3206=EDGE_CURVE('',#2632,#2633,#965,.T.);
#3207=EDGE_CURVE('',#2633,#2634,#966,.T.);
#3208=EDGE_CURVE('',#2634,#2606,#967,.T.);
#3209=EDGE_CURVE('',#2635,#2636,#968,.T.);
#3210=EDGE_CURVE('',#2636,#2637,#969,.T.);
#3211=EDGE_CURVE('',#2637,#2638,#970,.T.);
#3212=EDGE_CURVE('',#2638,#2639,#971,.T.);
#3213=EDGE_CURVE('',#2639,#2640,#972,.T.);
#3214=EDGE_CURVE('',#2640,#2641,#973,.T.);
#3215=EDGE_CURVE('',#2641,#2642,#974,.T.);
#3216=EDGE_CURVE('',#2642,#2643,#975,.T.);
#3217=EDGE_CURVE('',#2643,#2644,#976,.T.);
#3218=EDGE_CURVE('',#2644,#2645,#977,.T.);
#3219=EDGE_CURVE('',#2645,#2646,#978,.T.);
#3220=EDGE_CURVE('',#2646,#2647,#979,.T.);
#3221=EDGE_CURVE('',#2647,#2648,#980,.T.);
#3222=EDGE_CURVE('',#2648,#2649,#981,.T.);
#3223=EDGE_CURVE('',#2649,#2650,#982,.T.);
#3224=EDGE_CURVE('',#2650,#2651,#983,.T.);
#3225=EDGE_CURVE('',#2651,#2652,#984,.T.);
#3226=EDGE_CURVE('',#2652,#2653,#985,.T.);
#3227=EDGE_CURVE('',#2653,#2654,#986,.T.);
#3228=EDGE_CURVE('',#2654,#2610,#987,.T.);
#3229=EDGE_CURVE('',#2561,#2655,#988,.T.);
#3230=EDGE_CURVE('',#2655,#2656,#989,.T.);
#3231=EDGE_CURVE('',#2656,#2657,#990,.T.);
#3232=EDGE_CURVE('',#2657,#2658,#991,.T.);
#3233=EDGE_CURVE('',#2658,#2659,#992,.T.);
#3234=EDGE_CURVE('',#2659,#2660,#993,.T.);
#3235=EDGE_CURVE('',#2660,#2661,#994,.T.);
#3236=EDGE_CURVE('',#2661,#2662,#995,.T.);
#3237=EDGE_CURVE('',#2662,#2635,#996,.T.);
#3238=EDGE_CURVE('',#2663,#2647,#997,.T.);
#3239=EDGE_CURVE('',#2646,#2664,#998,.T.);
#3240=EDGE_CURVE('',#2664,#2665,#999,.T.);
#3241=EDGE_CURVE('',#2665,#2538,#1000,.T.);
#3242=EDGE_CURVE('',#2539,#2666,#1001,.T.);
#3243=EDGE_CURVE('',#2666,#2667,#1002,.T.);
#3244=EDGE_CURVE('',#2667,#2643,#1003,.T.);
#3245=EDGE_CURVE('',#2642,#2668,#1004,.T.);
#3246=EDGE_CURVE('',#2668,#2669,#1005,.T.);
#3247=EDGE_CURVE('',#2669,#2534,#1006,.T.);
#3248=EDGE_CURVE('',#2535,#2670,#1007,.T.);
#3249=EDGE_CURVE('',#2670,#2671,#1008,.T.);
#3250=EDGE_CURVE('',#2671,#2639,#1009,.T.);
#3251=EDGE_CURVE('',#2638,#2672,#1010,.T.);
#3252=EDGE_CURVE('',#2672,#2673,#1011,.T.);
#3253=EDGE_CURVE('',#2673,#2530,#1012,.T.);
#3254=EDGE_CURVE('',#2531,#2674,#1013,.T.);
#3255=EDGE_CURVE('',#2674,#2675,#1014,.T.);
#3256=EDGE_CURVE('',#2675,#2635,#1015,.T.);
#3257=EDGE_CURVE('',#2662,#2676,#1016,.T.);
#3258=EDGE_CURVE('',#2676,#2677,#1017,.T.);
#3259=EDGE_CURVE('',#2677,#2526,#1018,.T.);
#3260=EDGE_CURVE('',#2527,#2678,#1019,.T.);
#3261=EDGE_CURVE('',#2678,#2679,#1020,.T.);
#3262=EDGE_CURVE('',#2679,#2659,#1021,.T.);
#3263=EDGE_CURVE('',#2658,#2680,#1022,.T.);
#3264=EDGE_CURVE('',#2680,#2681,#1023,.T.);
#3265=EDGE_CURVE('',#2681,#2522,#1024,.T.);
#3266=EDGE_CURVE('',#2523,#2682,#1025,.T.);
#3267=EDGE_CURVE('',#2682,#2683,#1026,.T.);
#3268=EDGE_CURVE('',#2683,#2655,#1027,.T.);
#3269=EDGE_CURVE('',#2560,#2684,#1028,.T.);
#3270=EDGE_CURVE('',#2684,#2685,#1029,.T.);
#3271=EDGE_CURVE('',#2685,#2686,#1030,.T.);
#3272=EDGE_CURVE('',#2686,#2687,#2472,.T.);
#3273=EDGE_CURVE('',#2687,#2688,#1031,.T.);
#3274=EDGE_CURVE('',#2688,#2689,#1032,.T.);
#3275=EDGE_CURVE('',#2689,#2557,#1033,.T.);
#3276=EDGE_CURVE('',#2556,#2690,#1034,.T.);
#3277=EDGE_CURVE('',#2690,#2691,#1035,.T.);
#3278=EDGE_CURVE('',#2691,#2692,#1036,.T.);
#3279=EDGE_CURVE('',#2692,#2693,#2473,.T.);
#3280=EDGE_CURVE('',#2693,#2694,#1037,.T.);
#3281=EDGE_CURVE('',#2694,#2695,#1038,.T.);
#3282=EDGE_CURVE('',#2695,#2553,#1039,.T.);
#3283=EDGE_CURVE('',#2552,#2696,#1040,.T.);
#3284=EDGE_CURVE('',#2696,#2697,#1041,.T.);
#3285=EDGE_CURVE('',#2697,#2698,#1042,.T.);
#3286=EDGE_CURVE('',#2698,#2699,#2474,.T.);
#3287=EDGE_CURVE('',#2699,#2700,#1043,.T.);
#3288=EDGE_CURVE('',#2700,#2701,#1044,.T.);
#3289=EDGE_CURVE('',#2701,#2549,#1045,.T.);
#3290=EDGE_CURVE('',#2548,#2702,#1046,.T.);
#3291=EDGE_CURVE('',#2702,#2703,#1047,.T.);
#3292=EDGE_CURVE('',#2703,#2704,#1048,.T.);
#3293=EDGE_CURVE('',#2704,#2705,#2475,.T.);
#3294=EDGE_CURVE('',#2705,#2706,#1049,.T.);
#3295=EDGE_CURVE('',#2706,#2707,#1050,.T.);
#3296=EDGE_CURVE('',#2707,#2575,#1051,.T.);
#3297=EDGE_CURVE('',#2574,#2708,#1052,.T.);
#3298=EDGE_CURVE('',#2708,#2709,#1053,.T.);
#3299=EDGE_CURVE('',#2709,#2710,#1054,.T.);
#3300=EDGE_CURVE('',#2710,#2711,#2476,.T.);
#3301=EDGE_CURVE('',#2711,#2712,#1055,.T.);
#3302=EDGE_CURVE('',#2712,#2713,#1056,.T.);
#3303=EDGE_CURVE('',#2713,#2571,#1057,.T.);
#3304=EDGE_CURVE('',#2570,#2714,#1058,.T.);
#3305=EDGE_CURVE('',#2714,#2715,#1059,.T.);
#3306=EDGE_CURVE('',#2715,#2716,#1060,.T.);
#3307=EDGE_CURVE('',#2716,#2717,#2477,.T.);
#3308=EDGE_CURVE('',#2717,#2718,#1061,.T.);
#3309=EDGE_CURVE('',#2718,#2719,#1062,.T.);
#3310=EDGE_CURVE('',#2719,#2567,#1063,.T.);
#3311=EDGE_CURVE('',#2566,#2720,#1064,.T.);
#3312=EDGE_CURVE('',#2720,#2721,#1065,.T.);
#3313=EDGE_CURVE('',#2721,#2722,#1066,.T.);
#3314=EDGE_CURVE('',#2722,#2723,#2478,.T.);
#3315=EDGE_CURVE('',#2723,#2724,#1067,.T.);
#3316=EDGE_CURVE('',#2724,#2725,#1068,.T.);
#3317=EDGE_CURVE('',#2725,#2563,#1069,.T.);
#3318=EDGE_CURVE('',#2584,#2726,#1070,.T.);
#3319=EDGE_CURVE('',#2726,#2727,#1071,.T.);
#3320=EDGE_CURVE('',#2727,#2728,#1072,.T.);
#3321=EDGE_CURVE('',#2728,#2729,#2479,.T.);
#3322=EDGE_CURVE('',#2729,#2730,#1073,.T.);
#3323=EDGE_CURVE('',#2730,#2731,#1074,.T.);
#3324=EDGE_CURVE('',#2731,#2581,#1075,.T.);
#3325=EDGE_CURVE('',#2580,#2732,#1076,.T.);
#3326=EDGE_CURVE('',#2732,#2733,#1077,.T.);
#3327=EDGE_CURVE('',#2733,#2734,#1078,.T.);
#3328=EDGE_CURVE('',#2734,#2735,#2480,.T.);
#3329=EDGE_CURVE('',#2735,#2736,#1079,.T.);
#3330=EDGE_CURVE('',#2736,#2737,#1080,.T.);
#3331=EDGE_CURVE('',#2737,#2577,#1081,.T.);
#3332=EDGE_CURVE('',#2605,#2738,#1082,.T.);
#3333=EDGE_CURVE('',#2738,#2739,#1083,.T.);
#3334=EDGE_CURVE('',#2739,#2740,#1084,.T.);
#3335=EDGE_CURVE('',#2740,#2741,#2481,.T.);
#3336=EDGE_CURVE('',#2741,#2742,#1085,.T.);
#3337=EDGE_CURVE('',#2742,#2743,#1086,.T.);
#3338=EDGE_CURVE('',#2743,#2602,#1087,.T.);
#3339=EDGE_CURVE('',#2601,#2744,#1088,.T.);
#3340=EDGE_CURVE('',#2744,#2745,#1089,.T.);
#3341=EDGE_CURVE('',#2745,#2746,#1090,.T.);
#3342=EDGE_CURVE('',#2746,#2747,#2482,.T.);
#3343=EDGE_CURVE('',#2747,#2748,#1091,.T.);
#3344=EDGE_CURVE('',#2748,#2749,#1092,.T.);
#3345=EDGE_CURVE('',#2749,#2598,#1093,.T.);
#3346=EDGE_CURVE('',#2597,#2750,#1094,.T.);
#3347=EDGE_CURVE('',#2750,#2751,#1095,.T.);
#3348=EDGE_CURVE('',#2751,#2752,#1096,.T.);
#3349=EDGE_CURVE('',#2752,#2753,#2483,.T.);
#3350=EDGE_CURVE('',#2753,#2754,#1097,.T.);
#3351=EDGE_CURVE('',#2754,#2755,#1098,.T.);
#3352=EDGE_CURVE('',#2755,#2594,#1099,.T.);
#3353=EDGE_CURVE('',#2593,#2756,#1100,.T.);
#3354=EDGE_CURVE('',#2756,#2757,#1101,.T.);
#3355=EDGE_CURVE('',#2757,#2758,#1102,.T.);
#3356=EDGE_CURVE('',#2758,#2759,#2484,.T.);
#3357=EDGE_CURVE('',#2759,#2760,#1103,.T.);
#3358=EDGE_CURVE('',#2760,#2761,#1104,.T.);
#3359=EDGE_CURVE('',#2761,#2590,#1105,.T.);
#3360=EDGE_CURVE('',#2589,#2762,#1106,.T.);
#3361=EDGE_CURVE('',#2762,#2763,#1107,.T.);
#3362=EDGE_CURVE('',#2763,#2764,#1108,.T.);
#3363=EDGE_CURVE('',#2764,#2765,#2485,.T.);
#3364=EDGE_CURVE('',#2765,#2766,#1109,.T.);
#3365=EDGE_CURVE('',#2766,#2767,#1110,.T.);
#3366=EDGE_CURVE('',#2767,#2586,#1111,.T.);
#3367=EDGE_CURVE('',#2609,#2768,#1112,.T.);
#3368=EDGE_CURVE('',#2768,#2769,#1113,.T.);
#3369=EDGE_CURVE('',#2769,#2770,#1114,.T.);
#3370=EDGE_CURVE('',#2770,#2771,#2486,.T.);
#3371=EDGE_CURVE('',#2771,#2772,#1115,.T.);
#3372=EDGE_CURVE('',#2772,#2773,#1116,.T.);
#3373=EDGE_CURVE('',#2773,#2606,#1117,.T.);
#3374=EDGE_CURVE('',#2634,#2774,#1118,.T.);
#3375=EDGE_CURVE('',#2774,#2775,#1119,.T.);
#3376=EDGE_CURVE('',#2775,#2776,#1120,.T.);
#3377=EDGE_CURVE('',#2776,#2777,#2487,.T.);
#3378=EDGE_CURVE('',#2777,#2778,#1121,.T.);
#3379=EDGE_CURVE('',#2778,#2779,#1122,.T.);
#3380=EDGE_CURVE('',#2779,#2631,#1123,.T.);
#3381=EDGE_CURVE('',#2630,#2780,#1124,.T.);
#3382=EDGE_CURVE('',#2780,#2781,#1125,.T.);
#3383=EDGE_CURVE('',#2781,#2782,#1126,.T.);
#3384=EDGE_CURVE('',#2782,#2783,#2488,.T.);
#3385=EDGE_CURVE('',#2783,#2784,#1127,.T.);
#3386=EDGE_CURVE('',#2784,#2785,#1128,.T.);
#3387=EDGE_CURVE('',#2785,#2627,#1129,.T.);
#3388=EDGE_CURVE('',#2626,#2786,#1130,.T.);
#3389=EDGE_CURVE('',#2786,#2787,#1131,.T.);
#3390=EDGE_CURVE('',#2787,#2788,#1132,.T.);
#3391=EDGE_CURVE('',#2788,#2789,#2489,.T.);
#3392=EDGE_CURVE('',#2789,#2790,#1133,.T.);
#3393=EDGE_CURVE('',#2790,#2791,#1134,.T.);
#3394=EDGE_CURVE('',#2791,#2623,#1135,.T.);
#3395=EDGE_CURVE('',#2622,#2792,#1136,.T.);
#3396=EDGE_CURVE('',#2792,#2793,#1137,.T.);
#3397=EDGE_CURVE('',#2793,#2794,#1138,.T.);
#3398=EDGE_CURVE('',#2794,#2795,#2490,.T.);
#3399=EDGE_CURVE('',#2795,#2796,#1139,.T.);
#3400=EDGE_CURVE('',#2796,#2797,#1140,.T.);
#3401=EDGE_CURVE('',#2797,#2619,#1141,.T.);
#3402=EDGE_CURVE('',#2618,#2798,#1142,.T.);
#3403=EDGE_CURVE('',#2798,#2799,#1143,.T.);
#3404=EDGE_CURVE('',#2799,#2800,#1144,.T.);
#3405=EDGE_CURVE('',#2800,#2801,#2491,.T.);
#3406=EDGE_CURVE('',#2801,#2802,#1145,.T.);
#3407=EDGE_CURVE('',#2802,#2803,#1146,.T.);
#3408=EDGE_CURVE('',#2803,#2615,#1147,.T.);
#3409=EDGE_CURVE('',#2614,#2804,#1148,.T.);
#3410=EDGE_CURVE('',#2804,#2805,#1149,.T.);
#3411=EDGE_CURVE('',#2805,#2806,#1150,.T.);
#3412=EDGE_CURVE('',#2806,#2807,#2492,.T.);
#3413=EDGE_CURVE('',#2807,#2808,#1151,.T.);
#3414=EDGE_CURVE('',#2808,#2809,#1152,.T.);
#3415=EDGE_CURVE('',#2809,#2810,#1153,.T.);
#3416=EDGE_CURVE('',#2810,#2611,#1154,.T.);
#3417=EDGE_CURVE('',#2654,#2811,#1155,.T.);
#3418=EDGE_CURVE('',#2811,#2812,#1156,.T.);
#3419=EDGE_CURVE('',#2812,#2518,#1157,.T.);
#3420=EDGE_CURVE('',#2519,#2813,#1158,.T.);
#3421=EDGE_CURVE('',#2813,#2814,#1159,.T.);
#3422=EDGE_CURVE('',#2814,#2651,#1160,.T.);
#3423=EDGE_CURVE('',#2650,#2815,#1161,.T.);
#3424=EDGE_CURVE('',#2815,#2816,#1162,.T.);
#3425=EDGE_CURVE('',#2816,#2514,#1163,.T.);
#3426=EDGE_CURVE('',#2515,#2817,#1164,.T.);
#3427=EDGE_CURVE('',#2817,#2663,#1165,.T.);
#3428=EDGE_CURVE('',#2818,#2819,#1166,.T.);
#3429=EDGE_CURVE('',#2819,#2702,#1167,.T.);
#3430=EDGE_CURVE('',#2547,#2820,#1168,.T.);
#3431=EDGE_CURVE('',#2820,#2818,#1169,.T.);
#3432=EDGE_CURVE('',#2821,#2820,#1170,.T.);
#3433=EDGE_CURVE('',#2576,#2821,#1171,.T.);
#3434=EDGE_CURVE('',#2707,#2822,#1172,.T.);
#3435=EDGE_CURVE('',#2822,#2823,#1173,.T.);
#3436=EDGE_CURVE('',#2823,#2821,#1174,.T.);
#3437=EDGE_CURVE('',#2824,#2825,#1175,.T.);
#3438=EDGE_CURVE('',#2825,#2708,#1176,.T.);
#3439=EDGE_CURVE('',#2573,#2826,#1177,.T.);
#3440=EDGE_CURVE('',#2826,#2824,#1178,.T.);
#3441=EDGE_CURVE('',#2827,#2826,#1179,.T.);
#3442=EDGE_CURVE('',#2572,#2827,#1180,.T.);
#3443=EDGE_CURVE('',#2713,#2828,#1181,.T.);
#3444=EDGE_CURVE('',#2828,#2829,#1182,.T.);
#3445=EDGE_CURVE('',#2829,#2827,#1183,.T.);
#3446=EDGE_CURVE('',#2830,#2831,#1184,.T.);
#3447=EDGE_CURVE('',#2831,#2714,#1185,.T.);
#3448=EDGE_CURVE('',#2569,#2832,#1186,.T.);
#3449=EDGE_CURVE('',#2832,#2830,#1187,.T.);
#3450=EDGE_CURVE('',#2833,#2832,#1188,.T.);
#3451=EDGE_CURVE('',#2568,#2833,#1189,.T.);
#3452=EDGE_CURVE('',#2719,#2834,#1190,.T.);
#3453=EDGE_CURVE('',#2834,#2835,#1191,.T.);
#3454=EDGE_CURVE('',#2835,#2833,#1192,.T.);
#3455=EDGE_CURVE('',#2836,#2837,#1193,.T.);
#3456=EDGE_CURVE('',#2837,#2720,#1194,.T.);
#3457=EDGE_CURVE('',#2565,#2838,#1195,.T.);
#3458=EDGE_CURVE('',#2838,#2836,#1196,.T.);
#3459=EDGE_CURVE('',#2839,#2838,#1197,.T.);
#3460=EDGE_CURVE('',#2564,#2839,#1198,.T.);
#3461=EDGE_CURVE('',#2725,#2840,#1199,.T.);
#3462=EDGE_CURVE('',#2840,#2841,#1200,.T.);
#3463=EDGE_CURVE('',#2841,#2839,#1201,.T.);
#3464=EDGE_CURVE('',#2842,#2843,#1202,.T.);
#3465=EDGE_CURVE('',#2843,#2684,#1203,.T.);
#3466=EDGE_CURVE('',#2559,#2844,#1204,.T.);
#3467=EDGE_CURVE('',#2844,#2842,#1205,.T.);
#3468=EDGE_CURVE('',#2558,#2845,#1206,.T.);
#3469=EDGE_CURVE('',#2845,#2844,#1207,.T.);
#3470=EDGE_CURVE('',#2689,#2846,#1208,.T.);
#3471=EDGE_CURVE('',#2846,#2847,#1209,.T.);
#3472=EDGE_CURVE('',#2847,#2845,#1210,.T.);
#3473=EDGE_CURVE('',#2848,#2849,#1211,.T.);
#3474=EDGE_CURVE('',#2849,#2690,#1212,.T.);
#3475=EDGE_CURVE('',#2555,#2850,#1213,.T.);
#3476=EDGE_CURVE('',#2850,#2848,#1214,.T.);
#3477=EDGE_CURVE('',#2554,#2851,#1215,.T.);
#3478=EDGE_CURVE('',#2851,#2850,#1216,.T.);
#3479=EDGE_CURVE('',#2695,#2852,#1217,.T.);
#3480=EDGE_CURVE('',#2852,#2853,#1218,.T.);
#3481=EDGE_CURVE('',#2853,#2851,#1219,.T.);
#3482=EDGE_CURVE('',#2854,#2855,#1220,.T.);
#3483=EDGE_CURVE('',#2855,#2696,#1221,.T.);
#3484=EDGE_CURVE('',#2551,#2856,#1222,.T.);
#3485=EDGE_CURVE('',#2856,#2854,#1223,.T.);
#3486=EDGE_CURVE('',#2550,#2857,#1224,.T.);
#3487=EDGE_CURVE('',#2857,#2856,#1225,.T.);
#3488=EDGE_CURVE('',#2701,#2858,#1226,.T.);
#3489=EDGE_CURVE('',#2858,#2859,#1227,.T.);
#3490=EDGE_CURVE('',#2859,#2857,#1228,.T.);
#3491=EDGE_CURVE('',#2860,#2861,#1229,.T.);
#3492=EDGE_CURVE('',#2861,#2579,#1230,.T.);
#3493=EDGE_CURVE('',#2578,#2860,#1231,.T.);
#3494=EDGE_CURVE('',#2737,#2862,#1232,.T.);
#3495=EDGE_CURVE('',#2862,#2863,#1233,.T.);
#3496=EDGE_CURVE('',#2863,#2860,#1234,.T.);
#3497=EDGE_CURVE('',#2864,#2865,#1235,.T.);
#3498=EDGE_CURVE('',#2865,#2738,#1236,.T.);
#3499=EDGE_CURVE('',#2604,#2866,#1237,.T.);
#3500=EDGE_CURVE('',#2866,#2864,#1238,.T.);
#3501=EDGE_CURVE('',#2603,#2867,#1239,.T.);
#3502=EDGE_CURVE('',#2867,#2866,#1240,.T.);
#3503=EDGE_CURVE('',#2743,#2868,#1241,.T.);
#3504=EDGE_CURVE('',#2868,#2869,#1242,.T.);
#3505=EDGE_CURVE('',#2869,#2867,#1243,.T.);
#3506=EDGE_CURVE('',#2870,#2871,#1244,.T.);
#3507=EDGE_CURVE('',#2871,#2744,#1245,.T.);
#3508=EDGE_CURVE('',#2600,#2872,#1246,.T.);
#3509=EDGE_CURVE('',#2872,#2870,#1247,.T.);
#3510=EDGE_CURVE('',#2599,#2873,#1248,.T.);
#3511=EDGE_CURVE('',#2873,#2872,#1249,.T.);
#3512=EDGE_CURVE('',#2749,#2874,#1250,.T.);
#3513=EDGE_CURVE('',#2874,#2875,#1251,.T.);
#3514=EDGE_CURVE('',#2875,#2873,#1252,.T.);
#3515=EDGE_CURVE('',#2876,#2877,#1253,.T.);
#3516=EDGE_CURVE('',#2877,#2750,#1254,.T.);
#3517=EDGE_CURVE('',#2596,#2878,#1255,.T.);
#3518=EDGE_CURVE('',#2878,#2876,#1256,.T.);
#3519=EDGE_CURVE('',#2879,#2878,#1257,.T.);
#3520=EDGE_CURVE('',#2595,#2879,#1258,.T.);
#3521=EDGE_CURVE('',#2755,#2880,#1259,.T.);
#3522=EDGE_CURVE('',#2880,#2881,#1260,.T.);
#3523=EDGE_CURVE('',#2881,#2879,#1261,.T.);
#3524=EDGE_CURVE('',#2882,#2883,#1262,.T.);
#3525=EDGE_CURVE('',#2883,#2756,#1263,.T.);
#3526=EDGE_CURVE('',#2592,#2884,#1264,.T.);
#3527=EDGE_CURVE('',#2884,#2882,#1265,.T.);
#3528=EDGE_CURVE('',#2885,#2884,#1266,.T.);
#3529=EDGE_CURVE('',#2591,#2885,#1267,.T.);
#3530=EDGE_CURVE('',#2761,#2886,#1268,.T.);
#3531=EDGE_CURVE('',#2886,#2887,#1269,.T.);
#3532=EDGE_CURVE('',#2887,#2885,#1270,.T.);
#3533=EDGE_CURVE('',#2888,#2889,#1271,.T.);
#3534=EDGE_CURVE('',#2889,#2762,#1272,.T.);
#3535=EDGE_CURVE('',#2588,#2890,#1273,.T.);
#3536=EDGE_CURVE('',#2890,#2888,#1274,.T.);
#3537=EDGE_CURVE('',#2891,#2890,#1275,.T.);
#3538=EDGE_CURVE('',#2587,#2891,#1276,.T.);
#3539=EDGE_CURVE('',#2767,#2892,#1277,.T.);
#3540=EDGE_CURVE('',#2892,#2893,#1278,.T.);
#3541=EDGE_CURVE('',#2893,#2891,#1279,.T.);
#3542=EDGE_CURVE('',#2894,#2895,#1280,.T.);
#3543=EDGE_CURVE('',#2895,#2726,#1281,.T.);
#3544=EDGE_CURVE('',#2583,#2896,#1282,.T.);
#3545=EDGE_CURVE('',#2896,#2894,#1283,.T.);
#3546=EDGE_CURVE('',#2582,#2897,#1284,.T.);
#3547=EDGE_CURVE('',#2897,#2896,#1285,.T.);
#3548=EDGE_CURVE('',#2731,#2898,#1286,.T.);
#3549=EDGE_CURVE('',#2898,#2899,#1287,.T.);
#3550=EDGE_CURVE('',#2899,#2897,#1288,.T.);
#3551=EDGE_CURVE('',#2900,#2901,#1289,.T.);
#3552=EDGE_CURVE('',#2901,#2732,#1290,.T.);
#3553=EDGE_CURVE('',#2861,#2900,#1291,.T.);
#3554=EDGE_CURVE('',#2902,#2903,#1292,.T.);
#3555=EDGE_CURVE('',#2903,#2608,#1293,.T.);
#3556=EDGE_CURVE('',#2607,#2902,#1294,.T.);
#3557=EDGE_CURVE('',#2773,#2904,#1295,.T.);
#3558=EDGE_CURVE('',#2904,#2905,#1296,.T.);
#3559=EDGE_CURVE('',#2905,#2902,#1297,.T.);
#3560=EDGE_CURVE('',#2906,#2907,#1298,.T.);
#3561=EDGE_CURVE('',#2907,#2774,#1299,.T.);
#3562=EDGE_CURVE('',#2633,#2908,#1300,.T.);
#3563=EDGE_CURVE('',#2908,#2906,#1301,.T.);
#3564=EDGE_CURVE('',#2909,#2908,#1302,.T.);
#3565=EDGE_CURVE('',#2632,#2909,#1303,.T.);
#3566=EDGE_CURVE('',#2779,#2910,#1304,.T.);
#3567=EDGE_CURVE('',#2910,#2911,#1305,.T.);
#3568=EDGE_CURVE('',#2911,#2909,#1306,.T.);
#3569=EDGE_CURVE('',#2912,#2913,#1307,.T.);
#3570=EDGE_CURVE('',#2913,#2780,#1308,.T.);
#3571=EDGE_CURVE('',#2629,#2914,#1309,.T.);
#3572=EDGE_CURVE('',#2914,#2912,#1310,.T.);
#3573=EDGE_CURVE('',#2915,#2914,#1311,.T.);
#3574=EDGE_CURVE('',#2628,#2915,#1312,.T.);
#3575=EDGE_CURVE('',#2785,#2916,#1313,.T.);
#3576=EDGE_CURVE('',#2916,#2917,#1314,.T.);
#3577=EDGE_CURVE('',#2917,#2915,#1315,.T.);
#3578=EDGE_CURVE('',#2918,#2919,#1316,.T.);
#3579=EDGE_CURVE('',#2919,#2786,#1317,.T.);
#3580=EDGE_CURVE('',#2625,#2920,#1318,.T.);
#3581=EDGE_CURVE('',#2920,#2918,#1319,.T.);
#3582=EDGE_CURVE('',#2921,#2920,#1320,.T.);
#3583=EDGE_CURVE('',#2624,#2921,#1321,.T.);
#3584=EDGE_CURVE('',#2791,#2922,#1322,.T.);
#3585=EDGE_CURVE('',#2922,#2923,#1323,.T.);
#3586=EDGE_CURVE('',#2923,#2921,#1324,.T.);
#3587=EDGE_CURVE('',#2924,#2925,#1325,.T.);
#3588=EDGE_CURVE('',#2925,#2792,#1326,.T.);
#3589=EDGE_CURVE('',#2621,#2926,#1327,.T.);
#3590=EDGE_CURVE('',#2926,#2924,#1328,.T.);
#3591=EDGE_CURVE('',#2927,#2926,#1329,.T.);
#3592=EDGE_CURVE('',#2620,#2927,#1330,.T.);
#3593=EDGE_CURVE('',#2797,#2928,#1331,.T.);
#3594=EDGE_CURVE('',#2928,#2929,#1332,.T.);
#3595=EDGE_CURVE('',#2929,#2927,#1333,.T.);
#3596=EDGE_CURVE('',#2930,#2931,#1334,.T.);
#3597=EDGE_CURVE('',#2931,#2798,#1335,.T.);
#3598=EDGE_CURVE('',#2617,#2932,#1336,.T.);
#3599=EDGE_CURVE('',#2932,#2930,#1337,.T.);
#3600=EDGE_CURVE('',#2616,#2933,#1338,.T.);
#3601=EDGE_CURVE('',#2933,#2932,#1339,.T.);
#3602=EDGE_CURVE('',#2803,#2934,#1340,.T.);
#3603=EDGE_CURVE('',#2934,#2935,#1341,.T.);
#3604=EDGE_CURVE('',#2935,#2933,#1342,.T.);
#3605=EDGE_CURVE('',#2936,#2937,#1343,.T.);
#3606=EDGE_CURVE('',#2937,#2804,#1344,.T.);
#3607=EDGE_CURVE('',#2613,#2938,#1345,.T.);
#3608=EDGE_CURVE('',#2938,#2936,#1346,.T.);
#3609=EDGE_CURVE('',#2939,#2938,#1347,.T.);
#3610=EDGE_CURVE('',#2612,#2939,#1348,.T.);
#3611=EDGE_CURVE('',#2810,#2940,#1349,.T.);
#3612=EDGE_CURVE('',#2940,#2941,#1350,.T.);
#3613=EDGE_CURVE('',#2941,#2939,#1351,.T.);
#3614=EDGE_CURVE('',#2942,#2943,#1352,.T.);
#3615=EDGE_CURVE('',#2943,#2768,#1353,.T.);
#3616=EDGE_CURVE('',#2903,#2942,#1354,.T.);
#3617=EDGE_CURVE('',#2944,#2945,#1355,.T.);
#3618=EDGE_CURVE('',#2945,#2637,#1356,.T.);
#3619=EDGE_CURVE('',#2636,#2944,#1357,.T.);
#3620=EDGE_CURVE('',#2675,#2946,#1358,.T.);
#3621=EDGE_CURVE('',#2946,#2947,#1359,.T.);
#3622=EDGE_CURVE('',#2947,#2944,#1360,.T.);
#3623=EDGE_CURVE('',#2948,#2949,#1361,.T.);
#3624=EDGE_CURVE('',#2949,#2676,#1362,.T.);
#3625=EDGE_CURVE('',#2661,#2950,#1363,.T.);
#3626=EDGE_CURVE('',#2950,#2948,#1364,.T.);
#3627=EDGE_CURVE('',#2660,#2951,#1365,.T.);
#3628=EDGE_CURVE('',#2951,#2950,#1366,.T.);
#3629=EDGE_CURVE('',#2679,#2952,#1367,.T.);
#3630=EDGE_CURVE('',#2952,#2953,#1368,.T.);
#3631=EDGE_CURVE('',#2953,#2951,#1369,.T.);
#3632=EDGE_CURVE('',#2954,#2955,#1370,.T.);
#3633=EDGE_CURVE('',#2955,#2680,#1371,.T.);
#3634=EDGE_CURVE('',#2657,#2956,#1372,.T.);
#3635=EDGE_CURVE('',#2956,#2954,#1373,.T.);
#3636=EDGE_CURVE('',#2656,#2957,#1374,.T.);
#3637=EDGE_CURVE('',#2957,#2956,#1375,.T.);
#3638=EDGE_CURVE('',#2683,#2958,#1376,.T.);
#3639=EDGE_CURVE('',#2958,#2959,#1377,.T.);
#3640=EDGE_CURVE('',#2959,#2957,#1378,.T.);
#3641=EDGE_CURVE('',#2960,#2961,#1379,.T.);
#3642=EDGE_CURVE('',#2961,#2811,#1380,.T.);
#3643=EDGE_CURVE('',#2653,#2962,#1381,.T.);
#3644=EDGE_CURVE('',#2962,#2960,#1382,.T.);
#3645=EDGE_CURVE('',#2652,#2963,#1383,.T.);
#3646=EDGE_CURVE('',#2963,#2962,#1384,.T.);
#3647=EDGE_CURVE('',#2814,#2964,#1385,.T.);
#3648=EDGE_CURVE('',#2964,#2965,#1386,.T.);
#3649=EDGE_CURVE('',#2965,#2963,#1387,.T.);
#3650=EDGE_CURVE('',#2966,#2967,#1388,.T.);
#3651=EDGE_CURVE('',#2967,#2815,#1389,.T.);
#3652=EDGE_CURVE('',#2649,#2968,#1390,.T.);
#3653=EDGE_CURVE('',#2968,#2966,#1391,.T.);
#3654=EDGE_CURVE('',#2648,#2969,#1392,.T.);
#3655=EDGE_CURVE('',#2969,#2968,#1393,.T.);
#3656=EDGE_CURVE('',#2663,#2970,#1394,.T.);
#3657=EDGE_CURVE('',#2970,#2971,#1395,.T.);
#3658=EDGE_CURVE('',#2971,#2969,#1396,.T.);
#3659=EDGE_CURVE('',#2972,#2973,#1397,.T.);
#3660=EDGE_CURVE('',#2973,#2664,#1398,.T.);
#3661=EDGE_CURVE('',#2645,#2974,#1399,.T.);
#3662=EDGE_CURVE('',#2974,#2972,#1400,.T.);
#3663=EDGE_CURVE('',#2644,#2975,#1401,.T.);
#3664=EDGE_CURVE('',#2975,#2974,#1402,.T.);
#3665=EDGE_CURVE('',#2667,#2976,#1403,.T.);
#3666=EDGE_CURVE('',#2976,#2977,#1404,.T.);
#3667=EDGE_CURVE('',#2977,#2975,#1405,.T.);
#3668=EDGE_CURVE('',#2978,#2979,#1406,.T.);
#3669=EDGE_CURVE('',#2979,#2668,#1407,.T.);
#3670=EDGE_CURVE('',#2641,#2980,#1408,.T.);
#3671=EDGE_CURVE('',#2980,#2978,#1409,.T.);
#3672=EDGE_CURVE('',#2640,#2981,#1410,.T.);
#3673=EDGE_CURVE('',#2981,#2980,#1411,.T.);
#3674=EDGE_CURVE('',#2671,#2982,#1412,.T.);
#3675=EDGE_CURVE('',#2982,#2983,#1413,.T.);
#3676=EDGE_CURVE('',#2983,#2981,#1414,.T.);
#3677=EDGE_CURVE('',#2984,#2985,#1415,.T.);
#3678=EDGE_CURVE('',#2985,#2672,#1416,.T.);
#3679=EDGE_CURVE('',#2945,#2984,#1417,.T.);
#3680=EDGE_CURVE('',#2986,#2970,#1418,.T.);
#3681=EDGE_CURVE('',#2817,#2986,#1419,.T.);
#3682=EDGE_CURVE('',#2517,#2986,#1420,.T.);
#3683=EDGE_CURVE('',#2987,#2516,#1421,.T.);
#3684=EDGE_CURVE('',#2816,#2987,#1422,.T.);
#3685=EDGE_CURVE('',#2967,#2987,#1423,.T.);
#3686=EDGE_CURVE('',#2988,#2964,#1424,.T.);
#3687=EDGE_CURVE('',#2813,#2988,#1425,.T.);
#3688=EDGE_CURVE('',#2521,#2988,#1426,.T.);
#3689=EDGE_CURVE('',#2989,#2520,#1427,.T.);
#3690=EDGE_CURVE('',#2812,#2989,#1428,.T.);
#3691=EDGE_CURVE('',#2961,#2989,#1429,.T.);
#3692=EDGE_CURVE('',#2990,#2940,#1430,.T.);
#3693=EDGE_CURVE('',#2809,#2990,#1431,.T.);
#3694=EDGE_CURVE('',#2991,#2990,#1432,.T.);
#3695=EDGE_CURVE('',#2808,#2991,#1433,.T.);
#3696=EDGE_CURVE('',#2992,#2807,#1434,.T.);
#3697=EDGE_CURVE('',#2991,#2992,#1435,.T.);
#3698=EDGE_CURVE('',#2806,#2993,#1436,.T.);
#3699=EDGE_CURVE('',#2993,#2992,#2493,.T.);
#3700=EDGE_CURVE('',#2994,#2993,#1437,.T.);
#3701=EDGE_CURVE('',#2805,#2994,#1438,.T.);
#3702=EDGE_CURVE('',#2937,#2994,#1439,.T.);
#3703=EDGE_CURVE('',#2995,#2934,#1440,.T.);
#3704=EDGE_CURVE('',#2802,#2995,#1441,.T.);
#3705=EDGE_CURVE('',#2996,#2995,#1442,.T.);
#3706=EDGE_CURVE('',#2801,#2996,#1443,.T.);
#3707=EDGE_CURVE('',#2997,#2996,#2494,.T.);
#3708=EDGE_CURVE('',#2800,#2997,#1444,.T.);
#3709=EDGE_CURVE('',#2998,#2997,#1445,.T.);
#3710=EDGE_CURVE('',#2799,#2998,#1446,.T.);
#3711=EDGE_CURVE('',#2931,#2998,#1447,.T.);
#3712=EDGE_CURVE('',#2999,#2928,#1448,.T.);
#3713=EDGE_CURVE('',#2796,#2999,#1449,.T.);
#3714=EDGE_CURVE('',#3000,#2999,#1450,.T.);
#3715=EDGE_CURVE('',#2795,#3000,#1451,.T.);
#3716=EDGE_CURVE('',#3001,#3000,#2495,.T.);
#3717=EDGE_CURVE('',#2794,#3001,#1452,.T.);
#3718=EDGE_CURVE('',#3002,#3001,#1453,.T.);
#3719=EDGE_CURVE('',#2793,#3002,#1454,.T.);
#3720=EDGE_CURVE('',#2925,#3002,#1455,.T.);
#3721=EDGE_CURVE('',#3003,#2922,#1456,.T.);
#3722=EDGE_CURVE('',#2790,#3003,#1457,.T.);
#3723=EDGE_CURVE('',#3004,#3003,#1458,.T.);
#3724=EDGE_CURVE('',#2789,#3004,#1459,.T.);
#3725=EDGE_CURVE('',#3005,#3004,#2496,.T.);
#3726=EDGE_CURVE('',#2788,#3005,#1460,.T.);
#3727=EDGE_CURVE('',#3006,#3005,#1461,.T.);
#3728=EDGE_CURVE('',#2787,#3006,#1462,.T.);
#3729=EDGE_CURVE('',#2919,#3006,#1463,.T.);
#3730=EDGE_CURVE('',#3007,#2916,#1464,.T.);
#3731=EDGE_CURVE('',#2784,#3007,#1465,.T.);
#3732=EDGE_CURVE('',#3008,#3007,#1466,.T.);
#3733=EDGE_CURVE('',#2783,#3008,#1467,.T.);
#3734=EDGE_CURVE('',#3009,#3008,#2497,.T.);
#3735=EDGE_CURVE('',#2782,#3009,#1468,.T.);
#3736=EDGE_CURVE('',#3010,#3009,#1469,.T.);
#3737=EDGE_CURVE('',#2781,#3010,#1470,.T.);
#3738=EDGE_CURVE('',#2913,#3010,#1471,.T.);
#3739=EDGE_CURVE('',#3011,#2910,#1472,.T.);
#3740=EDGE_CURVE('',#2778,#3011,#1473,.T.);
#3741=EDGE_CURVE('',#3012,#3011,#1474,.T.);
#3742=EDGE_CURVE('',#2777,#3012,#1475,.T.);
#3743=EDGE_CURVE('',#3013,#3012,#2498,.T.);
#3744=EDGE_CURVE('',#2776,#3013,#1476,.T.);
#3745=EDGE_CURVE('',#3014,#3013,#1477,.T.);
#3746=EDGE_CURVE('',#2775,#3014,#1478,.T.);
#3747=EDGE_CURVE('',#2907,#3014,#1479,.T.);
#3748=EDGE_CURVE('',#3015,#2904,#1480,.T.);
#3749=EDGE_CURVE('',#2772,#3015,#1481,.T.);
#3750=EDGE_CURVE('',#3016,#3015,#1482,.T.);
#3751=EDGE_CURVE('',#2771,#3016,#1483,.T.);
#3752=EDGE_CURVE('',#3017,#3016,#2499,.T.);
#3753=EDGE_CURVE('',#2770,#3017,#1484,.T.);
#3754=EDGE_CURVE('',#3018,#3017,#1485,.T.);
#3755=EDGE_CURVE('',#2769,#3018,#1486,.T.);
#3756=EDGE_CURVE('',#2943,#3018,#1487,.T.);
#3757=EDGE_CURVE('',#3019,#2892,#1488,.T.);
#3758=EDGE_CURVE('',#2766,#3019,#1489,.T.);
#3759=EDGE_CURVE('',#3020,#3019,#1490,.T.);
#3760=EDGE_CURVE('',#2765,#3020,#1491,.T.);
#3761=EDGE_CURVE('',#3021,#3020,#2500,.T.);
#3762=EDGE_CURVE('',#2764,#3021,#1492,.T.);
#3763=EDGE_CURVE('',#3022,#3021,#1493,.T.);
#3764=EDGE_CURVE('',#2763,#3022,#1494,.T.);
#3765=EDGE_CURVE('',#2889,#3022,#1495,.T.);
#3766=EDGE_CURVE('',#3023,#2886,#1496,.T.);
#3767=EDGE_CURVE('',#2760,#3023,#1497,.T.);
#3768=EDGE_CURVE('',#3024,#3023,#1498,.T.);
#3769=EDGE_CURVE('',#2759,#3024,#1499,.T.);
#3770=EDGE_CURVE('',#3025,#3024,#2501,.T.);
#3771=EDGE_CURVE('',#2758,#3025,#1500,.T.);
#3772=EDGE_CURVE('',#3026,#3025,#1501,.T.);
#3773=EDGE_CURVE('',#2757,#3026,#1502,.T.);
#3774=EDGE_CURVE('',#2883,#3026,#1503,.T.);
#3775=EDGE_CURVE('',#3027,#2880,#1504,.T.);
#3776=EDGE_CURVE('',#2754,#3027,#1505,.T.);
#3777=EDGE_CURVE('',#3028,#3027,#1506,.T.);
#3778=EDGE_CURVE('',#2753,#3028,#1507,.T.);
#3779=EDGE_CURVE('',#3029,#3028,#2502,.T.);
#3780=EDGE_CURVE('',#2752,#3029,#1508,.T.);
#3781=EDGE_CURVE('',#3030,#3029,#1509,.T.);
#3782=EDGE_CURVE('',#2751,#3030,#1510,.T.);
#3783=EDGE_CURVE('',#2877,#3030,#1511,.T.);
#3784=EDGE_CURVE('',#3031,#2874,#1512,.T.);
#3785=EDGE_CURVE('',#2748,#3031,#1513,.T.);
#3786=EDGE_CURVE('',#3032,#3031,#1514,.T.);
#3787=EDGE_CURVE('',#2747,#3032,#1515,.T.);
#3788=EDGE_CURVE('',#3033,#3032,#2503,.T.);
#3789=EDGE_CURVE('',#2746,#3033,#1516,.T.);
#3790=EDGE_CURVE('',#3034,#3033,#1517,.T.);
#3791=EDGE_CURVE('',#2745,#3034,#1518,.T.);
#3792=EDGE_CURVE('',#2871,#3034,#1519,.T.);
#3793=EDGE_CURVE('',#3035,#2868,#1520,.T.);
#3794=EDGE_CURVE('',#2742,#3035,#1521,.T.);
#3795=EDGE_CURVE('',#3036,#3035,#1522,.T.);
#3796=EDGE_CURVE('',#2741,#3036,#1523,.T.);
#3797=EDGE_CURVE('',#3037,#3036,#2504,.T.);
#3798=EDGE_CURVE('',#2740,#3037,#1524,.T.);
#3799=EDGE_CURVE('',#3038,#3037,#1525,.T.);
#3800=EDGE_CURVE('',#2739,#3038,#1526,.T.);
#3801=EDGE_CURVE('',#2865,#3038,#1527,.T.);
#3802=EDGE_CURVE('',#3039,#2862,#1528,.T.);
#3803=EDGE_CURVE('',#2736,#3039,#1529,.T.);
#3804=EDGE_CURVE('',#3040,#3039,#1530,.T.);
#3805=EDGE_CURVE('',#2735,#3040,#1531,.T.);
#3806=EDGE_CURVE('',#3041,#3040,#2505,.T.);
#3807=EDGE_CURVE('',#2734,#3041,#1532,.T.);
#3808=EDGE_CURVE('',#3042,#3041,#1533,.T.);
#3809=EDGE_CURVE('',#2733,#3042,#1534,.T.);
#3810=EDGE_CURVE('',#2901,#3042,#1535,.T.);
#3811=EDGE_CURVE('',#3043,#2898,#1536,.T.);
#3812=EDGE_CURVE('',#2730,#3043,#1537,.T.);
#3813=EDGE_CURVE('',#3044,#3043,#1538,.T.);
#3814=EDGE_CURVE('',#2729,#3044,#1539,.T.);
#3815=EDGE_CURVE('',#3045,#3044,#2506,.T.);
#3816=EDGE_CURVE('',#2728,#3045,#1540,.T.);
#3817=EDGE_CURVE('',#3046,#3045,#1541,.T.);
#3818=EDGE_CURVE('',#2727,#3046,#1542,.T.);
#3819=EDGE_CURVE('',#2895,#3046,#1543,.T.);
#3820=EDGE_CURVE('',#3047,#2840,#1544,.T.);
#3821=EDGE_CURVE('',#2724,#3047,#1545,.T.);
#3822=EDGE_CURVE('',#3048,#3047,#1546,.T.);
#3823=EDGE_CURVE('',#2723,#3048,#1547,.T.);
#3824=EDGE_CURVE('',#3049,#3048,#2507,.T.);
#3825=EDGE_CURVE('',#2722,#3049,#1548,.T.);
#3826=EDGE_CURVE('',#3050,#3049,#1549,.T.);
#3827=EDGE_CURVE('',#2721,#3050,#1550,.T.);
#3828=EDGE_CURVE('',#2837,#3050,#1551,.T.);
#3829=EDGE_CURVE('',#3051,#2834,#1552,.T.);
#3830=EDGE_CURVE('',#2718,#3051,#1553,.T.);
#3831=EDGE_CURVE('',#3052,#3051,#1554,.T.);
#3832=EDGE_CURVE('',#2717,#3052,#1555,.T.);
#3833=EDGE_CURVE('',#3053,#3052,#2508,.T.);
#3834=EDGE_CURVE('',#2716,#3053,#1556,.T.);
#3835=EDGE_CURVE('',#3054,#3053,#1557,.T.);
#3836=EDGE_CURVE('',#2715,#3054,#1558,.T.);
#3837=EDGE_CURVE('',#2831,#3054,#1559,.T.);
#3838=EDGE_CURVE('',#3055,#2828,#1560,.T.);
#3839=EDGE_CURVE('',#2712,#3055,#1561,.T.);
#3840=EDGE_CURVE('',#3056,#3055,#1562,.T.);
#3841=EDGE_CURVE('',#2711,#3056,#1563,.T.);
#3842=EDGE_CURVE('',#3057,#3056,#2509,.T.);
#3843=EDGE_CURVE('',#2710,#3057,#1564,.T.);
#3844=EDGE_CURVE('',#3058,#3057,#1565,.T.);
#3845=EDGE_CURVE('',#2709,#3058,#1566,.T.);
#3846=EDGE_CURVE('',#2825,#3058,#1567,.T.);
#3847=EDGE_CURVE('',#3059,#2822,#1568,.T.);
#3848=EDGE_CURVE('',#2706,#3059,#1569,.T.);
#3849=EDGE_CURVE('',#3060,#3059,#1570,.T.);
#3850=EDGE_CURVE('',#2705,#3060,#1571,.T.);
#3851=EDGE_CURVE('',#3061,#3060,#2510,.T.);
#3852=EDGE_CURVE('',#2704,#3061,#1572,.T.);
#3853=EDGE_CURVE('',#3062,#3061,#1573,.T.);
#3854=EDGE_CURVE('',#2703,#3062,#1574,.T.);
#3855=EDGE_CURVE('',#2819,#3062,#1575,.T.);
#3856=EDGE_CURVE('',#3063,#2858,#1576,.T.);
#3857=EDGE_CURVE('',#2700,#3063,#1577,.T.);
#3858=EDGE_CURVE('',#3064,#3063,#1578,.T.);
#3859=EDGE_CURVE('',#2699,#3064,#1579,.T.);
#3860=EDGE_CURVE('',#3065,#3064,#2511,.T.);
#3861=EDGE_CURVE('',#2698,#3065,#1580,.T.);
#3862=EDGE_CURVE('',#3066,#3065,#1581,.T.);
#3863=EDGE_CURVE('',#2697,#3066,#1582,.T.);
#3864=EDGE_CURVE('',#2855,#3066,#1583,.T.);
#3865=EDGE_CURVE('',#3067,#2852,#1584,.T.);
#3866=EDGE_CURVE('',#2694,#3067,#1585,.T.);
#3867=EDGE_CURVE('',#3068,#3067,#1586,.T.);
#3868=EDGE_CURVE('',#2693,#3068,#1587,.T.);
#3869=EDGE_CURVE('',#3069,#3068,#2512,.T.);
#3870=EDGE_CURVE('',#2692,#3069,#1588,.T.);
#3871=EDGE_CURVE('',#3070,#3069,#1589,.T.);
#3872=EDGE_CURVE('',#2691,#3070,#1590,.T.);
#3873=EDGE_CURVE('',#2849,#3070,#1591,.T.);
#3874=EDGE_CURVE('',#3071,#2846,#1592,.T.);
#3875=EDGE_CURVE('',#2688,#3071,#1593,.T.);
#3876=EDGE_CURVE('',#3072,#3071,#1594,.T.);
#3877=EDGE_CURVE('',#2687,#3072,#1595,.T.);
#3878=EDGE_CURVE('',#3073,#3072,#2513,.T.);
#3879=EDGE_CURVE('',#2686,#3073,#1596,.T.);
#3880=EDGE_CURVE('',#3074,#3073,#1597,.T.);
#3881=EDGE_CURVE('',#2685,#3074,#1598,.T.);
#3882=EDGE_CURVE('',#2843,#3074,#1599,.T.);
#3883=EDGE_CURVE('',#3075,#2958,#1600,.T.);
#3884=EDGE_CURVE('',#2682,#3075,#1601,.T.);
#3885=EDGE_CURVE('',#2525,#3075,#1602,.T.);
#3886=EDGE_CURVE('',#3076,#2524,#1603,.T.);
#3887=EDGE_CURVE('',#2681,#3076,#1604,.T.);
#3888=EDGE_CURVE('',#2955,#3076,#1605,.T.);
#3889=EDGE_CURVE('',#3077,#2952,#1606,.T.);
#3890=EDGE_CURVE('',#2678,#3077,#1607,.T.);
#3891=EDGE_CURVE('',#2529,#3077,#1608,.T.);
#3892=EDGE_CURVE('',#3078,#2528,#1609,.T.);
#3893=EDGE_CURVE('',#2677,#3078,#1610,.T.);
#3894=EDGE_CURVE('',#2949,#3078,#1611,.T.);
#3895=EDGE_CURVE('',#3079,#2946,#1612,.T.);
#3896=EDGE_CURVE('',#2674,#3079,#1613,.T.);
#3897=EDGE_CURVE('',#2533,#3079,#1614,.T.);
#3898=EDGE_CURVE('',#3080,#2532,#1615,.T.);
#3899=EDGE_CURVE('',#2673,#3080,#1616,.T.);
#3900=EDGE_CURVE('',#2985,#3080,#1617,.T.);
#3901=EDGE_CURVE('',#3081,#2982,#1618,.T.);
#3902=EDGE_CURVE('',#2670,#3081,#1619,.T.);
#3903=EDGE_CURVE('',#2537,#3081,#1620,.T.);
#3904=EDGE_CURVE('',#3082,#2536,#1621,.T.);
#3905=EDGE_CURVE('',#2669,#3082,#1622,.T.);
#3906=EDGE_CURVE('',#2979,#3082,#1623,.T.);
#3907=EDGE_CURVE('',#3083,#2976,#1624,.T.);
#3908=EDGE_CURVE('',#2666,#3083,#1625,.T.);
#3909=EDGE_CURVE('',#2541,#3083,#1626,.T.);
#3910=EDGE_CURVE('',#3084,#2540,#1627,.T.);
#3911=EDGE_CURVE('',#2665,#3084,#1628,.T.);
#3912=EDGE_CURVE('',#2973,#3084,#1629,.T.);
#3913=EDGE_CURVE('',#2823,#2818,#1630,.T.);
#3914=EDGE_CURVE('',#2829,#2824,#1631,.T.);
#3915=EDGE_CURVE('',#2835,#2830,#1632,.T.);
#3916=EDGE_CURVE('',#2841,#2836,#1633,.T.);
#3917=EDGE_CURVE('',#2847,#2842,#1634,.T.);
#3918=EDGE_CURVE('',#2853,#2848,#1635,.T.);
#3919=EDGE_CURVE('',#2859,#2854,#1636,.T.);
#3920=EDGE_CURVE('',#2863,#2900,#1637,.T.);
#3921=EDGE_CURVE('',#2864,#2869,#1638,.T.);
#3922=EDGE_CURVE('',#2875,#2870,#1639,.T.);
#3923=EDGE_CURVE('',#2876,#2881,#1640,.T.);
#3924=EDGE_CURVE('',#2887,#2882,#1641,.T.);
#3925=EDGE_CURVE('',#2893,#2888,#1642,.T.);
#3926=EDGE_CURVE('',#2894,#2899,#1643,.T.);
#3927=EDGE_CURVE('',#2905,#2942,#1644,.T.);
#3928=EDGE_CURVE('',#2911,#2906,#1645,.T.);
#3929=EDGE_CURVE('',#2917,#2912,#1646,.T.);
#3930=EDGE_CURVE('',#2918,#2923,#1647,.T.);
#3931=EDGE_CURVE('',#2929,#2924,#1648,.T.);
#3932=EDGE_CURVE('',#2935,#2930,#1649,.T.);
#3933=EDGE_CURVE('',#2941,#2936,#1650,.T.);
#3934=EDGE_CURVE('',#2947,#2984,#1651,.T.);
#3935=EDGE_CURVE('',#2953,#2948,#1652,.T.);
#3936=EDGE_CURVE('',#2959,#2954,#1653,.T.);
#3937=EDGE_CURVE('',#2960,#2965,#1654,.T.);
#3938=EDGE_CURVE('',#2966,#2971,#1655,.T.);
#3939=EDGE_CURVE('',#2977,#2972,#1656,.T.);
#3940=EDGE_CURVE('',#2978,#2983,#1657,.T.);
#3941=ORIENTED_EDGE('',*,*,#3085,.F.);
#3942=ORIENTED_EDGE('',*,*,#3086,.T.);
#3943=ORIENTED_EDGE('',*,*,#3087,.T.);
#3944=ORIENTED_EDGE('',*,*,#3088,.F.);
#3945=ORIENTED_EDGE('',*,*,#3089,.F.);
#3946=ORIENTED_EDGE('',*,*,#3090,.T.);
#3947=ORIENTED_EDGE('',*,*,#3091,.T.);
#3948=ORIENTED_EDGE('',*,*,#3092,.F.);
#3949=ORIENTED_EDGE('',*,*,#3093,.F.);
#3950=ORIENTED_EDGE('',*,*,#3094,.T.);
#3951=ORIENTED_EDGE('',*,*,#3095,.T.);
#3952=ORIENTED_EDGE('',*,*,#3096,.F.);
#3953=ORIENTED_EDGE('',*,*,#3097,.F.);
#3954=ORIENTED_EDGE('',*,*,#3098,.T.);
#3955=ORIENTED_EDGE('',*,*,#3099,.T.);
#3956=ORIENTED_EDGE('',*,*,#3100,.F.);
#3957=ORIENTED_EDGE('',*,*,#3101,.F.);
#3958=ORIENTED_EDGE('',*,*,#3102,.T.);
#3959=ORIENTED_EDGE('',*,*,#3103,.T.);
#3960=ORIENTED_EDGE('',*,*,#3104,.F.);
#3961=ORIENTED_EDGE('',*,*,#3105,.F.);
#3962=ORIENTED_EDGE('',*,*,#3106,.T.);
#3963=ORIENTED_EDGE('',*,*,#3107,.T.);
#3964=ORIENTED_EDGE('',*,*,#3108,.F.);
#3965=ORIENTED_EDGE('',*,*,#3109,.F.);
#3966=ORIENTED_EDGE('',*,*,#3110,.T.);
#3967=ORIENTED_EDGE('',*,*,#3111,.T.);
#3968=ORIENTED_EDGE('',*,*,#3112,.F.);
#3969=ORIENTED_EDGE('',*,*,#3113,.T.);
#3970=ORIENTED_EDGE('',*,*,#3114,.T.);
#3971=ORIENTED_EDGE('',*,*,#3115,.T.);
#3972=ORIENTED_EDGE('',*,*,#3116,.T.);
#3973=ORIENTED_EDGE('',*,*,#3117,.T.);
#3974=ORIENTED_EDGE('',*,*,#3117,.F.);
#3975=ORIENTED_EDGE('',*,*,#3118,.T.);
#3976=ORIENTED_EDGE('',*,*,#3119,.T.);
#3977=ORIENTED_EDGE('',*,*,#3120,.T.);
#3978=ORIENTED_EDGE('',*,*,#3121,.T.);
#3979=ORIENTED_EDGE('',*,*,#3122,.T.);
#3980=ORIENTED_EDGE('',*,*,#3123,.T.);
#3981=ORIENTED_EDGE('',*,*,#3124,.T.);
#3982=ORIENTED_EDGE('',*,*,#3125,.T.);
#3983=ORIENTED_EDGE('',*,*,#3126,.T.);
#3984=ORIENTED_EDGE('',*,*,#3127,.T.);
#3985=ORIENTED_EDGE('',*,*,#3128,.T.);
#3986=ORIENTED_EDGE('',*,*,#3129,.T.);
#3987=ORIENTED_EDGE('',*,*,#3130,.T.);
#3988=ORIENTED_EDGE('',*,*,#3131,.T.);
#3989=ORIENTED_EDGE('',*,*,#3132,.T.);
#3990=ORIENTED_EDGE('',*,*,#3114,.F.);
#3991=ORIENTED_EDGE('',*,*,#3133,.T.);
#3992=ORIENTED_EDGE('',*,*,#3134,.T.);
#3993=ORIENTED_EDGE('',*,*,#3135,.T.);
#3994=ORIENTED_EDGE('',*,*,#3136,.T.);
#3995=ORIENTED_EDGE('',*,*,#3137,.T.);
#3996=ORIENTED_EDGE('',*,*,#3138,.T.);
#3997=ORIENTED_EDGE('',*,*,#3139,.T.);
#3998=ORIENTED_EDGE('',*,*,#3140,.T.);
#3999=ORIENTED_EDGE('',*,*,#3141,.T.);
#4000=ORIENTED_EDGE('',*,*,#3142,.T.);
#4001=ORIENTED_EDGE('',*,*,#3143,.T.);
#4002=ORIENTED_EDGE('',*,*,#3144,.T.);
#4003=ORIENTED_EDGE('',*,*,#3145,.T.);
#4004=ORIENTED_EDGE('',*,*,#3146,.T.);
#4005=ORIENTED_EDGE('',*,*,#3147,.T.);
#4006=ORIENTED_EDGE('',*,*,#3148,.T.);
#4007=ORIENTED_EDGE('',*,*,#3149,.T.);
#4008=ORIENTED_EDGE('',*,*,#3150,.T.);
#4009=ORIENTED_EDGE('',*,*,#3151,.T.);
#4010=ORIENTED_EDGE('',*,*,#3152,.T.);
#4011=ORIENTED_EDGE('',*,*,#3153,.T.);
#4012=ORIENTED_EDGE('',*,*,#3154,.T.);
#4013=ORIENTED_EDGE('',*,*,#3155,.T.);
#4014=ORIENTED_EDGE('',*,*,#3156,.T.);
#4015=ORIENTED_EDGE('',*,*,#3133,.F.);
#4016=ORIENTED_EDGE('',*,*,#3113,.F.);
#4017=ORIENTED_EDGE('',*,*,#3157,.T.);
#4018=ORIENTED_EDGE('',*,*,#3158,.T.);
#4019=ORIENTED_EDGE('',*,*,#3159,.T.);
#4020=ORIENTED_EDGE('',*,*,#3160,.T.);
#4021=ORIENTED_EDGE('',*,*,#3161,.T.);
#4022=ORIENTED_EDGE('',*,*,#3162,.T.);
#4023=ORIENTED_EDGE('',*,*,#3163,.T.);
#4024=ORIENTED_EDGE('',*,*,#3164,.T.);
#4025=ORIENTED_EDGE('',*,*,#3165,.T.);
#4026=ORIENTED_EDGE('',*,*,#3166,.T.);
#4027=ORIENTED_EDGE('',*,*,#3167,.T.);
#4028=ORIENTED_EDGE('',*,*,#3168,.T.);
#4029=ORIENTED_EDGE('',*,*,#3169,.T.);
#4030=ORIENTED_EDGE('',*,*,#3170,.T.);
#4031=ORIENTED_EDGE('',*,*,#3171,.T.);
#4032=ORIENTED_EDGE('',*,*,#3172,.T.);
#4033=ORIENTED_EDGE('',*,*,#3173,.T.);
#4034=ORIENTED_EDGE('',*,*,#3174,.T.);
#4035=ORIENTED_EDGE('',*,*,#3175,.T.);
#4036=ORIENTED_EDGE('',*,*,#3176,.T.);
#4037=ORIENTED_EDGE('',*,*,#3177,.T.);
#4038=ORIENTED_EDGE('',*,*,#3178,.T.);
#4039=ORIENTED_EDGE('',*,*,#3179,.T.);
#4040=ORIENTED_EDGE('',*,*,#3180,.T.);
#4041=ORIENTED_EDGE('',*,*,#3181,.T.);
#4042=ORIENTED_EDGE('',*,*,#3182,.T.);
#4043=ORIENTED_EDGE('',*,*,#3157,.F.);
#4044=ORIENTED_EDGE('',*,*,#3116,.F.);
#4045=ORIENTED_EDGE('',*,*,#3183,.T.);
#4046=ORIENTED_EDGE('',*,*,#3184,.T.);
#4047=ORIENTED_EDGE('',*,*,#3185,.T.);
#4048=ORIENTED_EDGE('',*,*,#3186,.T.);
#4049=ORIENTED_EDGE('',*,*,#3187,.T.);
#4050=ORIENTED_EDGE('',*,*,#3188,.T.);
#4051=ORIENTED_EDGE('',*,*,#3189,.T.);
#4052=ORIENTED_EDGE('',*,*,#3190,.T.);
#4053=ORIENTED_EDGE('',*,*,#3191,.T.);
#4054=ORIENTED_EDGE('',*,*,#3192,.T.);
#4055=ORIENTED_EDGE('',*,*,#3193,.T.);
#4056=ORIENTED_EDGE('',*,*,#3194,.T.);
#4057=ORIENTED_EDGE('',*,*,#3195,.T.);
#4058=ORIENTED_EDGE('',*,*,#3196,.T.);
#4059=ORIENTED_EDGE('',*,*,#3197,.T.);
#4060=ORIENTED_EDGE('',*,*,#3198,.T.);
#4061=ORIENTED_EDGE('',*,*,#3199,.T.);
#4062=ORIENTED_EDGE('',*,*,#3200,.T.);
#4063=ORIENTED_EDGE('',*,*,#3201,.T.);
#4064=ORIENTED_EDGE('',*,*,#3202,.T.);
#4065=ORIENTED_EDGE('',*,*,#3203,.T.);
#4066=ORIENTED_EDGE('',*,*,#3204,.T.);
#4067=ORIENTED_EDGE('',*,*,#3205,.T.);
#4068=ORIENTED_EDGE('',*,*,#3206,.T.);
#4069=ORIENTED_EDGE('',*,*,#3207,.T.);
#4070=ORIENTED_EDGE('',*,*,#3208,.T.);
#4071=ORIENTED_EDGE('',*,*,#3209,.T.);
#4072=ORIENTED_EDGE('',*,*,#3210,.T.);
#4073=ORIENTED_EDGE('',*,*,#3211,.T.);
#4074=ORIENTED_EDGE('',*,*,#3212,.T.);
#4075=ORIENTED_EDGE('',*,*,#3213,.T.);
#4076=ORIENTED_EDGE('',*,*,#3214,.T.);
#4077=ORIENTED_EDGE('',*,*,#3215,.T.);
#4078=ORIENTED_EDGE('',*,*,#3216,.T.);
#4079=ORIENTED_EDGE('',*,*,#3217,.T.);
#4080=ORIENTED_EDGE('',*,*,#3218,.T.);
#4081=ORIENTED_EDGE('',*,*,#3219,.T.);
#4082=ORIENTED_EDGE('',*,*,#3220,.T.);
#4083=ORIENTED_EDGE('',*,*,#3221,.T.);
#4084=ORIENTED_EDGE('',*,*,#3222,.T.);
#4085=ORIENTED_EDGE('',*,*,#3223,.T.);
#4086=ORIENTED_EDGE('',*,*,#3224,.T.);
#4087=ORIENTED_EDGE('',*,*,#3225,.T.);
#4088=ORIENTED_EDGE('',*,*,#3226,.T.);
#4089=ORIENTED_EDGE('',*,*,#3227,.T.);
#4090=ORIENTED_EDGE('',*,*,#3228,.T.);
#4091=ORIENTED_EDGE('',*,*,#3183,.F.);
#4092=ORIENTED_EDGE('',*,*,#3115,.F.);
#4093=ORIENTED_EDGE('',*,*,#3132,.F.);
#4094=ORIENTED_EDGE('',*,*,#3229,.T.);
#4095=ORIENTED_EDGE('',*,*,#3230,.T.);
#4096=ORIENTED_EDGE('',*,*,#3231,.T.);
#4097=ORIENTED_EDGE('',*,*,#3232,.T.);
#4098=ORIENTED_EDGE('',*,*,#3233,.T.);
#4099=ORIENTED_EDGE('',*,*,#3234,.T.);
#4100=ORIENTED_EDGE('',*,*,#3235,.T.);
#4101=ORIENTED_EDGE('',*,*,#3236,.T.);
#4102=ORIENTED_EDGE('',*,*,#3237,.T.);
#4103=ORIENTED_EDGE('',*,*,#3238,.T.);
#4104=ORIENTED_EDGE('',*,*,#3220,.F.);
#4105=ORIENTED_EDGE('',*,*,#3239,.T.);
#4106=ORIENTED_EDGE('',*,*,#3240,.T.);
#4107=ORIENTED_EDGE('',*,*,#3241,.T.);
#4108=ORIENTED_EDGE('',*,*,#3109,.T.);
#4109=ORIENTED_EDGE('',*,*,#3242,.T.);
#4110=ORIENTED_EDGE('',*,*,#3243,.T.);
#4111=ORIENTED_EDGE('',*,*,#3244,.T.);
#4112=ORIENTED_EDGE('',*,*,#3216,.F.);
#4113=ORIENTED_EDGE('',*,*,#3245,.T.);
#4114=ORIENTED_EDGE('',*,*,#3246,.T.);
#4115=ORIENTED_EDGE('',*,*,#3247,.T.);
#4116=ORIENTED_EDGE('',*,*,#3105,.T.);
#4117=ORIENTED_EDGE('',*,*,#3248,.T.);
#4118=ORIENTED_EDGE('',*,*,#3249,.T.);
#4119=ORIENTED_EDGE('',*,*,#3250,.T.);
#4120=ORIENTED_EDGE('',*,*,#3212,.F.);
#4121=ORIENTED_EDGE('',*,*,#3251,.T.);
#4122=ORIENTED_EDGE('',*,*,#3252,.T.);
#4123=ORIENTED_EDGE('',*,*,#3253,.T.);
#4124=ORIENTED_EDGE('',*,*,#3101,.T.);
#4125=ORIENTED_EDGE('',*,*,#3254,.T.);
#4126=ORIENTED_EDGE('',*,*,#3255,.T.);
#4127=ORIENTED_EDGE('',*,*,#3256,.T.);
#4128=ORIENTED_EDGE('',*,*,#3237,.F.);
#4129=ORIENTED_EDGE('',*,*,#3257,.T.);
#4130=ORIENTED_EDGE('',*,*,#3258,.T.);
#4131=ORIENTED_EDGE('',*,*,#3259,.T.);
#4132=ORIENTED_EDGE('',*,*,#3097,.T.);
#4133=ORIENTED_EDGE('',*,*,#3260,.T.);
#4134=ORIENTED_EDGE('',*,*,#3261,.T.);
#4135=ORIENTED_EDGE('',*,*,#3262,.T.);
#4136=ORIENTED_EDGE('',*,*,#3233,.F.);
#4137=ORIENTED_EDGE('',*,*,#3263,.T.);
#4138=ORIENTED_EDGE('',*,*,#3264,.T.);
#4139=ORIENTED_EDGE('',*,*,#3265,.T.);
#4140=ORIENTED_EDGE('',*,*,#3093,.T.);
#4141=ORIENTED_EDGE('',*,*,#3266,.T.);
#4142=ORIENTED_EDGE('',*,*,#3267,.T.);
#4143=ORIENTED_EDGE('',*,*,#3268,.T.);
#4144=ORIENTED_EDGE('',*,*,#3229,.F.);
#4145=ORIENTED_EDGE('',*,*,#3131,.F.);
#4146=ORIENTED_EDGE('',*,*,#3269,.T.);
#4147=ORIENTED_EDGE('',*,*,#3270,.T.);
#4148=ORIENTED_EDGE('',*,*,#3271,.T.);
#4149=ORIENTED_EDGE('',*,*,#3272,.T.);
#4150=ORIENTED_EDGE('',*,*,#3273,.T.);
#4151=ORIENTED_EDGE('',*,*,#3274,.T.);
#4152=ORIENTED_EDGE('',*,*,#3275,.T.);
#4153=ORIENTED_EDGE('',*,*,#3127,.F.);
#4154=ORIENTED_EDGE('',*,*,#3276,.T.);
#4155=ORIENTED_EDGE('',*,*,#3277,.T.);
#4156=ORIENTED_EDGE('',*,*,#3278,.T.);
#4157=ORIENTED_EDGE('',*,*,#3279,.T.);
#4158=ORIENTED_EDGE('',*,*,#3280,.T.);
#4159=ORIENTED_EDGE('',*,*,#3281,.T.);
#4160=ORIENTED_EDGE('',*,*,#3282,.T.);
#4161=ORIENTED_EDGE('',*,*,#3123,.F.);
#4162=ORIENTED_EDGE('',*,*,#3283,.T.);
#4163=ORIENTED_EDGE('',*,*,#3284,.T.);
#4164=ORIENTED_EDGE('',*,*,#3285,.T.);
#4165=ORIENTED_EDGE('',*,*,#3286,.T.);
#4166=ORIENTED_EDGE('',*,*,#3287,.T.);
#4167=ORIENTED_EDGE('',*,*,#3288,.T.);
#4168=ORIENTED_EDGE('',*,*,#3289,.T.);
#4169=ORIENTED_EDGE('',*,*,#3119,.F.);
#4170=ORIENTED_EDGE('',*,*,#3290,.T.);
#4171=ORIENTED_EDGE('',*,*,#3291,.T.);
#4172=ORIENTED_EDGE('',*,*,#3292,.T.);
#4173=ORIENTED_EDGE('',*,*,#3293,.T.);
#4174=ORIENTED_EDGE('',*,*,#3294,.T.);
#4175=ORIENTED_EDGE('',*,*,#3295,.T.);
#4176=ORIENTED_EDGE('',*,*,#3296,.T.);
#4177=ORIENTED_EDGE('',*,*,#3146,.F.);
#4178=ORIENTED_EDGE('',*,*,#3297,.T.);
#4179=ORIENTED_EDGE('',*,*,#3298,.T.);
#4180=ORIENTED_EDGE('',*,*,#3299,.T.);
#4181=ORIENTED_EDGE('',*,*,#3300,.T.);
#4182=ORIENTED_EDGE('',*,*,#3301,.T.);
#4183=ORIENTED_EDGE('',*,*,#3302,.T.);
#4184=ORIENTED_EDGE('',*,*,#3303,.T.);
#4185=ORIENTED_EDGE('',*,*,#3142,.F.);
#4186=ORIENTED_EDGE('',*,*,#3304,.T.);
#4187=ORIENTED_EDGE('',*,*,#3305,.T.);
#4188=ORIENTED_EDGE('',*,*,#3306,.T.);
#4189=ORIENTED_EDGE('',*,*,#3307,.T.);
#4190=ORIENTED_EDGE('',*,*,#3308,.T.);
#4191=ORIENTED_EDGE('',*,*,#3309,.T.);
#4192=ORIENTED_EDGE('',*,*,#3310,.T.);
#4193=ORIENTED_EDGE('',*,*,#3138,.F.);
#4194=ORIENTED_EDGE('',*,*,#3311,.T.);
#4195=ORIENTED_EDGE('',*,*,#3312,.T.);
#4196=ORIENTED_EDGE('',*,*,#3313,.T.);
#4197=ORIENTED_EDGE('',*,*,#3314,.T.);
#4198=ORIENTED_EDGE('',*,*,#3315,.T.);
#4199=ORIENTED_EDGE('',*,*,#3316,.T.);
#4200=ORIENTED_EDGE('',*,*,#3317,.T.);
#4201=ORIENTED_EDGE('',*,*,#3134,.F.);
#4202=ORIENTED_EDGE('',*,*,#3156,.F.);
#4203=ORIENTED_EDGE('',*,*,#3318,.T.);
#4204=ORIENTED_EDGE('',*,*,#3319,.T.);
#4205=ORIENTED_EDGE('',*,*,#3320,.T.);
#4206=ORIENTED_EDGE('',*,*,#3321,.T.);
#4207=ORIENTED_EDGE('',*,*,#3322,.T.);
#4208=ORIENTED_EDGE('',*,*,#3323,.T.);
#4209=ORIENTED_EDGE('',*,*,#3324,.T.);
#4210=ORIENTED_EDGE('',*,*,#3152,.F.);
#4211=ORIENTED_EDGE('',*,*,#3325,.T.);
#4212=ORIENTED_EDGE('',*,*,#3326,.T.);
#4213=ORIENTED_EDGE('',*,*,#3327,.T.);
#4214=ORIENTED_EDGE('',*,*,#3328,.T.);
#4215=ORIENTED_EDGE('',*,*,#3329,.T.);
#4216=ORIENTED_EDGE('',*,*,#3330,.T.);
#4217=ORIENTED_EDGE('',*,*,#3331,.T.);
#4218=ORIENTED_EDGE('',*,*,#3178,.F.);
#4219=ORIENTED_EDGE('',*,*,#3332,.T.);
#4220=ORIENTED_EDGE('',*,*,#3333,.T.);
#4221=ORIENTED_EDGE('',*,*,#3334,.T.);
#4222=ORIENTED_EDGE('',*,*,#3335,.T.);
#4223=ORIENTED_EDGE('',*,*,#3336,.T.);
#4224=ORIENTED_EDGE('',*,*,#3337,.T.);
#4225=ORIENTED_EDGE('',*,*,#3338,.T.);
#4226=ORIENTED_EDGE('',*,*,#3174,.F.);
#4227=ORIENTED_EDGE('',*,*,#3339,.T.);
#4228=ORIENTED_EDGE('',*,*,#3340,.T.);
#4229=ORIENTED_EDGE('',*,*,#3341,.T.);
#4230=ORIENTED_EDGE('',*,*,#3342,.T.);
#4231=ORIENTED_EDGE('',*,*,#3343,.T.);
#4232=ORIENTED_EDGE('',*,*,#3344,.T.);
#4233=ORIENTED_EDGE('',*,*,#3345,.T.);
#4234=ORIENTED_EDGE('',*,*,#3170,.F.);
#4235=ORIENTED_EDGE('',*,*,#3346,.T.);
#4236=ORIENTED_EDGE('',*,*,#3347,.T.);
#4237=ORIENTED_EDGE('',*,*,#3348,.T.);
#4238=ORIENTED_EDGE('',*,*,#3349,.T.);
#4239=ORIENTED_EDGE('',*,*,#3350,.T.);
#4240=ORIENTED_EDGE('',*,*,#3351,.T.);
#4241=ORIENTED_EDGE('',*,*,#3352,.T.);
#4242=ORIENTED_EDGE('',*,*,#3166,.F.);
#4243=ORIENTED_EDGE('',*,*,#3353,.T.);
#4244=ORIENTED_EDGE('',*,*,#3354,.T.);
#4245=ORIENTED_EDGE('',*,*,#3355,.T.);
#4246=ORIENTED_EDGE('',*,*,#3356,.T.);
#4247=ORIENTED_EDGE('',*,*,#3357,.T.);
#4248=ORIENTED_EDGE('',*,*,#3358,.T.);
#4249=ORIENTED_EDGE('',*,*,#3359,.T.);
#4250=ORIENTED_EDGE('',*,*,#3162,.F.);
#4251=ORIENTED_EDGE('',*,*,#3360,.T.);
#4252=ORIENTED_EDGE('',*,*,#3361,.T.);
#4253=ORIENTED_EDGE('',*,*,#3362,.T.);
#4254=ORIENTED_EDGE('',*,*,#3363,.T.);
#4255=ORIENTED_EDGE('',*,*,#3364,.T.);
#4256=ORIENTED_EDGE('',*,*,#3365,.T.);
#4257=ORIENTED_EDGE('',*,*,#3366,.T.);
#4258=ORIENTED_EDGE('',*,*,#3158,.F.);
#4259=ORIENTED_EDGE('',*,*,#3182,.F.);
#4260=ORIENTED_EDGE('',*,*,#3367,.T.);
#4261=ORIENTED_EDGE('',*,*,#3368,.T.);
#4262=ORIENTED_EDGE('',*,*,#3369,.T.);
#4263=ORIENTED_EDGE('',*,*,#3370,.T.);
#4264=ORIENTED_EDGE('',*,*,#3371,.T.);
#4265=ORIENTED_EDGE('',*,*,#3372,.T.);
#4266=ORIENTED_EDGE('',*,*,#3373,.T.);
#4267=ORIENTED_EDGE('',*,*,#3208,.F.);
#4268=ORIENTED_EDGE('',*,*,#3374,.T.);
#4269=ORIENTED_EDGE('',*,*,#3375,.T.);
#4270=ORIENTED_EDGE('',*,*,#3376,.T.);
#4271=ORIENTED_EDGE('',*,*,#3377,.T.);
#4272=ORIENTED_EDGE('',*,*,#3378,.T.);
#4273=ORIENTED_EDGE('',*,*,#3379,.T.);
#4274=ORIENTED_EDGE('',*,*,#3380,.T.);
#4275=ORIENTED_EDGE('',*,*,#3204,.F.);
#4276=ORIENTED_EDGE('',*,*,#3381,.T.);
#4277=ORIENTED_EDGE('',*,*,#3382,.T.);
#4278=ORIENTED_EDGE('',*,*,#3383,.T.);
#4279=ORIENTED_EDGE('',*,*,#3384,.T.);
#4280=ORIENTED_EDGE('',*,*,#3385,.T.);
#4281=ORIENTED_EDGE('',*,*,#3386,.T.);
#4282=ORIENTED_EDGE('',*,*,#3387,.T.);
#4283=ORIENTED_EDGE('',*,*,#3200,.F.);
#4284=ORIENTED_EDGE('',*,*,#3388,.T.);
#4285=ORIENTED_EDGE('',*,*,#3389,.T.);
#4286=ORIENTED_EDGE('',*,*,#3390,.T.);
#4287=ORIENTED_EDGE('',*,*,#3391,.T.);
#4288=ORIENTED_EDGE('',*,*,#3392,.T.);
#4289=ORIENTED_EDGE('',*,*,#3393,.T.);
#4290=ORIENTED_EDGE('',*,*,#3394,.T.);
#4291=ORIENTED_EDGE('',*,*,#3196,.F.);
#4292=ORIENTED_EDGE('',*,*,#3395,.T.);
#4293=ORIENTED_EDGE('',*,*,#3396,.T.);
#4294=ORIENTED_EDGE('',*,*,#3397,.T.);
#4295=ORIENTED_EDGE('',*,*,#3398,.T.);
#4296=ORIENTED_EDGE('',*,*,#3399,.T.);
#4297=ORIENTED_EDGE('',*,*,#3400,.T.);
#4298=ORIENTED_EDGE('',*,*,#3401,.T.);
#4299=ORIENTED_EDGE('',*,*,#3192,.F.);
#4300=ORIENTED_EDGE('',*,*,#3402,.T.);
#4301=ORIENTED_EDGE('',*,*,#3403,.T.);
#4302=ORIENTED_EDGE('',*,*,#3404,.T.);
#4303=ORIENTED_EDGE('',*,*,#3405,.T.);
#4304=ORIENTED_EDGE('',*,*,#3406,.T.);
#4305=ORIENTED_EDGE('',*,*,#3407,.T.);
#4306=ORIENTED_EDGE('',*,*,#3408,.T.);
#4307=ORIENTED_EDGE('',*,*,#3188,.F.);
#4308=ORIENTED_EDGE('',*,*,#3409,.T.);
#4309=ORIENTED_EDGE('',*,*,#3410,.T.);
#4310=ORIENTED_EDGE('',*,*,#3411,.T.);
#4311=ORIENTED_EDGE('',*,*,#3412,.T.);
#4312=ORIENTED_EDGE('',*,*,#3413,.T.);
#4313=ORIENTED_EDGE('',*,*,#3414,.T.);
#4314=ORIENTED_EDGE('',*,*,#3415,.T.);
#4315=ORIENTED_EDGE('',*,*,#3416,.T.);
#4316=ORIENTED_EDGE('',*,*,#3184,.F.);
#4317=ORIENTED_EDGE('',*,*,#3228,.F.);
#4318=ORIENTED_EDGE('',*,*,#3417,.T.);
#4319=ORIENTED_EDGE('',*,*,#3418,.T.);
#4320=ORIENTED_EDGE('',*,*,#3419,.T.);
#4321=ORIENTED_EDGE('',*,*,#3089,.T.);
#4322=ORIENTED_EDGE('',*,*,#3420,.T.);
#4323=ORIENTED_EDGE('',*,*,#3421,.T.);
#4324=ORIENTED_EDGE('',*,*,#3422,.T.);
#4325=ORIENTED_EDGE('',*,*,#3224,.F.);
#4326=ORIENTED_EDGE('',*,*,#3423,.T.);
#4327=ORIENTED_EDGE('',*,*,#3424,.T.);
#4328=ORIENTED_EDGE('',*,*,#3425,.T.);
#4329=ORIENTED_EDGE('',*,*,#3085,.T.);
#4330=ORIENTED_EDGE('',*,*,#3426,.T.);
#4331=ORIENTED_EDGE('',*,*,#3427,.T.);
#4332=ORIENTED_EDGE('',*,*,#3428,.T.);
#4333=ORIENTED_EDGE('',*,*,#3429,.T.);
#4334=ORIENTED_EDGE('',*,*,#3290,.F.);
#4335=ORIENTED_EDGE('',*,*,#3118,.F.);
#4336=ORIENTED_EDGE('',*,*,#3430,.T.);
#4337=ORIENTED_EDGE('',*,*,#3431,.T.);
#4338=ORIENTED_EDGE('',*,*,#3432,.T.);
#4339=ORIENTED_EDGE('',*,*,#3430,.F.);
#4340=ORIENTED_EDGE('',*,*,#3148,.F.);
#4341=ORIENTED_EDGE('',*,*,#3433,.T.);
#4342=ORIENTED_EDGE('',*,*,#3433,.F.);
#4343=ORIENTED_EDGE('',*,*,#3147,.F.);
#4344=ORIENTED_EDGE('',*,*,#3296,.F.);
#4345=ORIENTED_EDGE('',*,*,#3434,.T.);
#4346=ORIENTED_EDGE('',*,*,#3435,.T.);
#4347=ORIENTED_EDGE('',*,*,#3436,.T.);
#4348=ORIENTED_EDGE('',*,*,#3437,.T.);
#4349=ORIENTED_EDGE('',*,*,#3438,.T.);
#4350=ORIENTED_EDGE('',*,*,#3297,.F.);
#4351=ORIENTED_EDGE('',*,*,#3145,.F.);
#4352=ORIENTED_EDGE('',*,*,#3439,.T.);
#4353=ORIENTED_EDGE('',*,*,#3440,.T.);
#4354=ORIENTED_EDGE('',*,*,#3441,.T.);
#4355=ORIENTED_EDGE('',*,*,#3439,.F.);
#4356=ORIENTED_EDGE('',*,*,#3144,.F.);
#4357=ORIENTED_EDGE('',*,*,#3442,.T.);
#4358=ORIENTED_EDGE('',*,*,#3442,.F.);
#4359=ORIENTED_EDGE('',*,*,#3143,.F.);
#4360=ORIENTED_EDGE('',*,*,#3303,.F.);
#4361=ORIENTED_EDGE('',*,*,#3443,.T.);
#4362=ORIENTED_EDGE('',*,*,#3444,.T.);
#4363=ORIENTED_EDGE('',*,*,#3445,.T.);
#4364=ORIENTED_EDGE('',*,*,#3446,.T.);
#4365=ORIENTED_EDGE('',*,*,#3447,.T.);
#4366=ORIENTED_EDGE('',*,*,#3304,.F.);
#4367=ORIENTED_EDGE('',*,*,#3141,.F.);
#4368=ORIENTED_EDGE('',*,*,#3448,.T.);
#4369=ORIENTED_EDGE('',*,*,#3449,.T.);
#4370=ORIENTED_EDGE('',*,*,#3450,.T.);
#4371=ORIENTED_EDGE('',*,*,#3448,.F.);
#4372=ORIENTED_EDGE('',*,*,#3140,.F.);
#4373=ORIENTED_EDGE('',*,*,#3451,.T.);
#4374=ORIENTED_EDGE('',*,*,#3451,.F.);
#4375=ORIENTED_EDGE('',*,*,#3139,.F.);
#4376=ORIENTED_EDGE('',*,*,#3310,.F.);
#4377=ORIENTED_EDGE('',*,*,#3452,.T.);
#4378=ORIENTED_EDGE('',*,*,#3453,.T.);
#4379=ORIENTED_EDGE('',*,*,#3454,.T.);
#4380=ORIENTED_EDGE('',*,*,#3455,.T.);
#4381=ORIENTED_EDGE('',*,*,#3456,.T.);
#4382=ORIENTED_EDGE('',*,*,#3311,.F.);
#4383=ORIENTED_EDGE('',*,*,#3137,.F.);
#4384=ORIENTED_EDGE('',*,*,#3457,.T.);
#4385=ORIENTED_EDGE('',*,*,#3458,.T.);
#4386=ORIENTED_EDGE('',*,*,#3459,.T.);
#4387=ORIENTED_EDGE('',*,*,#3457,.F.);
#4388=ORIENTED_EDGE('',*,*,#3136,.F.);
#4389=ORIENTED_EDGE('',*,*,#3460,.T.);
#4390=ORIENTED_EDGE('',*,*,#3460,.F.);
#4391=ORIENTED_EDGE('',*,*,#3135,.F.);
#4392=ORIENTED_EDGE('',*,*,#3317,.F.);
#4393=ORIENTED_EDGE('',*,*,#3461,.T.);
#4394=ORIENTED_EDGE('',*,*,#3462,.T.);
#4395=ORIENTED_EDGE('',*,*,#3463,.T.);
#4396=ORIENTED_EDGE('',*,*,#3464,.T.);
#4397=ORIENTED_EDGE('',*,*,#3465,.T.);
#4398=ORIENTED_EDGE('',*,*,#3269,.F.);
#4399=ORIENTED_EDGE('',*,*,#3130,.F.);
#4400=ORIENTED_EDGE('',*,*,#3466,.T.);
#4401=ORIENTED_EDGE('',*,*,#3467,.T.);
#4402=ORIENTED_EDGE('',*,*,#3466,.F.);
#4403=ORIENTED_EDGE('',*,*,#3129,.F.);
#4404=ORIENTED_EDGE('',*,*,#3468,.T.);
#4405=ORIENTED_EDGE('',*,*,#3469,.T.);
#4406=ORIENTED_EDGE('',*,*,#3468,.F.);
#4407=ORIENTED_EDGE('',*,*,#3128,.F.);
#4408=ORIENTED_EDGE('',*,*,#3275,.F.);
#4409=ORIENTED_EDGE('',*,*,#3470,.T.);
#4410=ORIENTED_EDGE('',*,*,#3471,.T.);
#4411=ORIENTED_EDGE('',*,*,#3472,.T.);
#4412=ORIENTED_EDGE('',*,*,#3473,.T.);
#4413=ORIENTED_EDGE('',*,*,#3474,.T.);
#4414=ORIENTED_EDGE('',*,*,#3276,.F.);
#4415=ORIENTED_EDGE('',*,*,#3126,.F.);
#4416=ORIENTED_EDGE('',*,*,#3475,.T.);
#4417=ORIENTED_EDGE('',*,*,#3476,.T.);
#4418=ORIENTED_EDGE('',*,*,#3477,.T.);
#4419=ORIENTED_EDGE('',*,*,#3478,.T.);
#4420=ORIENTED_EDGE('',*,*,#3475,.F.);
#4421=ORIENTED_EDGE('',*,*,#3125,.F.);
#4422=ORIENTED_EDGE('',*,*,#3477,.F.);
#4423=ORIENTED_EDGE('',*,*,#3124,.F.);
#4424=ORIENTED_EDGE('',*,*,#3282,.F.);
#4425=ORIENTED_EDGE('',*,*,#3479,.T.);
#4426=ORIENTED_EDGE('',*,*,#3480,.T.);
#4427=ORIENTED_EDGE('',*,*,#3481,.T.);
#4428=ORIENTED_EDGE('',*,*,#3482,.T.);
#4429=ORIENTED_EDGE('',*,*,#3483,.T.);
#4430=ORIENTED_EDGE('',*,*,#3283,.F.);
#4431=ORIENTED_EDGE('',*,*,#3122,.F.);
#4432=ORIENTED_EDGE('',*,*,#3484,.T.);
#4433=ORIENTED_EDGE('',*,*,#3485,.T.);
#4434=ORIENTED_EDGE('',*,*,#3486,.T.);
#4435=ORIENTED_EDGE('',*,*,#3487,.T.);
#4436=ORIENTED_EDGE('',*,*,#3484,.F.);
#4437=ORIENTED_EDGE('',*,*,#3121,.F.);
#4438=ORIENTED_EDGE('',*,*,#3486,.F.);
#4439=ORIENTED_EDGE('',*,*,#3120,.F.);
#4440=ORIENTED_EDGE('',*,*,#3289,.F.);
#4441=ORIENTED_EDGE('',*,*,#3488,.T.);
#4442=ORIENTED_EDGE('',*,*,#3489,.T.);
#4443=ORIENTED_EDGE('',*,*,#3490,.T.);
#4444=ORIENTED_EDGE('',*,*,#3491,.T.);
#4445=ORIENTED_EDGE('',*,*,#3492,.T.);
#4446=ORIENTED_EDGE('',*,*,#3150,.F.);
#4447=ORIENTED_EDGE('',*,*,#3493,.T.);
#4448=ORIENTED_EDGE('',*,*,#3493,.F.);
#4449=ORIENTED_EDGE('',*,*,#3149,.F.);
#4450=ORIENTED_EDGE('',*,*,#3331,.F.);
#4451=ORIENTED_EDGE('',*,*,#3494,.T.);
#4452=ORIENTED_EDGE('',*,*,#3495,.T.);
#4453=ORIENTED_EDGE('',*,*,#3496,.T.);
#4454=ORIENTED_EDGE('',*,*,#3497,.T.);
#4455=ORIENTED_EDGE('',*,*,#3498,.T.);
#4456=ORIENTED_EDGE('',*,*,#3332,.F.);
#4457=ORIENTED_EDGE('',*,*,#3177,.F.);
#4458=ORIENTED_EDGE('',*,*,#3499,.T.);
#4459=ORIENTED_EDGE('',*,*,#3500,.T.);
#4460=ORIENTED_EDGE('',*,*,#3501,.T.);
#4461=ORIENTED_EDGE('',*,*,#3502,.T.);
#4462=ORIENTED_EDGE('',*,*,#3499,.F.);
#4463=ORIENTED_EDGE('',*,*,#3176,.F.);
#4464=ORIENTED_EDGE('',*,*,#3501,.F.);
#4465=ORIENTED_EDGE('',*,*,#3175,.F.);
#4466=ORIENTED_EDGE('',*,*,#3338,.F.);
#4467=ORIENTED_EDGE('',*,*,#3503,.T.);
#4468=ORIENTED_EDGE('',*,*,#3504,.T.);
#4469=ORIENTED_EDGE('',*,*,#3505,.T.);
#4470=ORIENTED_EDGE('',*,*,#3506,.T.);
#4471=ORIENTED_EDGE('',*,*,#3507,.T.);
#4472=ORIENTED_EDGE('',*,*,#3339,.F.);
#4473=ORIENTED_EDGE('',*,*,#3173,.F.);
#4474=ORIENTED_EDGE('',*,*,#3508,.T.);
#4475=ORIENTED_EDGE('',*,*,#3509,.T.);
#4476=ORIENTED_EDGE('',*,*,#3510,.T.);
#4477=ORIENTED_EDGE('',*,*,#3511,.T.);
#4478=ORIENTED_EDGE('',*,*,#3508,.F.);
#4479=ORIENTED_EDGE('',*,*,#3172,.F.);
#4480=ORIENTED_EDGE('',*,*,#3510,.F.);
#4481=ORIENTED_EDGE('',*,*,#3171,.F.);
#4482=ORIENTED_EDGE('',*,*,#3345,.F.);
#4483=ORIENTED_EDGE('',*,*,#3512,.T.);
#4484=ORIENTED_EDGE('',*,*,#3513,.T.);
#4485=ORIENTED_EDGE('',*,*,#3514,.T.);
#4486=ORIENTED_EDGE('',*,*,#3515,.T.);
#4487=ORIENTED_EDGE('',*,*,#3516,.T.);
#4488=ORIENTED_EDGE('',*,*,#3346,.F.);
#4489=ORIENTED_EDGE('',*,*,#3169,.F.);
#4490=ORIENTED_EDGE('',*,*,#3517,.T.);
#4491=ORIENTED_EDGE('',*,*,#3518,.T.);
#4492=ORIENTED_EDGE('',*,*,#3519,.T.);
#4493=ORIENTED_EDGE('',*,*,#3517,.F.);
#4494=ORIENTED_EDGE('',*,*,#3168,.F.);
#4495=ORIENTED_EDGE('',*,*,#3520,.T.);
#4496=ORIENTED_EDGE('',*,*,#3520,.F.);
#4497=ORIENTED_EDGE('',*,*,#3167,.F.);
#4498=ORIENTED_EDGE('',*,*,#3352,.F.);
#4499=ORIENTED_EDGE('',*,*,#3521,.T.);
#4500=ORIENTED_EDGE('',*,*,#3522,.T.);
#4501=ORIENTED_EDGE('',*,*,#3523,.T.);
#4502=ORIENTED_EDGE('',*,*,#3524,.T.);
#4503=ORIENTED_EDGE('',*,*,#3525,.T.);
#4504=ORIENTED_EDGE('',*,*,#3353,.F.);
#4505=ORIENTED_EDGE('',*,*,#3165,.F.);
#4506=ORIENTED_EDGE('',*,*,#3526,.T.);
#4507=ORIENTED_EDGE('',*,*,#3527,.T.);
#4508=ORIENTED_EDGE('',*,*,#3528,.T.);
#4509=ORIENTED_EDGE('',*,*,#3526,.F.);
#4510=ORIENTED_EDGE('',*,*,#3164,.F.);
#4511=ORIENTED_EDGE('',*,*,#3529,.T.);
#4512=ORIENTED_EDGE('',*,*,#3529,.F.);
#4513=ORIENTED_EDGE('',*,*,#3163,.F.);
#4514=ORIENTED_EDGE('',*,*,#3359,.F.);
#4515=ORIENTED_EDGE('',*,*,#3530,.T.);
#4516=ORIENTED_EDGE('',*,*,#3531,.T.);
#4517=ORIENTED_EDGE('',*,*,#3532,.T.);
#4518=ORIENTED_EDGE('',*,*,#3533,.T.);
#4519=ORIENTED_EDGE('',*,*,#3534,.T.);
#4520=ORIENTED_EDGE('',*,*,#3360,.F.);
#4521=ORIENTED_EDGE('',*,*,#3161,.F.);
#4522=ORIENTED_EDGE('',*,*,#3535,.T.);
#4523=ORIENTED_EDGE('',*,*,#3536,.T.);
#4524=ORIENTED_EDGE('',*,*,#3537,.T.);
#4525=ORIENTED_EDGE('',*,*,#3535,.F.);
#4526=ORIENTED_EDGE('',*,*,#3160,.F.);
#4527=ORIENTED_EDGE('',*,*,#3538,.T.);
#4528=ORIENTED_EDGE('',*,*,#3538,.F.);
#4529=ORIENTED_EDGE('',*,*,#3159,.F.);
#4530=ORIENTED_EDGE('',*,*,#3366,.F.);
#4531=ORIENTED_EDGE('',*,*,#3539,.T.);
#4532=ORIENTED_EDGE('',*,*,#3540,.T.);
#4533=ORIENTED_EDGE('',*,*,#3541,.T.);
#4534=ORIENTED_EDGE('',*,*,#3542,.T.);
#4535=ORIENTED_EDGE('',*,*,#3543,.T.);
#4536=ORIENTED_EDGE('',*,*,#3318,.F.);
#4537=ORIENTED_EDGE('',*,*,#3155,.F.);
#4538=ORIENTED_EDGE('',*,*,#3544,.T.);
#4539=ORIENTED_EDGE('',*,*,#3545,.T.);
#4540=ORIENTED_EDGE('',*,*,#3544,.F.);
#4541=ORIENTED_EDGE('',*,*,#3154,.F.);
#4542=ORIENTED_EDGE('',*,*,#3546,.T.);
#4543=ORIENTED_EDGE('',*,*,#3547,.T.);
#4544=ORIENTED_EDGE('',*,*,#3546,.F.);
#4545=ORIENTED_EDGE('',*,*,#3153,.F.);
#4546=ORIENTED_EDGE('',*,*,#3324,.F.);
#4547=ORIENTED_EDGE('',*,*,#3548,.T.);
#4548=ORIENTED_EDGE('',*,*,#3549,.T.);
#4549=ORIENTED_EDGE('',*,*,#3550,.T.);
#4550=ORIENTED_EDGE('',*,*,#3551,.T.);
#4551=ORIENTED_EDGE('',*,*,#3552,.T.);
#4552=ORIENTED_EDGE('',*,*,#3325,.F.);
#4553=ORIENTED_EDGE('',*,*,#3151,.F.);
#4554=ORIENTED_EDGE('',*,*,#3492,.F.);
#4555=ORIENTED_EDGE('',*,*,#3553,.T.);
#4556=ORIENTED_EDGE('',*,*,#3554,.T.);
#4557=ORIENTED_EDGE('',*,*,#3555,.T.);
#4558=ORIENTED_EDGE('',*,*,#3180,.F.);
#4559=ORIENTED_EDGE('',*,*,#3556,.T.);
#4560=ORIENTED_EDGE('',*,*,#3556,.F.);
#4561=ORIENTED_EDGE('',*,*,#3179,.F.);
#4562=ORIENTED_EDGE('',*,*,#3373,.F.);
#4563=ORIENTED_EDGE('',*,*,#3557,.T.);
#4564=ORIENTED_EDGE('',*,*,#3558,.T.);
#4565=ORIENTED_EDGE('',*,*,#3559,.T.);
#4566=ORIENTED_EDGE('',*,*,#3560,.T.);
#4567=ORIENTED_EDGE('',*,*,#3561,.T.);
#4568=ORIENTED_EDGE('',*,*,#3374,.F.);
#4569=ORIENTED_EDGE('',*,*,#3207,.F.);
#4570=ORIENTED_EDGE('',*,*,#3562,.T.);
#4571=ORIENTED_EDGE('',*,*,#3563,.T.);
#4572=ORIENTED_EDGE('',*,*,#3564,.T.);
#4573=ORIENTED_EDGE('',*,*,#3562,.F.);
#4574=ORIENTED_EDGE('',*,*,#3206,.F.);
#4575=ORIENTED_EDGE('',*,*,#3565,.T.);
#4576=ORIENTED_EDGE('',*,*,#3565,.F.);
#4577=ORIENTED_EDGE('',*,*,#3205,.F.);
#4578=ORIENTED_EDGE('',*,*,#3380,.F.);
#4579=ORIENTED_EDGE('',*,*,#3566,.T.);
#4580=ORIENTED_EDGE('',*,*,#3567,.T.);
#4581=ORIENTED_EDGE('',*,*,#3568,.T.);
#4582=ORIENTED_EDGE('',*,*,#3569,.T.);
#4583=ORIENTED_EDGE('',*,*,#3570,.T.);
#4584=ORIENTED_EDGE('',*,*,#3381,.F.);
#4585=ORIENTED_EDGE('',*,*,#3203,.F.);
#4586=ORIENTED_EDGE('',*,*,#3571,.T.);
#4587=ORIENTED_EDGE('',*,*,#3572,.T.);
#4588=ORIENTED_EDGE('',*,*,#3573,.T.);
#4589=ORIENTED_EDGE('',*,*,#3571,.F.);
#4590=ORIENTED_EDGE('',*,*,#3202,.F.);
#4591=ORIENTED_EDGE('',*,*,#3574,.T.);
#4592=ORIENTED_EDGE('',*,*,#3574,.F.);
#4593=ORIENTED_EDGE('',*,*,#3201,.F.);
#4594=ORIENTED_EDGE('',*,*,#3387,.F.);
#4595=ORIENTED_EDGE('',*,*,#3575,.T.);
#4596=ORIENTED_EDGE('',*,*,#3576,.T.);
#4597=ORIENTED_EDGE('',*,*,#3577,.T.);
#4598=ORIENTED_EDGE('',*,*,#3578,.T.);
#4599=ORIENTED_EDGE('',*,*,#3579,.T.);
#4600=ORIENTED_EDGE('',*,*,#3388,.F.);
#4601=ORIENTED_EDGE('',*,*,#3199,.F.);
#4602=ORIENTED_EDGE('',*,*,#3580,.T.);
#4603=ORIENTED_EDGE('',*,*,#3581,.T.);
#4604=ORIENTED_EDGE('',*,*,#3582,.T.);
#4605=ORIENTED_EDGE('',*,*,#3580,.F.);
#4606=ORIENTED_EDGE('',*,*,#3198,.F.);
#4607=ORIENTED_EDGE('',*,*,#3583,.T.);
#4608=ORIENTED_EDGE('',*,*,#3583,.F.);
#4609=ORIENTED_EDGE('',*,*,#3197,.F.);
#4610=ORIENTED_EDGE('',*,*,#3394,.F.);
#4611=ORIENTED_EDGE('',*,*,#3584,.T.);
#4612=ORIENTED_EDGE('',*,*,#3585,.T.);
#4613=ORIENTED_EDGE('',*,*,#3586,.T.);
#4614=ORIENTED_EDGE('',*,*,#3587,.T.);
#4615=ORIENTED_EDGE('',*,*,#3588,.T.);
#4616=ORIENTED_EDGE('',*,*,#3395,.F.);
#4617=ORIENTED_EDGE('',*,*,#3195,.F.);
#4618=ORIENTED_EDGE('',*,*,#3589,.T.);
#4619=ORIENTED_EDGE('',*,*,#3590,.T.);
#4620=ORIENTED_EDGE('',*,*,#3591,.T.);
#4621=ORIENTED_EDGE('',*,*,#3589,.F.);
#4622=ORIENTED_EDGE('',*,*,#3194,.F.);
#4623=ORIENTED_EDGE('',*,*,#3592,.T.);
#4624=ORIENTED_EDGE('',*,*,#3592,.F.);
#4625=ORIENTED_EDGE('',*,*,#3193,.F.);
#4626=ORIENTED_EDGE('',*,*,#3401,.F.);
#4627=ORIENTED_EDGE('',*,*,#3593,.T.);
#4628=ORIENTED_EDGE('',*,*,#3594,.T.);
#4629=ORIENTED_EDGE('',*,*,#3595,.T.);
#4630=ORIENTED_EDGE('',*,*,#3596,.T.);
#4631=ORIENTED_EDGE('',*,*,#3597,.T.);
#4632=ORIENTED_EDGE('',*,*,#3402,.F.);
#4633=ORIENTED_EDGE('',*,*,#3191,.F.);
#4634=ORIENTED_EDGE('',*,*,#3598,.T.);
#4635=ORIENTED_EDGE('',*,*,#3599,.T.);
#4636=ORIENTED_EDGE('',*,*,#3600,.T.);
#4637=ORIENTED_EDGE('',*,*,#3601,.T.);
#4638=ORIENTED_EDGE('',*,*,#3598,.F.);
#4639=ORIENTED_EDGE('',*,*,#3190,.F.);
#4640=ORIENTED_EDGE('',*,*,#3600,.F.);
#4641=ORIENTED_EDGE('',*,*,#3189,.F.);
#4642=ORIENTED_EDGE('',*,*,#3408,.F.);
#4643=ORIENTED_EDGE('',*,*,#3602,.T.);
#4644=ORIENTED_EDGE('',*,*,#3603,.T.);
#4645=ORIENTED_EDGE('',*,*,#3604,.T.);
#4646=ORIENTED_EDGE('',*,*,#3605,.T.);
#4647=ORIENTED_EDGE('',*,*,#3606,.T.);
#4648=ORIENTED_EDGE('',*,*,#3409,.F.);
#4649=ORIENTED_EDGE('',*,*,#3187,.F.);
#4650=ORIENTED_EDGE('',*,*,#3607,.T.);
#4651=ORIENTED_EDGE('',*,*,#3608,.T.);
#4652=ORIENTED_EDGE('',*,*,#3609,.T.);
#4653=ORIENTED_EDGE('',*,*,#3607,.F.);
#4654=ORIENTED_EDGE('',*,*,#3186,.F.);
#4655=ORIENTED_EDGE('',*,*,#3610,.T.);
#4656=ORIENTED_EDGE('',*,*,#3610,.F.);
#4657=ORIENTED_EDGE('',*,*,#3185,.F.);
#4658=ORIENTED_EDGE('',*,*,#3416,.F.);
#4659=ORIENTED_EDGE('',*,*,#3611,.T.);
#4660=ORIENTED_EDGE('',*,*,#3612,.T.);
#4661=ORIENTED_EDGE('',*,*,#3613,.T.);
#4662=ORIENTED_EDGE('',*,*,#3614,.T.);
#4663=ORIENTED_EDGE('',*,*,#3615,.T.);
#4664=ORIENTED_EDGE('',*,*,#3367,.F.);
#4665=ORIENTED_EDGE('',*,*,#3181,.F.);
#4666=ORIENTED_EDGE('',*,*,#3555,.F.);
#4667=ORIENTED_EDGE('',*,*,#3616,.T.);
#4668=ORIENTED_EDGE('',*,*,#3617,.T.);
#4669=ORIENTED_EDGE('',*,*,#3618,.T.);
#4670=ORIENTED_EDGE('',*,*,#3210,.F.);
#4671=ORIENTED_EDGE('',*,*,#3619,.T.);
#4672=ORIENTED_EDGE('',*,*,#3619,.F.);
#4673=ORIENTED_EDGE('',*,*,#3209,.F.);
#4674=ORIENTED_EDGE('',*,*,#3256,.F.);
#4675=ORIENTED_EDGE('',*,*,#3620,.T.);
#4676=ORIENTED_EDGE('',*,*,#3621,.T.);
#4677=ORIENTED_EDGE('',*,*,#3622,.T.);
#4678=ORIENTED_EDGE('',*,*,#3623,.T.);
#4679=ORIENTED_EDGE('',*,*,#3624,.T.);
#4680=ORIENTED_EDGE('',*,*,#3257,.F.);
#4681=ORIENTED_EDGE('',*,*,#3236,.F.);
#4682=ORIENTED_EDGE('',*,*,#3625,.T.);
#4683=ORIENTED_EDGE('',*,*,#3626,.T.);
#4684=ORIENTED_EDGE('',*,*,#3627,.T.);
#4685=ORIENTED_EDGE('',*,*,#3628,.T.);
#4686=ORIENTED_EDGE('',*,*,#3625,.F.);
#4687=ORIENTED_EDGE('',*,*,#3235,.F.);
#4688=ORIENTED_EDGE('',*,*,#3627,.F.);
#4689=ORIENTED_EDGE('',*,*,#3234,.F.);
#4690=ORIENTED_EDGE('',*,*,#3262,.F.);
#4691=ORIENTED_EDGE('',*,*,#3629,.T.);
#4692=ORIENTED_EDGE('',*,*,#3630,.T.);
#4693=ORIENTED_EDGE('',*,*,#3631,.T.);
#4694=ORIENTED_EDGE('',*,*,#3632,.T.);
#4695=ORIENTED_EDGE('',*,*,#3633,.T.);
#4696=ORIENTED_EDGE('',*,*,#3263,.F.);
#4697=ORIENTED_EDGE('',*,*,#3232,.F.);
#4698=ORIENTED_EDGE('',*,*,#3634,.T.);
#4699=ORIENTED_EDGE('',*,*,#3635,.T.);
#4700=ORIENTED_EDGE('',*,*,#3636,.T.);
#4701=ORIENTED_EDGE('',*,*,#3637,.T.);
#4702=ORIENTED_EDGE('',*,*,#3634,.F.);
#4703=ORIENTED_EDGE('',*,*,#3231,.F.);
#4704=ORIENTED_EDGE('',*,*,#3636,.F.);
#4705=ORIENTED_EDGE('',*,*,#3230,.F.);
#4706=ORIENTED_EDGE('',*,*,#3268,.F.);
#4707=ORIENTED_EDGE('',*,*,#3638,.T.);
#4708=ORIENTED_EDGE('',*,*,#3639,.T.);
#4709=ORIENTED_EDGE('',*,*,#3640,.T.);
#4710=ORIENTED_EDGE('',*,*,#3641,.T.);
#4711=ORIENTED_EDGE('',*,*,#3642,.T.);
#4712=ORIENTED_EDGE('',*,*,#3417,.F.);
#4713=ORIENTED_EDGE('',*,*,#3227,.F.);
#4714=ORIENTED_EDGE('',*,*,#3643,.T.);
#4715=ORIENTED_EDGE('',*,*,#3644,.T.);
#4716=ORIENTED_EDGE('',*,*,#3643,.F.);
#4717=ORIENTED_EDGE('',*,*,#3226,.F.);
#4718=ORIENTED_EDGE('',*,*,#3645,.T.);
#4719=ORIENTED_EDGE('',*,*,#3646,.T.);
#4720=ORIENTED_EDGE('',*,*,#3645,.F.);
#4721=ORIENTED_EDGE('',*,*,#3225,.F.);
#4722=ORIENTED_EDGE('',*,*,#3422,.F.);
#4723=ORIENTED_EDGE('',*,*,#3647,.T.);
#4724=ORIENTED_EDGE('',*,*,#3648,.T.);
#4725=ORIENTED_EDGE('',*,*,#3649,.T.);
#4726=ORIENTED_EDGE('',*,*,#3650,.T.);
#4727=ORIENTED_EDGE('',*,*,#3651,.T.);
#4728=ORIENTED_EDGE('',*,*,#3423,.F.);
#4729=ORIENTED_EDGE('',*,*,#3223,.F.);
#4730=ORIENTED_EDGE('',*,*,#3652,.T.);
#4731=ORIENTED_EDGE('',*,*,#3653,.T.);
#4732=ORIENTED_EDGE('',*,*,#3654,.T.);
#4733=ORIENTED_EDGE('',*,*,#3655,.T.);
#4734=ORIENTED_EDGE('',*,*,#3652,.F.);
#4735=ORIENTED_EDGE('',*,*,#3222,.F.);
#4736=ORIENTED_EDGE('',*,*,#3654,.F.);
#4737=ORIENTED_EDGE('',*,*,#3221,.F.);
#4738=ORIENTED_EDGE('',*,*,#3238,.F.);
#4739=ORIENTED_EDGE('',*,*,#3656,.T.);
#4740=ORIENTED_EDGE('',*,*,#3657,.T.);
#4741=ORIENTED_EDGE('',*,*,#3658,.T.);
#4742=ORIENTED_EDGE('',*,*,#3659,.T.);
#4743=ORIENTED_EDGE('',*,*,#3660,.T.);
#4744=ORIENTED_EDGE('',*,*,#3239,.F.);
#4745=ORIENTED_EDGE('',*,*,#3219,.F.);
#4746=ORIENTED_EDGE('',*,*,#3661,.T.);
#4747=ORIENTED_EDGE('',*,*,#3662,.T.);
#4748=ORIENTED_EDGE('',*,*,#3663,.T.);
#4749=ORIENTED_EDGE('',*,*,#3664,.T.);
#4750=ORIENTED_EDGE('',*,*,#3661,.F.);
#4751=ORIENTED_EDGE('',*,*,#3218,.F.);
#4752=ORIENTED_EDGE('',*,*,#3663,.F.);
#4753=ORIENTED_EDGE('',*,*,#3217,.F.);
#4754=ORIENTED_EDGE('',*,*,#3244,.F.);
#4755=ORIENTED_EDGE('',*,*,#3665,.T.);
#4756=ORIENTED_EDGE('',*,*,#3666,.T.);
#4757=ORIENTED_EDGE('',*,*,#3667,.T.);
#4758=ORIENTED_EDGE('',*,*,#3668,.T.);
#4759=ORIENTED_EDGE('',*,*,#3669,.T.);
#4760=ORIENTED_EDGE('',*,*,#3245,.F.);
#4761=ORIENTED_EDGE('',*,*,#3215,.F.);
#4762=ORIENTED_EDGE('',*,*,#3670,.T.);
#4763=ORIENTED_EDGE('',*,*,#3671,.T.);
#4764=ORIENTED_EDGE('',*,*,#3214,.F.);
#4765=ORIENTED_EDGE('',*,*,#3672,.T.);
#4766=ORIENTED_EDGE('',*,*,#3673,.T.);
#4767=ORIENTED_EDGE('',*,*,#3670,.F.);
#4768=ORIENTED_EDGE('',*,*,#3672,.F.);
#4769=ORIENTED_EDGE('',*,*,#3213,.F.);
#4770=ORIENTED_EDGE('',*,*,#3250,.F.);
#4771=ORIENTED_EDGE('',*,*,#3674,.T.);
#4772=ORIENTED_EDGE('',*,*,#3675,.T.);
#4773=ORIENTED_EDGE('',*,*,#3676,.T.);
#4774=ORIENTED_EDGE('',*,*,#3677,.T.);
#4775=ORIENTED_EDGE('',*,*,#3678,.T.);
#4776=ORIENTED_EDGE('',*,*,#3251,.F.);
#4777=ORIENTED_EDGE('',*,*,#3211,.F.);
#4778=ORIENTED_EDGE('',*,*,#3618,.F.);
#4779=ORIENTED_EDGE('',*,*,#3679,.T.);
#4780=ORIENTED_EDGE('',*,*,#3680,.T.);
#4781=ORIENTED_EDGE('',*,*,#3656,.F.);
#4782=ORIENTED_EDGE('',*,*,#3427,.F.);
#4783=ORIENTED_EDGE('',*,*,#3681,.T.);
#4784=ORIENTED_EDGE('',*,*,#3682,.T.);
#4785=ORIENTED_EDGE('',*,*,#3681,.F.);
#4786=ORIENTED_EDGE('',*,*,#3426,.F.);
#4787=ORIENTED_EDGE('',*,*,#3088,.T.);
#4788=ORIENTED_EDGE('',*,*,#3683,.T.);
#4789=ORIENTED_EDGE('',*,*,#3086,.F.);
#4790=ORIENTED_EDGE('',*,*,#3425,.F.);
#4791=ORIENTED_EDGE('',*,*,#3684,.T.);
#4792=ORIENTED_EDGE('',*,*,#3685,.T.);
#4793=ORIENTED_EDGE('',*,*,#3684,.F.);
#4794=ORIENTED_EDGE('',*,*,#3424,.F.);
#4795=ORIENTED_EDGE('',*,*,#3651,.F.);
#4796=ORIENTED_EDGE('',*,*,#3686,.T.);
#4797=ORIENTED_EDGE('',*,*,#3647,.F.);
#4798=ORIENTED_EDGE('',*,*,#3421,.F.);
#4799=ORIENTED_EDGE('',*,*,#3687,.T.);
#4800=ORIENTED_EDGE('',*,*,#3688,.T.);
#4801=ORIENTED_EDGE('',*,*,#3687,.F.);
#4802=ORIENTED_EDGE('',*,*,#3420,.F.);
#4803=ORIENTED_EDGE('',*,*,#3092,.T.);
#4804=ORIENTED_EDGE('',*,*,#3689,.T.);
#4805=ORIENTED_EDGE('',*,*,#3090,.F.);
#4806=ORIENTED_EDGE('',*,*,#3419,.F.);
#4807=ORIENTED_EDGE('',*,*,#3690,.T.);
#4808=ORIENTED_EDGE('',*,*,#3691,.T.);
#4809=ORIENTED_EDGE('',*,*,#3690,.F.);
#4810=ORIENTED_EDGE('',*,*,#3418,.F.);
#4811=ORIENTED_EDGE('',*,*,#3642,.F.);
#4812=ORIENTED_EDGE('',*,*,#3692,.T.);
#4813=ORIENTED_EDGE('',*,*,#3611,.F.);
#4814=ORIENTED_EDGE('',*,*,#3415,.F.);
#4815=ORIENTED_EDGE('',*,*,#3693,.T.);
#4816=ORIENTED_EDGE('',*,*,#3694,.T.);
#4817=ORIENTED_EDGE('',*,*,#3693,.F.);
#4818=ORIENTED_EDGE('',*,*,#3414,.F.);
#4819=ORIENTED_EDGE('',*,*,#3695,.T.);
#4820=ORIENTED_EDGE('',*,*,#3695,.F.);
#4821=ORIENTED_EDGE('',*,*,#3413,.F.);
#4822=ORIENTED_EDGE('',*,*,#3696,.F.);
#4823=ORIENTED_EDGE('',*,*,#3697,.F.);
#4824=ORIENTED_EDGE('',*,*,#3698,.T.);
#4825=ORIENTED_EDGE('',*,*,#3699,.T.);
#4826=ORIENTED_EDGE('',*,*,#3696,.T.);
#4827=ORIENTED_EDGE('',*,*,#3412,.F.);
#4828=ORIENTED_EDGE('',*,*,#3700,.T.);
#4829=ORIENTED_EDGE('',*,*,#3698,.F.);
#4830=ORIENTED_EDGE('',*,*,#3411,.F.);
#4831=ORIENTED_EDGE('',*,*,#3701,.T.);
#4832=ORIENTED_EDGE('',*,*,#3702,.T.);
#4833=ORIENTED_EDGE('',*,*,#3701,.F.);
#4834=ORIENTED_EDGE('',*,*,#3410,.F.);
#4835=ORIENTED_EDGE('',*,*,#3606,.F.);
#4836=ORIENTED_EDGE('',*,*,#3703,.T.);
#4837=ORIENTED_EDGE('',*,*,#3602,.F.);
#4838=ORIENTED_EDGE('',*,*,#3407,.F.);
#4839=ORIENTED_EDGE('',*,*,#3704,.T.);
#4840=ORIENTED_EDGE('',*,*,#3705,.T.);
#4841=ORIENTED_EDGE('',*,*,#3704,.F.);
#4842=ORIENTED_EDGE('',*,*,#3406,.F.);
#4843=ORIENTED_EDGE('',*,*,#3706,.T.);
#4844=ORIENTED_EDGE('',*,*,#3707,.T.);
#4845=ORIENTED_EDGE('',*,*,#3706,.F.);
#4846=ORIENTED_EDGE('',*,*,#3405,.F.);
#4847=ORIENTED_EDGE('',*,*,#3708,.T.);
#4848=ORIENTED_EDGE('',*,*,#3709,.T.);
#4849=ORIENTED_EDGE('',*,*,#3708,.F.);
#4850=ORIENTED_EDGE('',*,*,#3404,.F.);
#4851=ORIENTED_EDGE('',*,*,#3710,.T.);
#4852=ORIENTED_EDGE('',*,*,#3711,.T.);
#4853=ORIENTED_EDGE('',*,*,#3710,.F.);
#4854=ORIENTED_EDGE('',*,*,#3403,.F.);
#4855=ORIENTED_EDGE('',*,*,#3597,.F.);
#4856=ORIENTED_EDGE('',*,*,#3712,.T.);
#4857=ORIENTED_EDGE('',*,*,#3593,.F.);
#4858=ORIENTED_EDGE('',*,*,#3400,.F.);
#4859=ORIENTED_EDGE('',*,*,#3713,.T.);
#4860=ORIENTED_EDGE('',*,*,#3714,.T.);
#4861=ORIENTED_EDGE('',*,*,#3713,.F.);
#4862=ORIENTED_EDGE('',*,*,#3399,.F.);
#4863=ORIENTED_EDGE('',*,*,#3715,.T.);
#4864=ORIENTED_EDGE('',*,*,#3716,.T.);
#4865=ORIENTED_EDGE('',*,*,#3715,.F.);
#4866=ORIENTED_EDGE('',*,*,#3398,.F.);
#4867=ORIENTED_EDGE('',*,*,#3717,.T.);
#4868=ORIENTED_EDGE('',*,*,#3718,.T.);
#4869=ORIENTED_EDGE('',*,*,#3717,.F.);
#4870=ORIENTED_EDGE('',*,*,#3397,.F.);
#4871=ORIENTED_EDGE('',*,*,#3719,.T.);
#4872=ORIENTED_EDGE('',*,*,#3720,.T.);
#4873=ORIENTED_EDGE('',*,*,#3719,.F.);
#4874=ORIENTED_EDGE('',*,*,#3396,.F.);
#4875=ORIENTED_EDGE('',*,*,#3588,.F.);
#4876=ORIENTED_EDGE('',*,*,#3721,.T.);
#4877=ORIENTED_EDGE('',*,*,#3584,.F.);
#4878=ORIENTED_EDGE('',*,*,#3393,.F.);
#4879=ORIENTED_EDGE('',*,*,#3722,.T.);
#4880=ORIENTED_EDGE('',*,*,#3723,.T.);
#4881=ORIENTED_EDGE('',*,*,#3722,.F.);
#4882=ORIENTED_EDGE('',*,*,#3392,.F.);
#4883=ORIENTED_EDGE('',*,*,#3724,.T.);
#4884=ORIENTED_EDGE('',*,*,#3725,.T.);
#4885=ORIENTED_EDGE('',*,*,#3724,.F.);
#4886=ORIENTED_EDGE('',*,*,#3391,.F.);
#4887=ORIENTED_EDGE('',*,*,#3726,.T.);
#4888=ORIENTED_EDGE('',*,*,#3727,.T.);
#4889=ORIENTED_EDGE('',*,*,#3726,.F.);
#4890=ORIENTED_EDGE('',*,*,#3390,.F.);
#4891=ORIENTED_EDGE('',*,*,#3728,.T.);
#4892=ORIENTED_EDGE('',*,*,#3729,.T.);
#4893=ORIENTED_EDGE('',*,*,#3728,.F.);
#4894=ORIENTED_EDGE('',*,*,#3389,.F.);
#4895=ORIENTED_EDGE('',*,*,#3579,.F.);
#4896=ORIENTED_EDGE('',*,*,#3730,.T.);
#4897=ORIENTED_EDGE('',*,*,#3575,.F.);
#4898=ORIENTED_EDGE('',*,*,#3386,.F.);
#4899=ORIENTED_EDGE('',*,*,#3731,.T.);
#4900=ORIENTED_EDGE('',*,*,#3732,.T.);
#4901=ORIENTED_EDGE('',*,*,#3731,.F.);
#4902=ORIENTED_EDGE('',*,*,#3385,.F.);
#4903=ORIENTED_EDGE('',*,*,#3733,.T.);
#4904=ORIENTED_EDGE('',*,*,#3734,.T.);
#4905=ORIENTED_EDGE('',*,*,#3733,.F.);
#4906=ORIENTED_EDGE('',*,*,#3384,.F.);
#4907=ORIENTED_EDGE('',*,*,#3735,.T.);
#4908=ORIENTED_EDGE('',*,*,#3736,.T.);
#4909=ORIENTED_EDGE('',*,*,#3735,.F.);
#4910=ORIENTED_EDGE('',*,*,#3383,.F.);
#4911=ORIENTED_EDGE('',*,*,#3737,.T.);
#4912=ORIENTED_EDGE('',*,*,#3738,.T.);
#4913=ORIENTED_EDGE('',*,*,#3737,.F.);
#4914=ORIENTED_EDGE('',*,*,#3382,.F.);
#4915=ORIENTED_EDGE('',*,*,#3570,.F.);
#4916=ORIENTED_EDGE('',*,*,#3739,.T.);
#4917=ORIENTED_EDGE('',*,*,#3566,.F.);
#4918=ORIENTED_EDGE('',*,*,#3379,.F.);
#4919=ORIENTED_EDGE('',*,*,#3740,.T.);
#4920=ORIENTED_EDGE('',*,*,#3741,.T.);
#4921=ORIENTED_EDGE('',*,*,#3740,.F.);
#4922=ORIENTED_EDGE('',*,*,#3378,.F.);
#4923=ORIENTED_EDGE('',*,*,#3742,.T.);
#4924=ORIENTED_EDGE('',*,*,#3743,.T.);
#4925=ORIENTED_EDGE('',*,*,#3742,.F.);
#4926=ORIENTED_EDGE('',*,*,#3377,.F.);
#4927=ORIENTED_EDGE('',*,*,#3744,.T.);
#4928=ORIENTED_EDGE('',*,*,#3745,.T.);
#4929=ORIENTED_EDGE('',*,*,#3744,.F.);
#4930=ORIENTED_EDGE('',*,*,#3376,.F.);
#4931=ORIENTED_EDGE('',*,*,#3746,.T.);
#4932=ORIENTED_EDGE('',*,*,#3747,.T.);
#4933=ORIENTED_EDGE('',*,*,#3746,.F.);
#4934=ORIENTED_EDGE('',*,*,#3375,.F.);
#4935=ORIENTED_EDGE('',*,*,#3561,.F.);
#4936=ORIENTED_EDGE('',*,*,#3748,.T.);
#4937=ORIENTED_EDGE('',*,*,#3557,.F.);
#4938=ORIENTED_EDGE('',*,*,#3372,.F.);
#4939=ORIENTED_EDGE('',*,*,#3749,.T.);
#4940=ORIENTED_EDGE('',*,*,#3750,.T.);
#4941=ORIENTED_EDGE('',*,*,#3749,.F.);
#4942=ORIENTED_EDGE('',*,*,#3371,.F.);
#4943=ORIENTED_EDGE('',*,*,#3751,.T.);
#4944=ORIENTED_EDGE('',*,*,#3752,.T.);
#4945=ORIENTED_EDGE('',*,*,#3751,.F.);
#4946=ORIENTED_EDGE('',*,*,#3370,.F.);
#4947=ORIENTED_EDGE('',*,*,#3753,.T.);
#4948=ORIENTED_EDGE('',*,*,#3754,.T.);
#4949=ORIENTED_EDGE('',*,*,#3753,.F.);
#4950=ORIENTED_EDGE('',*,*,#3369,.F.);
#4951=ORIENTED_EDGE('',*,*,#3755,.T.);
#4952=ORIENTED_EDGE('',*,*,#3756,.T.);
#4953=ORIENTED_EDGE('',*,*,#3755,.F.);
#4954=ORIENTED_EDGE('',*,*,#3368,.F.);
#4955=ORIENTED_EDGE('',*,*,#3615,.F.);
#4956=ORIENTED_EDGE('',*,*,#3757,.T.);
#4957=ORIENTED_EDGE('',*,*,#3539,.F.);
#4958=ORIENTED_EDGE('',*,*,#3365,.F.);
#4959=ORIENTED_EDGE('',*,*,#3758,.T.);
#4960=ORIENTED_EDGE('',*,*,#3759,.T.);
#4961=ORIENTED_EDGE('',*,*,#3758,.F.);
#4962=ORIENTED_EDGE('',*,*,#3364,.F.);
#4963=ORIENTED_EDGE('',*,*,#3760,.T.);
#4964=ORIENTED_EDGE('',*,*,#3761,.T.);
#4965=ORIENTED_EDGE('',*,*,#3760,.F.);
#4966=ORIENTED_EDGE('',*,*,#3363,.F.);
#4967=ORIENTED_EDGE('',*,*,#3762,.T.);
#4968=ORIENTED_EDGE('',*,*,#3763,.T.);
#4969=ORIENTED_EDGE('',*,*,#3762,.F.);
#4970=ORIENTED_EDGE('',*,*,#3362,.F.);
#4971=ORIENTED_EDGE('',*,*,#3764,.T.);
#4972=ORIENTED_EDGE('',*,*,#3765,.T.);
#4973=ORIENTED_EDGE('',*,*,#3764,.F.);
#4974=ORIENTED_EDGE('',*,*,#3361,.F.);
#4975=ORIENTED_EDGE('',*,*,#3534,.F.);
#4976=ORIENTED_EDGE('',*,*,#3766,.T.);
#4977=ORIENTED_EDGE('',*,*,#3530,.F.);
#4978=ORIENTED_EDGE('',*,*,#3358,.F.);
#4979=ORIENTED_EDGE('',*,*,#3767,.T.);
#4980=ORIENTED_EDGE('',*,*,#3768,.T.);
#4981=ORIENTED_EDGE('',*,*,#3767,.F.);
#4982=ORIENTED_EDGE('',*,*,#3357,.F.);
#4983=ORIENTED_EDGE('',*,*,#3769,.T.);
#4984=ORIENTED_EDGE('',*,*,#3770,.T.);
#4985=ORIENTED_EDGE('',*,*,#3769,.F.);
#4986=ORIENTED_EDGE('',*,*,#3356,.F.);
#4987=ORIENTED_EDGE('',*,*,#3771,.T.);
#4988=ORIENTED_EDGE('',*,*,#3772,.T.);
#4989=ORIENTED_EDGE('',*,*,#3771,.F.);
#4990=ORIENTED_EDGE('',*,*,#3355,.F.);
#4991=ORIENTED_EDGE('',*,*,#3773,.T.);
#4992=ORIENTED_EDGE('',*,*,#3774,.T.);
#4993=ORIENTED_EDGE('',*,*,#3773,.F.);
#4994=ORIENTED_EDGE('',*,*,#3354,.F.);
#4995=ORIENTED_EDGE('',*,*,#3525,.F.);
#4996=ORIENTED_EDGE('',*,*,#3775,.T.);
#4997=ORIENTED_EDGE('',*,*,#3521,.F.);
#4998=ORIENTED_EDGE('',*,*,#3351,.F.);
#4999=ORIENTED_EDGE('',*,*,#3776,.T.);
#5000=ORIENTED_EDGE('',*,*,#3777,.T.);
#5001=ORIENTED_EDGE('',*,*,#3776,.F.);
#5002=ORIENTED_EDGE('',*,*,#3350,.F.);
#5003=ORIENTED_EDGE('',*,*,#3778,.T.);
#5004=ORIENTED_EDGE('',*,*,#3779,.T.);
#5005=ORIENTED_EDGE('',*,*,#3778,.F.);
#5006=ORIENTED_EDGE('',*,*,#3349,.F.);
#5007=ORIENTED_EDGE('',*,*,#3780,.T.);
#5008=ORIENTED_EDGE('',*,*,#3781,.T.);
#5009=ORIENTED_EDGE('',*,*,#3780,.F.);
#5010=ORIENTED_EDGE('',*,*,#3348,.F.);
#5011=ORIENTED_EDGE('',*,*,#3782,.T.);
#5012=ORIENTED_EDGE('',*,*,#3783,.T.);
#5013=ORIENTED_EDGE('',*,*,#3782,.F.);
#5014=ORIENTED_EDGE('',*,*,#3347,.F.);
#5015=ORIENTED_EDGE('',*,*,#3516,.F.);
#5016=ORIENTED_EDGE('',*,*,#3784,.T.);
#5017=ORIENTED_EDGE('',*,*,#3512,.F.);
#5018=ORIENTED_EDGE('',*,*,#3344,.F.);
#5019=ORIENTED_EDGE('',*,*,#3785,.T.);
#5020=ORIENTED_EDGE('',*,*,#3786,.T.);
#5021=ORIENTED_EDGE('',*,*,#3785,.F.);
#5022=ORIENTED_EDGE('',*,*,#3343,.F.);
#5023=ORIENTED_EDGE('',*,*,#3787,.T.);
#5024=ORIENTED_EDGE('',*,*,#3788,.T.);
#5025=ORIENTED_EDGE('',*,*,#3787,.F.);
#5026=ORIENTED_EDGE('',*,*,#3342,.F.);
#5027=ORIENTED_EDGE('',*,*,#3789,.T.);
#5028=ORIENTED_EDGE('',*,*,#3790,.T.);
#5029=ORIENTED_EDGE('',*,*,#3789,.F.);
#5030=ORIENTED_EDGE('',*,*,#3341,.F.);
#5031=ORIENTED_EDGE('',*,*,#3791,.T.);
#5032=ORIENTED_EDGE('',*,*,#3792,.T.);
#5033=ORIENTED_EDGE('',*,*,#3791,.F.);
#5034=ORIENTED_EDGE('',*,*,#3340,.F.);
#5035=ORIENTED_EDGE('',*,*,#3507,.F.);
#5036=ORIENTED_EDGE('',*,*,#3793,.T.);
#5037=ORIENTED_EDGE('',*,*,#3503,.F.);
#5038=ORIENTED_EDGE('',*,*,#3337,.F.);
#5039=ORIENTED_EDGE('',*,*,#3794,.T.);
#5040=ORIENTED_EDGE('',*,*,#3795,.T.);
#5041=ORIENTED_EDGE('',*,*,#3794,.F.);
#5042=ORIENTED_EDGE('',*,*,#3336,.F.);
#5043=ORIENTED_EDGE('',*,*,#3796,.T.);
#5044=ORIENTED_EDGE('',*,*,#3797,.T.);
#5045=ORIENTED_EDGE('',*,*,#3796,.F.);
#5046=ORIENTED_EDGE('',*,*,#3335,.F.);
#5047=ORIENTED_EDGE('',*,*,#3798,.T.);
#5048=ORIENTED_EDGE('',*,*,#3799,.T.);
#5049=ORIENTED_EDGE('',*,*,#3798,.F.);
#5050=ORIENTED_EDGE('',*,*,#3334,.F.);
#5051=ORIENTED_EDGE('',*,*,#3800,.T.);
#5052=ORIENTED_EDGE('',*,*,#3801,.T.);
#5053=ORIENTED_EDGE('',*,*,#3800,.F.);
#5054=ORIENTED_EDGE('',*,*,#3333,.F.);
#5055=ORIENTED_EDGE('',*,*,#3498,.F.);
#5056=ORIENTED_EDGE('',*,*,#3802,.T.);
#5057=ORIENTED_EDGE('',*,*,#3494,.F.);
#5058=ORIENTED_EDGE('',*,*,#3330,.F.);
#5059=ORIENTED_EDGE('',*,*,#3803,.T.);
#5060=ORIENTED_EDGE('',*,*,#3804,.T.);
#5061=ORIENTED_EDGE('',*,*,#3803,.F.);
#5062=ORIENTED_EDGE('',*,*,#3329,.F.);
#5063=ORIENTED_EDGE('',*,*,#3805,.T.);
#5064=ORIENTED_EDGE('',*,*,#3806,.T.);
#5065=ORIENTED_EDGE('',*,*,#3805,.F.);
#5066=ORIENTED_EDGE('',*,*,#3328,.F.);
#5067=ORIENTED_EDGE('',*,*,#3807,.T.);
#5068=ORIENTED_EDGE('',*,*,#3808,.T.);
#5069=ORIENTED_EDGE('',*,*,#3807,.F.);
#5070=ORIENTED_EDGE('',*,*,#3327,.F.);
#5071=ORIENTED_EDGE('',*,*,#3809,.T.);
#5072=ORIENTED_EDGE('',*,*,#3810,.T.);
#5073=ORIENTED_EDGE('',*,*,#3809,.F.);
#5074=ORIENTED_EDGE('',*,*,#3326,.F.);
#5075=ORIENTED_EDGE('',*,*,#3552,.F.);
#5076=ORIENTED_EDGE('',*,*,#3811,.T.);
#5077=ORIENTED_EDGE('',*,*,#3548,.F.);
#5078=ORIENTED_EDGE('',*,*,#3323,.F.);
#5079=ORIENTED_EDGE('',*,*,#3812,.T.);
#5080=ORIENTED_EDGE('',*,*,#3813,.T.);
#5081=ORIENTED_EDGE('',*,*,#3812,.F.);
#5082=ORIENTED_EDGE('',*,*,#3322,.F.);
#5083=ORIENTED_EDGE('',*,*,#3814,.T.);
#5084=ORIENTED_EDGE('',*,*,#3815,.T.);
#5085=ORIENTED_EDGE('',*,*,#3814,.F.);
#5086=ORIENTED_EDGE('',*,*,#3321,.F.);
#5087=ORIENTED_EDGE('',*,*,#3816,.T.);
#5088=ORIENTED_EDGE('',*,*,#3817,.T.);
#5089=ORIENTED_EDGE('',*,*,#3816,.F.);
#5090=ORIENTED_EDGE('',*,*,#3320,.F.);
#5091=ORIENTED_EDGE('',*,*,#3818,.T.);
#5092=ORIENTED_EDGE('',*,*,#3819,.T.);
#5093=ORIENTED_EDGE('',*,*,#3818,.F.);
#5094=ORIENTED_EDGE('',*,*,#3319,.F.);
#5095=ORIENTED_EDGE('',*,*,#3543,.F.);
#5096=ORIENTED_EDGE('',*,*,#3820,.T.);
#5097=ORIENTED_EDGE('',*,*,#3461,.F.);
#5098=ORIENTED_EDGE('',*,*,#3316,.F.);
#5099=ORIENTED_EDGE('',*,*,#3821,.T.);
#5100=ORIENTED_EDGE('',*,*,#3822,.T.);
#5101=ORIENTED_EDGE('',*,*,#3821,.F.);
#5102=ORIENTED_EDGE('',*,*,#3315,.F.);
#5103=ORIENTED_EDGE('',*,*,#3823,.T.);
#5104=ORIENTED_EDGE('',*,*,#3824,.T.);
#5105=ORIENTED_EDGE('',*,*,#3823,.F.);
#5106=ORIENTED_EDGE('',*,*,#3314,.F.);
#5107=ORIENTED_EDGE('',*,*,#3825,.T.);
#5108=ORIENTED_EDGE('',*,*,#3826,.T.);
#5109=ORIENTED_EDGE('',*,*,#3825,.F.);
#5110=ORIENTED_EDGE('',*,*,#3313,.F.);
#5111=ORIENTED_EDGE('',*,*,#3827,.T.);
#5112=ORIENTED_EDGE('',*,*,#3828,.T.);
#5113=ORIENTED_EDGE('',*,*,#3827,.F.);
#5114=ORIENTED_EDGE('',*,*,#3312,.F.);
#5115=ORIENTED_EDGE('',*,*,#3456,.F.);
#5116=ORIENTED_EDGE('',*,*,#3829,.T.);
#5117=ORIENTED_EDGE('',*,*,#3452,.F.);
#5118=ORIENTED_EDGE('',*,*,#3309,.F.);
#5119=ORIENTED_EDGE('',*,*,#3830,.T.);
#5120=ORIENTED_EDGE('',*,*,#3831,.T.);
#5121=ORIENTED_EDGE('',*,*,#3830,.F.);
#5122=ORIENTED_EDGE('',*,*,#3308,.F.);
#5123=ORIENTED_EDGE('',*,*,#3832,.T.);
#5124=ORIENTED_EDGE('',*,*,#3833,.T.);
#5125=ORIENTED_EDGE('',*,*,#3832,.F.);
#5126=ORIENTED_EDGE('',*,*,#3307,.F.);
#5127=ORIENTED_EDGE('',*,*,#3834,.T.);
#5128=ORIENTED_EDGE('',*,*,#3835,.T.);
#5129=ORIENTED_EDGE('',*,*,#3834,.F.);
#5130=ORIENTED_EDGE('',*,*,#3306,.F.);
#5131=ORIENTED_EDGE('',*,*,#3836,.T.);
#5132=ORIENTED_EDGE('',*,*,#3837,.T.);
#5133=ORIENTED_EDGE('',*,*,#3836,.F.);
#5134=ORIENTED_EDGE('',*,*,#3305,.F.);
#5135=ORIENTED_EDGE('',*,*,#3447,.F.);
#5136=ORIENTED_EDGE('',*,*,#3838,.T.);
#5137=ORIENTED_EDGE('',*,*,#3443,.F.);
#5138=ORIENTED_EDGE('',*,*,#3302,.F.);
#5139=ORIENTED_EDGE('',*,*,#3839,.T.);
#5140=ORIENTED_EDGE('',*,*,#3840,.T.);
#5141=ORIENTED_EDGE('',*,*,#3839,.F.);
#5142=ORIENTED_EDGE('',*,*,#3301,.F.);
#5143=ORIENTED_EDGE('',*,*,#3841,.T.);
#5144=ORIENTED_EDGE('',*,*,#3842,.T.);
#5145=ORIENTED_EDGE('',*,*,#3841,.F.);
#5146=ORIENTED_EDGE('',*,*,#3300,.F.);
#5147=ORIENTED_EDGE('',*,*,#3843,.T.);
#5148=ORIENTED_EDGE('',*,*,#3844,.T.);
#5149=ORIENTED_EDGE('',*,*,#3843,.F.);
#5150=ORIENTED_EDGE('',*,*,#3299,.F.);
#5151=ORIENTED_EDGE('',*,*,#3845,.T.);
#5152=ORIENTED_EDGE('',*,*,#3846,.T.);
#5153=ORIENTED_EDGE('',*,*,#3845,.F.);
#5154=ORIENTED_EDGE('',*,*,#3298,.F.);
#5155=ORIENTED_EDGE('',*,*,#3438,.F.);
#5156=ORIENTED_EDGE('',*,*,#3847,.T.);
#5157=ORIENTED_EDGE('',*,*,#3434,.F.);
#5158=ORIENTED_EDGE('',*,*,#3295,.F.);
#5159=ORIENTED_EDGE('',*,*,#3848,.T.);
#5160=ORIENTED_EDGE('',*,*,#3849,.T.);
#5161=ORIENTED_EDGE('',*,*,#3848,.F.);
#5162=ORIENTED_EDGE('',*,*,#3294,.F.);
#5163=ORIENTED_EDGE('',*,*,#3850,.T.);
#5164=ORIENTED_EDGE('',*,*,#3851,.T.);
#5165=ORIENTED_EDGE('',*,*,#3850,.F.);
#5166=ORIENTED_EDGE('',*,*,#3293,.F.);
#5167=ORIENTED_EDGE('',*,*,#3852,.T.);
#5168=ORIENTED_EDGE('',*,*,#3853,.T.);
#5169=ORIENTED_EDGE('',*,*,#3852,.F.);
#5170=ORIENTED_EDGE('',*,*,#3292,.F.);
#5171=ORIENTED_EDGE('',*,*,#3854,.T.);
#5172=ORIENTED_EDGE('',*,*,#3855,.T.);
#5173=ORIENTED_EDGE('',*,*,#3854,.F.);
#5174=ORIENTED_EDGE('',*,*,#3291,.F.);
#5175=ORIENTED_EDGE('',*,*,#3429,.F.);
#5176=ORIENTED_EDGE('',*,*,#3856,.T.);
#5177=ORIENTED_EDGE('',*,*,#3488,.F.);
#5178=ORIENTED_EDGE('',*,*,#3288,.F.);
#5179=ORIENTED_EDGE('',*,*,#3857,.T.);
#5180=ORIENTED_EDGE('',*,*,#3858,.T.);
#5181=ORIENTED_EDGE('',*,*,#3857,.F.);
#5182=ORIENTED_EDGE('',*,*,#3287,.F.);
#5183=ORIENTED_EDGE('',*,*,#3859,.T.);
#5184=ORIENTED_EDGE('',*,*,#3860,.T.);
#5185=ORIENTED_EDGE('',*,*,#3859,.F.);
#5186=ORIENTED_EDGE('',*,*,#3286,.F.);
#5187=ORIENTED_EDGE('',*,*,#3861,.T.);
#5188=ORIENTED_EDGE('',*,*,#3862,.T.);
#5189=ORIENTED_EDGE('',*,*,#3861,.F.);
#5190=ORIENTED_EDGE('',*,*,#3285,.F.);
#5191=ORIENTED_EDGE('',*,*,#3863,.T.);
#5192=ORIENTED_EDGE('',*,*,#3864,.T.);
#5193=ORIENTED_EDGE('',*,*,#3863,.F.);
#5194=ORIENTED_EDGE('',*,*,#3284,.F.);
#5195=ORIENTED_EDGE('',*,*,#3483,.F.);
#5196=ORIENTED_EDGE('',*,*,#3865,.T.);
#5197=ORIENTED_EDGE('',*,*,#3479,.F.);
#5198=ORIENTED_EDGE('',*,*,#3281,.F.);
#5199=ORIENTED_EDGE('',*,*,#3866,.T.);
#5200=ORIENTED_EDGE('',*,*,#3867,.T.);
#5201=ORIENTED_EDGE('',*,*,#3866,.F.);
#5202=ORIENTED_EDGE('',*,*,#3280,.F.);
#5203=ORIENTED_EDGE('',*,*,#3868,.T.);
#5204=ORIENTED_EDGE('',*,*,#3869,.T.);
#5205=ORIENTED_EDGE('',*,*,#3868,.F.);
#5206=ORIENTED_EDGE('',*,*,#3279,.F.);
#5207=ORIENTED_EDGE('',*,*,#3870,.T.);
#5208=ORIENTED_EDGE('',*,*,#3871,.T.);
#5209=ORIENTED_EDGE('',*,*,#3870,.F.);
#5210=ORIENTED_EDGE('',*,*,#3278,.F.);
#5211=ORIENTED_EDGE('',*,*,#3872,.T.);
#5212=ORIENTED_EDGE('',*,*,#3873,.T.);
#5213=ORIENTED_EDGE('',*,*,#3872,.F.);
#5214=ORIENTED_EDGE('',*,*,#3277,.F.);
#5215=ORIENTED_EDGE('',*,*,#3474,.F.);
#5216=ORIENTED_EDGE('',*,*,#3874,.T.);
#5217=ORIENTED_EDGE('',*,*,#3470,.F.);
#5218=ORIENTED_EDGE('',*,*,#3274,.F.);
#5219=ORIENTED_EDGE('',*,*,#3875,.T.);
#5220=ORIENTED_EDGE('',*,*,#3876,.T.);
#5221=ORIENTED_EDGE('',*,*,#3875,.F.);
#5222=ORIENTED_EDGE('',*,*,#3273,.F.);
#5223=ORIENTED_EDGE('',*,*,#3877,.T.);
#5224=ORIENTED_EDGE('',*,*,#3878,.T.);
#5225=ORIENTED_EDGE('',*,*,#3877,.F.);
#5226=ORIENTED_EDGE('',*,*,#3272,.F.);
#5227=ORIENTED_EDGE('',*,*,#3879,.T.);
#5228=ORIENTED_EDGE('',*,*,#3880,.T.);
#5229=ORIENTED_EDGE('',*,*,#3879,.F.);
#5230=ORIENTED_EDGE('',*,*,#3271,.F.);
#5231=ORIENTED_EDGE('',*,*,#3881,.T.);
#5232=ORIENTED_EDGE('',*,*,#3882,.T.);
#5233=ORIENTED_EDGE('',*,*,#3881,.F.);
#5234=ORIENTED_EDGE('',*,*,#3270,.F.);
#5235=ORIENTED_EDGE('',*,*,#3465,.F.);
#5236=ORIENTED_EDGE('',*,*,#3883,.T.);
#5237=ORIENTED_EDGE('',*,*,#3638,.F.);
#5238=ORIENTED_EDGE('',*,*,#3267,.F.);
#5239=ORIENTED_EDGE('',*,*,#3884,.T.);
#5240=ORIENTED_EDGE('',*,*,#3885,.T.);
#5241=ORIENTED_EDGE('',*,*,#3884,.F.);
#5242=ORIENTED_EDGE('',*,*,#3266,.F.);
#5243=ORIENTED_EDGE('',*,*,#3096,.T.);
#5244=ORIENTED_EDGE('',*,*,#3886,.T.);
#5245=ORIENTED_EDGE('',*,*,#3094,.F.);
#5246=ORIENTED_EDGE('',*,*,#3265,.F.);
#5247=ORIENTED_EDGE('',*,*,#3887,.T.);
#5248=ORIENTED_EDGE('',*,*,#3888,.T.);
#5249=ORIENTED_EDGE('',*,*,#3887,.F.);
#5250=ORIENTED_EDGE('',*,*,#3264,.F.);
#5251=ORIENTED_EDGE('',*,*,#3633,.F.);
#5252=ORIENTED_EDGE('',*,*,#3889,.T.);
#5253=ORIENTED_EDGE('',*,*,#3629,.F.);
#5254=ORIENTED_EDGE('',*,*,#3261,.F.);
#5255=ORIENTED_EDGE('',*,*,#3890,.T.);
#5256=ORIENTED_EDGE('',*,*,#3891,.T.);
#5257=ORIENTED_EDGE('',*,*,#3890,.F.);
#5258=ORIENTED_EDGE('',*,*,#3260,.F.);
#5259=ORIENTED_EDGE('',*,*,#3100,.T.);
#5260=ORIENTED_EDGE('',*,*,#3892,.T.);
#5261=ORIENTED_EDGE('',*,*,#3098,.F.);
#5262=ORIENTED_EDGE('',*,*,#3259,.F.);
#5263=ORIENTED_EDGE('',*,*,#3893,.T.);
#5264=ORIENTED_EDGE('',*,*,#3894,.T.);
#5265=ORIENTED_EDGE('',*,*,#3893,.F.);
#5266=ORIENTED_EDGE('',*,*,#3258,.F.);
#5267=ORIENTED_EDGE('',*,*,#3624,.F.);
#5268=ORIENTED_EDGE('',*,*,#3895,.T.);
#5269=ORIENTED_EDGE('',*,*,#3620,.F.);
#5270=ORIENTED_EDGE('',*,*,#3255,.F.);
#5271=ORIENTED_EDGE('',*,*,#3896,.T.);
#5272=ORIENTED_EDGE('',*,*,#3897,.T.);
#5273=ORIENTED_EDGE('',*,*,#3896,.F.);
#5274=ORIENTED_EDGE('',*,*,#3254,.F.);
#5275=ORIENTED_EDGE('',*,*,#3104,.T.);
#5276=ORIENTED_EDGE('',*,*,#3898,.T.);
#5277=ORIENTED_EDGE('',*,*,#3102,.F.);
#5278=ORIENTED_EDGE('',*,*,#3253,.F.);
#5279=ORIENTED_EDGE('',*,*,#3899,.T.);
#5280=ORIENTED_EDGE('',*,*,#3900,.T.);
#5281=ORIENTED_EDGE('',*,*,#3899,.F.);
#5282=ORIENTED_EDGE('',*,*,#3252,.F.);
#5283=ORIENTED_EDGE('',*,*,#3678,.F.);
#5284=ORIENTED_EDGE('',*,*,#3901,.T.);
#5285=ORIENTED_EDGE('',*,*,#3674,.F.);
#5286=ORIENTED_EDGE('',*,*,#3249,.F.);
#5287=ORIENTED_EDGE('',*,*,#3902,.T.);
#5288=ORIENTED_EDGE('',*,*,#3903,.T.);
#5289=ORIENTED_EDGE('',*,*,#3902,.F.);
#5290=ORIENTED_EDGE('',*,*,#3248,.F.);
#5291=ORIENTED_EDGE('',*,*,#3108,.T.);
#5292=ORIENTED_EDGE('',*,*,#3904,.T.);
#5293=ORIENTED_EDGE('',*,*,#3106,.F.);
#5294=ORIENTED_EDGE('',*,*,#3247,.F.);
#5295=ORIENTED_EDGE('',*,*,#3905,.T.);
#5296=ORIENTED_EDGE('',*,*,#3906,.T.);
#5297=ORIENTED_EDGE('',*,*,#3905,.F.);
#5298=ORIENTED_EDGE('',*,*,#3246,.F.);
#5299=ORIENTED_EDGE('',*,*,#3669,.F.);
#5300=ORIENTED_EDGE('',*,*,#3907,.T.);
#5301=ORIENTED_EDGE('',*,*,#3665,.F.);
#5302=ORIENTED_EDGE('',*,*,#3243,.F.);
#5303=ORIENTED_EDGE('',*,*,#3908,.T.);
#5304=ORIENTED_EDGE('',*,*,#3909,.T.);
#5305=ORIENTED_EDGE('',*,*,#3908,.F.);
#5306=ORIENTED_EDGE('',*,*,#3242,.F.);
#5307=ORIENTED_EDGE('',*,*,#3112,.T.);
#5308=ORIENTED_EDGE('',*,*,#3910,.T.);
#5309=ORIENTED_EDGE('',*,*,#3110,.F.);
#5310=ORIENTED_EDGE('',*,*,#3241,.F.);
#5311=ORIENTED_EDGE('',*,*,#3911,.T.);
#5312=ORIENTED_EDGE('',*,*,#3912,.T.);
#5313=ORIENTED_EDGE('',*,*,#3911,.F.);
#5314=ORIENTED_EDGE('',*,*,#3240,.F.);
#5315=ORIENTED_EDGE('',*,*,#3660,.F.);
#5316=ORIENTED_EDGE('',*,*,#3851,.F.);
#5317=ORIENTED_EDGE('',*,*,#3853,.F.);
#5318=ORIENTED_EDGE('',*,*,#3855,.F.);
#5319=ORIENTED_EDGE('',*,*,#3428,.F.);
#5320=ORIENTED_EDGE('',*,*,#3913,.F.);
#5321=ORIENTED_EDGE('',*,*,#3435,.F.);
#5322=ORIENTED_EDGE('',*,*,#3847,.F.);
#5323=ORIENTED_EDGE('',*,*,#3849,.F.);
#5324=ORIENTED_EDGE('',*,*,#3432,.F.);
#5325=ORIENTED_EDGE('',*,*,#3436,.F.);
#5326=ORIENTED_EDGE('',*,*,#3913,.T.);
#5327=ORIENTED_EDGE('',*,*,#3431,.F.);
#5328=ORIENTED_EDGE('',*,*,#3842,.F.);
#5329=ORIENTED_EDGE('',*,*,#3844,.F.);
#5330=ORIENTED_EDGE('',*,*,#3846,.F.);
#5331=ORIENTED_EDGE('',*,*,#3437,.F.);
#5332=ORIENTED_EDGE('',*,*,#3914,.F.);
#5333=ORIENTED_EDGE('',*,*,#3444,.F.);
#5334=ORIENTED_EDGE('',*,*,#3838,.F.);
#5335=ORIENTED_EDGE('',*,*,#3840,.F.);
#5336=ORIENTED_EDGE('',*,*,#3441,.F.);
#5337=ORIENTED_EDGE('',*,*,#3445,.F.);
#5338=ORIENTED_EDGE('',*,*,#3914,.T.);
#5339=ORIENTED_EDGE('',*,*,#3440,.F.);
#5340=ORIENTED_EDGE('',*,*,#3833,.F.);
#5341=ORIENTED_EDGE('',*,*,#3835,.F.);
#5342=ORIENTED_EDGE('',*,*,#3837,.F.);
#5343=ORIENTED_EDGE('',*,*,#3446,.F.);
#5344=ORIENTED_EDGE('',*,*,#3915,.F.);
#5345=ORIENTED_EDGE('',*,*,#3453,.F.);
#5346=ORIENTED_EDGE('',*,*,#3829,.F.);
#5347=ORIENTED_EDGE('',*,*,#3831,.F.);
#5348=ORIENTED_EDGE('',*,*,#3450,.F.);
#5349=ORIENTED_EDGE('',*,*,#3454,.F.);
#5350=ORIENTED_EDGE('',*,*,#3915,.T.);
#5351=ORIENTED_EDGE('',*,*,#3449,.F.);
#5352=ORIENTED_EDGE('',*,*,#3822,.F.);
#5353=ORIENTED_EDGE('',*,*,#3824,.F.);
#5354=ORIENTED_EDGE('',*,*,#3826,.F.);
#5355=ORIENTED_EDGE('',*,*,#3828,.F.);
#5356=ORIENTED_EDGE('',*,*,#3455,.F.);
#5357=ORIENTED_EDGE('',*,*,#3916,.F.);
#5358=ORIENTED_EDGE('',*,*,#3462,.F.);
#5359=ORIENTED_EDGE('',*,*,#3820,.F.);
#5360=ORIENTED_EDGE('',*,*,#3459,.F.);
#5361=ORIENTED_EDGE('',*,*,#3463,.F.);
#5362=ORIENTED_EDGE('',*,*,#3916,.T.);
#5363=ORIENTED_EDGE('',*,*,#3458,.F.);
#5364=ORIENTED_EDGE('',*,*,#3878,.F.);
#5365=ORIENTED_EDGE('',*,*,#3880,.F.);
#5366=ORIENTED_EDGE('',*,*,#3882,.F.);
#5367=ORIENTED_EDGE('',*,*,#3464,.F.);
#5368=ORIENTED_EDGE('',*,*,#3917,.F.);
#5369=ORIENTED_EDGE('',*,*,#3471,.F.);
#5370=ORIENTED_EDGE('',*,*,#3874,.F.);
#5371=ORIENTED_EDGE('',*,*,#3876,.F.);
#5372=ORIENTED_EDGE('',*,*,#3469,.F.);
#5373=ORIENTED_EDGE('',*,*,#3472,.F.);
#5374=ORIENTED_EDGE('',*,*,#3917,.T.);
#5375=ORIENTED_EDGE('',*,*,#3467,.F.);
#5376=ORIENTED_EDGE('',*,*,#3869,.F.);
#5377=ORIENTED_EDGE('',*,*,#3871,.F.);
#5378=ORIENTED_EDGE('',*,*,#3873,.F.);
#5379=ORIENTED_EDGE('',*,*,#3473,.F.);
#5380=ORIENTED_EDGE('',*,*,#3918,.F.);
#5381=ORIENTED_EDGE('',*,*,#3480,.F.);
#5382=ORIENTED_EDGE('',*,*,#3865,.F.);
#5383=ORIENTED_EDGE('',*,*,#3867,.F.);
#5384=ORIENTED_EDGE('',*,*,#3478,.F.);
#5385=ORIENTED_EDGE('',*,*,#3481,.F.);
#5386=ORIENTED_EDGE('',*,*,#3918,.T.);
#5387=ORIENTED_EDGE('',*,*,#3476,.F.);
#5388=ORIENTED_EDGE('',*,*,#3860,.F.);
#5389=ORIENTED_EDGE('',*,*,#3862,.F.);
#5390=ORIENTED_EDGE('',*,*,#3864,.F.);
#5391=ORIENTED_EDGE('',*,*,#3482,.F.);
#5392=ORIENTED_EDGE('',*,*,#3919,.F.);
#5393=ORIENTED_EDGE('',*,*,#3489,.F.);
#5394=ORIENTED_EDGE('',*,*,#3856,.F.);
#5395=ORIENTED_EDGE('',*,*,#3858,.F.);
#5396=ORIENTED_EDGE('',*,*,#3487,.F.);
#5397=ORIENTED_EDGE('',*,*,#3490,.F.);
#5398=ORIENTED_EDGE('',*,*,#3919,.T.);
#5399=ORIENTED_EDGE('',*,*,#3485,.F.);
#5400=ORIENTED_EDGE('',*,*,#3491,.F.);
#5401=ORIENTED_EDGE('',*,*,#3496,.F.);
#5402=ORIENTED_EDGE('',*,*,#3920,.T.);
#5403=ORIENTED_EDGE('',*,*,#3553,.F.);
#5404=ORIENTED_EDGE('',*,*,#3551,.F.);
#5405=ORIENTED_EDGE('',*,*,#3920,.F.);
#5406=ORIENTED_EDGE('',*,*,#3495,.F.);
#5407=ORIENTED_EDGE('',*,*,#3802,.F.);
#5408=ORIENTED_EDGE('',*,*,#3804,.F.);
#5409=ORIENTED_EDGE('',*,*,#3806,.F.);
#5410=ORIENTED_EDGE('',*,*,#3808,.F.);
#5411=ORIENTED_EDGE('',*,*,#3810,.F.);
#5412=ORIENTED_EDGE('',*,*,#3921,.T.);
#5413=ORIENTED_EDGE('',*,*,#3504,.F.);
#5414=ORIENTED_EDGE('',*,*,#3793,.F.);
#5415=ORIENTED_EDGE('',*,*,#3795,.F.);
#5416=ORIENTED_EDGE('',*,*,#3797,.F.);
#5417=ORIENTED_EDGE('',*,*,#3799,.F.);
#5418=ORIENTED_EDGE('',*,*,#3801,.F.);
#5419=ORIENTED_EDGE('',*,*,#3497,.F.);
#5420=ORIENTED_EDGE('',*,*,#3502,.F.);
#5421=ORIENTED_EDGE('',*,*,#3505,.F.);
#5422=ORIENTED_EDGE('',*,*,#3921,.F.);
#5423=ORIENTED_EDGE('',*,*,#3500,.F.);
#5424=ORIENTED_EDGE('',*,*,#3506,.F.);
#5425=ORIENTED_EDGE('',*,*,#3922,.F.);
#5426=ORIENTED_EDGE('',*,*,#3513,.F.);
#5427=ORIENTED_EDGE('',*,*,#3784,.F.);
#5428=ORIENTED_EDGE('',*,*,#3786,.F.);
#5429=ORIENTED_EDGE('',*,*,#3788,.F.);
#5430=ORIENTED_EDGE('',*,*,#3790,.F.);
#5431=ORIENTED_EDGE('',*,*,#3792,.F.);
#5432=ORIENTED_EDGE('',*,*,#3511,.F.);
#5433=ORIENTED_EDGE('',*,*,#3514,.F.);
#5434=ORIENTED_EDGE('',*,*,#3922,.T.);
#5435=ORIENTED_EDGE('',*,*,#3509,.F.);
#5436=ORIENTED_EDGE('',*,*,#3923,.T.);
#5437=ORIENTED_EDGE('',*,*,#3522,.F.);
#5438=ORIENTED_EDGE('',*,*,#3775,.F.);
#5439=ORIENTED_EDGE('',*,*,#3777,.F.);
#5440=ORIENTED_EDGE('',*,*,#3779,.F.);
#5441=ORIENTED_EDGE('',*,*,#3781,.F.);
#5442=ORIENTED_EDGE('',*,*,#3783,.F.);
#5443=ORIENTED_EDGE('',*,*,#3515,.F.);
#5444=ORIENTED_EDGE('',*,*,#3519,.F.);
#5445=ORIENTED_EDGE('',*,*,#3523,.F.);
#5446=ORIENTED_EDGE('',*,*,#3923,.F.);
#5447=ORIENTED_EDGE('',*,*,#3518,.F.);
#5448=ORIENTED_EDGE('',*,*,#3774,.F.);
#5449=ORIENTED_EDGE('',*,*,#3524,.F.);
#5450=ORIENTED_EDGE('',*,*,#3924,.F.);
#5451=ORIENTED_EDGE('',*,*,#3531,.F.);
#5452=ORIENTED_EDGE('',*,*,#3766,.F.);
#5453=ORIENTED_EDGE('',*,*,#3768,.F.);
#5454=ORIENTED_EDGE('',*,*,#3770,.F.);
#5455=ORIENTED_EDGE('',*,*,#3772,.F.);
#5456=ORIENTED_EDGE('',*,*,#3528,.F.);
#5457=ORIENTED_EDGE('',*,*,#3532,.F.);
#5458=ORIENTED_EDGE('',*,*,#3924,.T.);
#5459=ORIENTED_EDGE('',*,*,#3527,.F.);
#5460=ORIENTED_EDGE('',*,*,#3765,.F.);
#5461=ORIENTED_EDGE('',*,*,#3533,.F.);
#5462=ORIENTED_EDGE('',*,*,#3925,.F.);
#5463=ORIENTED_EDGE('',*,*,#3540,.F.);
#5464=ORIENTED_EDGE('',*,*,#3757,.F.);
#5465=ORIENTED_EDGE('',*,*,#3759,.F.);
#5466=ORIENTED_EDGE('',*,*,#3761,.F.);
#5467=ORIENTED_EDGE('',*,*,#3763,.F.);
#5468=ORIENTED_EDGE('',*,*,#3537,.F.);
#5469=ORIENTED_EDGE('',*,*,#3541,.F.);
#5470=ORIENTED_EDGE('',*,*,#3925,.T.);
#5471=ORIENTED_EDGE('',*,*,#3536,.F.);
#5472=ORIENTED_EDGE('',*,*,#3926,.T.);
#5473=ORIENTED_EDGE('',*,*,#3549,.F.);
#5474=ORIENTED_EDGE('',*,*,#3811,.F.);
#5475=ORIENTED_EDGE('',*,*,#3813,.F.);
#5476=ORIENTED_EDGE('',*,*,#3815,.F.);
#5477=ORIENTED_EDGE('',*,*,#3817,.F.);
#5478=ORIENTED_EDGE('',*,*,#3819,.F.);
#5479=ORIENTED_EDGE('',*,*,#3542,.F.);
#5480=ORIENTED_EDGE('',*,*,#3547,.F.);
#5481=ORIENTED_EDGE('',*,*,#3550,.F.);
#5482=ORIENTED_EDGE('',*,*,#3926,.F.);
#5483=ORIENTED_EDGE('',*,*,#3545,.F.);
#5484=ORIENTED_EDGE('',*,*,#3554,.F.);
#5485=ORIENTED_EDGE('',*,*,#3559,.F.);
#5486=ORIENTED_EDGE('',*,*,#3927,.T.);
#5487=ORIENTED_EDGE('',*,*,#3616,.F.);
#5488=ORIENTED_EDGE('',*,*,#3927,.F.);
#5489=ORIENTED_EDGE('',*,*,#3558,.F.);
#5490=ORIENTED_EDGE('',*,*,#3748,.F.);
#5491=ORIENTED_EDGE('',*,*,#3750,.F.);
#5492=ORIENTED_EDGE('',*,*,#3752,.F.);
#5493=ORIENTED_EDGE('',*,*,#3754,.F.);
#5494=ORIENTED_EDGE('',*,*,#3756,.F.);
#5495=ORIENTED_EDGE('',*,*,#3614,.F.);
#5496=ORIENTED_EDGE('',*,*,#3928,.F.);
#5497=ORIENTED_EDGE('',*,*,#3567,.F.);
#5498=ORIENTED_EDGE('',*,*,#3739,.F.);
#5499=ORIENTED_EDGE('',*,*,#3741,.F.);
#5500=ORIENTED_EDGE('',*,*,#3743,.F.);
#5501=ORIENTED_EDGE('',*,*,#3745,.F.);
#5502=ORIENTED_EDGE('',*,*,#3747,.F.);
#5503=ORIENTED_EDGE('',*,*,#3560,.F.);
#5504=ORIENTED_EDGE('',*,*,#3564,.F.);
#5505=ORIENTED_EDGE('',*,*,#3568,.F.);
#5506=ORIENTED_EDGE('',*,*,#3928,.T.);
#5507=ORIENTED_EDGE('',*,*,#3563,.F.);
#5508=ORIENTED_EDGE('',*,*,#3929,.F.);
#5509=ORIENTED_EDGE('',*,*,#3576,.F.);
#5510=ORIENTED_EDGE('',*,*,#3730,.F.);
#5511=ORIENTED_EDGE('',*,*,#3732,.F.);
#5512=ORIENTED_EDGE('',*,*,#3734,.F.);
#5513=ORIENTED_EDGE('',*,*,#3736,.F.);
#5514=ORIENTED_EDGE('',*,*,#3738,.F.);
#5515=ORIENTED_EDGE('',*,*,#3569,.F.);
#5516=ORIENTED_EDGE('',*,*,#3573,.F.);
#5517=ORIENTED_EDGE('',*,*,#3577,.F.);
#5518=ORIENTED_EDGE('',*,*,#3929,.T.);
#5519=ORIENTED_EDGE('',*,*,#3572,.F.);
#5520=ORIENTED_EDGE('',*,*,#3930,.T.);
#5521=ORIENTED_EDGE('',*,*,#3585,.F.);
#5522=ORIENTED_EDGE('',*,*,#3721,.F.);
#5523=ORIENTED_EDGE('',*,*,#3723,.F.);
#5524=ORIENTED_EDGE('',*,*,#3725,.F.);
#5525=ORIENTED_EDGE('',*,*,#3727,.F.);
#5526=ORIENTED_EDGE('',*,*,#3729,.F.);
#5527=ORIENTED_EDGE('',*,*,#3578,.F.);
#5528=ORIENTED_EDGE('',*,*,#3582,.F.);
#5529=ORIENTED_EDGE('',*,*,#3586,.F.);
#5530=ORIENTED_EDGE('',*,*,#3930,.F.);
#5531=ORIENTED_EDGE('',*,*,#3581,.F.);
#5532=ORIENTED_EDGE('',*,*,#3714,.F.);
#5533=ORIENTED_EDGE('',*,*,#3716,.F.);
#5534=ORIENTED_EDGE('',*,*,#3718,.F.);
#5535=ORIENTED_EDGE('',*,*,#3720,.F.);
#5536=ORIENTED_EDGE('',*,*,#3587,.F.);
#5537=ORIENTED_EDGE('',*,*,#3931,.F.);
#5538=ORIENTED_EDGE('',*,*,#3594,.F.);
#5539=ORIENTED_EDGE('',*,*,#3712,.F.);
#5540=ORIENTED_EDGE('',*,*,#3591,.F.);
#5541=ORIENTED_EDGE('',*,*,#3595,.F.);
#5542=ORIENTED_EDGE('',*,*,#3931,.T.);
#5543=ORIENTED_EDGE('',*,*,#3590,.F.);
#5544=ORIENTED_EDGE('',*,*,#3711,.F.);
#5545=ORIENTED_EDGE('',*,*,#3596,.F.);
#5546=ORIENTED_EDGE('',*,*,#3932,.F.);
#5547=ORIENTED_EDGE('',*,*,#3603,.F.);
#5548=ORIENTED_EDGE('',*,*,#3703,.F.);
#5549=ORIENTED_EDGE('',*,*,#3705,.F.);
#5550=ORIENTED_EDGE('',*,*,#3707,.F.);
#5551=ORIENTED_EDGE('',*,*,#3709,.F.);
#5552=ORIENTED_EDGE('',*,*,#3601,.F.);
#5553=ORIENTED_EDGE('',*,*,#3604,.F.);
#5554=ORIENTED_EDGE('',*,*,#3932,.T.);
#5555=ORIENTED_EDGE('',*,*,#3599,.F.);
#5556=ORIENTED_EDGE('',*,*,#3699,.F.);
#5557=ORIENTED_EDGE('',*,*,#3700,.F.);
#5558=ORIENTED_EDGE('',*,*,#3702,.F.);
#5559=ORIENTED_EDGE('',*,*,#3605,.F.);
#5560=ORIENTED_EDGE('',*,*,#3933,.F.);
#5561=ORIENTED_EDGE('',*,*,#3612,.F.);
#5562=ORIENTED_EDGE('',*,*,#3692,.F.);
#5563=ORIENTED_EDGE('',*,*,#3694,.F.);
#5564=ORIENTED_EDGE('',*,*,#3697,.T.);
#5565=ORIENTED_EDGE('',*,*,#3609,.F.);
#5566=ORIENTED_EDGE('',*,*,#3613,.F.);
#5567=ORIENTED_EDGE('',*,*,#3933,.T.);
#5568=ORIENTED_EDGE('',*,*,#3608,.F.);
#5569=ORIENTED_EDGE('',*,*,#3617,.F.);
#5570=ORIENTED_EDGE('',*,*,#3622,.F.);
#5571=ORIENTED_EDGE('',*,*,#3934,.T.);
#5572=ORIENTED_EDGE('',*,*,#3679,.F.);
#5573=ORIENTED_EDGE('',*,*,#3621,.F.);
#5574=ORIENTED_EDGE('',*,*,#3895,.F.);
#5575=ORIENTED_EDGE('',*,*,#3897,.F.);
#5576=ORIENTED_EDGE('',*,*,#3103,.F.);
#5577=ORIENTED_EDGE('',*,*,#3898,.F.);
#5578=ORIENTED_EDGE('',*,*,#3900,.F.);
#5579=ORIENTED_EDGE('',*,*,#3677,.F.);
#5580=ORIENTED_EDGE('',*,*,#3934,.F.);
#5581=ORIENTED_EDGE('',*,*,#3099,.F.);
#5582=ORIENTED_EDGE('',*,*,#3892,.F.);
#5583=ORIENTED_EDGE('',*,*,#3894,.F.);
#5584=ORIENTED_EDGE('',*,*,#3623,.F.);
#5585=ORIENTED_EDGE('',*,*,#3935,.F.);
#5586=ORIENTED_EDGE('',*,*,#3630,.F.);
#5587=ORIENTED_EDGE('',*,*,#3889,.F.);
#5588=ORIENTED_EDGE('',*,*,#3891,.F.);
#5589=ORIENTED_EDGE('',*,*,#3628,.F.);
#5590=ORIENTED_EDGE('',*,*,#3631,.F.);
#5591=ORIENTED_EDGE('',*,*,#3935,.T.);
#5592=ORIENTED_EDGE('',*,*,#3626,.F.);
#5593=ORIENTED_EDGE('',*,*,#3095,.F.);
#5594=ORIENTED_EDGE('',*,*,#3886,.F.);
#5595=ORIENTED_EDGE('',*,*,#3888,.F.);
#5596=ORIENTED_EDGE('',*,*,#3632,.F.);
#5597=ORIENTED_EDGE('',*,*,#3936,.F.);
#5598=ORIENTED_EDGE('',*,*,#3639,.F.);
#5599=ORIENTED_EDGE('',*,*,#3883,.F.);
#5600=ORIENTED_EDGE('',*,*,#3885,.F.);
#5601=ORIENTED_EDGE('',*,*,#3637,.F.);
#5602=ORIENTED_EDGE('',*,*,#3640,.F.);
#5603=ORIENTED_EDGE('',*,*,#3936,.T.);
#5604=ORIENTED_EDGE('',*,*,#3635,.F.);
#5605=ORIENTED_EDGE('',*,*,#3648,.F.);
#5606=ORIENTED_EDGE('',*,*,#3686,.F.);
#5607=ORIENTED_EDGE('',*,*,#3688,.F.);
#5608=ORIENTED_EDGE('',*,*,#3091,.F.);
#5609=ORIENTED_EDGE('',*,*,#3689,.F.);
#5610=ORIENTED_EDGE('',*,*,#3691,.F.);
#5611=ORIENTED_EDGE('',*,*,#3641,.F.);
#5612=ORIENTED_EDGE('',*,*,#3937,.T.);
#5613=ORIENTED_EDGE('',*,*,#3646,.F.);
#5614=ORIENTED_EDGE('',*,*,#3649,.F.);
#5615=ORIENTED_EDGE('',*,*,#3937,.F.);
#5616=ORIENTED_EDGE('',*,*,#3644,.F.);
#5617=ORIENTED_EDGE('',*,*,#3657,.F.);
#5618=ORIENTED_EDGE('',*,*,#3680,.F.);
#5619=ORIENTED_EDGE('',*,*,#3682,.F.);
#5620=ORIENTED_EDGE('',*,*,#3087,.F.);
#5621=ORIENTED_EDGE('',*,*,#3683,.F.);
#5622=ORIENTED_EDGE('',*,*,#3685,.F.);
#5623=ORIENTED_EDGE('',*,*,#3650,.F.);
#5624=ORIENTED_EDGE('',*,*,#3938,.T.);
#5625=ORIENTED_EDGE('',*,*,#3655,.F.);
#5626=ORIENTED_EDGE('',*,*,#3658,.F.);
#5627=ORIENTED_EDGE('',*,*,#3938,.F.);
#5628=ORIENTED_EDGE('',*,*,#3653,.F.);
#5629=ORIENTED_EDGE('',*,*,#3111,.F.);
#5630=ORIENTED_EDGE('',*,*,#3910,.F.);
#5631=ORIENTED_EDGE('',*,*,#3912,.F.);
#5632=ORIENTED_EDGE('',*,*,#3659,.F.);
#5633=ORIENTED_EDGE('',*,*,#3939,.F.);
#5634=ORIENTED_EDGE('',*,*,#3666,.F.);
#5635=ORIENTED_EDGE('',*,*,#3907,.F.);
#5636=ORIENTED_EDGE('',*,*,#3909,.F.);
#5637=ORIENTED_EDGE('',*,*,#3664,.F.);
#5638=ORIENTED_EDGE('',*,*,#3667,.F.);
#5639=ORIENTED_EDGE('',*,*,#3939,.T.);
#5640=ORIENTED_EDGE('',*,*,#3662,.F.);
#5641=ORIENTED_EDGE('',*,*,#3675,.F.);
#5642=ORIENTED_EDGE('',*,*,#3901,.F.);
#5643=ORIENTED_EDGE('',*,*,#3903,.F.);
#5644=ORIENTED_EDGE('',*,*,#3107,.F.);
#5645=ORIENTED_EDGE('',*,*,#3904,.F.);
#5646=ORIENTED_EDGE('',*,*,#3906,.F.);
#5647=ORIENTED_EDGE('',*,*,#3668,.F.);
#5648=ORIENTED_EDGE('',*,*,#3940,.T.);
#5649=ORIENTED_EDGE('',*,*,#3673,.F.);
#5650=ORIENTED_EDGE('',*,*,#3676,.F.);
#5651=ORIENTED_EDGE('',*,*,#3940,.F.);
#5652=ORIENTED_EDGE('',*,*,#3671,.F.);
#5653=CYLINDRICAL_SURFACE('',#5983,0.125);
#5654=CYLINDRICAL_SURFACE('',#5986,0.125);
#5655=CYLINDRICAL_SURFACE('',#5989,0.125);
#5656=CYLINDRICAL_SURFACE('',#5992,0.125);
#5657=CYLINDRICAL_SURFACE('',#5995,0.125);
#5658=CYLINDRICAL_SURFACE('',#5998,0.125);
#5659=CYLINDRICAL_SURFACE('',#6001,0.125);
#5660=CYLINDRICAL_SURFACE('',#6128,0.125);
#5661=CYLINDRICAL_SURFACE('',#6134,0.125);
#5662=CYLINDRICAL_SURFACE('',#6140,0.125);
#5663=CYLINDRICAL_SURFACE('',#6146,0.125);
#5664=CYLINDRICAL_SURFACE('',#6152,0.125);
#5665=CYLINDRICAL_SURFACE('',#6158,0.125);
#5666=CYLINDRICAL_SURFACE('',#6164,0.125);
#5667=CYLINDRICAL_SURFACE('',#6170,0.125);
#5668=CYLINDRICAL_SURFACE('',#6176,0.125);
#5669=CYLINDRICAL_SURFACE('',#6182,0.125);
#5670=CYLINDRICAL_SURFACE('',#6188,0.125);
#5671=CYLINDRICAL_SURFACE('',#6194,0.125);
#5672=CYLINDRICAL_SURFACE('',#6200,0.125);
#5673=CYLINDRICAL_SURFACE('',#6206,0.125);
#5674=CYLINDRICAL_SURFACE('',#6212,0.125);
#5675=CYLINDRICAL_SURFACE('',#6218,0.125);
#5676=CYLINDRICAL_SURFACE('',#6224,0.125);
#5677=CYLINDRICAL_SURFACE('',#6230,0.125);
#5678=CYLINDRICAL_SURFACE('',#6236,0.125);
#5679=CYLINDRICAL_SURFACE('',#6242,0.125);
#5680=CYLINDRICAL_SURFACE('',#6248,0.125);
#5681=ADVANCED_FACE('',(#282),#5653,.T.);
#5682=ADVANCED_FACE('',(#283),#5654,.T.);
#5683=ADVANCED_FACE('',(#284),#5655,.T.);
#5684=ADVANCED_FACE('',(#285),#5656,.T.);
#5685=ADVANCED_FACE('',(#286),#5657,.T.);
#5686=ADVANCED_FACE('',(#287),#5658,.T.);
#5687=ADVANCED_FACE('',(#288),#5659,.T.);
#5688=ADVANCED_FACE('',(#289,#15),#16,.T.);
#5689=ADVANCED_FACE('',(#290),#14,.F.);
#5690=ADVANCED_FACE('',(#291),#17,.T.);
#5691=ADVANCED_FACE('',(#292),#18,.T.);
#5692=ADVANCED_FACE('',(#293),#19,.T.);
#5693=ADVANCED_FACE('',(#294),#20,.T.);
#5694=ADVANCED_FACE('',(#295),#21,.T.);
#5695=ADVANCED_FACE('',(#296),#22,.T.);
#5696=ADVANCED_FACE('',(#297),#23,.T.);
#5697=ADVANCED_FACE('',(#298),#24,.T.);
#5698=ADVANCED_FACE('',(#299),#25,.T.);
#5699=ADVANCED_FACE('',(#300),#26,.T.);
#5700=ADVANCED_FACE('',(#301),#27,.T.);
#5701=ADVANCED_FACE('',(#302),#28,.T.);
#5702=ADVANCED_FACE('',(#303),#29,.T.);
#5703=ADVANCED_FACE('',(#304),#30,.T.);
#5704=ADVANCED_FACE('',(#305),#31,.T.);
#5705=ADVANCED_FACE('',(#306),#32,.T.);
#5706=ADVANCED_FACE('',(#307),#33,.T.);
#5707=ADVANCED_FACE('',(#308),#34,.T.);
#5708=ADVANCED_FACE('',(#309),#35,.T.);
#5709=ADVANCED_FACE('',(#310),#36,.T.);
#5710=ADVANCED_FACE('',(#311),#37,.T.);
#5711=ADVANCED_FACE('',(#312),#38,.T.);
#5712=ADVANCED_FACE('',(#313),#39,.T.);
#5713=ADVANCED_FACE('',(#314),#40,.T.);
#5714=ADVANCED_FACE('',(#315),#41,.T.);
#5715=ADVANCED_FACE('',(#316),#42,.T.);
#5716=ADVANCED_FACE('',(#317),#43,.T.);
#5717=ADVANCED_FACE('',(#318),#44,.T.);
#5718=ADVANCED_FACE('',(#319),#45,.T.);
#5719=ADVANCED_FACE('',(#320),#46,.T.);
#5720=ADVANCED_FACE('',(#321),#47,.T.);
#5721=ADVANCED_FACE('',(#322),#48,.T.);
#5722=ADVANCED_FACE('',(#323),#49,.T.);
#5723=ADVANCED_FACE('',(#324),#50,.T.);
#5724=ADVANCED_FACE('',(#325),#51,.T.);
#5725=ADVANCED_FACE('',(#326),#52,.T.);
#5726=ADVANCED_FACE('',(#327),#53,.T.);
#5727=ADVANCED_FACE('',(#328),#54,.T.);
#5728=ADVANCED_FACE('',(#329),#55,.T.);
#5729=ADVANCED_FACE('',(#330),#56,.T.);
#5730=ADVANCED_FACE('',(#331),#57,.T.);
#5731=ADVANCED_FACE('',(#332),#58,.T.);
#5732=ADVANCED_FACE('',(#333),#59,.T.);
#5733=ADVANCED_FACE('',(#334),#60,.T.);
#5734=ADVANCED_FACE('',(#335),#61,.T.);
#5735=ADVANCED_FACE('',(#336),#62,.T.);
#5736=ADVANCED_FACE('',(#337),#63,.T.);
#5737=ADVANCED_FACE('',(#338),#64,.T.);
#5738=ADVANCED_FACE('',(#339),#65,.T.);
#5739=ADVANCED_FACE('',(#340),#66,.T.);
#5740=ADVANCED_FACE('',(#341),#67,.T.);
#5741=ADVANCED_FACE('',(#342),#68,.T.);
#5742=ADVANCED_FACE('',(#343),#69,.T.);
#5743=ADVANCED_FACE('',(#344),#70,.T.);
#5744=ADVANCED_FACE('',(#345),#71,.T.);
#5745=ADVANCED_FACE('',(#346),#72,.T.);
#5746=ADVANCED_FACE('',(#347),#73,.T.);
#5747=ADVANCED_FACE('',(#348),#74,.T.);
#5748=ADVANCED_FACE('',(#349),#75,.T.);
#5749=ADVANCED_FACE('',(#350),#76,.T.);
#5750=ADVANCED_FACE('',(#351),#77,.T.);
#5751=ADVANCED_FACE('',(#352),#78,.T.);
#5752=ADVANCED_FACE('',(#353),#79,.T.);
#5753=ADVANCED_FACE('',(#354),#80,.T.);
#5754=ADVANCED_FACE('',(#355),#81,.T.);
#5755=ADVANCED_FACE('',(#356),#82,.T.);
#5756=ADVANCED_FACE('',(#357),#83,.T.);
#5757=ADVANCED_FACE('',(#358),#84,.T.);
#5758=ADVANCED_FACE('',(#359),#85,.T.);
#5759=ADVANCED_FACE('',(#360),#86,.T.);
#5760=ADVANCED_FACE('',(#361),#87,.T.);
#5761=ADVANCED_FACE('',(#362),#88,.T.);
#5762=ADVANCED_FACE('',(#363),#89,.T.);
#5763=ADVANCED_FACE('',(#364),#90,.T.);
#5764=ADVANCED_FACE('',(#365),#91,.T.);
#5765=ADVANCED_FACE('',(#366),#92,.T.);
#5766=ADVANCED_FACE('',(#367),#93,.T.);
#5767=ADVANCED_FACE('',(#368),#94,.T.);
#5768=ADVANCED_FACE('',(#369),#95,.T.);
#5769=ADVANCED_FACE('',(#370),#96,.T.);
#5770=ADVANCED_FACE('',(#371),#97,.T.);
#5771=ADVANCED_FACE('',(#372),#98,.T.);
#5772=ADVANCED_FACE('',(#373),#99,.T.);
#5773=ADVANCED_FACE('',(#374),#100,.T.);
#5774=ADVANCED_FACE('',(#375),#101,.T.);
#5775=ADVANCED_FACE('',(#376),#102,.T.);
#5776=ADVANCED_FACE('',(#377),#103,.T.);
#5777=ADVANCED_FACE('',(#378),#104,.T.);
#5778=ADVANCED_FACE('',(#379),#105,.T.);
#5779=ADVANCED_FACE('',(#380),#106,.T.);
#5780=ADVANCED_FACE('',(#381),#107,.T.);
#5781=ADVANCED_FACE('',(#382),#108,.T.);
#5782=ADVANCED_FACE('',(#383),#109,.T.);
#5783=ADVANCED_FACE('',(#384),#110,.T.);
#5784=ADVANCED_FACE('',(#385),#111,.T.);
#5785=ADVANCED_FACE('',(#386),#112,.T.);
#5786=ADVANCED_FACE('',(#387),#113,.T.);
#5787=ADVANCED_FACE('',(#388),#114,.T.);
#5788=ADVANCED_FACE('',(#389),#115,.T.);
#5789=ADVANCED_FACE('',(#390),#116,.F.);
#5790=ADVANCED_FACE('',(#391),#5660,.T.);
#5791=ADVANCED_FACE('',(#392),#117,.T.);
#5792=ADVANCED_FACE('',(#393),#118,.T.);
#5793=ADVANCED_FACE('',(#394),#119,.T.);
#5794=ADVANCED_FACE('',(#395),#120,.T.);
#5795=ADVANCED_FACE('',(#396),#5661,.T.);
#5796=ADVANCED_FACE('',(#397),#121,.T.);
#5797=ADVANCED_FACE('',(#398),#122,.T.);
#5798=ADVANCED_FACE('',(#399),#123,.T.);
#5799=ADVANCED_FACE('',(#400),#124,.T.);
#5800=ADVANCED_FACE('',(#401),#5662,.T.);
#5801=ADVANCED_FACE('',(#402),#125,.T.);
#5802=ADVANCED_FACE('',(#403),#126,.T.);
#5803=ADVANCED_FACE('',(#404),#127,.T.);
#5804=ADVANCED_FACE('',(#405),#128,.T.);
#5805=ADVANCED_FACE('',(#406),#5663,.T.);
#5806=ADVANCED_FACE('',(#407),#129,.T.);
#5807=ADVANCED_FACE('',(#408),#130,.T.);
#5808=ADVANCED_FACE('',(#409),#131,.T.);
#5809=ADVANCED_FACE('',(#410),#132,.T.);
#5810=ADVANCED_FACE('',(#411),#5664,.T.);
#5811=ADVANCED_FACE('',(#412),#133,.T.);
#5812=ADVANCED_FACE('',(#413),#134,.T.);
#5813=ADVANCED_FACE('',(#414),#135,.T.);
#5814=ADVANCED_FACE('',(#415),#136,.T.);
#5815=ADVANCED_FACE('',(#416),#5665,.T.);
#5816=ADVANCED_FACE('',(#417),#137,.T.);
#5817=ADVANCED_FACE('',(#418),#138,.T.);
#5818=ADVANCED_FACE('',(#419),#139,.T.);
#5819=ADVANCED_FACE('',(#420),#140,.T.);
#5820=ADVANCED_FACE('',(#421),#5666,.T.);
#5821=ADVANCED_FACE('',(#422),#141,.T.);
#5822=ADVANCED_FACE('',(#423),#142,.T.);
#5823=ADVANCED_FACE('',(#424),#143,.T.);
#5824=ADVANCED_FACE('',(#425),#144,.T.);
#5825=ADVANCED_FACE('',(#426),#5667,.T.);
#5826=ADVANCED_FACE('',(#427),#145,.T.);
#5827=ADVANCED_FACE('',(#428),#146,.T.);
#5828=ADVANCED_FACE('',(#429),#147,.T.);
#5829=ADVANCED_FACE('',(#430),#148,.T.);
#5830=ADVANCED_FACE('',(#431),#5668,.T.);
#5831=ADVANCED_FACE('',(#432),#149,.T.);
#5832=ADVANCED_FACE('',(#433),#150,.T.);
#5833=ADVANCED_FACE('',(#434),#151,.T.);
#5834=ADVANCED_FACE('',(#435),#152,.T.);
#5835=ADVANCED_FACE('',(#436),#5669,.T.);
#5836=ADVANCED_FACE('',(#437),#153,.T.);
#5837=ADVANCED_FACE('',(#438),#154,.T.);
#5838=ADVANCED_FACE('',(#439),#155,.T.);
#5839=ADVANCED_FACE('',(#440),#156,.T.);
#5840=ADVANCED_FACE('',(#441),#5670,.T.);
#5841=ADVANCED_FACE('',(#442),#157,.T.);
#5842=ADVANCED_FACE('',(#443),#158,.T.);
#5843=ADVANCED_FACE('',(#444),#159,.T.);
#5844=ADVANCED_FACE('',(#445),#160,.T.);
#5845=ADVANCED_FACE('',(#446),#5671,.T.);
#5846=ADVANCED_FACE('',(#447),#161,.T.);
#5847=ADVANCED_FACE('',(#448),#162,.T.);
#5848=ADVANCED_FACE('',(#449),#163,.T.);
#5849=ADVANCED_FACE('',(#450),#164,.T.);
#5850=ADVANCED_FACE('',(#451),#5672,.T.);
#5851=ADVANCED_FACE('',(#452),#165,.T.);
#5852=ADVANCED_FACE('',(#453),#166,.T.);
#5853=ADVANCED_FACE('',(#454),#167,.T.);
#5854=ADVANCED_FACE('',(#455),#168,.T.);
#5855=ADVANCED_FACE('',(#456),#5673,.T.);
#5856=ADVANCED_FACE('',(#457),#169,.T.);
#5857=ADVANCED_FACE('',(#458),#170,.T.);
#5858=ADVANCED_FACE('',(#459),#171,.T.);
#5859=ADVANCED_FACE('',(#460),#172,.T.);
#5860=ADVANCED_FACE('',(#461),#5674,.T.);
#5861=ADVANCED_FACE('',(#462),#173,.T.);
#5862=ADVANCED_FACE('',(#463),#174,.T.);
#5863=ADVANCED_FACE('',(#464),#175,.T.);
#5864=ADVANCED_FACE('',(#465),#176,.T.);
#5865=ADVANCED_FACE('',(#466),#5675,.T.);
#5866=ADVANCED_FACE('',(#467),#177,.T.);
#5867=ADVANCED_FACE('',(#468),#178,.T.);
#5868=ADVANCED_FACE('',(#469),#179,.T.);
#5869=ADVANCED_FACE('',(#470),#180,.T.);
#5870=ADVANCED_FACE('',(#471),#5676,.T.);
#5871=ADVANCED_FACE('',(#472),#181,.T.);
#5872=ADVANCED_FACE('',(#473),#182,.T.);
#5873=ADVANCED_FACE('',(#474),#183,.T.);
#5874=ADVANCED_FACE('',(#475),#184,.T.);
#5875=ADVANCED_FACE('',(#476),#5677,.T.);
#5876=ADVANCED_FACE('',(#477),#185,.T.);
#5877=ADVANCED_FACE('',(#478),#186,.T.);
#5878=ADVANCED_FACE('',(#479),#187,.T.);
#5879=ADVANCED_FACE('',(#480),#188,.T.);
#5880=ADVANCED_FACE('',(#481),#5678,.T.);
#5881=ADVANCED_FACE('',(#482),#189,.T.);
#5882=ADVANCED_FACE('',(#483),#190,.T.);
#5883=ADVANCED_FACE('',(#484),#191,.T.);
#5884=ADVANCED_FACE('',(#485),#192,.T.);
#5885=ADVANCED_FACE('',(#486),#5679,.T.);
#5886=ADVANCED_FACE('',(#487),#193,.T.);
#5887=ADVANCED_FACE('',(#488),#194,.T.);
#5888=ADVANCED_FACE('',(#489),#195,.T.);
#5889=ADVANCED_FACE('',(#490),#196,.T.);
#5890=ADVANCED_FACE('',(#491),#5680,.T.);
#5891=ADVANCED_FACE('',(#492),#197,.T.);
#5892=ADVANCED_FACE('',(#493),#198,.T.);
#5893=ADVANCED_FACE('',(#494),#199,.T.);
#5894=ADVANCED_FACE('',(#495),#200,.T.);
#5895=ADVANCED_FACE('',(#496),#201,.T.);
#5896=ADVANCED_FACE('',(#497),#202,.T.);
#5897=ADVANCED_FACE('',(#498),#203,.T.);
#5898=ADVANCED_FACE('',(#499),#204,.T.);
#5899=ADVANCED_FACE('',(#500),#205,.T.);
#5900=ADVANCED_FACE('',(#501),#206,.T.);
#5901=ADVANCED_FACE('',(#502),#207,.T.);
#5902=ADVANCED_FACE('',(#503),#208,.T.);
#5903=ADVANCED_FACE('',(#504),#209,.T.);
#5904=ADVANCED_FACE('',(#505),#210,.T.);
#5905=ADVANCED_FACE('',(#506),#211,.T.);
#5906=ADVANCED_FACE('',(#507),#212,.T.);
#5907=ADVANCED_FACE('',(#508),#213,.T.);
#5908=ADVANCED_FACE('',(#509),#214,.T.);
#5909=ADVANCED_FACE('',(#510),#215,.T.);
#5910=ADVANCED_FACE('',(#511),#216,.T.);
#5911=ADVANCED_FACE('',(#512),#217,.T.);
#5912=ADVANCED_FACE('',(#513),#218,.T.);
#5913=ADVANCED_FACE('',(#514),#219,.F.);
#5914=ADVANCED_FACE('',(#515),#220,.T.);
#5915=ADVANCED_FACE('',(#516),#221,.F.);
#5916=ADVANCED_FACE('',(#517),#222,.T.);
#5917=ADVANCED_FACE('',(#518),#223,.F.);
#5918=ADVANCED_FACE('',(#519),#224,.T.);
#5919=ADVANCED_FACE('',(#520),#225,.F.);
#5920=ADVANCED_FACE('',(#521),#226,.T.);
#5921=ADVANCED_FACE('',(#522),#227,.F.);
#5922=ADVANCED_FACE('',(#523),#228,.T.);
#5923=ADVANCED_FACE('',(#524),#229,.F.);
#5924=ADVANCED_FACE('',(#525),#230,.T.);
#5925=ADVANCED_FACE('',(#526),#231,.F.);
#5926=ADVANCED_FACE('',(#527),#232,.T.);
#5927=ADVANCED_FACE('',(#528),#233,.T.);
#5928=ADVANCED_FACE('',(#529),#234,.F.);
#5929=ADVANCED_FACE('',(#530),#235,.T.);
#5930=ADVANCED_FACE('',(#531),#236,.T.);
#5931=ADVANCED_FACE('',(#532),#237,.F.);
#5932=ADVANCED_FACE('',(#533),#238,.T.);
#5933=ADVANCED_FACE('',(#534),#239,.T.);
#5934=ADVANCED_FACE('',(#535),#240,.T.);
#5935=ADVANCED_FACE('',(#536),#241,.F.);
#5936=ADVANCED_FACE('',(#537),#242,.T.);
#5937=ADVANCED_FACE('',(#538),#243,.F.);
#5938=ADVANCED_FACE('',(#539),#244,.T.);
#5939=ADVANCED_FACE('',(#540),#245,.T.);
#5940=ADVANCED_FACE('',(#541),#246,.T.);
#5941=ADVANCED_FACE('',(#542),#247,.T.);
#5942=ADVANCED_FACE('',(#543),#248,.F.);
#5943=ADVANCED_FACE('',(#544),#249,.F.);
#5944=ADVANCED_FACE('',(#545),#250,.T.);
#5945=ADVANCED_FACE('',(#546),#251,.F.);
#5946=ADVANCED_FACE('',(#547),#252,.T.);
#5947=ADVANCED_FACE('',(#548),#253,.T.);
#5948=ADVANCED_FACE('',(#549),#254,.T.);
#5949=ADVANCED_FACE('',(#550),#255,.F.);
#5950=ADVANCED_FACE('',(#551),#256,.T.);
#5951=ADVANCED_FACE('',(#552),#257,.F.);
#5952=ADVANCED_FACE('',(#553),#258,.T.);
#5953=ADVANCED_FACE('',(#554),#259,.F.);
#5954=ADVANCED_FACE('',(#555),#260,.T.);
#5955=ADVANCED_FACE('',(#556),#261,.T.);
#5956=ADVANCED_FACE('',(#557),#262,.T.);
#5957=ADVANCED_FACE('',(#558),#263,.F.);
#5958=ADVANCED_FACE('',(#559),#264,.T.);
#5959=ADVANCED_FACE('',(#560),#265,.F.);
#5960=ADVANCED_FACE('',(#561),#266,.T.);
#5961=ADVANCED_FACE('',(#562),#267,.T.);
#5962=ADVANCED_FACE('',(#563),#268,.T.);
#5963=ADVANCED_FACE('',(#564),#269,.T.);
#5964=ADVANCED_FACE('',(#565),#270,.T.);
#5965=ADVANCED_FACE('',(#566),#271,.F.);
#5966=ADVANCED_FACE('',(#567),#272,.T.);
#5967=ADVANCED_FACE('',(#568),#273,.T.);
#5968=ADVANCED_FACE('',(#569),#274,.T.);
#5969=CLOSED_SHELL('',(#5681,#5682,#5683,#5684,#5685,#5686,#5687,#5688,
#5689,#5690,#5691,#5692,#5693,#5694,#5695,#5696,#5697,#5698,#5699,#5700,
#5701,#5702,#5703,#5704,#5705,#5706,#5707,#5708,#5709,#5710,#5711,#5712,
#5713,#5714,#5715,#5716,#5717,#5718,#5719,#5720,#5721,#5722,#5723,#5724,
#5725,#5726,#5727,#5728,#5729,#5730,#5731,#5732,#5733,#5734,#5735,#5736,
#5737,#5738,#5739,#5740,#5741,#5742,#5743,#5744,#5745,#5746,#5747,#5748,
#5749,#5750,#5751,#5752,#5753,#5754,#5755,#5756,#5757,#5758,#5759,#5760,
#5761,#5762,#5763,#5764,#5765,#5766,#5767,#5768,#5769,#5770,#5771,#5772,
#5773,#5774,#5775,#5776,#5777,#5778,#5779,#5780,#5781,#5782,#5783,#5784,
#5785,#5786,#5787,#5788,#5789,#5790,#5791,#5792,#5793,#5794,#5795,#5796,
#5797,#5798,#5799,#5800,#5801,#5802,#5803,#5804,#5805,#5806,#5807,#5808,
#5809,#5810,#5811,#5812,#5813,#5814,#5815,#5816,#5817,#5818,#5819,#5820,
#5821,#5822,#5823,#5824,#5825,#5826,#5827,#5828,#5829,#5830,#5831,#5832,
#5833,#5834,#5835,#5836,#5837,#5838,#5839,#5840,#5841,#5842,#5843,#5844,
#5845,#5846,#5847,#5848,#5849,#5850,#5851,#5852,#5853,#5854,#5855,#5856,
#5857,#5858,#5859,#5860,#5861,#5862,#5863,#5864,#5865,#5866,#5867,#5868,
#5869,#5870,#5871,#5872,#5873,#5874,#5875,#5876,#5877,#5878,#5879,#5880,
#5881,#5882,#5883,#5884,#5885,#5886,#5887,#5888,#5889,#5890,#5891,#5892,
#5893,#5894,#5895,#5896,#5897,#5898,#5899,#5900,#5901,#5902,#5903,#5904,
#5905,#5906,#5907,#5908,#5909,#5910,#5911,#5912,#5913,#5914,#5915,#5916,
#5917,#5918,#5919,#5920,#5921,#5922,#5923,#5924,#5925,#5926,#5927,#5928,
#5929,#5930,#5931,#5932,#5933,#5934,#5935,#5936,#5937,#5938,#5939,#5940,
#5941,#5942,#5943,#5944,#5945,#5946,#5947,#5948,#5949,#5950,#5951,#5952,
#5953,#5954,#5955,#5956,#5957,#5958,#5959,#5960,#5961,#5962,#5963,#5964,
#5965,#5966,#5967,#5968));
#5970=DERIVED_UNIT_ELEMENT(#5972,1.);
#5971=DERIVED_UNIT_ELEMENT(#9540,-3.);
#5972=(
MASS_UNIT()
NAMED_UNIT(*)
SI_UNIT(.KILO.,.GRAM.)
);
#5973=DERIVED_UNIT((#5970,#5971));
#5974=MEASURE_REPRESENTATION_ITEM('density measure',
POSITIVE_RATIO_MEASURE(7850.),#5973);
#5975=PROPERTY_DEFINITION_REPRESENTATION(#5980,#5977);
#5976=PROPERTY_DEFINITION_REPRESENTATION(#5981,#5978);
#5977=REPRESENTATION('material name',(#5979),#9537);
#5978=REPRESENTATION('density',(#5974),#9537);
#5979=DESCRIPTIVE_REPRESENTATION_ITEM('Acero','Acero');
#5980=PROPERTY_DEFINITION('material property','material name',#9547);
#5981=PROPERTY_DEFINITION('material property','density of part',#9547);
#5982=AXIS2_PLACEMENT_3D('',#7819,#6328,#6329);
#5983=AXIS2_PLACEMENT_3D('',#7820,#6330,#6331);
#5984=AXIS2_PLACEMENT_3D('',#7823,#6332,#6333);
#5985=AXIS2_PLACEMENT_3D('',#7827,#6335,#6336);
#5986=AXIS2_PLACEMENT_3D('',#7829,#6338,#6339);
#5987=AXIS2_PLACEMENT_3D('',#7832,#6340,#6341);
#5988=AXIS2_PLACEMENT_3D('',#7836,#6343,#6344);
#5989=AXIS2_PLACEMENT_3D('',#7838,#6346,#6347);
#5990=AXIS2_PLACEMENT_3D('',#7841,#6348,#6349);
#5991=AXIS2_PLACEMENT_3D('',#7845,#6351,#6352);
#5992=AXIS2_PLACEMENT_3D('',#7847,#6354,#6355);
#5993=AXIS2_PLACEMENT_3D('',#7850,#6356,#6357);
#5994=AXIS2_PLACEMENT_3D('',#7854,#6359,#6360);
#5995=AXIS2_PLACEMENT_3D('',#7856,#6362,#6363);
#5996=AXIS2_PLACEMENT_3D('',#7859,#6364,#6365);
#5997=AXIS2_PLACEMENT_3D('',#7863,#6367,#6368);
#5998=AXIS2_PLACEMENT_3D('',#7865,#6370,#6371);
#5999=AXIS2_PLACEMENT_3D('',#7868,#6372,#6373);
#6000=AXIS2_PLACEMENT_3D('',#7872,#6375,#6376);
#6001=AXIS2_PLACEMENT_3D('',#7874,#6378,#6379);
#6002=AXIS2_PLACEMENT_3D('',#7877,#6380,#6381);
#6003=AXIS2_PLACEMENT_3D('',#7881,#6383,#6384);
#6004=AXIS2_PLACEMENT_3D('',#7883,#6386,#6387);
#6005=AXIS2_PLACEMENT_3D('',#7893,#6392,#6393);
#6006=AXIS2_PLACEMENT_3D('',#7894,#6394,#6395);
#6007=AXIS2_PLACEMENT_3D('',#7895,#6396,#6397);
#6008=AXIS2_PLACEMENT_3D('',#7957,#6429,#6430);
#6009=AXIS2_PLACEMENT_3D('',#8017,#6461,#6462);
#6010=AXIS2_PLACEMENT_3D('',#8077,#6493,#6494);
#6011=AXIS2_PLACEMENT_3D('',#8135,#6524,#6525);
#6012=AXIS2_PLACEMENT_3D('',#8195,#6560,#6561);
#6013=AXIS2_PLACEMENT_3D('',#8208,#6568,#6569);
#6014=AXIS2_PLACEMENT_3D('',#8221,#6576,#6577);
#6015=AXIS2_PLACEMENT_3D('',#8234,#6584,#6585);
#6016=AXIS2_PLACEMENT_3D('',#8247,#6592,#6593);
#6017=AXIS2_PLACEMENT_3D('',#8260,#6600,#6601);
#6018=AXIS2_PLACEMENT_3D('',#8273,#6608,#6609);
#6019=AXIS2_PLACEMENT_3D('',#8286,#6616,#6617);
#6020=AXIS2_PLACEMENT_3D('',#8299,#6624,#6625);
#6021=AXIS2_PLACEMENT_3D('',#8312,#6632,#6633);
#6022=AXIS2_PLACEMENT_3D('',#8325,#6640,#6641);
#6023=AXIS2_PLACEMENT_3D('',#8338,#6648,#6649);
#6024=AXIS2_PLACEMENT_3D('',#8351,#6656,#6657);
#6025=AXIS2_PLACEMENT_3D('',#8364,#6664,#6665);
#6026=AXIS2_PLACEMENT_3D('',#8377,#6672,#6673);
#6027=AXIS2_PLACEMENT_3D('',#8390,#6680,#6681);
#6028=AXIS2_PLACEMENT_3D('',#8403,#6688,#6689);
#6029=AXIS2_PLACEMENT_3D('',#8416,#6696,#6697);
#6030=AXIS2_PLACEMENT_3D('',#8429,#6704,#6705);
#6031=AXIS2_PLACEMENT_3D('',#8442,#6712,#6713);
#6032=AXIS2_PLACEMENT_3D('',#8455,#6720,#6721);
#6033=AXIS2_PLACEMENT_3D('',#8481,#6737,#6738);
#6034=AXIS2_PLACEMENT_3D('',#8489,#6743,#6744);
#6035=AXIS2_PLACEMENT_3D('',#8493,#6747,#6748);
#6036=AXIS2_PLACEMENT_3D('',#8499,#6752,#6753);
#6037=AXIS2_PLACEMENT_3D('',#8507,#6758,#6759);
#6038=AXIS2_PLACEMENT_3D('',#8511,#6762,#6763);
#6039=AXIS2_PLACEMENT_3D('',#8517,#6767,#6768);
#6040=AXIS2_PLACEMENT_3D('',#8525,#6773,#6774);
#6041=AXIS2_PLACEMENT_3D('',#8529,#6777,#6778);
#6042=AXIS2_PLACEMENT_3D('',#8535,#6782,#6783);
#6043=AXIS2_PLACEMENT_3D('',#8543,#6788,#6789);
#6044=AXIS2_PLACEMENT_3D('',#8547,#6792,#6793);
#6045=AXIS2_PLACEMENT_3D('',#8553,#6797,#6798);
#6046=AXIS2_PLACEMENT_3D('',#8561,#6803,#6804);
#6047=AXIS2_PLACEMENT_3D('',#8565,#6807,#6808);
#6048=AXIS2_PLACEMENT_3D('',#8571,#6812,#6813);
#6049=AXIS2_PLACEMENT_3D('',#8579,#6818,#6819);
#6050=AXIS2_PLACEMENT_3D('',#8583,#6822,#6823);
#6051=AXIS2_PLACEMENT_3D('',#8589,#6827,#6828);
#6052=AXIS2_PLACEMENT_3D('',#8597,#6833,#6834);
#6053=AXIS2_PLACEMENT_3D('',#8601,#6837,#6838);
#6054=AXIS2_PLACEMENT_3D('',#8607,#6842,#6843);
#6055=AXIS2_PLACEMENT_3D('',#8613,#6847,#6848);
#6056=AXIS2_PLACEMENT_3D('',#8619,#6852,#6853);
#6057=AXIS2_PLACEMENT_3D('',#8627,#6858,#6859);
#6058=AXIS2_PLACEMENT_3D('',#8631,#6862,#6863);
#6059=AXIS2_PLACEMENT_3D('',#8637,#6867,#6868);
#6060=AXIS2_PLACEMENT_3D('',#8645,#6873,#6874);
#6061=AXIS2_PLACEMENT_3D('',#8649,#6877,#6878);
#6062=AXIS2_PLACEMENT_3D('',#8655,#6882,#6883);
#6063=AXIS2_PLACEMENT_3D('',#8663,#6888,#6889);
#6064=AXIS2_PLACEMENT_3D('',#8667,#6892,#6893);
#6065=AXIS2_PLACEMENT_3D('',#8673,#6897,#6898);
#6066=AXIS2_PLACEMENT_3D('',#8681,#6903,#6904);
#6067=AXIS2_PLACEMENT_3D('',#8685,#6907,#6908);
#6068=AXIS2_PLACEMENT_3D('',#8691,#6912,#6913);
#6069=AXIS2_PLACEMENT_3D('',#8699,#6918,#6919);
#6070=AXIS2_PLACEMENT_3D('',#8703,#6922,#6923);
#6071=AXIS2_PLACEMENT_3D('',#8709,#6927,#6928);
#6072=AXIS2_PLACEMENT_3D('',#8717,#6933,#6934);
#6073=AXIS2_PLACEMENT_3D('',#8721,#6937,#6938);
#6074=AXIS2_PLACEMENT_3D('',#8727,#6942,#6943);
#6075=AXIS2_PLACEMENT_3D('',#8733,#6947,#6948);
#6076=AXIS2_PLACEMENT_3D('',#8739,#6952,#6953);
#6077=AXIS2_PLACEMENT_3D('',#8745,#6957,#6958);
#6078=AXIS2_PLACEMENT_3D('',#8753,#6963,#6964);
#6079=AXIS2_PLACEMENT_3D('',#8757,#6967,#6968);
#6080=AXIS2_PLACEMENT_3D('',#8763,#6972,#6973);
#6081=AXIS2_PLACEMENT_3D('',#8771,#6978,#6979);
#6082=AXIS2_PLACEMENT_3D('',#8775,#6982,#6983);
#6083=AXIS2_PLACEMENT_3D('',#8781,#6987,#6988);
#6084=AXIS2_PLACEMENT_3D('',#8789,#6993,#6994);
#6085=AXIS2_PLACEMENT_3D('',#8793,#6997,#6998);
#6086=AXIS2_PLACEMENT_3D('',#8799,#7002,#7003);
#6087=AXIS2_PLACEMENT_3D('',#8807,#7008,#7009);
#6088=AXIS2_PLACEMENT_3D('',#8811,#7012,#7013);
#6089=AXIS2_PLACEMENT_3D('',#8817,#7017,#7018);
#6090=AXIS2_PLACEMENT_3D('',#8825,#7023,#7024);
#6091=AXIS2_PLACEMENT_3D('',#8829,#7027,#7028);
#6092=AXIS2_PLACEMENT_3D('',#8835,#7032,#7033);
#6093=AXIS2_PLACEMENT_3D('',#8843,#7038,#7039);
#6094=AXIS2_PLACEMENT_3D('',#8847,#7042,#7043);
#6095=AXIS2_PLACEMENT_3D('',#8853,#7047,#7048);
#6096=AXIS2_PLACEMENT_3D('',#8859,#7052,#7053);
#6097=AXIS2_PLACEMENT_3D('',#8865,#7057,#7058);
#6098=AXIS2_PLACEMENT_3D('',#8871,#7062,#7063);
#6099=AXIS2_PLACEMENT_3D('',#8879,#7068,#7069);
#6100=AXIS2_PLACEMENT_3D('',#8883,#7072,#7073);
#6101=AXIS2_PLACEMENT_3D('',#8889,#7077,#7078);
#6102=AXIS2_PLACEMENT_3D('',#8897,#7083,#7084);
#6103=AXIS2_PLACEMENT_3D('',#8901,#7087,#7088);
#6104=AXIS2_PLACEMENT_3D('',#8907,#7092,#7093);
#6105=AXIS2_PLACEMENT_3D('',#8915,#7098,#7099);
#6106=AXIS2_PLACEMENT_3D('',#8919,#7102,#7103);
#6107=AXIS2_PLACEMENT_3D('',#8925,#7107,#7108);
#6108=AXIS2_PLACEMENT_3D('',#8933,#7113,#7114);
#6109=AXIS2_PLACEMENT_3D('',#8937,#7117,#7118);
#6110=AXIS2_PLACEMENT_3D('',#8943,#7122,#7123);
#6111=AXIS2_PLACEMENT_3D('',#8951,#7128,#7129);
#6112=AXIS2_PLACEMENT_3D('',#8955,#7132,#7133);
#6113=AXIS2_PLACEMENT_3D('',#8961,#7137,#7138);
#6114=AXIS2_PLACEMENT_3D('',#8969,#7143,#7144);
#6115=AXIS2_PLACEMENT_3D('',#8973,#7147,#7148);
#6116=AXIS2_PLACEMENT_3D('',#8979,#7152,#7153);
#6117=AXIS2_PLACEMENT_3D('',#8985,#7157,#7158);
#6118=AXIS2_PLACEMENT_3D('',#8989,#7161,#7162);
#6119=AXIS2_PLACEMENT_3D('',#8991,#7164,#7165);
#6120=AXIS2_PLACEMENT_3D('',#8995,#7168,#7169);
#6121=AXIS2_PLACEMENT_3D('',#8997,#7171,#7172);
#6122=AXIS2_PLACEMENT_3D('',#9001,#7175,#7176);
#6123=AXIS2_PLACEMENT_3D('',#9003,#7178,#7179);
#6124=AXIS2_PLACEMENT_3D('',#9007,#7182,#7183);
#6125=AXIS2_PLACEMENT_3D('',#9009,#7185,#7186);
#6126=AXIS2_PLACEMENT_3D('',#9013,#7189,#7190);
#6127=AXIS2_PLACEMENT_3D('',#9017,#7193,#7194);
#6128=AXIS2_PLACEMENT_3D('',#9021,#7197,#7198);
#6129=AXIS2_PLACEMENT_3D('',#9024,#7200,#7201);
#6130=AXIS2_PLACEMENT_3D('',#9025,#7202,#7203);
#6131=AXIS2_PLACEMENT_3D('',#9029,#7206,#7207);
#6132=AXIS2_PLACEMENT_3D('',#9031,#7209,#7210);
#6133=AXIS2_PLACEMENT_3D('',#9035,#7213,#7214);
#6134=AXIS2_PLACEMENT_3D('',#9039,#7217,#7218);
#6135=AXIS2_PLACEMENT_3D('',#9041,#7219,#7220);
#6136=AXIS2_PLACEMENT_3D('',#9043,#7222,#7223);
#6137=AXIS2_PLACEMENT_3D('',#9047,#7226,#7227);
#6138=AXIS2_PLACEMENT_3D('',#9049,#7229,#7230);
#6139=AXIS2_PLACEMENT_3D('',#9053,#7233,#7234);
#6140=AXIS2_PLACEMENT_3D('',#9057,#7237,#7238);
#6141=AXIS2_PLACEMENT_3D('',#9059,#7239,#7240);
#6142=AXIS2_PLACEMENT_3D('',#9061,#7242,#7243);
#6143=AXIS2_PLACEMENT_3D('',#9065,#7246,#7247);
#6144=AXIS2_PLACEMENT_3D('',#9067,#7249,#7250);
#6145=AXIS2_PLACEMENT_3D('',#9071,#7253,#7254);
#6146=AXIS2_PLACEMENT_3D('',#9075,#7257,#7258);
#6147=AXIS2_PLACEMENT_3D('',#9077,#7259,#7260);
#6148=AXIS2_PLACEMENT_3D('',#9079,#7262,#7263);
#6149=AXIS2_PLACEMENT_3D('',#9083,#7266,#7267);
#6150=AXIS2_PLACEMENT_3D('',#9085,#7269,#7270);
#6151=AXIS2_PLACEMENT_3D('',#9089,#7273,#7274);
#6152=AXIS2_PLACEMENT_3D('',#9093,#7277,#7278);
#6153=AXIS2_PLACEMENT_3D('',#9095,#7279,#7280);
#6154=AXIS2_PLACEMENT_3D('',#9097,#7282,#7283);
#6155=AXIS2_PLACEMENT_3D('',#9101,#7286,#7287);
#6156=AXIS2_PLACEMENT_3D('',#9103,#7289,#7290);
#6157=AXIS2_PLACEMENT_3D('',#9107,#7293,#7294);
#6158=AXIS2_PLACEMENT_3D('',#9111,#7297,#7298);
#6159=AXIS2_PLACEMENT_3D('',#9113,#7299,#7300);
#6160=AXIS2_PLACEMENT_3D('',#9115,#7302,#7303);
#6161=AXIS2_PLACEMENT_3D('',#9119,#7306,#7307);
#6162=AXIS2_PLACEMENT_3D('',#9121,#7309,#7310);
#6163=AXIS2_PLACEMENT_3D('',#9125,#7313,#7314);
#6164=AXIS2_PLACEMENT_3D('',#9129,#7317,#7318);
#6165=AXIS2_PLACEMENT_3D('',#9131,#7319,#7320);
#6166=AXIS2_PLACEMENT_3D('',#9133,#7322,#7323);
#6167=AXIS2_PLACEMENT_3D('',#9137,#7326,#7327);
#6168=AXIS2_PLACEMENT_3D('',#9139,#7329,#7330);
#6169=AXIS2_PLACEMENT_3D('',#9143,#7333,#7334);
#6170=AXIS2_PLACEMENT_3D('',#9147,#7337,#7338);
#6171=AXIS2_PLACEMENT_3D('',#9149,#7339,#7340);
#6172=AXIS2_PLACEMENT_3D('',#9151,#7342,#7343);
#6173=AXIS2_PLACEMENT_3D('',#9155,#7346,#7347);
#6174=AXIS2_PLACEMENT_3D('',#9157,#7349,#7350);
#6175=AXIS2_PLACEMENT_3D('',#9161,#7353,#7354);
#6176=AXIS2_PLACEMENT_3D('',#9165,#7357,#7358);
#6177=AXIS2_PLACEMENT_3D('',#9167,#7359,#7360);
#6178=AXIS2_PLACEMENT_3D('',#9169,#7362,#7363);
#6179=AXIS2_PLACEMENT_3D('',#9173,#7366,#7367);
#6180=AXIS2_PLACEMENT_3D('',#9175,#7369,#7370);
#6181=AXIS2_PLACEMENT_3D('',#9179,#7373,#7374);
#6182=AXIS2_PLACEMENT_3D('',#9183,#7377,#7378);
#6183=AXIS2_PLACEMENT_3D('',#9185,#7379,#7380);
#6184=AXIS2_PLACEMENT_3D('',#9187,#7382,#7383);
#6185=AXIS2_PLACEMENT_3D('',#9191,#7386,#7387);
#6186=AXIS2_PLACEMENT_3D('',#9193,#7389,#7390);
#6187=AXIS2_PLACEMENT_3D('',#9197,#7393,#7394);
#6188=AXIS2_PLACEMENT_3D('',#9201,#7397,#7398);
#6189=AXIS2_PLACEMENT_3D('',#9203,#7399,#7400);
#6190=AXIS2_PLACEMENT_3D('',#9205,#7402,#7403);
#6191=AXIS2_PLACEMENT_3D('',#9209,#7406,#7407);
#6192=AXIS2_PLACEMENT_3D('',#9211,#7409,#7410);
#6193=AXIS2_PLACEMENT_3D('',#9215,#7413,#7414);
#6194=AXIS2_PLACEMENT_3D('',#9219,#7417,#7418);
#6195=AXIS2_PLACEMENT_3D('',#9221,#7419,#7420);
#6196=AXIS2_PLACEMENT_3D('',#9223,#7422,#7423);
#6197=AXIS2_PLACEMENT_3D('',#9227,#7426,#7427);
#6198=AXIS2_PLACEMENT_3D('',#9229,#7429,#7430);
#6199=AXIS2_PLACEMENT_3D('',#9233,#7433,#7434);
#6200=AXIS2_PLACEMENT_3D('',#9237,#7437,#7438);
#6201=AXIS2_PLACEMENT_3D('',#9239,#7439,#7440);
#6202=AXIS2_PLACEMENT_3D('',#9241,#7442,#7443);
#6203=AXIS2_PLACEMENT_3D('',#9245,#7446,#7447);
#6204=AXIS2_PLACEMENT_3D('',#9247,#7449,#7450);
#6205=AXIS2_PLACEMENT_3D('',#9251,#7453,#7454);
#6206=AXIS2_PLACEMENT_3D('',#9255,#7457,#7458);
#6207=AXIS2_PLACEMENT_3D('',#9257,#7459,#7460);
#6208=AXIS2_PLACEMENT_3D('',#9259,#7462,#7463);
#6209=AXIS2_PLACEMENT_3D('',#9263,#7466,#7467);
#6210=AXIS2_PLACEMENT_3D('',#9265,#7469,#7470);
#6211=AXIS2_PLACEMENT_3D('',#9269,#7473,#7474);
#6212=AXIS2_PLACEMENT_3D('',#9273,#7477,#7478);
#6213=AXIS2_PLACEMENT_3D('',#9275,#7479,#7480);
#6214=AXIS2_PLACEMENT_3D('',#9277,#7482,#7483);
#6215=AXIS2_PLACEMENT_3D('',#9281,#7486,#7487);
#6216=AXIS2_PLACEMENT_3D('',#9283,#7489,#7490);
#6217=AXIS2_PLACEMENT_3D('',#9287,#7493,#7494);
#6218=AXIS2_PLACEMENT_3D('',#9291,#7497,#7498);
#6219=AXIS2_PLACEMENT_3D('',#9293,#7499,#7500);
#6220=AXIS2_PLACEMENT_3D('',#9295,#7502,#7503);
#6221=AXIS2_PLACEMENT_3D('',#9299,#7506,#7507);
#6222=AXIS2_PLACEMENT_3D('',#9301,#7509,#7510);
#6223=AXIS2_PLACEMENT_3D('',#9305,#7513,#7514);
#6224=AXIS2_PLACEMENT_3D('',#9309,#7517,#7518);
#6225=AXIS2_PLACEMENT_3D('',#9311,#7519,#7520);
#6226=AXIS2_PLACEMENT_3D('',#9313,#7522,#7523);
#6227=AXIS2_PLACEMENT_3D('',#9317,#7526,#7527);
#6228=AXIS2_PLACEMENT_3D('',#9319,#7529,#7530);
#6229=AXIS2_PLACEMENT_3D('',#9323,#7533,#7534);
#6230=AXIS2_PLACEMENT_3D('',#9327,#7537,#7538);
#6231=AXIS2_PLACEMENT_3D('',#9329,#7539,#7540);
#6232=AXIS2_PLACEMENT_3D('',#9331,#7542,#7543);
#6233=AXIS2_PLACEMENT_3D('',#9335,#7546,#7547);
#6234=AXIS2_PLACEMENT_3D('',#9337,#7549,#7550);
#6235=AXIS2_PLACEMENT_3D('',#9341,#7553,#7554);
#6236=AXIS2_PLACEMENT_3D('',#9345,#7557,#7558);
#6237=AXIS2_PLACEMENT_3D('',#9347,#7559,#7560);
#6238=AXIS2_PLACEMENT_3D('',#9349,#7562,#7563);
#6239=AXIS2_PLACEMENT_3D('',#9353,#7566,#7567);
#6240=AXIS2_PLACEMENT_3D('',#9355,#7569,#7570);
#6241=AXIS2_PLACEMENT_3D('',#9359,#7573,#7574);
#6242=AXIS2_PLACEMENT_3D('',#9363,#7577,#7578);
#6243=AXIS2_PLACEMENT_3D('',#9365,#7579,#7580);
#6244=AXIS2_PLACEMENT_3D('',#9367,#7582,#7583);
#6245=AXIS2_PLACEMENT_3D('',#9371,#7586,#7587);
#6246=AXIS2_PLACEMENT_3D('',#9373,#7589,#7590);
#6247=AXIS2_PLACEMENT_3D('',#9377,#7593,#7594);
#6248=AXIS2_PLACEMENT_3D('',#9381,#7597,#7598);
#6249=AXIS2_PLACEMENT_3D('',#9383,#7599,#7600);
#6250=AXIS2_PLACEMENT_3D('',#9385,#7602,#7603);
#6251=AXIS2_PLACEMENT_3D('',#9389,#7606,#7607);
#6252=AXIS2_PLACEMENT_3D('',#9391,#7609,#7610);
#6253=AXIS2_PLACEMENT_3D('',#9395,#7613,#7614);
#6254=AXIS2_PLACEMENT_3D('',#9397,#7616,#7617);
#6255=AXIS2_PLACEMENT_3D('',#9401,#7620,#7621);
#6256=AXIS2_PLACEMENT_3D('',#9403,#7623,#7624);
#6257=AXIS2_PLACEMENT_3D('',#9407,#7627,#7628);
#6258=AXIS2_PLACEMENT_3D('',#9409,#7630,#7631);
#6259=AXIS2_PLACEMENT_3D('',#9413,#7634,#7635);
#6260=AXIS2_PLACEMENT_3D('',#9415,#7637,#7638);
#6261=AXIS2_PLACEMENT_3D('',#9419,#7641,#7642);
#6262=AXIS2_PLACEMENT_3D('',#9421,#7644,#7645);
#6263=AXIS2_PLACEMENT_3D('',#9425,#7648,#7649);
#6264=AXIS2_PLACEMENT_3D('',#9427,#7651,#7652);
#6265=AXIS2_PLACEMENT_3D('',#9431,#7655,#7656);
#6266=AXIS2_PLACEMENT_3D('',#9433,#7658,#7659);
#6267=AXIS2_PLACEMENT_3D('',#9437,#7662,#7663);
#6268=AXIS2_PLACEMENT_3D('',#9439,#7665,#7666);
#6269=AXIS2_PLACEMENT_3D('',#9443,#7669,#7670);
#6270=AXIS2_PLACEMENT_3D('',#9445,#7672,#7673);
#6271=AXIS2_PLACEMENT_3D('',#9449,#7676,#7677);
#6272=AXIS2_PLACEMENT_3D('',#9451,#7679,#7680);
#6273=AXIS2_PLACEMENT_3D('',#9453,#7682,#7683);
#6274=AXIS2_PLACEMENT_3D('',#9454,#7684,#7685);
#6275=AXIS2_PLACEMENT_3D('',#9456,#7687,#7688);
#6276=AXIS2_PLACEMENT_3D('',#9457,#7689,#7690);
#6277=AXIS2_PLACEMENT_3D('',#9459,#7692,#7693);
#6278=AXIS2_PLACEMENT_3D('',#9460,#7694,#7695);
#6279=AXIS2_PLACEMENT_3D('',#9462,#7697,#7698);
#6280=AXIS2_PLACEMENT_3D('',#9463,#7699,#7700);
#6281=AXIS2_PLACEMENT_3D('',#9465,#7702,#7703);
#6282=AXIS2_PLACEMENT_3D('',#9466,#7704,#7705);
#6283=AXIS2_PLACEMENT_3D('',#9468,#7707,#7708);
#6284=AXIS2_PLACEMENT_3D('',#9469,#7709,#7710);
#6285=AXIS2_PLACEMENT_3D('',#9471,#7712,#7713);
#6286=AXIS2_PLACEMENT_3D('',#9472,#7714,#7715);
#6287=AXIS2_PLACEMENT_3D('',#9474,#7717,#7718);
#6288=AXIS2_PLACEMENT_3D('',#9475,#7719,#7720);
#6289=AXIS2_PLACEMENT_3D('',#9477,#7722,#7723);
#6290=AXIS2_PLACEMENT_3D('',#9478,#7724,#7725);
#6291=AXIS2_PLACEMENT_3D('',#9480,#7727,#7728);
#6292=AXIS2_PLACEMENT_3D('',#9481,#7729,#7730);
#6293=AXIS2_PLACEMENT_3D('',#9483,#7732,#7733);
#6294=AXIS2_PLACEMENT_3D('',#9484,#7734,#7735);
#6295=AXIS2_PLACEMENT_3D('',#9486,#7737,#7738);
#6296=AXIS2_PLACEMENT_3D('',#9487,#7739,#7740);
#6297=AXIS2_PLACEMENT_3D('',#9489,#7742,#7743);
#6298=AXIS2_PLACEMENT_3D('',#9490,#7744,#7745);
#6299=AXIS2_PLACEMENT_3D('',#9492,#7747,#7748);
#6300=AXIS2_PLACEMENT_3D('',#9493,#7749,#7750);
#6301=AXIS2_PLACEMENT_3D('',#9495,#7752,#7753);
#6302=AXIS2_PLACEMENT_3D('',#9496,#7754,#7755);
#6303=AXIS2_PLACEMENT_3D('',#9498,#7757,#7758);
#6304=AXIS2_PLACEMENT_3D('',#9499,#7759,#7760);
#6305=AXIS2_PLACEMENT_3D('',#9501,#7762,#7763);
#6306=AXIS2_PLACEMENT_3D('',#9502,#7764,#7765);
#6307=AXIS2_PLACEMENT_3D('',#9504,#7767,#7768);
#6308=AXIS2_PLACEMENT_3D('',#9505,#7769,#7770);
#6309=AXIS2_PLACEMENT_3D('',#9507,#7772,#7773);
#6310=AXIS2_PLACEMENT_3D('',#9508,#7774,#7775);
#6311=AXIS2_PLACEMENT_3D('',#9510,#7777,#7778);
#6312=AXIS2_PLACEMENT_3D('',#9511,#7779,#7780);
#6313=AXIS2_PLACEMENT_3D('',#9513,#7782,#7783);
#6314=AXIS2_PLACEMENT_3D('',#9514,#7784,#7785);
#6315=AXIS2_PLACEMENT_3D('',#9516,#7787,#7788);
#6316=AXIS2_PLACEMENT_3D('',#9517,#7789,#7790);
#6317=AXIS2_PLACEMENT_3D('',#9519,#7792,#7793);
#6318=AXIS2_PLACEMENT_3D('',#9520,#7794,#7795);
#6319=AXIS2_PLACEMENT_3D('',#9522,#7797,#7798);
#6320=AXIS2_PLACEMENT_3D('',#9523,#7799,#7800);
#6321=AXIS2_PLACEMENT_3D('',#9525,#7802,#7803);
#6322=AXIS2_PLACEMENT_3D('',#9526,#7804,#7805);
#6323=AXIS2_PLACEMENT_3D('',#9528,#7807,#7808);
#6324=AXIS2_PLACEMENT_3D('',#9529,#7809,#7810);
#6325=AXIS2_PLACEMENT_3D('',#9531,#7812,#7813);
#6326=AXIS2_PLACEMENT_3D('',#9532,#7814,#7815);
#6327=AXIS2_PLACEMENT_3D('',#9534,#7817,#7818);
#6328=DIRECTION('axis',(0.,0.,1.));
#6329=DIRECTION('refdir',(1.,0.,0.));
#6330=DIRECTION('center_axis',(0.,-1.,0.));
#6331=DIRECTION('ref_axis',(0.,0.,-1.));
#6332=DIRECTION('center_axis',(0.,1.,0.));
#6333=DIRECTION('ref_axis',(0.,0.,-1.));
#6334=DIRECTION('',(0.,-1.,0.));
#6335=DIRECTION('center_axis',(0.,1.,0.));
#6336=DIRECTION('ref_axis',(0.,0.,-1.));
#6337=DIRECTION('',(0.,-1.,0.));
#6338=DIRECTION('center_axis',(0.,-1.,0.));
#6339=DIRECTION('ref_axis',(0.,0.,-1.));
#6340=DIRECTION('center_axis',(0.,1.,0.));
#6341=DIRECTION('ref_axis',(0.,0.,-1.));
#6342=DIRECTION('',(0.,-1.,0.));
#6343=DIRECTION('center_axis',(0.,1.,0.));
#6344=DIRECTION('ref_axis',(0.,0.,-1.));
#6345=DIRECTION('',(0.,-1.,0.));
#6346=DIRECTION('center_axis',(0.,-1.,0.));
#6347=DIRECTION('ref_axis',(0.,0.,-1.));
#6348=DIRECTION('center_axis',(0.,1.,0.));
#6349=DIRECTION('ref_axis',(0.,0.,-1.));
#6350=DIRECTION('',(0.,-1.,0.));
#6351=DIRECTION('center_axis',(0.,1.,0.));
#6352=DIRECTION('ref_axis',(0.,0.,-1.));
#6353=DIRECTION('',(0.,-1.,0.));
#6354=DIRECTION('center_axis',(0.,-1.,0.));
#6355=DIRECTION('ref_axis',(0.,0.,-1.));
#6356=DIRECTION('center_axis',(0.,1.,0.));
#6357=DIRECTION('ref_axis',(0.,0.,-1.));
#6358=DIRECTION('',(0.,-1.,0.));
#6359=DIRECTION('center_axis',(0.,1.,0.));
#6360=DIRECTION('ref_axis',(0.,0.,-1.));
#6361=DIRECTION('',(0.,-1.,0.));
#6362=DIRECTION('center_axis',(0.,-1.,0.));
#6363=DIRECTION('ref_axis',(0.,0.,-1.));
#6364=DIRECTION('center_axis',(0.,1.,0.));
#6365=DIRECTION('ref_axis',(0.,0.,-1.));
#6366=DIRECTION('',(0.,-1.,0.));
#6367=DIRECTION('center_axis',(0.,1.,0.));
#6368=DIRECTION('ref_axis',(0.,0.,-1.));
#6369=DIRECTION('',(0.,-1.,0.));
#6370=DIRECTION('center_axis',(0.,-1.,0.));
#6371=DIRECTION('ref_axis',(0.,0.,-1.));
#6372=DIRECTION('center_axis',(0.,1.,0.));
#6373=DIRECTION('ref_axis',(0.,0.,-1.));
#6374=DIRECTION('',(0.,-1.,0.));
#6375=DIRECTION('center_axis',(0.,1.,0.));
#6376=DIRECTION('ref_axis',(0.,0.,-1.));
#6377=DIRECTION('',(0.,-1.,0.));
#6378=DIRECTION('center_axis',(0.,-1.,0.));
#6379=DIRECTION('ref_axis',(0.,0.,-1.));
#6380=DIRECTION('center_axis',(0.,1.,0.));
#6381=DIRECTION('ref_axis',(0.,0.,-1.));
#6382=DIRECTION('',(0.,-1.,0.));
#6383=DIRECTION('center_axis',(0.,1.,0.));
#6384=DIRECTION('ref_axis',(0.,0.,-1.));
#6385=DIRECTION('',(0.,-1.,0.));
#6386=DIRECTION('center_axis',(0.,1.,0.));
#6387=DIRECTION('ref_axis',(0.,0.,1.));
#6388=DIRECTION('',(-1.,0.,0.));
#6389=DIRECTION('',(0.,0.,1.));
#6390=DIRECTION('',(1.,0.,0.));
#6391=DIRECTION('',(0.,0.,-1.));
#6392=DIRECTION('center_axis',(0.,-1.,0.));
#6393=DIRECTION('ref_axis',(0.,0.,-1.));
#6394=DIRECTION('center_axis',(1.,-2.65374336939815E-15,0.));
#6395=DIRECTION('ref_axis',(-2.65374336939815E-15,-0.999994134600221,0.00342502046049299));
#6396=DIRECTION('center_axis',(-1.,0.,1.38777878078145E-16));
#6397=DIRECTION('ref_axis',(1.38777878078145E-16,0.,1.));
#6398=DIRECTION('',(0.,-1.,0.));
#6399=DIRECTION('',(1.38777878078145E-16,0.,1.));
#6400=DIRECTION('',(0.,1.,0.));
#6401=DIRECTION('',(1.38777878078145E-16,0.,1.));
#6402=DIRECTION('',(0.,-1.,0.));
#6403=DIRECTION('',(1.38777878078145E-16,0.,1.));
#6404=DIRECTION('',(0.,1.,0.));
#6405=DIRECTION('',(1.38777878078145E-16,0.,1.));
#6406=DIRECTION('',(0.,-1.,0.));
#6407=DIRECTION('',(1.38777878078145E-16,0.,1.));
#6408=DIRECTION('',(0.,1.,0.));
#6409=DIRECTION('',(1.38777878078145E-16,0.,1.));
#6410=DIRECTION('',(0.,-1.,0.));
#6411=DIRECTION('',(1.38777878078145E-16,0.,1.));
#6412=DIRECTION('',(0.,1.,0.));
#6413=DIRECTION('',(0.,-1.,0.));
#6414=DIRECTION('',(1.38777878078145E-16,0.,1.));
#6415=DIRECTION('',(0.,1.,0.));
#6416=DIRECTION('',(1.38777878078145E-16,0.,1.));
#6417=DIRECTION('',(0.,-1.,0.));
#6418=DIRECTION('',(1.38777878078145E-16,0.,1.));
#6419=DIRECTION('',(0.,1.,0.));
#6420=DIRECTION('',(1.38777878078145E-16,0.,1.));
#6421=DIRECTION('',(0.,-1.,0.));
#6422=DIRECTION('',(1.38777878078145E-16,0.,1.));
#6423=DIRECTION('',(0.,1.,0.));
#6424=DIRECTION('',(1.38777878078145E-16,0.,1.));
#6425=DIRECTION('',(0.,-1.,0.));
#6426=DIRECTION('',(1.38777878078145E-16,0.,1.));
#6427=DIRECTION('',(0.,1.,0.));
#6428=DIRECTION('',(1.38777878078145E-16,0.,1.));
#6429=DIRECTION('center_axis',(0.,0.,-1.));
#6430=DIRECTION('ref_axis',(-1.,0.,0.));
#6431=DIRECTION('',(0.,1.,0.));
#6432=DIRECTION('',(-1.,0.,0.));
#6433=DIRECTION('',(0.,-1.,0.));
#6434=DIRECTION('',(-1.,0.,0.));
#6435=DIRECTION('',(0.,1.,0.));
#6436=DIRECTION('',(-1.,0.,0.));
#6437=DIRECTION('',(0.,-1.,0.));
#6438=DIRECTION('',(-1.,0.,0.));
#6439=DIRECTION('',(0.,-1.,0.));
#6440=DIRECTION('',(-1.,0.,0.));
#6441=DIRECTION('',(0.,1.,0.));
#6442=DIRECTION('',(-1.,0.,0.));
#6443=DIRECTION('',(0.,-1.,0.));
#6444=DIRECTION('',(-1.,0.,0.));
#6445=DIRECTION('',(0.,1.,0.));
#6446=DIRECTION('',(-1.,0.,0.));
#6447=DIRECTION('',(0.,-1.,0.));
#6448=DIRECTION('',(-1.,0.,0.));
#6449=DIRECTION('',(0.,1.,0.));
#6450=DIRECTION('',(-1.,0.,0.));
#6451=DIRECTION('',(0.,-1.,0.));
#6452=DIRECTION('',(-1.,0.,0.));
#6453=DIRECTION('',(0.,1.,0.));
#6454=DIRECTION('',(-1.,0.,0.));
#6455=DIRECTION('',(0.,-1.,0.));
#6456=DIRECTION('',(-1.,0.,0.));
#6457=DIRECTION('',(0.,1.,0.));
#6458=DIRECTION('',(-1.,0.,0.));
#6459=DIRECTION('',(0.,-1.,0.));
#6460=DIRECTION('',(-1.,0.,0.));
#6461=DIRECTION('center_axis',(1.,0.,0.));
#6462=DIRECTION('ref_axis',(0.,0.,-1.));
#6463=DIRECTION('',(0.,1.,0.));
#6464=DIRECTION('',(0.,0.,-1.));
#6465=DIRECTION('',(0.,-1.,0.));
#6466=DIRECTION('',(0.,0.,-1.));
#6467=DIRECTION('',(0.,-1.,0.));
#6468=DIRECTION('',(0.,0.,-1.));
#6469=DIRECTION('',(0.,1.,0.));
#6470=DIRECTION('',(0.,0.,-1.));
#6471=DIRECTION('',(0.,-1.,0.));
#6472=DIRECTION('',(0.,0.,-1.));
#6473=DIRECTION('',(0.,1.,0.));
#6474=DIRECTION('',(0.,0.,-1.));
#6475=DIRECTION('',(0.,-1.,0.));
#6476=DIRECTION('',(0.,0.,-1.));
#6477=DIRECTION('',(0.,1.,0.));
#6478=DIRECTION('',(0.,0.,-1.));
#6479=DIRECTION('',(0.,-1.,0.));
#6480=DIRECTION('',(0.,0.,-1.));
#6481=DIRECTION('',(0.,1.,0.));
#6482=DIRECTION('',(0.,0.,-1.));
#6483=DIRECTION('',(0.,-1.,0.));
#6484=DIRECTION('',(0.,0.,-1.));
#6485=DIRECTION('',(0.,1.,0.));
#6486=DIRECTION('',(0.,0.,-1.));
#6487=DIRECTION('',(0.,-1.,0.));
#6488=DIRECTION('',(0.,0.,-1.));
#6489=DIRECTION('',(0.,1.,0.));
#6490=DIRECTION('',(0.,0.,-1.));
#6491=DIRECTION('',(0.,-1.,0.));
#6492=DIRECTION('',(0.,0.,-1.));
#6493=DIRECTION('center_axis',(0.,0.,1.));
#6494=DIRECTION('ref_axis',(1.,0.,0.));
#6495=DIRECTION('',(0.,1.,0.));
#6496=DIRECTION('',(1.,0.,0.));
#6497=DIRECTION('',(0.,-1.,0.));
#6498=DIRECTION('',(1.,0.,0.));
#6499=DIRECTION('',(0.,1.,0.));
#6500=DIRECTION('',(1.,0.,0.));
#6501=DIRECTION('',(0.,-1.,0.));
#6502=DIRECTION('',(1.,0.,0.));
#6503=DIRECTION('',(0.,1.,0.));
#6504=DIRECTION('',(1.,0.,0.));
#6505=DIRECTION('',(0.,-1.,0.));
#6506=DIRECTION('',(1.,0.,0.));
#6507=DIRECTION('',(0.,1.,0.));
#6508=DIRECTION('',(1.,0.,0.));
#6509=DIRECTION('',(0.,-1.,0.));
#6510=DIRECTION('',(1.,0.,0.));
#6511=DIRECTION('',(0.,1.,0.));
#6512=DIRECTION('',(1.,0.,0.));
#6513=DIRECTION('',(0.,-1.,0.));
#6514=DIRECTION('',(1.,0.,0.));
#6515=DIRECTION('',(1.,0.,0.));
#6516=DIRECTION('',(0.,1.,0.));
#6517=DIRECTION('',(1.,0.,0.));
#6518=DIRECTION('',(0.,-1.,0.));
#6519=DIRECTION('',(1.,0.,0.));
#6520=DIRECTION('',(0.,1.,0.));
#6521=DIRECTION('',(1.,0.,0.));
#6522=DIRECTION('',(0.,-1.,0.));
#6523=DIRECTION('',(1.,0.,0.));
#6524=DIRECTION('center_axis',(0.,-1.,0.));
#6525=DIRECTION('ref_axis',(0.,0.,-1.));
#6526=DIRECTION('',(0.,0.,1.));
#6527=DIRECTION('',(0.,0.,-1.));
#6528=DIRECTION('',(0.707106781186545,0.,-0.70710678118655));
#6529=DIRECTION('',(0.,0.,-1.));
#6530=DIRECTION('',(0.,0.,1.));
#6531=DIRECTION('',(0.707106781186545,0.,0.70710678118655));
#6532=DIRECTION('',(0.,0.,1.));
#6533=DIRECTION('',(0.,0.,-1.));
#6534=DIRECTION('',(0.707106781186547,0.,-0.707106781186547));
#6535=DIRECTION('',(0.,0.,-1.));
#6536=DIRECTION('',(0.,0.,1.));
#6537=DIRECTION('',(0.70710678118655,0.,0.707106781186545));
#6538=DIRECTION('',(0.,0.,1.));
#6539=DIRECTION('',(0.,0.,-1.));
#6540=DIRECTION('',(0.70710678118655,0.,-0.707106781186545));
#6541=DIRECTION('',(0.,0.,-1.));
#6542=DIRECTION('',(0.,0.,1.));
#6543=DIRECTION('',(0.707106781186552,0.,0.707106781186543));
#6544=DIRECTION('',(0.,0.,1.));
#6545=DIRECTION('',(0.,0.,-1.));
#6546=DIRECTION('',(0.70710678118655,0.,-0.707106781186545));
#6547=DIRECTION('',(0.,0.,-1.));
#6548=DIRECTION('',(0.,0.,1.));
#6549=DIRECTION('',(0.70710678118655,0.,0.707106781186545));
#6550=DIRECTION('',(0.,0.,1.));
#6551=DIRECTION('',(0.,0.,-1.));
#6552=DIRECTION('',(0.70710678118655,0.,-0.707106781186545));
#6553=DIRECTION('',(0.,0.,-1.));
#6554=DIRECTION('',(0.,0.,1.));
#6555=DIRECTION('',(0.70710678118655,0.,0.707106781186545));
#6556=DIRECTION('',(0.,0.,1.));
#6557=DIRECTION('',(1.,0.,0.));
#6558=DIRECTION('',(0.707106781186552,0.,0.707106781186543));
#6559=DIRECTION('',(1.,0.,0.));
#6560=DIRECTION('center_axis',(0.,1.,0.));
#6561=DIRECTION('ref_axis',(0.,0.,-1.));
#6562=DIRECTION('',(-1.,0.,0.));
#6563=DIRECTION('',(-0.70710678118655,0.,0.707106781186545));
#6564=DIRECTION('',(-1.,0.,0.));
#6565=DIRECTION('',(1.,0.,0.));
#6566=DIRECTION('',(0.707106781186552,0.,0.707106781186543));
#6567=DIRECTION('',(1.,0.,0.));
#6568=DIRECTION('center_axis',(0.,1.,0.));
#6569=DIRECTION('ref_axis',(0.,0.,-1.));
#6570=DIRECTION('',(-1.,0.,0.));
#6571=DIRECTION('',(-0.70710678118655,0.,0.707106781186545));
#6572=DIRECTION('',(-1.,0.,0.));
#6573=DIRECTION('',(1.,0.,0.));
#6574=DIRECTION('',(0.70710678118655,0.,0.707106781186545));
#6575=DIRECTION('',(1.,0.,0.));
#6576=DIRECTION('center_axis',(0.,1.,0.));
#6577=DIRECTION('ref_axis',(0.,0.,-1.));
#6578=DIRECTION('',(-1.,0.,0.));
#6579=DIRECTION('',(-0.70710678118655,0.,0.707106781186545));
#6580=DIRECTION('',(-1.,0.,0.));
#6581=DIRECTION('',(1.,0.,0.));
#6582=DIRECTION('',(0.70710678118655,0.,0.707106781186545));
#6583=DIRECTION('',(1.,0.,0.));
#6584=DIRECTION('center_axis',(0.,1.,0.));
#6585=DIRECTION('ref_axis',(0.,0.,-1.));
#6586=DIRECTION('',(-1.,0.,0.));
#6587=DIRECTION('',(-0.707106781186547,0.,0.707106781186547));
#6588=DIRECTION('',(-1.,0.,0.));
#6589=DIRECTION('',(1.,0.,0.));
#6590=DIRECTION('',(0.707106781186547,0.,0.707106781186547));
#6591=DIRECTION('',(1.,0.,0.));
#6592=DIRECTION('center_axis',(0.,1.,0.));
#6593=DIRECTION('ref_axis',(0.,0.,-1.));
#6594=DIRECTION('',(-1.,0.,0.));
#6595=DIRECTION('',(-0.707106781186547,0.,0.707106781186547));
#6596=DIRECTION('',(-1.,0.,0.));
#6597=DIRECTION('',(1.,0.,0.));
#6598=DIRECTION('',(0.707106781186547,0.,0.707106781186547));
#6599=DIRECTION('',(1.,0.,0.));
#6600=DIRECTION('center_axis',(0.,1.,0.));
#6601=DIRECTION('ref_axis',(0.,0.,-1.));
#6602=DIRECTION('',(-1.,0.,0.));
#6603=DIRECTION('',(-0.707106781186547,0.,0.707106781186547));
#6604=DIRECTION('',(-1.,0.,0.));
#6605=DIRECTION('',(1.,0.,0.));
#6606=DIRECTION('',(0.707106781186547,0.,0.707106781186547));
#6607=DIRECTION('',(1.,0.,0.));
#6608=DIRECTION('center_axis',(0.,1.,0.));
#6609=DIRECTION('ref_axis',(0.,0.,-1.));
#6610=DIRECTION('',(-1.,0.,0.));
#6611=DIRECTION('',(-0.707106781186547,0.,0.707106781186547));
#6612=DIRECTION('',(-1.,0.,0.));
#6613=DIRECTION('',(0.,0.,1.));
#6614=DIRECTION('',(-0.707106781186547,0.,0.707106781186547));
#6615=DIRECTION('',(0.,0.,1.));
#6616=DIRECTION('center_axis',(0.,1.,0.));
#6617=DIRECTION('ref_axis',(0.,0.,-1.));
#6618=DIRECTION('',(0.,0.,-1.));
#6619=DIRECTION('',(-0.707106781186547,0.,-0.707106781186547));
#6620=DIRECTION('',(0.,0.,-1.));
#6621=DIRECTION('',(0.,0.,1.));
#6622=DIRECTION('',(-0.707106781186547,0.,0.707106781186547));
#6623=DIRECTION('',(0.,0.,1.));
#6624=DIRECTION('center_axis',(0.,1.,0.));
#6625=DIRECTION('ref_axis',(0.,0.,-1.));
#6626=DIRECTION('',(0.,0.,-1.));
#6627=DIRECTION('',(-0.707106781186547,0.,-0.707106781186547));
#6628=DIRECTION('',(0.,0.,-1.));
#6629=DIRECTION('',(0.,0.,1.));
#6630=DIRECTION('',(-0.707106781186547,0.,0.707106781186547));
#6631=DIRECTION('',(0.,0.,1.));
#6632=DIRECTION('center_axis',(0.,1.,0.));
#6633=DIRECTION('ref_axis',(0.,0.,-1.));
#6634=DIRECTION('',(0.,0.,-1.));
#6635=DIRECTION('',(-0.707106781186547,0.,-0.707106781186547));
#6636=DIRECTION('',(0.,0.,-1.));
#6637=DIRECTION('',(0.,0.,1.));
#6638=DIRECTION('',(-0.707106781186547,0.,0.707106781186547));
#6639=DIRECTION('',(0.,0.,1.));
#6640=DIRECTION('center_axis',(0.,1.,0.));
#6641=DIRECTION('ref_axis',(0.,0.,-1.));
#6642=DIRECTION('',(0.,0.,-1.));
#6643=DIRECTION('',(-0.707106781186545,0.,-0.70710678118655));
#6644=DIRECTION('',(0.,0.,-1.));
#6645=DIRECTION('',(0.,0.,1.));
#6646=DIRECTION('',(-0.707106781186545,0.,0.70710678118655));
#6647=DIRECTION('',(0.,0.,1.));
#6648=DIRECTION('center_axis',(0.,1.,0.));
#6649=DIRECTION('ref_axis',(0.,0.,-1.));
#6650=DIRECTION('',(0.,0.,-1.));
#6651=DIRECTION('',(-0.707106781186545,0.,-0.70710678118655));
#6652=DIRECTION('',(0.,0.,-1.));
#6653=DIRECTION('',(0.,0.,1.));
#6654=DIRECTION('',(-0.707106781186545,0.,0.70710678118655));
#6655=DIRECTION('',(0.,0.,1.));
#6656=DIRECTION('center_axis',(0.,1.,0.));
#6657=DIRECTION('ref_axis',(0.,0.,-1.));
#6658=DIRECTION('',(0.,0.,-1.));
#6659=DIRECTION('',(-0.707106781186545,0.,-0.70710678118655));
#6660=DIRECTION('',(0.,0.,-1.));
#6661=DIRECTION('',(0.,0.,1.));
#6662=DIRECTION('',(-0.707106781186545,0.,0.70710678118655));
#6663=DIRECTION('',(0.,0.,1.));
#6664=DIRECTION('center_axis',(0.,1.,0.));
#6665=DIRECTION('ref_axis',(0.,0.,-1.));
#6666=DIRECTION('',(0.,0.,-1.));
#6667=DIRECTION('',(-0.707106781186545,0.,-0.70710678118655));
#6668=DIRECTION('',(0.,0.,-1.));
#6669=DIRECTION('',(-1.,0.,0.));
#6670=DIRECTION('',(-0.707106781186545,0.,-0.70710678118655));
#6671=DIRECTION('',(-1.,0.,0.));
#6672=DIRECTION('center_axis',(0.,1.,0.));
#6673=DIRECTION('ref_axis',(0.,0.,-1.));
#6674=DIRECTION('',(1.,0.,0.));
#6675=DIRECTION('',(0.707106781186545,0.,-0.70710678118655));
#6676=DIRECTION('',(1.,0.,0.));
#6677=DIRECTION('',(-1.,0.,0.));
#6678=DIRECTION('',(-0.707106781186545,0.,-0.70710678118655));
#6679=DIRECTION('',(-1.,0.,0.));
#6680=DIRECTION('center_axis',(0.,1.,0.));
#6681=DIRECTION('ref_axis',(0.,0.,-1.));
#6682=DIRECTION('',(1.,0.,0.));
#6683=DIRECTION('',(0.707106781186545,0.,-0.70710678118655));
#6684=DIRECTION('',(1.,0.,0.));
#6685=DIRECTION('',(-1.,0.,0.));
#6686=DIRECTION('',(-0.707106781186545,0.,-0.70710678118655));
#6687=DIRECTION('',(-1.,0.,0.));
#6688=DIRECTION('center_axis',(0.,1.,0.));
#6689=DIRECTION('ref_axis',(0.,0.,-1.));
#6690=DIRECTION('',(1.,0.,0.));
#6691=DIRECTION('',(0.707106781186545,0.,-0.70710678118655));
#6692=DIRECTION('',(1.,0.,0.));
#6693=DIRECTION('',(-1.,0.,0.));
#6694=DIRECTION('',(-0.707106781186545,0.,-0.70710678118655));
#6695=DIRECTION('',(-1.,0.,0.));
#6696=DIRECTION('center_axis',(0.,1.,0.));
#6697=DIRECTION('ref_axis',(0.,0.,-1.));
#6698=DIRECTION('',(1.,0.,0.));
#6699=DIRECTION('',(0.707106781186547,0.,-0.707106781186547));
#6700=DIRECTION('',(1.,0.,0.));
#6701=DIRECTION('',(-1.,0.,0.));
#6702=DIRECTION('',(-0.707106781186547,0.,-0.707106781186547));
#6703=DIRECTION('',(-1.,0.,0.));
#6704=DIRECTION('center_axis',(0.,1.,0.));
#6705=DIRECTION('ref_axis',(0.,0.,-1.));
#6706=DIRECTION('',(1.,0.,0.));
#6707=DIRECTION('',(0.707106781186547,0.,-0.707106781186547));
#6708=DIRECTION('',(1.,0.,0.));
#6709=DIRECTION('',(-1.,0.,0.));
#6710=DIRECTION('',(-0.707106781186547,0.,-0.707106781186547));
#6711=DIRECTION('',(-1.,0.,0.));
#6712=DIRECTION('center_axis',(0.,1.,0.));
#6713=DIRECTION('ref_axis',(0.,0.,-1.));
#6714=DIRECTION('',(1.,0.,0.));
#6715=DIRECTION('',(0.70710678118655,0.,-0.707106781186545));
#6716=DIRECTION('',(1.,0.,0.));
#6717=DIRECTION('',(-1.,0.,0.));
#6718=DIRECTION('',(-0.707106781186547,0.,-0.707106781186547));
#6719=DIRECTION('',(-1.,0.,0.));
#6720=DIRECTION('center_axis',(0.,1.,0.));
#6721=DIRECTION('ref_axis',(0.,0.,-1.));
#6722=DIRECTION('',(0.707106781186547,0.,0.707106781186547));
#6723=DIRECTION('',(1.,0.,0.));
#6724=DIRECTION('',(0.70710678118655,0.,-0.707106781186545));
#6725=DIRECTION('',(1.,0.,0.));
#6726=DIRECTION('',(0.,0.,-1.));
#6727=DIRECTION('',(0.707106781186547,0.,-0.707106781186547));
#6728=DIRECTION('',(0.,0.,-1.));
#6729=DIRECTION('',(0.,0.,1.));
#6730=DIRECTION('',(0.707106781186548,0.,0.707106781186548));
#6731=DIRECTION('',(0.,0.,1.));
#6732=DIRECTION('',(0.,0.,-1.));
#6733=DIRECTION('',(0.707106781186541,0.,-0.707106781186554));
#6734=DIRECTION('',(0.,0.,-1.));
#6735=DIRECTION('',(0.,0.,1.));
#6736=DIRECTION('',(0.707106781186545,0.,0.70710678118655));
#6737=DIRECTION('center_axis',(0.,0.,1.));
#6738=DIRECTION('ref_axis',(1.,0.,0.));
#6739=DIRECTION('',(1.,0.,0.));
#6740=DIRECTION('',(0.,1.,0.));
#6741=DIRECTION('',(-1.,0.,0.));
#6742=DIRECTION('',(0.,-1.,0.));
#6743=DIRECTION('center_axis',(0.,1.,0.));
#6744=DIRECTION('ref_axis',(0.,0.,1.));
#6745=DIRECTION('',(0.,0.,1.));
#6746=DIRECTION('',(-1.,0.,0.));
#6747=DIRECTION('center_axis',(0.,0.,-1.));
#6748=DIRECTION('ref_axis',(-1.,0.,0.));
#6749=DIRECTION('',(0.,-1.,0.));
#6750=DIRECTION('',(-1.,0.,0.));
#6751=DIRECTION('',(0.,1.,0.));
#6752=DIRECTION('center_axis',(0.,0.,1.));
#6753=DIRECTION('ref_axis',(1.,0.,0.));
#6754=DIRECTION('',(1.,0.,0.));
#6755=DIRECTION('',(0.,1.,0.));
#6756=DIRECTION('',(-1.,0.,0.));
#6757=DIRECTION('',(0.,-1.,0.));
#6758=DIRECTION('center_axis',(0.,1.,0.));
#6759=DIRECTION('ref_axis',(0.,0.,1.));
#6760=DIRECTION('',(0.,0.,1.));
#6761=DIRECTION('',(-1.,0.,0.));
#6762=DIRECTION('center_axis',(0.,0.,-1.));
#6763=DIRECTION('ref_axis',(-1.,0.,0.));
#6764=DIRECTION('',(0.,-1.,0.));
#6765=DIRECTION('',(-1.,0.,0.));
#6766=DIRECTION('',(0.,1.,0.));
#6767=DIRECTION('center_axis',(0.,0.,1.));
#6768=DIRECTION('ref_axis',(1.,0.,0.));
#6769=DIRECTION('',(1.,0.,0.));
#6770=DIRECTION('',(0.,1.,0.));
#6771=DIRECTION('',(-1.,0.,0.));
#6772=DIRECTION('',(0.,-1.,0.));
#6773=DIRECTION('center_axis',(0.,1.,0.));
#6774=DIRECTION('ref_axis',(0.,0.,1.));
#6775=DIRECTION('',(0.,0.,1.));
#6776=DIRECTION('',(-1.,0.,0.));
#6777=DIRECTION('center_axis',(0.,0.,-1.));
#6778=DIRECTION('ref_axis',(-1.,0.,0.));
#6779=DIRECTION('',(0.,-1.,0.));
#6780=DIRECTION('',(-1.,0.,0.));
#6781=DIRECTION('',(0.,1.,0.));
#6782=DIRECTION('center_axis',(0.,0.,1.));
#6783=DIRECTION('ref_axis',(1.,0.,0.));
#6784=DIRECTION('',(1.,0.,0.));
#6785=DIRECTION('',(0.,1.,0.));
#6786=DIRECTION('',(-1.,0.,0.));
#6787=DIRECTION('',(0.,-1.,0.));
#6788=DIRECTION('center_axis',(0.,1.,0.));
#6789=DIRECTION('ref_axis',(0.,0.,1.));
#6790=DIRECTION('',(0.,0.,1.));
#6791=DIRECTION('',(-1.,0.,0.));
#6792=DIRECTION('center_axis',(0.,0.,-1.));
#6793=DIRECTION('ref_axis',(-1.,0.,0.));
#6794=DIRECTION('',(0.,-1.,0.));
#6795=DIRECTION('',(-1.,0.,0.));
#6796=DIRECTION('',(0.,1.,0.));
#6797=DIRECTION('center_axis',(0.,0.,1.));
#6798=DIRECTION('ref_axis',(1.,0.,0.));
#6799=DIRECTION('',(1.,0.,0.));
#6800=DIRECTION('',(0.,1.,0.));
#6801=DIRECTION('',(-1.,0.,0.));
#6802=DIRECTION('',(0.,-1.,0.));
#6803=DIRECTION('center_axis',(0.,1.,0.));
#6804=DIRECTION('ref_axis',(0.,0.,1.));
#6805=DIRECTION('',(-1.,0.,0.));
#6806=DIRECTION('',(0.,0.,1.));
#6807=DIRECTION('center_axis',(0.,0.,-1.));
#6808=DIRECTION('ref_axis',(-1.,0.,0.));
#6809=DIRECTION('',(0.,-1.,0.));
#6810=DIRECTION('',(-1.,0.,0.));
#6811=DIRECTION('',(0.,1.,0.));
#6812=DIRECTION('center_axis',(0.,0.,1.));
#6813=DIRECTION('ref_axis',(1.,0.,0.));
#6814=DIRECTION('',(1.,0.,0.));
#6815=DIRECTION('',(0.,1.,0.));
#6816=DIRECTION('',(-1.,0.,0.));
#6817=DIRECTION('',(0.,-1.,0.));
#6818=DIRECTION('center_axis',(0.,1.,0.));
#6819=DIRECTION('ref_axis',(0.,0.,1.));
#6820=DIRECTION('',(-1.,0.,0.));
#6821=DIRECTION('',(0.,0.,1.));
#6822=DIRECTION('center_axis',(0.,0.,-1.));
#6823=DIRECTION('ref_axis',(-1.,0.,0.));
#6824=DIRECTION('',(0.,-1.,0.));
#6825=DIRECTION('',(-1.,0.,0.));
#6826=DIRECTION('',(0.,1.,0.));
#6827=DIRECTION('center_axis',(0.,0.,1.));
#6828=DIRECTION('ref_axis',(1.,0.,0.));
#6829=DIRECTION('',(1.,0.,0.));
#6830=DIRECTION('',(0.,1.,0.));
#6831=DIRECTION('',(-1.,0.,0.));
#6832=DIRECTION('',(0.,-1.,0.));
#6833=DIRECTION('center_axis',(0.,1.,0.));
#6834=DIRECTION('ref_axis',(0.,0.,1.));
#6835=DIRECTION('',(-1.,0.,0.));
#6836=DIRECTION('',(0.,0.,1.));
#6837=DIRECTION('center_axis',(0.,0.,-1.));
#6838=DIRECTION('ref_axis',(-1.,0.,0.));
#6839=DIRECTION('',(0.,-1.,0.));
#6840=DIRECTION('',(-1.,0.,0.));
#6841=DIRECTION('',(0.,1.,0.));
#6842=DIRECTION('center_axis',(0.,1.,0.));
#6843=DIRECTION('ref_axis',(0.,0.,1.));
#6844=DIRECTION('',(-1.,0.,0.));
#6845=DIRECTION('',(0.,0.,1.));
#6846=DIRECTION('',(0.,0.,-1.));
#6847=DIRECTION('center_axis',(1.,0.,0.));
#6848=DIRECTION('ref_axis',(0.,0.,-1.));
#6849=DIRECTION('',(0.,-1.,0.));
#6850=DIRECTION('',(0.,0.,-1.));
#6851=DIRECTION('',(0.,1.,0.));
#6852=DIRECTION('center_axis',(-1.,0.,0.));
#6853=DIRECTION('ref_axis',(0.,0.,1.));
#6854=DIRECTION('',(0.,0.,1.));
#6855=DIRECTION('',(0.,1.,0.));
#6856=DIRECTION('',(0.,0.,-1.));
#6857=DIRECTION('',(0.,-1.,0.));
#6858=DIRECTION('center_axis',(0.,1.,0.));
#6859=DIRECTION('ref_axis',(0.,0.,1.));
#6860=DIRECTION('',(0.,0.,-1.));
#6861=DIRECTION('',(-1.,0.,0.));
#6862=DIRECTION('center_axis',(1.,0.,0.));
#6863=DIRECTION('ref_axis',(0.,0.,-1.));
#6864=DIRECTION('',(0.,-1.,0.));
#6865=DIRECTION('',(0.,0.,-1.));
#6866=DIRECTION('',(0.,1.,0.));
#6867=DIRECTION('center_axis',(-1.,0.,0.));
#6868=DIRECTION('ref_axis',(0.,0.,1.));
#6869=DIRECTION('',(0.,0.,1.));
#6870=DIRECTION('',(0.,1.,0.));
#6871=DIRECTION('',(0.,0.,-1.));
#6872=DIRECTION('',(0.,-1.,0.));
#6873=DIRECTION('center_axis',(0.,1.,0.));
#6874=DIRECTION('ref_axis',(0.,0.,1.));
#6875=DIRECTION('',(0.,0.,-1.));
#6876=DIRECTION('',(-1.,0.,0.));
#6877=DIRECTION('center_axis',(1.,0.,0.));
#6878=DIRECTION('ref_axis',(0.,0.,-1.));
#6879=DIRECTION('',(0.,-1.,0.));
#6880=DIRECTION('',(0.,0.,-1.));
#6881=DIRECTION('',(0.,1.,0.));
#6882=DIRECTION('center_axis',(-1.,0.,0.));
#6883=DIRECTION('ref_axis',(0.,0.,1.));
#6884=DIRECTION('',(0.,0.,1.));
#6885=DIRECTION('',(0.,1.,0.));
#6886=DIRECTION('',(0.,0.,-1.));
#6887=DIRECTION('',(0.,-1.,0.));
#6888=DIRECTION('center_axis',(0.,1.,0.));
#6889=DIRECTION('ref_axis',(0.,0.,1.));
#6890=DIRECTION('',(-1.,0.,0.));
#6891=DIRECTION('',(0.,0.,-1.));
#6892=DIRECTION('center_axis',(1.,0.,0.));
#6893=DIRECTION('ref_axis',(0.,0.,-1.));
#6894=DIRECTION('',(0.,-1.,0.));
#6895=DIRECTION('',(0.,0.,-1.));
#6896=DIRECTION('',(0.,1.,0.));
#6897=DIRECTION('center_axis',(-1.,0.,0.));
#6898=DIRECTION('ref_axis',(0.,0.,1.));
#6899=DIRECTION('',(0.,0.,1.));
#6900=DIRECTION('',(0.,1.,0.));
#6901=DIRECTION('',(0.,0.,-1.));
#6902=DIRECTION('',(0.,-1.,0.));
#6903=DIRECTION('center_axis',(0.,1.,0.));
#6904=DIRECTION('ref_axis',(0.,0.,1.));
#6905=DIRECTION('',(-1.,0.,0.));
#6906=DIRECTION('',(0.,0.,-1.));
#6907=DIRECTION('center_axis',(1.,0.,0.));
#6908=DIRECTION('ref_axis',(0.,0.,-1.));
#6909=DIRECTION('',(0.,-1.,0.));
#6910=DIRECTION('',(0.,0.,-1.));
#6911=DIRECTION('',(0.,1.,0.));
#6912=DIRECTION('center_axis',(-1.,0.,0.));
#6913=DIRECTION('ref_axis',(0.,0.,1.));
#6914=DIRECTION('',(0.,0.,1.));
#6915=DIRECTION('',(0.,1.,0.));
#6916=DIRECTION('',(0.,0.,-1.));
#6917=DIRECTION('',(0.,-1.,0.));
#6918=DIRECTION('center_axis',(0.,1.,0.));
#6919=DIRECTION('ref_axis',(0.,0.,1.));
#6920=DIRECTION('',(-1.,0.,0.));
#6921=DIRECTION('',(0.,0.,-1.));
#6922=DIRECTION('center_axis',(1.,0.,0.));
#6923=DIRECTION('ref_axis',(0.,0.,-1.));
#6924=DIRECTION('',(0.,-1.,0.));
#6925=DIRECTION('',(0.,0.,-1.));
#6926=DIRECTION('',(0.,1.,0.));
#6927=DIRECTION('center_axis',(-1.,0.,0.));
#6928=DIRECTION('ref_axis',(0.,0.,1.));
#6929=DIRECTION('',(0.,0.,1.));
#6930=DIRECTION('',(0.,1.,0.));
#6931=DIRECTION('',(0.,0.,-1.));
#6932=DIRECTION('',(0.,-1.,0.));
#6933=DIRECTION('center_axis',(0.,1.,0.));
#6934=DIRECTION('ref_axis',(0.,0.,1.));
#6935=DIRECTION('',(0.,0.,-1.));
#6936=DIRECTION('',(-1.,0.,0.));
#6937=DIRECTION('center_axis',(1.,0.,0.));
#6938=DIRECTION('ref_axis',(0.,0.,-1.));
#6939=DIRECTION('',(0.,-1.,0.));
#6940=DIRECTION('',(0.,0.,-1.));
#6941=DIRECTION('',(0.,1.,0.));
#6942=DIRECTION('center_axis',(-1.,0.,0.));
#6943=DIRECTION('ref_axis',(0.,0.,1.));
#6944=DIRECTION('',(0.,0.,1.));
#6945=DIRECTION('',(0.,1.,0.));
#6946=DIRECTION('',(0.,-1.,0.));
#6947=DIRECTION('center_axis',(0.,1.,0.));
#6948=DIRECTION('ref_axis',(0.,0.,1.));
#6949=DIRECTION('',(0.,0.,-1.));
#6950=DIRECTION('',(-1.,0.,0.));
#6951=DIRECTION('',(1.,0.,0.));
#6952=DIRECTION('center_axis',(0.,0.,1.));
#6953=DIRECTION('ref_axis',(1.,0.,0.));
#6954=DIRECTION('',(0.,-1.,0.));
#6955=DIRECTION('',(1.,0.,0.));
#6956=DIRECTION('',(0.,1.,0.));
#6957=DIRECTION('center_axis',(0.,0.,-1.));
#6958=DIRECTION('ref_axis',(-1.,0.,0.));
#6959=DIRECTION('',(-1.,0.,0.));
#6960=DIRECTION('',(0.,1.,0.));
#6961=DIRECTION('',(1.,0.,0.));
#6962=DIRECTION('',(0.,-1.,0.));
#6963=DIRECTION('center_axis',(0.,1.,0.));
#6964=DIRECTION('ref_axis',(0.,0.,1.));
#6965=DIRECTION('',(0.,0.,-1.));
#6966=DIRECTION('',(1.,0.,0.));
#6967=DIRECTION('center_axis',(0.,0.,1.));
#6968=DIRECTION('ref_axis',(1.,0.,0.));
#6969=DIRECTION('',(0.,-1.,0.));
#6970=DIRECTION('',(1.,0.,0.));
#6971=DIRECTION('',(0.,1.,0.));
#6972=DIRECTION('center_axis',(0.,0.,-1.));
#6973=DIRECTION('ref_axis',(-1.,0.,0.));
#6974=DIRECTION('',(-1.,0.,0.));
#6975=DIRECTION('',(0.,1.,0.));
#6976=DIRECTION('',(1.,0.,0.));
#6977=DIRECTION('',(0.,-1.,0.));
#6978=DIRECTION('center_axis',(0.,1.,0.));
#6979=DIRECTION('ref_axis',(0.,0.,1.));
#6980=DIRECTION('',(0.,0.,-1.));
#6981=DIRECTION('',(1.,0.,0.));
#6982=DIRECTION('center_axis',(0.,0.,1.));
#6983=DIRECTION('ref_axis',(1.,0.,0.));
#6984=DIRECTION('',(0.,-1.,0.));
#6985=DIRECTION('',(1.,0.,0.));
#6986=DIRECTION('',(0.,1.,0.));
#6987=DIRECTION('center_axis',(0.,0.,-1.));
#6988=DIRECTION('ref_axis',(-1.,0.,0.));
#6989=DIRECTION('',(-1.,0.,0.));
#6990=DIRECTION('',(0.,1.,0.));
#6991=DIRECTION('',(1.,0.,0.));
#6992=DIRECTION('',(0.,-1.,0.));
#6993=DIRECTION('center_axis',(0.,1.,0.));
#6994=DIRECTION('ref_axis',(0.,0.,1.));
#6995=DIRECTION('',(0.,0.,-1.));
#6996=DIRECTION('',(1.,0.,0.));
#6997=DIRECTION('center_axis',(0.,0.,1.));
#6998=DIRECTION('ref_axis',(1.,0.,0.));
#6999=DIRECTION('',(0.,-1.,0.));
#7000=DIRECTION('',(1.,0.,0.));
#7001=DIRECTION('',(0.,1.,0.));
#7002=DIRECTION('center_axis',(0.,0.,-1.));
#7003=DIRECTION('ref_axis',(-1.,0.,0.));
#7004=DIRECTION('',(-1.,0.,0.));
#7005=DIRECTION('',(0.,1.,0.));
#7006=DIRECTION('',(1.,0.,0.));
#7007=DIRECTION('',(0.,-1.,0.));
#7008=DIRECTION('center_axis',(0.,1.,0.));
#7009=DIRECTION('ref_axis',(0.,0.,1.));
#7010=DIRECTION('',(0.,0.,-1.));
#7011=DIRECTION('',(1.,0.,0.));
#7012=DIRECTION('center_axis',(0.,0.,1.));
#7013=DIRECTION('ref_axis',(1.,0.,0.));
#7014=DIRECTION('',(0.,-1.,0.));
#7015=DIRECTION('',(1.,0.,0.));
#7016=DIRECTION('',(0.,1.,0.));
#7017=DIRECTION('center_axis',(0.,0.,-1.));
#7018=DIRECTION('ref_axis',(-1.,0.,0.));
#7019=DIRECTION('',(-1.,0.,0.));
#7020=DIRECTION('',(0.,1.,0.));
#7021=DIRECTION('',(1.,0.,0.));
#7022=DIRECTION('',(0.,-1.,0.));
#7023=DIRECTION('center_axis',(0.,1.,0.));
#7024=DIRECTION('ref_axis',(0.,0.,1.));
#7025=DIRECTION('',(1.,0.,0.));
#7026=DIRECTION('',(0.,0.,-1.));
#7027=DIRECTION('center_axis',(0.,0.,1.));
#7028=DIRECTION('ref_axis',(1.,0.,0.));
#7029=DIRECTION('',(0.,-1.,0.));
#7030=DIRECTION('',(1.,0.,0.));
#7031=DIRECTION('',(0.,1.,0.));
#7032=DIRECTION('center_axis',(0.,0.,-1.));
#7033=DIRECTION('ref_axis',(-1.,0.,0.));
#7034=DIRECTION('',(-1.,0.,0.));
#7035=DIRECTION('',(0.,1.,0.));
#7036=DIRECTION('',(1.,0.,0.));
#7037=DIRECTION('',(0.,-1.,0.));
#7038=DIRECTION('center_axis',(0.,1.,0.));
#7039=DIRECTION('ref_axis',(0.,0.,1.));
#7040=DIRECTION('',(0.,0.,-1.));
#7041=DIRECTION('',(1.,0.,0.));
#7042=DIRECTION('center_axis',(0.,0.,1.));
#7043=DIRECTION('ref_axis',(1.,0.,0.));
#7044=DIRECTION('',(0.,-1.,0.));
#7045=DIRECTION('',(1.,0.,0.));
#7046=DIRECTION('',(0.,1.,0.));
#7047=DIRECTION('center_axis',(0.,0.,-1.));
#7048=DIRECTION('ref_axis',(-1.,0.,0.));
#7049=DIRECTION('',(-1.,0.,0.));
#7050=DIRECTION('',(0.,1.,0.));
#7051=DIRECTION('',(0.,-1.,0.));
#7052=DIRECTION('center_axis',(0.,1.,0.));
#7053=DIRECTION('ref_axis',(0.,0.,1.));
#7054=DIRECTION('',(1.,0.,0.));
#7055=DIRECTION('',(0.,0.,-1.));
#7056=DIRECTION('',(0.,0.,1.));
#7057=DIRECTION('center_axis',(-1.,0.,0.));
#7058=DIRECTION('ref_axis',(0.,0.,1.));
#7059=DIRECTION('',(0.,-1.,0.));
#7060=DIRECTION('',(0.,0.,1.));
#7061=DIRECTION('',(0.,1.,0.));
#7062=DIRECTION('center_axis',(1.,0.,0.));
#7063=DIRECTION('ref_axis',(0.,0.,-1.));
#7064=DIRECTION('',(0.,0.,-1.));
#7065=DIRECTION('',(0.,1.,0.));
#7066=DIRECTION('',(0.,0.,1.));
#7067=DIRECTION('',(0.,-1.,0.));
#7068=DIRECTION('center_axis',(0.,1.,0.));
#7069=DIRECTION('ref_axis',(0.,0.,1.));
#7070=DIRECTION('',(0.,0.,1.));
#7071=DIRECTION('',(1.,0.,0.));
#7072=DIRECTION('center_axis',(-1.,0.,0.));
#7073=DIRECTION('ref_axis',(0.,0.,1.));
#7074=DIRECTION('',(0.,-1.,0.));
#7075=DIRECTION('',(0.,0.,1.));
#7076=DIRECTION('',(0.,1.,0.));
#7077=DIRECTION('center_axis',(1.,0.,0.));
#7078=DIRECTION('ref_axis',(0.,0.,-1.));
#7079=DIRECTION('',(0.,0.,-1.));
#7080=DIRECTION('',(0.,1.,0.));
#7081=DIRECTION('',(0.,0.,1.));
#7082=DIRECTION('',(0.,-1.,0.));
#7083=DIRECTION('center_axis',(0.,1.,0.));
#7084=DIRECTION('ref_axis',(0.,0.,1.));
#7085=DIRECTION('',(0.,0.,1.));
#7086=DIRECTION('',(1.,0.,0.));
#7087=DIRECTION('center_axis',(-1.,0.,0.));
#7088=DIRECTION('ref_axis',(0.,0.,1.));
#7089=DIRECTION('',(0.,-1.,0.));
#7090=DIRECTION('',(0.,0.,1.));
#7091=DIRECTION('',(0.,1.,0.));
#7092=DIRECTION('center_axis',(1.,0.,0.));
#7093=DIRECTION('ref_axis',(0.,0.,-1.));
#7094=DIRECTION('',(0.,0.,-1.));
#7095=DIRECTION('',(0.,1.,0.));
#7096=DIRECTION('',(0.,0.,1.));
#7097=DIRECTION('',(0.,-1.,0.));
#7098=DIRECTION('center_axis',(0.,1.,0.));
#7099=DIRECTION('ref_axis',(0.,0.,1.));
#7100=DIRECTION('',(0.,0.,1.));
#7101=DIRECTION('',(1.,0.,0.));
#7102=DIRECTION('center_axis',(-1.,0.,0.));
#7103=DIRECTION('ref_axis',(0.,0.,1.));
#7104=DIRECTION('',(0.,-1.,0.));
#7105=DIRECTION('',(0.,0.,1.));
#7106=DIRECTION('',(0.,1.,0.));
#7107=DIRECTION('center_axis',(1.,0.,0.));
#7108=DIRECTION('ref_axis',(0.,0.,-1.));
#7109=DIRECTION('',(0.,0.,-1.));
#7110=DIRECTION('',(0.,1.,0.));
#7111=DIRECTION('',(0.,0.,1.));
#7112=DIRECTION('',(0.,-1.,0.));
#7113=DIRECTION('center_axis',(0.,1.,0.));
#7114=DIRECTION('ref_axis',(0.,0.,1.));
#7115=DIRECTION('',(0.,0.,1.));
#7116=DIRECTION('',(1.,0.,0.));
#7117=DIRECTION('center_axis',(-1.,0.,0.));
#7118=DIRECTION('ref_axis',(0.,0.,1.));
#7119=DIRECTION('',(0.,-1.,0.));
#7120=DIRECTION('',(0.,0.,1.));
#7121=DIRECTION('',(0.,1.,0.));
#7122=DIRECTION('center_axis',(1.,0.,0.));
#7123=DIRECTION('ref_axis',(0.,0.,-1.));
#7124=DIRECTION('',(0.,0.,-1.));
#7125=DIRECTION('',(0.,1.,0.));
#7126=DIRECTION('',(0.,0.,1.));
#7127=DIRECTION('',(0.,-1.,0.));
#7128=DIRECTION('center_axis',(0.,1.,0.));
#7129=DIRECTION('ref_axis',(0.,0.,1.));
#7130=DIRECTION('',(0.,0.,1.));
#7131=DIRECTION('',(1.,0.,0.));
#7132=DIRECTION('center_axis',(-1.,0.,0.));
#7133=DIRECTION('ref_axis',(0.,0.,1.));
#7134=DIRECTION('',(0.,-1.,0.));
#7135=DIRECTION('',(0.,0.,1.));
#7136=DIRECTION('',(0.,1.,0.));
#7137=DIRECTION('center_axis',(1.,0.,0.));
#7138=DIRECTION('ref_axis',(0.,0.,-1.));
#7139=DIRECTION('',(0.,0.,-1.));
#7140=DIRECTION('',(0.,1.,0.));
#7141=DIRECTION('',(0.,0.,1.));
#7142=DIRECTION('',(0.,-1.,0.));
#7143=DIRECTION('center_axis',(0.,1.,0.));
#7144=DIRECTION('ref_axis',(0.,0.,1.));
#7145=DIRECTION('',(0.,0.,1.));
#7146=DIRECTION('',(1.,0.,0.));
#7147=DIRECTION('center_axis',(-1.,0.,0.));
#7148=DIRECTION('ref_axis',(0.,0.,1.));
#7149=DIRECTION('',(0.,-1.,0.));
#7150=DIRECTION('',(0.,0.,1.));
#7151=DIRECTION('',(0.,1.,0.));
#7152=DIRECTION('center_axis',(1.,0.,0.));
#7153=DIRECTION('ref_axis',(0.,0.,-1.));
#7154=DIRECTION('',(0.,0.,-1.));
#7155=DIRECTION('',(0.,1.,0.));
#7156=DIRECTION('',(0.,-1.,0.));
#7157=DIRECTION('center_axis',(-0.707106781186549,0.,0.707106781186546));
#7158=DIRECTION('ref_axis',(0.707106781186546,0.,0.707106781186549));
#7159=DIRECTION('',(0.707106781186546,0.,0.707106781186549));
#7160=DIRECTION('',(0.,-1.,0.));
#7161=DIRECTION('center_axis',(-1.,0.,0.));
#7162=DIRECTION('ref_axis',(0.,0.,1.));
#7163=DIRECTION('',(0.,0.,1.));
#7164=DIRECTION('center_axis',(1.,0.,0.));
#7165=DIRECTION('ref_axis',(0.,0.,-1.));
#7166=DIRECTION('',(0.,0.,-1.));
#7167=DIRECTION('',(0.,-1.,0.));
#7168=DIRECTION('center_axis',(0.707106781186551,0.,0.707106781186544));
#7169=DIRECTION('ref_axis',(0.707106781186544,0.,-0.707106781186551));
#7170=DIRECTION('',(0.707106781186544,0.,-0.707106781186551));
#7171=DIRECTION('center_axis',(-0.707106781186548,0.,0.707106781186547));
#7172=DIRECTION('ref_axis',(0.707106781186547,0.,0.707106781186548));
#7173=DIRECTION('',(0.707106781186547,0.,0.707106781186548));
#7174=DIRECTION('',(0.,-1.,0.));
#7175=DIRECTION('center_axis',(-1.,0.,0.));
#7176=DIRECTION('ref_axis',(0.,0.,1.));
#7177=DIRECTION('',(0.,0.,1.));
#7178=DIRECTION('center_axis',(1.,0.,0.));
#7179=DIRECTION('ref_axis',(0.,0.,-1.));
#7180=DIRECTION('',(0.,0.,-1.));
#7181=DIRECTION('',(0.,-1.,0.));
#7182=DIRECTION('center_axis',(0.707106781186545,0.,0.70710678118655));
#7183=DIRECTION('ref_axis',(0.70710678118655,0.,-0.707106781186545));
#7184=DIRECTION('',(0.70710678118655,0.,-0.707106781186545));
#7185=DIRECTION('center_axis',(0.707106781186547,0.,0.707106781186548));
#7186=DIRECTION('ref_axis',(0.707106781186548,0.,-0.707106781186547));
#7187=DIRECTION('',(0.707106781186548,0.,-0.707106781186547));
#7188=DIRECTION('',(0.,-1.,0.));
#7189=DIRECTION('center_axis',(0.,0.,1.));
#7190=DIRECTION('ref_axis',(1.,0.,0.));
#7191=DIRECTION('',(1.,0.,0.));
#7192=DIRECTION('',(0.,-1.,0.));
#7193=DIRECTION('center_axis',(0.707106781186547,0.,-0.707106781186548));
#7194=DIRECTION('ref_axis',(-0.707106781186548,0.,-0.707106781186547));
#7195=DIRECTION('',(0.,1.,0.));
#7196=DIRECTION('',(-0.707106781186548,0.,-0.707106781186547));
#7197=DIRECTION('center_axis',(0.,-1.,0.));
#7198=DIRECTION('ref_axis',(0.,0.,-1.));
#7199=DIRECTION('',(0.,-1.,0.));
#7200=DIRECTION('center_axis',(0.,1.,0.));
#7201=DIRECTION('ref_axis',(0.,0.,-1.));
#7202=DIRECTION('center_axis',(0.,0.,-1.));
#7203=DIRECTION('ref_axis',(-1.,0.,0.));
#7204=DIRECTION('',(-1.,0.,0.));
#7205=DIRECTION('',(0.,-1.,0.));
#7206=DIRECTION('center_axis',(0.707106781186547,0.,-0.707106781186548));
#7207=DIRECTION('ref_axis',(-0.707106781186548,0.,-0.707106781186547));
#7208=DIRECTION('',(-0.707106781186548,0.,-0.707106781186547));
#7209=DIRECTION('center_axis',(0.707106781186548,0.,0.707106781186547));
#7210=DIRECTION('ref_axis',(0.707106781186547,0.,-0.707106781186548));
#7211=DIRECTION('',(0.707106781186547,0.,-0.707106781186548));
#7212=DIRECTION('',(0.,-1.,0.));
#7213=DIRECTION('center_axis',(0.,0.,1.));
#7214=DIRECTION('ref_axis',(1.,0.,0.));
#7215=DIRECTION('',(1.,0.,0.));
#7216=DIRECTION('',(0.,-1.,0.));
#7217=DIRECTION('center_axis',(0.,-1.,0.));
#7218=DIRECTION('ref_axis',(0.,0.,-1.));
#7219=DIRECTION('center_axis',(0.,1.,0.));
#7220=DIRECTION('ref_axis',(0.,0.,-1.));
#7221=DIRECTION('',(0.,-1.,0.));
#7222=DIRECTION('center_axis',(0.,0.,-1.));
#7223=DIRECTION('ref_axis',(-1.,0.,0.));
#7224=DIRECTION('',(-1.,0.,0.));
#7225=DIRECTION('',(0.,-1.,0.));
#7226=DIRECTION('center_axis',(0.707106781186548,0.,-0.707106781186547));
#7227=DIRECTION('ref_axis',(-0.707106781186547,0.,-0.707106781186548));
#7228=DIRECTION('',(-0.707106781186547,0.,-0.707106781186548));
#7229=DIRECTION('center_axis',(0.707106781186548,0.,0.707106781186547));
#7230=DIRECTION('ref_axis',(0.707106781186547,0.,-0.707106781186548));
#7231=DIRECTION('',(0.707106781186547,0.,-0.707106781186548));
#7232=DIRECTION('',(0.,-1.,0.));
#7233=DIRECTION('center_axis',(0.,0.,1.));
#7234=DIRECTION('ref_axis',(1.,0.,0.));
#7235=DIRECTION('',(1.,0.,0.));
#7236=DIRECTION('',(0.,-1.,0.));
#7237=DIRECTION('center_axis',(0.,-1.,0.));
#7238=DIRECTION('ref_axis',(0.,0.,-1.));
#7239=DIRECTION('center_axis',(0.,1.,0.));
#7240=DIRECTION('ref_axis',(0.,0.,-1.));
#7241=DIRECTION('',(0.,-1.,0.));
#7242=DIRECTION('center_axis',(0.,0.,-1.));
#7243=DIRECTION('ref_axis',(-1.,0.,0.));
#7244=DIRECTION('',(-1.,0.,0.));
#7245=DIRECTION('',(0.,-1.,0.));
#7246=DIRECTION('center_axis',(0.707106781186548,0.,-0.707106781186547));
#7247=DIRECTION('ref_axis',(-0.707106781186547,0.,-0.707106781186548));
#7248=DIRECTION('',(-0.707106781186547,0.,-0.707106781186548));
#7249=DIRECTION('center_axis',(0.707106781186548,0.,0.707106781186547));
#7250=DIRECTION('ref_axis',(0.707106781186547,0.,-0.707106781186548));
#7251=DIRECTION('',(0.707106781186547,0.,-0.707106781186548));
#7252=DIRECTION('',(0.,-1.,0.));
#7253=DIRECTION('center_axis',(0.,0.,1.));
#7254=DIRECTION('ref_axis',(1.,0.,0.));
#7255=DIRECTION('',(1.,0.,0.));
#7256=DIRECTION('',(0.,-1.,0.));
#7257=DIRECTION('center_axis',(0.,-1.,0.));
#7258=DIRECTION('ref_axis',(0.,0.,-1.));
#7259=DIRECTION('center_axis',(0.,1.,0.));
#7260=DIRECTION('ref_axis',(0.,0.,-1.));
#7261=DIRECTION('',(0.,-1.,0.));
#7262=DIRECTION('center_axis',(0.,0.,-1.));
#7263=DIRECTION('ref_axis',(-1.,0.,0.));
#7264=DIRECTION('',(-1.,0.,0.));
#7265=DIRECTION('',(0.,-1.,0.));
#7266=DIRECTION('center_axis',(0.707106781186548,0.,-0.707106781186547));
#7267=DIRECTION('ref_axis',(-0.707106781186547,0.,-0.707106781186548));
#7268=DIRECTION('',(-0.707106781186547,0.,-0.707106781186548));
#7269=DIRECTION('center_axis',(0.707106781186548,0.,0.707106781186547));
#7270=DIRECTION('ref_axis',(0.707106781186547,0.,-0.707106781186548));
#7271=DIRECTION('',(0.707106781186547,0.,-0.707106781186548));
#7272=DIRECTION('',(0.,-1.,0.));
#7273=DIRECTION('center_axis',(0.,0.,1.));
#7274=DIRECTION('ref_axis',(1.,0.,0.));
#7275=DIRECTION('',(1.,0.,0.));
#7276=DIRECTION('',(0.,-1.,0.));
#7277=DIRECTION('center_axis',(0.,-1.,0.));
#7278=DIRECTION('ref_axis',(0.,0.,-1.));
#7279=DIRECTION('center_axis',(0.,1.,0.));
#7280=DIRECTION('ref_axis',(0.,0.,-1.));
#7281=DIRECTION('',(0.,-1.,0.));
#7282=DIRECTION('center_axis',(0.,0.,-1.));
#7283=DIRECTION('ref_axis',(-1.,0.,0.));
#7284=DIRECTION('',(-1.,0.,0.));
#7285=DIRECTION('',(0.,-1.,0.));
#7286=DIRECTION('center_axis',(0.707106781186548,0.,-0.707106781186547));
#7287=DIRECTION('ref_axis',(-0.707106781186547,0.,-0.707106781186548));
#7288=DIRECTION('',(-0.707106781186547,0.,-0.707106781186548));
#7289=DIRECTION('center_axis',(0.707106781186548,0.,0.707106781186548));
#7290=DIRECTION('ref_axis',(0.707106781186548,0.,-0.707106781186548));
#7291=DIRECTION('',(0.707106781186547,0.,-0.707106781186547));
#7292=DIRECTION('',(0.,-1.,0.));
#7293=DIRECTION('center_axis',(0.,0.,1.));
#7294=DIRECTION('ref_axis',(1.,0.,0.));
#7295=DIRECTION('',(1.,0.,0.));
#7296=DIRECTION('',(0.,-1.,0.));
#7297=DIRECTION('center_axis',(0.,-1.,0.));
#7298=DIRECTION('ref_axis',(0.,0.,-1.));
#7299=DIRECTION('center_axis',(0.,1.,0.));
#7300=DIRECTION('ref_axis',(0.,0.,-1.));
#7301=DIRECTION('',(0.,-1.,0.));
#7302=DIRECTION('center_axis',(0.,0.,-1.));
#7303=DIRECTION('ref_axis',(-1.,0.,0.));
#7304=DIRECTION('',(-1.,0.,0.));
#7305=DIRECTION('',(0.,-1.,0.));
#7306=DIRECTION('center_axis',(0.707106781186548,0.,-0.707106781186547));
#7307=DIRECTION('ref_axis',(-0.707106781186547,0.,-0.707106781186548));
#7308=DIRECTION('',(-0.707106781186547,0.,-0.707106781186548));
#7309=DIRECTION('center_axis',(0.707106781186548,0.,0.707106781186548));
#7310=DIRECTION('ref_axis',(0.707106781186548,0.,-0.707106781186548));
#7311=DIRECTION('',(0.707106781186547,0.,-0.707106781186547));
#7312=DIRECTION('',(0.,-1.,0.));
#7313=DIRECTION('center_axis',(0.,0.,1.));
#7314=DIRECTION('ref_axis',(1.,0.,0.));
#7315=DIRECTION('',(1.,0.,0.));
#7316=DIRECTION('',(0.,-1.,0.));
#7317=DIRECTION('center_axis',(0.,-1.,0.));
#7318=DIRECTION('ref_axis',(0.,0.,-1.));
#7319=DIRECTION('center_axis',(0.,1.,0.));
#7320=DIRECTION('ref_axis',(0.,0.,-1.));
#7321=DIRECTION('',(0.,-1.,0.));
#7322=DIRECTION('center_axis',(0.,0.,-1.));
#7323=DIRECTION('ref_axis',(-1.,0.,0.));
#7324=DIRECTION('',(-1.,0.,0.));
#7325=DIRECTION('',(0.,-1.,0.));
#7326=DIRECTION('center_axis',(0.707106781186548,0.,-0.707106781186547));
#7327=DIRECTION('ref_axis',(-0.707106781186547,0.,-0.707106781186548));
#7328=DIRECTION('',(-0.707106781186547,0.,-0.707106781186548));
#7329=DIRECTION('center_axis',(0.707106781186548,0.,-0.707106781186547));
#7330=DIRECTION('ref_axis',(-0.707106781186547,0.,-0.707106781186548));
#7331=DIRECTION('',(-0.707106781186547,0.,-0.707106781186548));
#7332=DIRECTION('',(0.,-1.,0.));
#7333=DIRECTION('center_axis',(1.,0.,0.));
#7334=DIRECTION('ref_axis',(0.,0.,-1.));
#7335=DIRECTION('',(0.,0.,-1.));
#7336=DIRECTION('',(0.,-1.,0.));
#7337=DIRECTION('center_axis',(0.,-1.,0.));
#7338=DIRECTION('ref_axis',(1.22464679914735E-16,0.,1.));
#7339=DIRECTION('center_axis',(0.,1.,0.));
#7340=DIRECTION('ref_axis',(0.,0.,-1.));
#7341=DIRECTION('',(0.,-1.,0.));
#7342=DIRECTION('center_axis',(-1.,0.,-9.91270557701032E-16));
#7343=DIRECTION('ref_axis',(-9.91270557701032E-16,0.,1.));
#7344=DIRECTION('',(-9.91270557701032E-16,0.,1.));
#7345=DIRECTION('',(0.,-1.,0.));
#7346=DIRECTION('center_axis',(-0.707106781186548,0.,-0.707106781186547));
#7347=DIRECTION('ref_axis',(-0.707106781186547,0.,0.707106781186548));
#7348=DIRECTION('',(-0.707106781186547,0.,0.707106781186548));
#7349=DIRECTION('center_axis',(0.707106781186548,0.,-0.707106781186548));
#7350=DIRECTION('ref_axis',(-0.707106781186548,0.,-0.707106781186548));
#7351=DIRECTION('',(-0.707106781186547,0.,-0.707106781186547));
#7352=DIRECTION('',(0.,-1.,0.));
#7353=DIRECTION('center_axis',(1.,0.,0.));
#7354=DIRECTION('ref_axis',(0.,0.,-1.));
#7355=DIRECTION('',(0.,0.,-1.));
#7356=DIRECTION('',(0.,-1.,0.));
#7357=DIRECTION('center_axis',(0.,-1.,0.));
#7358=DIRECTION('ref_axis',(1.22464679914735E-16,0.,1.));
#7359=DIRECTION('center_axis',(0.,1.,0.));
#7360=DIRECTION('ref_axis',(0.,0.,-1.));
#7361=DIRECTION('',(0.,-1.,0.));
#7362=DIRECTION('center_axis',(-1.,0.,0.));
#7363=DIRECTION('ref_axis',(0.,0.,1.));
#7364=DIRECTION('',(0.,0.,1.));
#7365=DIRECTION('',(0.,-1.,0.));
#7366=DIRECTION('center_axis',(-0.707106781186548,0.,-0.707106781186548));
#7367=DIRECTION('ref_axis',(-0.707106781186548,0.,0.707106781186548));
#7368=DIRECTION('',(-0.707106781186547,0.,0.707106781186547));
#7369=DIRECTION('center_axis',(0.707106781186548,0.,-0.707106781186548));
#7370=DIRECTION('ref_axis',(-0.707106781186548,0.,-0.707106781186548));
#7371=DIRECTION('',(-0.707106781186547,0.,-0.707106781186547));
#7372=DIRECTION('',(0.,-1.,0.));
#7373=DIRECTION('center_axis',(1.,0.,0.));
#7374=DIRECTION('ref_axis',(0.,0.,-1.));
#7375=DIRECTION('',(0.,0.,-1.));
#7376=DIRECTION('',(0.,-1.,0.));
#7377=DIRECTION('center_axis',(0.,-1.,0.));
#7378=DIRECTION('ref_axis',(1.22464679914735E-16,0.,1.));
#7379=DIRECTION('center_axis',(0.,1.,0.));
#7380=DIRECTION('ref_axis',(0.,0.,-1.));
#7381=DIRECTION('',(0.,-1.,0.));
#7382=DIRECTION('center_axis',(-1.,0.,0.));
#7383=DIRECTION('ref_axis',(0.,0.,1.));
#7384=DIRECTION('',(0.,0.,1.));
#7385=DIRECTION('',(0.,-1.,0.));
#7386=DIRECTION('center_axis',(-0.707106781186548,0.,-0.707106781186548));
#7387=DIRECTION('ref_axis',(-0.707106781186548,0.,0.707106781186548));
#7388=DIRECTION('',(-0.707106781186547,0.,0.707106781186547));
#7389=DIRECTION('center_axis',(0.707106781186548,0.,-0.707106781186548));
#7390=DIRECTION('ref_axis',(-0.707106781186548,0.,-0.707106781186548));
#7391=DIRECTION('',(-0.707106781186547,0.,-0.707106781186547));
#7392=DIRECTION('',(0.,-1.,0.));
#7393=DIRECTION('center_axis',(1.,0.,0.));
#7394=DIRECTION('ref_axis',(0.,0.,-1.));
#7395=DIRECTION('',(0.,0.,-1.));
#7396=DIRECTION('',(0.,-1.,0.));
#7397=DIRECTION('center_axis',(0.,-1.,0.));
#7398=DIRECTION('ref_axis',(1.22464679914735E-16,0.,1.));
#7399=DIRECTION('center_axis',(0.,1.,0.));
#7400=DIRECTION('ref_axis',(0.,0.,-1.));
#7401=DIRECTION('',(0.,-1.,0.));
#7402=DIRECTION('center_axis',(-1.,0.,0.));
#7403=DIRECTION('ref_axis',(0.,0.,1.));
#7404=DIRECTION('',(0.,0.,1.));
#7405=DIRECTION('',(0.,-1.,0.));
#7406=DIRECTION('center_axis',(-0.707106781186548,0.,-0.707106781186548));
#7407=DIRECTION('ref_axis',(-0.707106781186548,0.,0.707106781186548));
#7408=DIRECTION('',(-0.707106781186547,0.,0.707106781186547));
#7409=DIRECTION('center_axis',(0.707106781186548,0.,-0.707106781186548));
#7410=DIRECTION('ref_axis',(-0.707106781186548,0.,-0.707106781186548));
#7411=DIRECTION('',(-0.707106781186547,0.,-0.707106781186547));
#7412=DIRECTION('',(0.,-1.,0.));
#7413=DIRECTION('center_axis',(1.,0.,0.));
#7414=DIRECTION('ref_axis',(0.,0.,-1.));
#7415=DIRECTION('',(0.,0.,-1.));
#7416=DIRECTION('',(0.,-1.,0.));
#7417=DIRECTION('center_axis',(0.,-1.,0.));
#7418=DIRECTION('ref_axis',(1.22464679914735E-16,0.,1.));
#7419=DIRECTION('center_axis',(0.,1.,0.));
#7420=DIRECTION('ref_axis',(0.,0.,-1.));
#7421=DIRECTION('',(0.,-1.,0.));
#7422=DIRECTION('center_axis',(-1.,0.,0.));
#7423=DIRECTION('ref_axis',(0.,0.,1.));
#7424=DIRECTION('',(0.,0.,1.));
#7425=DIRECTION('',(0.,-1.,0.));
#7426=DIRECTION('center_axis',(-0.707106781186548,0.,-0.707106781186548));
#7427=DIRECTION('ref_axis',(-0.707106781186548,0.,0.707106781186548));
#7428=DIRECTION('',(-0.707106781186547,0.,0.707106781186547));
#7429=DIRECTION('center_axis',(0.707106781186548,0.,-0.707106781186548));
#7430=DIRECTION('ref_axis',(-0.707106781186548,0.,-0.707106781186548));
#7431=DIRECTION('',(-0.707106781186547,0.,-0.707106781186547));
#7432=DIRECTION('',(0.,-1.,0.));
#7433=DIRECTION('center_axis',(1.,0.,0.));
#7434=DIRECTION('ref_axis',(0.,0.,-1.));
#7435=DIRECTION('',(0.,0.,-1.));
#7436=DIRECTION('',(0.,-1.,0.));
#7437=DIRECTION('center_axis',(0.,-1.,0.));
#7438=DIRECTION('ref_axis',(1.22464679914735E-16,0.,1.));
#7439=DIRECTION('center_axis',(0.,1.,0.));
#7440=DIRECTION('ref_axis',(0.,0.,-1.));
#7441=DIRECTION('',(0.,-1.,0.));
#7442=DIRECTION('center_axis',(-1.,0.,0.));
#7443=DIRECTION('ref_axis',(0.,0.,1.));
#7444=DIRECTION('',(0.,0.,1.));
#7445=DIRECTION('',(0.,-1.,0.));
#7446=DIRECTION('center_axis',(-0.707106781186548,0.,-0.707106781186548));
#7447=DIRECTION('ref_axis',(-0.707106781186548,0.,0.707106781186548));
#7448=DIRECTION('',(-0.707106781186547,0.,0.707106781186547));
#7449=DIRECTION('center_axis',(0.707106781186548,0.,-0.707106781186548));
#7450=DIRECTION('ref_axis',(-0.707106781186548,0.,-0.707106781186548));
#7451=DIRECTION('',(-0.707106781186547,0.,-0.707106781186547));
#7452=DIRECTION('',(0.,-1.,0.));
#7453=DIRECTION('center_axis',(1.,0.,0.));
#7454=DIRECTION('ref_axis',(0.,0.,-1.));
#7455=DIRECTION('',(0.,0.,-1.));
#7456=DIRECTION('',(0.,-1.,0.));
#7457=DIRECTION('center_axis',(0.,-1.,0.));
#7458=DIRECTION('ref_axis',(1.22464679914735E-16,0.,1.));
#7459=DIRECTION('center_axis',(0.,1.,0.));
#7460=DIRECTION('ref_axis',(0.,0.,-1.));
#7461=DIRECTION('',(0.,-1.,0.));
#7462=DIRECTION('center_axis',(-1.,0.,0.));
#7463=DIRECTION('ref_axis',(0.,0.,1.));
#7464=DIRECTION('',(0.,0.,1.));
#7465=DIRECTION('',(0.,-1.,0.));
#7466=DIRECTION('center_axis',(-0.707106781186548,0.,-0.707106781186548));
#7467=DIRECTION('ref_axis',(-0.707106781186548,0.,0.707106781186548));
#7468=DIRECTION('',(-0.707106781186547,0.,0.707106781186547));
#7469=DIRECTION('center_axis',(-0.707106781186548,0.,-0.707106781186548));
#7470=DIRECTION('ref_axis',(-0.707106781186548,0.,0.707106781186548));
#7471=DIRECTION('',(-0.707106781186547,0.,0.707106781186547));
#7472=DIRECTION('',(0.,-1.,0.));
#7473=DIRECTION('center_axis',(0.,0.,-1.));
#7474=DIRECTION('ref_axis',(-1.,0.,0.));
#7475=DIRECTION('',(-1.,0.,0.));
#7476=DIRECTION('',(0.,-1.,0.));
#7477=DIRECTION('center_axis',(0.,-1.,0.));
#7478=DIRECTION('ref_axis',(0.,0.,-1.));
#7479=DIRECTION('center_axis',(0.,1.,0.));
#7480=DIRECTION('ref_axis',(0.,0.,-1.));
#7481=DIRECTION('',(0.,-1.,0.));
#7482=DIRECTION('center_axis',(0.,0.,1.));
#7483=DIRECTION('ref_axis',(1.,0.,0.));
#7484=DIRECTION('',(1.,0.,0.));
#7485=DIRECTION('',(0.,-1.,0.));
#7486=DIRECTION('center_axis',(-0.707106781186548,0.,0.707106781186548));
#7487=DIRECTION('ref_axis',(0.707106781186548,0.,0.707106781186548));
#7488=DIRECTION('',(0.707106781186547,0.,0.707106781186547));
#7489=DIRECTION('center_axis',(-0.707106781186548,0.,-0.707106781186548));
#7490=DIRECTION('ref_axis',(-0.707106781186548,0.,0.707106781186548));
#7491=DIRECTION('',(-0.707106781186547,0.,0.707106781186547));
#7492=DIRECTION('',(0.,-1.,0.));
#7493=DIRECTION('center_axis',(0.,0.,-1.));
#7494=DIRECTION('ref_axis',(-1.,0.,0.));
#7495=DIRECTION('',(-1.,0.,0.));
#7496=DIRECTION('',(0.,-1.,0.));
#7497=DIRECTION('center_axis',(0.,-1.,0.));
#7498=DIRECTION('ref_axis',(0.,0.,-1.));
#7499=DIRECTION('center_axis',(0.,1.,0.));
#7500=DIRECTION('ref_axis',(0.,0.,-1.));
#7501=DIRECTION('',(0.,-1.,0.));
#7502=DIRECTION('center_axis',(0.,0.,1.));
#7503=DIRECTION('ref_axis',(1.,0.,0.));
#7504=DIRECTION('',(1.,0.,0.));
#7505=DIRECTION('',(0.,-1.,0.));
#7506=DIRECTION('center_axis',(-0.707106781186548,0.,0.707106781186548));
#7507=DIRECTION('ref_axis',(0.707106781186548,0.,0.707106781186548));
#7508=DIRECTION('',(0.707106781186547,0.,0.707106781186547));
#7509=DIRECTION('center_axis',(-0.707106781186548,0.,-0.707106781186548));
#7510=DIRECTION('ref_axis',(-0.707106781186548,0.,0.707106781186548));
#7511=DIRECTION('',(-0.707106781186547,0.,0.707106781186547));
#7512=DIRECTION('',(0.,-1.,0.));
#7513=DIRECTION('center_axis',(0.,0.,-1.));
#7514=DIRECTION('ref_axis',(-1.,0.,0.));
#7515=DIRECTION('',(-1.,0.,0.));
#7516=DIRECTION('',(0.,-1.,0.));
#7517=DIRECTION('center_axis',(0.,-1.,0.));
#7518=DIRECTION('ref_axis',(0.,0.,-1.));
#7519=DIRECTION('center_axis',(0.,1.,0.));
#7520=DIRECTION('ref_axis',(0.,0.,-1.));
#7521=DIRECTION('',(0.,-1.,0.));
#7522=DIRECTION('center_axis',(0.,0.,1.));
#7523=DIRECTION('ref_axis',(1.,0.,0.));
#7524=DIRECTION('',(1.,0.,0.));
#7525=DIRECTION('',(0.,-1.,0.));
#7526=DIRECTION('center_axis',(-0.707106781186548,0.,0.707106781186548));
#7527=DIRECTION('ref_axis',(0.707106781186548,0.,0.707106781186548));
#7528=DIRECTION('',(0.707106781186547,0.,0.707106781186547));
#7529=DIRECTION('center_axis',(-0.707106781186548,0.,-0.707106781186548));
#7530=DIRECTION('ref_axis',(-0.707106781186548,0.,0.707106781186548));
#7531=DIRECTION('',(-0.707106781186547,0.,0.707106781186547));
#7532=DIRECTION('',(0.,-1.,0.));
#7533=DIRECTION('center_axis',(0.,0.,-1.));
#7534=DIRECTION('ref_axis',(-1.,0.,0.));
#7535=DIRECTION('',(-1.,0.,0.));
#7536=DIRECTION('',(0.,-1.,0.));
#7537=DIRECTION('center_axis',(0.,-1.,0.));
#7538=DIRECTION('ref_axis',(0.,0.,-1.));
#7539=DIRECTION('center_axis',(0.,1.,0.));
#7540=DIRECTION('ref_axis',(0.,0.,-1.));
#7541=DIRECTION('',(0.,-1.,0.));
#7542=DIRECTION('center_axis',(0.,0.,1.));
#7543=DIRECTION('ref_axis',(1.,0.,0.));
#7544=DIRECTION('',(1.,0.,0.));
#7545=DIRECTION('',(0.,-1.,0.));
#7546=DIRECTION('center_axis',(-0.707106781186548,0.,0.707106781186548));
#7547=DIRECTION('ref_axis',(0.707106781186548,0.,0.707106781186548));
#7548=DIRECTION('',(0.707106781186547,0.,0.707106781186547));
#7549=DIRECTION('center_axis',(-0.707106781186548,0.,-0.707106781186548));
#7550=DIRECTION('ref_axis',(-0.707106781186548,0.,0.707106781186548));
#7551=DIRECTION('',(-0.707106781186547,0.,0.707106781186547));
#7552=DIRECTION('',(0.,-1.,0.));
#7553=DIRECTION('center_axis',(0.,0.,-1.));
#7554=DIRECTION('ref_axis',(-1.,0.,0.));
#7555=DIRECTION('',(-1.,0.,0.));
#7556=DIRECTION('',(0.,-1.,0.));
#7557=DIRECTION('center_axis',(0.,-1.,0.));
#7558=DIRECTION('ref_axis',(0.,0.,-1.));
#7559=DIRECTION('center_axis',(0.,1.,0.));
#7560=DIRECTION('ref_axis',(0.,0.,-1.));
#7561=DIRECTION('',(0.,-1.,0.));
#7562=DIRECTION('center_axis',(0.,0.,1.));
#7563=DIRECTION('ref_axis',(1.,0.,0.));
#7564=DIRECTION('',(1.,0.,0.));
#7565=DIRECTION('',(0.,-1.,0.));
#7566=DIRECTION('center_axis',(-0.707106781186548,0.,0.707106781186547));
#7567=DIRECTION('ref_axis',(0.707106781186547,0.,0.707106781186548));
#7568=DIRECTION('',(0.707106781186548,0.,0.707106781186548));
#7569=DIRECTION('center_axis',(-0.707106781186548,0.,-0.707106781186548));
#7570=DIRECTION('ref_axis',(-0.707106781186548,0.,0.707106781186548));
#7571=DIRECTION('',(-0.707106781186547,0.,0.707106781186547));
#7572=DIRECTION('',(0.,-1.,0.));
#7573=DIRECTION('center_axis',(0.,0.,-1.));
#7574=DIRECTION('ref_axis',(-1.,0.,0.));
#7575=DIRECTION('',(-1.,0.,0.));
#7576=DIRECTION('',(0.,-1.,0.));
#7577=DIRECTION('center_axis',(0.,-1.,0.));
#7578=DIRECTION('ref_axis',(0.,0.,-1.));
#7579=DIRECTION('center_axis',(0.,1.,0.));
#7580=DIRECTION('ref_axis',(0.,0.,-1.));
#7581=DIRECTION('',(0.,-1.,0.));
#7582=DIRECTION('center_axis',(0.,0.,1.));
#7583=DIRECTION('ref_axis',(1.,0.,0.));
#7584=DIRECTION('',(1.,0.,0.));
#7585=DIRECTION('',(0.,-1.,0.));
#7586=DIRECTION('center_axis',(-0.707106781186546,0.,0.707106781186549));
#7587=DIRECTION('ref_axis',(0.707106781186549,0.,0.707106781186546));
#7588=DIRECTION('',(0.707106781186549,0.,0.707106781186546));
#7589=DIRECTION('center_axis',(-0.707106781186548,0.,-0.707106781186548));
#7590=DIRECTION('ref_axis',(-0.707106781186548,0.,0.707106781186548));
#7591=DIRECTION('',(-0.707106781186547,0.,0.707106781186547));
#7592=DIRECTION('',(0.,-1.,0.));
#7593=DIRECTION('center_axis',(-4.95635278850516E-16,0.,-1.));
#7594=DIRECTION('ref_axis',(-1.,0.,4.95635278850516E-16));
#7595=DIRECTION('',(-1.,0.,4.95635278850516E-16));
#7596=DIRECTION('',(0.,-1.,0.));
#7597=DIRECTION('center_axis',(0.,-1.,0.));
#7598=DIRECTION('ref_axis',(0.,0.,-1.));
#7599=DIRECTION('center_axis',(0.,1.,0.));
#7600=DIRECTION('ref_axis',(0.,0.,-1.));
#7601=DIRECTION('',(0.,-1.,0.));
#7602=DIRECTION('center_axis',(4.95635278850516E-16,0.,1.));
#7603=DIRECTION('ref_axis',(1.,0.,-4.95635278850516E-16));
#7604=DIRECTION('',(1.,0.,-4.95635278850516E-16));
#7605=DIRECTION('',(0.,-1.,0.));
#7606=DIRECTION('center_axis',(-0.707106781186548,0.,0.707106781186547));
#7607=DIRECTION('ref_axis',(0.707106781186547,0.,0.707106781186548));
#7608=DIRECTION('',(0.707106781186547,0.,0.707106781186548));
#7609=DIRECTION('center_axis',(-0.707106781186547,0.,0.707106781186548));
#7610=DIRECTION('ref_axis',(0.707106781186548,0.,0.707106781186547));
#7611=DIRECTION('',(0.707106781186548,0.,0.707106781186547));
#7612=DIRECTION('',(0.,-1.,0.));
#7613=DIRECTION('center_axis',(-1.,0.,0.));
#7614=DIRECTION('ref_axis',(0.,0.,1.));
#7615=DIRECTION('',(0.,0.,1.));
#7616=DIRECTION('center_axis',(1.,0.,0.));
#7617=DIRECTION('ref_axis',(0.,0.,-1.));
#7618=DIRECTION('',(0.,0.,-1.));
#7619=DIRECTION('',(0.,-1.,0.));
#7620=DIRECTION('center_axis',(0.707106781186547,0.,0.707106781186548));
#7621=DIRECTION('ref_axis',(0.707106781186548,0.,-0.707106781186547));
#7622=DIRECTION('',(0.707106781186548,0.,-0.707106781186547));
#7623=DIRECTION('center_axis',(-0.707106781186547,0.,0.707106781186548));
#7624=DIRECTION('ref_axis',(0.707106781186548,0.,0.707106781186547));
#7625=DIRECTION('',(0.707106781186548,0.,0.707106781186547));
#7626=DIRECTION('',(0.,-1.,0.));
#7627=DIRECTION('center_axis',(-1.,0.,0.));
#7628=DIRECTION('ref_axis',(0.,0.,1.));
#7629=DIRECTION('',(0.,0.,1.));
#7630=DIRECTION('center_axis',(1.,0.,0.));
#7631=DIRECTION('ref_axis',(0.,0.,-1.));
#7632=DIRECTION('',(0.,0.,-1.));
#7633=DIRECTION('',(0.,-1.,0.));
#7634=DIRECTION('center_axis',(0.707106781186547,0.,0.707106781186548));
#7635=DIRECTION('ref_axis',(0.707106781186548,0.,-0.707106781186547));
#7636=DIRECTION('',(0.707106781186548,0.,-0.707106781186547));
#7637=DIRECTION('center_axis',(-0.707106781186545,0.,0.70710678118655));
#7638=DIRECTION('ref_axis',(0.70710678118655,0.,0.707106781186545));
#7639=DIRECTION('',(0.70710678118655,0.,0.707106781186545));
#7640=DIRECTION('',(0.,-1.,0.));
#7641=DIRECTION('center_axis',(-1.,0.,0.));
#7642=DIRECTION('ref_axis',(0.,0.,1.));
#7643=DIRECTION('',(0.,0.,1.));
#7644=DIRECTION('center_axis',(1.,0.,0.));
#7645=DIRECTION('ref_axis',(0.,0.,-1.));
#7646=DIRECTION('',(0.,0.,-1.));
#7647=DIRECTION('',(0.,-1.,0.));
#7648=DIRECTION('center_axis',(0.707106781186547,0.,0.707106781186548));
#7649=DIRECTION('ref_axis',(0.707106781186548,0.,-0.707106781186547));
#7650=DIRECTION('',(0.707106781186548,0.,-0.707106781186547));
#7651=DIRECTION('center_axis',(-0.707106781186548,0.,0.707106781186547));
#7652=DIRECTION('ref_axis',(0.707106781186547,0.,0.707106781186548));
#7653=DIRECTION('',(0.707106781186547,0.,0.707106781186548));
#7654=DIRECTION('',(0.,-1.,0.));
#7655=DIRECTION('center_axis',(-1.,0.,0.));
#7656=DIRECTION('ref_axis',(0.,0.,1.));
#7657=DIRECTION('',(0.,0.,1.));
#7658=DIRECTION('center_axis',(1.,0.,0.));
#7659=DIRECTION('ref_axis',(0.,0.,-1.));
#7660=DIRECTION('',(0.,0.,-1.));
#7661=DIRECTION('',(0.,-1.,0.));
#7662=DIRECTION('center_axis',(0.707106781186547,0.,0.707106781186548));
#7663=DIRECTION('ref_axis',(0.707106781186548,0.,-0.707106781186547));
#7664=DIRECTION('',(0.707106781186548,0.,-0.707106781186547));
#7665=DIRECTION('center_axis',(-0.707106781186549,0.,0.707106781186546));
#7666=DIRECTION('ref_axis',(0.707106781186546,0.,0.707106781186549));
#7667=DIRECTION('',(0.707106781186546,0.,0.707106781186549));
#7668=DIRECTION('',(0.,-1.,0.));
#7669=DIRECTION('center_axis',(-1.,0.,0.));
#7670=DIRECTION('ref_axis',(0.,0.,1.));
#7671=DIRECTION('',(0.,0.,1.));
#7672=DIRECTION('center_axis',(1.,0.,0.));
#7673=DIRECTION('ref_axis',(0.,0.,-1.));
#7674=DIRECTION('',(0.,0.,-1.));
#7675=DIRECTION('',(0.,-1.,0.));
#7676=DIRECTION('center_axis',(0.70710678118655,0.,0.707106781186545));
#7677=DIRECTION('ref_axis',(0.707106781186545,0.,-0.70710678118655));
#7678=DIRECTION('',(0.707106781186545,0.,-0.70710678118655));
#7679=DIRECTION('center_axis',(0.,1.,0.));
#7680=DIRECTION('ref_axis',(0.,0.,1.));
#7681=DIRECTION('',(0.,0.,1.));
#7682=DIRECTION('center_axis',(-1.,0.,0.));
#7683=DIRECTION('ref_axis',(0.,0.,1.));
#7684=DIRECTION('center_axis',(0.,1.,0.));
#7685=DIRECTION('ref_axis',(0.,0.,1.));
#7686=DIRECTION('',(0.,0.,1.));
#7687=DIRECTION('center_axis',(-1.,0.,0.));
#7688=DIRECTION('ref_axis',(0.,0.,1.));
#7689=DIRECTION('center_axis',(0.,1.,0.));
#7690=DIRECTION('ref_axis',(0.,0.,1.));
#7691=DIRECTION('',(0.,0.,1.));
#7692=DIRECTION('center_axis',(-1.,0.,-3.083952846181E-15));
#7693=DIRECTION('ref_axis',(-3.083952846181E-15,0.,1.));
#7694=DIRECTION('center_axis',(0.,1.,0.));
#7695=DIRECTION('ref_axis',(0.,0.,1.));
#7696=DIRECTION('',(0.,0.,1.));
#7697=DIRECTION('center_axis',(-1.,0.,0.));
#7698=DIRECTION('ref_axis',(0.,0.,1.));
#7699=DIRECTION('center_axis',(0.,1.,0.));
#7700=DIRECTION('ref_axis',(0.,0.,1.));
#7701=DIRECTION('',(0.,0.,1.));
#7702=DIRECTION('center_axis',(-1.,0.,0.));
#7703=DIRECTION('ref_axis',(0.,0.,1.));
#7704=DIRECTION('center_axis',(0.,1.,0.));
#7705=DIRECTION('ref_axis',(0.,0.,1.));
#7706=DIRECTION('',(0.,0.,1.));
#7707=DIRECTION('center_axis',(-1.,0.,0.));
#7708=DIRECTION('ref_axis',(0.,0.,1.));
#7709=DIRECTION('center_axis',(0.,1.,0.));
#7710=DIRECTION('ref_axis',(0.,0.,1.));
#7711=DIRECTION('',(0.,0.,1.));
#7712=DIRECTION('center_axis',(-1.,0.,0.));
#7713=DIRECTION('ref_axis',(0.,0.,1.));
#7714=DIRECTION('center_axis',(-3.083952846181E-15,0.,-1.));
#7715=DIRECTION('ref_axis',(-1.,0.,3.083952846181E-15));
#7716=DIRECTION('',(-1.,0.,3.083952846181E-15));
#7717=DIRECTION('center_axis',(0.,1.,0.));
#7718=DIRECTION('ref_axis',(0.,0.,1.));
#7719=DIRECTION('center_axis',(0.,-1.,0.));
#7720=DIRECTION('ref_axis',(0.,0.,-1.));
#7721=DIRECTION('',(1.,0.,0.));
#7722=DIRECTION('center_axis',(0.,0.,-1.));
#7723=DIRECTION('ref_axis',(-1.,0.,0.));
#7724=DIRECTION('center_axis',(0.,1.,0.));
#7725=DIRECTION('ref_axis',(0.,0.,1.));
#7726=DIRECTION('',(-1.,0.,0.));
#7727=DIRECTION('center_axis',(0.,0.,-1.));
#7728=DIRECTION('ref_axis',(-1.,0.,0.));
#7729=DIRECTION('center_axis',(0.,-1.,0.));
#7730=DIRECTION('ref_axis',(0.,0.,-1.));
#7731=DIRECTION('',(1.,0.,0.));
#7732=DIRECTION('center_axis',(0.,0.,-1.));
#7733=DIRECTION('ref_axis',(-1.,0.,0.));
#7734=DIRECTION('center_axis',(0.,1.,0.));
#7735=DIRECTION('ref_axis',(0.,0.,1.));
#7736=DIRECTION('',(-1.,0.,0.));
#7737=DIRECTION('center_axis',(0.,0.,-1.));
#7738=DIRECTION('ref_axis',(-1.,0.,0.));
#7739=DIRECTION('center_axis',(0.,1.,0.));
#7740=DIRECTION('ref_axis',(0.,0.,1.));
#7741=DIRECTION('',(-1.,0.,0.));
#7742=DIRECTION('center_axis',(0.,0.,-1.));
#7743=DIRECTION('ref_axis',(-1.,0.,0.));
#7744=DIRECTION('center_axis',(0.,-1.,0.));
#7745=DIRECTION('ref_axis',(0.,0.,-1.));
#7746=DIRECTION('',(1.,0.,0.));
#7747=DIRECTION('center_axis',(0.,0.,-1.));
#7748=DIRECTION('ref_axis',(-1.,0.,0.));
#7749=DIRECTION('center_axis',(1.,0.,-4.45727559799596E-16));
#7750=DIRECTION('ref_axis',(-4.45727559799596E-16,0.,-1.));
#7751=DIRECTION('',(-4.45727559799596E-16,0.,-1.));
#7752=DIRECTION('center_axis',(0.,1.,0.));
#7753=DIRECTION('ref_axis',(0.,0.,1.));
#7754=DIRECTION('center_axis',(0.,1.,0.));
#7755=DIRECTION('ref_axis',(0.,0.,1.));
#7756=DIRECTION('',(0.,0.,-1.));
#7757=DIRECTION('center_axis',(1.,0.,-3.52968040598059E-15));
#7758=DIRECTION('ref_axis',(-3.52968040598059E-15,0.,-1.));
#7759=DIRECTION('center_axis',(0.,1.,0.));
#7760=DIRECTION('ref_axis',(0.,0.,1.));
#7761=DIRECTION('',(0.,0.,-1.));
#7762=DIRECTION('center_axis',(1.,0.,-4.33680868994202E-16));
#7763=DIRECTION('ref_axis',(-4.33680868994202E-16,0.,-1.));
#7764=DIRECTION('center_axis',(0.,-1.,0.));
#7765=DIRECTION('ref_axis',(0.,0.,-1.));
#7766=DIRECTION('',(0.,0.,1.));
#7767=DIRECTION('center_axis',(1.,0.,-4.57774250604999E-16));
#7768=DIRECTION('ref_axis',(-4.57774250604999E-16,0.,-1.));
#7769=DIRECTION('center_axis',(0.,1.,0.));
#7770=DIRECTION('ref_axis',(0.,0.,1.));
#7771=DIRECTION('',(0.,0.,-1.));
#7772=DIRECTION('center_axis',(1.,0.,-4.45727559799597E-16));
#7773=DIRECTION('ref_axis',(-4.45727559799597E-16,0.,-1.));
#7774=DIRECTION('center_axis',(0.,1.,0.));
#7775=DIRECTION('ref_axis',(0.,0.,1.));
#7776=DIRECTION('',(0.,0.,-1.));
#7777=DIRECTION('center_axis',(1.,0.,-4.45727559799597E-16));
#7778=DIRECTION('ref_axis',(-4.45727559799597E-16,0.,-1.));
#7779=DIRECTION('center_axis',(0.,1.,0.));
#7780=DIRECTION('ref_axis',(0.,0.,1.));
#7781=DIRECTION('',(0.,0.,-1.));
#7782=DIRECTION('center_axis',(1.,0.,-4.45727559799596E-16));
#7783=DIRECTION('ref_axis',(-4.45727559799596E-16,0.,-1.));
#7784=DIRECTION('center_axis',(0.,0.,1.));
#7785=DIRECTION('ref_axis',(1.,0.,0.));
#7786=DIRECTION('',(1.,0.,0.));
#7787=DIRECTION('center_axis',(0.,-1.,0.));
#7788=DIRECTION('ref_axis',(0.,0.,-1.));
#7789=DIRECTION('center_axis',(0.,1.,0.));
#7790=DIRECTION('ref_axis',(0.,0.,1.));
#7791=DIRECTION('',(1.,0.,0.));
#7792=DIRECTION('center_axis',(-3.083952846181E-15,0.,1.));
#7793=DIRECTION('ref_axis',(1.,0.,3.083952846181E-15));
#7794=DIRECTION('center_axis',(0.,1.,0.));
#7795=DIRECTION('ref_axis',(0.,0.,1.));
#7796=DIRECTION('',(1.,0.,0.));
#7797=DIRECTION('center_axis',(0.,0.,1.));
#7798=DIRECTION('ref_axis',(1.,0.,0.));
#7799=DIRECTION('center_axis',(1.33226762955018E-16,-1.,0.));
#7800=DIRECTION('ref_axis',(1.,1.33226762955018E-16,0.));
#7801=DIRECTION('',(-1.,-1.33226762955018E-16,0.));
#7802=DIRECTION('center_axis',(0.,0.,1.));
#7803=DIRECTION('ref_axis',(1.,0.,0.));
#7804=DIRECTION('center_axis',(0.,-1.,0.));
#7805=DIRECTION('ref_axis',(0.,0.,-1.));
#7806=DIRECTION('',(-1.,0.,0.));
#7807=DIRECTION('center_axis',(0.,0.,1.));
#7808=DIRECTION('ref_axis',(1.,0.,0.));
#7809=DIRECTION('center_axis',(1.3322676295502E-16,1.,0.));
#7810=DIRECTION('ref_axis',(-1.,1.3322676295502E-16,0.));
#7811=DIRECTION('',(1.,-1.3322676295502E-16,0.));
#7812=DIRECTION('center_axis',(0.,0.,1.));
#7813=DIRECTION('ref_axis',(1.,0.,0.));
#7814=DIRECTION('center_axis',(0.,-1.,0.));
#7815=DIRECTION('ref_axis',(0.,0.,-1.));
#7816=DIRECTION('',(-1.,0.,0.));
#7817=DIRECTION('center_axis',(0.,0.,1.));
#7818=DIRECTION('ref_axis',(1.,0.,0.));
#7819=CARTESIAN_POINT('',(0.,0.,0.));
#7820=CARTESIAN_POINT('Origin',(-0.999999999999999,0.,-0.275));
#7821=CARTESIAN_POINT('',(-0.874999999999999,0.,-0.275));
#7822=CARTESIAN_POINT('',(-1.125,0.,-0.275));
#7823=CARTESIAN_POINT('Origin',(-0.999999999999999,0.,-0.275));
#7824=CARTESIAN_POINT('',(-0.874999999999999,-0.025,-0.275));
#7825=CARTESIAN_POINT('',(-0.874999999999999,0.,-0.275));
#7826=CARTESIAN_POINT('',(-1.125,-0.025,-0.275));
#7827=CARTESIAN_POINT('Origin',(-0.999999999999999,-0.025,-0.275));
#7828=CARTESIAN_POINT('',(-1.125,0.,-0.275));
#7829=CARTESIAN_POINT('Origin',(-0.499999999999999,0.,-0.225));
#7830=CARTESIAN_POINT('',(-0.374999999999999,0.,-0.225));
#7831=CARTESIAN_POINT('',(-0.624999999999999,0.,-0.225));
#7832=CARTESIAN_POINT('Origin',(-0.499999999999999,0.,-0.225));
#7833=CARTESIAN_POINT('',(-0.374999999999999,-0.025,-0.225));
#7834=CARTESIAN_POINT('',(-0.374999999999999,0.,-0.225));
#7835=CARTESIAN_POINT('',(-0.624999999999999,-0.025,-0.225));
#7836=CARTESIAN_POINT('Origin',(-0.499999999999999,-0.025,-0.225));
#7837=CARTESIAN_POINT('',(-0.624999999999999,0.,-0.225));
#7838=CARTESIAN_POINT('Origin',(-3.5,0.,-0.225));
#7839=CARTESIAN_POINT('',(-3.375,0.,-0.225));
#7840=CARTESIAN_POINT('',(-3.625,0.,-0.225));
#7841=CARTESIAN_POINT('Origin',(-3.5,0.,-0.225));
#7842=CARTESIAN_POINT('',(-3.375,-0.025,-0.225));
#7843=CARTESIAN_POINT('',(-3.375,0.,-0.225));
#7844=CARTESIAN_POINT('',(-3.625,-0.025,-0.225));
#7845=CARTESIAN_POINT('Origin',(-3.5,-0.025,-0.225));
#7846=CARTESIAN_POINT('',(-3.625,0.,-0.225));
#7847=CARTESIAN_POINT('Origin',(-3.,0.,-0.275));
#7848=CARTESIAN_POINT('',(-2.875,0.,-0.275));
#7849=CARTESIAN_POINT('',(-3.125,0.,-0.275));
#7850=CARTESIAN_POINT('Origin',(-3.,0.,-0.275));
#7851=CARTESIAN_POINT('',(-2.875,-0.025,-0.275));
#7852=CARTESIAN_POINT('',(-2.875,0.,-0.275));
#7853=CARTESIAN_POINT('',(-3.125,-0.025,-0.275));
#7854=CARTESIAN_POINT('Origin',(-3.,-0.025,-0.275));
#7855=CARTESIAN_POINT('',(-3.125,0.,-0.275));
#7856=CARTESIAN_POINT('Origin',(-2.5,0.,-0.275));
#7857=CARTESIAN_POINT('',(-2.375,0.,-0.275));
#7858=CARTESIAN_POINT('',(-2.625,0.,-0.275));
#7859=CARTESIAN_POINT('Origin',(-2.5,0.,-0.275));
#7860=CARTESIAN_POINT('',(-2.375,-0.025,-0.275));
#7861=CARTESIAN_POINT('',(-2.375,0.,-0.275));
#7862=CARTESIAN_POINT('',(-2.625,-0.025,-0.275));
#7863=CARTESIAN_POINT('Origin',(-2.5,-0.025,-0.275));
#7864=CARTESIAN_POINT('',(-2.625,0.,-0.275));
#7865=CARTESIAN_POINT('Origin',(-2.,0.,-0.275));
#7866=CARTESIAN_POINT('',(-1.875,0.,-0.275));
#7867=CARTESIAN_POINT('',(-2.125,0.,-0.275));
#7868=CARTESIAN_POINT('Origin',(-2.,0.,-0.275));
#7869=CARTESIAN_POINT('',(-1.875,-0.025,-0.275));
#7870=CARTESIAN_POINT('',(-1.875,0.,-0.275));
#7871=CARTESIAN_POINT('',(-2.125,-0.025,-0.275));
#7872=CARTESIAN_POINT('Origin',(-2.,-0.025,-0.275));
#7873=CARTESIAN_POINT('',(-2.125,0.,-0.275));
#7874=CARTESIAN_POINT('Origin',(-1.5,0.,-0.275));
#7875=CARTESIAN_POINT('',(-1.375,0.,-0.275));
#7876=CARTESIAN_POINT('',(-1.625,0.,-0.275));
#7877=CARTESIAN_POINT('Origin',(-1.5,0.,-0.275));
#7878=CARTESIAN_POINT('',(-1.375,-0.025,-0.275));
#7879=CARTESIAN_POINT('',(-1.375,0.,-0.275));
#7880=CARTESIAN_POINT('',(-1.625,-0.025,-0.275));
#7881=CARTESIAN_POINT('Origin',(-1.5,-0.025,-0.275));
#7882=CARTESIAN_POINT('',(-1.625,0.,-0.275));
#7883=CARTESIAN_POINT('Origin',(-2.,0.55,-2.));
#7884=CARTESIAN_POINT('',(0.,0.55,-4.));
#7885=CARTESIAN_POINT('',(-4.,0.55,-4.));
#7886=CARTESIAN_POINT('',(-2.,0.55,-4.));
#7887=CARTESIAN_POINT('',(-4.,0.55,0.));
#7888=CARTESIAN_POINT('',(-4.,0.55,-2.));
#7889=CARTESIAN_POINT('',(0.,0.55,0.));
#7890=CARTESIAN_POINT('',(-2.,0.55,0.));
#7891=CARTESIAN_POINT('',(0.,0.55,-2.));
#7892=CARTESIAN_POINT('',(-0.500042064339506,0.55,-0.61899999256551));
#7893=CARTESIAN_POINT('Origin',(-0.5,0.55,-0.5));
#7894=CARTESIAN_POINT('Origin',(-0.5,0.771016666666667,-0.5));
#7895=CARTESIAN_POINT('Origin',(-4.,0.,-4.));
#7896=CARTESIAN_POINT('',(-4.,0.127,-1.91));
#7897=CARTESIAN_POINT('',(-4.,0.,-1.91));
#7898=CARTESIAN_POINT('',(-4.,0.,-1.91));
#7899=CARTESIAN_POINT('',(-4.,0.,-1.59));
#7900=CARTESIAN_POINT('',(-4.,0.,-4.));
#7901=CARTESIAN_POINT('',(-4.,0.127,-1.59));
#7902=CARTESIAN_POINT('',(-4.,0.,-1.59));
#7903=CARTESIAN_POINT('',(-4.,0.127,-1.41));
#7904=CARTESIAN_POINT('',(-4.,0.127,-4.));
#7905=CARTESIAN_POINT('',(-4.,0.,-1.41));
#7906=CARTESIAN_POINT('',(-4.,0.,-1.41));
#7907=CARTESIAN_POINT('',(-4.,0.,-1.09));
#7908=CARTESIAN_POINT('',(-4.,0.,-4.));
#7909=CARTESIAN_POINT('',(-4.,0.127,-1.09));
#7910=CARTESIAN_POINT('',(-4.,0.,-1.09));
#7911=CARTESIAN_POINT('',(-4.,0.127,-0.909999999999998));
#7912=CARTESIAN_POINT('',(-4.,0.127,-4.));
#7913=CARTESIAN_POINT('',(-4.,0.,-0.909999999999999));
#7914=CARTESIAN_POINT('',(-4.,0.,-0.909999999999998));
#7915=CARTESIAN_POINT('',(-4.,0.,-0.589999999999999));
#7916=CARTESIAN_POINT('',(-4.,0.,-4.));
#7917=CARTESIAN_POINT('',(-4.,0.127,-0.589999999999999));
#7918=CARTESIAN_POINT('',(-4.,0.,-0.589999999999999));
#7919=CARTESIAN_POINT('',(-4.,0.127,-0.409999999999998));
#7920=CARTESIAN_POINT('',(-4.,0.127,-4.));
#7921=CARTESIAN_POINT('',(-4.,0.,-0.409999999999998));
#7922=CARTESIAN_POINT('',(-4.,0.,-0.409999999999998));
#7923=CARTESIAN_POINT('',(-4.,0.,0.));
#7924=CARTESIAN_POINT('',(-4.,0.,-4.));
#7925=CARTESIAN_POINT('',(-4.,0.,0.));
#7926=CARTESIAN_POINT('',(-4.,0.,-4.));
#7927=CARTESIAN_POINT('',(-4.,0.,-4.));
#7928=CARTESIAN_POINT('',(-4.,0.,-3.59));
#7929=CARTESIAN_POINT('',(-4.,0.,-4.));
#7930=CARTESIAN_POINT('',(-4.,0.127,-3.59));
#7931=CARTESIAN_POINT('',(-4.,0.,-3.59));
#7932=CARTESIAN_POINT('',(-4.,0.127,-3.41));
#7933=CARTESIAN_POINT('',(-4.,0.127,-4.));
#7934=CARTESIAN_POINT('',(-4.,0.,-3.41));
#7935=CARTESIAN_POINT('',(-4.,0.,-3.41));
#7936=CARTESIAN_POINT('',(-4.,0.,-3.09));
#7937=CARTESIAN_POINT('',(-4.,0.,-4.));
#7938=CARTESIAN_POINT('',(-4.,0.127,-3.09));
#7939=CARTESIAN_POINT('',(-4.,0.,-3.09));
#7940=CARTESIAN_POINT('',(-4.,0.127,-2.91));
#7941=CARTESIAN_POINT('',(-4.,0.127,-4.));
#7942=CARTESIAN_POINT('',(-4.,0.,-2.91));
#7943=CARTESIAN_POINT('',(-4.,0.,-2.91));
#7944=CARTESIAN_POINT('',(-4.,0.,-2.59));
#7945=CARTESIAN_POINT('',(-4.,0.,-4.));
#7946=CARTESIAN_POINT('',(-4.,0.127,-2.59));
#7947=CARTESIAN_POINT('',(-4.,0.,-2.59));
#7948=CARTESIAN_POINT('',(-4.,0.127,-2.41));
#7949=CARTESIAN_POINT('',(-4.,0.127,-4.));
#7950=CARTESIAN_POINT('',(-4.,0.,-2.41));
#7951=CARTESIAN_POINT('',(-4.,0.,-2.41));
#7952=CARTESIAN_POINT('',(-4.,0.,-2.09));
#7953=CARTESIAN_POINT('',(-4.,0.,-4.));
#7954=CARTESIAN_POINT('',(-4.,0.127,-2.09));
#7955=CARTESIAN_POINT('',(-4.,0.,-2.09));
#7956=CARTESIAN_POINT('',(-4.,0.127,-4.));
#7957=CARTESIAN_POINT('Origin',(0.,0.,-4.));
#7958=CARTESIAN_POINT('',(-2.91,0.,-4.));
#7959=CARTESIAN_POINT('',(-2.91,0.127,-4.));
#7960=CARTESIAN_POINT('',(-2.91,0.,-4.));
#7961=CARTESIAN_POINT('',(-3.09,0.127,-4.));
#7962=CARTESIAN_POINT('',(0.,0.127,-4.));
#7963=CARTESIAN_POINT('',(-3.09,0.,-4.));
#7964=CARTESIAN_POINT('',(-3.09,0.,-4.));
#7965=CARTESIAN_POINT('',(-3.41,0.,-4.));
#7966=CARTESIAN_POINT('',(0.,0.,-4.));
#7967=CARTESIAN_POINT('',(-3.41,0.127,-4.));
#7968=CARTESIAN_POINT('',(-3.41,0.,-4.));
#7969=CARTESIAN_POINT('',(-3.59,0.127,-4.));
#7970=CARTESIAN_POINT('',(0.,0.127,-4.));
#7971=CARTESIAN_POINT('',(-3.59,0.,-4.));
#7972=CARTESIAN_POINT('',(-3.59,0.,-4.));
#7973=CARTESIAN_POINT('',(0.,0.,-4.));
#7974=CARTESIAN_POINT('',(0.,0.,-4.));
#7975=CARTESIAN_POINT('',(0.,0.,-4.));
#7976=CARTESIAN_POINT('',(-0.41,0.,-4.));
#7977=CARTESIAN_POINT('',(0.,0.,-4.));
#7978=CARTESIAN_POINT('',(-0.41,0.127,-4.));
#7979=CARTESIAN_POINT('',(-0.41,0.,-4.));
#7980=CARTESIAN_POINT('',(-0.59,0.127,-4.));
#7981=CARTESIAN_POINT('',(0.,0.127,-4.));
#7982=CARTESIAN_POINT('',(-0.59,0.,-4.));
#7983=CARTESIAN_POINT('',(-0.59,0.,-4.));
#7984=CARTESIAN_POINT('',(-0.91,0.,-4.));
#7985=CARTESIAN_POINT('',(0.,0.,-4.));
#7986=CARTESIAN_POINT('',(-0.91,0.127,-4.));
#7987=CARTESIAN_POINT('',(-0.91,0.,-4.));
#7988=CARTESIAN_POINT('',(-1.09,0.127,-4.));
#7989=CARTESIAN_POINT('',(0.,0.127,-4.));
#7990=CARTESIAN_POINT('',(-1.09,0.,-4.));
#7991=CARTESIAN_POINT('',(-1.09,0.,-4.));
#7992=CARTESIAN_POINT('',(-1.41,0.,-4.));
#7993=CARTESIAN_POINT('',(0.,0.,-4.));
#7994=CARTESIAN_POINT('',(-1.41,0.127,-4.));
#7995=CARTESIAN_POINT('',(-1.41,0.,-4.));
#7996=CARTESIAN_POINT('',(-1.59,0.127,-4.));
#7997=CARTESIAN_POINT('',(0.,0.127,-4.));
#7998=CARTESIAN_POINT('',(-1.59,0.,-4.));
#7999=CARTESIAN_POINT('',(-1.59,0.,-4.));
#8000=CARTESIAN_POINT('',(-1.91,0.,-4.));
#8001=CARTESIAN_POINT('',(0.,0.,-4.));
#8002=CARTESIAN_POINT('',(-1.91,0.127,-4.));
#8003=CARTESIAN_POINT('',(-1.91,0.,-4.));
#8004=CARTESIAN_POINT('',(-2.09,0.127,-4.));
#8005=CARTESIAN_POINT('',(0.,0.127,-4.));
#8006=CARTESIAN_POINT('',(-2.09,0.,-4.));
#8007=CARTESIAN_POINT('',(-2.09,0.,-4.));
#8008=CARTESIAN_POINT('',(-2.41,0.,-4.));
#8009=CARTESIAN_POINT('',(0.,0.,-4.));
#8010=CARTESIAN_POINT('',(-2.41,0.127,-4.));
#8011=CARTESIAN_POINT('',(-2.41,0.,-4.));
#8012=CARTESIAN_POINT('',(-2.59,0.127,-4.));
#8013=CARTESIAN_POINT('',(0.,0.127,-4.));
#8014=CARTESIAN_POINT('',(-2.59,0.,-4.));
#8015=CARTESIAN_POINT('',(-2.59,0.,-4.));
#8016=CARTESIAN_POINT('',(0.,0.,-4.));
#8017=CARTESIAN_POINT('Origin',(0.,0.,0.));
#8018=CARTESIAN_POINT('',(0.,0.,-3.41));
#8019=CARTESIAN_POINT('',(-2.46486587651001E-16,0.127,-3.41));
#8020=CARTESIAN_POINT('',(0.,0.,-3.41));
#8021=CARTESIAN_POINT('',(0.,0.127,-3.59));
#8022=CARTESIAN_POINT('',(0.,0.127,0.));
#8023=CARTESIAN_POINT('',(0.,0.,-3.59));
#8024=CARTESIAN_POINT('',(0.,0.,-3.59));
#8025=CARTESIAN_POINT('',(0.,0.,0.));
#8026=CARTESIAN_POINT('',(0.,0.,0.));
#8027=CARTESIAN_POINT('',(0.,0.,0.));
#8028=CARTESIAN_POINT('',(0.,0.,-0.409999999999999));
#8029=CARTESIAN_POINT('',(0.,0.,0.));
#8030=CARTESIAN_POINT('',(0.,0.127,-0.409999999999999));
#8031=CARTESIAN_POINT('',(0.,0.,-0.409999999999999));
#8032=CARTESIAN_POINT('',(0.,0.127,-0.59));
#8033=CARTESIAN_POINT('',(0.,0.127,0.));
#8034=CARTESIAN_POINT('',(0.,0.,-0.59));
#8035=CARTESIAN_POINT('',(0.,0.,-0.59));
#8036=CARTESIAN_POINT('',(0.,0.,-0.909999999999999));
#8037=CARTESIAN_POINT('',(0.,0.,0.));
#8038=CARTESIAN_POINT('',(0.,0.127,-0.909999999999999));
#8039=CARTESIAN_POINT('',(0.,0.,-0.909999999999999));
#8040=CARTESIAN_POINT('',(0.,0.127,-1.09));
#8041=CARTESIAN_POINT('',(0.,0.127,0.));
#8042=CARTESIAN_POINT('',(0.,0.,-1.09));
#8043=CARTESIAN_POINT('',(0.,0.,-1.09));
#8044=CARTESIAN_POINT('',(0.,0.,-1.41));
#8045=CARTESIAN_POINT('',(0.,0.,0.));
#8046=CARTESIAN_POINT('',(0.,0.127,-1.41));
#8047=CARTESIAN_POINT('',(0.,0.,-1.41));
#8048=CARTESIAN_POINT('',(0.,0.127,-1.59));
#8049=CARTESIAN_POINT('',(0.,0.127,0.));
#8050=CARTESIAN_POINT('',(0.,0.,-1.59));
#8051=CARTESIAN_POINT('',(0.,0.,-1.59));
#8052=CARTESIAN_POINT('',(0.,0.,-1.91));
#8053=CARTESIAN_POINT('',(0.,0.,0.));
#8054=CARTESIAN_POINT('',(0.,0.127,-1.91));
#8055=CARTESIAN_POINT('',(0.,0.,-1.91));
#8056=CARTESIAN_POINT('',(0.,0.127,-2.09));
#8057=CARTESIAN_POINT('',(0.,0.127,0.));
#8058=CARTESIAN_POINT('',(0.,0.,-2.09));
#8059=CARTESIAN_POINT('',(0.,0.,-2.09));
#8060=CARTESIAN_POINT('',(0.,0.,-2.41));
#8061=CARTESIAN_POINT('',(0.,0.,0.));
#8062=CARTESIAN_POINT('',(0.,0.127,-2.41));
#8063=CARTESIAN_POINT('',(0.,0.,-2.41));
#8064=CARTESIAN_POINT('',(0.,0.127,-2.59));
#8065=CARTESIAN_POINT('',(0.,0.127,0.));
#8066=CARTESIAN_POINT('',(0.,0.,-2.59));
#8067=CARTESIAN_POINT('',(0.,0.,-2.59));
#8068=CARTESIAN_POINT('',(0.,0.,-2.91));
#8069=CARTESIAN_POINT('',(0.,0.,0.));
#8070=CARTESIAN_POINT('',(0.,0.127,-2.91));
#8071=CARTESIAN_POINT('',(0.,0.,-2.91));
#8072=CARTESIAN_POINT('',(0.,0.127,-3.09));
#8073=CARTESIAN_POINT('',(0.,0.127,0.));
#8074=CARTESIAN_POINT('',(0.,0.,-3.09));
#8075=CARTESIAN_POINT('',(0.,0.,-3.09));
#8076=CARTESIAN_POINT('',(0.,0.,0.));
#8077=CARTESIAN_POINT('Origin',(-4.,0.,0.));
#8078=CARTESIAN_POINT('',(-2.59,0.,0.));
#8079=CARTESIAN_POINT('',(-2.59,0.127,2.77544462383659E-16));
#8080=CARTESIAN_POINT('',(-2.59,0.,0.));
#8081=CARTESIAN_POINT('',(-2.41,0.127,0.));
#8082=CARTESIAN_POINT('',(-4.,0.127,0.));
#8083=CARTESIAN_POINT('',(-2.41,0.,0.));
#8084=CARTESIAN_POINT('',(-2.41,0.,0.));
#8085=CARTESIAN_POINT('',(-2.09,0.,0.));
#8086=CARTESIAN_POINT('',(-4.,0.,0.));
#8087=CARTESIAN_POINT('',(-2.09,0.127,0.));
#8088=CARTESIAN_POINT('',(-2.09,0.,0.));
#8089=CARTESIAN_POINT('',(-1.91,0.127,0.));
#8090=CARTESIAN_POINT('',(-4.,0.127,0.));
#8091=CARTESIAN_POINT('',(-1.91,0.,0.));
#8092=CARTESIAN_POINT('',(-1.91,0.,0.));
#8093=CARTESIAN_POINT('',(-1.59,0.,0.));
#8094=CARTESIAN_POINT('',(-4.,0.,0.));
#8095=CARTESIAN_POINT('',(-1.59,0.127,0.));
#8096=CARTESIAN_POINT('',(-1.59,0.,0.));
#8097=CARTESIAN_POINT('',(-1.41,0.127,0.));
#8098=CARTESIAN_POINT('',(-4.,0.127,0.));
#8099=CARTESIAN_POINT('',(-1.41,0.,0.));
#8100=CARTESIAN_POINT('',(-1.41,0.,0.));
#8101=CARTESIAN_POINT('',(-1.09,0.,0.));
#8102=CARTESIAN_POINT('',(-4.,0.,0.));
#8103=CARTESIAN_POINT('',(-1.09,0.127,0.));
#8104=CARTESIAN_POINT('',(-1.09,0.,0.));
#8105=CARTESIAN_POINT('',(-0.91,0.127,0.));
#8106=CARTESIAN_POINT('',(-4.,0.127,0.));
#8107=CARTESIAN_POINT('',(-0.91,0.,0.));
#8108=CARTESIAN_POINT('',(-0.91,0.,0.));
#8109=CARTESIAN_POINT('',(-0.589999999999999,0.,0.));
#8110=CARTESIAN_POINT('',(-4.,0.,0.));
#8111=CARTESIAN_POINT('',(-0.589999999999999,0.127,0.));
#8112=CARTESIAN_POINT('',(-0.589999999999999,0.,0.));
#8113=CARTESIAN_POINT('',(-0.41,0.127,0.));
#8114=CARTESIAN_POINT('',(-4.,0.127,0.));
#8115=CARTESIAN_POINT('',(-0.409999999999999,0.,0.));
#8116=CARTESIAN_POINT('',(-0.41,0.,0.));
#8117=CARTESIAN_POINT('',(-4.,0.,0.));
#8118=CARTESIAN_POINT('',(-3.59,0.,0.));
#8119=CARTESIAN_POINT('',(-4.,0.,0.));
#8120=CARTESIAN_POINT('',(-3.59,0.127,0.));
#8121=CARTESIAN_POINT('',(-3.59,0.,0.));
#8122=CARTESIAN_POINT('',(-3.41,0.127,0.));
#8123=CARTESIAN_POINT('',(-4.,0.127,0.));
#8124=CARTESIAN_POINT('',(-3.41,0.,0.));
#8125=CARTESIAN_POINT('',(-3.41,0.,0.));
#8126=CARTESIAN_POINT('',(-3.09,0.,0.));
#8127=CARTESIAN_POINT('',(-4.,0.,0.));
#8128=CARTESIAN_POINT('',(-3.09,0.127,0.));
#8129=CARTESIAN_POINT('',(-3.09,0.,0.));
#8130=CARTESIAN_POINT('',(-2.91,0.127,0.));
#8131=CARTESIAN_POINT('',(-4.,0.127,0.));
#8132=CARTESIAN_POINT('',(-2.91,0.,0.));
#8133=CARTESIAN_POINT('',(-2.91,0.,0.));
#8134=CARTESIAN_POINT('',(-4.,0.,0.));
#8135=CARTESIAN_POINT('Origin',(-2.,0.,-2.));
#8136=CARTESIAN_POINT('',(-1.09,0.,-0.0500000000000003));
#8137=CARTESIAN_POINT('',(-1.09,0.,-2.));
#8138=CARTESIAN_POINT('',(-1.41,0.,-0.0499999999999999));
#8139=CARTESIAN_POINT('',(-1.41,0.,-2.));
#8140=CARTESIAN_POINT('',(-1.375,0.,-0.0850000000000007));
#8141=CARTESIAN_POINT('',(-1.41,0.,-0.0499999999999999));
#8142=CARTESIAN_POINT('',(-1.375,0.,-2.));
#8143=CARTESIAN_POINT('',(-1.625,0.,-0.0850000000000002));
#8144=CARTESIAN_POINT('',(-1.625,0.,-2.));
#8145=CARTESIAN_POINT('',(-1.59,0.,-0.0500000000000003));
#8146=CARTESIAN_POINT('',(-1.625,0.,-0.0850000000000002));
#8147=CARTESIAN_POINT('',(-1.59,0.,-2.));
#8148=CARTESIAN_POINT('',(-1.91,0.,-0.0499999999999999));
#8149=CARTESIAN_POINT('',(-1.91,0.,-2.));
#8150=CARTESIAN_POINT('',(-1.875,0.,-0.0850000000000002));
#8151=CARTESIAN_POINT('',(-1.91,0.,-0.0499999999999999));
#8152=CARTESIAN_POINT('',(-1.875,0.,-2.));
#8153=CARTESIAN_POINT('',(-2.125,0.,-0.0850000000000001));
#8154=CARTESIAN_POINT('',(-2.125,0.,-2.));
#8155=CARTESIAN_POINT('',(-2.09,0.,-0.0500000000000003));
#8156=CARTESIAN_POINT('',(-2.125,0.,-0.085));
#8157=CARTESIAN_POINT('',(-2.09,0.,-2.));
#8158=CARTESIAN_POINT('',(-2.41,0.,-0.0499999999999999));
#8159=CARTESIAN_POINT('',(-2.41,0.,-2.));
#8160=CARTESIAN_POINT('',(-2.375,0.,-0.0850000000000004));
#8161=CARTESIAN_POINT('',(-2.41,0.,-0.0499999999999999));
#8162=CARTESIAN_POINT('',(-2.375,0.,-2.));
#8163=CARTESIAN_POINT('',(-2.625,0.,-0.0849999999999999));
#8164=CARTESIAN_POINT('',(-2.625,0.,-2.));
#8165=CARTESIAN_POINT('',(-2.59,0.,-0.0500000000000003));
#8166=CARTESIAN_POINT('',(-2.625,0.,-0.0849999999999998));
#8167=CARTESIAN_POINT('',(-2.59,0.,-2.));
#8168=CARTESIAN_POINT('',(-2.91,0.,-0.0499999999999999));
#8169=CARTESIAN_POINT('',(-2.91,0.,-2.));
#8170=CARTESIAN_POINT('',(-2.875,0.,-0.0850000000000004));
#8171=CARTESIAN_POINT('',(-2.91,0.,-0.0499999999999999));
#8172=CARTESIAN_POINT('',(-2.875,0.,-2.));
#8173=CARTESIAN_POINT('',(-3.125,0.,-0.0850000000000001));
#8174=CARTESIAN_POINT('',(-3.125,0.,-2.));
#8175=CARTESIAN_POINT('',(-3.09,0.,-0.0500000000000003));
#8176=CARTESIAN_POINT('',(-3.125,0.,-0.085));
#8177=CARTESIAN_POINT('',(-3.09,0.,-2.));
#8178=CARTESIAN_POINT('',(-3.41,0.,-0.0499999999999999));
#8179=CARTESIAN_POINT('',(-3.41,0.,-2.));
#8180=CARTESIAN_POINT('',(-3.375,0.,-0.0850000000000004));
#8181=CARTESIAN_POINT('',(-3.41,0.,-0.0499999999999999));
#8182=CARTESIAN_POINT('',(-3.375,0.,-2.));
#8183=CARTESIAN_POINT('',(-3.625,0.,-0.0850000000000001));
#8184=CARTESIAN_POINT('',(-3.625,0.,-2.));
#8185=CARTESIAN_POINT('',(-3.59,0.,-0.0500000000000003));
#8186=CARTESIAN_POINT('',(-3.625,0.,-0.085));
#8187=CARTESIAN_POINT('',(-3.59,0.,-2.));
#8188=CARTESIAN_POINT('',(-3.95,0.,-0.409999999999999));
#8189=CARTESIAN_POINT('',(-2.,0.,-0.409999999999999));
#8190=CARTESIAN_POINT('',(-3.915,0.,-0.374999999999999));
#8191=CARTESIAN_POINT('',(-3.95,0.,-0.409999999999999));
#8192=CARTESIAN_POINT('',(-3.775,0.,-0.374999999999999));
#8193=CARTESIAN_POINT('',(-2.,0.,-0.374999999999999));
#8194=CARTESIAN_POINT('',(-3.775,0.,-0.624999999999999));
#8195=CARTESIAN_POINT('Origin',(-3.775,0.,-0.499999999999999));
#8196=CARTESIAN_POINT('',(-3.915,0.,-0.624999999999999));
#8197=CARTESIAN_POINT('',(-2.,0.,-0.624999999999999));
#8198=CARTESIAN_POINT('',(-3.95,0.,-0.589999999999999));
#8199=CARTESIAN_POINT('',(-3.915,0.,-0.624999999999999));
#8200=CARTESIAN_POINT('',(-2.,0.,-0.589999999999999));
#8201=CARTESIAN_POINT('',(-3.95,0.,-0.909999999999999));
#8202=CARTESIAN_POINT('',(-2.,0.,-0.909999999999999));
#8203=CARTESIAN_POINT('',(-3.915,0.,-0.874999999999999));
#8204=CARTESIAN_POINT('',(-3.95,0.,-0.909999999999999));
#8205=CARTESIAN_POINT('',(-3.725,0.,-0.874999999999999));
#8206=CARTESIAN_POINT('',(-2.,0.,-0.874999999999999));
#8207=CARTESIAN_POINT('',(-3.725,0.,-1.125));
#8208=CARTESIAN_POINT('Origin',(-3.725,0.,-0.999999999999999));
#8209=CARTESIAN_POINT('',(-3.915,0.,-1.125));
#8210=CARTESIAN_POINT('',(-2.,0.,-1.125));
#8211=CARTESIAN_POINT('',(-3.95,0.,-1.09));
#8212=CARTESIAN_POINT('',(-3.915,0.,-1.125));
#8213=CARTESIAN_POINT('',(-2.,0.,-1.09));
#8214=CARTESIAN_POINT('',(-3.95,0.,-1.41));
#8215=CARTESIAN_POINT('',(-2.,0.,-1.41));
#8216=CARTESIAN_POINT('',(-3.915,0.,-1.375));
#8217=CARTESIAN_POINT('',(-3.95,0.,-1.41));
#8218=CARTESIAN_POINT('',(-3.725,0.,-1.375));
#8219=CARTESIAN_POINT('',(-2.,0.,-1.375));
#8220=CARTESIAN_POINT('',(-3.725,0.,-1.625));
#8221=CARTESIAN_POINT('Origin',(-3.725,0.,-1.5));
#8222=CARTESIAN_POINT('',(-3.915,0.,-1.625));
#8223=CARTESIAN_POINT('',(-2.,0.,-1.625));
#8224=CARTESIAN_POINT('',(-3.95,0.,-1.59));
#8225=CARTESIAN_POINT('',(-3.915,0.,-1.625));
#8226=CARTESIAN_POINT('',(-2.,0.,-1.59));
#8227=CARTESIAN_POINT('',(-3.95,0.,-1.91));
#8228=CARTESIAN_POINT('',(-2.,0.,-1.91));
#8229=CARTESIAN_POINT('',(-3.915,0.,-1.875));
#8230=CARTESIAN_POINT('',(-3.95,0.,-1.91));
#8231=CARTESIAN_POINT('',(-3.725,0.,-1.875));
#8232=CARTESIAN_POINT('',(-2.,0.,-1.875));
#8233=CARTESIAN_POINT('',(-3.725,0.,-2.125));
#8234=CARTESIAN_POINT('Origin',(-3.725,0.,-2.));
#8235=CARTESIAN_POINT('',(-3.915,0.,-2.125));
#8236=CARTESIAN_POINT('',(-2.,0.,-2.125));
#8237=CARTESIAN_POINT('',(-3.95,0.,-2.09));
#8238=CARTESIAN_POINT('',(-3.915,0.,-2.125));
#8239=CARTESIAN_POINT('',(-2.,0.,-2.09));
#8240=CARTESIAN_POINT('',(-3.95,0.,-2.41));
#8241=CARTESIAN_POINT('',(-2.,0.,-2.41));
#8242=CARTESIAN_POINT('',(-3.915,0.,-2.375));
#8243=CARTESIAN_POINT('',(-3.95,0.,-2.41));
#8244=CARTESIAN_POINT('',(-3.725,0.,-2.375));
#8245=CARTESIAN_POINT('',(-2.,0.,-2.375));
#8246=CARTESIAN_POINT('',(-3.725,0.,-2.625));
#8247=CARTESIAN_POINT('Origin',(-3.725,0.,-2.5));
#8248=CARTESIAN_POINT('',(-3.915,0.,-2.625));
#8249=CARTESIAN_POINT('',(-2.,0.,-2.625));
#8250=CARTESIAN_POINT('',(-3.95,0.,-2.59));
#8251=CARTESIAN_POINT('',(-3.915,0.,-2.625));
#8252=CARTESIAN_POINT('',(-2.,0.,-2.59));
#8253=CARTESIAN_POINT('',(-3.95,0.,-2.91));
#8254=CARTESIAN_POINT('',(-2.,0.,-2.91));
#8255=CARTESIAN_POINT('',(-3.915,0.,-2.875));
#8256=CARTESIAN_POINT('',(-3.95,0.,-2.91));
#8257=CARTESIAN_POINT('',(-3.725,0.,-2.875));
#8258=CARTESIAN_POINT('',(-2.,0.,-2.875));
#8259=CARTESIAN_POINT('',(-3.725,0.,-3.125));
#8260=CARTESIAN_POINT('Origin',(-3.725,0.,-3.));
#8261=CARTESIAN_POINT('',(-3.915,0.,-3.125));
#8262=CARTESIAN_POINT('',(-2.,0.,-3.125));
#8263=CARTESIAN_POINT('',(-3.95,0.,-3.09));
#8264=CARTESIAN_POINT('',(-3.915,0.,-3.125));
#8265=CARTESIAN_POINT('',(-2.,0.,-3.09));
#8266=CARTESIAN_POINT('',(-3.95,0.,-3.41));
#8267=CARTESIAN_POINT('',(-2.,0.,-3.41));
#8268=CARTESIAN_POINT('',(-3.915,0.,-3.375));
#8269=CARTESIAN_POINT('',(-3.95,0.,-3.41));
#8270=CARTESIAN_POINT('',(-3.775,0.,-3.375));
#8271=CARTESIAN_POINT('',(-2.,0.,-3.375));
#8272=CARTESIAN_POINT('',(-3.775,0.,-3.625));
#8273=CARTESIAN_POINT('Origin',(-3.775,0.,-3.5));
#8274=CARTESIAN_POINT('',(-3.915,0.,-3.625));
#8275=CARTESIAN_POINT('',(-2.,0.,-3.625));
#8276=CARTESIAN_POINT('',(-3.95,0.,-3.59));
#8277=CARTESIAN_POINT('',(-3.915,0.,-3.625));
#8278=CARTESIAN_POINT('',(-2.,0.,-3.59));
#8279=CARTESIAN_POINT('',(-3.59,0.,-3.95));
#8280=CARTESIAN_POINT('',(-3.59,0.,-2.));
#8281=CARTESIAN_POINT('',(-3.625,0.,-3.915));
#8282=CARTESIAN_POINT('',(-3.59,0.,-3.95));
#8283=CARTESIAN_POINT('',(-3.625,0.,-3.775));
#8284=CARTESIAN_POINT('',(-3.625,0.,-2.));
#8285=CARTESIAN_POINT('',(-3.375,0.,-3.775));
#8286=CARTESIAN_POINT('Origin',(-3.5,0.,-3.775));
#8287=CARTESIAN_POINT('',(-3.375,0.,-3.915));
#8288=CARTESIAN_POINT('',(-3.375,0.,-2.));
#8289=CARTESIAN_POINT('',(-3.41,0.,-3.95));
#8290=CARTESIAN_POINT('',(-3.375,0.,-3.915));
#8291=CARTESIAN_POINT('',(-3.41,0.,-2.));
#8292=CARTESIAN_POINT('',(-3.09,0.,-3.95));
#8293=CARTESIAN_POINT('',(-3.09,0.,-2.));
#8294=CARTESIAN_POINT('',(-3.125,0.,-3.915));
#8295=CARTESIAN_POINT('',(-3.09,0.,-3.95));
#8296=CARTESIAN_POINT('',(-3.125,0.,-3.725));
#8297=CARTESIAN_POINT('',(-3.125,0.,-2.));
#8298=CARTESIAN_POINT('',(-2.875,0.,-3.725));
#8299=CARTESIAN_POINT('Origin',(-3.,0.,-3.725));
#8300=CARTESIAN_POINT('',(-2.875,0.,-3.915));
#8301=CARTESIAN_POINT('',(-2.875,0.,-2.));
#8302=CARTESIAN_POINT('',(-2.91,0.,-3.95));
#8303=CARTESIAN_POINT('',(-2.875,0.,-3.915));
#8304=CARTESIAN_POINT('',(-2.91,0.,-2.));
#8305=CARTESIAN_POINT('',(-2.59,0.,-3.95));
#8306=CARTESIAN_POINT('',(-2.59,0.,-2.));
#8307=CARTESIAN_POINT('',(-2.625,0.,-3.915));
#8308=CARTESIAN_POINT('',(-2.59,0.,-3.95));
#8309=CARTESIAN_POINT('',(-2.625,0.,-3.725));
#8310=CARTESIAN_POINT('',(-2.625,0.,-2.));
#8311=CARTESIAN_POINT('',(-2.375,0.,-3.725));
#8312=CARTESIAN_POINT('Origin',(-2.5,0.,-3.725));
#8313=CARTESIAN_POINT('',(-2.375,0.,-3.915));
#8314=CARTESIAN_POINT('',(-2.375,0.,-2.));
#8315=CARTESIAN_POINT('',(-2.41,0.,-3.95));
#8316=CARTESIAN_POINT('',(-2.375,0.,-3.915));
#8317=CARTESIAN_POINT('',(-2.41,0.,-2.));
#8318=CARTESIAN_POINT('',(-2.09,0.,-3.95));
#8319=CARTESIAN_POINT('',(-2.09,0.,-2.));
#8320=CARTESIAN_POINT('',(-2.125,0.,-3.915));
#8321=CARTESIAN_POINT('',(-2.09,0.,-3.95));
#8322=CARTESIAN_POINT('',(-2.125,0.,-3.725));
#8323=CARTESIAN_POINT('',(-2.125,0.,-2.));
#8324=CARTESIAN_POINT('',(-1.875,0.,-3.725));
#8325=CARTESIAN_POINT('Origin',(-2.,0.,-3.725));
#8326=CARTESIAN_POINT('',(-1.875,0.,-3.915));
#8327=CARTESIAN_POINT('',(-1.875,0.,-2.));
#8328=CARTESIAN_POINT('',(-1.91,0.,-3.95));
#8329=CARTESIAN_POINT('',(-1.875,0.,-3.915));
#8330=CARTESIAN_POINT('',(-1.91,0.,-2.));
#8331=CARTESIAN_POINT('',(-1.59,0.,-3.95));
#8332=CARTESIAN_POINT('',(-1.59,0.,-2.));
#8333=CARTESIAN_POINT('',(-1.625,0.,-3.915));
#8334=CARTESIAN_POINT('',(-1.59,0.,-3.95));
#8335=CARTESIAN_POINT('',(-1.625,0.,-3.725));
#8336=CARTESIAN_POINT('',(-1.625,0.,-2.));
#8337=CARTESIAN_POINT('',(-1.375,0.,-3.725));
#8338=CARTESIAN_POINT('Origin',(-1.5,0.,-3.725));
#8339=CARTESIAN_POINT('',(-1.375,0.,-3.915));
#8340=CARTESIAN_POINT('',(-1.375,0.,-2.));
#8341=CARTESIAN_POINT('',(-1.41,0.,-3.95));
#8342=CARTESIAN_POINT('',(-1.375,0.,-3.915));
#8343=CARTESIAN_POINT('',(-1.41,0.,-2.));
#8344=CARTESIAN_POINT('',(-1.09,0.,-3.95));
#8345=CARTESIAN_POINT('',(-1.09,0.,-2.));
#8346=CARTESIAN_POINT('',(-1.125,0.,-3.915));
#8347=CARTESIAN_POINT('',(-1.09,0.,-3.95));
#8348=CARTESIAN_POINT('',(-1.125,0.,-3.725));
#8349=CARTESIAN_POINT('',(-1.125,0.,-2.));
#8350=CARTESIAN_POINT('',(-0.875,0.,-3.725));
#8351=CARTESIAN_POINT('Origin',(-1.,0.,-3.725));
#8352=CARTESIAN_POINT('',(-0.875,0.,-3.915));
#8353=CARTESIAN_POINT('',(-0.875,0.,-2.));
#8354=CARTESIAN_POINT('',(-0.91,0.,-3.95));
#8355=CARTESIAN_POINT('',(-0.875,0.,-3.915));
#8356=CARTESIAN_POINT('',(-0.91,0.,-2.));
#8357=CARTESIAN_POINT('',(-0.59,0.,-3.95));
#8358=CARTESIAN_POINT('',(-0.59,0.,-2.));
#8359=CARTESIAN_POINT('',(-0.625,0.,-3.915));
#8360=CARTESIAN_POINT('',(-0.59,0.,-3.95));
#8361=CARTESIAN_POINT('',(-0.625,0.,-3.775));
#8362=CARTESIAN_POINT('',(-0.625,0.,-2.));
#8363=CARTESIAN_POINT('',(-0.375,0.,-3.775));
#8364=CARTESIAN_POINT('Origin',(-0.5,0.,-3.775));
#8365=CARTESIAN_POINT('',(-0.375,0.,-3.915));
#8366=CARTESIAN_POINT('',(-0.375,0.,-2.));
#8367=CARTESIAN_POINT('',(-0.41,0.,-3.95));
#8368=CARTESIAN_POINT('',(-0.375,0.,-3.915));
#8369=CARTESIAN_POINT('',(-0.41,0.,-2.));
#8370=CARTESIAN_POINT('',(-0.0499999999999999,0.,-3.59));
#8371=CARTESIAN_POINT('',(-2.,0.,-3.59));
#8372=CARTESIAN_POINT('',(-0.0850000000000004,0.,-3.625));
#8373=CARTESIAN_POINT('',(-0.0499999999999999,0.,-3.59));
#8374=CARTESIAN_POINT('',(-0.225,0.,-3.625));
#8375=CARTESIAN_POINT('',(-2.,0.,-3.625));
#8376=CARTESIAN_POINT('',(-0.225,0.,-3.375));
#8377=CARTESIAN_POINT('Origin',(-0.225,0.,-3.5));
#8378=CARTESIAN_POINT('',(-0.0850000000000001,0.,-3.375));
#8379=CARTESIAN_POINT('',(-2.,0.,-3.375));
#8380=CARTESIAN_POINT('',(-0.0500000000000003,0.,-3.41));
#8381=CARTESIAN_POINT('',(-0.085,0.,-3.375));
#8382=CARTESIAN_POINT('',(-2.,0.,-3.41));
#8383=CARTESIAN_POINT('',(-0.0499999999999999,0.,-3.09));
#8384=CARTESIAN_POINT('',(-2.,0.,-3.09));
#8385=CARTESIAN_POINT('',(-0.0850000000000004,0.,-3.125));
#8386=CARTESIAN_POINT('',(-0.0499999999999999,0.,-3.09));
#8387=CARTESIAN_POINT('',(-0.275,0.,-3.125));
#8388=CARTESIAN_POINT('',(-2.,0.,-3.125));
#8389=CARTESIAN_POINT('',(-0.275,0.,-2.875));
#8390=CARTESIAN_POINT('Origin',(-0.275,0.,-3.));
#8391=CARTESIAN_POINT('',(-0.0850000000000001,0.,-2.875));
#8392=CARTESIAN_POINT('',(-2.,0.,-2.875));
#8393=CARTESIAN_POINT('',(-0.0500000000000003,0.,-2.91));
#8394=CARTESIAN_POINT('',(-0.085,0.,-2.875));
#8395=CARTESIAN_POINT('',(-2.,0.,-2.91));
#8396=CARTESIAN_POINT('',(-0.0499999999999999,0.,-2.59));
#8397=CARTESIAN_POINT('',(-2.,0.,-2.59));
#8398=CARTESIAN_POINT('',(-0.0850000000000004,0.,-2.625));
#8399=CARTESIAN_POINT('',(-0.0499999999999999,0.,-2.59));
#8400=CARTESIAN_POINT('',(-0.275,0.,-2.625));
#8401=CARTESIAN_POINT('',(-2.,0.,-2.625));
#8402=CARTESIAN_POINT('',(-0.275,0.,-2.375));
#8403=CARTESIAN_POINT('Origin',(-0.275,0.,-2.5));
#8404=CARTESIAN_POINT('',(-0.0850000000000001,0.,-2.375));
#8405=CARTESIAN_POINT('',(-2.,0.,-2.375));
#8406=CARTESIAN_POINT('',(-0.0500000000000003,0.,-2.41));
#8407=CARTESIAN_POINT('',(-0.085,0.,-2.375));
#8408=CARTESIAN_POINT('',(-2.,0.,-2.41));
#8409=CARTESIAN_POINT('',(-0.0499999999999999,0.,-2.09));
#8410=CARTESIAN_POINT('',(-2.,0.,-2.09));
#8411=CARTESIAN_POINT('',(-0.0850000000000004,0.,-2.125));
#8412=CARTESIAN_POINT('',(-0.0499999999999999,0.,-2.09));
#8413=CARTESIAN_POINT('',(-0.275,0.,-2.125));
#8414=CARTESIAN_POINT('',(-2.,0.,-2.125));
#8415=CARTESIAN_POINT('',(-0.275,0.,-1.875));
#8416=CARTESIAN_POINT('Origin',(-0.275,0.,-2.));
#8417=CARTESIAN_POINT('',(-0.085,0.,-1.875));
#8418=CARTESIAN_POINT('',(-2.,0.,-1.875));
#8419=CARTESIAN_POINT('',(-0.0500000000000002,0.,-1.91));
#8420=CARTESIAN_POINT('',(-0.085,0.,-1.875));
#8421=CARTESIAN_POINT('',(-2.,0.,-1.91));
#8422=CARTESIAN_POINT('',(-0.0499999999999999,0.,-1.59));
#8423=CARTESIAN_POINT('',(-2.,0.,-1.59));
#8424=CARTESIAN_POINT('',(-0.0850000000000002,0.,-1.625));
#8425=CARTESIAN_POINT('',(-0.0499999999999999,0.,-1.59));
#8426=CARTESIAN_POINT('',(-0.275,0.,-1.625));
#8427=CARTESIAN_POINT('',(-2.,0.,-1.625));
#8428=CARTESIAN_POINT('',(-0.275,0.,-1.375));
#8429=CARTESIAN_POINT('Origin',(-0.275,0.,-1.5));
#8430=CARTESIAN_POINT('',(-0.085,0.,-1.375));
#8431=CARTESIAN_POINT('',(-2.,0.,-1.375));
#8432=CARTESIAN_POINT('',(-0.0500000000000002,0.,-1.41));
#8433=CARTESIAN_POINT('',(-0.085,0.,-1.375));
#8434=CARTESIAN_POINT('',(-2.,0.,-1.41));
#8435=CARTESIAN_POINT('',(-0.0499999999999999,0.,-1.09));
#8436=CARTESIAN_POINT('',(-2.,0.,-1.09));
#8437=CARTESIAN_POINT('',(-0.0850000000000002,0.,-1.125));
#8438=CARTESIAN_POINT('',(-0.0499999999999999,0.,-1.09));
#8439=CARTESIAN_POINT('',(-0.275,0.,-1.125));
#8440=CARTESIAN_POINT('',(-2.,0.,-1.125));
#8441=CARTESIAN_POINT('',(-0.275,0.,-0.874999999999999));
#8442=CARTESIAN_POINT('Origin',(-0.275,0.,-0.999999999999999));
#8443=CARTESIAN_POINT('',(-0.085,0.,-0.874999999999999));
#8444=CARTESIAN_POINT('',(-2.,0.,-0.874999999999999));
#8445=CARTESIAN_POINT('',(-0.0499999999999998,0.,-0.909999999999999));
#8446=CARTESIAN_POINT('',(-0.085,0.,-0.874999999999999));
#8447=CARTESIAN_POINT('',(-2.,0.,-0.909999999999999));
#8448=CARTESIAN_POINT('',(-0.0499999999999999,0.,-0.589999999999999));
#8449=CARTESIAN_POINT('',(-2.,0.,-0.589999999999999));
#8450=CARTESIAN_POINT('',(-0.0850000000000002,0.,-0.624999999999999));
#8451=CARTESIAN_POINT('',(-0.0499999999999999,0.,-0.589999999999999));
#8452=CARTESIAN_POINT('',(-0.225,0.,-0.624999999999999));
#8453=CARTESIAN_POINT('',(-2.,0.,-0.624999999999999));
#8454=CARTESIAN_POINT('',(-0.35,1.6940658945086E-18,-0.499999999999999));
#8455=CARTESIAN_POINT('Origin',(-0.225,0.,-0.499999999999999));
#8456=CARTESIAN_POINT('',(-0.225,0.,-0.374999999999999));
#8457=CARTESIAN_POINT('',(-0.35,0.,-0.499999999999999));
#8458=CARTESIAN_POINT('',(-0.085,0.,-0.374999999999999));
#8459=CARTESIAN_POINT('',(-2.,0.,-0.374999999999999));
#8460=CARTESIAN_POINT('',(-0.0499999999999998,0.,-0.409999999999999));
#8461=CARTESIAN_POINT('',(-0.085,0.,-0.374999999999999));
#8462=CARTESIAN_POINT('',(-2.,0.,-0.409999999999999));
#8463=CARTESIAN_POINT('',(-0.409999999999999,0.,-0.0499999999999999));
#8464=CARTESIAN_POINT('',(-0.409999999999999,0.,-2.));
#8465=CARTESIAN_POINT('',(-0.374999999999999,0.,-0.085));
#8466=CARTESIAN_POINT('',(-0.409999999999999,0.,-0.0499999999999999));
#8467=CARTESIAN_POINT('',(-0.374999999999999,0.,-2.));
#8468=CARTESIAN_POINT('',(-0.624999999999999,0.,-0.0850000000000001));
#8469=CARTESIAN_POINT('',(-0.624999999999999,0.,-2.));
#8470=CARTESIAN_POINT('',(-0.589999999999999,0.,-0.0500000000000002));
#8471=CARTESIAN_POINT('',(-0.624999999999999,0.,-0.085));
#8472=CARTESIAN_POINT('',(-0.589999999999999,0.,-2.));
#8473=CARTESIAN_POINT('',(-0.909999999999999,0.,-0.0499999999999999));
#8474=CARTESIAN_POINT('',(-0.909999999999999,0.,-2.));
#8475=CARTESIAN_POINT('',(-0.874999999999999,0.,-0.0850000000000002));
#8476=CARTESIAN_POINT('',(-0.909999999999999,0.,-0.0499999999999999));
#8477=CARTESIAN_POINT('',(-0.874999999999999,0.,-2.));
#8478=CARTESIAN_POINT('',(-1.125,0.,-0.0850000000000002));
#8479=CARTESIAN_POINT('',(-1.125,0.,-2.));
#8480=CARTESIAN_POINT('',(-1.125,0.,-0.0850000000000002));
#8481=CARTESIAN_POINT('Origin',(-3.95,0.,-1.91));
#8482=CARTESIAN_POINT('',(-4.01,-0.025,-1.91));
#8483=CARTESIAN_POINT('',(-3.95,-0.025,-1.91));
#8484=CARTESIAN_POINT('',(-3.95,-0.025,-1.91));
#8485=CARTESIAN_POINT('',(-3.95,0.,-1.91));
#8486=CARTESIAN_POINT('',(-4.01,0.127,-1.91));
#8487=CARTESIAN_POINT('',(-3.95,0.127,-1.91));
#8488=CARTESIAN_POINT('',(-4.01,0.,-1.91));
#8489=CARTESIAN_POINT('Origin',(-4.005,0.127,-2.));
#8490=CARTESIAN_POINT('',(-4.01,0.127,-2.09));
#8491=CARTESIAN_POINT('',(-4.01,0.127,-2.));
#8492=CARTESIAN_POINT('',(-4.005,0.127,-2.09));
#8493=CARTESIAN_POINT('Origin',(-4.,0.,-2.09));
#8494=CARTESIAN_POINT('',(-3.95,-0.025,-2.09));
#8495=CARTESIAN_POINT('',(-3.95,0.,-2.09));
#8496=CARTESIAN_POINT('',(-4.01,-0.025,-2.09));
#8497=CARTESIAN_POINT('',(-4.,-0.025,-2.09));
#8498=CARTESIAN_POINT('',(-4.01,0.,-2.09));
#8499=CARTESIAN_POINT('Origin',(-3.95,0.,-2.41));
#8500=CARTESIAN_POINT('',(-4.01,-0.025,-2.41));
#8501=CARTESIAN_POINT('',(-3.95,-0.025,-2.41));
#8502=CARTESIAN_POINT('',(-3.95,-0.025,-2.41));
#8503=CARTESIAN_POINT('',(-3.95,0.,-2.41));
#8504=CARTESIAN_POINT('',(-4.01,0.127,-2.41));
#8505=CARTESIAN_POINT('',(-3.95,0.127,-2.41));
#8506=CARTESIAN_POINT('',(-4.01,0.,-2.41));
#8507=CARTESIAN_POINT('Origin',(-4.005,0.127,-2.5));
#8508=CARTESIAN_POINT('',(-4.01,0.127,-2.59));
#8509=CARTESIAN_POINT('',(-4.01,0.127,-2.5));
#8510=CARTESIAN_POINT('',(-4.005,0.127,-2.59));
#8511=CARTESIAN_POINT('Origin',(-4.,0.,-2.59));
#8512=CARTESIAN_POINT('',(-3.95,-0.025,-2.59));
#8513=CARTESIAN_POINT('',(-3.95,0.,-2.59));
#8514=CARTESIAN_POINT('',(-4.01,-0.025,-2.59));
#8515=CARTESIAN_POINT('',(-4.,-0.025,-2.59));
#8516=CARTESIAN_POINT('',(-4.01,0.,-2.59));
#8517=CARTESIAN_POINT('Origin',(-3.95,0.,-2.91));
#8518=CARTESIAN_POINT('',(-4.01,-0.025,-2.91));
#8519=CARTESIAN_POINT('',(-3.95,-0.025,-2.91));
#8520=CARTESIAN_POINT('',(-3.95,-0.025,-2.91));
#8521=CARTESIAN_POINT('',(-3.95,0.,-2.91));
#8522=CARTESIAN_POINT('',(-4.01,0.127,-2.91));
#8523=CARTESIAN_POINT('',(-3.95,0.127,-2.91));
#8524=CARTESIAN_POINT('',(-4.01,0.,-2.91));
#8525=CARTESIAN_POINT('Origin',(-4.005,0.127,-3.));
#8526=CARTESIAN_POINT('',(-4.01,0.127,-3.09));
#8527=CARTESIAN_POINT('',(-4.01,0.127,-3.));
#8528=CARTESIAN_POINT('',(-4.005,0.127,-3.09));
#8529=CARTESIAN_POINT('Origin',(-4.,0.,-3.09));
#8530=CARTESIAN_POINT('',(-3.95,-0.025,-3.09));
#8531=CARTESIAN_POINT('',(-3.95,0.,-3.09));
#8532=CARTESIAN_POINT('',(-4.01,-0.025,-3.09));
#8533=CARTESIAN_POINT('',(-4.,-0.025,-3.09));
#8534=CARTESIAN_POINT('',(-4.01,0.,-3.09));
#8535=CARTESIAN_POINT('Origin',(-3.95,0.,-3.41));
#8536=CARTESIAN_POINT('',(-4.01,-0.025,-3.41));
#8537=CARTESIAN_POINT('',(-3.95,-0.025,-3.41));
#8538=CARTESIAN_POINT('',(-3.95,-0.025,-3.41));
#8539=CARTESIAN_POINT('',(-3.95,0.,-3.41));
#8540=CARTESIAN_POINT('',(-4.01,0.127,-3.41));
#8541=CARTESIAN_POINT('',(-3.95,0.127,-3.41));
#8542=CARTESIAN_POINT('',(-4.01,0.,-3.41));
#8543=CARTESIAN_POINT('Origin',(-4.005,0.127,-3.5));
#8544=CARTESIAN_POINT('',(-4.01,0.127,-3.59));
#8545=CARTESIAN_POINT('',(-4.01,0.127,-3.5));
#8546=CARTESIAN_POINT('',(-4.005,0.127,-3.59));
#8547=CARTESIAN_POINT('Origin',(-4.,0.,-3.59));
#8548=CARTESIAN_POINT('',(-3.95,-0.025,-3.59));
#8549=CARTESIAN_POINT('',(-3.95,0.,-3.59));
#8550=CARTESIAN_POINT('',(-4.01,-0.025,-3.59));
#8551=CARTESIAN_POINT('',(-4.,-0.025,-3.59));
#8552=CARTESIAN_POINT('',(-4.01,0.,-3.59));
#8553=CARTESIAN_POINT('Origin',(-3.95,0.,-0.409999999999999));
#8554=CARTESIAN_POINT('',(-4.01,-0.025,-0.409999999999999));
#8555=CARTESIAN_POINT('',(-3.95,-0.025,-0.409999999999999));
#8556=CARTESIAN_POINT('',(-3.95,-0.025,-0.409999999999999));
#8557=CARTESIAN_POINT('',(-3.95,0.,-0.409999999999999));
#8558=CARTESIAN_POINT('',(-4.01,0.127,-0.409999999999999));
#8559=CARTESIAN_POINT('',(-3.95,0.127,-0.409999999999999));
#8560=CARTESIAN_POINT('',(-4.01,0.,-0.409999999999999));
#8561=CARTESIAN_POINT('Origin',(-4.005,0.127,-0.499999999999998));
#8562=CARTESIAN_POINT('',(-4.01,0.127,-0.589999999999998));
#8563=CARTESIAN_POINT('',(-4.005,0.127,-0.589999999999998));
#8564=CARTESIAN_POINT('',(-4.01,0.127,-0.499999999999998));
#8565=CARTESIAN_POINT('Origin',(-4.,0.,-0.589999999999999));
#8566=CARTESIAN_POINT('',(-3.95,-0.025,-0.589999999999999));
#8567=CARTESIAN_POINT('',(-3.95,0.,-0.589999999999999));
#8568=CARTESIAN_POINT('',(-4.01,-0.025,-0.589999999999999));
#8569=CARTESIAN_POINT('',(-4.,-0.025,-0.589999999999999));
#8570=CARTESIAN_POINT('',(-4.01,0.,-0.589999999999999));
#8571=CARTESIAN_POINT('Origin',(-3.95,0.,-0.909999999999999));
#8572=CARTESIAN_POINT('',(-4.01,-0.025,-0.909999999999999));
#8573=CARTESIAN_POINT('',(-3.95,-0.025,-0.909999999999999));
#8574=CARTESIAN_POINT('',(-3.95,-0.025,-0.909999999999999));
#8575=CARTESIAN_POINT('',(-3.95,0.,-0.909999999999999));
#8576=CARTESIAN_POINT('',(-4.01,0.127,-0.909999999999999));
#8577=CARTESIAN_POINT('',(-3.95,0.127,-0.909999999999999));
#8578=CARTESIAN_POINT('',(-4.01,0.,-0.909999999999999));
#8579=CARTESIAN_POINT('Origin',(-4.005,0.127,-0.999999999999998));
#8580=CARTESIAN_POINT('',(-4.01,0.127,-1.09));
#8581=CARTESIAN_POINT('',(-4.005,0.127,-1.09));
#8582=CARTESIAN_POINT('',(-4.01,0.127,-0.999999999999998));
#8583=CARTESIAN_POINT('Origin',(-4.,0.,-1.09));
#8584=CARTESIAN_POINT('',(-3.95,-0.025,-1.09));
#8585=CARTESIAN_POINT('',(-3.95,0.,-1.09));
#8586=CARTESIAN_POINT('',(-4.01,-0.025,-1.09));
#8587=CARTESIAN_POINT('',(-4.,-0.025,-1.09));
#8588=CARTESIAN_POINT('',(-4.01,0.,-1.09));
#8589=CARTESIAN_POINT('Origin',(-3.95,0.,-1.41));
#8590=CARTESIAN_POINT('',(-4.01,-0.025,-1.41));
#8591=CARTESIAN_POINT('',(-3.95,-0.025,-1.41));
#8592=CARTESIAN_POINT('',(-3.95,-0.025,-1.41));
#8593=CARTESIAN_POINT('',(-3.95,0.,-1.41));
#8594=CARTESIAN_POINT('',(-4.01,0.127,-1.41));
#8595=CARTESIAN_POINT('',(-3.95,0.127,-1.41));
#8596=CARTESIAN_POINT('',(-4.01,0.,-1.41));
#8597=CARTESIAN_POINT('Origin',(-4.005,0.127,-1.5));
#8598=CARTESIAN_POINT('',(-4.01,0.127,-1.59));
#8599=CARTESIAN_POINT('',(-4.005,0.127,-1.59));
#8600=CARTESIAN_POINT('',(-4.01,0.127,-1.5));
#8601=CARTESIAN_POINT('Origin',(-4.,0.,-1.59));
#8602=CARTESIAN_POINT('',(-3.95,-0.025,-1.59));
#8603=CARTESIAN_POINT('',(-3.95,0.,-1.59));
#8604=CARTESIAN_POINT('',(-4.01,-0.025,-1.59));
#8605=CARTESIAN_POINT('',(-4.,-0.025,-1.59));
#8606=CARTESIAN_POINT('',(-4.01,0.,-1.59));
#8607=CARTESIAN_POINT('Origin',(-3.,0.127,-4.005));
#8608=CARTESIAN_POINT('',(-2.91,0.127,-4.01));
#8609=CARTESIAN_POINT('',(-3.09,0.127,-4.01));
#8610=CARTESIAN_POINT('',(-3.,0.127,-4.01));
#8611=CARTESIAN_POINT('',(-3.09,0.127,-4.005));
#8612=CARTESIAN_POINT('',(-2.91,0.127,-4.005));
#8613=CARTESIAN_POINT('Origin',(-2.91,0.,-4.));
#8614=CARTESIAN_POINT('',(-2.91,-0.025,-3.95));
#8615=CARTESIAN_POINT('',(-2.91,0.,-3.95));
#8616=CARTESIAN_POINT('',(-2.91,-0.025,-4.01));
#8617=CARTESIAN_POINT('',(-2.91,-0.025,-4.));
#8618=CARTESIAN_POINT('',(-2.91,0.,-4.01));
#8619=CARTESIAN_POINT('Origin',(-2.59,0.,-3.95));
#8620=CARTESIAN_POINT('',(-2.59,-0.025,-4.01));
#8621=CARTESIAN_POINT('',(-2.59,-0.025,-3.95));
#8622=CARTESIAN_POINT('',(-2.59,-0.025,-3.95));
#8623=CARTESIAN_POINT('',(-2.59,0.,-3.95));
#8624=CARTESIAN_POINT('',(-2.59,0.127,-4.01));
#8625=CARTESIAN_POINT('',(-2.59,0.127,-3.95));
#8626=CARTESIAN_POINT('',(-2.59,0.,-4.01));
#8627=CARTESIAN_POINT('Origin',(-2.5,0.127,-4.005));
#8628=CARTESIAN_POINT('',(-2.41,0.127,-4.01));
#8629=CARTESIAN_POINT('',(-2.41,0.127,-4.005));
#8630=CARTESIAN_POINT('',(-2.5,0.127,-4.01));
#8631=CARTESIAN_POINT('Origin',(-2.41,0.,-4.));
#8632=CARTESIAN_POINT('',(-2.41,-0.025,-3.95));
#8633=CARTESIAN_POINT('',(-2.41,0.,-3.95));
#8634=CARTESIAN_POINT('',(-2.41,-0.025,-4.01));
#8635=CARTESIAN_POINT('',(-2.41,-0.025,-4.));
#8636=CARTESIAN_POINT('',(-2.41,0.,-4.01));
#8637=CARTESIAN_POINT('Origin',(-2.09,0.,-3.95));
#8638=CARTESIAN_POINT('',(-2.09,-0.025,-4.01));
#8639=CARTESIAN_POINT('',(-2.09,-0.025,-3.95));
#8640=CARTESIAN_POINT('',(-2.09,-0.025,-3.95));
#8641=CARTESIAN_POINT('',(-2.09,0.,-3.95));
#8642=CARTESIAN_POINT('',(-2.09,0.127,-4.01));
#8643=CARTESIAN_POINT('',(-2.09,0.127,-3.95));
#8644=CARTESIAN_POINT('',(-2.09,0.,-4.01));
#8645=CARTESIAN_POINT('Origin',(-2.045,0.127,-4.005));
#8646=CARTESIAN_POINT('',(-1.91,0.127,-4.01));
#8647=CARTESIAN_POINT('',(-1.91,0.127,-4.005));
#8648=CARTESIAN_POINT('',(-2.045,0.127,-4.01));
#8649=CARTESIAN_POINT('Origin',(-1.91,0.,-4.));
#8650=CARTESIAN_POINT('',(-1.91,-0.025,-3.95));
#8651=CARTESIAN_POINT('',(-1.91,0.,-3.95));
#8652=CARTESIAN_POINT('',(-1.91,-0.025,-4.01));
#8653=CARTESIAN_POINT('',(-1.91,-0.025,-4.));
#8654=CARTESIAN_POINT('',(-1.91,0.,-4.01));
#8655=CARTESIAN_POINT('Origin',(-1.59,0.,-3.95));
#8656=CARTESIAN_POINT('',(-1.59,-0.025,-4.01));
#8657=CARTESIAN_POINT('',(-1.59,-0.025,-3.95));
#8658=CARTESIAN_POINT('',(-1.59,-0.025,-3.95));
#8659=CARTESIAN_POINT('',(-1.59,0.,-3.95));
#8660=CARTESIAN_POINT('',(-1.59,0.127,-4.01));
#8661=CARTESIAN_POINT('',(-1.59,0.127,-3.95));
#8662=CARTESIAN_POINT('',(-1.59,0.,-4.01));
#8663=CARTESIAN_POINT('Origin',(-1.5,0.127,-4.005));
#8664=CARTESIAN_POINT('',(-1.41,0.127,-4.01));
#8665=CARTESIAN_POINT('',(-1.5,0.127,-4.01));
#8666=CARTESIAN_POINT('',(-1.41,0.127,-4.005));
#8667=CARTESIAN_POINT('Origin',(-1.41,0.,-4.));
#8668=CARTESIAN_POINT('',(-1.41,-0.025,-3.95));
#8669=CARTESIAN_POINT('',(-1.41,0.,-3.95));
#8670=CARTESIAN_POINT('',(-1.41,-0.025,-4.01));
#8671=CARTESIAN_POINT('',(-1.41,-0.025,-4.));
#8672=CARTESIAN_POINT('',(-1.41,0.,-4.01));
#8673=CARTESIAN_POINT('Origin',(-1.09,0.,-3.95));
#8674=CARTESIAN_POINT('',(-1.09,-0.025,-4.01));
#8675=CARTESIAN_POINT('',(-1.09,-0.025,-3.95));
#8676=CARTESIAN_POINT('',(-1.09,-0.025,-3.95));
#8677=CARTESIAN_POINT('',(-1.09,0.,-3.95));
#8678=CARTESIAN_POINT('',(-1.09,0.127,-4.01));
#8679=CARTESIAN_POINT('',(-1.09,0.127,-3.95));
#8680=CARTESIAN_POINT('',(-1.09,0.,-4.01));
#8681=CARTESIAN_POINT('Origin',(-1.,0.127,-4.005));
#8682=CARTESIAN_POINT('',(-0.91,0.127,-4.01));
#8683=CARTESIAN_POINT('',(-1.,0.127,-4.01));
#8684=CARTESIAN_POINT('',(-0.91,0.127,-4.005));
#8685=CARTESIAN_POINT('Origin',(-0.91,0.,-4.));
#8686=CARTESIAN_POINT('',(-0.91,-0.025,-3.95));
#8687=CARTESIAN_POINT('',(-0.91,0.,-3.95));
#8688=CARTESIAN_POINT('',(-0.91,-0.025,-4.01));
#8689=CARTESIAN_POINT('',(-0.91,-0.025,-4.));
#8690=CARTESIAN_POINT('',(-0.91,0.,-4.01));
#8691=CARTESIAN_POINT('Origin',(-0.59,0.,-3.95));
#8692=CARTESIAN_POINT('',(-0.59,-0.025,-4.01));
#8693=CARTESIAN_POINT('',(-0.59,-0.025,-3.95));
#8694=CARTESIAN_POINT('',(-0.59,-0.025,-3.95));
#8695=CARTESIAN_POINT('',(-0.59,0.,-3.95));
#8696=CARTESIAN_POINT('',(-0.59,0.127,-4.01));
#8697=CARTESIAN_POINT('',(-0.59,0.127,-3.95));
#8698=CARTESIAN_POINT('',(-0.59,0.,-4.01));
#8699=CARTESIAN_POINT('Origin',(-0.5,0.127,-4.005));
#8700=CARTESIAN_POINT('',(-0.41,0.127,-4.01));
#8701=CARTESIAN_POINT('',(-0.5,0.127,-4.01));
#8702=CARTESIAN_POINT('',(-0.41,0.127,-4.005));
#8703=CARTESIAN_POINT('Origin',(-0.41,0.,-4.));
#8704=CARTESIAN_POINT('',(-0.41,-0.025,-3.95));
#8705=CARTESIAN_POINT('',(-0.41,0.,-3.95));
#8706=CARTESIAN_POINT('',(-0.41,-0.025,-4.01));
#8707=CARTESIAN_POINT('',(-0.41,-0.025,-4.));
#8708=CARTESIAN_POINT('',(-0.41,0.,-4.01));
#8709=CARTESIAN_POINT('Origin',(-3.59,0.,-3.95));
#8710=CARTESIAN_POINT('',(-3.59,-0.025,-4.01));
#8711=CARTESIAN_POINT('',(-3.59,-0.025,-3.95));
#8712=CARTESIAN_POINT('',(-3.59,-0.025,-3.95));
#8713=CARTESIAN_POINT('',(-3.59,0.,-3.95));
#8714=CARTESIAN_POINT('',(-3.59,0.127,-4.01));
#8715=CARTESIAN_POINT('',(-3.59,0.127,-3.95));
#8716=CARTESIAN_POINT('',(-3.59,0.,-4.01));
#8717=CARTESIAN_POINT('Origin',(-3.5,0.127,-4.005));
#8718=CARTESIAN_POINT('',(-3.41,0.127,-4.01));
#8719=CARTESIAN_POINT('',(-3.41,0.127,-4.005));
#8720=CARTESIAN_POINT('',(-3.5,0.127,-4.01));
#8721=CARTESIAN_POINT('Origin',(-3.41,0.,-4.));
#8722=CARTESIAN_POINT('',(-3.41,-0.025,-3.95));
#8723=CARTESIAN_POINT('',(-3.41,0.,-3.95));
#8724=CARTESIAN_POINT('',(-3.41,-0.025,-4.01));
#8725=CARTESIAN_POINT('',(-3.41,-0.025,-4.));
#8726=CARTESIAN_POINT('',(-3.41,0.,-4.01));
#8727=CARTESIAN_POINT('Origin',(-3.09,0.,-3.95));
#8728=CARTESIAN_POINT('',(-3.09,-0.025,-4.01));
#8729=CARTESIAN_POINT('',(-3.09,-0.025,-3.95));
#8730=CARTESIAN_POINT('',(-3.09,-0.025,-3.95));
#8731=CARTESIAN_POINT('',(-3.09,0.,-3.95));
#8732=CARTESIAN_POINT('',(-3.09,0.,-4.01));
#8733=CARTESIAN_POINT('Origin',(0.00499999999999901,0.127,-3.5));
#8734=CARTESIAN_POINT('',(0.00999999999999905,0.127,-3.41));
#8735=CARTESIAN_POINT('',(0.00999999999999902,0.127,-3.59));
#8736=CARTESIAN_POINT('',(0.00999999999999905,0.127,-3.5));
#8737=CARTESIAN_POINT('',(0.00499999999999901,0.127,-3.59));
#8738=CARTESIAN_POINT('',(0.00499999999999901,0.127,-3.41));
#8739=CARTESIAN_POINT('Origin',(0.,0.,-3.41));
#8740=CARTESIAN_POINT('',(-0.05,-0.025,-3.41));
#8741=CARTESIAN_POINT('',(-0.05,0.,-3.41));
#8742=CARTESIAN_POINT('',(0.00999999999999905,-0.025,-3.41));
#8743=CARTESIAN_POINT('',(0.,-0.025,-3.41));
#8744=CARTESIAN_POINT('',(0.00999999999999905,0.,-3.41));
#8745=CARTESIAN_POINT('Origin',(-0.05,0.,-3.09));
#8746=CARTESIAN_POINT('',(0.00999999999999941,-0.025,-3.09));
#8747=CARTESIAN_POINT('',(-0.05,-0.025,-3.09));
#8748=CARTESIAN_POINT('',(-0.05,-0.025,-3.09));
#8749=CARTESIAN_POINT('',(-0.05,0.,-3.09));
#8750=CARTESIAN_POINT('',(0.00999999999999941,0.127,-3.09));
#8751=CARTESIAN_POINT('',(-0.05,0.127,-3.09));
#8752=CARTESIAN_POINT('',(0.00999999999999919,0.,-3.09));
#8753=CARTESIAN_POINT('Origin',(0.00499999999999951,0.127,-3.));
#8754=CARTESIAN_POINT('',(0.00999999999999983,0.127,-2.91));
#8755=CARTESIAN_POINT('',(0.00999999999999983,0.127,-3.));
#8756=CARTESIAN_POINT('',(0.00499999999999951,0.127,-2.91));
#8757=CARTESIAN_POINT('Origin',(0.,0.,-2.91));
#8758=CARTESIAN_POINT('',(-0.05,-0.025,-2.91));
#8759=CARTESIAN_POINT('',(-0.05,0.,-2.91));
#8760=CARTESIAN_POINT('',(0.00999999999999983,-0.025,-2.91));
#8761=CARTESIAN_POINT('',(0.,-0.025,-2.91));
#8762=CARTESIAN_POINT('',(0.00999999999999983,0.,-2.91));
#8763=CARTESIAN_POINT('Origin',(-0.05,0.,-2.59));
#8764=CARTESIAN_POINT('',(0.00999999999999998,-0.025,-2.59));
#8765=CARTESIAN_POINT('',(-0.05,-0.025,-2.59));
#8766=CARTESIAN_POINT('',(-0.05,-0.025,-2.59));
#8767=CARTESIAN_POINT('',(-0.05,0.,-2.59));
#8768=CARTESIAN_POINT('',(0.00999999999999998,0.127,-2.59));
#8769=CARTESIAN_POINT('',(-0.05,0.127,-2.59));
#8770=CARTESIAN_POINT('',(0.00999999999999997,0.,-2.59));
#8771=CARTESIAN_POINT('Origin',(0.005,0.127,-2.5));
#8772=CARTESIAN_POINT('',(0.01,0.127,-2.41));
#8773=CARTESIAN_POINT('',(0.01,0.127,-2.5));
#8774=CARTESIAN_POINT('',(0.005,0.127,-2.41));
#8775=CARTESIAN_POINT('Origin',(0.,0.,-2.41));
#8776=CARTESIAN_POINT('',(-0.05,-0.025,-2.41));
#8777=CARTESIAN_POINT('',(-0.05,0.,-2.41));
#8778=CARTESIAN_POINT('',(0.01,-0.025,-2.41));
#8779=CARTESIAN_POINT('',(0.,-0.025,-2.41));
#8780=CARTESIAN_POINT('',(0.01,0.,-2.41));
#8781=CARTESIAN_POINT('Origin',(-0.05,0.,-2.09));
#8782=CARTESIAN_POINT('',(0.0100000000000002,-0.025,-2.09));
#8783=CARTESIAN_POINT('',(-0.05,-0.025,-2.09));
#8784=CARTESIAN_POINT('',(-0.05,-0.025,-2.09));
#8785=CARTESIAN_POINT('',(-0.05,0.,-2.09));
#8786=CARTESIAN_POINT('',(0.0100000000000002,0.127,-2.09));
#8787=CARTESIAN_POINT('',(-0.05,0.127,-2.09));
#8788=CARTESIAN_POINT('',(0.0100000000000002,0.,-2.09));
#8789=CARTESIAN_POINT('Origin',(0.00500000000000011,0.127,-1.955));
#8790=CARTESIAN_POINT('',(0.0100000000000003,0.127,-1.91));
#8791=CARTESIAN_POINT('',(0.0100000000000003,0.127,-1.955));
#8792=CARTESIAN_POINT('',(0.00500000000000011,0.127,-1.91));
#8793=CARTESIAN_POINT('Origin',(0.,0.,-1.91));
#8794=CARTESIAN_POINT('',(-0.05,-0.025,-1.91));
#8795=CARTESIAN_POINT('',(-0.05,0.,-1.91));
#8796=CARTESIAN_POINT('',(0.0100000000000003,-0.025,-1.91));
#8797=CARTESIAN_POINT('',(0.,-0.025,-1.91));
#8798=CARTESIAN_POINT('',(0.0100000000000003,0.,-1.91));
#8799=CARTESIAN_POINT('Origin',(-0.05,0.,-1.59));
#8800=CARTESIAN_POINT('',(0.0100000000000004,-0.025,-1.59));
#8801=CARTESIAN_POINT('',(-0.05,-0.025,-1.59));
#8802=CARTESIAN_POINT('',(-0.05,-0.025,-1.59));
#8803=CARTESIAN_POINT('',(-0.05,0.,-1.59));
#8804=CARTESIAN_POINT('',(0.0100000000000004,0.127,-1.59));
#8805=CARTESIAN_POINT('',(-0.05,0.127,-1.59));
#8806=CARTESIAN_POINT('',(0.0100000000000004,0.,-1.59));
#8807=CARTESIAN_POINT('Origin',(0.00500000000000045,0.127,-1.5));
#8808=CARTESIAN_POINT('',(0.0100000000000005,0.127,-1.41));
#8809=CARTESIAN_POINT('',(0.0100000000000005,0.127,-1.5));
#8810=CARTESIAN_POINT('',(0.00500000000000045,0.127,-1.41));
#8811=CARTESIAN_POINT('Origin',(0.,0.,-1.41));
#8812=CARTESIAN_POINT('',(-0.05,-0.025,-1.41));
#8813=CARTESIAN_POINT('',(-0.05,0.,-1.41));
#8814=CARTESIAN_POINT('',(0.0100000000000005,-0.025,-1.41));
#8815=CARTESIAN_POINT('',(0.,-0.025,-1.41));
#8816=CARTESIAN_POINT('',(0.0100000000000005,0.,-1.41));
#8817=CARTESIAN_POINT('Origin',(-0.05,0.,-1.09));
#8818=CARTESIAN_POINT('',(0.0100000000000006,-0.025,-1.09));
#8819=CARTESIAN_POINT('',(-0.05,-0.025,-1.09));
#8820=CARTESIAN_POINT('',(-0.05,-0.025,-1.09));
#8821=CARTESIAN_POINT('',(-0.05,0.,-1.09));
#8822=CARTESIAN_POINT('',(0.0100000000000006,0.127,-1.09));
#8823=CARTESIAN_POINT('',(-0.05,0.127,-1.09));
#8824=CARTESIAN_POINT('',(0.0100000000000006,0.,-1.09));
#8825=CARTESIAN_POINT('Origin',(0.00500000000000067,0.127,-1.));
#8826=CARTESIAN_POINT('',(0.0100000000000007,0.127,-0.91));
#8827=CARTESIAN_POINT('',(0.00500000000000067,0.127,-0.91));
#8828=CARTESIAN_POINT('',(0.0100000000000007,0.127,-1.));
#8829=CARTESIAN_POINT('Origin',(0.,0.,-0.909999999999999));
#8830=CARTESIAN_POINT('',(-0.05,-0.025,-0.909999999999999));
#8831=CARTESIAN_POINT('',(-0.05,0.,-0.909999999999999));
#8832=CARTESIAN_POINT('',(0.0100000000000007,-0.025,-0.909999999999999));
#8833=CARTESIAN_POINT('',(0.,-0.025,-0.909999999999999));
#8834=CARTESIAN_POINT('',(0.0100000000000007,0.,-0.909999999999999));
#8835=CARTESIAN_POINT('Origin',(-0.05,0.,-0.589999999999999));
#8836=CARTESIAN_POINT('',(0.0100000000000009,-0.025,-0.589999999999999));
#8837=CARTESIAN_POINT('',(-0.05,-0.025,-0.589999999999999));
#8838=CARTESIAN_POINT('',(-0.05,-0.025,-0.589999999999999));
#8839=CARTESIAN_POINT('',(-0.05,0.,-0.589999999999999));
#8840=CARTESIAN_POINT('',(0.0100000000000009,0.127,-0.589999999999999));
#8841=CARTESIAN_POINT('',(-0.05,0.127,-0.589999999999999));
#8842=CARTESIAN_POINT('',(0.0100000000000009,0.,-0.589999999999999));
#8843=CARTESIAN_POINT('Origin',(0.00500000000000089,0.127,-0.5));
#8844=CARTESIAN_POINT('',(0.0100000000000009,0.127,-0.41));
#8845=CARTESIAN_POINT('',(0.0100000000000009,0.127,-0.5));
#8846=CARTESIAN_POINT('',(0.00500000000000089,0.127,-0.41));
#8847=CARTESIAN_POINT('Origin',(0.,0.,-0.409999999999999));
#8848=CARTESIAN_POINT('',(-0.05,-0.025,-0.409999999999999));
#8849=CARTESIAN_POINT('',(-0.05,0.,-0.409999999999999));
#8850=CARTESIAN_POINT('',(0.0100000000000009,-0.025,-0.409999999999999));
#8851=CARTESIAN_POINT('',(0.,-0.025,-0.409999999999999));
#8852=CARTESIAN_POINT('',(0.0100000000000009,0.,-0.409999999999999));
#8853=CARTESIAN_POINT('Origin',(-0.05,0.,-3.59));
#8854=CARTESIAN_POINT('',(0.00999999999999897,-0.025,-3.59));
#8855=CARTESIAN_POINT('',(-0.05,-0.025,-3.59));
#8856=CARTESIAN_POINT('',(-0.05,-0.025,-3.59));
#8857=CARTESIAN_POINT('',(-0.05,0.,-3.59));
#8858=CARTESIAN_POINT('',(0.00999999999999897,0.,-3.59));
#8859=CARTESIAN_POINT('Origin',(-2.5,0.127,0.00500000000000112));
#8860=CARTESIAN_POINT('',(-2.59,0.127,0.0100000000000011));
#8861=CARTESIAN_POINT('',(-2.41,0.127,0.0100000000000011));
#8862=CARTESIAN_POINT('',(-2.5,0.127,0.0100000000000011));
#8863=CARTESIAN_POINT('',(-2.41,0.127,0.00500000000000112));
#8864=CARTESIAN_POINT('',(-2.59,0.127,0.00500000000000112));
#8865=CARTESIAN_POINT('Origin',(-2.59,0.,0.));
#8866=CARTESIAN_POINT('',(-2.59,-0.025,-0.05));
#8867=CARTESIAN_POINT('',(-2.59,0.,-0.05));
#8868=CARTESIAN_POINT('',(-2.59,-0.025,0.0100000000000011));
#8869=CARTESIAN_POINT('',(-2.59,-0.025,0.));
#8870=CARTESIAN_POINT('',(-2.59,0.,0.0100000000000011));
#8871=CARTESIAN_POINT('Origin',(-2.91,0.,-0.05));
#8872=CARTESIAN_POINT('',(-2.91,-0.025,0.0100000000000009));
#8873=CARTESIAN_POINT('',(-2.91,-0.025,-0.05));
#8874=CARTESIAN_POINT('',(-2.91,-0.025,-0.05));
#8875=CARTESIAN_POINT('',(-2.91,0.,-0.05));
#8876=CARTESIAN_POINT('',(-2.91,0.127,0.0100000000000009));
#8877=CARTESIAN_POINT('',(-2.91,0.127,-0.05));
#8878=CARTESIAN_POINT('',(-2.91,0.,0.0100000000000011));
#8879=CARTESIAN_POINT('Origin',(-3.,0.127,0.00500000000000084));
#8880=CARTESIAN_POINT('',(-3.09,0.127,0.0100000000000006));
#8881=CARTESIAN_POINT('',(-3.09,0.127,0.00500000000000084));
#8882=CARTESIAN_POINT('',(-3.,0.127,0.0100000000000006));
#8883=CARTESIAN_POINT('Origin',(-3.09,0.,0.));
#8884=CARTESIAN_POINT('',(-3.09,-0.025,-0.05));
#8885=CARTESIAN_POINT('',(-3.09,0.,-0.05));
#8886=CARTESIAN_POINT('',(-3.09,-0.025,0.0100000000000006));
#8887=CARTESIAN_POINT('',(-3.09,-0.025,0.));
#8888=CARTESIAN_POINT('',(-3.09,0.,0.0100000000000006));
#8889=CARTESIAN_POINT('Origin',(-3.41,0.,-0.05));
#8890=CARTESIAN_POINT('',(-3.41,-0.025,0.0100000000000006));
#8891=CARTESIAN_POINT('',(-3.41,-0.025,-0.05));
#8892=CARTESIAN_POINT('',(-3.41,-0.025,-0.05));
#8893=CARTESIAN_POINT('',(-3.41,0.,-0.05));
#8894=CARTESIAN_POINT('',(-3.41,0.127,0.0100000000000006));
#8895=CARTESIAN_POINT('',(-3.41,0.127,-0.05));
#8896=CARTESIAN_POINT('',(-3.41,0.,0.0100000000000006));
#8897=CARTESIAN_POINT('Origin',(-3.5,0.127,0.00500000000000056));
#8898=CARTESIAN_POINT('',(-3.59,0.127,0.0100000000000006));
#8899=CARTESIAN_POINT('',(-3.59,0.127,0.00500000000000056));
#8900=CARTESIAN_POINT('',(-3.5,0.127,0.0100000000000006));
#8901=CARTESIAN_POINT('Origin',(-3.59,0.,0.));
#8902=CARTESIAN_POINT('',(-3.59,-0.025,-0.05));
#8903=CARTESIAN_POINT('',(-3.59,0.,-0.05));
#8904=CARTESIAN_POINT('',(-3.59,-0.025,0.0100000000000006));
#8905=CARTESIAN_POINT('',(-3.59,-0.025,0.));
#8906=CARTESIAN_POINT('',(-3.59,0.,0.0100000000000006));
#8907=CARTESIAN_POINT('Origin',(-0.409999999999999,0.,-0.05));
#8908=CARTESIAN_POINT('',(-0.409999999999999,-0.025,0.0100000000000011));
#8909=CARTESIAN_POINT('',(-0.409999999999999,-0.025,-0.05));
#8910=CARTESIAN_POINT('',(-0.409999999999999,-0.025,-0.05));
#8911=CARTESIAN_POINT('',(-0.409999999999999,0.,-0.05));
#8912=CARTESIAN_POINT('',(-0.409999999999999,0.127,0.0100000000000011));
#8913=CARTESIAN_POINT('',(-0.409999999999999,0.127,-0.05));
#8914=CARTESIAN_POINT('',(-0.409999999999999,0.,0.0100000000000011));
#8915=CARTESIAN_POINT('Origin',(-0.5,0.127,0.00500000000000111));
#8916=CARTESIAN_POINT('',(-0.59,0.127,0.0100000000000011));
#8917=CARTESIAN_POINT('',(-0.59,0.127,0.00500000000000111));
#8918=CARTESIAN_POINT('',(-0.5,0.127,0.0100000000000011));
#8919=CARTESIAN_POINT('Origin',(-0.589999999999999,0.,0.));
#8920=CARTESIAN_POINT('',(-0.589999999999999,-0.025,-0.05));
#8921=CARTESIAN_POINT('',(-0.589999999999999,0.,-0.05));
#8922=CARTESIAN_POINT('',(-0.589999999999999,-0.025,0.0100000000000011));
#8923=CARTESIAN_POINT('',(-0.589999999999999,-0.025,0.));
#8924=CARTESIAN_POINT('',(-0.589999999999999,0.,0.0100000000000011));
#8925=CARTESIAN_POINT('Origin',(-0.909999999999999,0.,-0.05));
#8926=CARTESIAN_POINT('',(-0.909999999999999,-0.025,0.0100000000000011));
#8927=CARTESIAN_POINT('',(-0.909999999999999,-0.025,-0.05));
#8928=CARTESIAN_POINT('',(-0.909999999999999,-0.025,-0.05));
#8929=CARTESIAN_POINT('',(-0.909999999999999,0.,-0.05));
#8930=CARTESIAN_POINT('',(-0.909999999999999,0.127,0.0100000000000011));
#8931=CARTESIAN_POINT('',(-0.909999999999999,0.127,-0.05));
#8932=CARTESIAN_POINT('',(-0.909999999999999,0.,0.0100000000000011));
#8933=CARTESIAN_POINT('Origin',(-1.,0.127,0.00500000000000111));
#8934=CARTESIAN_POINT('',(-1.09,0.127,0.0100000000000011));
#8935=CARTESIAN_POINT('',(-1.09,0.127,0.00500000000000111));
#8936=CARTESIAN_POINT('',(-1.,0.127,0.0100000000000011));
#8937=CARTESIAN_POINT('Origin',(-1.09,0.,0.));
#8938=CARTESIAN_POINT('',(-1.09,-0.025,-0.05));
#8939=CARTESIAN_POINT('',(-1.09,0.,-0.05));
#8940=CARTESIAN_POINT('',(-1.09,-0.025,0.0100000000000011));
#8941=CARTESIAN_POINT('',(-1.09,-0.025,0.));
#8942=CARTESIAN_POINT('',(-1.09,0.,0.0100000000000011));
#8943=CARTESIAN_POINT('Origin',(-1.41,0.,-0.05));
#8944=CARTESIAN_POINT('',(-1.41,-0.025,0.0100000000000011));
#8945=CARTESIAN_POINT('',(-1.41,-0.025,-0.05));
#8946=CARTESIAN_POINT('',(-1.41,-0.025,-0.05));
#8947=CARTESIAN_POINT('',(-1.41,0.,-0.05));
#8948=CARTESIAN_POINT('',(-1.41,0.127,0.0100000000000011));
#8949=CARTESIAN_POINT('',(-1.41,0.127,-0.05));
#8950=CARTESIAN_POINT('',(-1.41,0.,0.0100000000000011));
#8951=CARTESIAN_POINT('Origin',(-1.5,0.127,0.00500000000000111));
#8952=CARTESIAN_POINT('',(-1.59,0.127,0.0100000000000011));
#8953=CARTESIAN_POINT('',(-1.59,0.127,0.00500000000000111));
#8954=CARTESIAN_POINT('',(-1.5,0.127,0.0100000000000011));
#8955=CARTESIAN_POINT('Origin',(-1.59,0.,0.));
#8956=CARTESIAN_POINT('',(-1.59,-0.025,-0.05));
#8957=CARTESIAN_POINT('',(-1.59,0.,-0.05));
#8958=CARTESIAN_POINT('',(-1.59,-0.025,0.0100000000000011));
#8959=CARTESIAN_POINT('',(-1.59,-0.025,0.));
#8960=CARTESIAN_POINT('',(-1.59,0.,0.0100000000000011));
#8961=CARTESIAN_POINT('Origin',(-1.91,0.,-0.05));
#8962=CARTESIAN_POINT('',(-1.91,-0.025,0.0100000000000011));
#8963=CARTESIAN_POINT('',(-1.91,-0.025,-0.05));
#8964=CARTESIAN_POINT('',(-1.91,-0.025,-0.05));
#8965=CARTESIAN_POINT('',(-1.91,0.,-0.05));
#8966=CARTESIAN_POINT('',(-1.91,0.127,0.0100000000000011));
#8967=CARTESIAN_POINT('',(-1.91,0.127,-0.05));
#8968=CARTESIAN_POINT('',(-1.91,0.,0.0100000000000011));
#8969=CARTESIAN_POINT('Origin',(-1.955,0.127,0.00500000000000079));
#8970=CARTESIAN_POINT('',(-2.09,0.127,0.0100000000000011));
#8971=CARTESIAN_POINT('',(-2.09,0.127,0.00500000000000079));
#8972=CARTESIAN_POINT('',(-1.955,0.127,0.0100000000000011));
#8973=CARTESIAN_POINT('Origin',(-2.09,0.,0.));
#8974=CARTESIAN_POINT('',(-2.09,-0.025,-0.05));
#8975=CARTESIAN_POINT('',(-2.09,0.,-0.05));
#8976=CARTESIAN_POINT('',(-2.09,-0.025,0.0100000000000011));
#8977=CARTESIAN_POINT('',(-2.09,-0.025,0.));
#8978=CARTESIAN_POINT('',(-2.09,0.,0.0100000000000011));
#8979=CARTESIAN_POINT('Origin',(-2.41,0.,-0.05));
#8980=CARTESIAN_POINT('',(-2.41,-0.025,0.0100000000000011));
#8981=CARTESIAN_POINT('',(-2.41,-0.025,-0.05));
#8982=CARTESIAN_POINT('',(-2.41,-0.025,-0.05));
#8983=CARTESIAN_POINT('',(-2.41,0.,-0.05));
#8984=CARTESIAN_POINT('',(-2.41,0.,0.0100000000000011));
#8985=CARTESIAN_POINT('Origin',(-1.09,0.,-0.05));
#8986=CARTESIAN_POINT('',(-1.125,-0.025,-0.0850000000000002));
#8987=CARTESIAN_POINT('',(-1.09,-0.025,-0.05));
#8988=CARTESIAN_POINT('',(-1.125,0.,-0.0850000000000002));
#8989=CARTESIAN_POINT('Origin',(-1.125,0.,-0.0850000000000002));
#8990=CARTESIAN_POINT('',(-1.125,-0.025,-0.0850000000000002));
#8991=CARTESIAN_POINT('Origin',(-0.874999999999999,0.,-0.275));
#8992=CARTESIAN_POINT('',(-0.874999999999999,-0.025,-0.0850000000000004));
#8993=CARTESIAN_POINT('',(-0.874999999999999,-0.025,-0.275));
#8994=CARTESIAN_POINT('',(-0.874999999999999,0.,-0.0850000000000004));
#8995=CARTESIAN_POINT('Origin',(-0.874999999999999,0.,-0.0850000000000004));
#8996=CARTESIAN_POINT('',(-0.874999999999999,-0.025,-0.0850000000000004));
#8997=CARTESIAN_POINT('Origin',(-0.589999999999999,0.,-0.05));
#8998=CARTESIAN_POINT('',(-0.624999999999999,-0.025,-0.0850000000000001));
#8999=CARTESIAN_POINT('',(-0.589999999999999,-0.025,-0.05));
#9000=CARTESIAN_POINT('',(-0.624999999999999,0.,-0.0850000000000001));
#9001=CARTESIAN_POINT('Origin',(-0.624999999999999,0.,-0.0850000000000001));
#9002=CARTESIAN_POINT('',(-0.624999999999999,-0.025,-0.0850000000000001));
#9003=CARTESIAN_POINT('Origin',(-0.374999999999999,0.,-0.225));
#9004=CARTESIAN_POINT('',(-0.374999999999999,-0.025,-0.0849999999999998));
#9005=CARTESIAN_POINT('',(-0.374999999999999,-0.025,-0.225));
#9006=CARTESIAN_POINT('',(-0.374999999999999,0.,-0.0849999999999998));
#9007=CARTESIAN_POINT('Origin',(-0.374999999999999,0.,-0.0849999999999998));
#9008=CARTESIAN_POINT('',(-0.374999999999999,-0.025,-0.0849999999999998));
#9009=CARTESIAN_POINT('Origin',(-0.05,0.,-0.409999999999999));
#9010=CARTESIAN_POINT('',(-0.085,-0.025,-0.374999999999999));
#9011=CARTESIAN_POINT('',(-0.05,-0.025,-0.409999999999999));
#9012=CARTESIAN_POINT('',(-0.085,0.,-0.374999999999999));
#9013=CARTESIAN_POINT('Origin',(-0.085,0.,-0.374999999999999));
#9014=CARTESIAN_POINT('',(-0.225,-0.025,-0.374999999999999));
#9015=CARTESIAN_POINT('',(-0.085,-0.025,-0.374999999999999));
#9016=CARTESIAN_POINT('',(-0.225,0.,-0.374999999999999));
#9017=CARTESIAN_POINT('Origin',(-0.225,-0.025,-0.374999999999999));
#9018=CARTESIAN_POINT('',(-0.35,-0.025,-0.499999999999999));
#9019=CARTESIAN_POINT('',(-0.35,-0.025,-0.499999999999999));
#9020=CARTESIAN_POINT('',(-0.225,-0.025,-0.374999999999999));
#9021=CARTESIAN_POINT('Origin',(-0.225,0.,-0.499999999999999));
#9022=CARTESIAN_POINT('',(-0.225,-0.025,-0.624999999999999));
#9023=CARTESIAN_POINT('',(-0.225,0.,-0.624999999999999));
#9024=CARTESIAN_POINT('Origin',(-0.225,-0.025,-0.499999999999999));
#9025=CARTESIAN_POINT('Origin',(-0.225,0.,-0.624999999999999));
#9026=CARTESIAN_POINT('',(-0.085,-0.025,-0.624999999999999));
#9027=CARTESIAN_POINT('',(-0.225,-0.025,-0.624999999999999));
#9028=CARTESIAN_POINT('',(-0.085,0.,-0.624999999999999));
#9029=CARTESIAN_POINT('Origin',(-0.085,0.,-0.624999999999999));
#9030=CARTESIAN_POINT('',(-0.085,-0.025,-0.624999999999999));
#9031=CARTESIAN_POINT('Origin',(-0.05,0.,-0.909999999999999));
#9032=CARTESIAN_POINT('',(-0.085,-0.025,-0.874999999999999));
#9033=CARTESIAN_POINT('',(-0.05,-0.025,-0.909999999999999));
#9034=CARTESIAN_POINT('',(-0.085,0.,-0.874999999999999));
#9035=CARTESIAN_POINT('Origin',(-0.085,0.,-0.874999999999999));
#9036=CARTESIAN_POINT('',(-0.275,-0.025,-0.874999999999999));
#9037=CARTESIAN_POINT('',(-0.085,-0.025,-0.874999999999999));
#9038=CARTESIAN_POINT('',(-0.275,0.,-0.874999999999999));
#9039=CARTESIAN_POINT('Origin',(-0.275,0.,-0.999999999999999));
#9040=CARTESIAN_POINT('',(-0.275,-0.025,-1.125));
#9041=CARTESIAN_POINT('Origin',(-0.275,-0.025,-0.999999999999999));
#9042=CARTESIAN_POINT('',(-0.275,0.,-1.125));
#9043=CARTESIAN_POINT('Origin',(-0.275,0.,-1.125));
#9044=CARTESIAN_POINT('',(-0.085,-0.025,-1.125));
#9045=CARTESIAN_POINT('',(-0.275,-0.025,-1.125));
#9046=CARTESIAN_POINT('',(-0.085,0.,-1.125));
#9047=CARTESIAN_POINT('Origin',(-0.085,0.,-1.125));
#9048=CARTESIAN_POINT('',(-0.085,-0.025,-1.125));
#9049=CARTESIAN_POINT('Origin',(-0.05,0.,-1.41));
#9050=CARTESIAN_POINT('',(-0.085,-0.025,-1.375));
#9051=CARTESIAN_POINT('',(-0.05,-0.025,-1.41));
#9052=CARTESIAN_POINT('',(-0.085,0.,-1.375));
#9053=CARTESIAN_POINT('Origin',(-0.085,0.,-1.375));
#9054=CARTESIAN_POINT('',(-0.275,-0.025,-1.375));
#9055=CARTESIAN_POINT('',(-0.085,-0.025,-1.375));
#9056=CARTESIAN_POINT('',(-0.275,0.,-1.375));
#9057=CARTESIAN_POINT('Origin',(-0.275,0.,-1.5));
#9058=CARTESIAN_POINT('',(-0.275,-0.025,-1.625));
#9059=CARTESIAN_POINT('Origin',(-0.275,-0.025,-1.5));
#9060=CARTESIAN_POINT('',(-0.275,0.,-1.625));
#9061=CARTESIAN_POINT('Origin',(-0.275,0.,-1.625));
#9062=CARTESIAN_POINT('',(-0.085,-0.025,-1.625));
#9063=CARTESIAN_POINT('',(-0.275,-0.025,-1.625));
#9064=CARTESIAN_POINT('',(-0.085,0.,-1.625));
#9065=CARTESIAN_POINT('Origin',(-0.085,0.,-1.625));
#9066=CARTESIAN_POINT('',(-0.085,-0.025,-1.625));
#9067=CARTESIAN_POINT('Origin',(-0.05,0.,-1.91));
#9068=CARTESIAN_POINT('',(-0.085,-0.025,-1.875));
#9069=CARTESIAN_POINT('',(-0.05,-0.025,-1.91));
#9070=CARTESIAN_POINT('',(-0.085,0.,-1.875));
#9071=CARTESIAN_POINT('Origin',(-0.085,0.,-1.875));
#9072=CARTESIAN_POINT('',(-0.275,-0.025,-1.875));
#9073=CARTESIAN_POINT('',(-0.085,-0.025,-1.875));
#9074=CARTESIAN_POINT('',(-0.275,0.,-1.875));
#9075=CARTESIAN_POINT('Origin',(-0.275,0.,-2.));
#9076=CARTESIAN_POINT('',(-0.275,-0.025,-2.125));
#9077=CARTESIAN_POINT('Origin',(-0.275,-0.025,-2.));
#9078=CARTESIAN_POINT('',(-0.275,0.,-2.125));
#9079=CARTESIAN_POINT('Origin',(-0.275,0.,-2.125));
#9080=CARTESIAN_POINT('',(-0.085,-0.025,-2.125));
#9081=CARTESIAN_POINT('',(-0.275,-0.025,-2.125));
#9082=CARTESIAN_POINT('',(-0.085,0.,-2.125));
#9083=CARTESIAN_POINT('Origin',(-0.085,0.,-2.125));
#9084=CARTESIAN_POINT('',(-0.085,-0.025,-2.125));
#9085=CARTESIAN_POINT('Origin',(-0.05,0.,-2.41));
#9086=CARTESIAN_POINT('',(-0.0850000000000002,-0.025,-2.375));
#9087=CARTESIAN_POINT('',(-0.05,-0.025,-2.41));
#9088=CARTESIAN_POINT('',(-0.0850000000000002,0.,-2.375));
#9089=CARTESIAN_POINT('Origin',(-0.085,0.,-2.375));
#9090=CARTESIAN_POINT('',(-0.275,-0.025,-2.375));
#9091=CARTESIAN_POINT('',(-0.085,-0.025,-2.375));
#9092=CARTESIAN_POINT('',(-0.275,0.,-2.375));
#9093=CARTESIAN_POINT('Origin',(-0.275,0.,-2.5));
#9094=CARTESIAN_POINT('',(-0.275,-0.025,-2.625));
#9095=CARTESIAN_POINT('Origin',(-0.275,-0.025,-2.5));
#9096=CARTESIAN_POINT('',(-0.275,0.,-2.625));
#9097=CARTESIAN_POINT('Origin',(-0.275,0.,-2.625));
#9098=CARTESIAN_POINT('',(-0.085,-0.025,-2.625));
#9099=CARTESIAN_POINT('',(-0.275,-0.025,-2.625));
#9100=CARTESIAN_POINT('',(-0.085,0.,-2.625));
#9101=CARTESIAN_POINT('Origin',(-0.085,0.,-2.625));
#9102=CARTESIAN_POINT('',(-0.085,-0.025,-2.625));
#9103=CARTESIAN_POINT('Origin',(-0.05,0.,-2.91));
#9104=CARTESIAN_POINT('',(-0.0850000000000002,-0.025,-2.875));
#9105=CARTESIAN_POINT('',(-0.05,-0.025,-2.91));
#9106=CARTESIAN_POINT('',(-0.0850000000000002,0.,-2.875));
#9107=CARTESIAN_POINT('Origin',(-0.085,0.,-2.875));
#9108=CARTESIAN_POINT('',(-0.275,-0.025,-2.875));
#9109=CARTESIAN_POINT('',(-0.085,-0.025,-2.875));
#9110=CARTESIAN_POINT('',(-0.275,0.,-2.875));
#9111=CARTESIAN_POINT('Origin',(-0.275,0.,-3.));
#9112=CARTESIAN_POINT('',(-0.275,-0.025,-3.125));
#9113=CARTESIAN_POINT('Origin',(-0.275,-0.025,-3.));
#9114=CARTESIAN_POINT('',(-0.275,0.,-3.125));
#9115=CARTESIAN_POINT('Origin',(-0.275,0.,-3.125));
#9116=CARTESIAN_POINT('',(-0.085,-0.025,-3.125));
#9117=CARTESIAN_POINT('',(-0.275,-0.025,-3.125));
#9118=CARTESIAN_POINT('',(-0.085,0.,-3.125));
#9119=CARTESIAN_POINT('Origin',(-0.085,0.,-3.125));
#9120=CARTESIAN_POINT('',(-0.085,-0.025,-3.125));
#9121=CARTESIAN_POINT('Origin',(-0.05,0.,-3.41));
#9122=CARTESIAN_POINT('',(-0.0850000000000002,-0.025,-3.375));
#9123=CARTESIAN_POINT('',(-0.05,-0.025,-3.41));
#9124=CARTESIAN_POINT('',(-0.0850000000000002,0.,-3.375));
#9125=CARTESIAN_POINT('Origin',(-0.085,0.,-3.375));
#9126=CARTESIAN_POINT('',(-0.225,-0.025,-3.375));
#9127=CARTESIAN_POINT('',(-0.085,-0.025,-3.375));
#9128=CARTESIAN_POINT('',(-0.225,0.,-3.375));
#9129=CARTESIAN_POINT('Origin',(-0.225,0.,-3.5));
#9130=CARTESIAN_POINT('',(-0.225,-0.025,-3.625));
#9131=CARTESIAN_POINT('Origin',(-0.225,-0.025,-3.5));
#9132=CARTESIAN_POINT('',(-0.225,0.,-3.625));
#9133=CARTESIAN_POINT('Origin',(-0.225,0.,-3.625));
#9134=CARTESIAN_POINT('',(-0.085,-0.025,-3.625));
#9135=CARTESIAN_POINT('',(-0.225,-0.025,-3.625));
#9136=CARTESIAN_POINT('',(-0.085,0.,-3.625));
#9137=CARTESIAN_POINT('Origin',(-0.085,0.,-3.625));
#9138=CARTESIAN_POINT('',(-0.085,-0.025,-3.625));
#9139=CARTESIAN_POINT('Origin',(-0.41,0.,-3.95));
#9140=CARTESIAN_POINT('',(-0.375,-0.025,-3.915));
#9141=CARTESIAN_POINT('',(-0.41,-0.025,-3.95));
#9142=CARTESIAN_POINT('',(-0.375,0.,-3.915));
#9143=CARTESIAN_POINT('Origin',(-0.375,0.,-3.915));
#9144=CARTESIAN_POINT('',(-0.375,-0.025,-3.775));
#9145=CARTESIAN_POINT('',(-0.375,-0.025,-3.915));
#9146=CARTESIAN_POINT('',(-0.375,0.,-3.775));
#9147=CARTESIAN_POINT('Origin',(-0.5,0.,-3.775));
#9148=CARTESIAN_POINT('',(-0.625,-0.025,-3.775));
#9149=CARTESIAN_POINT('Origin',(-0.5,-0.025,-3.775));
#9150=CARTESIAN_POINT('',(-0.625,0.,-3.775));
#9151=CARTESIAN_POINT('Origin',(-0.625,0.,-3.775));
#9152=CARTESIAN_POINT('',(-0.625,-0.025,-3.915));
#9153=CARTESIAN_POINT('',(-0.625,-0.025,-3.775));
#9154=CARTESIAN_POINT('',(-0.625,0.,-3.915));
#9155=CARTESIAN_POINT('Origin',(-0.625,0.,-3.915));
#9156=CARTESIAN_POINT('',(-0.625,-0.025,-3.915));
#9157=CARTESIAN_POINT('Origin',(-0.91,0.,-3.95));
#9158=CARTESIAN_POINT('',(-0.875,-0.025,-3.915));
#9159=CARTESIAN_POINT('',(-0.91,-0.025,-3.95));
#9160=CARTESIAN_POINT('',(-0.875,0.,-3.915));
#9161=CARTESIAN_POINT('Origin',(-0.875,0.,-3.915));
#9162=CARTESIAN_POINT('',(-0.875,-0.025,-3.725));
#9163=CARTESIAN_POINT('',(-0.875,-0.025,-3.915));
#9164=CARTESIAN_POINT('',(-0.875,0.,-3.725));
#9165=CARTESIAN_POINT('Origin',(-1.,0.,-3.725));
#9166=CARTESIAN_POINT('',(-1.125,-0.025,-3.725));
#9167=CARTESIAN_POINT('Origin',(-1.,-0.025,-3.725));
#9168=CARTESIAN_POINT('',(-1.125,0.,-3.725));
#9169=CARTESIAN_POINT('Origin',(-1.125,0.,-3.725));
#9170=CARTESIAN_POINT('',(-1.125,-0.025,-3.915));
#9171=CARTESIAN_POINT('',(-1.125,-0.025,-3.725));
#9172=CARTESIAN_POINT('',(-1.125,0.,-3.915));
#9173=CARTESIAN_POINT('Origin',(-1.125,0.,-3.915));
#9174=CARTESIAN_POINT('',(-1.125,-0.025,-3.915));
#9175=CARTESIAN_POINT('Origin',(-1.41,0.,-3.95));
#9176=CARTESIAN_POINT('',(-1.375,-0.025,-3.915));
#9177=CARTESIAN_POINT('',(-1.41,-0.025,-3.95));
#9178=CARTESIAN_POINT('',(-1.375,0.,-3.915));
#9179=CARTESIAN_POINT('Origin',(-1.375,0.,-3.915));
#9180=CARTESIAN_POINT('',(-1.375,-0.025,-3.725));
#9181=CARTESIAN_POINT('',(-1.375,-0.025,-3.915));
#9182=CARTESIAN_POINT('',(-1.375,0.,-3.725));
#9183=CARTESIAN_POINT('Origin',(-1.5,0.,-3.725));
#9184=CARTESIAN_POINT('',(-1.625,-0.025,-3.725));
#9185=CARTESIAN_POINT('Origin',(-1.5,-0.025,-3.725));
#9186=CARTESIAN_POINT('',(-1.625,0.,-3.725));
#9187=CARTESIAN_POINT('Origin',(-1.625,0.,-3.725));
#9188=CARTESIAN_POINT('',(-1.625,-0.025,-3.915));
#9189=CARTESIAN_POINT('',(-1.625,-0.025,-3.725));
#9190=CARTESIAN_POINT('',(-1.625,0.,-3.915));
#9191=CARTESIAN_POINT('Origin',(-1.625,0.,-3.915));
#9192=CARTESIAN_POINT('',(-1.625,-0.025,-3.915));
#9193=CARTESIAN_POINT('Origin',(-1.91,0.,-3.95));
#9194=CARTESIAN_POINT('',(-1.875,-0.025,-3.915));
#9195=CARTESIAN_POINT('',(-1.91,-0.025,-3.95));
#9196=CARTESIAN_POINT('',(-1.875,0.,-3.915));
#9197=CARTESIAN_POINT('Origin',(-1.875,0.,-3.915));
#9198=CARTESIAN_POINT('',(-1.875,-0.025,-3.725));
#9199=CARTESIAN_POINT('',(-1.875,-0.025,-3.915));
#9200=CARTESIAN_POINT('',(-1.875,0.,-3.725));
#9201=CARTESIAN_POINT('Origin',(-2.,0.,-3.725));
#9202=CARTESIAN_POINT('',(-2.125,-0.025,-3.725));
#9203=CARTESIAN_POINT('Origin',(-2.,-0.025,-3.725));
#9204=CARTESIAN_POINT('',(-2.125,0.,-3.725));
#9205=CARTESIAN_POINT('Origin',(-2.125,0.,-3.725));
#9206=CARTESIAN_POINT('',(-2.125,-0.025,-3.915));
#9207=CARTESIAN_POINT('',(-2.125,-0.025,-3.725));
#9208=CARTESIAN_POINT('',(-2.125,0.,-3.915));
#9209=CARTESIAN_POINT('Origin',(-2.125,0.,-3.915));
#9210=CARTESIAN_POINT('',(-2.125,-0.025,-3.915));
#9211=CARTESIAN_POINT('Origin',(-2.41,0.,-3.95));
#9212=CARTESIAN_POINT('',(-2.375,-0.025,-3.915));
#9213=CARTESIAN_POINT('',(-2.41,-0.025,-3.95));
#9214=CARTESIAN_POINT('',(-2.375,0.,-3.915));
#9215=CARTESIAN_POINT('Origin',(-2.375,0.,-3.915));
#9216=CARTESIAN_POINT('',(-2.375,-0.025,-3.725));
#9217=CARTESIAN_POINT('',(-2.375,-0.025,-3.915));
#9218=CARTESIAN_POINT('',(-2.375,0.,-3.725));
#9219=CARTESIAN_POINT('Origin',(-2.5,0.,-3.725));
#9220=CARTESIAN_POINT('',(-2.625,-0.025,-3.725));
#9221=CARTESIAN_POINT('Origin',(-2.5,-0.025,-3.725));
#9222=CARTESIAN_POINT('',(-2.625,0.,-3.725));
#9223=CARTESIAN_POINT('Origin',(-2.625,0.,-3.725));
#9224=CARTESIAN_POINT('',(-2.625,-0.025,-3.915));
#9225=CARTESIAN_POINT('',(-2.625,-0.025,-3.725));
#9226=CARTESIAN_POINT('',(-2.625,0.,-3.915));
#9227=CARTESIAN_POINT('Origin',(-2.625,0.,-3.915));
#9228=CARTESIAN_POINT('',(-2.625,-0.025,-3.915));
#9229=CARTESIAN_POINT('Origin',(-2.91,0.,-3.95));
#9230=CARTESIAN_POINT('',(-2.875,-0.025,-3.915));
#9231=CARTESIAN_POINT('',(-2.91,-0.025,-3.95));
#9232=CARTESIAN_POINT('',(-2.875,0.,-3.915));
#9233=CARTESIAN_POINT('Origin',(-2.875,0.,-3.915));
#9234=CARTESIAN_POINT('',(-2.875,-0.025,-3.725));
#9235=CARTESIAN_POINT('',(-2.875,-0.025,-3.915));
#9236=CARTESIAN_POINT('',(-2.875,0.,-3.725));
#9237=CARTESIAN_POINT('Origin',(-3.,0.,-3.725));
#9238=CARTESIAN_POINT('',(-3.125,-0.025,-3.725));
#9239=CARTESIAN_POINT('Origin',(-3.,-0.025,-3.725));
#9240=CARTESIAN_POINT('',(-3.125,0.,-3.725));
#9241=CARTESIAN_POINT('Origin',(-3.125,0.,-3.725));
#9242=CARTESIAN_POINT('',(-3.125,-0.025,-3.915));
#9243=CARTESIAN_POINT('',(-3.125,-0.025,-3.725));
#9244=CARTESIAN_POINT('',(-3.125,0.,-3.915));
#9245=CARTESIAN_POINT('Origin',(-3.125,0.,-3.915));
#9246=CARTESIAN_POINT('',(-3.125,-0.025,-3.915));
#9247=CARTESIAN_POINT('Origin',(-3.41,0.,-3.95));
#9248=CARTESIAN_POINT('',(-3.375,-0.025,-3.915));
#9249=CARTESIAN_POINT('',(-3.41,-0.025,-3.95));
#9250=CARTESIAN_POINT('',(-3.375,0.,-3.915));
#9251=CARTESIAN_POINT('Origin',(-3.375,0.,-3.915));
#9252=CARTESIAN_POINT('',(-3.375,-0.025,-3.775));
#9253=CARTESIAN_POINT('',(-3.375,-0.025,-3.915));
#9254=CARTESIAN_POINT('',(-3.375,0.,-3.775));
#9255=CARTESIAN_POINT('Origin',(-3.5,0.,-3.775));
#9256=CARTESIAN_POINT('',(-3.625,-0.025,-3.775));
#9257=CARTESIAN_POINT('Origin',(-3.5,-0.025,-3.775));
#9258=CARTESIAN_POINT('',(-3.625,0.,-3.775));
#9259=CARTESIAN_POINT('Origin',(-3.625,0.,-3.775));
#9260=CARTESIAN_POINT('',(-3.625,-0.025,-3.915));
#9261=CARTESIAN_POINT('',(-3.625,-0.025,-3.775));
#9262=CARTESIAN_POINT('',(-3.625,0.,-3.915));
#9263=CARTESIAN_POINT('Origin',(-3.625,0.,-3.915));
#9264=CARTESIAN_POINT('',(-3.625,-0.025,-3.915));
#9265=CARTESIAN_POINT('Origin',(-3.95,0.,-3.59));
#9266=CARTESIAN_POINT('',(-3.915,-0.025,-3.625));
#9267=CARTESIAN_POINT('',(-3.95,-0.025,-3.59));
#9268=CARTESIAN_POINT('',(-3.915,0.,-3.625));
#9269=CARTESIAN_POINT('Origin',(-3.915,0.,-3.625));
#9270=CARTESIAN_POINT('',(-3.775,-0.025,-3.625));
#9271=CARTESIAN_POINT('',(-3.915,-0.025,-3.625));
#9272=CARTESIAN_POINT('',(-3.775,0.,-3.625));
#9273=CARTESIAN_POINT('Origin',(-3.775,0.,-3.5));
#9274=CARTESIAN_POINT('',(-3.775,-0.025,-3.375));
#9275=CARTESIAN_POINT('Origin',(-3.775,-0.025,-3.5));
#9276=CARTESIAN_POINT('',(-3.775,0.,-3.375));
#9277=CARTESIAN_POINT('Origin',(-3.775,0.,-3.375));
#9278=CARTESIAN_POINT('',(-3.915,-0.025,-3.375));
#9279=CARTESIAN_POINT('',(-3.775,-0.025,-3.375));
#9280=CARTESIAN_POINT('',(-3.915,0.,-3.375));
#9281=CARTESIAN_POINT('Origin',(-3.915,0.,-3.375));
#9282=CARTESIAN_POINT('',(-3.915,-0.025,-3.375));
#9283=CARTESIAN_POINT('Origin',(-3.95,0.,-3.09));
#9284=CARTESIAN_POINT('',(-3.915,-0.025,-3.125));
#9285=CARTESIAN_POINT('',(-3.95,-0.025,-3.09));
#9286=CARTESIAN_POINT('',(-3.915,0.,-3.125));
#9287=CARTESIAN_POINT('Origin',(-3.915,0.,-3.125));
#9288=CARTESIAN_POINT('',(-3.725,-0.025,-3.125));
#9289=CARTESIAN_POINT('',(-3.915,-0.025,-3.125));
#9290=CARTESIAN_POINT('',(-3.725,0.,-3.125));
#9291=CARTESIAN_POINT('Origin',(-3.725,0.,-3.));
#9292=CARTESIAN_POINT('',(-3.725,-0.025,-2.875));
#9293=CARTESIAN_POINT('Origin',(-3.725,-0.025,-3.));
#9294=CARTESIAN_POINT('',(-3.725,0.,-2.875));
#9295=CARTESIAN_POINT('Origin',(-3.725,0.,-2.875));
#9296=CARTESIAN_POINT('',(-3.915,-0.025,-2.875));
#9297=CARTESIAN_POINT('',(-3.725,-0.025,-2.875));
#9298=CARTESIAN_POINT('',(-3.915,0.,-2.875));
#9299=CARTESIAN_POINT('Origin',(-3.915,0.,-2.875));
#9300=CARTESIAN_POINT('',(-3.915,-0.025,-2.875));
#9301=CARTESIAN_POINT('Origin',(-3.95,0.,-2.59));
#9302=CARTESIAN_POINT('',(-3.915,-0.025,-2.625));
#9303=CARTESIAN_POINT('',(-3.95,-0.025,-2.59));
#9304=CARTESIAN_POINT('',(-3.915,0.,-2.625));
#9305=CARTESIAN_POINT('Origin',(-3.915,0.,-2.625));
#9306=CARTESIAN_POINT('',(-3.725,-0.025,-2.625));
#9307=CARTESIAN_POINT('',(-3.915,-0.025,-2.625));
#9308=CARTESIAN_POINT('',(-3.725,0.,-2.625));
#9309=CARTESIAN_POINT('Origin',(-3.725,0.,-2.5));
#9310=CARTESIAN_POINT('',(-3.725,-0.025,-2.375));
#9311=CARTESIAN_POINT('Origin',(-3.725,-0.025,-2.5));
#9312=CARTESIAN_POINT('',(-3.725,0.,-2.375));
#9313=CARTESIAN_POINT('Origin',(-3.725,0.,-2.375));
#9314=CARTESIAN_POINT('',(-3.915,-0.025,-2.375));
#9315=CARTESIAN_POINT('',(-3.725,-0.025,-2.375));
#9316=CARTESIAN_POINT('',(-3.915,0.,-2.375));
#9317=CARTESIAN_POINT('Origin',(-3.915,0.,-2.375));
#9318=CARTESIAN_POINT('',(-3.915,-0.025,-2.375));
#9319=CARTESIAN_POINT('Origin',(-3.95,0.,-2.09));
#9320=CARTESIAN_POINT('',(-3.915,-0.025,-2.125));
#9321=CARTESIAN_POINT('',(-3.95,-0.025,-2.09));
#9322=CARTESIAN_POINT('',(-3.915,0.,-2.125));
#9323=CARTESIAN_POINT('Origin',(-3.915,0.,-2.125));
#9324=CARTESIAN_POINT('',(-3.725,-0.025,-2.125));
#9325=CARTESIAN_POINT('',(-3.915,-0.025,-2.125));
#9326=CARTESIAN_POINT('',(-3.725,0.,-2.125));
#9327=CARTESIAN_POINT('Origin',(-3.725,0.,-2.));
#9328=CARTESIAN_POINT('',(-3.725,-0.025,-1.875));
#9329=CARTESIAN_POINT('Origin',(-3.725,-0.025,-2.));
#9330=CARTESIAN_POINT('',(-3.725,0.,-1.875));
#9331=CARTESIAN_POINT('Origin',(-3.725,0.,-1.875));
#9332=CARTESIAN_POINT('',(-3.915,-0.025,-1.875));
#9333=CARTESIAN_POINT('',(-3.725,-0.025,-1.875));
#9334=CARTESIAN_POINT('',(-3.915,0.,-1.875));
#9335=CARTESIAN_POINT('Origin',(-3.915,0.,-1.875));
#9336=CARTESIAN_POINT('',(-3.915,-0.025,-1.875));
#9337=CARTESIAN_POINT('Origin',(-3.95,0.,-1.59));
#9338=CARTESIAN_POINT('',(-3.915,-0.025,-1.625));
#9339=CARTESIAN_POINT('',(-3.95,-0.025,-1.59));
#9340=CARTESIAN_POINT('',(-3.915,0.,-1.625));
#9341=CARTESIAN_POINT('Origin',(-3.915,0.,-1.625));
#9342=CARTESIAN_POINT('',(-3.725,-0.025,-1.625));
#9343=CARTESIAN_POINT('',(-3.915,-0.025,-1.625));
#9344=CARTESIAN_POINT('',(-3.725,0.,-1.625));
#9345=CARTESIAN_POINT('Origin',(-3.725,0.,-1.5));
#9346=CARTESIAN_POINT('',(-3.725,-0.025,-1.375));
#9347=CARTESIAN_POINT('Origin',(-3.725,-0.025,-1.5));
#9348=CARTESIAN_POINT('',(-3.725,0.,-1.375));
#9349=CARTESIAN_POINT('Origin',(-3.725,0.,-1.375));
#9350=CARTESIAN_POINT('',(-3.915,-0.025,-1.375));
#9351=CARTESIAN_POINT('',(-3.725,-0.025,-1.375));
#9352=CARTESIAN_POINT('',(-3.915,0.,-1.375));
#9353=CARTESIAN_POINT('Origin',(-3.915,0.,-1.375));
#9354=CARTESIAN_POINT('',(-3.915,-0.025,-1.375));
#9355=CARTESIAN_POINT('Origin',(-3.95,0.,-1.09));
#9356=CARTESIAN_POINT('',(-3.915,-0.025,-1.125));
#9357=CARTESIAN_POINT('',(-3.95,-0.025,-1.09));
#9358=CARTESIAN_POINT('',(-3.915,0.,-1.125));
#9359=CARTESIAN_POINT('Origin',(-3.915,0.,-1.125));
#9360=CARTESIAN_POINT('',(-3.725,-0.025,-1.125));
#9361=CARTESIAN_POINT('',(-3.915,-0.025,-1.125));
#9362=CARTESIAN_POINT('',(-3.725,0.,-1.125));
#9363=CARTESIAN_POINT('Origin',(-3.725,0.,-0.999999999999999));
#9364=CARTESIAN_POINT('',(-3.725,-0.025,-0.874999999999999));
#9365=CARTESIAN_POINT('Origin',(-3.725,-0.025,-0.999999999999999));
#9366=CARTESIAN_POINT('',(-3.725,0.,-0.874999999999999));
#9367=CARTESIAN_POINT('Origin',(-3.725,0.,-0.874999999999999));
#9368=CARTESIAN_POINT('',(-3.915,-0.025,-0.874999999999999));
#9369=CARTESIAN_POINT('',(-3.725,-0.025,-0.874999999999999));
#9370=CARTESIAN_POINT('',(-3.915,0.,-0.874999999999999));
#9371=CARTESIAN_POINT('Origin',(-3.915,0.,-0.874999999999999));
#9372=CARTESIAN_POINT('',(-3.915,-0.025,-0.874999999999999));
#9373=CARTESIAN_POINT('Origin',(-3.95,0.,-0.589999999999999));
#9374=CARTESIAN_POINT('',(-3.915,-0.025,-0.624999999999999));
#9375=CARTESIAN_POINT('',(-3.95,-0.025,-0.589999999999999));
#9376=CARTESIAN_POINT('',(-3.915,0.,-0.624999999999999));
#9377=CARTESIAN_POINT('Origin',(-3.915,0.,-0.624999999999999));
#9378=CARTESIAN_POINT('',(-3.775,-0.025,-0.624999999999999));
#9379=CARTESIAN_POINT('',(-3.915,-0.025,-0.624999999999999));
#9380=CARTESIAN_POINT('',(-3.775,0.,-0.624999999999999));
#9381=CARTESIAN_POINT('Origin',(-3.775,0.,-0.499999999999999));
#9382=CARTESIAN_POINT('',(-3.775,-0.025,-0.374999999999999));
#9383=CARTESIAN_POINT('Origin',(-3.775,-0.025,-0.499999999999999));
#9384=CARTESIAN_POINT('',(-3.775,0.,-0.374999999999999));
#9385=CARTESIAN_POINT('Origin',(-3.775,0.,-0.374999999999999));
#9386=CARTESIAN_POINT('',(-3.915,-0.025,-0.374999999999999));
#9387=CARTESIAN_POINT('',(-3.775,-0.025,-0.374999999999999));
#9388=CARTESIAN_POINT('',(-3.915,0.,-0.374999999999999));
#9389=CARTESIAN_POINT('Origin',(-3.915,0.,-0.374999999999999));
#9390=CARTESIAN_POINT('',(-3.915,-0.025,-0.374999999999999));
#9391=CARTESIAN_POINT('Origin',(-3.59,0.,-0.05));
#9392=CARTESIAN_POINT('',(-3.625,-0.025,-0.0850000000000002));
#9393=CARTESIAN_POINT('',(-3.59,-0.025,-0.05));
#9394=CARTESIAN_POINT('',(-3.625,0.,-0.0850000000000002));
#9395=CARTESIAN_POINT('Origin',(-3.625,0.,-0.085));
#9396=CARTESIAN_POINT('',(-3.625,-0.025,-0.085));
#9397=CARTESIAN_POINT('Origin',(-3.375,0.,-0.225));
#9398=CARTESIAN_POINT('',(-3.375,-0.025,-0.085));
#9399=CARTESIAN_POINT('',(-3.375,-0.025,-0.225));
#9400=CARTESIAN_POINT('',(-3.375,0.,-0.085));
#9401=CARTESIAN_POINT('Origin',(-3.375,0.,-0.085));
#9402=CARTESIAN_POINT('',(-3.375,-0.025,-0.085));
#9403=CARTESIAN_POINT('Origin',(-3.09,0.,-0.05));
#9404=CARTESIAN_POINT('',(-3.125,-0.025,-0.0850000000000002));
#9405=CARTESIAN_POINT('',(-3.09,-0.025,-0.05));
#9406=CARTESIAN_POINT('',(-3.125,0.,-0.0850000000000002));
#9407=CARTESIAN_POINT('Origin',(-3.125,0.,-0.085));
#9408=CARTESIAN_POINT('',(-3.125,-0.025,-0.085));
#9409=CARTESIAN_POINT('Origin',(-2.875,0.,-0.275));
#9410=CARTESIAN_POINT('',(-2.875,-0.025,-0.085));
#9411=CARTESIAN_POINT('',(-2.875,-0.025,-0.275));
#9412=CARTESIAN_POINT('',(-2.875,0.,-0.085));
#9413=CARTESIAN_POINT('Origin',(-2.875,0.,-0.085));
#9414=CARTESIAN_POINT('',(-2.875,-0.025,-0.085));
#9415=CARTESIAN_POINT('Origin',(-2.59,0.,-0.05));
#9416=CARTESIAN_POINT('',(-2.625,-0.025,-0.085));
#9417=CARTESIAN_POINT('',(-2.59,-0.025,-0.05));
#9418=CARTESIAN_POINT('',(-2.625,0.,-0.085));
#9419=CARTESIAN_POINT('Origin',(-2.625,0.,-0.0849999999999998));
#9420=CARTESIAN_POINT('',(-2.625,-0.025,-0.0849999999999998));
#9421=CARTESIAN_POINT('Origin',(-2.375,0.,-0.275));
#9422=CARTESIAN_POINT('',(-2.375,-0.025,-0.085));
#9423=CARTESIAN_POINT('',(-2.375,-0.025,-0.275));
#9424=CARTESIAN_POINT('',(-2.375,0.,-0.085));
#9425=CARTESIAN_POINT('Origin',(-2.375,0.,-0.085));
#9426=CARTESIAN_POINT('',(-2.375,-0.025,-0.085));
#9427=CARTESIAN_POINT('Origin',(-2.09,0.,-0.05));
#9428=CARTESIAN_POINT('',(-2.125,-0.025,-0.0850000000000003));
#9429=CARTESIAN_POINT('',(-2.09,-0.025,-0.05));
#9430=CARTESIAN_POINT('',(-2.125,0.,-0.0850000000000003));
#9431=CARTESIAN_POINT('Origin',(-2.125,0.,-0.0850000000000001));
#9432=CARTESIAN_POINT('',(-2.125,-0.025,-0.0850000000000001));
#9433=CARTESIAN_POINT('Origin',(-1.875,0.,-0.275));
#9434=CARTESIAN_POINT('',(-1.875,-0.025,-0.085));
#9435=CARTESIAN_POINT('',(-1.875,-0.025,-0.275));
#9436=CARTESIAN_POINT('',(-1.875,0.,-0.085));
#9437=CARTESIAN_POINT('Origin',(-1.875,0.,-0.085));
#9438=CARTESIAN_POINT('',(-1.875,-0.025,-0.085));
#9439=CARTESIAN_POINT('Origin',(-1.59,0.,-0.05));
#9440=CARTESIAN_POINT('',(-1.625,-0.025,-0.0850000000000002));
#9441=CARTESIAN_POINT('',(-1.59,-0.025,-0.05));
#9442=CARTESIAN_POINT('',(-1.625,0.,-0.0850000000000002));
#9443=CARTESIAN_POINT('Origin',(-1.625,0.,-0.0850000000000002));
#9444=CARTESIAN_POINT('',(-1.625,-0.025,-0.0850000000000002));
#9445=CARTESIAN_POINT('Origin',(-1.375,0.,-0.275));
#9446=CARTESIAN_POINT('',(-1.375,-0.025,-0.0850000000000003));
#9447=CARTESIAN_POINT('',(-1.375,-0.025,-0.275));
#9448=CARTESIAN_POINT('',(-1.375,0.,-0.0850000000000003));
#9449=CARTESIAN_POINT('Origin',(-1.375,0.,-0.0850000000000003));
#9450=CARTESIAN_POINT('',(-1.375,-0.025,-0.0850000000000003));
#9451=CARTESIAN_POINT('Origin',(-3.82722954784205,-0.025,-2.));
#9452=CARTESIAN_POINT('',(-4.01,-0.025,-2.));
#9453=CARTESIAN_POINT('Origin',(-4.01,-0.025,-2.09));
#9454=CARTESIAN_POINT('Origin',(-3.82722954784205,-0.025,-2.5));
#9455=CARTESIAN_POINT('',(-4.01,-0.025,-2.5));
#9456=CARTESIAN_POINT('Origin',(-4.01,-0.025,-2.59));
#9457=CARTESIAN_POINT('Origin',(-3.82722954784205,-0.025,-3.));
#9458=CARTESIAN_POINT('',(-4.01,-0.025,-3.));
#9459=CARTESIAN_POINT('Origin',(-4.01,-0.025,-3.09));
#9460=CARTESIAN_POINT('Origin',(-3.85077303697182,-0.025,-3.5));
#9461=CARTESIAN_POINT('',(-4.01,-0.025,-3.5));
#9462=CARTESIAN_POINT('Origin',(-4.01,-0.025,-3.59));
#9463=CARTESIAN_POINT('Origin',(-3.85077303697182,-0.025,-0.499999999999999));
#9464=CARTESIAN_POINT('',(-4.01,-0.025,-0.499999999999999));
#9465=CARTESIAN_POINT('Origin',(-4.01,-0.025,-0.589999999999998));
#9466=CARTESIAN_POINT('Origin',(-3.82722954784205,-0.025,-0.999999999999999));
#9467=CARTESIAN_POINT('',(-4.01,-0.025,-0.999999999999999));
#9468=CARTESIAN_POINT('Origin',(-4.01,-0.025,-1.09));
#9469=CARTESIAN_POINT('Origin',(-3.82722954784205,-0.025,-1.5));
#9470=CARTESIAN_POINT('',(-4.01,-0.025,-1.5));
#9471=CARTESIAN_POINT('Origin',(-4.01,-0.025,-1.59));
#9472=CARTESIAN_POINT('Origin',(-2.91,-0.025,-4.01));
#9473=CARTESIAN_POINT('',(-2.91,-0.025,-4.01));
#9474=CARTESIAN_POINT('Origin',(-3.,-0.025,-3.82722954784205));
#9475=CARTESIAN_POINT('Origin',(-2.5,-0.025,-3.82722954784205));
#9476=CARTESIAN_POINT('',(-2.5,-0.025,-4.01));
#9477=CARTESIAN_POINT('Origin',(-2.41,-0.025,-4.01));
#9478=CARTESIAN_POINT('Origin',(-2.,-0.025,-3.82722954784205));
#9479=CARTESIAN_POINT('',(-2.,-0.025,-4.01));
#9480=CARTESIAN_POINT('Origin',(-2.,-0.025,-4.01));
#9481=CARTESIAN_POINT('Origin',(-1.5,-0.025,-3.82722954784205));
#9482=CARTESIAN_POINT('',(-1.5,-0.025,-4.01));
#9483=CARTESIAN_POINT('Origin',(-1.41,-0.025,-4.01));
#9484=CARTESIAN_POINT('Origin',(-1.,-0.025,-3.82722954784205));
#9485=CARTESIAN_POINT('',(-1.,-0.025,-4.01));
#9486=CARTESIAN_POINT('Origin',(-0.91,-0.025,-4.01));
#9487=CARTESIAN_POINT('Origin',(-0.5,-0.025,-3.85077303697182));
#9488=CARTESIAN_POINT('',(-0.5,-0.025,-4.01));
#9489=CARTESIAN_POINT('Origin',(-0.41,-0.025,-4.01));
#9490=CARTESIAN_POINT('Origin',(-3.5,-0.025,-3.85077303697182));
#9491=CARTESIAN_POINT('',(-3.5,-0.025,-4.01));
#9492=CARTESIAN_POINT('Origin',(-3.41,-0.025,-4.01));
#9493=CARTESIAN_POINT('Origin',(0.00999999999999905,-0.025,-3.41));
#9494=CARTESIAN_POINT('',(0.00999999999999905,-0.025,-3.41));
#9495=CARTESIAN_POINT('Origin',(-0.149223858833946,-0.025,-3.5));
#9496=CARTESIAN_POINT('Origin',(-0.17276764261369,-0.025,-3.));
#9497=CARTESIAN_POINT('',(0.00999999999999984,-0.025,-3.));
#9498=CARTESIAN_POINT('Origin',(0.00999999999999983,-0.025,-2.91));
#9499=CARTESIAN_POINT('Origin',(-0.17276764261369,-0.025,-2.5));
#9500=CARTESIAN_POINT('',(0.01,-0.025,-2.5));
#9501=CARTESIAN_POINT('Origin',(0.01,-0.025,-2.41));
#9502=CARTESIAN_POINT('Origin',(-0.17276764261369,-0.025,-2.));
#9503=CARTESIAN_POINT('',(0.0100000000000002,-0.025,-2.));
#9504=CARTESIAN_POINT('Origin',(0.0100000000000003,-0.025,-1.91));
#9505=CARTESIAN_POINT('Origin',(-0.17276764261369,-0.025,-1.5));
#9506=CARTESIAN_POINT('',(0.0100000000000005,-0.025,-1.5));
#9507=CARTESIAN_POINT('Origin',(0.0100000000000005,-0.025,-1.41));
#9508=CARTESIAN_POINT('Origin',(-0.17276764261369,-0.025,-0.999999999999999));
#9509=CARTESIAN_POINT('',(0.0100000000000007,-0.025,-0.999999999999999));
#9510=CARTESIAN_POINT('Origin',(0.0100000000000007,-0.025,-0.91));
#9511=CARTESIAN_POINT('Origin',(-0.149223858833946,-0.025,-0.499999999999999));
#9512=CARTESIAN_POINT('',(0.0100000000000009,-0.025,-0.499999999999999));
#9513=CARTESIAN_POINT('Origin',(0.0100000000000009,-0.025,-0.41));
#9514=CARTESIAN_POINT('Origin',(-2.59,-0.025,0.0100000000000011));
#9515=CARTESIAN_POINT('',(-2.59,-0.025,0.0100000000000011));
#9516=CARTESIAN_POINT('Origin',(-2.5,-0.025,-0.17276764261369));
#9517=CARTESIAN_POINT('Origin',(-3.,-0.025,-0.17276764261369));
#9518=CARTESIAN_POINT('',(-3.,-0.025,0.0100000000000006));
#9519=CARTESIAN_POINT('Origin',(-3.09,-0.025,0.0100000000000006));
#9520=CARTESIAN_POINT('Origin',(-3.5,-0.025,-0.149223858833946));
#9521=CARTESIAN_POINT('',(-3.5,-0.025,0.0100000000000006));
#9522=CARTESIAN_POINT('Origin',(-3.59,-0.025,0.0100000000000006));
#9523=CARTESIAN_POINT('Origin',(-0.499999999999999,-0.025,-0.149223858833946));
#9524=CARTESIAN_POINT('',(-0.499999999999999,-0.025,0.0100000000000011));
#9525=CARTESIAN_POINT('Origin',(-0.59,-0.025,0.0100000000000011));
#9526=CARTESIAN_POINT('Origin',(-0.999999999999999,-0.025,-0.17276764261369));
#9527=CARTESIAN_POINT('',(-0.999999999999999,-0.025,0.0100000000000011));
#9528=CARTESIAN_POINT('Origin',(-1.09,-0.025,0.0100000000000011));
#9529=CARTESIAN_POINT('Origin',(-1.5,-0.025,-0.17276764261369));
#9530=CARTESIAN_POINT('',(-1.5,-0.025,0.0100000000000011));
#9531=CARTESIAN_POINT('Origin',(-1.59,-0.025,0.0100000000000011));
#9532=CARTESIAN_POINT('Origin',(-2.,-0.025,-0.17276764261369));
#9533=CARTESIAN_POINT('',(-2.,-0.025,0.0100000000000011));
#9534=CARTESIAN_POINT('Origin',(-2.,-0.025,0.0100000000000011));
#9535=UNCERTAINTY_MEASURE_WITH_UNIT(LENGTH_MEASURE(0.01),#9539,
'DISTANCE_ACCURACY_VALUE',
'Maximum model space distance between geometric entities at asserted c
onnectivities');
#9536=UNCERTAINTY_MEASURE_WITH_UNIT(LENGTH_MEASURE(0.01),#9539,
'DISTANCE_ACCURACY_VALUE',
'Maximum model space distance between geometric entities at asserted c
onnectivities');
#9537=(
GEOMETRIC_REPRESENTATION_CONTEXT(3)
GLOBAL_UNCERTAINTY_ASSIGNED_CONTEXT((#9535))
GLOBAL_UNIT_ASSIGNED_CONTEXT((#9539,#9541,#9542))
REPRESENTATION_CONTEXT('','3D')
);
#9538=(
GEOMETRIC_REPRESENTATION_CONTEXT(3)
GLOBAL_UNCERTAINTY_ASSIGNED_CONTEXT((#9536))
GLOBAL_UNIT_ASSIGNED_CONTEXT((#9539,#9541,#9542))
REPRESENTATION_CONTEXT('','3D')
);
#9539=(
LENGTH_UNIT()
NAMED_UNIT(*)
SI_UNIT(.MILLI.,.METRE.)
);
#9540=(
LENGTH_UNIT()
NAMED_UNIT(*)
SI_UNIT($,.METRE.)
);
#9541=(
NAMED_UNIT(*)
PLANE_ANGLE_UNIT()
SI_UNIT($,.RADIAN.)
);
#9542=(
NAMED_UNIT(*)
SI_UNIT($,.STERADIAN.)
SOLID_ANGLE_UNIT()
);
#9543=SHAPE_DEFINITION_REPRESENTATION(#9544,#9545);
#9544=PRODUCT_DEFINITION_SHAPE('',$,#9547);
#9545=SHAPE_REPRESENTATION('',(#5982),#9537);
#9546=PRODUCT_DEFINITION_CONTEXT('part definition',#9551,'design');
#9547=PRODUCT_DEFINITION('F159E6DF-4ED1-4B33-A4D2-1FB4F63A0BA1',
'(Sin guardar)',#9548,#9546);
#9548=PRODUCT_DEFINITION_FORMATION('',$,#9553);
#9549=PRODUCT_RELATED_PRODUCT_CATEGORY('(Sin guardar)','(Sin guardar)',
(#9553));
#9550=APPLICATION_PROTOCOL_DEFINITION('international standard',
'automotive_design',2009,#9551);
#9551=APPLICATION_CONTEXT(
'Core Data for Automotive Mechanical Design Process');
#9552=PRODUCT_CONTEXT('part definition',#9551,'mechanical');
#9553=PRODUCT('F159E6DF-4ED1-4B33-A4D2-1FB4F63A0BA1','(Sin guardar)',
'STEP AP214',(#9552));
#9554=PRESENTATION_STYLE_ASSIGNMENT((#9557));
#9555=PRESENTATION_STYLE_ASSIGNMENT((#9558));
#9556=PRESENTATION_STYLE_ASSIGNMENT((#9559));
#9557=SURFACE_STYLE_USAGE(.BOTH.,#9560);
#9558=SURFACE_STYLE_USAGE(.BOTH.,#9561);
#9559=SURFACE_STYLE_USAGE(.BOTH.,#9562);
#9560=SURFACE_SIDE_STYLE('',(#9563));
#9561=SURFACE_SIDE_STYLE('',(#9564));
#9562=SURFACE_SIDE_STYLE('',(#9565));
#9563=SURFACE_STYLE_FILL_AREA(#9566);
#9564=SURFACE_STYLE_FILL_AREA(#9567);
#9565=SURFACE_STYLE_FILL_AREA(#9568);
#9566=FILL_AREA_STYLE('Acero - Satinado',(#9569));
#9567=FILL_AREA_STYLE('Opaque(190,190,190)',(#9570));
#9568=FILL_AREA_STYLE('Opaque(47,47,47)',(#9571));
#9569=FILL_AREA_STYLE_COLOUR('Acero - Satinado',#9572);
#9570=FILL_AREA_STYLE_COLOUR('Opaque(190,190,190)',#9573);
#9571=FILL_AREA_STYLE_COLOUR('Opaque(47,47,47)',#9574);
#9572=COLOUR_RGB('Acero - Satinado',0.627450980392157,0.627450980392157,
0.627450980392157);
#9573=COLOUR_RGB('Opaque(190,190,190)',0.745098039215686,0.745098039215686,
0.745098039215686);
#9574=COLOUR_RGB('Opaque(47,47,47)',0.184313725490196,0.184313725490196,
0.184313725490196);
ENDSEC;
END-ISO-10303-21;
