ISO-10303-21;
HEADER;
/* Generated by software containing ST-Developer
 * from STEP Tools, Inc. (www.steptools.com) 
 */

FILE_DESCRIPTION(
/* description */ (
'model of Wuerth_WR-PHD_610012243021_SMD_2x06_P2.54mm_Vertical'),
/* implementation_level */ '2;1');

FILE_NAME(
/* name */ 'Wuerth_WR-PHD_610012243021_SMD_2x07_P2A.step',
/* time_stamp */ '2026-04-13T09:32:11+09:00',
/* author */ (''),
/* organization */ (''),
/* preprocessor_version */ 'ST-DEVELOPER v20.1',
/* originating_system */ 'Autodesk Translation Framework v14.24.0.0',
/* authorisation */ '');

FILE_SCHEMA (('AUTOMOTIVE_DESIGN { 1 0 10303 214 3 1 1 }'));
ENDSEC;

DATA;
#10=MECHANICAL_DESIGN_GEOMETRIC_PRESENTATION_REPRESENTATION('',(#11226,
#11227,#11228,#11229,#11230,#11231,#11232,#11233,#11234,#11235,#11236,#11237,
#11238,#11239,#11240,#11241,#11242,#11243,#11244,#11245,#11246,#11247,#11248,
#11249,#11250,#11251,#11252,#11253,#11254,#11255,#11256,#11257,#11258,#11259,
#11260,#11261,#11262,#11263,#11264,#11265,#11266,#11267,#11268,#11269,#11270,
#11271,#11272,#11273,#11274,#11275,#11276,#11277,#11278,#11279,#11280,#11281,
#11282,#11283,#11284,#11285,#11286,#11287,#11288,#11289,#11290,#11291,#11292,
#11293,#11294,#11295,#11296,#11297,#11298,#11299,#11300,#11301,#11302,#11303,
#11304,#11305,#11306,#11307,#11308,#11309,#11310,#11311,#11312,#11313,#11314,
#11315,#11316,#11317,#11318,#11319,#11320,#11321,#11322,#11323,#11324,#11325,
#11326,#11327,#11328,#11329,#11330,#11331,#11332,#11333,#11334,#11335,#11336,
#11337,#11338,#11339,#11340,#11341,#11342,#11343,#11344,#11345,#11346,#11347,
#11348,#11349,#11350,#11351,#11352,#11353,#11354,#11355,#11356,#11357,#11358,
#11359,#11360,#11361,#11362,#11363,#11364,#11365,#11366,#11367,#11368,#11369,
#11370,#11371,#11372,#11373,#11374,#11375,#11376,#11377,#11378,#11379,#11380,
#11381,#11382,#11383,#11384,#11385,#11386,#11387,#11388,#11389,#11390,#11391,
#11392,#11393,#11394,#11395,#11396,#11397,#11398,#11399,#11400,#11401,#11402,
#11403,#11404,#11405,#11406,#11407,#11408,#11409,#11410,#11411,#11412,#11413,
#11414,#11415,#11416,#11417,#11418,#11419,#11420,#11421,#11422,#11423,#11424,
#11425,#11426,#11427,#11428,#11429,#11430,#11431,#11432,#11433,#11434,#11435,
#11436,#11437,#11438,#11439,#11440,#11441,#11442,#11443,#11444,#11445,#11446,
#11447,#11448,#11449,#11450,#11451,#11452,#11453,#11454,#11455,#11456,#11457,
#11458,#11459,#11460,#11461,#11462,#11463,#11464,#11465,#11466,#11467,#11468,
#11469,#11470,#11471,#11472,#11473,#11474,#11475,#11476,#11477,#11478,#11479,
#11480,#11481,#11482,#11483,#11484,#11485,#11486,#11487,#11488,#11489,#11490,
#11491,#11492,#11493,#11494,#11495,#11496,#11497,#11498,#11499,#11500,#11501,
#11502,#11503,#11504,#11505,#11506,#11507,#11508,#11509,#11510,#11511,#11512,
#11513,#11514,#11515,#11516,#11517,#11518,#11519,#11520,#11521,#11522,#11523,
#11524,#11525,#11526,#11527,#11528,#11529,#11530,#11531,#11532,#11533,#11534,
#11535,#11536,#11537,#11538,#11539,#11540,#11541,#11542,#11543,#11544,#11545,
#11546,#11547,#11548,#11549,#11550,#11551,#11552,#11553,#11554,#11555,#11556,
#11557,#11558,#11559,#11560,#11561,#11562),#19033);
#11=SHAPE_REPRESENTATION_RELATIONSHIP('SRR','None',#19040,#12);
#12=ADVANCED_BREP_SHAPE_REPRESENTATION('',(#13),#19032);
#13=MANIFOLD_SOLID_BREP('Cuerpo3',#12189);
#14=FACE_BOUND('',#1187,.T.);
#15=FACE_BOUND('',#1188,.T.);
#16=FACE_BOUND('',#1189,.T.);
#17=FACE_BOUND('',#1190,.T.);
#18=FACE_BOUND('',#1191,.T.);
#19=FACE_BOUND('',#1192,.T.);
#20=FACE_BOUND('',#1193,.T.);
#21=FACE_BOUND('',#1194,.T.);
#22=FACE_BOUND('',#1195,.T.);
#23=FACE_BOUND('',#1196,.T.);
#24=FACE_BOUND('',#1197,.T.);
#25=FACE_BOUND('',#1198,.T.);
#26=FACE_BOUND('',#1199,.T.);
#27=FACE_BOUND('',#1200,.T.);
#28=FACE_OUTER_BOUND('',#654,.T.);
#29=FACE_OUTER_BOUND('',#655,.T.);
#30=FACE_OUTER_BOUND('',#656,.T.);
#31=FACE_OUTER_BOUND('',#657,.T.);
#32=FACE_OUTER_BOUND('',#658,.T.);
#33=FACE_OUTER_BOUND('',#659,.T.);
#34=FACE_OUTER_BOUND('',#660,.T.);
#35=FACE_OUTER_BOUND('',#661,.T.);
#36=FACE_OUTER_BOUND('',#662,.T.);
#37=FACE_OUTER_BOUND('',#663,.T.);
#38=FACE_OUTER_BOUND('',#664,.T.);
#39=FACE_OUTER_BOUND('',#665,.T.);
#40=FACE_OUTER_BOUND('',#666,.T.);
#41=FACE_OUTER_BOUND('',#667,.T.);
#42=FACE_OUTER_BOUND('',#668,.T.);
#43=FACE_OUTER_BOUND('',#669,.T.);
#44=FACE_OUTER_BOUND('',#670,.T.);
#45=FACE_OUTER_BOUND('',#671,.T.);
#46=FACE_OUTER_BOUND('',#672,.T.);
#47=FACE_OUTER_BOUND('',#673,.T.);
#48=FACE_OUTER_BOUND('',#674,.T.);
#49=FACE_OUTER_BOUND('',#675,.T.);
#50=FACE_OUTER_BOUND('',#676,.T.);
#51=FACE_OUTER_BOUND('',#677,.T.);
#52=FACE_OUTER_BOUND('',#678,.T.);
#53=FACE_OUTER_BOUND('',#679,.T.);
#54=FACE_OUTER_BOUND('',#680,.T.);
#55=FACE_OUTER_BOUND('',#681,.T.);
#56=FACE_OUTER_BOUND('',#682,.T.);
#57=FACE_OUTER_BOUND('',#683,.T.);
#58=FACE_OUTER_BOUND('',#684,.T.);
#59=FACE_OUTER_BOUND('',#685,.T.);
#60=FACE_OUTER_BOUND('',#686,.T.);
#61=FACE_OUTER_BOUND('',#687,.T.);
#62=FACE_OUTER_BOUND('',#688,.T.);
#63=FACE_OUTER_BOUND('',#689,.T.);
#64=FACE_OUTER_BOUND('',#690,.T.);
#65=FACE_OUTER_BOUND('',#691,.T.);
#66=FACE_OUTER_BOUND('',#692,.T.);
#67=FACE_OUTER_BOUND('',#693,.T.);
#68=FACE_OUTER_BOUND('',#694,.T.);
#69=FACE_OUTER_BOUND('',#695,.T.);
#70=FACE_OUTER_BOUND('',#696,.T.);
#71=FACE_OUTER_BOUND('',#697,.T.);
#72=FACE_OUTER_BOUND('',#698,.T.);
#73=FACE_OUTER_BOUND('',#699,.T.);
#74=FACE_OUTER_BOUND('',#700,.T.);
#75=FACE_OUTER_BOUND('',#701,.T.);
#76=FACE_OUTER_BOUND('',#702,.T.);
#77=FACE_OUTER_BOUND('',#703,.T.);
#78=FACE_OUTER_BOUND('',#704,.T.);
#79=FACE_OUTER_BOUND('',#705,.T.);
#80=FACE_OUTER_BOUND('',#706,.T.);
#81=FACE_OUTER_BOUND('',#707,.T.);
#82=FACE_OUTER_BOUND('',#708,.T.);
#83=FACE_OUTER_BOUND('',#709,.T.);
#84=FACE_OUTER_BOUND('',#710,.T.);
#85=FACE_OUTER_BOUND('',#711,.T.);
#86=FACE_OUTER_BOUND('',#712,.T.);
#87=FACE_OUTER_BOUND('',#713,.T.);
#88=FACE_OUTER_BOUND('',#714,.T.);
#89=FACE_OUTER_BOUND('',#715,.T.);
#90=FACE_OUTER_BOUND('',#716,.T.);
#91=FACE_OUTER_BOUND('',#717,.T.);
#92=FACE_OUTER_BOUND('',#718,.T.);
#93=FACE_OUTER_BOUND('',#719,.T.);
#94=FACE_OUTER_BOUND('',#720,.T.);
#95=FACE_OUTER_BOUND('',#721,.T.);
#96=FACE_OUTER_BOUND('',#722,.T.);
#97=FACE_OUTER_BOUND('',#723,.T.);
#98=FACE_OUTER_BOUND('',#724,.T.);
#99=FACE_OUTER_BOUND('',#725,.T.);
#100=FACE_OUTER_BOUND('',#726,.T.);
#101=FACE_OUTER_BOUND('',#727,.T.);
#102=FACE_OUTER_BOUND('',#728,.T.);
#103=FACE_OUTER_BOUND('',#729,.T.);
#104=FACE_OUTER_BOUND('',#730,.T.);
#105=FACE_OUTER_BOUND('',#731,.T.);
#106=FACE_OUTER_BOUND('',#732,.T.);
#107=FACE_OUTER_BOUND('',#733,.T.);
#108=FACE_OUTER_BOUND('',#734,.T.);
#109=FACE_OUTER_BOUND('',#735,.T.);
#110=FACE_OUTER_BOUND('',#736,.T.);
#111=FACE_OUTER_BOUND('',#737,.T.);
#112=FACE_OUTER_BOUND('',#738,.T.);
#113=FACE_OUTER_BOUND('',#739,.T.);
#114=FACE_OUTER_BOUND('',#740,.T.);
#115=FACE_OUTER_BOUND('',#741,.T.);
#116=FACE_OUTER_BOUND('',#742,.T.);
#117=FACE_OUTER_BOUND('',#743,.T.);
#118=FACE_OUTER_BOUND('',#744,.T.);
#119=FACE_OUTER_BOUND('',#745,.T.);
#120=FACE_OUTER_BOUND('',#746,.T.);
#121=FACE_OUTER_BOUND('',#747,.T.);
#122=FACE_OUTER_BOUND('',#748,.T.);
#123=FACE_OUTER_BOUND('',#749,.T.);
#124=FACE_OUTER_BOUND('',#750,.T.);
#125=FACE_OUTER_BOUND('',#751,.T.);
#126=FACE_OUTER_BOUND('',#752,.T.);
#127=FACE_OUTER_BOUND('',#753,.T.);
#128=FACE_OUTER_BOUND('',#754,.T.);
#129=FACE_OUTER_BOUND('',#755,.T.);
#130=FACE_OUTER_BOUND('',#756,.T.);
#131=FACE_OUTER_BOUND('',#757,.T.);
#132=FACE_OUTER_BOUND('',#758,.T.);
#133=FACE_OUTER_BOUND('',#759,.T.);
#134=FACE_OUTER_BOUND('',#760,.T.);
#135=FACE_OUTER_BOUND('',#761,.T.);
#136=FACE_OUTER_BOUND('',#762,.T.);
#137=FACE_OUTER_BOUND('',#763,.T.);
#138=FACE_OUTER_BOUND('',#764,.T.);
#139=FACE_OUTER_BOUND('',#765,.T.);
#140=FACE_OUTER_BOUND('',#766,.T.);
#141=FACE_OUTER_BOUND('',#767,.T.);
#142=FACE_OUTER_BOUND('',#768,.T.);
#143=FACE_OUTER_BOUND('',#769,.T.);
#144=FACE_OUTER_BOUND('',#770,.T.);
#145=FACE_OUTER_BOUND('',#771,.T.);
#146=FACE_OUTER_BOUND('',#772,.T.);
#147=FACE_OUTER_BOUND('',#773,.T.);
#148=FACE_OUTER_BOUND('',#774,.T.);
#149=FACE_OUTER_BOUND('',#775,.T.);
#150=FACE_OUTER_BOUND('',#776,.T.);
#151=FACE_OUTER_BOUND('',#777,.T.);
#152=FACE_OUTER_BOUND('',#778,.T.);
#153=FACE_OUTER_BOUND('',#779,.T.);
#154=FACE_OUTER_BOUND('',#780,.T.);
#155=FACE_OUTER_BOUND('',#781,.T.);
#156=FACE_OUTER_BOUND('',#782,.T.);
#157=FACE_OUTER_BOUND('',#783,.T.);
#158=FACE_OUTER_BOUND('',#784,.T.);
#159=FACE_OUTER_BOUND('',#785,.T.);
#160=FACE_OUTER_BOUND('',#786,.T.);
#161=FACE_OUTER_BOUND('',#787,.T.);
#162=FACE_OUTER_BOUND('',#788,.T.);
#163=FACE_OUTER_BOUND('',#789,.T.);
#164=FACE_OUTER_BOUND('',#790,.T.);
#165=FACE_OUTER_BOUND('',#791,.T.);
#166=FACE_OUTER_BOUND('',#792,.T.);
#167=FACE_OUTER_BOUND('',#793,.T.);
#168=FACE_OUTER_BOUND('',#794,.T.);
#169=FACE_OUTER_BOUND('',#795,.T.);
#170=FACE_OUTER_BOUND('',#796,.T.);
#171=FACE_OUTER_BOUND('',#797,.T.);
#172=FACE_OUTER_BOUND('',#798,.T.);
#173=FACE_OUTER_BOUND('',#799,.T.);
#174=FACE_OUTER_BOUND('',#800,.T.);
#175=FACE_OUTER_BOUND('',#801,.T.);
#176=FACE_OUTER_BOUND('',#802,.T.);
#177=FACE_OUTER_BOUND('',#803,.T.);
#178=FACE_OUTER_BOUND('',#804,.T.);
#179=FACE_OUTER_BOUND('',#805,.T.);
#180=FACE_OUTER_BOUND('',#806,.T.);
#181=FACE_OUTER_BOUND('',#807,.T.);
#182=FACE_OUTER_BOUND('',#808,.T.);
#183=FACE_OUTER_BOUND('',#809,.T.);
#184=FACE_OUTER_BOUND('',#810,.T.);
#185=FACE_OUTER_BOUND('',#811,.T.);
#186=FACE_OUTER_BOUND('',#812,.T.);
#187=FACE_OUTER_BOUND('',#813,.T.);
#188=FACE_OUTER_BOUND('',#814,.T.);
#189=FACE_OUTER_BOUND('',#815,.T.);
#190=FACE_OUTER_BOUND('',#816,.T.);
#191=FACE_OUTER_BOUND('',#817,.T.);
#192=FACE_OUTER_BOUND('',#818,.T.);
#193=FACE_OUTER_BOUND('',#819,.T.);
#194=FACE_OUTER_BOUND('',#820,.T.);
#195=FACE_OUTER_BOUND('',#821,.T.);
#196=FACE_OUTER_BOUND('',#822,.T.);
#197=FACE_OUTER_BOUND('',#823,.T.);
#198=FACE_OUTER_BOUND('',#824,.T.);
#199=FACE_OUTER_BOUND('',#825,.T.);
#200=FACE_OUTER_BOUND('',#826,.T.);
#201=FACE_OUTER_BOUND('',#827,.T.);
#202=FACE_OUTER_BOUND('',#828,.T.);
#203=FACE_OUTER_BOUND('',#829,.T.);
#204=FACE_OUTER_BOUND('',#830,.T.);
#205=FACE_OUTER_BOUND('',#831,.T.);
#206=FACE_OUTER_BOUND('',#832,.T.);
#207=FACE_OUTER_BOUND('',#833,.T.);
#208=FACE_OUTER_BOUND('',#834,.T.);
#209=FACE_OUTER_BOUND('',#835,.T.);
#210=FACE_OUTER_BOUND('',#836,.T.);
#211=FACE_OUTER_BOUND('',#837,.T.);
#212=FACE_OUTER_BOUND('',#838,.T.);
#213=FACE_OUTER_BOUND('',#839,.T.);
#214=FACE_OUTER_BOUND('',#840,.T.);
#215=FACE_OUTER_BOUND('',#841,.T.);
#216=FACE_OUTER_BOUND('',#842,.T.);
#217=FACE_OUTER_BOUND('',#843,.T.);
#218=FACE_OUTER_BOUND('',#844,.T.);
#219=FACE_OUTER_BOUND('',#845,.T.);
#220=FACE_OUTER_BOUND('',#846,.T.);
#221=FACE_OUTER_BOUND('',#847,.T.);
#222=FACE_OUTER_BOUND('',#848,.T.);
#223=FACE_OUTER_BOUND('',#849,.T.);
#224=FACE_OUTER_BOUND('',#850,.T.);
#225=FACE_OUTER_BOUND('',#851,.T.);
#226=FACE_OUTER_BOUND('',#852,.T.);
#227=FACE_OUTER_BOUND('',#853,.T.);
#228=FACE_OUTER_BOUND('',#854,.T.);
#229=FACE_OUTER_BOUND('',#855,.T.);
#230=FACE_OUTER_BOUND('',#856,.T.);
#231=FACE_OUTER_BOUND('',#857,.T.);
#232=FACE_OUTER_BOUND('',#858,.T.);
#233=FACE_OUTER_BOUND('',#859,.T.);
#234=FACE_OUTER_BOUND('',#860,.T.);
#235=FACE_OUTER_BOUND('',#861,.T.);
#236=FACE_OUTER_BOUND('',#862,.T.);
#237=FACE_OUTER_BOUND('',#863,.T.);
#238=FACE_OUTER_BOUND('',#864,.T.);
#239=FACE_OUTER_BOUND('',#865,.T.);
#240=FACE_OUTER_BOUND('',#866,.T.);
#241=FACE_OUTER_BOUND('',#867,.T.);
#242=FACE_OUTER_BOUND('',#868,.T.);
#243=FACE_OUTER_BOUND('',#869,.T.);
#244=FACE_OUTER_BOUND('',#870,.T.);
#245=FACE_OUTER_BOUND('',#871,.T.);
#246=FACE_OUTER_BOUND('',#872,.T.);
#247=FACE_OUTER_BOUND('',#873,.T.);
#248=FACE_OUTER_BOUND('',#874,.T.);
#249=FACE_OUTER_BOUND('',#875,.T.);
#250=FACE_OUTER_BOUND('',#876,.T.);
#251=FACE_OUTER_BOUND('',#877,.T.);
#252=FACE_OUTER_BOUND('',#878,.T.);
#253=FACE_OUTER_BOUND('',#879,.T.);
#254=FACE_OUTER_BOUND('',#880,.T.);
#255=FACE_OUTER_BOUND('',#881,.T.);
#256=FACE_OUTER_BOUND('',#882,.T.);
#257=FACE_OUTER_BOUND('',#883,.T.);
#258=FACE_OUTER_BOUND('',#884,.T.);
#259=FACE_OUTER_BOUND('',#885,.T.);
#260=FACE_OUTER_BOUND('',#886,.T.);
#261=FACE_OUTER_BOUND('',#887,.T.);
#262=FACE_OUTER_BOUND('',#888,.T.);
#263=FACE_OUTER_BOUND('',#889,.T.);
#264=FACE_OUTER_BOUND('',#890,.T.);
#265=FACE_OUTER_BOUND('',#891,.T.);
#266=FACE_OUTER_BOUND('',#892,.T.);
#267=FACE_OUTER_BOUND('',#893,.T.);
#268=FACE_OUTER_BOUND('',#894,.T.);
#269=FACE_OUTER_BOUND('',#895,.T.);
#270=FACE_OUTER_BOUND('',#896,.T.);
#271=FACE_OUTER_BOUND('',#897,.T.);
#272=FACE_OUTER_BOUND('',#898,.T.);
#273=FACE_OUTER_BOUND('',#899,.T.);
#274=FACE_OUTER_BOUND('',#900,.T.);
#275=FACE_OUTER_BOUND('',#901,.T.);
#276=FACE_OUTER_BOUND('',#902,.T.);
#277=FACE_OUTER_BOUND('',#903,.T.);
#278=FACE_OUTER_BOUND('',#904,.T.);
#279=FACE_OUTER_BOUND('',#905,.T.);
#280=FACE_OUTER_BOUND('',#906,.T.);
#281=FACE_OUTER_BOUND('',#907,.T.);
#282=FACE_OUTER_BOUND('',#908,.T.);
#283=FACE_OUTER_BOUND('',#909,.T.);
#284=FACE_OUTER_BOUND('',#910,.T.);
#285=FACE_OUTER_BOUND('',#911,.T.);
#286=FACE_OUTER_BOUND('',#912,.T.);
#287=FACE_OUTER_BOUND('',#913,.T.);
#288=FACE_OUTER_BOUND('',#914,.T.);
#289=FACE_OUTER_BOUND('',#915,.T.);
#290=FACE_OUTER_BOUND('',#916,.T.);
#291=FACE_OUTER_BOUND('',#917,.T.);
#292=FACE_OUTER_BOUND('',#918,.T.);
#293=FACE_OUTER_BOUND('',#919,.T.);
#294=FACE_OUTER_BOUND('',#920,.T.);
#295=FACE_OUTER_BOUND('',#921,.T.);
#296=FACE_OUTER_BOUND('',#922,.T.);
#297=FACE_OUTER_BOUND('',#923,.T.);
#298=FACE_OUTER_BOUND('',#924,.T.);
#299=FACE_OUTER_BOUND('',#925,.T.);
#300=FACE_OUTER_BOUND('',#926,.T.);
#301=FACE_OUTER_BOUND('',#927,.T.);
#302=FACE_OUTER_BOUND('',#928,.T.);
#303=FACE_OUTER_BOUND('',#929,.T.);
#304=FACE_OUTER_BOUND('',#930,.T.);
#305=FACE_OUTER_BOUND('',#931,.T.);
#306=FACE_OUTER_BOUND('',#932,.T.);
#307=FACE_OUTER_BOUND('',#933,.T.);
#308=FACE_OUTER_BOUND('',#934,.T.);
#309=FACE_OUTER_BOUND('',#935,.T.);
#310=FACE_OUTER_BOUND('',#936,.T.);
#311=FACE_OUTER_BOUND('',#937,.T.);
#312=FACE_OUTER_BOUND('',#938,.T.);
#313=FACE_OUTER_BOUND('',#939,.T.);
#314=FACE_OUTER_BOUND('',#940,.T.);
#315=FACE_OUTER_BOUND('',#941,.T.);
#316=FACE_OUTER_BOUND('',#942,.T.);
#317=FACE_OUTER_BOUND('',#943,.T.);
#318=FACE_OUTER_BOUND('',#944,.T.);
#319=FACE_OUTER_BOUND('',#945,.T.);
#320=FACE_OUTER_BOUND('',#946,.T.);
#321=FACE_OUTER_BOUND('',#947,.T.);
#322=FACE_OUTER_BOUND('',#948,.T.);
#323=FACE_OUTER_BOUND('',#949,.T.);
#324=FACE_OUTER_BOUND('',#950,.T.);
#325=FACE_OUTER_BOUND('',#951,.T.);
#326=FACE_OUTER_BOUND('',#952,.T.);
#327=FACE_OUTER_BOUND('',#953,.T.);
#328=FACE_OUTER_BOUND('',#954,.T.);
#329=FACE_OUTER_BOUND('',#955,.T.);
#330=FACE_OUTER_BOUND('',#956,.T.);
#331=FACE_OUTER_BOUND('',#957,.T.);
#332=FACE_OUTER_BOUND('',#958,.T.);
#333=FACE_OUTER_BOUND('',#959,.T.);
#334=FACE_OUTER_BOUND('',#960,.T.);
#335=FACE_OUTER_BOUND('',#961,.T.);
#336=FACE_OUTER_BOUND('',#962,.T.);
#337=FACE_OUTER_BOUND('',#963,.T.);
#338=FACE_OUTER_BOUND('',#964,.T.);
#339=FACE_OUTER_BOUND('',#965,.T.);
#340=FACE_OUTER_BOUND('',#966,.T.);
#341=FACE_OUTER_BOUND('',#967,.T.);
#342=FACE_OUTER_BOUND('',#968,.T.);
#343=FACE_OUTER_BOUND('',#969,.T.);
#344=FACE_OUTER_BOUND('',#970,.T.);
#345=FACE_OUTER_BOUND('',#971,.T.);
#346=FACE_OUTER_BOUND('',#972,.T.);
#347=FACE_OUTER_BOUND('',#973,.T.);
#348=FACE_OUTER_BOUND('',#974,.T.);
#349=FACE_OUTER_BOUND('',#975,.T.);
#350=FACE_OUTER_BOUND('',#976,.T.);
#351=FACE_OUTER_BOUND('',#977,.T.);
#352=FACE_OUTER_BOUND('',#978,.T.);
#353=FACE_OUTER_BOUND('',#979,.T.);
#354=FACE_OUTER_BOUND('',#980,.T.);
#355=FACE_OUTER_BOUND('',#981,.T.);
#356=FACE_OUTER_BOUND('',#982,.T.);
#357=FACE_OUTER_BOUND('',#983,.T.);
#358=FACE_OUTER_BOUND('',#984,.T.);
#359=FACE_OUTER_BOUND('',#985,.T.);
#360=FACE_OUTER_BOUND('',#986,.T.);
#361=FACE_OUTER_BOUND('',#987,.T.);
#362=FACE_OUTER_BOUND('',#988,.T.);
#363=FACE_OUTER_BOUND('',#989,.T.);
#364=FACE_OUTER_BOUND('',#990,.T.);
#365=FACE_OUTER_BOUND('',#991,.T.);
#366=FACE_OUTER_BOUND('',#992,.T.);
#367=FACE_OUTER_BOUND('',#993,.T.);
#368=FACE_OUTER_BOUND('',#994,.T.);
#369=FACE_OUTER_BOUND('',#995,.T.);
#370=FACE_OUTER_BOUND('',#996,.T.);
#371=FACE_OUTER_BOUND('',#997,.T.);
#372=FACE_OUTER_BOUND('',#998,.T.);
#373=FACE_OUTER_BOUND('',#999,.T.);
#374=FACE_OUTER_BOUND('',#1000,.T.);
#375=FACE_OUTER_BOUND('',#1001,.T.);
#376=FACE_OUTER_BOUND('',#1002,.T.);
#377=FACE_OUTER_BOUND('',#1003,.T.);
#378=FACE_OUTER_BOUND('',#1004,.T.);
#379=FACE_OUTER_BOUND('',#1005,.T.);
#380=FACE_OUTER_BOUND('',#1006,.T.);
#381=FACE_OUTER_BOUND('',#1007,.T.);
#382=FACE_OUTER_BOUND('',#1008,.T.);
#383=FACE_OUTER_BOUND('',#1009,.T.);
#384=FACE_OUTER_BOUND('',#1010,.T.);
#385=FACE_OUTER_BOUND('',#1011,.T.);
#386=FACE_OUTER_BOUND('',#1012,.T.);
#387=FACE_OUTER_BOUND('',#1013,.T.);
#388=FACE_OUTER_BOUND('',#1014,.T.);
#389=FACE_OUTER_BOUND('',#1015,.T.);
#390=FACE_OUTER_BOUND('',#1016,.T.);
#391=FACE_OUTER_BOUND('',#1017,.T.);
#392=FACE_OUTER_BOUND('',#1018,.T.);
#393=FACE_OUTER_BOUND('',#1019,.T.);
#394=FACE_OUTER_BOUND('',#1020,.T.);
#395=FACE_OUTER_BOUND('',#1021,.T.);
#396=FACE_OUTER_BOUND('',#1022,.T.);
#397=FACE_OUTER_BOUND('',#1023,.T.);
#398=FACE_OUTER_BOUND('',#1024,.T.);
#399=FACE_OUTER_BOUND('',#1025,.T.);
#400=FACE_OUTER_BOUND('',#1026,.T.);
#401=FACE_OUTER_BOUND('',#1027,.T.);
#402=FACE_OUTER_BOUND('',#1028,.T.);
#403=FACE_OUTER_BOUND('',#1029,.T.);
#404=FACE_OUTER_BOUND('',#1030,.T.);
#405=FACE_OUTER_BOUND('',#1031,.T.);
#406=FACE_OUTER_BOUND('',#1032,.T.);
#407=FACE_OUTER_BOUND('',#1033,.T.);
#408=FACE_OUTER_BOUND('',#1034,.T.);
#409=FACE_OUTER_BOUND('',#1035,.T.);
#410=FACE_OUTER_BOUND('',#1036,.T.);
#411=FACE_OUTER_BOUND('',#1037,.T.);
#412=FACE_OUTER_BOUND('',#1038,.T.);
#413=FACE_OUTER_BOUND('',#1039,.T.);
#414=FACE_OUTER_BOUND('',#1040,.T.);
#415=FACE_OUTER_BOUND('',#1041,.T.);
#416=FACE_OUTER_BOUND('',#1042,.T.);
#417=FACE_OUTER_BOUND('',#1043,.T.);
#418=FACE_OUTER_BOUND('',#1044,.T.);
#419=FACE_OUTER_BOUND('',#1045,.T.);
#420=FACE_OUTER_BOUND('',#1046,.T.);
#421=FACE_OUTER_BOUND('',#1047,.T.);
#422=FACE_OUTER_BOUND('',#1048,.T.);
#423=FACE_OUTER_BOUND('',#1049,.T.);
#424=FACE_OUTER_BOUND('',#1050,.T.);
#425=FACE_OUTER_BOUND('',#1051,.T.);
#426=FACE_OUTER_BOUND('',#1052,.T.);
#427=FACE_OUTER_BOUND('',#1053,.T.);
#428=FACE_OUTER_BOUND('',#1054,.T.);
#429=FACE_OUTER_BOUND('',#1055,.T.);
#430=FACE_OUTER_BOUND('',#1056,.T.);
#431=FACE_OUTER_BOUND('',#1057,.T.);
#432=FACE_OUTER_BOUND('',#1058,.T.);
#433=FACE_OUTER_BOUND('',#1059,.T.);
#434=FACE_OUTER_BOUND('',#1060,.T.);
#435=FACE_OUTER_BOUND('',#1061,.T.);
#436=FACE_OUTER_BOUND('',#1062,.T.);
#437=FACE_OUTER_BOUND('',#1063,.T.);
#438=FACE_OUTER_BOUND('',#1064,.T.);
#439=FACE_OUTER_BOUND('',#1065,.T.);
#440=FACE_OUTER_BOUND('',#1066,.T.);
#441=FACE_OUTER_BOUND('',#1067,.T.);
#442=FACE_OUTER_BOUND('',#1068,.T.);
#443=FACE_OUTER_BOUND('',#1069,.T.);
#444=FACE_OUTER_BOUND('',#1070,.T.);
#445=FACE_OUTER_BOUND('',#1071,.T.);
#446=FACE_OUTER_BOUND('',#1072,.T.);
#447=FACE_OUTER_BOUND('',#1073,.T.);
#448=FACE_OUTER_BOUND('',#1074,.T.);
#449=FACE_OUTER_BOUND('',#1075,.T.);
#450=FACE_OUTER_BOUND('',#1076,.T.);
#451=FACE_OUTER_BOUND('',#1077,.T.);
#452=FACE_OUTER_BOUND('',#1078,.T.);
#453=FACE_OUTER_BOUND('',#1079,.T.);
#454=FACE_OUTER_BOUND('',#1080,.T.);
#455=FACE_OUTER_BOUND('',#1081,.T.);
#456=FACE_OUTER_BOUND('',#1082,.T.);
#457=FACE_OUTER_BOUND('',#1083,.T.);
#458=FACE_OUTER_BOUND('',#1084,.T.);
#459=FACE_OUTER_BOUND('',#1085,.T.);
#460=FACE_OUTER_BOUND('',#1086,.T.);
#461=FACE_OUTER_BOUND('',#1087,.T.);
#462=FACE_OUTER_BOUND('',#1088,.T.);
#463=FACE_OUTER_BOUND('',#1089,.T.);
#464=FACE_OUTER_BOUND('',#1090,.T.);
#465=FACE_OUTER_BOUND('',#1091,.T.);
#466=FACE_OUTER_BOUND('',#1092,.T.);
#467=FACE_OUTER_BOUND('',#1093,.T.);
#468=FACE_OUTER_BOUND('',#1094,.T.);
#469=FACE_OUTER_BOUND('',#1095,.T.);
#470=FACE_OUTER_BOUND('',#1096,.T.);
#471=FACE_OUTER_BOUND('',#1097,.T.);
#472=FACE_OUTER_BOUND('',#1098,.T.);
#473=FACE_OUTER_BOUND('',#1099,.T.);
#474=FACE_OUTER_BOUND('',#1100,.T.);
#475=FACE_OUTER_BOUND('',#1101,.T.);
#476=FACE_OUTER_BOUND('',#1102,.T.);
#477=FACE_OUTER_BOUND('',#1103,.T.);
#478=FACE_OUTER_BOUND('',#1104,.T.);
#479=FACE_OUTER_BOUND('',#1105,.T.);
#480=FACE_OUTER_BOUND('',#1106,.T.);
#481=FACE_OUTER_BOUND('',#1107,.T.);
#482=FACE_OUTER_BOUND('',#1108,.T.);
#483=FACE_OUTER_BOUND('',#1109,.T.);
#484=FACE_OUTER_BOUND('',#1110,.T.);
#485=FACE_OUTER_BOUND('',#1111,.T.);
#486=FACE_OUTER_BOUND('',#1112,.T.);
#487=FACE_OUTER_BOUND('',#1113,.T.);
#488=FACE_OUTER_BOUND('',#1114,.T.);
#489=FACE_OUTER_BOUND('',#1115,.T.);
#490=FACE_OUTER_BOUND('',#1116,.T.);
#491=FACE_OUTER_BOUND('',#1117,.T.);
#492=FACE_OUTER_BOUND('',#1118,.T.);
#493=FACE_OUTER_BOUND('',#1119,.T.);
#494=FACE_OUTER_BOUND('',#1120,.T.);
#495=FACE_OUTER_BOUND('',#1121,.T.);
#496=FACE_OUTER_BOUND('',#1122,.T.);
#497=FACE_OUTER_BOUND('',#1123,.T.);
#498=FACE_OUTER_BOUND('',#1124,.T.);
#499=FACE_OUTER_BOUND('',#1125,.T.);
#500=FACE_OUTER_BOUND('',#1126,.T.);
#501=FACE_OUTER_BOUND('',#1127,.T.);
#502=FACE_OUTER_BOUND('',#1128,.T.);
#503=FACE_OUTER_BOUND('',#1129,.T.);
#504=FACE_OUTER_BOUND('',#1130,.T.);
#505=FACE_OUTER_BOUND('',#1131,.T.);
#506=FACE_OUTER_BOUND('',#1132,.T.);
#507=FACE_OUTER_BOUND('',#1133,.T.);
#508=FACE_OUTER_BOUND('',#1134,.T.);
#509=FACE_OUTER_BOUND('',#1135,.T.);
#510=FACE_OUTER_BOUND('',#1136,.T.);
#511=FACE_OUTER_BOUND('',#1137,.T.);
#512=FACE_OUTER_BOUND('',#1138,.T.);
#513=FACE_OUTER_BOUND('',#1139,.T.);
#514=FACE_OUTER_BOUND('',#1140,.T.);
#515=FACE_OUTER_BOUND('',#1141,.T.);
#516=FACE_OUTER_BOUND('',#1142,.T.);
#517=FACE_OUTER_BOUND('',#1143,.T.);
#518=FACE_OUTER_BOUND('',#1144,.T.);
#519=FACE_OUTER_BOUND('',#1145,.T.);
#520=FACE_OUTER_BOUND('',#1146,.T.);
#521=FACE_OUTER_BOUND('',#1147,.T.);
#522=FACE_OUTER_BOUND('',#1148,.T.);
#523=FACE_OUTER_BOUND('',#1149,.T.);
#524=FACE_OUTER_BOUND('',#1150,.T.);
#525=FACE_OUTER_BOUND('',#1151,.T.);
#526=FACE_OUTER_BOUND('',#1152,.T.);
#527=FACE_OUTER_BOUND('',#1153,.T.);
#528=FACE_OUTER_BOUND('',#1154,.T.);
#529=FACE_OUTER_BOUND('',#1155,.T.);
#530=FACE_OUTER_BOUND('',#1156,.T.);
#531=FACE_OUTER_BOUND('',#1157,.T.);
#532=FACE_OUTER_BOUND('',#1158,.T.);
#533=FACE_OUTER_BOUND('',#1159,.T.);
#534=FACE_OUTER_BOUND('',#1160,.T.);
#535=FACE_OUTER_BOUND('',#1161,.T.);
#536=FACE_OUTER_BOUND('',#1162,.T.);
#537=FACE_OUTER_BOUND('',#1163,.T.);
#538=FACE_OUTER_BOUND('',#1164,.T.);
#539=FACE_OUTER_BOUND('',#1165,.T.);
#540=FACE_OUTER_BOUND('',#1166,.T.);
#541=FACE_OUTER_BOUND('',#1167,.T.);
#542=FACE_OUTER_BOUND('',#1168,.T.);
#543=FACE_OUTER_BOUND('',#1169,.T.);
#544=FACE_OUTER_BOUND('',#1170,.T.);
#545=FACE_OUTER_BOUND('',#1171,.T.);
#546=FACE_OUTER_BOUND('',#1172,.T.);
#547=FACE_OUTER_BOUND('',#1173,.T.);
#548=FACE_OUTER_BOUND('',#1174,.T.);
#549=FACE_OUTER_BOUND('',#1175,.T.);
#550=FACE_OUTER_BOUND('',#1176,.T.);
#551=FACE_OUTER_BOUND('',#1177,.T.);
#552=FACE_OUTER_BOUND('',#1178,.T.);
#553=FACE_OUTER_BOUND('',#1179,.T.);
#554=FACE_OUTER_BOUND('',#1180,.T.);
#555=FACE_OUTER_BOUND('',#1181,.T.);
#556=FACE_OUTER_BOUND('',#1182,.T.);
#557=FACE_OUTER_BOUND('',#1183,.T.);
#558=FACE_OUTER_BOUND('',#1184,.T.);
#559=FACE_OUTER_BOUND('',#1185,.T.);
#560=FACE_OUTER_BOUND('',#1186,.T.);
#561=FACE_OUTER_BOUND('',#1201,.T.);
#562=FACE_OUTER_BOUND('',#1202,.T.);
#563=FACE_OUTER_BOUND('',#1203,.T.);
#564=FACE_OUTER_BOUND('',#1204,.T.);
#565=FACE_OUTER_BOUND('',#1205,.T.);
#566=FACE_OUTER_BOUND('',#1206,.T.);
#567=FACE_OUTER_BOUND('',#1207,.T.);
#568=FACE_OUTER_BOUND('',#1208,.T.);
#569=FACE_OUTER_BOUND('',#1209,.T.);
#570=FACE_OUTER_BOUND('',#1210,.T.);
#571=FACE_OUTER_BOUND('',#1211,.T.);
#572=FACE_OUTER_BOUND('',#1212,.T.);
#573=FACE_OUTER_BOUND('',#1213,.T.);
#574=FACE_OUTER_BOUND('',#1214,.T.);
#575=FACE_OUTER_BOUND('',#1215,.T.);
#576=FACE_OUTER_BOUND('',#1216,.T.);
#577=FACE_OUTER_BOUND('',#1217,.T.);
#578=FACE_OUTER_BOUND('',#1218,.T.);
#579=FACE_OUTER_BOUND('',#1219,.T.);
#580=FACE_OUTER_BOUND('',#1220,.T.);
#581=FACE_OUTER_BOUND('',#1221,.T.);
#582=FACE_OUTER_BOUND('',#1222,.T.);
#583=FACE_OUTER_BOUND('',#1223,.T.);
#584=FACE_OUTER_BOUND('',#1224,.T.);
#585=FACE_OUTER_BOUND('',#1225,.T.);
#586=FACE_OUTER_BOUND('',#1226,.T.);
#587=FACE_OUTER_BOUND('',#1227,.T.);
#588=FACE_OUTER_BOUND('',#1228,.T.);
#589=FACE_OUTER_BOUND('',#1229,.T.);
#590=FACE_OUTER_BOUND('',#1230,.T.);
#591=FACE_OUTER_BOUND('',#1231,.T.);
#592=FACE_OUTER_BOUND('',#1232,.T.);
#593=FACE_OUTER_BOUND('',#1233,.T.);
#594=FACE_OUTER_BOUND('',#1234,.T.);
#595=FACE_OUTER_BOUND('',#1235,.T.);
#596=FACE_OUTER_BOUND('',#1236,.T.);
#597=FACE_OUTER_BOUND('',#1237,.T.);
#598=FACE_OUTER_BOUND('',#1238,.T.);
#599=FACE_OUTER_BOUND('',#1239,.T.);
#600=FACE_OUTER_BOUND('',#1240,.T.);
#601=FACE_OUTER_BOUND('',#1241,.T.);
#602=FACE_OUTER_BOUND('',#1242,.T.);
#603=FACE_OUTER_BOUND('',#1243,.T.);
#604=FACE_OUTER_BOUND('',#1244,.T.);
#605=FACE_OUTER_BOUND('',#1245,.T.);
#606=FACE_OUTER_BOUND('',#1246,.T.);
#607=FACE_OUTER_BOUND('',#1247,.T.);
#608=FACE_OUTER_BOUND('',#1248,.T.);
#609=FACE_OUTER_BOUND('',#1249,.T.);
#610=FACE_OUTER_BOUND('',#1250,.T.);
#611=FACE_OUTER_BOUND('',#1251,.T.);
#612=FACE_OUTER_BOUND('',#1252,.T.);
#613=FACE_OUTER_BOUND('',#1253,.T.);
#614=FACE_OUTER_BOUND('',#1254,.T.);
#615=FACE_OUTER_BOUND('',#1255,.T.);
#616=FACE_OUTER_BOUND('',#1256,.T.);
#617=FACE_OUTER_BOUND('',#1257,.T.);
#618=FACE_OUTER_BOUND('',#1258,.T.);
#619=FACE_OUTER_BOUND('',#1259,.T.);
#620=FACE_OUTER_BOUND('',#1260,.T.);
#621=FACE_OUTER_BOUND('',#1261,.T.);
#622=FACE_OUTER_BOUND('',#1262,.T.);
#623=FACE_OUTER_BOUND('',#1263,.T.);
#624=FACE_OUTER_BOUND('',#1264,.T.);
#625=FACE_OUTER_BOUND('',#1265,.T.);
#626=FACE_OUTER_BOUND('',#1266,.T.);
#627=FACE_OUTER_BOUND('',#1267,.T.);
#628=FACE_OUTER_BOUND('',#1268,.T.);
#629=FACE_OUTER_BOUND('',#1269,.T.);
#630=FACE_OUTER_BOUND('',#1270,.T.);
#631=FACE_OUTER_BOUND('',#1271,.T.);
#632=FACE_OUTER_BOUND('',#1272,.T.);
#633=FACE_OUTER_BOUND('',#1273,.T.);
#634=FACE_OUTER_BOUND('',#1274,.T.);
#635=FACE_OUTER_BOUND('',#1275,.T.);
#636=FACE_OUTER_BOUND('',#1276,.T.);
#637=FACE_OUTER_BOUND('',#1277,.T.);
#638=FACE_OUTER_BOUND('',#1278,.T.);
#639=FACE_OUTER_BOUND('',#1279,.T.);
#640=FACE_OUTER_BOUND('',#1280,.T.);
#641=FACE_OUTER_BOUND('',#1281,.T.);
#642=FACE_OUTER_BOUND('',#1282,.T.);
#643=FACE_OUTER_BOUND('',#1283,.T.);
#644=FACE_OUTER_BOUND('',#1284,.T.);
#645=FACE_OUTER_BOUND('',#1285,.T.);
#646=FACE_OUTER_BOUND('',#1286,.T.);
#647=FACE_OUTER_BOUND('',#1287,.T.);
#648=FACE_OUTER_BOUND('',#1288,.T.);
#649=FACE_OUTER_BOUND('',#1289,.T.);
#650=FACE_OUTER_BOUND('',#1290,.T.);
#651=FACE_OUTER_BOUND('',#1291,.T.);
#652=FACE_OUTER_BOUND('',#1292,.T.);
#653=FACE_OUTER_BOUND('',#1293,.T.);
#654=EDGE_LOOP('',(#7276,#7277,#7278,#7279));
#655=EDGE_LOOP('',(#7280,#7281,#7282,#7283));
#656=EDGE_LOOP('',(#7284,#7285,#7286,#7287));
#657=EDGE_LOOP('',(#7288,#7289,#7290,#7291));
#658=EDGE_LOOP('',(#7292,#7293,#7294,#7295,#7296,#7297));
#659=EDGE_LOOP('',(#7298,#7299,#7300,#7301));
#660=EDGE_LOOP('',(#7302,#7303,#7304,#7305));
#661=EDGE_LOOP('',(#7306,#7307,#7308,#7309,#7310,#7311));
#662=EDGE_LOOP('',(#7312,#7313,#7314,#7315));
#663=EDGE_LOOP('',(#7316,#7317,#7318,#7319,#7320,#7321,#7322,#7323));
#664=EDGE_LOOP('',(#7324,#7325,#7326,#7327));
#665=EDGE_LOOP('',(#7328,#7329,#7330,#7331));
#666=EDGE_LOOP('',(#7332,#7333,#7334,#7335));
#667=EDGE_LOOP('',(#7336,#7337,#7338,#7339));
#668=EDGE_LOOP('',(#7340,#7341,#7342,#7343));
#669=EDGE_LOOP('',(#7344,#7345,#7346,#7347));
#670=EDGE_LOOP('',(#7348,#7349,#7350,#7351));
#671=EDGE_LOOP('',(#7352,#7353,#7354,#7355,#7356,#7357));
#672=EDGE_LOOP('',(#7358,#7359,#7360,#7361));
#673=EDGE_LOOP('',(#7362,#7363,#7364,#7365));
#674=EDGE_LOOP('',(#7366,#7367,#7368,#7369,#7370,#7371));
#675=EDGE_LOOP('',(#7372,#7373,#7374,#7375));
#676=EDGE_LOOP('',(#7376,#7377,#7378,#7379,#7380,#7381,#7382,#7383));
#677=EDGE_LOOP('',(#7384,#7385,#7386,#7387));
#678=EDGE_LOOP('',(#7388,#7389,#7390,#7391));
#679=EDGE_LOOP('',(#7392,#7393,#7394,#7395));
#680=EDGE_LOOP('',(#7396,#7397,#7398,#7399));
#681=EDGE_LOOP('',(#7400,#7401,#7402,#7403));
#682=EDGE_LOOP('',(#7404,#7405,#7406,#7407));
#683=EDGE_LOOP('',(#7408,#7409,#7410,#7411));
#684=EDGE_LOOP('',(#7412,#7413,#7414,#7415,#7416,#7417));
#685=EDGE_LOOP('',(#7418,#7419,#7420,#7421));
#686=EDGE_LOOP('',(#7422,#7423,#7424,#7425));
#687=EDGE_LOOP('',(#7426,#7427,#7428,#7429,#7430,#7431));
#688=EDGE_LOOP('',(#7432,#7433,#7434,#7435));
#689=EDGE_LOOP('',(#7436,#7437,#7438,#7439,#7440,#7441,#7442,#7443));
#690=EDGE_LOOP('',(#7444,#7445,#7446,#7447));
#691=EDGE_LOOP('',(#7448,#7449,#7450,#7451));
#692=EDGE_LOOP('',(#7452,#7453,#7454,#7455));
#693=EDGE_LOOP('',(#7456,#7457,#7458,#7459));
#694=EDGE_LOOP('',(#7460,#7461,#7462,#7463));
#695=EDGE_LOOP('',(#7464,#7465,#7466,#7467));
#696=EDGE_LOOP('',(#7468,#7469,#7470,#7471));
#697=EDGE_LOOP('',(#7472,#7473,#7474,#7475,#7476,#7477));
#698=EDGE_LOOP('',(#7478,#7479,#7480,#7481));
#699=EDGE_LOOP('',(#7482,#7483,#7484,#7485));
#700=EDGE_LOOP('',(#7486,#7487,#7488,#7489,#7490,#7491));
#701=EDGE_LOOP('',(#7492,#7493,#7494,#7495));
#702=EDGE_LOOP('',(#7496,#7497,#7498,#7499,#7500,#7501,#7502,#7503));
#703=EDGE_LOOP('',(#7504,#7505,#7506,#7507));
#704=EDGE_LOOP('',(#7508,#7509,#7510,#7511));
#705=EDGE_LOOP('',(#7512,#7513,#7514,#7515));
#706=EDGE_LOOP('',(#7516,#7517,#7518,#7519));
#707=EDGE_LOOP('',(#7520,#7521,#7522,#7523));
#708=EDGE_LOOP('',(#7524,#7525,#7526,#7527));
#709=EDGE_LOOP('',(#7528,#7529,#7530,#7531));
#710=EDGE_LOOP('',(#7532,#7533,#7534,#7535,#7536,#7537));
#711=EDGE_LOOP('',(#7538,#7539,#7540,#7541));
#712=EDGE_LOOP('',(#7542,#7543,#7544,#7545));
#713=EDGE_LOOP('',(#7546,#7547,#7548,#7549,#7550,#7551));
#714=EDGE_LOOP('',(#7552,#7553,#7554,#7555));
#715=EDGE_LOOP('',(#7556,#7557,#7558,#7559,#7560,#7561,#7562,#7563));
#716=EDGE_LOOP('',(#7564,#7565,#7566,#7567));
#717=EDGE_LOOP('',(#7568,#7569,#7570,#7571));
#718=EDGE_LOOP('',(#7572,#7573,#7574,#7575));
#719=EDGE_LOOP('',(#7576,#7577,#7578,#7579));
#720=EDGE_LOOP('',(#7580,#7581,#7582,#7583));
#721=EDGE_LOOP('',(#7584,#7585,#7586,#7587));
#722=EDGE_LOOP('',(#7588,#7589,#7590,#7591));
#723=EDGE_LOOP('',(#7592,#7593,#7594,#7595,#7596,#7597));
#724=EDGE_LOOP('',(#7598,#7599,#7600,#7601));
#725=EDGE_LOOP('',(#7602,#7603,#7604,#7605));
#726=EDGE_LOOP('',(#7606,#7607,#7608,#7609,#7610,#7611));
#727=EDGE_LOOP('',(#7612,#7613,#7614,#7615));
#728=EDGE_LOOP('',(#7616,#7617,#7618,#7619,#7620,#7621,#7622,#7623));
#729=EDGE_LOOP('',(#7624,#7625,#7626,#7627));
#730=EDGE_LOOP('',(#7628,#7629,#7630,#7631));
#731=EDGE_LOOP('',(#7632,#7633,#7634,#7635));
#732=EDGE_LOOP('',(#7636,#7637,#7638,#7639));
#733=EDGE_LOOP('',(#7640,#7641,#7642,#7643));
#734=EDGE_LOOP('',(#7644,#7645,#7646,#7647));
#735=EDGE_LOOP('',(#7648,#7649,#7650,#7651));
#736=EDGE_LOOP('',(#7652,#7653,#7654,#7655,#7656,#7657));
#737=EDGE_LOOP('',(#7658,#7659,#7660,#7661));
#738=EDGE_LOOP('',(#7662,#7663,#7664,#7665));
#739=EDGE_LOOP('',(#7666,#7667,#7668,#7669,#7670,#7671));
#740=EDGE_LOOP('',(#7672,#7673,#7674,#7675));
#741=EDGE_LOOP('',(#7676,#7677,#7678,#7679,#7680,#7681,#7682,#7683));
#742=EDGE_LOOP('',(#7684,#7685,#7686,#7687));
#743=EDGE_LOOP('',(#7688,#7689,#7690,#7691));
#744=EDGE_LOOP('',(#7692,#7693,#7694,#7695));
#745=EDGE_LOOP('',(#7696,#7697,#7698,#7699));
#746=EDGE_LOOP('',(#7700,#7701,#7702,#7703));
#747=EDGE_LOOP('',(#7704,#7705,#7706,#7707));
#748=EDGE_LOOP('',(#7708,#7709,#7710,#7711));
#749=EDGE_LOOP('',(#7712,#7713,#7714,#7715,#7716,#7717));
#750=EDGE_LOOP('',(#7718,#7719,#7720,#7721));
#751=EDGE_LOOP('',(#7722,#7723,#7724,#7725));
#752=EDGE_LOOP('',(#7726,#7727,#7728,#7729,#7730,#7731));
#753=EDGE_LOOP('',(#7732,#7733,#7734,#7735));
#754=EDGE_LOOP('',(#7736,#7737,#7738,#7739,#7740,#7741,#7742,#7743));
#755=EDGE_LOOP('',(#7744,#7745,#7746,#7747));
#756=EDGE_LOOP('',(#7748,#7749,#7750,#7751));
#757=EDGE_LOOP('',(#7752,#7753,#7754,#7755));
#758=EDGE_LOOP('',(#7756,#7757,#7758,#7759));
#759=EDGE_LOOP('',(#7760,#7761,#7762,#7763));
#760=EDGE_LOOP('',(#7764,#7765,#7766,#7767));
#761=EDGE_LOOP('',(#7768,#7769,#7770,#7771));
#762=EDGE_LOOP('',(#7772,#7773,#7774,#7775,#7776,#7777));
#763=EDGE_LOOP('',(#7778,#7779,#7780,#7781));
#764=EDGE_LOOP('',(#7782,#7783,#7784,#7785));
#765=EDGE_LOOP('',(#7786,#7787,#7788,#7789,#7790,#7791));
#766=EDGE_LOOP('',(#7792,#7793,#7794,#7795));
#767=EDGE_LOOP('',(#7796,#7797,#7798,#7799,#7800,#7801,#7802,#7803));
#768=EDGE_LOOP('',(#7804,#7805,#7806,#7807));
#769=EDGE_LOOP('',(#7808,#7809,#7810,#7811));
#770=EDGE_LOOP('',(#7812,#7813,#7814,#7815));
#771=EDGE_LOOP('',(#7816,#7817,#7818,#7819));
#772=EDGE_LOOP('',(#7820,#7821,#7822,#7823));
#773=EDGE_LOOP('',(#7824,#7825,#7826,#7827));
#774=EDGE_LOOP('',(#7828,#7829,#7830,#7831));
#775=EDGE_LOOP('',(#7832,#7833,#7834,#7835,#7836,#7837));
#776=EDGE_LOOP('',(#7838,#7839,#7840,#7841));
#777=EDGE_LOOP('',(#7842,#7843,#7844,#7845,#7846,#7847));
#778=EDGE_LOOP('',(#7848,#7849,#7850,#7851));
#779=EDGE_LOOP('',(#7852,#7853,#7854,#7855,#7856,#7857,#7858,#7859));
#780=EDGE_LOOP('',(#7860,#7861,#7862,#7863));
#781=EDGE_LOOP('',(#7864,#7865,#7866,#7867));
#782=EDGE_LOOP('',(#7868,#7869,#7870,#7871));
#783=EDGE_LOOP('',(#7872,#7873,#7874,#7875));
#784=EDGE_LOOP('',(#7876,#7877,#7878,#7879));
#785=EDGE_LOOP('',(#7880,#7881,#7882,#7883));
#786=EDGE_LOOP('',(#7884,#7885,#7886,#7887));
#787=EDGE_LOOP('',(#7888,#7889,#7890,#7891));
#788=EDGE_LOOP('',(#7892,#7893,#7894,#7895));
#789=EDGE_LOOP('',(#7896,#7897,#7898,#7899));
#790=EDGE_LOOP('',(#7900,#7901,#7902,#7903,#7904,#7905));
#791=EDGE_LOOP('',(#7906,#7907,#7908,#7909));
#792=EDGE_LOOP('',(#7910,#7911,#7912,#7913));
#793=EDGE_LOOP('',(#7914,#7915,#7916,#7917));
#794=EDGE_LOOP('',(#7918,#7919,#7920,#7921));
#795=EDGE_LOOP('',(#7922,#7923,#7924,#7925,#7926,#7927));
#796=EDGE_LOOP('',(#7928,#7929,#7930,#7931));
#797=EDGE_LOOP('',(#7932,#7933,#7934,#7935));
#798=EDGE_LOOP('',(#7936,#7937,#7938,#7939));
#799=EDGE_LOOP('',(#7940,#7941,#7942,#7943));
#800=EDGE_LOOP('',(#7944,#7945,#7946,#7947,#7948,#7949));
#801=EDGE_LOOP('',(#7950,#7951,#7952,#7953));
#802=EDGE_LOOP('',(#7954,#7955,#7956,#7957));
#803=EDGE_LOOP('',(#7958,#7959,#7960,#7961));
#804=EDGE_LOOP('',(#7962,#7963,#7964,#7965));
#805=EDGE_LOOP('',(#7966,#7967,#7968,#7969,#7970,#7971));
#806=EDGE_LOOP('',(#7972,#7973,#7974,#7975));
#807=EDGE_LOOP('',(#7976,#7977,#7978,#7979));
#808=EDGE_LOOP('',(#7980,#7981,#7982,#7983));
#809=EDGE_LOOP('',(#7984,#7985,#7986,#7987,#7988,#7989));
#810=EDGE_LOOP('',(#7990,#7991,#7992,#7993));
#811=EDGE_LOOP('',(#7994,#7995,#7996,#7997));
#812=EDGE_LOOP('',(#7998,#7999,#8000,#8001));
#813=EDGE_LOOP('',(#8002,#8003,#8004,#8005,#8006,#8007));
#814=EDGE_LOOP('',(#8008,#8009,#8010,#8011));
#815=EDGE_LOOP('',(#8012,#8013,#8014,#8015));
#816=EDGE_LOOP('',(#8016,#8017,#8018,#8019));
#817=EDGE_LOOP('',(#8020,#8021,#8022,#8023,#8024,#8025));
#818=EDGE_LOOP('',(#8026,#8027,#8028,#8029));
#819=EDGE_LOOP('',(#8030,#8031,#8032,#8033));
#820=EDGE_LOOP('',(#8034,#8035,#8036,#8037));
#821=EDGE_LOOP('',(#8038,#8039,#8040,#8041,#8042,#8043));
#822=EDGE_LOOP('',(#8044,#8045,#8046,#8047));
#823=EDGE_LOOP('',(#8048,#8049,#8050,#8051));
#824=EDGE_LOOP('',(#8052,#8053,#8054,#8055));
#825=EDGE_LOOP('',(#8056,#8057,#8058,#8059,#8060,#8061));
#826=EDGE_LOOP('',(#8062,#8063,#8064,#8065));
#827=EDGE_LOOP('',(#8066,#8067,#8068,#8069));
#828=EDGE_LOOP('',(#8070,#8071,#8072,#8073));
#829=EDGE_LOOP('',(#8074,#8075,#8076,#8077,#8078,#8079));
#830=EDGE_LOOP('',(#8080,#8081,#8082,#8083));
#831=EDGE_LOOP('',(#8084,#8085,#8086,#8087));
#832=EDGE_LOOP('',(#8088,#8089,#8090,#8091));
#833=EDGE_LOOP('',(#8092,#8093,#8094,#8095,#8096,#8097));
#834=EDGE_LOOP('',(#8098,#8099,#8100,#8101));
#835=EDGE_LOOP('',(#8102,#8103,#8104,#8105));
#836=EDGE_LOOP('',(#8106,#8107,#8108,#8109));
#837=EDGE_LOOP('',(#8110,#8111,#8112,#8113,#8114,#8115));
#838=EDGE_LOOP('',(#8116,#8117,#8118,#8119));
#839=EDGE_LOOP('',(#8120,#8121,#8122,#8123));
#840=EDGE_LOOP('',(#8124,#8125,#8126,#8127));
#841=EDGE_LOOP('',(#8128,#8129,#8130,#8131,#8132,#8133));
#842=EDGE_LOOP('',(#8134,#8135,#8136,#8137));
#843=EDGE_LOOP('',(#8138,#8139,#8140,#8141));
#844=EDGE_LOOP('',(#8142,#8143,#8144,#8145));
#845=EDGE_LOOP('',(#8146,#8147,#8148,#8149,#8150,#8151));
#846=EDGE_LOOP('',(#8152,#8153,#8154,#8155));
#847=EDGE_LOOP('',(#8156,#8157,#8158,#8159));
#848=EDGE_LOOP('',(#8160,#8161,#8162,#8163));
#849=EDGE_LOOP('',(#8164,#8165,#8166,#8167));
#850=EDGE_LOOP('',(#8168,#8169,#8170,#8171,#8172,#8173));
#851=EDGE_LOOP('',(#8174,#8175,#8176,#8177));
#852=EDGE_LOOP('',(#8178,#8179,#8180,#8181));
#853=EDGE_LOOP('',(#8182,#8183,#8184,#8185));
#854=EDGE_LOOP('',(#8186,#8187,#8188,#8189));
#855=EDGE_LOOP('',(#8190,#8191,#8192,#8193,#8194,#8195));
#856=EDGE_LOOP('',(#8196,#8197,#8198,#8199));
#857=EDGE_LOOP('',(#8200,#8201,#8202,#8203));
#858=EDGE_LOOP('',(#8204,#8205,#8206,#8207));
#859=EDGE_LOOP('',(#8208,#8209,#8210,#8211));
#860=EDGE_LOOP('',(#8212,#8213,#8214,#8215,#8216,#8217));
#861=EDGE_LOOP('',(#8218,#8219,#8220,#8221));
#862=EDGE_LOOP('',(#8222,#8223,#8224,#8225));
#863=EDGE_LOOP('',(#8226,#8227,#8228,#8229));
#864=EDGE_LOOP('',(#8230,#8231,#8232,#8233));
#865=EDGE_LOOP('',(#8234,#8235,#8236,#8237,#8238,#8239));
#866=EDGE_LOOP('',(#8240,#8241,#8242,#8243));
#867=EDGE_LOOP('',(#8244,#8245,#8246,#8247));
#868=EDGE_LOOP('',(#8248,#8249,#8250,#8251));
#869=EDGE_LOOP('',(#8252,#8253,#8254,#8255));
#870=EDGE_LOOP('',(#8256,#8257,#8258,#8259,#8260,#8261));
#871=EDGE_LOOP('',(#8262,#8263,#8264,#8265,#8266,#8267));
#872=EDGE_LOOP('',(#8268,#8269,#8270,#8271,#8272));
#873=EDGE_LOOP('',(#8273,#8274,#8275,#8276,#8277,#8278));
#874=EDGE_LOOP('',(#8279,#8280,#8281,#8282,#8283,#8284,#8285,#8286,#8287,
#8288,#8289,#8290));
#875=EDGE_LOOP('',(#8291,#8292,#8293,#8294));
#876=EDGE_LOOP('',(#8295,#8296,#8297,#8298));
#877=EDGE_LOOP('',(#8299,#8300,#8301,#8302,#8303,#8304,#8305,#8306,#8307,
#8308));
#878=EDGE_LOOP('',(#8309,#8310,#8311,#8312,#8313));
#879=EDGE_LOOP('',(#8314,#8315,#8316,#8317,#8318,#8319));
#880=EDGE_LOOP('',(#8320,#8321,#8322,#8323,#8324));
#881=EDGE_LOOP('',(#8325,#8326,#8327,#8328,#8329,#8330));
#882=EDGE_LOOP('',(#8331,#8332,#8333,#8334,#8335,#8336,#8337,#8338,#8339,
#8340,#8341,#8342));
#883=EDGE_LOOP('',(#8343,#8344,#8345,#8346));
#884=EDGE_LOOP('',(#8347,#8348,#8349,#8350));
#885=EDGE_LOOP('',(#8351,#8352,#8353,#8354,#8355,#8356,#8357,#8358,#8359,
#8360));
#886=EDGE_LOOP('',(#8361,#8362,#8363,#8364,#8365));
#887=EDGE_LOOP('',(#8366,#8367,#8368,#8369,#8370,#8371));
#888=EDGE_LOOP('',(#8372,#8373,#8374,#8375,#8376));
#889=EDGE_LOOP('',(#8377,#8378,#8379,#8380,#8381,#8382));
#890=EDGE_LOOP('',(#8383,#8384,#8385,#8386,#8387,#8388,#8389,#8390,#8391,
#8392,#8393,#8394));
#891=EDGE_LOOP('',(#8395,#8396,#8397,#8398));
#892=EDGE_LOOP('',(#8399,#8400,#8401,#8402));
#893=EDGE_LOOP('',(#8403,#8404,#8405,#8406,#8407,#8408,#8409,#8410,#8411,
#8412));
#894=EDGE_LOOP('',(#8413,#8414,#8415,#8416,#8417));
#895=EDGE_LOOP('',(#8418,#8419,#8420,#8421,#8422,#8423));
#896=EDGE_LOOP('',(#8424,#8425,#8426,#8427,#8428));
#897=EDGE_LOOP('',(#8429,#8430,#8431,#8432,#8433,#8434));
#898=EDGE_LOOP('',(#8435,#8436,#8437,#8438,#8439,#8440,#8441,#8442,#8443,
#8444,#8445,#8446));
#899=EDGE_LOOP('',(#8447,#8448,#8449,#8450));
#900=EDGE_LOOP('',(#8451,#8452,#8453,#8454));
#901=EDGE_LOOP('',(#8455,#8456,#8457,#8458,#8459,#8460,#8461,#8462,#8463,
#8464));
#902=EDGE_LOOP('',(#8465,#8466,#8467,#8468,#8469));
#903=EDGE_LOOP('',(#8470,#8471,#8472,#8473,#8474,#8475));
#904=EDGE_LOOP('',(#8476,#8477,#8478,#8479,#8480));
#905=EDGE_LOOP('',(#8481,#8482,#8483,#8484,#8485,#8486));
#906=EDGE_LOOP('',(#8487,#8488,#8489,#8490,#8491,#8492,#8493,#8494,#8495,
#8496,#8497,#8498));
#907=EDGE_LOOP('',(#8499,#8500,#8501,#8502));
#908=EDGE_LOOP('',(#8503,#8504,#8505,#8506));
#909=EDGE_LOOP('',(#8507,#8508,#8509,#8510,#8511,#8512,#8513,#8514,#8515,
#8516));
#910=EDGE_LOOP('',(#8517,#8518,#8519,#8520,#8521));
#911=EDGE_LOOP('',(#8522,#8523,#8524,#8525,#8526,#8527));
#912=EDGE_LOOP('',(#8528,#8529,#8530,#8531,#8532));
#913=EDGE_LOOP('',(#8533,#8534,#8535,#8536,#8537,#8538));
#914=EDGE_LOOP('',(#8539,#8540,#8541,#8542,#8543,#8544,#8545,#8546,#8547,
#8548,#8549,#8550));
#915=EDGE_LOOP('',(#8551,#8552,#8553,#8554));
#916=EDGE_LOOP('',(#8555,#8556,#8557,#8558));
#917=EDGE_LOOP('',(#8559,#8560,#8561,#8562,#8563,#8564,#8565,#8566,#8567,
#8568));
#918=EDGE_LOOP('',(#8569,#8570,#8571,#8572,#8573));
#919=EDGE_LOOP('',(#8574,#8575,#8576,#8577,#8578,#8579));
#920=EDGE_LOOP('',(#8580,#8581,#8582,#8583,#8584));
#921=EDGE_LOOP('',(#8585,#8586,#8587,#8588,#8589,#8590));
#922=EDGE_LOOP('',(#8591,#8592,#8593,#8594,#8595,#8596,#8597,#8598,#8599,
#8600,#8601,#8602));
#923=EDGE_LOOP('',(#8603,#8604,#8605,#8606));
#924=EDGE_LOOP('',(#8607,#8608,#8609,#8610));
#925=EDGE_LOOP('',(#8611,#8612,#8613,#8614,#8615,#8616,#8617,#8618,#8619,
#8620));
#926=EDGE_LOOP('',(#8621,#8622,#8623,#8624,#8625));
#927=EDGE_LOOP('',(#8626,#8627,#8628,#8629,#8630,#8631));
#928=EDGE_LOOP('',(#8632,#8633,#8634,#8635,#8636));
#929=EDGE_LOOP('',(#8637,#8638,#8639,#8640,#8641,#8642));
#930=EDGE_LOOP('',(#8643,#8644,#8645,#8646,#8647,#8648,#8649,#8650,#8651,
#8652,#8653,#8654));
#931=EDGE_LOOP('',(#8655,#8656,#8657,#8658));
#932=EDGE_LOOP('',(#8659,#8660,#8661,#8662));
#933=EDGE_LOOP('',(#8663,#8664,#8665,#8666,#8667,#8668,#8669,#8670,#8671,
#8672));
#934=EDGE_LOOP('',(#8673,#8674,#8675,#8676,#8677));
#935=EDGE_LOOP('',(#8678,#8679,#8680,#8681,#8682,#8683));
#936=EDGE_LOOP('',(#8684,#8685,#8686,#8687,#8688));
#937=EDGE_LOOP('',(#8689,#8690,#8691,#8692,#8693,#8694));
#938=EDGE_LOOP('',(#8695,#8696,#8697,#8698,#8699,#8700,#8701,#8702,#8703,
#8704,#8705,#8706));
#939=EDGE_LOOP('',(#8707,#8708,#8709,#8710));
#940=EDGE_LOOP('',(#8711,#8712,#8713,#8714));
#941=EDGE_LOOP('',(#8715,#8716,#8717,#8718,#8719,#8720,#8721,#8722,#8723,
#8724));
#942=EDGE_LOOP('',(#8725,#8726,#8727,#8728,#8729));
#943=EDGE_LOOP('',(#8730,#8731,#8732,#8733,#8734,#8735));
#944=EDGE_LOOP('',(#8736,#8737,#8738,#8739,#8740));
#945=EDGE_LOOP('',(#8741,#8742,#8743,#8744,#8745,#8746));
#946=EDGE_LOOP('',(#8747,#8748,#8749,#8750,#8751,#8752,#8753,#8754,#8755,
#8756,#8757,#8758));
#947=EDGE_LOOP('',(#8759,#8760,#8761,#8762,#8763,#8764,#8765,#8766,#8767,
#8768));
#948=EDGE_LOOP('',(#8769,#8770,#8771,#8772,#8773));
#949=EDGE_LOOP('',(#8774,#8775,#8776,#8777));
#950=EDGE_LOOP('',(#8778,#8779,#8780,#8781,#8782,#8783));
#951=EDGE_LOOP('',(#8784,#8785,#8786,#8787));
#952=EDGE_LOOP('',(#8788,#8789,#8790,#8791));
#953=EDGE_LOOP('',(#8792,#8793,#8794,#8795,#8796,#8797));
#954=EDGE_LOOP('',(#8798,#8799,#8800,#8801));
#955=EDGE_LOOP('',(#8802,#8803,#8804,#8805));
#956=EDGE_LOOP('',(#8806,#8807,#8808,#8809));
#957=EDGE_LOOP('',(#8810,#8811,#8812,#8813,#8814,#8815));
#958=EDGE_LOOP('',(#8816,#8817,#8818,#8819));
#959=EDGE_LOOP('',(#8820,#8821,#8822,#8823));
#960=EDGE_LOOP('',(#8824,#8825,#8826,#8827));
#961=EDGE_LOOP('',(#8828,#8829,#8830,#8831,#8832,#8833));
#962=EDGE_LOOP('',(#8834,#8835,#8836,#8837));
#963=EDGE_LOOP('',(#8838,#8839,#8840,#8841));
#964=EDGE_LOOP('',(#8842,#8843,#8844,#8845));
#965=EDGE_LOOP('',(#8846,#8847,#8848,#8849,#8850,#8851));
#966=EDGE_LOOP('',(#8852,#8853,#8854,#8855));
#967=EDGE_LOOP('',(#8856,#8857,#8858,#8859));
#968=EDGE_LOOP('',(#8860,#8861,#8862,#8863));
#969=EDGE_LOOP('',(#8864,#8865,#8866,#8867,#8868,#8869));
#970=EDGE_LOOP('',(#8870,#8871,#8872,#8873));
#971=EDGE_LOOP('',(#8874,#8875,#8876,#8877));
#972=EDGE_LOOP('',(#8878,#8879,#8880,#8881));
#973=EDGE_LOOP('',(#8882,#8883,#8884,#8885));
#974=EDGE_LOOP('',(#8886,#8887,#8888,#8889));
#975=EDGE_LOOP('',(#8890,#8891,#8892,#8893));
#976=EDGE_LOOP('',(#8894,#8895,#8896,#8897));
#977=EDGE_LOOP('',(#8898,#8899,#8900,#8901));
#978=EDGE_LOOP('',(#8902,#8903,#8904,#8905));
#979=EDGE_LOOP('',(#8906,#8907,#8908,#8909));
#980=EDGE_LOOP('',(#8910,#8911,#8912,#8913));
#981=EDGE_LOOP('',(#8914,#8915,#8916,#8917));
#982=EDGE_LOOP('',(#8918,#8919,#8920,#8921));
#983=EDGE_LOOP('',(#8922,#8923,#8924,#8925));
#984=EDGE_LOOP('',(#8926,#8927,#8928,#8929));
#985=EDGE_LOOP('',(#8930,#8931,#8932,#8933));
#986=EDGE_LOOP('',(#8934,#8935,#8936,#8937));
#987=EDGE_LOOP('',(#8938,#8939,#8940,#8941));
#988=EDGE_LOOP('',(#8942,#8943,#8944,#8945));
#989=EDGE_LOOP('',(#8946,#8947,#8948,#8949));
#990=EDGE_LOOP('',(#8950,#8951,#8952,#8953));
#991=EDGE_LOOP('',(#8954,#8955,#8956,#8957));
#992=EDGE_LOOP('',(#8958,#8959,#8960,#8961));
#993=EDGE_LOOP('',(#8962,#8963,#8964,#8965));
#994=EDGE_LOOP('',(#8966,#8967,#8968,#8969));
#995=EDGE_LOOP('',(#8970,#8971,#8972,#8973));
#996=EDGE_LOOP('',(#8974,#8975,#8976,#8977));
#997=EDGE_LOOP('',(#8978,#8979,#8980,#8981));
#998=EDGE_LOOP('',(#8982,#8983,#8984,#8985));
#999=EDGE_LOOP('',(#8986,#8987,#8988,#8989));
#1000=EDGE_LOOP('',(#8990,#8991,#8992,#8993));
#1001=EDGE_LOOP('',(#8994,#8995,#8996,#8997));
#1002=EDGE_LOOP('',(#8998,#8999,#9000,#9001));
#1003=EDGE_LOOP('',(#9002,#9003,#9004,#9005));
#1004=EDGE_LOOP('',(#9006,#9007,#9008,#9009));
#1005=EDGE_LOOP('',(#9010,#9011,#9012,#9013));
#1006=EDGE_LOOP('',(#9014,#9015,#9016,#9017));
#1007=EDGE_LOOP('',(#9018,#9019,#9020,#9021));
#1008=EDGE_LOOP('',(#9022,#9023,#9024,#9025));
#1009=EDGE_LOOP('',(#9026,#9027,#9028,#9029));
#1010=EDGE_LOOP('',(#9030,#9031,#9032,#9033));
#1011=EDGE_LOOP('',(#9034,#9035,#9036,#9037));
#1012=EDGE_LOOP('',(#9038,#9039,#9040,#9041,#9042,#9043));
#1013=EDGE_LOOP('',(#9044,#9045,#9046,#9047));
#1014=EDGE_LOOP('',(#9048,#9049,#9050,#9051));
#1015=EDGE_LOOP('',(#9052,#9053,#9054,#9055));
#1016=EDGE_LOOP('',(#9056,#9057,#9058,#9059,#9060,#9061));
#1017=EDGE_LOOP('',(#9062,#9063,#9064,#9065));
#1018=EDGE_LOOP('',(#9066,#9067,#9068,#9069));
#1019=EDGE_LOOP('',(#9070,#9071,#9072,#9073));
#1020=EDGE_LOOP('',(#9074,#9075,#9076,#9077,#9078,#9079));
#1021=EDGE_LOOP('',(#9080,#9081,#9082,#9083));
#1022=EDGE_LOOP('',(#9084,#9085,#9086,#9087));
#1023=EDGE_LOOP('',(#9088,#9089,#9090,#9091));
#1024=EDGE_LOOP('',(#9092,#9093,#9094,#9095,#9096,#9097));
#1025=EDGE_LOOP('',(#9098,#9099,#9100,#9101));
#1026=EDGE_LOOP('',(#9102,#9103,#9104,#9105));
#1027=EDGE_LOOP('',(#9106,#9107,#9108,#9109));
#1028=EDGE_LOOP('',(#9110,#9111,#9112,#9113,#9114,#9115));
#1029=EDGE_LOOP('',(#9116,#9117,#9118,#9119));
#1030=EDGE_LOOP('',(#9120,#9121,#9122,#9123));
#1031=EDGE_LOOP('',(#9124,#9125,#9126,#9127,#9128));
#1032=EDGE_LOOP('',(#9129,#9130,#9131,#9132,#9133));
#1033=EDGE_LOOP('',(#9134,#9135,#9136,#9137,#9138,#9139,#9140,#9141));
#1034=EDGE_LOOP('',(#9142,#9143,#9144,#9145,#9146));
#1035=EDGE_LOOP('',(#9147,#9148,#9149,#9150,#9151));
#1036=EDGE_LOOP('',(#9152,#9153,#9154,#9155));
#1037=EDGE_LOOP('',(#9156,#9157,#9158,#9159,#9160));
#1038=EDGE_LOOP('',(#9161,#9162,#9163,#9164,#9165));
#1039=EDGE_LOOP('',(#9166,#9167,#9168,#9169,#9170,#9171,#9172,#9173));
#1040=EDGE_LOOP('',(#9174,#9175,#9176,#9177,#9178));
#1041=EDGE_LOOP('',(#9179,#9180,#9181,#9182,#9183));
#1042=EDGE_LOOP('',(#9184,#9185,#9186,#9187));
#1043=EDGE_LOOP('',(#9188,#9189,#9190,#9191,#9192));
#1044=EDGE_LOOP('',(#9193,#9194,#9195,#9196,#9197));
#1045=EDGE_LOOP('',(#9198,#9199,#9200,#9201,#9202,#9203,#9204,#9205));
#1046=EDGE_LOOP('',(#9206,#9207,#9208,#9209,#9210));
#1047=EDGE_LOOP('',(#9211,#9212,#9213,#9214,#9215));
#1048=EDGE_LOOP('',(#9216,#9217,#9218,#9219));
#1049=EDGE_LOOP('',(#9220,#9221,#9222,#9223,#9224));
#1050=EDGE_LOOP('',(#9225,#9226,#9227,#9228,#9229));
#1051=EDGE_LOOP('',(#9230,#9231,#9232,#9233,#9234,#9235,#9236,#9237));
#1052=EDGE_LOOP('',(#9238,#9239,#9240,#9241,#9242));
#1053=EDGE_LOOP('',(#9243,#9244,#9245,#9246,#9247));
#1054=EDGE_LOOP('',(#9248,#9249,#9250,#9251));
#1055=EDGE_LOOP('',(#9252,#9253,#9254,#9255,#9256));
#1056=EDGE_LOOP('',(#9257,#9258,#9259,#9260,#9261));
#1057=EDGE_LOOP('',(#9262,#9263,#9264,#9265,#9266,#9267,#9268,#9269));
#1058=EDGE_LOOP('',(#9270,#9271,#9272,#9273,#9274));
#1059=EDGE_LOOP('',(#9275,#9276,#9277,#9278,#9279));
#1060=EDGE_LOOP('',(#9280,#9281,#9282,#9283,#9284));
#1061=EDGE_LOOP('',(#9285,#9286,#9287,#9288,#9289));
#1062=EDGE_LOOP('',(#9290,#9291,#9292,#9293,#9294,#9295,#9296,#9297));
#1063=EDGE_LOOP('',(#9298,#9299,#9300,#9301,#9302));
#1064=EDGE_LOOP('',(#9303,#9304,#9305,#9306,#9307));
#1065=EDGE_LOOP('',(#9308,#9309,#9310,#9311));
#1066=EDGE_LOOP('',(#9312,#9313,#9314,#9315,#9316));
#1067=EDGE_LOOP('',(#9317,#9318,#9319,#9320,#9321));
#1068=EDGE_LOOP('',(#9322,#9323,#9324,#9325,#9326,#9327,#9328,#9329));
#1069=EDGE_LOOP('',(#9330,#9331,#9332,#9333,#9334));
#1070=EDGE_LOOP('',(#9335,#9336,#9337,#9338,#9339));
#1071=EDGE_LOOP('',(#9340,#9341,#9342,#9343));
#1072=EDGE_LOOP('',(#9344,#9345,#9346,#9347,#9348));
#1073=EDGE_LOOP('',(#9349,#9350,#9351,#9352,#9353));
#1074=EDGE_LOOP('',(#9354,#9355,#9356,#9357,#9358,#9359,#9360,#9361));
#1075=EDGE_LOOP('',(#9362,#9363,#9364,#9365,#9366));
#1076=EDGE_LOOP('',(#9367,#9368,#9369,#9370,#9371));
#1077=EDGE_LOOP('',(#9372,#9373,#9374,#9375));
#1078=EDGE_LOOP('',(#9376,#9377,#9378,#9379,#9380));
#1079=EDGE_LOOP('',(#9381,#9382,#9383,#9384,#9385));
#1080=EDGE_LOOP('',(#9386,#9387,#9388,#9389,#9390,#9391,#9392,#9393));
#1081=EDGE_LOOP('',(#9394,#9395,#9396,#9397,#9398));
#1082=EDGE_LOOP('',(#9399,#9400,#9401,#9402,#9403));
#1083=EDGE_LOOP('',(#9404,#9405,#9406,#9407));
#1084=EDGE_LOOP('',(#9408,#9409,#9410,#9411,#9412));
#1085=EDGE_LOOP('',(#9413,#9414,#9415,#9416,#9417));
#1086=EDGE_LOOP('',(#9418,#9419,#9420,#9421,#9422,#9423,#9424,#9425));
#1087=EDGE_LOOP('',(#9426,#9427,#9428,#9429,#9430));
#1088=EDGE_LOOP('',(#9431,#9432,#9433,#9434,#9435));
#1089=EDGE_LOOP('',(#9436,#9437,#9438,#9439));
#1090=EDGE_LOOP('',(#9440,#9441,#9442,#9443));
#1091=EDGE_LOOP('',(#9444,#9445,#9446,#9447));
#1092=EDGE_LOOP('',(#9448,#9449,#9450,#9451));
#1093=EDGE_LOOP('',(#9452,#9453,#9454,#9455));
#1094=EDGE_LOOP('',(#9456,#9457,#9458,#9459,#9460,#9461,#9462,#9463));
#1095=EDGE_LOOP('',(#9464,#9465,#9466,#9467));
#1096=EDGE_LOOP('',(#9468,#9469,#9470,#9471));
#1097=EDGE_LOOP('',(#9472,#9473,#9474,#9475,#9476));
#1098=EDGE_LOOP('',(#9477,#9478,#9479,#9480,#9481));
#1099=EDGE_LOOP('',(#9482,#9483,#9484,#9485,#9486,#9487,#9488,#9489));
#1100=EDGE_LOOP('',(#9490,#9491,#9492,#9493,#9494));
#1101=EDGE_LOOP('',(#9495,#9496,#9497,#9498,#9499));
#1102=EDGE_LOOP('',(#9500,#9501,#9502,#9503,#9504));
#1103=EDGE_LOOP('',(#9505,#9506,#9507,#9508,#9509));
#1104=EDGE_LOOP('',(#9510,#9511,#9512,#9513,#9514,#9515,#9516,#9517));
#1105=EDGE_LOOP('',(#9518,#9519,#9520,#9521,#9522));
#1106=EDGE_LOOP('',(#9523,#9524,#9525,#9526,#9527));
#1107=EDGE_LOOP('',(#9528,#9529,#9530,#9531));
#1108=EDGE_LOOP('',(#9532,#9533,#9534,#9535));
#1109=EDGE_LOOP('',(#9536,#9537,#9538,#9539));
#1110=EDGE_LOOP('',(#9540,#9541,#9542,#9543,#9544,#9545));
#1111=EDGE_LOOP('',(#9546,#9547,#9548,#9549));
#1112=EDGE_LOOP('',(#9550,#9551,#9552,#9553));
#1113=EDGE_LOOP('',(#9554,#9555,#9556,#9557));
#1114=EDGE_LOOP('',(#9558,#9559,#9560,#9561));
#1115=EDGE_LOOP('',(#9562,#9563,#9564,#9565));
#1116=EDGE_LOOP('',(#9566,#9567,#9568,#9569));
#1117=EDGE_LOOP('',(#9570,#9571,#9572,#9573));
#1118=EDGE_LOOP('',(#9574,#9575,#9576,#9577));
#1119=EDGE_LOOP('',(#9578,#9579,#9580,#9581));
#1120=EDGE_LOOP('',(#9582,#9583,#9584,#9585));
#1121=EDGE_LOOP('',(#9586,#9587,#9588,#9589,#9590,#9591));
#1122=EDGE_LOOP('',(#9592,#9593,#9594,#9595));
#1123=EDGE_LOOP('',(#9596,#9597,#9598,#9599,#9600));
#1124=EDGE_LOOP('',(#9601,#9602,#9603,#9604,#9605,#9606,#9607,#9608,#9609,
#9610));
#1125=EDGE_LOOP('',(#9611,#9612,#9613,#9614));
#1126=EDGE_LOOP('',(#9615,#9616,#9617,#9618));
#1127=EDGE_LOOP('',(#9619,#9620,#9621,#9622,#9623,#9624,#9625,#9626,#9627,
#9628,#9629,#9630));
#1128=EDGE_LOOP('',(#9631,#9632,#9633,#9634,#9635,#9636));
#1129=EDGE_LOOP('',(#9637,#9638,#9639,#9640,#9641));
#1130=EDGE_LOOP('',(#9642,#9643,#9644,#9645,#9646,#9647));
#1131=EDGE_LOOP('',(#9648,#9649,#9650,#9651,#9652));
#1132=EDGE_LOOP('',(#9653,#9654,#9655,#9656,#9657,#9658,#9659,#9660,#9661,
#9662));
#1133=EDGE_LOOP('',(#9663,#9664,#9665,#9666));
#1134=EDGE_LOOP('',(#9667,#9668,#9669,#9670));
#1135=EDGE_LOOP('',(#9671,#9672,#9673,#9674,#9675,#9676,#9677,#9678,#9679,
#9680,#9681,#9682));
#1136=EDGE_LOOP('',(#9683,#9684,#9685,#9686,#9687,#9688));
#1137=EDGE_LOOP('',(#9689,#9690,#9691,#9692,#9693));
#1138=EDGE_LOOP('',(#9694,#9695,#9696,#9697,#9698,#9699));
#1139=EDGE_LOOP('',(#9700,#9701,#9702,#9703));
#1140=EDGE_LOOP('',(#9704,#9705,#9706,#9707,#9708,#9709));
#1141=EDGE_LOOP('',(#9710,#9711,#9712,#9713));
#1142=EDGE_LOOP('',(#9714,#9715,#9716,#9717));
#1143=EDGE_LOOP('',(#9718,#9719,#9720,#9721));
#1144=EDGE_LOOP('',(#9722,#9723,#9724,#9725));
#1145=EDGE_LOOP('',(#9726,#9727,#9728,#9729,#9730,#9731));
#1146=EDGE_LOOP('',(#9732,#9733,#9734,#9735));
#1147=EDGE_LOOP('',(#9736,#9737,#9738,#9739));
#1148=EDGE_LOOP('',(#9740,#9741,#9742,#9743));
#1149=EDGE_LOOP('',(#9744,#9745,#9746,#9747,#9748,#9749));
#1150=EDGE_LOOP('',(#9750,#9751,#9752,#9753));
#1151=EDGE_LOOP('',(#9754,#9755,#9756,#9757));
#1152=EDGE_LOOP('',(#9758,#9759,#9760,#9761));
#1153=EDGE_LOOP('',(#9762,#9763,#9764,#9765,#9766,#9767));
#1154=EDGE_LOOP('',(#9768,#9769,#9770,#9771));
#1155=EDGE_LOOP('',(#9772,#9773,#9774,#9775));
#1156=EDGE_LOOP('',(#9776,#9777,#9778,#9779));
#1157=EDGE_LOOP('',(#9780,#9781,#9782,#9783));
#1158=EDGE_LOOP('',(#9784,#9785,#9786,#9787));
#1159=EDGE_LOOP('',(#9788,#9789,#9790,#9791));
#1160=EDGE_LOOP('',(#9792,#9793,#9794,#9795,#9796,#9797,#9798,#9799));
#1161=EDGE_LOOP('',(#9800,#9801,#9802,#9803));
#1162=EDGE_LOOP('',(#9804,#9805,#9806,#9807,#9808,#9809));
#1163=EDGE_LOOP('',(#9810,#9811,#9812,#9813));
#1164=EDGE_LOOP('',(#9814,#9815,#9816,#9817));
#1165=EDGE_LOOP('',(#9818,#9819,#9820,#9821,#9822,#9823));
#1166=EDGE_LOOP('',(#9824,#9825,#9826,#9827));
#1167=EDGE_LOOP('',(#9828,#9829,#9830,#9831));
#1168=EDGE_LOOP('',(#9832,#9833,#9834,#9835));
#1169=EDGE_LOOP('',(#9836,#9837,#9838,#9839));
#1170=EDGE_LOOP('',(#9840,#9841,#9842,#9843));
#1171=EDGE_LOOP('',(#9844,#9845,#9846,#9847));
#1172=EDGE_LOOP('',(#9848,#9849,#9850,#9851));
#1173=EDGE_LOOP('',(#9852,#9853,#9854,#9855,#9856,#9857,#9858,#9859));
#1174=EDGE_LOOP('',(#9860,#9861,#9862,#9863));
#1175=EDGE_LOOP('',(#9864,#9865,#9866,#9867,#9868,#9869));
#1176=EDGE_LOOP('',(#9870,#9871,#9872,#9873));
#1177=EDGE_LOOP('',(#9874,#9875,#9876,#9877));
#1178=EDGE_LOOP('',(#9878,#9879,#9880,#9881,#9882,#9883));
#1179=EDGE_LOOP('',(#9884,#9885,#9886,#9887));
#1180=EDGE_LOOP('',(#9888,#9889,#9890,#9891));
#1181=EDGE_LOOP('',(#9892,#9893,#9894,#9895));
#1182=EDGE_LOOP('',(#9896,#9897,#9898,#9899));
#1183=EDGE_LOOP('',(#9900,#9901,#9902,#9903));
#1184=EDGE_LOOP('',(#9904,#9905,#9906,#9907));
#1185=EDGE_LOOP('',(#9908,#9909,#9910,#9911,#9912,#9913,#9914,#9915,#9916,
#9917,#9918,#9919,#9920,#9921,#9922,#9923,#9924,#9925,#9926,#9927,#9928,
#9929,#9930,#9931,#9932,#9933,#9934,#9935,#9936,#9937,#9938,#9939));
#1186=EDGE_LOOP('',(#9940,#9941,#9942,#9943));
#1187=EDGE_LOOP('',(#9944,#9945,#9946,#9947));
#1188=EDGE_LOOP('',(#9948,#9949,#9950,#9951));
#1189=EDGE_LOOP('',(#9952,#9953,#9954,#9955));
#1190=EDGE_LOOP('',(#9956,#9957,#9958,#9959));
#1191=EDGE_LOOP('',(#9960,#9961,#9962,#9963));
#1192=EDGE_LOOP('',(#9964,#9965,#9966,#9967));
#1193=EDGE_LOOP('',(#9968,#9969,#9970,#9971));
#1194=EDGE_LOOP('',(#9972,#9973,#9974,#9975));
#1195=EDGE_LOOP('',(#9976,#9977,#9978,#9979));
#1196=EDGE_LOOP('',(#9980,#9981,#9982,#9983));
#1197=EDGE_LOOP('',(#9984,#9985,#9986,#9987));
#1198=EDGE_LOOP('',(#9988,#9989,#9990,#9991));
#1199=EDGE_LOOP('',(#9992,#9993,#9994,#9995));
#1200=EDGE_LOOP('',(#9996,#9997,#9998,#9999));
#1201=EDGE_LOOP('',(#10000,#10001,#10002,#10003,#10004,#10005,#10006,#10007,
#10008,#10009,#10010,#10011,#10012,#10013,#10014,#10015,#10016,#10017,#10018,
#10019,#10020,#10021,#10022,#10023,#10024,#10025,#10026,#10027,#10028,#10029,
#10030,#10031,#10032,#10033,#10034,#10035,#10036,#10037,#10038,#10039,#10040,
#10041,#10042,#10043,#10044,#10045,#10046,#10047,#10048,#10049,#10050,#10051,
#10052,#10053,#10054,#10055,#10056,#10057,#10058,#10059,#10060,#10061,#10062,
#10063,#10064,#10065,#10066,#10067,#10068,#10069,#10070,#10071,#10072,#10073,
#10074,#10075,#10076,#10077,#10078,#10079,#10080,#10081,#10082,#10083,#10084,
#10085,#10086,#10087,#10088,#10089,#10090,#10091,#10092,#10093,#10094,#10095,
#10096,#10097,#10098,#10099,#10100,#10101,#10102,#10103,#10104,#10105,#10106,
#10107,#10108,#10109,#10110,#10111,#10112,#10113,#10114,#10115));
#1202=EDGE_LOOP('',(#10116,#10117,#10118,#10119,#10120,#10121,#10122,#10123,
#10124,#10125,#10126,#10127,#10128,#10129,#10130,#10131,#10132,#10133,#10134,
#10135,#10136,#10137,#10138,#10139,#10140,#10141,#10142,#10143,#10144,#10145,
#10146,#10147));
#1203=EDGE_LOOP('',(#10148,#10149,#10150,#10151,#10152));
#1204=EDGE_LOOP('',(#10153,#10154,#10155,#10156,#10157));
#1205=EDGE_LOOP('',(#10158,#10159,#10160,#10161,#10162,#10163,#10164,#10165));
#1206=EDGE_LOOP('',(#10166,#10167,#10168,#10169,#10170));
#1207=EDGE_LOOP('',(#10171,#10172,#10173,#10174,#10175));
#1208=EDGE_LOOP('',(#10176,#10177,#10178,#10179));
#1209=EDGE_LOOP('',(#10180,#10181,#10182,#10183,#10184,#10185,#10186,#10187));
#1210=EDGE_LOOP('',(#10188,#10189,#10190,#10191));
#1211=EDGE_LOOP('',(#10192,#10193,#10194,#10195,#10196));
#1212=EDGE_LOOP('',(#10197,#10198,#10199,#10200,#10201));
#1213=EDGE_LOOP('',(#10202,#10203,#10204,#10205,#10206,#10207,#10208,#10209));
#1214=EDGE_LOOP('',(#10210,#10211,#10212,#10213,#10214));
#1215=EDGE_LOOP('',(#10215,#10216,#10217,#10218,#10219));
#1216=EDGE_LOOP('',(#10220,#10221,#10222,#10223));
#1217=EDGE_LOOP('',(#10224,#10225,#10226,#10227));
#1218=EDGE_LOOP('',(#10228,#10229,#10230,#10231));
#1219=EDGE_LOOP('',(#10232,#10233,#10234,#10235,#10236,#10237));
#1220=EDGE_LOOP('',(#10238,#10239,#10240,#10241));
#1221=EDGE_LOOP('',(#10242,#10243,#10244,#10245));
#1222=EDGE_LOOP('',(#10246,#10247,#10248,#10249));
#1223=EDGE_LOOP('',(#10250,#10251,#10252,#10253));
#1224=EDGE_LOOP('',(#10254,#10255,#10256,#10257));
#1225=EDGE_LOOP('',(#10258,#10259,#10260,#10261));
#1226=EDGE_LOOP('',(#10262,#10263,#10264,#10265));
#1227=EDGE_LOOP('',(#10266,#10267,#10268,#10269));
#1228=EDGE_LOOP('',(#10270,#10271,#10272,#10273));
#1229=EDGE_LOOP('',(#10274,#10275,#10276,#10277));
#1230=EDGE_LOOP('',(#10278,#10279,#10280,#10281));
#1231=EDGE_LOOP('',(#10282,#10283,#10284,#10285));
#1232=EDGE_LOOP('',(#10286,#10287,#10288,#10289,#10290,#10291));
#1233=EDGE_LOOP('',(#10292,#10293,#10294,#10295));
#1234=EDGE_LOOP('',(#10296,#10297,#10298,#10299,#10300));
#1235=EDGE_LOOP('',(#10301,#10302,#10303,#10304,#10305,#10306,#10307,#10308,
#10309,#10310));
#1236=EDGE_LOOP('',(#10311,#10312,#10313,#10314));
#1237=EDGE_LOOP('',(#10315,#10316,#10317,#10318));
#1238=EDGE_LOOP('',(#10319,#10320,#10321,#10322,#10323,#10324,#10325,#10326,
#10327,#10328,#10329,#10330));
#1239=EDGE_LOOP('',(#10331,#10332,#10333,#10334,#10335,#10336));
#1240=EDGE_LOOP('',(#10337,#10338,#10339,#10340,#10341));
#1241=EDGE_LOOP('',(#10342,#10343,#10344,#10345,#10346,#10347));
#1242=EDGE_LOOP('',(#10348,#10349,#10350,#10351,#10352));
#1243=EDGE_LOOP('',(#10353,#10354,#10355,#10356,#10357,#10358,#10359,#10360,
#10361,#10362));
#1244=EDGE_LOOP('',(#10363,#10364,#10365,#10366));
#1245=EDGE_LOOP('',(#10367,#10368,#10369,#10370));
#1246=EDGE_LOOP('',(#10371,#10372,#10373,#10374,#10375,#10376,#10377,#10378,
#10379,#10380,#10381,#10382));
#1247=EDGE_LOOP('',(#10383,#10384,#10385,#10386,#10387,#10388));
#1248=EDGE_LOOP('',(#10389,#10390,#10391,#10392,#10393));
#1249=EDGE_LOOP('',(#10394,#10395,#10396,#10397,#10398,#10399));
#1250=EDGE_LOOP('',(#10400,#10401,#10402,#10403));
#1251=EDGE_LOOP('',(#10404,#10405,#10406,#10407,#10408,#10409));
#1252=EDGE_LOOP('',(#10410,#10411,#10412,#10413));
#1253=EDGE_LOOP('',(#10414,#10415,#10416,#10417));
#1254=EDGE_LOOP('',(#10418,#10419,#10420,#10421));
#1255=EDGE_LOOP('',(#10422,#10423,#10424,#10425));
#1256=EDGE_LOOP('',(#10426,#10427,#10428,#10429,#10430,#10431));
#1257=EDGE_LOOP('',(#10432,#10433,#10434,#10435));
#1258=EDGE_LOOP('',(#10436,#10437,#10438,#10439));
#1259=EDGE_LOOP('',(#10440,#10441,#10442,#10443));
#1260=EDGE_LOOP('',(#10444,#10445,#10446,#10447,#10448,#10449));
#1261=EDGE_LOOP('',(#10450,#10451,#10452,#10453));
#1262=EDGE_LOOP('',(#10454,#10455,#10456,#10457));
#1263=EDGE_LOOP('',(#10458,#10459,#10460,#10461));
#1264=EDGE_LOOP('',(#10462,#10463,#10464,#10465,#10466,#10467));
#1265=EDGE_LOOP('',(#10468,#10469,#10470,#10471));
#1266=EDGE_LOOP('',(#10472,#10473,#10474,#10475));
#1267=EDGE_LOOP('',(#10476,#10477,#10478,#10479));
#1268=EDGE_LOOP('',(#10480,#10481,#10482,#10483));
#1269=EDGE_LOOP('',(#10484,#10485,#10486,#10487));
#1270=EDGE_LOOP('',(#10488,#10489,#10490,#10491));
#1271=EDGE_LOOP('',(#10492,#10493,#10494,#10495,#10496,#10497,#10498,#10499));
#1272=EDGE_LOOP('',(#10500,#10501,#10502,#10503));
#1273=EDGE_LOOP('',(#10504,#10505,#10506,#10507,#10508,#10509));
#1274=EDGE_LOOP('',(#10510,#10511,#10512,#10513));
#1275=EDGE_LOOP('',(#10514,#10515,#10516,#10517));
#1276=EDGE_LOOP('',(#10518,#10519,#10520,#10521,#10522,#10523));
#1277=EDGE_LOOP('',(#10524,#10525,#10526,#10527));
#1278=EDGE_LOOP('',(#10528,#10529,#10530,#10531));
#1279=EDGE_LOOP('',(#10532,#10533,#10534,#10535));
#1280=EDGE_LOOP('',(#10536,#10537,#10538,#10539));
#1281=EDGE_LOOP('',(#10540,#10541,#10542,#10543));
#1282=EDGE_LOOP('',(#10544,#10545,#10546,#10547));
#1283=EDGE_LOOP('',(#10548,#10549,#10550,#10551));
#1284=EDGE_LOOP('',(#10552,#10553,#10554,#10555,#10556,#10557,#10558,#10559));
#1285=EDGE_LOOP('',(#10560,#10561,#10562,#10563));
#1286=EDGE_LOOP('',(#10564,#10565,#10566,#10567,#10568,#10569));
#1287=EDGE_LOOP('',(#10570,#10571,#10572,#10573));
#1288=EDGE_LOOP('',(#10574,#10575,#10576,#10577));
#1289=EDGE_LOOP('',(#10578,#10579,#10580,#10581,#10582,#10583));
#1290=EDGE_LOOP('',(#10584,#10585,#10586,#10587));
#1291=EDGE_LOOP('',(#10588,#10589,#10590,#10591));
#1292=EDGE_LOOP('',(#10592,#10593,#10594,#10595));
#1293=EDGE_LOOP('',(#10596,#10597,#10598,#10599));
#1294=LINE('',#15749,#2956);
#1295=LINE('',#15751,#2957);
#1296=LINE('',#15753,#2958);
#1297=LINE('',#15754,#2959);
#1298=LINE('',#15758,#2960);
#1299=LINE('',#15760,#2961);
#1300=LINE('',#15762,#2962);
#1301=LINE('',#15763,#2963);
#1302=LINE('',#15767,#2964);
#1303=LINE('',#15769,#2965);
#1304=LINE('',#15771,#2966);
#1305=LINE('',#15772,#2967);
#1306=LINE('',#15776,#2968);
#1307=LINE('',#15778,#2969);
#1308=LINE('',#15780,#2970);
#1309=LINE('',#15781,#2971);
#1310=LINE('',#15784,#2972);
#1311=LINE('',#15786,#2973);
#1312=LINE('',#15788,#2974);
#1313=LINE('',#15790,#2975);
#1314=LINE('',#15791,#2976);
#1315=LINE('',#15795,#2977);
#1316=LINE('',#15797,#2978);
#1317=LINE('',#15799,#2979);
#1318=LINE('',#15800,#2980);
#1319=LINE('',#15803,#2981);
#1320=LINE('',#15805,#2982);
#1321=LINE('',#15806,#2983);
#1322=LINE('',#15808,#2984);
#1323=LINE('',#15810,#2985);
#1324=LINE('',#15811,#2986);
#1325=LINE('',#15814,#2987);
#1326=LINE('',#15815,#2988);
#1327=LINE('',#15818,#2989);
#1328=LINE('',#15819,#2990);
#1329=LINE('',#15820,#2991);
#1330=LINE('',#15821,#2992);
#1331=LINE('',#15823,#2993);
#1332=LINE('',#15827,#2994);
#1333=LINE('',#15828,#2995);
#1334=LINE('',#15829,#2996);
#1335=LINE('',#15832,#2997);
#1336=LINE('',#15833,#2998);
#1337=LINE('',#15837,#2999);
#1338=LINE('',#15839,#3000);
#1339=LINE('',#15841,#3001);
#1340=LINE('',#15842,#3002);
#1341=LINE('',#15846,#3003);
#1342=LINE('',#15848,#3004);
#1343=LINE('',#15850,#3005);
#1344=LINE('',#15851,#3006);
#1345=LINE('',#15855,#3007);
#1346=LINE('',#15857,#3008);
#1347=LINE('',#15859,#3009);
#1348=LINE('',#15860,#3010);
#1349=LINE('',#15864,#3011);
#1350=LINE('',#15866,#3012);
#1351=LINE('',#15868,#3013);
#1352=LINE('',#15869,#3014);
#1353=LINE('',#15872,#3015);
#1354=LINE('',#15874,#3016);
#1355=LINE('',#15876,#3017);
#1356=LINE('',#15878,#3018);
#1357=LINE('',#15879,#3019);
#1358=LINE('',#15883,#3020);
#1359=LINE('',#15885,#3021);
#1360=LINE('',#15887,#3022);
#1361=LINE('',#15888,#3023);
#1362=LINE('',#15891,#3024);
#1363=LINE('',#15893,#3025);
#1364=LINE('',#15894,#3026);
#1365=LINE('',#15896,#3027);
#1366=LINE('',#15898,#3028);
#1367=LINE('',#15899,#3029);
#1368=LINE('',#15902,#3030);
#1369=LINE('',#15903,#3031);
#1370=LINE('',#15906,#3032);
#1371=LINE('',#15907,#3033);
#1372=LINE('',#15908,#3034);
#1373=LINE('',#15909,#3035);
#1374=LINE('',#15911,#3036);
#1375=LINE('',#15915,#3037);
#1376=LINE('',#15916,#3038);
#1377=LINE('',#15917,#3039);
#1378=LINE('',#15920,#3040);
#1379=LINE('',#15921,#3041);
#1380=LINE('',#15925,#3042);
#1381=LINE('',#15927,#3043);
#1382=LINE('',#15929,#3044);
#1383=LINE('',#15930,#3045);
#1384=LINE('',#15934,#3046);
#1385=LINE('',#15936,#3047);
#1386=LINE('',#15938,#3048);
#1387=LINE('',#15939,#3049);
#1388=LINE('',#15943,#3050);
#1389=LINE('',#15945,#3051);
#1390=LINE('',#15947,#3052);
#1391=LINE('',#15948,#3053);
#1392=LINE('',#15952,#3054);
#1393=LINE('',#15954,#3055);
#1394=LINE('',#15956,#3056);
#1395=LINE('',#15957,#3057);
#1396=LINE('',#15960,#3058);
#1397=LINE('',#15962,#3059);
#1398=LINE('',#15964,#3060);
#1399=LINE('',#15966,#3061);
#1400=LINE('',#15967,#3062);
#1401=LINE('',#15971,#3063);
#1402=LINE('',#15973,#3064);
#1403=LINE('',#15975,#3065);
#1404=LINE('',#15976,#3066);
#1405=LINE('',#15979,#3067);
#1406=LINE('',#15981,#3068);
#1407=LINE('',#15982,#3069);
#1408=LINE('',#15984,#3070);
#1409=LINE('',#15986,#3071);
#1410=LINE('',#15987,#3072);
#1411=LINE('',#15990,#3073);
#1412=LINE('',#15991,#3074);
#1413=LINE('',#15994,#3075);
#1414=LINE('',#15995,#3076);
#1415=LINE('',#15996,#3077);
#1416=LINE('',#15997,#3078);
#1417=LINE('',#15999,#3079);
#1418=LINE('',#16003,#3080);
#1419=LINE('',#16004,#3081);
#1420=LINE('',#16005,#3082);
#1421=LINE('',#16008,#3083);
#1422=LINE('',#16009,#3084);
#1423=LINE('',#16013,#3085);
#1424=LINE('',#16015,#3086);
#1425=LINE('',#16017,#3087);
#1426=LINE('',#16018,#3088);
#1427=LINE('',#16022,#3089);
#1428=LINE('',#16024,#3090);
#1429=LINE('',#16026,#3091);
#1430=LINE('',#16027,#3092);
#1431=LINE('',#16031,#3093);
#1432=LINE('',#16033,#3094);
#1433=LINE('',#16035,#3095);
#1434=LINE('',#16036,#3096);
#1435=LINE('',#16040,#3097);
#1436=LINE('',#16042,#3098);
#1437=LINE('',#16044,#3099);
#1438=LINE('',#16045,#3100);
#1439=LINE('',#16048,#3101);
#1440=LINE('',#16050,#3102);
#1441=LINE('',#16052,#3103);
#1442=LINE('',#16054,#3104);
#1443=LINE('',#16055,#3105);
#1444=LINE('',#16059,#3106);
#1445=LINE('',#16061,#3107);
#1446=LINE('',#16063,#3108);
#1447=LINE('',#16064,#3109);
#1448=LINE('',#16067,#3110);
#1449=LINE('',#16069,#3111);
#1450=LINE('',#16070,#3112);
#1451=LINE('',#16072,#3113);
#1452=LINE('',#16074,#3114);
#1453=LINE('',#16075,#3115);
#1454=LINE('',#16078,#3116);
#1455=LINE('',#16079,#3117);
#1456=LINE('',#16082,#3118);
#1457=LINE('',#16083,#3119);
#1458=LINE('',#16084,#3120);
#1459=LINE('',#16085,#3121);
#1460=LINE('',#16087,#3122);
#1461=LINE('',#16091,#3123);
#1462=LINE('',#16092,#3124);
#1463=LINE('',#16093,#3125);
#1464=LINE('',#16096,#3126);
#1465=LINE('',#16097,#3127);
#1466=LINE('',#16101,#3128);
#1467=LINE('',#16103,#3129);
#1468=LINE('',#16105,#3130);
#1469=LINE('',#16106,#3131);
#1470=LINE('',#16110,#3132);
#1471=LINE('',#16112,#3133);
#1472=LINE('',#16114,#3134);
#1473=LINE('',#16115,#3135);
#1474=LINE('',#16119,#3136);
#1475=LINE('',#16121,#3137);
#1476=LINE('',#16123,#3138);
#1477=LINE('',#16124,#3139);
#1478=LINE('',#16128,#3140);
#1479=LINE('',#16130,#3141);
#1480=LINE('',#16132,#3142);
#1481=LINE('',#16133,#3143);
#1482=LINE('',#16136,#3144);
#1483=LINE('',#16138,#3145);
#1484=LINE('',#16140,#3146);
#1485=LINE('',#16142,#3147);
#1486=LINE('',#16143,#3148);
#1487=LINE('',#16147,#3149);
#1488=LINE('',#16149,#3150);
#1489=LINE('',#16151,#3151);
#1490=LINE('',#16152,#3152);
#1491=LINE('',#16155,#3153);
#1492=LINE('',#16157,#3154);
#1493=LINE('',#16158,#3155);
#1494=LINE('',#16160,#3156);
#1495=LINE('',#16162,#3157);
#1496=LINE('',#16163,#3158);
#1497=LINE('',#16166,#3159);
#1498=LINE('',#16167,#3160);
#1499=LINE('',#16170,#3161);
#1500=LINE('',#16171,#3162);
#1501=LINE('',#16172,#3163);
#1502=LINE('',#16173,#3164);
#1503=LINE('',#16175,#3165);
#1504=LINE('',#16179,#3166);
#1505=LINE('',#16180,#3167);
#1506=LINE('',#16181,#3168);
#1507=LINE('',#16184,#3169);
#1508=LINE('',#16185,#3170);
#1509=LINE('',#16189,#3171);
#1510=LINE('',#16191,#3172);
#1511=LINE('',#16193,#3173);
#1512=LINE('',#16194,#3174);
#1513=LINE('',#16198,#3175);
#1514=LINE('',#16200,#3176);
#1515=LINE('',#16202,#3177);
#1516=LINE('',#16203,#3178);
#1517=LINE('',#16207,#3179);
#1518=LINE('',#16209,#3180);
#1519=LINE('',#16211,#3181);
#1520=LINE('',#16212,#3182);
#1521=LINE('',#16216,#3183);
#1522=LINE('',#16218,#3184);
#1523=LINE('',#16220,#3185);
#1524=LINE('',#16221,#3186);
#1525=LINE('',#16224,#3187);
#1526=LINE('',#16226,#3188);
#1527=LINE('',#16228,#3189);
#1528=LINE('',#16230,#3190);
#1529=LINE('',#16231,#3191);
#1530=LINE('',#16235,#3192);
#1531=LINE('',#16237,#3193);
#1532=LINE('',#16239,#3194);
#1533=LINE('',#16240,#3195);
#1534=LINE('',#16243,#3196);
#1535=LINE('',#16245,#3197);
#1536=LINE('',#16246,#3198);
#1537=LINE('',#16248,#3199);
#1538=LINE('',#16250,#3200);
#1539=LINE('',#16251,#3201);
#1540=LINE('',#16254,#3202);
#1541=LINE('',#16255,#3203);
#1542=LINE('',#16258,#3204);
#1543=LINE('',#16259,#3205);
#1544=LINE('',#16260,#3206);
#1545=LINE('',#16261,#3207);
#1546=LINE('',#16263,#3208);
#1547=LINE('',#16267,#3209);
#1548=LINE('',#16268,#3210);
#1549=LINE('',#16269,#3211);
#1550=LINE('',#16272,#3212);
#1551=LINE('',#16273,#3213);
#1552=LINE('',#16277,#3214);
#1553=LINE('',#16279,#3215);
#1554=LINE('',#16281,#3216);
#1555=LINE('',#16282,#3217);
#1556=LINE('',#16286,#3218);
#1557=LINE('',#16288,#3219);
#1558=LINE('',#16290,#3220);
#1559=LINE('',#16291,#3221);
#1560=LINE('',#16295,#3222);
#1561=LINE('',#16297,#3223);
#1562=LINE('',#16299,#3224);
#1563=LINE('',#16300,#3225);
#1564=LINE('',#16304,#3226);
#1565=LINE('',#16306,#3227);
#1566=LINE('',#16308,#3228);
#1567=LINE('',#16309,#3229);
#1568=LINE('',#16312,#3230);
#1569=LINE('',#16314,#3231);
#1570=LINE('',#16316,#3232);
#1571=LINE('',#16318,#3233);
#1572=LINE('',#16319,#3234);
#1573=LINE('',#16323,#3235);
#1574=LINE('',#16325,#3236);
#1575=LINE('',#16327,#3237);
#1576=LINE('',#16328,#3238);
#1577=LINE('',#16331,#3239);
#1578=LINE('',#16333,#3240);
#1579=LINE('',#16334,#3241);
#1580=LINE('',#16336,#3242);
#1581=LINE('',#16338,#3243);
#1582=LINE('',#16339,#3244);
#1583=LINE('',#16342,#3245);
#1584=LINE('',#16343,#3246);
#1585=LINE('',#16346,#3247);
#1586=LINE('',#16347,#3248);
#1587=LINE('',#16348,#3249);
#1588=LINE('',#16349,#3250);
#1589=LINE('',#16351,#3251);
#1590=LINE('',#16355,#3252);
#1591=LINE('',#16356,#3253);
#1592=LINE('',#16357,#3254);
#1593=LINE('',#16360,#3255);
#1594=LINE('',#16361,#3256);
#1595=LINE('',#16365,#3257);
#1596=LINE('',#16367,#3258);
#1597=LINE('',#16369,#3259);
#1598=LINE('',#16370,#3260);
#1599=LINE('',#16374,#3261);
#1600=LINE('',#16376,#3262);
#1601=LINE('',#16378,#3263);
#1602=LINE('',#16379,#3264);
#1603=LINE('',#16383,#3265);
#1604=LINE('',#16385,#3266);
#1605=LINE('',#16387,#3267);
#1606=LINE('',#16388,#3268);
#1607=LINE('',#16392,#3269);
#1608=LINE('',#16394,#3270);
#1609=LINE('',#16396,#3271);
#1610=LINE('',#16397,#3272);
#1611=LINE('',#16400,#3273);
#1612=LINE('',#16402,#3274);
#1613=LINE('',#16404,#3275);
#1614=LINE('',#16406,#3276);
#1615=LINE('',#16407,#3277);
#1616=LINE('',#16411,#3278);
#1617=LINE('',#16413,#3279);
#1618=LINE('',#16415,#3280);
#1619=LINE('',#16416,#3281);
#1620=LINE('',#16419,#3282);
#1621=LINE('',#16421,#3283);
#1622=LINE('',#16422,#3284);
#1623=LINE('',#16424,#3285);
#1624=LINE('',#16426,#3286);
#1625=LINE('',#16427,#3287);
#1626=LINE('',#16430,#3288);
#1627=LINE('',#16431,#3289);
#1628=LINE('',#16434,#3290);
#1629=LINE('',#16435,#3291);
#1630=LINE('',#16436,#3292);
#1631=LINE('',#16437,#3293);
#1632=LINE('',#16439,#3294);
#1633=LINE('',#16443,#3295);
#1634=LINE('',#16444,#3296);
#1635=LINE('',#16445,#3297);
#1636=LINE('',#16448,#3298);
#1637=LINE('',#16449,#3299);
#1638=LINE('',#16453,#3300);
#1639=LINE('',#16455,#3301);
#1640=LINE('',#16457,#3302);
#1641=LINE('',#16458,#3303);
#1642=LINE('',#16462,#3304);
#1643=LINE('',#16464,#3305);
#1644=LINE('',#16466,#3306);
#1645=LINE('',#16467,#3307);
#1646=LINE('',#16471,#3308);
#1647=LINE('',#16473,#3309);
#1648=LINE('',#16475,#3310);
#1649=LINE('',#16476,#3311);
#1650=LINE('',#16480,#3312);
#1651=LINE('',#16482,#3313);
#1652=LINE('',#16484,#3314);
#1653=LINE('',#16485,#3315);
#1654=LINE('',#16488,#3316);
#1655=LINE('',#16490,#3317);
#1656=LINE('',#16492,#3318);
#1657=LINE('',#16494,#3319);
#1658=LINE('',#16495,#3320);
#1659=LINE('',#16499,#3321);
#1660=LINE('',#16501,#3322);
#1661=LINE('',#16503,#3323);
#1662=LINE('',#16504,#3324);
#1663=LINE('',#16507,#3325);
#1664=LINE('',#16509,#3326);
#1665=LINE('',#16510,#3327);
#1666=LINE('',#16512,#3328);
#1667=LINE('',#16514,#3329);
#1668=LINE('',#16515,#3330);
#1669=LINE('',#16518,#3331);
#1670=LINE('',#16519,#3332);
#1671=LINE('',#16522,#3333);
#1672=LINE('',#16523,#3334);
#1673=LINE('',#16524,#3335);
#1674=LINE('',#16525,#3336);
#1675=LINE('',#16527,#3337);
#1676=LINE('',#16531,#3338);
#1677=LINE('',#16532,#3339);
#1678=LINE('',#16533,#3340);
#1679=LINE('',#16536,#3341);
#1680=LINE('',#16537,#3342);
#1681=LINE('',#16541,#3343);
#1682=LINE('',#16543,#3344);
#1683=LINE('',#16545,#3345);
#1684=LINE('',#16546,#3346);
#1685=LINE('',#16550,#3347);
#1686=LINE('',#16552,#3348);
#1687=LINE('',#16554,#3349);
#1688=LINE('',#16555,#3350);
#1689=LINE('',#16559,#3351);
#1690=LINE('',#16561,#3352);
#1691=LINE('',#16563,#3353);
#1692=LINE('',#16564,#3354);
#1693=LINE('',#16568,#3355);
#1694=LINE('',#16570,#3356);
#1695=LINE('',#16572,#3357);
#1696=LINE('',#16573,#3358);
#1697=LINE('',#16576,#3359);
#1698=LINE('',#16578,#3360);
#1699=LINE('',#16580,#3361);
#1700=LINE('',#16582,#3362);
#1701=LINE('',#16583,#3363);
#1702=LINE('',#16586,#3364);
#1703=LINE('',#16588,#3365);
#1704=LINE('',#16589,#3366);
#1705=LINE('',#16591,#3367);
#1706=LINE('',#16593,#3368);
#1707=LINE('',#16594,#3369);
#1708=LINE('',#16597,#3370);
#1709=LINE('',#16598,#3371);
#1710=LINE('',#16601,#3372);
#1711=LINE('',#16602,#3373);
#1712=LINE('',#16603,#3374);
#1713=LINE('',#16604,#3375);
#1714=LINE('',#16606,#3376);
#1715=LINE('',#16610,#3377);
#1716=LINE('',#16611,#3378);
#1717=LINE('',#16612,#3379);
#1718=LINE('',#16615,#3380);
#1719=LINE('',#16616,#3381);
#1720=LINE('',#16620,#3382);
#1721=LINE('',#16622,#3383);
#1722=LINE('',#16624,#3384);
#1723=LINE('',#16625,#3385);
#1724=LINE('',#16629,#3386);
#1725=LINE('',#16631,#3387);
#1726=LINE('',#16633,#3388);
#1727=LINE('',#16634,#3389);
#1728=LINE('',#16637,#3390);
#1729=LINE('',#16639,#3391);
#1730=LINE('',#16640,#3392);
#1731=LINE('',#16644,#3393);
#1732=LINE('',#16645,#3394);
#1733=LINE('',#16646,#3395);
#1734=LINE('',#16650,#3396);
#1735=LINE('',#16652,#3397);
#1736=LINE('',#16654,#3398);
#1737=LINE('',#16655,#3399);
#1738=LINE('',#16658,#3400);
#1739=LINE('',#16660,#3401);
#1740=LINE('',#16661,#3402);
#1741=LINE('',#16665,#3403);
#1742=LINE('',#16666,#3404);
#1743=LINE('',#16667,#3405);
#1744=LINE('',#16671,#3406);
#1745=LINE('',#16672,#3407);
#1746=LINE('',#16673,#3408);
#1747=LINE('',#16676,#3409);
#1748=LINE('',#16678,#3410);
#1749=LINE('',#16679,#3411);
#1750=LINE('',#16683,#3412);
#1751=LINE('',#16685,#3413);
#1752=LINE('',#16687,#3414);
#1753=LINE('',#16688,#3415);
#1754=LINE('',#16691,#3416);
#1755=LINE('',#16693,#3417);
#1756=LINE('',#16694,#3418);
#1757=LINE('',#16698,#3419);
#1758=LINE('',#16699,#3420);
#1759=LINE('',#16700,#3421);
#1760=LINE('',#16704,#3422);
#1761=LINE('',#16705,#3423);
#1762=LINE('',#16706,#3424);
#1763=LINE('',#16709,#3425);
#1764=LINE('',#16711,#3426);
#1765=LINE('',#16712,#3427);
#1766=LINE('',#16716,#3428);
#1767=LINE('',#16718,#3429);
#1768=LINE('',#16720,#3430);
#1769=LINE('',#16721,#3431);
#1770=LINE('',#16724,#3432);
#1771=LINE('',#16726,#3433);
#1772=LINE('',#16727,#3434);
#1773=LINE('',#16731,#3435);
#1774=LINE('',#16732,#3436);
#1775=LINE('',#16733,#3437);
#1776=LINE('',#16737,#3438);
#1777=LINE('',#16738,#3439);
#1778=LINE('',#16739,#3440);
#1779=LINE('',#16742,#3441);
#1780=LINE('',#16744,#3442);
#1781=LINE('',#16745,#3443);
#1782=LINE('',#16749,#3444);
#1783=LINE('',#16751,#3445);
#1784=LINE('',#16753,#3446);
#1785=LINE('',#16754,#3447);
#1786=LINE('',#16757,#3448);
#1787=LINE('',#16759,#3449);
#1788=LINE('',#16760,#3450);
#1789=LINE('',#16764,#3451);
#1790=LINE('',#16765,#3452);
#1791=LINE('',#16766,#3453);
#1792=LINE('',#16770,#3454);
#1793=LINE('',#16771,#3455);
#1794=LINE('',#16772,#3456);
#1795=LINE('',#16775,#3457);
#1796=LINE('',#16777,#3458);
#1797=LINE('',#16778,#3459);
#1798=LINE('',#16782,#3460);
#1799=LINE('',#16784,#3461);
#1800=LINE('',#16786,#3462);
#1801=LINE('',#16787,#3463);
#1802=LINE('',#16791,#3464);
#1803=LINE('',#16792,#3465);
#1804=LINE('',#16793,#3466);
#1805=LINE('',#16797,#3467);
#1806=LINE('',#16798,#3468);
#1807=LINE('',#16799,#3469);
#1808=LINE('',#16800,#3470);
#1809=LINE('',#16802,#3471);
#1810=LINE('',#16803,#3472);
#1811=LINE('',#16807,#3473);
#1812=LINE('',#16809,#3474);
#1813=LINE('',#16811,#3475);
#1814=LINE('',#16812,#3476);
#1815=LINE('',#16816,#3477);
#1816=LINE('',#16817,#3478);
#1817=LINE('',#16818,#3479);
#1818=LINE('',#16822,#3480);
#1819=LINE('',#16823,#3481);
#1820=LINE('',#16824,#3482);
#1821=LINE('',#16825,#3483);
#1822=LINE('',#16827,#3484);
#1823=LINE('',#16828,#3485);
#1824=LINE('',#16832,#3486);
#1825=LINE('',#16834,#3487);
#1826=LINE('',#16836,#3488);
#1827=LINE('',#16837,#3489);
#1828=LINE('',#16841,#3490);
#1829=LINE('',#16842,#3491);
#1830=LINE('',#16843,#3492);
#1831=LINE('',#16847,#3493);
#1832=LINE('',#16848,#3494);
#1833=LINE('',#16849,#3495);
#1834=LINE('',#16850,#3496);
#1835=LINE('',#16852,#3497);
#1836=LINE('',#16853,#3498);
#1837=LINE('',#16857,#3499);
#1838=LINE('',#16859,#3500);
#1839=LINE('',#16861,#3501);
#1840=LINE('',#16862,#3502);
#1841=LINE('',#16866,#3503);
#1842=LINE('',#16867,#3504);
#1843=LINE('',#16868,#3505);
#1844=LINE('',#16872,#3506);
#1845=LINE('',#16873,#3507);
#1846=LINE('',#16874,#3508);
#1847=LINE('',#16875,#3509);
#1848=LINE('',#16877,#3510);
#1849=LINE('',#16878,#3511);
#1850=LINE('',#16882,#3512);
#1851=LINE('',#16884,#3513);
#1852=LINE('',#16886,#3514);
#1853=LINE('',#16887,#3515);
#1854=LINE('',#16891,#3516);
#1855=LINE('',#16892,#3517);
#1856=LINE('',#16893,#3518);
#1857=LINE('',#16897,#3519);
#1858=LINE('',#16898,#3520);
#1859=LINE('',#16899,#3521);
#1860=LINE('',#16900,#3522);
#1861=LINE('',#16902,#3523);
#1862=LINE('',#16903,#3524);
#1863=LINE('',#16907,#3525);
#1864=LINE('',#16909,#3526);
#1865=LINE('',#16911,#3527);
#1866=LINE('',#16912,#3528);
#1867=LINE('',#16916,#3529);
#1868=LINE('',#16917,#3530);
#1869=LINE('',#16918,#3531);
#1870=LINE('',#16922,#3532);
#1871=LINE('',#16923,#3533);
#1872=LINE('',#16924,#3534);
#1873=LINE('',#16925,#3535);
#1874=LINE('',#16927,#3536);
#1875=LINE('',#16928,#3537);
#1876=LINE('',#16932,#3538);
#1877=LINE('',#16934,#3539);
#1878=LINE('',#16936,#3540);
#1879=LINE('',#16937,#3541);
#1880=LINE('',#16941,#3542);
#1881=LINE('',#16942,#3543);
#1882=LINE('',#16943,#3544);
#1883=LINE('',#16947,#3545);
#1884=LINE('',#16948,#3546);
#1885=LINE('',#16949,#3547);
#1886=LINE('',#16950,#3548);
#1887=LINE('',#16952,#3549);
#1888=LINE('',#16953,#3550);
#1889=LINE('',#16957,#3551);
#1890=LINE('',#16959,#3552);
#1891=LINE('',#16961,#3553);
#1892=LINE('',#16962,#3554);
#1893=LINE('',#16966,#3555);
#1894=LINE('',#16967,#3556);
#1895=LINE('',#16968,#3557);
#1896=LINE('',#16972,#3558);
#1897=LINE('',#16973,#3559);
#1898=LINE('',#16974,#3560);
#1899=LINE('',#16975,#3561);
#1900=LINE('',#16977,#3562);
#1901=LINE('',#16978,#3563);
#1902=LINE('',#16982,#3564);
#1903=LINE('',#16984,#3565);
#1904=LINE('',#16986,#3566);
#1905=LINE('',#16987,#3567);
#1906=LINE('',#16991,#3568);
#1907=LINE('',#16992,#3569);
#1908=LINE('',#16993,#3570);
#1909=LINE('',#16997,#3571);
#1910=LINE('',#16998,#3572);
#1911=LINE('',#16999,#3573);
#1912=LINE('',#17000,#3574);
#1913=LINE('',#17002,#3575);
#1914=LINE('',#17003,#3576);
#1915=LINE('',#17007,#3577);
#1916=LINE('',#17009,#3578);
#1917=LINE('',#17011,#3579);
#1918=LINE('',#17012,#3580);
#1919=LINE('',#17016,#3581);
#1920=LINE('',#17017,#3582);
#1921=LINE('',#17018,#3583);
#1922=LINE('',#17022,#3584);
#1923=LINE('',#17023,#3585);
#1924=LINE('',#17024,#3586);
#1925=LINE('',#17025,#3587);
#1926=LINE('',#17027,#3588);
#1927=LINE('',#17028,#3589);
#1928=LINE('',#17032,#3590);
#1929=LINE('',#17034,#3591);
#1930=LINE('',#17036,#3592);
#1931=LINE('',#17037,#3593);
#1932=LINE('',#17040,#3594);
#1933=LINE('',#17042,#3595);
#1934=LINE('',#17043,#3596);
#1935=LINE('',#17047,#3597);
#1936=LINE('',#17048,#3598);
#1937=LINE('',#17049,#3599);
#1938=LINE('',#17053,#3600);
#1939=LINE('',#17054,#3601);
#1940=LINE('',#17055,#3602);
#1941=LINE('',#17058,#3603);
#1942=LINE('',#17060,#3604);
#1943=LINE('',#17061,#3605);
#1944=LINE('',#17065,#3606);
#1945=LINE('',#17067,#3607);
#1946=LINE('',#17069,#3608);
#1947=LINE('',#17070,#3609);
#1948=LINE('',#17073,#3610);
#1949=LINE('',#17075,#3611);
#1950=LINE('',#17076,#3612);
#1951=LINE('',#17080,#3613);
#1952=LINE('',#17081,#3614);
#1953=LINE('',#17082,#3615);
#1954=LINE('',#17086,#3616);
#1955=LINE('',#17087,#3617);
#1956=LINE('',#17088,#3618);
#1957=LINE('',#17091,#3619);
#1958=LINE('',#17093,#3620);
#1959=LINE('',#17094,#3621);
#1960=LINE('',#17098,#3622);
#1961=LINE('',#17100,#3623);
#1962=LINE('',#17102,#3624);
#1963=LINE('',#17103,#3625);
#1964=LINE('',#17106,#3626);
#1965=LINE('',#17108,#3627);
#1966=LINE('',#17109,#3628);
#1967=LINE('',#17113,#3629);
#1968=LINE('',#17114,#3630);
#1969=LINE('',#17115,#3631);
#1970=LINE('',#17119,#3632);
#1971=LINE('',#17120,#3633);
#1972=LINE('',#17121,#3634);
#1973=LINE('',#17124,#3635);
#1974=LINE('',#17126,#3636);
#1975=LINE('',#17127,#3637);
#1976=LINE('',#17131,#3638);
#1977=LINE('',#17133,#3639);
#1978=LINE('',#17135,#3640);
#1979=LINE('',#17136,#3641);
#1980=LINE('',#17139,#3642);
#1981=LINE('',#17141,#3643);
#1982=LINE('',#17142,#3644);
#1983=LINE('',#17146,#3645);
#1984=LINE('',#17147,#3646);
#1985=LINE('',#17148,#3647);
#1986=LINE('',#17152,#3648);
#1987=LINE('',#17153,#3649);
#1988=LINE('',#17154,#3650);
#1989=LINE('',#17157,#3651);
#1990=LINE('',#17159,#3652);
#1991=LINE('',#17160,#3653);
#1992=LINE('',#17164,#3654);
#1993=LINE('',#17166,#3655);
#1994=LINE('',#17168,#3656);
#1995=LINE('',#17169,#3657);
#1996=LINE('',#17172,#3658);
#1997=LINE('',#17174,#3659);
#1998=LINE('',#17175,#3660);
#1999=LINE('',#17179,#3661);
#2000=LINE('',#17180,#3662);
#2001=LINE('',#17181,#3663);
#2002=LINE('',#17185,#3664);
#2003=LINE('',#17186,#3665);
#2004=LINE('',#17187,#3666);
#2005=LINE('',#17190,#3667);
#2006=LINE('',#17192,#3668);
#2007=LINE('',#17193,#3669);
#2008=LINE('',#17197,#3670);
#2009=LINE('',#17198,#3671);
#2010=LINE('',#17199,#3672);
#2011=LINE('',#17202,#3673);
#2012=LINE('',#17203,#3674);
#2013=LINE('',#17205,#3675);
#2014=LINE('',#17208,#3676);
#2015=LINE('',#17210,#3677);
#2016=LINE('',#17211,#3678);
#2017=LINE('',#17214,#3679);
#2018=LINE('',#17216,#3680);
#2019=LINE('',#17217,#3681);
#2020=LINE('',#17219,#3682);
#2021=LINE('',#17220,#3683);
#2022=LINE('',#17223,#3684);
#2023=LINE('',#17224,#3685);
#2024=LINE('',#17227,#3686);
#2025=LINE('',#17229,#3687);
#2026=LINE('',#17230,#3688);
#2027=LINE('',#17234,#3689);
#2028=LINE('',#17235,#3690);
#2029=LINE('',#17236,#3691);
#2030=LINE('',#17239,#3692);
#2031=LINE('',#17240,#3693);
#2032=LINE('',#17242,#3694);
#2033=LINE('',#17245,#3695);
#2034=LINE('',#17247,#3696);
#2035=LINE('',#17248,#3697);
#2036=LINE('',#17250,#3698);
#2037=LINE('',#17251,#3699);
#2038=LINE('',#17253,#3700);
#2039=LINE('',#17254,#3701);
#2040=LINE('',#17257,#3702);
#2041=LINE('',#17258,#3703);
#2042=LINE('',#17261,#3704);
#2043=LINE('',#17263,#3705);
#2044=LINE('',#17264,#3706);
#2045=LINE('',#17268,#3707);
#2046=LINE('',#17269,#3708);
#2047=LINE('',#17270,#3709);
#2048=LINE('',#17273,#3710);
#2049=LINE('',#17274,#3711);
#2050=LINE('',#17276,#3712);
#2051=LINE('',#17279,#3713);
#2052=LINE('',#17281,#3714);
#2053=LINE('',#17282,#3715);
#2054=LINE('',#17284,#3716);
#2055=LINE('',#17285,#3717);
#2056=LINE('',#17287,#3718);
#2057=LINE('',#17288,#3719);
#2058=LINE('',#17291,#3720);
#2059=LINE('',#17292,#3721);
#2060=LINE('',#17295,#3722);
#2061=LINE('',#17297,#3723);
#2062=LINE('',#17298,#3724);
#2063=LINE('',#17302,#3725);
#2064=LINE('',#17303,#3726);
#2065=LINE('',#17304,#3727);
#2066=LINE('',#17307,#3728);
#2067=LINE('',#17308,#3729);
#2068=LINE('',#17310,#3730);
#2069=LINE('',#17313,#3731);
#2070=LINE('',#17315,#3732);
#2071=LINE('',#17316,#3733);
#2072=LINE('',#17318,#3734);
#2073=LINE('',#17319,#3735);
#2074=LINE('',#17321,#3736);
#2075=LINE('',#17322,#3737);
#2076=LINE('',#17325,#3738);
#2077=LINE('',#17326,#3739);
#2078=LINE('',#17329,#3740);
#2079=LINE('',#17331,#3741);
#2080=LINE('',#17332,#3742);
#2081=LINE('',#17336,#3743);
#2082=LINE('',#17337,#3744);
#2083=LINE('',#17338,#3745);
#2084=LINE('',#17341,#3746);
#2085=LINE('',#17342,#3747);
#2086=LINE('',#17344,#3748);
#2087=LINE('',#17347,#3749);
#2088=LINE('',#17349,#3750);
#2089=LINE('',#17350,#3751);
#2090=LINE('',#17352,#3752);
#2091=LINE('',#17353,#3753);
#2092=LINE('',#17355,#3754);
#2093=LINE('',#17356,#3755);
#2094=LINE('',#17359,#3756);
#2095=LINE('',#17360,#3757);
#2096=LINE('',#17363,#3758);
#2097=LINE('',#17365,#3759);
#2098=LINE('',#17366,#3760);
#2099=LINE('',#17370,#3761);
#2100=LINE('',#17371,#3762);
#2101=LINE('',#17372,#3763);
#2102=LINE('',#17375,#3764);
#2103=LINE('',#17376,#3765);
#2104=LINE('',#17378,#3766);
#2105=LINE('',#17381,#3767);
#2106=LINE('',#17383,#3768);
#2107=LINE('',#17384,#3769);
#2108=LINE('',#17386,#3770);
#2109=LINE('',#17387,#3771);
#2110=LINE('',#17389,#3772);
#2111=LINE('',#17390,#3773);
#2112=LINE('',#17393,#3774);
#2113=LINE('',#17394,#3775);
#2114=LINE('',#17397,#3776);
#2115=LINE('',#17399,#3777);
#2116=LINE('',#17400,#3778);
#2117=LINE('',#17404,#3779);
#2118=LINE('',#17405,#3780);
#2119=LINE('',#17406,#3781);
#2120=LINE('',#17409,#3782);
#2121=LINE('',#17410,#3783);
#2122=LINE('',#17412,#3784);
#2123=LINE('',#17415,#3785);
#2124=LINE('',#17417,#3786);
#2125=LINE('',#17418,#3787);
#2126=LINE('',#17420,#3788);
#2127=LINE('',#17421,#3789);
#2128=LINE('',#17423,#3790);
#2129=LINE('',#17424,#3791);
#2130=LINE('',#17427,#3792);
#2131=LINE('',#17428,#3793);
#2132=LINE('',#17431,#3794);
#2133=LINE('',#17433,#3795);
#2134=LINE('',#17434,#3796);
#2135=LINE('',#17438,#3797);
#2136=LINE('',#17439,#3798);
#2137=LINE('',#17440,#3799);
#2138=LINE('',#17443,#3800);
#2139=LINE('',#17444,#3801);
#2140=LINE('',#17446,#3802);
#2141=LINE('',#17449,#3803);
#2142=LINE('',#17451,#3804);
#2143=LINE('',#17452,#3805);
#2144=LINE('',#17454,#3806);
#2145=LINE('',#17455,#3807);
#2146=LINE('',#17457,#3808);
#2147=LINE('',#17458,#3809);
#2148=LINE('',#17461,#3810);
#2149=LINE('',#17462,#3811);
#2150=LINE('',#17465,#3812);
#2151=LINE('',#17467,#3813);
#2152=LINE('',#17468,#3814);
#2153=LINE('',#17472,#3815);
#2154=LINE('',#17473,#3816);
#2155=LINE('',#17474,#3817);
#2156=LINE('',#17477,#3818);
#2157=LINE('',#17478,#3819);
#2158=LINE('',#17480,#3820);
#2159=LINE('',#17483,#3821);
#2160=LINE('',#17485,#3822);
#2161=LINE('',#17486,#3823);
#2162=LINE('',#17488,#3824);
#2163=LINE('',#17489,#3825);
#2164=LINE('',#17491,#3826);
#2165=LINE('',#17492,#3827);
#2166=LINE('',#17495,#3828);
#2167=LINE('',#17496,#3829);
#2168=LINE('',#17499,#3830);
#2169=LINE('',#17501,#3831);
#2170=LINE('',#17502,#3832);
#2171=LINE('',#17506,#3833);
#2172=LINE('',#17507,#3834);
#2173=LINE('',#17508,#3835);
#2174=LINE('',#17511,#3836);
#2175=LINE('',#17512,#3837);
#2176=LINE('',#17514,#3838);
#2177=LINE('',#17516,#3839);
#2178=LINE('',#17517,#3840);
#2179=LINE('',#17520,#3841);
#2180=LINE('',#17521,#3842);
#2181=LINE('',#17524,#3843);
#2182=LINE('',#17526,#3844);
#2183=LINE('',#17527,#3845);
#2184=LINE('',#17531,#3846);
#2185=LINE('',#17532,#3847);
#2186=LINE('',#17533,#3848);
#2187=LINE('',#17536,#3849);
#2188=LINE('',#17538,#3850);
#2189=LINE('',#17539,#3851);
#2190=LINE('',#17542,#3852);
#2191=LINE('',#17543,#3853);
#2192=LINE('',#17546,#3854);
#2193=LINE('',#17547,#3855);
#2194=LINE('',#17549,#3856);
#2195=LINE('',#17551,#3857);
#2196=LINE('',#17552,#3858);
#2197=LINE('',#17553,#3859);
#2198=LINE('',#17556,#3860);
#2199=LINE('',#17557,#3861);
#2200=LINE('',#17560,#3862);
#2201=LINE('',#17561,#3863);
#2202=LINE('',#17563,#3864);
#2203=LINE('',#17565,#3865);
#2204=LINE('',#17566,#3866);
#2205=LINE('',#17569,#3867);
#2206=LINE('',#17570,#3868);
#2207=LINE('',#17573,#3869);
#2208=LINE('',#17574,#3870);
#2209=LINE('',#17576,#3871);
#2210=LINE('',#17578,#3872);
#2211=LINE('',#17579,#3873);
#2212=LINE('',#17582,#3874);
#2213=LINE('',#17583,#3875);
#2214=LINE('',#17586,#3876);
#2215=LINE('',#17587,#3877);
#2216=LINE('',#17589,#3878);
#2217=LINE('',#17591,#3879);
#2218=LINE('',#17592,#3880);
#2219=LINE('',#17595,#3881);
#2220=LINE('',#17596,#3882);
#2221=LINE('',#17599,#3883);
#2222=LINE('',#17600,#3884);
#2223=LINE('',#17602,#3885);
#2224=LINE('',#17605,#3886);
#2225=LINE('',#17607,#3887);
#2226=LINE('',#17608,#3888);
#2227=LINE('',#17611,#3889);
#2228=LINE('',#17612,#3890);
#2229=LINE('',#17615,#3891);
#2230=LINE('',#17616,#3892);
#2231=LINE('',#17618,#3893);
#2232=LINE('',#17621,#3894);
#2233=LINE('',#17623,#3895);
#2234=LINE('',#17624,#3896);
#2235=LINE('',#17627,#3897);
#2236=LINE('',#17628,#3898);
#2237=LINE('',#17631,#3899);
#2238=LINE('',#17632,#3900);
#2239=LINE('',#17634,#3901);
#2240=LINE('',#17637,#3902);
#2241=LINE('',#17639,#3903);
#2242=LINE('',#17640,#3904);
#2243=LINE('',#17643,#3905);
#2244=LINE('',#17644,#3906);
#2245=LINE('',#17647,#3907);
#2246=LINE('',#17648,#3908);
#2247=LINE('',#17650,#3909);
#2248=LINE('',#17653,#3910);
#2249=LINE('',#17655,#3911);
#2250=LINE('',#17656,#3912);
#2251=LINE('',#17659,#3913);
#2252=LINE('',#17660,#3914);
#2253=LINE('',#17663,#3915);
#2254=LINE('',#17664,#3916);
#2255=LINE('',#17666,#3917);
#2256=LINE('',#17669,#3918);
#2257=LINE('',#17671,#3919);
#2258=LINE('',#17672,#3920);
#2259=LINE('',#17675,#3921);
#2260=LINE('',#17676,#3922);
#2261=LINE('',#17679,#3923);
#2262=LINE('',#17680,#3924);
#2263=LINE('',#17682,#3925);
#2264=LINE('',#17685,#3926);
#2265=LINE('',#17687,#3927);
#2266=LINE('',#17688,#3928);
#2267=LINE('',#17691,#3929);
#2268=LINE('',#17692,#3930);
#2269=LINE('',#17695,#3931);
#2270=LINE('',#17696,#3932);
#2271=LINE('',#17698,#3933);
#2272=LINE('',#17701,#3934);
#2273=LINE('',#17703,#3935);
#2274=LINE('',#17704,#3936);
#2275=LINE('',#17707,#3937);
#2276=LINE('',#17708,#3938);
#2277=LINE('',#17711,#3939);
#2278=LINE('',#17712,#3940);
#2279=LINE('',#17714,#3941);
#2280=LINE('',#17717,#3942);
#2281=LINE('',#17719,#3943);
#2282=LINE('',#17720,#3944);
#2283=LINE('',#17723,#3945);
#2284=LINE('',#17724,#3946);
#2285=LINE('',#17727,#3947);
#2286=LINE('',#17728,#3948);
#2287=LINE('',#17730,#3949);
#2288=LINE('',#17733,#3950);
#2289=LINE('',#17735,#3951);
#2290=LINE('',#17736,#3952);
#2291=LINE('',#17739,#3953);
#2292=LINE('',#17740,#3954);
#2293=LINE('',#17743,#3955);
#2294=LINE('',#17744,#3956);
#2295=LINE('',#17746,#3957);
#2296=LINE('',#17749,#3958);
#2297=LINE('',#17751,#3959);
#2298=LINE('',#17752,#3960);
#2299=LINE('',#17755,#3961);
#2300=LINE('',#17756,#3962);
#2301=LINE('',#17759,#3963);
#2302=LINE('',#17760,#3964);
#2303=LINE('',#17762,#3965);
#2304=LINE('',#17765,#3966);
#2305=LINE('',#17766,#3967);
#2306=LINE('',#17769,#3968);
#2307=LINE('',#17770,#3969);
#2308=LINE('',#17772,#3970);
#2309=LINE('',#17774,#3971);
#2310=LINE('',#17775,#3972);
#2311=LINE('',#17778,#3973);
#2312=LINE('',#17779,#3974);
#2313=LINE('',#17782,#3975);
#2314=LINE('',#17783,#3976);
#2315=LINE('',#17785,#3977);
#2316=LINE('',#17787,#3978);
#2317=LINE('',#17788,#3979);
#2318=LINE('',#17791,#3980);
#2319=LINE('',#17792,#3981);
#2320=LINE('',#17795,#3982);
#2321=LINE('',#17796,#3983);
#2322=LINE('',#17798,#3984);
#2323=LINE('',#17800,#3985);
#2324=LINE('',#17801,#3986);
#2325=LINE('',#17804,#3987);
#2326=LINE('',#17805,#3988);
#2327=LINE('',#17808,#3989);
#2328=LINE('',#17809,#3990);
#2329=LINE('',#17811,#3991);
#2330=LINE('',#17813,#3992);
#2331=LINE('',#17814,#3993);
#2332=LINE('',#17815,#3994);
#2333=LINE('',#17818,#3995);
#2334=LINE('',#17819,#3996);
#2335=LINE('',#17822,#3997);
#2336=LINE('',#17823,#3998);
#2337=LINE('',#17825,#3999);
#2338=LINE('',#17827,#4000);
#2339=LINE('',#17829,#4001);
#2340=LINE('',#17831,#4002);
#2341=LINE('',#17832,#4003);
#2342=LINE('',#17835,#4004);
#2343=LINE('',#17836,#4005);
#2344=LINE('',#17839,#4006);
#2345=LINE('',#17840,#4007);
#2346=LINE('',#17843,#4008);
#2347=LINE('',#17844,#4009);
#2348=LINE('',#17846,#4010);
#2349=LINE('',#17847,#4011);
#2350=LINE('',#17850,#4012);
#2351=LINE('',#17851,#4013);
#2352=LINE('',#17853,#4014);
#2353=LINE('',#17855,#4015);
#2354=LINE('',#17856,#4016);
#2355=LINE('',#17858,#4017);
#2356=LINE('',#17861,#4018);
#2357=LINE('',#17862,#4019);
#2358=LINE('',#17865,#4020);
#2359=LINE('',#17866,#4021);
#2360=LINE('',#17868,#4022);
#2361=LINE('',#17869,#4023);
#2362=LINE('',#17872,#4024);
#2363=LINE('',#17873,#4025);
#2364=LINE('',#17875,#4026);
#2365=LINE('',#17877,#4027);
#2366=LINE('',#17878,#4028);
#2367=LINE('',#17880,#4029);
#2368=LINE('',#17883,#4030);
#2369=LINE('',#17884,#4031);
#2370=LINE('',#17887,#4032);
#2371=LINE('',#17888,#4033);
#2372=LINE('',#17890,#4034);
#2373=LINE('',#17891,#4035);
#2374=LINE('',#17894,#4036);
#2375=LINE('',#17895,#4037);
#2376=LINE('',#17897,#4038);
#2377=LINE('',#17899,#4039);
#2378=LINE('',#17900,#4040);
#2379=LINE('',#17902,#4041);
#2380=LINE('',#17905,#4042);
#2381=LINE('',#17906,#4043);
#2382=LINE('',#17909,#4044);
#2383=LINE('',#17910,#4045);
#2384=LINE('',#17912,#4046);
#2385=LINE('',#17913,#4047);
#2386=LINE('',#17916,#4048);
#2387=LINE('',#17917,#4049);
#2388=LINE('',#17919,#4050);
#2389=LINE('',#17921,#4051);
#2390=LINE('',#17922,#4052);
#2391=LINE('',#17924,#4053);
#2392=LINE('',#17927,#4054);
#2393=LINE('',#17928,#4055);
#2394=LINE('',#17931,#4056);
#2395=LINE('',#17932,#4057);
#2396=LINE('',#17934,#4058);
#2397=LINE('',#17935,#4059);
#2398=LINE('',#17937,#4060);
#2399=LINE('',#17939,#4061);
#2400=LINE('',#17940,#4062);
#2401=LINE('',#17943,#4063);
#2402=LINE('',#17944,#4064);
#2403=LINE('',#17947,#4065);
#2404=LINE('',#17948,#4066);
#2405=LINE('',#17951,#4067);
#2406=LINE('',#17952,#4068);
#2407=LINE('',#17954,#4069);
#2408=LINE('',#17955,#4070);
#2409=LINE('',#17958,#4071);
#2410=LINE('',#17959,#4072);
#2411=LINE('',#17961,#4073);
#2412=LINE('',#17963,#4074);
#2413=LINE('',#17964,#4075);
#2414=LINE('',#17966,#4076);
#2415=LINE('',#17969,#4077);
#2416=LINE('',#17970,#4078);
#2417=LINE('',#17973,#4079);
#2418=LINE('',#17974,#4080);
#2419=LINE('',#17976,#4081);
#2420=LINE('',#17977,#4082);
#2421=LINE('',#17980,#4083);
#2422=LINE('',#17981,#4084);
#2423=LINE('',#17983,#4085);
#2424=LINE('',#17985,#4086);
#2425=LINE('',#17986,#4087);
#2426=LINE('',#17988,#4088);
#2427=LINE('',#17991,#4089);
#2428=LINE('',#17992,#4090);
#2429=LINE('',#17995,#4091);
#2430=LINE('',#17996,#4092);
#2431=LINE('',#17998,#4093);
#2432=LINE('',#17999,#4094);
#2433=LINE('',#18002,#4095);
#2434=LINE('',#18003,#4096);
#2435=LINE('',#18005,#4097);
#2436=LINE('',#18007,#4098);
#2437=LINE('',#18008,#4099);
#2438=LINE('',#18010,#4100);
#2439=LINE('',#18013,#4101);
#2440=LINE('',#18014,#4102);
#2441=LINE('',#18017,#4103);
#2442=LINE('',#18018,#4104);
#2443=LINE('',#18020,#4105);
#2444=LINE('',#18021,#4106);
#2445=LINE('',#18024,#4107);
#2446=LINE('',#18025,#4108);
#2447=LINE('',#18027,#4109);
#2448=LINE('',#18029,#4110);
#2449=LINE('',#18030,#4111);
#2450=LINE('',#18032,#4112);
#2451=LINE('',#18035,#4113);
#2452=LINE('',#18036,#4114);
#2453=LINE('',#18038,#4115);
#2454=LINE('',#18039,#4116);
#2455=LINE('',#18042,#4117);
#2456=LINE('',#18043,#4118);
#2457=LINE('',#18045,#4119);
#2458=LINE('',#18048,#4120);
#2459=LINE('',#18050,#4121);
#2460=LINE('',#18051,#4122);
#2461=LINE('',#18054,#4123);
#2462=LINE('',#18055,#4124);
#2463=LINE('',#18058,#4125);
#2464=LINE('',#18060,#4126);
#2465=LINE('',#18061,#4127);
#2466=LINE('',#18064,#4128);
#2467=LINE('',#18065,#4129);
#2468=LINE('',#18067,#4130);
#2469=LINE('',#18069,#4131);
#2470=LINE('',#18071,#4132);
#2471=LINE('',#18072,#4133);
#2472=LINE('',#18075,#4134);
#2473=LINE('',#18077,#4135);
#2474=LINE('',#18078,#4136);
#2475=LINE('',#18081,#4137);
#2476=LINE('',#18082,#4138);
#2477=LINE('',#18086,#4139);
#2478=LINE('',#18088,#4140);
#2479=LINE('',#18090,#4141);
#2480=LINE('',#18092,#4142);
#2481=LINE('',#18093,#4143);
#2482=LINE('',#18096,#4144);
#2483=LINE('',#18097,#4145);
#2484=LINE('',#18098,#4146);
#2485=LINE('',#18099,#4147);
#2486=LINE('',#18103,#4148);
#2487=LINE('',#18105,#4149);
#2488=LINE('',#18107,#4150);
#2489=LINE('',#18109,#4151);
#2490=LINE('',#18110,#4152);
#2491=LINE('',#18112,#4153);
#2492=LINE('',#18113,#4154);
#2493=LINE('',#18117,#4155);
#2494=LINE('',#18119,#4156);
#2495=LINE('',#18121,#4157);
#2496=LINE('',#18123,#4158);
#2497=LINE('',#18124,#4159);
#2498=LINE('',#18127,#4160);
#2499=LINE('',#18128,#4161);
#2500=LINE('',#18129,#4162);
#2501=LINE('',#18130,#4163);
#2502=LINE('',#18134,#4164);
#2503=LINE('',#18136,#4165);
#2504=LINE('',#18138,#4166);
#2505=LINE('',#18140,#4167);
#2506=LINE('',#18141,#4168);
#2507=LINE('',#18145,#4169);
#2508=LINE('',#18146,#4170);
#2509=LINE('',#18147,#4171);
#2510=LINE('',#18149,#4172);
#2511=LINE('',#18150,#4173);
#2512=LINE('',#18154,#4174);
#2513=LINE('',#18156,#4175);
#2514=LINE('',#18158,#4176);
#2515=LINE('',#18160,#4177);
#2516=LINE('',#18161,#4178);
#2517=LINE('',#18163,#4179);
#2518=LINE('',#18164,#4180);
#2519=LINE('',#18168,#4181);
#2520=LINE('',#18170,#4182);
#2521=LINE('',#18172,#4183);
#2522=LINE('',#18174,#4184);
#2523=LINE('',#18175,#4185);
#2524=LINE('',#18178,#4186);
#2525=LINE('',#18179,#4187);
#2526=LINE('',#18180,#4188);
#2527=LINE('',#18181,#4189);
#2528=LINE('',#18183,#4190);
#2529=LINE('',#18184,#4191);
#2530=LINE('',#18187,#4192);
#2531=LINE('',#18188,#4193);
#2532=LINE('',#18191,#4194);
#2533=LINE('',#18193,#4195);
#2534=LINE('',#18195,#4196);
#2535=LINE('',#18196,#4197);
#2536=LINE('',#18199,#4198);
#2537=LINE('',#18201,#4199);
#2538=LINE('',#18203,#4200);
#2539=LINE('',#18205,#4201);
#2540=LINE('',#18206,#4202);
#2541=LINE('',#18210,#4203);
#2542=LINE('',#18211,#4204);
#2543=LINE('',#18212,#4205);
#2544=LINE('',#18216,#4206);
#2545=LINE('',#18218,#4207);
#2546=LINE('',#18220,#4208);
#2547=LINE('',#18221,#4209);
#2548=LINE('',#18224,#4210);
#2549=LINE('',#18226,#4211);
#2550=LINE('',#18227,#4212);
#2551=LINE('',#18230,#4213);
#2552=LINE('',#18232,#4214);
#2553=LINE('',#18233,#4215);
#2554=LINE('',#18235,#4216);
#2555=LINE('',#18236,#4217);
#2556=LINE('',#18240,#4218);
#2557=LINE('',#18242,#4219);
#2558=LINE('',#18244,#4220);
#2559=LINE('',#18245,#4221);
#2560=LINE('',#18248,#4222);
#2561=LINE('',#18250,#4223);
#2562=LINE('',#18251,#4224);
#2563=LINE('',#18254,#4225);
#2564=LINE('',#18256,#4226);
#2565=LINE('',#18257,#4227);
#2566=LINE('',#18259,#4228);
#2567=LINE('',#18260,#4229);
#2568=LINE('',#18264,#4230);
#2569=LINE('',#18266,#4231);
#2570=LINE('',#18268,#4232);
#2571=LINE('',#18269,#4233);
#2572=LINE('',#18272,#4234);
#2573=LINE('',#18274,#4235);
#2574=LINE('',#18276,#4236);
#2575=LINE('',#18278,#4237);
#2576=LINE('',#18279,#4238);
#2577=LINE('',#18282,#4239);
#2578=LINE('',#18283,#4240);
#2579=LINE('',#18284,#4241);
#2580=LINE('',#18287,#4242);
#2581=LINE('',#18289,#4243);
#2582=LINE('',#18290,#4244);
#2583=LINE('',#18294,#4245);
#2584=LINE('',#18296,#4246);
#2585=LINE('',#18297,#4247);
#2586=LINE('',#18298,#4248);
#2587=LINE('',#18300,#4249);
#2588=LINE('',#18302,#4250);
#2589=LINE('',#18304,#4251);
#2590=LINE('',#18305,#4252);
#2591=LINE('',#18307,#4253);
#2592=LINE('',#18308,#4254);
#2593=LINE('',#18310,#4255);
#2594=LINE('',#18314,#4256);
#2595=LINE('',#18316,#4257);
#2596=LINE('',#18318,#4258);
#2597=LINE('',#18320,#4259);
#2598=LINE('',#18322,#4260);
#2599=LINE('',#18323,#4261);
#2600=LINE('',#18325,#4262);
#2601=LINE('',#18327,#4263);
#2602=LINE('',#18329,#4264);
#2603=LINE('',#18331,#4265);
#2604=LINE('',#18332,#4266);
#2605=LINE('',#18335,#4267);
#2606=LINE('',#18337,#4268);
#2607=LINE('',#18339,#4269);
#2608=LINE('',#18340,#4270);
#2609=LINE('',#18343,#4271);
#2610=LINE('',#18344,#4272);
#2611=LINE('',#18348,#4273);
#2612=LINE('',#18349,#4274);
#2613=LINE('',#18350,#4275);
#2614=LINE('',#18353,#4276);
#2615=LINE('',#18355,#4277);
#2616=LINE('',#18356,#4278);
#2617=LINE('',#18360,#4279);
#2618=LINE('',#18362,#4280);
#2619=LINE('',#18363,#4281);
#2620=LINE('',#18364,#4282);
#2621=LINE('',#18366,#4283);
#2622=LINE('',#18368,#4284);
#2623=LINE('',#18370,#4285);
#2624=LINE('',#18371,#4286);
#2625=LINE('',#18373,#4287);
#2626=LINE('',#18374,#4288);
#2627=LINE('',#18376,#4289);
#2628=LINE('',#18380,#4290);
#2629=LINE('',#18382,#4291);
#2630=LINE('',#18384,#4292);
#2631=LINE('',#18386,#4293);
#2632=LINE('',#18388,#4294);
#2633=LINE('',#18389,#4295);
#2634=LINE('',#18391,#4296);
#2635=LINE('',#18393,#4297);
#2636=LINE('',#18395,#4298);
#2637=LINE('',#18397,#4299);
#2638=LINE('',#18398,#4300);
#2639=LINE('',#18401,#4301);
#2640=LINE('',#18403,#4302);
#2641=LINE('',#18405,#4303);
#2642=LINE('',#18406,#4304);
#2643=LINE('',#18409,#4305);
#2644=LINE('',#18410,#4306);
#2645=LINE('',#18414,#4307);
#2646=LINE('',#18415,#4308);
#2647=LINE('',#18416,#4309);
#2648=LINE('',#18418,#4310);
#2649=LINE('',#18419,#4311);
#2650=LINE('',#18422,#4312);
#2651=LINE('',#18424,#4313);
#2652=LINE('',#18425,#4314);
#2653=LINE('',#18427,#4315);
#2654=LINE('',#18429,#4316);
#2655=LINE('',#18432,#4317);
#2656=LINE('',#18433,#4318);
#2657=LINE('',#18435,#4319);
#2658=LINE('',#18436,#4320);
#2659=LINE('',#18438,#4321);
#2660=LINE('',#18441,#4322);
#2661=LINE('',#18442,#4323);
#2662=LINE('',#18444,#4324);
#2663=LINE('',#18445,#4325);
#2664=LINE('',#18447,#4326);
#2665=LINE('',#18450,#4327);
#2666=LINE('',#18451,#4328);
#2667=LINE('',#18454,#4329);
#2668=LINE('',#18456,#4330);
#2669=LINE('',#18457,#4331);
#2670=LINE('',#18459,#4332);
#2671=LINE('',#18461,#4333);
#2672=LINE('',#18465,#4334);
#2673=LINE('',#18466,#4335);
#2674=LINE('',#18468,#4336);
#2675=LINE('',#18472,#4337);
#2676=LINE('',#18473,#4338);
#2677=LINE('',#18474,#4339);
#2678=LINE('',#18477,#4340);
#2679=LINE('',#18478,#4341);
#2680=LINE('',#18479,#4342);
#2681=LINE('',#18480,#4343);
#2682=LINE('',#18483,#4344);
#2683=LINE('',#18484,#4345);
#2684=LINE('',#18487,#4346);
#2685=LINE('',#18488,#4347);
#2686=LINE('',#18489,#4348);
#2687=LINE('',#18491,#4349);
#2688=LINE('',#18494,#4350);
#2689=LINE('',#18501,#4351);
#2690=LINE('',#18502,#4352);
#2691=LINE('',#18504,#4353);
#2692=LINE('',#18508,#4354);
#2693=LINE('',#18509,#4355);
#2694=LINE('',#18510,#4356);
#2695=LINE('',#18513,#4357);
#2696=LINE('',#18514,#4358);
#2697=LINE('',#18515,#4359);
#2698=LINE('',#18516,#4360);
#2699=LINE('',#18519,#4361);
#2700=LINE('',#18520,#4362);
#2701=LINE('',#18523,#4363);
#2702=LINE('',#18524,#4364);
#2703=LINE('',#18525,#4365);
#2704=LINE('',#18527,#4366);
#2705=LINE('',#18530,#4367);
#2706=LINE('',#18537,#4368);
#2707=LINE('',#18539,#4369);
#2708=LINE('',#18540,#4370);
#2709=LINE('',#18543,#4371);
#2710=LINE('',#18544,#4372);
#2711=LINE('',#18547,#4373);
#2712=LINE('',#18549,#4374);
#2713=LINE('',#18551,#4375);
#2714=LINE('',#18553,#4376);
#2715=LINE('',#18555,#4377);
#2716=LINE('',#18556,#4378);
#2717=LINE('',#18559,#4379);
#2718=LINE('',#18560,#4380);
#2719=LINE('',#18563,#4381);
#2720=LINE('',#18565,#4382);
#2721=LINE('',#18567,#4383);
#2722=LINE('',#18568,#4384);
#2723=LINE('',#18571,#4385);
#2724=LINE('',#18573,#4386);
#2725=LINE('',#18575,#4387);
#2726=LINE('',#18576,#4388);
#2727=LINE('',#18579,#4389);
#2728=LINE('',#18581,#4390);
#2729=LINE('',#18583,#4391);
#2730=LINE('',#18585,#4392);
#2731=LINE('',#18587,#4393);
#2732=LINE('',#18589,#4394);
#2733=LINE('',#18591,#4395);
#2734=LINE('',#18593,#4396);
#2735=LINE('',#18595,#4397);
#2736=LINE('',#18597,#4398);
#2737=LINE('',#18599,#4399);
#2738=LINE('',#18601,#4400);
#2739=LINE('',#18603,#4401);
#2740=LINE('',#18605,#4402);
#2741=LINE('',#18607,#4403);
#2742=LINE('',#18609,#4404);
#2743=LINE('',#18611,#4405);
#2744=LINE('',#18612,#4406);
#2745=LINE('',#18615,#4407);
#2746=LINE('',#18617,#4408);
#2747=LINE('',#18619,#4409);
#2748=LINE('',#18621,#4410);
#2749=LINE('',#18623,#4411);
#2750=LINE('',#18624,#4412);
#2751=LINE('',#18628,#4413);
#2752=LINE('',#18629,#4414);
#2753=LINE('',#18630,#4415);
#2754=LINE('',#18633,#4416);
#2755=LINE('',#18634,#4417);
#2756=LINE('',#18635,#4418);
#2757=LINE('',#18639,#4419);
#2758=LINE('',#18641,#4420);
#2759=LINE('',#18643,#4421);
#2760=LINE('',#18644,#4422);
#2761=LINE('',#18646,#4423);
#2762=LINE('',#18647,#4424);
#2763=LINE('',#18651,#4425);
#2764=LINE('',#18652,#4426);
#2765=LINE('',#18653,#4427);
#2766=LINE('',#18654,#4428);
#2767=LINE('',#18657,#4429);
#2768=LINE('',#18658,#4430);
#2769=LINE('',#18661,#4431);
#2770=LINE('',#18662,#4432);
#2771=LINE('',#18665,#4433);
#2772=LINE('',#18666,#4434);
#2773=LINE('',#18667,#4435);
#2774=LINE('',#18670,#4436);
#2775=LINE('',#18671,#4437);
#2776=LINE('',#18675,#4438);
#2777=LINE('',#18676,#4439);
#2778=LINE('',#18677,#4440);
#2779=LINE('',#18680,#4441);
#2780=LINE('',#18681,#4442);
#2781=LINE('',#18682,#4443);
#2782=LINE('',#18686,#4444);
#2783=LINE('',#18688,#4445);
#2784=LINE('',#18690,#4446);
#2785=LINE('',#18691,#4447);
#2786=LINE('',#18693,#4448);
#2787=LINE('',#18694,#4449);
#2788=LINE('',#18698,#4450);
#2789=LINE('',#18699,#4451);
#2790=LINE('',#18700,#4452);
#2791=LINE('',#18701,#4453);
#2792=LINE('',#18704,#4454);
#2793=LINE('',#18705,#4455);
#2794=LINE('',#18707,#4456);
#2795=LINE('',#18709,#4457);
#2796=LINE('',#18712,#4458);
#2797=LINE('',#18714,#4459);
#2798=LINE('',#18715,#4460);
#2799=LINE('',#18718,#4461);
#2800=LINE('',#18720,#4462);
#2801=LINE('',#18722,#4463);
#2802=LINE('',#18723,#4464);
#2803=LINE('',#18726,#4465);
#2804=LINE('',#18727,#4466);
#2805=LINE('',#18729,#4467);
#2806=LINE('',#18732,#4468);
#2807=LINE('',#18734,#4469);
#2808=LINE('',#18735,#4470);
#2809=LINE('',#18738,#4471);
#2810=LINE('',#18739,#4472);
#2811=LINE('',#18742,#4473);
#2812=LINE('',#18743,#4474);
#2813=LINE('',#18745,#4475);
#2814=LINE('',#18748,#4476);
#2815=LINE('',#18750,#4477);
#2816=LINE('',#18751,#4478);
#2817=LINE('',#18754,#4479);
#2818=LINE('',#18755,#4480);
#2819=LINE('',#18758,#4481);
#2820=LINE('',#18759,#4482);
#2821=LINE('',#18761,#4483);
#2822=LINE('',#18763,#4484);
#2823=LINE('',#18766,#4485);
#2824=LINE('',#18768,#4486);
#2825=LINE('',#18769,#4487);
#2826=LINE('',#18772,#4488);
#2827=LINE('',#18774,#4489);
#2828=LINE('',#18776,#4490);
#2829=LINE('',#18777,#4491);
#2830=LINE('',#18780,#4492);
#2831=LINE('',#18781,#4493);
#2832=LINE('',#18784,#4494);
#2833=LINE('',#18786,#4495);
#2834=LINE('',#18787,#4496);
#2835=LINE('',#18791,#4497);
#2836=LINE('',#18793,#4498);
#2837=LINE('',#18794,#4499);
#2838=LINE('',#18795,#4500);
#2839=LINE('',#18797,#4501);
#2840=LINE('',#18799,#4502);
#2841=LINE('',#18801,#4503);
#2842=LINE('',#18802,#4504);
#2843=LINE('',#18804,#4505);
#2844=LINE('',#18805,#4506);
#2845=LINE('',#18807,#4507);
#2846=LINE('',#18811,#4508);
#2847=LINE('',#18813,#4509);
#2848=LINE('',#18815,#4510);
#2849=LINE('',#18817,#4511);
#2850=LINE('',#18819,#4512);
#2851=LINE('',#18820,#4513);
#2852=LINE('',#18822,#4514);
#2853=LINE('',#18824,#4515);
#2854=LINE('',#18826,#4516);
#2855=LINE('',#18828,#4517);
#2856=LINE('',#18829,#4518);
#2857=LINE('',#18832,#4519);
#2858=LINE('',#18834,#4520);
#2859=LINE('',#18836,#4521);
#2860=LINE('',#18837,#4522);
#2861=LINE('',#18840,#4523);
#2862=LINE('',#18841,#4524);
#2863=LINE('',#18845,#4525);
#2864=LINE('',#18846,#4526);
#2865=LINE('',#18847,#4527);
#2866=LINE('',#18850,#4528);
#2867=LINE('',#18852,#4529);
#2868=LINE('',#18853,#4530);
#2869=LINE('',#18857,#4531);
#2870=LINE('',#18859,#4532);
#2871=LINE('',#18860,#4533);
#2872=LINE('',#18861,#4534);
#2873=LINE('',#18863,#4535);
#2874=LINE('',#18865,#4536);
#2875=LINE('',#18867,#4537);
#2876=LINE('',#18868,#4538);
#2877=LINE('',#18870,#4539);
#2878=LINE('',#18871,#4540);
#2879=LINE('',#18873,#4541);
#2880=LINE('',#18877,#4542);
#2881=LINE('',#18879,#4543);
#2882=LINE('',#18881,#4544);
#2883=LINE('',#18883,#4545);
#2884=LINE('',#18885,#4546);
#2885=LINE('',#18886,#4547);
#2886=LINE('',#18888,#4548);
#2887=LINE('',#18890,#4549);
#2888=LINE('',#18892,#4550);
#2889=LINE('',#18894,#4551);
#2890=LINE('',#18895,#4552);
#2891=LINE('',#18898,#4553);
#2892=LINE('',#18900,#4554);
#2893=LINE('',#18902,#4555);
#2894=LINE('',#18903,#4556);
#2895=LINE('',#18906,#4557);
#2896=LINE('',#18907,#4558);
#2897=LINE('',#18911,#4559);
#2898=LINE('',#18912,#4560);
#2899=LINE('',#18913,#4561);
#2900=LINE('',#18915,#4562);
#2901=LINE('',#18918,#4563);
#2902=LINE('',#18920,#4564);
#2903=LINE('',#18921,#4565);
#2904=LINE('',#18923,#4566);
#2905=LINE('',#18925,#4567);
#2906=LINE('',#18928,#4568);
#2907=LINE('',#18929,#4569);
#2908=LINE('',#18931,#4570);
#2909=LINE('',#18932,#4571);
#2910=LINE('',#18934,#4572);
#2911=LINE('',#18937,#4573);
#2912=LINE('',#18938,#4574);
#2913=LINE('',#18940,#4575);
#2914=LINE('',#18941,#4576);
#2915=LINE('',#18943,#4577);
#2916=LINE('',#18946,#4578);
#2917=LINE('',#18949,#4579);
#2918=LINE('',#18951,#4580);
#2919=LINE('',#18952,#4581);
#2920=LINE('',#18954,#4582);
#2921=LINE('',#18956,#4583);
#2922=LINE('',#18960,#4584);
#2923=LINE('',#18961,#4585);
#2924=LINE('',#18963,#4586);
#2925=LINE('',#18967,#4587);
#2926=LINE('',#18968,#4588);
#2927=LINE('',#18969,#4589);
#2928=LINE('',#18972,#4590);
#2929=LINE('',#18973,#4591);
#2930=LINE('',#18974,#4592);
#2931=LINE('',#18975,#4593);
#2932=LINE('',#18978,#4594);
#2933=LINE('',#18979,#4595);
#2934=LINE('',#18982,#4596);
#2935=LINE('',#18983,#4597);
#2936=LINE('',#18984,#4598);
#2937=LINE('',#18986,#4599);
#2938=LINE('',#18989,#4600);
#2939=LINE('',#18996,#4601);
#2940=LINE('',#18997,#4602);
#2941=LINE('',#18999,#4603);
#2942=LINE('',#19003,#4604);
#2943=LINE('',#19004,#4605);
#2944=LINE('',#19005,#4606);
#2945=LINE('',#19008,#4607);
#2946=LINE('',#19009,#4608);
#2947=LINE('',#19010,#4609);
#2948=LINE('',#19011,#4610);
#2949=LINE('',#19014,#4611);
#2950=LINE('',#19015,#4612);
#2951=LINE('',#19018,#4613);
#2952=LINE('',#19019,#4614);
#2953=LINE('',#19020,#4615);
#2954=LINE('',#19022,#4616);
#2955=LINE('',#19025,#4617);
#2956=VECTOR('',#12833,1.);
#2957=VECTOR('',#12834,1.);
#2958=VECTOR('',#12835,1.);
#2959=VECTOR('',#12836,1.);
#2960=VECTOR('',#12839,1.);
#2961=VECTOR('',#12840,1.);
#2962=VECTOR('',#12841,1.);
#2963=VECTOR('',#12842,1.);
#2964=VECTOR('',#12845,1.);
#2965=VECTOR('',#12846,1.);
#2966=VECTOR('',#12847,1.);
#2967=VECTOR('',#12848,1.);
#2968=VECTOR('',#12851,1.);
#2969=VECTOR('',#12852,1.);
#2970=VECTOR('',#12853,1.);
#2971=VECTOR('',#12854,1.);
#2972=VECTOR('',#12857,1.);
#2973=VECTOR('',#12858,1.);
#2974=VECTOR('',#12859,1.);
#2975=VECTOR('',#12860,1.);
#2976=VECTOR('',#12861,1.);
#2977=VECTOR('',#12864,1.);
#2978=VECTOR('',#12865,1.);
#2979=VECTOR('',#12866,1.);
#2980=VECTOR('',#12867,1.);
#2981=VECTOR('',#12870,1.);
#2982=VECTOR('',#12871,1.);
#2983=VECTOR('',#12872,1.);
#2984=VECTOR('',#12875,1.);
#2985=VECTOR('',#12876,1.);
#2986=VECTOR('',#12877,1.);
#2987=VECTOR('',#12880,1.);
#2988=VECTOR('',#12881,1.);
#2989=VECTOR('',#12884,1.);
#2990=VECTOR('',#12885,1.);
#2991=VECTOR('',#12886,1.);
#2992=VECTOR('',#12887,1.);
#2993=VECTOR('',#12890,1.);
#2994=VECTOR('',#12893,1.);
#2995=VECTOR('',#12894,1.);
#2996=VECTOR('',#12895,1.);
#2997=VECTOR('',#12898,1.);
#2998=VECTOR('',#12899,1.);
#2999=VECTOR('',#12902,1.);
#3000=VECTOR('',#12903,1.);
#3001=VECTOR('',#12904,1.);
#3002=VECTOR('',#12905,1.);
#3003=VECTOR('',#12908,1.);
#3004=VECTOR('',#12909,1.);
#3005=VECTOR('',#12910,1.);
#3006=VECTOR('',#12911,1.);
#3007=VECTOR('',#12914,1.);
#3008=VECTOR('',#12915,1.);
#3009=VECTOR('',#12916,1.);
#3010=VECTOR('',#12917,1.);
#3011=VECTOR('',#12920,1.);
#3012=VECTOR('',#12921,1.);
#3013=VECTOR('',#12922,1.);
#3014=VECTOR('',#12923,1.);
#3015=VECTOR('',#12926,1.);
#3016=VECTOR('',#12927,1.);
#3017=VECTOR('',#12928,1.);
#3018=VECTOR('',#12929,1.);
#3019=VECTOR('',#12930,1.);
#3020=VECTOR('',#12933,1.);
#3021=VECTOR('',#12934,1.);
#3022=VECTOR('',#12935,1.);
#3023=VECTOR('',#12936,1.);
#3024=VECTOR('',#12939,1.);
#3025=VECTOR('',#12940,1.);
#3026=VECTOR('',#12941,1.);
#3027=VECTOR('',#12944,1.);
#3028=VECTOR('',#12945,1.);
#3029=VECTOR('',#12946,1.);
#3030=VECTOR('',#12949,1.);
#3031=VECTOR('',#12950,1.);
#3032=VECTOR('',#12953,1.);
#3033=VECTOR('',#12954,1.);
#3034=VECTOR('',#12955,1.);
#3035=VECTOR('',#12956,1.);
#3036=VECTOR('',#12959,1.);
#3037=VECTOR('',#12962,1.);
#3038=VECTOR('',#12963,1.);
#3039=VECTOR('',#12964,1.);
#3040=VECTOR('',#12967,1.);
#3041=VECTOR('',#12968,1.);
#3042=VECTOR('',#12971,1.);
#3043=VECTOR('',#12972,1.);
#3044=VECTOR('',#12973,1.);
#3045=VECTOR('',#12974,1.);
#3046=VECTOR('',#12977,1.);
#3047=VECTOR('',#12978,1.);
#3048=VECTOR('',#12979,1.);
#3049=VECTOR('',#12980,1.);
#3050=VECTOR('',#12983,1.);
#3051=VECTOR('',#12984,1.);
#3052=VECTOR('',#12985,1.);
#3053=VECTOR('',#12986,1.);
#3054=VECTOR('',#12989,1.);
#3055=VECTOR('',#12990,1.);
#3056=VECTOR('',#12991,1.);
#3057=VECTOR('',#12992,1.);
#3058=VECTOR('',#12995,1.);
#3059=VECTOR('',#12996,1.);
#3060=VECTOR('',#12997,1.);
#3061=VECTOR('',#12998,1.);
#3062=VECTOR('',#12999,1.);
#3063=VECTOR('',#13002,1.);
#3064=VECTOR('',#13003,1.);
#3065=VECTOR('',#13004,1.);
#3066=VECTOR('',#13005,1.);
#3067=VECTOR('',#13008,1.);
#3068=VECTOR('',#13009,1.);
#3069=VECTOR('',#13010,1.);
#3070=VECTOR('',#13013,1.);
#3071=VECTOR('',#13014,1.);
#3072=VECTOR('',#13015,1.);
#3073=VECTOR('',#13018,1.);
#3074=VECTOR('',#13019,1.);
#3075=VECTOR('',#13022,1.);
#3076=VECTOR('',#13023,1.);
#3077=VECTOR('',#13024,1.);
#3078=VECTOR('',#13025,1.);
#3079=VECTOR('',#13028,1.);
#3080=VECTOR('',#13031,1.);
#3081=VECTOR('',#13032,1.);
#3082=VECTOR('',#13033,1.);
#3083=VECTOR('',#13036,1.);
#3084=VECTOR('',#13037,1.);
#3085=VECTOR('',#13040,1.);
#3086=VECTOR('',#13041,1.);
#3087=VECTOR('',#13042,1.);
#3088=VECTOR('',#13043,1.);
#3089=VECTOR('',#13046,1.);
#3090=VECTOR('',#13047,1.);
#3091=VECTOR('',#13048,1.);
#3092=VECTOR('',#13049,1.);
#3093=VECTOR('',#13052,1.);
#3094=VECTOR('',#13053,1.);
#3095=VECTOR('',#13054,1.);
#3096=VECTOR('',#13055,1.);
#3097=VECTOR('',#13058,1.);
#3098=VECTOR('',#13059,1.);
#3099=VECTOR('',#13060,1.);
#3100=VECTOR('',#13061,1.);
#3101=VECTOR('',#13064,1.);
#3102=VECTOR('',#13065,1.);
#3103=VECTOR('',#13066,1.);
#3104=VECTOR('',#13067,1.);
#3105=VECTOR('',#13068,1.);
#3106=VECTOR('',#13071,1.);
#3107=VECTOR('',#13072,1.);
#3108=VECTOR('',#13073,1.);
#3109=VECTOR('',#13074,1.);
#3110=VECTOR('',#13077,1.);
#3111=VECTOR('',#13078,1.);
#3112=VECTOR('',#13079,1.);
#3113=VECTOR('',#13082,1.);
#3114=VECTOR('',#13083,1.);
#3115=VECTOR('',#13084,1.);
#3116=VECTOR('',#13087,1.);
#3117=VECTOR('',#13088,1.);
#3118=VECTOR('',#13091,1.);
#3119=VECTOR('',#13092,1.);
#3120=VECTOR('',#13093,1.);
#3121=VECTOR('',#13094,1.);
#3122=VECTOR('',#13097,1.);
#3123=VECTOR('',#13100,1.);
#3124=VECTOR('',#13101,1.);
#3125=VECTOR('',#13102,1.);
#3126=VECTOR('',#13105,1.);
#3127=VECTOR('',#13106,1.);
#3128=VECTOR('',#13109,1.);
#3129=VECTOR('',#13110,1.);
#3130=VECTOR('',#13111,1.);
#3131=VECTOR('',#13112,1.);
#3132=VECTOR('',#13115,1.);
#3133=VECTOR('',#13116,1.);
#3134=VECTOR('',#13117,1.);
#3135=VECTOR('',#13118,1.);
#3136=VECTOR('',#13121,1.);
#3137=VECTOR('',#13122,1.);
#3138=VECTOR('',#13123,1.);
#3139=VECTOR('',#13124,1.);
#3140=VECTOR('',#13127,1.);
#3141=VECTOR('',#13128,1.);
#3142=VECTOR('',#13129,1.);
#3143=VECTOR('',#13130,1.);
#3144=VECTOR('',#13133,1.);
#3145=VECTOR('',#13134,1.);
#3146=VECTOR('',#13135,1.);
#3147=VECTOR('',#13136,1.);
#3148=VECTOR('',#13137,1.);
#3149=VECTOR('',#13140,1.);
#3150=VECTOR('',#13141,1.);
#3151=VECTOR('',#13142,1.);
#3152=VECTOR('',#13143,1.);
#3153=VECTOR('',#13146,1.);
#3154=VECTOR('',#13147,1.);
#3155=VECTOR('',#13148,1.);
#3156=VECTOR('',#13151,1.);
#3157=VECTOR('',#13152,1.);
#3158=VECTOR('',#13153,1.);
#3159=VECTOR('',#13156,1.);
#3160=VECTOR('',#13157,1.);
#3161=VECTOR('',#13160,1.);
#3162=VECTOR('',#13161,1.);
#3163=VECTOR('',#13162,1.);
#3164=VECTOR('',#13163,1.);
#3165=VECTOR('',#13166,1.);
#3166=VECTOR('',#13169,1.);
#3167=VECTOR('',#13170,1.);
#3168=VECTOR('',#13171,1.);
#3169=VECTOR('',#13174,1.);
#3170=VECTOR('',#13175,1.);
#3171=VECTOR('',#13178,1.);
#3172=VECTOR('',#13179,1.);
#3173=VECTOR('',#13180,1.);
#3174=VECTOR('',#13181,1.);
#3175=VECTOR('',#13184,1.);
#3176=VECTOR('',#13185,1.);
#3177=VECTOR('',#13186,1.);
#3178=VECTOR('',#13187,1.);
#3179=VECTOR('',#13190,1.);
#3180=VECTOR('',#13191,1.);
#3181=VECTOR('',#13192,1.);
#3182=VECTOR('',#13193,1.);
#3183=VECTOR('',#13196,1.);
#3184=VECTOR('',#13197,1.);
#3185=VECTOR('',#13198,1.);
#3186=VECTOR('',#13199,1.);
#3187=VECTOR('',#13202,1.);
#3188=VECTOR('',#13203,1.);
#3189=VECTOR('',#13204,1.);
#3190=VECTOR('',#13205,1.);
#3191=VECTOR('',#13206,1.);
#3192=VECTOR('',#13209,1.);
#3193=VECTOR('',#13210,1.);
#3194=VECTOR('',#13211,1.);
#3195=VECTOR('',#13212,1.);
#3196=VECTOR('',#13215,1.);
#3197=VECTOR('',#13216,1.);
#3198=VECTOR('',#13217,1.);
#3199=VECTOR('',#13220,1.);
#3200=VECTOR('',#13221,1.);
#3201=VECTOR('',#13222,1.);
#3202=VECTOR('',#13225,1.);
#3203=VECTOR('',#13226,1.);
#3204=VECTOR('',#13229,1.);
#3205=VECTOR('',#13230,1.);
#3206=VECTOR('',#13231,1.);
#3207=VECTOR('',#13232,1.);
#3208=VECTOR('',#13235,1.);
#3209=VECTOR('',#13238,1.);
#3210=VECTOR('',#13239,1.);
#3211=VECTOR('',#13240,1.);
#3212=VECTOR('',#13243,1.);
#3213=VECTOR('',#13244,1.);
#3214=VECTOR('',#13247,1.);
#3215=VECTOR('',#13248,1.);
#3216=VECTOR('',#13249,1.);
#3217=VECTOR('',#13250,1.);
#3218=VECTOR('',#13253,1.);
#3219=VECTOR('',#13254,1.);
#3220=VECTOR('',#13255,1.);
#3221=VECTOR('',#13256,1.);
#3222=VECTOR('',#13259,1.);
#3223=VECTOR('',#13260,1.);
#3224=VECTOR('',#13261,1.);
#3225=VECTOR('',#13262,1.);
#3226=VECTOR('',#13265,1.);
#3227=VECTOR('',#13266,1.);
#3228=VECTOR('',#13267,1.);
#3229=VECTOR('',#13268,1.);
#3230=VECTOR('',#13271,1.);
#3231=VECTOR('',#13272,1.);
#3232=VECTOR('',#13273,1.);
#3233=VECTOR('',#13274,1.);
#3234=VECTOR('',#13275,1.);
#3235=VECTOR('',#13278,1.);
#3236=VECTOR('',#13279,1.);
#3237=VECTOR('',#13280,1.);
#3238=VECTOR('',#13281,1.);
#3239=VECTOR('',#13284,1.);
#3240=VECTOR('',#13285,1.);
#3241=VECTOR('',#13286,1.);
#3242=VECTOR('',#13289,1.);
#3243=VECTOR('',#13290,1.);
#3244=VECTOR('',#13291,1.);
#3245=VECTOR('',#13294,1.);
#3246=VECTOR('',#13295,1.);
#3247=VECTOR('',#13298,1.);
#3248=VECTOR('',#13299,1.);
#3249=VECTOR('',#13300,1.);
#3250=VECTOR('',#13301,1.);
#3251=VECTOR('',#13304,1.);
#3252=VECTOR('',#13307,1.);
#3253=VECTOR('',#13308,1.);
#3254=VECTOR('',#13309,1.);
#3255=VECTOR('',#13312,1.);
#3256=VECTOR('',#13313,1.);
#3257=VECTOR('',#13316,1.);
#3258=VECTOR('',#13317,1.);
#3259=VECTOR('',#13318,1.);
#3260=VECTOR('',#13319,1.);
#3261=VECTOR('',#13322,1.);
#3262=VECTOR('',#13323,1.);
#3263=VECTOR('',#13324,1.);
#3264=VECTOR('',#13325,1.);
#3265=VECTOR('',#13328,1.);
#3266=VECTOR('',#13329,1.);
#3267=VECTOR('',#13330,1.);
#3268=VECTOR('',#13331,1.);
#3269=VECTOR('',#13334,1.);
#3270=VECTOR('',#13335,1.);
#3271=VECTOR('',#13336,1.);
#3272=VECTOR('',#13337,1.);
#3273=VECTOR('',#13340,1.);
#3274=VECTOR('',#13341,1.);
#3275=VECTOR('',#13342,1.);
#3276=VECTOR('',#13343,1.);
#3277=VECTOR('',#13344,1.);
#3278=VECTOR('',#13347,1.);
#3279=VECTOR('',#13348,1.);
#3280=VECTOR('',#13349,1.);
#3281=VECTOR('',#13350,1.);
#3282=VECTOR('',#13353,1.);
#3283=VECTOR('',#13354,1.);
#3284=VECTOR('',#13355,1.);
#3285=VECTOR('',#13358,1.);
#3286=VECTOR('',#13359,1.);
#3287=VECTOR('',#13360,1.);
#3288=VECTOR('',#13363,1.);
#3289=VECTOR('',#13364,1.);
#3290=VECTOR('',#13367,1.);
#3291=VECTOR('',#13368,1.);
#3292=VECTOR('',#13369,1.);
#3293=VECTOR('',#13370,1.);
#3294=VECTOR('',#13373,1.);
#3295=VECTOR('',#13376,1.);
#3296=VECTOR('',#13377,1.);
#3297=VECTOR('',#13378,1.);
#3298=VECTOR('',#13381,1.);
#3299=VECTOR('',#13382,1.);
#3300=VECTOR('',#13385,1.);
#3301=VECTOR('',#13386,1.);
#3302=VECTOR('',#13387,1.);
#3303=VECTOR('',#13388,1.);
#3304=VECTOR('',#13391,1.);
#3305=VECTOR('',#13392,1.);
#3306=VECTOR('',#13393,1.);
#3307=VECTOR('',#13394,1.);
#3308=VECTOR('',#13397,1.);
#3309=VECTOR('',#13398,1.);
#3310=VECTOR('',#13399,1.);
#3311=VECTOR('',#13400,1.);
#3312=VECTOR('',#13403,1.);
#3313=VECTOR('',#13404,1.);
#3314=VECTOR('',#13405,1.);
#3315=VECTOR('',#13406,1.);
#3316=VECTOR('',#13409,1.);
#3317=VECTOR('',#13410,1.);
#3318=VECTOR('',#13411,1.);
#3319=VECTOR('',#13412,1.);
#3320=VECTOR('',#13413,1.);
#3321=VECTOR('',#13416,1.);
#3322=VECTOR('',#13417,1.);
#3323=VECTOR('',#13418,1.);
#3324=VECTOR('',#13419,1.);
#3325=VECTOR('',#13422,1.);
#3326=VECTOR('',#13423,1.);
#3327=VECTOR('',#13424,1.);
#3328=VECTOR('',#13427,1.);
#3329=VECTOR('',#13428,1.);
#3330=VECTOR('',#13429,1.);
#3331=VECTOR('',#13432,1.);
#3332=VECTOR('',#13433,1.);
#3333=VECTOR('',#13436,1.);
#3334=VECTOR('',#13437,1.);
#3335=VECTOR('',#13438,1.);
#3336=VECTOR('',#13439,1.);
#3337=VECTOR('',#13442,1.);
#3338=VECTOR('',#13445,1.);
#3339=VECTOR('',#13446,1.);
#3340=VECTOR('',#13447,1.);
#3341=VECTOR('',#13450,1.);
#3342=VECTOR('',#13451,1.);
#3343=VECTOR('',#13454,1.);
#3344=VECTOR('',#13455,1.);
#3345=VECTOR('',#13456,1.);
#3346=VECTOR('',#13457,1.);
#3347=VECTOR('',#13460,1.);
#3348=VECTOR('',#13461,1.);
#3349=VECTOR('',#13462,1.);
#3350=VECTOR('',#13463,1.);
#3351=VECTOR('',#13466,1.);
#3352=VECTOR('',#13467,1.);
#3353=VECTOR('',#13468,1.);
#3354=VECTOR('',#13469,1.);
#3355=VECTOR('',#13472,1.);
#3356=VECTOR('',#13473,1.);
#3357=VECTOR('',#13474,1.);
#3358=VECTOR('',#13475,1.);
#3359=VECTOR('',#13478,1.);
#3360=VECTOR('',#13479,1.);
#3361=VECTOR('',#13480,1.);
#3362=VECTOR('',#13481,1.);
#3363=VECTOR('',#13482,1.);
#3364=VECTOR('',#13485,1.);
#3365=VECTOR('',#13486,1.);
#3366=VECTOR('',#13487,1.);
#3367=VECTOR('',#13490,1.);
#3368=VECTOR('',#13491,1.);
#3369=VECTOR('',#13492,1.);
#3370=VECTOR('',#13495,1.);
#3371=VECTOR('',#13496,1.);
#3372=VECTOR('',#13499,1.);
#3373=VECTOR('',#13500,1.);
#3374=VECTOR('',#13501,1.);
#3375=VECTOR('',#13502,1.);
#3376=VECTOR('',#13505,1.);
#3377=VECTOR('',#13508,1.);
#3378=VECTOR('',#13509,1.);
#3379=VECTOR('',#13510,1.);
#3380=VECTOR('',#13513,1.);
#3381=VECTOR('',#13514,1.);
#3382=VECTOR('',#13517,1.);
#3383=VECTOR('',#13518,1.);
#3384=VECTOR('',#13519,1.);
#3385=VECTOR('',#13520,1.);
#3386=VECTOR('',#13523,1.);
#3387=VECTOR('',#13524,1.);
#3388=VECTOR('',#13525,1.);
#3389=VECTOR('',#13526,1.);
#3390=VECTOR('',#13529,1.00000000000064);
#3391=VECTOR('',#13530,1.);
#3392=VECTOR('',#13531,1.00000000000064);
#3393=VECTOR('',#13534,1.);
#3394=VECTOR('',#13535,1.00000000000064);
#3395=VECTOR('',#13536,1.00000000000064);
#3396=VECTOR('',#13539,1.);
#3397=VECTOR('',#13540,1.);
#3398=VECTOR('',#13541,1.);
#3399=VECTOR('',#13542,1.);
#3400=VECTOR('',#13545,1.00000000000064);
#3401=VECTOR('',#13546,1.);
#3402=VECTOR('',#13547,1.00000000000064);
#3403=VECTOR('',#13550,1.);
#3404=VECTOR('',#13551,1.00000000000064);
#3405=VECTOR('',#13552,1.00000000000064);
#3406=VECTOR('',#13555,1.);
#3407=VECTOR('',#13556,1.);
#3408=VECTOR('',#13557,1.);
#3409=VECTOR('',#13560,1.);
#3410=VECTOR('',#13561,1.);
#3411=VECTOR('',#13562,1.);
#3412=VECTOR('',#13565,1.);
#3413=VECTOR('',#13566,1.);
#3414=VECTOR('',#13567,1.);
#3415=VECTOR('',#13568,1.);
#3416=VECTOR('',#13571,1.00000000000064);
#3417=VECTOR('',#13572,1.);
#3418=VECTOR('',#13573,1.00000000000064);
#3419=VECTOR('',#13576,1.);
#3420=VECTOR('',#13577,1.00000000000064);
#3421=VECTOR('',#13578,1.00000000000064);
#3422=VECTOR('',#13581,1.);
#3423=VECTOR('',#13582,1.);
#3424=VECTOR('',#13583,1.);
#3425=VECTOR('',#13586,1.);
#3426=VECTOR('',#13587,1.);
#3427=VECTOR('',#13588,1.);
#3428=VECTOR('',#13591,1.);
#3429=VECTOR('',#13592,1.);
#3430=VECTOR('',#13593,1.);
#3431=VECTOR('',#13594,1.);
#3432=VECTOR('',#13597,1.00000000000064);
#3433=VECTOR('',#13598,1.);
#3434=VECTOR('',#13599,1.00000000000064);
#3435=VECTOR('',#13602,1.);
#3436=VECTOR('',#13603,1.00000000000064);
#3437=VECTOR('',#13604,1.00000000000064);
#3438=VECTOR('',#13607,1.);
#3439=VECTOR('',#13608,1.);
#3440=VECTOR('',#13609,1.);
#3441=VECTOR('',#13612,1.);
#3442=VECTOR('',#13613,1.);
#3443=VECTOR('',#13614,1.);
#3444=VECTOR('',#13617,1.);
#3445=VECTOR('',#13618,1.);
#3446=VECTOR('',#13619,1.);
#3447=VECTOR('',#13620,1.);
#3448=VECTOR('',#13623,1.00000000000064);
#3449=VECTOR('',#13624,1.);
#3450=VECTOR('',#13625,1.00000000000064);
#3451=VECTOR('',#13628,1.);
#3452=VECTOR('',#13629,1.00000000000064);
#3453=VECTOR('',#13630,1.00000000000064);
#3454=VECTOR('',#13633,1.);
#3455=VECTOR('',#13634,1.);
#3456=VECTOR('',#13635,1.);
#3457=VECTOR('',#13638,1.);
#3458=VECTOR('',#13639,1.);
#3459=VECTOR('',#13640,1.);
#3460=VECTOR('',#13643,1.00000000000065);
#3461=VECTOR('',#13644,1.);
#3462=VECTOR('',#13645,1.00000000000065);
#3463=VECTOR('',#13646,1.);
#3464=VECTOR('',#13649,1.00000000000065);
#3465=VECTOR('',#13650,1.);
#3466=VECTOR('',#13651,1.);
#3467=VECTOR('',#13654,1.00000000000065);
#3468=VECTOR('',#13655,1.);
#3469=VECTOR('',#13656,1.);
#3470=VECTOR('',#13657,1.);
#3471=VECTOR('',#13660,1.);
#3472=VECTOR('',#13661,1.);
#3473=VECTOR('',#13664,1.00000000000065);
#3474=VECTOR('',#13665,1.);
#3475=VECTOR('',#13666,1.00000000000065);
#3476=VECTOR('',#13667,1.);
#3477=VECTOR('',#13670,1.00000000000065);
#3478=VECTOR('',#13671,1.);
#3479=VECTOR('',#13672,1.);
#3480=VECTOR('',#13675,1.00000000000065);
#3481=VECTOR('',#13676,1.);
#3482=VECTOR('',#13677,1.);
#3483=VECTOR('',#13678,1.);
#3484=VECTOR('',#13681,1.);
#3485=VECTOR('',#13682,1.);
#3486=VECTOR('',#13685,1.00000000000065);
#3487=VECTOR('',#13686,1.);
#3488=VECTOR('',#13687,1.00000000000065);
#3489=VECTOR('',#13688,1.);
#3490=VECTOR('',#13691,1.00000000000065);
#3491=VECTOR('',#13692,1.);
#3492=VECTOR('',#13693,1.);
#3493=VECTOR('',#13696,1.00000000000065);
#3494=VECTOR('',#13697,1.);
#3495=VECTOR('',#13698,1.);
#3496=VECTOR('',#13699,1.);
#3497=VECTOR('',#13702,1.);
#3498=VECTOR('',#13703,1.);
#3499=VECTOR('',#13706,1.00000000000065);
#3500=VECTOR('',#13707,1.);
#3501=VECTOR('',#13708,1.00000000000065);
#3502=VECTOR('',#13709,1.);
#3503=VECTOR('',#13712,1.00000000000065);
#3504=VECTOR('',#13713,1.);
#3505=VECTOR('',#13714,1.);
#3506=VECTOR('',#13717,1.00000000000065);
#3507=VECTOR('',#13718,1.);
#3508=VECTOR('',#13719,1.);
#3509=VECTOR('',#13720,1.);
#3510=VECTOR('',#13723,1.);
#3511=VECTOR('',#13724,1.);
#3512=VECTOR('',#13727,1.00000000000065);
#3513=VECTOR('',#13728,1.);
#3514=VECTOR('',#13729,1.00000000000065);
#3515=VECTOR('',#13730,1.);
#3516=VECTOR('',#13733,1.00000000000065);
#3517=VECTOR('',#13734,1.);
#3518=VECTOR('',#13735,1.);
#3519=VECTOR('',#13738,1.00000000000065);
#3520=VECTOR('',#13739,1.);
#3521=VECTOR('',#13740,1.);
#3522=VECTOR('',#13741,1.);
#3523=VECTOR('',#13744,1.);
#3524=VECTOR('',#13745,1.);
#3525=VECTOR('',#13748,1.00000000000065);
#3526=VECTOR('',#13749,1.);
#3527=VECTOR('',#13750,1.00000000000065);
#3528=VECTOR('',#13751,1.);
#3529=VECTOR('',#13754,1.00000000000065);
#3530=VECTOR('',#13755,1.);
#3531=VECTOR('',#13756,1.);
#3532=VECTOR('',#13759,1.00000000000065);
#3533=VECTOR('',#13760,1.);
#3534=VECTOR('',#13761,1.);
#3535=VECTOR('',#13762,1.);
#3536=VECTOR('',#13765,1.);
#3537=VECTOR('',#13766,1.);
#3538=VECTOR('',#13769,1.00000000000065);
#3539=VECTOR('',#13770,1.);
#3540=VECTOR('',#13771,1.00000000000065);
#3541=VECTOR('',#13772,1.);
#3542=VECTOR('',#13775,1.00000000000065);
#3543=VECTOR('',#13776,1.);
#3544=VECTOR('',#13777,1.);
#3545=VECTOR('',#13780,1.00000000000065);
#3546=VECTOR('',#13781,1.);
#3547=VECTOR('',#13782,1.);
#3548=VECTOR('',#13783,1.);
#3549=VECTOR('',#13786,1.);
#3550=VECTOR('',#13787,1.);
#3551=VECTOR('',#13790,1.00000000000065);
#3552=VECTOR('',#13791,1.);
#3553=VECTOR('',#13792,1.00000000000065);
#3554=VECTOR('',#13793,1.);
#3555=VECTOR('',#13796,1.00000000000065);
#3556=VECTOR('',#13797,1.);
#3557=VECTOR('',#13798,1.);
#3558=VECTOR('',#13801,1.00000000000065);
#3559=VECTOR('',#13802,1.);
#3560=VECTOR('',#13803,1.);
#3561=VECTOR('',#13804,1.);
#3562=VECTOR('',#13807,1.);
#3563=VECTOR('',#13808,1.);
#3564=VECTOR('',#13811,1.00000000000065);
#3565=VECTOR('',#13812,1.);
#3566=VECTOR('',#13813,1.00000000000065);
#3567=VECTOR('',#13814,1.);
#3568=VECTOR('',#13817,1.00000000000065);
#3569=VECTOR('',#13818,1.);
#3570=VECTOR('',#13819,1.);
#3571=VECTOR('',#13822,1.00000000000065);
#3572=VECTOR('',#13823,1.);
#3573=VECTOR('',#13824,1.);
#3574=VECTOR('',#13825,1.);
#3575=VECTOR('',#13828,1.);
#3576=VECTOR('',#13829,1.);
#3577=VECTOR('',#13832,1.00000000000065);
#3578=VECTOR('',#13833,1.);
#3579=VECTOR('',#13834,1.00000000000065);
#3580=VECTOR('',#13835,1.);
#3581=VECTOR('',#13838,1.00000000000065);
#3582=VECTOR('',#13839,1.);
#3583=VECTOR('',#13840,1.);
#3584=VECTOR('',#13843,1.00000000000065);
#3585=VECTOR('',#13844,1.);
#3586=VECTOR('',#13845,1.);
#3587=VECTOR('',#13846,1.);
#3588=VECTOR('',#13849,1.);
#3589=VECTOR('',#13850,1.);
#3590=VECTOR('',#13853,1.);
#3591=VECTOR('',#13854,1.);
#3592=VECTOR('',#13855,1.);
#3593=VECTOR('',#13856,1.);
#3594=VECTOR('',#13859,1.00000000000064);
#3595=VECTOR('',#13860,1.);
#3596=VECTOR('',#13861,1.00000000000064);
#3597=VECTOR('',#13864,1.);
#3598=VECTOR('',#13865,1.00000000000064);
#3599=VECTOR('',#13866,1.00000000000064);
#3600=VECTOR('',#13869,1.);
#3601=VECTOR('',#13870,1.);
#3602=VECTOR('',#13871,1.);
#3603=VECTOR('',#13874,1.);
#3604=VECTOR('',#13875,1.);
#3605=VECTOR('',#13876,1.);
#3606=VECTOR('',#13879,1.);
#3607=VECTOR('',#13880,1.);
#3608=VECTOR('',#13881,1.);
#3609=VECTOR('',#13882,1.);
#3610=VECTOR('',#13885,1.00000000000064);
#3611=VECTOR('',#13886,1.);
#3612=VECTOR('',#13887,1.00000000000064);
#3613=VECTOR('',#13890,1.);
#3614=VECTOR('',#13891,1.00000000000064);
#3615=VECTOR('',#13892,1.00000000000064);
#3616=VECTOR('',#13895,1.);
#3617=VECTOR('',#13896,1.);
#3618=VECTOR('',#13897,1.);
#3619=VECTOR('',#13900,1.);
#3620=VECTOR('',#13901,1.);
#3621=VECTOR('',#13902,1.);
#3622=VECTOR('',#13905,1.);
#3623=VECTOR('',#13906,1.);
#3624=VECTOR('',#13907,1.);
#3625=VECTOR('',#13908,1.);
#3626=VECTOR('',#13911,1.00000000000064);
#3627=VECTOR('',#13912,1.);
#3628=VECTOR('',#13913,1.00000000000064);
#3629=VECTOR('',#13916,1.);
#3630=VECTOR('',#13917,1.00000000000064);
#3631=VECTOR('',#13918,1.00000000000064);
#3632=VECTOR('',#13921,1.);
#3633=VECTOR('',#13922,1.);
#3634=VECTOR('',#13923,1.);
#3635=VECTOR('',#13926,1.);
#3636=VECTOR('',#13927,1.);
#3637=VECTOR('',#13928,1.);
#3638=VECTOR('',#13931,1.);
#3639=VECTOR('',#13932,1.);
#3640=VECTOR('',#13933,1.);
#3641=VECTOR('',#13934,1.);
#3642=VECTOR('',#13937,1.00000000000064);
#3643=VECTOR('',#13938,1.);
#3644=VECTOR('',#13939,1.00000000000064);
#3645=VECTOR('',#13942,1.);
#3646=VECTOR('',#13943,1.00000000000064);
#3647=VECTOR('',#13944,1.00000000000064);
#3648=VECTOR('',#13947,1.);
#3649=VECTOR('',#13948,1.);
#3650=VECTOR('',#13949,1.);
#3651=VECTOR('',#13952,1.);
#3652=VECTOR('',#13953,1.);
#3653=VECTOR('',#13954,1.);
#3654=VECTOR('',#13957,1.);
#3655=VECTOR('',#13958,1.);
#3656=VECTOR('',#13959,1.);
#3657=VECTOR('',#13960,1.);
#3658=VECTOR('',#13963,1.00000000000064);
#3659=VECTOR('',#13964,1.);
#3660=VECTOR('',#13965,1.00000000000064);
#3661=VECTOR('',#13968,1.);
#3662=VECTOR('',#13969,1.00000000000064);
#3663=VECTOR('',#13970,1.00000000000064);
#3664=VECTOR('',#13973,1.);
#3665=VECTOR('',#13974,1.);
#3666=VECTOR('',#13975,1.);
#3667=VECTOR('',#13978,1.);
#3668=VECTOR('',#13979,1.);
#3669=VECTOR('',#13980,1.);
#3670=VECTOR('',#13983,1.);
#3671=VECTOR('',#13984,1.);
#3672=VECTOR('',#13985,1.);
#3673=VECTOR('',#13988,1.);
#3674=VECTOR('',#13989,1.);
#3675=VECTOR('',#13992,1.);
#3676=VECTOR('',#13995,1.);
#3677=VECTOR('',#13996,1.);
#3678=VECTOR('',#13997,1.);
#3679=VECTOR('',#14000,1.);
#3680=VECTOR('',#14001,1.);
#3681=VECTOR('',#14002,1.);
#3682=VECTOR('',#14005,1.);
#3683=VECTOR('',#14006,1.);
#3684=VECTOR('',#14009,1.);
#3685=VECTOR('',#14010,1.);
#3686=VECTOR('',#14013,1.);
#3687=VECTOR('',#14014,1.);
#3688=VECTOR('',#14015,1.);
#3689=VECTOR('',#14018,1.);
#3690=VECTOR('',#14019,1.);
#3691=VECTOR('',#14020,1.);
#3692=VECTOR('',#14023,1.);
#3693=VECTOR('',#14024,1.);
#3694=VECTOR('',#14027,1.);
#3695=VECTOR('',#14030,1.);
#3696=VECTOR('',#14031,1.);
#3697=VECTOR('',#14032,1.);
#3698=VECTOR('',#14035,1.);
#3699=VECTOR('',#14036,1.);
#3700=VECTOR('',#14039,1.);
#3701=VECTOR('',#14040,1.);
#3702=VECTOR('',#14043,1.);
#3703=VECTOR('',#14044,1.);
#3704=VECTOR('',#14047,1.);
#3705=VECTOR('',#14048,1.);
#3706=VECTOR('',#14049,1.);
#3707=VECTOR('',#14052,1.);
#3708=VECTOR('',#14053,1.);
#3709=VECTOR('',#14054,1.);
#3710=VECTOR('',#14057,1.);
#3711=VECTOR('',#14058,1.);
#3712=VECTOR('',#14061,1.);
#3713=VECTOR('',#14064,1.);
#3714=VECTOR('',#14065,1.);
#3715=VECTOR('',#14066,1.);
#3716=VECTOR('',#14069,1.);
#3717=VECTOR('',#14070,1.);
#3718=VECTOR('',#14073,1.);
#3719=VECTOR('',#14074,1.);
#3720=VECTOR('',#14077,1.);
#3721=VECTOR('',#14078,1.);
#3722=VECTOR('',#14081,1.);
#3723=VECTOR('',#14082,1.);
#3724=VECTOR('',#14083,1.);
#3725=VECTOR('',#14086,1.);
#3726=VECTOR('',#14087,1.);
#3727=VECTOR('',#14088,1.);
#3728=VECTOR('',#14091,1.);
#3729=VECTOR('',#14092,1.);
#3730=VECTOR('',#14095,1.);
#3731=VECTOR('',#14098,1.);
#3732=VECTOR('',#14099,1.);
#3733=VECTOR('',#14100,1.);
#3734=VECTOR('',#14103,1.);
#3735=VECTOR('',#14104,1.);
#3736=VECTOR('',#14107,1.);
#3737=VECTOR('',#14108,1.);
#3738=VECTOR('',#14111,1.);
#3739=VECTOR('',#14112,1.);
#3740=VECTOR('',#14115,1.);
#3741=VECTOR('',#14116,1.);
#3742=VECTOR('',#14117,1.);
#3743=VECTOR('',#14120,1.);
#3744=VECTOR('',#14121,1.);
#3745=VECTOR('',#14122,1.);
#3746=VECTOR('',#14125,1.);
#3747=VECTOR('',#14126,1.);
#3748=VECTOR('',#14129,1.);
#3749=VECTOR('',#14132,1.);
#3750=VECTOR('',#14133,1.);
#3751=VECTOR('',#14134,1.);
#3752=VECTOR('',#14137,1.);
#3753=VECTOR('',#14138,1.);
#3754=VECTOR('',#14141,1.);
#3755=VECTOR('',#14142,1.);
#3756=VECTOR('',#14145,1.);
#3757=VECTOR('',#14146,1.);
#3758=VECTOR('',#14149,1.);
#3759=VECTOR('',#14150,1.);
#3760=VECTOR('',#14151,1.);
#3761=VECTOR('',#14154,1.);
#3762=VECTOR('',#14155,1.);
#3763=VECTOR('',#14156,1.);
#3764=VECTOR('',#14159,1.);
#3765=VECTOR('',#14160,1.);
#3766=VECTOR('',#14163,1.);
#3767=VECTOR('',#14166,1.);
#3768=VECTOR('',#14167,1.);
#3769=VECTOR('',#14168,1.);
#3770=VECTOR('',#14171,1.);
#3771=VECTOR('',#14172,1.);
#3772=VECTOR('',#14175,1.);
#3773=VECTOR('',#14176,1.);
#3774=VECTOR('',#14179,1.);
#3775=VECTOR('',#14180,1.);
#3776=VECTOR('',#14183,1.);
#3777=VECTOR('',#14184,1.);
#3778=VECTOR('',#14185,1.);
#3779=VECTOR('',#14188,1.);
#3780=VECTOR('',#14189,1.);
#3781=VECTOR('',#14190,1.);
#3782=VECTOR('',#14193,1.);
#3783=VECTOR('',#14194,1.);
#3784=VECTOR('',#14197,1.);
#3785=VECTOR('',#14200,1.);
#3786=VECTOR('',#14201,1.);
#3787=VECTOR('',#14202,1.);
#3788=VECTOR('',#14205,1.);
#3789=VECTOR('',#14206,1.);
#3790=VECTOR('',#14209,1.);
#3791=VECTOR('',#14210,1.);
#3792=VECTOR('',#14213,1.);
#3793=VECTOR('',#14214,1.);
#3794=VECTOR('',#14217,1.);
#3795=VECTOR('',#14218,1.);
#3796=VECTOR('',#14219,1.);
#3797=VECTOR('',#14222,1.);
#3798=VECTOR('',#14223,1.);
#3799=VECTOR('',#14224,1.);
#3800=VECTOR('',#14227,1.);
#3801=VECTOR('',#14228,1.);
#3802=VECTOR('',#14231,1.);
#3803=VECTOR('',#14234,1.);
#3804=VECTOR('',#14235,1.);
#3805=VECTOR('',#14236,1.);
#3806=VECTOR('',#14239,1.);
#3807=VECTOR('',#14240,1.);
#3808=VECTOR('',#14243,1.);
#3809=VECTOR('',#14244,1.);
#3810=VECTOR('',#14247,1.);
#3811=VECTOR('',#14248,1.);
#3812=VECTOR('',#14251,1.);
#3813=VECTOR('',#14252,1.);
#3814=VECTOR('',#14253,1.);
#3815=VECTOR('',#14256,1.);
#3816=VECTOR('',#14257,1.);
#3817=VECTOR('',#14258,1.);
#3818=VECTOR('',#14261,1.);
#3819=VECTOR('',#14262,1.);
#3820=VECTOR('',#14265,1.);
#3821=VECTOR('',#14268,1.);
#3822=VECTOR('',#14269,1.);
#3823=VECTOR('',#14270,1.);
#3824=VECTOR('',#14273,1.);
#3825=VECTOR('',#14274,1.);
#3826=VECTOR('',#14277,1.);
#3827=VECTOR('',#14278,1.);
#3828=VECTOR('',#14281,1.);
#3829=VECTOR('',#14282,1.);
#3830=VECTOR('',#14285,1.);
#3831=VECTOR('',#14286,1.);
#3832=VECTOR('',#14287,1.);
#3833=VECTOR('',#14290,1.);
#3834=VECTOR('',#14291,1.);
#3835=VECTOR('',#14292,1.);
#3836=VECTOR('',#14295,1.);
#3837=VECTOR('',#14296,1.);
#3838=VECTOR('',#14299,1.);
#3839=VECTOR('',#14302,1.);
#3840=VECTOR('',#14303,1.);
#3841=VECTOR('',#14306,1.);
#3842=VECTOR('',#14307,1.);
#3843=VECTOR('',#14310,1.);
#3844=VECTOR('',#14311,1.);
#3845=VECTOR('',#14312,1.);
#3846=VECTOR('',#14315,1.);
#3847=VECTOR('',#14316,1.);
#3848=VECTOR('',#14317,1.);
#3849=VECTOR('',#14320,1.);
#3850=VECTOR('',#14321,1.);
#3851=VECTOR('',#14322,1.);
#3852=VECTOR('',#14325,1.);
#3853=VECTOR('',#14326,1.);
#3854=VECTOR('',#14329,1.);
#3855=VECTOR('',#14330,1.);
#3856=VECTOR('',#14333,1.);
#3857=VECTOR('',#14336,1.);
#3858=VECTOR('',#14337,1.);
#3859=VECTOR('',#14338,1.);
#3860=VECTOR('',#14341,1.);
#3861=VECTOR('',#14342,1.);
#3862=VECTOR('',#14345,1.);
#3863=VECTOR('',#14346,1.);
#3864=VECTOR('',#14349,1.);
#3865=VECTOR('',#14352,1.);
#3866=VECTOR('',#14353,1.);
#3867=VECTOR('',#14356,1.);
#3868=VECTOR('',#14357,1.);
#3869=VECTOR('',#14360,1.);
#3870=VECTOR('',#14361,1.);
#3871=VECTOR('',#14364,1.);
#3872=VECTOR('',#14367,1.);
#3873=VECTOR('',#14368,1.);
#3874=VECTOR('',#14371,1.);
#3875=VECTOR('',#14372,1.);
#3876=VECTOR('',#14375,1.);
#3877=VECTOR('',#14376,1.);
#3878=VECTOR('',#14379,1.);
#3879=VECTOR('',#14382,1.);
#3880=VECTOR('',#14383,1.);
#3881=VECTOR('',#14386,1.);
#3882=VECTOR('',#14387,1.);
#3883=VECTOR('',#14390,1.);
#3884=VECTOR('',#14391,1.);
#3885=VECTOR('',#14394,1.);
#3886=VECTOR('',#14397,1.);
#3887=VECTOR('',#14398,1.);
#3888=VECTOR('',#14399,1.);
#3889=VECTOR('',#14402,1.);
#3890=VECTOR('',#14403,1.);
#3891=VECTOR('',#14406,1.);
#3892=VECTOR('',#14407,1.);
#3893=VECTOR('',#14410,1.);
#3894=VECTOR('',#14413,1.);
#3895=VECTOR('',#14414,1.);
#3896=VECTOR('',#14415,1.);
#3897=VECTOR('',#14418,1.);
#3898=VECTOR('',#14419,1.);
#3899=VECTOR('',#14422,1.);
#3900=VECTOR('',#14423,1.);
#3901=VECTOR('',#14426,1.);
#3902=VECTOR('',#14429,1.);
#3903=VECTOR('',#14430,1.);
#3904=VECTOR('',#14431,1.);
#3905=VECTOR('',#14434,1.);
#3906=VECTOR('',#14435,1.);
#3907=VECTOR('',#14438,1.);
#3908=VECTOR('',#14439,1.);
#3909=VECTOR('',#14442,1.);
#3910=VECTOR('',#14445,1.);
#3911=VECTOR('',#14446,1.);
#3912=VECTOR('',#14447,1.);
#3913=VECTOR('',#14450,1.);
#3914=VECTOR('',#14451,1.);
#3915=VECTOR('',#14454,1.);
#3916=VECTOR('',#14455,1.);
#3917=VECTOR('',#14458,1.);
#3918=VECTOR('',#14461,1.);
#3919=VECTOR('',#14462,1.);
#3920=VECTOR('',#14463,1.);
#3921=VECTOR('',#14466,1.);
#3922=VECTOR('',#14467,1.);
#3923=VECTOR('',#14470,1.);
#3924=VECTOR('',#14471,1.);
#3925=VECTOR('',#14474,1.);
#3926=VECTOR('',#14477,1.);
#3927=VECTOR('',#14478,1.);
#3928=VECTOR('',#14479,1.);
#3929=VECTOR('',#14482,1.);
#3930=VECTOR('',#14483,1.);
#3931=VECTOR('',#14486,1.);
#3932=VECTOR('',#14487,1.);
#3933=VECTOR('',#14490,1.);
#3934=VECTOR('',#14493,1.);
#3935=VECTOR('',#14494,1.);
#3936=VECTOR('',#14495,1.);
#3937=VECTOR('',#14498,1.);
#3938=VECTOR('',#14499,1.);
#3939=VECTOR('',#14502,1.);
#3940=VECTOR('',#14503,1.);
#3941=VECTOR('',#14506,1.);
#3942=VECTOR('',#14509,1.);
#3943=VECTOR('',#14510,1.);
#3944=VECTOR('',#14511,1.);
#3945=VECTOR('',#14514,1.);
#3946=VECTOR('',#14515,1.);
#3947=VECTOR('',#14518,1.);
#3948=VECTOR('',#14519,1.);
#3949=VECTOR('',#14522,1.);
#3950=VECTOR('',#14525,1.);
#3951=VECTOR('',#14526,1.);
#3952=VECTOR('',#14527,1.);
#3953=VECTOR('',#14530,1.);
#3954=VECTOR('',#14531,1.);
#3955=VECTOR('',#14534,1.);
#3956=VECTOR('',#14535,1.);
#3957=VECTOR('',#14538,1.);
#3958=VECTOR('',#14541,1.);
#3959=VECTOR('',#14542,1.);
#3960=VECTOR('',#14543,1.);
#3961=VECTOR('',#14546,1.);
#3962=VECTOR('',#14547,1.);
#3963=VECTOR('',#14550,1.);
#3964=VECTOR('',#14551,1.);
#3965=VECTOR('',#14554,1.);
#3966=VECTOR('',#14557,1.);
#3967=VECTOR('',#14558,1.);
#3968=VECTOR('',#14561,1.);
#3969=VECTOR('',#14562,1.);
#3970=VECTOR('',#14565,1.);
#3971=VECTOR('',#14568,1.);
#3972=VECTOR('',#14569,1.);
#3973=VECTOR('',#14572,1.);
#3974=VECTOR('',#14573,1.);
#3975=VECTOR('',#14576,1.);
#3976=VECTOR('',#14577,1.);
#3977=VECTOR('',#14580,1.);
#3978=VECTOR('',#14583,1.);
#3979=VECTOR('',#14584,1.);
#3980=VECTOR('',#14587,1.);
#3981=VECTOR('',#14588,1.);
#3982=VECTOR('',#14591,1.);
#3983=VECTOR('',#14592,1.);
#3984=VECTOR('',#14595,1.);
#3985=VECTOR('',#14598,1.);
#3986=VECTOR('',#14599,1.);
#3987=VECTOR('',#14602,1.);
#3988=VECTOR('',#14603,1.);
#3989=VECTOR('',#14606,1.);
#3990=VECTOR('',#14607,1.);
#3991=VECTOR('',#14610,1.);
#3992=VECTOR('',#14613,1.);
#3993=VECTOR('',#14614,1.);
#3994=VECTOR('',#14615,1.);
#3995=VECTOR('',#14618,1.);
#3996=VECTOR('',#14619,1.);
#3997=VECTOR('',#14622,1.);
#3998=VECTOR('',#14623,1.);
#3999=VECTOR('',#14626,1.);
#4000=VECTOR('',#14629,1.);
#4001=VECTOR('',#14632,1.);
#4002=VECTOR('',#14633,1.);
#4003=VECTOR('',#14634,1.);
#4004=VECTOR('',#14637,1.);
#4005=VECTOR('',#14638,1.);
#4006=VECTOR('',#14641,1.);
#4007=VECTOR('',#14642,1.);
#4008=VECTOR('',#14645,1.);
#4009=VECTOR('',#14646,1.);
#4010=VECTOR('',#14649,1.);
#4011=VECTOR('',#14650,1.);
#4012=VECTOR('',#14653,1.);
#4013=VECTOR('',#14654,1.);
#4014=VECTOR('',#14657,1.);
#4015=VECTOR('',#14658,1.);
#4016=VECTOR('',#14659,1.);
#4017=VECTOR('',#14662,1.);
#4018=VECTOR('',#14665,1.);
#4019=VECTOR('',#14666,1.);
#4020=VECTOR('',#14669,1.);
#4021=VECTOR('',#14670,1.);
#4022=VECTOR('',#14673,1.);
#4023=VECTOR('',#14674,1.);
#4024=VECTOR('',#14677,1.);
#4025=VECTOR('',#14678,1.);
#4026=VECTOR('',#14681,1.);
#4027=VECTOR('',#14682,1.);
#4028=VECTOR('',#14683,1.);
#4029=VECTOR('',#14686,1.);
#4030=VECTOR('',#14689,1.);
#4031=VECTOR('',#14690,1.);
#4032=VECTOR('',#14693,1.);
#4033=VECTOR('',#14694,1.);
#4034=VECTOR('',#14697,1.);
#4035=VECTOR('',#14698,1.);
#4036=VECTOR('',#14701,1.);
#4037=VECTOR('',#14702,1.);
#4038=VECTOR('',#14705,1.);
#4039=VECTOR('',#14706,1.);
#4040=VECTOR('',#14707,1.);
#4041=VECTOR('',#14710,1.);
#4042=VECTOR('',#14713,1.);
#4043=VECTOR('',#14714,1.);
#4044=VECTOR('',#14717,1.);
#4045=VECTOR('',#14718,1.);
#4046=VECTOR('',#14721,1.);
#4047=VECTOR('',#14722,1.);
#4048=VECTOR('',#14725,1.);
#4049=VECTOR('',#14726,1.);
#4050=VECTOR('',#14729,1.);
#4051=VECTOR('',#14730,1.);
#4052=VECTOR('',#14731,1.);
#4053=VECTOR('',#14734,1.);
#4054=VECTOR('',#14737,1.);
#4055=VECTOR('',#14738,1.);
#4056=VECTOR('',#14741,1.);
#4057=VECTOR('',#14742,1.);
#4058=VECTOR('',#14745,1.);
#4059=VECTOR('',#14746,1.);
#4060=VECTOR('',#14749,1.);
#4061=VECTOR('',#14750,1.);
#4062=VECTOR('',#14751,1.);
#4063=VECTOR('',#14754,1.);
#4064=VECTOR('',#14755,1.);
#4065=VECTOR('',#14758,1.);
#4066=VECTOR('',#14759,1.);
#4067=VECTOR('',#14762,1.);
#4068=VECTOR('',#14763,1.);
#4069=VECTOR('',#14766,1.);
#4070=VECTOR('',#14767,1.);
#4071=VECTOR('',#14770,1.);
#4072=VECTOR('',#14771,1.);
#4073=VECTOR('',#14774,1.);
#4074=VECTOR('',#14775,1.);
#4075=VECTOR('',#14776,1.);
#4076=VECTOR('',#14779,1.);
#4077=VECTOR('',#14782,1.);
#4078=VECTOR('',#14783,1.);
#4079=VECTOR('',#14786,1.);
#4080=VECTOR('',#14787,1.);
#4081=VECTOR('',#14790,1.);
#4082=VECTOR('',#14791,1.);
#4083=VECTOR('',#14794,1.);
#4084=VECTOR('',#14795,1.);
#4085=VECTOR('',#14798,1.);
#4086=VECTOR('',#14799,1.);
#4087=VECTOR('',#14800,1.);
#4088=VECTOR('',#14803,1.);
#4089=VECTOR('',#14806,1.);
#4090=VECTOR('',#14807,1.);
#4091=VECTOR('',#14810,1.);
#4092=VECTOR('',#14811,1.);
#4093=VECTOR('',#14814,1.);
#4094=VECTOR('',#14815,1.);
#4095=VECTOR('',#14818,1.);
#4096=VECTOR('',#14819,1.);
#4097=VECTOR('',#14822,1.);
#4098=VECTOR('',#14823,1.);
#4099=VECTOR('',#14824,1.);
#4100=VECTOR('',#14827,1.);
#4101=VECTOR('',#14830,1.);
#4102=VECTOR('',#14831,1.);
#4103=VECTOR('',#14834,1.);
#4104=VECTOR('',#14835,1.);
#4105=VECTOR('',#14838,1.);
#4106=VECTOR('',#14839,1.);
#4107=VECTOR('',#14842,1.);
#4108=VECTOR('',#14843,1.);
#4109=VECTOR('',#14846,1.);
#4110=VECTOR('',#14847,1.);
#4111=VECTOR('',#14848,1.);
#4112=VECTOR('',#14851,1.);
#4113=VECTOR('',#14854,1.);
#4114=VECTOR('',#14855,1.);
#4115=VECTOR('',#14858,1.);
#4116=VECTOR('',#14859,1.);
#4117=VECTOR('',#14862,1.);
#4118=VECTOR('',#14863,1.);
#4119=VECTOR('',#14866,1.);
#4120=VECTOR('',#14869,1.);
#4121=VECTOR('',#14870,1.);
#4122=VECTOR('',#14871,1.);
#4123=VECTOR('',#14874,1.);
#4124=VECTOR('',#14875,1.);
#4125=VECTOR('',#14878,1.);
#4126=VECTOR('',#14879,1.);
#4127=VECTOR('',#14880,1.);
#4128=VECTOR('',#14883,1.);
#4129=VECTOR('',#14884,1.);
#4130=VECTOR('',#14887,1.);
#4131=VECTOR('',#14888,1.);
#4132=VECTOR('',#14889,1.);
#4133=VECTOR('',#14890,1.);
#4134=VECTOR('',#14893,1.);
#4135=VECTOR('',#14894,1.);
#4136=VECTOR('',#14895,1.);
#4137=VECTOR('',#14898,1.);
#4138=VECTOR('',#14899,1.);
#4139=VECTOR('',#14902,1.);
#4140=VECTOR('',#14903,1.);
#4141=VECTOR('',#14904,1.);
#4142=VECTOR('',#14905,1.);
#4143=VECTOR('',#14906,1.);
#4144=VECTOR('',#14909,1.);
#4145=VECTOR('',#14910,1.);
#4146=VECTOR('',#14911,1.);
#4147=VECTOR('',#14912,1.);
#4148=VECTOR('',#14915,1.);
#4149=VECTOR('',#14916,1.);
#4150=VECTOR('',#14917,1.);
#4151=VECTOR('',#14918,1.);
#4152=VECTOR('',#14919,1.);
#4153=VECTOR('',#14920,1.);
#4154=VECTOR('',#14921,1.);
#4155=VECTOR('',#14924,1.);
#4156=VECTOR('',#14925,1.);
#4157=VECTOR('',#14926,1.);
#4158=VECTOR('',#14927,1.);
#4159=VECTOR('',#14928,1.);
#4160=VECTOR('',#14931,1.);
#4161=VECTOR('',#14932,1.);
#4162=VECTOR('',#14933,1.);
#4163=VECTOR('',#14934,1.);
#4164=VECTOR('',#14937,1.);
#4165=VECTOR('',#14938,1.);
#4166=VECTOR('',#14939,1.);
#4167=VECTOR('',#14940,1.);
#4168=VECTOR('',#14941,1.);
#4169=VECTOR('',#14944,1.);
#4170=VECTOR('',#14945,1.);
#4171=VECTOR('',#14946,1.);
#4172=VECTOR('',#14947,1.);
#4173=VECTOR('',#14948,1.);
#4174=VECTOR('',#14951,1.);
#4175=VECTOR('',#14952,1.);
#4176=VECTOR('',#14953,1.);
#4177=VECTOR('',#14954,1.);
#4178=VECTOR('',#14955,1.);
#4179=VECTOR('',#14956,1.);
#4180=VECTOR('',#14957,1.);
#4181=VECTOR('',#14960,1.);
#4182=VECTOR('',#14961,1.);
#4183=VECTOR('',#14962,1.);
#4184=VECTOR('',#14963,1.);
#4185=VECTOR('',#14964,1.);
#4186=VECTOR('',#14967,1.);
#4187=VECTOR('',#14968,1.);
#4188=VECTOR('',#14969,1.);
#4189=VECTOR('',#14970,1.);
#4190=VECTOR('',#14973,1.);
#4191=VECTOR('',#14974,1.);
#4192=VECTOR('',#14977,1.);
#4193=VECTOR('',#14978,1.);
#4194=VECTOR('',#14981,1.);
#4195=VECTOR('',#14982,1.);
#4196=VECTOR('',#14983,1.);
#4197=VECTOR('',#14984,1.);
#4198=VECTOR('',#14987,1.);
#4199=VECTOR('',#14988,1.00000000000064);
#4200=VECTOR('',#14989,1.);
#4201=VECTOR('',#14990,1.00000000000064);
#4202=VECTOR('',#14991,1.);
#4203=VECTOR('',#14994,1.);
#4204=VECTOR('',#14995,1.);
#4205=VECTOR('',#14996,1.);
#4206=VECTOR('',#14999,1.);
#4207=VECTOR('',#15000,1.);
#4208=VECTOR('',#15001,1.);
#4209=VECTOR('',#15002,1.);
#4210=VECTOR('',#15005,1.);
#4211=VECTOR('',#15006,1.);
#4212=VECTOR('',#15007,1.);
#4213=VECTOR('',#15010,1.);
#4214=VECTOR('',#15011,1.);
#4215=VECTOR('',#15012,1.);
#4216=VECTOR('',#15015,1.);
#4217=VECTOR('',#15016,1.);
#4218=VECTOR('',#15019,1.);
#4219=VECTOR('',#15020,1.);
#4220=VECTOR('',#15021,1.);
#4221=VECTOR('',#15022,1.);
#4222=VECTOR('',#15025,1.);
#4223=VECTOR('',#15026,1.);
#4224=VECTOR('',#15027,1.);
#4225=VECTOR('',#15030,1.);
#4226=VECTOR('',#15031,1.);
#4227=VECTOR('',#15032,1.);
#4228=VECTOR('',#15035,1.);
#4229=VECTOR('',#15036,1.);
#4230=VECTOR('',#15039,1.);
#4231=VECTOR('',#15040,1.);
#4232=VECTOR('',#15041,1.);
#4233=VECTOR('',#15042,1.);
#4234=VECTOR('',#15045,1.);
#4235=VECTOR('',#15046,1.00000000000064);
#4236=VECTOR('',#15047,1.);
#4237=VECTOR('',#15048,1.00000000000064);
#4238=VECTOR('',#15049,1.);
#4239=VECTOR('',#15052,1.);
#4240=VECTOR('',#15053,1.);
#4241=VECTOR('',#15054,1.);
#4242=VECTOR('',#15057,1.);
#4243=VECTOR('',#15058,1.);
#4244=VECTOR('',#15059,1.);
#4245=VECTOR('',#15062,1.);
#4246=VECTOR('',#15063,1.);
#4247=VECTOR('',#15064,1.);
#4248=VECTOR('',#15065,1.);
#4249=VECTOR('',#15066,1.);
#4250=VECTOR('',#15067,1.);
#4251=VECTOR('',#15068,1.);
#4252=VECTOR('',#15069,1.);
#4253=VECTOR('',#15072,1.);
#4254=VECTOR('',#15073,1.);
#4255=VECTOR('',#15076,1.);
#4256=VECTOR('',#15079,1.);
#4257=VECTOR('',#15080,1.);
#4258=VECTOR('',#15081,1.);
#4259=VECTOR('',#15082,1.);
#4260=VECTOR('',#15083,1.);
#4261=VECTOR('',#15084,1.);
#4262=VECTOR('',#15085,1.);
#4263=VECTOR('',#15086,1.);
#4264=VECTOR('',#15087,1.);
#4265=VECTOR('',#15088,1.);
#4266=VECTOR('',#15089,1.);
#4267=VECTOR('',#15092,1.);
#4268=VECTOR('',#15093,1.);
#4269=VECTOR('',#15094,1.);
#4270=VECTOR('',#15095,1.);
#4271=VECTOR('',#15098,1.);
#4272=VECTOR('',#15099,1.);
#4273=VECTOR('',#15102,1.);
#4274=VECTOR('',#15103,1.);
#4275=VECTOR('',#15104,1.);
#4276=VECTOR('',#15107,1.);
#4277=VECTOR('',#15108,1.);
#4278=VECTOR('',#15109,1.);
#4279=VECTOR('',#15112,1.);
#4280=VECTOR('',#15113,1.);
#4281=VECTOR('',#15114,1.);
#4282=VECTOR('',#15115,1.);
#4283=VECTOR('',#15116,1.);
#4284=VECTOR('',#15117,1.);
#4285=VECTOR('',#15118,1.);
#4286=VECTOR('',#15119,1.);
#4287=VECTOR('',#15122,1.);
#4288=VECTOR('',#15123,1.);
#4289=VECTOR('',#15126,1.);
#4290=VECTOR('',#15129,1.);
#4291=VECTOR('',#15130,1.);
#4292=VECTOR('',#15131,1.);
#4293=VECTOR('',#15132,1.);
#4294=VECTOR('',#15133,1.);
#4295=VECTOR('',#15134,1.);
#4296=VECTOR('',#15135,1.);
#4297=VECTOR('',#15136,1.);
#4298=VECTOR('',#15137,1.);
#4299=VECTOR('',#15138,1.);
#4300=VECTOR('',#15139,1.);
#4301=VECTOR('',#15142,1.);
#4302=VECTOR('',#15143,1.);
#4303=VECTOR('',#15144,1.);
#4304=VECTOR('',#15145,1.);
#4305=VECTOR('',#15148,1.);
#4306=VECTOR('',#15149,1.);
#4307=VECTOR('',#15152,1.);
#4308=VECTOR('',#15153,1.);
#4309=VECTOR('',#15154,1.);
#4310=VECTOR('',#15157,1.);
#4311=VECTOR('',#15158,1.);
#4312=VECTOR('',#15161,1.00000000000064);
#4313=VECTOR('',#15162,1.);
#4314=VECTOR('',#15163,1.00000000000064);
#4315=VECTOR('',#15166,1.);
#4316=VECTOR('',#15169,1.);
#4317=VECTOR('',#15174,1.00000000000065);
#4318=VECTOR('',#15175,1.00000000000065);
#4319=VECTOR('',#15178,1.00000000000065);
#4320=VECTOR('',#15179,1.);
#4321=VECTOR('',#15182,1.00000000000065);
#4322=VECTOR('',#15187,1.00000000000065);
#4323=VECTOR('',#15188,1.00000000000065);
#4324=VECTOR('',#15191,1.00000000000065);
#4325=VECTOR('',#15192,1.);
#4326=VECTOR('',#15195,1.00000000000065);
#4327=VECTOR('',#15200,1.);
#4328=VECTOR('',#15201,1.);
#4329=VECTOR('',#15204,1.00000000000064);
#4330=VECTOR('',#15205,1.);
#4331=VECTOR('',#15206,1.00000000000064);
#4332=VECTOR('',#15209,1.);
#4333=VECTOR('',#15212,1.);
#4334=VECTOR('',#15217,1.);
#4335=VECTOR('',#15218,1.);
#4336=VECTOR('',#15221,1.);
#4337=VECTOR('',#15224,1.);
#4338=VECTOR('',#15225,1.);
#4339=VECTOR('',#15226,1.);
#4340=VECTOR('',#15229,1.);
#4341=VECTOR('',#15230,1.);
#4342=VECTOR('',#15231,1.);
#4343=VECTOR('',#15232,1.);
#4344=VECTOR('',#15235,1.);
#4345=VECTOR('',#15236,1.);
#4346=VECTOR('',#15239,1.);
#4347=VECTOR('',#15240,1.);
#4348=VECTOR('',#15241,1.);
#4349=VECTOR('',#15244,1.);
#4350=VECTOR('',#15249,1.);
#4351=VECTOR('',#15260,1.);
#4352=VECTOR('',#15261,1.);
#4353=VECTOR('',#15264,1.);
#4354=VECTOR('',#15267,1.);
#4355=VECTOR('',#15268,1.);
#4356=VECTOR('',#15269,1.);
#4357=VECTOR('',#15272,1.);
#4358=VECTOR('',#15273,1.);
#4359=VECTOR('',#15274,1.);
#4360=VECTOR('',#15275,1.);
#4361=VECTOR('',#15278,1.);
#4362=VECTOR('',#15279,1.);
#4363=VECTOR('',#15282,1.);
#4364=VECTOR('',#15283,1.);
#4365=VECTOR('',#15284,1.);
#4366=VECTOR('',#15287,1.);
#4367=VECTOR('',#15292,1.);
#4368=VECTOR('',#15303,1.);
#4369=VECTOR('',#15304,1.);
#4370=VECTOR('',#15305,1.);
#4371=VECTOR('',#15308,1.);
#4372=VECTOR('',#15309,1.);
#4373=VECTOR('',#15312,1.);
#4374=VECTOR('',#15313,1.);
#4375=VECTOR('',#15314,1.);
#4376=VECTOR('',#15315,1.);
#4377=VECTOR('',#15316,1.);
#4378=VECTOR('',#15317,1.);
#4379=VECTOR('',#15320,1.);
#4380=VECTOR('',#15321,1.);
#4381=VECTOR('',#15322,1.);
#4382=VECTOR('',#15323,1.);
#4383=VECTOR('',#15324,1.);
#4384=VECTOR('',#15325,1.);
#4385=VECTOR('',#15326,1.);
#4386=VECTOR('',#15327,1.);
#4387=VECTOR('',#15328,1.);
#4388=VECTOR('',#15329,1.);
#4389=VECTOR('',#15332,1.);
#4390=VECTOR('',#15333,1.);
#4391=VECTOR('',#15334,1.);
#4392=VECTOR('',#15335,1.);
#4393=VECTOR('',#15336,1.);
#4394=VECTOR('',#15337,1.);
#4395=VECTOR('',#15338,1.);
#4396=VECTOR('',#15339,1.);
#4397=VECTOR('',#15340,1.);
#4398=VECTOR('',#15341,1.);
#4399=VECTOR('',#15342,1.);
#4400=VECTOR('',#15343,1.);
#4401=VECTOR('',#15344,1.);
#4402=VECTOR('',#15345,1.);
#4403=VECTOR('',#15346,1.);
#4404=VECTOR('',#15347,1.);
#4405=VECTOR('',#15348,1.);
#4406=VECTOR('',#15349,1.);
#4407=VECTOR('',#15352,1.);
#4408=VECTOR('',#15353,1.);
#4409=VECTOR('',#15354,1.);
#4410=VECTOR('',#15355,1.);
#4411=VECTOR('',#15356,1.);
#4412=VECTOR('',#15357,1.);
#4413=VECTOR('',#15360,1.);
#4414=VECTOR('',#15361,1.);
#4415=VECTOR('',#15362,1.);
#4416=VECTOR('',#15365,1.);
#4417=VECTOR('',#15366,1.);
#4418=VECTOR('',#15367,1.);
#4419=VECTOR('',#15370,1.);
#4420=VECTOR('',#15371,1.);
#4421=VECTOR('',#15372,1.);
#4422=VECTOR('',#15373,1.);
#4423=VECTOR('',#15374,1.);
#4424=VECTOR('',#15375,1.);
#4425=VECTOR('',#15378,1.);
#4426=VECTOR('',#15379,1.);
#4427=VECTOR('',#15380,1.);
#4428=VECTOR('',#15381,1.);
#4429=VECTOR('',#15384,1.);
#4430=VECTOR('',#15385,1.);
#4431=VECTOR('',#15388,1.);
#4432=VECTOR('',#15389,1.);
#4433=VECTOR('',#15392,1.);
#4434=VECTOR('',#15393,1.);
#4435=VECTOR('',#15394,1.);
#4436=VECTOR('',#15397,1.);
#4437=VECTOR('',#15398,1.);
#4438=VECTOR('',#15401,1.);
#4439=VECTOR('',#15402,1.);
#4440=VECTOR('',#15403,1.);
#4441=VECTOR('',#15406,1.);
#4442=VECTOR('',#15407,1.);
#4443=VECTOR('',#15408,1.);
#4444=VECTOR('',#15411,1.);
#4445=VECTOR('',#15412,1.);
#4446=VECTOR('',#15413,1.);
#4447=VECTOR('',#15414,1.);
#4448=VECTOR('',#15415,1.);
#4449=VECTOR('',#15416,1.);
#4450=VECTOR('',#15419,1.);
#4451=VECTOR('',#15420,1.);
#4452=VECTOR('',#15421,1.);
#4453=VECTOR('',#15422,1.);
#4454=VECTOR('',#15425,1.);
#4455=VECTOR('',#15426,1.);
#4456=VECTOR('',#15429,1.);
#4457=VECTOR('',#15432,1.);
#4458=VECTOR('',#15435,1.);
#4459=VECTOR('',#15436,1.);
#4460=VECTOR('',#15437,1.);
#4461=VECTOR('',#15440,1.00000000000064);
#4462=VECTOR('',#15441,1.);
#4463=VECTOR('',#15442,1.00000000000064);
#4464=VECTOR('',#15443,1.);
#4465=VECTOR('',#15446,1.);
#4466=VECTOR('',#15447,1.);
#4467=VECTOR('',#15450,1.);
#4468=VECTOR('',#15453,1.);
#4469=VECTOR('',#15454,1.);
#4470=VECTOR('',#15455,1.);
#4471=VECTOR('',#15458,1.);
#4472=VECTOR('',#15459,1.);
#4473=VECTOR('',#15462,1.);
#4474=VECTOR('',#15463,1.);
#4475=VECTOR('',#15466,1.);
#4476=VECTOR('',#15469,1.);
#4477=VECTOR('',#15470,1.);
#4478=VECTOR('',#15471,1.);
#4479=VECTOR('',#15474,1.);
#4480=VECTOR('',#15475,1.);
#4481=VECTOR('',#15478,1.);
#4482=VECTOR('',#15479,1.);
#4483=VECTOR('',#15482,1.);
#4484=VECTOR('',#15485,1.);
#4485=VECTOR('',#15488,1.);
#4486=VECTOR('',#15489,1.);
#4487=VECTOR('',#15490,1.);
#4488=VECTOR('',#15493,1.00000000000064);
#4489=VECTOR('',#15494,1.);
#4490=VECTOR('',#15495,1.00000000000064);
#4491=VECTOR('',#15496,1.);
#4492=VECTOR('',#15499,1.);
#4493=VECTOR('',#15500,1.);
#4494=VECTOR('',#15503,1.);
#4495=VECTOR('',#15504,1.);
#4496=VECTOR('',#15505,1.);
#4497=VECTOR('',#15508,1.);
#4498=VECTOR('',#15509,1.);
#4499=VECTOR('',#15510,1.);
#4500=VECTOR('',#15511,1.);
#4501=VECTOR('',#15512,1.);
#4502=VECTOR('',#15513,1.);
#4503=VECTOR('',#15514,1.);
#4504=VECTOR('',#15515,1.);
#4505=VECTOR('',#15518,1.);
#4506=VECTOR('',#15519,1.);
#4507=VECTOR('',#15522,1.);
#4508=VECTOR('',#15525,1.);
#4509=VECTOR('',#15526,1.);
#4510=VECTOR('',#15527,1.);
#4511=VECTOR('',#15528,1.);
#4512=VECTOR('',#15529,1.);
#4513=VECTOR('',#15530,1.);
#4514=VECTOR('',#15531,1.);
#4515=VECTOR('',#15532,1.);
#4516=VECTOR('',#15533,1.);
#4517=VECTOR('',#15534,1.);
#4518=VECTOR('',#15535,1.);
#4519=VECTOR('',#15538,1.);
#4520=VECTOR('',#15539,1.);
#4521=VECTOR('',#15540,1.);
#4522=VECTOR('',#15541,1.);
#4523=VECTOR('',#15544,1.);
#4524=VECTOR('',#15545,1.);
#4525=VECTOR('',#15548,1.);
#4526=VECTOR('',#15549,1.);
#4527=VECTOR('',#15550,1.);
#4528=VECTOR('',#15553,1.);
#4529=VECTOR('',#15554,1.);
#4530=VECTOR('',#15555,1.);
#4531=VECTOR('',#15558,1.);
#4532=VECTOR('',#15559,1.);
#4533=VECTOR('',#15560,1.);
#4534=VECTOR('',#15561,1.);
#4535=VECTOR('',#15562,1.);
#4536=VECTOR('',#15563,1.);
#4537=VECTOR('',#15564,1.);
#4538=VECTOR('',#15565,1.);
#4539=VECTOR('',#15568,1.);
#4540=VECTOR('',#15569,1.);
#4541=VECTOR('',#15572,1.);
#4542=VECTOR('',#15575,1.);
#4543=VECTOR('',#15576,1.);
#4544=VECTOR('',#15577,1.);
#4545=VECTOR('',#15578,1.);
#4546=VECTOR('',#15579,1.);
#4547=VECTOR('',#15580,1.);
#4548=VECTOR('',#15581,1.);
#4549=VECTOR('',#15582,1.);
#4550=VECTOR('',#15583,1.);
#4551=VECTOR('',#15584,1.);
#4552=VECTOR('',#15585,1.);
#4553=VECTOR('',#15588,1.);
#4554=VECTOR('',#15589,1.);
#4555=VECTOR('',#15590,1.);
#4556=VECTOR('',#15591,1.);
#4557=VECTOR('',#15594,1.);
#4558=VECTOR('',#15595,1.);
#4559=VECTOR('',#15598,1.);
#4560=VECTOR('',#15599,1.);
#4561=VECTOR('',#15600,1.);
#4562=VECTOR('',#15603,1.);
#4563=VECTOR('',#15606,1.00000000000064);
#4564=VECTOR('',#15607,1.);
#4565=VECTOR('',#15608,1.00000000000064);
#4566=VECTOR('',#15611,1.);
#4567=VECTOR('',#15614,1.);
#4568=VECTOR('',#15619,1.00000000000065);
#4569=VECTOR('',#15620,1.00000000000065);
#4570=VECTOR('',#15623,1.00000000000065);
#4571=VECTOR('',#15624,1.);
#4572=VECTOR('',#15627,1.00000000000065);
#4573=VECTOR('',#15632,1.00000000000065);
#4574=VECTOR('',#15633,1.00000000000065);
#4575=VECTOR('',#15636,1.00000000000065);
#4576=VECTOR('',#15637,1.);
#4577=VECTOR('',#15640,1.00000000000065);
#4578=VECTOR('',#15645,1.);
#4579=VECTOR('',#15648,1.00000000000064);
#4580=VECTOR('',#15649,1.);
#4581=VECTOR('',#15650,1.00000000000064);
#4582=VECTOR('',#15653,1.);
#4583=VECTOR('',#15656,1.);
#4584=VECTOR('',#15661,1.);
#4585=VECTOR('',#15662,1.);
#4586=VECTOR('',#15665,1.);
#4587=VECTOR('',#15668,1.);
#4588=VECTOR('',#15669,1.);
#4589=VECTOR('',#15670,1.);
#4590=VECTOR('',#15673,1.);
#4591=VECTOR('',#15674,1.);
#4592=VECTOR('',#15675,1.);
#4593=VECTOR('',#15676,1.);
#4594=VECTOR('',#15679,1.);
#4595=VECTOR('',#15680,1.);
#4596=VECTOR('',#15683,1.);
#4597=VECTOR('',#15684,1.);
#4598=VECTOR('',#15685,1.);
#4599=VECTOR('',#15688,1.);
#4600=VECTOR('',#15693,1.);
#4601=VECTOR('',#15704,1.);
#4602=VECTOR('',#15705,1.);
#4603=VECTOR('',#15708,1.);
#4604=VECTOR('',#15711,1.);
#4605=VECTOR('',#15712,1.);
#4606=VECTOR('',#15713,1.);
#4607=VECTOR('',#15716,1.);
#4608=VECTOR('',#15717,1.);
#4609=VECTOR('',#15718,1.);
#4610=VECTOR('',#15719,1.);
#4611=VECTOR('',#15722,1.);
#4612=VECTOR('',#15723,1.);
#4613=VECTOR('',#15726,1.);
#4614=VECTOR('',#15727,1.);
#4615=VECTOR('',#15728,1.);
#4616=VECTOR('',#15731,1.);
#4617=VECTOR('',#15736,1.);
#4618=VERTEX_POINT('',#15747);
#4619=VERTEX_POINT('',#15748);
#4620=VERTEX_POINT('',#15750);
#4621=VERTEX_POINT('',#15752);
#4622=VERTEX_POINT('',#15756);
#4623=VERTEX_POINT('',#15757);
#4624=VERTEX_POINT('',#15759);
#4625=VERTEX_POINT('',#15761);
#4626=VERTEX_POINT('',#15765);
#4627=VERTEX_POINT('',#15766);
#4628=VERTEX_POINT('',#15768);
#4629=VERTEX_POINT('',#15770);
#4630=VERTEX_POINT('',#15774);
#4631=VERTEX_POINT('',#15775);
#4632=VERTEX_POINT('',#15777);
#4633=VERTEX_POINT('',#15779);
#4634=VERTEX_POINT('',#15783);
#4635=VERTEX_POINT('',#15785);
#4636=VERTEX_POINT('',#15787);
#4637=VERTEX_POINT('',#15789);
#4638=VERTEX_POINT('',#15793);
#4639=VERTEX_POINT('',#15794);
#4640=VERTEX_POINT('',#15796);
#4641=VERTEX_POINT('',#15798);
#4642=VERTEX_POINT('',#15802);
#4643=VERTEX_POINT('',#15804);
#4644=VERTEX_POINT('',#15809);
#4645=VERTEX_POINT('',#15813);
#4646=VERTEX_POINT('',#15817);
#4647=VERTEX_POINT('',#15825);
#4648=VERTEX_POINT('',#15826);
#4649=VERTEX_POINT('',#15831);
#4650=VERTEX_POINT('',#15835);
#4651=VERTEX_POINT('',#15836);
#4652=VERTEX_POINT('',#15838);
#4653=VERTEX_POINT('',#15840);
#4654=VERTEX_POINT('',#15844);
#4655=VERTEX_POINT('',#15845);
#4656=VERTEX_POINT('',#15847);
#4657=VERTEX_POINT('',#15849);
#4658=VERTEX_POINT('',#15853);
#4659=VERTEX_POINT('',#15854);
#4660=VERTEX_POINT('',#15856);
#4661=VERTEX_POINT('',#15858);
#4662=VERTEX_POINT('',#15862);
#4663=VERTEX_POINT('',#15863);
#4664=VERTEX_POINT('',#15865);
#4665=VERTEX_POINT('',#15867);
#4666=VERTEX_POINT('',#15871);
#4667=VERTEX_POINT('',#15873);
#4668=VERTEX_POINT('',#15875);
#4669=VERTEX_POINT('',#15877);
#4670=VERTEX_POINT('',#15881);
#4671=VERTEX_POINT('',#15882);
#4672=VERTEX_POINT('',#15884);
#4673=VERTEX_POINT('',#15886);
#4674=VERTEX_POINT('',#15890);
#4675=VERTEX_POINT('',#15892);
#4676=VERTEX_POINT('',#15897);
#4677=VERTEX_POINT('',#15901);
#4678=VERTEX_POINT('',#15905);
#4679=VERTEX_POINT('',#15913);
#4680=VERTEX_POINT('',#15914);
#4681=VERTEX_POINT('',#15919);
#4682=VERTEX_POINT('',#15923);
#4683=VERTEX_POINT('',#15924);
#4684=VERTEX_POINT('',#15926);
#4685=VERTEX_POINT('',#15928);
#4686=VERTEX_POINT('',#15932);
#4687=VERTEX_POINT('',#15933);
#4688=VERTEX_POINT('',#15935);
#4689=VERTEX_POINT('',#15937);
#4690=VERTEX_POINT('',#15941);
#4691=VERTEX_POINT('',#15942);
#4692=VERTEX_POINT('',#15944);
#4693=VERTEX_POINT('',#15946);
#4694=VERTEX_POINT('',#15950);
#4695=VERTEX_POINT('',#15951);
#4696=VERTEX_POINT('',#15953);
#4697=VERTEX_POINT('',#15955);
#4698=VERTEX_POINT('',#15959);
#4699=VERTEX_POINT('',#15961);
#4700=VERTEX_POINT('',#15963);
#4701=VERTEX_POINT('',#15965);
#4702=VERTEX_POINT('',#15969);
#4703=VERTEX_POINT('',#15970);
#4704=VERTEX_POINT('',#15972);
#4705=VERTEX_POINT('',#15974);
#4706=VERTEX_POINT('',#15978);
#4707=VERTEX_POINT('',#15980);
#4708=VERTEX_POINT('',#15985);
#4709=VERTEX_POINT('',#15989);
#4710=VERTEX_POINT('',#15993);
#4711=VERTEX_POINT('',#16001);
#4712=VERTEX_POINT('',#16002);
#4713=VERTEX_POINT('',#16007);
#4714=VERTEX_POINT('',#16011);
#4715=VERTEX_POINT('',#16012);
#4716=VERTEX_POINT('',#16014);
#4717=VERTEX_POINT('',#16016);
#4718=VERTEX_POINT('',#16020);
#4719=VERTEX_POINT('',#16021);
#4720=VERTEX_POINT('',#16023);
#4721=VERTEX_POINT('',#16025);
#4722=VERTEX_POINT('',#16029);
#4723=VERTEX_POINT('',#16030);
#4724=VERTEX_POINT('',#16032);
#4725=VERTEX_POINT('',#16034);
#4726=VERTEX_POINT('',#16038);
#4727=VERTEX_POINT('',#16039);
#4728=VERTEX_POINT('',#16041);
#4729=VERTEX_POINT('',#16043);
#4730=VERTEX_POINT('',#16047);
#4731=VERTEX_POINT('',#16049);
#4732=VERTEX_POINT('',#16051);
#4733=VERTEX_POINT('',#16053);
#4734=VERTEX_POINT('',#16057);
#4735=VERTEX_POINT('',#16058);
#4736=VERTEX_POINT('',#16060);
#4737=VERTEX_POINT('',#16062);
#4738=VERTEX_POINT('',#16066);
#4739=VERTEX_POINT('',#16068);
#4740=VERTEX_POINT('',#16073);
#4741=VERTEX_POINT('',#16077);
#4742=VERTEX_POINT('',#16081);
#4743=VERTEX_POINT('',#16089);
#4744=VERTEX_POINT('',#16090);
#4745=VERTEX_POINT('',#16095);
#4746=VERTEX_POINT('',#16099);
#4747=VERTEX_POINT('',#16100);
#4748=VERTEX_POINT('',#16102);
#4749=VERTEX_POINT('',#16104);
#4750=VERTEX_POINT('',#16108);
#4751=VERTEX_POINT('',#16109);
#4752=VERTEX_POINT('',#16111);
#4753=VERTEX_POINT('',#16113);
#4754=VERTEX_POINT('',#16117);
#4755=VERTEX_POINT('',#16118);
#4756=VERTEX_POINT('',#16120);
#4757=VERTEX_POINT('',#16122);
#4758=VERTEX_POINT('',#16126);
#4759=VERTEX_POINT('',#16127);
#4760=VERTEX_POINT('',#16129);
#4761=VERTEX_POINT('',#16131);
#4762=VERTEX_POINT('',#16135);
#4763=VERTEX_POINT('',#16137);
#4764=VERTEX_POINT('',#16139);
#4765=VERTEX_POINT('',#16141);
#4766=VERTEX_POINT('',#16145);
#4767=VERTEX_POINT('',#16146);
#4768=VERTEX_POINT('',#16148);
#4769=VERTEX_POINT('',#16150);
#4770=VERTEX_POINT('',#16154);
#4771=VERTEX_POINT('',#16156);
#4772=VERTEX_POINT('',#16161);
#4773=VERTEX_POINT('',#16165);
#4774=VERTEX_POINT('',#16169);
#4775=VERTEX_POINT('',#16177);
#4776=VERTEX_POINT('',#16178);
#4777=VERTEX_POINT('',#16183);
#4778=VERTEX_POINT('',#16187);
#4779=VERTEX_POINT('',#16188);
#4780=VERTEX_POINT('',#16190);
#4781=VERTEX_POINT('',#16192);
#4782=VERTEX_POINT('',#16196);
#4783=VERTEX_POINT('',#16197);
#4784=VERTEX_POINT('',#16199);
#4785=VERTEX_POINT('',#16201);
#4786=VERTEX_POINT('',#16205);
#4787=VERTEX_POINT('',#16206);
#4788=VERTEX_POINT('',#16208);
#4789=VERTEX_POINT('',#16210);
#4790=VERTEX_POINT('',#16214);
#4791=VERTEX_POINT('',#16215);
#4792=VERTEX_POINT('',#16217);
#4793=VERTEX_POINT('',#16219);
#4794=VERTEX_POINT('',#16223);
#4795=VERTEX_POINT('',#16225);
#4796=VERTEX_POINT('',#16227);
#4797=VERTEX_POINT('',#16229);
#4798=VERTEX_POINT('',#16233);
#4799=VERTEX_POINT('',#16234);
#4800=VERTEX_POINT('',#16236);
#4801=VERTEX_POINT('',#16238);
#4802=VERTEX_POINT('',#16242);
#4803=VERTEX_POINT('',#16244);
#4804=VERTEX_POINT('',#16249);
#4805=VERTEX_POINT('',#16253);
#4806=VERTEX_POINT('',#16257);
#4807=VERTEX_POINT('',#16265);
#4808=VERTEX_POINT('',#16266);
#4809=VERTEX_POINT('',#16271);
#4810=VERTEX_POINT('',#16275);
#4811=VERTEX_POINT('',#16276);
#4812=VERTEX_POINT('',#16278);
#4813=VERTEX_POINT('',#16280);
#4814=VERTEX_POINT('',#16284);
#4815=VERTEX_POINT('',#16285);
#4816=VERTEX_POINT('',#16287);
#4817=VERTEX_POINT('',#16289);
#4818=VERTEX_POINT('',#16293);
#4819=VERTEX_POINT('',#16294);
#4820=VERTEX_POINT('',#16296);
#4821=VERTEX_POINT('',#16298);
#4822=VERTEX_POINT('',#16302);
#4823=VERTEX_POINT('',#16303);
#4824=VERTEX_POINT('',#16305);
#4825=VERTEX_POINT('',#16307);
#4826=VERTEX_POINT('',#16311);
#4827=VERTEX_POINT('',#16313);
#4828=VERTEX_POINT('',#16315);
#4829=VERTEX_POINT('',#16317);
#4830=VERTEX_POINT('',#16321);
#4831=VERTEX_POINT('',#16322);
#4832=VERTEX_POINT('',#16324);
#4833=VERTEX_POINT('',#16326);
#4834=VERTEX_POINT('',#16330);
#4835=VERTEX_POINT('',#16332);
#4836=VERTEX_POINT('',#16337);
#4837=VERTEX_POINT('',#16341);
#4838=VERTEX_POINT('',#16345);
#4839=VERTEX_POINT('',#16353);
#4840=VERTEX_POINT('',#16354);
#4841=VERTEX_POINT('',#16359);
#4842=VERTEX_POINT('',#16363);
#4843=VERTEX_POINT('',#16364);
#4844=VERTEX_POINT('',#16366);
#4845=VERTEX_POINT('',#16368);
#4846=VERTEX_POINT('',#16372);
#4847=VERTEX_POINT('',#16373);
#4848=VERTEX_POINT('',#16375);
#4849=VERTEX_POINT('',#16377);
#4850=VERTEX_POINT('',#16381);
#4851=VERTEX_POINT('',#16382);
#4852=VERTEX_POINT('',#16384);
#4853=VERTEX_POINT('',#16386);
#4854=VERTEX_POINT('',#16390);
#4855=VERTEX_POINT('',#16391);
#4856=VERTEX_POINT('',#16393);
#4857=VERTEX_POINT('',#16395);
#4858=VERTEX_POINT('',#16399);
#4859=VERTEX_POINT('',#16401);
#4860=VERTEX_POINT('',#16403);
#4861=VERTEX_POINT('',#16405);
#4862=VERTEX_POINT('',#16409);
#4863=VERTEX_POINT('',#16410);
#4864=VERTEX_POINT('',#16412);
#4865=VERTEX_POINT('',#16414);
#4866=VERTEX_POINT('',#16418);
#4867=VERTEX_POINT('',#16420);
#4868=VERTEX_POINT('',#16425);
#4869=VERTEX_POINT('',#16429);
#4870=VERTEX_POINT('',#16433);
#4871=VERTEX_POINT('',#16441);
#4872=VERTEX_POINT('',#16442);
#4873=VERTEX_POINT('',#16447);
#4874=VERTEX_POINT('',#16451);
#4875=VERTEX_POINT('',#16452);
#4876=VERTEX_POINT('',#16454);
#4877=VERTEX_POINT('',#16456);
#4878=VERTEX_POINT('',#16460);
#4879=VERTEX_POINT('',#16461);
#4880=VERTEX_POINT('',#16463);
#4881=VERTEX_POINT('',#16465);
#4882=VERTEX_POINT('',#16469);
#4883=VERTEX_POINT('',#16470);
#4884=VERTEX_POINT('',#16472);
#4885=VERTEX_POINT('',#16474);
#4886=VERTEX_POINT('',#16478);
#4887=VERTEX_POINT('',#16479);
#4888=VERTEX_POINT('',#16481);
#4889=VERTEX_POINT('',#16483);
#4890=VERTEX_POINT('',#16487);
#4891=VERTEX_POINT('',#16489);
#4892=VERTEX_POINT('',#16491);
#4893=VERTEX_POINT('',#16493);
#4894=VERTEX_POINT('',#16497);
#4895=VERTEX_POINT('',#16498);
#4896=VERTEX_POINT('',#16500);
#4897=VERTEX_POINT('',#16502);
#4898=VERTEX_POINT('',#16506);
#4899=VERTEX_POINT('',#16508);
#4900=VERTEX_POINT('',#16513);
#4901=VERTEX_POINT('',#16517);
#4902=VERTEX_POINT('',#16521);
#4903=VERTEX_POINT('',#16529);
#4904=VERTEX_POINT('',#16530);
#4905=VERTEX_POINT('',#16535);
#4906=VERTEX_POINT('',#16539);
#4907=VERTEX_POINT('',#16540);
#4908=VERTEX_POINT('',#16542);
#4909=VERTEX_POINT('',#16544);
#4910=VERTEX_POINT('',#16548);
#4911=VERTEX_POINT('',#16549);
#4912=VERTEX_POINT('',#16551);
#4913=VERTEX_POINT('',#16553);
#4914=VERTEX_POINT('',#16557);
#4915=VERTEX_POINT('',#16558);
#4916=VERTEX_POINT('',#16560);
#4917=VERTEX_POINT('',#16562);
#4918=VERTEX_POINT('',#16566);
#4919=VERTEX_POINT('',#16567);
#4920=VERTEX_POINT('',#16569);
#4921=VERTEX_POINT('',#16571);
#4922=VERTEX_POINT('',#16575);
#4923=VERTEX_POINT('',#16577);
#4924=VERTEX_POINT('',#16579);
#4925=VERTEX_POINT('',#16581);
#4926=VERTEX_POINT('',#16585);
#4927=VERTEX_POINT('',#16587);
#4928=VERTEX_POINT('',#16592);
#4929=VERTEX_POINT('',#16596);
#4930=VERTEX_POINT('',#16600);
#4931=VERTEX_POINT('',#16608);
#4932=VERTEX_POINT('',#16609);
#4933=VERTEX_POINT('',#16614);
#4934=VERTEX_POINT('',#16618);
#4935=VERTEX_POINT('',#16619);
#4936=VERTEX_POINT('',#16621);
#4937=VERTEX_POINT('',#16623);
#4938=VERTEX_POINT('',#16627);
#4939=VERTEX_POINT('',#16628);
#4940=VERTEX_POINT('',#16630);
#4941=VERTEX_POINT('',#16632);
#4942=VERTEX_POINT('',#16636);
#4943=VERTEX_POINT('',#16638);
#4944=VERTEX_POINT('',#16642);
#4945=VERTEX_POINT('',#16643);
#4946=VERTEX_POINT('',#16648);
#4947=VERTEX_POINT('',#16649);
#4948=VERTEX_POINT('',#16651);
#4949=VERTEX_POINT('',#16653);
#4950=VERTEX_POINT('',#16657);
#4951=VERTEX_POINT('',#16659);
#4952=VERTEX_POINT('',#16663);
#4953=VERTEX_POINT('',#16664);
#4954=VERTEX_POINT('',#16669);
#4955=VERTEX_POINT('',#16670);
#4956=VERTEX_POINT('',#16675);
#4957=VERTEX_POINT('',#16677);
#4958=VERTEX_POINT('',#16681);
#4959=VERTEX_POINT('',#16682);
#4960=VERTEX_POINT('',#16684);
#4961=VERTEX_POINT('',#16686);
#4962=VERTEX_POINT('',#16690);
#4963=VERTEX_POINT('',#16692);
#4964=VERTEX_POINT('',#16696);
#4965=VERTEX_POINT('',#16697);
#4966=VERTEX_POINT('',#16702);
#4967=VERTEX_POINT('',#16703);
#4968=VERTEX_POINT('',#16708);
#4969=VERTEX_POINT('',#16710);
#4970=VERTEX_POINT('',#16714);
#4971=VERTEX_POINT('',#16715);
#4972=VERTEX_POINT('',#16717);
#4973=VERTEX_POINT('',#16719);
#4974=VERTEX_POINT('',#16723);
#4975=VERTEX_POINT('',#16725);
#4976=VERTEX_POINT('',#16729);
#4977=VERTEX_POINT('',#16730);
#4978=VERTEX_POINT('',#16735);
#4979=VERTEX_POINT('',#16736);
#4980=VERTEX_POINT('',#16741);
#4981=VERTEX_POINT('',#16743);
#4982=VERTEX_POINT('',#16747);
#4983=VERTEX_POINT('',#16748);
#4984=VERTEX_POINT('',#16750);
#4985=VERTEX_POINT('',#16752);
#4986=VERTEX_POINT('',#16756);
#4987=VERTEX_POINT('',#16758);
#4988=VERTEX_POINT('',#16762);
#4989=VERTEX_POINT('',#16763);
#4990=VERTEX_POINT('',#16768);
#4991=VERTEX_POINT('',#16769);
#4992=VERTEX_POINT('',#16774);
#4993=VERTEX_POINT('',#16776);
#4994=VERTEX_POINT('',#16780);
#4995=VERTEX_POINT('',#16781);
#4996=VERTEX_POINT('',#16783);
#4997=VERTEX_POINT('',#16785);
#4998=VERTEX_POINT('',#16789);
#4999=VERTEX_POINT('',#16790);
#5000=VERTEX_POINT('',#16795);
#5001=VERTEX_POINT('',#16796);
#5002=VERTEX_POINT('',#16805);
#5003=VERTEX_POINT('',#16806);
#5004=VERTEX_POINT('',#16808);
#5005=VERTEX_POINT('',#16810);
#5006=VERTEX_POINT('',#16814);
#5007=VERTEX_POINT('',#16815);
#5008=VERTEX_POINT('',#16820);
#5009=VERTEX_POINT('',#16821);
#5010=VERTEX_POINT('',#16830);
#5011=VERTEX_POINT('',#16831);
#5012=VERTEX_POINT('',#16833);
#5013=VERTEX_POINT('',#16835);
#5014=VERTEX_POINT('',#16839);
#5015=VERTEX_POINT('',#16840);
#5016=VERTEX_POINT('',#16845);
#5017=VERTEX_POINT('',#16846);
#5018=VERTEX_POINT('',#16855);
#5019=VERTEX_POINT('',#16856);
#5020=VERTEX_POINT('',#16858);
#5021=VERTEX_POINT('',#16860);
#5022=VERTEX_POINT('',#16864);
#5023=VERTEX_POINT('',#16865);
#5024=VERTEX_POINT('',#16870);
#5025=VERTEX_POINT('',#16871);
#5026=VERTEX_POINT('',#16880);
#5027=VERTEX_POINT('',#16881);
#5028=VERTEX_POINT('',#16883);
#5029=VERTEX_POINT('',#16885);
#5030=VERTEX_POINT('',#16889);
#5031=VERTEX_POINT('',#16890);
#5032=VERTEX_POINT('',#16895);
#5033=VERTEX_POINT('',#16896);
#5034=VERTEX_POINT('',#16905);
#5035=VERTEX_POINT('',#16906);
#5036=VERTEX_POINT('',#16908);
#5037=VERTEX_POINT('',#16910);
#5038=VERTEX_POINT('',#16914);
#5039=VERTEX_POINT('',#16915);
#5040=VERTEX_POINT('',#16920);
#5041=VERTEX_POINT('',#16921);
#5042=VERTEX_POINT('',#16930);
#5043=VERTEX_POINT('',#16931);
#5044=VERTEX_POINT('',#16933);
#5045=VERTEX_POINT('',#16935);
#5046=VERTEX_POINT('',#16939);
#5047=VERTEX_POINT('',#16940);
#5048=VERTEX_POINT('',#16945);
#5049=VERTEX_POINT('',#16946);
#5050=VERTEX_POINT('',#16955);
#5051=VERTEX_POINT('',#16956);
#5052=VERTEX_POINT('',#16958);
#5053=VERTEX_POINT('',#16960);
#5054=VERTEX_POINT('',#16964);
#5055=VERTEX_POINT('',#16965);
#5056=VERTEX_POINT('',#16970);
#5057=VERTEX_POINT('',#16971);
#5058=VERTEX_POINT('',#16980);
#5059=VERTEX_POINT('',#16981);
#5060=VERTEX_POINT('',#16983);
#5061=VERTEX_POINT('',#16985);
#5062=VERTEX_POINT('',#16989);
#5063=VERTEX_POINT('',#16990);
#5064=VERTEX_POINT('',#16995);
#5065=VERTEX_POINT('',#16996);
#5066=VERTEX_POINT('',#17005);
#5067=VERTEX_POINT('',#17006);
#5068=VERTEX_POINT('',#17008);
#5069=VERTEX_POINT('',#17010);
#5070=VERTEX_POINT('',#17014);
#5071=VERTEX_POINT('',#17015);
#5072=VERTEX_POINT('',#17020);
#5073=VERTEX_POINT('',#17021);
#5074=VERTEX_POINT('',#17030);
#5075=VERTEX_POINT('',#17031);
#5076=VERTEX_POINT('',#17033);
#5077=VERTEX_POINT('',#17035);
#5078=VERTEX_POINT('',#17039);
#5079=VERTEX_POINT('',#17041);
#5080=VERTEX_POINT('',#17045);
#5081=VERTEX_POINT('',#17046);
#5082=VERTEX_POINT('',#17051);
#5083=VERTEX_POINT('',#17052);
#5084=VERTEX_POINT('',#17057);
#5085=VERTEX_POINT('',#17059);
#5086=VERTEX_POINT('',#17063);
#5087=VERTEX_POINT('',#17064);
#5088=VERTEX_POINT('',#17066);
#5089=VERTEX_POINT('',#17068);
#5090=VERTEX_POINT('',#17072);
#5091=VERTEX_POINT('',#17074);
#5092=VERTEX_POINT('',#17078);
#5093=VERTEX_POINT('',#17079);
#5094=VERTEX_POINT('',#17084);
#5095=VERTEX_POINT('',#17085);
#5096=VERTEX_POINT('',#17090);
#5097=VERTEX_POINT('',#17092);
#5098=VERTEX_POINT('',#17096);
#5099=VERTEX_POINT('',#17097);
#5100=VERTEX_POINT('',#17099);
#5101=VERTEX_POINT('',#17101);
#5102=VERTEX_POINT('',#17105);
#5103=VERTEX_POINT('',#17107);
#5104=VERTEX_POINT('',#17111);
#5105=VERTEX_POINT('',#17112);
#5106=VERTEX_POINT('',#17117);
#5107=VERTEX_POINT('',#17118);
#5108=VERTEX_POINT('',#17123);
#5109=VERTEX_POINT('',#17125);
#5110=VERTEX_POINT('',#17129);
#5111=VERTEX_POINT('',#17130);
#5112=VERTEX_POINT('',#17132);
#5113=VERTEX_POINT('',#17134);
#5114=VERTEX_POINT('',#17138);
#5115=VERTEX_POINT('',#17140);
#5116=VERTEX_POINT('',#17144);
#5117=VERTEX_POINT('',#17145);
#5118=VERTEX_POINT('',#17150);
#5119=VERTEX_POINT('',#17151);
#5120=VERTEX_POINT('',#17156);
#5121=VERTEX_POINT('',#17158);
#5122=VERTEX_POINT('',#17162);
#5123=VERTEX_POINT('',#17163);
#5124=VERTEX_POINT('',#17165);
#5125=VERTEX_POINT('',#17167);
#5126=VERTEX_POINT('',#17171);
#5127=VERTEX_POINT('',#17173);
#5128=VERTEX_POINT('',#17177);
#5129=VERTEX_POINT('',#17178);
#5130=VERTEX_POINT('',#17183);
#5131=VERTEX_POINT('',#17184);
#5132=VERTEX_POINT('',#17189);
#5133=VERTEX_POINT('',#17191);
#5134=VERTEX_POINT('',#17195);
#5135=VERTEX_POINT('',#17196);
#5136=VERTEX_POINT('',#17201);
#5137=VERTEX_POINT('',#17207);
#5138=VERTEX_POINT('',#17209);
#5139=VERTEX_POINT('',#17213);
#5140=VERTEX_POINT('',#17215);
#5141=VERTEX_POINT('',#17222);
#5142=VERTEX_POINT('',#17226);
#5143=VERTEX_POINT('',#17228);
#5144=VERTEX_POINT('',#17232);
#5145=VERTEX_POINT('',#17233);
#5146=VERTEX_POINT('',#17238);
#5147=VERTEX_POINT('',#17244);
#5148=VERTEX_POINT('',#17246);
#5149=VERTEX_POINT('',#17256);
#5150=VERTEX_POINT('',#17260);
#5151=VERTEX_POINT('',#17262);
#5152=VERTEX_POINT('',#17266);
#5153=VERTEX_POINT('',#17267);
#5154=VERTEX_POINT('',#17272);
#5155=VERTEX_POINT('',#17278);
#5156=VERTEX_POINT('',#17280);
#5157=VERTEX_POINT('',#17290);
#5158=VERTEX_POINT('',#17294);
#5159=VERTEX_POINT('',#17296);
#5160=VERTEX_POINT('',#17300);
#5161=VERTEX_POINT('',#17301);
#5162=VERTEX_POINT('',#17306);
#5163=VERTEX_POINT('',#17312);
#5164=VERTEX_POINT('',#17314);
#5165=VERTEX_POINT('',#17324);
#5166=VERTEX_POINT('',#17328);
#5167=VERTEX_POINT('',#17330);
#5168=VERTEX_POINT('',#17334);
#5169=VERTEX_POINT('',#17335);
#5170=VERTEX_POINT('',#17340);
#5171=VERTEX_POINT('',#17346);
#5172=VERTEX_POINT('',#17348);
#5173=VERTEX_POINT('',#17358);
#5174=VERTEX_POINT('',#17362);
#5175=VERTEX_POINT('',#17364);
#5176=VERTEX_POINT('',#17368);
#5177=VERTEX_POINT('',#17369);
#5178=VERTEX_POINT('',#17374);
#5179=VERTEX_POINT('',#17380);
#5180=VERTEX_POINT('',#17382);
#5181=VERTEX_POINT('',#17392);
#5182=VERTEX_POINT('',#17396);
#5183=VERTEX_POINT('',#17398);
#5184=VERTEX_POINT('',#17402);
#5185=VERTEX_POINT('',#17403);
#5186=VERTEX_POINT('',#17408);
#5187=VERTEX_POINT('',#17414);
#5188=VERTEX_POINT('',#17416);
#5189=VERTEX_POINT('',#17426);
#5190=VERTEX_POINT('',#17430);
#5191=VERTEX_POINT('',#17432);
#5192=VERTEX_POINT('',#17436);
#5193=VERTEX_POINT('',#17437);
#5194=VERTEX_POINT('',#17442);
#5195=VERTEX_POINT('',#17448);
#5196=VERTEX_POINT('',#17450);
#5197=VERTEX_POINT('',#17460);
#5198=VERTEX_POINT('',#17464);
#5199=VERTEX_POINT('',#17466);
#5200=VERTEX_POINT('',#17470);
#5201=VERTEX_POINT('',#17471);
#5202=VERTEX_POINT('',#17476);
#5203=VERTEX_POINT('',#17482);
#5204=VERTEX_POINT('',#17484);
#5205=VERTEX_POINT('',#17494);
#5206=VERTEX_POINT('',#17498);
#5207=VERTEX_POINT('',#17500);
#5208=VERTEX_POINT('',#17504);
#5209=VERTEX_POINT('',#17505);
#5210=VERTEX_POINT('',#17510);
#5211=VERTEX_POINT('',#17519);
#5212=VERTEX_POINT('',#17523);
#5213=VERTEX_POINT('',#17525);
#5214=VERTEX_POINT('',#17529);
#5215=VERTEX_POINT('',#17530);
#5216=VERTEX_POINT('',#17535);
#5217=VERTEX_POINT('',#17537);
#5218=VERTEX_POINT('',#17541);
#5219=VERTEX_POINT('',#17545);
#5220=VERTEX_POINT('',#17555);
#5221=VERTEX_POINT('',#17559);
#5222=VERTEX_POINT('',#17568);
#5223=VERTEX_POINT('',#17572);
#5224=VERTEX_POINT('',#17581);
#5225=VERTEX_POINT('',#17585);
#5226=VERTEX_POINT('',#17594);
#5227=VERTEX_POINT('',#17598);
#5228=VERTEX_POINT('',#17604);
#5229=VERTEX_POINT('',#17606);
#5230=VERTEX_POINT('',#17610);
#5231=VERTEX_POINT('',#17614);
#5232=VERTEX_POINT('',#17620);
#5233=VERTEX_POINT('',#17622);
#5234=VERTEX_POINT('',#17626);
#5235=VERTEX_POINT('',#17630);
#5236=VERTEX_POINT('',#17636);
#5237=VERTEX_POINT('',#17638);
#5238=VERTEX_POINT('',#17642);
#5239=VERTEX_POINT('',#17646);
#5240=VERTEX_POINT('',#17652);
#5241=VERTEX_POINT('',#17654);
#5242=VERTEX_POINT('',#17658);
#5243=VERTEX_POINT('',#17662);
#5244=VERTEX_POINT('',#17668);
#5245=VERTEX_POINT('',#17670);
#5246=VERTEX_POINT('',#17674);
#5247=VERTEX_POINT('',#17678);
#5248=VERTEX_POINT('',#17684);
#5249=VERTEX_POINT('',#17686);
#5250=VERTEX_POINT('',#17690);
#5251=VERTEX_POINT('',#17694);
#5252=VERTEX_POINT('',#17700);
#5253=VERTEX_POINT('',#17702);
#5254=VERTEX_POINT('',#17706);
#5255=VERTEX_POINT('',#17710);
#5256=VERTEX_POINT('',#17716);
#5257=VERTEX_POINT('',#17718);
#5258=VERTEX_POINT('',#17722);
#5259=VERTEX_POINT('',#17726);
#5260=VERTEX_POINT('',#17732);
#5261=VERTEX_POINT('',#17734);
#5262=VERTEX_POINT('',#17738);
#5263=VERTEX_POINT('',#17742);
#5264=VERTEX_POINT('',#17748);
#5265=VERTEX_POINT('',#17750);
#5266=VERTEX_POINT('',#17754);
#5267=VERTEX_POINT('',#17758);
#5268=VERTEX_POINT('',#17764);
#5269=VERTEX_POINT('',#17768);
#5270=VERTEX_POINT('',#17777);
#5271=VERTEX_POINT('',#17781);
#5272=VERTEX_POINT('',#17790);
#5273=VERTEX_POINT('',#17794);
#5274=VERTEX_POINT('',#17803);
#5275=VERTEX_POINT('',#17807);
#5276=VERTEX_POINT('',#17817);
#5277=VERTEX_POINT('',#17821);
#5278=VERTEX_POINT('',#17830);
#5279=VERTEX_POINT('',#17834);
#5280=VERTEX_POINT('',#17838);
#5281=VERTEX_POINT('',#17842);
#5282=VERTEX_POINT('',#17849);
#5283=VERTEX_POINT('',#17854);
#5284=VERTEX_POINT('',#17860);
#5285=VERTEX_POINT('',#17864);
#5286=VERTEX_POINT('',#17871);
#5287=VERTEX_POINT('',#17876);
#5288=VERTEX_POINT('',#17882);
#5289=VERTEX_POINT('',#17886);
#5290=VERTEX_POINT('',#17893);
#5291=VERTEX_POINT('',#17898);
#5292=VERTEX_POINT('',#17904);
#5293=VERTEX_POINT('',#17908);
#5294=VERTEX_POINT('',#17915);
#5295=VERTEX_POINT('',#17920);
#5296=VERTEX_POINT('',#17926);
#5297=VERTEX_POINT('',#17930);
#5298=VERTEX_POINT('',#17938);
#5299=VERTEX_POINT('',#17942);
#5300=VERTEX_POINT('',#17946);
#5301=VERTEX_POINT('',#17950);
#5302=VERTEX_POINT('',#17957);
#5303=VERTEX_POINT('',#17962);
#5304=VERTEX_POINT('',#17968);
#5305=VERTEX_POINT('',#17972);
#5306=VERTEX_POINT('',#17979);
#5307=VERTEX_POINT('',#17984);
#5308=VERTEX_POINT('',#17990);
#5309=VERTEX_POINT('',#17994);
#5310=VERTEX_POINT('',#18001);
#5311=VERTEX_POINT('',#18006);
#5312=VERTEX_POINT('',#18012);
#5313=VERTEX_POINT('',#18016);
#5314=VERTEX_POINT('',#18023);
#5315=VERTEX_POINT('',#18028);
#5316=VERTEX_POINT('',#18034);
#5317=VERTEX_POINT('',#18041);
#5318=VERTEX_POINT('',#18047);
#5319=VERTEX_POINT('',#18049);
#5320=VERTEX_POINT('',#18053);
#5321=VERTEX_POINT('',#18057);
#5322=VERTEX_POINT('',#18059);
#5323=VERTEX_POINT('',#18063);
#5324=VERTEX_POINT('',#18068);
#5325=VERTEX_POINT('',#18070);
#5326=VERTEX_POINT('',#18074);
#5327=VERTEX_POINT('',#18076);
#5328=VERTEX_POINT('',#18080);
#5329=VERTEX_POINT('',#18084);
#5330=VERTEX_POINT('',#18085);
#5331=VERTEX_POINT('',#18087);
#5332=VERTEX_POINT('',#18089);
#5333=VERTEX_POINT('',#18091);
#5334=VERTEX_POINT('',#18095);
#5335=VERTEX_POINT('',#18101);
#5336=VERTEX_POINT('',#18102);
#5337=VERTEX_POINT('',#18104);
#5338=VERTEX_POINT('',#18106);
#5339=VERTEX_POINT('',#18108);
#5340=VERTEX_POINT('',#18111);
#5341=VERTEX_POINT('',#18115);
#5342=VERTEX_POINT('',#18116);
#5343=VERTEX_POINT('',#18118);
#5344=VERTEX_POINT('',#18120);
#5345=VERTEX_POINT('',#18122);
#5346=VERTEX_POINT('',#18126);
#5347=VERTEX_POINT('',#18132);
#5348=VERTEX_POINT('',#18133);
#5349=VERTEX_POINT('',#18135);
#5350=VERTEX_POINT('',#18137);
#5351=VERTEX_POINT('',#18139);
#5352=VERTEX_POINT('',#18143);
#5353=VERTEX_POINT('',#18144);
#5354=VERTEX_POINT('',#18148);
#5355=VERTEX_POINT('',#18152);
#5356=VERTEX_POINT('',#18153);
#5357=VERTEX_POINT('',#18155);
#5358=VERTEX_POINT('',#18157);
#5359=VERTEX_POINT('',#18159);
#5360=VERTEX_POINT('',#18162);
#5361=VERTEX_POINT('',#18166);
#5362=VERTEX_POINT('',#18167);
#5363=VERTEX_POINT('',#18169);
#5364=VERTEX_POINT('',#18171);
#5365=VERTEX_POINT('',#18173);
#5366=VERTEX_POINT('',#18177);
#5367=VERTEX_POINT('',#18186);
#5368=VERTEX_POINT('',#18190);
#5369=VERTEX_POINT('',#18192);
#5370=VERTEX_POINT('',#18194);
#5371=VERTEX_POINT('',#18198);
#5372=VERTEX_POINT('',#18200);
#5373=VERTEX_POINT('',#18202);
#5374=VERTEX_POINT('',#18204);
#5375=VERTEX_POINT('',#18208);
#5376=VERTEX_POINT('',#18209);
#5377=VERTEX_POINT('',#18214);
#5378=VERTEX_POINT('',#18215);
#5379=VERTEX_POINT('',#18217);
#5380=VERTEX_POINT('',#18219);
#5381=VERTEX_POINT('',#18223);
#5382=VERTEX_POINT('',#18225);
#5383=VERTEX_POINT('',#18229);
#5384=VERTEX_POINT('',#18231);
#5385=VERTEX_POINT('',#18238);
#5386=VERTEX_POINT('',#18239);
#5387=VERTEX_POINT('',#18241);
#5388=VERTEX_POINT('',#18243);
#5389=VERTEX_POINT('',#18247);
#5390=VERTEX_POINT('',#18249);
#5391=VERTEX_POINT('',#18253);
#5392=VERTEX_POINT('',#18255);
#5393=VERTEX_POINT('',#18262);
#5394=VERTEX_POINT('',#18263);
#5395=VERTEX_POINT('',#18265);
#5396=VERTEX_POINT('',#18267);
#5397=VERTEX_POINT('',#18271);
#5398=VERTEX_POINT('',#18273);
#5399=VERTEX_POINT('',#18275);
#5400=VERTEX_POINT('',#18277);
#5401=VERTEX_POINT('',#18281);
#5402=VERTEX_POINT('',#18286);
#5403=VERTEX_POINT('',#18288);
#5404=VERTEX_POINT('',#18292);
#5405=VERTEX_POINT('',#18293);
#5406=VERTEX_POINT('',#18295);
#5407=VERTEX_POINT('',#18299);
#5408=VERTEX_POINT('',#18301);
#5409=VERTEX_POINT('',#18303);
#5410=VERTEX_POINT('',#18312);
#5411=VERTEX_POINT('',#18313);
#5412=VERTEX_POINT('',#18315);
#5413=VERTEX_POINT('',#18317);
#5414=VERTEX_POINT('',#18319);
#5415=VERTEX_POINT('',#18321);
#5416=VERTEX_POINT('',#18324);
#5417=VERTEX_POINT('',#18326);
#5418=VERTEX_POINT('',#18328);
#5419=VERTEX_POINT('',#18330);
#5420=VERTEX_POINT('',#18334);
#5421=VERTEX_POINT('',#18336);
#5422=VERTEX_POINT('',#18338);
#5423=VERTEX_POINT('',#18342);
#5424=VERTEX_POINT('',#18346);
#5425=VERTEX_POINT('',#18347);
#5426=VERTEX_POINT('',#18352);
#5427=VERTEX_POINT('',#18354);
#5428=VERTEX_POINT('',#18358);
#5429=VERTEX_POINT('',#18359);
#5430=VERTEX_POINT('',#18361);
#5431=VERTEX_POINT('',#18365);
#5432=VERTEX_POINT('',#18367);
#5433=VERTEX_POINT('',#18369);
#5434=VERTEX_POINT('',#18378);
#5435=VERTEX_POINT('',#18379);
#5436=VERTEX_POINT('',#18381);
#5437=VERTEX_POINT('',#18383);
#5438=VERTEX_POINT('',#18385);
#5439=VERTEX_POINT('',#18387);
#5440=VERTEX_POINT('',#18390);
#5441=VERTEX_POINT('',#18392);
#5442=VERTEX_POINT('',#18394);
#5443=VERTEX_POINT('',#18396);
#5444=VERTEX_POINT('',#18400);
#5445=VERTEX_POINT('',#18402);
#5446=VERTEX_POINT('',#18404);
#5447=VERTEX_POINT('',#18408);
#5448=VERTEX_POINT('',#18412);
#5449=VERTEX_POINT('',#18413);
#5450=VERTEX_POINT('',#18421);
#5451=VERTEX_POINT('',#18423);
#5452=VERTEX_POINT('',#18453);
#5453=VERTEX_POINT('',#18455);
#5454=VERTEX_POINT('',#18464);
#5455=VERTEX_POINT('',#18470);
#5456=VERTEX_POINT('',#18471);
#5457=VERTEX_POINT('',#18476);
#5458=VERTEX_POINT('',#18482);
#5459=VERTEX_POINT('',#18486);
#5460=VERTEX_POINT('',#18500);
#5461=VERTEX_POINT('',#18506);
#5462=VERTEX_POINT('',#18507);
#5463=VERTEX_POINT('',#18512);
#5464=VERTEX_POINT('',#18518);
#5465=VERTEX_POINT('',#18522);
#5466=VERTEX_POINT('',#18536);
#5467=VERTEX_POINT('',#18538);
#5468=VERTEX_POINT('',#18542);
#5469=VERTEX_POINT('',#18546);
#5470=VERTEX_POINT('',#18548);
#5471=VERTEX_POINT('',#18550);
#5472=VERTEX_POINT('',#18552);
#5473=VERTEX_POINT('',#18554);
#5474=VERTEX_POINT('',#18558);
#5475=VERTEX_POINT('',#18561);
#5476=VERTEX_POINT('',#18562);
#5477=VERTEX_POINT('',#18564);
#5478=VERTEX_POINT('',#18566);
#5479=VERTEX_POINT('',#18569);
#5480=VERTEX_POINT('',#18570);
#5481=VERTEX_POINT('',#18572);
#5482=VERTEX_POINT('',#18574);
#5483=VERTEX_POINT('',#18578);
#5484=VERTEX_POINT('',#18580);
#5485=VERTEX_POINT('',#18582);
#5486=VERTEX_POINT('',#18584);
#5487=VERTEX_POINT('',#18586);
#5488=VERTEX_POINT('',#18588);
#5489=VERTEX_POINT('',#18590);
#5490=VERTEX_POINT('',#18592);
#5491=VERTEX_POINT('',#18594);
#5492=VERTEX_POINT('',#18596);
#5493=VERTEX_POINT('',#18598);
#5494=VERTEX_POINT('',#18600);
#5495=VERTEX_POINT('',#18602);
#5496=VERTEX_POINT('',#18604);
#5497=VERTEX_POINT('',#18606);
#5498=VERTEX_POINT('',#18608);
#5499=VERTEX_POINT('',#18610);
#5500=VERTEX_POINT('',#18614);
#5501=VERTEX_POINT('',#18616);
#5502=VERTEX_POINT('',#18618);
#5503=VERTEX_POINT('',#18620);
#5504=VERTEX_POINT('',#18622);
#5505=VERTEX_POINT('',#18626);
#5506=VERTEX_POINT('',#18627);
#5507=VERTEX_POINT('',#18632);
#5508=VERTEX_POINT('',#18637);
#5509=VERTEX_POINT('',#18638);
#5510=VERTEX_POINT('',#18640);
#5511=VERTEX_POINT('',#18642);
#5512=VERTEX_POINT('',#18645);
#5513=VERTEX_POINT('',#18649);
#5514=VERTEX_POINT('',#18650);
#5515=VERTEX_POINT('',#18656);
#5516=VERTEX_POINT('',#18660);
#5517=VERTEX_POINT('',#18664);
#5518=VERTEX_POINT('',#18669);
#5519=VERTEX_POINT('',#18673);
#5520=VERTEX_POINT('',#18674);
#5521=VERTEX_POINT('',#18679);
#5522=VERTEX_POINT('',#18684);
#5523=VERTEX_POINT('',#18685);
#5524=VERTEX_POINT('',#18687);
#5525=VERTEX_POINT('',#18689);
#5526=VERTEX_POINT('',#18692);
#5527=VERTEX_POINT('',#18696);
#5528=VERTEX_POINT('',#18697);
#5529=VERTEX_POINT('',#18703);
#5530=VERTEX_POINT('',#18711);
#5531=VERTEX_POINT('',#18713);
#5532=VERTEX_POINT('',#18717);
#5533=VERTEX_POINT('',#18719);
#5534=VERTEX_POINT('',#18721);
#5535=VERTEX_POINT('',#18725);
#5536=VERTEX_POINT('',#18731);
#5537=VERTEX_POINT('',#18733);
#5538=VERTEX_POINT('',#18737);
#5539=VERTEX_POINT('',#18741);
#5540=VERTEX_POINT('',#18747);
#5541=VERTEX_POINT('',#18749);
#5542=VERTEX_POINT('',#18753);
#5543=VERTEX_POINT('',#18757);
#5544=VERTEX_POINT('',#18765);
#5545=VERTEX_POINT('',#18767);
#5546=VERTEX_POINT('',#18771);
#5547=VERTEX_POINT('',#18773);
#5548=VERTEX_POINT('',#18775);
#5549=VERTEX_POINT('',#18779);
#5550=VERTEX_POINT('',#18783);
#5551=VERTEX_POINT('',#18785);
#5552=VERTEX_POINT('',#18789);
#5553=VERTEX_POINT('',#18790);
#5554=VERTEX_POINT('',#18792);
#5555=VERTEX_POINT('',#18796);
#5556=VERTEX_POINT('',#18798);
#5557=VERTEX_POINT('',#18800);
#5558=VERTEX_POINT('',#18809);
#5559=VERTEX_POINT('',#18810);
#5560=VERTEX_POINT('',#18812);
#5561=VERTEX_POINT('',#18814);
#5562=VERTEX_POINT('',#18816);
#5563=VERTEX_POINT('',#18818);
#5564=VERTEX_POINT('',#18821);
#5565=VERTEX_POINT('',#18823);
#5566=VERTEX_POINT('',#18825);
#5567=VERTEX_POINT('',#18827);
#5568=VERTEX_POINT('',#18831);
#5569=VERTEX_POINT('',#18833);
#5570=VERTEX_POINT('',#18835);
#5571=VERTEX_POINT('',#18839);
#5572=VERTEX_POINT('',#18843);
#5573=VERTEX_POINT('',#18844);
#5574=VERTEX_POINT('',#18849);
#5575=VERTEX_POINT('',#18851);
#5576=VERTEX_POINT('',#18855);
#5577=VERTEX_POINT('',#18856);
#5578=VERTEX_POINT('',#18858);
#5579=VERTEX_POINT('',#18862);
#5580=VERTEX_POINT('',#18864);
#5581=VERTEX_POINT('',#18866);
#5582=VERTEX_POINT('',#18875);
#5583=VERTEX_POINT('',#18876);
#5584=VERTEX_POINT('',#18878);
#5585=VERTEX_POINT('',#18880);
#5586=VERTEX_POINT('',#18882);
#5587=VERTEX_POINT('',#18884);
#5588=VERTEX_POINT('',#18887);
#5589=VERTEX_POINT('',#18889);
#5590=VERTEX_POINT('',#18891);
#5591=VERTEX_POINT('',#18893);
#5592=VERTEX_POINT('',#18897);
#5593=VERTEX_POINT('',#18899);
#5594=VERTEX_POINT('',#18901);
#5595=VERTEX_POINT('',#18905);
#5596=VERTEX_POINT('',#18909);
#5597=VERTEX_POINT('',#18910);
#5598=VERTEX_POINT('',#18917);
#5599=VERTEX_POINT('',#18919);
#5600=VERTEX_POINT('',#18948);
#5601=VERTEX_POINT('',#18950);
#5602=VERTEX_POINT('',#18959);
#5603=VERTEX_POINT('',#18965);
#5604=VERTEX_POINT('',#18966);
#5605=VERTEX_POINT('',#18971);
#5606=VERTEX_POINT('',#18977);
#5607=VERTEX_POINT('',#18981);
#5608=VERTEX_POINT('',#18995);
#5609=VERTEX_POINT('',#19001);
#5610=VERTEX_POINT('',#19002);
#5611=VERTEX_POINT('',#19007);
#5612=VERTEX_POINT('',#19013);
#5613=VERTEX_POINT('',#19017);
#5614=EDGE_CURVE('',#4618,#4619,#1294,.T.);
#5615=EDGE_CURVE('',#4618,#4620,#1295,.T.);
#5616=EDGE_CURVE('',#4620,#4621,#1296,.T.);
#5617=EDGE_CURVE('',#4619,#4621,#1297,.T.);
#5618=EDGE_CURVE('',#4622,#4623,#1298,.T.);
#5619=EDGE_CURVE('',#4624,#4623,#1299,.T.);
#5620=EDGE_CURVE('',#4625,#4624,#1300,.T.);
#5621=EDGE_CURVE('',#4625,#4622,#1301,.T.);
#5622=EDGE_CURVE('',#4626,#4627,#1302,.T.);
#5623=EDGE_CURVE('',#4626,#4628,#1303,.T.);
#5624=EDGE_CURVE('',#4628,#4629,#1304,.T.);
#5625=EDGE_CURVE('',#4627,#4629,#1305,.T.);
#5626=EDGE_CURVE('',#4630,#4631,#1306,.T.);
#5627=EDGE_CURVE('',#4631,#4632,#1307,.T.);
#5628=EDGE_CURVE('',#4632,#4633,#1308,.T.);
#5629=EDGE_CURVE('',#4630,#4633,#1309,.T.);
#5630=EDGE_CURVE('',#4620,#4634,#1310,.T.);
#5631=EDGE_CURVE('',#4635,#4618,#1311,.T.);
#5632=EDGE_CURVE('',#4636,#4635,#1312,.T.);
#5633=EDGE_CURVE('',#4636,#4637,#1313,.T.);
#5634=EDGE_CURVE('',#4634,#4637,#1314,.T.);
#5635=EDGE_CURVE('',#4638,#4639,#1315,.T.);
#5636=EDGE_CURVE('',#4639,#4640,#1316,.T.);
#5637=EDGE_CURVE('',#4641,#4640,#1317,.T.);
#5638=EDGE_CURVE('',#4641,#4638,#1318,.T.);
#5639=EDGE_CURVE('',#4642,#4623,#1319,.T.);
#5640=EDGE_CURVE('',#4643,#4622,#1320,.T.);
#5641=EDGE_CURVE('',#4642,#4643,#1321,.T.);
#5642=EDGE_CURVE('',#4628,#4625,#1322,.T.);
#5643=EDGE_CURVE('',#4644,#4626,#1323,.T.);
#5644=EDGE_CURVE('',#4643,#4644,#1324,.T.);
#5645=EDGE_CURVE('',#4644,#4645,#1325,.T.);
#5646=EDGE_CURVE('',#4645,#4627,#1326,.T.);
#5647=EDGE_CURVE('',#4646,#4645,#1327,.T.);
#5648=EDGE_CURVE('',#4629,#4630,#1328,.T.);
#5649=EDGE_CURVE('',#4633,#4619,#1329,.T.);
#5650=EDGE_CURVE('',#4621,#4646,#1330,.T.);
#5651=EDGE_CURVE('',#4634,#4646,#1331,.T.);
#5652=EDGE_CURVE('',#4647,#4648,#1332,.T.);
#5653=EDGE_CURVE('',#4648,#4637,#1333,.T.);
#5654=EDGE_CURVE('',#4647,#4636,#1334,.T.);
#5655=EDGE_CURVE('',#4647,#4649,#1335,.T.);
#5656=EDGE_CURVE('',#4635,#4649,#1336,.T.);
#5657=EDGE_CURVE('',#4650,#4651,#1337,.T.);
#5658=EDGE_CURVE('',#4650,#4652,#1338,.T.);
#5659=EDGE_CURVE('',#4652,#4653,#1339,.T.);
#5660=EDGE_CURVE('',#4651,#4653,#1340,.T.);
#5661=EDGE_CURVE('',#4654,#4655,#1341,.T.);
#5662=EDGE_CURVE('',#4656,#4655,#1342,.T.);
#5663=EDGE_CURVE('',#4657,#4656,#1343,.T.);
#5664=EDGE_CURVE('',#4657,#4654,#1344,.T.);
#5665=EDGE_CURVE('',#4658,#4659,#1345,.T.);
#5666=EDGE_CURVE('',#4658,#4660,#1346,.T.);
#5667=EDGE_CURVE('',#4660,#4661,#1347,.T.);
#5668=EDGE_CURVE('',#4659,#4661,#1348,.T.);
#5669=EDGE_CURVE('',#4662,#4663,#1349,.T.);
#5670=EDGE_CURVE('',#4663,#4664,#1350,.T.);
#5671=EDGE_CURVE('',#4664,#4665,#1351,.T.);
#5672=EDGE_CURVE('',#4662,#4665,#1352,.T.);
#5673=EDGE_CURVE('',#4652,#4666,#1353,.T.);
#5674=EDGE_CURVE('',#4667,#4650,#1354,.T.);
#5675=EDGE_CURVE('',#4668,#4667,#1355,.T.);
#5676=EDGE_CURVE('',#4668,#4669,#1356,.T.);
#5677=EDGE_CURVE('',#4666,#4669,#1357,.T.);
#5678=EDGE_CURVE('',#4670,#4671,#1358,.T.);
#5679=EDGE_CURVE('',#4671,#4672,#1359,.T.);
#5680=EDGE_CURVE('',#4673,#4672,#1360,.T.);
#5681=EDGE_CURVE('',#4673,#4670,#1361,.T.);
#5682=EDGE_CURVE('',#4674,#4655,#1362,.T.);
#5683=EDGE_CURVE('',#4675,#4654,#1363,.T.);
#5684=EDGE_CURVE('',#4674,#4675,#1364,.T.);
#5685=EDGE_CURVE('',#4660,#4657,#1365,.T.);
#5686=EDGE_CURVE('',#4676,#4658,#1366,.T.);
#5687=EDGE_CURVE('',#4675,#4676,#1367,.T.);
#5688=EDGE_CURVE('',#4676,#4677,#1368,.T.);
#5689=EDGE_CURVE('',#4677,#4659,#1369,.T.);
#5690=EDGE_CURVE('',#4678,#4677,#1370,.T.);
#5691=EDGE_CURVE('',#4661,#4662,#1371,.T.);
#5692=EDGE_CURVE('',#4665,#4651,#1372,.T.);
#5693=EDGE_CURVE('',#4653,#4678,#1373,.T.);
#5694=EDGE_CURVE('',#4666,#4678,#1374,.T.);
#5695=EDGE_CURVE('',#4679,#4680,#1375,.T.);
#5696=EDGE_CURVE('',#4680,#4669,#1376,.T.);
#5697=EDGE_CURVE('',#4679,#4668,#1377,.T.);
#5698=EDGE_CURVE('',#4679,#4681,#1378,.T.);
#5699=EDGE_CURVE('',#4667,#4681,#1379,.T.);
#5700=EDGE_CURVE('',#4682,#4683,#1380,.T.);
#5701=EDGE_CURVE('',#4682,#4684,#1381,.T.);
#5702=EDGE_CURVE('',#4684,#4685,#1382,.T.);
#5703=EDGE_CURVE('',#4683,#4685,#1383,.T.);
#5704=EDGE_CURVE('',#4686,#4687,#1384,.T.);
#5705=EDGE_CURVE('',#4688,#4687,#1385,.T.);
#5706=EDGE_CURVE('',#4689,#4688,#1386,.T.);
#5707=EDGE_CURVE('',#4689,#4686,#1387,.T.);
#5708=EDGE_CURVE('',#4690,#4691,#1388,.T.);
#5709=EDGE_CURVE('',#4690,#4692,#1389,.T.);
#5710=EDGE_CURVE('',#4692,#4693,#1390,.T.);
#5711=EDGE_CURVE('',#4691,#4693,#1391,.T.);
#5712=EDGE_CURVE('',#4694,#4695,#1392,.T.);
#5713=EDGE_CURVE('',#4695,#4696,#1393,.T.);
#5714=EDGE_CURVE('',#4696,#4697,#1394,.T.);
#5715=EDGE_CURVE('',#4694,#4697,#1395,.T.);
#5716=EDGE_CURVE('',#4684,#4698,#1396,.T.);
#5717=EDGE_CURVE('',#4699,#4682,#1397,.T.);
#5718=EDGE_CURVE('',#4700,#4699,#1398,.T.);
#5719=EDGE_CURVE('',#4700,#4701,#1399,.T.);
#5720=EDGE_CURVE('',#4698,#4701,#1400,.T.);
#5721=EDGE_CURVE('',#4702,#4703,#1401,.T.);
#5722=EDGE_CURVE('',#4703,#4704,#1402,.T.);
#5723=EDGE_CURVE('',#4705,#4704,#1403,.T.);
#5724=EDGE_CURVE('',#4705,#4702,#1404,.T.);
#5725=EDGE_CURVE('',#4706,#4687,#1405,.T.);
#5726=EDGE_CURVE('',#4707,#4686,#1406,.T.);
#5727=EDGE_CURVE('',#4706,#4707,#1407,.T.);
#5728=EDGE_CURVE('',#4692,#4689,#1408,.T.);
#5729=EDGE_CURVE('',#4708,#4690,#1409,.T.);
#5730=EDGE_CURVE('',#4707,#4708,#1410,.T.);
#5731=EDGE_CURVE('',#4708,#4709,#1411,.T.);
#5732=EDGE_CURVE('',#4709,#4691,#1412,.T.);
#5733=EDGE_CURVE('',#4710,#4709,#1413,.T.);
#5734=EDGE_CURVE('',#4693,#4694,#1414,.T.);
#5735=EDGE_CURVE('',#4697,#4683,#1415,.T.);
#5736=EDGE_CURVE('',#4685,#4710,#1416,.T.);
#5737=EDGE_CURVE('',#4698,#4710,#1417,.T.);
#5738=EDGE_CURVE('',#4711,#4712,#1418,.T.);
#5739=EDGE_CURVE('',#4712,#4701,#1419,.T.);
#5740=EDGE_CURVE('',#4711,#4700,#1420,.T.);
#5741=EDGE_CURVE('',#4711,#4713,#1421,.T.);
#5742=EDGE_CURVE('',#4699,#4713,#1422,.T.);
#5743=EDGE_CURVE('',#4714,#4715,#1423,.T.);
#5744=EDGE_CURVE('',#4714,#4716,#1424,.T.);
#5745=EDGE_CURVE('',#4716,#4717,#1425,.T.);
#5746=EDGE_CURVE('',#4715,#4717,#1426,.T.);
#5747=EDGE_CURVE('',#4718,#4719,#1427,.T.);
#5748=EDGE_CURVE('',#4720,#4719,#1428,.T.);
#5749=EDGE_CURVE('',#4721,#4720,#1429,.T.);
#5750=EDGE_CURVE('',#4721,#4718,#1430,.T.);
#5751=EDGE_CURVE('',#4722,#4723,#1431,.T.);
#5752=EDGE_CURVE('',#4722,#4724,#1432,.T.);
#5753=EDGE_CURVE('',#4724,#4725,#1433,.T.);
#5754=EDGE_CURVE('',#4723,#4725,#1434,.T.);
#5755=EDGE_CURVE('',#4726,#4727,#1435,.T.);
#5756=EDGE_CURVE('',#4727,#4728,#1436,.T.);
#5757=EDGE_CURVE('',#4728,#4729,#1437,.T.);
#5758=EDGE_CURVE('',#4726,#4729,#1438,.T.);
#5759=EDGE_CURVE('',#4716,#4730,#1439,.T.);
#5760=EDGE_CURVE('',#4731,#4714,#1440,.T.);
#5761=EDGE_CURVE('',#4732,#4731,#1441,.T.);
#5762=EDGE_CURVE('',#4732,#4733,#1442,.T.);
#5763=EDGE_CURVE('',#4730,#4733,#1443,.T.);
#5764=EDGE_CURVE('',#4734,#4735,#1444,.T.);
#5765=EDGE_CURVE('',#4735,#4736,#1445,.T.);
#5766=EDGE_CURVE('',#4737,#4736,#1446,.T.);
#5767=EDGE_CURVE('',#4737,#4734,#1447,.T.);
#5768=EDGE_CURVE('',#4738,#4719,#1448,.T.);
#5769=EDGE_CURVE('',#4739,#4718,#1449,.T.);
#5770=EDGE_CURVE('',#4738,#4739,#1450,.T.);
#5771=EDGE_CURVE('',#4724,#4721,#1451,.T.);
#5772=EDGE_CURVE('',#4740,#4722,#1452,.T.);
#5773=EDGE_CURVE('',#4739,#4740,#1453,.T.);
#5774=EDGE_CURVE('',#4740,#4741,#1454,.T.);
#5775=EDGE_CURVE('',#4741,#4723,#1455,.T.);
#5776=EDGE_CURVE('',#4742,#4741,#1456,.T.);
#5777=EDGE_CURVE('',#4725,#4726,#1457,.T.);
#5778=EDGE_CURVE('',#4729,#4715,#1458,.T.);
#5779=EDGE_CURVE('',#4717,#4742,#1459,.T.);
#5780=EDGE_CURVE('',#4730,#4742,#1460,.T.);
#5781=EDGE_CURVE('',#4743,#4744,#1461,.T.);
#5782=EDGE_CURVE('',#4744,#4733,#1462,.T.);
#5783=EDGE_CURVE('',#4743,#4732,#1463,.T.);
#5784=EDGE_CURVE('',#4743,#4745,#1464,.T.);
#5785=EDGE_CURVE('',#4731,#4745,#1465,.T.);
#5786=EDGE_CURVE('',#4746,#4747,#1466,.T.);
#5787=EDGE_CURVE('',#4746,#4748,#1467,.T.);
#5788=EDGE_CURVE('',#4748,#4749,#1468,.T.);
#5789=EDGE_CURVE('',#4747,#4749,#1469,.T.);
#5790=EDGE_CURVE('',#4750,#4751,#1470,.T.);
#5791=EDGE_CURVE('',#4752,#4751,#1471,.T.);
#5792=EDGE_CURVE('',#4753,#4752,#1472,.T.);
#5793=EDGE_CURVE('',#4753,#4750,#1473,.T.);
#5794=EDGE_CURVE('',#4754,#4755,#1474,.T.);
#5795=EDGE_CURVE('',#4754,#4756,#1475,.T.);
#5796=EDGE_CURVE('',#4756,#4757,#1476,.T.);
#5797=EDGE_CURVE('',#4755,#4757,#1477,.T.);
#5798=EDGE_CURVE('',#4758,#4759,#1478,.T.);
#5799=EDGE_CURVE('',#4759,#4760,#1479,.T.);
#5800=EDGE_CURVE('',#4760,#4761,#1480,.T.);
#5801=EDGE_CURVE('',#4758,#4761,#1481,.T.);
#5802=EDGE_CURVE('',#4748,#4762,#1482,.T.);
#5803=EDGE_CURVE('',#4763,#4746,#1483,.T.);
#5804=EDGE_CURVE('',#4764,#4763,#1484,.T.);
#5805=EDGE_CURVE('',#4764,#4765,#1485,.T.);
#5806=EDGE_CURVE('',#4762,#4765,#1486,.T.);
#5807=EDGE_CURVE('',#4766,#4767,#1487,.T.);
#5808=EDGE_CURVE('',#4767,#4768,#1488,.T.);
#5809=EDGE_CURVE('',#4769,#4768,#1489,.T.);
#5810=EDGE_CURVE('',#4769,#4766,#1490,.T.);
#5811=EDGE_CURVE('',#4770,#4751,#1491,.T.);
#5812=EDGE_CURVE('',#4771,#4750,#1492,.T.);
#5813=EDGE_CURVE('',#4770,#4771,#1493,.T.);
#5814=EDGE_CURVE('',#4756,#4753,#1494,.T.);
#5815=EDGE_CURVE('',#4772,#4754,#1495,.T.);
#5816=EDGE_CURVE('',#4771,#4772,#1496,.T.);
#5817=EDGE_CURVE('',#4772,#4773,#1497,.T.);
#5818=EDGE_CURVE('',#4773,#4755,#1498,.T.);
#5819=EDGE_CURVE('',#4774,#4773,#1499,.T.);
#5820=EDGE_CURVE('',#4757,#4758,#1500,.T.);
#5821=EDGE_CURVE('',#4761,#4747,#1501,.T.);
#5822=EDGE_CURVE('',#4749,#4774,#1502,.T.);
#5823=EDGE_CURVE('',#4762,#4774,#1503,.T.);
#5824=EDGE_CURVE('',#4775,#4776,#1504,.T.);
#5825=EDGE_CURVE('',#4776,#4765,#1505,.T.);
#5826=EDGE_CURVE('',#4775,#4764,#1506,.T.);
#5827=EDGE_CURVE('',#4775,#4777,#1507,.T.);
#5828=EDGE_CURVE('',#4763,#4777,#1508,.T.);
#5829=EDGE_CURVE('',#4778,#4779,#1509,.T.);
#5830=EDGE_CURVE('',#4778,#4780,#1510,.T.);
#5831=EDGE_CURVE('',#4780,#4781,#1511,.T.);
#5832=EDGE_CURVE('',#4779,#4781,#1512,.T.);
#5833=EDGE_CURVE('',#4782,#4783,#1513,.T.);
#5834=EDGE_CURVE('',#4784,#4783,#1514,.T.);
#5835=EDGE_CURVE('',#4785,#4784,#1515,.T.);
#5836=EDGE_CURVE('',#4785,#4782,#1516,.T.);
#5837=EDGE_CURVE('',#4786,#4787,#1517,.T.);
#5838=EDGE_CURVE('',#4786,#4788,#1518,.T.);
#5839=EDGE_CURVE('',#4788,#4789,#1519,.T.);
#5840=EDGE_CURVE('',#4787,#4789,#1520,.T.);
#5841=EDGE_CURVE('',#4790,#4791,#1521,.T.);
#5842=EDGE_CURVE('',#4791,#4792,#1522,.T.);
#5843=EDGE_CURVE('',#4792,#4793,#1523,.T.);
#5844=EDGE_CURVE('',#4790,#4793,#1524,.T.);
#5845=EDGE_CURVE('',#4780,#4794,#1525,.T.);
#5846=EDGE_CURVE('',#4795,#4778,#1526,.T.);
#5847=EDGE_CURVE('',#4796,#4795,#1527,.T.);
#5848=EDGE_CURVE('',#4796,#4797,#1528,.T.);
#5849=EDGE_CURVE('',#4794,#4797,#1529,.T.);
#5850=EDGE_CURVE('',#4798,#4799,#1530,.T.);
#5851=EDGE_CURVE('',#4799,#4800,#1531,.T.);
#5852=EDGE_CURVE('',#4801,#4800,#1532,.T.);
#5853=EDGE_CURVE('',#4801,#4798,#1533,.T.);
#5854=EDGE_CURVE('',#4802,#4783,#1534,.T.);
#5855=EDGE_CURVE('',#4803,#4782,#1535,.T.);
#5856=EDGE_CURVE('',#4802,#4803,#1536,.T.);
#5857=EDGE_CURVE('',#4788,#4785,#1537,.T.);
#5858=EDGE_CURVE('',#4804,#4786,#1538,.T.);
#5859=EDGE_CURVE('',#4803,#4804,#1539,.T.);
#5860=EDGE_CURVE('',#4804,#4805,#1540,.T.);
#5861=EDGE_CURVE('',#4805,#4787,#1541,.T.);
#5862=EDGE_CURVE('',#4806,#4805,#1542,.T.);
#5863=EDGE_CURVE('',#4789,#4790,#1543,.T.);
#5864=EDGE_CURVE('',#4793,#4779,#1544,.T.);
#5865=EDGE_CURVE('',#4781,#4806,#1545,.T.);
#5866=EDGE_CURVE('',#4794,#4806,#1546,.T.);
#5867=EDGE_CURVE('',#4807,#4808,#1547,.T.);
#5868=EDGE_CURVE('',#4808,#4797,#1548,.T.);
#5869=EDGE_CURVE('',#4807,#4796,#1549,.T.);
#5870=EDGE_CURVE('',#4807,#4809,#1550,.T.);
#5871=EDGE_CURVE('',#4795,#4809,#1551,.T.);
#5872=EDGE_CURVE('',#4810,#4811,#1552,.T.);
#5873=EDGE_CURVE('',#4810,#4812,#1553,.T.);
#5874=EDGE_CURVE('',#4812,#4813,#1554,.T.);
#5875=EDGE_CURVE('',#4811,#4813,#1555,.T.);
#5876=EDGE_CURVE('',#4814,#4815,#1556,.T.);
#5877=EDGE_CURVE('',#4816,#4815,#1557,.T.);
#5878=EDGE_CURVE('',#4817,#4816,#1558,.T.);
#5879=EDGE_CURVE('',#4817,#4814,#1559,.T.);
#5880=EDGE_CURVE('',#4818,#4819,#1560,.T.);
#5881=EDGE_CURVE('',#4818,#4820,#1561,.T.);
#5882=EDGE_CURVE('',#4820,#4821,#1562,.T.);
#5883=EDGE_CURVE('',#4819,#4821,#1563,.T.);
#5884=EDGE_CURVE('',#4822,#4823,#1564,.T.);
#5885=EDGE_CURVE('',#4823,#4824,#1565,.T.);
#5886=EDGE_CURVE('',#4824,#4825,#1566,.T.);
#5887=EDGE_CURVE('',#4822,#4825,#1567,.T.);
#5888=EDGE_CURVE('',#4812,#4826,#1568,.T.);
#5889=EDGE_CURVE('',#4827,#4810,#1569,.T.);
#5890=EDGE_CURVE('',#4828,#4827,#1570,.T.);
#5891=EDGE_CURVE('',#4828,#4829,#1571,.T.);
#5892=EDGE_CURVE('',#4826,#4829,#1572,.T.);
#5893=EDGE_CURVE('',#4830,#4831,#1573,.T.);
#5894=EDGE_CURVE('',#4831,#4832,#1574,.T.);
#5895=EDGE_CURVE('',#4833,#4832,#1575,.T.);
#5896=EDGE_CURVE('',#4833,#4830,#1576,.T.);
#5897=EDGE_CURVE('',#4834,#4815,#1577,.T.);
#5898=EDGE_CURVE('',#4835,#4814,#1578,.T.);
#5899=EDGE_CURVE('',#4834,#4835,#1579,.T.);
#5900=EDGE_CURVE('',#4820,#4817,#1580,.T.);
#5901=EDGE_CURVE('',#4836,#4818,#1581,.T.);
#5902=EDGE_CURVE('',#4835,#4836,#1582,.T.);
#5903=EDGE_CURVE('',#4836,#4837,#1583,.T.);
#5904=EDGE_CURVE('',#4837,#4819,#1584,.T.);
#5905=EDGE_CURVE('',#4838,#4837,#1585,.T.);
#5906=EDGE_CURVE('',#4821,#4822,#1586,.T.);
#5907=EDGE_CURVE('',#4825,#4811,#1587,.T.);
#5908=EDGE_CURVE('',#4813,#4838,#1588,.T.);
#5909=EDGE_CURVE('',#4826,#4838,#1589,.T.);
#5910=EDGE_CURVE('',#4839,#4840,#1590,.T.);
#5911=EDGE_CURVE('',#4840,#4829,#1591,.T.);
#5912=EDGE_CURVE('',#4839,#4828,#1592,.T.);
#5913=EDGE_CURVE('',#4839,#4841,#1593,.T.);
#5914=EDGE_CURVE('',#4827,#4841,#1594,.T.);
#5915=EDGE_CURVE('',#4842,#4843,#1595,.T.);
#5916=EDGE_CURVE('',#4842,#4844,#1596,.T.);
#5917=EDGE_CURVE('',#4844,#4845,#1597,.T.);
#5918=EDGE_CURVE('',#4843,#4845,#1598,.T.);
#5919=EDGE_CURVE('',#4846,#4847,#1599,.T.);
#5920=EDGE_CURVE('',#4848,#4847,#1600,.T.);
#5921=EDGE_CURVE('',#4849,#4848,#1601,.T.);
#5922=EDGE_CURVE('',#4849,#4846,#1602,.T.);
#5923=EDGE_CURVE('',#4850,#4851,#1603,.T.);
#5924=EDGE_CURVE('',#4850,#4852,#1604,.T.);
#5925=EDGE_CURVE('',#4852,#4853,#1605,.T.);
#5926=EDGE_CURVE('',#4851,#4853,#1606,.T.);
#5927=EDGE_CURVE('',#4854,#4855,#1607,.T.);
#5928=EDGE_CURVE('',#4855,#4856,#1608,.T.);
#5929=EDGE_CURVE('',#4856,#4857,#1609,.T.);
#5930=EDGE_CURVE('',#4854,#4857,#1610,.T.);
#5931=EDGE_CURVE('',#4844,#4858,#1611,.T.);
#5932=EDGE_CURVE('',#4859,#4842,#1612,.T.);
#5933=EDGE_CURVE('',#4860,#4859,#1613,.T.);
#5934=EDGE_CURVE('',#4860,#4861,#1614,.T.);
#5935=EDGE_CURVE('',#4858,#4861,#1615,.T.);
#5936=EDGE_CURVE('',#4862,#4863,#1616,.T.);
#5937=EDGE_CURVE('',#4863,#4864,#1617,.T.);
#5938=EDGE_CURVE('',#4865,#4864,#1618,.T.);
#5939=EDGE_CURVE('',#4865,#4862,#1619,.T.);
#5940=EDGE_CURVE('',#4866,#4847,#1620,.T.);
#5941=EDGE_CURVE('',#4867,#4846,#1621,.T.);
#5942=EDGE_CURVE('',#4866,#4867,#1622,.T.);
#5943=EDGE_CURVE('',#4852,#4849,#1623,.T.);
#5944=EDGE_CURVE('',#4868,#4850,#1624,.T.);
#5945=EDGE_CURVE('',#4867,#4868,#1625,.T.);
#5946=EDGE_CURVE('',#4868,#4869,#1626,.T.);
#5947=EDGE_CURVE('',#4869,#4851,#1627,.T.);
#5948=EDGE_CURVE('',#4870,#4869,#1628,.T.);
#5949=EDGE_CURVE('',#4853,#4854,#1629,.T.);
#5950=EDGE_CURVE('',#4857,#4843,#1630,.T.);
#5951=EDGE_CURVE('',#4845,#4870,#1631,.T.);
#5952=EDGE_CURVE('',#4858,#4870,#1632,.T.);
#5953=EDGE_CURVE('',#4871,#4872,#1633,.T.);
#5954=EDGE_CURVE('',#4872,#4861,#1634,.T.);
#5955=EDGE_CURVE('',#4871,#4860,#1635,.T.);
#5956=EDGE_CURVE('',#4871,#4873,#1636,.T.);
#5957=EDGE_CURVE('',#4859,#4873,#1637,.T.);
#5958=EDGE_CURVE('',#4874,#4875,#1638,.T.);
#5959=EDGE_CURVE('',#4874,#4876,#1639,.T.);
#5960=EDGE_CURVE('',#4876,#4877,#1640,.T.);
#5961=EDGE_CURVE('',#4875,#4877,#1641,.T.);
#5962=EDGE_CURVE('',#4878,#4879,#1642,.T.);
#5963=EDGE_CURVE('',#4880,#4879,#1643,.T.);
#5964=EDGE_CURVE('',#4881,#4880,#1644,.T.);
#5965=EDGE_CURVE('',#4881,#4878,#1645,.T.);
#5966=EDGE_CURVE('',#4882,#4883,#1646,.T.);
#5967=EDGE_CURVE('',#4882,#4884,#1647,.T.);
#5968=EDGE_CURVE('',#4884,#4885,#1648,.T.);
#5969=EDGE_CURVE('',#4883,#4885,#1649,.T.);
#5970=EDGE_CURVE('',#4886,#4887,#1650,.T.);
#5971=EDGE_CURVE('',#4887,#4888,#1651,.T.);
#5972=EDGE_CURVE('',#4888,#4889,#1652,.T.);
#5973=EDGE_CURVE('',#4886,#4889,#1653,.T.);
#5974=EDGE_CURVE('',#4876,#4890,#1654,.T.);
#5975=EDGE_CURVE('',#4891,#4874,#1655,.T.);
#5976=EDGE_CURVE('',#4892,#4891,#1656,.T.);
#5977=EDGE_CURVE('',#4892,#4893,#1657,.T.);
#5978=EDGE_CURVE('',#4890,#4893,#1658,.T.);
#5979=EDGE_CURVE('',#4894,#4895,#1659,.T.);
#5980=EDGE_CURVE('',#4895,#4896,#1660,.T.);
#5981=EDGE_CURVE('',#4897,#4896,#1661,.T.);
#5982=EDGE_CURVE('',#4897,#4894,#1662,.T.);
#5983=EDGE_CURVE('',#4898,#4879,#1663,.T.);
#5984=EDGE_CURVE('',#4899,#4878,#1664,.T.);
#5985=EDGE_CURVE('',#4898,#4899,#1665,.T.);
#5986=EDGE_CURVE('',#4884,#4881,#1666,.T.);
#5987=EDGE_CURVE('',#4900,#4882,#1667,.T.);
#5988=EDGE_CURVE('',#4899,#4900,#1668,.T.);
#5989=EDGE_CURVE('',#4900,#4901,#1669,.T.);
#5990=EDGE_CURVE('',#4901,#4883,#1670,.T.);
#5991=EDGE_CURVE('',#4902,#4901,#1671,.T.);
#5992=EDGE_CURVE('',#4885,#4886,#1672,.T.);
#5993=EDGE_CURVE('',#4889,#4875,#1673,.T.);
#5994=EDGE_CURVE('',#4877,#4902,#1674,.T.);
#5995=EDGE_CURVE('',#4890,#4902,#1675,.T.);
#5996=EDGE_CURVE('',#4903,#4904,#1676,.T.);
#5997=EDGE_CURVE('',#4904,#4893,#1677,.T.);
#5998=EDGE_CURVE('',#4903,#4892,#1678,.T.);
#5999=EDGE_CURVE('',#4903,#4905,#1679,.T.);
#6000=EDGE_CURVE('',#4891,#4905,#1680,.T.);
#6001=EDGE_CURVE('',#4906,#4907,#1681,.T.);
#6002=EDGE_CURVE('',#4906,#4908,#1682,.T.);
#6003=EDGE_CURVE('',#4908,#4909,#1683,.T.);
#6004=EDGE_CURVE('',#4907,#4909,#1684,.T.);
#6005=EDGE_CURVE('',#4910,#4911,#1685,.T.);
#6006=EDGE_CURVE('',#4912,#4911,#1686,.T.);
#6007=EDGE_CURVE('',#4913,#4912,#1687,.T.);
#6008=EDGE_CURVE('',#4913,#4910,#1688,.T.);
#6009=EDGE_CURVE('',#4914,#4915,#1689,.T.);
#6010=EDGE_CURVE('',#4914,#4916,#1690,.T.);
#6011=EDGE_CURVE('',#4916,#4917,#1691,.T.);
#6012=EDGE_CURVE('',#4915,#4917,#1692,.T.);
#6013=EDGE_CURVE('',#4918,#4919,#1693,.T.);
#6014=EDGE_CURVE('',#4919,#4920,#1694,.T.);
#6015=EDGE_CURVE('',#4920,#4921,#1695,.T.);
#6016=EDGE_CURVE('',#4918,#4921,#1696,.T.);
#6017=EDGE_CURVE('',#4908,#4922,#1697,.T.);
#6018=EDGE_CURVE('',#4923,#4906,#1698,.T.);
#6019=EDGE_CURVE('',#4924,#4923,#1699,.T.);
#6020=EDGE_CURVE('',#4924,#4925,#1700,.T.);
#6021=EDGE_CURVE('',#4922,#4925,#1701,.T.);
#6022=EDGE_CURVE('',#4926,#4911,#1702,.T.);
#6023=EDGE_CURVE('',#4927,#4910,#1703,.T.);
#6024=EDGE_CURVE('',#4926,#4927,#1704,.T.);
#6025=EDGE_CURVE('',#4916,#4913,#1705,.T.);
#6026=EDGE_CURVE('',#4928,#4914,#1706,.T.);
#6027=EDGE_CURVE('',#4927,#4928,#1707,.T.);
#6028=EDGE_CURVE('',#4928,#4929,#1708,.T.);
#6029=EDGE_CURVE('',#4929,#4915,#1709,.T.);
#6030=EDGE_CURVE('',#4930,#4929,#1710,.T.);
#6031=EDGE_CURVE('',#4917,#4918,#1711,.T.);
#6032=EDGE_CURVE('',#4921,#4907,#1712,.T.);
#6033=EDGE_CURVE('',#4909,#4930,#1713,.T.);
#6034=EDGE_CURVE('',#4922,#4930,#1714,.T.);
#6035=EDGE_CURVE('',#4931,#4932,#1715,.T.);
#6036=EDGE_CURVE('',#4932,#4925,#1716,.T.);
#6037=EDGE_CURVE('',#4931,#4924,#1717,.T.);
#6038=EDGE_CURVE('',#4931,#4933,#1718,.T.);
#6039=EDGE_CURVE('',#4923,#4933,#1719,.T.);
#6040=EDGE_CURVE('',#4934,#4935,#1720,.T.);
#6041=EDGE_CURVE('',#4935,#4936,#1721,.T.);
#6042=EDGE_CURVE('',#4937,#4936,#1722,.T.);
#6043=EDGE_CURVE('',#4937,#4934,#1723,.T.);
#6044=EDGE_CURVE('',#4938,#4939,#1724,.T.);
#6045=EDGE_CURVE('',#4938,#4940,#1725,.T.);
#6046=EDGE_CURVE('',#4940,#4941,#1726,.T.);
#6047=EDGE_CURVE('',#4939,#4941,#1727,.T.);
#6048=EDGE_CURVE('',#4940,#4942,#1728,.T.);
#6049=EDGE_CURVE('',#4942,#4943,#1729,.T.);
#6050=EDGE_CURVE('',#4941,#4943,#1730,.T.);
#6051=EDGE_CURVE('',#4944,#4945,#1731,.T.);
#6052=EDGE_CURVE('',#4944,#4938,#1732,.T.);
#6053=EDGE_CURVE('',#4945,#4939,#1733,.T.);
#6054=EDGE_CURVE('',#4946,#4947,#1734,.T.);
#6055=EDGE_CURVE('',#4946,#4948,#1735,.T.);
#6056=EDGE_CURVE('',#4948,#4949,#1736,.T.);
#6057=EDGE_CURVE('',#4947,#4949,#1737,.T.);
#6058=EDGE_CURVE('',#4948,#4950,#1738,.T.);
#6059=EDGE_CURVE('',#4950,#4951,#1739,.T.);
#6060=EDGE_CURVE('',#4949,#4951,#1740,.T.);
#6061=EDGE_CURVE('',#4952,#4953,#1741,.T.);
#6062=EDGE_CURVE('',#4952,#4946,#1742,.T.);
#6063=EDGE_CURVE('',#4953,#4947,#1743,.T.);
#6064=EDGE_CURVE('',#4954,#4955,#1744,.T.);
#6065=EDGE_CURVE('',#4950,#4955,#1745,.T.);
#6066=EDGE_CURVE('',#4954,#4952,#1746,.T.);
#6067=EDGE_CURVE('',#4956,#4954,#1747,.T.);
#6068=EDGE_CURVE('',#4956,#4957,#1748,.T.);
#6069=EDGE_CURVE('',#4955,#4957,#1749,.T.);
#6070=EDGE_CURVE('',#4958,#4959,#1750,.T.);
#6071=EDGE_CURVE('',#4958,#4960,#1751,.T.);
#6072=EDGE_CURVE('',#4960,#4961,#1752,.T.);
#6073=EDGE_CURVE('',#4959,#4961,#1753,.T.);
#6074=EDGE_CURVE('',#4960,#4962,#1754,.T.);
#6075=EDGE_CURVE('',#4962,#4963,#1755,.T.);
#6076=EDGE_CURVE('',#4961,#4963,#1756,.T.);
#6077=EDGE_CURVE('',#4964,#4965,#1757,.T.);
#6078=EDGE_CURVE('',#4964,#4958,#1758,.T.);
#6079=EDGE_CURVE('',#4965,#4959,#1759,.T.);
#6080=EDGE_CURVE('',#4966,#4967,#1760,.T.);
#6081=EDGE_CURVE('',#4962,#4967,#1761,.T.);
#6082=EDGE_CURVE('',#4966,#4964,#1762,.T.);
#6083=EDGE_CURVE('',#4968,#4966,#1763,.T.);
#6084=EDGE_CURVE('',#4968,#4969,#1764,.T.);
#6085=EDGE_CURVE('',#4967,#4969,#1765,.T.);
#6086=EDGE_CURVE('',#4970,#4971,#1766,.T.);
#6087=EDGE_CURVE('',#4970,#4972,#1767,.T.);
#6088=EDGE_CURVE('',#4972,#4973,#1768,.T.);
#6089=EDGE_CURVE('',#4971,#4973,#1769,.T.);
#6090=EDGE_CURVE('',#4972,#4974,#1770,.T.);
#6091=EDGE_CURVE('',#4974,#4975,#1771,.T.);
#6092=EDGE_CURVE('',#4973,#4975,#1772,.T.);
#6093=EDGE_CURVE('',#4976,#4977,#1773,.T.);
#6094=EDGE_CURVE('',#4976,#4970,#1774,.T.);
#6095=EDGE_CURVE('',#4977,#4971,#1775,.T.);
#6096=EDGE_CURVE('',#4978,#4979,#1776,.T.);
#6097=EDGE_CURVE('',#4974,#4979,#1777,.T.);
#6098=EDGE_CURVE('',#4978,#4976,#1778,.T.);
#6099=EDGE_CURVE('',#4980,#4978,#1779,.T.);
#6100=EDGE_CURVE('',#4980,#4981,#1780,.T.);
#6101=EDGE_CURVE('',#4979,#4981,#1781,.T.);
#6102=EDGE_CURVE('',#4982,#4983,#1782,.T.);
#6103=EDGE_CURVE('',#4982,#4984,#1783,.T.);
#6104=EDGE_CURVE('',#4984,#4985,#1784,.T.);
#6105=EDGE_CURVE('',#4983,#4985,#1785,.T.);
#6106=EDGE_CURVE('',#4984,#4986,#1786,.T.);
#6107=EDGE_CURVE('',#4986,#4987,#1787,.T.);
#6108=EDGE_CURVE('',#4985,#4987,#1788,.T.);
#6109=EDGE_CURVE('',#4988,#4989,#1789,.T.);
#6110=EDGE_CURVE('',#4988,#4982,#1790,.T.);
#6111=EDGE_CURVE('',#4989,#4983,#1791,.T.);
#6112=EDGE_CURVE('',#4990,#4991,#1792,.T.);
#6113=EDGE_CURVE('',#4986,#4991,#1793,.T.);
#6114=EDGE_CURVE('',#4990,#4988,#1794,.T.);
#6115=EDGE_CURVE('',#4992,#4990,#1795,.T.);
#6116=EDGE_CURVE('',#4992,#4993,#1796,.T.);
#6117=EDGE_CURVE('',#4991,#4993,#1797,.T.);
#6118=EDGE_CURVE('',#4994,#4995,#1798,.T.);
#6119=EDGE_CURVE('',#4994,#4996,#1799,.T.);
#6120=EDGE_CURVE('',#4996,#4997,#1800,.T.);
#6121=EDGE_CURVE('',#4995,#4997,#1801,.T.);
#6122=EDGE_CURVE('',#4998,#4999,#1802,.T.);
#6123=EDGE_CURVE('',#4998,#4994,#1803,.T.);
#6124=EDGE_CURVE('',#4999,#4995,#1804,.T.);
#6125=EDGE_CURVE('',#5000,#5001,#1805,.T.);
#6126=EDGE_CURVE('',#5000,#4998,#1806,.T.);
#6127=EDGE_CURVE('',#4760,#4999,#1807,.T.);
#6128=EDGE_CURVE('',#5001,#4759,#1808,.T.);
#6129=EDGE_CURVE('',#4996,#5000,#1809,.T.);
#6130=EDGE_CURVE('',#4997,#5001,#1810,.T.);
#6131=EDGE_CURVE('',#5002,#5003,#1811,.T.);
#6132=EDGE_CURVE('',#5002,#5004,#1812,.T.);
#6133=EDGE_CURVE('',#5004,#5005,#1813,.T.);
#6134=EDGE_CURVE('',#5003,#5005,#1814,.T.);
#6135=EDGE_CURVE('',#5006,#5007,#1815,.T.);
#6136=EDGE_CURVE('',#5006,#5002,#1816,.T.);
#6137=EDGE_CURVE('',#5007,#5003,#1817,.T.);
#6138=EDGE_CURVE('',#5008,#5009,#1818,.T.);
#6139=EDGE_CURVE('',#5008,#5006,#1819,.T.);
#6140=EDGE_CURVE('',#4728,#5007,#1820,.T.);
#6141=EDGE_CURVE('',#5009,#4727,#1821,.T.);
#6142=EDGE_CURVE('',#5004,#5008,#1822,.T.);
#6143=EDGE_CURVE('',#5005,#5009,#1823,.T.);
#6144=EDGE_CURVE('',#5010,#5011,#1824,.T.);
#6145=EDGE_CURVE('',#5010,#5012,#1825,.T.);
#6146=EDGE_CURVE('',#5012,#5013,#1826,.T.);
#6147=EDGE_CURVE('',#5011,#5013,#1827,.T.);
#6148=EDGE_CURVE('',#5014,#5015,#1828,.T.);
#6149=EDGE_CURVE('',#5014,#5010,#1829,.T.);
#6150=EDGE_CURVE('',#5015,#5011,#1830,.T.);
#6151=EDGE_CURVE('',#5016,#5017,#1831,.T.);
#6152=EDGE_CURVE('',#5016,#5014,#1832,.T.);
#6153=EDGE_CURVE('',#4792,#5015,#1833,.T.);
#6154=EDGE_CURVE('',#5017,#4791,#1834,.T.);
#6155=EDGE_CURVE('',#5012,#5016,#1835,.T.);
#6156=EDGE_CURVE('',#5013,#5017,#1836,.T.);
#6157=EDGE_CURVE('',#5018,#5019,#1837,.T.);
#6158=EDGE_CURVE('',#5018,#5020,#1838,.T.);
#6159=EDGE_CURVE('',#5020,#5021,#1839,.T.);
#6160=EDGE_CURVE('',#5019,#5021,#1840,.T.);
#6161=EDGE_CURVE('',#5022,#5023,#1841,.T.);
#6162=EDGE_CURVE('',#5022,#5018,#1842,.T.);
#6163=EDGE_CURVE('',#5023,#5019,#1843,.T.);
#6164=EDGE_CURVE('',#5024,#5025,#1844,.T.);
#6165=EDGE_CURVE('',#5024,#5022,#1845,.T.);
#6166=EDGE_CURVE('',#4824,#5023,#1846,.T.);
#6167=EDGE_CURVE('',#5025,#4823,#1847,.T.);
#6168=EDGE_CURVE('',#5020,#5024,#1848,.T.);
#6169=EDGE_CURVE('',#5021,#5025,#1849,.T.);
#6170=EDGE_CURVE('',#5026,#5027,#1850,.T.);
#6171=EDGE_CURVE('',#5026,#5028,#1851,.T.);
#6172=EDGE_CURVE('',#5028,#5029,#1852,.T.);
#6173=EDGE_CURVE('',#5027,#5029,#1853,.T.);
#6174=EDGE_CURVE('',#5030,#5031,#1854,.T.);
#6175=EDGE_CURVE('',#5030,#5026,#1855,.T.);
#6176=EDGE_CURVE('',#5031,#5027,#1856,.T.);
#6177=EDGE_CURVE('',#5032,#5033,#1857,.T.);
#6178=EDGE_CURVE('',#5032,#5030,#1858,.T.);
#6179=EDGE_CURVE('',#4696,#5031,#1859,.T.);
#6180=EDGE_CURVE('',#5033,#4695,#1860,.T.);
#6181=EDGE_CURVE('',#5028,#5032,#1861,.T.);
#6182=EDGE_CURVE('',#5029,#5033,#1862,.T.);
#6183=EDGE_CURVE('',#5034,#5035,#1863,.T.);
#6184=EDGE_CURVE('',#5034,#5036,#1864,.T.);
#6185=EDGE_CURVE('',#5036,#5037,#1865,.T.);
#6186=EDGE_CURVE('',#5035,#5037,#1866,.T.);
#6187=EDGE_CURVE('',#5038,#5039,#1867,.T.);
#6188=EDGE_CURVE('',#5038,#5034,#1868,.T.);
#6189=EDGE_CURVE('',#5039,#5035,#1869,.T.);
#6190=EDGE_CURVE('',#5040,#5041,#1870,.T.);
#6191=EDGE_CURVE('',#5040,#5038,#1871,.T.);
#6192=EDGE_CURVE('',#4664,#5039,#1872,.T.);
#6193=EDGE_CURVE('',#5041,#4663,#1873,.T.);
#6194=EDGE_CURVE('',#5036,#5040,#1874,.T.);
#6195=EDGE_CURVE('',#5037,#5041,#1875,.T.);
#6196=EDGE_CURVE('',#5042,#5043,#1876,.T.);
#6197=EDGE_CURVE('',#5042,#5044,#1877,.T.);
#6198=EDGE_CURVE('',#5044,#5045,#1878,.T.);
#6199=EDGE_CURVE('',#5043,#5045,#1879,.T.);
#6200=EDGE_CURVE('',#5046,#5047,#1880,.T.);
#6201=EDGE_CURVE('',#5046,#5042,#1881,.T.);
#6202=EDGE_CURVE('',#5047,#5043,#1882,.T.);
#6203=EDGE_CURVE('',#5048,#5049,#1883,.T.);
#6204=EDGE_CURVE('',#5048,#5046,#1884,.T.);
#6205=EDGE_CURVE('',#4632,#5047,#1885,.T.);
#6206=EDGE_CURVE('',#5049,#4631,#1886,.T.);
#6207=EDGE_CURVE('',#5044,#5048,#1887,.T.);
#6208=EDGE_CURVE('',#5045,#5049,#1888,.T.);
#6209=EDGE_CURVE('',#5050,#5051,#1889,.T.);
#6210=EDGE_CURVE('',#5050,#5052,#1890,.T.);
#6211=EDGE_CURVE('',#5052,#5053,#1891,.T.);
#6212=EDGE_CURVE('',#5051,#5053,#1892,.T.);
#6213=EDGE_CURVE('',#5054,#5055,#1893,.T.);
#6214=EDGE_CURVE('',#5054,#5050,#1894,.T.);
#6215=EDGE_CURVE('',#5055,#5051,#1895,.T.);
#6216=EDGE_CURVE('',#5056,#5057,#1896,.T.);
#6217=EDGE_CURVE('',#5056,#5054,#1897,.T.);
#6218=EDGE_CURVE('',#4856,#5055,#1898,.T.);
#6219=EDGE_CURVE('',#5057,#4855,#1899,.T.);
#6220=EDGE_CURVE('',#5052,#5056,#1900,.T.);
#6221=EDGE_CURVE('',#5053,#5057,#1901,.T.);
#6222=EDGE_CURVE('',#5058,#5059,#1902,.T.);
#6223=EDGE_CURVE('',#5058,#5060,#1903,.T.);
#6224=EDGE_CURVE('',#5060,#5061,#1904,.T.);
#6225=EDGE_CURVE('',#5059,#5061,#1905,.T.);
#6226=EDGE_CURVE('',#5062,#5063,#1906,.T.);
#6227=EDGE_CURVE('',#5062,#5058,#1907,.T.);
#6228=EDGE_CURVE('',#5063,#5059,#1908,.T.);
#6229=EDGE_CURVE('',#5064,#5065,#1909,.T.);
#6230=EDGE_CURVE('',#5064,#5062,#1910,.T.);
#6231=EDGE_CURVE('',#4888,#5063,#1911,.T.);
#6232=EDGE_CURVE('',#5065,#4887,#1912,.T.);
#6233=EDGE_CURVE('',#5060,#5064,#1913,.T.);
#6234=EDGE_CURVE('',#5061,#5065,#1914,.T.);
#6235=EDGE_CURVE('',#5066,#5067,#1915,.T.);
#6236=EDGE_CURVE('',#5066,#5068,#1916,.T.);
#6237=EDGE_CURVE('',#5068,#5069,#1917,.T.);
#6238=EDGE_CURVE('',#5067,#5069,#1918,.T.);
#6239=EDGE_CURVE('',#5070,#5071,#1919,.T.);
#6240=EDGE_CURVE('',#5070,#5066,#1920,.T.);
#6241=EDGE_CURVE('',#5071,#5067,#1921,.T.);
#6242=EDGE_CURVE('',#5072,#5073,#1922,.T.);
#6243=EDGE_CURVE('',#5072,#5070,#1923,.T.);
#6244=EDGE_CURVE('',#4920,#5071,#1924,.T.);
#6245=EDGE_CURVE('',#5073,#4919,#1925,.T.);
#6246=EDGE_CURVE('',#5068,#5072,#1926,.T.);
#6247=EDGE_CURVE('',#5069,#5073,#1927,.T.);
#6248=EDGE_CURVE('',#5074,#5075,#1928,.T.);
#6249=EDGE_CURVE('',#5074,#5076,#1929,.T.);
#6250=EDGE_CURVE('',#5076,#5077,#1930,.T.);
#6251=EDGE_CURVE('',#5075,#5077,#1931,.T.);
#6252=EDGE_CURVE('',#5076,#5078,#1932,.T.);
#6253=EDGE_CURVE('',#5078,#5079,#1933,.T.);
#6254=EDGE_CURVE('',#5077,#5079,#1934,.T.);
#6255=EDGE_CURVE('',#5080,#5081,#1935,.T.);
#6256=EDGE_CURVE('',#5080,#5074,#1936,.T.);
#6257=EDGE_CURVE('',#5081,#5075,#1937,.T.);
#6258=EDGE_CURVE('',#5082,#5083,#1938,.T.);
#6259=EDGE_CURVE('',#5078,#5083,#1939,.T.);
#6260=EDGE_CURVE('',#5082,#5080,#1940,.T.);
#6261=EDGE_CURVE('',#5083,#5084,#1941,.T.);
#6262=EDGE_CURVE('',#5085,#5082,#1942,.T.);
#6263=EDGE_CURVE('',#5084,#5085,#1943,.T.);
#6264=EDGE_CURVE('',#5086,#5087,#1944,.T.);
#6265=EDGE_CURVE('',#5086,#5088,#1945,.T.);
#6266=EDGE_CURVE('',#5088,#5089,#1946,.T.);
#6267=EDGE_CURVE('',#5087,#5089,#1947,.T.);
#6268=EDGE_CURVE('',#5088,#5090,#1948,.T.);
#6269=EDGE_CURVE('',#5090,#5091,#1949,.T.);
#6270=EDGE_CURVE('',#5089,#5091,#1950,.T.);
#6271=EDGE_CURVE('',#5092,#5093,#1951,.T.);
#6272=EDGE_CURVE('',#5092,#5086,#1952,.T.);
#6273=EDGE_CURVE('',#5093,#5087,#1953,.T.);
#6274=EDGE_CURVE('',#5094,#5095,#1954,.T.);
#6275=EDGE_CURVE('',#5090,#5095,#1955,.T.);
#6276=EDGE_CURVE('',#5094,#5092,#1956,.T.);
#6277=EDGE_CURVE('',#5095,#5096,#1957,.T.);
#6278=EDGE_CURVE('',#5097,#5094,#1958,.T.);
#6279=EDGE_CURVE('',#5096,#5097,#1959,.T.);
#6280=EDGE_CURVE('',#5098,#5099,#1960,.T.);
#6281=EDGE_CURVE('',#5098,#5100,#1961,.T.);
#6282=EDGE_CURVE('',#5100,#5101,#1962,.T.);
#6283=EDGE_CURVE('',#5099,#5101,#1963,.T.);
#6284=EDGE_CURVE('',#5100,#5102,#1964,.T.);
#6285=EDGE_CURVE('',#5102,#5103,#1965,.T.);
#6286=EDGE_CURVE('',#5101,#5103,#1966,.T.);
#6287=EDGE_CURVE('',#5104,#5105,#1967,.T.);
#6288=EDGE_CURVE('',#5104,#5098,#1968,.T.);
#6289=EDGE_CURVE('',#5105,#5099,#1969,.T.);
#6290=EDGE_CURVE('',#5106,#5107,#1970,.T.);
#6291=EDGE_CURVE('',#5102,#5107,#1971,.T.);
#6292=EDGE_CURVE('',#5106,#5104,#1972,.T.);
#6293=EDGE_CURVE('',#5107,#5108,#1973,.T.);
#6294=EDGE_CURVE('',#5109,#5106,#1974,.T.);
#6295=EDGE_CURVE('',#5108,#5109,#1975,.T.);
#6296=EDGE_CURVE('',#5110,#5111,#1976,.T.);
#6297=EDGE_CURVE('',#5110,#5112,#1977,.T.);
#6298=EDGE_CURVE('',#5112,#5113,#1978,.T.);
#6299=EDGE_CURVE('',#5111,#5113,#1979,.T.);
#6300=EDGE_CURVE('',#5112,#5114,#1980,.T.);
#6301=EDGE_CURVE('',#5114,#5115,#1981,.T.);
#6302=EDGE_CURVE('',#5113,#5115,#1982,.T.);
#6303=EDGE_CURVE('',#5116,#5117,#1983,.T.);
#6304=EDGE_CURVE('',#5116,#5110,#1984,.T.);
#6305=EDGE_CURVE('',#5117,#5111,#1985,.T.);
#6306=EDGE_CURVE('',#5118,#5119,#1986,.T.);
#6307=EDGE_CURVE('',#5114,#5119,#1987,.T.);
#6308=EDGE_CURVE('',#5118,#5116,#1988,.T.);
#6309=EDGE_CURVE('',#5119,#5120,#1989,.T.);
#6310=EDGE_CURVE('',#5121,#5118,#1990,.T.);
#6311=EDGE_CURVE('',#5120,#5121,#1991,.T.);
#6312=EDGE_CURVE('',#5122,#5123,#1992,.T.);
#6313=EDGE_CURVE('',#5122,#5124,#1993,.T.);
#6314=EDGE_CURVE('',#5124,#5125,#1994,.T.);
#6315=EDGE_CURVE('',#5123,#5125,#1995,.T.);
#6316=EDGE_CURVE('',#5124,#5126,#1996,.T.);
#6317=EDGE_CURVE('',#5126,#5127,#1997,.T.);
#6318=EDGE_CURVE('',#5125,#5127,#1998,.T.);
#6319=EDGE_CURVE('',#5128,#5129,#1999,.T.);
#6320=EDGE_CURVE('',#5128,#5122,#2000,.T.);
#6321=EDGE_CURVE('',#5129,#5123,#2001,.T.);
#6322=EDGE_CURVE('',#5130,#5131,#2002,.T.);
#6323=EDGE_CURVE('',#5126,#5131,#2003,.T.);
#6324=EDGE_CURVE('',#5130,#5128,#2004,.T.);
#6325=EDGE_CURVE('',#4619,#5132,#2005,.T.);
#6326=EDGE_CURVE('',#5132,#5133,#2006,.T.);
#6327=EDGE_CURVE('',#4649,#5133,#2007,.T.);
#6328=EDGE_CURVE('',#5134,#5135,#2008,.T.);
#6329=EDGE_CURVE('',#5135,#4624,#2009,.T.);
#6330=EDGE_CURVE('',#5134,#4642,#2010,.T.);
#6331=EDGE_CURVE('',#5136,#4629,#2011,.T.);
#6332=EDGE_CURVE('',#5136,#5135,#2012,.T.);
#6333=EDGE_CURVE('',#5132,#5136,#2013,.T.);
#6334=EDGE_CURVE('',#5137,#4638,#2014,.T.);
#6335=EDGE_CURVE('',#5137,#5138,#2015,.T.);
#6336=EDGE_CURVE('',#5138,#4639,#2016,.T.);
#6337=EDGE_CURVE('',#5139,#5137,#2017,.T.);
#6338=EDGE_CURVE('',#5139,#5140,#2018,.T.);
#6339=EDGE_CURVE('',#5138,#5140,#2019,.T.);
#6340=EDGE_CURVE('',#4641,#4648,#2020,.T.);
#6341=EDGE_CURVE('',#4640,#4642,#2021,.T.);
#6342=EDGE_CURVE('',#5133,#5141,#2022,.T.);
#6343=EDGE_CURVE('',#4648,#5141,#2023,.T.);
#6344=EDGE_CURVE('',#4651,#5142,#2024,.T.);
#6345=EDGE_CURVE('',#5142,#5143,#2025,.T.);
#6346=EDGE_CURVE('',#4681,#5143,#2026,.T.);
#6347=EDGE_CURVE('',#5144,#5145,#2027,.T.);
#6348=EDGE_CURVE('',#5145,#4656,#2028,.T.);
#6349=EDGE_CURVE('',#5144,#4674,#2029,.T.);
#6350=EDGE_CURVE('',#5146,#4661,#2030,.T.);
#6351=EDGE_CURVE('',#5146,#5145,#2031,.T.);
#6352=EDGE_CURVE('',#5142,#5146,#2032,.T.);
#6353=EDGE_CURVE('',#5147,#4670,#2033,.T.);
#6354=EDGE_CURVE('',#5147,#5148,#2034,.T.);
#6355=EDGE_CURVE('',#5148,#4671,#2035,.T.);
#6356=EDGE_CURVE('',#5120,#5147,#2036,.T.);
#6357=EDGE_CURVE('',#5148,#5121,#2037,.T.);
#6358=EDGE_CURVE('',#4673,#4680,#2038,.T.);
#6359=EDGE_CURVE('',#4672,#4674,#2039,.T.);
#6360=EDGE_CURVE('',#5143,#5149,#2040,.T.);
#6361=EDGE_CURVE('',#4680,#5149,#2041,.T.);
#6362=EDGE_CURVE('',#4683,#5150,#2042,.T.);
#6363=EDGE_CURVE('',#5150,#5151,#2043,.T.);
#6364=EDGE_CURVE('',#4713,#5151,#2044,.T.);
#6365=EDGE_CURVE('',#5152,#5153,#2045,.T.);
#6366=EDGE_CURVE('',#5153,#4688,#2046,.T.);
#6367=EDGE_CURVE('',#5152,#4706,#2047,.T.);
#6368=EDGE_CURVE('',#5154,#4693,#2048,.T.);
#6369=EDGE_CURVE('',#5154,#5153,#2049,.T.);
#6370=EDGE_CURVE('',#5150,#5154,#2050,.T.);
#6371=EDGE_CURVE('',#5155,#4702,#2051,.T.);
#6372=EDGE_CURVE('',#5155,#5156,#2052,.T.);
#6373=EDGE_CURVE('',#5156,#4703,#2053,.T.);
#6374=EDGE_CURVE('',#5108,#5155,#2054,.T.);
#6375=EDGE_CURVE('',#5156,#5109,#2055,.T.);
#6376=EDGE_CURVE('',#4705,#4712,#2056,.T.);
#6377=EDGE_CURVE('',#4704,#4706,#2057,.T.);
#6378=EDGE_CURVE('',#5151,#5157,#2058,.T.);
#6379=EDGE_CURVE('',#4712,#5157,#2059,.T.);
#6380=EDGE_CURVE('',#4715,#5158,#2060,.T.);
#6381=EDGE_CURVE('',#5158,#5159,#2061,.T.);
#6382=EDGE_CURVE('',#4745,#5159,#2062,.T.);
#6383=EDGE_CURVE('',#5160,#5161,#2063,.T.);
#6384=EDGE_CURVE('',#5161,#4720,#2064,.T.);
#6385=EDGE_CURVE('',#5160,#4738,#2065,.T.);
#6386=EDGE_CURVE('',#5162,#4725,#2066,.T.);
#6387=EDGE_CURVE('',#5162,#5161,#2067,.T.);
#6388=EDGE_CURVE('',#5158,#5162,#2068,.T.);
#6389=EDGE_CURVE('',#5163,#4734,#2069,.T.);
#6390=EDGE_CURVE('',#5163,#5164,#2070,.T.);
#6391=EDGE_CURVE('',#5164,#4735,#2071,.T.);
#6392=EDGE_CURVE('',#5096,#5163,#2072,.T.);
#6393=EDGE_CURVE('',#5164,#5097,#2073,.T.);
#6394=EDGE_CURVE('',#4737,#4744,#2074,.T.);
#6395=EDGE_CURVE('',#4736,#4738,#2075,.T.);
#6396=EDGE_CURVE('',#5159,#5165,#2076,.T.);
#6397=EDGE_CURVE('',#4744,#5165,#2077,.T.);
#6398=EDGE_CURVE('',#4747,#5166,#2078,.T.);
#6399=EDGE_CURVE('',#5166,#5167,#2079,.T.);
#6400=EDGE_CURVE('',#4777,#5167,#2080,.T.);
#6401=EDGE_CURVE('',#5168,#5169,#2081,.T.);
#6402=EDGE_CURVE('',#5169,#4752,#2082,.T.);
#6403=EDGE_CURVE('',#5168,#4770,#2083,.T.);
#6404=EDGE_CURVE('',#5170,#4757,#2084,.T.);
#6405=EDGE_CURVE('',#5170,#5169,#2085,.T.);
#6406=EDGE_CURVE('',#5166,#5170,#2086,.T.);
#6407=EDGE_CURVE('',#5171,#4766,#2087,.T.);
#6408=EDGE_CURVE('',#5171,#5172,#2088,.T.);
#6409=EDGE_CURVE('',#5172,#4767,#2089,.T.);
#6410=EDGE_CURVE('',#5084,#5171,#2090,.T.);
#6411=EDGE_CURVE('',#5172,#5085,#2091,.T.);
#6412=EDGE_CURVE('',#4769,#4776,#2092,.T.);
#6413=EDGE_CURVE('',#4768,#4770,#2093,.T.);
#6414=EDGE_CURVE('',#5167,#5173,#2094,.T.);
#6415=EDGE_CURVE('',#4776,#5173,#2095,.T.);
#6416=EDGE_CURVE('',#4779,#5174,#2096,.T.);
#6417=EDGE_CURVE('',#5174,#5175,#2097,.T.);
#6418=EDGE_CURVE('',#4809,#5175,#2098,.T.);
#6419=EDGE_CURVE('',#5176,#5177,#2099,.T.);
#6420=EDGE_CURVE('',#5177,#4784,#2100,.T.);
#6421=EDGE_CURVE('',#5176,#4802,#2101,.T.);
#6422=EDGE_CURVE('',#5178,#4789,#2102,.T.);
#6423=EDGE_CURVE('',#5178,#5177,#2103,.T.);
#6424=EDGE_CURVE('',#5174,#5178,#2104,.T.);
#6425=EDGE_CURVE('',#5179,#4798,#2105,.T.);
#6426=EDGE_CURVE('',#5179,#5180,#2106,.T.);
#6427=EDGE_CURVE('',#5180,#4799,#2107,.T.);
#6428=EDGE_CURVE('',#4993,#5179,#2108,.T.);
#6429=EDGE_CURVE('',#5180,#4992,#2109,.T.);
#6430=EDGE_CURVE('',#4801,#4808,#2110,.T.);
#6431=EDGE_CURVE('',#4800,#4802,#2111,.T.);
#6432=EDGE_CURVE('',#5175,#5181,#2112,.T.);
#6433=EDGE_CURVE('',#4808,#5181,#2113,.T.);
#6434=EDGE_CURVE('',#4811,#5182,#2114,.T.);
#6435=EDGE_CURVE('',#5182,#5183,#2115,.T.);
#6436=EDGE_CURVE('',#4841,#5183,#2116,.T.);
#6437=EDGE_CURVE('',#5184,#5185,#2117,.T.);
#6438=EDGE_CURVE('',#5185,#4816,#2118,.T.);
#6439=EDGE_CURVE('',#5184,#4834,#2119,.T.);
#6440=EDGE_CURVE('',#5186,#4821,#2120,.T.);
#6441=EDGE_CURVE('',#5186,#5185,#2121,.T.);
#6442=EDGE_CURVE('',#5182,#5186,#2122,.T.);
#6443=EDGE_CURVE('',#5187,#4830,#2123,.T.);
#6444=EDGE_CURVE('',#5187,#5188,#2124,.T.);
#6445=EDGE_CURVE('',#5188,#4831,#2125,.T.);
#6446=EDGE_CURVE('',#4981,#5187,#2126,.T.);
#6447=EDGE_CURVE('',#5188,#4980,#2127,.T.);
#6448=EDGE_CURVE('',#4833,#4840,#2128,.T.);
#6449=EDGE_CURVE('',#4832,#4834,#2129,.T.);
#6450=EDGE_CURVE('',#5183,#5189,#2130,.T.);
#6451=EDGE_CURVE('',#4840,#5189,#2131,.T.);
#6452=EDGE_CURVE('',#4843,#5190,#2132,.T.);
#6453=EDGE_CURVE('',#5190,#5191,#2133,.T.);
#6454=EDGE_CURVE('',#4873,#5191,#2134,.T.);
#6455=EDGE_CURVE('',#5192,#5193,#2135,.T.);
#6456=EDGE_CURVE('',#5193,#4848,#2136,.T.);
#6457=EDGE_CURVE('',#5192,#4866,#2137,.T.);
#6458=EDGE_CURVE('',#5194,#4853,#2138,.T.);
#6459=EDGE_CURVE('',#5194,#5193,#2139,.T.);
#6460=EDGE_CURVE('',#5190,#5194,#2140,.T.);
#6461=EDGE_CURVE('',#5195,#4862,#2141,.T.);
#6462=EDGE_CURVE('',#5195,#5196,#2142,.T.);
#6463=EDGE_CURVE('',#5196,#4863,#2143,.T.);
#6464=EDGE_CURVE('',#4969,#5195,#2144,.T.);
#6465=EDGE_CURVE('',#5196,#4968,#2145,.T.);
#6466=EDGE_CURVE('',#4865,#4872,#2146,.T.);
#6467=EDGE_CURVE('',#4864,#4866,#2147,.T.);
#6468=EDGE_CURVE('',#5191,#5197,#2148,.T.);
#6469=EDGE_CURVE('',#4872,#5197,#2149,.T.);
#6470=EDGE_CURVE('',#4875,#5198,#2150,.T.);
#6471=EDGE_CURVE('',#5198,#5199,#2151,.T.);
#6472=EDGE_CURVE('',#4905,#5199,#2152,.T.);
#6473=EDGE_CURVE('',#5200,#5201,#2153,.T.);
#6474=EDGE_CURVE('',#5201,#4880,#2154,.T.);
#6475=EDGE_CURVE('',#5200,#4898,#2155,.T.);
#6476=EDGE_CURVE('',#5202,#4885,#2156,.T.);
#6477=EDGE_CURVE('',#5202,#5201,#2157,.T.);
#6478=EDGE_CURVE('',#5198,#5202,#2158,.T.);
#6479=EDGE_CURVE('',#5203,#4894,#2159,.T.);
#6480=EDGE_CURVE('',#5203,#5204,#2160,.T.);
#6481=EDGE_CURVE('',#5204,#4895,#2161,.T.);
#6482=EDGE_CURVE('',#4957,#5203,#2162,.T.);
#6483=EDGE_CURVE('',#5204,#4956,#2163,.T.);
#6484=EDGE_CURVE('',#4897,#4904,#2164,.T.);
#6485=EDGE_CURVE('',#4896,#4898,#2165,.T.);
#6486=EDGE_CURVE('',#5199,#5205,#2166,.T.);
#6487=EDGE_CURVE('',#4904,#5205,#2167,.T.);
#6488=EDGE_CURVE('',#4907,#5206,#2168,.T.);
#6489=EDGE_CURVE('',#5206,#5207,#2169,.T.);
#6490=EDGE_CURVE('',#4933,#5207,#2170,.T.);
#6491=EDGE_CURVE('',#5208,#5209,#2171,.T.);
#6492=EDGE_CURVE('',#5209,#4912,#2172,.T.);
#6493=EDGE_CURVE('',#5208,#4926,#2173,.T.);
#6494=EDGE_CURVE('',#5210,#4917,#2174,.T.);
#6495=EDGE_CURVE('',#5210,#5209,#2175,.T.);
#6496=EDGE_CURVE('',#5206,#5210,#2176,.T.);
#6497=EDGE_CURVE('',#4937,#4932,#2177,.T.);
#6498=EDGE_CURVE('',#4936,#4926,#2178,.T.);
#6499=EDGE_CURVE('',#5207,#5211,#2179,.T.);
#6500=EDGE_CURVE('',#4932,#5211,#2180,.T.);
#6501=EDGE_CURVE('',#5212,#4934,#2181,.T.);
#6502=EDGE_CURVE('',#5212,#5213,#2182,.T.);
#6503=EDGE_CURVE('',#5213,#4935,#2183,.T.);
#6504=EDGE_CURVE('',#5214,#5215,#2184,.T.);
#6505=EDGE_CURVE('',#4942,#5215,#2185,.T.);
#6506=EDGE_CURVE('',#5214,#4944,#2186,.T.);
#6507=EDGE_CURVE('',#5216,#5212,#2187,.T.);
#6508=EDGE_CURVE('',#5217,#5216,#2188,.T.);
#6509=EDGE_CURVE('',#5213,#5217,#2189,.T.);
#6510=EDGE_CURVE('',#5215,#5218,#2190,.T.);
#6511=EDGE_CURVE('',#4943,#5218,#2191,.T.);
#6512=EDGE_CURVE('',#5219,#5218,#2192,.T.);
#6513=EDGE_CURVE('',#5219,#4945,#2193,.T.);
#6514=EDGE_CURVE('',#5219,#5214,#2194,.T.);
#6515=EDGE_CURVE('',#4957,#5217,#2195,.T.);
#6516=EDGE_CURVE('',#5217,#5214,#2196,.T.);
#6517=EDGE_CURVE('',#4955,#5214,#2197,.T.);
#6518=EDGE_CURVE('',#4955,#5220,#2198,.T.);
#6519=EDGE_CURVE('',#4951,#5220,#2199,.T.);
#6520=EDGE_CURVE('',#5221,#5220,#2200,.T.);
#6521=EDGE_CURVE('',#5221,#4953,#2201,.T.);
#6522=EDGE_CURVE('',#5221,#4954,#2202,.T.);
#6523=EDGE_CURVE('',#4969,#4956,#2203,.T.);
#6524=EDGE_CURVE('',#4967,#4954,#2204,.T.);
#6525=EDGE_CURVE('',#4967,#5222,#2205,.T.);
#6526=EDGE_CURVE('',#4963,#5222,#2206,.T.);
#6527=EDGE_CURVE('',#5223,#5222,#2207,.T.);
#6528=EDGE_CURVE('',#5223,#4965,#2208,.T.);
#6529=EDGE_CURVE('',#5223,#4966,#2209,.T.);
#6530=EDGE_CURVE('',#4981,#4968,#2210,.T.);
#6531=EDGE_CURVE('',#4979,#4966,#2211,.T.);
#6532=EDGE_CURVE('',#4979,#5224,#2212,.T.);
#6533=EDGE_CURVE('',#4975,#5224,#2213,.T.);
#6534=EDGE_CURVE('',#5225,#5224,#2214,.T.);
#6535=EDGE_CURVE('',#5225,#4977,#2215,.T.);
#6536=EDGE_CURVE('',#5225,#4978,#2216,.T.);
#6537=EDGE_CURVE('',#4993,#4980,#2217,.T.);
#6538=EDGE_CURVE('',#4991,#4978,#2218,.T.);
#6539=EDGE_CURVE('',#4991,#5226,#2219,.T.);
#6540=EDGE_CURVE('',#4987,#5226,#2220,.T.);
#6541=EDGE_CURVE('',#5227,#5226,#2221,.T.);
#6542=EDGE_CURVE('',#5227,#4989,#2222,.T.);
#6543=EDGE_CURVE('',#5227,#4990,#2223,.T.);
#6544=EDGE_CURVE('',#5228,#4994,#2224,.T.);
#6545=EDGE_CURVE('',#5228,#5229,#2225,.T.);
#6546=EDGE_CURVE('',#5229,#4996,#2226,.T.);
#6547=EDGE_CURVE('',#5230,#4998,#2227,.T.);
#6548=EDGE_CURVE('',#5230,#5228,#2228,.T.);
#6549=EDGE_CURVE('',#5231,#5000,#2229,.T.);
#6550=EDGE_CURVE('',#5231,#5230,#2230,.T.);
#6551=EDGE_CURVE('',#5229,#5231,#2231,.T.);
#6552=EDGE_CURVE('',#5232,#5002,#2232,.T.);
#6553=EDGE_CURVE('',#5232,#5233,#2233,.T.);
#6554=EDGE_CURVE('',#5233,#5004,#2234,.T.);
#6555=EDGE_CURVE('',#5234,#5006,#2235,.T.);
#6556=EDGE_CURVE('',#5234,#5232,#2236,.T.);
#6557=EDGE_CURVE('',#5235,#5008,#2237,.T.);
#6558=EDGE_CURVE('',#5235,#5234,#2238,.T.);
#6559=EDGE_CURVE('',#5233,#5235,#2239,.T.);
#6560=EDGE_CURVE('',#5236,#5010,#2240,.T.);
#6561=EDGE_CURVE('',#5236,#5237,#2241,.T.);
#6562=EDGE_CURVE('',#5237,#5012,#2242,.T.);
#6563=EDGE_CURVE('',#5238,#5014,#2243,.T.);
#6564=EDGE_CURVE('',#5238,#5236,#2244,.T.);
#6565=EDGE_CURVE('',#5239,#5016,#2245,.T.);
#6566=EDGE_CURVE('',#5239,#5238,#2246,.T.);
#6567=EDGE_CURVE('',#5237,#5239,#2247,.T.);
#6568=EDGE_CURVE('',#5240,#5018,#2248,.T.);
#6569=EDGE_CURVE('',#5240,#5241,#2249,.T.);
#6570=EDGE_CURVE('',#5241,#5020,#2250,.T.);
#6571=EDGE_CURVE('',#5242,#5022,#2251,.T.);
#6572=EDGE_CURVE('',#5242,#5240,#2252,.T.);
#6573=EDGE_CURVE('',#5243,#5024,#2253,.T.);
#6574=EDGE_CURVE('',#5243,#5242,#2254,.T.);
#6575=EDGE_CURVE('',#5241,#5243,#2255,.T.);
#6576=EDGE_CURVE('',#5244,#5026,#2256,.T.);
#6577=EDGE_CURVE('',#5244,#5245,#2257,.T.);
#6578=EDGE_CURVE('',#5245,#5028,#2258,.T.);
#6579=EDGE_CURVE('',#5246,#5030,#2259,.T.);
#6580=EDGE_CURVE('',#5246,#5244,#2260,.T.);
#6581=EDGE_CURVE('',#5247,#5032,#2261,.T.);
#6582=EDGE_CURVE('',#5247,#5246,#2262,.T.);
#6583=EDGE_CURVE('',#5245,#5247,#2263,.T.);
#6584=EDGE_CURVE('',#5248,#5034,#2264,.T.);
#6585=EDGE_CURVE('',#5248,#5249,#2265,.T.);
#6586=EDGE_CURVE('',#5249,#5036,#2266,.T.);
#6587=EDGE_CURVE('',#5250,#5038,#2267,.T.);
#6588=EDGE_CURVE('',#5250,#5248,#2268,.T.);
#6589=EDGE_CURVE('',#5251,#5040,#2269,.T.);
#6590=EDGE_CURVE('',#5251,#5250,#2270,.T.);
#6591=EDGE_CURVE('',#5249,#5251,#2271,.T.);
#6592=EDGE_CURVE('',#5252,#5042,#2272,.T.);
#6593=EDGE_CURVE('',#5252,#5253,#2273,.T.);
#6594=EDGE_CURVE('',#5253,#5044,#2274,.T.);
#6595=EDGE_CURVE('',#5254,#5046,#2275,.T.);
#6596=EDGE_CURVE('',#5254,#5252,#2276,.T.);
#6597=EDGE_CURVE('',#5255,#5048,#2277,.T.);
#6598=EDGE_CURVE('',#5255,#5254,#2278,.T.);
#6599=EDGE_CURVE('',#5253,#5255,#2279,.T.);
#6600=EDGE_CURVE('',#5256,#5050,#2280,.T.);
#6601=EDGE_CURVE('',#5256,#5257,#2281,.T.);
#6602=EDGE_CURVE('',#5257,#5052,#2282,.T.);
#6603=EDGE_CURVE('',#5258,#5054,#2283,.T.);
#6604=EDGE_CURVE('',#5258,#5256,#2284,.T.);
#6605=EDGE_CURVE('',#5259,#5056,#2285,.T.);
#6606=EDGE_CURVE('',#5259,#5258,#2286,.T.);
#6607=EDGE_CURVE('',#5257,#5259,#2287,.T.);
#6608=EDGE_CURVE('',#5260,#5058,#2288,.T.);
#6609=EDGE_CURVE('',#5260,#5261,#2289,.T.);
#6610=EDGE_CURVE('',#5261,#5060,#2290,.T.);
#6611=EDGE_CURVE('',#5262,#5062,#2291,.T.);
#6612=EDGE_CURVE('',#5262,#5260,#2292,.T.);
#6613=EDGE_CURVE('',#5263,#5064,#2293,.T.);
#6614=EDGE_CURVE('',#5263,#5262,#2294,.T.);
#6615=EDGE_CURVE('',#5261,#5263,#2295,.T.);
#6616=EDGE_CURVE('',#5264,#5066,#2296,.T.);
#6617=EDGE_CURVE('',#5264,#5265,#2297,.T.);
#6618=EDGE_CURVE('',#5265,#5068,#2298,.T.);
#6619=EDGE_CURVE('',#5266,#5070,#2299,.T.);
#6620=EDGE_CURVE('',#5266,#5264,#2300,.T.);
#6621=EDGE_CURVE('',#5267,#5072,#2301,.T.);
#6622=EDGE_CURVE('',#5267,#5266,#2302,.T.);
#6623=EDGE_CURVE('',#5265,#5267,#2303,.T.);
#6624=EDGE_CURVE('',#5083,#5268,#2304,.T.);
#6625=EDGE_CURVE('',#5079,#5268,#2305,.T.);
#6626=EDGE_CURVE('',#5269,#5268,#2306,.T.);
#6627=EDGE_CURVE('',#5269,#5081,#2307,.T.);
#6628=EDGE_CURVE('',#5269,#5082,#2308,.T.);
#6629=EDGE_CURVE('',#5095,#5082,#2309,.T.);
#6630=EDGE_CURVE('',#5085,#5096,#2310,.T.);
#6631=EDGE_CURVE('',#5095,#5270,#2311,.T.);
#6632=EDGE_CURVE('',#5091,#5270,#2312,.T.);
#6633=EDGE_CURVE('',#5271,#5270,#2313,.T.);
#6634=EDGE_CURVE('',#5271,#5093,#2314,.T.);
#6635=EDGE_CURVE('',#5271,#5094,#2315,.T.);
#6636=EDGE_CURVE('',#5107,#5094,#2316,.T.);
#6637=EDGE_CURVE('',#5097,#5108,#2317,.T.);
#6638=EDGE_CURVE('',#5107,#5272,#2318,.T.);
#6639=EDGE_CURVE('',#5103,#5272,#2319,.T.);
#6640=EDGE_CURVE('',#5273,#5272,#2320,.T.);
#6641=EDGE_CURVE('',#5273,#5105,#2321,.T.);
#6642=EDGE_CURVE('',#5273,#5106,#2322,.T.);
#6643=EDGE_CURVE('',#5119,#5106,#2323,.T.);
#6644=EDGE_CURVE('',#5109,#5120,#2324,.T.);
#6645=EDGE_CURVE('',#5119,#5274,#2325,.T.);
#6646=EDGE_CURVE('',#5115,#5274,#2326,.T.);
#6647=EDGE_CURVE('',#5275,#5274,#2327,.T.);
#6648=EDGE_CURVE('',#5275,#5117,#2328,.T.);
#6649=EDGE_CURVE('',#5275,#5118,#2329,.T.);
#6650=EDGE_CURVE('',#5131,#5118,#2330,.T.);
#6651=EDGE_CURVE('',#5131,#5139,#2331,.T.);
#6652=EDGE_CURVE('',#5121,#5139,#2332,.T.);
#6653=EDGE_CURVE('',#5131,#5276,#2333,.T.);
#6654=EDGE_CURVE('',#5127,#5276,#2334,.T.);
#6655=EDGE_CURVE('',#5277,#5276,#2335,.T.);
#6656=EDGE_CURVE('',#5277,#5129,#2336,.T.);
#6657=EDGE_CURVE('',#5277,#5130,#2337,.T.);
#6658=EDGE_CURVE('',#5140,#5130,#2338,.T.);
#6659=EDGE_CURVE('',#4639,#4640,#2339,.T.);
#6660=EDGE_CURVE('',#4639,#5278,#2340,.T.);
#6661=EDGE_CURVE('',#5134,#5278,#2341,.T.);
#6662=EDGE_CURVE('',#5279,#5140,#2342,.T.);
#6663=EDGE_CURVE('',#5279,#4640,#2343,.T.);
#6664=EDGE_CURVE('',#5278,#5280,#2344,.T.);
#6665=EDGE_CURVE('',#5141,#5280,#2345,.T.);
#6666=EDGE_CURVE('',#4641,#5281,#2346,.T.);
#6667=EDGE_CURVE('',#5139,#5281,#2347,.T.);
#6668=EDGE_CURVE('',#5280,#4638,#2348,.T.);
#6669=EDGE_CURVE('',#4641,#4638,#2349,.T.);
#6670=EDGE_CURVE('',#5281,#5282,#2350,.T.);
#6671=EDGE_CURVE('',#5282,#5121,#2351,.T.);
#6672=EDGE_CURVE('',#4671,#4672,#2352,.T.);
#6673=EDGE_CURVE('',#4671,#5283,#2353,.T.);
#6674=EDGE_CURVE('',#5144,#5283,#2354,.T.);
#6675=EDGE_CURVE('',#5282,#4672,#2355,.T.);
#6676=EDGE_CURVE('',#5283,#5284,#2356,.T.);
#6677=EDGE_CURVE('',#5149,#5284,#2357,.T.);
#6678=EDGE_CURVE('',#4673,#5285,#2358,.T.);
#6679=EDGE_CURVE('',#5120,#5285,#2359,.T.);
#6680=EDGE_CURVE('',#5284,#4670,#2360,.T.);
#6681=EDGE_CURVE('',#4673,#4670,#2361,.T.);
#6682=EDGE_CURVE('',#5285,#5286,#2362,.T.);
#6683=EDGE_CURVE('',#5286,#5109,#2363,.T.);
#6684=EDGE_CURVE('',#4703,#4704,#2364,.T.);
#6685=EDGE_CURVE('',#4703,#5287,#2365,.T.);
#6686=EDGE_CURVE('',#5152,#5287,#2366,.T.);
#6687=EDGE_CURVE('',#5286,#4704,#2367,.T.);
#6688=EDGE_CURVE('',#5287,#5288,#2368,.T.);
#6689=EDGE_CURVE('',#5157,#5288,#2369,.T.);
#6690=EDGE_CURVE('',#4705,#5289,#2370,.T.);
#6691=EDGE_CURVE('',#5108,#5289,#2371,.T.);
#6692=EDGE_CURVE('',#5288,#4702,#2372,.T.);
#6693=EDGE_CURVE('',#4705,#4702,#2373,.T.);
#6694=EDGE_CURVE('',#5289,#5290,#2374,.T.);
#6695=EDGE_CURVE('',#5290,#5097,#2375,.T.);
#6696=EDGE_CURVE('',#4735,#4736,#2376,.T.);
#6697=EDGE_CURVE('',#4735,#5291,#2377,.T.);
#6698=EDGE_CURVE('',#5160,#5291,#2378,.T.);
#6699=EDGE_CURVE('',#5290,#4736,#2379,.T.);
#6700=EDGE_CURVE('',#5291,#5292,#2380,.T.);
#6701=EDGE_CURVE('',#5165,#5292,#2381,.T.);
#6702=EDGE_CURVE('',#4737,#5293,#2382,.T.);
#6703=EDGE_CURVE('',#5096,#5293,#2383,.T.);
#6704=EDGE_CURVE('',#5292,#4734,#2384,.T.);
#6705=EDGE_CURVE('',#4737,#4734,#2385,.T.);
#6706=EDGE_CURVE('',#5293,#5294,#2386,.T.);
#6707=EDGE_CURVE('',#5294,#5085,#2387,.T.);
#6708=EDGE_CURVE('',#4767,#4768,#2388,.T.);
#6709=EDGE_CURVE('',#4767,#5295,#2389,.T.);
#6710=EDGE_CURVE('',#5168,#5295,#2390,.T.);
#6711=EDGE_CURVE('',#5294,#4768,#2391,.T.);
#6712=EDGE_CURVE('',#5295,#5296,#2392,.T.);
#6713=EDGE_CURVE('',#5173,#5296,#2393,.T.);
#6714=EDGE_CURVE('',#4769,#5297,#2394,.T.);
#6715=EDGE_CURVE('',#5084,#5297,#2395,.T.);
#6716=EDGE_CURVE('',#5296,#4766,#2396,.T.);
#6717=EDGE_CURVE('',#4769,#4766,#2397,.T.);
#6718=EDGE_CURVE('',#4799,#4800,#2398,.T.);
#6719=EDGE_CURVE('',#4799,#5298,#2399,.T.);
#6720=EDGE_CURVE('',#5176,#5298,#2400,.T.);
#6721=EDGE_CURVE('',#5299,#4992,#2401,.T.);
#6722=EDGE_CURVE('',#5299,#4800,#2402,.T.);
#6723=EDGE_CURVE('',#5298,#5300,#2403,.T.);
#6724=EDGE_CURVE('',#5181,#5300,#2404,.T.);
#6725=EDGE_CURVE('',#4801,#5301,#2405,.T.);
#6726=EDGE_CURVE('',#4993,#5301,#2406,.T.);
#6727=EDGE_CURVE('',#5300,#4798,#2407,.T.);
#6728=EDGE_CURVE('',#4801,#4798,#2408,.T.);
#6729=EDGE_CURVE('',#5301,#5302,#2409,.T.);
#6730=EDGE_CURVE('',#5302,#4980,#2410,.T.);
#6731=EDGE_CURVE('',#4831,#4832,#2411,.T.);
#6732=EDGE_CURVE('',#4831,#5303,#2412,.T.);
#6733=EDGE_CURVE('',#5184,#5303,#2413,.T.);
#6734=EDGE_CURVE('',#5302,#4832,#2414,.T.);
#6735=EDGE_CURVE('',#5303,#5304,#2415,.T.);
#6736=EDGE_CURVE('',#5189,#5304,#2416,.T.);
#6737=EDGE_CURVE('',#4833,#5305,#2417,.T.);
#6738=EDGE_CURVE('',#4981,#5305,#2418,.T.);
#6739=EDGE_CURVE('',#5304,#4830,#2419,.T.);
#6740=EDGE_CURVE('',#4833,#4830,#2420,.T.);
#6741=EDGE_CURVE('',#5305,#5306,#2421,.T.);
#6742=EDGE_CURVE('',#5306,#4968,#2422,.T.);
#6743=EDGE_CURVE('',#4863,#4864,#2423,.T.);
#6744=EDGE_CURVE('',#4863,#5307,#2424,.T.);
#6745=EDGE_CURVE('',#5192,#5307,#2425,.T.);
#6746=EDGE_CURVE('',#5306,#4864,#2426,.T.);
#6747=EDGE_CURVE('',#5307,#5308,#2427,.T.);
#6748=EDGE_CURVE('',#5197,#5308,#2428,.T.);
#6749=EDGE_CURVE('',#4865,#5309,#2429,.T.);
#6750=EDGE_CURVE('',#4969,#5309,#2430,.T.);
#6751=EDGE_CURVE('',#5308,#4862,#2431,.T.);
#6752=EDGE_CURVE('',#4865,#4862,#2432,.T.);
#6753=EDGE_CURVE('',#5309,#5310,#2433,.T.);
#6754=EDGE_CURVE('',#5310,#4956,#2434,.T.);
#6755=EDGE_CURVE('',#4895,#4896,#2435,.T.);
#6756=EDGE_CURVE('',#4895,#5311,#2436,.T.);
#6757=EDGE_CURVE('',#5200,#5311,#2437,.T.);
#6758=EDGE_CURVE('',#5310,#4896,#2438,.T.);
#6759=EDGE_CURVE('',#5311,#5312,#2439,.T.);
#6760=EDGE_CURVE('',#5205,#5312,#2440,.T.);
#6761=EDGE_CURVE('',#4897,#5313,#2441,.T.);
#6762=EDGE_CURVE('',#4957,#5313,#2442,.T.);
#6763=EDGE_CURVE('',#5312,#4894,#2443,.T.);
#6764=EDGE_CURVE('',#4897,#4894,#2444,.T.);
#6765=EDGE_CURVE('',#5313,#5314,#2445,.T.);
#6766=EDGE_CURVE('',#5314,#5217,#2446,.T.);
#6767=EDGE_CURVE('',#4935,#4936,#2447,.T.);
#6768=EDGE_CURVE('',#4935,#5315,#2448,.T.);
#6769=EDGE_CURVE('',#5208,#5315,#2449,.T.);
#6770=EDGE_CURVE('',#5314,#4936,#2450,.T.);
#6771=EDGE_CURVE('',#5315,#5316,#2451,.T.);
#6772=EDGE_CURVE('',#5211,#5316,#2452,.T.);
#6773=EDGE_CURVE('',#5316,#4934,#2453,.T.);
#6774=EDGE_CURVE('',#4937,#4934,#2454,.T.);
#6775=EDGE_CURVE('',#4937,#5317,#2455,.T.);
#6776=EDGE_CURVE('',#5216,#5317,#2456,.T.);
#6777=EDGE_CURVE('',#5215,#5216,#2457,.T.);
#6778=EDGE_CURVE('',#5318,#5130,#2458,.T.);
#6779=EDGE_CURVE('',#5319,#5318,#2459,.T.);
#6780=EDGE_CURVE('',#5140,#5319,#2460,.T.);
#6781=EDGE_CURVE('',#5319,#5320,#2461,.T.);
#6782=EDGE_CURVE('',#5320,#5279,#2462,.T.);
#6783=EDGE_CURVE('',#5216,#5321,#2463,.T.);
#6784=EDGE_CURVE('',#5317,#5322,#2464,.T.);
#6785=EDGE_CURVE('',#5321,#5322,#2465,.T.);
#6786=EDGE_CURVE('',#5323,#5321,#2466,.T.);
#6787=EDGE_CURVE('',#5215,#5323,#2467,.T.);
#6788=EDGE_CURVE('',#5322,#5320,#2468,.T.);
#6789=EDGE_CURVE('',#5318,#5324,#2469,.T.);
#6790=EDGE_CURVE('',#5325,#5324,#2470,.T.);
#6791=EDGE_CURVE('',#5323,#5325,#2471,.T.);
#6792=EDGE_CURVE('',#5326,#4992,#2472,.T.);
#6793=EDGE_CURVE('',#5326,#5327,#2473,.T.);
#6794=EDGE_CURVE('',#5327,#5299,#2474,.T.);
#6795=EDGE_CURVE('',#5328,#4990,#2475,.T.);
#6796=EDGE_CURVE('',#5328,#5326,#2476,.T.);
#6797=EDGE_CURVE('',#5329,#5330,#2477,.T.);
#6798=EDGE_CURVE('',#5330,#5331,#2478,.T.);
#6799=EDGE_CURVE('',#5331,#5332,#2479,.T.);
#6800=EDGE_CURVE('',#5333,#5332,#2480,.T.);
#6801=EDGE_CURVE('',#5333,#5329,#2481,.T.);
#6802=EDGE_CURVE('',#5326,#5334,#2482,.T.);
#6803=EDGE_CURVE('',#5334,#5332,#2483,.T.);
#6804=EDGE_CURVE('',#5333,#5332,#2484,.T.);
#6805=EDGE_CURVE('',#5333,#5327,#2485,.T.);
#6806=EDGE_CURVE('',#5335,#5336,#2486,.T.);
#6807=EDGE_CURVE('',#5336,#5337,#2487,.T.);
#6808=EDGE_CURVE('',#5338,#5337,#2488,.T.);
#6809=EDGE_CURVE('',#5338,#5339,#2489,.T.);
#6810=EDGE_CURVE('',#5339,#5331,#2490,.T.);
#6811=EDGE_CURVE('',#5340,#5330,#2491,.T.);
#6812=EDGE_CURVE('',#5335,#5340,#2492,.T.);
#6813=EDGE_CURVE('',#5341,#5342,#2493,.T.);
#6814=EDGE_CURVE('',#5343,#5342,#2494,.T.);
#6815=EDGE_CURVE('',#5343,#5344,#2495,.T.);
#6816=EDGE_CURVE('',#5345,#5344,#2496,.T.);
#6817=EDGE_CURVE('',#5341,#5345,#2497,.T.);
#6818=EDGE_CURVE('',#5338,#5346,#2498,.T.);
#6819=EDGE_CURVE('',#5344,#5346,#2499,.T.);
#6820=EDGE_CURVE('',#5345,#5344,#2500,.T.);
#6821=EDGE_CURVE('',#5345,#5339,#2501,.T.);
#6822=EDGE_CURVE('',#5347,#5348,#2502,.T.);
#6823=EDGE_CURVE('',#5348,#5349,#2503,.T.);
#6824=EDGE_CURVE('',#5349,#5350,#2504,.T.);
#6825=EDGE_CURVE('',#5351,#5350,#2505,.T.);
#6826=EDGE_CURVE('',#5351,#5347,#2506,.T.);
#6827=EDGE_CURVE('',#5352,#5353,#2507,.T.);
#6828=EDGE_CURVE('',#5353,#5350,#2508,.T.);
#6829=EDGE_CURVE('',#5351,#5350,#2509,.T.);
#6830=EDGE_CURVE('',#5351,#5354,#2510,.T.);
#6831=EDGE_CURVE('',#5352,#5354,#2511,.T.);
#6832=EDGE_CURVE('',#5355,#5356,#2512,.T.);
#6833=EDGE_CURVE('',#5356,#5357,#2513,.T.);
#6834=EDGE_CURVE('',#5358,#5357,#2514,.T.);
#6835=EDGE_CURVE('',#5358,#5359,#2515,.T.);
#6836=EDGE_CURVE('',#5359,#5349,#2516,.T.);
#6837=EDGE_CURVE('',#5360,#5348,#2517,.T.);
#6838=EDGE_CURVE('',#5355,#5360,#2518,.T.);
#6839=EDGE_CURVE('',#5361,#5362,#2519,.T.);
#6840=EDGE_CURVE('',#5363,#5362,#2520,.T.);
#6841=EDGE_CURVE('',#5363,#5364,#2521,.T.);
#6842=EDGE_CURVE('',#5365,#5364,#2522,.T.);
#6843=EDGE_CURVE('',#5361,#5365,#2523,.T.);
#6844=EDGE_CURVE('',#5358,#5366,#2524,.T.);
#6845=EDGE_CURVE('',#5364,#5366,#2525,.T.);
#6846=EDGE_CURVE('',#5365,#5364,#2526,.T.);
#6847=EDGE_CURVE('',#5365,#5359,#2527,.T.);
#6848=EDGE_CURVE('',#5297,#5363,#2528,.T.);
#6849=EDGE_CURVE('',#5362,#5084,#2529,.T.);
#6850=EDGE_CURVE('',#5362,#5367,#2530,.T.);
#6851=EDGE_CURVE('',#5083,#5367,#2531,.T.);
#6852=EDGE_CURVE('',#5367,#5368,#2532,.T.);
#6853=EDGE_CURVE('',#5368,#5369,#2533,.T.);
#6854=EDGE_CURVE('',#5370,#5369,#2534,.T.);
#6855=EDGE_CURVE('',#5370,#5367,#2535,.T.);
#6856=EDGE_CURVE('',#5370,#5371,#2536,.T.);
#6857=EDGE_CURVE('',#5369,#5372,#2537,.T.);
#6858=EDGE_CURVE('',#5372,#5373,#2538,.T.);
#6859=EDGE_CURVE('',#5373,#5374,#2539,.T.);
#6860=EDGE_CURVE('',#5374,#5371,#2540,.T.);
#6861=EDGE_CURVE('',#5375,#5376,#2541,.T.);
#6862=EDGE_CURVE('',#5376,#5371,#2542,.T.);
#6863=EDGE_CURVE('',#5375,#5374,#2543,.T.);
#6864=EDGE_CURVE('',#5377,#5378,#2544,.T.);
#6865=EDGE_CURVE('',#5377,#5379,#2545,.T.);
#6866=EDGE_CURVE('',#5379,#5380,#2546,.T.);
#6867=EDGE_CURVE('',#5378,#5380,#2547,.T.);
#6868=EDGE_CURVE('',#5379,#5381,#2548,.T.);
#6869=EDGE_CURVE('',#5381,#5382,#2549,.T.);
#6870=EDGE_CURVE('',#5380,#5382,#2550,.T.);
#6871=EDGE_CURVE('',#5381,#5383,#2551,.T.);
#6872=EDGE_CURVE('',#5383,#5384,#2552,.T.);
#6873=EDGE_CURVE('',#5382,#5384,#2553,.T.);
#6874=EDGE_CURVE('',#5383,#5377,#2554,.T.);
#6875=EDGE_CURVE('',#5384,#5378,#2555,.T.);
#6876=EDGE_CURVE('',#5385,#5386,#2556,.T.);
#6877=EDGE_CURVE('',#5385,#5387,#2557,.T.);
#6878=EDGE_CURVE('',#5387,#5388,#2558,.T.);
#6879=EDGE_CURVE('',#5386,#5388,#2559,.T.);
#6880=EDGE_CURVE('',#5387,#5389,#2560,.T.);
#6881=EDGE_CURVE('',#5389,#5390,#2561,.T.);
#6882=EDGE_CURVE('',#5388,#5390,#2562,.T.);
#6883=EDGE_CURVE('',#5389,#5391,#2563,.T.);
#6884=EDGE_CURVE('',#5391,#5392,#2564,.T.);
#6885=EDGE_CURVE('',#5390,#5392,#2565,.T.);
#6886=EDGE_CURVE('',#5391,#5385,#2566,.T.);
#6887=EDGE_CURVE('',#5392,#5386,#2567,.T.);
#6888=EDGE_CURVE('',#5393,#5394,#2568,.T.);
#6889=EDGE_CURVE('',#5394,#5395,#2569,.T.);
#6890=EDGE_CURVE('',#5396,#5395,#2570,.T.);
#6891=EDGE_CURVE('',#5396,#5393,#2571,.T.);
#6892=EDGE_CURVE('',#5396,#5397,#2572,.T.);
#6893=EDGE_CURVE('',#5395,#5398,#2573,.T.);
#6894=EDGE_CURVE('',#5398,#5399,#2574,.T.);
#6895=EDGE_CURVE('',#5399,#5400,#2575,.T.);
#6896=EDGE_CURVE('',#5400,#5397,#2576,.T.);
#6897=EDGE_CURVE('',#5401,#5328,#2577,.T.);
#6898=EDGE_CURVE('',#5328,#5397,#2578,.T.);
#6899=EDGE_CURVE('',#5401,#5400,#2579,.T.);
#6900=EDGE_CURVE('',#5402,#5329,#2580,.T.);
#6901=EDGE_CURVE('',#5402,#5403,#2581,.T.);
#6902=EDGE_CURVE('',#5403,#5340,#2582,.T.);
#6903=EDGE_CURVE('',#5404,#5405,#2583,.T.);
#6904=EDGE_CURVE('',#5404,#5406,#2584,.T.);
#6905=EDGE_CURVE('',#5329,#5406,#2585,.T.);
#6906=EDGE_CURVE('',#5333,#5344,#2586,.T.);
#6907=EDGE_CURVE('',#5346,#5407,#2587,.T.);
#6908=EDGE_CURVE('',#5407,#5408,#2588,.T.);
#6909=EDGE_CURVE('',#5408,#5409,#2589,.T.);
#6910=EDGE_CURVE('',#5405,#5409,#2590,.T.);
#6911=EDGE_CURVE('',#5334,#5341,#2591,.T.);
#6912=EDGE_CURVE('',#5342,#5326,#2592,.T.);
#6913=EDGE_CURVE('',#5332,#5345,#2593,.T.);
#6914=EDGE_CURVE('',#5410,#5411,#2594,.T.);
#6915=EDGE_CURVE('',#5411,#5412,#2595,.T.);
#6916=EDGE_CURVE('',#5412,#5413,#2596,.T.);
#6917=EDGE_CURVE('',#5414,#5413,#2597,.T.);
#6918=EDGE_CURVE('',#5415,#5414,#2598,.T.);
#6919=EDGE_CURVE('',#5336,#5415,#2599,.T.);
#6920=EDGE_CURVE('',#5416,#5335,#2600,.T.);
#6921=EDGE_CURVE('',#5417,#5416,#2601,.T.);
#6922=EDGE_CURVE('',#5418,#5417,#2602,.T.);
#6923=EDGE_CURVE('',#5418,#5419,#2603,.T.);
#6924=EDGE_CURVE('',#5419,#5410,#2604,.T.);
#6925=EDGE_CURVE('',#5420,#5415,#2605,.T.);
#6926=EDGE_CURVE('',#5420,#5421,#2606,.T.);
#6927=EDGE_CURVE('',#5421,#5422,#2607,.T.);
#6928=EDGE_CURVE('',#5337,#5422,#2608,.T.);
#6929=EDGE_CURVE('',#5422,#5423,#2609,.T.);
#6930=EDGE_CURVE('',#5346,#5423,#2610,.T.);
#6931=EDGE_CURVE('',#5424,#5425,#2611,.T.);
#6932=EDGE_CURVE('',#5425,#5416,#2612,.T.);
#6933=EDGE_CURVE('',#5424,#5403,#2613,.T.);
#6934=EDGE_CURVE('',#5426,#5347,#2614,.T.);
#6935=EDGE_CURVE('',#5426,#5427,#2615,.T.);
#6936=EDGE_CURVE('',#5427,#5360,#2616,.T.);
#6937=EDGE_CURVE('',#5428,#5429,#2617,.T.);
#6938=EDGE_CURVE('',#5428,#5430,#2618,.T.);
#6939=EDGE_CURVE('',#5347,#5430,#2619,.T.);
#6940=EDGE_CURVE('',#5351,#5364,#2620,.T.);
#6941=EDGE_CURVE('',#5366,#5431,#2621,.T.);
#6942=EDGE_CURVE('',#5431,#5432,#2622,.T.);
#6943=EDGE_CURVE('',#5432,#5433,#2623,.T.);
#6944=EDGE_CURVE('',#5429,#5433,#2624,.T.);
#6945=EDGE_CURVE('',#5353,#5361,#2625,.T.);
#6946=EDGE_CURVE('',#5352,#5362,#2626,.T.);
#6947=EDGE_CURVE('',#5350,#5365,#2627,.T.);
#6948=EDGE_CURVE('',#5434,#5435,#2628,.T.);
#6949=EDGE_CURVE('',#5435,#5436,#2629,.T.);
#6950=EDGE_CURVE('',#5436,#5437,#2630,.T.);
#6951=EDGE_CURVE('',#5438,#5437,#2631,.T.);
#6952=EDGE_CURVE('',#5439,#5438,#2632,.T.);
#6953=EDGE_CURVE('',#5356,#5439,#2633,.T.);
#6954=EDGE_CURVE('',#5440,#5355,#2634,.T.);
#6955=EDGE_CURVE('',#5441,#5440,#2635,.T.);
#6956=EDGE_CURVE('',#5442,#5441,#2636,.T.);
#6957=EDGE_CURVE('',#5442,#5443,#2637,.T.);
#6958=EDGE_CURVE('',#5443,#5434,#2638,.T.);
#6959=EDGE_CURVE('',#5444,#5439,#2639,.T.);
#6960=EDGE_CURVE('',#5444,#5445,#2640,.T.);
#6961=EDGE_CURVE('',#5445,#5446,#2641,.T.);
#6962=EDGE_CURVE('',#5357,#5446,#2642,.T.);
#6963=EDGE_CURVE('',#5446,#5447,#2643,.T.);
#6964=EDGE_CURVE('',#5366,#5447,#2644,.T.);
#6965=EDGE_CURVE('',#5448,#5449,#2645,.T.);
#6966=EDGE_CURVE('',#5449,#5440,#2646,.T.);
#6967=EDGE_CURVE('',#5448,#5427,#2647,.T.);
#6968=EDGE_CURVE('',#5376,#5352,#2648,.T.);
#6969=EDGE_CURVE('',#5367,#5376,#2649,.T.);
#6970=EDGE_CURVE('',#5450,#5375,#2650,.T.);
#6971=EDGE_CURVE('',#5451,#5450,#2651,.T.);
#6972=EDGE_CURVE('',#5368,#5451,#2652,.T.);
#6973=EDGE_CURVE('',#5451,#5372,#2653,.T.);
#6974=EDGE_CURVE('',#5450,#5373,#2654,.T.);
#6975=EDGE_CURVE('',#5378,#5411,#2655,.T.);
#6976=EDGE_CURVE('',#5380,#5412,#2656,.T.);
#6977=EDGE_CURVE('',#5382,#5419,#2657,.T.);
#6978=EDGE_CURVE('',#5413,#5418,#2658,.T.);
#6979=EDGE_CURVE('',#5384,#5410,#2659,.T.);
#6980=EDGE_CURVE('',#5386,#5435,#2660,.T.);
#6981=EDGE_CURVE('',#5388,#5436,#2661,.T.);
#6982=EDGE_CURVE('',#5390,#5443,#2662,.T.);
#6983=EDGE_CURVE('',#5437,#5442,#2663,.T.);
#6984=EDGE_CURVE('',#5392,#5434,#2664,.T.);
#6985=EDGE_CURVE('',#5342,#5393,#2665,.T.);
#6986=EDGE_CURVE('',#5393,#5328,#2666,.T.);
#6987=EDGE_CURVE('',#5452,#5401,#2667,.T.);
#6988=EDGE_CURVE('',#5453,#5452,#2668,.T.);
#6989=EDGE_CURVE('',#5394,#5453,#2669,.T.);
#6990=EDGE_CURVE('',#5453,#5398,#2670,.T.);
#6991=EDGE_CURVE('',#5452,#5399,#2671,.T.);
#6992=EDGE_CURVE('',#5402,#5454,#2672,.T.);
#6993=EDGE_CURVE('',#5454,#5424,#2673,.T.);
#6994=EDGE_CURVE('',#5454,#5406,#2674,.T.);
#6995=EDGE_CURVE('',#5455,#5456,#2675,.T.);
#6996=EDGE_CURVE('',#5455,#5404,#2676,.T.);
#6997=EDGE_CURVE('',#5456,#5405,#2677,.T.);
#6998=EDGE_CURVE('',#5409,#5457,#2678,.T.);
#6999=EDGE_CURVE('',#5457,#5415,#2679,.T.);
#7000=EDGE_CURVE('',#5414,#5417,#2680,.T.);
#7001=EDGE_CURVE('',#5416,#5456,#2681,.T.);
#7002=EDGE_CURVE('',#5408,#5458,#2682,.T.);
#7003=EDGE_CURVE('',#5458,#5457,#2683,.T.);
#7004=EDGE_CURVE('',#5407,#5459,#2684,.T.);
#7005=EDGE_CURVE('',#5421,#5459,#2685,.T.);
#7006=EDGE_CURVE('',#5458,#5420,#2686,.T.);
#7007=EDGE_CURVE('',#5459,#5423,#2687,.T.);
#7008=EDGE_CURVE('',#5425,#5455,#2688,.T.);
#7009=EDGE_CURVE('',#5426,#5460,#2689,.T.);
#7010=EDGE_CURVE('',#5460,#5448,#2690,.T.);
#7011=EDGE_CURVE('',#5460,#5430,#2691,.T.);
#7012=EDGE_CURVE('',#5461,#5462,#2692,.T.);
#7013=EDGE_CURVE('',#5461,#5428,#2693,.T.);
#7014=EDGE_CURVE('',#5462,#5429,#2694,.T.);
#7015=EDGE_CURVE('',#5433,#5463,#2695,.T.);
#7016=EDGE_CURVE('',#5463,#5439,#2696,.T.);
#7017=EDGE_CURVE('',#5438,#5441,#2697,.T.);
#7018=EDGE_CURVE('',#5440,#5462,#2698,.T.);
#7019=EDGE_CURVE('',#5432,#5464,#2699,.T.);
#7020=EDGE_CURVE('',#5464,#5463,#2700,.T.);
#7021=EDGE_CURVE('',#5431,#5465,#2701,.T.);
#7022=EDGE_CURVE('',#5445,#5465,#2702,.T.);
#7023=EDGE_CURVE('',#5464,#5444,#2703,.T.);
#7024=EDGE_CURVE('',#5465,#5447,#2704,.T.);
#7025=EDGE_CURVE('',#5449,#5461,#2705,.T.);
#7026=EDGE_CURVE('',#5466,#5342,#2706,.T.);
#7027=EDGE_CURVE('',#5466,#5467,#2707,.T.);
#7028=EDGE_CURVE('',#5467,#5343,#2708,.T.);
#7029=EDGE_CURVE('',#5468,#5393,#2709,.T.);
#7030=EDGE_CURVE('',#5468,#5466,#2710,.T.);
#7031=EDGE_CURVE('',#5469,#5325,#2711,.T.);
#7032=EDGE_CURVE('',#5470,#5469,#2712,.T.);
#7033=EDGE_CURVE('',#5470,#5471,#2713,.T.);
#7034=EDGE_CURVE('',#5472,#5471,#2714,.T.);
#7035=EDGE_CURVE('',#5472,#5473,#2715,.T.);
#7036=EDGE_CURVE('',#5468,#5473,#2716,.T.);
#7037=EDGE_CURVE('',#5324,#5474,#2717,.T.);
#7038=EDGE_CURVE('',#5474,#5469,#2718,.T.);
#7039=EDGE_CURVE('',#5475,#5476,#2719,.T.);
#7040=EDGE_CURVE('',#5477,#5475,#2720,.T.);
#7041=EDGE_CURVE('',#5478,#5477,#2721,.T.);
#7042=EDGE_CURVE('',#5476,#5478,#2722,.T.);
#7043=EDGE_CURVE('',#5479,#5480,#2723,.T.);
#7044=EDGE_CURVE('',#5481,#5479,#2724,.T.);
#7045=EDGE_CURVE('',#5482,#5481,#2725,.T.);
#7046=EDGE_CURVE('',#5480,#5482,#2726,.T.);
#7047=EDGE_CURVE('',#5483,#5467,#2727,.T.);
#7048=EDGE_CURVE('',#5483,#5484,#2728,.T.);
#7049=EDGE_CURVE('',#5485,#5484,#2729,.T.);
#7050=EDGE_CURVE('',#5486,#5485,#2730,.T.);
#7051=EDGE_CURVE('',#5487,#5486,#2731,.T.);
#7052=EDGE_CURVE('',#5487,#5488,#2732,.T.);
#7053=EDGE_CURVE('',#5489,#5488,#2733,.T.);
#7054=EDGE_CURVE('',#5490,#5489,#2734,.T.);
#7055=EDGE_CURVE('',#5491,#5490,#2735,.T.);
#7056=EDGE_CURVE('',#5492,#5491,#2736,.T.);
#7057=EDGE_CURVE('',#5493,#5492,#2737,.T.);
#7058=EDGE_CURVE('',#5493,#5494,#2738,.T.);
#7059=EDGE_CURVE('',#5495,#5494,#2739,.T.);
#7060=EDGE_CURVE('',#5496,#5495,#2740,.T.);
#7061=EDGE_CURVE('',#5497,#5496,#2741,.T.);
#7062=EDGE_CURVE('',#5497,#5498,#2742,.T.);
#7063=EDGE_CURVE('',#5499,#5498,#2743,.T.);
#7064=EDGE_CURVE('',#5354,#5499,#2744,.T.);
#7065=EDGE_CURVE('',#5376,#5500,#2745,.T.);
#7066=EDGE_CURVE('',#5501,#5500,#2746,.T.);
#7067=EDGE_CURVE('',#5501,#5502,#2747,.T.);
#7068=EDGE_CURVE('',#5503,#5502,#2748,.T.);
#7069=EDGE_CURVE('',#5503,#5504,#2749,.T.);
#7070=EDGE_CURVE('',#5504,#5474,#2750,.T.);
#7071=EDGE_CURVE('',#5505,#5506,#2751,.T.);
#7072=EDGE_CURVE('',#5506,#5485,#2752,.T.);
#7073=EDGE_CURVE('',#5483,#5505,#2753,.T.);
#7074=EDGE_CURVE('',#5466,#5507,#2754,.T.);
#7075=EDGE_CURVE('',#5507,#5484,#2755,.T.);
#7076=EDGE_CURVE('',#5483,#5484,#2756,.T.);
#7077=EDGE_CURVE('',#5508,#5509,#2757,.T.);
#7078=EDGE_CURVE('',#5509,#5510,#2758,.T.);
#7079=EDGE_CURVE('',#5511,#5510,#2759,.T.);
#7080=EDGE_CURVE('',#5511,#5486,#2760,.T.);
#7081=EDGE_CURVE('',#5512,#5506,#2761,.T.);
#7082=EDGE_CURVE('',#5508,#5512,#2762,.T.);
#7083=EDGE_CURVE('',#5513,#5514,#2763,.T.);
#7084=EDGE_CURVE('',#5489,#5514,#2764,.T.);
#7085=EDGE_CURVE('',#5487,#5488,#2765,.T.);
#7086=EDGE_CURVE('',#5513,#5487,#2766,.T.);
#7087=EDGE_CURVE('',#5511,#5515,#2767,.T.);
#7088=EDGE_CURVE('',#5488,#5515,#2768,.T.);
#7089=EDGE_CURVE('',#5516,#5514,#2769,.T.);
#7090=EDGE_CURVE('',#5516,#5490,#2770,.T.);
#7091=EDGE_CURVE('',#5504,#5517,#2771,.T.);
#7092=EDGE_CURVE('',#5517,#5491,#2772,.T.);
#7093=EDGE_CURVE('',#5516,#5470,#2773,.T.);
#7094=EDGE_CURVE('',#5517,#5518,#2774,.T.);
#7095=EDGE_CURVE('',#5518,#5492,#2775,.T.);
#7096=EDGE_CURVE('',#5519,#5520,#2776,.T.);
#7097=EDGE_CURVE('',#5520,#5495,#2777,.T.);
#7098=EDGE_CURVE('',#5493,#5519,#2778,.T.);
#7099=EDGE_CURVE('',#5518,#5521,#2779,.T.);
#7100=EDGE_CURVE('',#5521,#5494,#2780,.T.);
#7101=EDGE_CURVE('',#5493,#5494,#2781,.T.);
#7102=EDGE_CURVE('',#5522,#5523,#2782,.T.);
#7103=EDGE_CURVE('',#5523,#5524,#2783,.T.);
#7104=EDGE_CURVE('',#5525,#5524,#2784,.T.);
#7105=EDGE_CURVE('',#5525,#5496,#2785,.T.);
#7106=EDGE_CURVE('',#5526,#5520,#2786,.T.);
#7107=EDGE_CURVE('',#5522,#5526,#2787,.T.);
#7108=EDGE_CURVE('',#5527,#5528,#2788,.T.);
#7109=EDGE_CURVE('',#5499,#5528,#2789,.T.);
#7110=EDGE_CURVE('',#5497,#5498,#2790,.T.);
#7111=EDGE_CURVE('',#5527,#5497,#2791,.T.);
#7112=EDGE_CURVE('',#5525,#5529,#2792,.T.);
#7113=EDGE_CURVE('',#5498,#5529,#2793,.T.);
#7114=EDGE_CURVE('',#5528,#5352,#2794,.T.);
#7115=EDGE_CURVE('',#5528,#5500,#2795,.T.);
#7116=EDGE_CURVE('',#5500,#5530,#2796,.T.);
#7117=EDGE_CURVE('',#5530,#5531,#2797,.T.);
#7118=EDGE_CURVE('',#5501,#5531,#2798,.T.);
#7119=EDGE_CURVE('',#5531,#5532,#2799,.T.);
#7120=EDGE_CURVE('',#5532,#5533,#2800,.T.);
#7121=EDGE_CURVE('',#5533,#5534,#2801,.T.);
#7122=EDGE_CURVE('',#5534,#5502,#2802,.T.);
#7123=EDGE_CURVE('',#5535,#5503,#2803,.T.);
#7124=EDGE_CURVE('',#5535,#5534,#2804,.T.);
#7125=EDGE_CURVE('',#5503,#5518,#2805,.T.);
#7126=EDGE_CURVE('',#5479,#5536,#2806,.T.);
#7127=EDGE_CURVE('',#5480,#5537,#2807,.T.);
#7128=EDGE_CURVE('',#5536,#5537,#2808,.T.);
#7129=EDGE_CURVE('',#5482,#5538,#2809,.T.);
#7130=EDGE_CURVE('',#5537,#5538,#2810,.T.);
#7131=EDGE_CURVE('',#5481,#5539,#2811,.T.);
#7132=EDGE_CURVE('',#5538,#5539,#2812,.T.);
#7133=EDGE_CURVE('',#5539,#5536,#2813,.T.);
#7134=EDGE_CURVE('',#5475,#5540,#2814,.T.);
#7135=EDGE_CURVE('',#5476,#5541,#2815,.T.);
#7136=EDGE_CURVE('',#5540,#5541,#2816,.T.);
#7137=EDGE_CURVE('',#5478,#5542,#2817,.T.);
#7138=EDGE_CURVE('',#5541,#5542,#2818,.T.);
#7139=EDGE_CURVE('',#5477,#5543,#2819,.T.);
#7140=EDGE_CURVE('',#5542,#5543,#2820,.T.);
#7141=EDGE_CURVE('',#5543,#5540,#2821,.T.);
#7142=EDGE_CURVE('',#5514,#5471,#2822,.T.);
#7143=EDGE_CURVE('',#5471,#5544,#2823,.T.);
#7144=EDGE_CURVE('',#5544,#5545,#2824,.T.);
#7145=EDGE_CURVE('',#5472,#5545,#2825,.T.);
#7146=EDGE_CURVE('',#5545,#5546,#2826,.T.);
#7147=EDGE_CURVE('',#5546,#5547,#2827,.T.);
#7148=EDGE_CURVE('',#5547,#5548,#2828,.T.);
#7149=EDGE_CURVE('',#5548,#5473,#2829,.T.);
#7150=EDGE_CURVE('',#5549,#5468,#2830,.T.);
#7151=EDGE_CURVE('',#5549,#5548,#2831,.T.);
#7152=EDGE_CURVE('',#5550,#5505,#2832,.T.);
#7153=EDGE_CURVE('',#5550,#5551,#2833,.T.);
#7154=EDGE_CURVE('',#5551,#5512,#2834,.T.);
#7155=EDGE_CURVE('',#5552,#5553,#2835,.T.);
#7156=EDGE_CURVE('',#5552,#5554,#2836,.T.);
#7157=EDGE_CURVE('',#5505,#5554,#2837,.T.);
#7158=EDGE_CURVE('',#5483,#5488,#2838,.T.);
#7159=EDGE_CURVE('',#5515,#5555,#2839,.T.);
#7160=EDGE_CURVE('',#5555,#5556,#2840,.T.);
#7161=EDGE_CURVE('',#5556,#5557,#2841,.T.);
#7162=EDGE_CURVE('',#5553,#5557,#2842,.T.);
#7163=EDGE_CURVE('',#5507,#5513,#2843,.T.);
#7164=EDGE_CURVE('',#5514,#5466,#2844,.T.);
#7165=EDGE_CURVE('',#5484,#5487,#2845,.T.);
#7166=EDGE_CURVE('',#5558,#5559,#2846,.T.);
#7167=EDGE_CURVE('',#5559,#5560,#2847,.T.);
#7168=EDGE_CURVE('',#5560,#5561,#2848,.T.);
#7169=EDGE_CURVE('',#5562,#5561,#2849,.T.);
#7170=EDGE_CURVE('',#5563,#5562,#2850,.T.);
#7171=EDGE_CURVE('',#5509,#5563,#2851,.T.);
#7172=EDGE_CURVE('',#5564,#5508,#2852,.T.);
#7173=EDGE_CURVE('',#5565,#5564,#2853,.T.);
#7174=EDGE_CURVE('',#5566,#5565,#2854,.T.);
#7175=EDGE_CURVE('',#5566,#5567,#2855,.T.);
#7176=EDGE_CURVE('',#5567,#5558,#2856,.T.);
#7177=EDGE_CURVE('',#5568,#5563,#2857,.T.);
#7178=EDGE_CURVE('',#5568,#5569,#2858,.T.);
#7179=EDGE_CURVE('',#5569,#5570,#2859,.T.);
#7180=EDGE_CURVE('',#5510,#5570,#2860,.T.);
#7181=EDGE_CURVE('',#5570,#5571,#2861,.T.);
#7182=EDGE_CURVE('',#5515,#5571,#2862,.T.);
#7183=EDGE_CURVE('',#5572,#5573,#2863,.T.);
#7184=EDGE_CURVE('',#5573,#5564,#2864,.T.);
#7185=EDGE_CURVE('',#5572,#5551,#2865,.T.);
#7186=EDGE_CURVE('',#5574,#5519,#2866,.T.);
#7187=EDGE_CURVE('',#5574,#5575,#2867,.T.);
#7188=EDGE_CURVE('',#5575,#5526,#2868,.T.);
#7189=EDGE_CURVE('',#5576,#5577,#2869,.T.);
#7190=EDGE_CURVE('',#5576,#5578,#2870,.T.);
#7191=EDGE_CURVE('',#5519,#5578,#2871,.T.);
#7192=EDGE_CURVE('',#5493,#5498,#2872,.T.);
#7193=EDGE_CURVE('',#5529,#5579,#2873,.T.);
#7194=EDGE_CURVE('',#5579,#5580,#2874,.T.);
#7195=EDGE_CURVE('',#5580,#5581,#2875,.T.);
#7196=EDGE_CURVE('',#5577,#5581,#2876,.T.);
#7197=EDGE_CURVE('',#5521,#5527,#2877,.T.);
#7198=EDGE_CURVE('',#5518,#5528,#2878,.T.);
#7199=EDGE_CURVE('',#5494,#5497,#2879,.T.);
#7200=EDGE_CURVE('',#5582,#5583,#2880,.T.);
#7201=EDGE_CURVE('',#5583,#5584,#2881,.T.);
#7202=EDGE_CURVE('',#5584,#5585,#2882,.T.);
#7203=EDGE_CURVE('',#5586,#5585,#2883,.T.);
#7204=EDGE_CURVE('',#5587,#5586,#2884,.T.);
#7205=EDGE_CURVE('',#5523,#5587,#2885,.T.);
#7206=EDGE_CURVE('',#5588,#5522,#2886,.T.);
#7207=EDGE_CURVE('',#5589,#5588,#2887,.T.);
#7208=EDGE_CURVE('',#5590,#5589,#2888,.T.);
#7209=EDGE_CURVE('',#5590,#5591,#2889,.T.);
#7210=EDGE_CURVE('',#5591,#5582,#2890,.T.);
#7211=EDGE_CURVE('',#5592,#5587,#2891,.T.);
#7212=EDGE_CURVE('',#5592,#5593,#2892,.T.);
#7213=EDGE_CURVE('',#5593,#5594,#2893,.T.);
#7214=EDGE_CURVE('',#5524,#5594,#2894,.T.);
#7215=EDGE_CURVE('',#5594,#5595,#2895,.T.);
#7216=EDGE_CURVE('',#5529,#5595,#2896,.T.);
#7217=EDGE_CURVE('',#5596,#5597,#2897,.T.);
#7218=EDGE_CURVE('',#5597,#5588,#2898,.T.);
#7219=EDGE_CURVE('',#5596,#5575,#2899,.T.);
#7220=EDGE_CURVE('',#5500,#5503,#2900,.T.);
#7221=EDGE_CURVE('',#5598,#5535,#2901,.T.);
#7222=EDGE_CURVE('',#5599,#5598,#2902,.T.);
#7223=EDGE_CURVE('',#5530,#5599,#2903,.T.);
#7224=EDGE_CURVE('',#5599,#5532,#2904,.T.);
#7225=EDGE_CURVE('',#5598,#5533,#2905,.T.);
#7226=EDGE_CURVE('',#5536,#5559,#2906,.T.);
#7227=EDGE_CURVE('',#5537,#5560,#2907,.T.);
#7228=EDGE_CURVE('',#5538,#5567,#2908,.T.);
#7229=EDGE_CURVE('',#5561,#5566,#2909,.T.);
#7230=EDGE_CURVE('',#5539,#5558,#2910,.T.);
#7231=EDGE_CURVE('',#5540,#5583,#2911,.T.);
#7232=EDGE_CURVE('',#5541,#5584,#2912,.T.);
#7233=EDGE_CURVE('',#5542,#5591,#2913,.T.);
#7234=EDGE_CURVE('',#5585,#5590,#2914,.T.);
#7235=EDGE_CURVE('',#5543,#5582,#2915,.T.);
#7236=EDGE_CURVE('',#5471,#5468,#2916,.T.);
#7237=EDGE_CURVE('',#5600,#5549,#2917,.T.);
#7238=EDGE_CURVE('',#5601,#5600,#2918,.T.);
#7239=EDGE_CURVE('',#5544,#5601,#2919,.T.);
#7240=EDGE_CURVE('',#5601,#5546,#2920,.T.);
#7241=EDGE_CURVE('',#5600,#5547,#2921,.T.);
#7242=EDGE_CURVE('',#5550,#5602,#2922,.T.);
#7243=EDGE_CURVE('',#5602,#5572,#2923,.T.);
#7244=EDGE_CURVE('',#5602,#5554,#2924,.T.);
#7245=EDGE_CURVE('',#5603,#5604,#2925,.T.);
#7246=EDGE_CURVE('',#5603,#5552,#2926,.T.);
#7247=EDGE_CURVE('',#5604,#5553,#2927,.T.);
#7248=EDGE_CURVE('',#5557,#5605,#2928,.T.);
#7249=EDGE_CURVE('',#5605,#5563,#2929,.T.);
#7250=EDGE_CURVE('',#5562,#5565,#2930,.T.);
#7251=EDGE_CURVE('',#5564,#5604,#2931,.T.);
#7252=EDGE_CURVE('',#5556,#5606,#2932,.T.);
#7253=EDGE_CURVE('',#5606,#5605,#2933,.T.);
#7254=EDGE_CURVE('',#5555,#5607,#2934,.T.);
#7255=EDGE_CURVE('',#5569,#5607,#2935,.T.);
#7256=EDGE_CURVE('',#5606,#5568,#2936,.T.);
#7257=EDGE_CURVE('',#5607,#5571,#2937,.T.);
#7258=EDGE_CURVE('',#5573,#5603,#2938,.T.);
#7259=EDGE_CURVE('',#5574,#5608,#2939,.T.);
#7260=EDGE_CURVE('',#5608,#5596,#2940,.T.);
#7261=EDGE_CURVE('',#5608,#5578,#2941,.T.);
#7262=EDGE_CURVE('',#5609,#5610,#2942,.T.);
#7263=EDGE_CURVE('',#5609,#5576,#2943,.T.);
#7264=EDGE_CURVE('',#5610,#5577,#2944,.T.);
#7265=EDGE_CURVE('',#5581,#5611,#2945,.T.);
#7266=EDGE_CURVE('',#5611,#5587,#2946,.T.);
#7267=EDGE_CURVE('',#5586,#5589,#2947,.T.);
#7268=EDGE_CURVE('',#5588,#5610,#2948,.T.);
#7269=EDGE_CURVE('',#5580,#5612,#2949,.T.);
#7270=EDGE_CURVE('',#5612,#5611,#2950,.T.);
#7271=EDGE_CURVE('',#5579,#5613,#2951,.T.);
#7272=EDGE_CURVE('',#5593,#5613,#2952,.T.);
#7273=EDGE_CURVE('',#5612,#5592,#2953,.T.);
#7274=EDGE_CURVE('',#5613,#5595,#2954,.T.);
#7275=EDGE_CURVE('',#5597,#5609,#2955,.T.);
#7276=ORIENTED_EDGE('',*,*,#5614,.F.);
#7277=ORIENTED_EDGE('',*,*,#5615,.T.);
#7278=ORIENTED_EDGE('',*,*,#5616,.T.);
#7279=ORIENTED_EDGE('',*,*,#5617,.F.);
#7280=ORIENTED_EDGE('',*,*,#5618,.T.);
#7281=ORIENTED_EDGE('',*,*,#5619,.F.);
#7282=ORIENTED_EDGE('',*,*,#5620,.F.);
#7283=ORIENTED_EDGE('',*,*,#5621,.T.);
#7284=ORIENTED_EDGE('',*,*,#5622,.F.);
#7285=ORIENTED_EDGE('',*,*,#5623,.T.);
#7286=ORIENTED_EDGE('',*,*,#5624,.T.);
#7287=ORIENTED_EDGE('',*,*,#5625,.F.);
#7288=ORIENTED_EDGE('',*,*,#5626,.T.);
#7289=ORIENTED_EDGE('',*,*,#5627,.T.);
#7290=ORIENTED_EDGE('',*,*,#5628,.T.);
#7291=ORIENTED_EDGE('',*,*,#5629,.F.);
#7292=ORIENTED_EDGE('',*,*,#5630,.F.);
#7293=ORIENTED_EDGE('',*,*,#5615,.F.);
#7294=ORIENTED_EDGE('',*,*,#5631,.F.);
#7295=ORIENTED_EDGE('',*,*,#5632,.F.);
#7296=ORIENTED_EDGE('',*,*,#5633,.T.);
#7297=ORIENTED_EDGE('',*,*,#5634,.F.);
#7298=ORIENTED_EDGE('',*,*,#5635,.T.);
#7299=ORIENTED_EDGE('',*,*,#5636,.T.);
#7300=ORIENTED_EDGE('',*,*,#5637,.F.);
#7301=ORIENTED_EDGE('',*,*,#5638,.T.);
#7302=ORIENTED_EDGE('',*,*,#5639,.T.);
#7303=ORIENTED_EDGE('',*,*,#5618,.F.);
#7304=ORIENTED_EDGE('',*,*,#5640,.F.);
#7305=ORIENTED_EDGE('',*,*,#5641,.F.);
#7306=ORIENTED_EDGE('',*,*,#5640,.T.);
#7307=ORIENTED_EDGE('',*,*,#5621,.F.);
#7308=ORIENTED_EDGE('',*,*,#5642,.F.);
#7309=ORIENTED_EDGE('',*,*,#5623,.F.);
#7310=ORIENTED_EDGE('',*,*,#5643,.F.);
#7311=ORIENTED_EDGE('',*,*,#5644,.F.);
#7312=ORIENTED_EDGE('',*,*,#5645,.F.);
#7313=ORIENTED_EDGE('',*,*,#5643,.T.);
#7314=ORIENTED_EDGE('',*,*,#5622,.T.);
#7315=ORIENTED_EDGE('',*,*,#5646,.F.);
#7316=ORIENTED_EDGE('',*,*,#5647,.T.);
#7317=ORIENTED_EDGE('',*,*,#5646,.T.);
#7318=ORIENTED_EDGE('',*,*,#5625,.T.);
#7319=ORIENTED_EDGE('',*,*,#5648,.T.);
#7320=ORIENTED_EDGE('',*,*,#5629,.T.);
#7321=ORIENTED_EDGE('',*,*,#5649,.T.);
#7322=ORIENTED_EDGE('',*,*,#5617,.T.);
#7323=ORIENTED_EDGE('',*,*,#5650,.T.);
#7324=ORIENTED_EDGE('',*,*,#5616,.F.);
#7325=ORIENTED_EDGE('',*,*,#5630,.T.);
#7326=ORIENTED_EDGE('',*,*,#5651,.T.);
#7327=ORIENTED_EDGE('',*,*,#5650,.F.);
#7328=ORIENTED_EDGE('',*,*,#5652,.T.);
#7329=ORIENTED_EDGE('',*,*,#5653,.T.);
#7330=ORIENTED_EDGE('',*,*,#5633,.F.);
#7331=ORIENTED_EDGE('',*,*,#5654,.F.);
#7332=ORIENTED_EDGE('',*,*,#5655,.F.);
#7333=ORIENTED_EDGE('',*,*,#5654,.T.);
#7334=ORIENTED_EDGE('',*,*,#5632,.T.);
#7335=ORIENTED_EDGE('',*,*,#5656,.T.);
#7336=ORIENTED_EDGE('',*,*,#5657,.F.);
#7337=ORIENTED_EDGE('',*,*,#5658,.T.);
#7338=ORIENTED_EDGE('',*,*,#5659,.T.);
#7339=ORIENTED_EDGE('',*,*,#5660,.F.);
#7340=ORIENTED_EDGE('',*,*,#5661,.T.);
#7341=ORIENTED_EDGE('',*,*,#5662,.F.);
#7342=ORIENTED_EDGE('',*,*,#5663,.F.);
#7343=ORIENTED_EDGE('',*,*,#5664,.T.);
#7344=ORIENTED_EDGE('',*,*,#5665,.F.);
#7345=ORIENTED_EDGE('',*,*,#5666,.T.);
#7346=ORIENTED_EDGE('',*,*,#5667,.T.);
#7347=ORIENTED_EDGE('',*,*,#5668,.F.);
#7348=ORIENTED_EDGE('',*,*,#5669,.T.);
#7349=ORIENTED_EDGE('',*,*,#5670,.T.);
#7350=ORIENTED_EDGE('',*,*,#5671,.T.);
#7351=ORIENTED_EDGE('',*,*,#5672,.F.);
#7352=ORIENTED_EDGE('',*,*,#5673,.F.);
#7353=ORIENTED_EDGE('',*,*,#5658,.F.);
#7354=ORIENTED_EDGE('',*,*,#5674,.F.);
#7355=ORIENTED_EDGE('',*,*,#5675,.F.);
#7356=ORIENTED_EDGE('',*,*,#5676,.T.);
#7357=ORIENTED_EDGE('',*,*,#5677,.F.);
#7358=ORIENTED_EDGE('',*,*,#5678,.T.);
#7359=ORIENTED_EDGE('',*,*,#5679,.T.);
#7360=ORIENTED_EDGE('',*,*,#5680,.F.);
#7361=ORIENTED_EDGE('',*,*,#5681,.T.);
#7362=ORIENTED_EDGE('',*,*,#5682,.T.);
#7363=ORIENTED_EDGE('',*,*,#5661,.F.);
#7364=ORIENTED_EDGE('',*,*,#5683,.F.);
#7365=ORIENTED_EDGE('',*,*,#5684,.F.);
#7366=ORIENTED_EDGE('',*,*,#5683,.T.);
#7367=ORIENTED_EDGE('',*,*,#5664,.F.);
#7368=ORIENTED_EDGE('',*,*,#5685,.F.);
#7369=ORIENTED_EDGE('',*,*,#5666,.F.);
#7370=ORIENTED_EDGE('',*,*,#5686,.F.);
#7371=ORIENTED_EDGE('',*,*,#5687,.F.);
#7372=ORIENTED_EDGE('',*,*,#5688,.F.);
#7373=ORIENTED_EDGE('',*,*,#5686,.T.);
#7374=ORIENTED_EDGE('',*,*,#5665,.T.);
#7375=ORIENTED_EDGE('',*,*,#5689,.F.);
#7376=ORIENTED_EDGE('',*,*,#5690,.T.);
#7377=ORIENTED_EDGE('',*,*,#5689,.T.);
#7378=ORIENTED_EDGE('',*,*,#5668,.T.);
#7379=ORIENTED_EDGE('',*,*,#5691,.T.);
#7380=ORIENTED_EDGE('',*,*,#5672,.T.);
#7381=ORIENTED_EDGE('',*,*,#5692,.T.);
#7382=ORIENTED_EDGE('',*,*,#5660,.T.);
#7383=ORIENTED_EDGE('',*,*,#5693,.T.);
#7384=ORIENTED_EDGE('',*,*,#5659,.F.);
#7385=ORIENTED_EDGE('',*,*,#5673,.T.);
#7386=ORIENTED_EDGE('',*,*,#5694,.T.);
#7387=ORIENTED_EDGE('',*,*,#5693,.F.);
#7388=ORIENTED_EDGE('',*,*,#5695,.T.);
#7389=ORIENTED_EDGE('',*,*,#5696,.T.);
#7390=ORIENTED_EDGE('',*,*,#5676,.F.);
#7391=ORIENTED_EDGE('',*,*,#5697,.F.);
#7392=ORIENTED_EDGE('',*,*,#5698,.F.);
#7393=ORIENTED_EDGE('',*,*,#5697,.T.);
#7394=ORIENTED_EDGE('',*,*,#5675,.T.);
#7395=ORIENTED_EDGE('',*,*,#5699,.T.);
#7396=ORIENTED_EDGE('',*,*,#5700,.F.);
#7397=ORIENTED_EDGE('',*,*,#5701,.T.);
#7398=ORIENTED_EDGE('',*,*,#5702,.T.);
#7399=ORIENTED_EDGE('',*,*,#5703,.F.);
#7400=ORIENTED_EDGE('',*,*,#5704,.T.);
#7401=ORIENTED_EDGE('',*,*,#5705,.F.);
#7402=ORIENTED_EDGE('',*,*,#5706,.F.);
#7403=ORIENTED_EDGE('',*,*,#5707,.T.);
#7404=ORIENTED_EDGE('',*,*,#5708,.F.);
#7405=ORIENTED_EDGE('',*,*,#5709,.T.);
#7406=ORIENTED_EDGE('',*,*,#5710,.T.);
#7407=ORIENTED_EDGE('',*,*,#5711,.F.);
#7408=ORIENTED_EDGE('',*,*,#5712,.T.);
#7409=ORIENTED_EDGE('',*,*,#5713,.T.);
#7410=ORIENTED_EDGE('',*,*,#5714,.T.);
#7411=ORIENTED_EDGE('',*,*,#5715,.F.);
#7412=ORIENTED_EDGE('',*,*,#5716,.F.);
#7413=ORIENTED_EDGE('',*,*,#5701,.F.);
#7414=ORIENTED_EDGE('',*,*,#5717,.F.);
#7415=ORIENTED_EDGE('',*,*,#5718,.F.);
#7416=ORIENTED_EDGE('',*,*,#5719,.T.);
#7417=ORIENTED_EDGE('',*,*,#5720,.F.);
#7418=ORIENTED_EDGE('',*,*,#5721,.T.);
#7419=ORIENTED_EDGE('',*,*,#5722,.T.);
#7420=ORIENTED_EDGE('',*,*,#5723,.F.);
#7421=ORIENTED_EDGE('',*,*,#5724,.T.);
#7422=ORIENTED_EDGE('',*,*,#5725,.T.);
#7423=ORIENTED_EDGE('',*,*,#5704,.F.);
#7424=ORIENTED_EDGE('',*,*,#5726,.F.);
#7425=ORIENTED_EDGE('',*,*,#5727,.F.);
#7426=ORIENTED_EDGE('',*,*,#5726,.T.);
#7427=ORIENTED_EDGE('',*,*,#5707,.F.);
#7428=ORIENTED_EDGE('',*,*,#5728,.F.);
#7429=ORIENTED_EDGE('',*,*,#5709,.F.);
#7430=ORIENTED_EDGE('',*,*,#5729,.F.);
#7431=ORIENTED_EDGE('',*,*,#5730,.F.);
#7432=ORIENTED_EDGE('',*,*,#5731,.F.);
#7433=ORIENTED_EDGE('',*,*,#5729,.T.);
#7434=ORIENTED_EDGE('',*,*,#5708,.T.);
#7435=ORIENTED_EDGE('',*,*,#5732,.F.);
#7436=ORIENTED_EDGE('',*,*,#5733,.T.);
#7437=ORIENTED_EDGE('',*,*,#5732,.T.);
#7438=ORIENTED_EDGE('',*,*,#5711,.T.);
#7439=ORIENTED_EDGE('',*,*,#5734,.T.);
#7440=ORIENTED_EDGE('',*,*,#5715,.T.);
#7441=ORIENTED_EDGE('',*,*,#5735,.T.);
#7442=ORIENTED_EDGE('',*,*,#5703,.T.);
#7443=ORIENTED_EDGE('',*,*,#5736,.T.);
#7444=ORIENTED_EDGE('',*,*,#5702,.F.);
#7445=ORIENTED_EDGE('',*,*,#5716,.T.);
#7446=ORIENTED_EDGE('',*,*,#5737,.T.);
#7447=ORIENTED_EDGE('',*,*,#5736,.F.);
#7448=ORIENTED_EDGE('',*,*,#5738,.T.);
#7449=ORIENTED_EDGE('',*,*,#5739,.T.);
#7450=ORIENTED_EDGE('',*,*,#5719,.F.);
#7451=ORIENTED_EDGE('',*,*,#5740,.F.);
#7452=ORIENTED_EDGE('',*,*,#5741,.F.);
#7453=ORIENTED_EDGE('',*,*,#5740,.T.);
#7454=ORIENTED_EDGE('',*,*,#5718,.T.);
#7455=ORIENTED_EDGE('',*,*,#5742,.T.);
#7456=ORIENTED_EDGE('',*,*,#5743,.F.);
#7457=ORIENTED_EDGE('',*,*,#5744,.T.);
#7458=ORIENTED_EDGE('',*,*,#5745,.T.);
#7459=ORIENTED_EDGE('',*,*,#5746,.F.);
#7460=ORIENTED_EDGE('',*,*,#5747,.T.);
#7461=ORIENTED_EDGE('',*,*,#5748,.F.);
#7462=ORIENTED_EDGE('',*,*,#5749,.F.);
#7463=ORIENTED_EDGE('',*,*,#5750,.T.);
#7464=ORIENTED_EDGE('',*,*,#5751,.F.);
#7465=ORIENTED_EDGE('',*,*,#5752,.T.);
#7466=ORIENTED_EDGE('',*,*,#5753,.T.);
#7467=ORIENTED_EDGE('',*,*,#5754,.F.);
#7468=ORIENTED_EDGE('',*,*,#5755,.T.);
#7469=ORIENTED_EDGE('',*,*,#5756,.T.);
#7470=ORIENTED_EDGE('',*,*,#5757,.T.);
#7471=ORIENTED_EDGE('',*,*,#5758,.F.);
#7472=ORIENTED_EDGE('',*,*,#5759,.F.);
#7473=ORIENTED_EDGE('',*,*,#5744,.F.);
#7474=ORIENTED_EDGE('',*,*,#5760,.F.);
#7475=ORIENTED_EDGE('',*,*,#5761,.F.);
#7476=ORIENTED_EDGE('',*,*,#5762,.T.);
#7477=ORIENTED_EDGE('',*,*,#5763,.F.);
#7478=ORIENTED_EDGE('',*,*,#5764,.T.);
#7479=ORIENTED_EDGE('',*,*,#5765,.T.);
#7480=ORIENTED_EDGE('',*,*,#5766,.F.);
#7481=ORIENTED_EDGE('',*,*,#5767,.T.);
#7482=ORIENTED_EDGE('',*,*,#5768,.T.);
#7483=ORIENTED_EDGE('',*,*,#5747,.F.);
#7484=ORIENTED_EDGE('',*,*,#5769,.F.);
#7485=ORIENTED_EDGE('',*,*,#5770,.F.);
#7486=ORIENTED_EDGE('',*,*,#5769,.T.);
#7487=ORIENTED_EDGE('',*,*,#5750,.F.);
#7488=ORIENTED_EDGE('',*,*,#5771,.F.);
#7489=ORIENTED_EDGE('',*,*,#5752,.F.);
#7490=ORIENTED_EDGE('',*,*,#5772,.F.);
#7491=ORIENTED_EDGE('',*,*,#5773,.F.);
#7492=ORIENTED_EDGE('',*,*,#5774,.F.);
#7493=ORIENTED_EDGE('',*,*,#5772,.T.);
#7494=ORIENTED_EDGE('',*,*,#5751,.T.);
#7495=ORIENTED_EDGE('',*,*,#5775,.F.);
#7496=ORIENTED_EDGE('',*,*,#5776,.T.);
#7497=ORIENTED_EDGE('',*,*,#5775,.T.);
#7498=ORIENTED_EDGE('',*,*,#5754,.T.);
#7499=ORIENTED_EDGE('',*,*,#5777,.T.);
#7500=ORIENTED_EDGE('',*,*,#5758,.T.);
#7501=ORIENTED_EDGE('',*,*,#5778,.T.);
#7502=ORIENTED_EDGE('',*,*,#5746,.T.);
#7503=ORIENTED_EDGE('',*,*,#5779,.T.);
#7504=ORIENTED_EDGE('',*,*,#5745,.F.);
#7505=ORIENTED_EDGE('',*,*,#5759,.T.);
#7506=ORIENTED_EDGE('',*,*,#5780,.T.);
#7507=ORIENTED_EDGE('',*,*,#5779,.F.);
#7508=ORIENTED_EDGE('',*,*,#5781,.T.);
#7509=ORIENTED_EDGE('',*,*,#5782,.T.);
#7510=ORIENTED_EDGE('',*,*,#5762,.F.);
#7511=ORIENTED_EDGE('',*,*,#5783,.F.);
#7512=ORIENTED_EDGE('',*,*,#5784,.F.);
#7513=ORIENTED_EDGE('',*,*,#5783,.T.);
#7514=ORIENTED_EDGE('',*,*,#5761,.T.);
#7515=ORIENTED_EDGE('',*,*,#5785,.T.);
#7516=ORIENTED_EDGE('',*,*,#5786,.F.);
#7517=ORIENTED_EDGE('',*,*,#5787,.T.);
#7518=ORIENTED_EDGE('',*,*,#5788,.T.);
#7519=ORIENTED_EDGE('',*,*,#5789,.F.);
#7520=ORIENTED_EDGE('',*,*,#5790,.T.);
#7521=ORIENTED_EDGE('',*,*,#5791,.F.);
#7522=ORIENTED_EDGE('',*,*,#5792,.F.);
#7523=ORIENTED_EDGE('',*,*,#5793,.T.);
#7524=ORIENTED_EDGE('',*,*,#5794,.F.);
#7525=ORIENTED_EDGE('',*,*,#5795,.T.);
#7526=ORIENTED_EDGE('',*,*,#5796,.T.);
#7527=ORIENTED_EDGE('',*,*,#5797,.F.);
#7528=ORIENTED_EDGE('',*,*,#5798,.T.);
#7529=ORIENTED_EDGE('',*,*,#5799,.T.);
#7530=ORIENTED_EDGE('',*,*,#5800,.T.);
#7531=ORIENTED_EDGE('',*,*,#5801,.F.);
#7532=ORIENTED_EDGE('',*,*,#5802,.F.);
#7533=ORIENTED_EDGE('',*,*,#5787,.F.);
#7534=ORIENTED_EDGE('',*,*,#5803,.F.);
#7535=ORIENTED_EDGE('',*,*,#5804,.F.);
#7536=ORIENTED_EDGE('',*,*,#5805,.T.);
#7537=ORIENTED_EDGE('',*,*,#5806,.F.);
#7538=ORIENTED_EDGE('',*,*,#5807,.T.);
#7539=ORIENTED_EDGE('',*,*,#5808,.T.);
#7540=ORIENTED_EDGE('',*,*,#5809,.F.);
#7541=ORIENTED_EDGE('',*,*,#5810,.T.);
#7542=ORIENTED_EDGE('',*,*,#5811,.T.);
#7543=ORIENTED_EDGE('',*,*,#5790,.F.);
#7544=ORIENTED_EDGE('',*,*,#5812,.F.);
#7545=ORIENTED_EDGE('',*,*,#5813,.F.);
#7546=ORIENTED_EDGE('',*,*,#5812,.T.);
#7547=ORIENTED_EDGE('',*,*,#5793,.F.);
#7548=ORIENTED_EDGE('',*,*,#5814,.F.);
#7549=ORIENTED_EDGE('',*,*,#5795,.F.);
#7550=ORIENTED_EDGE('',*,*,#5815,.F.);
#7551=ORIENTED_EDGE('',*,*,#5816,.F.);
#7552=ORIENTED_EDGE('',*,*,#5817,.F.);
#7553=ORIENTED_EDGE('',*,*,#5815,.T.);
#7554=ORIENTED_EDGE('',*,*,#5794,.T.);
#7555=ORIENTED_EDGE('',*,*,#5818,.F.);
#7556=ORIENTED_EDGE('',*,*,#5819,.T.);
#7557=ORIENTED_EDGE('',*,*,#5818,.T.);
#7558=ORIENTED_EDGE('',*,*,#5797,.T.);
#7559=ORIENTED_EDGE('',*,*,#5820,.T.);
#7560=ORIENTED_EDGE('',*,*,#5801,.T.);
#7561=ORIENTED_EDGE('',*,*,#5821,.T.);
#7562=ORIENTED_EDGE('',*,*,#5789,.T.);
#7563=ORIENTED_EDGE('',*,*,#5822,.T.);
#7564=ORIENTED_EDGE('',*,*,#5788,.F.);
#7565=ORIENTED_EDGE('',*,*,#5802,.T.);
#7566=ORIENTED_EDGE('',*,*,#5823,.T.);
#7567=ORIENTED_EDGE('',*,*,#5822,.F.);
#7568=ORIENTED_EDGE('',*,*,#5824,.T.);
#7569=ORIENTED_EDGE('',*,*,#5825,.T.);
#7570=ORIENTED_EDGE('',*,*,#5805,.F.);
#7571=ORIENTED_EDGE('',*,*,#5826,.F.);
#7572=ORIENTED_EDGE('',*,*,#5827,.F.);
#7573=ORIENTED_EDGE('',*,*,#5826,.T.);
#7574=ORIENTED_EDGE('',*,*,#5804,.T.);
#7575=ORIENTED_EDGE('',*,*,#5828,.T.);
#7576=ORIENTED_EDGE('',*,*,#5829,.F.);
#7577=ORIENTED_EDGE('',*,*,#5830,.T.);
#7578=ORIENTED_EDGE('',*,*,#5831,.T.);
#7579=ORIENTED_EDGE('',*,*,#5832,.F.);
#7580=ORIENTED_EDGE('',*,*,#5833,.T.);
#7581=ORIENTED_EDGE('',*,*,#5834,.F.);
#7582=ORIENTED_EDGE('',*,*,#5835,.F.);
#7583=ORIENTED_EDGE('',*,*,#5836,.T.);
#7584=ORIENTED_EDGE('',*,*,#5837,.F.);
#7585=ORIENTED_EDGE('',*,*,#5838,.T.);
#7586=ORIENTED_EDGE('',*,*,#5839,.T.);
#7587=ORIENTED_EDGE('',*,*,#5840,.F.);
#7588=ORIENTED_EDGE('',*,*,#5841,.T.);
#7589=ORIENTED_EDGE('',*,*,#5842,.T.);
#7590=ORIENTED_EDGE('',*,*,#5843,.T.);
#7591=ORIENTED_EDGE('',*,*,#5844,.F.);
#7592=ORIENTED_EDGE('',*,*,#5845,.F.);
#7593=ORIENTED_EDGE('',*,*,#5830,.F.);
#7594=ORIENTED_EDGE('',*,*,#5846,.F.);
#7595=ORIENTED_EDGE('',*,*,#5847,.F.);
#7596=ORIENTED_EDGE('',*,*,#5848,.T.);
#7597=ORIENTED_EDGE('',*,*,#5849,.F.);
#7598=ORIENTED_EDGE('',*,*,#5850,.T.);
#7599=ORIENTED_EDGE('',*,*,#5851,.T.);
#7600=ORIENTED_EDGE('',*,*,#5852,.F.);
#7601=ORIENTED_EDGE('',*,*,#5853,.T.);
#7602=ORIENTED_EDGE('',*,*,#5854,.T.);
#7603=ORIENTED_EDGE('',*,*,#5833,.F.);
#7604=ORIENTED_EDGE('',*,*,#5855,.F.);
#7605=ORIENTED_EDGE('',*,*,#5856,.F.);
#7606=ORIENTED_EDGE('',*,*,#5855,.T.);
#7607=ORIENTED_EDGE('',*,*,#5836,.F.);
#7608=ORIENTED_EDGE('',*,*,#5857,.F.);
#7609=ORIENTED_EDGE('',*,*,#5838,.F.);
#7610=ORIENTED_EDGE('',*,*,#5858,.F.);
#7611=ORIENTED_EDGE('',*,*,#5859,.F.);
#7612=ORIENTED_EDGE('',*,*,#5860,.F.);
#7613=ORIENTED_EDGE('',*,*,#5858,.T.);
#7614=ORIENTED_EDGE('',*,*,#5837,.T.);
#7615=ORIENTED_EDGE('',*,*,#5861,.F.);
#7616=ORIENTED_EDGE('',*,*,#5862,.T.);
#7617=ORIENTED_EDGE('',*,*,#5861,.T.);
#7618=ORIENTED_EDGE('',*,*,#5840,.T.);
#7619=ORIENTED_EDGE('',*,*,#5863,.T.);
#7620=ORIENTED_EDGE('',*,*,#5844,.T.);
#7621=ORIENTED_EDGE('',*,*,#5864,.T.);
#7622=ORIENTED_EDGE('',*,*,#5832,.T.);
#7623=ORIENTED_EDGE('',*,*,#5865,.T.);
#7624=ORIENTED_EDGE('',*,*,#5831,.F.);
#7625=ORIENTED_EDGE('',*,*,#5845,.T.);
#7626=ORIENTED_EDGE('',*,*,#5866,.T.);
#7627=ORIENTED_EDGE('',*,*,#5865,.F.);
#7628=ORIENTED_EDGE('',*,*,#5867,.T.);
#7629=ORIENTED_EDGE('',*,*,#5868,.T.);
#7630=ORIENTED_EDGE('',*,*,#5848,.F.);
#7631=ORIENTED_EDGE('',*,*,#5869,.F.);
#7632=ORIENTED_EDGE('',*,*,#5870,.F.);
#7633=ORIENTED_EDGE('',*,*,#5869,.T.);
#7634=ORIENTED_EDGE('',*,*,#5847,.T.);
#7635=ORIENTED_EDGE('',*,*,#5871,.T.);
#7636=ORIENTED_EDGE('',*,*,#5872,.F.);
#7637=ORIENTED_EDGE('',*,*,#5873,.T.);
#7638=ORIENTED_EDGE('',*,*,#5874,.T.);
#7639=ORIENTED_EDGE('',*,*,#5875,.F.);
#7640=ORIENTED_EDGE('',*,*,#5876,.T.);
#7641=ORIENTED_EDGE('',*,*,#5877,.F.);
#7642=ORIENTED_EDGE('',*,*,#5878,.F.);
#7643=ORIENTED_EDGE('',*,*,#5879,.T.);
#7644=ORIENTED_EDGE('',*,*,#5880,.F.);
#7645=ORIENTED_EDGE('',*,*,#5881,.T.);
#7646=ORIENTED_EDGE('',*,*,#5882,.T.);
#7647=ORIENTED_EDGE('',*,*,#5883,.F.);
#7648=ORIENTED_EDGE('',*,*,#5884,.T.);
#7649=ORIENTED_EDGE('',*,*,#5885,.T.);
#7650=ORIENTED_EDGE('',*,*,#5886,.T.);
#7651=ORIENTED_EDGE('',*,*,#5887,.F.);
#7652=ORIENTED_EDGE('',*,*,#5888,.F.);
#7653=ORIENTED_EDGE('',*,*,#5873,.F.);
#7654=ORIENTED_EDGE('',*,*,#5889,.F.);
#7655=ORIENTED_EDGE('',*,*,#5890,.F.);
#7656=ORIENTED_EDGE('',*,*,#5891,.T.);
#7657=ORIENTED_EDGE('',*,*,#5892,.F.);
#7658=ORIENTED_EDGE('',*,*,#5893,.T.);
#7659=ORIENTED_EDGE('',*,*,#5894,.T.);
#7660=ORIENTED_EDGE('',*,*,#5895,.F.);
#7661=ORIENTED_EDGE('',*,*,#5896,.T.);
#7662=ORIENTED_EDGE('',*,*,#5897,.T.);
#7663=ORIENTED_EDGE('',*,*,#5876,.F.);
#7664=ORIENTED_EDGE('',*,*,#5898,.F.);
#7665=ORIENTED_EDGE('',*,*,#5899,.F.);
#7666=ORIENTED_EDGE('',*,*,#5898,.T.);
#7667=ORIENTED_EDGE('',*,*,#5879,.F.);
#7668=ORIENTED_EDGE('',*,*,#5900,.F.);
#7669=ORIENTED_EDGE('',*,*,#5881,.F.);
#7670=ORIENTED_EDGE('',*,*,#5901,.F.);
#7671=ORIENTED_EDGE('',*,*,#5902,.F.);
#7672=ORIENTED_EDGE('',*,*,#5903,.F.);
#7673=ORIENTED_EDGE('',*,*,#5901,.T.);
#7674=ORIENTED_EDGE('',*,*,#5880,.T.);
#7675=ORIENTED_EDGE('',*,*,#5904,.F.);
#7676=ORIENTED_EDGE('',*,*,#5905,.T.);
#7677=ORIENTED_EDGE('',*,*,#5904,.T.);
#7678=ORIENTED_EDGE('',*,*,#5883,.T.);
#7679=ORIENTED_EDGE('',*,*,#5906,.T.);
#7680=ORIENTED_EDGE('',*,*,#5887,.T.);
#7681=ORIENTED_EDGE('',*,*,#5907,.T.);
#7682=ORIENTED_EDGE('',*,*,#5875,.T.);
#7683=ORIENTED_EDGE('',*,*,#5908,.T.);
#7684=ORIENTED_EDGE('',*,*,#5874,.F.);
#7685=ORIENTED_EDGE('',*,*,#5888,.T.);
#7686=ORIENTED_EDGE('',*,*,#5909,.T.);
#7687=ORIENTED_EDGE('',*,*,#5908,.F.);
#7688=ORIENTED_EDGE('',*,*,#5910,.T.);
#7689=ORIENTED_EDGE('',*,*,#5911,.T.);
#7690=ORIENTED_EDGE('',*,*,#5891,.F.);
#7691=ORIENTED_EDGE('',*,*,#5912,.F.);
#7692=ORIENTED_EDGE('',*,*,#5913,.F.);
#7693=ORIENTED_EDGE('',*,*,#5912,.T.);
#7694=ORIENTED_EDGE('',*,*,#5890,.T.);
#7695=ORIENTED_EDGE('',*,*,#5914,.T.);
#7696=ORIENTED_EDGE('',*,*,#5915,.F.);
#7697=ORIENTED_EDGE('',*,*,#5916,.T.);
#7698=ORIENTED_EDGE('',*,*,#5917,.T.);
#7699=ORIENTED_EDGE('',*,*,#5918,.F.);
#7700=ORIENTED_EDGE('',*,*,#5919,.T.);
#7701=ORIENTED_EDGE('',*,*,#5920,.F.);
#7702=ORIENTED_EDGE('',*,*,#5921,.F.);
#7703=ORIENTED_EDGE('',*,*,#5922,.T.);
#7704=ORIENTED_EDGE('',*,*,#5923,.F.);
#7705=ORIENTED_EDGE('',*,*,#5924,.T.);
#7706=ORIENTED_EDGE('',*,*,#5925,.T.);
#7707=ORIENTED_EDGE('',*,*,#5926,.F.);
#7708=ORIENTED_EDGE('',*,*,#5927,.T.);
#7709=ORIENTED_EDGE('',*,*,#5928,.T.);
#7710=ORIENTED_EDGE('',*,*,#5929,.T.);
#7711=ORIENTED_EDGE('',*,*,#5930,.F.);
#7712=ORIENTED_EDGE('',*,*,#5931,.F.);
#7713=ORIENTED_EDGE('',*,*,#5916,.F.);
#7714=ORIENTED_EDGE('',*,*,#5932,.F.);
#7715=ORIENTED_EDGE('',*,*,#5933,.F.);
#7716=ORIENTED_EDGE('',*,*,#5934,.T.);
#7717=ORIENTED_EDGE('',*,*,#5935,.F.);
#7718=ORIENTED_EDGE('',*,*,#5936,.T.);
#7719=ORIENTED_EDGE('',*,*,#5937,.T.);
#7720=ORIENTED_EDGE('',*,*,#5938,.F.);
#7721=ORIENTED_EDGE('',*,*,#5939,.T.);
#7722=ORIENTED_EDGE('',*,*,#5940,.T.);
#7723=ORIENTED_EDGE('',*,*,#5919,.F.);
#7724=ORIENTED_EDGE('',*,*,#5941,.F.);
#7725=ORIENTED_EDGE('',*,*,#5942,.F.);
#7726=ORIENTED_EDGE('',*,*,#5941,.T.);
#7727=ORIENTED_EDGE('',*,*,#5922,.F.);
#7728=ORIENTED_EDGE('',*,*,#5943,.F.);
#7729=ORIENTED_EDGE('',*,*,#5924,.F.);
#7730=ORIENTED_EDGE('',*,*,#5944,.F.);
#7731=ORIENTED_EDGE('',*,*,#5945,.F.);
#7732=ORIENTED_EDGE('',*,*,#5946,.F.);
#7733=ORIENTED_EDGE('',*,*,#5944,.T.);
#7734=ORIENTED_EDGE('',*,*,#5923,.T.);
#7735=ORIENTED_EDGE('',*,*,#5947,.F.);
#7736=ORIENTED_EDGE('',*,*,#5948,.T.);
#7737=ORIENTED_EDGE('',*,*,#5947,.T.);
#7738=ORIENTED_EDGE('',*,*,#5926,.T.);
#7739=ORIENTED_EDGE('',*,*,#5949,.T.);
#7740=ORIENTED_EDGE('',*,*,#5930,.T.);
#7741=ORIENTED_EDGE('',*,*,#5950,.T.);
#7742=ORIENTED_EDGE('',*,*,#5918,.T.);
#7743=ORIENTED_EDGE('',*,*,#5951,.T.);
#7744=ORIENTED_EDGE('',*,*,#5917,.F.);
#7745=ORIENTED_EDGE('',*,*,#5931,.T.);
#7746=ORIENTED_EDGE('',*,*,#5952,.T.);
#7747=ORIENTED_EDGE('',*,*,#5951,.F.);
#7748=ORIENTED_EDGE('',*,*,#5953,.T.);
#7749=ORIENTED_EDGE('',*,*,#5954,.T.);
#7750=ORIENTED_EDGE('',*,*,#5934,.F.);
#7751=ORIENTED_EDGE('',*,*,#5955,.F.);
#7752=ORIENTED_EDGE('',*,*,#5956,.F.);
#7753=ORIENTED_EDGE('',*,*,#5955,.T.);
#7754=ORIENTED_EDGE('',*,*,#5933,.T.);
#7755=ORIENTED_EDGE('',*,*,#5957,.T.);
#7756=ORIENTED_EDGE('',*,*,#5958,.F.);
#7757=ORIENTED_EDGE('',*,*,#5959,.T.);
#7758=ORIENTED_EDGE('',*,*,#5960,.T.);
#7759=ORIENTED_EDGE('',*,*,#5961,.F.);
#7760=ORIENTED_EDGE('',*,*,#5962,.T.);
#7761=ORIENTED_EDGE('',*,*,#5963,.F.);
#7762=ORIENTED_EDGE('',*,*,#5964,.F.);
#7763=ORIENTED_EDGE('',*,*,#5965,.T.);
#7764=ORIENTED_EDGE('',*,*,#5966,.F.);
#7765=ORIENTED_EDGE('',*,*,#5967,.T.);
#7766=ORIENTED_EDGE('',*,*,#5968,.T.);
#7767=ORIENTED_EDGE('',*,*,#5969,.F.);
#7768=ORIENTED_EDGE('',*,*,#5970,.T.);
#7769=ORIENTED_EDGE('',*,*,#5971,.T.);
#7770=ORIENTED_EDGE('',*,*,#5972,.T.);
#7771=ORIENTED_EDGE('',*,*,#5973,.F.);
#7772=ORIENTED_EDGE('',*,*,#5974,.F.);
#7773=ORIENTED_EDGE('',*,*,#5959,.F.);
#7774=ORIENTED_EDGE('',*,*,#5975,.F.);
#7775=ORIENTED_EDGE('',*,*,#5976,.F.);
#7776=ORIENTED_EDGE('',*,*,#5977,.T.);
#7777=ORIENTED_EDGE('',*,*,#5978,.F.);
#7778=ORIENTED_EDGE('',*,*,#5979,.T.);
#7779=ORIENTED_EDGE('',*,*,#5980,.T.);
#7780=ORIENTED_EDGE('',*,*,#5981,.F.);
#7781=ORIENTED_EDGE('',*,*,#5982,.T.);
#7782=ORIENTED_EDGE('',*,*,#5983,.T.);
#7783=ORIENTED_EDGE('',*,*,#5962,.F.);
#7784=ORIENTED_EDGE('',*,*,#5984,.F.);
#7785=ORIENTED_EDGE('',*,*,#5985,.F.);
#7786=ORIENTED_EDGE('',*,*,#5984,.T.);
#7787=ORIENTED_EDGE('',*,*,#5965,.F.);
#7788=ORIENTED_EDGE('',*,*,#5986,.F.);
#7789=ORIENTED_EDGE('',*,*,#5967,.F.);
#7790=ORIENTED_EDGE('',*,*,#5987,.F.);
#7791=ORIENTED_EDGE('',*,*,#5988,.F.);
#7792=ORIENTED_EDGE('',*,*,#5989,.F.);
#7793=ORIENTED_EDGE('',*,*,#5987,.T.);
#7794=ORIENTED_EDGE('',*,*,#5966,.T.);
#7795=ORIENTED_EDGE('',*,*,#5990,.F.);
#7796=ORIENTED_EDGE('',*,*,#5991,.T.);
#7797=ORIENTED_EDGE('',*,*,#5990,.T.);
#7798=ORIENTED_EDGE('',*,*,#5969,.T.);
#7799=ORIENTED_EDGE('',*,*,#5992,.T.);
#7800=ORIENTED_EDGE('',*,*,#5973,.T.);
#7801=ORIENTED_EDGE('',*,*,#5993,.T.);
#7802=ORIENTED_EDGE('',*,*,#5961,.T.);
#7803=ORIENTED_EDGE('',*,*,#5994,.T.);
#7804=ORIENTED_EDGE('',*,*,#5960,.F.);
#7805=ORIENTED_EDGE('',*,*,#5974,.T.);
#7806=ORIENTED_EDGE('',*,*,#5995,.T.);
#7807=ORIENTED_EDGE('',*,*,#5994,.F.);
#7808=ORIENTED_EDGE('',*,*,#5996,.T.);
#7809=ORIENTED_EDGE('',*,*,#5997,.T.);
#7810=ORIENTED_EDGE('',*,*,#5977,.F.);
#7811=ORIENTED_EDGE('',*,*,#5998,.F.);
#7812=ORIENTED_EDGE('',*,*,#5999,.F.);
#7813=ORIENTED_EDGE('',*,*,#5998,.T.);
#7814=ORIENTED_EDGE('',*,*,#5976,.T.);
#7815=ORIENTED_EDGE('',*,*,#6000,.T.);
#7816=ORIENTED_EDGE('',*,*,#6001,.F.);
#7817=ORIENTED_EDGE('',*,*,#6002,.T.);
#7818=ORIENTED_EDGE('',*,*,#6003,.T.);
#7819=ORIENTED_EDGE('',*,*,#6004,.F.);
#7820=ORIENTED_EDGE('',*,*,#6005,.T.);
#7821=ORIENTED_EDGE('',*,*,#6006,.F.);
#7822=ORIENTED_EDGE('',*,*,#6007,.F.);
#7823=ORIENTED_EDGE('',*,*,#6008,.T.);
#7824=ORIENTED_EDGE('',*,*,#6009,.F.);
#7825=ORIENTED_EDGE('',*,*,#6010,.T.);
#7826=ORIENTED_EDGE('',*,*,#6011,.T.);
#7827=ORIENTED_EDGE('',*,*,#6012,.F.);
#7828=ORIENTED_EDGE('',*,*,#6013,.T.);
#7829=ORIENTED_EDGE('',*,*,#6014,.T.);
#7830=ORIENTED_EDGE('',*,*,#6015,.T.);
#7831=ORIENTED_EDGE('',*,*,#6016,.F.);
#7832=ORIENTED_EDGE('',*,*,#6017,.F.);
#7833=ORIENTED_EDGE('',*,*,#6002,.F.);
#7834=ORIENTED_EDGE('',*,*,#6018,.F.);
#7835=ORIENTED_EDGE('',*,*,#6019,.F.);
#7836=ORIENTED_EDGE('',*,*,#6020,.T.);
#7837=ORIENTED_EDGE('',*,*,#6021,.F.);
#7838=ORIENTED_EDGE('',*,*,#6022,.T.);
#7839=ORIENTED_EDGE('',*,*,#6005,.F.);
#7840=ORIENTED_EDGE('',*,*,#6023,.F.);
#7841=ORIENTED_EDGE('',*,*,#6024,.F.);
#7842=ORIENTED_EDGE('',*,*,#6023,.T.);
#7843=ORIENTED_EDGE('',*,*,#6008,.F.);
#7844=ORIENTED_EDGE('',*,*,#6025,.F.);
#7845=ORIENTED_EDGE('',*,*,#6010,.F.);
#7846=ORIENTED_EDGE('',*,*,#6026,.F.);
#7847=ORIENTED_EDGE('',*,*,#6027,.F.);
#7848=ORIENTED_EDGE('',*,*,#6028,.F.);
#7849=ORIENTED_EDGE('',*,*,#6026,.T.);
#7850=ORIENTED_EDGE('',*,*,#6009,.T.);
#7851=ORIENTED_EDGE('',*,*,#6029,.F.);
#7852=ORIENTED_EDGE('',*,*,#6030,.T.);
#7853=ORIENTED_EDGE('',*,*,#6029,.T.);
#7854=ORIENTED_EDGE('',*,*,#6012,.T.);
#7855=ORIENTED_EDGE('',*,*,#6031,.T.);
#7856=ORIENTED_EDGE('',*,*,#6016,.T.);
#7857=ORIENTED_EDGE('',*,*,#6032,.T.);
#7858=ORIENTED_EDGE('',*,*,#6004,.T.);
#7859=ORIENTED_EDGE('',*,*,#6033,.T.);
#7860=ORIENTED_EDGE('',*,*,#6003,.F.);
#7861=ORIENTED_EDGE('',*,*,#6017,.T.);
#7862=ORIENTED_EDGE('',*,*,#6034,.T.);
#7863=ORIENTED_EDGE('',*,*,#6033,.F.);
#7864=ORIENTED_EDGE('',*,*,#6035,.T.);
#7865=ORIENTED_EDGE('',*,*,#6036,.T.);
#7866=ORIENTED_EDGE('',*,*,#6020,.F.);
#7867=ORIENTED_EDGE('',*,*,#6037,.F.);
#7868=ORIENTED_EDGE('',*,*,#6038,.F.);
#7869=ORIENTED_EDGE('',*,*,#6037,.T.);
#7870=ORIENTED_EDGE('',*,*,#6019,.T.);
#7871=ORIENTED_EDGE('',*,*,#6039,.T.);
#7872=ORIENTED_EDGE('',*,*,#6040,.T.);
#7873=ORIENTED_EDGE('',*,*,#6041,.T.);
#7874=ORIENTED_EDGE('',*,*,#6042,.F.);
#7875=ORIENTED_EDGE('',*,*,#6043,.T.);
#7876=ORIENTED_EDGE('',*,*,#6044,.F.);
#7877=ORIENTED_EDGE('',*,*,#6045,.T.);
#7878=ORIENTED_EDGE('',*,*,#6046,.T.);
#7879=ORIENTED_EDGE('',*,*,#6047,.F.);
#7880=ORIENTED_EDGE('',*,*,#6046,.F.);
#7881=ORIENTED_EDGE('',*,*,#6048,.T.);
#7882=ORIENTED_EDGE('',*,*,#6049,.T.);
#7883=ORIENTED_EDGE('',*,*,#6050,.F.);
#7884=ORIENTED_EDGE('',*,*,#6051,.F.);
#7885=ORIENTED_EDGE('',*,*,#6052,.T.);
#7886=ORIENTED_EDGE('',*,*,#6044,.T.);
#7887=ORIENTED_EDGE('',*,*,#6053,.F.);
#7888=ORIENTED_EDGE('',*,*,#6054,.F.);
#7889=ORIENTED_EDGE('',*,*,#6055,.T.);
#7890=ORIENTED_EDGE('',*,*,#6056,.T.);
#7891=ORIENTED_EDGE('',*,*,#6057,.F.);
#7892=ORIENTED_EDGE('',*,*,#6056,.F.);
#7893=ORIENTED_EDGE('',*,*,#6058,.T.);
#7894=ORIENTED_EDGE('',*,*,#6059,.T.);
#7895=ORIENTED_EDGE('',*,*,#6060,.F.);
#7896=ORIENTED_EDGE('',*,*,#6061,.F.);
#7897=ORIENTED_EDGE('',*,*,#6062,.T.);
#7898=ORIENTED_EDGE('',*,*,#6054,.T.);
#7899=ORIENTED_EDGE('',*,*,#6063,.F.);
#7900=ORIENTED_EDGE('',*,*,#6064,.T.);
#7901=ORIENTED_EDGE('',*,*,#6065,.F.);
#7902=ORIENTED_EDGE('',*,*,#6058,.F.);
#7903=ORIENTED_EDGE('',*,*,#6055,.F.);
#7904=ORIENTED_EDGE('',*,*,#6062,.F.);
#7905=ORIENTED_EDGE('',*,*,#6066,.F.);
#7906=ORIENTED_EDGE('',*,*,#6067,.F.);
#7907=ORIENTED_EDGE('',*,*,#6068,.T.);
#7908=ORIENTED_EDGE('',*,*,#6069,.F.);
#7909=ORIENTED_EDGE('',*,*,#6064,.F.);
#7910=ORIENTED_EDGE('',*,*,#6070,.F.);
#7911=ORIENTED_EDGE('',*,*,#6071,.T.);
#7912=ORIENTED_EDGE('',*,*,#6072,.T.);
#7913=ORIENTED_EDGE('',*,*,#6073,.F.);
#7914=ORIENTED_EDGE('',*,*,#6072,.F.);
#7915=ORIENTED_EDGE('',*,*,#6074,.T.);
#7916=ORIENTED_EDGE('',*,*,#6075,.T.);
#7917=ORIENTED_EDGE('',*,*,#6076,.F.);
#7918=ORIENTED_EDGE('',*,*,#6077,.F.);
#7919=ORIENTED_EDGE('',*,*,#6078,.T.);
#7920=ORIENTED_EDGE('',*,*,#6070,.T.);
#7921=ORIENTED_EDGE('',*,*,#6079,.F.);
#7922=ORIENTED_EDGE('',*,*,#6080,.T.);
#7923=ORIENTED_EDGE('',*,*,#6081,.F.);
#7924=ORIENTED_EDGE('',*,*,#6074,.F.);
#7925=ORIENTED_EDGE('',*,*,#6071,.F.);
#7926=ORIENTED_EDGE('',*,*,#6078,.F.);
#7927=ORIENTED_EDGE('',*,*,#6082,.F.);
#7928=ORIENTED_EDGE('',*,*,#6083,.F.);
#7929=ORIENTED_EDGE('',*,*,#6084,.T.);
#7930=ORIENTED_EDGE('',*,*,#6085,.F.);
#7931=ORIENTED_EDGE('',*,*,#6080,.F.);
#7932=ORIENTED_EDGE('',*,*,#6086,.F.);
#7933=ORIENTED_EDGE('',*,*,#6087,.T.);
#7934=ORIENTED_EDGE('',*,*,#6088,.T.);
#7935=ORIENTED_EDGE('',*,*,#6089,.F.);
#7936=ORIENTED_EDGE('',*,*,#6088,.F.);
#7937=ORIENTED_EDGE('',*,*,#6090,.T.);
#7938=ORIENTED_EDGE('',*,*,#6091,.T.);
#7939=ORIENTED_EDGE('',*,*,#6092,.F.);
#7940=ORIENTED_EDGE('',*,*,#6093,.F.);
#7941=ORIENTED_EDGE('',*,*,#6094,.T.);
#7942=ORIENTED_EDGE('',*,*,#6086,.T.);
#7943=ORIENTED_EDGE('',*,*,#6095,.F.);
#7944=ORIENTED_EDGE('',*,*,#6096,.T.);
#7945=ORIENTED_EDGE('',*,*,#6097,.F.);
#7946=ORIENTED_EDGE('',*,*,#6090,.F.);
#7947=ORIENTED_EDGE('',*,*,#6087,.F.);
#7948=ORIENTED_EDGE('',*,*,#6094,.F.);
#7949=ORIENTED_EDGE('',*,*,#6098,.F.);
#7950=ORIENTED_EDGE('',*,*,#6099,.F.);
#7951=ORIENTED_EDGE('',*,*,#6100,.T.);
#7952=ORIENTED_EDGE('',*,*,#6101,.F.);
#7953=ORIENTED_EDGE('',*,*,#6096,.F.);
#7954=ORIENTED_EDGE('',*,*,#6102,.F.);
#7955=ORIENTED_EDGE('',*,*,#6103,.T.);
#7956=ORIENTED_EDGE('',*,*,#6104,.T.);
#7957=ORIENTED_EDGE('',*,*,#6105,.F.);
#7958=ORIENTED_EDGE('',*,*,#6104,.F.);
#7959=ORIENTED_EDGE('',*,*,#6106,.T.);
#7960=ORIENTED_EDGE('',*,*,#6107,.T.);
#7961=ORIENTED_EDGE('',*,*,#6108,.F.);
#7962=ORIENTED_EDGE('',*,*,#6109,.F.);
#7963=ORIENTED_EDGE('',*,*,#6110,.T.);
#7964=ORIENTED_EDGE('',*,*,#6102,.T.);
#7965=ORIENTED_EDGE('',*,*,#6111,.F.);
#7966=ORIENTED_EDGE('',*,*,#6112,.T.);
#7967=ORIENTED_EDGE('',*,*,#6113,.F.);
#7968=ORIENTED_EDGE('',*,*,#6106,.F.);
#7969=ORIENTED_EDGE('',*,*,#6103,.F.);
#7970=ORIENTED_EDGE('',*,*,#6110,.F.);
#7971=ORIENTED_EDGE('',*,*,#6114,.F.);
#7972=ORIENTED_EDGE('',*,*,#6115,.F.);
#7973=ORIENTED_EDGE('',*,*,#6116,.T.);
#7974=ORIENTED_EDGE('',*,*,#6117,.F.);
#7975=ORIENTED_EDGE('',*,*,#6112,.F.);
#7976=ORIENTED_EDGE('',*,*,#6118,.F.);
#7977=ORIENTED_EDGE('',*,*,#6119,.T.);
#7978=ORIENTED_EDGE('',*,*,#6120,.T.);
#7979=ORIENTED_EDGE('',*,*,#6121,.F.);
#7980=ORIENTED_EDGE('',*,*,#6122,.F.);
#7981=ORIENTED_EDGE('',*,*,#6123,.T.);
#7982=ORIENTED_EDGE('',*,*,#6118,.T.);
#7983=ORIENTED_EDGE('',*,*,#6124,.F.);
#7984=ORIENTED_EDGE('',*,*,#6125,.F.);
#7985=ORIENTED_EDGE('',*,*,#6126,.T.);
#7986=ORIENTED_EDGE('',*,*,#6122,.T.);
#7987=ORIENTED_EDGE('',*,*,#6127,.F.);
#7988=ORIENTED_EDGE('',*,*,#5799,.F.);
#7989=ORIENTED_EDGE('',*,*,#6128,.F.);
#7990=ORIENTED_EDGE('',*,*,#6120,.F.);
#7991=ORIENTED_EDGE('',*,*,#6129,.T.);
#7992=ORIENTED_EDGE('',*,*,#6125,.T.);
#7993=ORIENTED_EDGE('',*,*,#6130,.F.);
#7994=ORIENTED_EDGE('',*,*,#6131,.F.);
#7995=ORIENTED_EDGE('',*,*,#6132,.T.);
#7996=ORIENTED_EDGE('',*,*,#6133,.T.);
#7997=ORIENTED_EDGE('',*,*,#6134,.F.);
#7998=ORIENTED_EDGE('',*,*,#6135,.F.);
#7999=ORIENTED_EDGE('',*,*,#6136,.T.);
#8000=ORIENTED_EDGE('',*,*,#6131,.T.);
#8001=ORIENTED_EDGE('',*,*,#6137,.F.);
#8002=ORIENTED_EDGE('',*,*,#6138,.F.);
#8003=ORIENTED_EDGE('',*,*,#6139,.T.);
#8004=ORIENTED_EDGE('',*,*,#6135,.T.);
#8005=ORIENTED_EDGE('',*,*,#6140,.F.);
#8006=ORIENTED_EDGE('',*,*,#5756,.F.);
#8007=ORIENTED_EDGE('',*,*,#6141,.F.);
#8008=ORIENTED_EDGE('',*,*,#6133,.F.);
#8009=ORIENTED_EDGE('',*,*,#6142,.T.);
#8010=ORIENTED_EDGE('',*,*,#6138,.T.);
#8011=ORIENTED_EDGE('',*,*,#6143,.F.);
#8012=ORIENTED_EDGE('',*,*,#6144,.F.);
#8013=ORIENTED_EDGE('',*,*,#6145,.T.);
#8014=ORIENTED_EDGE('',*,*,#6146,.T.);
#8015=ORIENTED_EDGE('',*,*,#6147,.F.);
#8016=ORIENTED_EDGE('',*,*,#6148,.F.);
#8017=ORIENTED_EDGE('',*,*,#6149,.T.);
#8018=ORIENTED_EDGE('',*,*,#6144,.T.);
#8019=ORIENTED_EDGE('',*,*,#6150,.F.);
#8020=ORIENTED_EDGE('',*,*,#6151,.F.);
#8021=ORIENTED_EDGE('',*,*,#6152,.T.);
#8022=ORIENTED_EDGE('',*,*,#6148,.T.);
#8023=ORIENTED_EDGE('',*,*,#6153,.F.);
#8024=ORIENTED_EDGE('',*,*,#5842,.F.);
#8025=ORIENTED_EDGE('',*,*,#6154,.F.);
#8026=ORIENTED_EDGE('',*,*,#6146,.F.);
#8027=ORIENTED_EDGE('',*,*,#6155,.T.);
#8028=ORIENTED_EDGE('',*,*,#6151,.T.);
#8029=ORIENTED_EDGE('',*,*,#6156,.F.);
#8030=ORIENTED_EDGE('',*,*,#6157,.F.);
#8031=ORIENTED_EDGE('',*,*,#6158,.T.);
#8032=ORIENTED_EDGE('',*,*,#6159,.T.);
#8033=ORIENTED_EDGE('',*,*,#6160,.F.);
#8034=ORIENTED_EDGE('',*,*,#6161,.F.);
#8035=ORIENTED_EDGE('',*,*,#6162,.T.);
#8036=ORIENTED_EDGE('',*,*,#6157,.T.);
#8037=ORIENTED_EDGE('',*,*,#6163,.F.);
#8038=ORIENTED_EDGE('',*,*,#6164,.F.);
#8039=ORIENTED_EDGE('',*,*,#6165,.T.);
#8040=ORIENTED_EDGE('',*,*,#6161,.T.);
#8041=ORIENTED_EDGE('',*,*,#6166,.F.);
#8042=ORIENTED_EDGE('',*,*,#5885,.F.);
#8043=ORIENTED_EDGE('',*,*,#6167,.F.);
#8044=ORIENTED_EDGE('',*,*,#6159,.F.);
#8045=ORIENTED_EDGE('',*,*,#6168,.T.);
#8046=ORIENTED_EDGE('',*,*,#6164,.T.);
#8047=ORIENTED_EDGE('',*,*,#6169,.F.);
#8048=ORIENTED_EDGE('',*,*,#6170,.F.);
#8049=ORIENTED_EDGE('',*,*,#6171,.T.);
#8050=ORIENTED_EDGE('',*,*,#6172,.T.);
#8051=ORIENTED_EDGE('',*,*,#6173,.F.);
#8052=ORIENTED_EDGE('',*,*,#6174,.F.);
#8053=ORIENTED_EDGE('',*,*,#6175,.T.);
#8054=ORIENTED_EDGE('',*,*,#6170,.T.);
#8055=ORIENTED_EDGE('',*,*,#6176,.F.);
#8056=ORIENTED_EDGE('',*,*,#6177,.F.);
#8057=ORIENTED_EDGE('',*,*,#6178,.T.);
#8058=ORIENTED_EDGE('',*,*,#6174,.T.);
#8059=ORIENTED_EDGE('',*,*,#6179,.F.);
#8060=ORIENTED_EDGE('',*,*,#5713,.F.);
#8061=ORIENTED_EDGE('',*,*,#6180,.F.);
#8062=ORIENTED_EDGE('',*,*,#6172,.F.);
#8063=ORIENTED_EDGE('',*,*,#6181,.T.);
#8064=ORIENTED_EDGE('',*,*,#6177,.T.);
#8065=ORIENTED_EDGE('',*,*,#6182,.F.);
#8066=ORIENTED_EDGE('',*,*,#6183,.F.);
#8067=ORIENTED_EDGE('',*,*,#6184,.T.);
#8068=ORIENTED_EDGE('',*,*,#6185,.T.);
#8069=ORIENTED_EDGE('',*,*,#6186,.F.);
#8070=ORIENTED_EDGE('',*,*,#6187,.F.);
#8071=ORIENTED_EDGE('',*,*,#6188,.T.);
#8072=ORIENTED_EDGE('',*,*,#6183,.T.);
#8073=ORIENTED_EDGE('',*,*,#6189,.F.);
#8074=ORIENTED_EDGE('',*,*,#6190,.F.);
#8075=ORIENTED_EDGE('',*,*,#6191,.T.);
#8076=ORIENTED_EDGE('',*,*,#6187,.T.);
#8077=ORIENTED_EDGE('',*,*,#6192,.F.);
#8078=ORIENTED_EDGE('',*,*,#5670,.F.);
#8079=ORIENTED_EDGE('',*,*,#6193,.F.);
#8080=ORIENTED_EDGE('',*,*,#6185,.F.);
#8081=ORIENTED_EDGE('',*,*,#6194,.T.);
#8082=ORIENTED_EDGE('',*,*,#6190,.T.);
#8083=ORIENTED_EDGE('',*,*,#6195,.F.);
#8084=ORIENTED_EDGE('',*,*,#6196,.F.);
#8085=ORIENTED_EDGE('',*,*,#6197,.T.);
#8086=ORIENTED_EDGE('',*,*,#6198,.T.);
#8087=ORIENTED_EDGE('',*,*,#6199,.F.);
#8088=ORIENTED_EDGE('',*,*,#6200,.F.);
#8089=ORIENTED_EDGE('',*,*,#6201,.T.);
#8090=ORIENTED_EDGE('',*,*,#6196,.T.);
#8091=ORIENTED_EDGE('',*,*,#6202,.F.);
#8092=ORIENTED_EDGE('',*,*,#6203,.F.);
#8093=ORIENTED_EDGE('',*,*,#6204,.T.);
#8094=ORIENTED_EDGE('',*,*,#6200,.T.);
#8095=ORIENTED_EDGE('',*,*,#6205,.F.);
#8096=ORIENTED_EDGE('',*,*,#5627,.F.);
#8097=ORIENTED_EDGE('',*,*,#6206,.F.);
#8098=ORIENTED_EDGE('',*,*,#6198,.F.);
#8099=ORIENTED_EDGE('',*,*,#6207,.T.);
#8100=ORIENTED_EDGE('',*,*,#6203,.T.);
#8101=ORIENTED_EDGE('',*,*,#6208,.F.);
#8102=ORIENTED_EDGE('',*,*,#6209,.F.);
#8103=ORIENTED_EDGE('',*,*,#6210,.T.);
#8104=ORIENTED_EDGE('',*,*,#6211,.T.);
#8105=ORIENTED_EDGE('',*,*,#6212,.F.);
#8106=ORIENTED_EDGE('',*,*,#6213,.F.);
#8107=ORIENTED_EDGE('',*,*,#6214,.T.);
#8108=ORIENTED_EDGE('',*,*,#6209,.T.);
#8109=ORIENTED_EDGE('',*,*,#6215,.F.);
#8110=ORIENTED_EDGE('',*,*,#6216,.F.);
#8111=ORIENTED_EDGE('',*,*,#6217,.T.);
#8112=ORIENTED_EDGE('',*,*,#6213,.T.);
#8113=ORIENTED_EDGE('',*,*,#6218,.F.);
#8114=ORIENTED_EDGE('',*,*,#5928,.F.);
#8115=ORIENTED_EDGE('',*,*,#6219,.F.);
#8116=ORIENTED_EDGE('',*,*,#6211,.F.);
#8117=ORIENTED_EDGE('',*,*,#6220,.T.);
#8118=ORIENTED_EDGE('',*,*,#6216,.T.);
#8119=ORIENTED_EDGE('',*,*,#6221,.F.);
#8120=ORIENTED_EDGE('',*,*,#6222,.F.);
#8121=ORIENTED_EDGE('',*,*,#6223,.T.);
#8122=ORIENTED_EDGE('',*,*,#6224,.T.);
#8123=ORIENTED_EDGE('',*,*,#6225,.F.);
#8124=ORIENTED_EDGE('',*,*,#6226,.F.);
#8125=ORIENTED_EDGE('',*,*,#6227,.T.);
#8126=ORIENTED_EDGE('',*,*,#6222,.T.);
#8127=ORIENTED_EDGE('',*,*,#6228,.F.);
#8128=ORIENTED_EDGE('',*,*,#6229,.F.);
#8129=ORIENTED_EDGE('',*,*,#6230,.T.);
#8130=ORIENTED_EDGE('',*,*,#6226,.T.);
#8131=ORIENTED_EDGE('',*,*,#6231,.F.);
#8132=ORIENTED_EDGE('',*,*,#5971,.F.);
#8133=ORIENTED_EDGE('',*,*,#6232,.F.);
#8134=ORIENTED_EDGE('',*,*,#6224,.F.);
#8135=ORIENTED_EDGE('',*,*,#6233,.T.);
#8136=ORIENTED_EDGE('',*,*,#6229,.T.);
#8137=ORIENTED_EDGE('',*,*,#6234,.F.);
#8138=ORIENTED_EDGE('',*,*,#6235,.F.);
#8139=ORIENTED_EDGE('',*,*,#6236,.T.);
#8140=ORIENTED_EDGE('',*,*,#6237,.T.);
#8141=ORIENTED_EDGE('',*,*,#6238,.F.);
#8142=ORIENTED_EDGE('',*,*,#6239,.F.);
#8143=ORIENTED_EDGE('',*,*,#6240,.T.);
#8144=ORIENTED_EDGE('',*,*,#6235,.T.);
#8145=ORIENTED_EDGE('',*,*,#6241,.F.);
#8146=ORIENTED_EDGE('',*,*,#6242,.F.);
#8147=ORIENTED_EDGE('',*,*,#6243,.T.);
#8148=ORIENTED_EDGE('',*,*,#6239,.T.);
#8149=ORIENTED_EDGE('',*,*,#6244,.F.);
#8150=ORIENTED_EDGE('',*,*,#6014,.F.);
#8151=ORIENTED_EDGE('',*,*,#6245,.F.);
#8152=ORIENTED_EDGE('',*,*,#6237,.F.);
#8153=ORIENTED_EDGE('',*,*,#6246,.T.);
#8154=ORIENTED_EDGE('',*,*,#6242,.T.);
#8155=ORIENTED_EDGE('',*,*,#6247,.F.);
#8156=ORIENTED_EDGE('',*,*,#6248,.F.);
#8157=ORIENTED_EDGE('',*,*,#6249,.T.);
#8158=ORIENTED_EDGE('',*,*,#6250,.T.);
#8159=ORIENTED_EDGE('',*,*,#6251,.F.);
#8160=ORIENTED_EDGE('',*,*,#6250,.F.);
#8161=ORIENTED_EDGE('',*,*,#6252,.T.);
#8162=ORIENTED_EDGE('',*,*,#6253,.T.);
#8163=ORIENTED_EDGE('',*,*,#6254,.F.);
#8164=ORIENTED_EDGE('',*,*,#6255,.F.);
#8165=ORIENTED_EDGE('',*,*,#6256,.T.);
#8166=ORIENTED_EDGE('',*,*,#6248,.T.);
#8167=ORIENTED_EDGE('',*,*,#6257,.F.);
#8168=ORIENTED_EDGE('',*,*,#6258,.T.);
#8169=ORIENTED_EDGE('',*,*,#6259,.F.);
#8170=ORIENTED_EDGE('',*,*,#6252,.F.);
#8171=ORIENTED_EDGE('',*,*,#6249,.F.);
#8172=ORIENTED_EDGE('',*,*,#6256,.F.);
#8173=ORIENTED_EDGE('',*,*,#6260,.F.);
#8174=ORIENTED_EDGE('',*,*,#6261,.F.);
#8175=ORIENTED_EDGE('',*,*,#6258,.F.);
#8176=ORIENTED_EDGE('',*,*,#6262,.F.);
#8177=ORIENTED_EDGE('',*,*,#6263,.F.);
#8178=ORIENTED_EDGE('',*,*,#6264,.F.);
#8179=ORIENTED_EDGE('',*,*,#6265,.T.);
#8180=ORIENTED_EDGE('',*,*,#6266,.T.);
#8181=ORIENTED_EDGE('',*,*,#6267,.F.);
#8182=ORIENTED_EDGE('',*,*,#6266,.F.);
#8183=ORIENTED_EDGE('',*,*,#6268,.T.);
#8184=ORIENTED_EDGE('',*,*,#6269,.T.);
#8185=ORIENTED_EDGE('',*,*,#6270,.F.);
#8186=ORIENTED_EDGE('',*,*,#6271,.F.);
#8187=ORIENTED_EDGE('',*,*,#6272,.T.);
#8188=ORIENTED_EDGE('',*,*,#6264,.T.);
#8189=ORIENTED_EDGE('',*,*,#6273,.F.);
#8190=ORIENTED_EDGE('',*,*,#6274,.T.);
#8191=ORIENTED_EDGE('',*,*,#6275,.F.);
#8192=ORIENTED_EDGE('',*,*,#6268,.F.);
#8193=ORIENTED_EDGE('',*,*,#6265,.F.);
#8194=ORIENTED_EDGE('',*,*,#6272,.F.);
#8195=ORIENTED_EDGE('',*,*,#6276,.F.);
#8196=ORIENTED_EDGE('',*,*,#6277,.F.);
#8197=ORIENTED_EDGE('',*,*,#6274,.F.);
#8198=ORIENTED_EDGE('',*,*,#6278,.F.);
#8199=ORIENTED_EDGE('',*,*,#6279,.F.);
#8200=ORIENTED_EDGE('',*,*,#6280,.F.);
#8201=ORIENTED_EDGE('',*,*,#6281,.T.);
#8202=ORIENTED_EDGE('',*,*,#6282,.T.);
#8203=ORIENTED_EDGE('',*,*,#6283,.F.);
#8204=ORIENTED_EDGE('',*,*,#6282,.F.);
#8205=ORIENTED_EDGE('',*,*,#6284,.T.);
#8206=ORIENTED_EDGE('',*,*,#6285,.T.);
#8207=ORIENTED_EDGE('',*,*,#6286,.F.);
#8208=ORIENTED_EDGE('',*,*,#6287,.F.);
#8209=ORIENTED_EDGE('',*,*,#6288,.T.);
#8210=ORIENTED_EDGE('',*,*,#6280,.T.);
#8211=ORIENTED_EDGE('',*,*,#6289,.F.);
#8212=ORIENTED_EDGE('',*,*,#6290,.T.);
#8213=ORIENTED_EDGE('',*,*,#6291,.F.);
#8214=ORIENTED_EDGE('',*,*,#6284,.F.);
#8215=ORIENTED_EDGE('',*,*,#6281,.F.);
#8216=ORIENTED_EDGE('',*,*,#6288,.F.);
#8217=ORIENTED_EDGE('',*,*,#6292,.F.);
#8218=ORIENTED_EDGE('',*,*,#6293,.F.);
#8219=ORIENTED_EDGE('',*,*,#6290,.F.);
#8220=ORIENTED_EDGE('',*,*,#6294,.F.);
#8221=ORIENTED_EDGE('',*,*,#6295,.F.);
#8222=ORIENTED_EDGE('',*,*,#6296,.F.);
#8223=ORIENTED_EDGE('',*,*,#6297,.T.);
#8224=ORIENTED_EDGE('',*,*,#6298,.T.);
#8225=ORIENTED_EDGE('',*,*,#6299,.F.);
#8226=ORIENTED_EDGE('',*,*,#6298,.F.);
#8227=ORIENTED_EDGE('',*,*,#6300,.T.);
#8228=ORIENTED_EDGE('',*,*,#6301,.T.);
#8229=ORIENTED_EDGE('',*,*,#6302,.F.);
#8230=ORIENTED_EDGE('',*,*,#6303,.F.);
#8231=ORIENTED_EDGE('',*,*,#6304,.T.);
#8232=ORIENTED_EDGE('',*,*,#6296,.T.);
#8233=ORIENTED_EDGE('',*,*,#6305,.F.);
#8234=ORIENTED_EDGE('',*,*,#6306,.T.);
#8235=ORIENTED_EDGE('',*,*,#6307,.F.);
#8236=ORIENTED_EDGE('',*,*,#6300,.F.);
#8237=ORIENTED_EDGE('',*,*,#6297,.F.);
#8238=ORIENTED_EDGE('',*,*,#6304,.F.);
#8239=ORIENTED_EDGE('',*,*,#6308,.F.);
#8240=ORIENTED_EDGE('',*,*,#6309,.F.);
#8241=ORIENTED_EDGE('',*,*,#6306,.F.);
#8242=ORIENTED_EDGE('',*,*,#6310,.F.);
#8243=ORIENTED_EDGE('',*,*,#6311,.F.);
#8244=ORIENTED_EDGE('',*,*,#6312,.F.);
#8245=ORIENTED_EDGE('',*,*,#6313,.T.);
#8246=ORIENTED_EDGE('',*,*,#6314,.T.);
#8247=ORIENTED_EDGE('',*,*,#6315,.F.);
#8248=ORIENTED_EDGE('',*,*,#6314,.F.);
#8249=ORIENTED_EDGE('',*,*,#6316,.T.);
#8250=ORIENTED_EDGE('',*,*,#6317,.T.);
#8251=ORIENTED_EDGE('',*,*,#6318,.F.);
#8252=ORIENTED_EDGE('',*,*,#6319,.F.);
#8253=ORIENTED_EDGE('',*,*,#6320,.T.);
#8254=ORIENTED_EDGE('',*,*,#6312,.T.);
#8255=ORIENTED_EDGE('',*,*,#6321,.F.);
#8256=ORIENTED_EDGE('',*,*,#6322,.T.);
#8257=ORIENTED_EDGE('',*,*,#6323,.F.);
#8258=ORIENTED_EDGE('',*,*,#6316,.F.);
#8259=ORIENTED_EDGE('',*,*,#6313,.F.);
#8260=ORIENTED_EDGE('',*,*,#6320,.F.);
#8261=ORIENTED_EDGE('',*,*,#6324,.F.);
#8262=ORIENTED_EDGE('',*,*,#5631,.T.);
#8263=ORIENTED_EDGE('',*,*,#5614,.T.);
#8264=ORIENTED_EDGE('',*,*,#6325,.T.);
#8265=ORIENTED_EDGE('',*,*,#6326,.T.);
#8266=ORIENTED_EDGE('',*,*,#6327,.F.);
#8267=ORIENTED_EDGE('',*,*,#5656,.F.);
#8268=ORIENTED_EDGE('',*,*,#6328,.T.);
#8269=ORIENTED_EDGE('',*,*,#6329,.T.);
#8270=ORIENTED_EDGE('',*,*,#5619,.T.);
#8271=ORIENTED_EDGE('',*,*,#5639,.F.);
#8272=ORIENTED_EDGE('',*,*,#6330,.F.);
#8273=ORIENTED_EDGE('',*,*,#6331,.T.);
#8274=ORIENTED_EDGE('',*,*,#5624,.F.);
#8275=ORIENTED_EDGE('',*,*,#5642,.T.);
#8276=ORIENTED_EDGE('',*,*,#5620,.T.);
#8277=ORIENTED_EDGE('',*,*,#6329,.F.);
#8278=ORIENTED_EDGE('',*,*,#6332,.F.);
#8279=ORIENTED_EDGE('',*,*,#6199,.T.);
#8280=ORIENTED_EDGE('',*,*,#6208,.T.);
#8281=ORIENTED_EDGE('',*,*,#6206,.T.);
#8282=ORIENTED_EDGE('',*,*,#5626,.F.);
#8283=ORIENTED_EDGE('',*,*,#5648,.F.);
#8284=ORIENTED_EDGE('',*,*,#6331,.F.);
#8285=ORIENTED_EDGE('',*,*,#6333,.F.);
#8286=ORIENTED_EDGE('',*,*,#6325,.F.);
#8287=ORIENTED_EDGE('',*,*,#5649,.F.);
#8288=ORIENTED_EDGE('',*,*,#5628,.F.);
#8289=ORIENTED_EDGE('',*,*,#6205,.T.);
#8290=ORIENTED_EDGE('',*,*,#6202,.T.);
#8291=ORIENTED_EDGE('',*,*,#6334,.F.);
#8292=ORIENTED_EDGE('',*,*,#6335,.T.);
#8293=ORIENTED_EDGE('',*,*,#6336,.T.);
#8294=ORIENTED_EDGE('',*,*,#5635,.F.);
#8295=ORIENTED_EDGE('',*,*,#6335,.F.);
#8296=ORIENTED_EDGE('',*,*,#6337,.F.);
#8297=ORIENTED_EDGE('',*,*,#6338,.T.);
#8298=ORIENTED_EDGE('',*,*,#6339,.F.);
#8299=ORIENTED_EDGE('',*,*,#5651,.F.);
#8300=ORIENTED_EDGE('',*,*,#5634,.T.);
#8301=ORIENTED_EDGE('',*,*,#5653,.F.);
#8302=ORIENTED_EDGE('',*,*,#6340,.F.);
#8303=ORIENTED_EDGE('',*,*,#5637,.T.);
#8304=ORIENTED_EDGE('',*,*,#6341,.T.);
#8305=ORIENTED_EDGE('',*,*,#5641,.T.);
#8306=ORIENTED_EDGE('',*,*,#5644,.T.);
#8307=ORIENTED_EDGE('',*,*,#5645,.T.);
#8308=ORIENTED_EDGE('',*,*,#5647,.F.);
#8309=ORIENTED_EDGE('',*,*,#6342,.T.);
#8310=ORIENTED_EDGE('',*,*,#6343,.F.);
#8311=ORIENTED_EDGE('',*,*,#5652,.F.);
#8312=ORIENTED_EDGE('',*,*,#5655,.T.);
#8313=ORIENTED_EDGE('',*,*,#6327,.T.);
#8314=ORIENTED_EDGE('',*,*,#5674,.T.);
#8315=ORIENTED_EDGE('',*,*,#5657,.T.);
#8316=ORIENTED_EDGE('',*,*,#6344,.T.);
#8317=ORIENTED_EDGE('',*,*,#6345,.T.);
#8318=ORIENTED_EDGE('',*,*,#6346,.F.);
#8319=ORIENTED_EDGE('',*,*,#5699,.F.);
#8320=ORIENTED_EDGE('',*,*,#6347,.T.);
#8321=ORIENTED_EDGE('',*,*,#6348,.T.);
#8322=ORIENTED_EDGE('',*,*,#5662,.T.);
#8323=ORIENTED_EDGE('',*,*,#5682,.F.);
#8324=ORIENTED_EDGE('',*,*,#6349,.F.);
#8325=ORIENTED_EDGE('',*,*,#6350,.T.);
#8326=ORIENTED_EDGE('',*,*,#5667,.F.);
#8327=ORIENTED_EDGE('',*,*,#5685,.T.);
#8328=ORIENTED_EDGE('',*,*,#5663,.T.);
#8329=ORIENTED_EDGE('',*,*,#6348,.F.);
#8330=ORIENTED_EDGE('',*,*,#6351,.F.);
#8331=ORIENTED_EDGE('',*,*,#6186,.T.);
#8332=ORIENTED_EDGE('',*,*,#6195,.T.);
#8333=ORIENTED_EDGE('',*,*,#6193,.T.);
#8334=ORIENTED_EDGE('',*,*,#5669,.F.);
#8335=ORIENTED_EDGE('',*,*,#5691,.F.);
#8336=ORIENTED_EDGE('',*,*,#6350,.F.);
#8337=ORIENTED_EDGE('',*,*,#6352,.F.);
#8338=ORIENTED_EDGE('',*,*,#6344,.F.);
#8339=ORIENTED_EDGE('',*,*,#5692,.F.);
#8340=ORIENTED_EDGE('',*,*,#5671,.F.);
#8341=ORIENTED_EDGE('',*,*,#6192,.T.);
#8342=ORIENTED_EDGE('',*,*,#6189,.T.);
#8343=ORIENTED_EDGE('',*,*,#6353,.F.);
#8344=ORIENTED_EDGE('',*,*,#6354,.T.);
#8345=ORIENTED_EDGE('',*,*,#6355,.T.);
#8346=ORIENTED_EDGE('',*,*,#5678,.F.);
#8347=ORIENTED_EDGE('',*,*,#6354,.F.);
#8348=ORIENTED_EDGE('',*,*,#6356,.F.);
#8349=ORIENTED_EDGE('',*,*,#6311,.T.);
#8350=ORIENTED_EDGE('',*,*,#6357,.F.);
#8351=ORIENTED_EDGE('',*,*,#5694,.F.);
#8352=ORIENTED_EDGE('',*,*,#5677,.T.);
#8353=ORIENTED_EDGE('',*,*,#5696,.F.);
#8354=ORIENTED_EDGE('',*,*,#6358,.F.);
#8355=ORIENTED_EDGE('',*,*,#5680,.T.);
#8356=ORIENTED_EDGE('',*,*,#6359,.T.);
#8357=ORIENTED_EDGE('',*,*,#5684,.T.);
#8358=ORIENTED_EDGE('',*,*,#5687,.T.);
#8359=ORIENTED_EDGE('',*,*,#5688,.T.);
#8360=ORIENTED_EDGE('',*,*,#5690,.F.);
#8361=ORIENTED_EDGE('',*,*,#6360,.T.);
#8362=ORIENTED_EDGE('',*,*,#6361,.F.);
#8363=ORIENTED_EDGE('',*,*,#5695,.F.);
#8364=ORIENTED_EDGE('',*,*,#5698,.T.);
#8365=ORIENTED_EDGE('',*,*,#6346,.T.);
#8366=ORIENTED_EDGE('',*,*,#5717,.T.);
#8367=ORIENTED_EDGE('',*,*,#5700,.T.);
#8368=ORIENTED_EDGE('',*,*,#6362,.T.);
#8369=ORIENTED_EDGE('',*,*,#6363,.T.);
#8370=ORIENTED_EDGE('',*,*,#6364,.F.);
#8371=ORIENTED_EDGE('',*,*,#5742,.F.);
#8372=ORIENTED_EDGE('',*,*,#6365,.T.);
#8373=ORIENTED_EDGE('',*,*,#6366,.T.);
#8374=ORIENTED_EDGE('',*,*,#5705,.T.);
#8375=ORIENTED_EDGE('',*,*,#5725,.F.);
#8376=ORIENTED_EDGE('',*,*,#6367,.F.);
#8377=ORIENTED_EDGE('',*,*,#6368,.T.);
#8378=ORIENTED_EDGE('',*,*,#5710,.F.);
#8379=ORIENTED_EDGE('',*,*,#5728,.T.);
#8380=ORIENTED_EDGE('',*,*,#5706,.T.);
#8381=ORIENTED_EDGE('',*,*,#6366,.F.);
#8382=ORIENTED_EDGE('',*,*,#6369,.F.);
#8383=ORIENTED_EDGE('',*,*,#6173,.T.);
#8384=ORIENTED_EDGE('',*,*,#6182,.T.);
#8385=ORIENTED_EDGE('',*,*,#6180,.T.);
#8386=ORIENTED_EDGE('',*,*,#5712,.F.);
#8387=ORIENTED_EDGE('',*,*,#5734,.F.);
#8388=ORIENTED_EDGE('',*,*,#6368,.F.);
#8389=ORIENTED_EDGE('',*,*,#6370,.F.);
#8390=ORIENTED_EDGE('',*,*,#6362,.F.);
#8391=ORIENTED_EDGE('',*,*,#5735,.F.);
#8392=ORIENTED_EDGE('',*,*,#5714,.F.);
#8393=ORIENTED_EDGE('',*,*,#6179,.T.);
#8394=ORIENTED_EDGE('',*,*,#6176,.T.);
#8395=ORIENTED_EDGE('',*,*,#6371,.F.);
#8396=ORIENTED_EDGE('',*,*,#6372,.T.);
#8397=ORIENTED_EDGE('',*,*,#6373,.T.);
#8398=ORIENTED_EDGE('',*,*,#5721,.F.);
#8399=ORIENTED_EDGE('',*,*,#6372,.F.);
#8400=ORIENTED_EDGE('',*,*,#6374,.F.);
#8401=ORIENTED_EDGE('',*,*,#6295,.T.);
#8402=ORIENTED_EDGE('',*,*,#6375,.F.);
#8403=ORIENTED_EDGE('',*,*,#5737,.F.);
#8404=ORIENTED_EDGE('',*,*,#5720,.T.);
#8405=ORIENTED_EDGE('',*,*,#5739,.F.);
#8406=ORIENTED_EDGE('',*,*,#6376,.F.);
#8407=ORIENTED_EDGE('',*,*,#5723,.T.);
#8408=ORIENTED_EDGE('',*,*,#6377,.T.);
#8409=ORIENTED_EDGE('',*,*,#5727,.T.);
#8410=ORIENTED_EDGE('',*,*,#5730,.T.);
#8411=ORIENTED_EDGE('',*,*,#5731,.T.);
#8412=ORIENTED_EDGE('',*,*,#5733,.F.);
#8413=ORIENTED_EDGE('',*,*,#6378,.T.);
#8414=ORIENTED_EDGE('',*,*,#6379,.F.);
#8415=ORIENTED_EDGE('',*,*,#5738,.F.);
#8416=ORIENTED_EDGE('',*,*,#5741,.T.);
#8417=ORIENTED_EDGE('',*,*,#6364,.T.);
#8418=ORIENTED_EDGE('',*,*,#5760,.T.);
#8419=ORIENTED_EDGE('',*,*,#5743,.T.);
#8420=ORIENTED_EDGE('',*,*,#6380,.T.);
#8421=ORIENTED_EDGE('',*,*,#6381,.T.);
#8422=ORIENTED_EDGE('',*,*,#6382,.F.);
#8423=ORIENTED_EDGE('',*,*,#5785,.F.);
#8424=ORIENTED_EDGE('',*,*,#6383,.T.);
#8425=ORIENTED_EDGE('',*,*,#6384,.T.);
#8426=ORIENTED_EDGE('',*,*,#5748,.T.);
#8427=ORIENTED_EDGE('',*,*,#5768,.F.);
#8428=ORIENTED_EDGE('',*,*,#6385,.F.);
#8429=ORIENTED_EDGE('',*,*,#6386,.T.);
#8430=ORIENTED_EDGE('',*,*,#5753,.F.);
#8431=ORIENTED_EDGE('',*,*,#5771,.T.);
#8432=ORIENTED_EDGE('',*,*,#5749,.T.);
#8433=ORIENTED_EDGE('',*,*,#6384,.F.);
#8434=ORIENTED_EDGE('',*,*,#6387,.F.);
#8435=ORIENTED_EDGE('',*,*,#6134,.T.);
#8436=ORIENTED_EDGE('',*,*,#6143,.T.);
#8437=ORIENTED_EDGE('',*,*,#6141,.T.);
#8438=ORIENTED_EDGE('',*,*,#5755,.F.);
#8439=ORIENTED_EDGE('',*,*,#5777,.F.);
#8440=ORIENTED_EDGE('',*,*,#6386,.F.);
#8441=ORIENTED_EDGE('',*,*,#6388,.F.);
#8442=ORIENTED_EDGE('',*,*,#6380,.F.);
#8443=ORIENTED_EDGE('',*,*,#5778,.F.);
#8444=ORIENTED_EDGE('',*,*,#5757,.F.);
#8445=ORIENTED_EDGE('',*,*,#6140,.T.);
#8446=ORIENTED_EDGE('',*,*,#6137,.T.);
#8447=ORIENTED_EDGE('',*,*,#6389,.F.);
#8448=ORIENTED_EDGE('',*,*,#6390,.T.);
#8449=ORIENTED_EDGE('',*,*,#6391,.T.);
#8450=ORIENTED_EDGE('',*,*,#5764,.F.);
#8451=ORIENTED_EDGE('',*,*,#6390,.F.);
#8452=ORIENTED_EDGE('',*,*,#6392,.F.);
#8453=ORIENTED_EDGE('',*,*,#6279,.T.);
#8454=ORIENTED_EDGE('',*,*,#6393,.F.);
#8455=ORIENTED_EDGE('',*,*,#5780,.F.);
#8456=ORIENTED_EDGE('',*,*,#5763,.T.);
#8457=ORIENTED_EDGE('',*,*,#5782,.F.);
#8458=ORIENTED_EDGE('',*,*,#6394,.F.);
#8459=ORIENTED_EDGE('',*,*,#5766,.T.);
#8460=ORIENTED_EDGE('',*,*,#6395,.T.);
#8461=ORIENTED_EDGE('',*,*,#5770,.T.);
#8462=ORIENTED_EDGE('',*,*,#5773,.T.);
#8463=ORIENTED_EDGE('',*,*,#5774,.T.);
#8464=ORIENTED_EDGE('',*,*,#5776,.F.);
#8465=ORIENTED_EDGE('',*,*,#6396,.T.);
#8466=ORIENTED_EDGE('',*,*,#6397,.F.);
#8467=ORIENTED_EDGE('',*,*,#5781,.F.);
#8468=ORIENTED_EDGE('',*,*,#5784,.T.);
#8469=ORIENTED_EDGE('',*,*,#6382,.T.);
#8470=ORIENTED_EDGE('',*,*,#5803,.T.);
#8471=ORIENTED_EDGE('',*,*,#5786,.T.);
#8472=ORIENTED_EDGE('',*,*,#6398,.T.);
#8473=ORIENTED_EDGE('',*,*,#6399,.T.);
#8474=ORIENTED_EDGE('',*,*,#6400,.F.);
#8475=ORIENTED_EDGE('',*,*,#5828,.F.);
#8476=ORIENTED_EDGE('',*,*,#6401,.T.);
#8477=ORIENTED_EDGE('',*,*,#6402,.T.);
#8478=ORIENTED_EDGE('',*,*,#5791,.T.);
#8479=ORIENTED_EDGE('',*,*,#5811,.F.);
#8480=ORIENTED_EDGE('',*,*,#6403,.F.);
#8481=ORIENTED_EDGE('',*,*,#6404,.T.);
#8482=ORIENTED_EDGE('',*,*,#5796,.F.);
#8483=ORIENTED_EDGE('',*,*,#5814,.T.);
#8484=ORIENTED_EDGE('',*,*,#5792,.T.);
#8485=ORIENTED_EDGE('',*,*,#6402,.F.);
#8486=ORIENTED_EDGE('',*,*,#6405,.F.);
#8487=ORIENTED_EDGE('',*,*,#6121,.T.);
#8488=ORIENTED_EDGE('',*,*,#6130,.T.);
#8489=ORIENTED_EDGE('',*,*,#6128,.T.);
#8490=ORIENTED_EDGE('',*,*,#5798,.F.);
#8491=ORIENTED_EDGE('',*,*,#5820,.F.);
#8492=ORIENTED_EDGE('',*,*,#6404,.F.);
#8493=ORIENTED_EDGE('',*,*,#6406,.F.);
#8494=ORIENTED_EDGE('',*,*,#6398,.F.);
#8495=ORIENTED_EDGE('',*,*,#5821,.F.);
#8496=ORIENTED_EDGE('',*,*,#5800,.F.);
#8497=ORIENTED_EDGE('',*,*,#6127,.T.);
#8498=ORIENTED_EDGE('',*,*,#6124,.T.);
#8499=ORIENTED_EDGE('',*,*,#6407,.F.);
#8500=ORIENTED_EDGE('',*,*,#6408,.T.);
#8501=ORIENTED_EDGE('',*,*,#6409,.T.);
#8502=ORIENTED_EDGE('',*,*,#5807,.F.);
#8503=ORIENTED_EDGE('',*,*,#6408,.F.);
#8504=ORIENTED_EDGE('',*,*,#6410,.F.);
#8505=ORIENTED_EDGE('',*,*,#6263,.T.);
#8506=ORIENTED_EDGE('',*,*,#6411,.F.);
#8507=ORIENTED_EDGE('',*,*,#5823,.F.);
#8508=ORIENTED_EDGE('',*,*,#5806,.T.);
#8509=ORIENTED_EDGE('',*,*,#5825,.F.);
#8510=ORIENTED_EDGE('',*,*,#6412,.F.);
#8511=ORIENTED_EDGE('',*,*,#5809,.T.);
#8512=ORIENTED_EDGE('',*,*,#6413,.T.);
#8513=ORIENTED_EDGE('',*,*,#5813,.T.);
#8514=ORIENTED_EDGE('',*,*,#5816,.T.);
#8515=ORIENTED_EDGE('',*,*,#5817,.T.);
#8516=ORIENTED_EDGE('',*,*,#5819,.F.);
#8517=ORIENTED_EDGE('',*,*,#6414,.T.);
#8518=ORIENTED_EDGE('',*,*,#6415,.F.);
#8519=ORIENTED_EDGE('',*,*,#5824,.F.);
#8520=ORIENTED_EDGE('',*,*,#5827,.T.);
#8521=ORIENTED_EDGE('',*,*,#6400,.T.);
#8522=ORIENTED_EDGE('',*,*,#5846,.T.);
#8523=ORIENTED_EDGE('',*,*,#5829,.T.);
#8524=ORIENTED_EDGE('',*,*,#6416,.T.);
#8525=ORIENTED_EDGE('',*,*,#6417,.T.);
#8526=ORIENTED_EDGE('',*,*,#6418,.F.);
#8527=ORIENTED_EDGE('',*,*,#5871,.F.);
#8528=ORIENTED_EDGE('',*,*,#6419,.T.);
#8529=ORIENTED_EDGE('',*,*,#6420,.T.);
#8530=ORIENTED_EDGE('',*,*,#5834,.T.);
#8531=ORIENTED_EDGE('',*,*,#5854,.F.);
#8532=ORIENTED_EDGE('',*,*,#6421,.F.);
#8533=ORIENTED_EDGE('',*,*,#6422,.T.);
#8534=ORIENTED_EDGE('',*,*,#5839,.F.);
#8535=ORIENTED_EDGE('',*,*,#5857,.T.);
#8536=ORIENTED_EDGE('',*,*,#5835,.T.);
#8537=ORIENTED_EDGE('',*,*,#6420,.F.);
#8538=ORIENTED_EDGE('',*,*,#6423,.F.);
#8539=ORIENTED_EDGE('',*,*,#6147,.T.);
#8540=ORIENTED_EDGE('',*,*,#6156,.T.);
#8541=ORIENTED_EDGE('',*,*,#6154,.T.);
#8542=ORIENTED_EDGE('',*,*,#5841,.F.);
#8543=ORIENTED_EDGE('',*,*,#5863,.F.);
#8544=ORIENTED_EDGE('',*,*,#6422,.F.);
#8545=ORIENTED_EDGE('',*,*,#6424,.F.);
#8546=ORIENTED_EDGE('',*,*,#6416,.F.);
#8547=ORIENTED_EDGE('',*,*,#5864,.F.);
#8548=ORIENTED_EDGE('',*,*,#5843,.F.);
#8549=ORIENTED_EDGE('',*,*,#6153,.T.);
#8550=ORIENTED_EDGE('',*,*,#6150,.T.);
#8551=ORIENTED_EDGE('',*,*,#6425,.F.);
#8552=ORIENTED_EDGE('',*,*,#6426,.T.);
#8553=ORIENTED_EDGE('',*,*,#6427,.T.);
#8554=ORIENTED_EDGE('',*,*,#5850,.F.);
#8555=ORIENTED_EDGE('',*,*,#6426,.F.);
#8556=ORIENTED_EDGE('',*,*,#6428,.F.);
#8557=ORIENTED_EDGE('',*,*,#6116,.F.);
#8558=ORIENTED_EDGE('',*,*,#6429,.F.);
#8559=ORIENTED_EDGE('',*,*,#5866,.F.);
#8560=ORIENTED_EDGE('',*,*,#5849,.T.);
#8561=ORIENTED_EDGE('',*,*,#5868,.F.);
#8562=ORIENTED_EDGE('',*,*,#6430,.F.);
#8563=ORIENTED_EDGE('',*,*,#5852,.T.);
#8564=ORIENTED_EDGE('',*,*,#6431,.T.);
#8565=ORIENTED_EDGE('',*,*,#5856,.T.);
#8566=ORIENTED_EDGE('',*,*,#5859,.T.);
#8567=ORIENTED_EDGE('',*,*,#5860,.T.);
#8568=ORIENTED_EDGE('',*,*,#5862,.F.);
#8569=ORIENTED_EDGE('',*,*,#6432,.T.);
#8570=ORIENTED_EDGE('',*,*,#6433,.F.);
#8571=ORIENTED_EDGE('',*,*,#5867,.F.);
#8572=ORIENTED_EDGE('',*,*,#5870,.T.);
#8573=ORIENTED_EDGE('',*,*,#6418,.T.);
#8574=ORIENTED_EDGE('',*,*,#5889,.T.);
#8575=ORIENTED_EDGE('',*,*,#5872,.T.);
#8576=ORIENTED_EDGE('',*,*,#6434,.T.);
#8577=ORIENTED_EDGE('',*,*,#6435,.T.);
#8578=ORIENTED_EDGE('',*,*,#6436,.F.);
#8579=ORIENTED_EDGE('',*,*,#5914,.F.);
#8580=ORIENTED_EDGE('',*,*,#6437,.T.);
#8581=ORIENTED_EDGE('',*,*,#6438,.T.);
#8582=ORIENTED_EDGE('',*,*,#5877,.T.);
#8583=ORIENTED_EDGE('',*,*,#5897,.F.);
#8584=ORIENTED_EDGE('',*,*,#6439,.F.);
#8585=ORIENTED_EDGE('',*,*,#6440,.T.);
#8586=ORIENTED_EDGE('',*,*,#5882,.F.);
#8587=ORIENTED_EDGE('',*,*,#5900,.T.);
#8588=ORIENTED_EDGE('',*,*,#5878,.T.);
#8589=ORIENTED_EDGE('',*,*,#6438,.F.);
#8590=ORIENTED_EDGE('',*,*,#6441,.F.);
#8591=ORIENTED_EDGE('',*,*,#6160,.T.);
#8592=ORIENTED_EDGE('',*,*,#6169,.T.);
#8593=ORIENTED_EDGE('',*,*,#6167,.T.);
#8594=ORIENTED_EDGE('',*,*,#5884,.F.);
#8595=ORIENTED_EDGE('',*,*,#5906,.F.);
#8596=ORIENTED_EDGE('',*,*,#6440,.F.);
#8597=ORIENTED_EDGE('',*,*,#6442,.F.);
#8598=ORIENTED_EDGE('',*,*,#6434,.F.);
#8599=ORIENTED_EDGE('',*,*,#5907,.F.);
#8600=ORIENTED_EDGE('',*,*,#5886,.F.);
#8601=ORIENTED_EDGE('',*,*,#6166,.T.);
#8602=ORIENTED_EDGE('',*,*,#6163,.T.);
#8603=ORIENTED_EDGE('',*,*,#6443,.F.);
#8604=ORIENTED_EDGE('',*,*,#6444,.T.);
#8605=ORIENTED_EDGE('',*,*,#6445,.T.);
#8606=ORIENTED_EDGE('',*,*,#5893,.F.);
#8607=ORIENTED_EDGE('',*,*,#6444,.F.);
#8608=ORIENTED_EDGE('',*,*,#6446,.F.);
#8609=ORIENTED_EDGE('',*,*,#6100,.F.);
#8610=ORIENTED_EDGE('',*,*,#6447,.F.);
#8611=ORIENTED_EDGE('',*,*,#5909,.F.);
#8612=ORIENTED_EDGE('',*,*,#5892,.T.);
#8613=ORIENTED_EDGE('',*,*,#5911,.F.);
#8614=ORIENTED_EDGE('',*,*,#6448,.F.);
#8615=ORIENTED_EDGE('',*,*,#5895,.T.);
#8616=ORIENTED_EDGE('',*,*,#6449,.T.);
#8617=ORIENTED_EDGE('',*,*,#5899,.T.);
#8618=ORIENTED_EDGE('',*,*,#5902,.T.);
#8619=ORIENTED_EDGE('',*,*,#5903,.T.);
#8620=ORIENTED_EDGE('',*,*,#5905,.F.);
#8621=ORIENTED_EDGE('',*,*,#6450,.T.);
#8622=ORIENTED_EDGE('',*,*,#6451,.F.);
#8623=ORIENTED_EDGE('',*,*,#5910,.F.);
#8624=ORIENTED_EDGE('',*,*,#5913,.T.);
#8625=ORIENTED_EDGE('',*,*,#6436,.T.);
#8626=ORIENTED_EDGE('',*,*,#5932,.T.);
#8627=ORIENTED_EDGE('',*,*,#5915,.T.);
#8628=ORIENTED_EDGE('',*,*,#6452,.T.);
#8629=ORIENTED_EDGE('',*,*,#6453,.T.);
#8630=ORIENTED_EDGE('',*,*,#6454,.F.);
#8631=ORIENTED_EDGE('',*,*,#5957,.F.);
#8632=ORIENTED_EDGE('',*,*,#6455,.T.);
#8633=ORIENTED_EDGE('',*,*,#6456,.T.);
#8634=ORIENTED_EDGE('',*,*,#5920,.T.);
#8635=ORIENTED_EDGE('',*,*,#5940,.F.);
#8636=ORIENTED_EDGE('',*,*,#6457,.F.);
#8637=ORIENTED_EDGE('',*,*,#6458,.T.);
#8638=ORIENTED_EDGE('',*,*,#5925,.F.);
#8639=ORIENTED_EDGE('',*,*,#5943,.T.);
#8640=ORIENTED_EDGE('',*,*,#5921,.T.);
#8641=ORIENTED_EDGE('',*,*,#6456,.F.);
#8642=ORIENTED_EDGE('',*,*,#6459,.F.);
#8643=ORIENTED_EDGE('',*,*,#6212,.T.);
#8644=ORIENTED_EDGE('',*,*,#6221,.T.);
#8645=ORIENTED_EDGE('',*,*,#6219,.T.);
#8646=ORIENTED_EDGE('',*,*,#5927,.F.);
#8647=ORIENTED_EDGE('',*,*,#5949,.F.);
#8648=ORIENTED_EDGE('',*,*,#6458,.F.);
#8649=ORIENTED_EDGE('',*,*,#6460,.F.);
#8650=ORIENTED_EDGE('',*,*,#6452,.F.);
#8651=ORIENTED_EDGE('',*,*,#5950,.F.);
#8652=ORIENTED_EDGE('',*,*,#5929,.F.);
#8653=ORIENTED_EDGE('',*,*,#6218,.T.);
#8654=ORIENTED_EDGE('',*,*,#6215,.T.);
#8655=ORIENTED_EDGE('',*,*,#6461,.F.);
#8656=ORIENTED_EDGE('',*,*,#6462,.T.);
#8657=ORIENTED_EDGE('',*,*,#6463,.T.);
#8658=ORIENTED_EDGE('',*,*,#5936,.F.);
#8659=ORIENTED_EDGE('',*,*,#6462,.F.);
#8660=ORIENTED_EDGE('',*,*,#6464,.F.);
#8661=ORIENTED_EDGE('',*,*,#6084,.F.);
#8662=ORIENTED_EDGE('',*,*,#6465,.F.);
#8663=ORIENTED_EDGE('',*,*,#5952,.F.);
#8664=ORIENTED_EDGE('',*,*,#5935,.T.);
#8665=ORIENTED_EDGE('',*,*,#5954,.F.);
#8666=ORIENTED_EDGE('',*,*,#6466,.F.);
#8667=ORIENTED_EDGE('',*,*,#5938,.T.);
#8668=ORIENTED_EDGE('',*,*,#6467,.T.);
#8669=ORIENTED_EDGE('',*,*,#5942,.T.);
#8670=ORIENTED_EDGE('',*,*,#5945,.T.);
#8671=ORIENTED_EDGE('',*,*,#5946,.T.);
#8672=ORIENTED_EDGE('',*,*,#5948,.F.);
#8673=ORIENTED_EDGE('',*,*,#6468,.T.);
#8674=ORIENTED_EDGE('',*,*,#6469,.F.);
#8675=ORIENTED_EDGE('',*,*,#5953,.F.);
#8676=ORIENTED_EDGE('',*,*,#5956,.T.);
#8677=ORIENTED_EDGE('',*,*,#6454,.T.);
#8678=ORIENTED_EDGE('',*,*,#5975,.T.);
#8679=ORIENTED_EDGE('',*,*,#5958,.T.);
#8680=ORIENTED_EDGE('',*,*,#6470,.T.);
#8681=ORIENTED_EDGE('',*,*,#6471,.T.);
#8682=ORIENTED_EDGE('',*,*,#6472,.F.);
#8683=ORIENTED_EDGE('',*,*,#6000,.F.);
#8684=ORIENTED_EDGE('',*,*,#6473,.T.);
#8685=ORIENTED_EDGE('',*,*,#6474,.T.);
#8686=ORIENTED_EDGE('',*,*,#5963,.T.);
#8687=ORIENTED_EDGE('',*,*,#5983,.F.);
#8688=ORIENTED_EDGE('',*,*,#6475,.F.);
#8689=ORIENTED_EDGE('',*,*,#6476,.T.);
#8690=ORIENTED_EDGE('',*,*,#5968,.F.);
#8691=ORIENTED_EDGE('',*,*,#5986,.T.);
#8692=ORIENTED_EDGE('',*,*,#5964,.T.);
#8693=ORIENTED_EDGE('',*,*,#6474,.F.);
#8694=ORIENTED_EDGE('',*,*,#6477,.F.);
#8695=ORIENTED_EDGE('',*,*,#6225,.T.);
#8696=ORIENTED_EDGE('',*,*,#6234,.T.);
#8697=ORIENTED_EDGE('',*,*,#6232,.T.);
#8698=ORIENTED_EDGE('',*,*,#5970,.F.);
#8699=ORIENTED_EDGE('',*,*,#5992,.F.);
#8700=ORIENTED_EDGE('',*,*,#6476,.F.);
#8701=ORIENTED_EDGE('',*,*,#6478,.F.);
#8702=ORIENTED_EDGE('',*,*,#6470,.F.);
#8703=ORIENTED_EDGE('',*,*,#5993,.F.);
#8704=ORIENTED_EDGE('',*,*,#5972,.F.);
#8705=ORIENTED_EDGE('',*,*,#6231,.T.);
#8706=ORIENTED_EDGE('',*,*,#6228,.T.);
#8707=ORIENTED_EDGE('',*,*,#6479,.F.);
#8708=ORIENTED_EDGE('',*,*,#6480,.T.);
#8709=ORIENTED_EDGE('',*,*,#6481,.T.);
#8710=ORIENTED_EDGE('',*,*,#5979,.F.);
#8711=ORIENTED_EDGE('',*,*,#6480,.F.);
#8712=ORIENTED_EDGE('',*,*,#6482,.F.);
#8713=ORIENTED_EDGE('',*,*,#6068,.F.);
#8714=ORIENTED_EDGE('',*,*,#6483,.F.);
#8715=ORIENTED_EDGE('',*,*,#5995,.F.);
#8716=ORIENTED_EDGE('',*,*,#5978,.T.);
#8717=ORIENTED_EDGE('',*,*,#5997,.F.);
#8718=ORIENTED_EDGE('',*,*,#6484,.F.);
#8719=ORIENTED_EDGE('',*,*,#5981,.T.);
#8720=ORIENTED_EDGE('',*,*,#6485,.T.);
#8721=ORIENTED_EDGE('',*,*,#5985,.T.);
#8722=ORIENTED_EDGE('',*,*,#5988,.T.);
#8723=ORIENTED_EDGE('',*,*,#5989,.T.);
#8724=ORIENTED_EDGE('',*,*,#5991,.F.);
#8725=ORIENTED_EDGE('',*,*,#6486,.T.);
#8726=ORIENTED_EDGE('',*,*,#6487,.F.);
#8727=ORIENTED_EDGE('',*,*,#5996,.F.);
#8728=ORIENTED_EDGE('',*,*,#5999,.T.);
#8729=ORIENTED_EDGE('',*,*,#6472,.T.);
#8730=ORIENTED_EDGE('',*,*,#6018,.T.);
#8731=ORIENTED_EDGE('',*,*,#6001,.T.);
#8732=ORIENTED_EDGE('',*,*,#6488,.T.);
#8733=ORIENTED_EDGE('',*,*,#6489,.T.);
#8734=ORIENTED_EDGE('',*,*,#6490,.F.);
#8735=ORIENTED_EDGE('',*,*,#6039,.F.);
#8736=ORIENTED_EDGE('',*,*,#6491,.T.);
#8737=ORIENTED_EDGE('',*,*,#6492,.T.);
#8738=ORIENTED_EDGE('',*,*,#6006,.T.);
#8739=ORIENTED_EDGE('',*,*,#6022,.F.);
#8740=ORIENTED_EDGE('',*,*,#6493,.F.);
#8741=ORIENTED_EDGE('',*,*,#6494,.T.);
#8742=ORIENTED_EDGE('',*,*,#6011,.F.);
#8743=ORIENTED_EDGE('',*,*,#6025,.T.);
#8744=ORIENTED_EDGE('',*,*,#6007,.T.);
#8745=ORIENTED_EDGE('',*,*,#6492,.F.);
#8746=ORIENTED_EDGE('',*,*,#6495,.F.);
#8747=ORIENTED_EDGE('',*,*,#6238,.T.);
#8748=ORIENTED_EDGE('',*,*,#6247,.T.);
#8749=ORIENTED_EDGE('',*,*,#6245,.T.);
#8750=ORIENTED_EDGE('',*,*,#6013,.F.);
#8751=ORIENTED_EDGE('',*,*,#6031,.F.);
#8752=ORIENTED_EDGE('',*,*,#6494,.F.);
#8753=ORIENTED_EDGE('',*,*,#6496,.F.);
#8754=ORIENTED_EDGE('',*,*,#6488,.F.);
#8755=ORIENTED_EDGE('',*,*,#6032,.F.);
#8756=ORIENTED_EDGE('',*,*,#6015,.F.);
#8757=ORIENTED_EDGE('',*,*,#6244,.T.);
#8758=ORIENTED_EDGE('',*,*,#6241,.T.);
#8759=ORIENTED_EDGE('',*,*,#6034,.F.);
#8760=ORIENTED_EDGE('',*,*,#6021,.T.);
#8761=ORIENTED_EDGE('',*,*,#6036,.F.);
#8762=ORIENTED_EDGE('',*,*,#6497,.F.);
#8763=ORIENTED_EDGE('',*,*,#6042,.T.);
#8764=ORIENTED_EDGE('',*,*,#6498,.T.);
#8765=ORIENTED_EDGE('',*,*,#6024,.T.);
#8766=ORIENTED_EDGE('',*,*,#6027,.T.);
#8767=ORIENTED_EDGE('',*,*,#6028,.T.);
#8768=ORIENTED_EDGE('',*,*,#6030,.F.);
#8769=ORIENTED_EDGE('',*,*,#6499,.T.);
#8770=ORIENTED_EDGE('',*,*,#6500,.F.);
#8771=ORIENTED_EDGE('',*,*,#6035,.F.);
#8772=ORIENTED_EDGE('',*,*,#6038,.T.);
#8773=ORIENTED_EDGE('',*,*,#6490,.T.);
#8774=ORIENTED_EDGE('',*,*,#6501,.F.);
#8775=ORIENTED_EDGE('',*,*,#6502,.T.);
#8776=ORIENTED_EDGE('',*,*,#6503,.T.);
#8777=ORIENTED_EDGE('',*,*,#6040,.F.);
#8778=ORIENTED_EDGE('',*,*,#6504,.T.);
#8779=ORIENTED_EDGE('',*,*,#6505,.F.);
#8780=ORIENTED_EDGE('',*,*,#6048,.F.);
#8781=ORIENTED_EDGE('',*,*,#6045,.F.);
#8782=ORIENTED_EDGE('',*,*,#6052,.F.);
#8783=ORIENTED_EDGE('',*,*,#6506,.F.);
#8784=ORIENTED_EDGE('',*,*,#6502,.F.);
#8785=ORIENTED_EDGE('',*,*,#6507,.F.);
#8786=ORIENTED_EDGE('',*,*,#6508,.F.);
#8787=ORIENTED_EDGE('',*,*,#6509,.F.);
#8788=ORIENTED_EDGE('',*,*,#6505,.T.);
#8789=ORIENTED_EDGE('',*,*,#6510,.T.);
#8790=ORIENTED_EDGE('',*,*,#6511,.F.);
#8791=ORIENTED_EDGE('',*,*,#6049,.F.);
#8792=ORIENTED_EDGE('',*,*,#6512,.F.);
#8793=ORIENTED_EDGE('',*,*,#6513,.T.);
#8794=ORIENTED_EDGE('',*,*,#6053,.T.);
#8795=ORIENTED_EDGE('',*,*,#6047,.T.);
#8796=ORIENTED_EDGE('',*,*,#6050,.T.);
#8797=ORIENTED_EDGE('',*,*,#6511,.T.);
#8798=ORIENTED_EDGE('',*,*,#6506,.T.);
#8799=ORIENTED_EDGE('',*,*,#6051,.T.);
#8800=ORIENTED_EDGE('',*,*,#6513,.F.);
#8801=ORIENTED_EDGE('',*,*,#6514,.T.);
#8802=ORIENTED_EDGE('',*,*,#6069,.T.);
#8803=ORIENTED_EDGE('',*,*,#6515,.T.);
#8804=ORIENTED_EDGE('',*,*,#6516,.T.);
#8805=ORIENTED_EDGE('',*,*,#6517,.F.);
#8806=ORIENTED_EDGE('',*,*,#6065,.T.);
#8807=ORIENTED_EDGE('',*,*,#6518,.T.);
#8808=ORIENTED_EDGE('',*,*,#6519,.F.);
#8809=ORIENTED_EDGE('',*,*,#6059,.F.);
#8810=ORIENTED_EDGE('',*,*,#6520,.F.);
#8811=ORIENTED_EDGE('',*,*,#6521,.T.);
#8812=ORIENTED_EDGE('',*,*,#6063,.T.);
#8813=ORIENTED_EDGE('',*,*,#6057,.T.);
#8814=ORIENTED_EDGE('',*,*,#6060,.T.);
#8815=ORIENTED_EDGE('',*,*,#6519,.T.);
#8816=ORIENTED_EDGE('',*,*,#6066,.T.);
#8817=ORIENTED_EDGE('',*,*,#6061,.T.);
#8818=ORIENTED_EDGE('',*,*,#6521,.F.);
#8819=ORIENTED_EDGE('',*,*,#6522,.T.);
#8820=ORIENTED_EDGE('',*,*,#6085,.T.);
#8821=ORIENTED_EDGE('',*,*,#6523,.T.);
#8822=ORIENTED_EDGE('',*,*,#6067,.T.);
#8823=ORIENTED_EDGE('',*,*,#6524,.F.);
#8824=ORIENTED_EDGE('',*,*,#6081,.T.);
#8825=ORIENTED_EDGE('',*,*,#6525,.T.);
#8826=ORIENTED_EDGE('',*,*,#6526,.F.);
#8827=ORIENTED_EDGE('',*,*,#6075,.F.);
#8828=ORIENTED_EDGE('',*,*,#6527,.F.);
#8829=ORIENTED_EDGE('',*,*,#6528,.T.);
#8830=ORIENTED_EDGE('',*,*,#6079,.T.);
#8831=ORIENTED_EDGE('',*,*,#6073,.T.);
#8832=ORIENTED_EDGE('',*,*,#6076,.T.);
#8833=ORIENTED_EDGE('',*,*,#6526,.T.);
#8834=ORIENTED_EDGE('',*,*,#6082,.T.);
#8835=ORIENTED_EDGE('',*,*,#6077,.T.);
#8836=ORIENTED_EDGE('',*,*,#6528,.F.);
#8837=ORIENTED_EDGE('',*,*,#6529,.T.);
#8838=ORIENTED_EDGE('',*,*,#6101,.T.);
#8839=ORIENTED_EDGE('',*,*,#6530,.T.);
#8840=ORIENTED_EDGE('',*,*,#6083,.T.);
#8841=ORIENTED_EDGE('',*,*,#6531,.F.);
#8842=ORIENTED_EDGE('',*,*,#6097,.T.);
#8843=ORIENTED_EDGE('',*,*,#6532,.T.);
#8844=ORIENTED_EDGE('',*,*,#6533,.F.);
#8845=ORIENTED_EDGE('',*,*,#6091,.F.);
#8846=ORIENTED_EDGE('',*,*,#6534,.F.);
#8847=ORIENTED_EDGE('',*,*,#6535,.T.);
#8848=ORIENTED_EDGE('',*,*,#6095,.T.);
#8849=ORIENTED_EDGE('',*,*,#6089,.T.);
#8850=ORIENTED_EDGE('',*,*,#6092,.T.);
#8851=ORIENTED_EDGE('',*,*,#6533,.T.);
#8852=ORIENTED_EDGE('',*,*,#6098,.T.);
#8853=ORIENTED_EDGE('',*,*,#6093,.T.);
#8854=ORIENTED_EDGE('',*,*,#6535,.F.);
#8855=ORIENTED_EDGE('',*,*,#6536,.T.);
#8856=ORIENTED_EDGE('',*,*,#6117,.T.);
#8857=ORIENTED_EDGE('',*,*,#6537,.T.);
#8858=ORIENTED_EDGE('',*,*,#6099,.T.);
#8859=ORIENTED_EDGE('',*,*,#6538,.F.);
#8860=ORIENTED_EDGE('',*,*,#6113,.T.);
#8861=ORIENTED_EDGE('',*,*,#6539,.T.);
#8862=ORIENTED_EDGE('',*,*,#6540,.F.);
#8863=ORIENTED_EDGE('',*,*,#6107,.F.);
#8864=ORIENTED_EDGE('',*,*,#6541,.F.);
#8865=ORIENTED_EDGE('',*,*,#6542,.T.);
#8866=ORIENTED_EDGE('',*,*,#6111,.T.);
#8867=ORIENTED_EDGE('',*,*,#6105,.T.);
#8868=ORIENTED_EDGE('',*,*,#6108,.T.);
#8869=ORIENTED_EDGE('',*,*,#6540,.T.);
#8870=ORIENTED_EDGE('',*,*,#6114,.T.);
#8871=ORIENTED_EDGE('',*,*,#6109,.T.);
#8872=ORIENTED_EDGE('',*,*,#6542,.F.);
#8873=ORIENTED_EDGE('',*,*,#6543,.T.);
#8874=ORIENTED_EDGE('',*,*,#6544,.F.);
#8875=ORIENTED_EDGE('',*,*,#6545,.T.);
#8876=ORIENTED_EDGE('',*,*,#6546,.T.);
#8877=ORIENTED_EDGE('',*,*,#6119,.F.);
#8878=ORIENTED_EDGE('',*,*,#6547,.F.);
#8879=ORIENTED_EDGE('',*,*,#6548,.T.);
#8880=ORIENTED_EDGE('',*,*,#6544,.T.);
#8881=ORIENTED_EDGE('',*,*,#6123,.F.);
#8882=ORIENTED_EDGE('',*,*,#6549,.F.);
#8883=ORIENTED_EDGE('',*,*,#6550,.T.);
#8884=ORIENTED_EDGE('',*,*,#6547,.T.);
#8885=ORIENTED_EDGE('',*,*,#6126,.F.);
#8886=ORIENTED_EDGE('',*,*,#6546,.F.);
#8887=ORIENTED_EDGE('',*,*,#6551,.T.);
#8888=ORIENTED_EDGE('',*,*,#6549,.T.);
#8889=ORIENTED_EDGE('',*,*,#6129,.F.);
#8890=ORIENTED_EDGE('',*,*,#6552,.F.);
#8891=ORIENTED_EDGE('',*,*,#6553,.T.);
#8892=ORIENTED_EDGE('',*,*,#6554,.T.);
#8893=ORIENTED_EDGE('',*,*,#6132,.F.);
#8894=ORIENTED_EDGE('',*,*,#6555,.F.);
#8895=ORIENTED_EDGE('',*,*,#6556,.T.);
#8896=ORIENTED_EDGE('',*,*,#6552,.T.);
#8897=ORIENTED_EDGE('',*,*,#6136,.F.);
#8898=ORIENTED_EDGE('',*,*,#6557,.F.);
#8899=ORIENTED_EDGE('',*,*,#6558,.T.);
#8900=ORIENTED_EDGE('',*,*,#6555,.T.);
#8901=ORIENTED_EDGE('',*,*,#6139,.F.);
#8902=ORIENTED_EDGE('',*,*,#6554,.F.);
#8903=ORIENTED_EDGE('',*,*,#6559,.T.);
#8904=ORIENTED_EDGE('',*,*,#6557,.T.);
#8905=ORIENTED_EDGE('',*,*,#6142,.F.);
#8906=ORIENTED_EDGE('',*,*,#6560,.F.);
#8907=ORIENTED_EDGE('',*,*,#6561,.T.);
#8908=ORIENTED_EDGE('',*,*,#6562,.T.);
#8909=ORIENTED_EDGE('',*,*,#6145,.F.);
#8910=ORIENTED_EDGE('',*,*,#6563,.F.);
#8911=ORIENTED_EDGE('',*,*,#6564,.T.);
#8912=ORIENTED_EDGE('',*,*,#6560,.T.);
#8913=ORIENTED_EDGE('',*,*,#6149,.F.);
#8914=ORIENTED_EDGE('',*,*,#6565,.F.);
#8915=ORIENTED_EDGE('',*,*,#6566,.T.);
#8916=ORIENTED_EDGE('',*,*,#6563,.T.);
#8917=ORIENTED_EDGE('',*,*,#6152,.F.);
#8918=ORIENTED_EDGE('',*,*,#6562,.F.);
#8919=ORIENTED_EDGE('',*,*,#6567,.T.);
#8920=ORIENTED_EDGE('',*,*,#6565,.T.);
#8921=ORIENTED_EDGE('',*,*,#6155,.F.);
#8922=ORIENTED_EDGE('',*,*,#6568,.F.);
#8923=ORIENTED_EDGE('',*,*,#6569,.T.);
#8924=ORIENTED_EDGE('',*,*,#6570,.T.);
#8925=ORIENTED_EDGE('',*,*,#6158,.F.);
#8926=ORIENTED_EDGE('',*,*,#6571,.F.);
#8927=ORIENTED_EDGE('',*,*,#6572,.T.);
#8928=ORIENTED_EDGE('',*,*,#6568,.T.);
#8929=ORIENTED_EDGE('',*,*,#6162,.F.);
#8930=ORIENTED_EDGE('',*,*,#6573,.F.);
#8931=ORIENTED_EDGE('',*,*,#6574,.T.);
#8932=ORIENTED_EDGE('',*,*,#6571,.T.);
#8933=ORIENTED_EDGE('',*,*,#6165,.F.);
#8934=ORIENTED_EDGE('',*,*,#6570,.F.);
#8935=ORIENTED_EDGE('',*,*,#6575,.T.);
#8936=ORIENTED_EDGE('',*,*,#6573,.T.);
#8937=ORIENTED_EDGE('',*,*,#6168,.F.);
#8938=ORIENTED_EDGE('',*,*,#6576,.F.);
#8939=ORIENTED_EDGE('',*,*,#6577,.T.);
#8940=ORIENTED_EDGE('',*,*,#6578,.T.);
#8941=ORIENTED_EDGE('',*,*,#6171,.F.);
#8942=ORIENTED_EDGE('',*,*,#6579,.F.);
#8943=ORIENTED_EDGE('',*,*,#6580,.T.);
#8944=ORIENTED_EDGE('',*,*,#6576,.T.);
#8945=ORIENTED_EDGE('',*,*,#6175,.F.);
#8946=ORIENTED_EDGE('',*,*,#6581,.F.);
#8947=ORIENTED_EDGE('',*,*,#6582,.T.);
#8948=ORIENTED_EDGE('',*,*,#6579,.T.);
#8949=ORIENTED_EDGE('',*,*,#6178,.F.);
#8950=ORIENTED_EDGE('',*,*,#6578,.F.);
#8951=ORIENTED_EDGE('',*,*,#6583,.T.);
#8952=ORIENTED_EDGE('',*,*,#6581,.T.);
#8953=ORIENTED_EDGE('',*,*,#6181,.F.);
#8954=ORIENTED_EDGE('',*,*,#6584,.F.);
#8955=ORIENTED_EDGE('',*,*,#6585,.T.);
#8956=ORIENTED_EDGE('',*,*,#6586,.T.);
#8957=ORIENTED_EDGE('',*,*,#6184,.F.);
#8958=ORIENTED_EDGE('',*,*,#6587,.F.);
#8959=ORIENTED_EDGE('',*,*,#6588,.T.);
#8960=ORIENTED_EDGE('',*,*,#6584,.T.);
#8961=ORIENTED_EDGE('',*,*,#6188,.F.);
#8962=ORIENTED_EDGE('',*,*,#6589,.F.);
#8963=ORIENTED_EDGE('',*,*,#6590,.T.);
#8964=ORIENTED_EDGE('',*,*,#6587,.T.);
#8965=ORIENTED_EDGE('',*,*,#6191,.F.);
#8966=ORIENTED_EDGE('',*,*,#6586,.F.);
#8967=ORIENTED_EDGE('',*,*,#6591,.T.);
#8968=ORIENTED_EDGE('',*,*,#6589,.T.);
#8969=ORIENTED_EDGE('',*,*,#6194,.F.);
#8970=ORIENTED_EDGE('',*,*,#6592,.F.);
#8971=ORIENTED_EDGE('',*,*,#6593,.T.);
#8972=ORIENTED_EDGE('',*,*,#6594,.T.);
#8973=ORIENTED_EDGE('',*,*,#6197,.F.);
#8974=ORIENTED_EDGE('',*,*,#6595,.F.);
#8975=ORIENTED_EDGE('',*,*,#6596,.T.);
#8976=ORIENTED_EDGE('',*,*,#6592,.T.);
#8977=ORIENTED_EDGE('',*,*,#6201,.F.);
#8978=ORIENTED_EDGE('',*,*,#6597,.F.);
#8979=ORIENTED_EDGE('',*,*,#6598,.T.);
#8980=ORIENTED_EDGE('',*,*,#6595,.T.);
#8981=ORIENTED_EDGE('',*,*,#6204,.F.);
#8982=ORIENTED_EDGE('',*,*,#6594,.F.);
#8983=ORIENTED_EDGE('',*,*,#6599,.T.);
#8984=ORIENTED_EDGE('',*,*,#6597,.T.);
#8985=ORIENTED_EDGE('',*,*,#6207,.F.);
#8986=ORIENTED_EDGE('',*,*,#6600,.F.);
#8987=ORIENTED_EDGE('',*,*,#6601,.T.);
#8988=ORIENTED_EDGE('',*,*,#6602,.T.);
#8989=ORIENTED_EDGE('',*,*,#6210,.F.);
#8990=ORIENTED_EDGE('',*,*,#6603,.F.);
#8991=ORIENTED_EDGE('',*,*,#6604,.T.);
#8992=ORIENTED_EDGE('',*,*,#6600,.T.);
#8993=ORIENTED_EDGE('',*,*,#6214,.F.);
#8994=ORIENTED_EDGE('',*,*,#6605,.F.);
#8995=ORIENTED_EDGE('',*,*,#6606,.T.);
#8996=ORIENTED_EDGE('',*,*,#6603,.T.);
#8997=ORIENTED_EDGE('',*,*,#6217,.F.);
#8998=ORIENTED_EDGE('',*,*,#6602,.F.);
#8999=ORIENTED_EDGE('',*,*,#6607,.T.);
#9000=ORIENTED_EDGE('',*,*,#6605,.T.);
#9001=ORIENTED_EDGE('',*,*,#6220,.F.);
#9002=ORIENTED_EDGE('',*,*,#6608,.F.);
#9003=ORIENTED_EDGE('',*,*,#6609,.T.);
#9004=ORIENTED_EDGE('',*,*,#6610,.T.);
#9005=ORIENTED_EDGE('',*,*,#6223,.F.);
#9006=ORIENTED_EDGE('',*,*,#6611,.F.);
#9007=ORIENTED_EDGE('',*,*,#6612,.T.);
#9008=ORIENTED_EDGE('',*,*,#6608,.T.);
#9009=ORIENTED_EDGE('',*,*,#6227,.F.);
#9010=ORIENTED_EDGE('',*,*,#6613,.F.);
#9011=ORIENTED_EDGE('',*,*,#6614,.T.);
#9012=ORIENTED_EDGE('',*,*,#6611,.T.);
#9013=ORIENTED_EDGE('',*,*,#6230,.F.);
#9014=ORIENTED_EDGE('',*,*,#6610,.F.);
#9015=ORIENTED_EDGE('',*,*,#6615,.T.);
#9016=ORIENTED_EDGE('',*,*,#6613,.T.);
#9017=ORIENTED_EDGE('',*,*,#6233,.F.);
#9018=ORIENTED_EDGE('',*,*,#6616,.F.);
#9019=ORIENTED_EDGE('',*,*,#6617,.T.);
#9020=ORIENTED_EDGE('',*,*,#6618,.T.);
#9021=ORIENTED_EDGE('',*,*,#6236,.F.);
#9022=ORIENTED_EDGE('',*,*,#6619,.F.);
#9023=ORIENTED_EDGE('',*,*,#6620,.T.);
#9024=ORIENTED_EDGE('',*,*,#6616,.T.);
#9025=ORIENTED_EDGE('',*,*,#6240,.F.);
#9026=ORIENTED_EDGE('',*,*,#6621,.F.);
#9027=ORIENTED_EDGE('',*,*,#6622,.T.);
#9028=ORIENTED_EDGE('',*,*,#6619,.T.);
#9029=ORIENTED_EDGE('',*,*,#6243,.F.);
#9030=ORIENTED_EDGE('',*,*,#6618,.F.);
#9031=ORIENTED_EDGE('',*,*,#6623,.T.);
#9032=ORIENTED_EDGE('',*,*,#6621,.T.);
#9033=ORIENTED_EDGE('',*,*,#6246,.F.);
#9034=ORIENTED_EDGE('',*,*,#6259,.T.);
#9035=ORIENTED_EDGE('',*,*,#6624,.T.);
#9036=ORIENTED_EDGE('',*,*,#6625,.F.);
#9037=ORIENTED_EDGE('',*,*,#6253,.F.);
#9038=ORIENTED_EDGE('',*,*,#6626,.F.);
#9039=ORIENTED_EDGE('',*,*,#6627,.T.);
#9040=ORIENTED_EDGE('',*,*,#6257,.T.);
#9041=ORIENTED_EDGE('',*,*,#6251,.T.);
#9042=ORIENTED_EDGE('',*,*,#6254,.T.);
#9043=ORIENTED_EDGE('',*,*,#6625,.T.);
#9044=ORIENTED_EDGE('',*,*,#6260,.T.);
#9045=ORIENTED_EDGE('',*,*,#6255,.T.);
#9046=ORIENTED_EDGE('',*,*,#6627,.F.);
#9047=ORIENTED_EDGE('',*,*,#6628,.T.);
#9048=ORIENTED_EDGE('',*,*,#6262,.T.);
#9049=ORIENTED_EDGE('',*,*,#6629,.F.);
#9050=ORIENTED_EDGE('',*,*,#6277,.T.);
#9051=ORIENTED_EDGE('',*,*,#6630,.F.);
#9052=ORIENTED_EDGE('',*,*,#6275,.T.);
#9053=ORIENTED_EDGE('',*,*,#6631,.T.);
#9054=ORIENTED_EDGE('',*,*,#6632,.F.);
#9055=ORIENTED_EDGE('',*,*,#6269,.F.);
#9056=ORIENTED_EDGE('',*,*,#6633,.F.);
#9057=ORIENTED_EDGE('',*,*,#6634,.T.);
#9058=ORIENTED_EDGE('',*,*,#6273,.T.);
#9059=ORIENTED_EDGE('',*,*,#6267,.T.);
#9060=ORIENTED_EDGE('',*,*,#6270,.T.);
#9061=ORIENTED_EDGE('',*,*,#6632,.T.);
#9062=ORIENTED_EDGE('',*,*,#6276,.T.);
#9063=ORIENTED_EDGE('',*,*,#6271,.T.);
#9064=ORIENTED_EDGE('',*,*,#6634,.F.);
#9065=ORIENTED_EDGE('',*,*,#6635,.T.);
#9066=ORIENTED_EDGE('',*,*,#6278,.T.);
#9067=ORIENTED_EDGE('',*,*,#6636,.F.);
#9068=ORIENTED_EDGE('',*,*,#6293,.T.);
#9069=ORIENTED_EDGE('',*,*,#6637,.F.);
#9070=ORIENTED_EDGE('',*,*,#6291,.T.);
#9071=ORIENTED_EDGE('',*,*,#6638,.T.);
#9072=ORIENTED_EDGE('',*,*,#6639,.F.);
#9073=ORIENTED_EDGE('',*,*,#6285,.F.);
#9074=ORIENTED_EDGE('',*,*,#6640,.F.);
#9075=ORIENTED_EDGE('',*,*,#6641,.T.);
#9076=ORIENTED_EDGE('',*,*,#6289,.T.);
#9077=ORIENTED_EDGE('',*,*,#6283,.T.);
#9078=ORIENTED_EDGE('',*,*,#6286,.T.);
#9079=ORIENTED_EDGE('',*,*,#6639,.T.);
#9080=ORIENTED_EDGE('',*,*,#6292,.T.);
#9081=ORIENTED_EDGE('',*,*,#6287,.T.);
#9082=ORIENTED_EDGE('',*,*,#6641,.F.);
#9083=ORIENTED_EDGE('',*,*,#6642,.T.);
#9084=ORIENTED_EDGE('',*,*,#6294,.T.);
#9085=ORIENTED_EDGE('',*,*,#6643,.F.);
#9086=ORIENTED_EDGE('',*,*,#6309,.T.);
#9087=ORIENTED_EDGE('',*,*,#6644,.F.);
#9088=ORIENTED_EDGE('',*,*,#6307,.T.);
#9089=ORIENTED_EDGE('',*,*,#6645,.T.);
#9090=ORIENTED_EDGE('',*,*,#6646,.F.);
#9091=ORIENTED_EDGE('',*,*,#6301,.F.);
#9092=ORIENTED_EDGE('',*,*,#6647,.F.);
#9093=ORIENTED_EDGE('',*,*,#6648,.T.);
#9094=ORIENTED_EDGE('',*,*,#6305,.T.);
#9095=ORIENTED_EDGE('',*,*,#6299,.T.);
#9096=ORIENTED_EDGE('',*,*,#6302,.T.);
#9097=ORIENTED_EDGE('',*,*,#6646,.T.);
#9098=ORIENTED_EDGE('',*,*,#6308,.T.);
#9099=ORIENTED_EDGE('',*,*,#6303,.T.);
#9100=ORIENTED_EDGE('',*,*,#6648,.F.);
#9101=ORIENTED_EDGE('',*,*,#6649,.T.);
#9102=ORIENTED_EDGE('',*,*,#6310,.T.);
#9103=ORIENTED_EDGE('',*,*,#6650,.F.);
#9104=ORIENTED_EDGE('',*,*,#6651,.T.);
#9105=ORIENTED_EDGE('',*,*,#6652,.F.);
#9106=ORIENTED_EDGE('',*,*,#6323,.T.);
#9107=ORIENTED_EDGE('',*,*,#6653,.T.);
#9108=ORIENTED_EDGE('',*,*,#6654,.F.);
#9109=ORIENTED_EDGE('',*,*,#6317,.F.);
#9110=ORIENTED_EDGE('',*,*,#6655,.F.);
#9111=ORIENTED_EDGE('',*,*,#6656,.T.);
#9112=ORIENTED_EDGE('',*,*,#6321,.T.);
#9113=ORIENTED_EDGE('',*,*,#6315,.T.);
#9114=ORIENTED_EDGE('',*,*,#6318,.T.);
#9115=ORIENTED_EDGE('',*,*,#6654,.T.);
#9116=ORIENTED_EDGE('',*,*,#6324,.T.);
#9117=ORIENTED_EDGE('',*,*,#6319,.T.);
#9118=ORIENTED_EDGE('',*,*,#6656,.F.);
#9119=ORIENTED_EDGE('',*,*,#6657,.T.);
#9120=ORIENTED_EDGE('',*,*,#6651,.F.);
#9121=ORIENTED_EDGE('',*,*,#6322,.F.);
#9122=ORIENTED_EDGE('',*,*,#6658,.F.);
#9123=ORIENTED_EDGE('',*,*,#6338,.F.);
#9124=ORIENTED_EDGE('',*,*,#6330,.T.);
#9125=ORIENTED_EDGE('',*,*,#6341,.F.);
#9126=ORIENTED_EDGE('',*,*,#6659,.F.);
#9127=ORIENTED_EDGE('',*,*,#6660,.T.);
#9128=ORIENTED_EDGE('',*,*,#6661,.F.);
#9129=ORIENTED_EDGE('',*,*,#6339,.T.);
#9130=ORIENTED_EDGE('',*,*,#6662,.F.);
#9131=ORIENTED_EDGE('',*,*,#6663,.T.);
#9132=ORIENTED_EDGE('',*,*,#5636,.F.);
#9133=ORIENTED_EDGE('',*,*,#6336,.F.);
#9134=ORIENTED_EDGE('',*,*,#6333,.T.);
#9135=ORIENTED_EDGE('',*,*,#6332,.T.);
#9136=ORIENTED_EDGE('',*,*,#6328,.F.);
#9137=ORIENTED_EDGE('',*,*,#6661,.T.);
#9138=ORIENTED_EDGE('',*,*,#6664,.T.);
#9139=ORIENTED_EDGE('',*,*,#6665,.F.);
#9140=ORIENTED_EDGE('',*,*,#6342,.F.);
#9141=ORIENTED_EDGE('',*,*,#6326,.F.);
#9142=ORIENTED_EDGE('',*,*,#6337,.T.);
#9143=ORIENTED_EDGE('',*,*,#6334,.T.);
#9144=ORIENTED_EDGE('',*,*,#5638,.F.);
#9145=ORIENTED_EDGE('',*,*,#6666,.T.);
#9146=ORIENTED_EDGE('',*,*,#6667,.F.);
#9147=ORIENTED_EDGE('',*,*,#6343,.T.);
#9148=ORIENTED_EDGE('',*,*,#6665,.T.);
#9149=ORIENTED_EDGE('',*,*,#6668,.T.);
#9150=ORIENTED_EDGE('',*,*,#6669,.F.);
#9151=ORIENTED_EDGE('',*,*,#6340,.T.);
#9152=ORIENTED_EDGE('',*,*,#6652,.T.);
#9153=ORIENTED_EDGE('',*,*,#6667,.T.);
#9154=ORIENTED_EDGE('',*,*,#6670,.T.);
#9155=ORIENTED_EDGE('',*,*,#6671,.T.);
#9156=ORIENTED_EDGE('',*,*,#6349,.T.);
#9157=ORIENTED_EDGE('',*,*,#6359,.F.);
#9158=ORIENTED_EDGE('',*,*,#6672,.F.);
#9159=ORIENTED_EDGE('',*,*,#6673,.T.);
#9160=ORIENTED_EDGE('',*,*,#6674,.F.);
#9161=ORIENTED_EDGE('',*,*,#6357,.T.);
#9162=ORIENTED_EDGE('',*,*,#6671,.F.);
#9163=ORIENTED_EDGE('',*,*,#6675,.T.);
#9164=ORIENTED_EDGE('',*,*,#5679,.F.);
#9165=ORIENTED_EDGE('',*,*,#6355,.F.);
#9166=ORIENTED_EDGE('',*,*,#6352,.T.);
#9167=ORIENTED_EDGE('',*,*,#6351,.T.);
#9168=ORIENTED_EDGE('',*,*,#6347,.F.);
#9169=ORIENTED_EDGE('',*,*,#6674,.T.);
#9170=ORIENTED_EDGE('',*,*,#6676,.T.);
#9171=ORIENTED_EDGE('',*,*,#6677,.F.);
#9172=ORIENTED_EDGE('',*,*,#6360,.F.);
#9173=ORIENTED_EDGE('',*,*,#6345,.F.);
#9174=ORIENTED_EDGE('',*,*,#6356,.T.);
#9175=ORIENTED_EDGE('',*,*,#6353,.T.);
#9176=ORIENTED_EDGE('',*,*,#5681,.F.);
#9177=ORIENTED_EDGE('',*,*,#6678,.T.);
#9178=ORIENTED_EDGE('',*,*,#6679,.F.);
#9179=ORIENTED_EDGE('',*,*,#6361,.T.);
#9180=ORIENTED_EDGE('',*,*,#6677,.T.);
#9181=ORIENTED_EDGE('',*,*,#6680,.T.);
#9182=ORIENTED_EDGE('',*,*,#6681,.F.);
#9183=ORIENTED_EDGE('',*,*,#6358,.T.);
#9184=ORIENTED_EDGE('',*,*,#6644,.T.);
#9185=ORIENTED_EDGE('',*,*,#6679,.T.);
#9186=ORIENTED_EDGE('',*,*,#6682,.T.);
#9187=ORIENTED_EDGE('',*,*,#6683,.T.);
#9188=ORIENTED_EDGE('',*,*,#6367,.T.);
#9189=ORIENTED_EDGE('',*,*,#6377,.F.);
#9190=ORIENTED_EDGE('',*,*,#6684,.F.);
#9191=ORIENTED_EDGE('',*,*,#6685,.T.);
#9192=ORIENTED_EDGE('',*,*,#6686,.F.);
#9193=ORIENTED_EDGE('',*,*,#6375,.T.);
#9194=ORIENTED_EDGE('',*,*,#6683,.F.);
#9195=ORIENTED_EDGE('',*,*,#6687,.T.);
#9196=ORIENTED_EDGE('',*,*,#5722,.F.);
#9197=ORIENTED_EDGE('',*,*,#6373,.F.);
#9198=ORIENTED_EDGE('',*,*,#6370,.T.);
#9199=ORIENTED_EDGE('',*,*,#6369,.T.);
#9200=ORIENTED_EDGE('',*,*,#6365,.F.);
#9201=ORIENTED_EDGE('',*,*,#6686,.T.);
#9202=ORIENTED_EDGE('',*,*,#6688,.T.);
#9203=ORIENTED_EDGE('',*,*,#6689,.F.);
#9204=ORIENTED_EDGE('',*,*,#6378,.F.);
#9205=ORIENTED_EDGE('',*,*,#6363,.F.);
#9206=ORIENTED_EDGE('',*,*,#6374,.T.);
#9207=ORIENTED_EDGE('',*,*,#6371,.T.);
#9208=ORIENTED_EDGE('',*,*,#5724,.F.);
#9209=ORIENTED_EDGE('',*,*,#6690,.T.);
#9210=ORIENTED_EDGE('',*,*,#6691,.F.);
#9211=ORIENTED_EDGE('',*,*,#6379,.T.);
#9212=ORIENTED_EDGE('',*,*,#6689,.T.);
#9213=ORIENTED_EDGE('',*,*,#6692,.T.);
#9214=ORIENTED_EDGE('',*,*,#6693,.F.);
#9215=ORIENTED_EDGE('',*,*,#6376,.T.);
#9216=ORIENTED_EDGE('',*,*,#6637,.T.);
#9217=ORIENTED_EDGE('',*,*,#6691,.T.);
#9218=ORIENTED_EDGE('',*,*,#6694,.T.);
#9219=ORIENTED_EDGE('',*,*,#6695,.T.);
#9220=ORIENTED_EDGE('',*,*,#6385,.T.);
#9221=ORIENTED_EDGE('',*,*,#6395,.F.);
#9222=ORIENTED_EDGE('',*,*,#6696,.F.);
#9223=ORIENTED_EDGE('',*,*,#6697,.T.);
#9224=ORIENTED_EDGE('',*,*,#6698,.F.);
#9225=ORIENTED_EDGE('',*,*,#6393,.T.);
#9226=ORIENTED_EDGE('',*,*,#6695,.F.);
#9227=ORIENTED_EDGE('',*,*,#6699,.T.);
#9228=ORIENTED_EDGE('',*,*,#5765,.F.);
#9229=ORIENTED_EDGE('',*,*,#6391,.F.);
#9230=ORIENTED_EDGE('',*,*,#6388,.T.);
#9231=ORIENTED_EDGE('',*,*,#6387,.T.);
#9232=ORIENTED_EDGE('',*,*,#6383,.F.);
#9233=ORIENTED_EDGE('',*,*,#6698,.T.);
#9234=ORIENTED_EDGE('',*,*,#6700,.T.);
#9235=ORIENTED_EDGE('',*,*,#6701,.F.);
#9236=ORIENTED_EDGE('',*,*,#6396,.F.);
#9237=ORIENTED_EDGE('',*,*,#6381,.F.);
#9238=ORIENTED_EDGE('',*,*,#6392,.T.);
#9239=ORIENTED_EDGE('',*,*,#6389,.T.);
#9240=ORIENTED_EDGE('',*,*,#5767,.F.);
#9241=ORIENTED_EDGE('',*,*,#6702,.T.);
#9242=ORIENTED_EDGE('',*,*,#6703,.F.);
#9243=ORIENTED_EDGE('',*,*,#6397,.T.);
#9244=ORIENTED_EDGE('',*,*,#6701,.T.);
#9245=ORIENTED_EDGE('',*,*,#6704,.T.);
#9246=ORIENTED_EDGE('',*,*,#6705,.F.);
#9247=ORIENTED_EDGE('',*,*,#6394,.T.);
#9248=ORIENTED_EDGE('',*,*,#6630,.T.);
#9249=ORIENTED_EDGE('',*,*,#6703,.T.);
#9250=ORIENTED_EDGE('',*,*,#6706,.T.);
#9251=ORIENTED_EDGE('',*,*,#6707,.T.);
#9252=ORIENTED_EDGE('',*,*,#6403,.T.);
#9253=ORIENTED_EDGE('',*,*,#6413,.F.);
#9254=ORIENTED_EDGE('',*,*,#6708,.F.);
#9255=ORIENTED_EDGE('',*,*,#6709,.T.);
#9256=ORIENTED_EDGE('',*,*,#6710,.F.);
#9257=ORIENTED_EDGE('',*,*,#6411,.T.);
#9258=ORIENTED_EDGE('',*,*,#6707,.F.);
#9259=ORIENTED_EDGE('',*,*,#6711,.T.);
#9260=ORIENTED_EDGE('',*,*,#5808,.F.);
#9261=ORIENTED_EDGE('',*,*,#6409,.F.);
#9262=ORIENTED_EDGE('',*,*,#6406,.T.);
#9263=ORIENTED_EDGE('',*,*,#6405,.T.);
#9264=ORIENTED_EDGE('',*,*,#6401,.F.);
#9265=ORIENTED_EDGE('',*,*,#6710,.T.);
#9266=ORIENTED_EDGE('',*,*,#6712,.T.);
#9267=ORIENTED_EDGE('',*,*,#6713,.F.);
#9268=ORIENTED_EDGE('',*,*,#6414,.F.);
#9269=ORIENTED_EDGE('',*,*,#6399,.F.);
#9270=ORIENTED_EDGE('',*,*,#6410,.T.);
#9271=ORIENTED_EDGE('',*,*,#6407,.T.);
#9272=ORIENTED_EDGE('',*,*,#5810,.F.);
#9273=ORIENTED_EDGE('',*,*,#6714,.T.);
#9274=ORIENTED_EDGE('',*,*,#6715,.F.);
#9275=ORIENTED_EDGE('',*,*,#6415,.T.);
#9276=ORIENTED_EDGE('',*,*,#6713,.T.);
#9277=ORIENTED_EDGE('',*,*,#6716,.T.);
#9278=ORIENTED_EDGE('',*,*,#6717,.F.);
#9279=ORIENTED_EDGE('',*,*,#6412,.T.);
#9280=ORIENTED_EDGE('',*,*,#6421,.T.);
#9281=ORIENTED_EDGE('',*,*,#6431,.F.);
#9282=ORIENTED_EDGE('',*,*,#6718,.F.);
#9283=ORIENTED_EDGE('',*,*,#6719,.T.);
#9284=ORIENTED_EDGE('',*,*,#6720,.F.);
#9285=ORIENTED_EDGE('',*,*,#6429,.T.);
#9286=ORIENTED_EDGE('',*,*,#6721,.F.);
#9287=ORIENTED_EDGE('',*,*,#6722,.T.);
#9288=ORIENTED_EDGE('',*,*,#5851,.F.);
#9289=ORIENTED_EDGE('',*,*,#6427,.F.);
#9290=ORIENTED_EDGE('',*,*,#6424,.T.);
#9291=ORIENTED_EDGE('',*,*,#6423,.T.);
#9292=ORIENTED_EDGE('',*,*,#6419,.F.);
#9293=ORIENTED_EDGE('',*,*,#6720,.T.);
#9294=ORIENTED_EDGE('',*,*,#6723,.T.);
#9295=ORIENTED_EDGE('',*,*,#6724,.F.);
#9296=ORIENTED_EDGE('',*,*,#6432,.F.);
#9297=ORIENTED_EDGE('',*,*,#6417,.F.);
#9298=ORIENTED_EDGE('',*,*,#6428,.T.);
#9299=ORIENTED_EDGE('',*,*,#6425,.T.);
#9300=ORIENTED_EDGE('',*,*,#5853,.F.);
#9301=ORIENTED_EDGE('',*,*,#6725,.T.);
#9302=ORIENTED_EDGE('',*,*,#6726,.F.);
#9303=ORIENTED_EDGE('',*,*,#6433,.T.);
#9304=ORIENTED_EDGE('',*,*,#6724,.T.);
#9305=ORIENTED_EDGE('',*,*,#6727,.T.);
#9306=ORIENTED_EDGE('',*,*,#6728,.F.);
#9307=ORIENTED_EDGE('',*,*,#6430,.T.);
#9308=ORIENTED_EDGE('',*,*,#6537,.F.);
#9309=ORIENTED_EDGE('',*,*,#6726,.T.);
#9310=ORIENTED_EDGE('',*,*,#6729,.T.);
#9311=ORIENTED_EDGE('',*,*,#6730,.T.);
#9312=ORIENTED_EDGE('',*,*,#6439,.T.);
#9313=ORIENTED_EDGE('',*,*,#6449,.F.);
#9314=ORIENTED_EDGE('',*,*,#6731,.F.);
#9315=ORIENTED_EDGE('',*,*,#6732,.T.);
#9316=ORIENTED_EDGE('',*,*,#6733,.F.);
#9317=ORIENTED_EDGE('',*,*,#6447,.T.);
#9318=ORIENTED_EDGE('',*,*,#6730,.F.);
#9319=ORIENTED_EDGE('',*,*,#6734,.T.);
#9320=ORIENTED_EDGE('',*,*,#5894,.F.);
#9321=ORIENTED_EDGE('',*,*,#6445,.F.);
#9322=ORIENTED_EDGE('',*,*,#6442,.T.);
#9323=ORIENTED_EDGE('',*,*,#6441,.T.);
#9324=ORIENTED_EDGE('',*,*,#6437,.F.);
#9325=ORIENTED_EDGE('',*,*,#6733,.T.);
#9326=ORIENTED_EDGE('',*,*,#6735,.T.);
#9327=ORIENTED_EDGE('',*,*,#6736,.F.);
#9328=ORIENTED_EDGE('',*,*,#6450,.F.);
#9329=ORIENTED_EDGE('',*,*,#6435,.F.);
#9330=ORIENTED_EDGE('',*,*,#6446,.T.);
#9331=ORIENTED_EDGE('',*,*,#6443,.T.);
#9332=ORIENTED_EDGE('',*,*,#5896,.F.);
#9333=ORIENTED_EDGE('',*,*,#6737,.T.);
#9334=ORIENTED_EDGE('',*,*,#6738,.F.);
#9335=ORIENTED_EDGE('',*,*,#6451,.T.);
#9336=ORIENTED_EDGE('',*,*,#6736,.T.);
#9337=ORIENTED_EDGE('',*,*,#6739,.T.);
#9338=ORIENTED_EDGE('',*,*,#6740,.F.);
#9339=ORIENTED_EDGE('',*,*,#6448,.T.);
#9340=ORIENTED_EDGE('',*,*,#6530,.F.);
#9341=ORIENTED_EDGE('',*,*,#6738,.T.);
#9342=ORIENTED_EDGE('',*,*,#6741,.T.);
#9343=ORIENTED_EDGE('',*,*,#6742,.T.);
#9344=ORIENTED_EDGE('',*,*,#6457,.T.);
#9345=ORIENTED_EDGE('',*,*,#6467,.F.);
#9346=ORIENTED_EDGE('',*,*,#6743,.F.);
#9347=ORIENTED_EDGE('',*,*,#6744,.T.);
#9348=ORIENTED_EDGE('',*,*,#6745,.F.);
#9349=ORIENTED_EDGE('',*,*,#6465,.T.);
#9350=ORIENTED_EDGE('',*,*,#6742,.F.);
#9351=ORIENTED_EDGE('',*,*,#6746,.T.);
#9352=ORIENTED_EDGE('',*,*,#5937,.F.);
#9353=ORIENTED_EDGE('',*,*,#6463,.F.);
#9354=ORIENTED_EDGE('',*,*,#6460,.T.);
#9355=ORIENTED_EDGE('',*,*,#6459,.T.);
#9356=ORIENTED_EDGE('',*,*,#6455,.F.);
#9357=ORIENTED_EDGE('',*,*,#6745,.T.);
#9358=ORIENTED_EDGE('',*,*,#6747,.T.);
#9359=ORIENTED_EDGE('',*,*,#6748,.F.);
#9360=ORIENTED_EDGE('',*,*,#6468,.F.);
#9361=ORIENTED_EDGE('',*,*,#6453,.F.);
#9362=ORIENTED_EDGE('',*,*,#6464,.T.);
#9363=ORIENTED_EDGE('',*,*,#6461,.T.);
#9364=ORIENTED_EDGE('',*,*,#5939,.F.);
#9365=ORIENTED_EDGE('',*,*,#6749,.T.);
#9366=ORIENTED_EDGE('',*,*,#6750,.F.);
#9367=ORIENTED_EDGE('',*,*,#6469,.T.);
#9368=ORIENTED_EDGE('',*,*,#6748,.T.);
#9369=ORIENTED_EDGE('',*,*,#6751,.T.);
#9370=ORIENTED_EDGE('',*,*,#6752,.F.);
#9371=ORIENTED_EDGE('',*,*,#6466,.T.);
#9372=ORIENTED_EDGE('',*,*,#6523,.F.);
#9373=ORIENTED_EDGE('',*,*,#6750,.T.);
#9374=ORIENTED_EDGE('',*,*,#6753,.T.);
#9375=ORIENTED_EDGE('',*,*,#6754,.T.);
#9376=ORIENTED_EDGE('',*,*,#6475,.T.);
#9377=ORIENTED_EDGE('',*,*,#6485,.F.);
#9378=ORIENTED_EDGE('',*,*,#6755,.F.);
#9379=ORIENTED_EDGE('',*,*,#6756,.T.);
#9380=ORIENTED_EDGE('',*,*,#6757,.F.);
#9381=ORIENTED_EDGE('',*,*,#6483,.T.);
#9382=ORIENTED_EDGE('',*,*,#6754,.F.);
#9383=ORIENTED_EDGE('',*,*,#6758,.T.);
#9384=ORIENTED_EDGE('',*,*,#5980,.F.);
#9385=ORIENTED_EDGE('',*,*,#6481,.F.);
#9386=ORIENTED_EDGE('',*,*,#6478,.T.);
#9387=ORIENTED_EDGE('',*,*,#6477,.T.);
#9388=ORIENTED_EDGE('',*,*,#6473,.F.);
#9389=ORIENTED_EDGE('',*,*,#6757,.T.);
#9390=ORIENTED_EDGE('',*,*,#6759,.T.);
#9391=ORIENTED_EDGE('',*,*,#6760,.F.);
#9392=ORIENTED_EDGE('',*,*,#6486,.F.);
#9393=ORIENTED_EDGE('',*,*,#6471,.F.);
#9394=ORIENTED_EDGE('',*,*,#6482,.T.);
#9395=ORIENTED_EDGE('',*,*,#6479,.T.);
#9396=ORIENTED_EDGE('',*,*,#5982,.F.);
#9397=ORIENTED_EDGE('',*,*,#6761,.T.);
#9398=ORIENTED_EDGE('',*,*,#6762,.F.);
#9399=ORIENTED_EDGE('',*,*,#6487,.T.);
#9400=ORIENTED_EDGE('',*,*,#6760,.T.);
#9401=ORIENTED_EDGE('',*,*,#6763,.T.);
#9402=ORIENTED_EDGE('',*,*,#6764,.F.);
#9403=ORIENTED_EDGE('',*,*,#6484,.T.);
#9404=ORIENTED_EDGE('',*,*,#6515,.F.);
#9405=ORIENTED_EDGE('',*,*,#6762,.T.);
#9406=ORIENTED_EDGE('',*,*,#6765,.T.);
#9407=ORIENTED_EDGE('',*,*,#6766,.T.);
#9408=ORIENTED_EDGE('',*,*,#6493,.T.);
#9409=ORIENTED_EDGE('',*,*,#6498,.F.);
#9410=ORIENTED_EDGE('',*,*,#6767,.F.);
#9411=ORIENTED_EDGE('',*,*,#6768,.T.);
#9412=ORIENTED_EDGE('',*,*,#6769,.F.);
#9413=ORIENTED_EDGE('',*,*,#6509,.T.);
#9414=ORIENTED_EDGE('',*,*,#6766,.F.);
#9415=ORIENTED_EDGE('',*,*,#6770,.T.);
#9416=ORIENTED_EDGE('',*,*,#6041,.F.);
#9417=ORIENTED_EDGE('',*,*,#6503,.F.);
#9418=ORIENTED_EDGE('',*,*,#6496,.T.);
#9419=ORIENTED_EDGE('',*,*,#6495,.T.);
#9420=ORIENTED_EDGE('',*,*,#6491,.F.);
#9421=ORIENTED_EDGE('',*,*,#6769,.T.);
#9422=ORIENTED_EDGE('',*,*,#6771,.T.);
#9423=ORIENTED_EDGE('',*,*,#6772,.F.);
#9424=ORIENTED_EDGE('',*,*,#6499,.F.);
#9425=ORIENTED_EDGE('',*,*,#6489,.F.);
#9426=ORIENTED_EDGE('',*,*,#6500,.T.);
#9427=ORIENTED_EDGE('',*,*,#6772,.T.);
#9428=ORIENTED_EDGE('',*,*,#6773,.T.);
#9429=ORIENTED_EDGE('',*,*,#6774,.F.);
#9430=ORIENTED_EDGE('',*,*,#6497,.T.);
#9431=ORIENTED_EDGE('',*,*,#6507,.T.);
#9432=ORIENTED_EDGE('',*,*,#6501,.T.);
#9433=ORIENTED_EDGE('',*,*,#6043,.F.);
#9434=ORIENTED_EDGE('',*,*,#6775,.T.);
#9435=ORIENTED_EDGE('',*,*,#6776,.F.);
#9436=ORIENTED_EDGE('',*,*,#6516,.F.);
#9437=ORIENTED_EDGE('',*,*,#6508,.T.);
#9438=ORIENTED_EDGE('',*,*,#6777,.F.);
#9439=ORIENTED_EDGE('',*,*,#6504,.F.);
#9440=ORIENTED_EDGE('',*,*,#6658,.T.);
#9441=ORIENTED_EDGE('',*,*,#6778,.F.);
#9442=ORIENTED_EDGE('',*,*,#6779,.F.);
#9443=ORIENTED_EDGE('',*,*,#6780,.F.);
#9444=ORIENTED_EDGE('',*,*,#6780,.T.);
#9445=ORIENTED_EDGE('',*,*,#6781,.T.);
#9446=ORIENTED_EDGE('',*,*,#6782,.T.);
#9447=ORIENTED_EDGE('',*,*,#6662,.T.);
#9448=ORIENTED_EDGE('',*,*,#6783,.F.);
#9449=ORIENTED_EDGE('',*,*,#6776,.T.);
#9450=ORIENTED_EDGE('',*,*,#6784,.T.);
#9451=ORIENTED_EDGE('',*,*,#6785,.F.);
#9452=ORIENTED_EDGE('',*,*,#6777,.T.);
#9453=ORIENTED_EDGE('',*,*,#6783,.T.);
#9454=ORIENTED_EDGE('',*,*,#6786,.F.);
#9455=ORIENTED_EDGE('',*,*,#6787,.F.);
#9456=ORIENTED_EDGE('',*,*,#6786,.T.);
#9457=ORIENTED_EDGE('',*,*,#6785,.T.);
#9458=ORIENTED_EDGE('',*,*,#6788,.T.);
#9459=ORIENTED_EDGE('',*,*,#6781,.F.);
#9460=ORIENTED_EDGE('',*,*,#6779,.T.);
#9461=ORIENTED_EDGE('',*,*,#6789,.T.);
#9462=ORIENTED_EDGE('',*,*,#6790,.F.);
#9463=ORIENTED_EDGE('',*,*,#6791,.F.);
#9464=ORIENTED_EDGE('',*,*,#6792,.F.);
#9465=ORIENTED_EDGE('',*,*,#6793,.T.);
#9466=ORIENTED_EDGE('',*,*,#6794,.T.);
#9467=ORIENTED_EDGE('',*,*,#6721,.T.);
#9468=ORIENTED_EDGE('',*,*,#6795,.F.);
#9469=ORIENTED_EDGE('',*,*,#6796,.T.);
#9470=ORIENTED_EDGE('',*,*,#6792,.T.);
#9471=ORIENTED_EDGE('',*,*,#6115,.T.);
#9472=ORIENTED_EDGE('',*,*,#6797,.T.);
#9473=ORIENTED_EDGE('',*,*,#6798,.T.);
#9474=ORIENTED_EDGE('',*,*,#6799,.T.);
#9475=ORIENTED_EDGE('',*,*,#6800,.F.);
#9476=ORIENTED_EDGE('',*,*,#6801,.T.);
#9477=ORIENTED_EDGE('',*,*,#6802,.T.);
#9478=ORIENTED_EDGE('',*,*,#6803,.T.);
#9479=ORIENTED_EDGE('',*,*,#6804,.F.);
#9480=ORIENTED_EDGE('',*,*,#6805,.T.);
#9481=ORIENTED_EDGE('',*,*,#6793,.F.);
#9482=ORIENTED_EDGE('',*,*,#6806,.T.);
#9483=ORIENTED_EDGE('',*,*,#6807,.T.);
#9484=ORIENTED_EDGE('',*,*,#6808,.F.);
#9485=ORIENTED_EDGE('',*,*,#6809,.T.);
#9486=ORIENTED_EDGE('',*,*,#6810,.T.);
#9487=ORIENTED_EDGE('',*,*,#6798,.F.);
#9488=ORIENTED_EDGE('',*,*,#6811,.F.);
#9489=ORIENTED_EDGE('',*,*,#6812,.F.);
#9490=ORIENTED_EDGE('',*,*,#6813,.T.);
#9491=ORIENTED_EDGE('',*,*,#6814,.F.);
#9492=ORIENTED_EDGE('',*,*,#6815,.T.);
#9493=ORIENTED_EDGE('',*,*,#6816,.F.);
#9494=ORIENTED_EDGE('',*,*,#6817,.F.);
#9495=ORIENTED_EDGE('',*,*,#6818,.T.);
#9496=ORIENTED_EDGE('',*,*,#6819,.F.);
#9497=ORIENTED_EDGE('',*,*,#6820,.F.);
#9498=ORIENTED_EDGE('',*,*,#6821,.T.);
#9499=ORIENTED_EDGE('',*,*,#6809,.F.);
#9500=ORIENTED_EDGE('',*,*,#6822,.T.);
#9501=ORIENTED_EDGE('',*,*,#6823,.T.);
#9502=ORIENTED_EDGE('',*,*,#6824,.T.);
#9503=ORIENTED_EDGE('',*,*,#6825,.F.);
#9504=ORIENTED_EDGE('',*,*,#6826,.T.);
#9505=ORIENTED_EDGE('',*,*,#6827,.T.);
#9506=ORIENTED_EDGE('',*,*,#6828,.T.);
#9507=ORIENTED_EDGE('',*,*,#6829,.F.);
#9508=ORIENTED_EDGE('',*,*,#6830,.T.);
#9509=ORIENTED_EDGE('',*,*,#6831,.F.);
#9510=ORIENTED_EDGE('',*,*,#6832,.T.);
#9511=ORIENTED_EDGE('',*,*,#6833,.T.);
#9512=ORIENTED_EDGE('',*,*,#6834,.F.);
#9513=ORIENTED_EDGE('',*,*,#6835,.T.);
#9514=ORIENTED_EDGE('',*,*,#6836,.T.);
#9515=ORIENTED_EDGE('',*,*,#6823,.F.);
#9516=ORIENTED_EDGE('',*,*,#6837,.F.);
#9517=ORIENTED_EDGE('',*,*,#6838,.F.);
#9518=ORIENTED_EDGE('',*,*,#6839,.T.);
#9519=ORIENTED_EDGE('',*,*,#6840,.F.);
#9520=ORIENTED_EDGE('',*,*,#6841,.T.);
#9521=ORIENTED_EDGE('',*,*,#6842,.F.);
#9522=ORIENTED_EDGE('',*,*,#6843,.F.);
#9523=ORIENTED_EDGE('',*,*,#6844,.T.);
#9524=ORIENTED_EDGE('',*,*,#6845,.F.);
#9525=ORIENTED_EDGE('',*,*,#6846,.F.);
#9526=ORIENTED_EDGE('',*,*,#6847,.T.);
#9527=ORIENTED_EDGE('',*,*,#6835,.F.);
#9528=ORIENTED_EDGE('',*,*,#6848,.T.);
#9529=ORIENTED_EDGE('',*,*,#6840,.T.);
#9530=ORIENTED_EDGE('',*,*,#6849,.T.);
#9531=ORIENTED_EDGE('',*,*,#6715,.T.);
#9532=ORIENTED_EDGE('',*,*,#6849,.F.);
#9533=ORIENTED_EDGE('',*,*,#6850,.T.);
#9534=ORIENTED_EDGE('',*,*,#6851,.F.);
#9535=ORIENTED_EDGE('',*,*,#6261,.T.);
#9536=ORIENTED_EDGE('',*,*,#6852,.T.);
#9537=ORIENTED_EDGE('',*,*,#6853,.T.);
#9538=ORIENTED_EDGE('',*,*,#6854,.F.);
#9539=ORIENTED_EDGE('',*,*,#6855,.T.);
#9540=ORIENTED_EDGE('',*,*,#6856,.F.);
#9541=ORIENTED_EDGE('',*,*,#6854,.T.);
#9542=ORIENTED_EDGE('',*,*,#6857,.T.);
#9543=ORIENTED_EDGE('',*,*,#6858,.T.);
#9544=ORIENTED_EDGE('',*,*,#6859,.T.);
#9545=ORIENTED_EDGE('',*,*,#6860,.T.);
#9546=ORIENTED_EDGE('',*,*,#6861,.T.);
#9547=ORIENTED_EDGE('',*,*,#6862,.T.);
#9548=ORIENTED_EDGE('',*,*,#6860,.F.);
#9549=ORIENTED_EDGE('',*,*,#6863,.F.);
#9550=ORIENTED_EDGE('',*,*,#6864,.F.);
#9551=ORIENTED_EDGE('',*,*,#6865,.T.);
#9552=ORIENTED_EDGE('',*,*,#6866,.T.);
#9553=ORIENTED_EDGE('',*,*,#6867,.F.);
#9554=ORIENTED_EDGE('',*,*,#6866,.F.);
#9555=ORIENTED_EDGE('',*,*,#6868,.T.);
#9556=ORIENTED_EDGE('',*,*,#6869,.T.);
#9557=ORIENTED_EDGE('',*,*,#6870,.F.);
#9558=ORIENTED_EDGE('',*,*,#6869,.F.);
#9559=ORIENTED_EDGE('',*,*,#6871,.T.);
#9560=ORIENTED_EDGE('',*,*,#6872,.T.);
#9561=ORIENTED_EDGE('',*,*,#6873,.F.);
#9562=ORIENTED_EDGE('',*,*,#6872,.F.);
#9563=ORIENTED_EDGE('',*,*,#6874,.T.);
#9564=ORIENTED_EDGE('',*,*,#6864,.T.);
#9565=ORIENTED_EDGE('',*,*,#6875,.F.);
#9566=ORIENTED_EDGE('',*,*,#6876,.F.);
#9567=ORIENTED_EDGE('',*,*,#6877,.T.);
#9568=ORIENTED_EDGE('',*,*,#6878,.T.);
#9569=ORIENTED_EDGE('',*,*,#6879,.F.);
#9570=ORIENTED_EDGE('',*,*,#6878,.F.);
#9571=ORIENTED_EDGE('',*,*,#6880,.T.);
#9572=ORIENTED_EDGE('',*,*,#6881,.T.);
#9573=ORIENTED_EDGE('',*,*,#6882,.F.);
#9574=ORIENTED_EDGE('',*,*,#6881,.F.);
#9575=ORIENTED_EDGE('',*,*,#6883,.T.);
#9576=ORIENTED_EDGE('',*,*,#6884,.T.);
#9577=ORIENTED_EDGE('',*,*,#6885,.F.);
#9578=ORIENTED_EDGE('',*,*,#6884,.F.);
#9579=ORIENTED_EDGE('',*,*,#6886,.T.);
#9580=ORIENTED_EDGE('',*,*,#6876,.T.);
#9581=ORIENTED_EDGE('',*,*,#6887,.F.);
#9582=ORIENTED_EDGE('',*,*,#6888,.T.);
#9583=ORIENTED_EDGE('',*,*,#6889,.T.);
#9584=ORIENTED_EDGE('',*,*,#6890,.F.);
#9585=ORIENTED_EDGE('',*,*,#6891,.T.);
#9586=ORIENTED_EDGE('',*,*,#6892,.F.);
#9587=ORIENTED_EDGE('',*,*,#6890,.T.);
#9588=ORIENTED_EDGE('',*,*,#6893,.T.);
#9589=ORIENTED_EDGE('',*,*,#6894,.T.);
#9590=ORIENTED_EDGE('',*,*,#6895,.T.);
#9591=ORIENTED_EDGE('',*,*,#6896,.T.);
#9592=ORIENTED_EDGE('',*,*,#6897,.T.);
#9593=ORIENTED_EDGE('',*,*,#6898,.T.);
#9594=ORIENTED_EDGE('',*,*,#6896,.F.);
#9595=ORIENTED_EDGE('',*,*,#6899,.F.);
#9596=ORIENTED_EDGE('',*,*,#6811,.T.);
#9597=ORIENTED_EDGE('',*,*,#6797,.F.);
#9598=ORIENTED_EDGE('',*,*,#6900,.F.);
#9599=ORIENTED_EDGE('',*,*,#6901,.T.);
#9600=ORIENTED_EDGE('',*,*,#6902,.T.);
#9601=ORIENTED_EDGE('',*,*,#6903,.F.);
#9602=ORIENTED_EDGE('',*,*,#6904,.T.);
#9603=ORIENTED_EDGE('',*,*,#6905,.F.);
#9604=ORIENTED_EDGE('',*,*,#6801,.F.);
#9605=ORIENTED_EDGE('',*,*,#6906,.T.);
#9606=ORIENTED_EDGE('',*,*,#6819,.T.);
#9607=ORIENTED_EDGE('',*,*,#6907,.T.);
#9608=ORIENTED_EDGE('',*,*,#6908,.T.);
#9609=ORIENTED_EDGE('',*,*,#6909,.T.);
#9610=ORIENTED_EDGE('',*,*,#6910,.F.);
#9611=ORIENTED_EDGE('',*,*,#6911,.F.);
#9612=ORIENTED_EDGE('',*,*,#6802,.F.);
#9613=ORIENTED_EDGE('',*,*,#6912,.F.);
#9614=ORIENTED_EDGE('',*,*,#6813,.F.);
#9615=ORIENTED_EDGE('',*,*,#6803,.F.);
#9616=ORIENTED_EDGE('',*,*,#6911,.T.);
#9617=ORIENTED_EDGE('',*,*,#6817,.T.);
#9618=ORIENTED_EDGE('',*,*,#6913,.F.);
#9619=ORIENTED_EDGE('',*,*,#6914,.T.);
#9620=ORIENTED_EDGE('',*,*,#6915,.T.);
#9621=ORIENTED_EDGE('',*,*,#6916,.T.);
#9622=ORIENTED_EDGE('',*,*,#6917,.F.);
#9623=ORIENTED_EDGE('',*,*,#6918,.F.);
#9624=ORIENTED_EDGE('',*,*,#6919,.F.);
#9625=ORIENTED_EDGE('',*,*,#6806,.F.);
#9626=ORIENTED_EDGE('',*,*,#6920,.F.);
#9627=ORIENTED_EDGE('',*,*,#6921,.F.);
#9628=ORIENTED_EDGE('',*,*,#6922,.F.);
#9629=ORIENTED_EDGE('',*,*,#6923,.T.);
#9630=ORIENTED_EDGE('',*,*,#6924,.T.);
#9631=ORIENTED_EDGE('',*,*,#6919,.T.);
#9632=ORIENTED_EDGE('',*,*,#6925,.F.);
#9633=ORIENTED_EDGE('',*,*,#6926,.T.);
#9634=ORIENTED_EDGE('',*,*,#6927,.T.);
#9635=ORIENTED_EDGE('',*,*,#6928,.F.);
#9636=ORIENTED_EDGE('',*,*,#6807,.F.);
#9637=ORIENTED_EDGE('',*,*,#6808,.T.);
#9638=ORIENTED_EDGE('',*,*,#6928,.T.);
#9639=ORIENTED_EDGE('',*,*,#6929,.T.);
#9640=ORIENTED_EDGE('',*,*,#6930,.F.);
#9641=ORIENTED_EDGE('',*,*,#6818,.F.);
#9642=ORIENTED_EDGE('',*,*,#6931,.T.);
#9643=ORIENTED_EDGE('',*,*,#6932,.T.);
#9644=ORIENTED_EDGE('',*,*,#6920,.T.);
#9645=ORIENTED_EDGE('',*,*,#6812,.T.);
#9646=ORIENTED_EDGE('',*,*,#6902,.F.);
#9647=ORIENTED_EDGE('',*,*,#6933,.F.);
#9648=ORIENTED_EDGE('',*,*,#6837,.T.);
#9649=ORIENTED_EDGE('',*,*,#6822,.F.);
#9650=ORIENTED_EDGE('',*,*,#6934,.F.);
#9651=ORIENTED_EDGE('',*,*,#6935,.T.);
#9652=ORIENTED_EDGE('',*,*,#6936,.T.);
#9653=ORIENTED_EDGE('',*,*,#6937,.F.);
#9654=ORIENTED_EDGE('',*,*,#6938,.T.);
#9655=ORIENTED_EDGE('',*,*,#6939,.F.);
#9656=ORIENTED_EDGE('',*,*,#6826,.F.);
#9657=ORIENTED_EDGE('',*,*,#6940,.T.);
#9658=ORIENTED_EDGE('',*,*,#6845,.T.);
#9659=ORIENTED_EDGE('',*,*,#6941,.T.);
#9660=ORIENTED_EDGE('',*,*,#6942,.T.);
#9661=ORIENTED_EDGE('',*,*,#6943,.T.);
#9662=ORIENTED_EDGE('',*,*,#6944,.F.);
#9663=ORIENTED_EDGE('',*,*,#6945,.F.);
#9664=ORIENTED_EDGE('',*,*,#6827,.F.);
#9665=ORIENTED_EDGE('',*,*,#6946,.T.);
#9666=ORIENTED_EDGE('',*,*,#6839,.F.);
#9667=ORIENTED_EDGE('',*,*,#6828,.F.);
#9668=ORIENTED_EDGE('',*,*,#6945,.T.);
#9669=ORIENTED_EDGE('',*,*,#6843,.T.);
#9670=ORIENTED_EDGE('',*,*,#6947,.F.);
#9671=ORIENTED_EDGE('',*,*,#6948,.T.);
#9672=ORIENTED_EDGE('',*,*,#6949,.T.);
#9673=ORIENTED_EDGE('',*,*,#6950,.T.);
#9674=ORIENTED_EDGE('',*,*,#6951,.F.);
#9675=ORIENTED_EDGE('',*,*,#6952,.F.);
#9676=ORIENTED_EDGE('',*,*,#6953,.F.);
#9677=ORIENTED_EDGE('',*,*,#6832,.F.);
#9678=ORIENTED_EDGE('',*,*,#6954,.F.);
#9679=ORIENTED_EDGE('',*,*,#6955,.F.);
#9680=ORIENTED_EDGE('',*,*,#6956,.F.);
#9681=ORIENTED_EDGE('',*,*,#6957,.T.);
#9682=ORIENTED_EDGE('',*,*,#6958,.T.);
#9683=ORIENTED_EDGE('',*,*,#6953,.T.);
#9684=ORIENTED_EDGE('',*,*,#6959,.F.);
#9685=ORIENTED_EDGE('',*,*,#6960,.T.);
#9686=ORIENTED_EDGE('',*,*,#6961,.T.);
#9687=ORIENTED_EDGE('',*,*,#6962,.F.);
#9688=ORIENTED_EDGE('',*,*,#6833,.F.);
#9689=ORIENTED_EDGE('',*,*,#6834,.T.);
#9690=ORIENTED_EDGE('',*,*,#6962,.T.);
#9691=ORIENTED_EDGE('',*,*,#6963,.T.);
#9692=ORIENTED_EDGE('',*,*,#6964,.F.);
#9693=ORIENTED_EDGE('',*,*,#6844,.F.);
#9694=ORIENTED_EDGE('',*,*,#6965,.T.);
#9695=ORIENTED_EDGE('',*,*,#6966,.T.);
#9696=ORIENTED_EDGE('',*,*,#6954,.T.);
#9697=ORIENTED_EDGE('',*,*,#6838,.T.);
#9698=ORIENTED_EDGE('',*,*,#6936,.F.);
#9699=ORIENTED_EDGE('',*,*,#6967,.F.);
#9700=ORIENTED_EDGE('',*,*,#6968,.F.);
#9701=ORIENTED_EDGE('',*,*,#6969,.F.);
#9702=ORIENTED_EDGE('',*,*,#6850,.F.);
#9703=ORIENTED_EDGE('',*,*,#6946,.F.);
#9704=ORIENTED_EDGE('',*,*,#6969,.T.);
#9705=ORIENTED_EDGE('',*,*,#6861,.F.);
#9706=ORIENTED_EDGE('',*,*,#6970,.F.);
#9707=ORIENTED_EDGE('',*,*,#6971,.F.);
#9708=ORIENTED_EDGE('',*,*,#6972,.F.);
#9709=ORIENTED_EDGE('',*,*,#6852,.F.);
#9710=ORIENTED_EDGE('',*,*,#6853,.F.);
#9711=ORIENTED_EDGE('',*,*,#6972,.T.);
#9712=ORIENTED_EDGE('',*,*,#6973,.T.);
#9713=ORIENTED_EDGE('',*,*,#6857,.F.);
#9714=ORIENTED_EDGE('',*,*,#6974,.F.);
#9715=ORIENTED_EDGE('',*,*,#6970,.T.);
#9716=ORIENTED_EDGE('',*,*,#6863,.T.);
#9717=ORIENTED_EDGE('',*,*,#6859,.F.);
#9718=ORIENTED_EDGE('',*,*,#6973,.F.);
#9719=ORIENTED_EDGE('',*,*,#6971,.T.);
#9720=ORIENTED_EDGE('',*,*,#6974,.T.);
#9721=ORIENTED_EDGE('',*,*,#6858,.F.);
#9722=ORIENTED_EDGE('',*,*,#6975,.F.);
#9723=ORIENTED_EDGE('',*,*,#6867,.T.);
#9724=ORIENTED_EDGE('',*,*,#6976,.T.);
#9725=ORIENTED_EDGE('',*,*,#6915,.F.);
#9726=ORIENTED_EDGE('',*,*,#6976,.F.);
#9727=ORIENTED_EDGE('',*,*,#6870,.T.);
#9728=ORIENTED_EDGE('',*,*,#6977,.T.);
#9729=ORIENTED_EDGE('',*,*,#6923,.F.);
#9730=ORIENTED_EDGE('',*,*,#6978,.F.);
#9731=ORIENTED_EDGE('',*,*,#6916,.F.);
#9732=ORIENTED_EDGE('',*,*,#6977,.F.);
#9733=ORIENTED_EDGE('',*,*,#6873,.T.);
#9734=ORIENTED_EDGE('',*,*,#6979,.T.);
#9735=ORIENTED_EDGE('',*,*,#6924,.F.);
#9736=ORIENTED_EDGE('',*,*,#6979,.F.);
#9737=ORIENTED_EDGE('',*,*,#6875,.T.);
#9738=ORIENTED_EDGE('',*,*,#6975,.T.);
#9739=ORIENTED_EDGE('',*,*,#6914,.F.);
#9740=ORIENTED_EDGE('',*,*,#6980,.F.);
#9741=ORIENTED_EDGE('',*,*,#6879,.T.);
#9742=ORIENTED_EDGE('',*,*,#6981,.T.);
#9743=ORIENTED_EDGE('',*,*,#6949,.F.);
#9744=ORIENTED_EDGE('',*,*,#6981,.F.);
#9745=ORIENTED_EDGE('',*,*,#6882,.T.);
#9746=ORIENTED_EDGE('',*,*,#6982,.T.);
#9747=ORIENTED_EDGE('',*,*,#6957,.F.);
#9748=ORIENTED_EDGE('',*,*,#6983,.F.);
#9749=ORIENTED_EDGE('',*,*,#6950,.F.);
#9750=ORIENTED_EDGE('',*,*,#6982,.F.);
#9751=ORIENTED_EDGE('',*,*,#6885,.T.);
#9752=ORIENTED_EDGE('',*,*,#6984,.T.);
#9753=ORIENTED_EDGE('',*,*,#6958,.F.);
#9754=ORIENTED_EDGE('',*,*,#6984,.F.);
#9755=ORIENTED_EDGE('',*,*,#6887,.T.);
#9756=ORIENTED_EDGE('',*,*,#6980,.T.);
#9757=ORIENTED_EDGE('',*,*,#6948,.F.);
#9758=ORIENTED_EDGE('',*,*,#6985,.F.);
#9759=ORIENTED_EDGE('',*,*,#6912,.T.);
#9760=ORIENTED_EDGE('',*,*,#6796,.F.);
#9761=ORIENTED_EDGE('',*,*,#6986,.F.);
#9762=ORIENTED_EDGE('',*,*,#6986,.T.);
#9763=ORIENTED_EDGE('',*,*,#6897,.F.);
#9764=ORIENTED_EDGE('',*,*,#6987,.F.);
#9765=ORIENTED_EDGE('',*,*,#6988,.F.);
#9766=ORIENTED_EDGE('',*,*,#6989,.F.);
#9767=ORIENTED_EDGE('',*,*,#6888,.F.);
#9768=ORIENTED_EDGE('',*,*,#6889,.F.);
#9769=ORIENTED_EDGE('',*,*,#6989,.T.);
#9770=ORIENTED_EDGE('',*,*,#6990,.T.);
#9771=ORIENTED_EDGE('',*,*,#6893,.F.);
#9772=ORIENTED_EDGE('',*,*,#6991,.F.);
#9773=ORIENTED_EDGE('',*,*,#6987,.T.);
#9774=ORIENTED_EDGE('',*,*,#6899,.T.);
#9775=ORIENTED_EDGE('',*,*,#6895,.F.);
#9776=ORIENTED_EDGE('',*,*,#6990,.F.);
#9777=ORIENTED_EDGE('',*,*,#6988,.T.);
#9778=ORIENTED_EDGE('',*,*,#6991,.T.);
#9779=ORIENTED_EDGE('',*,*,#6894,.F.);
#9780=ORIENTED_EDGE('',*,*,#6901,.F.);
#9781=ORIENTED_EDGE('',*,*,#6992,.T.);
#9782=ORIENTED_EDGE('',*,*,#6993,.T.);
#9783=ORIENTED_EDGE('',*,*,#6933,.T.);
#9784=ORIENTED_EDGE('',*,*,#6900,.T.);
#9785=ORIENTED_EDGE('',*,*,#6905,.T.);
#9786=ORIENTED_EDGE('',*,*,#6994,.F.);
#9787=ORIENTED_EDGE('',*,*,#6992,.F.);
#9788=ORIENTED_EDGE('',*,*,#6995,.F.);
#9789=ORIENTED_EDGE('',*,*,#6996,.T.);
#9790=ORIENTED_EDGE('',*,*,#6903,.T.);
#9791=ORIENTED_EDGE('',*,*,#6997,.F.);
#9792=ORIENTED_EDGE('',*,*,#6910,.T.);
#9793=ORIENTED_EDGE('',*,*,#6998,.T.);
#9794=ORIENTED_EDGE('',*,*,#6999,.T.);
#9795=ORIENTED_EDGE('',*,*,#6918,.T.);
#9796=ORIENTED_EDGE('',*,*,#7000,.T.);
#9797=ORIENTED_EDGE('',*,*,#6921,.T.);
#9798=ORIENTED_EDGE('',*,*,#7001,.T.);
#9799=ORIENTED_EDGE('',*,*,#6997,.T.);
#9800=ORIENTED_EDGE('',*,*,#6909,.F.);
#9801=ORIENTED_EDGE('',*,*,#7002,.T.);
#9802=ORIENTED_EDGE('',*,*,#7003,.T.);
#9803=ORIENTED_EDGE('',*,*,#6998,.F.);
#9804=ORIENTED_EDGE('',*,*,#7004,.T.);
#9805=ORIENTED_EDGE('',*,*,#7005,.F.);
#9806=ORIENTED_EDGE('',*,*,#6926,.F.);
#9807=ORIENTED_EDGE('',*,*,#7006,.F.);
#9808=ORIENTED_EDGE('',*,*,#7002,.F.);
#9809=ORIENTED_EDGE('',*,*,#6908,.F.);
#9810=ORIENTED_EDGE('',*,*,#6930,.T.);
#9811=ORIENTED_EDGE('',*,*,#7007,.F.);
#9812=ORIENTED_EDGE('',*,*,#7004,.F.);
#9813=ORIENTED_EDGE('',*,*,#6907,.F.);
#9814=ORIENTED_EDGE('',*,*,#6913,.T.);
#9815=ORIENTED_EDGE('',*,*,#6816,.T.);
#9816=ORIENTED_EDGE('',*,*,#6906,.F.);
#9817=ORIENTED_EDGE('',*,*,#6804,.T.);
#9818=ORIENTED_EDGE('',*,*,#6996,.F.);
#9819=ORIENTED_EDGE('',*,*,#7008,.F.);
#9820=ORIENTED_EDGE('',*,*,#6931,.F.);
#9821=ORIENTED_EDGE('',*,*,#6993,.F.);
#9822=ORIENTED_EDGE('',*,*,#6994,.T.);
#9823=ORIENTED_EDGE('',*,*,#6904,.F.);
#9824=ORIENTED_EDGE('',*,*,#6917,.T.);
#9825=ORIENTED_EDGE('',*,*,#6978,.T.);
#9826=ORIENTED_EDGE('',*,*,#6922,.T.);
#9827=ORIENTED_EDGE('',*,*,#7000,.F.);
#9828=ORIENTED_EDGE('',*,*,#7003,.F.);
#9829=ORIENTED_EDGE('',*,*,#7006,.T.);
#9830=ORIENTED_EDGE('',*,*,#6925,.T.);
#9831=ORIENTED_EDGE('',*,*,#6999,.F.);
#9832=ORIENTED_EDGE('',*,*,#7007,.T.);
#9833=ORIENTED_EDGE('',*,*,#6929,.F.);
#9834=ORIENTED_EDGE('',*,*,#6927,.F.);
#9835=ORIENTED_EDGE('',*,*,#7005,.T.);
#9836=ORIENTED_EDGE('',*,*,#6932,.F.);
#9837=ORIENTED_EDGE('',*,*,#7008,.T.);
#9838=ORIENTED_EDGE('',*,*,#6995,.T.);
#9839=ORIENTED_EDGE('',*,*,#7001,.F.);
#9840=ORIENTED_EDGE('',*,*,#6935,.F.);
#9841=ORIENTED_EDGE('',*,*,#7009,.T.);
#9842=ORIENTED_EDGE('',*,*,#7010,.T.);
#9843=ORIENTED_EDGE('',*,*,#6967,.T.);
#9844=ORIENTED_EDGE('',*,*,#6934,.T.);
#9845=ORIENTED_EDGE('',*,*,#6939,.T.);
#9846=ORIENTED_EDGE('',*,*,#7011,.F.);
#9847=ORIENTED_EDGE('',*,*,#7009,.F.);
#9848=ORIENTED_EDGE('',*,*,#7012,.F.);
#9849=ORIENTED_EDGE('',*,*,#7013,.T.);
#9850=ORIENTED_EDGE('',*,*,#6937,.T.);
#9851=ORIENTED_EDGE('',*,*,#7014,.F.);
#9852=ORIENTED_EDGE('',*,*,#6944,.T.);
#9853=ORIENTED_EDGE('',*,*,#7015,.T.);
#9854=ORIENTED_EDGE('',*,*,#7016,.T.);
#9855=ORIENTED_EDGE('',*,*,#6952,.T.);
#9856=ORIENTED_EDGE('',*,*,#7017,.T.);
#9857=ORIENTED_EDGE('',*,*,#6955,.T.);
#9858=ORIENTED_EDGE('',*,*,#7018,.T.);
#9859=ORIENTED_EDGE('',*,*,#7014,.T.);
#9860=ORIENTED_EDGE('',*,*,#6943,.F.);
#9861=ORIENTED_EDGE('',*,*,#7019,.T.);
#9862=ORIENTED_EDGE('',*,*,#7020,.T.);
#9863=ORIENTED_EDGE('',*,*,#7015,.F.);
#9864=ORIENTED_EDGE('',*,*,#7021,.T.);
#9865=ORIENTED_EDGE('',*,*,#7022,.F.);
#9866=ORIENTED_EDGE('',*,*,#6960,.F.);
#9867=ORIENTED_EDGE('',*,*,#7023,.F.);
#9868=ORIENTED_EDGE('',*,*,#7019,.F.);
#9869=ORIENTED_EDGE('',*,*,#6942,.F.);
#9870=ORIENTED_EDGE('',*,*,#6964,.T.);
#9871=ORIENTED_EDGE('',*,*,#7024,.F.);
#9872=ORIENTED_EDGE('',*,*,#7021,.F.);
#9873=ORIENTED_EDGE('',*,*,#6941,.F.);
#9874=ORIENTED_EDGE('',*,*,#6947,.T.);
#9875=ORIENTED_EDGE('',*,*,#6842,.T.);
#9876=ORIENTED_EDGE('',*,*,#6940,.F.);
#9877=ORIENTED_EDGE('',*,*,#6829,.T.);
#9878=ORIENTED_EDGE('',*,*,#7013,.F.);
#9879=ORIENTED_EDGE('',*,*,#7025,.F.);
#9880=ORIENTED_EDGE('',*,*,#6965,.F.);
#9881=ORIENTED_EDGE('',*,*,#7010,.F.);
#9882=ORIENTED_EDGE('',*,*,#7011,.T.);
#9883=ORIENTED_EDGE('',*,*,#6938,.F.);
#9884=ORIENTED_EDGE('',*,*,#6951,.T.);
#9885=ORIENTED_EDGE('',*,*,#6983,.T.);
#9886=ORIENTED_EDGE('',*,*,#6956,.T.);
#9887=ORIENTED_EDGE('',*,*,#7017,.F.);
#9888=ORIENTED_EDGE('',*,*,#7020,.F.);
#9889=ORIENTED_EDGE('',*,*,#7023,.T.);
#9890=ORIENTED_EDGE('',*,*,#6959,.T.);
#9891=ORIENTED_EDGE('',*,*,#7016,.F.);
#9892=ORIENTED_EDGE('',*,*,#7024,.T.);
#9893=ORIENTED_EDGE('',*,*,#6963,.F.);
#9894=ORIENTED_EDGE('',*,*,#6961,.F.);
#9895=ORIENTED_EDGE('',*,*,#7022,.T.);
#9896=ORIENTED_EDGE('',*,*,#6966,.F.);
#9897=ORIENTED_EDGE('',*,*,#7025,.T.);
#9898=ORIENTED_EDGE('',*,*,#7012,.T.);
#9899=ORIENTED_EDGE('',*,*,#7018,.F.);
#9900=ORIENTED_EDGE('',*,*,#7026,.F.);
#9901=ORIENTED_EDGE('',*,*,#7027,.T.);
#9902=ORIENTED_EDGE('',*,*,#7028,.T.);
#9903=ORIENTED_EDGE('',*,*,#6814,.T.);
#9904=ORIENTED_EDGE('',*,*,#7029,.F.);
#9905=ORIENTED_EDGE('',*,*,#7030,.T.);
#9906=ORIENTED_EDGE('',*,*,#7026,.T.);
#9907=ORIENTED_EDGE('',*,*,#6985,.T.);
#9908=ORIENTED_EDGE('',*,*,#7031,.F.);
#9909=ORIENTED_EDGE('',*,*,#7032,.F.);
#9910=ORIENTED_EDGE('',*,*,#7033,.T.);
#9911=ORIENTED_EDGE('',*,*,#7034,.F.);
#9912=ORIENTED_EDGE('',*,*,#7035,.T.);
#9913=ORIENTED_EDGE('',*,*,#7036,.F.);
#9914=ORIENTED_EDGE('',*,*,#7029,.T.);
#9915=ORIENTED_EDGE('',*,*,#6891,.F.);
#9916=ORIENTED_EDGE('',*,*,#6892,.T.);
#9917=ORIENTED_EDGE('',*,*,#6898,.F.);
#9918=ORIENTED_EDGE('',*,*,#6795,.T.);
#9919=ORIENTED_EDGE('',*,*,#6543,.F.);
#9920=ORIENTED_EDGE('',*,*,#6541,.T.);
#9921=ORIENTED_EDGE('',*,*,#6539,.F.);
#9922=ORIENTED_EDGE('',*,*,#6538,.T.);
#9923=ORIENTED_EDGE('',*,*,#6536,.F.);
#9924=ORIENTED_EDGE('',*,*,#6534,.T.);
#9925=ORIENTED_EDGE('',*,*,#6532,.F.);
#9926=ORIENTED_EDGE('',*,*,#6531,.T.);
#9927=ORIENTED_EDGE('',*,*,#6529,.F.);
#9928=ORIENTED_EDGE('',*,*,#6527,.T.);
#9929=ORIENTED_EDGE('',*,*,#6525,.F.);
#9930=ORIENTED_EDGE('',*,*,#6524,.T.);
#9931=ORIENTED_EDGE('',*,*,#6522,.F.);
#9932=ORIENTED_EDGE('',*,*,#6520,.T.);
#9933=ORIENTED_EDGE('',*,*,#6518,.F.);
#9934=ORIENTED_EDGE('',*,*,#6517,.T.);
#9935=ORIENTED_EDGE('',*,*,#6514,.F.);
#9936=ORIENTED_EDGE('',*,*,#6512,.T.);
#9937=ORIENTED_EDGE('',*,*,#6510,.F.);
#9938=ORIENTED_EDGE('',*,*,#6787,.T.);
#9939=ORIENTED_EDGE('',*,*,#6791,.T.);
#9940=ORIENTED_EDGE('',*,*,#7037,.T.);
#9941=ORIENTED_EDGE('',*,*,#7038,.T.);
#9942=ORIENTED_EDGE('',*,*,#7031,.T.);
#9943=ORIENTED_EDGE('',*,*,#6790,.T.);
#9944=ORIENTED_EDGE('',*,*,#6551,.F.);
#9945=ORIENTED_EDGE('',*,*,#6545,.F.);
#9946=ORIENTED_EDGE('',*,*,#6548,.F.);
#9947=ORIENTED_EDGE('',*,*,#6550,.F.);
#9948=ORIENTED_EDGE('',*,*,#6559,.F.);
#9949=ORIENTED_EDGE('',*,*,#6553,.F.);
#9950=ORIENTED_EDGE('',*,*,#6556,.F.);
#9951=ORIENTED_EDGE('',*,*,#6558,.F.);
#9952=ORIENTED_EDGE('',*,*,#6567,.F.);
#9953=ORIENTED_EDGE('',*,*,#6561,.F.);
#9954=ORIENTED_EDGE('',*,*,#6564,.F.);
#9955=ORIENTED_EDGE('',*,*,#6566,.F.);
#9956=ORIENTED_EDGE('',*,*,#6575,.F.);
#9957=ORIENTED_EDGE('',*,*,#6569,.F.);
#9958=ORIENTED_EDGE('',*,*,#6572,.F.);
#9959=ORIENTED_EDGE('',*,*,#6574,.F.);
#9960=ORIENTED_EDGE('',*,*,#6583,.F.);
#9961=ORIENTED_EDGE('',*,*,#6577,.F.);
#9962=ORIENTED_EDGE('',*,*,#6580,.F.);
#9963=ORIENTED_EDGE('',*,*,#6582,.F.);
#9964=ORIENTED_EDGE('',*,*,#6591,.F.);
#9965=ORIENTED_EDGE('',*,*,#6585,.F.);
#9966=ORIENTED_EDGE('',*,*,#6588,.F.);
#9967=ORIENTED_EDGE('',*,*,#6590,.F.);
#9968=ORIENTED_EDGE('',*,*,#6599,.F.);
#9969=ORIENTED_EDGE('',*,*,#6593,.F.);
#9970=ORIENTED_EDGE('',*,*,#6596,.F.);
#9971=ORIENTED_EDGE('',*,*,#6598,.F.);
#9972=ORIENTED_EDGE('',*,*,#6607,.F.);
#9973=ORIENTED_EDGE('',*,*,#6601,.F.);
#9974=ORIENTED_EDGE('',*,*,#6604,.F.);
#9975=ORIENTED_EDGE('',*,*,#6606,.F.);
#9976=ORIENTED_EDGE('',*,*,#6615,.F.);
#9977=ORIENTED_EDGE('',*,*,#6609,.F.);
#9978=ORIENTED_EDGE('',*,*,#6612,.F.);
#9979=ORIENTED_EDGE('',*,*,#6614,.F.);
#9980=ORIENTED_EDGE('',*,*,#6623,.F.);
#9981=ORIENTED_EDGE('',*,*,#6617,.F.);
#9982=ORIENTED_EDGE('',*,*,#6620,.F.);
#9983=ORIENTED_EDGE('',*,*,#6622,.F.);
#9984=ORIENTED_EDGE('',*,*,#6865,.F.);
#9985=ORIENTED_EDGE('',*,*,#6874,.F.);
#9986=ORIENTED_EDGE('',*,*,#6871,.F.);
#9987=ORIENTED_EDGE('',*,*,#6868,.F.);
#9988=ORIENTED_EDGE('',*,*,#6877,.F.);
#9989=ORIENTED_EDGE('',*,*,#6886,.F.);
#9990=ORIENTED_EDGE('',*,*,#6883,.F.);
#9991=ORIENTED_EDGE('',*,*,#6880,.F.);
#9992=ORIENTED_EDGE('',*,*,#7039,.F.);
#9993=ORIENTED_EDGE('',*,*,#7040,.F.);
#9994=ORIENTED_EDGE('',*,*,#7041,.F.);
#9995=ORIENTED_EDGE('',*,*,#7042,.F.);
#9996=ORIENTED_EDGE('',*,*,#7043,.F.);
#9997=ORIENTED_EDGE('',*,*,#7044,.F.);
#9998=ORIENTED_EDGE('',*,*,#7045,.F.);
#9999=ORIENTED_EDGE('',*,*,#7046,.F.);
#10000=ORIENTED_EDGE('',*,*,#7028,.F.);
#10001=ORIENTED_EDGE('',*,*,#7047,.F.);
#10002=ORIENTED_EDGE('',*,*,#7048,.T.);
#10003=ORIENTED_EDGE('',*,*,#7049,.F.);
#10004=ORIENTED_EDGE('',*,*,#7050,.F.);
#10005=ORIENTED_EDGE('',*,*,#7051,.F.);
#10006=ORIENTED_EDGE('',*,*,#7052,.T.);
#10007=ORIENTED_EDGE('',*,*,#7053,.F.);
#10008=ORIENTED_EDGE('',*,*,#7054,.F.);
#10009=ORIENTED_EDGE('',*,*,#7055,.F.);
#10010=ORIENTED_EDGE('',*,*,#7056,.F.);
#10011=ORIENTED_EDGE('',*,*,#7057,.F.);
#10012=ORIENTED_EDGE('',*,*,#7058,.T.);
#10013=ORIENTED_EDGE('',*,*,#7059,.F.);
#10014=ORIENTED_EDGE('',*,*,#7060,.F.);
#10015=ORIENTED_EDGE('',*,*,#7061,.F.);
#10016=ORIENTED_EDGE('',*,*,#7062,.T.);
#10017=ORIENTED_EDGE('',*,*,#7063,.F.);
#10018=ORIENTED_EDGE('',*,*,#7064,.F.);
#10019=ORIENTED_EDGE('',*,*,#6830,.F.);
#10020=ORIENTED_EDGE('',*,*,#6825,.T.);
#10021=ORIENTED_EDGE('',*,*,#6824,.F.);
#10022=ORIENTED_EDGE('',*,*,#6836,.F.);
#10023=ORIENTED_EDGE('',*,*,#6847,.F.);
#10024=ORIENTED_EDGE('',*,*,#6846,.T.);
#10025=ORIENTED_EDGE('',*,*,#6841,.F.);
#10026=ORIENTED_EDGE('',*,*,#6848,.F.);
#10027=ORIENTED_EDGE('',*,*,#6714,.F.);
#10028=ORIENTED_EDGE('',*,*,#6717,.T.);
#10029=ORIENTED_EDGE('',*,*,#6716,.F.);
#10030=ORIENTED_EDGE('',*,*,#6712,.F.);
#10031=ORIENTED_EDGE('',*,*,#6709,.F.);
#10032=ORIENTED_EDGE('',*,*,#6708,.T.);
#10033=ORIENTED_EDGE('',*,*,#6711,.F.);
#10034=ORIENTED_EDGE('',*,*,#6706,.F.);
#10035=ORIENTED_EDGE('',*,*,#6702,.F.);
#10036=ORIENTED_EDGE('',*,*,#6705,.T.);
#10037=ORIENTED_EDGE('',*,*,#6704,.F.);
#10038=ORIENTED_EDGE('',*,*,#6700,.F.);
#10039=ORIENTED_EDGE('',*,*,#6697,.F.);
#10040=ORIENTED_EDGE('',*,*,#6696,.T.);
#10041=ORIENTED_EDGE('',*,*,#6699,.F.);
#10042=ORIENTED_EDGE('',*,*,#6694,.F.);
#10043=ORIENTED_EDGE('',*,*,#6690,.F.);
#10044=ORIENTED_EDGE('',*,*,#6693,.T.);
#10045=ORIENTED_EDGE('',*,*,#6692,.F.);
#10046=ORIENTED_EDGE('',*,*,#6688,.F.);
#10047=ORIENTED_EDGE('',*,*,#6685,.F.);
#10048=ORIENTED_EDGE('',*,*,#6684,.T.);
#10049=ORIENTED_EDGE('',*,*,#6687,.F.);
#10050=ORIENTED_EDGE('',*,*,#6682,.F.);
#10051=ORIENTED_EDGE('',*,*,#6678,.F.);
#10052=ORIENTED_EDGE('',*,*,#6681,.T.);
#10053=ORIENTED_EDGE('',*,*,#6680,.F.);
#10054=ORIENTED_EDGE('',*,*,#6676,.F.);
#10055=ORIENTED_EDGE('',*,*,#6673,.F.);
#10056=ORIENTED_EDGE('',*,*,#6672,.T.);
#10057=ORIENTED_EDGE('',*,*,#6675,.F.);
#10058=ORIENTED_EDGE('',*,*,#6670,.F.);
#10059=ORIENTED_EDGE('',*,*,#6666,.F.);
#10060=ORIENTED_EDGE('',*,*,#6669,.T.);
#10061=ORIENTED_EDGE('',*,*,#6668,.F.);
#10062=ORIENTED_EDGE('',*,*,#6664,.F.);
#10063=ORIENTED_EDGE('',*,*,#6660,.F.);
#10064=ORIENTED_EDGE('',*,*,#6659,.T.);
#10065=ORIENTED_EDGE('',*,*,#6663,.F.);
#10066=ORIENTED_EDGE('',*,*,#6782,.F.);
#10067=ORIENTED_EDGE('',*,*,#6788,.F.);
#10068=ORIENTED_EDGE('',*,*,#6784,.F.);
#10069=ORIENTED_EDGE('',*,*,#6775,.F.);
#10070=ORIENTED_EDGE('',*,*,#6774,.T.);
#10071=ORIENTED_EDGE('',*,*,#6773,.F.);
#10072=ORIENTED_EDGE('',*,*,#6771,.F.);
#10073=ORIENTED_EDGE('',*,*,#6768,.F.);
#10074=ORIENTED_EDGE('',*,*,#6767,.T.);
#10075=ORIENTED_EDGE('',*,*,#6770,.F.);
#10076=ORIENTED_EDGE('',*,*,#6765,.F.);
#10077=ORIENTED_EDGE('',*,*,#6761,.F.);
#10078=ORIENTED_EDGE('',*,*,#6764,.T.);
#10079=ORIENTED_EDGE('',*,*,#6763,.F.);
#10080=ORIENTED_EDGE('',*,*,#6759,.F.);
#10081=ORIENTED_EDGE('',*,*,#6756,.F.);
#10082=ORIENTED_EDGE('',*,*,#6755,.T.);
#10083=ORIENTED_EDGE('',*,*,#6758,.F.);
#10084=ORIENTED_EDGE('',*,*,#6753,.F.);
#10085=ORIENTED_EDGE('',*,*,#6749,.F.);
#10086=ORIENTED_EDGE('',*,*,#6752,.T.);
#10087=ORIENTED_EDGE('',*,*,#6751,.F.);
#10088=ORIENTED_EDGE('',*,*,#6747,.F.);
#10089=ORIENTED_EDGE('',*,*,#6744,.F.);
#10090=ORIENTED_EDGE('',*,*,#6743,.T.);
#10091=ORIENTED_EDGE('',*,*,#6746,.F.);
#10092=ORIENTED_EDGE('',*,*,#6741,.F.);
#10093=ORIENTED_EDGE('',*,*,#6737,.F.);
#10094=ORIENTED_EDGE('',*,*,#6740,.T.);
#10095=ORIENTED_EDGE('',*,*,#6739,.F.);
#10096=ORIENTED_EDGE('',*,*,#6735,.F.);
#10097=ORIENTED_EDGE('',*,*,#6732,.F.);
#10098=ORIENTED_EDGE('',*,*,#6731,.T.);
#10099=ORIENTED_EDGE('',*,*,#6734,.F.);
#10100=ORIENTED_EDGE('',*,*,#6729,.F.);
#10101=ORIENTED_EDGE('',*,*,#6725,.F.);
#10102=ORIENTED_EDGE('',*,*,#6728,.T.);
#10103=ORIENTED_EDGE('',*,*,#6727,.F.);
#10104=ORIENTED_EDGE('',*,*,#6723,.F.);
#10105=ORIENTED_EDGE('',*,*,#6719,.F.);
#10106=ORIENTED_EDGE('',*,*,#6718,.T.);
#10107=ORIENTED_EDGE('',*,*,#6722,.F.);
#10108=ORIENTED_EDGE('',*,*,#6794,.F.);
#10109=ORIENTED_EDGE('',*,*,#6805,.F.);
#10110=ORIENTED_EDGE('',*,*,#6800,.T.);
#10111=ORIENTED_EDGE('',*,*,#6799,.F.);
#10112=ORIENTED_EDGE('',*,*,#6810,.F.);
#10113=ORIENTED_EDGE('',*,*,#6821,.F.);
#10114=ORIENTED_EDGE('',*,*,#6820,.T.);
#10115=ORIENTED_EDGE('',*,*,#6815,.F.);
#10116=ORIENTED_EDGE('',*,*,#7065,.T.);
#10117=ORIENTED_EDGE('',*,*,#7066,.F.);
#10118=ORIENTED_EDGE('',*,*,#7067,.T.);
#10119=ORIENTED_EDGE('',*,*,#7068,.F.);
#10120=ORIENTED_EDGE('',*,*,#7069,.T.);
#10121=ORIENTED_EDGE('',*,*,#7070,.T.);
#10122=ORIENTED_EDGE('',*,*,#7037,.F.);
#10123=ORIENTED_EDGE('',*,*,#6789,.F.);
#10124=ORIENTED_EDGE('',*,*,#6778,.T.);
#10125=ORIENTED_EDGE('',*,*,#6657,.F.);
#10126=ORIENTED_EDGE('',*,*,#6655,.T.);
#10127=ORIENTED_EDGE('',*,*,#6653,.F.);
#10128=ORIENTED_EDGE('',*,*,#6650,.T.);
#10129=ORIENTED_EDGE('',*,*,#6649,.F.);
#10130=ORIENTED_EDGE('',*,*,#6647,.T.);
#10131=ORIENTED_EDGE('',*,*,#6645,.F.);
#10132=ORIENTED_EDGE('',*,*,#6643,.T.);
#10133=ORIENTED_EDGE('',*,*,#6642,.F.);
#10134=ORIENTED_EDGE('',*,*,#6640,.T.);
#10135=ORIENTED_EDGE('',*,*,#6638,.F.);
#10136=ORIENTED_EDGE('',*,*,#6636,.T.);
#10137=ORIENTED_EDGE('',*,*,#6635,.F.);
#10138=ORIENTED_EDGE('',*,*,#6633,.T.);
#10139=ORIENTED_EDGE('',*,*,#6631,.F.);
#10140=ORIENTED_EDGE('',*,*,#6629,.T.);
#10141=ORIENTED_EDGE('',*,*,#6628,.F.);
#10142=ORIENTED_EDGE('',*,*,#6626,.T.);
#10143=ORIENTED_EDGE('',*,*,#6624,.F.);
#10144=ORIENTED_EDGE('',*,*,#6851,.T.);
#10145=ORIENTED_EDGE('',*,*,#6855,.F.);
#10146=ORIENTED_EDGE('',*,*,#6856,.T.);
#10147=ORIENTED_EDGE('',*,*,#6862,.F.);
#10148=ORIENTED_EDGE('',*,*,#7071,.T.);
#10149=ORIENTED_EDGE('',*,*,#7072,.T.);
#10150=ORIENTED_EDGE('',*,*,#7049,.T.);
#10151=ORIENTED_EDGE('',*,*,#7048,.F.);
#10152=ORIENTED_EDGE('',*,*,#7073,.T.);
#10153=ORIENTED_EDGE('',*,*,#7074,.T.);
#10154=ORIENTED_EDGE('',*,*,#7075,.T.);
#10155=ORIENTED_EDGE('',*,*,#7076,.F.);
#10156=ORIENTED_EDGE('',*,*,#7047,.T.);
#10157=ORIENTED_EDGE('',*,*,#7027,.F.);
#10158=ORIENTED_EDGE('',*,*,#7077,.T.);
#10159=ORIENTED_EDGE('',*,*,#7078,.T.);
#10160=ORIENTED_EDGE('',*,*,#7079,.F.);
#10161=ORIENTED_EDGE('',*,*,#7080,.T.);
#10162=ORIENTED_EDGE('',*,*,#7050,.T.);
#10163=ORIENTED_EDGE('',*,*,#7072,.F.);
#10164=ORIENTED_EDGE('',*,*,#7081,.F.);
#10165=ORIENTED_EDGE('',*,*,#7082,.F.);
#10166=ORIENTED_EDGE('',*,*,#7083,.T.);
#10167=ORIENTED_EDGE('',*,*,#7084,.F.);
#10168=ORIENTED_EDGE('',*,*,#7053,.T.);
#10169=ORIENTED_EDGE('',*,*,#7085,.F.);
#10170=ORIENTED_EDGE('',*,*,#7086,.F.);
#10171=ORIENTED_EDGE('',*,*,#7087,.T.);
#10172=ORIENTED_EDGE('',*,*,#7088,.F.);
#10173=ORIENTED_EDGE('',*,*,#7052,.F.);
#10174=ORIENTED_EDGE('',*,*,#7051,.T.);
#10175=ORIENTED_EDGE('',*,*,#7080,.F.);
#10176=ORIENTED_EDGE('',*,*,#7089,.F.);
#10177=ORIENTED_EDGE('',*,*,#7090,.T.);
#10178=ORIENTED_EDGE('',*,*,#7054,.T.);
#10179=ORIENTED_EDGE('',*,*,#7084,.T.);
#10180=ORIENTED_EDGE('',*,*,#7091,.T.);
#10181=ORIENTED_EDGE('',*,*,#7092,.T.);
#10182=ORIENTED_EDGE('',*,*,#7055,.T.);
#10183=ORIENTED_EDGE('',*,*,#7090,.F.);
#10184=ORIENTED_EDGE('',*,*,#7093,.T.);
#10185=ORIENTED_EDGE('',*,*,#7032,.T.);
#10186=ORIENTED_EDGE('',*,*,#7038,.F.);
#10187=ORIENTED_EDGE('',*,*,#7070,.F.);
#10188=ORIENTED_EDGE('',*,*,#7094,.T.);
#10189=ORIENTED_EDGE('',*,*,#7095,.T.);
#10190=ORIENTED_EDGE('',*,*,#7056,.T.);
#10191=ORIENTED_EDGE('',*,*,#7092,.F.);
#10192=ORIENTED_EDGE('',*,*,#7096,.T.);
#10193=ORIENTED_EDGE('',*,*,#7097,.T.);
#10194=ORIENTED_EDGE('',*,*,#7059,.T.);
#10195=ORIENTED_EDGE('',*,*,#7058,.F.);
#10196=ORIENTED_EDGE('',*,*,#7098,.T.);
#10197=ORIENTED_EDGE('',*,*,#7099,.T.);
#10198=ORIENTED_EDGE('',*,*,#7100,.T.);
#10199=ORIENTED_EDGE('',*,*,#7101,.F.);
#10200=ORIENTED_EDGE('',*,*,#7057,.T.);
#10201=ORIENTED_EDGE('',*,*,#7095,.F.);
#10202=ORIENTED_EDGE('',*,*,#7102,.T.);
#10203=ORIENTED_EDGE('',*,*,#7103,.T.);
#10204=ORIENTED_EDGE('',*,*,#7104,.F.);
#10205=ORIENTED_EDGE('',*,*,#7105,.T.);
#10206=ORIENTED_EDGE('',*,*,#7060,.T.);
#10207=ORIENTED_EDGE('',*,*,#7097,.F.);
#10208=ORIENTED_EDGE('',*,*,#7106,.F.);
#10209=ORIENTED_EDGE('',*,*,#7107,.F.);
#10210=ORIENTED_EDGE('',*,*,#7108,.T.);
#10211=ORIENTED_EDGE('',*,*,#7109,.F.);
#10212=ORIENTED_EDGE('',*,*,#7063,.T.);
#10213=ORIENTED_EDGE('',*,*,#7110,.F.);
#10214=ORIENTED_EDGE('',*,*,#7111,.F.);
#10215=ORIENTED_EDGE('',*,*,#7112,.T.);
#10216=ORIENTED_EDGE('',*,*,#7113,.F.);
#10217=ORIENTED_EDGE('',*,*,#7062,.F.);
#10218=ORIENTED_EDGE('',*,*,#7061,.T.);
#10219=ORIENTED_EDGE('',*,*,#7105,.F.);
#10220=ORIENTED_EDGE('',*,*,#7064,.T.);
#10221=ORIENTED_EDGE('',*,*,#7109,.T.);
#10222=ORIENTED_EDGE('',*,*,#7114,.T.);
#10223=ORIENTED_EDGE('',*,*,#6831,.T.);
#10224=ORIENTED_EDGE('',*,*,#7114,.F.);
#10225=ORIENTED_EDGE('',*,*,#7115,.T.);
#10226=ORIENTED_EDGE('',*,*,#7065,.F.);
#10227=ORIENTED_EDGE('',*,*,#6968,.T.);
#10228=ORIENTED_EDGE('',*,*,#7116,.T.);
#10229=ORIENTED_EDGE('',*,*,#7117,.T.);
#10230=ORIENTED_EDGE('',*,*,#7118,.F.);
#10231=ORIENTED_EDGE('',*,*,#7066,.T.);
#10232=ORIENTED_EDGE('',*,*,#7067,.F.);
#10233=ORIENTED_EDGE('',*,*,#7118,.T.);
#10234=ORIENTED_EDGE('',*,*,#7119,.T.);
#10235=ORIENTED_EDGE('',*,*,#7120,.T.);
#10236=ORIENTED_EDGE('',*,*,#7121,.T.);
#10237=ORIENTED_EDGE('',*,*,#7122,.T.);
#10238=ORIENTED_EDGE('',*,*,#7123,.T.);
#10239=ORIENTED_EDGE('',*,*,#7068,.T.);
#10240=ORIENTED_EDGE('',*,*,#7122,.F.);
#10241=ORIENTED_EDGE('',*,*,#7124,.F.);
#10242=ORIENTED_EDGE('',*,*,#7091,.F.);
#10243=ORIENTED_EDGE('',*,*,#7069,.F.);
#10244=ORIENTED_EDGE('',*,*,#7125,.T.);
#10245=ORIENTED_EDGE('',*,*,#7094,.F.);
#10246=ORIENTED_EDGE('',*,*,#7126,.F.);
#10247=ORIENTED_EDGE('',*,*,#7043,.T.);
#10248=ORIENTED_EDGE('',*,*,#7127,.T.);
#10249=ORIENTED_EDGE('',*,*,#7128,.F.);
#10250=ORIENTED_EDGE('',*,*,#7127,.F.);
#10251=ORIENTED_EDGE('',*,*,#7046,.T.);
#10252=ORIENTED_EDGE('',*,*,#7129,.T.);
#10253=ORIENTED_EDGE('',*,*,#7130,.F.);
#10254=ORIENTED_EDGE('',*,*,#7129,.F.);
#10255=ORIENTED_EDGE('',*,*,#7045,.T.);
#10256=ORIENTED_EDGE('',*,*,#7131,.T.);
#10257=ORIENTED_EDGE('',*,*,#7132,.F.);
#10258=ORIENTED_EDGE('',*,*,#7131,.F.);
#10259=ORIENTED_EDGE('',*,*,#7044,.T.);
#10260=ORIENTED_EDGE('',*,*,#7126,.T.);
#10261=ORIENTED_EDGE('',*,*,#7133,.F.);
#10262=ORIENTED_EDGE('',*,*,#7134,.F.);
#10263=ORIENTED_EDGE('',*,*,#7039,.T.);
#10264=ORIENTED_EDGE('',*,*,#7135,.T.);
#10265=ORIENTED_EDGE('',*,*,#7136,.F.);
#10266=ORIENTED_EDGE('',*,*,#7135,.F.);
#10267=ORIENTED_EDGE('',*,*,#7042,.T.);
#10268=ORIENTED_EDGE('',*,*,#7137,.T.);
#10269=ORIENTED_EDGE('',*,*,#7138,.F.);
#10270=ORIENTED_EDGE('',*,*,#7137,.F.);
#10271=ORIENTED_EDGE('',*,*,#7041,.T.);
#10272=ORIENTED_EDGE('',*,*,#7139,.T.);
#10273=ORIENTED_EDGE('',*,*,#7140,.F.);
#10274=ORIENTED_EDGE('',*,*,#7139,.F.);
#10275=ORIENTED_EDGE('',*,*,#7040,.T.);
#10276=ORIENTED_EDGE('',*,*,#7134,.T.);
#10277=ORIENTED_EDGE('',*,*,#7141,.F.);
#10278=ORIENTED_EDGE('',*,*,#7093,.F.);
#10279=ORIENTED_EDGE('',*,*,#7089,.T.);
#10280=ORIENTED_EDGE('',*,*,#7142,.T.);
#10281=ORIENTED_EDGE('',*,*,#7033,.F.);
#10282=ORIENTED_EDGE('',*,*,#7143,.T.);
#10283=ORIENTED_EDGE('',*,*,#7144,.T.);
#10284=ORIENTED_EDGE('',*,*,#7145,.F.);
#10285=ORIENTED_EDGE('',*,*,#7034,.T.);
#10286=ORIENTED_EDGE('',*,*,#7035,.F.);
#10287=ORIENTED_EDGE('',*,*,#7145,.T.);
#10288=ORIENTED_EDGE('',*,*,#7146,.T.);
#10289=ORIENTED_EDGE('',*,*,#7147,.T.);
#10290=ORIENTED_EDGE('',*,*,#7148,.T.);
#10291=ORIENTED_EDGE('',*,*,#7149,.T.);
#10292=ORIENTED_EDGE('',*,*,#7150,.T.);
#10293=ORIENTED_EDGE('',*,*,#7036,.T.);
#10294=ORIENTED_EDGE('',*,*,#7149,.F.);
#10295=ORIENTED_EDGE('',*,*,#7151,.F.);
#10296=ORIENTED_EDGE('',*,*,#7081,.T.);
#10297=ORIENTED_EDGE('',*,*,#7071,.F.);
#10298=ORIENTED_EDGE('',*,*,#7152,.F.);
#10299=ORIENTED_EDGE('',*,*,#7153,.T.);
#10300=ORIENTED_EDGE('',*,*,#7154,.T.);
#10301=ORIENTED_EDGE('',*,*,#7155,.F.);
#10302=ORIENTED_EDGE('',*,*,#7156,.T.);
#10303=ORIENTED_EDGE('',*,*,#7157,.F.);
#10304=ORIENTED_EDGE('',*,*,#7073,.F.);
#10305=ORIENTED_EDGE('',*,*,#7158,.T.);
#10306=ORIENTED_EDGE('',*,*,#7088,.T.);
#10307=ORIENTED_EDGE('',*,*,#7159,.T.);
#10308=ORIENTED_EDGE('',*,*,#7160,.T.);
#10309=ORIENTED_EDGE('',*,*,#7161,.T.);
#10310=ORIENTED_EDGE('',*,*,#7162,.F.);
#10311=ORIENTED_EDGE('',*,*,#7163,.F.);
#10312=ORIENTED_EDGE('',*,*,#7074,.F.);
#10313=ORIENTED_EDGE('',*,*,#7164,.F.);
#10314=ORIENTED_EDGE('',*,*,#7083,.F.);
#10315=ORIENTED_EDGE('',*,*,#7075,.F.);
#10316=ORIENTED_EDGE('',*,*,#7163,.T.);
#10317=ORIENTED_EDGE('',*,*,#7086,.T.);
#10318=ORIENTED_EDGE('',*,*,#7165,.F.);
#10319=ORIENTED_EDGE('',*,*,#7166,.T.);
#10320=ORIENTED_EDGE('',*,*,#7167,.T.);
#10321=ORIENTED_EDGE('',*,*,#7168,.T.);
#10322=ORIENTED_EDGE('',*,*,#7169,.F.);
#10323=ORIENTED_EDGE('',*,*,#7170,.F.);
#10324=ORIENTED_EDGE('',*,*,#7171,.F.);
#10325=ORIENTED_EDGE('',*,*,#7077,.F.);
#10326=ORIENTED_EDGE('',*,*,#7172,.F.);
#10327=ORIENTED_EDGE('',*,*,#7173,.F.);
#10328=ORIENTED_EDGE('',*,*,#7174,.F.);
#10329=ORIENTED_EDGE('',*,*,#7175,.T.);
#10330=ORIENTED_EDGE('',*,*,#7176,.T.);
#10331=ORIENTED_EDGE('',*,*,#7171,.T.);
#10332=ORIENTED_EDGE('',*,*,#7177,.F.);
#10333=ORIENTED_EDGE('',*,*,#7178,.T.);
#10334=ORIENTED_EDGE('',*,*,#7179,.T.);
#10335=ORIENTED_EDGE('',*,*,#7180,.F.);
#10336=ORIENTED_EDGE('',*,*,#7078,.F.);
#10337=ORIENTED_EDGE('',*,*,#7079,.T.);
#10338=ORIENTED_EDGE('',*,*,#7180,.T.);
#10339=ORIENTED_EDGE('',*,*,#7181,.T.);
#10340=ORIENTED_EDGE('',*,*,#7182,.F.);
#10341=ORIENTED_EDGE('',*,*,#7087,.F.);
#10342=ORIENTED_EDGE('',*,*,#7183,.T.);
#10343=ORIENTED_EDGE('',*,*,#7184,.T.);
#10344=ORIENTED_EDGE('',*,*,#7172,.T.);
#10345=ORIENTED_EDGE('',*,*,#7082,.T.);
#10346=ORIENTED_EDGE('',*,*,#7154,.F.);
#10347=ORIENTED_EDGE('',*,*,#7185,.F.);
#10348=ORIENTED_EDGE('',*,*,#7106,.T.);
#10349=ORIENTED_EDGE('',*,*,#7096,.F.);
#10350=ORIENTED_EDGE('',*,*,#7186,.F.);
#10351=ORIENTED_EDGE('',*,*,#7187,.T.);
#10352=ORIENTED_EDGE('',*,*,#7188,.T.);
#10353=ORIENTED_EDGE('',*,*,#7189,.F.);
#10354=ORIENTED_EDGE('',*,*,#7190,.T.);
#10355=ORIENTED_EDGE('',*,*,#7191,.F.);
#10356=ORIENTED_EDGE('',*,*,#7098,.F.);
#10357=ORIENTED_EDGE('',*,*,#7192,.T.);
#10358=ORIENTED_EDGE('',*,*,#7113,.T.);
#10359=ORIENTED_EDGE('',*,*,#7193,.T.);
#10360=ORIENTED_EDGE('',*,*,#7194,.T.);
#10361=ORIENTED_EDGE('',*,*,#7195,.T.);
#10362=ORIENTED_EDGE('',*,*,#7196,.F.);
#10363=ORIENTED_EDGE('',*,*,#7197,.F.);
#10364=ORIENTED_EDGE('',*,*,#7099,.F.);
#10365=ORIENTED_EDGE('',*,*,#7198,.T.);
#10366=ORIENTED_EDGE('',*,*,#7108,.F.);
#10367=ORIENTED_EDGE('',*,*,#7100,.F.);
#10368=ORIENTED_EDGE('',*,*,#7197,.T.);
#10369=ORIENTED_EDGE('',*,*,#7111,.T.);
#10370=ORIENTED_EDGE('',*,*,#7199,.F.);
#10371=ORIENTED_EDGE('',*,*,#7200,.T.);
#10372=ORIENTED_EDGE('',*,*,#7201,.T.);
#10373=ORIENTED_EDGE('',*,*,#7202,.T.);
#10374=ORIENTED_EDGE('',*,*,#7203,.F.);
#10375=ORIENTED_EDGE('',*,*,#7204,.F.);
#10376=ORIENTED_EDGE('',*,*,#7205,.F.);
#10377=ORIENTED_EDGE('',*,*,#7102,.F.);
#10378=ORIENTED_EDGE('',*,*,#7206,.F.);
#10379=ORIENTED_EDGE('',*,*,#7207,.F.);
#10380=ORIENTED_EDGE('',*,*,#7208,.F.);
#10381=ORIENTED_EDGE('',*,*,#7209,.T.);
#10382=ORIENTED_EDGE('',*,*,#7210,.T.);
#10383=ORIENTED_EDGE('',*,*,#7205,.T.);
#10384=ORIENTED_EDGE('',*,*,#7211,.F.);
#10385=ORIENTED_EDGE('',*,*,#7212,.T.);
#10386=ORIENTED_EDGE('',*,*,#7213,.T.);
#10387=ORIENTED_EDGE('',*,*,#7214,.F.);
#10388=ORIENTED_EDGE('',*,*,#7103,.F.);
#10389=ORIENTED_EDGE('',*,*,#7104,.T.);
#10390=ORIENTED_EDGE('',*,*,#7214,.T.);
#10391=ORIENTED_EDGE('',*,*,#7215,.T.);
#10392=ORIENTED_EDGE('',*,*,#7216,.F.);
#10393=ORIENTED_EDGE('',*,*,#7112,.F.);
#10394=ORIENTED_EDGE('',*,*,#7217,.T.);
#10395=ORIENTED_EDGE('',*,*,#7218,.T.);
#10396=ORIENTED_EDGE('',*,*,#7206,.T.);
#10397=ORIENTED_EDGE('',*,*,#7107,.T.);
#10398=ORIENTED_EDGE('',*,*,#7188,.F.);
#10399=ORIENTED_EDGE('',*,*,#7219,.F.);
#10400=ORIENTED_EDGE('',*,*,#7125,.F.);
#10401=ORIENTED_EDGE('',*,*,#7220,.F.);
#10402=ORIENTED_EDGE('',*,*,#7115,.F.);
#10403=ORIENTED_EDGE('',*,*,#7198,.F.);
#10404=ORIENTED_EDGE('',*,*,#7220,.T.);
#10405=ORIENTED_EDGE('',*,*,#7123,.F.);
#10406=ORIENTED_EDGE('',*,*,#7221,.F.);
#10407=ORIENTED_EDGE('',*,*,#7222,.F.);
#10408=ORIENTED_EDGE('',*,*,#7223,.F.);
#10409=ORIENTED_EDGE('',*,*,#7116,.F.);
#10410=ORIENTED_EDGE('',*,*,#7117,.F.);
#10411=ORIENTED_EDGE('',*,*,#7223,.T.);
#10412=ORIENTED_EDGE('',*,*,#7224,.T.);
#10413=ORIENTED_EDGE('',*,*,#7119,.F.);
#10414=ORIENTED_EDGE('',*,*,#7225,.F.);
#10415=ORIENTED_EDGE('',*,*,#7221,.T.);
#10416=ORIENTED_EDGE('',*,*,#7124,.T.);
#10417=ORIENTED_EDGE('',*,*,#7121,.F.);
#10418=ORIENTED_EDGE('',*,*,#7224,.F.);
#10419=ORIENTED_EDGE('',*,*,#7222,.T.);
#10420=ORIENTED_EDGE('',*,*,#7225,.T.);
#10421=ORIENTED_EDGE('',*,*,#7120,.F.);
#10422=ORIENTED_EDGE('',*,*,#7226,.F.);
#10423=ORIENTED_EDGE('',*,*,#7128,.T.);
#10424=ORIENTED_EDGE('',*,*,#7227,.T.);
#10425=ORIENTED_EDGE('',*,*,#7167,.F.);
#10426=ORIENTED_EDGE('',*,*,#7227,.F.);
#10427=ORIENTED_EDGE('',*,*,#7130,.T.);
#10428=ORIENTED_EDGE('',*,*,#7228,.T.);
#10429=ORIENTED_EDGE('',*,*,#7175,.F.);
#10430=ORIENTED_EDGE('',*,*,#7229,.F.);
#10431=ORIENTED_EDGE('',*,*,#7168,.F.);
#10432=ORIENTED_EDGE('',*,*,#7228,.F.);
#10433=ORIENTED_EDGE('',*,*,#7132,.T.);
#10434=ORIENTED_EDGE('',*,*,#7230,.T.);
#10435=ORIENTED_EDGE('',*,*,#7176,.F.);
#10436=ORIENTED_EDGE('',*,*,#7230,.F.);
#10437=ORIENTED_EDGE('',*,*,#7133,.T.);
#10438=ORIENTED_EDGE('',*,*,#7226,.T.);
#10439=ORIENTED_EDGE('',*,*,#7166,.F.);
#10440=ORIENTED_EDGE('',*,*,#7231,.F.);
#10441=ORIENTED_EDGE('',*,*,#7136,.T.);
#10442=ORIENTED_EDGE('',*,*,#7232,.T.);
#10443=ORIENTED_EDGE('',*,*,#7201,.F.);
#10444=ORIENTED_EDGE('',*,*,#7232,.F.);
#10445=ORIENTED_EDGE('',*,*,#7138,.T.);
#10446=ORIENTED_EDGE('',*,*,#7233,.T.);
#10447=ORIENTED_EDGE('',*,*,#7209,.F.);
#10448=ORIENTED_EDGE('',*,*,#7234,.F.);
#10449=ORIENTED_EDGE('',*,*,#7202,.F.);
#10450=ORIENTED_EDGE('',*,*,#7233,.F.);
#10451=ORIENTED_EDGE('',*,*,#7140,.T.);
#10452=ORIENTED_EDGE('',*,*,#7235,.T.);
#10453=ORIENTED_EDGE('',*,*,#7210,.F.);
#10454=ORIENTED_EDGE('',*,*,#7235,.F.);
#10455=ORIENTED_EDGE('',*,*,#7141,.T.);
#10456=ORIENTED_EDGE('',*,*,#7231,.T.);
#10457=ORIENTED_EDGE('',*,*,#7200,.F.);
#10458=ORIENTED_EDGE('',*,*,#7142,.F.);
#10459=ORIENTED_EDGE('',*,*,#7164,.T.);
#10460=ORIENTED_EDGE('',*,*,#7030,.F.);
#10461=ORIENTED_EDGE('',*,*,#7236,.F.);
#10462=ORIENTED_EDGE('',*,*,#7236,.T.);
#10463=ORIENTED_EDGE('',*,*,#7150,.F.);
#10464=ORIENTED_EDGE('',*,*,#7237,.F.);
#10465=ORIENTED_EDGE('',*,*,#7238,.F.);
#10466=ORIENTED_EDGE('',*,*,#7239,.F.);
#10467=ORIENTED_EDGE('',*,*,#7143,.F.);
#10468=ORIENTED_EDGE('',*,*,#7144,.F.);
#10469=ORIENTED_EDGE('',*,*,#7239,.T.);
#10470=ORIENTED_EDGE('',*,*,#7240,.T.);
#10471=ORIENTED_EDGE('',*,*,#7146,.F.);
#10472=ORIENTED_EDGE('',*,*,#7241,.F.);
#10473=ORIENTED_EDGE('',*,*,#7237,.T.);
#10474=ORIENTED_EDGE('',*,*,#7151,.T.);
#10475=ORIENTED_EDGE('',*,*,#7148,.F.);
#10476=ORIENTED_EDGE('',*,*,#7240,.F.);
#10477=ORIENTED_EDGE('',*,*,#7238,.T.);
#10478=ORIENTED_EDGE('',*,*,#7241,.T.);
#10479=ORIENTED_EDGE('',*,*,#7147,.F.);
#10480=ORIENTED_EDGE('',*,*,#7153,.F.);
#10481=ORIENTED_EDGE('',*,*,#7242,.T.);
#10482=ORIENTED_EDGE('',*,*,#7243,.T.);
#10483=ORIENTED_EDGE('',*,*,#7185,.T.);
#10484=ORIENTED_EDGE('',*,*,#7152,.T.);
#10485=ORIENTED_EDGE('',*,*,#7157,.T.);
#10486=ORIENTED_EDGE('',*,*,#7244,.F.);
#10487=ORIENTED_EDGE('',*,*,#7242,.F.);
#10488=ORIENTED_EDGE('',*,*,#7245,.F.);
#10489=ORIENTED_EDGE('',*,*,#7246,.T.);
#10490=ORIENTED_EDGE('',*,*,#7155,.T.);
#10491=ORIENTED_EDGE('',*,*,#7247,.F.);
#10492=ORIENTED_EDGE('',*,*,#7162,.T.);
#10493=ORIENTED_EDGE('',*,*,#7248,.T.);
#10494=ORIENTED_EDGE('',*,*,#7249,.T.);
#10495=ORIENTED_EDGE('',*,*,#7170,.T.);
#10496=ORIENTED_EDGE('',*,*,#7250,.T.);
#10497=ORIENTED_EDGE('',*,*,#7173,.T.);
#10498=ORIENTED_EDGE('',*,*,#7251,.T.);
#10499=ORIENTED_EDGE('',*,*,#7247,.T.);
#10500=ORIENTED_EDGE('',*,*,#7161,.F.);
#10501=ORIENTED_EDGE('',*,*,#7252,.T.);
#10502=ORIENTED_EDGE('',*,*,#7253,.T.);
#10503=ORIENTED_EDGE('',*,*,#7248,.F.);
#10504=ORIENTED_EDGE('',*,*,#7254,.T.);
#10505=ORIENTED_EDGE('',*,*,#7255,.F.);
#10506=ORIENTED_EDGE('',*,*,#7178,.F.);
#10507=ORIENTED_EDGE('',*,*,#7256,.F.);
#10508=ORIENTED_EDGE('',*,*,#7252,.F.);
#10509=ORIENTED_EDGE('',*,*,#7160,.F.);
#10510=ORIENTED_EDGE('',*,*,#7182,.T.);
#10511=ORIENTED_EDGE('',*,*,#7257,.F.);
#10512=ORIENTED_EDGE('',*,*,#7254,.F.);
#10513=ORIENTED_EDGE('',*,*,#7159,.F.);
#10514=ORIENTED_EDGE('',*,*,#7165,.T.);
#10515=ORIENTED_EDGE('',*,*,#7085,.T.);
#10516=ORIENTED_EDGE('',*,*,#7158,.F.);
#10517=ORIENTED_EDGE('',*,*,#7076,.T.);
#10518=ORIENTED_EDGE('',*,*,#7246,.F.);
#10519=ORIENTED_EDGE('',*,*,#7258,.F.);
#10520=ORIENTED_EDGE('',*,*,#7183,.F.);
#10521=ORIENTED_EDGE('',*,*,#7243,.F.);
#10522=ORIENTED_EDGE('',*,*,#7244,.T.);
#10523=ORIENTED_EDGE('',*,*,#7156,.F.);
#10524=ORIENTED_EDGE('',*,*,#7169,.T.);
#10525=ORIENTED_EDGE('',*,*,#7229,.T.);
#10526=ORIENTED_EDGE('',*,*,#7174,.T.);
#10527=ORIENTED_EDGE('',*,*,#7250,.F.);
#10528=ORIENTED_EDGE('',*,*,#7253,.F.);
#10529=ORIENTED_EDGE('',*,*,#7256,.T.);
#10530=ORIENTED_EDGE('',*,*,#7177,.T.);
#10531=ORIENTED_EDGE('',*,*,#7249,.F.);
#10532=ORIENTED_EDGE('',*,*,#7257,.T.);
#10533=ORIENTED_EDGE('',*,*,#7181,.F.);
#10534=ORIENTED_EDGE('',*,*,#7179,.F.);
#10535=ORIENTED_EDGE('',*,*,#7255,.T.);
#10536=ORIENTED_EDGE('',*,*,#7184,.F.);
#10537=ORIENTED_EDGE('',*,*,#7258,.T.);
#10538=ORIENTED_EDGE('',*,*,#7245,.T.);
#10539=ORIENTED_EDGE('',*,*,#7251,.F.);
#10540=ORIENTED_EDGE('',*,*,#7187,.F.);
#10541=ORIENTED_EDGE('',*,*,#7259,.T.);
#10542=ORIENTED_EDGE('',*,*,#7260,.T.);
#10543=ORIENTED_EDGE('',*,*,#7219,.T.);
#10544=ORIENTED_EDGE('',*,*,#7186,.T.);
#10545=ORIENTED_EDGE('',*,*,#7191,.T.);
#10546=ORIENTED_EDGE('',*,*,#7261,.F.);
#10547=ORIENTED_EDGE('',*,*,#7259,.F.);
#10548=ORIENTED_EDGE('',*,*,#7262,.F.);
#10549=ORIENTED_EDGE('',*,*,#7263,.T.);
#10550=ORIENTED_EDGE('',*,*,#7189,.T.);
#10551=ORIENTED_EDGE('',*,*,#7264,.F.);
#10552=ORIENTED_EDGE('',*,*,#7196,.T.);
#10553=ORIENTED_EDGE('',*,*,#7265,.T.);
#10554=ORIENTED_EDGE('',*,*,#7266,.T.);
#10555=ORIENTED_EDGE('',*,*,#7204,.T.);
#10556=ORIENTED_EDGE('',*,*,#7267,.T.);
#10557=ORIENTED_EDGE('',*,*,#7207,.T.);
#10558=ORIENTED_EDGE('',*,*,#7268,.T.);
#10559=ORIENTED_EDGE('',*,*,#7264,.T.);
#10560=ORIENTED_EDGE('',*,*,#7195,.F.);
#10561=ORIENTED_EDGE('',*,*,#7269,.T.);
#10562=ORIENTED_EDGE('',*,*,#7270,.T.);
#10563=ORIENTED_EDGE('',*,*,#7265,.F.);
#10564=ORIENTED_EDGE('',*,*,#7271,.T.);
#10565=ORIENTED_EDGE('',*,*,#7272,.F.);
#10566=ORIENTED_EDGE('',*,*,#7212,.F.);
#10567=ORIENTED_EDGE('',*,*,#7273,.F.);
#10568=ORIENTED_EDGE('',*,*,#7269,.F.);
#10569=ORIENTED_EDGE('',*,*,#7194,.F.);
#10570=ORIENTED_EDGE('',*,*,#7216,.T.);
#10571=ORIENTED_EDGE('',*,*,#7274,.F.);
#10572=ORIENTED_EDGE('',*,*,#7271,.F.);
#10573=ORIENTED_EDGE('',*,*,#7193,.F.);
#10574=ORIENTED_EDGE('',*,*,#7199,.T.);
#10575=ORIENTED_EDGE('',*,*,#7110,.T.);
#10576=ORIENTED_EDGE('',*,*,#7192,.F.);
#10577=ORIENTED_EDGE('',*,*,#7101,.T.);
#10578=ORIENTED_EDGE('',*,*,#7263,.F.);
#10579=ORIENTED_EDGE('',*,*,#7275,.F.);
#10580=ORIENTED_EDGE('',*,*,#7217,.F.);
#10581=ORIENTED_EDGE('',*,*,#7260,.F.);
#10582=ORIENTED_EDGE('',*,*,#7261,.T.);
#10583=ORIENTED_EDGE('',*,*,#7190,.F.);
#10584=ORIENTED_EDGE('',*,*,#7203,.T.);
#10585=ORIENTED_EDGE('',*,*,#7234,.T.);
#10586=ORIENTED_EDGE('',*,*,#7208,.T.);
#10587=ORIENTED_EDGE('',*,*,#7267,.F.);
#10588=ORIENTED_EDGE('',*,*,#7270,.F.);
#10589=ORIENTED_EDGE('',*,*,#7273,.T.);
#10590=ORIENTED_EDGE('',*,*,#7211,.T.);
#10591=ORIENTED_EDGE('',*,*,#7266,.F.);
#10592=ORIENTED_EDGE('',*,*,#7274,.T.);
#10593=ORIENTED_EDGE('',*,*,#7215,.F.);
#10594=ORIENTED_EDGE('',*,*,#7213,.F.);
#10595=ORIENTED_EDGE('',*,*,#7272,.T.);
#10596=ORIENTED_EDGE('',*,*,#7218,.F.);
#10597=ORIENTED_EDGE('',*,*,#7275,.T.);
#10598=ORIENTED_EDGE('',*,*,#7262,.T.);
#10599=ORIENTED_EDGE('',*,*,#7268,.F.);
#10600=PLANE('',#12203);
#10601=PLANE('',#12204);
#10602=PLANE('',#12205);
#10603=PLANE('',#12206);
#10604=PLANE('',#12207);
#10605=PLANE('',#12208);
#10606=PLANE('',#12209);
#10607=PLANE('',#12210);
#10608=PLANE('',#12211);
#10609=PLANE('',#12212);
#10610=PLANE('',#12213);
#10611=PLANE('',#12214);
#10612=PLANE('',#12215);
#10613=PLANE('',#12216);
#10614=PLANE('',#12217);
#10615=PLANE('',#12218);
#10616=PLANE('',#12219);
#10617=PLANE('',#12220);
#10618=PLANE('',#12221);
#10619=PLANE('',#12222);
#10620=PLANE('',#12223);
#10621=PLANE('',#12224);
#10622=PLANE('',#12225);
#10623=PLANE('',#12226);
#10624=PLANE('',#12227);
#10625=PLANE('',#12228);
#10626=PLANE('',#12229);
#10627=PLANE('',#12230);
#10628=PLANE('',#12231);
#10629=PLANE('',#12232);
#10630=PLANE('',#12233);
#10631=PLANE('',#12234);
#10632=PLANE('',#12235);
#10633=PLANE('',#12236);
#10634=PLANE('',#12237);
#10635=PLANE('',#12238);
#10636=PLANE('',#12239);
#10637=PLANE('',#12240);
#10638=PLANE('',#12241);
#10639=PLANE('',#12242);
#10640=PLANE('',#12243);
#10641=PLANE('',#12244);
#10642=PLANE('',#12245);
#10643=PLANE('',#12246);
#10644=PLANE('',#12247);
#10645=PLANE('',#12248);
#10646=PLANE('',#12249);
#10647=PLANE('',#12250);
#10648=PLANE('',#12251);
#10649=PLANE('',#12252);
#10650=PLANE('',#12253);
#10651=PLANE('',#12254);
#10652=PLANE('',#12255);
#10653=PLANE('',#12256);
#10654=PLANE('',#12257);
#10655=PLANE('',#12258);
#10656=PLANE('',#12259);
#10657=PLANE('',#12260);
#10658=PLANE('',#12261);
#10659=PLANE('',#12262);
#10660=PLANE('',#12263);
#10661=PLANE('',#12264);
#10662=PLANE('',#12265);
#10663=PLANE('',#12266);
#10664=PLANE('',#12267);
#10665=PLANE('',#12268);
#10666=PLANE('',#12269);
#10667=PLANE('',#12270);
#10668=PLANE('',#12271);
#10669=PLANE('',#12272);
#10670=PLANE('',#12273);
#10671=PLANE('',#12274);
#10672=PLANE('',#12275);
#10673=PLANE('',#12276);
#10674=PLANE('',#12277);
#10675=PLANE('',#12278);
#10676=PLANE('',#12279);
#10677=PLANE('',#12280);
#10678=PLANE('',#12281);
#10679=PLANE('',#12282);
#10680=PLANE('',#12283);
#10681=PLANE('',#12284);
#10682=PLANE('',#12285);
#10683=PLANE('',#12286);
#10684=PLANE('',#12287);
#10685=PLANE('',#12288);
#10686=PLANE('',#12289);
#10687=PLANE('',#12290);
#10688=PLANE('',#12291);
#10689=PLANE('',#12292);
#10690=PLANE('',#12293);
#10691=PLANE('',#12294);
#10692=PLANE('',#12295);
#10693=PLANE('',#12296);
#10694=PLANE('',#12297);
#10695=PLANE('',#12298);
#10696=PLANE('',#12299);
#10697=PLANE('',#12300);
#10698=PLANE('',#12301);
#10699=PLANE('',#12302);
#10700=PLANE('',#12303);
#10701=PLANE('',#12304);
#10702=PLANE('',#12305);
#10703=PLANE('',#12306);
#10704=PLANE('',#12307);
#10705=PLANE('',#12308);
#10706=PLANE('',#12309);
#10707=PLANE('',#12310);
#10708=PLANE('',#12311);
#10709=PLANE('',#12312);
#10710=PLANE('',#12313);
#10711=PLANE('',#12314);
#10712=PLANE('',#12315);
#10713=PLANE('',#12316);
#10714=PLANE('',#12317);
#10715=PLANE('',#12318);
#10716=PLANE('',#12319);
#10717=PLANE('',#12320);
#10718=PLANE('',#12321);
#10719=PLANE('',#12322);
#10720=PLANE('',#12323);
#10721=PLANE('',#12324);
#10722=PLANE('',#12325);
#10723=PLANE('',#12326);
#10724=PLANE('',#12327);
#10725=PLANE('',#12328);
#10726=PLANE('',#12329);
#10727=PLANE('',#12330);
#10728=PLANE('',#12331);
#10729=PLANE('',#12332);
#10730=PLANE('',#12333);
#10731=PLANE('',#12334);
#10732=PLANE('',#12335);
#10733=PLANE('',#12336);
#10734=PLANE('',#12337);
#10735=PLANE('',#12338);
#10736=PLANE('',#12339);
#10737=PLANE('',#12340);
#10738=PLANE('',#12341);
#10739=PLANE('',#12342);
#10740=PLANE('',#12343);
#10741=PLANE('',#12344);
#10742=PLANE('',#12345);
#10743=PLANE('',#12346);
#10744=PLANE('',#12347);
#10745=PLANE('',#12348);
#10746=PLANE('',#12349);
#10747=PLANE('',#12350);
#10748=PLANE('',#12351);
#10749=PLANE('',#12352);
#10750=PLANE('',#12353);
#10751=PLANE('',#12354);
#10752=PLANE('',#12355);
#10753=PLANE('',#12356);
#10754=PLANE('',#12357);
#10755=PLANE('',#12358);
#10756=PLANE('',#12359);
#10757=PLANE('',#12360);
#10758=PLANE('',#12361);
#10759=PLANE('',#12362);
#10760=PLANE('',#12363);
#10761=PLANE('',#12364);
#10762=PLANE('',#12365);
#10763=PLANE('',#12366);
#10764=PLANE('',#12367);
#10765=PLANE('',#12368);
#10766=PLANE('',#12369);
#10767=PLANE('',#12370);
#10768=PLANE('',#12371);
#10769=PLANE('',#12372);
#10770=PLANE('',#12373);
#10771=PLANE('',#12374);
#10772=PLANE('',#12375);
#10773=PLANE('',#12376);
#10774=PLANE('',#12377);
#10775=PLANE('',#12378);
#10776=PLANE('',#12379);
#10777=PLANE('',#12380);
#10778=PLANE('',#12381);
#10779=PLANE('',#12382);
#10780=PLANE('',#12383);
#10781=PLANE('',#12384);
#10782=PLANE('',#12385);
#10783=PLANE('',#12386);
#10784=PLANE('',#12387);
#10785=PLANE('',#12388);
#10786=PLANE('',#12389);
#10787=PLANE('',#12390);
#10788=PLANE('',#12391);
#10789=PLANE('',#12392);
#10790=PLANE('',#12393);
#10791=PLANE('',#12394);
#10792=PLANE('',#12395);
#10793=PLANE('',#12396);
#10794=PLANE('',#12397);
#10795=PLANE('',#12398);
#10796=PLANE('',#12399);
#10797=PLANE('',#12400);
#10798=PLANE('',#12401);
#10799=PLANE('',#12402);
#10800=PLANE('',#12403);
#10801=PLANE('',#12404);
#10802=PLANE('',#12405);
#10803=PLANE('',#12406);
#10804=PLANE('',#12407);
#10805=PLANE('',#12408);
#10806=PLANE('',#12409);
#10807=PLANE('',#12410);
#10808=PLANE('',#12411);
#10809=PLANE('',#12412);
#10810=PLANE('',#12413);
#10811=PLANE('',#12414);
#10812=PLANE('',#12415);
#10813=PLANE('',#12416);
#10814=PLANE('',#12417);
#10815=PLANE('',#12418);
#10816=PLANE('',#12419);
#10817=PLANE('',#12420);
#10818=PLANE('',#12421);
#10819=PLANE('',#12422);
#10820=PLANE('',#12423);
#10821=PLANE('',#12424);
#10822=PLANE('',#12425);
#10823=PLANE('',#12426);
#10824=PLANE('',#12427);
#10825=PLANE('',#12428);
#10826=PLANE('',#12429);
#10827=PLANE('',#12430);
#10828=PLANE('',#12431);
#10829=PLANE('',#12432);
#10830=PLANE('',#12433);
#10831=PLANE('',#12434);
#10832=PLANE('',#12435);
#10833=PLANE('',#12436);
#10834=PLANE('',#12437);
#10835=PLANE('',#12438);
#10836=PLANE('',#12439);
#10837=PLANE('',#12440);
#10838=PLANE('',#12441);
#10839=PLANE('',#12442);
#10840=PLANE('',#12443);
#10841=PLANE('',#12444);
#10842=PLANE('',#12445);
#10843=PLANE('',#12446);
#10844=PLANE('',#12447);
#10845=PLANE('',#12448);
#10846=PLANE('',#12449);
#10847=PLANE('',#12450);
#10848=PLANE('',#12451);
#10849=PLANE('',#12452);
#10850=PLANE('',#12453);
#10851=PLANE('',#12454);
#10852=PLANE('',#12455);
#10853=PLANE('',#12456);
#10854=PLANE('',#12457);
#10855=PLANE('',#12458);
#10856=PLANE('',#12459);
#10857=PLANE('',#12460);
#10858=PLANE('',#12461);
#10859=PLANE('',#12462);
#10860=PLANE('',#12463);
#10861=PLANE('',#12464);
#10862=PLANE('',#12465);
#10863=PLANE('',#12466);
#10864=PLANE('',#12467);
#10865=PLANE('',#12468);
#10866=PLANE('',#12469);
#10867=PLANE('',#12470);
#10868=PLANE('',#12471);
#10869=PLANE('',#12472);
#10870=PLANE('',#12473);
#10871=PLANE('',#12474);
#10872=PLANE('',#12475);
#10873=PLANE('',#12476);
#10874=PLANE('',#12477);
#10875=PLANE('',#12478);
#10876=PLANE('',#12479);
#10877=PLANE('',#12480);
#10878=PLANE('',#12481);
#10879=PLANE('',#12482);
#10880=PLANE('',#12483);
#10881=PLANE('',#12484);
#10882=PLANE('',#12485);
#10883=PLANE('',#12486);
#10884=PLANE('',#12487);
#10885=PLANE('',#12488);
#10886=PLANE('',#12489);
#10887=PLANE('',#12490);
#10888=PLANE('',#12491);
#10889=PLANE('',#12492);
#10890=PLANE('',#12493);
#10891=PLANE('',#12494);
#10892=PLANE('',#12495);
#10893=PLANE('',#12496);
#10894=PLANE('',#12497);
#10895=PLANE('',#12498);
#10896=PLANE('',#12499);
#10897=PLANE('',#12500);
#10898=PLANE('',#12501);
#10899=PLANE('',#12502);
#10900=PLANE('',#12503);
#10901=PLANE('',#12504);
#10902=PLANE('',#12505);
#10903=PLANE('',#12506);
#10904=PLANE('',#12507);
#10905=PLANE('',#12508);
#10906=PLANE('',#12509);
#10907=PLANE('',#12510);
#10908=PLANE('',#12511);
#10909=PLANE('',#12512);
#10910=PLANE('',#12513);
#10911=PLANE('',#12514);
#10912=PLANE('',#12515);
#10913=PLANE('',#12516);
#10914=PLANE('',#12517);
#10915=PLANE('',#12518);
#10916=PLANE('',#12519);
#10917=PLANE('',#12520);
#10918=PLANE('',#12521);
#10919=PLANE('',#12522);
#10920=PLANE('',#12523);
#10921=PLANE('',#12524);
#10922=PLANE('',#12525);
#10923=PLANE('',#12526);
#10924=PLANE('',#12527);
#10925=PLANE('',#12528);
#10926=PLANE('',#12529);
#10927=PLANE('',#12530);
#10928=PLANE('',#12531);
#10929=PLANE('',#12532);
#10930=PLANE('',#12533);
#10931=PLANE('',#12534);
#10932=PLANE('',#12535);
#10933=PLANE('',#12536);
#10934=PLANE('',#12537);
#10935=PLANE('',#12538);
#10936=PLANE('',#12539);
#10937=PLANE('',#12540);
#10938=PLANE('',#12541);
#10939=PLANE('',#12542);
#10940=PLANE('',#12543);
#10941=PLANE('',#12544);
#10942=PLANE('',#12545);
#10943=PLANE('',#12546);
#10944=PLANE('',#12547);
#10945=PLANE('',#12548);
#10946=PLANE('',#12549);
#10947=PLANE('',#12550);
#10948=PLANE('',#12551);
#10949=PLANE('',#12552);
#10950=PLANE('',#12553);
#10951=PLANE('',#12554);
#10952=PLANE('',#12555);
#10953=PLANE('',#12556);
#10954=PLANE('',#12557);
#10955=PLANE('',#12558);
#10956=PLANE('',#12559);
#10957=PLANE('',#12560);
#10958=PLANE('',#12561);
#10959=PLANE('',#12562);
#10960=PLANE('',#12563);
#10961=PLANE('',#12564);
#10962=PLANE('',#12565);
#10963=PLANE('',#12566);
#10964=PLANE('',#12567);
#10965=PLANE('',#12568);
#10966=PLANE('',#12569);
#10967=PLANE('',#12570);
#10968=PLANE('',#12571);
#10969=PLANE('',#12572);
#10970=PLANE('',#12573);
#10971=PLANE('',#12574);
#10972=PLANE('',#12575);
#10973=PLANE('',#12576);
#10974=PLANE('',#12577);
#10975=PLANE('',#12578);
#10976=PLANE('',#12579);
#10977=PLANE('',#12580);
#10978=PLANE('',#12581);
#10979=PLANE('',#12582);
#10980=PLANE('',#12583);
#10981=PLANE('',#12584);
#10982=PLANE('',#12585);
#10983=PLANE('',#12586);
#10984=PLANE('',#12587);
#10985=PLANE('',#12588);
#10986=PLANE('',#12589);
#10987=PLANE('',#12590);
#10988=PLANE('',#12591);
#10989=PLANE('',#12592);
#10990=PLANE('',#12593);
#10991=PLANE('',#12594);
#10992=PLANE('',#12595);
#10993=PLANE('',#12596);
#10994=PLANE('',#12597);
#10995=PLANE('',#12598);
#10996=PLANE('',#12599);
#10997=PLANE('',#12600);
#10998=PLANE('',#12601);
#10999=PLANE('',#12602);
#11000=PLANE('',#12603);
#11001=PLANE('',#12604);
#11002=PLANE('',#12605);
#11003=PLANE('',#12606);
#11004=PLANE('',#12607);
#11005=PLANE('',#12608);
#11006=PLANE('',#12609);
#11007=PLANE('',#12610);
#11008=PLANE('',#12611);
#11009=PLANE('',#12612);
#11010=PLANE('',#12613);
#11011=PLANE('',#12614);
#11012=PLANE('',#12615);
#11013=PLANE('',#12616);
#11014=PLANE('',#12617);
#11015=PLANE('',#12618);
#11016=PLANE('',#12619);
#11017=PLANE('',#12620);
#11018=PLANE('',#12621);
#11019=PLANE('',#12622);
#11020=PLANE('',#12623);
#11021=PLANE('',#12624);
#11022=PLANE('',#12625);
#11023=PLANE('',#12626);
#11024=PLANE('',#12627);
#11025=PLANE('',#12628);
#11026=PLANE('',#12629);
#11027=PLANE('',#12630);
#11028=PLANE('',#12631);
#11029=PLANE('',#12632);
#11030=PLANE('',#12633);
#11031=PLANE('',#12634);
#11032=PLANE('',#12635);
#11033=PLANE('',#12636);
#11034=PLANE('',#12637);
#11035=PLANE('',#12638);
#11036=PLANE('',#12639);
#11037=PLANE('',#12640);
#11038=PLANE('',#12641);
#11039=PLANE('',#12642);
#11040=PLANE('',#12643);
#11041=PLANE('',#12644);
#11042=PLANE('',#12645);
#11043=PLANE('',#12646);
#11044=PLANE('',#12647);
#11045=PLANE('',#12648);
#11046=PLANE('',#12649);
#11047=PLANE('',#12650);
#11048=PLANE('',#12651);
#11049=PLANE('',#12652);
#11050=PLANE('',#12653);
#11051=PLANE('',#12654);
#11052=PLANE('',#12655);
#11053=PLANE('',#12656);
#11054=PLANE('',#12657);
#11055=PLANE('',#12658);
#11056=PLANE('',#12659);
#11057=PLANE('',#12660);
#11058=PLANE('',#12661);
#11059=PLANE('',#12662);
#11060=PLANE('',#12663);
#11061=PLANE('',#12664);
#11062=PLANE('',#12665);
#11063=PLANE('',#12666);
#11064=PLANE('',#12667);
#11065=PLANE('',#12668);
#11066=PLANE('',#12669);
#11067=PLANE('',#12670);
#11068=PLANE('',#12671);
#11069=PLANE('',#12672);
#11070=PLANE('',#12673);
#11071=PLANE('',#12674);
#11072=PLANE('',#12675);
#11073=PLANE('',#12676);
#11074=PLANE('',#12677);
#11075=PLANE('',#12678);
#11076=PLANE('',#12679);
#11077=PLANE('',#12680);
#11078=PLANE('',#12681);
#11079=PLANE('',#12682);
#11080=PLANE('',#12683);
#11081=PLANE('',#12684);
#11082=PLANE('',#12685);
#11083=PLANE('',#12686);
#11084=PLANE('',#12687);
#11085=PLANE('',#12688);
#11086=PLANE('',#12689);
#11087=PLANE('',#12690);
#11088=PLANE('',#12691);
#11089=PLANE('',#12692);
#11090=PLANE('',#12693);
#11091=PLANE('',#12694);
#11092=PLANE('',#12695);
#11093=PLANE('',#12696);
#11094=PLANE('',#12697);
#11095=PLANE('',#12698);
#11096=PLANE('',#12699);
#11097=PLANE('',#12700);
#11098=PLANE('',#12701);
#11099=PLANE('',#12702);
#11100=PLANE('',#12703);
#11101=PLANE('',#12704);
#11102=PLANE('',#12705);
#11103=PLANE('',#12706);
#11104=PLANE('',#12707);
#11105=PLANE('',#12708);
#11106=PLANE('',#12709);
#11107=PLANE('',#12710);
#11108=PLANE('',#12711);
#11109=PLANE('',#12712);
#11110=PLANE('',#12713);
#11111=PLANE('',#12714);
#11112=PLANE('',#12715);
#11113=PLANE('',#12716);
#11114=PLANE('',#12717);
#11115=PLANE('',#12718);
#11116=PLANE('',#12719);
#11117=PLANE('',#12720);
#11118=PLANE('',#12721);
#11119=PLANE('',#12722);
#11120=PLANE('',#12723);
#11121=PLANE('',#12724);
#11122=PLANE('',#12725);
#11123=PLANE('',#12726);
#11124=PLANE('',#12727);
#11125=PLANE('',#12728);
#11126=PLANE('',#12729);
#11127=PLANE('',#12730);
#11128=PLANE('',#12731);
#11129=PLANE('',#12732);
#11130=PLANE('',#12733);
#11131=PLANE('',#12734);
#11132=PLANE('',#12735);
#11133=PLANE('',#12736);
#11134=PLANE('',#12737);
#11135=PLANE('',#12738);
#11136=PLANE('',#12739);
#11137=PLANE('',#12740);
#11138=PLANE('',#12741);
#11139=PLANE('',#12742);
#11140=PLANE('',#12743);
#11141=PLANE('',#12744);
#11142=PLANE('',#12745);
#11143=PLANE('',#12746);
#11144=PLANE('',#12747);
#11145=PLANE('',#12748);
#11146=PLANE('',#12749);
#11147=PLANE('',#12750);
#11148=PLANE('',#12751);
#11149=PLANE('',#12752);
#11150=PLANE('',#12753);
#11151=PLANE('',#12754);
#11152=PLANE('',#12755);
#11153=PLANE('',#12756);
#11154=PLANE('',#12757);
#11155=PLANE('',#12758);
#11156=PLANE('',#12759);
#11157=PLANE('',#12760);
#11158=PLANE('',#12761);
#11159=PLANE('',#12762);
#11160=PLANE('',#12763);
#11161=PLANE('',#12764);
#11162=PLANE('',#12765);
#11163=PLANE('',#12766);
#11164=PLANE('',#12767);
#11165=PLANE('',#12768);
#11166=PLANE('',#12769);
#11167=PLANE('',#12770);
#11168=PLANE('',#12771);
#11169=PLANE('',#12772);
#11170=PLANE('',#12773);
#11171=PLANE('',#12774);
#11172=PLANE('',#12775);
#11173=PLANE('',#12776);
#11174=PLANE('',#12777);
#11175=PLANE('',#12778);
#11176=PLANE('',#12779);
#11177=PLANE('',#12780);
#11178=PLANE('',#12781);
#11179=PLANE('',#12782);
#11180=PLANE('',#12783);
#11181=PLANE('',#12784);
#11182=PLANE('',#12785);
#11183=PLANE('',#12786);
#11184=PLANE('',#12787);
#11185=PLANE('',#12788);
#11186=PLANE('',#12789);
#11187=PLANE('',#12790);
#11188=PLANE('',#12791);
#11189=PLANE('',#12792);
#11190=PLANE('',#12793);
#11191=PLANE('',#12794);
#11192=PLANE('',#12795);
#11193=PLANE('',#12796);
#11194=PLANE('',#12797);
#11195=PLANE('',#12798);
#11196=PLANE('',#12799);
#11197=PLANE('',#12800);
#11198=PLANE('',#12801);
#11199=PLANE('',#12802);
#11200=PLANE('',#12803);
#11201=PLANE('',#12804);
#11202=PLANE('',#12805);
#11203=PLANE('',#12806);
#11204=PLANE('',#12807);
#11205=PLANE('',#12808);
#11206=PLANE('',#12809);
#11207=PLANE('',#12810);
#11208=PLANE('',#12811);
#11209=PLANE('',#12812);
#11210=PLANE('',#12813);
#11211=PLANE('',#12814);
#11212=PLANE('',#12815);
#11213=PLANE('',#12816);
#11214=PLANE('',#12817);
#11215=PLANE('',#12818);
#11216=PLANE('',#12819);
#11217=PLANE('',#12820);
#11218=PLANE('',#12821);
#11219=PLANE('',#12822);
#11220=PLANE('',#12823);
#11221=PLANE('',#12824);
#11222=PLANE('',#12825);
#11223=PLANE('',#12826);
#11224=PLANE('',#12827);
#11225=PLANE('',#12828);
#11226=STYLED_ITEM('',(#19051),#11563);
#11227=STYLED_ITEM('',(#19051),#11565);
#11228=STYLED_ITEM('',(#19051),#11566);
#11229=STYLED_ITEM('',(#19051),#11567);
#11230=STYLED_ITEM('',(#19051),#11568);
#11231=STYLED_ITEM('',(#19051),#11569);
#11232=STYLED_ITEM('',(#19051),#11570);
#11233=STYLED_ITEM('',(#19051),#11571);
#11234=STYLED_ITEM('',(#19051),#11572);
#11235=STYLED_ITEM('',(#19051),#11573);
#11236=STYLED_ITEM('',(#19051),#11574);
#11237=STYLED_ITEM('',(#19051),#11576);
#11238=STYLED_ITEM('',(#19051),#11578);
#11239=STYLED_ITEM('',(#19051),#11579);
#11240=STYLED_ITEM('',(#19051),#11580);
#11241=STYLED_ITEM('',(#19051),#11581);
#11242=STYLED_ITEM('',(#19051),#11582);
#11243=STYLED_ITEM('',(#19051),#11583);
#11244=STYLED_ITEM('',(#19051),#11584);
#11245=STYLED_ITEM('',(#19051),#11585);
#11246=STYLED_ITEM('',(#19051),#11586);
#11247=STYLED_ITEM('',(#19051),#11587);
#11248=STYLED_ITEM('',(#19051),#11589);
#11249=STYLED_ITEM('',(#19051),#11591);
#11250=STYLED_ITEM('',(#19051),#11592);
#11251=STYLED_ITEM('',(#19051),#11593);
#11252=STYLED_ITEM('',(#19051),#11594);
#11253=STYLED_ITEM('',(#19051),#11595);
#11254=STYLED_ITEM('',(#19051),#11596);
#11255=STYLED_ITEM('',(#19051),#11597);
#11256=STYLED_ITEM('',(#19051),#11598);
#11257=STYLED_ITEM('',(#19051),#11599);
#11258=STYLED_ITEM('',(#19051),#11600);
#11259=STYLED_ITEM('',(#19051),#11602);
#11260=STYLED_ITEM('',(#19051),#11604);
#11261=STYLED_ITEM('',(#19051),#11605);
#11262=STYLED_ITEM('',(#19051),#11606);
#11263=STYLED_ITEM('',(#19051),#11607);
#11264=STYLED_ITEM('',(#19051),#11608);
#11265=STYLED_ITEM('',(#19051),#11609);
#11266=STYLED_ITEM('',(#19051),#11610);
#11267=STYLED_ITEM('',(#19051),#11611);
#11268=STYLED_ITEM('',(#19051),#11612);
#11269=STYLED_ITEM('',(#19051),#11613);
#11270=STYLED_ITEM('',(#19051),#11615);
#11271=STYLED_ITEM('',(#19051),#11617);
#11272=STYLED_ITEM('',(#19051),#11618);
#11273=STYLED_ITEM('',(#19051),#11619);
#11274=STYLED_ITEM('',(#19051),#11620);
#11275=STYLED_ITEM('',(#19051),#11621);
#11276=STYLED_ITEM('',(#19051),#11622);
#11277=STYLED_ITEM('',(#19051),#11623);
#11278=STYLED_ITEM('',(#19051),#11624);
#11279=STYLED_ITEM('',(#19051),#11625);
#11280=STYLED_ITEM('',(#19051),#11626);
#11281=STYLED_ITEM('',(#19051),#11628);
#11282=STYLED_ITEM('',(#19051),#11630);
#11283=STYLED_ITEM('',(#19051),#11631);
#11284=STYLED_ITEM('',(#19051),#11632);
#11285=STYLED_ITEM('',(#19051),#11633);
#11286=STYLED_ITEM('',(#19051),#11634);
#11287=STYLED_ITEM('',(#19051),#11635);
#11288=STYLED_ITEM('',(#19051),#11636);
#11289=STYLED_ITEM('',(#19051),#11637);
#11290=STYLED_ITEM('',(#19051),#11638);
#11291=STYLED_ITEM('',(#19051),#11639);
#11292=STYLED_ITEM('',(#19051),#11641);
#11293=STYLED_ITEM('',(#19051),#11643);
#11294=STYLED_ITEM('',(#19051),#11644);
#11295=STYLED_ITEM('',(#19051),#11645);
#11296=STYLED_ITEM('',(#19051),#11646);
#11297=STYLED_ITEM('',(#19051),#11647);
#11298=STYLED_ITEM('',(#19051),#11648);
#11299=STYLED_ITEM('',(#19051),#11649);
#11300=STYLED_ITEM('',(#19051),#11650);
#11301=STYLED_ITEM('',(#19051),#11651);
#11302=STYLED_ITEM('',(#19051),#11652);
#11303=STYLED_ITEM('',(#19051),#11654);
#11304=STYLED_ITEM('',(#19051),#11656);
#11305=STYLED_ITEM('',(#19051),#11657);
#11306=STYLED_ITEM('',(#19051),#11658);
#11307=STYLED_ITEM('',(#19051),#11659);
#11308=STYLED_ITEM('',(#19051),#11660);
#11309=STYLED_ITEM('',(#19051),#11661);
#11310=STYLED_ITEM('',(#19051),#11662);
#11311=STYLED_ITEM('',(#19051),#11663);
#11312=STYLED_ITEM('',(#19051),#11664);
#11313=STYLED_ITEM('',(#19051),#11665);
#11314=STYLED_ITEM('',(#19051),#11667);
#11315=STYLED_ITEM('',(#19051),#11669);
#11316=STYLED_ITEM('',(#19051),#11670);
#11317=STYLED_ITEM('',(#19051),#11671);
#11318=STYLED_ITEM('',(#19051),#11672);
#11319=STYLED_ITEM('',(#19051),#11673);
#11320=STYLED_ITEM('',(#19051),#11674);
#11321=STYLED_ITEM('',(#19051),#11675);
#11322=STYLED_ITEM('',(#19051),#11676);
#11323=STYLED_ITEM('',(#19051),#11677);
#11324=STYLED_ITEM('',(#19051),#11678);
#11325=STYLED_ITEM('',(#19051),#11680);
#11326=STYLED_ITEM('',(#19051),#11682);
#11327=STYLED_ITEM('',(#19051),#11683);
#11328=STYLED_ITEM('',(#19051),#11684);
#11329=STYLED_ITEM('',(#19051),#11685);
#11330=STYLED_ITEM('',(#19051),#11686);
#11331=STYLED_ITEM('',(#19051),#11687);
#11332=STYLED_ITEM('',(#19051),#11688);
#11333=STYLED_ITEM('',(#19051),#11689);
#11334=STYLED_ITEM('',(#19051),#11690);
#11335=STYLED_ITEM('',(#19051),#11692);
#11336=STYLED_ITEM('',(#19051),#11693);
#11337=STYLED_ITEM('',(#19051),#11694);
#11338=STYLED_ITEM('',(#19051),#11695);
#11339=STYLED_ITEM('',(#19051),#11696);
#11340=STYLED_ITEM('',(#19051),#11697);
#11341=STYLED_ITEM('',(#19051),#11698);
#11342=STYLED_ITEM('',(#19051),#11699);
#11343=STYLED_ITEM('',(#19051),#11700);
#11344=STYLED_ITEM('',(#19051),#11701);
#11345=STYLED_ITEM('',(#19051),#11702);
#11346=STYLED_ITEM('',(#19051),#11703);
#11347=STYLED_ITEM('',(#19051),#11704);
#11348=STYLED_ITEM('',(#19051),#11705);
#11349=STYLED_ITEM('',(#19051),#11706);
#11350=STYLED_ITEM('',(#19051),#11707);
#11351=STYLED_ITEM('',(#19051),#11708);
#11352=STYLED_ITEM('',(#19051),#11709);
#11353=STYLED_ITEM('',(#19051),#11710);
#11354=STYLED_ITEM('',(#19051),#11711);
#11355=STYLED_ITEM('',(#19051),#11712);
#11356=STYLED_ITEM('',(#19051),#11713);
#11357=STYLED_ITEM('',(#19051),#11714);
#11358=STYLED_ITEM('',(#19051),#11715);
#11359=STYLED_ITEM('',(#19051),#11756);
#11360=STYLED_ITEM('',(#19051),#11757);
#11361=STYLED_ITEM('',(#19051),#11758);
#11362=STYLED_ITEM('',(#19051),#11759);
#11363=STYLED_ITEM('',(#19051),#11760);
#11364=STYLED_ITEM('',(#19051),#11761);
#11365=STYLED_ITEM('',(#19051),#11762);
#11366=STYLED_ITEM('',(#19051),#11763);
#11367=STYLED_ITEM('',(#19051),#11764);
#11368=STYLED_ITEM('',(#19051),#11765);
#11369=STYLED_ITEM('',(#19051),#11766);
#11370=STYLED_ITEM('',(#19051),#11767);
#11371=STYLED_ITEM('',(#19051),#11768);
#11372=STYLED_ITEM('',(#19051),#11769);
#11373=STYLED_ITEM('',(#19051),#11770);
#11374=STYLED_ITEM('',(#19051),#11771);
#11375=STYLED_ITEM('',(#19051),#11772);
#11376=STYLED_ITEM('',(#19051),#11773);
#11377=STYLED_ITEM('',(#19051),#11774);
#11378=STYLED_ITEM('',(#19051),#11775);
#11379=STYLED_ITEM('',(#19051),#11776);
#11380=STYLED_ITEM('',(#19051),#11777);
#11381=STYLED_ITEM('',(#19051),#11778);
#11382=STYLED_ITEM('',(#19051),#11779);
#11383=STYLED_ITEM('',(#19051),#11784);
#11384=STYLED_ITEM('',(#19051),#11785);
#11385=STYLED_ITEM('',(#19051),#11786);
#11386=STYLED_ITEM('',(#19051),#11792);
#11387=STYLED_ITEM('',(#19051),#11793);
#11388=STYLED_ITEM('',(#19051),#11794);
#11389=STYLED_ITEM('',(#19051),#11800);
#11390=STYLED_ITEM('',(#19051),#11801);
#11391=STYLED_ITEM('',(#19051),#11802);
#11392=STYLED_ITEM('',(#19051),#11808);
#11393=STYLED_ITEM('',(#19051),#11809);
#11394=STYLED_ITEM('',(#19051),#11810);
#11395=STYLED_ITEM('',(#19051),#11816);
#11396=STYLED_ITEM('',(#19051),#11817);
#11397=STYLED_ITEM('',(#19051),#11818);
#11398=STYLED_ITEM('',(#19051),#11824);
#11399=STYLED_ITEM('',(#19051),#11825);
#11400=STYLED_ITEM('',(#19051),#11826);
#11401=STYLED_ITEM('',(#19051),#11832);
#11402=STYLED_ITEM('',(#19051),#11833);
#11403=STYLED_ITEM('',(#19051),#11834);
#11404=STYLED_ITEM('',(#19051),#11840);
#11405=STYLED_ITEM('',(#19051),#11841);
#11406=STYLED_ITEM('',(#19051),#11842);
#11407=STYLED_ITEM('',(#19051),#11848);
#11408=STYLED_ITEM('',(#19051),#11849);
#11409=STYLED_ITEM('',(#19051),#11850);
#11410=STYLED_ITEM('',(#19051),#11856);
#11411=STYLED_ITEM('',(#19051),#11858);
#11412=STYLED_ITEM('',(#19051),#11859);
#11413=STYLED_ITEM('',(#19051),#11860);
#11414=STYLED_ITEM('',(#19051),#11861);
#11415=STYLED_ITEM('',(#19051),#11862);
#11416=STYLED_ITEM('',(#19051),#11863);
#11417=STYLED_ITEM('',(#19051),#11865);
#11418=STYLED_ITEM('',(#19051),#11866);
#11419=STYLED_ITEM('',(#19051),#11867);
#11420=STYLED_ITEM('',(#19051),#11869);
#11421=STYLED_ITEM('',(#19051),#11870);
#11422=STYLED_ITEM('',(#19051),#11871);
#11423=STYLED_ITEM('',(#19051),#11873);
#11424=STYLED_ITEM('',(#19051),#11874);
#11425=STYLED_ITEM('',(#19051),#11875);
#11426=STYLED_ITEM('',(#19051),#11877);
#11427=STYLED_ITEM('',(#19051),#11878);
#11428=STYLED_ITEM('',(#19051),#11879);
#11429=STYLED_ITEM('',(#19051),#11920);
#11430=STYLED_ITEM('',(#19051),#11921);
#11431=STYLED_ITEM('',(#19051),#11922);
#11432=STYLED_ITEM('',(#19051),#11924);
#11433=STYLED_ITEM('',(#19051),#11925);
#11434=STYLED_ITEM('',(#19051),#11926);
#11435=STYLED_ITEM('',(#19051),#11928);
#11436=STYLED_ITEM('',(#19051),#11929);
#11437=STYLED_ITEM('',(#19051),#11930);
#11438=STYLED_ITEM('',(#19051),#11932);
#11439=STYLED_ITEM('',(#19051),#11933);
#11440=STYLED_ITEM('',(#19051),#11934);
#11441=STYLED_ITEM('',(#19051),#11936);
#11442=STYLED_ITEM('',(#19051),#11937);
#11443=STYLED_ITEM('',(#19051),#11938);
#11444=STYLED_ITEM('',(#19051),#11939);
#11445=STYLED_ITEM('',(#19051),#11941);
#11446=STYLED_ITEM('',(#19051),#11943);
#11447=STYLED_ITEM('',(#19051),#11947);
#11448=STYLED_ITEM('',(#19051),#11949);
#11449=STYLED_ITEM('',(#19051),#11953);
#11450=STYLED_ITEM('',(#19051),#11955);
#11451=STYLED_ITEM('',(#19051),#11959);
#11452=STYLED_ITEM('',(#19051),#11961);
#11453=STYLED_ITEM('',(#19051),#11965);
#11454=STYLED_ITEM('',(#19051),#11967);
#11455=STYLED_ITEM('',(#19051),#11970);
#11456=STYLED_ITEM('',(#19051),#11972);
#11457=STYLED_ITEM('',(#19051),#11976);
#11458=STYLED_ITEM('',(#19051),#11978);
#11459=STYLED_ITEM('',(#19051),#11982);
#11460=STYLED_ITEM('',(#19051),#11984);
#11461=STYLED_ITEM('',(#19051),#11988);
#11462=STYLED_ITEM('',(#19051),#11990);
#11463=STYLED_ITEM('',(#19051),#11994);
#11464=STYLED_ITEM('',(#19051),#11997);
#11465=STYLED_ITEM('',(#19051),#11998);
#11466=STYLED_ITEM('',(#19051),#12007);
#11467=STYLED_ITEM('',(#19051),#12009);
#11468=STYLED_ITEM('',(#19051),#12012);
#11469=STYLED_ITEM('',(#19051),#12014);
#11470=STYLED_ITEM('',(#19051),#12018);
#11471=STYLED_ITEM('',(#19051),#12019);
#11472=STYLED_ITEM('',(#19051),#12020);
#11473=STYLED_ITEM('',(#19051),#12029);
#11474=STYLED_ITEM('',(#19051),#12030);
#11475=STYLED_ITEM('',(#19051),#12031);
#11476=STYLED_ITEM('',(#19051),#12033);
#11477=STYLED_ITEM('',(#19051),#12034);
#11478=STYLED_ITEM('',(#19051),#12035);
#11479=STYLED_ITEM('',(#19051),#12041);
#11480=STYLED_ITEM('',(#19051),#12042);
#11481=STYLED_ITEM('',(#19051),#12043);
#11482=STYLED_ITEM('',(#19051),#12048);
#11483=STYLED_ITEM('',(#19051),#12049);
#11484=STYLED_ITEM('',(#19051),#12050);
#11485=STYLED_ITEM('',(#19051),#12051);
#11486=STYLED_ITEM('',(#19051),#12052);
#11487=STYLED_ITEM('',(#19051),#12061);
#11488=STYLED_ITEM('',(#19051),#12062);
#11489=STYLED_ITEM('',(#19051),#12063);
#11490=STYLED_ITEM('',(#19051),#12064);
#11491=STYLED_ITEM('',(#19051),#12065);
#11492=STYLED_ITEM('',(#19051),#12067);
#11493=STYLED_ITEM('',(#19051),#12068);
#11494=STYLED_ITEM('',(#19051),#12069);
#11495=STYLED_ITEM('',(#19051),#12070);
#11496=STYLED_ITEM('',(#19051),#12071);
#11497=STYLED_ITEM('',(#19051),#12072);
#11498=STYLED_ITEM('',(#19051),#12073);
#11499=STYLED_ITEM('',(#19051),#12074);
#11500=STYLED_ITEM('',(#19051),#12075);
#11501=STYLED_ITEM('',(#19051),#12076);
#11502=STYLED_ITEM('',(#19051),#12078);
#11503=STYLED_ITEM('',(#19051),#12080);
#11504=STYLED_ITEM('',(#19051),#12081);
#11505=STYLED_ITEM('',(#19051),#12082);
#11506=STYLED_ITEM('',(#19051),#12083);
#11507=STYLED_ITEM('',(#19051),#12084);
#11508=STYLED_ITEM('',(#19051),#12085);
#11509=STYLED_ITEM('',(#19051),#12086);
#11510=STYLED_ITEM('',(#19051),#12087);
#11511=STYLED_ITEM('',(#19051),#12088);
#11512=STYLED_ITEM('',(#19051),#12089);
#11513=STYLED_ITEM('',(#19051),#12091);
#11514=STYLED_ITEM('',(#19051),#12099);
#11515=STYLED_ITEM('',(#19051),#12101);
#11516=STYLED_ITEM('',(#19051),#12107);
#11517=STYLED_ITEM('',(#19051),#12109);
#11518=STYLED_ITEM('',(#19051),#12113);
#11519=STYLED_ITEM('',(#19051),#12114);
#11520=STYLED_ITEM('',(#19051),#12115);
#11521=STYLED_ITEM('',(#19051),#12126);
#11522=STYLED_ITEM('',(#19051),#12127);
#11523=STYLED_ITEM('',(#19051),#12128);
#11524=STYLED_ITEM('',(#19051),#12130);
#11525=STYLED_ITEM('',(#19051),#12131);
#11526=STYLED_ITEM('',(#19051),#12132);
#11527=STYLED_ITEM('',(#19051),#12138);
#11528=STYLED_ITEM('',(#19051),#12139);
#11529=STYLED_ITEM('',(#19051),#12140);
#11530=STYLED_ITEM('',(#19051),#12145);
#11531=STYLED_ITEM('',(#19051),#12146);
#11532=STYLED_ITEM('',(#19051),#12147);
#11533=STYLED_ITEM('',(#19051),#12148);
#11534=STYLED_ITEM('',(#19051),#12149);
#11535=STYLED_ITEM('',(#19051),#12158);
#11536=STYLED_ITEM('',(#19051),#12159);
#11537=STYLED_ITEM('',(#19051),#12160);
#11538=STYLED_ITEM('',(#19051),#12161);
#11539=STYLED_ITEM('',(#19051),#12162);
#11540=STYLED_ITEM('',(#19051),#12164);
#11541=STYLED_ITEM('',(#19051),#12165);
#11542=STYLED_ITEM('',(#19051),#12166);
#11543=STYLED_ITEM('',(#19051),#12167);
#11544=STYLED_ITEM('',(#19051),#12168);
#11545=STYLED_ITEM('',(#19051),#12169);
#11546=STYLED_ITEM('',(#19051),#12170);
#11547=STYLED_ITEM('',(#19051),#12171);
#11548=STYLED_ITEM('',(#19051),#12172);
#11549=STYLED_ITEM('',(#19051),#12173);
#11550=STYLED_ITEM('',(#19051),#12175);
#11551=STYLED_ITEM('',(#19051),#12177);
#11552=STYLED_ITEM('',(#19051),#12178);
#11553=STYLED_ITEM('',(#19051),#12179);
#11554=STYLED_ITEM('',(#19051),#12180);
#11555=STYLED_ITEM('',(#19051),#12181);
#11556=STYLED_ITEM('',(#19051),#12182);
#11557=STYLED_ITEM('',(#19051),#12183);
#11558=STYLED_ITEM('',(#19051),#12184);
#11559=STYLED_ITEM('',(#19051),#12185);
#11560=STYLED_ITEM('',(#19051),#12186);
#11561=STYLED_ITEM('',(#19051),#12188);
#11562=STYLED_ITEM('',(#19050),#13);
#11563=ADVANCED_FACE('',(#28),#10600,.F.);
#11564=ADVANCED_FACE('',(#29),#10601,.T.);
#11565=ADVANCED_FACE('',(#30),#10602,.F.);
#11566=ADVANCED_FACE('',(#31),#10603,.T.);
#11567=ADVANCED_FACE('',(#32),#10604,.F.);
#11568=ADVANCED_FACE('',(#33),#10605,.T.);
#11569=ADVANCED_FACE('',(#34),#10606,.F.);
#11570=ADVANCED_FACE('',(#35),#10607,.F.);
#11571=ADVANCED_FACE('',(#36),#10608,.F.);
#11572=ADVANCED_FACE('',(#37),#10609,.T.);
#11573=ADVANCED_FACE('',(#38),#10610,.F.);
#11574=ADVANCED_FACE('',(#39),#10611,.F.);
#11575=ADVANCED_FACE('',(#40),#10612,.T.);
#11576=ADVANCED_FACE('',(#41),#10613,.F.);
#11577=ADVANCED_FACE('',(#42),#10614,.T.);
#11578=ADVANCED_FACE('',(#43),#10615,.F.);
#11579=ADVANCED_FACE('',(#44),#10616,.T.);
#11580=ADVANCED_FACE('',(#45),#10617,.F.);
#11581=ADVANCED_FACE('',(#46),#10618,.T.);
#11582=ADVANCED_FACE('',(#47),#10619,.F.);
#11583=ADVANCED_FACE('',(#48),#10620,.F.);
#11584=ADVANCED_FACE('',(#49),#10621,.F.);
#11585=ADVANCED_FACE('',(#50),#10622,.T.);
#11586=ADVANCED_FACE('',(#51),#10623,.F.);
#11587=ADVANCED_FACE('',(#52),#10624,.F.);
#11588=ADVANCED_FACE('',(#53),#10625,.T.);
#11589=ADVANCED_FACE('',(#54),#10626,.F.);
#11590=ADVANCED_FACE('',(#55),#10627,.T.);
#11591=ADVANCED_FACE('',(#56),#10628,.F.);
#11592=ADVANCED_FACE('',(#57),#10629,.T.);
#11593=ADVANCED_FACE('',(#58),#10630,.F.);
#11594=ADVANCED_FACE('',(#59),#10631,.T.);
#11595=ADVANCED_FACE('',(#60),#10632,.F.);
#11596=ADVANCED_FACE('',(#61),#10633,.F.);
#11597=ADVANCED_FACE('',(#62),#10634,.F.);
#11598=ADVANCED_FACE('',(#63),#10635,.T.);
#11599=ADVANCED_FACE('',(#64),#10636,.F.);
#11600=ADVANCED_FACE('',(#65),#10637,.F.);
#11601=ADVANCED_FACE('',(#66),#10638,.T.);
#11602=ADVANCED_FACE('',(#67),#10639,.F.);
#11603=ADVANCED_FACE('',(#68),#10640,.T.);
#11604=ADVANCED_FACE('',(#69),#10641,.F.);
#11605=ADVANCED_FACE('',(#70),#10642,.T.);
#11606=ADVANCED_FACE('',(#71),#10643,.F.);
#11607=ADVANCED_FACE('',(#72),#10644,.T.);
#11608=ADVANCED_FACE('',(#73),#10645,.F.);
#11609=ADVANCED_FACE('',(#74),#10646,.F.);
#11610=ADVANCED_FACE('',(#75),#10647,.F.);
#11611=ADVANCED_FACE('',(#76),#10648,.T.);
#11612=ADVANCED_FACE('',(#77),#10649,.F.);
#11613=ADVANCED_FACE('',(#78),#10650,.F.);
#11614=ADVANCED_FACE('',(#79),#10651,.T.);
#11615=ADVANCED_FACE('',(#80),#10652,.F.);
#11616=ADVANCED_FACE('',(#81),#10653,.T.);
#11617=ADVANCED_FACE('',(#82),#10654,.F.);
#11618=ADVANCED_FACE('',(#83),#10655,.T.);
#11619=ADVANCED_FACE('',(#84),#10656,.F.);
#11620=ADVANCED_FACE('',(#85),#10657,.T.);
#11621=ADVANCED_FACE('',(#86),#10658,.F.);
#11622=ADVANCED_FACE('',(#87),#10659,.F.);
#11623=ADVANCED_FACE('',(#88),#10660,.F.);
#11624=ADVANCED_FACE('',(#89),#10661,.T.);
#11625=ADVANCED_FACE('',(#90),#10662,.F.);
#11626=ADVANCED_FACE('',(#91),#10663,.F.);
#11627=ADVANCED_FACE('',(#92),#10664,.T.);
#11628=ADVANCED_FACE('',(#93),#10665,.F.);
#11629=ADVANCED_FACE('',(#94),#10666,.T.);
#11630=ADVANCED_FACE('',(#95),#10667,.F.);
#11631=ADVANCED_FACE('',(#96),#10668,.T.);
#11632=ADVANCED_FACE('',(#97),#10669,.F.);
#11633=ADVANCED_FACE('',(#98),#10670,.T.);
#11634=ADVANCED_FACE('',(#99),#10671,.F.);
#11635=ADVANCED_FACE('',(#100),#10672,.F.);
#11636=ADVANCED_FACE('',(#101),#10673,.F.);
#11637=ADVANCED_FACE('',(#102),#10674,.T.);
#11638=ADVANCED_FACE('',(#103),#10675,.F.);
#11639=ADVANCED_FACE('',(#104),#10676,.F.);
#11640=ADVANCED_FACE('',(#105),#10677,.T.);
#11641=ADVANCED_FACE('',(#106),#10678,.F.);
#11642=ADVANCED_FACE('',(#107),#10679,.T.);
#11643=ADVANCED_FACE('',(#108),#10680,.F.);
#11644=ADVANCED_FACE('',(#109),#10681,.T.);
#11645=ADVANCED_FACE('',(#110),#10682,.F.);
#11646=ADVANCED_FACE('',(#111),#10683,.T.);
#11647=ADVANCED_FACE('',(#112),#10684,.F.);
#11648=ADVANCED_FACE('',(#113),#10685,.F.);
#11649=ADVANCED_FACE('',(#114),#10686,.F.);
#11650=ADVANCED_FACE('',(#115),#10687,.T.);
#11651=ADVANCED_FACE('',(#116),#10688,.F.);
#11652=ADVANCED_FACE('',(#117),#10689,.F.);
#11653=ADVANCED_FACE('',(#118),#10690,.T.);
#11654=ADVANCED_FACE('',(#119),#10691,.F.);
#11655=ADVANCED_FACE('',(#120),#10692,.T.);
#11656=ADVANCED_FACE('',(#121),#10693,.F.);
#11657=ADVANCED_FACE('',(#122),#10694,.T.);
#11658=ADVANCED_FACE('',(#123),#10695,.F.);
#11659=ADVANCED_FACE('',(#124),#10696,.T.);
#11660=ADVANCED_FACE('',(#125),#10697,.F.);
#11661=ADVANCED_FACE('',(#126),#10698,.F.);
#11662=ADVANCED_FACE('',(#127),#10699,.F.);
#11663=ADVANCED_FACE('',(#128),#10700,.T.);
#11664=ADVANCED_FACE('',(#129),#10701,.F.);
#11665=ADVANCED_FACE('',(#130),#10702,.F.);
#11666=ADVANCED_FACE('',(#131),#10703,.T.);
#11667=ADVANCED_FACE('',(#132),#10704,.F.);
#11668=ADVANCED_FACE('',(#133),#10705,.T.);
#11669=ADVANCED_FACE('',(#134),#10706,.F.);
#11670=ADVANCED_FACE('',(#135),#10707,.T.);
#11671=ADVANCED_FACE('',(#136),#10708,.F.);
#11672=ADVANCED_FACE('',(#137),#10709,.T.);
#11673=ADVANCED_FACE('',(#138),#10710,.F.);
#11674=ADVANCED_FACE('',(#139),#10711,.F.);
#11675=ADVANCED_FACE('',(#140),#10712,.F.);
#11676=ADVANCED_FACE('',(#141),#10713,.T.);
#11677=ADVANCED_FACE('',(#142),#10714,.F.);
#11678=ADVANCED_FACE('',(#143),#10715,.F.);
#11679=ADVANCED_FACE('',(#144),#10716,.T.);
#11680=ADVANCED_FACE('',(#145),#10717,.F.);
#11681=ADVANCED_FACE('',(#146),#10718,.T.);
#11682=ADVANCED_FACE('',(#147),#10719,.F.);
#11683=ADVANCED_FACE('',(#148),#10720,.T.);
#11684=ADVANCED_FACE('',(#149),#10721,.F.);
#11685=ADVANCED_FACE('',(#150),#10722,.F.);
#11686=ADVANCED_FACE('',(#151),#10723,.F.);
#11687=ADVANCED_FACE('',(#152),#10724,.F.);
#11688=ADVANCED_FACE('',(#153),#10725,.T.);
#11689=ADVANCED_FACE('',(#154),#10726,.F.);
#11690=ADVANCED_FACE('',(#155),#10727,.F.);
#11691=ADVANCED_FACE('',(#156),#10728,.T.);
#11692=ADVANCED_FACE('',(#157),#10729,.T.);
#11693=ADVANCED_FACE('',(#158),#10730,.F.);
#11694=ADVANCED_FACE('',(#159),#10731,.F.);
#11695=ADVANCED_FACE('',(#160),#10732,.F.);
#11696=ADVANCED_FACE('',(#161),#10733,.F.);
#11697=ADVANCED_FACE('',(#162),#10734,.F.);
#11698=ADVANCED_FACE('',(#163),#10735,.F.);
#11699=ADVANCED_FACE('',(#164),#10736,.F.);
#11700=ADVANCED_FACE('',(#165),#10737,.F.);
#11701=ADVANCED_FACE('',(#166),#10738,.F.);
#11702=ADVANCED_FACE('',(#167),#10739,.F.);
#11703=ADVANCED_FACE('',(#168),#10740,.F.);
#11704=ADVANCED_FACE('',(#169),#10741,.F.);
#11705=ADVANCED_FACE('',(#170),#10742,.F.);
#11706=ADVANCED_FACE('',(#171),#10743,.F.);
#11707=ADVANCED_FACE('',(#172),#10744,.F.);
#11708=ADVANCED_FACE('',(#173),#10745,.F.);
#11709=ADVANCED_FACE('',(#174),#10746,.F.);
#11710=ADVANCED_FACE('',(#175),#10747,.F.);
#11711=ADVANCED_FACE('',(#176),#10748,.F.);
#11712=ADVANCED_FACE('',(#177),#10749,.F.);
#11713=ADVANCED_FACE('',(#178),#10750,.F.);
#11714=ADVANCED_FACE('',(#179),#10751,.F.);
#11715=ADVANCED_FACE('',(#180),#10752,.F.);
#11716=ADVANCED_FACE('',(#181),#10753,.T.);
#11717=ADVANCED_FACE('',(#182),#10754,.T.);
#11718=ADVANCED_FACE('',(#183),#10755,.T.);
#11719=ADVANCED_FACE('',(#184),#10756,.T.);
#11720=ADVANCED_FACE('',(#185),#10757,.T.);
#11721=ADVANCED_FACE('',(#186),#10758,.T.);
#11722=ADVANCED_FACE('',(#187),#10759,.T.);
#11723=ADVANCED_FACE('',(#188),#10760,.T.);
#11724=ADVANCED_FACE('',(#189),#10761,.T.);
#11725=ADVANCED_FACE('',(#190),#10762,.T.);
#11726=ADVANCED_FACE('',(#191),#10763,.T.);
#11727=ADVANCED_FACE('',(#192),#10764,.T.);
#11728=ADVANCED_FACE('',(#193),#10765,.T.);
#11729=ADVANCED_FACE('',(#194),#10766,.T.);
#11730=ADVANCED_FACE('',(#195),#10767,.T.);
#11731=ADVANCED_FACE('',(#196),#10768,.T.);
#11732=ADVANCED_FACE('',(#197),#10769,.T.);
#11733=ADVANCED_FACE('',(#198),#10770,.T.);
#11734=ADVANCED_FACE('',(#199),#10771,.T.);
#11735=ADVANCED_FACE('',(#200),#10772,.T.);
#11736=ADVANCED_FACE('',(#201),#10773,.T.);
#11737=ADVANCED_FACE('',(#202),#10774,.T.);
#11738=ADVANCED_FACE('',(#203),#10775,.T.);
#11739=ADVANCED_FACE('',(#204),#10776,.T.);
#11740=ADVANCED_FACE('',(#205),#10777,.T.);
#11741=ADVANCED_FACE('',(#206),#10778,.T.);
#11742=ADVANCED_FACE('',(#207),#10779,.T.);
#11743=ADVANCED_FACE('',(#208),#10780,.T.);
#11744=ADVANCED_FACE('',(#209),#10781,.T.);
#11745=ADVANCED_FACE('',(#210),#10782,.T.);
#11746=ADVANCED_FACE('',(#211),#10783,.T.);
#11747=ADVANCED_FACE('',(#212),#10784,.T.);
#11748=ADVANCED_FACE('',(#213),#10785,.T.);
#11749=ADVANCED_FACE('',(#214),#10786,.T.);
#11750=ADVANCED_FACE('',(#215),#10787,.T.);
#11751=ADVANCED_FACE('',(#216),#10788,.T.);
#11752=ADVANCED_FACE('',(#217),#10789,.T.);
#11753=ADVANCED_FACE('',(#218),#10790,.T.);
#11754=ADVANCED_FACE('',(#219),#10791,.T.);
#11755=ADVANCED_FACE('',(#220),#10792,.T.);
#11756=ADVANCED_FACE('',(#221),#10793,.F.);
#11757=ADVANCED_FACE('',(#222),#10794,.F.);
#11758=ADVANCED_FACE('',(#223),#10795,.F.);
#11759=ADVANCED_FACE('',(#224),#10796,.F.);
#11760=ADVANCED_FACE('',(#225),#10797,.F.);
#11761=ADVANCED_FACE('',(#226),#10798,.F.);
#11762=ADVANCED_FACE('',(#227),#10799,.F.);
#11763=ADVANCED_FACE('',(#228),#10800,.F.);
#11764=ADVANCED_FACE('',(#229),#10801,.F.);
#11765=ADVANCED_FACE('',(#230),#10802,.F.);
#11766=ADVANCED_FACE('',(#231),#10803,.F.);
#11767=ADVANCED_FACE('',(#232),#10804,.F.);
#11768=ADVANCED_FACE('',(#233),#10805,.F.);
#11769=ADVANCED_FACE('',(#234),#10806,.F.);
#11770=ADVANCED_FACE('',(#235),#10807,.F.);
#11771=ADVANCED_FACE('',(#236),#10808,.F.);
#11772=ADVANCED_FACE('',(#237),#10809,.F.);
#11773=ADVANCED_FACE('',(#238),#10810,.F.);
#11774=ADVANCED_FACE('',(#239),#10811,.F.);
#11775=ADVANCED_FACE('',(#240),#10812,.F.);
#11776=ADVANCED_FACE('',(#241),#10813,.F.);
#11777=ADVANCED_FACE('',(#242),#10814,.F.);
#11778=ADVANCED_FACE('',(#243),#10815,.F.);
#11779=ADVANCED_FACE('',(#244),#10816,.F.);
#11780=ADVANCED_FACE('',(#245),#10817,.F.);
#11781=ADVANCED_FACE('',(#246),#10818,.T.);
#11782=ADVANCED_FACE('',(#247),#10819,.F.);
#11783=ADVANCED_FACE('',(#248),#10820,.T.);
#11784=ADVANCED_FACE('',(#249),#10821,.F.);
#11785=ADVANCED_FACE('',(#250),#10822,.F.);
#11786=ADVANCED_FACE('',(#251),#10823,.F.);
#11787=ADVANCED_FACE('',(#252),#10824,.T.);
#11788=ADVANCED_FACE('',(#253),#10825,.F.);
#11789=ADVANCED_FACE('',(#254),#10826,.T.);
#11790=ADVANCED_FACE('',(#255),#10827,.F.);
#11791=ADVANCED_FACE('',(#256),#10828,.T.);
#11792=ADVANCED_FACE('',(#257),#10829,.F.);
#11793=ADVANCED_FACE('',(#258),#10830,.F.);
#11794=ADVANCED_FACE('',(#259),#10831,.F.);
#11795=ADVANCED_FACE('',(#260),#10832,.T.);
#11796=ADVANCED_FACE('',(#261),#10833,.F.);
#11797=ADVANCED_FACE('',(#262),#10834,.T.);
#11798=ADVANCED_FACE('',(#263),#10835,.F.);
#11799=ADVANCED_FACE('',(#264),#10836,.T.);
#11800=ADVANCED_FACE('',(#265),#10837,.F.);
#11801=ADVANCED_FACE('',(#266),#10838,.F.);
#11802=ADVANCED_FACE('',(#267),#10839,.F.);
#11803=ADVANCED_FACE('',(#268),#10840,.T.);
#11804=ADVANCED_FACE('',(#269),#10841,.F.);
#11805=ADVANCED_FACE('',(#270),#10842,.T.);
#11806=ADVANCED_FACE('',(#271),#10843,.F.);
#11807=ADVANCED_FACE('',(#272),#10844,.T.);
#11808=ADVANCED_FACE('',(#273),#10845,.F.);
#11809=ADVANCED_FACE('',(#274),#10846,.F.);
#11810=ADVANCED_FACE('',(#275),#10847,.F.);
#11811=ADVANCED_FACE('',(#276),#10848,.T.);
#11812=ADVANCED_FACE('',(#277),#10849,.F.);
#11813=ADVANCED_FACE('',(#278),#10850,.T.);
#11814=ADVANCED_FACE('',(#279),#10851,.F.);
#11815=ADVANCED_FACE('',(#280),#10852,.T.);
#11816=ADVANCED_FACE('',(#281),#10853,.F.);
#11817=ADVANCED_FACE('',(#282),#10854,.F.);
#11818=ADVANCED_FACE('',(#283),#10855,.F.);
#11819=ADVANCED_FACE('',(#284),#10856,.T.);
#11820=ADVANCED_FACE('',(#285),#10857,.F.);
#11821=ADVANCED_FACE('',(#286),#10858,.T.);
#11822=ADVANCED_FACE('',(#287),#10859,.F.);
#11823=ADVANCED_FACE('',(#288),#10860,.T.);
#11824=ADVANCED_FACE('',(#289),#10861,.F.);
#11825=ADVANCED_FACE('',(#290),#10862,.F.);
#11826=ADVANCED_FACE('',(#291),#10863,.F.);
#11827=ADVANCED_FACE('',(#292),#10864,.T.);
#11828=ADVANCED_FACE('',(#293),#10865,.F.);
#11829=ADVANCED_FACE('',(#294),#10866,.T.);
#11830=ADVANCED_FACE('',(#295),#10867,.F.);
#11831=ADVANCED_FACE('',(#296),#10868,.T.);
#11832=ADVANCED_FACE('',(#297),#10869,.F.);
#11833=ADVANCED_FACE('',(#298),#10870,.F.);
#11834=ADVANCED_FACE('',(#299),#10871,.F.);
#11835=ADVANCED_FACE('',(#300),#10872,.T.);
#11836=ADVANCED_FACE('',(#301),#10873,.F.);
#11837=ADVANCED_FACE('',(#302),#10874,.T.);
#11838=ADVANCED_FACE('',(#303),#10875,.F.);
#11839=ADVANCED_FACE('',(#304),#10876,.T.);
#11840=ADVANCED_FACE('',(#305),#10877,.F.);
#11841=ADVANCED_FACE('',(#306),#10878,.F.);
#11842=ADVANCED_FACE('',(#307),#10879,.F.);
#11843=ADVANCED_FACE('',(#308),#10880,.T.);
#11844=ADVANCED_FACE('',(#309),#10881,.F.);
#11845=ADVANCED_FACE('',(#310),#10882,.T.);
#11846=ADVANCED_FACE('',(#311),#10883,.F.);
#11847=ADVANCED_FACE('',(#312),#10884,.T.);
#11848=ADVANCED_FACE('',(#313),#10885,.F.);
#11849=ADVANCED_FACE('',(#314),#10886,.F.);
#11850=ADVANCED_FACE('',(#315),#10887,.F.);
#11851=ADVANCED_FACE('',(#316),#10888,.T.);
#11852=ADVANCED_FACE('',(#317),#10889,.F.);
#11853=ADVANCED_FACE('',(#318),#10890,.T.);
#11854=ADVANCED_FACE('',(#319),#10891,.F.);
#11855=ADVANCED_FACE('',(#320),#10892,.T.);
#11856=ADVANCED_FACE('',(#321),#10893,.F.);
#11857=ADVANCED_FACE('',(#322),#10894,.T.);
#11858=ADVANCED_FACE('',(#323),#10895,.F.);
#11859=ADVANCED_FACE('',(#324),#10896,.F.);
#11860=ADVANCED_FACE('',(#325),#10897,.F.);
#11861=ADVANCED_FACE('',(#326),#10898,.F.);
#11862=ADVANCED_FACE('',(#327),#10899,.T.);
#11863=ADVANCED_FACE('',(#328),#10900,.F.);
#11864=ADVANCED_FACE('',(#329),#10901,.F.);
#11865=ADVANCED_FACE('',(#330),#10902,.F.);
#11866=ADVANCED_FACE('',(#331),#10903,.T.);
#11867=ADVANCED_FACE('',(#332),#10904,.F.);
#11868=ADVANCED_FACE('',(#333),#10905,.F.);
#11869=ADVANCED_FACE('',(#334),#10906,.F.);
#11870=ADVANCED_FACE('',(#335),#10907,.T.);
#11871=ADVANCED_FACE('',(#336),#10908,.F.);
#11872=ADVANCED_FACE('',(#337),#10909,.F.);
#11873=ADVANCED_FACE('',(#338),#10910,.F.);
#11874=ADVANCED_FACE('',(#339),#10911,.T.);
#11875=ADVANCED_FACE('',(#340),#10912,.F.);
#11876=ADVANCED_FACE('',(#341),#10913,.F.);
#11877=ADVANCED_FACE('',(#342),#10914,.F.);
#11878=ADVANCED_FACE('',(#343),#10915,.T.);
#11879=ADVANCED_FACE('',(#344),#10916,.F.);
#11880=ADVANCED_FACE('',(#345),#10917,.F.);
#11881=ADVANCED_FACE('',(#346),#10918,.F.);
#11882=ADVANCED_FACE('',(#347),#10919,.F.);
#11883=ADVANCED_FACE('',(#348),#10920,.F.);
#11884=ADVANCED_FACE('',(#349),#10921,.F.);
#11885=ADVANCED_FACE('',(#350),#10922,.F.);
#11886=ADVANCED_FACE('',(#351),#10923,.F.);
#11887=ADVANCED_FACE('',(#352),#10924,.F.);
#11888=ADVANCED_FACE('',(#353),#10925,.F.);
#11889=ADVANCED_FACE('',(#354),#10926,.F.);
#11890=ADVANCED_FACE('',(#355),#10927,.F.);
#11891=ADVANCED_FACE('',(#356),#10928,.F.);
#11892=ADVANCED_FACE('',(#357),#10929,.F.);
#11893=ADVANCED_FACE('',(#358),#10930,.F.);
#11894=ADVANCED_FACE('',(#359),#10931,.F.);
#11895=ADVANCED_FACE('',(#360),#10932,.F.);
#11896=ADVANCED_FACE('',(#361),#10933,.F.);
#11897=ADVANCED_FACE('',(#362),#10934,.F.);
#11898=ADVANCED_FACE('',(#363),#10935,.F.);
#11899=ADVANCED_FACE('',(#364),#10936,.F.);
#11900=ADVANCED_FACE('',(#365),#10937,.F.);
#11901=ADVANCED_FACE('',(#366),#10938,.F.);
#11902=ADVANCED_FACE('',(#367),#10939,.F.);
#11903=ADVANCED_FACE('',(#368),#10940,.F.);
#11904=ADVANCED_FACE('',(#369),#10941,.F.);
#11905=ADVANCED_FACE('',(#370),#10942,.F.);
#11906=ADVANCED_FACE('',(#371),#10943,.F.);
#11907=ADVANCED_FACE('',(#372),#10944,.F.);
#11908=ADVANCED_FACE('',(#373),#10945,.F.);
#11909=ADVANCED_FACE('',(#374),#10946,.F.);
#11910=ADVANCED_FACE('',(#375),#10947,.F.);
#11911=ADVANCED_FACE('',(#376),#10948,.F.);
#11912=ADVANCED_FACE('',(#377),#10949,.F.);
#11913=ADVANCED_FACE('',(#378),#10950,.F.);
#11914=ADVANCED_FACE('',(#379),#10951,.F.);
#11915=ADVANCED_FACE('',(#380),#10952,.F.);
#11916=ADVANCED_FACE('',(#381),#10953,.F.);
#11917=ADVANCED_FACE('',(#382),#10954,.F.);
#11918=ADVANCED_FACE('',(#383),#10955,.F.);
#11919=ADVANCED_FACE('',(#384),#10956,.F.);
#11920=ADVANCED_FACE('',(#385),#10957,.F.);
#11921=ADVANCED_FACE('',(#386),#10958,.T.);
#11922=ADVANCED_FACE('',(#387),#10959,.F.);
#11923=ADVANCED_FACE('',(#388),#10960,.F.);
#11924=ADVANCED_FACE('',(#389),#10961,.F.);
#11925=ADVANCED_FACE('',(#390),#10962,.T.);
#11926=ADVANCED_FACE('',(#391),#10963,.F.);
#11927=ADVANCED_FACE('',(#392),#10964,.F.);
#11928=ADVANCED_FACE('',(#393),#10965,.F.);
#11929=ADVANCED_FACE('',(#394),#10966,.T.);
#11930=ADVANCED_FACE('',(#395),#10967,.F.);
#11931=ADVANCED_FACE('',(#396),#10968,.F.);
#11932=ADVANCED_FACE('',(#397),#10969,.F.);
#11933=ADVANCED_FACE('',(#398),#10970,.T.);
#11934=ADVANCED_FACE('',(#399),#10971,.F.);
#11935=ADVANCED_FACE('',(#400),#10972,.F.);
#11936=ADVANCED_FACE('',(#401),#10973,.F.);
#11937=ADVANCED_FACE('',(#402),#10974,.T.);
#11938=ADVANCED_FACE('',(#403),#10975,.F.);
#11939=ADVANCED_FACE('',(#404),#10976,.F.);
#11940=ADVANCED_FACE('',(#405),#10977,.F.);
#11941=ADVANCED_FACE('',(#406),#10978,.F.);
#11942=ADVANCED_FACE('',(#407),#10979,.F.);
#11943=ADVANCED_FACE('',(#408),#10980,.F.);
#11944=ADVANCED_FACE('',(#409),#10981,.F.);
#11945=ADVANCED_FACE('',(#410),#10982,.T.);
#11946=ADVANCED_FACE('',(#411),#10983,.F.);
#11947=ADVANCED_FACE('',(#412),#10984,.F.);
#11948=ADVANCED_FACE('',(#413),#10985,.F.);
#11949=ADVANCED_FACE('',(#414),#10986,.F.);
#11950=ADVANCED_FACE('',(#415),#10987,.F.);
#11951=ADVANCED_FACE('',(#416),#10988,.T.);
#11952=ADVANCED_FACE('',(#417),#10989,.F.);
#11953=ADVANCED_FACE('',(#418),#10990,.F.);
#11954=ADVANCED_FACE('',(#419),#10991,.F.);
#11955=ADVANCED_FACE('',(#420),#10992,.F.);
#11956=ADVANCED_FACE('',(#421),#10993,.F.);
#11957=ADVANCED_FACE('',(#422),#10994,.T.);
#11958=ADVANCED_FACE('',(#423),#10995,.F.);
#11959=ADVANCED_FACE('',(#424),#10996,.F.);
#11960=ADVANCED_FACE('',(#425),#10997,.F.);
#11961=ADVANCED_FACE('',(#426),#10998,.F.);
#11962=ADVANCED_FACE('',(#427),#10999,.F.);
#11963=ADVANCED_FACE('',(#428),#11000,.T.);
#11964=ADVANCED_FACE('',(#429),#11001,.F.);
#11965=ADVANCED_FACE('',(#430),#11002,.F.);
#11966=ADVANCED_FACE('',(#431),#11003,.F.);
#11967=ADVANCED_FACE('',(#432),#11004,.F.);
#11968=ADVANCED_FACE('',(#433),#11005,.F.);
#11969=ADVANCED_FACE('',(#434),#11006,.F.);
#11970=ADVANCED_FACE('',(#435),#11007,.F.);
#11971=ADVANCED_FACE('',(#436),#11008,.F.);
#11972=ADVANCED_FACE('',(#437),#11009,.F.);
#11973=ADVANCED_FACE('',(#438),#11010,.F.);
#11974=ADVANCED_FACE('',(#439),#11011,.T.);
#11975=ADVANCED_FACE('',(#440),#11012,.F.);
#11976=ADVANCED_FACE('',(#441),#11013,.F.);
#11977=ADVANCED_FACE('',(#442),#11014,.F.);
#11978=ADVANCED_FACE('',(#443),#11015,.F.);
#11979=ADVANCED_FACE('',(#444),#11016,.F.);
#11980=ADVANCED_FACE('',(#445),#11017,.T.);
#11981=ADVANCED_FACE('',(#446),#11018,.F.);
#11982=ADVANCED_FACE('',(#447),#11019,.F.);
#11983=ADVANCED_FACE('',(#448),#11020,.F.);
#11984=ADVANCED_FACE('',(#449),#11021,.F.);
#11985=ADVANCED_FACE('',(#450),#11022,.F.);
#11986=ADVANCED_FACE('',(#451),#11023,.T.);
#11987=ADVANCED_FACE('',(#452),#11024,.F.);
#11988=ADVANCED_FACE('',(#453),#11025,.F.);
#11989=ADVANCED_FACE('',(#454),#11026,.F.);
#11990=ADVANCED_FACE('',(#455),#11027,.F.);
#11991=ADVANCED_FACE('',(#456),#11028,.F.);
#11992=ADVANCED_FACE('',(#457),#11029,.T.);
#11993=ADVANCED_FACE('',(#458),#11030,.F.);
#11994=ADVANCED_FACE('',(#459),#11031,.F.);
#11995=ADVANCED_FACE('',(#460),#11032,.F.);
#11996=ADVANCED_FACE('',(#461),#11033,.F.);
#11997=ADVANCED_FACE('',(#462),#11034,.F.);
#11998=ADVANCED_FACE('',(#463),#11035,.F.);
#11999=ADVANCED_FACE('',(#464),#11036,.F.);
#12000=ADVANCED_FACE('',(#465),#11037,.T.);
#12001=ADVANCED_FACE('',(#466),#11038,.T.);
#12002=ADVANCED_FACE('',(#467),#11039,.F.);
#12003=ADVANCED_FACE('',(#468),#11040,.F.);
#12004=ADVANCED_FACE('',(#469),#11041,.T.);
#12005=ADVANCED_FACE('',(#470),#11042,.F.);
#12006=ADVANCED_FACE('',(#471),#11043,.F.);
#12007=ADVANCED_FACE('',(#472),#11044,.F.);
#12008=ADVANCED_FACE('',(#473),#11045,.F.);
#12009=ADVANCED_FACE('',(#474),#11046,.F.);
#12010=ADVANCED_FACE('',(#475),#11047,.F.);
#12011=ADVANCED_FACE('',(#476),#11048,.F.);
#12012=ADVANCED_FACE('',(#477),#11049,.F.);
#12013=ADVANCED_FACE('',(#478),#11050,.F.);
#12014=ADVANCED_FACE('',(#479),#11051,.F.);
#12015=ADVANCED_FACE('',(#480),#11052,.F.);
#12016=ADVANCED_FACE('',(#481),#11053,.T.);
#12017=ADVANCED_FACE('',(#482),#11054,.F.);
#12018=ADVANCED_FACE('',(#483),#11055,.F.);
#12019=ADVANCED_FACE('',(#484),#11056,.T.);
#12020=ADVANCED_FACE('',(#485),#11057,.F.);
#12021=ADVANCED_FACE('',(#486),#11058,.F.);
#12022=ADVANCED_FACE('',(#487),#11059,.F.);
#12023=ADVANCED_FACE('',(#488),#11060,.F.);
#12024=ADVANCED_FACE('',(#489),#11061,.F.);
#12025=ADVANCED_FACE('',(#490),#11062,.F.);
#12026=ADVANCED_FACE('',(#491),#11063,.F.);
#12027=ADVANCED_FACE('',(#492),#11064,.F.);
#12028=ADVANCED_FACE('',(#493),#11065,.F.);
#12029=ADVANCED_FACE('',(#494),#11066,.F.);
#12030=ADVANCED_FACE('',(#495),#11067,.T.);
#12031=ADVANCED_FACE('',(#496),#11068,.F.);
#12032=ADVANCED_FACE('',(#497),#11069,.T.);
#12033=ADVANCED_FACE('',(#498),#11070,.F.);
#12034=ADVANCED_FACE('',(#499),#11071,.F.);
#12035=ADVANCED_FACE('',(#500),#11072,.F.);
#12036=ADVANCED_FACE('',(#501),#11073,.T.);
#12037=ADVANCED_FACE('',(#502),#11074,.F.);
#12038=ADVANCED_FACE('',(#503),#11075,.T.);
#12039=ADVANCED_FACE('',(#504),#11076,.F.);
#12040=ADVANCED_FACE('',(#505),#11077,.T.);
#12041=ADVANCED_FACE('',(#506),#11078,.F.);
#12042=ADVANCED_FACE('',(#507),#11079,.F.);
#12043=ADVANCED_FACE('',(#508),#11080,.F.);
#12044=ADVANCED_FACE('',(#509),#11081,.T.);
#12045=ADVANCED_FACE('',(#510),#11082,.F.);
#12046=ADVANCED_FACE('',(#511),#11083,.T.);
#12047=ADVANCED_FACE('',(#512),#11084,.F.);
#12048=ADVANCED_FACE('',(#513),#11085,.F.);
#12049=ADVANCED_FACE('',(#514),#11086,.F.);
#12050=ADVANCED_FACE('',(#515),#11087,.F.);
#12051=ADVANCED_FACE('',(#516),#11088,.F.);
#12052=ADVANCED_FACE('',(#517),#11089,.F.);
#12053=ADVANCED_FACE('',(#518),#11090,.T.);
#12054=ADVANCED_FACE('',(#519),#11091,.T.);
#12055=ADVANCED_FACE('',(#520),#11092,.T.);
#12056=ADVANCED_FACE('',(#521),#11093,.T.);
#12057=ADVANCED_FACE('',(#522),#11094,.T.);
#12058=ADVANCED_FACE('',(#523),#11095,.T.);
#12059=ADVANCED_FACE('',(#524),#11096,.T.);
#12060=ADVANCED_FACE('',(#525),#11097,.T.);
#12061=ADVANCED_FACE('',(#526),#11098,.F.);
#12062=ADVANCED_FACE('',(#527),#11099,.F.);
#12063=ADVANCED_FACE('',(#528),#11100,.F.);
#12064=ADVANCED_FACE('',(#529),#11101,.F.);
#12065=ADVANCED_FACE('',(#530),#11102,.F.);
#12066=ADVANCED_FACE('',(#531),#11103,.T.);
#12067=ADVANCED_FACE('',(#532),#11104,.F.);
#12068=ADVANCED_FACE('',(#533),#11105,.F.);
#12069=ADVANCED_FACE('',(#534),#11106,.T.);
#12070=ADVANCED_FACE('',(#535),#11107,.F.);
#12071=ADVANCED_FACE('',(#536),#11108,.F.);
#12072=ADVANCED_FACE('',(#537),#11109,.F.);
#12073=ADVANCED_FACE('',(#538),#11110,.T.);
#12074=ADVANCED_FACE('',(#539),#11111,.F.);
#12075=ADVANCED_FACE('',(#540),#11112,.T.);
#12076=ADVANCED_FACE('',(#541),#11113,.F.);
#12077=ADVANCED_FACE('',(#542),#11114,.T.);
#12078=ADVANCED_FACE('',(#543),#11115,.F.);
#12079=ADVANCED_FACE('',(#544),#11116,.T.);
#12080=ADVANCED_FACE('',(#545),#11117,.F.);
#12081=ADVANCED_FACE('',(#546),#11118,.F.);
#12082=ADVANCED_FACE('',(#547),#11119,.T.);
#12083=ADVANCED_FACE('',(#548),#11120,.F.);
#12084=ADVANCED_FACE('',(#549),#11121,.F.);
#12085=ADVANCED_FACE('',(#550),#11122,.F.);
#12086=ADVANCED_FACE('',(#551),#11123,.T.);
#12087=ADVANCED_FACE('',(#552),#11124,.F.);
#12088=ADVANCED_FACE('',(#553),#11125,.T.);
#12089=ADVANCED_FACE('',(#554),#11126,.F.);
#12090=ADVANCED_FACE('',(#555),#11127,.T.);
#12091=ADVANCED_FACE('',(#556),#11128,.F.);
#12092=ADVANCED_FACE('',(#557),#11129,.T.);
#12093=ADVANCED_FACE('',(#558),#11130,.F.);
#12094=ADVANCED_FACE('',(#559),#11131,.F.);
#12095=ADVANCED_FACE('',(#560,#14,#15,#16,#17,#18,#19,#20,#21,#22,#23,#24,
#25,#26,#27),#11132,.T.);
#12096=ADVANCED_FACE('',(#561),#11133,.F.);
#12097=ADVANCED_FACE('',(#562),#11134,.F.);
#12098=ADVANCED_FACE('',(#563),#11135,.F.);
#12099=ADVANCED_FACE('',(#564),#11136,.F.);
#12100=ADVANCED_FACE('',(#565),#11137,.F.);
#12101=ADVANCED_FACE('',(#566),#11138,.F.);
#12102=ADVANCED_FACE('',(#567),#11139,.F.);
#12103=ADVANCED_FACE('',(#568),#11140,.T.);
#12104=ADVANCED_FACE('',(#569),#11141,.F.);
#12105=ADVANCED_FACE('',(#570),#11142,.T.);
#12106=ADVANCED_FACE('',(#571),#11143,.F.);
#12107=ADVANCED_FACE('',(#572),#11144,.F.);
#12108=ADVANCED_FACE('',(#573),#11145,.F.);
#12109=ADVANCED_FACE('',(#574),#11146,.F.);
#12110=ADVANCED_FACE('',(#575),#11147,.F.);
#12111=ADVANCED_FACE('',(#576),#11148,.T.);
#12112=ADVANCED_FACE('',(#577),#11149,.F.);
#12113=ADVANCED_FACE('',(#578),#11150,.F.);
#12114=ADVANCED_FACE('',(#579),#11151,.T.);
#12115=ADVANCED_FACE('',(#580),#11152,.F.);
#12116=ADVANCED_FACE('',(#581),#11153,.F.);
#12117=ADVANCED_FACE('',(#582),#11154,.F.);
#12118=ADVANCED_FACE('',(#583),#11155,.F.);
#12119=ADVANCED_FACE('',(#584),#11156,.F.);
#12120=ADVANCED_FACE('',(#585),#11157,.F.);
#12121=ADVANCED_FACE('',(#586),#11158,.F.);
#12122=ADVANCED_FACE('',(#587),#11159,.F.);
#12123=ADVANCED_FACE('',(#588),#11160,.F.);
#12124=ADVANCED_FACE('',(#589),#11161,.F.);
#12125=ADVANCED_FACE('',(#590),#11162,.F.);
#12126=ADVANCED_FACE('',(#591),#11163,.F.);
#12127=ADVANCED_FACE('',(#592),#11164,.T.);
#12128=ADVANCED_FACE('',(#593),#11165,.F.);
#12129=ADVANCED_FACE('',(#594),#11166,.T.);
#12130=ADVANCED_FACE('',(#595),#11167,.F.);
#12131=ADVANCED_FACE('',(#596),#11168,.F.);
#12132=ADVANCED_FACE('',(#597),#11169,.F.);
#12133=ADVANCED_FACE('',(#598),#11170,.T.);
#12134=ADVANCED_FACE('',(#599),#11171,.F.);
#12135=ADVANCED_FACE('',(#600),#11172,.T.);
#12136=ADVANCED_FACE('',(#601),#11173,.F.);
#12137=ADVANCED_FACE('',(#602),#11174,.T.);
#12138=ADVANCED_FACE('',(#603),#11175,.F.);
#12139=ADVANCED_FACE('',(#604),#11176,.F.);
#12140=ADVANCED_FACE('',(#605),#11177,.F.);
#12141=ADVANCED_FACE('',(#606),#11178,.T.);
#12142=ADVANCED_FACE('',(#607),#11179,.F.);
#12143=ADVANCED_FACE('',(#608),#11180,.T.);
#12144=ADVANCED_FACE('',(#609),#11181,.F.);
#12145=ADVANCED_FACE('',(#610),#11182,.F.);
#12146=ADVANCED_FACE('',(#611),#11183,.F.);
#12147=ADVANCED_FACE('',(#612),#11184,.F.);
#12148=ADVANCED_FACE('',(#613),#11185,.F.);
#12149=ADVANCED_FACE('',(#614),#11186,.F.);
#12150=ADVANCED_FACE('',(#615),#11187,.T.);
#12151=ADVANCED_FACE('',(#616),#11188,.T.);
#12152=ADVANCED_FACE('',(#617),#11189,.T.);
#12153=ADVANCED_FACE('',(#618),#11190,.T.);
#12154=ADVANCED_FACE('',(#619),#11191,.T.);
#12155=ADVANCED_FACE('',(#620),#11192,.T.);
#12156=ADVANCED_FACE('',(#621),#11193,.T.);
#12157=ADVANCED_FACE('',(#622),#11194,.T.);
#12158=ADVANCED_FACE('',(#623),#11195,.F.);
#12159=ADVANCED_FACE('',(#624),#11196,.F.);
#12160=ADVANCED_FACE('',(#625),#11197,.F.);
#12161=ADVANCED_FACE('',(#626),#11198,.F.);
#12162=ADVANCED_FACE('',(#627),#11199,.F.);
#12163=ADVANCED_FACE('',(#628),#11200,.T.);
#12164=ADVANCED_FACE('',(#629),#11201,.F.);
#12165=ADVANCED_FACE('',(#630),#11202,.F.);
#12166=ADVANCED_FACE('',(#631),#11203,.T.);
#12167=ADVANCED_FACE('',(#632),#11204,.F.);
#12168=ADVANCED_FACE('',(#633),#11205,.F.);
#12169=ADVANCED_FACE('',(#634),#11206,.F.);
#12170=ADVANCED_FACE('',(#635),#11207,.T.);
#12171=ADVANCED_FACE('',(#636),#11208,.F.);
#12172=ADVANCED_FACE('',(#637),#11209,.T.);
#12173=ADVANCED_FACE('',(#638),#11210,.F.);
#12174=ADVANCED_FACE('',(#639),#11211,.T.);
#12175=ADVANCED_FACE('',(#640),#11212,.F.);
#12176=ADVANCED_FACE('',(#641),#11213,.T.);
#12177=ADVANCED_FACE('',(#642),#11214,.F.);
#12178=ADVANCED_FACE('',(#643),#11215,.F.);
#12179=ADVANCED_FACE('',(#644),#11216,.T.);
#12180=ADVANCED_FACE('',(#645),#11217,.F.);
#12181=ADVANCED_FACE('',(#646),#11218,.F.);
#12182=ADVANCED_FACE('',(#647),#11219,.F.);
#12183=ADVANCED_FACE('',(#648),#11220,.T.);
#12184=ADVANCED_FACE('',(#649),#11221,.F.);
#12185=ADVANCED_FACE('',(#650),#11222,.T.);
#12186=ADVANCED_FACE('',(#651),#11223,.F.);
#12187=ADVANCED_FACE('',(#652),#11224,.T.);
#12188=ADVANCED_FACE('',(#653),#11225,.F.);
#12189=CLOSED_SHELL('',(#11563,#11564,#11565,#11566,#11567,#11568,#11569,
#11570,#11571,#11572,#11573,#11574,#11575,#11576,#11577,#11578,#11579,#11580,
#11581,#11582,#11583,#11584,#11585,#11586,#11587,#11588,#11589,#11590,#11591,
#11592,#11593,#11594,#11595,#11596,#11597,#11598,#11599,#11600,#11601,#11602,
#11603,#11604,#11605,#11606,#11607,#11608,#11609,#11610,#11611,#11612,#11613,
#11614,#11615,#11616,#11617,#11618,#11619,#11620,#11621,#11622,#11623,#11624,
#11625,#11626,#11627,#11628,#11629,#11630,#11631,#11632,#11633,#11634,#11635,
#11636,#11637,#11638,#11639,#11640,#11641,#11642,#11643,#11644,#11645,#11646,
#11647,#11648,#11649,#11650,#11651,#11652,#11653,#11654,#11655,#11656,#11657,
#11658,#11659,#11660,#11661,#11662,#11663,#11664,#11665,#11666,#11667,#11668,
#11669,#11670,#11671,#11672,#11673,#11674,#11675,#11676,#11677,#11678,#11679,
#11680,#11681,#11682,#11683,#11684,#11685,#11686,#11687,#11688,#11689,#11690,
#11691,#11692,#11693,#11694,#11695,#11696,#11697,#11698,#11699,#11700,#11701,
#11702,#11703,#11704,#11705,#11706,#11707,#11708,#11709,#11710,#11711,#11712,
#11713,#11714,#11715,#11716,#11717,#11718,#11719,#11720,#11721,#11722,#11723,
#11724,#11725,#11726,#11727,#11728,#11729,#11730,#11731,#11732,#11733,#11734,
#11735,#11736,#11737,#11738,#11739,#11740,#11741,#11742,#11743,#11744,#11745,
#11746,#11747,#11748,#11749,#11750,#11751,#11752,#11753,#11754,#11755,#11756,
#11757,#11758,#11759,#11760,#11761,#11762,#11763,#11764,#11765,#11766,#11767,
#11768,#11769,#11770,#11771,#11772,#11773,#11774,#11775,#11776,#11777,#11778,
#11779,#11780,#11781,#11782,#11783,#11784,#11785,#11786,#11787,#11788,#11789,
#11790,#11791,#11792,#11793,#11794,#11795,#11796,#11797,#11798,#11799,#11800,
#11801,#11802,#11803,#11804,#11805,#11806,#11807,#11808,#11809,#11810,#11811,
#11812,#11813,#11814,#11815,#11816,#11817,#11818,#11819,#11820,#11821,#11822,
#11823,#11824,#11825,#11826,#11827,#11828,#11829,#11830,#11831,#11832,#11833,
#11834,#11835,#11836,#11837,#11838,#11839,#11840,#11841,#11842,#11843,#11844,
#11845,#11846,#11847,#11848,#11849,#11850,#11851,#11852,#11853,#11854,#11855,
#11856,#11857,#11858,#11859,#11860,#11861,#11862,#11863,#11864,#11865,#11866,
#11867,#11868,#11869,#11870,#11871,#11872,#11873,#11874,#11875,#11876,#11877,
#11878,#11879,#11880,#11881,#11882,#11883,#11884,#11885,#11886,#11887,#11888,
#11889,#11890,#11891,#11892,#11893,#11894,#11895,#11896,#11897,#11898,#11899,
#11900,#11901,#11902,#11903,#11904,#11905,#11906,#11907,#11908,#11909,#11910,
#11911,#11912,#11913,#11914,#11915,#11916,#11917,#11918,#11919,#11920,#11921,
#11922,#11923,#11924,#11925,#11926,#11927,#11928,#11929,#11930,#11931,#11932,
#11933,#11934,#11935,#11936,#11937,#11938,#11939,#11940,#11941,#11942,#11943,
#11944,#11945,#11946,#11947,#11948,#11949,#11950,#11951,#11952,#11953,#11954,
#11955,#11956,#11957,#11958,#11959,#11960,#11961,#11962,#11963,#11964,#11965,
#11966,#11967,#11968,#11969,#11970,#11971,#11972,#11973,#11974,#11975,#11976,
#11977,#11978,#11979,#11980,#11981,#11982,#11983,#11984,#11985,#11986,#11987,
#11988,#11989,#11990,#11991,#11992,#11993,#11994,#11995,#11996,#11997,#11998,
#11999,#12000,#12001,#12002,#12003,#12004,#12005,#12006,#12007,#12008,#12009,
#12010,#12011,#12012,#12013,#12014,#12015,#12016,#12017,#12018,#12019,#12020,
#12021,#12022,#12023,#12024,#12025,#12026,#12027,#12028,#12029,#12030,#12031,
#12032,#12033,#12034,#12035,#12036,#12037,#12038,#12039,#12040,#12041,#12042,
#12043,#12044,#12045,#12046,#12047,#12048,#12049,#12050,#12051,#12052,#12053,
#12054,#12055,#12056,#12057,#12058,#12059,#12060,#12061,#12062,#12063,#12064,
#12065,#12066,#12067,#12068,#12069,#12070,#12071,#12072,#12073,#12074,#12075,
#12076,#12077,#12078,#12079,#12080,#12081,#12082,#12083,#12084,#12085,#12086,
#12087,#12088,#12089,#12090,#12091,#12092,#12093,#12094,#12095,#12096,#12097,
#12098,#12099,#12100,#12101,#12102,#12103,#12104,#12105,#12106,#12107,#12108,
#12109,#12110,#12111,#12112,#12113,#12114,#12115,#12116,#12117,#12118,#12119,
#12120,#12121,#12122,#12123,#12124,#12125,#12126,#12127,#12128,#12129,#12130,
#12131,#12132,#12133,#12134,#12135,#12136,#12137,#12138,#12139,#12140,#12141,
#12142,#12143,#12144,#12145,#12146,#12147,#12148,#12149,#12150,#12151,#12152,
#12153,#12154,#12155,#12156,#12157,#12158,#12159,#12160,#12161,#12162,#12163,
#12164,#12165,#12166,#12167,#12168,#12169,#12170,#12171,#12172,#12173,#12174,
#12175,#12176,#12177,#12178,#12179,#12180,#12181,#12182,#12183,#12184,#12185,
#12186,#12187,#12188));
#12190=DERIVED_UNIT_ELEMENT(#12192,1.);
#12191=DERIVED_UNIT_ELEMENT(#19035,-3.);
#12192=(
MASS_UNIT()
NAMED_UNIT(*)
SI_UNIT(.KILO.,.GRAM.)
);
#12193=DERIVED_UNIT((#12190,#12191));
#12194=MEASURE_REPRESENTATION_ITEM('density measure',
POSITIVE_RATIO_MEASURE(7850.),#12193);
#12195=PROPERTY_DEFINITION_REPRESENTATION(#12200,#12197);
#12196=PROPERTY_DEFINITION_REPRESENTATION(#12201,#12198);
#12197=REPRESENTATION('material name',(#12199),#19032);
#12198=REPRESENTATION('density',(#12194),#19032);
#12199=DESCRIPTIVE_REPRESENTATION_ITEM('Acero','Acero');
#12200=PROPERTY_DEFINITION('material property','material name',#19042);
#12201=PROPERTY_DEFINITION('material property','density of part',#19042);
#12202=AXIS2_PLACEMENT_3D('',#15745,#12829,#12830);
#12203=AXIS2_PLACEMENT_3D('',#15746,#12831,#12832);
#12204=AXIS2_PLACEMENT_3D('',#15755,#12837,#12838);
#12205=AXIS2_PLACEMENT_3D('',#15764,#12843,#12844);
#12206=AXIS2_PLACEMENT_3D('',#15773,#12849,#12850);
#12207=AXIS2_PLACEMENT_3D('',#15782,#12855,#12856);
#12208=AXIS2_PLACEMENT_3D('',#15792,#12862,#12863);
#12209=AXIS2_PLACEMENT_3D('',#15801,#12868,#12869);
#12210=AXIS2_PLACEMENT_3D('',#15807,#12873,#12874);
#12211=AXIS2_PLACEMENT_3D('',#15812,#12878,#12879);
#12212=AXIS2_PLACEMENT_3D('',#15816,#12882,#12883);
#12213=AXIS2_PLACEMENT_3D('',#15822,#12888,#12889);
#12214=AXIS2_PLACEMENT_3D('',#15824,#12891,#12892);
#12215=AXIS2_PLACEMENT_3D('',#15830,#12896,#12897);
#12216=AXIS2_PLACEMENT_3D('',#15834,#12900,#12901);
#12217=AXIS2_PLACEMENT_3D('',#15843,#12906,#12907);
#12218=AXIS2_PLACEMENT_3D('',#15852,#12912,#12913);
#12219=AXIS2_PLACEMENT_3D('',#15861,#12918,#12919);
#12220=AXIS2_PLACEMENT_3D('',#15870,#12924,#12925);
#12221=AXIS2_PLACEMENT_3D('',#15880,#12931,#12932);
#12222=AXIS2_PLACEMENT_3D('',#15889,#12937,#12938);
#12223=AXIS2_PLACEMENT_3D('',#15895,#12942,#12943);
#12224=AXIS2_PLACEMENT_3D('',#15900,#12947,#12948);
#12225=AXIS2_PLACEMENT_3D('',#15904,#12951,#12952);
#12226=AXIS2_PLACEMENT_3D('',#15910,#12957,#12958);
#12227=AXIS2_PLACEMENT_3D('',#15912,#12960,#12961);
#12228=AXIS2_PLACEMENT_3D('',#15918,#12965,#12966);
#12229=AXIS2_PLACEMENT_3D('',#15922,#12969,#12970);
#12230=AXIS2_PLACEMENT_3D('',#15931,#12975,#12976);
#12231=AXIS2_PLACEMENT_3D('',#15940,#12981,#12982);
#12232=AXIS2_PLACEMENT_3D('',#15949,#12987,#12988);
#12233=AXIS2_PLACEMENT_3D('',#15958,#12993,#12994);
#12234=AXIS2_PLACEMENT_3D('',#15968,#13000,#13001);
#12235=AXIS2_PLACEMENT_3D('',#15977,#13006,#13007);
#12236=AXIS2_PLACEMENT_3D('',#15983,#13011,#13012);
#12237=AXIS2_PLACEMENT_3D('',#15988,#13016,#13017);
#12238=AXIS2_PLACEMENT_3D('',#15992,#13020,#13021);
#12239=AXIS2_PLACEMENT_3D('',#15998,#13026,#13027);
#12240=AXIS2_PLACEMENT_3D('',#16000,#13029,#13030);
#12241=AXIS2_PLACEMENT_3D('',#16006,#13034,#13035);
#12242=AXIS2_PLACEMENT_3D('',#16010,#13038,#13039);
#12243=AXIS2_PLACEMENT_3D('',#16019,#13044,#13045);
#12244=AXIS2_PLACEMENT_3D('',#16028,#13050,#13051);
#12245=AXIS2_PLACEMENT_3D('',#16037,#13056,#13057);
#12246=AXIS2_PLACEMENT_3D('',#16046,#13062,#13063);
#12247=AXIS2_PLACEMENT_3D('',#16056,#13069,#13070);
#12248=AXIS2_PLACEMENT_3D('',#16065,#13075,#13076);
#12249=AXIS2_PLACEMENT_3D('',#16071,#13080,#13081);
#12250=AXIS2_PLACEMENT_3D('',#16076,#13085,#13086);
#12251=AXIS2_PLACEMENT_3D('',#16080,#13089,#13090);
#12252=AXIS2_PLACEMENT_3D('',#16086,#13095,#13096);
#12253=AXIS2_PLACEMENT_3D('',#16088,#13098,#13099);
#12254=AXIS2_PLACEMENT_3D('',#16094,#13103,#13104);
#12255=AXIS2_PLACEMENT_3D('',#16098,#13107,#13108);
#12256=AXIS2_PLACEMENT_3D('',#16107,#13113,#13114);
#12257=AXIS2_PLACEMENT_3D('',#16116,#13119,#13120);
#12258=AXIS2_PLACEMENT_3D('',#16125,#13125,#13126);
#12259=AXIS2_PLACEMENT_3D('',#16134,#13131,#13132);
#12260=AXIS2_PLACEMENT_3D('',#16144,#13138,#13139);
#12261=AXIS2_PLACEMENT_3D('',#16153,#13144,#13145);
#12262=AXIS2_PLACEMENT_3D('',#16159,#13149,#13150);
#12263=AXIS2_PLACEMENT_3D('',#16164,#13154,#13155);
#12264=AXIS2_PLACEMENT_3D('',#16168,#13158,#13159);
#12265=AXIS2_PLACEMENT_3D('',#16174,#13164,#13165);
#12266=AXIS2_PLACEMENT_3D('',#16176,#13167,#13168);
#12267=AXIS2_PLACEMENT_3D('',#16182,#13172,#13173);
#12268=AXIS2_PLACEMENT_3D('',#16186,#13176,#13177);
#12269=AXIS2_PLACEMENT_3D('',#16195,#13182,#13183);
#12270=AXIS2_PLACEMENT_3D('',#16204,#13188,#13189);
#12271=AXIS2_PLACEMENT_3D('',#16213,#13194,#13195);
#12272=AXIS2_PLACEMENT_3D('',#16222,#13200,#13201);
#12273=AXIS2_PLACEMENT_3D('',#16232,#13207,#13208);
#12274=AXIS2_PLACEMENT_3D('',#16241,#13213,#13214);
#12275=AXIS2_PLACEMENT_3D('',#16247,#13218,#13219);
#12276=AXIS2_PLACEMENT_3D('',#16252,#13223,#13224);
#12277=AXIS2_PLACEMENT_3D('',#16256,#13227,#13228);
#12278=AXIS2_PLACEMENT_3D('',#16262,#13233,#13234);
#12279=AXIS2_PLACEMENT_3D('',#16264,#13236,#13237);
#12280=AXIS2_PLACEMENT_3D('',#16270,#13241,#13242);
#12281=AXIS2_PLACEMENT_3D('',#16274,#13245,#13246);
#12282=AXIS2_PLACEMENT_3D('',#16283,#13251,#13252);
#12283=AXIS2_PLACEMENT_3D('',#16292,#13257,#13258);
#12284=AXIS2_PLACEMENT_3D('',#16301,#13263,#13264);
#12285=AXIS2_PLACEMENT_3D('',#16310,#13269,#13270);
#12286=AXIS2_PLACEMENT_3D('',#16320,#13276,#13277);
#12287=AXIS2_PLACEMENT_3D('',#16329,#13282,#13283);
#12288=AXIS2_PLACEMENT_3D('',#16335,#13287,#13288);
#12289=AXIS2_PLACEMENT_3D('',#16340,#13292,#13293);
#12290=AXIS2_PLACEMENT_3D('',#16344,#13296,#13297);
#12291=AXIS2_PLACEMENT_3D('',#16350,#13302,#13303);
#12292=AXIS2_PLACEMENT_3D('',#16352,#13305,#13306);
#12293=AXIS2_PLACEMENT_3D('',#16358,#13310,#13311);
#12294=AXIS2_PLACEMENT_3D('',#16362,#13314,#13315);
#12295=AXIS2_PLACEMENT_3D('',#16371,#13320,#13321);
#12296=AXIS2_PLACEMENT_3D('',#16380,#13326,#13327);
#12297=AXIS2_PLACEMENT_3D('',#16389,#13332,#13333);
#12298=AXIS2_PLACEMENT_3D('',#16398,#13338,#13339);
#12299=AXIS2_PLACEMENT_3D('',#16408,#13345,#13346);
#12300=AXIS2_PLACEMENT_3D('',#16417,#13351,#13352);
#12301=AXIS2_PLACEMENT_3D('',#16423,#13356,#13357);
#12302=AXIS2_PLACEMENT_3D('',#16428,#13361,#13362);
#12303=AXIS2_PLACEMENT_3D('',#16432,#13365,#13366);
#12304=AXIS2_PLACEMENT_3D('',#16438,#13371,#13372);
#12305=AXIS2_PLACEMENT_3D('',#16440,#13374,#13375);
#12306=AXIS2_PLACEMENT_3D('',#16446,#13379,#13380);
#12307=AXIS2_PLACEMENT_3D('',#16450,#13383,#13384);
#12308=AXIS2_PLACEMENT_3D('',#16459,#13389,#13390);
#12309=AXIS2_PLACEMENT_3D('',#16468,#13395,#13396);
#12310=AXIS2_PLACEMENT_3D('',#16477,#13401,#13402);
#12311=AXIS2_PLACEMENT_3D('',#16486,#13407,#13408);
#12312=AXIS2_PLACEMENT_3D('',#16496,#13414,#13415);
#12313=AXIS2_PLACEMENT_3D('',#16505,#13420,#13421);
#12314=AXIS2_PLACEMENT_3D('',#16511,#13425,#13426);
#12315=AXIS2_PLACEMENT_3D('',#16516,#13430,#13431);
#12316=AXIS2_PLACEMENT_3D('',#16520,#13434,#13435);
#12317=AXIS2_PLACEMENT_3D('',#16526,#13440,#13441);
#12318=AXIS2_PLACEMENT_3D('',#16528,#13443,#13444);
#12319=AXIS2_PLACEMENT_3D('',#16534,#13448,#13449);
#12320=AXIS2_PLACEMENT_3D('',#16538,#13452,#13453);
#12321=AXIS2_PLACEMENT_3D('',#16547,#13458,#13459);
#12322=AXIS2_PLACEMENT_3D('',#16556,#13464,#13465);
#12323=AXIS2_PLACEMENT_3D('',#16565,#13470,#13471);
#12324=AXIS2_PLACEMENT_3D('',#16574,#13476,#13477);
#12325=AXIS2_PLACEMENT_3D('',#16584,#13483,#13484);
#12326=AXIS2_PLACEMENT_3D('',#16590,#13488,#13489);
#12327=AXIS2_PLACEMENT_3D('',#16595,#13493,#13494);
#12328=AXIS2_PLACEMENT_3D('',#16599,#13497,#13498);
#12329=AXIS2_PLACEMENT_3D('',#16605,#13503,#13504);
#12330=AXIS2_PLACEMENT_3D('',#16607,#13506,#13507);
#12331=AXIS2_PLACEMENT_3D('',#16613,#13511,#13512);
#12332=AXIS2_PLACEMENT_3D('',#16617,#13515,#13516);
#12333=AXIS2_PLACEMENT_3D('',#16626,#13521,#13522);
#12334=AXIS2_PLACEMENT_3D('',#16635,#13527,#13528);
#12335=AXIS2_PLACEMENT_3D('',#16641,#13532,#13533);
#12336=AXIS2_PLACEMENT_3D('',#16647,#13537,#13538);
#12337=AXIS2_PLACEMENT_3D('',#16656,#13543,#13544);
#12338=AXIS2_PLACEMENT_3D('',#16662,#13548,#13549);
#12339=AXIS2_PLACEMENT_3D('',#16668,#13553,#13554);
#12340=AXIS2_PLACEMENT_3D('',#16674,#13558,#13559);
#12341=AXIS2_PLACEMENT_3D('',#16680,#13563,#13564);
#12342=AXIS2_PLACEMENT_3D('',#16689,#13569,#13570);
#12343=AXIS2_PLACEMENT_3D('',#16695,#13574,#13575);
#12344=AXIS2_PLACEMENT_3D('',#16701,#13579,#13580);
#12345=AXIS2_PLACEMENT_3D('',#16707,#13584,#13585);
#12346=AXIS2_PLACEMENT_3D('',#16713,#13589,#13590);
#12347=AXIS2_PLACEMENT_3D('',#16722,#13595,#13596);
#12348=AXIS2_PLACEMENT_3D('',#16728,#13600,#13601);
#12349=AXIS2_PLACEMENT_3D('',#16734,#13605,#13606);
#12350=AXIS2_PLACEMENT_3D('',#16740,#13610,#13611);
#12351=AXIS2_PLACEMENT_3D('',#16746,#13615,#13616);
#12352=AXIS2_PLACEMENT_3D('',#16755,#13621,#13622);
#12353=AXIS2_PLACEMENT_3D('',#16761,#13626,#13627);
#12354=AXIS2_PLACEMENT_3D('',#16767,#13631,#13632);
#12355=AXIS2_PLACEMENT_3D('',#16773,#13636,#13637);
#12356=AXIS2_PLACEMENT_3D('',#16779,#13641,#13642);
#12357=AXIS2_PLACEMENT_3D('',#16788,#13647,#13648);
#12358=AXIS2_PLACEMENT_3D('',#16794,#13652,#13653);
#12359=AXIS2_PLACEMENT_3D('',#16801,#13658,#13659);
#12360=AXIS2_PLACEMENT_3D('',#16804,#13662,#13663);
#12361=AXIS2_PLACEMENT_3D('',#16813,#13668,#13669);
#12362=AXIS2_PLACEMENT_3D('',#16819,#13673,#13674);
#12363=AXIS2_PLACEMENT_3D('',#16826,#13679,#13680);
#12364=AXIS2_PLACEMENT_3D('',#16829,#13683,#13684);
#12365=AXIS2_PLACEMENT_3D('',#16838,#13689,#13690);
#12366=AXIS2_PLACEMENT_3D('',#16844,#13694,#13695);
#12367=AXIS2_PLACEMENT_3D('',#16851,#13700,#13701);
#12368=AXIS2_PLACEMENT_3D('',#16854,#13704,#13705);
#12369=AXIS2_PLACEMENT_3D('',#16863,#13710,#13711);
#12370=AXIS2_PLACEMENT_3D('',#16869,#13715,#13716);
#12371=AXIS2_PLACEMENT_3D('',#16876,#13721,#13722);
#12372=AXIS2_PLACEMENT_3D('',#16879,#13725,#13726);
#12373=AXIS2_PLACEMENT_3D('',#16888,#13731,#13732);
#12374=AXIS2_PLACEMENT_3D('',#16894,#13736,#13737);
#12375=AXIS2_PLACEMENT_3D('',#16901,#13742,#13743);
#12376=AXIS2_PLACEMENT_3D('',#16904,#13746,#13747);
#12377=AXIS2_PLACEMENT_3D('',#16913,#13752,#13753);
#12378=AXIS2_PLACEMENT_3D('',#16919,#13757,#13758);
#12379=AXIS2_PLACEMENT_3D('',#16926,#13763,#13764);
#12380=AXIS2_PLACEMENT_3D('',#16929,#13767,#13768);
#12381=AXIS2_PLACEMENT_3D('',#16938,#13773,#13774);
#12382=AXIS2_PLACEMENT_3D('',#16944,#13778,#13779);
#12383=AXIS2_PLACEMENT_3D('',#16951,#13784,#13785);
#12384=AXIS2_PLACEMENT_3D('',#16954,#13788,#13789);
#12385=AXIS2_PLACEMENT_3D('',#16963,#13794,#13795);
#12386=AXIS2_PLACEMENT_3D('',#16969,#13799,#13800);
#12387=AXIS2_PLACEMENT_3D('',#16976,#13805,#13806);
#12388=AXIS2_PLACEMENT_3D('',#16979,#13809,#13810);
#12389=AXIS2_PLACEMENT_3D('',#16988,#13815,#13816);
#12390=AXIS2_PLACEMENT_3D('',#16994,#13820,#13821);
#12391=AXIS2_PLACEMENT_3D('',#17001,#13826,#13827);
#12392=AXIS2_PLACEMENT_3D('',#17004,#13830,#13831);
#12393=AXIS2_PLACEMENT_3D('',#17013,#13836,#13837);
#12394=AXIS2_PLACEMENT_3D('',#17019,#13841,#13842);
#12395=AXIS2_PLACEMENT_3D('',#17026,#13847,#13848);
#12396=AXIS2_PLACEMENT_3D('',#17029,#13851,#13852);
#12397=AXIS2_PLACEMENT_3D('',#17038,#13857,#13858);
#12398=AXIS2_PLACEMENT_3D('',#17044,#13862,#13863);
#12399=AXIS2_PLACEMENT_3D('',#17050,#13867,#13868);
#12400=AXIS2_PLACEMENT_3D('',#17056,#13872,#13873);
#12401=AXIS2_PLACEMENT_3D('',#17062,#13877,#13878);
#12402=AXIS2_PLACEMENT_3D('',#17071,#13883,#13884);
#12403=AXIS2_PLACEMENT_3D('',#17077,#13888,#13889);
#12404=AXIS2_PLACEMENT_3D('',#17083,#13893,#13894);
#12405=AXIS2_PLACEMENT_3D('',#17089,#13898,#13899);
#12406=AXIS2_PLACEMENT_3D('',#17095,#13903,#13904);
#12407=AXIS2_PLACEMENT_3D('',#17104,#13909,#13910);
#12408=AXIS2_PLACEMENT_3D('',#17110,#13914,#13915);
#12409=AXIS2_PLACEMENT_3D('',#17116,#13919,#13920);
#12410=AXIS2_PLACEMENT_3D('',#17122,#13924,#13925);
#12411=AXIS2_PLACEMENT_3D('',#17128,#13929,#13930);
#12412=AXIS2_PLACEMENT_3D('',#17137,#13935,#13936);
#12413=AXIS2_PLACEMENT_3D('',#17143,#13940,#13941);
#12414=AXIS2_PLACEMENT_3D('',#17149,#13945,#13946);
#12415=AXIS2_PLACEMENT_3D('',#17155,#13950,#13951);
#12416=AXIS2_PLACEMENT_3D('',#17161,#13955,#13956);
#12417=AXIS2_PLACEMENT_3D('',#17170,#13961,#13962);
#12418=AXIS2_PLACEMENT_3D('',#17176,#13966,#13967);
#12419=AXIS2_PLACEMENT_3D('',#17182,#13971,#13972);
#12420=AXIS2_PLACEMENT_3D('',#17188,#13976,#13977);
#12421=AXIS2_PLACEMENT_3D('',#17194,#13981,#13982);
#12422=AXIS2_PLACEMENT_3D('',#17200,#13986,#13987);
#12423=AXIS2_PLACEMENT_3D('',#17204,#13990,#13991);
#12424=AXIS2_PLACEMENT_3D('',#17206,#13993,#13994);
#12425=AXIS2_PLACEMENT_3D('',#17212,#13998,#13999);
#12426=AXIS2_PLACEMENT_3D('',#17218,#14003,#14004);
#12427=AXIS2_PLACEMENT_3D('',#17221,#14007,#14008);
#12428=AXIS2_PLACEMENT_3D('',#17225,#14011,#14012);
#12429=AXIS2_PLACEMENT_3D('',#17231,#14016,#14017);
#12430=AXIS2_PLACEMENT_3D('',#17237,#14021,#14022);
#12431=AXIS2_PLACEMENT_3D('',#17241,#14025,#14026);
#12432=AXIS2_PLACEMENT_3D('',#17243,#14028,#14029);
#12433=AXIS2_PLACEMENT_3D('',#17249,#14033,#14034);
#12434=AXIS2_PLACEMENT_3D('',#17252,#14037,#14038);
#12435=AXIS2_PLACEMENT_3D('',#17255,#14041,#14042);
#12436=AXIS2_PLACEMENT_3D('',#17259,#14045,#14046);
#12437=AXIS2_PLACEMENT_3D('',#17265,#14050,#14051);
#12438=AXIS2_PLACEMENT_3D('',#17271,#14055,#14056);
#12439=AXIS2_PLACEMENT_3D('',#17275,#14059,#14060);
#12440=AXIS2_PLACEMENT_3D('',#17277,#14062,#14063);
#12441=AXIS2_PLACEMENT_3D('',#17283,#14067,#14068);
#12442=AXIS2_PLACEMENT_3D('',#17286,#14071,#14072);
#12443=AXIS2_PLACEMENT_3D('',#17289,#14075,#14076);
#12444=AXIS2_PLACEMENT_3D('',#17293,#14079,#14080);
#12445=AXIS2_PLACEMENT_3D('',#17299,#14084,#14085);
#12446=AXIS2_PLACEMENT_3D('',#17305,#14089,#14090);
#12447=AXIS2_PLACEMENT_3D('',#17309,#14093,#14094);
#12448=AXIS2_PLACEMENT_3D('',#17311,#14096,#14097);
#12449=AXIS2_PLACEMENT_3D('',#17317,#14101,#14102);
#12450=AXIS2_PLACEMENT_3D('',#17320,#14105,#14106);
#12451=AXIS2_PLACEMENT_3D('',#17323,#14109,#14110);
#12452=AXIS2_PLACEMENT_3D('',#17327,#14113,#14114);
#12453=AXIS2_PLACEMENT_3D('',#17333,#14118,#14119);
#12454=AXIS2_PLACEMENT_3D('',#17339,#14123,#14124);
#12455=AXIS2_PLACEMENT_3D('',#17343,#14127,#14128);
#12456=AXIS2_PLACEMENT_3D('',#17345,#14130,#14131);
#12457=AXIS2_PLACEMENT_3D('',#17351,#14135,#14136);
#12458=AXIS2_PLACEMENT_3D('',#17354,#14139,#14140);
#12459=AXIS2_PLACEMENT_3D('',#17357,#14143,#14144);
#12460=AXIS2_PLACEMENT_3D('',#17361,#14147,#14148);
#12461=AXIS2_PLACEMENT_3D('',#17367,#14152,#14153);
#12462=AXIS2_PLACEMENT_3D('',#17373,#14157,#14158);
#12463=AXIS2_PLACEMENT_3D('',#17377,#14161,#14162);
#12464=AXIS2_PLACEMENT_3D('',#17379,#14164,#14165);
#12465=AXIS2_PLACEMENT_3D('',#17385,#14169,#14170);
#12466=AXIS2_PLACEMENT_3D('',#17388,#14173,#14174);
#12467=AXIS2_PLACEMENT_3D('',#17391,#14177,#14178);
#12468=AXIS2_PLACEMENT_3D('',#17395,#14181,#14182);
#12469=AXIS2_PLACEMENT_3D('',#17401,#14186,#14187);
#12470=AXIS2_PLACEMENT_3D('',#17407,#14191,#14192);
#12471=AXIS2_PLACEMENT_3D('',#17411,#14195,#14196);
#12472=AXIS2_PLACEMENT_3D('',#17413,#14198,#14199);
#12473=AXIS2_PLACEMENT_3D('',#17419,#14203,#14204);
#12474=AXIS2_PLACEMENT_3D('',#17422,#14207,#14208);
#12475=AXIS2_PLACEMENT_3D('',#17425,#14211,#14212);
#12476=AXIS2_PLACEMENT_3D('',#17429,#14215,#14216);
#12477=AXIS2_PLACEMENT_3D('',#17435,#14220,#14221);
#12478=AXIS2_PLACEMENT_3D('',#17441,#14225,#14226);
#12479=AXIS2_PLACEMENT_3D('',#17445,#14229,#14230);
#12480=AXIS2_PLACEMENT_3D('',#17447,#14232,#14233);
#12481=AXIS2_PLACEMENT_3D('',#17453,#14237,#14238);
#12482=AXIS2_PLACEMENT_3D('',#17456,#14241,#14242);
#12483=AXIS2_PLACEMENT_3D('',#17459,#14245,#14246);
#12484=AXIS2_PLACEMENT_3D('',#17463,#14249,#14250);
#12485=AXIS2_PLACEMENT_3D('',#17469,#14254,#14255);
#12486=AXIS2_PLACEMENT_3D('',#17475,#14259,#14260);
#12487=AXIS2_PLACEMENT_3D('',#17479,#14263,#14264);
#12488=AXIS2_PLACEMENT_3D('',#17481,#14266,#14267);
#12489=AXIS2_PLACEMENT_3D('',#17487,#14271,#14272);
#12490=AXIS2_PLACEMENT_3D('',#17490,#14275,#14276);
#12491=AXIS2_PLACEMENT_3D('',#17493,#14279,#14280);
#12492=AXIS2_PLACEMENT_3D('',#17497,#14283,#14284);
#12493=AXIS2_PLACEMENT_3D('',#17503,#14288,#14289);
#12494=AXIS2_PLACEMENT_3D('',#17509,#14293,#14294);
#12495=AXIS2_PLACEMENT_3D('',#17513,#14297,#14298);
#12496=AXIS2_PLACEMENT_3D('',#17515,#14300,#14301);
#12497=AXIS2_PLACEMENT_3D('',#17518,#14304,#14305);
#12498=AXIS2_PLACEMENT_3D('',#17522,#14308,#14309);
#12499=AXIS2_PLACEMENT_3D('',#17528,#14313,#14314);
#12500=AXIS2_PLACEMENT_3D('',#17534,#14318,#14319);
#12501=AXIS2_PLACEMENT_3D('',#17540,#14323,#14324);
#12502=AXIS2_PLACEMENT_3D('',#17544,#14327,#14328);
#12503=AXIS2_PLACEMENT_3D('',#17548,#14331,#14332);
#12504=AXIS2_PLACEMENT_3D('',#17550,#14334,#14335);
#12505=AXIS2_PLACEMENT_3D('',#17554,#14339,#14340);
#12506=AXIS2_PLACEMENT_3D('',#17558,#14343,#14344);
#12507=AXIS2_PLACEMENT_3D('',#17562,#14347,#14348);
#12508=AXIS2_PLACEMENT_3D('',#17564,#14350,#14351);
#12509=AXIS2_PLACEMENT_3D('',#17567,#14354,#14355);
#12510=AXIS2_PLACEMENT_3D('',#17571,#14358,#14359);
#12511=AXIS2_PLACEMENT_3D('',#17575,#14362,#14363);
#12512=AXIS2_PLACEMENT_3D('',#17577,#14365,#14366);
#12513=AXIS2_PLACEMENT_3D('',#17580,#14369,#14370);
#12514=AXIS2_PLACEMENT_3D('',#17584,#14373,#14374);
#12515=AXIS2_PLACEMENT_3D('',#17588,#14377,#14378);
#12516=AXIS2_PLACEMENT_3D('',#17590,#14380,#14381);
#12517=AXIS2_PLACEMENT_3D('',#17593,#14384,#14385);
#12518=AXIS2_PLACEMENT_3D('',#17597,#14388,#14389);
#12519=AXIS2_PLACEMENT_3D('',#17601,#14392,#14393);
#12520=AXIS2_PLACEMENT_3D('',#17603,#14395,#14396);
#12521=AXIS2_PLACEMENT_3D('',#17609,#14400,#14401);
#12522=AXIS2_PLACEMENT_3D('',#17613,#14404,#14405);
#12523=AXIS2_PLACEMENT_3D('',#17617,#14408,#14409);
#12524=AXIS2_PLACEMENT_3D('',#17619,#14411,#14412);
#12525=AXIS2_PLACEMENT_3D('',#17625,#14416,#14417);
#12526=AXIS2_PLACEMENT_3D('',#17629,#14420,#14421);
#12527=AXIS2_PLACEMENT_3D('',#17633,#14424,#14425);
#12528=AXIS2_PLACEMENT_3D('',#17635,#14427,#14428);
#12529=AXIS2_PLACEMENT_3D('',#17641,#14432,#14433);
#12530=AXIS2_PLACEMENT_3D('',#17645,#14436,#14437);
#12531=AXIS2_PLACEMENT_3D('',#17649,#14440,#14441);
#12532=AXIS2_PLACEMENT_3D('',#17651,#14443,#14444);
#12533=AXIS2_PLACEMENT_3D('',#17657,#14448,#14449);
#12534=AXIS2_PLACEMENT_3D('',#17661,#14452,#14453);
#12535=AXIS2_PLACEMENT_3D('',#17665,#14456,#14457);
#12536=AXIS2_PLACEMENT_3D('',#17667,#14459,#14460);
#12537=AXIS2_PLACEMENT_3D('',#17673,#14464,#14465);
#12538=AXIS2_PLACEMENT_3D('',#17677,#14468,#14469);
#12539=AXIS2_PLACEMENT_3D('',#17681,#14472,#14473);
#12540=AXIS2_PLACEMENT_3D('',#17683,#14475,#14476);
#12541=AXIS2_PLACEMENT_3D('',#17689,#14480,#14481);
#12542=AXIS2_PLACEMENT_3D('',#17693,#14484,#14485);
#12543=AXIS2_PLACEMENT_3D('',#17697,#14488,#14489);
#12544=AXIS2_PLACEMENT_3D('',#17699,#14491,#14492);
#12545=AXIS2_PLACEMENT_3D('',#17705,#14496,#14497);
#12546=AXIS2_PLACEMENT_3D('',#17709,#14500,#14501);
#12547=AXIS2_PLACEMENT_3D('',#17713,#14504,#14505);
#12548=AXIS2_PLACEMENT_3D('',#17715,#14507,#14508);
#12549=AXIS2_PLACEMENT_3D('',#17721,#14512,#14513);
#12550=AXIS2_PLACEMENT_3D('',#17725,#14516,#14517);
#12551=AXIS2_PLACEMENT_3D('',#17729,#14520,#14521);
#12552=AXIS2_PLACEMENT_3D('',#17731,#14523,#14524);
#12553=AXIS2_PLACEMENT_3D('',#17737,#14528,#14529);
#12554=AXIS2_PLACEMENT_3D('',#17741,#14532,#14533);
#12555=AXIS2_PLACEMENT_3D('',#17745,#14536,#14537);
#12556=AXIS2_PLACEMENT_3D('',#17747,#14539,#14540);
#12557=AXIS2_PLACEMENT_3D('',#17753,#14544,#14545);
#12558=AXIS2_PLACEMENT_3D('',#17757,#14548,#14549);
#12559=AXIS2_PLACEMENT_3D('',#17761,#14552,#14553);
#12560=AXIS2_PLACEMENT_3D('',#17763,#14555,#14556);
#12561=AXIS2_PLACEMENT_3D('',#17767,#14559,#14560);
#12562=AXIS2_PLACEMENT_3D('',#17771,#14563,#14564);
#12563=AXIS2_PLACEMENT_3D('',#17773,#14566,#14567);
#12564=AXIS2_PLACEMENT_3D('',#17776,#14570,#14571);
#12565=AXIS2_PLACEMENT_3D('',#17780,#14574,#14575);
#12566=AXIS2_PLACEMENT_3D('',#17784,#14578,#14579);
#12567=AXIS2_PLACEMENT_3D('',#17786,#14581,#14582);
#12568=AXIS2_PLACEMENT_3D('',#17789,#14585,#14586);
#12569=AXIS2_PLACEMENT_3D('',#17793,#14589,#14590);
#12570=AXIS2_PLACEMENT_3D('',#17797,#14593,#14594);
#12571=AXIS2_PLACEMENT_3D('',#17799,#14596,#14597);
#12572=AXIS2_PLACEMENT_3D('',#17802,#14600,#14601);
#12573=AXIS2_PLACEMENT_3D('',#17806,#14604,#14605);
#12574=AXIS2_PLACEMENT_3D('',#17810,#14608,#14609);
#12575=AXIS2_PLACEMENT_3D('',#17812,#14611,#14612);
#12576=AXIS2_PLACEMENT_3D('',#17816,#14616,#14617);
#12577=AXIS2_PLACEMENT_3D('',#17820,#14620,#14621);
#12578=AXIS2_PLACEMENT_3D('',#17824,#14624,#14625);
#12579=AXIS2_PLACEMENT_3D('',#17826,#14627,#14628);
#12580=AXIS2_PLACEMENT_3D('',#17828,#14630,#14631);
#12581=AXIS2_PLACEMENT_3D('',#17833,#14635,#14636);
#12582=AXIS2_PLACEMENT_3D('',#17837,#14639,#14640);
#12583=AXIS2_PLACEMENT_3D('',#17841,#14643,#14644);
#12584=AXIS2_PLACEMENT_3D('',#17845,#14647,#14648);
#12585=AXIS2_PLACEMENT_3D('',#17848,#14651,#14652);
#12586=AXIS2_PLACEMENT_3D('',#17852,#14655,#14656);
#12587=AXIS2_PLACEMENT_3D('',#17857,#14660,#14661);
#12588=AXIS2_PLACEMENT_3D('',#17859,#14663,#14664);
#12589=AXIS2_PLACEMENT_3D('',#17863,#14667,#14668);
#12590=AXIS2_PLACEMENT_3D('',#17867,#14671,#14672);
#12591=AXIS2_PLACEMENT_3D('',#17870,#14675,#14676);
#12592=AXIS2_PLACEMENT_3D('',#17874,#14679,#14680);
#12593=AXIS2_PLACEMENT_3D('',#17879,#14684,#14685);
#12594=AXIS2_PLACEMENT_3D('',#17881,#14687,#14688);
#12595=AXIS2_PLACEMENT_3D('',#17885,#14691,#14692);
#12596=AXIS2_PLACEMENT_3D('',#17889,#14695,#14696);
#12597=AXIS2_PLACEMENT_3D('',#17892,#14699,#14700);
#12598=AXIS2_PLACEMENT_3D('',#17896,#14703,#14704);
#12599=AXIS2_PLACEMENT_3D('',#17901,#14708,#14709);
#12600=AXIS2_PLACEMENT_3D('',#17903,#14711,#14712);
#12601=AXIS2_PLACEMENT_3D('',#17907,#14715,#14716);
#12602=AXIS2_PLACEMENT_3D('',#17911,#14719,#14720);
#12603=AXIS2_PLACEMENT_3D('',#17914,#14723,#14724);
#12604=AXIS2_PLACEMENT_3D('',#17918,#14727,#14728);
#12605=AXIS2_PLACEMENT_3D('',#17923,#14732,#14733);
#12606=AXIS2_PLACEMENT_3D('',#17925,#14735,#14736);
#12607=AXIS2_PLACEMENT_3D('',#17929,#14739,#14740);
#12608=AXIS2_PLACEMENT_3D('',#17933,#14743,#14744);
#12609=AXIS2_PLACEMENT_3D('',#17936,#14747,#14748);
#12610=AXIS2_PLACEMENT_3D('',#17941,#14752,#14753);
#12611=AXIS2_PLACEMENT_3D('',#17945,#14756,#14757);
#12612=AXIS2_PLACEMENT_3D('',#17949,#14760,#14761);
#12613=AXIS2_PLACEMENT_3D('',#17953,#14764,#14765);
#12614=AXIS2_PLACEMENT_3D('',#17956,#14768,#14769);
#12615=AXIS2_PLACEMENT_3D('',#17960,#14772,#14773);
#12616=AXIS2_PLACEMENT_3D('',#17965,#14777,#14778);
#12617=AXIS2_PLACEMENT_3D('',#17967,#14780,#14781);
#12618=AXIS2_PLACEMENT_3D('',#17971,#14784,#14785);
#12619=AXIS2_PLACEMENT_3D('',#17975,#14788,#14789);
#12620=AXIS2_PLACEMENT_3D('',#17978,#14792,#14793);
#12621=AXIS2_PLACEMENT_3D('',#17982,#14796,#14797);
#12622=AXIS2_PLACEMENT_3D('',#17987,#14801,#14802);
#12623=AXIS2_PLACEMENT_3D('',#17989,#14804,#14805);
#12624=AXIS2_PLACEMENT_3D('',#17993,#14808,#14809);
#12625=AXIS2_PLACEMENT_3D('',#17997,#14812,#14813);
#12626=AXIS2_PLACEMENT_3D('',#18000,#14816,#14817);
#12627=AXIS2_PLACEMENT_3D('',#18004,#14820,#14821);
#12628=AXIS2_PLACEMENT_3D('',#18009,#14825,#14826);
#12629=AXIS2_PLACEMENT_3D('',#18011,#14828,#14829);
#12630=AXIS2_PLACEMENT_3D('',#18015,#14832,#14833);
#12631=AXIS2_PLACEMENT_3D('',#18019,#14836,#14837);
#12632=AXIS2_PLACEMENT_3D('',#18022,#14840,#14841);
#12633=AXIS2_PLACEMENT_3D('',#18026,#14844,#14845);
#12634=AXIS2_PLACEMENT_3D('',#18031,#14849,#14850);
#12635=AXIS2_PLACEMENT_3D('',#18033,#14852,#14853);
#12636=AXIS2_PLACEMENT_3D('',#18037,#14856,#14857);
#12637=AXIS2_PLACEMENT_3D('',#18040,#14860,#14861);
#12638=AXIS2_PLACEMENT_3D('',#18044,#14864,#14865);
#12639=AXIS2_PLACEMENT_3D('',#18046,#14867,#14868);
#12640=AXIS2_PLACEMENT_3D('',#18052,#14872,#14873);
#12641=AXIS2_PLACEMENT_3D('',#18056,#14876,#14877);
#12642=AXIS2_PLACEMENT_3D('',#18062,#14881,#14882);
#12643=AXIS2_PLACEMENT_3D('',#18066,#14885,#14886);
#12644=AXIS2_PLACEMENT_3D('',#18073,#14891,#14892);
#12645=AXIS2_PLACEMENT_3D('',#18079,#14896,#14897);
#12646=AXIS2_PLACEMENT_3D('',#18083,#14900,#14901);
#12647=AXIS2_PLACEMENT_3D('',#18094,#14907,#14908);
#12648=AXIS2_PLACEMENT_3D('',#18100,#14913,#14914);
#12649=AXIS2_PLACEMENT_3D('',#18114,#14922,#14923);
#12650=AXIS2_PLACEMENT_3D('',#18125,#14929,#14930);
#12651=AXIS2_PLACEMENT_3D('',#18131,#14935,#14936);
#12652=AXIS2_PLACEMENT_3D('',#18142,#14942,#14943);
#12653=AXIS2_PLACEMENT_3D('',#18151,#14949,#14950);
#12654=AXIS2_PLACEMENT_3D('',#18165,#14958,#14959);
#12655=AXIS2_PLACEMENT_3D('',#18176,#14965,#14966);
#12656=AXIS2_PLACEMENT_3D('',#18182,#14971,#14972);
#12657=AXIS2_PLACEMENT_3D('',#18185,#14975,#14976);
#12658=AXIS2_PLACEMENT_3D('',#18189,#14979,#14980);
#12659=AXIS2_PLACEMENT_3D('',#18197,#14985,#14986);
#12660=AXIS2_PLACEMENT_3D('',#18207,#14992,#14993);
#12661=AXIS2_PLACEMENT_3D('',#18213,#14997,#14998);
#12662=AXIS2_PLACEMENT_3D('',#18222,#15003,#15004);
#12663=AXIS2_PLACEMENT_3D('',#18228,#15008,#15009);
#12664=AXIS2_PLACEMENT_3D('',#18234,#15013,#15014);
#12665=AXIS2_PLACEMENT_3D('',#18237,#15017,#15018);
#12666=AXIS2_PLACEMENT_3D('',#18246,#15023,#15024);
#12667=AXIS2_PLACEMENT_3D('',#18252,#15028,#15029);
#12668=AXIS2_PLACEMENT_3D('',#18258,#15033,#15034);
#12669=AXIS2_PLACEMENT_3D('',#18261,#15037,#15038);
#12670=AXIS2_PLACEMENT_3D('',#18270,#15043,#15044);
#12671=AXIS2_PLACEMENT_3D('',#18280,#15050,#15051);
#12672=AXIS2_PLACEMENT_3D('',#18285,#15055,#15056);
#12673=AXIS2_PLACEMENT_3D('',#18291,#15060,#15061);
#12674=AXIS2_PLACEMENT_3D('',#18306,#15070,#15071);
#12675=AXIS2_PLACEMENT_3D('',#18309,#15074,#15075);
#12676=AXIS2_PLACEMENT_3D('',#18311,#15077,#15078);
#12677=AXIS2_PLACEMENT_3D('',#18333,#15090,#15091);
#12678=AXIS2_PLACEMENT_3D('',#18341,#15096,#15097);
#12679=AXIS2_PLACEMENT_3D('',#18345,#15100,#15101);
#12680=AXIS2_PLACEMENT_3D('',#18351,#15105,#15106);
#12681=AXIS2_PLACEMENT_3D('',#18357,#15110,#15111);
#12682=AXIS2_PLACEMENT_3D('',#18372,#15120,#15121);
#12683=AXIS2_PLACEMENT_3D('',#18375,#15124,#15125);
#12684=AXIS2_PLACEMENT_3D('',#18377,#15127,#15128);
#12685=AXIS2_PLACEMENT_3D('',#18399,#15140,#15141);
#12686=AXIS2_PLACEMENT_3D('',#18407,#15146,#15147);
#12687=AXIS2_PLACEMENT_3D('',#18411,#15150,#15151);
#12688=AXIS2_PLACEMENT_3D('',#18417,#15155,#15156);
#12689=AXIS2_PLACEMENT_3D('',#18420,#15159,#15160);
#12690=AXIS2_PLACEMENT_3D('',#18426,#15164,#15165);
#12691=AXIS2_PLACEMENT_3D('',#18428,#15167,#15168);
#12692=AXIS2_PLACEMENT_3D('',#18430,#15170,#15171);
#12693=AXIS2_PLACEMENT_3D('',#18431,#15172,#15173);
#12694=AXIS2_PLACEMENT_3D('',#18434,#15176,#15177);
#12695=AXIS2_PLACEMENT_3D('',#18437,#15180,#15181);
#12696=AXIS2_PLACEMENT_3D('',#18439,#15183,#15184);
#12697=AXIS2_PLACEMENT_3D('',#18440,#15185,#15186);
#12698=AXIS2_PLACEMENT_3D('',#18443,#15189,#15190);
#12699=AXIS2_PLACEMENT_3D('',#18446,#15193,#15194);
#12700=AXIS2_PLACEMENT_3D('',#18448,#15196,#15197);
#12701=AXIS2_PLACEMENT_3D('',#18449,#15198,#15199);
#12702=AXIS2_PLACEMENT_3D('',#18452,#15202,#15203);
#12703=AXIS2_PLACEMENT_3D('',#18458,#15207,#15208);
#12704=AXIS2_PLACEMENT_3D('',#18460,#15210,#15211);
#12705=AXIS2_PLACEMENT_3D('',#18462,#15213,#15214);
#12706=AXIS2_PLACEMENT_3D('',#18463,#15215,#15216);
#12707=AXIS2_PLACEMENT_3D('',#18467,#15219,#15220);
#12708=AXIS2_PLACEMENT_3D('',#18469,#15222,#15223);
#12709=AXIS2_PLACEMENT_3D('',#18475,#15227,#15228);
#12710=AXIS2_PLACEMENT_3D('',#18481,#15233,#15234);
#12711=AXIS2_PLACEMENT_3D('',#18485,#15237,#15238);
#12712=AXIS2_PLACEMENT_3D('',#18490,#15242,#15243);
#12713=AXIS2_PLACEMENT_3D('',#18492,#15245,#15246);
#12714=AXIS2_PLACEMENT_3D('',#18493,#15247,#15248);
#12715=AXIS2_PLACEMENT_3D('',#18495,#15250,#15251);
#12716=AXIS2_PLACEMENT_3D('',#18496,#15252,#15253);
#12717=AXIS2_PLACEMENT_3D('',#18497,#15254,#15255);
#12718=AXIS2_PLACEMENT_3D('',#18498,#15256,#15257);
#12719=AXIS2_PLACEMENT_3D('',#18499,#15258,#15259);
#12720=AXIS2_PLACEMENT_3D('',#18503,#15262,#15263);
#12721=AXIS2_PLACEMENT_3D('',#18505,#15265,#15266);
#12722=AXIS2_PLACEMENT_3D('',#18511,#15270,#15271);
#12723=AXIS2_PLACEMENT_3D('',#18517,#15276,#15277);
#12724=AXIS2_PLACEMENT_3D('',#18521,#15280,#15281);
#12725=AXIS2_PLACEMENT_3D('',#18526,#15285,#15286);
#12726=AXIS2_PLACEMENT_3D('',#18528,#15288,#15289);
#12727=AXIS2_PLACEMENT_3D('',#18529,#15290,#15291);
#12728=AXIS2_PLACEMENT_3D('',#18531,#15293,#15294);
#12729=AXIS2_PLACEMENT_3D('',#18532,#15295,#15296);
#12730=AXIS2_PLACEMENT_3D('',#18533,#15297,#15298);
#12731=AXIS2_PLACEMENT_3D('',#18534,#15299,#15300);
#12732=AXIS2_PLACEMENT_3D('',#18535,#15301,#15302);
#12733=AXIS2_PLACEMENT_3D('',#18541,#15306,#15307);
#12734=AXIS2_PLACEMENT_3D('',#18545,#15310,#15311);
#12735=AXIS2_PLACEMENT_3D('',#18557,#15318,#15319);
#12736=AXIS2_PLACEMENT_3D('',#18577,#15330,#15331);
#12737=AXIS2_PLACEMENT_3D('',#18613,#15350,#15351);
#12738=AXIS2_PLACEMENT_3D('',#18625,#15358,#15359);
#12739=AXIS2_PLACEMENT_3D('',#18631,#15363,#15364);
#12740=AXIS2_PLACEMENT_3D('',#18636,#15368,#15369);
#12741=AXIS2_PLACEMENT_3D('',#18648,#15376,#15377);
#12742=AXIS2_PLACEMENT_3D('',#18655,#15382,#15383);
#12743=AXIS2_PLACEMENT_3D('',#18659,#15386,#15387);
#12744=AXIS2_PLACEMENT_3D('',#18663,#15390,#15391);
#12745=AXIS2_PLACEMENT_3D('',#18668,#15395,#15396);
#12746=AXIS2_PLACEMENT_3D('',#18672,#15399,#15400);
#12747=AXIS2_PLACEMENT_3D('',#18678,#15404,#15405);
#12748=AXIS2_PLACEMENT_3D('',#18683,#15409,#15410);
#12749=AXIS2_PLACEMENT_3D('',#18695,#15417,#15418);
#12750=AXIS2_PLACEMENT_3D('',#18702,#15423,#15424);
#12751=AXIS2_PLACEMENT_3D('',#18706,#15427,#15428);
#12752=AXIS2_PLACEMENT_3D('',#18708,#15430,#15431);
#12753=AXIS2_PLACEMENT_3D('',#18710,#15433,#15434);
#12754=AXIS2_PLACEMENT_3D('',#18716,#15438,#15439);
#12755=AXIS2_PLACEMENT_3D('',#18724,#15444,#15445);
#12756=AXIS2_PLACEMENT_3D('',#18728,#15448,#15449);
#12757=AXIS2_PLACEMENT_3D('',#18730,#15451,#15452);
#12758=AXIS2_PLACEMENT_3D('',#18736,#15456,#15457);
#12759=AXIS2_PLACEMENT_3D('',#18740,#15460,#15461);
#12760=AXIS2_PLACEMENT_3D('',#18744,#15464,#15465);
#12761=AXIS2_PLACEMENT_3D('',#18746,#15467,#15468);
#12762=AXIS2_PLACEMENT_3D('',#18752,#15472,#15473);
#12763=AXIS2_PLACEMENT_3D('',#18756,#15476,#15477);
#12764=AXIS2_PLACEMENT_3D('',#18760,#15480,#15481);
#12765=AXIS2_PLACEMENT_3D('',#18762,#15483,#15484);
#12766=AXIS2_PLACEMENT_3D('',#18764,#15486,#15487);
#12767=AXIS2_PLACEMENT_3D('',#18770,#15491,#15492);
#12768=AXIS2_PLACEMENT_3D('',#18778,#15497,#15498);
#12769=AXIS2_PLACEMENT_3D('',#18782,#15501,#15502);
#12770=AXIS2_PLACEMENT_3D('',#18788,#15506,#15507);
#12771=AXIS2_PLACEMENT_3D('',#18803,#15516,#15517);
#12772=AXIS2_PLACEMENT_3D('',#18806,#15520,#15521);
#12773=AXIS2_PLACEMENT_3D('',#18808,#15523,#15524);
#12774=AXIS2_PLACEMENT_3D('',#18830,#15536,#15537);
#12775=AXIS2_PLACEMENT_3D('',#18838,#15542,#15543);
#12776=AXIS2_PLACEMENT_3D('',#18842,#15546,#15547);
#12777=AXIS2_PLACEMENT_3D('',#18848,#15551,#15552);
#12778=AXIS2_PLACEMENT_3D('',#18854,#15556,#15557);
#12779=AXIS2_PLACEMENT_3D('',#18869,#15566,#15567);
#12780=AXIS2_PLACEMENT_3D('',#18872,#15570,#15571);
#12781=AXIS2_PLACEMENT_3D('',#18874,#15573,#15574);
#12782=AXIS2_PLACEMENT_3D('',#18896,#15586,#15587);
#12783=AXIS2_PLACEMENT_3D('',#18904,#15592,#15593);
#12784=AXIS2_PLACEMENT_3D('',#18908,#15596,#15597);
#12785=AXIS2_PLACEMENT_3D('',#18914,#15601,#15602);
#12786=AXIS2_PLACEMENT_3D('',#18916,#15604,#15605);
#12787=AXIS2_PLACEMENT_3D('',#18922,#15609,#15610);
#12788=AXIS2_PLACEMENT_3D('',#18924,#15612,#15613);
#12789=AXIS2_PLACEMENT_3D('',#18926,#15615,#15616);
#12790=AXIS2_PLACEMENT_3D('',#18927,#15617,#15618);
#12791=AXIS2_PLACEMENT_3D('',#18930,#15621,#15622);
#12792=AXIS2_PLACEMENT_3D('',#18933,#15625,#15626);
#12793=AXIS2_PLACEMENT_3D('',#18935,#15628,#15629);
#12794=AXIS2_PLACEMENT_3D('',#18936,#15630,#15631);
#12795=AXIS2_PLACEMENT_3D('',#18939,#15634,#15635);
#12796=AXIS2_PLACEMENT_3D('',#18942,#15638,#15639);
#12797=AXIS2_PLACEMENT_3D('',#18944,#15641,#15642);
#12798=AXIS2_PLACEMENT_3D('',#18945,#15643,#15644);
#12799=AXIS2_PLACEMENT_3D('',#18947,#15646,#15647);
#12800=AXIS2_PLACEMENT_3D('',#18953,#15651,#15652);
#12801=AXIS2_PLACEMENT_3D('',#18955,#15654,#15655);
#12802=AXIS2_PLACEMENT_3D('',#18957,#15657,#15658);
#12803=AXIS2_PLACEMENT_3D('',#18958,#15659,#15660);
#12804=AXIS2_PLACEMENT_3D('',#18962,#15663,#15664);
#12805=AXIS2_PLACEMENT_3D('',#18964,#15666,#15667);
#12806=AXIS2_PLACEMENT_3D('',#18970,#15671,#15672);
#12807=AXIS2_PLACEMENT_3D('',#18976,#15677,#15678);
#12808=AXIS2_PLACEMENT_3D('',#18980,#15681,#15682);
#12809=AXIS2_PLACEMENT_3D('',#18985,#15686,#15687);
#12810=AXIS2_PLACEMENT_3D('',#18987,#15689,#15690);
#12811=AXIS2_PLACEMENT_3D('',#18988,#15691,#15692);
#12812=AXIS2_PLACEMENT_3D('',#18990,#15694,#15695);
#12813=AXIS2_PLACEMENT_3D('',#18991,#15696,#15697);
#12814=AXIS2_PLACEMENT_3D('',#18992,#15698,#15699);
#12815=AXIS2_PLACEMENT_3D('',#18993,#15700,#15701);
#12816=AXIS2_PLACEMENT_3D('',#18994,#15702,#15703);
#12817=AXIS2_PLACEMENT_3D('',#18998,#15706,#15707);
#12818=AXIS2_PLACEMENT_3D('',#19000,#15709,#15710);
#12819=AXIS2_PLACEMENT_3D('',#19006,#15714,#15715);
#12820=AXIS2_PLACEMENT_3D('',#19012,#15720,#15721);
#12821=AXIS2_PLACEMENT_3D('',#19016,#15724,#15725);
#12822=AXIS2_PLACEMENT_3D('',#19021,#15729,#15730);
#12823=AXIS2_PLACEMENT_3D('',#19023,#15732,#15733);
#12824=AXIS2_PLACEMENT_3D('',#19024,#15734,#15735);
#12825=AXIS2_PLACEMENT_3D('',#19026,#15737,#15738);
#12826=AXIS2_PLACEMENT_3D('',#19027,#15739,#15740);
#12827=AXIS2_PLACEMENT_3D('',#19028,#15741,#15742);
#12828=AXIS2_PLACEMENT_3D('',#19029,#15743,#15744);
#12829=DIRECTION('axis',(0.,0.,1.));
#12830=DIRECTION('refdir',(1.,0.,0.));
#12831=DIRECTION('center_axis',(1.,0.,0.));
#12832=DIRECTION('ref_axis',(0.,-1.,0.));
#12833=DIRECTION('',(0.,0.,1.));
#12834=DIRECTION('',(0.,-1.,0.));
#12835=DIRECTION('',(0.,0.,1.));
#12836=DIRECTION('',(0.,-1.,0.));
#12837=DIRECTION('center_axis',(-1.,0.,0.));
#12838=DIRECTION('ref_axis',(0.,1.,0.));
#12839=DIRECTION('',(0.,0.,-1.));
#12840=DIRECTION('',(0.,1.,0.));
#12841=DIRECTION('',(0.,0.,-1.));
#12842=DIRECTION('',(0.,1.,0.));
#12843=DIRECTION('center_axis',(1.,0.,0.));
#12844=DIRECTION('ref_axis',(0.,-1.,0.));
#12845=DIRECTION('',(0.,0.,1.));
#12846=DIRECTION('',(0.,-1.,0.));
#12847=DIRECTION('',(0.,0.,1.));
#12848=DIRECTION('',(0.,-1.,0.));
#12849=DIRECTION('center_axis',(0.,0.,1.));
#12850=DIRECTION('ref_axis',(1.,0.,0.));
#12851=DIRECTION('',(1.,0.,0.));
#12852=DIRECTION('',(0.,1.,0.));
#12853=DIRECTION('',(-1.,0.,0.));
#12854=DIRECTION('',(0.,1.,0.));
#12855=DIRECTION('center_axis',(0.,0.,1.));
#12856=DIRECTION('ref_axis',(1.,0.,0.));
#12857=DIRECTION('',(1.,0.,0.));
#12858=DIRECTION('',(-1.,0.,0.));
#12859=DIRECTION('',(0.,1.,0.));
#12860=DIRECTION('',(-1.,0.,0.));
#12861=DIRECTION('',(-3.083952846181E-17,-1.,0.));
#12862=DIRECTION('center_axis',(0.,0.,1.));
#12863=DIRECTION('ref_axis',(1.,0.,0.));
#12864=DIRECTION('',(-1.665334536938E-16,-1.,0.));
#12865=DIRECTION('',(1.,0.,0.));
#12866=DIRECTION('',(0.,-1.,0.));
#12867=DIRECTION('',(-1.,0.,0.));
#12868=DIRECTION('center_axis',(0.,1.,0.));
#12869=DIRECTION('ref_axis',(1.,0.,0.));
#12870=DIRECTION('',(1.,0.,0.));
#12871=DIRECTION('',(1.,0.,0.));
#12872=DIRECTION('',(0.,0.,1.));
#12873=DIRECTION('center_axis',(0.,0.,1.));
#12874=DIRECTION('ref_axis',(1.,0.,0.));
#12875=DIRECTION('',(1.,0.,0.));
#12876=DIRECTION('',(-1.,0.,0.));
#12877=DIRECTION('',(-3.083952846181E-17,-1.,0.));
#12878=DIRECTION('center_axis',(0.,-1.,0.));
#12879=DIRECTION('ref_axis',(-1.,0.,0.));
#12880=DIRECTION('',(0.,0.,1.));
#12881=DIRECTION('',(-1.,0.,0.));
#12882=DIRECTION('center_axis',(0.,0.,1.));
#12883=DIRECTION('ref_axis',(1.,0.,0.));
#12884=DIRECTION('',(-3.083952846181E-17,-1.,0.));
#12885=DIRECTION('',(1.,0.,0.));
#12886=DIRECTION('',(-1.,0.,0.));
#12887=DIRECTION('',(1.,0.,0.));
#12888=DIRECTION('center_axis',(0.,1.,0.));
#12889=DIRECTION('ref_axis',(1.,0.,0.));
#12890=DIRECTION('',(0.,0.,1.));
#12891=DIRECTION('center_axis',(0.,-1.,0.));
#12892=DIRECTION('ref_axis',(-1.,0.,0.));
#12893=DIRECTION('',(-1.,0.,0.));
#12894=DIRECTION('',(0.,0.,1.));
#12895=DIRECTION('',(0.,0.,1.));
#12896=DIRECTION('center_axis',(-1.,0.,0.));
#12897=DIRECTION('ref_axis',(0.,1.,0.));
#12898=DIRECTION('',(0.,1.,0.));
#12899=DIRECTION('',(0.,0.,-1.));
#12900=DIRECTION('center_axis',(1.,0.,0.));
#12901=DIRECTION('ref_axis',(0.,-1.,0.));
#12902=DIRECTION('',(0.,0.,1.));
#12903=DIRECTION('',(0.,-1.,0.));
#12904=DIRECTION('',(0.,0.,1.));
#12905=DIRECTION('',(0.,-1.,0.));
#12906=DIRECTION('center_axis',(-1.,0.,0.));
#12907=DIRECTION('ref_axis',(0.,1.,0.));
#12908=DIRECTION('',(0.,0.,-1.));
#12909=DIRECTION('',(0.,1.,0.));
#12910=DIRECTION('',(0.,0.,-1.));
#12911=DIRECTION('',(0.,1.,0.));
#12912=DIRECTION('center_axis',(1.,0.,0.));
#12913=DIRECTION('ref_axis',(0.,-1.,0.));
#12914=DIRECTION('',(0.,0.,1.));
#12915=DIRECTION('',(0.,-1.,0.));
#12916=DIRECTION('',(0.,0.,1.));
#12917=DIRECTION('',(0.,-1.,0.));
#12918=DIRECTION('center_axis',(0.,0.,1.));
#12919=DIRECTION('ref_axis',(1.,0.,0.));
#12920=DIRECTION('',(1.,0.,0.));
#12921=DIRECTION('',(0.,1.,0.));
#12922=DIRECTION('',(-1.,0.,0.));
#12923=DIRECTION('',(0.,1.,0.));
#12924=DIRECTION('center_axis',(0.,0.,1.));
#12925=DIRECTION('ref_axis',(1.,0.,0.));
#12926=DIRECTION('',(1.,0.,0.));
#12927=DIRECTION('',(-1.,0.,0.));
#12928=DIRECTION('',(0.,1.,0.));
#12929=DIRECTION('',(-1.,0.,0.));
#12930=DIRECTION('',(-3.083952846181E-17,-1.,0.));
#12931=DIRECTION('center_axis',(0.,0.,1.));
#12932=DIRECTION('ref_axis',(1.,0.,0.));
#12933=DIRECTION('',(-1.665334536938E-16,-1.,0.));
#12934=DIRECTION('',(1.,0.,0.));
#12935=DIRECTION('',(0.,-1.,0.));
#12936=DIRECTION('',(-1.,0.,0.));
#12937=DIRECTION('center_axis',(0.,1.,0.));
#12938=DIRECTION('ref_axis',(1.,0.,0.));
#12939=DIRECTION('',(1.,0.,0.));
#12940=DIRECTION('',(1.,0.,0.));
#12941=DIRECTION('',(0.,0.,1.));
#12942=DIRECTION('center_axis',(0.,0.,1.));
#12943=DIRECTION('ref_axis',(1.,0.,0.));
#12944=DIRECTION('',(1.,0.,0.));
#12945=DIRECTION('',(-1.,0.,0.));
#12946=DIRECTION('',(-3.083952846181E-17,-1.,0.));
#12947=DIRECTION('center_axis',(0.,-1.,0.));
#12948=DIRECTION('ref_axis',(-1.,0.,0.));
#12949=DIRECTION('',(0.,0.,1.));
#12950=DIRECTION('',(-1.,0.,0.));
#12951=DIRECTION('center_axis',(0.,0.,1.));
#12952=DIRECTION('ref_axis',(1.,0.,0.));
#12953=DIRECTION('',(-3.083952846181E-17,-1.,0.));
#12954=DIRECTION('',(1.,0.,0.));
#12955=DIRECTION('',(-1.,0.,0.));
#12956=DIRECTION('',(1.,0.,0.));
#12957=DIRECTION('center_axis',(0.,1.,0.));
#12958=DIRECTION('ref_axis',(1.,0.,0.));
#12959=DIRECTION('',(0.,0.,1.));
#12960=DIRECTION('center_axis',(0.,-1.,0.));
#12961=DIRECTION('ref_axis',(-1.,0.,0.));
#12962=DIRECTION('',(-1.,0.,0.));
#12963=DIRECTION('',(0.,0.,1.));
#12964=DIRECTION('',(0.,0.,1.));
#12965=DIRECTION('center_axis',(-1.,0.,0.));
#12966=DIRECTION('ref_axis',(0.,1.,0.));
#12967=DIRECTION('',(0.,1.,0.));
#12968=DIRECTION('',(0.,0.,-1.));
#12969=DIRECTION('center_axis',(1.,0.,0.));
#12970=DIRECTION('ref_axis',(0.,-1.,0.));
#12971=DIRECTION('',(0.,0.,1.));
#12972=DIRECTION('',(0.,-1.,0.));
#12973=DIRECTION('',(0.,0.,1.));
#12974=DIRECTION('',(0.,-1.,0.));
#12975=DIRECTION('center_axis',(-1.,0.,0.));
#12976=DIRECTION('ref_axis',(0.,1.,0.));
#12977=DIRECTION('',(0.,0.,-1.));
#12978=DIRECTION('',(0.,1.,0.));
#12979=DIRECTION('',(0.,0.,-1.));
#12980=DIRECTION('',(0.,1.,0.));
#12981=DIRECTION('center_axis',(1.,0.,0.));
#12982=DIRECTION('ref_axis',(0.,-1.,0.));
#12983=DIRECTION('',(0.,0.,1.));
#12984=DIRECTION('',(0.,-1.,0.));
#12985=DIRECTION('',(0.,0.,1.));
#12986=DIRECTION('',(0.,-1.,0.));
#12987=DIRECTION('center_axis',(0.,0.,1.));
#12988=DIRECTION('ref_axis',(1.,0.,0.));
#12989=DIRECTION('',(1.,0.,0.));
#12990=DIRECTION('',(0.,1.,0.));
#12991=DIRECTION('',(-1.,0.,0.));
#12992=DIRECTION('',(0.,1.,0.));
#12993=DIRECTION('center_axis',(0.,0.,1.));
#12994=DIRECTION('ref_axis',(1.,0.,0.));
#12995=DIRECTION('',(1.,0.,0.));
#12996=DIRECTION('',(-1.,0.,0.));
#12997=DIRECTION('',(0.,1.,0.));
#12998=DIRECTION('',(-1.,0.,0.));
#12999=DIRECTION('',(-3.083952846181E-17,-1.,0.));
#13000=DIRECTION('center_axis',(0.,0.,1.));
#13001=DIRECTION('ref_axis',(1.,0.,0.));
#13002=DIRECTION('',(-1.665334536938E-16,-1.,0.));
#13003=DIRECTION('',(1.,0.,0.));
#13004=DIRECTION('',(0.,-1.,0.));
#13005=DIRECTION('',(-1.,0.,0.));
#13006=DIRECTION('center_axis',(0.,1.,0.));
#13007=DIRECTION('ref_axis',(1.,0.,0.));
#13008=DIRECTION('',(1.,0.,0.));
#13009=DIRECTION('',(1.,0.,0.));
#13010=DIRECTION('',(0.,0.,1.));
#13011=DIRECTION('center_axis',(0.,0.,1.));
#13012=DIRECTION('ref_axis',(1.,0.,0.));
#13013=DIRECTION('',(1.,0.,0.));
#13014=DIRECTION('',(-1.,0.,0.));
#13015=DIRECTION('',(-3.083952846181E-17,-1.,0.));
#13016=DIRECTION('center_axis',(0.,-1.,0.));
#13017=DIRECTION('ref_axis',(-1.,0.,0.));
#13018=DIRECTION('',(0.,0.,1.));
#13019=DIRECTION('',(-1.,0.,0.));
#13020=DIRECTION('center_axis',(0.,0.,1.));
#13021=DIRECTION('ref_axis',(1.,0.,0.));
#13022=DIRECTION('',(-3.083952846181E-17,-1.,0.));
#13023=DIRECTION('',(1.,0.,0.));
#13024=DIRECTION('',(-1.,0.,0.));
#13025=DIRECTION('',(1.,0.,0.));
#13026=DIRECTION('center_axis',(0.,1.,0.));
#13027=DIRECTION('ref_axis',(1.,0.,0.));
#13028=DIRECTION('',(0.,0.,1.));
#13029=DIRECTION('center_axis',(0.,-1.,0.));
#13030=DIRECTION('ref_axis',(-1.,0.,0.));
#13031=DIRECTION('',(-1.,0.,0.));
#13032=DIRECTION('',(0.,0.,1.));
#13033=DIRECTION('',(0.,0.,1.));
#13034=DIRECTION('center_axis',(-1.,0.,0.));
#13035=DIRECTION('ref_axis',(0.,1.,0.));
#13036=DIRECTION('',(0.,1.,0.));
#13037=DIRECTION('',(0.,0.,-1.));
#13038=DIRECTION('center_axis',(1.,0.,0.));
#13039=DIRECTION('ref_axis',(0.,-1.,0.));
#13040=DIRECTION('',(0.,0.,1.));
#13041=DIRECTION('',(0.,-1.,0.));
#13042=DIRECTION('',(0.,0.,1.));
#13043=DIRECTION('',(0.,-1.,0.));
#13044=DIRECTION('center_axis',(-1.,0.,0.));
#13045=DIRECTION('ref_axis',(0.,1.,0.));
#13046=DIRECTION('',(0.,0.,-1.));
#13047=DIRECTION('',(0.,1.,0.));
#13048=DIRECTION('',(0.,0.,-1.));
#13049=DIRECTION('',(0.,1.,0.));
#13050=DIRECTION('center_axis',(1.,0.,0.));
#13051=DIRECTION('ref_axis',(0.,-1.,0.));
#13052=DIRECTION('',(0.,0.,1.));
#13053=DIRECTION('',(0.,-1.,0.));
#13054=DIRECTION('',(0.,0.,1.));
#13055=DIRECTION('',(0.,-1.,0.));
#13056=DIRECTION('center_axis',(0.,0.,1.));
#13057=DIRECTION('ref_axis',(1.,0.,0.));
#13058=DIRECTION('',(1.,0.,0.));
#13059=DIRECTION('',(0.,1.,0.));
#13060=DIRECTION('',(-1.,0.,0.));
#13061=DIRECTION('',(0.,1.,0.));
#13062=DIRECTION('center_axis',(0.,0.,1.));
#13063=DIRECTION('ref_axis',(1.,0.,0.));
#13064=DIRECTION('',(1.,0.,0.));
#13065=DIRECTION('',(-1.,0.,0.));
#13066=DIRECTION('',(0.,1.,0.));
#13067=DIRECTION('',(-1.,0.,0.));
#13068=DIRECTION('',(-3.083952846181E-17,-1.,0.));
#13069=DIRECTION('center_axis',(0.,0.,1.));
#13070=DIRECTION('ref_axis',(1.,0.,0.));
#13071=DIRECTION('',(-1.665334536938E-16,-1.,0.));
#13072=DIRECTION('',(1.,0.,0.));
#13073=DIRECTION('',(0.,-1.,0.));
#13074=DIRECTION('',(-1.,0.,0.));
#13075=DIRECTION('center_axis',(0.,1.,0.));
#13076=DIRECTION('ref_axis',(1.,0.,0.));
#13077=DIRECTION('',(1.,0.,0.));
#13078=DIRECTION('',(1.,0.,0.));
#13079=DIRECTION('',(0.,0.,1.));
#13080=DIRECTION('center_axis',(0.,0.,1.));
#13081=DIRECTION('ref_axis',(1.,0.,0.));
#13082=DIRECTION('',(1.,0.,0.));
#13083=DIRECTION('',(-1.,0.,0.));
#13084=DIRECTION('',(-3.083952846181E-17,-1.,0.));
#13085=DIRECTION('center_axis',(0.,-1.,0.));
#13086=DIRECTION('ref_axis',(-1.,0.,0.));
#13087=DIRECTION('',(0.,0.,1.));
#13088=DIRECTION('',(-1.,0.,0.));
#13089=DIRECTION('center_axis',(0.,0.,1.));
#13090=DIRECTION('ref_axis',(1.,0.,0.));
#13091=DIRECTION('',(-3.083952846181E-17,-1.,0.));
#13092=DIRECTION('',(1.,0.,0.));
#13093=DIRECTION('',(-1.,0.,0.));
#13094=DIRECTION('',(1.,0.,0.));
#13095=DIRECTION('center_axis',(0.,1.,0.));
#13096=DIRECTION('ref_axis',(1.,0.,0.));
#13097=DIRECTION('',(0.,0.,1.));
#13098=DIRECTION('center_axis',(0.,-1.,0.));
#13099=DIRECTION('ref_axis',(-1.,0.,0.));
#13100=DIRECTION('',(-1.,0.,0.));
#13101=DIRECTION('',(0.,0.,1.));
#13102=DIRECTION('',(0.,0.,1.));
#13103=DIRECTION('center_axis',(-1.,0.,0.));
#13104=DIRECTION('ref_axis',(0.,1.,0.));
#13105=DIRECTION('',(0.,1.,0.));
#13106=DIRECTION('',(0.,0.,-1.));
#13107=DIRECTION('center_axis',(1.,0.,0.));
#13108=DIRECTION('ref_axis',(0.,-1.,0.));
#13109=DIRECTION('',(0.,0.,1.));
#13110=DIRECTION('',(0.,-1.,0.));
#13111=DIRECTION('',(0.,0.,1.));
#13112=DIRECTION('',(0.,-1.,0.));
#13113=DIRECTION('center_axis',(-1.,0.,0.));
#13114=DIRECTION('ref_axis',(0.,1.,0.));
#13115=DIRECTION('',(0.,0.,-1.));
#13116=DIRECTION('',(0.,1.,0.));
#13117=DIRECTION('',(0.,0.,-1.));
#13118=DIRECTION('',(0.,1.,0.));
#13119=DIRECTION('center_axis',(1.,0.,0.));
#13120=DIRECTION('ref_axis',(0.,-1.,0.));
#13121=DIRECTION('',(0.,0.,1.));
#13122=DIRECTION('',(0.,-1.,0.));
#13123=DIRECTION('',(0.,0.,1.));
#13124=DIRECTION('',(0.,-1.,0.));
#13125=DIRECTION('center_axis',(0.,0.,1.));
#13126=DIRECTION('ref_axis',(1.,0.,0.));
#13127=DIRECTION('',(1.,0.,0.));
#13128=DIRECTION('',(0.,1.,0.));
#13129=DIRECTION('',(-1.,0.,0.));
#13130=DIRECTION('',(0.,1.,0.));
#13131=DIRECTION('center_axis',(0.,0.,1.));
#13132=DIRECTION('ref_axis',(1.,0.,0.));
#13133=DIRECTION('',(1.,0.,0.));
#13134=DIRECTION('',(-1.,0.,0.));
#13135=DIRECTION('',(0.,1.,0.));
#13136=DIRECTION('',(-1.,0.,0.));
#13137=DIRECTION('',(-3.083952846181E-17,-1.,0.));
#13138=DIRECTION('center_axis',(0.,0.,1.));
#13139=DIRECTION('ref_axis',(1.,0.,0.));
#13140=DIRECTION('',(-1.665334536938E-16,-1.,0.));
#13141=DIRECTION('',(1.,0.,0.));
#13142=DIRECTION('',(0.,-1.,0.));
#13143=DIRECTION('',(-1.,0.,0.));
#13144=DIRECTION('center_axis',(0.,1.,0.));
#13145=DIRECTION('ref_axis',(1.,0.,0.));
#13146=DIRECTION('',(1.,0.,0.));
#13147=DIRECTION('',(1.,0.,0.));
#13148=DIRECTION('',(0.,0.,1.));
#13149=DIRECTION('center_axis',(0.,0.,1.));
#13150=DIRECTION('ref_axis',(1.,0.,0.));
#13151=DIRECTION('',(1.,0.,0.));
#13152=DIRECTION('',(-1.,0.,0.));
#13153=DIRECTION('',(-3.083952846181E-17,-1.,0.));
#13154=DIRECTION('center_axis',(0.,-1.,0.));
#13155=DIRECTION('ref_axis',(-1.,0.,0.));
#13156=DIRECTION('',(0.,0.,1.));
#13157=DIRECTION('',(-1.,0.,0.));
#13158=DIRECTION('center_axis',(0.,0.,1.));
#13159=DIRECTION('ref_axis',(1.,0.,0.));
#13160=DIRECTION('',(-3.083952846181E-17,-1.,0.));
#13161=DIRECTION('',(1.,0.,0.));
#13162=DIRECTION('',(-1.,0.,0.));
#13163=DIRECTION('',(1.,0.,0.));
#13164=DIRECTION('center_axis',(0.,1.,0.));
#13165=DIRECTION('ref_axis',(1.,0.,0.));
#13166=DIRECTION('',(0.,0.,1.));
#13167=DIRECTION('center_axis',(0.,-1.,0.));
#13168=DIRECTION('ref_axis',(-1.,0.,0.));
#13169=DIRECTION('',(-1.,0.,0.));
#13170=DIRECTION('',(0.,0.,1.));
#13171=DIRECTION('',(0.,0.,1.));
#13172=DIRECTION('center_axis',(-1.,0.,0.));
#13173=DIRECTION('ref_axis',(0.,1.,0.));
#13174=DIRECTION('',(0.,1.,0.));
#13175=DIRECTION('',(0.,0.,-1.));
#13176=DIRECTION('center_axis',(-1.,1.224646799147E-16,0.));
#13177=DIRECTION('ref_axis',(1.224646799147E-16,1.,0.));
#13178=DIRECTION('',(0.,0.,1.));
#13179=DIRECTION('',(1.224646799147E-16,1.,0.));
#13180=DIRECTION('',(0.,0.,1.));
#13181=DIRECTION('',(1.224646799147E-16,1.,0.));
#13182=DIRECTION('center_axis',(1.,0.,0.));
#13183=DIRECTION('ref_axis',(0.,-1.,0.));
#13184=DIRECTION('',(0.,0.,-1.));
#13185=DIRECTION('',(-1.224646799147E-16,-1.,0.));
#13186=DIRECTION('',(0.,0.,-1.));
#13187=DIRECTION('',(0.,-1.,0.));
#13188=DIRECTION('center_axis',(-1.,1.224646799147E-16,0.));
#13189=DIRECTION('ref_axis',(1.224646799147E-16,1.,0.));
#13190=DIRECTION('',(0.,0.,1.));
#13191=DIRECTION('',(1.224646799147E-16,1.,0.));
#13192=DIRECTION('',(0.,0.,1.));
#13193=DIRECTION('',(1.224646799147E-16,1.,0.));
#13194=DIRECTION('center_axis',(0.,0.,1.));
#13195=DIRECTION('ref_axis',(-1.,1.224646799147E-16,0.));
#13196=DIRECTION('',(-1.,1.224646799147E-16,0.));
#13197=DIRECTION('',(-1.224646799147E-16,-1.,0.));
#13198=DIRECTION('',(1.,-1.224646799147E-16,0.));
#13199=DIRECTION('',(-1.224646799147E-16,-1.,0.));
#13200=DIRECTION('center_axis',(0.,0.,1.));
#13201=DIRECTION('ref_axis',(-1.,1.224646799147E-16,0.));
#13202=DIRECTION('',(-1.,1.224646799147E-16,0.));
#13203=DIRECTION('',(1.,-1.224646799147E-16,0.));
#13204=DIRECTION('',(0.,-1.,0.));
#13205=DIRECTION('',(1.,-1.224646799147E-16,0.));
#13206=DIRECTION('',(1.533042083765E-16,1.,0.));
#13207=DIRECTION('center_axis',(0.,0.,1.));
#13208=DIRECTION('ref_axis',(-1.,1.224646799147E-16,0.));
#13209=DIRECTION('',(2.889981336085E-16,1.,0.));
#13210=DIRECTION('',(-1.,1.224646799147E-16,0.));
#13211=DIRECTION('',(1.224646799147E-16,1.,0.));
#13212=DIRECTION('',(1.,-1.224646799147E-16,0.));
#13213=DIRECTION('center_axis',(-1.224646799147E-16,-1.,0.));
#13214=DIRECTION('ref_axis',(-1.,1.224646799147E-16,0.));
#13215=DIRECTION('',(-1.,1.224646799147E-16,0.));
#13216=DIRECTION('',(-1.,1.224646799147E-16,0.));
#13217=DIRECTION('',(0.,0.,1.));
#13218=DIRECTION('center_axis',(0.,0.,1.));
#13219=DIRECTION('ref_axis',(-1.,1.224646799147E-16,0.));
#13220=DIRECTION('',(-1.,1.224646799147E-16,0.));
#13221=DIRECTION('',(1.,-1.224646799147E-16,0.));
#13222=DIRECTION('',(1.533042083765E-16,1.,0.));
#13223=DIRECTION('center_axis',(1.224646799147E-16,1.,0.));
#13224=DIRECTION('ref_axis',(1.,-1.224646799147E-16,0.));
#13225=DIRECTION('',(0.,0.,1.));
#13226=DIRECTION('',(1.,-1.224646799147E-16,0.));
#13227=DIRECTION('center_axis',(0.,0.,1.));
#13228=DIRECTION('ref_axis',(-1.,1.224646799147E-16,0.));
#13229=DIRECTION('',(1.533042083765E-16,1.,0.));
#13230=DIRECTION('',(-1.,1.224646799147E-16,0.));
#13231=DIRECTION('',(1.,-1.224646799147E-16,0.));
#13232=DIRECTION('',(-1.,1.224646799147E-16,0.));
#13233=DIRECTION('center_axis',(-1.224646799147E-16,-1.,0.));
#13234=DIRECTION('ref_axis',(-1.,1.224646799147E-16,0.));
#13235=DIRECTION('',(0.,0.,1.));
#13236=DIRECTION('center_axis',(1.224646799147E-16,1.,0.));
#13237=DIRECTION('ref_axis',(1.,-1.224646799147E-16,0.));
#13238=DIRECTION('',(1.,-1.224646799147E-16,0.));
#13239=DIRECTION('',(0.,0.,1.));
#13240=DIRECTION('',(0.,0.,1.));
#13241=DIRECTION('center_axis',(1.,0.,0.));
#13242=DIRECTION('ref_axis',(0.,-1.,0.));
#13243=DIRECTION('',(-1.224646799147E-16,-1.,0.));
#13244=DIRECTION('',(0.,0.,-1.));
#13245=DIRECTION('center_axis',(-1.,1.224646799147E-16,0.));
#13246=DIRECTION('ref_axis',(1.224646799147E-16,1.,0.));
#13247=DIRECTION('',(0.,0.,1.));
#13248=DIRECTION('',(1.224646799147E-16,1.,0.));
#13249=DIRECTION('',(0.,0.,1.));
#13250=DIRECTION('',(1.224646799147E-16,1.,0.));
#13251=DIRECTION('center_axis',(1.,0.,0.));
#13252=DIRECTION('ref_axis',(0.,-1.,0.));
#13253=DIRECTION('',(0.,0.,-1.));
#13254=DIRECTION('',(-1.224646799147E-16,-1.,0.));
#13255=DIRECTION('',(0.,0.,-1.));
#13256=DIRECTION('',(0.,-1.,0.));
#13257=DIRECTION('center_axis',(-1.,1.224646799147E-16,0.));
#13258=DIRECTION('ref_axis',(1.224646799147E-16,1.,0.));
#13259=DIRECTION('',(0.,0.,1.));
#13260=DIRECTION('',(1.224646799147E-16,1.,0.));
#13261=DIRECTION('',(0.,0.,1.));
#13262=DIRECTION('',(1.224646799147E-16,1.,0.));
#13263=DIRECTION('center_axis',(0.,0.,1.));
#13264=DIRECTION('ref_axis',(-1.,1.224646799147E-16,0.));
#13265=DIRECTION('',(-1.,1.224646799147E-16,0.));
#13266=DIRECTION('',(-1.224646799147E-16,-1.,0.));
#13267=DIRECTION('',(1.,-1.224646799147E-16,0.));
#13268=DIRECTION('',(-1.224646799147E-16,-1.,0.));
#13269=DIRECTION('center_axis',(0.,0.,1.));
#13270=DIRECTION('ref_axis',(-1.,1.224646799147E-16,0.));
#13271=DIRECTION('',(-1.,1.224646799147E-16,0.));
#13272=DIRECTION('',(1.,-1.224646799147E-16,0.));
#13273=DIRECTION('',(0.,-1.,0.));
#13274=DIRECTION('',(1.,-1.224646799147E-16,0.));
#13275=DIRECTION('',(1.533042083765E-16,1.,0.));
#13276=DIRECTION('center_axis',(0.,0.,1.));
#13277=DIRECTION('ref_axis',(-1.,1.224646799147E-16,0.));
#13278=DIRECTION('',(2.889981336085E-16,1.,0.));
#13279=DIRECTION('',(-1.,1.224646799147E-16,0.));
#13280=DIRECTION('',(1.224646799147E-16,1.,0.));
#13281=DIRECTION('',(1.,-1.224646799147E-16,0.));
#13282=DIRECTION('center_axis',(-1.224646799147E-16,-1.,0.));
#13283=DIRECTION('ref_axis',(-1.,1.224646799147E-16,0.));
#13284=DIRECTION('',(-1.,1.224646799147E-16,0.));
#13285=DIRECTION('',(-1.,1.224646799147E-16,0.));
#13286=DIRECTION('',(0.,0.,1.));
#13287=DIRECTION('center_axis',(0.,0.,1.));
#13288=DIRECTION('ref_axis',(-1.,1.224646799147E-16,0.));
#13289=DIRECTION('',(-1.,1.224646799147E-16,0.));
#13290=DIRECTION('',(1.,-1.224646799147E-16,0.));
#13291=DIRECTION('',(1.533042083765E-16,1.,0.));
#13292=DIRECTION('center_axis',(1.224646799147E-16,1.,0.));
#13293=DIRECTION('ref_axis',(1.,-1.224646799147E-16,0.));
#13294=DIRECTION('',(0.,0.,1.));
#13295=DIRECTION('',(1.,-1.224646799147E-16,0.));
#13296=DIRECTION('center_axis',(0.,0.,1.));
#13297=DIRECTION('ref_axis',(-1.,1.224646799147E-16,0.));
#13298=DIRECTION('',(1.533042083765E-16,1.,0.));
#13299=DIRECTION('',(-1.,1.224646799147E-16,0.));
#13300=DIRECTION('',(1.,-1.224646799147E-16,0.));
#13301=DIRECTION('',(-1.,1.224646799147E-16,0.));
#13302=DIRECTION('center_axis',(-1.224646799147E-16,-1.,0.));
#13303=DIRECTION('ref_axis',(-1.,1.224646799147E-16,0.));
#13304=DIRECTION('',(0.,0.,1.));
#13305=DIRECTION('center_axis',(1.224646799147E-16,1.,0.));
#13306=DIRECTION('ref_axis',(1.,-1.224646799147E-16,0.));
#13307=DIRECTION('',(1.,-1.224646799147E-16,0.));
#13308=DIRECTION('',(0.,0.,1.));
#13309=DIRECTION('',(0.,0.,1.));
#13310=DIRECTION('center_axis',(1.,0.,0.));
#13311=DIRECTION('ref_axis',(0.,-1.,0.));
#13312=DIRECTION('',(-1.224646799147E-16,-1.,0.));
#13313=DIRECTION('',(0.,0.,-1.));
#13314=DIRECTION('center_axis',(-1.,1.224646799147E-16,0.));
#13315=DIRECTION('ref_axis',(1.224646799147E-16,1.,0.));
#13316=DIRECTION('',(0.,0.,1.));
#13317=DIRECTION('',(1.224646799147E-16,1.,0.));
#13318=DIRECTION('',(0.,0.,1.));
#13319=DIRECTION('',(1.224646799147E-16,1.,0.));
#13320=DIRECTION('center_axis',(1.,0.,0.));
#13321=DIRECTION('ref_axis',(0.,-1.,0.));
#13322=DIRECTION('',(0.,0.,-1.));
#13323=DIRECTION('',(-1.224646799147E-16,-1.,0.));
#13324=DIRECTION('',(0.,0.,-1.));
#13325=DIRECTION('',(0.,-1.,0.));
#13326=DIRECTION('center_axis',(-1.,1.224646799147E-16,0.));
#13327=DIRECTION('ref_axis',(1.224646799147E-16,1.,0.));
#13328=DIRECTION('',(0.,0.,1.));
#13329=DIRECTION('',(1.224646799147E-16,1.,0.));
#13330=DIRECTION('',(0.,0.,1.));
#13331=DIRECTION('',(1.224646799147E-16,1.,0.));
#13332=DIRECTION('center_axis',(0.,0.,1.));
#13333=DIRECTION('ref_axis',(-1.,1.224646799147E-16,0.));
#13334=DIRECTION('',(-1.,1.224646799147E-16,0.));
#13335=DIRECTION('',(-1.224646799147E-16,-1.,0.));
#13336=DIRECTION('',(1.,-1.224646799147E-16,0.));
#13337=DIRECTION('',(-1.224646799147E-16,-1.,0.));
#13338=DIRECTION('center_axis',(0.,0.,1.));
#13339=DIRECTION('ref_axis',(-1.,1.224646799147E-16,0.));
#13340=DIRECTION('',(-1.,1.224646799147E-16,0.));
#13341=DIRECTION('',(1.,-1.224646799147E-16,0.));
#13342=DIRECTION('',(0.,-1.,0.));
#13343=DIRECTION('',(1.,-1.224646799147E-16,0.));
#13344=DIRECTION('',(1.533042083765E-16,1.,0.));
#13345=DIRECTION('center_axis',(0.,0.,1.));
#13346=DIRECTION('ref_axis',(-1.,1.224646799147E-16,0.));
#13347=DIRECTION('',(2.889981336085E-16,1.,0.));
#13348=DIRECTION('',(-1.,1.224646799147E-16,0.));
#13349=DIRECTION('',(1.224646799147E-16,1.,0.));
#13350=DIRECTION('',(1.,-1.224646799147E-16,0.));
#13351=DIRECTION('center_axis',(-1.224646799147E-16,-1.,0.));
#13352=DIRECTION('ref_axis',(-1.,1.224646799147E-16,0.));
#13353=DIRECTION('',(-1.,1.224646799147E-16,0.));
#13354=DIRECTION('',(-1.,1.224646799147E-16,0.));
#13355=DIRECTION('',(0.,0.,1.));
#13356=DIRECTION('center_axis',(0.,0.,1.));
#13357=DIRECTION('ref_axis',(-1.,1.224646799147E-16,0.));
#13358=DIRECTION('',(-1.,1.224646799147E-16,0.));
#13359=DIRECTION('',(1.,-1.224646799147E-16,0.));
#13360=DIRECTION('',(1.533042083765E-16,1.,0.));
#13361=DIRECTION('center_axis',(1.224646799147E-16,1.,0.));
#13362=DIRECTION('ref_axis',(1.,-1.224646799147E-16,0.));
#13363=DIRECTION('',(0.,0.,1.));
#13364=DIRECTION('',(1.,-1.224646799147E-16,0.));
#13365=DIRECTION('center_axis',(0.,0.,1.));
#13366=DIRECTION('ref_axis',(-1.,1.224646799147E-16,0.));
#13367=DIRECTION('',(1.533042083765E-16,1.,0.));
#13368=DIRECTION('',(-1.,1.224646799147E-16,0.));
#13369=DIRECTION('',(1.,-1.224646799147E-16,0.));
#13370=DIRECTION('',(-1.,1.224646799147E-16,0.));
#13371=DIRECTION('center_axis',(-1.224646799147E-16,-1.,0.));
#13372=DIRECTION('ref_axis',(-1.,1.224646799147E-16,0.));
#13373=DIRECTION('',(0.,0.,1.));
#13374=DIRECTION('center_axis',(1.224646799147E-16,1.,0.));
#13375=DIRECTION('ref_axis',(1.,-1.224646799147E-16,0.));
#13376=DIRECTION('',(1.,-1.224646799147E-16,0.));
#13377=DIRECTION('',(0.,0.,1.));
#13378=DIRECTION('',(0.,0.,1.));
#13379=DIRECTION('center_axis',(1.,0.,0.));
#13380=DIRECTION('ref_axis',(0.,-1.,0.));
#13381=DIRECTION('',(-1.224646799147E-16,-1.,0.));
#13382=DIRECTION('',(0.,0.,-1.));
#13383=DIRECTION('center_axis',(-1.,1.224646799147E-16,0.));
#13384=DIRECTION('ref_axis',(1.224646799147E-16,1.,0.));
#13385=DIRECTION('',(0.,0.,1.));
#13386=DIRECTION('',(1.224646799147E-16,1.,0.));
#13387=DIRECTION('',(0.,0.,1.));
#13388=DIRECTION('',(1.224646799147E-16,1.,0.));
#13389=DIRECTION('center_axis',(1.,0.,0.));
#13390=DIRECTION('ref_axis',(0.,-1.,0.));
#13391=DIRECTION('',(0.,0.,-1.));
#13392=DIRECTION('',(-1.224646799147E-16,-1.,0.));
#13393=DIRECTION('',(0.,0.,-1.));
#13394=DIRECTION('',(0.,-1.,0.));
#13395=DIRECTION('center_axis',(-1.,1.224646799147E-16,0.));
#13396=DIRECTION('ref_axis',(1.224646799147E-16,1.,0.));
#13397=DIRECTION('',(0.,0.,1.));
#13398=DIRECTION('',(1.224646799147E-16,1.,0.));
#13399=DIRECTION('',(0.,0.,1.));
#13400=DIRECTION('',(1.224646799147E-16,1.,0.));
#13401=DIRECTION('center_axis',(0.,0.,1.));
#13402=DIRECTION('ref_axis',(-1.,1.224646799147E-16,0.));
#13403=DIRECTION('',(-1.,1.224646799147E-16,0.));
#13404=DIRECTION('',(-1.224646799147E-16,-1.,0.));
#13405=DIRECTION('',(1.,-1.224646799147E-16,0.));
#13406=DIRECTION('',(-1.224646799147E-16,-1.,0.));
#13407=DIRECTION('center_axis',(0.,0.,1.));
#13408=DIRECTION('ref_axis',(-1.,1.224646799147E-16,0.));
#13409=DIRECTION('',(-1.,1.224646799147E-16,0.));
#13410=DIRECTION('',(1.,-1.224646799147E-16,0.));
#13411=DIRECTION('',(0.,-1.,0.));
#13412=DIRECTION('',(1.,-1.224646799147E-16,0.));
#13413=DIRECTION('',(1.533042083765E-16,1.,0.));
#13414=DIRECTION('center_axis',(0.,0.,1.));
#13415=DIRECTION('ref_axis',(-1.,1.224646799147E-16,0.));
#13416=DIRECTION('',(2.889981336085E-16,1.,0.));
#13417=DIRECTION('',(-1.,1.224646799147E-16,0.));
#13418=DIRECTION('',(1.224646799147E-16,1.,0.));
#13419=DIRECTION('',(1.,-1.224646799147E-16,0.));
#13420=DIRECTION('center_axis',(-1.224646799147E-16,-1.,0.));
#13421=DIRECTION('ref_axis',(-1.,1.224646799147E-16,0.));
#13422=DIRECTION('',(-1.,1.224646799147E-16,0.));
#13423=DIRECTION('',(-1.,1.224646799147E-16,0.));
#13424=DIRECTION('',(0.,0.,1.));
#13425=DIRECTION('center_axis',(0.,0.,1.));
#13426=DIRECTION('ref_axis',(-1.,1.224646799147E-16,0.));
#13427=DIRECTION('',(-1.,1.224646799147E-16,0.));
#13428=DIRECTION('',(1.,-1.224646799147E-16,0.));
#13429=DIRECTION('',(1.533042083765E-16,1.,0.));
#13430=DIRECTION('center_axis',(1.224646799147E-16,1.,0.));
#13431=DIRECTION('ref_axis',(1.,-1.224646799147E-16,0.));
#13432=DIRECTION('',(0.,0.,1.));
#13433=DIRECTION('',(1.,-1.224646799147E-16,0.));
#13434=DIRECTION('center_axis',(0.,0.,1.));
#13435=DIRECTION('ref_axis',(-1.,1.224646799147E-16,0.));
#13436=DIRECTION('',(1.533042083765E-16,1.,0.));
#13437=DIRECTION('',(-1.,1.224646799147E-16,0.));
#13438=DIRECTION('',(1.,-1.224646799147E-16,0.));
#13439=DIRECTION('',(-1.,1.224646799147E-16,0.));
#13440=DIRECTION('center_axis',(-1.224646799147E-16,-1.,0.));
#13441=DIRECTION('ref_axis',(-1.,1.224646799147E-16,0.));
#13442=DIRECTION('',(0.,0.,1.));
#13443=DIRECTION('center_axis',(1.224646799147E-16,1.,0.));
#13444=DIRECTION('ref_axis',(1.,-1.224646799147E-16,0.));
#13445=DIRECTION('',(1.,-1.224646799147E-16,0.));
#13446=DIRECTION('',(0.,0.,1.));
#13447=DIRECTION('',(0.,0.,1.));
#13448=DIRECTION('center_axis',(1.,0.,0.));
#13449=DIRECTION('ref_axis',(0.,-1.,0.));
#13450=DIRECTION('',(-1.224646799147E-16,-1.,0.));
#13451=DIRECTION('',(0.,0.,-1.));
#13452=DIRECTION('center_axis',(-1.,1.224646799147E-16,0.));
#13453=DIRECTION('ref_axis',(1.224646799147E-16,1.,0.));
#13454=DIRECTION('',(0.,0.,1.));
#13455=DIRECTION('',(1.224646799147E-16,1.,0.));
#13456=DIRECTION('',(0.,0.,1.));
#13457=DIRECTION('',(1.224646799147E-16,1.,0.));
#13458=DIRECTION('center_axis',(1.,0.,0.));
#13459=DIRECTION('ref_axis',(0.,-1.,0.));
#13460=DIRECTION('',(0.,0.,-1.));
#13461=DIRECTION('',(-1.224646799147E-16,-1.,0.));
#13462=DIRECTION('',(0.,0.,-1.));
#13463=DIRECTION('',(0.,-1.,0.));
#13464=DIRECTION('center_axis',(-1.,1.224646799147E-16,0.));
#13465=DIRECTION('ref_axis',(1.224646799147E-16,1.,0.));
#13466=DIRECTION('',(0.,0.,1.));
#13467=DIRECTION('',(1.224646799147E-16,1.,0.));
#13468=DIRECTION('',(0.,0.,1.));
#13469=DIRECTION('',(1.224646799147E-16,1.,0.));
#13470=DIRECTION('center_axis',(0.,0.,1.));
#13471=DIRECTION('ref_axis',(-1.,1.224646799147E-16,0.));
#13472=DIRECTION('',(-1.,1.224646799147E-16,0.));
#13473=DIRECTION('',(-1.224646799147E-16,-1.,0.));
#13474=DIRECTION('',(1.,-1.224646799147E-16,0.));
#13475=DIRECTION('',(-1.224646799147E-16,-1.,0.));
#13476=DIRECTION('center_axis',(0.,0.,1.));
#13477=DIRECTION('ref_axis',(-1.,1.224646799147E-16,0.));
#13478=DIRECTION('',(-1.,1.224646799147E-16,0.));
#13479=DIRECTION('',(1.,-1.224646799147E-16,0.));
#13480=DIRECTION('',(0.,-1.,0.));
#13481=DIRECTION('',(1.,-1.224646799147E-16,0.));
#13482=DIRECTION('',(1.533042083765E-16,1.,0.));
#13483=DIRECTION('center_axis',(-1.224646799147E-16,-1.,0.));
#13484=DIRECTION('ref_axis',(-1.,1.224646799147E-16,0.));
#13485=DIRECTION('',(-1.,1.224646799147E-16,0.));
#13486=DIRECTION('',(-1.,1.224646799147E-16,0.));
#13487=DIRECTION('',(0.,0.,1.));
#13488=DIRECTION('center_axis',(0.,0.,1.));
#13489=DIRECTION('ref_axis',(-1.,1.224646799147E-16,0.));
#13490=DIRECTION('',(-1.,1.224646799147E-16,0.));
#13491=DIRECTION('',(1.,-1.224646799147E-16,0.));
#13492=DIRECTION('',(1.533042083765E-16,1.,0.));
#13493=DIRECTION('center_axis',(1.224646799147E-16,1.,0.));
#13494=DIRECTION('ref_axis',(1.,-1.224646799147E-16,0.));
#13495=DIRECTION('',(0.,0.,1.));
#13496=DIRECTION('',(1.,-1.224646799147E-16,0.));
#13497=DIRECTION('center_axis',(0.,0.,1.));
#13498=DIRECTION('ref_axis',(-1.,1.224646799147E-16,0.));
#13499=DIRECTION('',(1.533042083765E-16,1.,0.));
#13500=DIRECTION('',(-1.,1.224646799147E-16,0.));
#13501=DIRECTION('',(1.,-1.224646799147E-16,0.));
#13502=DIRECTION('',(-1.,1.224646799147E-16,0.));
#13503=DIRECTION('center_axis',(-1.224646799147E-16,-1.,0.));
#13504=DIRECTION('ref_axis',(-1.,1.224646799147E-16,0.));
#13505=DIRECTION('',(0.,0.,1.));
#13506=DIRECTION('center_axis',(1.224646799147E-16,1.,0.));
#13507=DIRECTION('ref_axis',(1.,-1.224646799147E-16,0.));
#13508=DIRECTION('',(1.,-1.224646799147E-16,0.));
#13509=DIRECTION('',(0.,0.,1.));
#13510=DIRECTION('',(0.,0.,1.));
#13511=DIRECTION('center_axis',(1.,0.,0.));
#13512=DIRECTION('ref_axis',(0.,-1.,0.));
#13513=DIRECTION('',(-1.224646799147E-16,-1.,0.));
#13514=DIRECTION('',(0.,0.,-1.));
#13515=DIRECTION('center_axis',(0.,0.,1.));
#13516=DIRECTION('ref_axis',(-1.,1.224646799147E-16,0.));
#13517=DIRECTION('',(2.889981336085E-16,1.,0.));
#13518=DIRECTION('',(-1.,1.224646799147E-16,0.));
#13519=DIRECTION('',(1.224646799147E-16,1.,0.));
#13520=DIRECTION('',(1.,-1.224646799147E-16,0.));
#13521=DIRECTION('center_axis',(1.,-1.224646799147E-16,0.));
#13522=DIRECTION('ref_axis',(-1.224646799147E-16,-1.,0.));
#13523=DIRECTION('',(0.,0.,1.));
#13524=DIRECTION('',(-1.224646799147E-16,-1.,0.));
#13525=DIRECTION('',(0.,0.,1.));
#13526=DIRECTION('',(-1.224646799147E-16,-1.,0.));
#13527=DIRECTION('center_axis',(0.707106781186548,0.707106781186548,0.));
#13528=DIRECTION('ref_axis',(0.707106781186548,-0.707106781186548,0.));
#13529=DIRECTION('',(0.707106781186548,-0.707106781186548,0.));
#13530=DIRECTION('',(0.,0.,1.));
#13531=DIRECTION('',(0.707106781186548,-0.707106781186548,0.));
#13532=DIRECTION('center_axis',(0.707106781186548,-0.707106781186548,0.));
#13533=DIRECTION('ref_axis',(-0.707106781186548,-0.707106781186548,0.));
#13534=DIRECTION('',(0.,0.,1.));
#13535=DIRECTION('',(-0.707106781186548,-0.707106781186548,0.));
#13536=DIRECTION('',(-0.707106781186548,-0.707106781186548,0.));
#13537=DIRECTION('center_axis',(1.,-1.224646799147E-16,0.));
#13538=DIRECTION('ref_axis',(-1.224646799147E-16,-1.,0.));
#13539=DIRECTION('',(0.,0.,1.));
#13540=DIRECTION('',(-1.224646799147E-16,-1.,0.));
#13541=DIRECTION('',(0.,0.,1.));
#13542=DIRECTION('',(-1.224646799147E-16,-1.,0.));
#13543=DIRECTION('center_axis',(0.707106781186548,0.707106781186548,0.));
#13544=DIRECTION('ref_axis',(0.707106781186548,-0.707106781186548,0.));
#13545=DIRECTION('',(0.707106781186548,-0.707106781186548,0.));
#13546=DIRECTION('',(0.,0.,1.));
#13547=DIRECTION('',(0.707106781186548,-0.707106781186548,0.));
#13548=DIRECTION('center_axis',(0.707106781186548,-0.707106781186548,0.));
#13549=DIRECTION('ref_axis',(-0.707106781186548,-0.707106781186548,0.));
#13550=DIRECTION('',(0.,0.,1.));
#13551=DIRECTION('',(-0.707106781186548,-0.707106781186548,0.));
#13552=DIRECTION('',(-0.707106781186548,-0.707106781186548,0.));
#13553=DIRECTION('center_axis',(0.,0.,1.));
#13554=DIRECTION('ref_axis',(-1.,1.224646799147E-16,0.));
#13555=DIRECTION('',(0.,-1.,0.));
#13556=DIRECTION('',(1.,-1.224646799147E-16,0.));
#13557=DIRECTION('',(-1.,1.224646799147E-16,0.));
#13558=DIRECTION('center_axis',(0.,0.,1.));
#13559=DIRECTION('ref_axis',(1.,0.,0.));
#13560=DIRECTION('',(-1.,1.224646799147E-16,0.));
#13561=DIRECTION('',(0.,-1.,0.));
#13562=DIRECTION('',(1.,-1.224646799147E-16,0.));
#13563=DIRECTION('center_axis',(1.,-1.224646799147E-16,0.));
#13564=DIRECTION('ref_axis',(-1.224646799147E-16,-1.,0.));
#13565=DIRECTION('',(0.,0.,1.));
#13566=DIRECTION('',(-1.224646799147E-16,-1.,0.));
#13567=DIRECTION('',(0.,0.,1.));
#13568=DIRECTION('',(-1.224646799147E-16,-1.,0.));
#13569=DIRECTION('center_axis',(0.707106781186548,0.707106781186548,0.));
#13570=DIRECTION('ref_axis',(0.707106781186548,-0.707106781186548,0.));
#13571=DIRECTION('',(0.707106781186548,-0.707106781186548,0.));
#13572=DIRECTION('',(0.,0.,1.));
#13573=DIRECTION('',(0.707106781186548,-0.707106781186548,0.));
#13574=DIRECTION('center_axis',(0.707106781186548,-0.707106781186548,0.));
#13575=DIRECTION('ref_axis',(-0.707106781186548,-0.707106781186548,0.));
#13576=DIRECTION('',(0.,0.,1.));
#13577=DIRECTION('',(-0.707106781186548,-0.707106781186548,0.));
#13578=DIRECTION('',(-0.707106781186548,-0.707106781186548,0.));
#13579=DIRECTION('center_axis',(0.,0.,1.));
#13580=DIRECTION('ref_axis',(-1.,1.224646799147E-16,0.));
#13581=DIRECTION('',(0.,-1.,0.));
#13582=DIRECTION('',(1.,-1.224646799147E-16,0.));
#13583=DIRECTION('',(-1.,1.224646799147E-16,0.));
#13584=DIRECTION('center_axis',(0.,0.,1.));
#13585=DIRECTION('ref_axis',(1.,0.,0.));
#13586=DIRECTION('',(-1.,1.224646799147E-16,0.));
#13587=DIRECTION('',(0.,-1.,0.));
#13588=DIRECTION('',(1.,-1.224646799147E-16,0.));
#13589=DIRECTION('center_axis',(1.,-1.224646799147E-16,0.));
#13590=DIRECTION('ref_axis',(-1.224646799147E-16,-1.,0.));
#13591=DIRECTION('',(0.,0.,1.));
#13592=DIRECTION('',(-1.224646799147E-16,-1.,0.));
#13593=DIRECTION('',(0.,0.,1.));
#13594=DIRECTION('',(-1.224646799147E-16,-1.,0.));
#13595=DIRECTION('center_axis',(0.707106781186548,0.707106781186548,0.));
#13596=DIRECTION('ref_axis',(0.707106781186548,-0.707106781186548,0.));
#13597=DIRECTION('',(0.707106781186548,-0.707106781186548,0.));
#13598=DIRECTION('',(0.,0.,1.));
#13599=DIRECTION('',(0.707106781186548,-0.707106781186548,0.));
#13600=DIRECTION('center_axis',(0.707106781186548,-0.707106781186548,0.));
#13601=DIRECTION('ref_axis',(-0.707106781186548,-0.707106781186548,0.));
#13602=DIRECTION('',(0.,0.,1.));
#13603=DIRECTION('',(-0.707106781186548,-0.707106781186548,0.));
#13604=DIRECTION('',(-0.707106781186548,-0.707106781186548,0.));
#13605=DIRECTION('center_axis',(0.,0.,1.));
#13606=DIRECTION('ref_axis',(-1.,1.224646799147E-16,0.));
#13607=DIRECTION('',(0.,-1.,0.));
#13608=DIRECTION('',(1.,-1.224646799147E-16,0.));
#13609=DIRECTION('',(-1.,1.224646799147E-16,0.));
#13610=DIRECTION('center_axis',(0.,0.,1.));
#13611=DIRECTION('ref_axis',(1.,0.,0.));
#13612=DIRECTION('',(-1.,1.224646799147E-16,0.));
#13613=DIRECTION('',(0.,-1.,0.));
#13614=DIRECTION('',(1.,-1.224646799147E-16,0.));
#13615=DIRECTION('center_axis',(1.,-1.224646799147E-16,0.));
#13616=DIRECTION('ref_axis',(-1.224646799147E-16,-1.,0.));
#13617=DIRECTION('',(0.,0.,1.));
#13618=DIRECTION('',(-1.224646799147E-16,-1.,0.));
#13619=DIRECTION('',(0.,0.,1.));
#13620=DIRECTION('',(-1.224646799147E-16,-1.,0.));
#13621=DIRECTION('center_axis',(0.707106781186548,0.707106781186548,0.));
#13622=DIRECTION('ref_axis',(0.707106781186548,-0.707106781186548,0.));
#13623=DIRECTION('',(0.707106781186548,-0.707106781186548,0.));
#13624=DIRECTION('',(0.,0.,1.));
#13625=DIRECTION('',(0.707106781186548,-0.707106781186548,0.));
#13626=DIRECTION('center_axis',(0.707106781186548,-0.707106781186548,0.));
#13627=DIRECTION('ref_axis',(-0.707106781186548,-0.707106781186548,0.));
#13628=DIRECTION('',(0.,0.,1.));
#13629=DIRECTION('',(-0.707106781186548,-0.707106781186548,0.));
#13630=DIRECTION('',(-0.707106781186548,-0.707106781186548,0.));
#13631=DIRECTION('center_axis',(0.,0.,1.));
#13632=DIRECTION('ref_axis',(-1.,1.224646799147E-16,0.));
#13633=DIRECTION('',(0.,-1.,0.));
#13634=DIRECTION('',(1.,-1.224646799147E-16,0.));
#13635=DIRECTION('',(-1.,1.224646799147E-16,0.));
#13636=DIRECTION('center_axis',(0.,0.,1.));
#13637=DIRECTION('ref_axis',(1.,0.,0.));
#13638=DIRECTION('',(-1.,1.224646799147E-16,0.));
#13639=DIRECTION('',(0.,-1.,0.));
#13640=DIRECTION('',(1.,-1.224646799147E-16,0.));
#13641=DIRECTION('center_axis',(0.707106781186548,1.73541030784989E-18,
0.707106781186548));
#13642=DIRECTION('ref_axis',(1.22712039682169E-18,-1.,1.22712039682169E-18));
#13643=DIRECTION('',(0.577350269189626,-0.577350269189626,-0.577350269189626));
#13644=DIRECTION('',(0.,-1.,0.));
#13645=DIRECTION('',(0.577350269189626,0.577350269189626,-0.577350269189626));
#13646=DIRECTION('',(0.,-1.,0.));
#13647=DIRECTION('center_axis',(1.73541030784989E-18,-0.707106781186548,
0.707106781186548));
#13648=DIRECTION('ref_axis',(-1.,-1.22712039682169E-18,1.22712039682169E-18));
#13649=DIRECTION('',(-0.577350269189626,-0.577350269189626,-0.577350269189626));
#13650=DIRECTION('',(-1.,0.,0.));
#13651=DIRECTION('',(-1.,0.,0.));
#13652=DIRECTION('center_axis',(-0.707106781186548,-1.73541030784989E-18,
0.707106781186548));
#13653=DIRECTION('ref_axis',(-1.22712039682169E-18,1.,1.22712039682169E-18));
#13654=DIRECTION('',(-0.577350269189626,0.577350269189626,-0.577350269189626));
#13655=DIRECTION('',(0.,1.,0.));
#13656=DIRECTION('',(0.,1.,0.));
#13657=DIRECTION('',(0.,1.,0.));
#13658=DIRECTION('center_axis',(-1.73541030784989E-18,0.707106781186548,
0.707106781186548));
#13659=DIRECTION('ref_axis',(1.,1.22712039682169E-18,1.22712039682169E-18));
#13660=DIRECTION('',(1.,0.,0.));
#13661=DIRECTION('',(1.,0.,0.));
#13662=DIRECTION('center_axis',(0.707106781186548,1.73541030784989E-18,
0.707106781186548));
#13663=DIRECTION('ref_axis',(1.22712039682169E-18,-1.,1.22712039682169E-18));
#13664=DIRECTION('',(0.577350269189626,-0.577350269189626,-0.577350269189626));
#13665=DIRECTION('',(0.,-1.,0.));
#13666=DIRECTION('',(0.577350269189626,0.577350269189626,-0.577350269189626));
#13667=DIRECTION('',(0.,-1.,0.));
#13668=DIRECTION('center_axis',(1.73541030784989E-18,-0.707106781186548,
0.707106781186548));
#13669=DIRECTION('ref_axis',(-1.,-1.22712039682169E-18,1.22712039682169E-18));
#13670=DIRECTION('',(-0.577350269189626,-0.577350269189626,-0.577350269189626));
#13671=DIRECTION('',(-1.,0.,0.));
#13672=DIRECTION('',(-1.,0.,0.));
#13673=DIRECTION('center_axis',(-0.707106781186548,-1.73541030784989E-18,
0.707106781186548));
#13674=DIRECTION('ref_axis',(-1.22712039682169E-18,1.,1.22712039682169E-18));
#13675=DIRECTION('',(-0.577350269189626,0.577350269189626,-0.577350269189626));
#13676=DIRECTION('',(0.,1.,0.));
#13677=DIRECTION('',(0.,1.,0.));
#13678=DIRECTION('',(0.,1.,0.));
#13679=DIRECTION('center_axis',(-1.73541030784989E-18,0.707106781186548,
0.707106781186548));
#13680=DIRECTION('ref_axis',(1.,1.22712039682169E-18,1.22712039682169E-18));
#13681=DIRECTION('',(1.,0.,0.));
#13682=DIRECTION('',(1.,0.,0.));
#13683=DIRECTION('center_axis',(-0.707106781186548,8.48601953156457E-17,
0.707106781186548));
#13684=DIRECTION('ref_axis',(1.21237559517869E-16,1.,1.22712039685352E-18));
#13685=DIRECTION('',(-0.577350269189626,0.577350269189626,-0.577350269189626));
#13686=DIRECTION('',(1.224646799147E-16,1.,0.));
#13687=DIRECTION('',(-0.577350269189626,-0.577350269189626,-0.577350269189626));
#13688=DIRECTION('',(1.224646799147E-16,1.,0.));
#13689=DIRECTION('center_axis',(8.48601953156457E-17,0.707106781186548,
0.707106781186548));
#13690=DIRECTION('ref_axis',(1.,-1.21237559517869E-16,1.22712039685352E-18));
#13691=DIRECTION('',(0.577350269189626,0.577350269189626,-0.577350269189626));
#13692=DIRECTION('',(1.,-1.224646799147E-16,0.));
#13693=DIRECTION('',(1.,-1.224646799147E-16,0.));
#13694=DIRECTION('center_axis',(0.707106781186548,-8.48601953156457E-17,
0.707106781186548));
#13695=DIRECTION('ref_axis',(-1.21237559517869E-16,-1.,1.22712039685352E-18));
#13696=DIRECTION('',(0.577350269189626,-0.577350269189626,-0.577350269189626));
#13697=DIRECTION('',(-1.224646799147E-16,-1.,0.));
#13698=DIRECTION('',(-1.224646799147E-16,-1.,0.));
#13699=DIRECTION('',(-1.224646799147E-16,-1.,0.));
#13700=DIRECTION('center_axis',(-8.48601953156457E-17,-0.707106781186548,
0.707106781186548));
#13701=DIRECTION('ref_axis',(-1.,1.21237559517869E-16,1.22712039685352E-18));
#13702=DIRECTION('',(-1.,1.224646799147E-16,0.));
#13703=DIRECTION('',(-1.,1.224646799147E-16,0.));
#13704=DIRECTION('center_axis',(-0.707106781186548,8.48601953156457E-17,
0.707106781186548));
#13705=DIRECTION('ref_axis',(1.21237559517869E-16,1.,1.22712039685352E-18));
#13706=DIRECTION('',(-0.577350269189626,0.577350269189626,-0.577350269189626));
#13707=DIRECTION('',(1.224646799147E-16,1.,0.));
#13708=DIRECTION('',(-0.577350269189626,-0.577350269189626,-0.577350269189626));
#13709=DIRECTION('',(1.224646799147E-16,1.,0.));
#13710=DIRECTION('center_axis',(8.48601953156457E-17,0.707106781186548,
0.707106781186548));
#13711=DIRECTION('ref_axis',(1.,-1.21237559517869E-16,1.22712039685352E-18));
#13712=DIRECTION('',(0.577350269189626,0.577350269189626,-0.577350269189626));
#13713=DIRECTION('',(1.,-1.224646799147E-16,0.));
#13714=DIRECTION('',(1.,-1.224646799147E-16,0.));
#13715=DIRECTION('center_axis',(0.707106781186548,-8.48601953156457E-17,
0.707106781186548));
#13716=DIRECTION('ref_axis',(-1.21237559517869E-16,-1.,1.22712039685352E-18));
#13717=DIRECTION('',(0.577350269189626,-0.577350269189626,-0.577350269189626));
#13718=DIRECTION('',(-1.224646799147E-16,-1.,0.));
#13719=DIRECTION('',(-1.224646799147E-16,-1.,0.));
#13720=DIRECTION('',(-1.224646799147E-16,-1.,0.));
#13721=DIRECTION('center_axis',(-8.48601953156457E-17,-0.707106781186548,
0.707106781186548));
#13722=DIRECTION('ref_axis',(-1.,1.21237559517869E-16,1.22712039685352E-18));
#13723=DIRECTION('',(-1.,1.224646799147E-16,0.));
#13724=DIRECTION('',(-1.,1.224646799147E-16,0.));
#13725=DIRECTION('center_axis',(0.707106781186548,1.73541030784989E-18,
0.707106781186548));
#13726=DIRECTION('ref_axis',(1.22712039682169E-18,-1.,1.22712039682169E-18));
#13727=DIRECTION('',(0.577350269189626,-0.577350269189626,-0.577350269189626));
#13728=DIRECTION('',(0.,-1.,0.));
#13729=DIRECTION('',(0.577350269189626,0.577350269189626,-0.577350269189626));
#13730=DIRECTION('',(0.,-1.,0.));
#13731=DIRECTION('center_axis',(1.73541030784989E-18,-0.707106781186548,
0.707106781186548));
#13732=DIRECTION('ref_axis',(-1.,-1.22712039682169E-18,1.22712039682169E-18));
#13733=DIRECTION('',(-0.577350269189626,-0.577350269189626,-0.577350269189626));
#13734=DIRECTION('',(-1.,0.,0.));
#13735=DIRECTION('',(-1.,0.,0.));
#13736=DIRECTION('center_axis',(-0.707106781186548,-1.73541030784989E-18,
0.707106781186548));
#13737=DIRECTION('ref_axis',(-1.22712039682169E-18,1.,1.22712039682169E-18));
#13738=DIRECTION('',(-0.577350269189626,0.577350269189626,-0.577350269189626));
#13739=DIRECTION('',(0.,1.,0.));
#13740=DIRECTION('',(0.,1.,0.));
#13741=DIRECTION('',(0.,1.,0.));
#13742=DIRECTION('center_axis',(-1.73541030784989E-18,0.707106781186548,
0.707106781186548));
#13743=DIRECTION('ref_axis',(1.,1.22712039682169E-18,1.22712039682169E-18));
#13744=DIRECTION('',(1.,0.,0.));
#13745=DIRECTION('',(1.,0.,0.));
#13746=DIRECTION('center_axis',(0.707106781186548,1.73541030784989E-18,
0.707106781186548));
#13747=DIRECTION('ref_axis',(1.22712039682169E-18,-1.,1.22712039682169E-18));
#13748=DIRECTION('',(0.577350269189626,-0.577350269189626,-0.577350269189626));
#13749=DIRECTION('',(0.,-1.,0.));
#13750=DIRECTION('',(0.577350269189626,0.577350269189626,-0.577350269189626));
#13751=DIRECTION('',(0.,-1.,0.));
#13752=DIRECTION('center_axis',(1.73541030784989E-18,-0.707106781186548,
0.707106781186548));
#13753=DIRECTION('ref_axis',(-1.,-1.22712039682169E-18,1.22712039682169E-18));
#13754=DIRECTION('',(-0.577350269189626,-0.577350269189626,-0.577350269189626));
#13755=DIRECTION('',(-1.,0.,0.));
#13756=DIRECTION('',(-1.,0.,0.));
#13757=DIRECTION('center_axis',(-0.707106781186548,-1.73541030784989E-18,
0.707106781186548));
#13758=DIRECTION('ref_axis',(-1.22712039682169E-18,1.,1.22712039682169E-18));
#13759=DIRECTION('',(-0.577350269189626,0.577350269189626,-0.577350269189626));
#13760=DIRECTION('',(0.,1.,0.));
#13761=DIRECTION('',(0.,1.,0.));
#13762=DIRECTION('',(0.,1.,0.));
#13763=DIRECTION('center_axis',(-1.73541030784989E-18,0.707106781186548,
0.707106781186548));
#13764=DIRECTION('ref_axis',(1.,1.22712039682169E-18,1.22712039682169E-18));
#13765=DIRECTION('',(1.,0.,0.));
#13766=DIRECTION('',(1.,0.,0.));
#13767=DIRECTION('center_axis',(0.707106781186548,1.73541030784989E-18,
0.707106781186548));
#13768=DIRECTION('ref_axis',(1.22712039682169E-18,-1.,1.22712039682169E-18));
#13769=DIRECTION('',(0.577350269189626,-0.577350269189626,-0.577350269189626));
#13770=DIRECTION('',(0.,-1.,0.));
#13771=DIRECTION('',(0.577350269189626,0.577350269189626,-0.577350269189626));
#13772=DIRECTION('',(0.,-1.,0.));
#13773=DIRECTION('center_axis',(1.73541030784989E-18,-0.707106781186548,
0.707106781186548));
#13774=DIRECTION('ref_axis',(-1.,-1.22712039682169E-18,1.22712039682169E-18));
#13775=DIRECTION('',(-0.577350269189626,-0.577350269189626,-0.577350269189626));
#13776=DIRECTION('',(-1.,0.,0.));
#13777=DIRECTION('',(-1.,0.,0.));
#13778=DIRECTION('center_axis',(-0.707106781186548,-1.73541030784989E-18,
0.707106781186548));
#13779=DIRECTION('ref_axis',(-1.22712039682169E-18,1.,1.22712039682169E-18));
#13780=DIRECTION('',(-0.577350269189626,0.577350269189626,-0.577350269189626));
#13781=DIRECTION('',(0.,1.,0.));
#13782=DIRECTION('',(0.,1.,0.));
#13783=DIRECTION('',(0.,1.,0.));
#13784=DIRECTION('center_axis',(-1.73541030784989E-18,0.707106781186548,
0.707106781186548));
#13785=DIRECTION('ref_axis',(1.,1.22712039682169E-18,1.22712039682169E-18));
#13786=DIRECTION('',(1.,0.,0.));
#13787=DIRECTION('',(1.,0.,0.));
#13788=DIRECTION('center_axis',(-0.707106781186548,8.48601953156457E-17,
0.707106781186548));
#13789=DIRECTION('ref_axis',(1.21237559517869E-16,1.,1.22712039685352E-18));
#13790=DIRECTION('',(-0.577350269189626,0.577350269189626,-0.577350269189626));
#13791=DIRECTION('',(1.224646799147E-16,1.,0.));
#13792=DIRECTION('',(-0.577350269189626,-0.577350269189626,-0.577350269189626));
#13793=DIRECTION('',(1.224646799147E-16,1.,0.));
#13794=DIRECTION('center_axis',(8.48601953156457E-17,0.707106781186548,
0.707106781186548));
#13795=DIRECTION('ref_axis',(1.,-1.21237559517869E-16,1.22712039685352E-18));
#13796=DIRECTION('',(0.577350269189626,0.577350269189626,-0.577350269189626));
#13797=DIRECTION('',(1.,-1.224646799147E-16,0.));
#13798=DIRECTION('',(1.,-1.224646799147E-16,0.));
#13799=DIRECTION('center_axis',(0.707106781186548,-8.48601953156457E-17,
0.707106781186548));
#13800=DIRECTION('ref_axis',(-1.21237559517869E-16,-1.,1.22712039685352E-18));
#13801=DIRECTION('',(0.577350269189626,-0.577350269189626,-0.577350269189626));
#13802=DIRECTION('',(-1.224646799147E-16,-1.,0.));
#13803=DIRECTION('',(-1.224646799147E-16,-1.,0.));
#13804=DIRECTION('',(-1.224646799147E-16,-1.,0.));
#13805=DIRECTION('center_axis',(-8.48601953156457E-17,-0.707106781186548,
0.707106781186548));
#13806=DIRECTION('ref_axis',(-1.,1.21237559517869E-16,1.22712039685352E-18));
#13807=DIRECTION('',(-1.,1.224646799147E-16,0.));
#13808=DIRECTION('',(-1.,1.224646799147E-16,0.));
#13809=DIRECTION('center_axis',(-0.707106781186548,8.48601953156457E-17,
0.707106781186548));
#13810=DIRECTION('ref_axis',(1.21237559517869E-16,1.,1.22712039685352E-18));
#13811=DIRECTION('',(-0.577350269189626,0.577350269189626,-0.577350269189626));
#13812=DIRECTION('',(1.224646799147E-16,1.,0.));
#13813=DIRECTION('',(-0.577350269189626,-0.577350269189626,-0.577350269189626));
#13814=DIRECTION('',(1.224646799147E-16,1.,0.));
#13815=DIRECTION('center_axis',(8.48601953156457E-17,0.707106781186548,
0.707106781186548));
#13816=DIRECTION('ref_axis',(1.,-1.21237559517869E-16,1.22712039685352E-18));
#13817=DIRECTION('',(0.577350269189626,0.577350269189626,-0.577350269189626));
#13818=DIRECTION('',(1.,-1.224646799147E-16,0.));
#13819=DIRECTION('',(1.,-1.224646799147E-16,0.));
#13820=DIRECTION('center_axis',(0.707106781186548,-8.48601953156457E-17,
0.707106781186548));
#13821=DIRECTION('ref_axis',(-1.21237559517869E-16,-1.,1.22712039685352E-18));
#13822=DIRECTION('',(0.577350269189626,-0.577350269189626,-0.577350269189626));
#13823=DIRECTION('',(-1.224646799147E-16,-1.,0.));
#13824=DIRECTION('',(-1.224646799147E-16,-1.,0.));
#13825=DIRECTION('',(-1.224646799147E-16,-1.,0.));
#13826=DIRECTION('center_axis',(-8.48601953156457E-17,-0.707106781186548,
0.707106781186548));
#13827=DIRECTION('ref_axis',(-1.,1.21237559517869E-16,1.22712039685352E-18));
#13828=DIRECTION('',(-1.,1.224646799147E-16,0.));
#13829=DIRECTION('',(-1.,1.224646799147E-16,0.));
#13830=DIRECTION('center_axis',(-0.707106781186548,8.48601953156457E-17,
0.707106781186548));
#13831=DIRECTION('ref_axis',(1.21237559517869E-16,1.,1.22712039685352E-18));
#13832=DIRECTION('',(-0.577350269189626,0.577350269189626,-0.577350269189626));
#13833=DIRECTION('',(1.224646799147E-16,1.,0.));
#13834=DIRECTION('',(-0.577350269189626,-0.577350269189626,-0.577350269189626));
#13835=DIRECTION('',(1.224646799147E-16,1.,0.));
#13836=DIRECTION('center_axis',(8.48601953156457E-17,0.707106781186548,
0.707106781186548));
#13837=DIRECTION('ref_axis',(1.,-1.21237559517869E-16,1.22712039685352E-18));
#13838=DIRECTION('',(0.577350269189626,0.577350269189626,-0.577350269189626));
#13839=DIRECTION('',(1.,-1.224646799147E-16,0.));
#13840=DIRECTION('',(1.,-1.224646799147E-16,0.));
#13841=DIRECTION('center_axis',(0.707106781186548,-8.48601953156457E-17,
0.707106781186548));
#13842=DIRECTION('ref_axis',(-1.21237559517869E-16,-1.,1.22712039685352E-18));
#13843=DIRECTION('',(0.577350269189626,-0.577350269189626,-0.577350269189626));
#13844=DIRECTION('',(-1.224646799147E-16,-1.,0.));
#13845=DIRECTION('',(-1.224646799147E-16,-1.,0.));
#13846=DIRECTION('',(-1.224646799147E-16,-1.,0.));
#13847=DIRECTION('center_axis',(-8.48601953156457E-17,-0.707106781186548,
0.707106781186548));
#13848=DIRECTION('ref_axis',(-1.,1.21237559517869E-16,1.22712039685352E-18));
#13849=DIRECTION('',(-1.,1.224646799147E-16,0.));
#13850=DIRECTION('',(-1.,1.224646799147E-16,0.));
#13851=DIRECTION('center_axis',(-1.,0.,0.));
#13852=DIRECTION('ref_axis',(0.,1.,0.));
#13853=DIRECTION('',(0.,0.,1.));
#13854=DIRECTION('',(0.,1.,0.));
#13855=DIRECTION('',(0.,0.,1.));
#13856=DIRECTION('',(0.,1.,0.));
#13857=DIRECTION('center_axis',(-0.707106781186548,-0.707106781186548,0.));
#13858=DIRECTION('ref_axis',(-0.707106781186548,0.707106781186548,0.));
#13859=DIRECTION('',(-0.707106781186548,0.707106781186548,0.));
#13860=DIRECTION('',(0.,0.,1.));
#13861=DIRECTION('',(-0.707106781186548,0.707106781186548,0.));
#13862=DIRECTION('center_axis',(-0.707106781186548,0.707106781186548,0.));
#13863=DIRECTION('ref_axis',(0.707106781186548,0.707106781186548,0.));
#13864=DIRECTION('',(0.,0.,1.));
#13865=DIRECTION('',(0.707106781186548,0.707106781186548,0.));
#13866=DIRECTION('',(0.707106781186548,0.707106781186548,0.));
#13867=DIRECTION('center_axis',(0.,0.,1.));
#13868=DIRECTION('ref_axis',(1.,0.,0.));
#13869=DIRECTION('',(0.,1.,0.));
#13870=DIRECTION('',(-1.,0.,0.));
#13871=DIRECTION('',(1.,0.,0.));
#13872=DIRECTION('center_axis',(0.,0.,1.));
#13873=DIRECTION('ref_axis',(1.,0.,0.));
#13874=DIRECTION('',(-1.,0.,0.));
#13875=DIRECTION('',(1.,0.,0.));
#13876=DIRECTION('',(0.,-1.,0.));
#13877=DIRECTION('center_axis',(-1.,0.,0.));
#13878=DIRECTION('ref_axis',(0.,1.,0.));
#13879=DIRECTION('',(0.,0.,1.));
#13880=DIRECTION('',(0.,1.,0.));
#13881=DIRECTION('',(0.,0.,1.));
#13882=DIRECTION('',(0.,1.,0.));
#13883=DIRECTION('center_axis',(-0.707106781186548,-0.707106781186548,0.));
#13884=DIRECTION('ref_axis',(-0.707106781186548,0.707106781186548,0.));
#13885=DIRECTION('',(-0.707106781186548,0.707106781186548,0.));
#13886=DIRECTION('',(0.,0.,1.));
#13887=DIRECTION('',(-0.707106781186548,0.707106781186548,0.));
#13888=DIRECTION('center_axis',(-0.707106781186548,0.707106781186548,0.));
#13889=DIRECTION('ref_axis',(0.707106781186548,0.707106781186548,0.));
#13890=DIRECTION('',(0.,0.,1.));
#13891=DIRECTION('',(0.707106781186548,0.707106781186548,0.));
#13892=DIRECTION('',(0.707106781186548,0.707106781186548,0.));
#13893=DIRECTION('center_axis',(0.,0.,1.));
#13894=DIRECTION('ref_axis',(1.,0.,0.));
#13895=DIRECTION('',(0.,1.,0.));
#13896=DIRECTION('',(-1.,0.,0.));
#13897=DIRECTION('',(1.,0.,0.));
#13898=DIRECTION('center_axis',(0.,0.,1.));
#13899=DIRECTION('ref_axis',(1.,0.,0.));
#13900=DIRECTION('',(-1.,0.,0.));
#13901=DIRECTION('',(1.,0.,0.));
#13902=DIRECTION('',(0.,-1.,0.));
#13903=DIRECTION('center_axis',(-1.,0.,0.));
#13904=DIRECTION('ref_axis',(0.,1.,0.));
#13905=DIRECTION('',(0.,0.,1.));
#13906=DIRECTION('',(0.,1.,0.));
#13907=DIRECTION('',(0.,0.,1.));
#13908=DIRECTION('',(0.,1.,0.));
#13909=DIRECTION('center_axis',(-0.707106781186548,-0.707106781186548,0.));
#13910=DIRECTION('ref_axis',(-0.707106781186548,0.707106781186548,0.));
#13911=DIRECTION('',(-0.707106781186548,0.707106781186548,0.));
#13912=DIRECTION('',(0.,0.,1.));
#13913=DIRECTION('',(-0.707106781186548,0.707106781186548,0.));
#13914=DIRECTION('center_axis',(-0.707106781186548,0.707106781186548,0.));
#13915=DIRECTION('ref_axis',(0.707106781186548,0.707106781186548,0.));
#13916=DIRECTION('',(0.,0.,1.));
#13917=DIRECTION('',(0.707106781186548,0.707106781186548,0.));
#13918=DIRECTION('',(0.707106781186548,0.707106781186548,0.));
#13919=DIRECTION('center_axis',(0.,0.,1.));
#13920=DIRECTION('ref_axis',(1.,0.,0.));
#13921=DIRECTION('',(0.,1.,0.));
#13922=DIRECTION('',(-1.,0.,0.));
#13923=DIRECTION('',(1.,0.,0.));
#13924=DIRECTION('center_axis',(0.,0.,1.));
#13925=DIRECTION('ref_axis',(1.,0.,0.));
#13926=DIRECTION('',(-1.,0.,0.));
#13927=DIRECTION('',(1.,0.,0.));
#13928=DIRECTION('',(0.,-1.,0.));
#13929=DIRECTION('center_axis',(-1.,0.,0.));
#13930=DIRECTION('ref_axis',(0.,1.,0.));
#13931=DIRECTION('',(0.,0.,1.));
#13932=DIRECTION('',(0.,1.,0.));
#13933=DIRECTION('',(0.,0.,1.));
#13934=DIRECTION('',(0.,1.,0.));
#13935=DIRECTION('center_axis',(-0.707106781186548,-0.707106781186548,0.));
#13936=DIRECTION('ref_axis',(-0.707106781186548,0.707106781186548,0.));
#13937=DIRECTION('',(-0.707106781186548,0.707106781186548,0.));
#13938=DIRECTION('',(0.,0.,1.));
#13939=DIRECTION('',(-0.707106781186548,0.707106781186548,0.));
#13940=DIRECTION('center_axis',(-0.707106781186548,0.707106781186548,0.));
#13941=DIRECTION('ref_axis',(0.707106781186548,0.707106781186548,0.));
#13942=DIRECTION('',(0.,0.,1.));
#13943=DIRECTION('',(0.707106781186548,0.707106781186548,0.));
#13944=DIRECTION('',(0.707106781186548,0.707106781186548,0.));
#13945=DIRECTION('center_axis',(0.,0.,1.));
#13946=DIRECTION('ref_axis',(1.,0.,0.));
#13947=DIRECTION('',(0.,1.,0.));
#13948=DIRECTION('',(-1.,0.,0.));
#13949=DIRECTION('',(1.,0.,0.));
#13950=DIRECTION('center_axis',(0.,0.,1.));
#13951=DIRECTION('ref_axis',(1.,0.,0.));
#13952=DIRECTION('',(-1.,0.,0.));
#13953=DIRECTION('',(1.,0.,0.));
#13954=DIRECTION('',(0.,-1.,0.));
#13955=DIRECTION('center_axis',(-1.,0.,0.));
#13956=DIRECTION('ref_axis',(0.,1.,0.));
#13957=DIRECTION('',(0.,0.,1.));
#13958=DIRECTION('',(0.,1.,0.));
#13959=DIRECTION('',(0.,0.,1.));
#13960=DIRECTION('',(0.,1.,0.));
#13961=DIRECTION('center_axis',(-0.707106781186548,-0.707106781186548,0.));
#13962=DIRECTION('ref_axis',(-0.707106781186548,0.707106781186548,0.));
#13963=DIRECTION('',(-0.707106781186548,0.707106781186548,0.));
#13964=DIRECTION('',(0.,0.,1.));
#13965=DIRECTION('',(-0.707106781186548,0.707106781186548,0.));
#13966=DIRECTION('center_axis',(-0.707106781186548,0.707106781186548,0.));
#13967=DIRECTION('ref_axis',(0.707106781186548,0.707106781186548,0.));
#13968=DIRECTION('',(0.,0.,1.));
#13969=DIRECTION('',(0.707106781186548,0.707106781186548,0.));
#13970=DIRECTION('',(0.707106781186548,0.707106781186548,0.));
#13971=DIRECTION('center_axis',(0.,0.,1.));
#13972=DIRECTION('ref_axis',(1.,0.,0.));
#13973=DIRECTION('',(0.,1.,0.));
#13974=DIRECTION('',(-1.,0.,0.));
#13975=DIRECTION('',(1.,0.,0.));
#13976=DIRECTION('center_axis',(0.,1.,0.));
#13977=DIRECTION('ref_axis',(-1.,0.,0.));
#13978=DIRECTION('',(-1.,0.,0.));
#13979=DIRECTION('',(0.,0.,-1.));
#13980=DIRECTION('',(-1.,0.,0.));
#13981=DIRECTION('center_axis',(0.,0.,1.));
#13982=DIRECTION('ref_axis',(1.,0.,0.));
#13983=DIRECTION('',(0.,-1.,0.));
#13984=DIRECTION('',(1.,0.,0.));
#13985=DIRECTION('',(1.,0.,0.));
#13986=DIRECTION('center_axis',(0.,-1.,0.));
#13987=DIRECTION('ref_axis',(1.,0.,0.));
#13988=DIRECTION('',(1.,0.,0.));
#13989=DIRECTION('',(0.,0.,-1.));
#13990=DIRECTION('center_axis',(0.,0.,1.));
#13991=DIRECTION('ref_axis',(1.,0.,0.));
#13992=DIRECTION('',(0.,-1.,0.));
#13993=DIRECTION('center_axis',(1.,-1.665334536938E-16,0.));
#13994=DIRECTION('ref_axis',(-1.665334536938E-16,-1.,0.));
#13995=DIRECTION('',(0.,0.,1.));
#13996=DIRECTION('',(-1.665334536938E-16,-1.,0.));
#13997=DIRECTION('',(0.,0.,1.));
#13998=DIRECTION('center_axis',(0.,0.,1.));
#13999=DIRECTION('ref_axis',(1.,0.,0.));
#14000=DIRECTION('',(-1.,0.,0.));
#14001=DIRECTION('',(0.,-1.,0.));
#14002=DIRECTION('',(1.,0.,0.));
#14003=DIRECTION('center_axis',(1.,-3.083952846181E-17,0.));
#14004=DIRECTION('ref_axis',(-3.083952846181E-17,-1.,0.));
#14005=DIRECTION('',(0.,0.,1.));
#14006=DIRECTION('',(0.,0.,1.));
#14007=DIRECTION('center_axis',(0.,0.,1.));
#14008=DIRECTION('ref_axis',(1.,0.,0.));
#14009=DIRECTION('',(0.,-1.,0.));
#14010=DIRECTION('',(-1.,0.,0.));
#14011=DIRECTION('center_axis',(0.,1.,0.));
#14012=DIRECTION('ref_axis',(-1.,0.,0.));
#14013=DIRECTION('',(-1.,0.,0.));
#14014=DIRECTION('',(0.,0.,-1.));
#14015=DIRECTION('',(-1.,0.,0.));
#14016=DIRECTION('center_axis',(0.,0.,1.));
#14017=DIRECTION('ref_axis',(1.,0.,0.));
#14018=DIRECTION('',(0.,-1.,0.));
#14019=DIRECTION('',(1.,0.,0.));
#14020=DIRECTION('',(1.,0.,0.));
#14021=DIRECTION('center_axis',(0.,-1.,0.));
#14022=DIRECTION('ref_axis',(1.,0.,0.));
#14023=DIRECTION('',(1.,0.,0.));
#14024=DIRECTION('',(0.,0.,-1.));
#14025=DIRECTION('center_axis',(0.,0.,1.));
#14026=DIRECTION('ref_axis',(1.,0.,0.));
#14027=DIRECTION('',(0.,-1.,0.));
#14028=DIRECTION('center_axis',(1.,-1.665334536938E-16,0.));
#14029=DIRECTION('ref_axis',(-1.665334536938E-16,-1.,0.));
#14030=DIRECTION('',(0.,0.,1.));
#14031=DIRECTION('',(-1.665334536938E-16,-1.,0.));
#14032=DIRECTION('',(0.,0.,1.));
#14033=DIRECTION('center_axis',(0.,0.,1.));
#14034=DIRECTION('ref_axis',(1.,0.,0.));
#14035=DIRECTION('',(-1.,0.,0.));
#14036=DIRECTION('',(1.,0.,0.));
#14037=DIRECTION('center_axis',(1.,-3.083952846181E-17,0.));
#14038=DIRECTION('ref_axis',(-3.083952846181E-17,-1.,0.));
#14039=DIRECTION('',(0.,0.,1.));
#14040=DIRECTION('',(0.,0.,1.));
#14041=DIRECTION('center_axis',(0.,0.,1.));
#14042=DIRECTION('ref_axis',(1.,0.,0.));
#14043=DIRECTION('',(0.,-1.,0.));
#14044=DIRECTION('',(-1.,0.,0.));
#14045=DIRECTION('center_axis',(0.,1.,0.));
#14046=DIRECTION('ref_axis',(-1.,0.,0.));
#14047=DIRECTION('',(-1.,0.,0.));
#14048=DIRECTION('',(0.,0.,-1.));
#14049=DIRECTION('',(-1.,0.,0.));
#14050=DIRECTION('center_axis',(0.,0.,1.));
#14051=DIRECTION('ref_axis',(1.,0.,0.));
#14052=DIRECTION('',(0.,-1.,0.));
#14053=DIRECTION('',(1.,0.,0.));
#14054=DIRECTION('',(1.,0.,0.));
#14055=DIRECTION('center_axis',(0.,-1.,0.));
#14056=DIRECTION('ref_axis',(1.,0.,0.));
#14057=DIRECTION('',(1.,0.,0.));
#14058=DIRECTION('',(0.,0.,-1.));
#14059=DIRECTION('center_axis',(0.,0.,1.));
#14060=DIRECTION('ref_axis',(1.,0.,0.));
#14061=DIRECTION('',(0.,-1.,0.));
#14062=DIRECTION('center_axis',(1.,-1.665334536938E-16,0.));
#14063=DIRECTION('ref_axis',(-1.665334536938E-16,-1.,0.));
#14064=DIRECTION('',(0.,0.,1.));
#14065=DIRECTION('',(-1.665334536938E-16,-1.,0.));
#14066=DIRECTION('',(0.,0.,1.));
#14067=DIRECTION('center_axis',(0.,0.,1.));
#14068=DIRECTION('ref_axis',(1.,0.,0.));
#14069=DIRECTION('',(-1.,0.,0.));
#14070=DIRECTION('',(1.,0.,0.));
#14071=DIRECTION('center_axis',(1.,-3.083952846181E-17,0.));
#14072=DIRECTION('ref_axis',(-3.083952846181E-17,-1.,0.));
#14073=DIRECTION('',(0.,0.,1.));
#14074=DIRECTION('',(0.,0.,1.));
#14075=DIRECTION('center_axis',(0.,0.,1.));
#14076=DIRECTION('ref_axis',(1.,0.,0.));
#14077=DIRECTION('',(0.,-1.,0.));
#14078=DIRECTION('',(-1.,0.,0.));
#14079=DIRECTION('center_axis',(0.,1.,0.));
#14080=DIRECTION('ref_axis',(-1.,0.,0.));
#14081=DIRECTION('',(-1.,0.,0.));
#14082=DIRECTION('',(0.,0.,-1.));
#14083=DIRECTION('',(-1.,0.,0.));
#14084=DIRECTION('center_axis',(0.,0.,1.));
#14085=DIRECTION('ref_axis',(1.,0.,0.));
#14086=DIRECTION('',(0.,-1.,0.));
#14087=DIRECTION('',(1.,0.,0.));
#14088=DIRECTION('',(1.,0.,0.));
#14089=DIRECTION('center_axis',(0.,-1.,0.));
#14090=DIRECTION('ref_axis',(1.,0.,0.));
#14091=DIRECTION('',(1.,0.,0.));
#14092=DIRECTION('',(0.,0.,-1.));
#14093=DIRECTION('center_axis',(0.,0.,1.));
#14094=DIRECTION('ref_axis',(1.,0.,0.));
#14095=DIRECTION('',(0.,-1.,0.));
#14096=DIRECTION('center_axis',(1.,-1.665334536938E-16,0.));
#14097=DIRECTION('ref_axis',(-1.665334536938E-16,-1.,0.));
#14098=DIRECTION('',(0.,0.,1.));
#14099=DIRECTION('',(-1.665334536938E-16,-1.,0.));
#14100=DIRECTION('',(0.,0.,1.));
#14101=DIRECTION('center_axis',(0.,0.,1.));
#14102=DIRECTION('ref_axis',(1.,0.,0.));
#14103=DIRECTION('',(-1.,0.,0.));
#14104=DIRECTION('',(1.,0.,0.));
#14105=DIRECTION('center_axis',(1.,-3.083952846181E-17,0.));
#14106=DIRECTION('ref_axis',(-3.083952846181E-17,-1.,0.));
#14107=DIRECTION('',(0.,0.,1.));
#14108=DIRECTION('',(0.,0.,1.));
#14109=DIRECTION('center_axis',(0.,0.,1.));
#14110=DIRECTION('ref_axis',(1.,0.,0.));
#14111=DIRECTION('',(0.,-1.,0.));
#14112=DIRECTION('',(-1.,0.,0.));
#14113=DIRECTION('center_axis',(0.,1.,0.));
#14114=DIRECTION('ref_axis',(-1.,0.,0.));
#14115=DIRECTION('',(-1.,0.,0.));
#14116=DIRECTION('',(0.,0.,-1.));
#14117=DIRECTION('',(-1.,0.,0.));
#14118=DIRECTION('center_axis',(0.,0.,1.));
#14119=DIRECTION('ref_axis',(1.,0.,0.));
#14120=DIRECTION('',(0.,-1.,0.));
#14121=DIRECTION('',(1.,0.,0.));
#14122=DIRECTION('',(1.,0.,0.));
#14123=DIRECTION('center_axis',(0.,-1.,0.));
#14124=DIRECTION('ref_axis',(1.,0.,0.));
#14125=DIRECTION('',(1.,0.,0.));
#14126=DIRECTION('',(0.,0.,-1.));
#14127=DIRECTION('center_axis',(0.,0.,1.));
#14128=DIRECTION('ref_axis',(1.,0.,0.));
#14129=DIRECTION('',(0.,-1.,0.));
#14130=DIRECTION('center_axis',(1.,-1.665334536938E-16,0.));
#14131=DIRECTION('ref_axis',(-1.665334536938E-16,-1.,0.));
#14132=DIRECTION('',(0.,0.,1.));
#14133=DIRECTION('',(-1.665334536938E-16,-1.,0.));
#14134=DIRECTION('',(0.,0.,1.));
#14135=DIRECTION('center_axis',(0.,0.,1.));
#14136=DIRECTION('ref_axis',(1.,0.,0.));
#14137=DIRECTION('',(-1.,0.,0.));
#14138=DIRECTION('',(1.,0.,0.));
#14139=DIRECTION('center_axis',(1.,-3.083952846181E-17,0.));
#14140=DIRECTION('ref_axis',(-3.083952846181E-17,-1.,0.));
#14141=DIRECTION('',(0.,0.,1.));
#14142=DIRECTION('',(0.,0.,1.));
#14143=DIRECTION('center_axis',(0.,0.,1.));
#14144=DIRECTION('ref_axis',(1.,0.,0.));
#14145=DIRECTION('',(0.,-1.,0.));
#14146=DIRECTION('',(-1.,0.,0.));
#14147=DIRECTION('center_axis',(-1.224646799147E-16,-1.,0.));
#14148=DIRECTION('ref_axis',(1.,-1.224646799147E-16,0.));
#14149=DIRECTION('',(1.,-1.224646799147E-16,0.));
#14150=DIRECTION('',(0.,0.,-1.));
#14151=DIRECTION('',(1.,-1.224646799147E-16,0.));
#14152=DIRECTION('center_axis',(0.,0.,1.));
#14153=DIRECTION('ref_axis',(-1.,1.224646799147E-16,0.));
#14154=DIRECTION('',(1.224646799147E-16,1.,0.));
#14155=DIRECTION('',(-1.,1.224646799147E-16,0.));
#14156=DIRECTION('',(-1.,1.224646799147E-16,0.));
#14157=DIRECTION('center_axis',(1.224646799147E-16,1.,0.));
#14158=DIRECTION('ref_axis',(-1.,1.224646799147E-16,0.));
#14159=DIRECTION('',(-1.,1.224646799147E-16,0.));
#14160=DIRECTION('',(0.,0.,-1.));
#14161=DIRECTION('center_axis',(0.,0.,1.));
#14162=DIRECTION('ref_axis',(-1.,1.224646799147E-16,0.));
#14163=DIRECTION('',(1.224646799147E-16,1.,0.));
#14164=DIRECTION('center_axis',(-1.,2.889981336085E-16,0.));
#14165=DIRECTION('ref_axis',(2.889981336085E-16,1.,0.));
#14166=DIRECTION('',(0.,0.,1.));
#14167=DIRECTION('',(2.889981336085E-16,1.,0.));
#14168=DIRECTION('',(0.,0.,1.));
#14169=DIRECTION('center_axis',(0.,0.,1.));
#14170=DIRECTION('ref_axis',(-1.,1.224646799147E-16,0.));
#14171=DIRECTION('',(1.,-1.224646799147E-16,0.));
#14172=DIRECTION('',(-1.,1.224646799147E-16,0.));
#14173=DIRECTION('center_axis',(-1.,1.533042083765E-16,0.));
#14174=DIRECTION('ref_axis',(1.533042083765E-16,1.,0.));
#14175=DIRECTION('',(0.,0.,1.));
#14176=DIRECTION('',(0.,0.,1.));
#14177=DIRECTION('center_axis',(0.,0.,1.));
#14178=DIRECTION('ref_axis',(-1.,1.224646799147E-16,0.));
#14179=DIRECTION('',(1.224646799147E-16,1.,0.));
#14180=DIRECTION('',(1.,-1.224646799147E-16,0.));
#14181=DIRECTION('center_axis',(-1.224646799147E-16,-1.,0.));
#14182=DIRECTION('ref_axis',(1.,-1.224646799147E-16,0.));
#14183=DIRECTION('',(1.,-1.224646799147E-16,0.));
#14184=DIRECTION('',(0.,0.,-1.));
#14185=DIRECTION('',(1.,-1.224646799147E-16,0.));
#14186=DIRECTION('center_axis',(0.,0.,1.));
#14187=DIRECTION('ref_axis',(-1.,1.224646799147E-16,0.));
#14188=DIRECTION('',(1.224646799147E-16,1.,0.));
#14189=DIRECTION('',(-1.,1.224646799147E-16,0.));
#14190=DIRECTION('',(-1.,1.224646799147E-16,0.));
#14191=DIRECTION('center_axis',(1.224646799147E-16,1.,0.));
#14192=DIRECTION('ref_axis',(-1.,1.224646799147E-16,0.));
#14193=DIRECTION('',(-1.,1.224646799147E-16,0.));
#14194=DIRECTION('',(0.,0.,-1.));
#14195=DIRECTION('center_axis',(0.,0.,1.));
#14196=DIRECTION('ref_axis',(-1.,1.224646799147E-16,0.));
#14197=DIRECTION('',(1.224646799147E-16,1.,0.));
#14198=DIRECTION('center_axis',(-1.,2.889981336085E-16,0.));
#14199=DIRECTION('ref_axis',(2.889981336085E-16,1.,0.));
#14200=DIRECTION('',(0.,0.,1.));
#14201=DIRECTION('',(2.889981336085E-16,1.,0.));
#14202=DIRECTION('',(0.,0.,1.));
#14203=DIRECTION('center_axis',(0.,0.,1.));
#14204=DIRECTION('ref_axis',(-1.,1.224646799147E-16,0.));
#14205=DIRECTION('',(1.,-1.224646799147E-16,0.));
#14206=DIRECTION('',(-1.,1.224646799147E-16,0.));
#14207=DIRECTION('center_axis',(-1.,1.533042083765E-16,0.));
#14208=DIRECTION('ref_axis',(1.533042083765E-16,1.,0.));
#14209=DIRECTION('',(0.,0.,1.));
#14210=DIRECTION('',(0.,0.,1.));
#14211=DIRECTION('center_axis',(0.,0.,1.));
#14212=DIRECTION('ref_axis',(-1.,1.224646799147E-16,0.));
#14213=DIRECTION('',(1.224646799147E-16,1.,0.));
#14214=DIRECTION('',(1.,-1.224646799147E-16,0.));
#14215=DIRECTION('center_axis',(-1.224646799147E-16,-1.,0.));
#14216=DIRECTION('ref_axis',(1.,-1.224646799147E-16,0.));
#14217=DIRECTION('',(1.,-1.224646799147E-16,0.));
#14218=DIRECTION('',(0.,0.,-1.));
#14219=DIRECTION('',(1.,-1.224646799147E-16,0.));
#14220=DIRECTION('center_axis',(0.,0.,1.));
#14221=DIRECTION('ref_axis',(-1.,1.224646799147E-16,0.));
#14222=DIRECTION('',(1.224646799147E-16,1.,0.));
#14223=DIRECTION('',(-1.,1.224646799147E-16,0.));
#14224=DIRECTION('',(-1.,1.224646799147E-16,0.));
#14225=DIRECTION('center_axis',(1.224646799147E-16,1.,0.));
#14226=DIRECTION('ref_axis',(-1.,1.224646799147E-16,0.));
#14227=DIRECTION('',(-1.,1.224646799147E-16,0.));
#14228=DIRECTION('',(0.,0.,-1.));
#14229=DIRECTION('center_axis',(0.,0.,1.));
#14230=DIRECTION('ref_axis',(-1.,1.224646799147E-16,0.));
#14231=DIRECTION('',(1.224646799147E-16,1.,0.));
#14232=DIRECTION('center_axis',(-1.,2.889981336085E-16,0.));
#14233=DIRECTION('ref_axis',(2.889981336085E-16,1.,0.));
#14234=DIRECTION('',(0.,0.,1.));
#14235=DIRECTION('',(2.889981336085E-16,1.,0.));
#14236=DIRECTION('',(0.,0.,1.));
#14237=DIRECTION('center_axis',(0.,0.,1.));
#14238=DIRECTION('ref_axis',(-1.,1.224646799147E-16,0.));
#14239=DIRECTION('',(1.,-1.224646799147E-16,0.));
#14240=DIRECTION('',(-1.,1.224646799147E-16,0.));
#14241=DIRECTION('center_axis',(-1.,1.533042083765E-16,0.));
#14242=DIRECTION('ref_axis',(1.533042083765E-16,1.,0.));
#14243=DIRECTION('',(0.,0.,1.));
#14244=DIRECTION('',(0.,0.,1.));
#14245=DIRECTION('center_axis',(0.,0.,1.));
#14246=DIRECTION('ref_axis',(-1.,1.224646799147E-16,0.));
#14247=DIRECTION('',(1.224646799147E-16,1.,0.));
#14248=DIRECTION('',(1.,-1.224646799147E-16,0.));
#14249=DIRECTION('center_axis',(-1.224646799147E-16,-1.,0.));
#14250=DIRECTION('ref_axis',(1.,-1.224646799147E-16,0.));
#14251=DIRECTION('',(1.,-1.224646799147E-16,0.));
#14252=DIRECTION('',(0.,0.,-1.));
#14253=DIRECTION('',(1.,-1.224646799147E-16,0.));
#14254=DIRECTION('center_axis',(0.,0.,1.));
#14255=DIRECTION('ref_axis',(-1.,1.224646799147E-16,0.));
#14256=DIRECTION('',(1.224646799147E-16,1.,0.));
#14257=DIRECTION('',(-1.,1.224646799147E-16,0.));
#14258=DIRECTION('',(-1.,1.224646799147E-16,0.));
#14259=DIRECTION('center_axis',(1.224646799147E-16,1.,0.));
#14260=DIRECTION('ref_axis',(-1.,1.224646799147E-16,0.));
#14261=DIRECTION('',(-1.,1.224646799147E-16,0.));
#14262=DIRECTION('',(0.,0.,-1.));
#14263=DIRECTION('center_axis',(0.,0.,1.));
#14264=DIRECTION('ref_axis',(-1.,1.224646799147E-16,0.));
#14265=DIRECTION('',(1.224646799147E-16,1.,0.));
#14266=DIRECTION('center_axis',(-1.,2.889981336085E-16,0.));
#14267=DIRECTION('ref_axis',(2.889981336085E-16,1.,0.));
#14268=DIRECTION('',(0.,0.,1.));
#14269=DIRECTION('',(2.889981336085E-16,1.,0.));
#14270=DIRECTION('',(0.,0.,1.));
#14271=DIRECTION('center_axis',(0.,0.,1.));
#14272=DIRECTION('ref_axis',(-1.,1.224646799147E-16,0.));
#14273=DIRECTION('',(1.,-1.224646799147E-16,0.));
#14274=DIRECTION('',(-1.,1.224646799147E-16,0.));
#14275=DIRECTION('center_axis',(-1.,1.533042083765E-16,0.));
#14276=DIRECTION('ref_axis',(1.533042083765E-16,1.,0.));
#14277=DIRECTION('',(0.,0.,1.));
#14278=DIRECTION('',(0.,0.,1.));
#14279=DIRECTION('center_axis',(0.,0.,1.));
#14280=DIRECTION('ref_axis',(-1.,1.224646799147E-16,0.));
#14281=DIRECTION('',(1.224646799147E-16,1.,0.));
#14282=DIRECTION('',(1.,-1.224646799147E-16,0.));
#14283=DIRECTION('center_axis',(-1.224646799147E-16,-1.,0.));
#14284=DIRECTION('ref_axis',(1.,-1.224646799147E-16,0.));
#14285=DIRECTION('',(1.,-1.224646799147E-16,0.));
#14286=DIRECTION('',(0.,0.,-1.));
#14287=DIRECTION('',(1.,-1.224646799147E-16,0.));
#14288=DIRECTION('center_axis',(0.,0.,1.));
#14289=DIRECTION('ref_axis',(-1.,1.224646799147E-16,0.));
#14290=DIRECTION('',(1.224646799147E-16,1.,0.));
#14291=DIRECTION('',(-1.,1.224646799147E-16,0.));
#14292=DIRECTION('',(-1.,1.224646799147E-16,0.));
#14293=DIRECTION('center_axis',(1.224646799147E-16,1.,0.));
#14294=DIRECTION('ref_axis',(-1.,1.224646799147E-16,0.));
#14295=DIRECTION('',(-1.,1.224646799147E-16,0.));
#14296=DIRECTION('',(0.,0.,-1.));
#14297=DIRECTION('center_axis',(0.,0.,1.));
#14298=DIRECTION('ref_axis',(-1.,1.224646799147E-16,0.));
#14299=DIRECTION('',(1.224646799147E-16,1.,0.));
#14300=DIRECTION('center_axis',(-1.,1.533042083765E-16,0.));
#14301=DIRECTION('ref_axis',(1.533042083765E-16,1.,0.));
#14302=DIRECTION('',(0.,0.,1.));
#14303=DIRECTION('',(0.,0.,1.));
#14304=DIRECTION('center_axis',(0.,0.,1.));
#14305=DIRECTION('ref_axis',(-1.,1.224646799147E-16,0.));
#14306=DIRECTION('',(1.224646799147E-16,1.,0.));
#14307=DIRECTION('',(1.,-1.224646799147E-16,0.));
#14308=DIRECTION('center_axis',(-1.,2.889981336085E-16,0.));
#14309=DIRECTION('ref_axis',(2.889981336085E-16,1.,0.));
#14310=DIRECTION('',(0.,0.,1.));
#14311=DIRECTION('',(2.889981336085E-16,1.,0.));
#14312=DIRECTION('',(0.,0.,1.));
#14313=DIRECTION('center_axis',(0.,0.,1.));
#14314=DIRECTION('ref_axis',(-1.,1.224646799147E-16,0.));
#14315=DIRECTION('',(0.,-1.,0.));
#14316=DIRECTION('',(1.,-1.224646799147E-16,0.));
#14317=DIRECTION('',(-1.,1.224646799147E-16,0.));
#14318=DIRECTION('center_axis',(0.,0.,1.));
#14319=DIRECTION('ref_axis',(-1.,1.224646799147E-16,0.));
#14320=DIRECTION('',(1.,-1.224646799147E-16,0.));
#14321=DIRECTION('',(0.,-1.,0.));
#14322=DIRECTION('',(-1.,1.224646799147E-16,0.));
#14323=DIRECTION('center_axis',(1.224646799147E-16,1.,0.));
#14324=DIRECTION('ref_axis',(1.,-1.224646799147E-16,0.));
#14325=DIRECTION('',(0.,0.,1.));
#14326=DIRECTION('',(1.,-1.224646799147E-16,0.));
#14327=DIRECTION('center_axis',(0.,0.,1.));
#14328=DIRECTION('ref_axis',(-1.,1.224646799147E-16,0.));
#14329=DIRECTION('',(0.,-1.,0.));
#14330=DIRECTION('',(-1.,1.224646799147E-16,0.));
#14331=DIRECTION('center_axis',(-1.224646799147E-16,-1.,0.));
#14332=DIRECTION('ref_axis',(-1.,1.224646799147E-16,0.));
#14333=DIRECTION('',(0.,0.,-1.));
#14334=DIRECTION('center_axis',(0.,0.,1.));
#14335=DIRECTION('ref_axis',(1.,0.,0.));
#14336=DIRECTION('',(0.,-1.,0.));
#14337=DIRECTION('',(-1.,1.224646799147E-16,0.));
#14338=DIRECTION('',(0.,-1.,0.));
#14339=DIRECTION('center_axis',(1.224646799147E-16,1.,0.));
#14340=DIRECTION('ref_axis',(1.,-1.224646799147E-16,0.));
#14341=DIRECTION('',(0.,0.,1.));
#14342=DIRECTION('',(1.,-1.224646799147E-16,0.));
#14343=DIRECTION('center_axis',(0.,0.,1.));
#14344=DIRECTION('ref_axis',(-1.,1.224646799147E-16,0.));
#14345=DIRECTION('',(0.,-1.,0.));
#14346=DIRECTION('',(-1.,1.224646799147E-16,0.));
#14347=DIRECTION('center_axis',(-1.224646799147E-16,-1.,0.));
#14348=DIRECTION('ref_axis',(-1.,1.224646799147E-16,0.));
#14349=DIRECTION('',(0.,0.,-1.));
#14350=DIRECTION('center_axis',(0.,0.,1.));
#14351=DIRECTION('ref_axis',(1.,0.,0.));
#14352=DIRECTION('',(0.,-1.,0.));
#14353=DIRECTION('',(0.,-1.,0.));
#14354=DIRECTION('center_axis',(1.224646799147E-16,1.,0.));
#14355=DIRECTION('ref_axis',(1.,-1.224646799147E-16,0.));
#14356=DIRECTION('',(0.,0.,1.));
#14357=DIRECTION('',(1.,-1.224646799147E-16,0.));
#14358=DIRECTION('center_axis',(0.,0.,1.));
#14359=DIRECTION('ref_axis',(-1.,1.224646799147E-16,0.));
#14360=DIRECTION('',(0.,-1.,0.));
#14361=DIRECTION('',(-1.,1.224646799147E-16,0.));
#14362=DIRECTION('center_axis',(-1.224646799147E-16,-1.,0.));
#14363=DIRECTION('ref_axis',(-1.,1.224646799147E-16,0.));
#14364=DIRECTION('',(0.,0.,-1.));
#14365=DIRECTION('center_axis',(0.,0.,1.));
#14366=DIRECTION('ref_axis',(1.,0.,0.));
#14367=DIRECTION('',(0.,-1.,0.));
#14368=DIRECTION('',(0.,-1.,0.));
#14369=DIRECTION('center_axis',(1.224646799147E-16,1.,0.));
#14370=DIRECTION('ref_axis',(1.,-1.224646799147E-16,0.));
#14371=DIRECTION('',(0.,0.,1.));
#14372=DIRECTION('',(1.,-1.224646799147E-16,0.));
#14373=DIRECTION('center_axis',(0.,0.,1.));
#14374=DIRECTION('ref_axis',(-1.,1.224646799147E-16,0.));
#14375=DIRECTION('',(0.,-1.,0.));
#14376=DIRECTION('',(-1.,1.224646799147E-16,0.));
#14377=DIRECTION('center_axis',(-1.224646799147E-16,-1.,0.));
#14378=DIRECTION('ref_axis',(-1.,1.224646799147E-16,0.));
#14379=DIRECTION('',(0.,0.,-1.));
#14380=DIRECTION('center_axis',(0.,0.,1.));
#14381=DIRECTION('ref_axis',(1.,0.,0.));
#14382=DIRECTION('',(0.,-1.,0.));
#14383=DIRECTION('',(0.,-1.,0.));
#14384=DIRECTION('center_axis',(1.224646799147E-16,1.,0.));
#14385=DIRECTION('ref_axis',(1.,-1.224646799147E-16,0.));
#14386=DIRECTION('',(0.,0.,1.));
#14387=DIRECTION('',(1.,-1.224646799147E-16,0.));
#14388=DIRECTION('center_axis',(0.,0.,1.));
#14389=DIRECTION('ref_axis',(-1.,1.224646799147E-16,0.));
#14390=DIRECTION('',(0.,-1.,0.));
#14391=DIRECTION('',(-1.,1.224646799147E-16,0.));
#14392=DIRECTION('center_axis',(-1.224646799147E-16,-1.,0.));
#14393=DIRECTION('ref_axis',(-1.,1.224646799147E-16,0.));
#14394=DIRECTION('',(0.,0.,-1.));
#14395=DIRECTION('center_axis',(-1.,0.,0.));
#14396=DIRECTION('ref_axis',(0.,-1.,0.));
#14397=DIRECTION('',(0.,0.,-1.));
#14398=DIRECTION('',(0.,-1.,0.));
#14399=DIRECTION('',(0.,0.,-1.));
#14400=DIRECTION('center_axis',(0.,1.,0.));
#14401=DIRECTION('ref_axis',(-1.,0.,0.));
#14402=DIRECTION('',(0.,0.,-1.));
#14403=DIRECTION('',(-1.,0.,0.));
#14404=DIRECTION('center_axis',(1.,0.,0.));
#14405=DIRECTION('ref_axis',(0.,1.,0.));
#14406=DIRECTION('',(0.,0.,-1.));
#14407=DIRECTION('',(0.,1.,0.));
#14408=DIRECTION('center_axis',(0.,-1.,0.));
#14409=DIRECTION('ref_axis',(1.,0.,0.));
#14410=DIRECTION('',(1.,0.,0.));
#14411=DIRECTION('center_axis',(-1.,0.,0.));
#14412=DIRECTION('ref_axis',(0.,-1.,0.));
#14413=DIRECTION('',(0.,0.,-1.));
#14414=DIRECTION('',(0.,-1.,0.));
#14415=DIRECTION('',(0.,0.,-1.));
#14416=DIRECTION('center_axis',(0.,1.,0.));
#14417=DIRECTION('ref_axis',(-1.,0.,0.));
#14418=DIRECTION('',(0.,0.,-1.));
#14419=DIRECTION('',(-1.,0.,0.));
#14420=DIRECTION('center_axis',(1.,0.,0.));
#14421=DIRECTION('ref_axis',(0.,1.,0.));
#14422=DIRECTION('',(0.,0.,-1.));
#14423=DIRECTION('',(0.,1.,0.));
#14424=DIRECTION('center_axis',(0.,-1.,0.));
#14425=DIRECTION('ref_axis',(1.,0.,0.));
#14426=DIRECTION('',(1.,0.,0.));
#14427=DIRECTION('center_axis',(1.,-1.224646799147E-16,0.));
#14428=DIRECTION('ref_axis',(1.224646799147E-16,1.,0.));
#14429=DIRECTION('',(0.,0.,-1.));
#14430=DIRECTION('',(1.224646799147E-16,1.,0.));
#14431=DIRECTION('',(0.,0.,-1.));
#14432=DIRECTION('center_axis',(-1.224646799147E-16,-1.,0.));
#14433=DIRECTION('ref_axis',(1.,-1.224646799147E-16,0.));
#14434=DIRECTION('',(0.,0.,-1.));
#14435=DIRECTION('',(1.,-1.224646799147E-16,0.));
#14436=DIRECTION('center_axis',(-1.,1.224646799147E-16,0.));
#14437=DIRECTION('ref_axis',(-1.224646799147E-16,-1.,0.));
#14438=DIRECTION('',(0.,0.,-1.));
#14439=DIRECTION('',(-1.224646799147E-16,-1.,0.));
#14440=DIRECTION('center_axis',(1.224646799147E-16,1.,0.));
#14441=DIRECTION('ref_axis',(-1.,1.224646799147E-16,0.));
#14442=DIRECTION('',(-1.,1.224646799147E-16,0.));
#14443=DIRECTION('center_axis',(1.,-1.224646799147E-16,0.));
#14444=DIRECTION('ref_axis',(1.224646799147E-16,1.,0.));
#14445=DIRECTION('',(0.,0.,-1.));
#14446=DIRECTION('',(1.224646799147E-16,1.,0.));
#14447=DIRECTION('',(0.,0.,-1.));
#14448=DIRECTION('center_axis',(-1.224646799147E-16,-1.,0.));
#14449=DIRECTION('ref_axis',(1.,-1.224646799147E-16,0.));
#14450=DIRECTION('',(0.,0.,-1.));
#14451=DIRECTION('',(1.,-1.224646799147E-16,0.));
#14452=DIRECTION('center_axis',(-1.,1.224646799147E-16,0.));
#14453=DIRECTION('ref_axis',(-1.224646799147E-16,-1.,0.));
#14454=DIRECTION('',(0.,0.,-1.));
#14455=DIRECTION('',(-1.224646799147E-16,-1.,0.));
#14456=DIRECTION('center_axis',(1.224646799147E-16,1.,0.));
#14457=DIRECTION('ref_axis',(-1.,1.224646799147E-16,0.));
#14458=DIRECTION('',(-1.,1.224646799147E-16,0.));
#14459=DIRECTION('center_axis',(-1.,0.,0.));
#14460=DIRECTION('ref_axis',(0.,-1.,0.));
#14461=DIRECTION('',(0.,0.,-1.));
#14462=DIRECTION('',(0.,-1.,0.));
#14463=DIRECTION('',(0.,0.,-1.));
#14464=DIRECTION('center_axis',(0.,1.,0.));
#14465=DIRECTION('ref_axis',(-1.,0.,0.));
#14466=DIRECTION('',(0.,0.,-1.));
#14467=DIRECTION('',(-1.,0.,0.));
#14468=DIRECTION('center_axis',(1.,0.,0.));
#14469=DIRECTION('ref_axis',(0.,1.,0.));
#14470=DIRECTION('',(0.,0.,-1.));
#14471=DIRECTION('',(0.,1.,0.));
#14472=DIRECTION('center_axis',(0.,-1.,0.));
#14473=DIRECTION('ref_axis',(1.,0.,0.));
#14474=DIRECTION('',(1.,0.,0.));
#14475=DIRECTION('center_axis',(-1.,0.,0.));
#14476=DIRECTION('ref_axis',(0.,-1.,0.));
#14477=DIRECTION('',(0.,0.,-1.));
#14478=DIRECTION('',(0.,-1.,0.));
#14479=DIRECTION('',(0.,0.,-1.));
#14480=DIRECTION('center_axis',(0.,1.,0.));
#14481=DIRECTION('ref_axis',(-1.,0.,0.));
#14482=DIRECTION('',(0.,0.,-1.));
#14483=DIRECTION('',(-1.,0.,0.));
#14484=DIRECTION('center_axis',(1.,0.,0.));
#14485=DIRECTION('ref_axis',(0.,1.,0.));
#14486=DIRECTION('',(0.,0.,-1.));
#14487=DIRECTION('',(0.,1.,0.));
#14488=DIRECTION('center_axis',(0.,-1.,0.));
#14489=DIRECTION('ref_axis',(1.,0.,0.));
#14490=DIRECTION('',(1.,0.,0.));
#14491=DIRECTION('center_axis',(-1.,0.,0.));
#14492=DIRECTION('ref_axis',(0.,-1.,0.));
#14493=DIRECTION('',(0.,0.,-1.));
#14494=DIRECTION('',(0.,-1.,0.));
#14495=DIRECTION('',(0.,0.,-1.));
#14496=DIRECTION('center_axis',(0.,1.,0.));
#14497=DIRECTION('ref_axis',(-1.,0.,0.));
#14498=DIRECTION('',(0.,0.,-1.));
#14499=DIRECTION('',(-1.,0.,0.));
#14500=DIRECTION('center_axis',(1.,0.,0.));
#14501=DIRECTION('ref_axis',(0.,1.,0.));
#14502=DIRECTION('',(0.,0.,-1.));
#14503=DIRECTION('',(0.,1.,0.));
#14504=DIRECTION('center_axis',(0.,-1.,0.));
#14505=DIRECTION('ref_axis',(1.,0.,0.));
#14506=DIRECTION('',(1.,0.,0.));
#14507=DIRECTION('center_axis',(1.,-1.224646799147E-16,0.));
#14508=DIRECTION('ref_axis',(1.224646799147E-16,1.,0.));
#14509=DIRECTION('',(0.,0.,-1.));
#14510=DIRECTION('',(1.224646799147E-16,1.,0.));
#14511=DIRECTION('',(0.,0.,-1.));
#14512=DIRECTION('center_axis',(-1.224646799147E-16,-1.,0.));
#14513=DIRECTION('ref_axis',(1.,-1.224646799147E-16,0.));
#14514=DIRECTION('',(0.,0.,-1.));
#14515=DIRECTION('',(1.,-1.224646799147E-16,0.));
#14516=DIRECTION('center_axis',(-1.,1.224646799147E-16,0.));
#14517=DIRECTION('ref_axis',(-1.224646799147E-16,-1.,0.));
#14518=DIRECTION('',(0.,0.,-1.));
#14519=DIRECTION('',(-1.224646799147E-16,-1.,0.));
#14520=DIRECTION('center_axis',(1.224646799147E-16,1.,0.));
#14521=DIRECTION('ref_axis',(-1.,1.224646799147E-16,0.));
#14522=DIRECTION('',(-1.,1.224646799147E-16,0.));
#14523=DIRECTION('center_axis',(1.,-1.224646799147E-16,0.));
#14524=DIRECTION('ref_axis',(1.224646799147E-16,1.,0.));
#14525=DIRECTION('',(0.,0.,-1.));
#14526=DIRECTION('',(1.224646799147E-16,1.,0.));
#14527=DIRECTION('',(0.,0.,-1.));
#14528=DIRECTION('center_axis',(-1.224646799147E-16,-1.,0.));
#14529=DIRECTION('ref_axis',(1.,-1.224646799147E-16,0.));
#14530=DIRECTION('',(0.,0.,-1.));
#14531=DIRECTION('',(1.,-1.224646799147E-16,0.));
#14532=DIRECTION('center_axis',(-1.,1.224646799147E-16,0.));
#14533=DIRECTION('ref_axis',(-1.224646799147E-16,-1.,0.));
#14534=DIRECTION('',(0.,0.,-1.));
#14535=DIRECTION('',(-1.224646799147E-16,-1.,0.));
#14536=DIRECTION('center_axis',(1.224646799147E-16,1.,0.));
#14537=DIRECTION('ref_axis',(-1.,1.224646799147E-16,0.));
#14538=DIRECTION('',(-1.,1.224646799147E-16,0.));
#14539=DIRECTION('center_axis',(1.,-1.224646799147E-16,0.));
#14540=DIRECTION('ref_axis',(1.224646799147E-16,1.,0.));
#14541=DIRECTION('',(0.,0.,-1.));
#14542=DIRECTION('',(1.224646799147E-16,1.,0.));
#14543=DIRECTION('',(0.,0.,-1.));
#14544=DIRECTION('center_axis',(-1.224646799147E-16,-1.,0.));
#14545=DIRECTION('ref_axis',(1.,-1.224646799147E-16,0.));
#14546=DIRECTION('',(0.,0.,-1.));
#14547=DIRECTION('',(1.,-1.224646799147E-16,0.));
#14548=DIRECTION('center_axis',(-1.,1.224646799147E-16,0.));
#14549=DIRECTION('ref_axis',(-1.224646799147E-16,-1.,0.));
#14550=DIRECTION('',(0.,0.,-1.));
#14551=DIRECTION('',(-1.224646799147E-16,-1.,0.));
#14552=DIRECTION('center_axis',(1.224646799147E-16,1.,0.));
#14553=DIRECTION('ref_axis',(-1.,1.224646799147E-16,0.));
#14554=DIRECTION('',(-1.,1.224646799147E-16,0.));
#14555=DIRECTION('center_axis',(0.,-1.,0.));
#14556=DIRECTION('ref_axis',(-1.,0.,0.));
#14557=DIRECTION('',(0.,0.,1.));
#14558=DIRECTION('',(-1.,0.,0.));
#14559=DIRECTION('center_axis',(0.,0.,1.));
#14560=DIRECTION('ref_axis',(1.,0.,0.));
#14561=DIRECTION('',(0.,1.,0.));
#14562=DIRECTION('',(1.,0.,0.));
#14563=DIRECTION('center_axis',(0.,1.,0.));
#14564=DIRECTION('ref_axis',(1.,0.,0.));
#14565=DIRECTION('',(0.,0.,-1.));
#14566=DIRECTION('center_axis',(0.,0.,1.));
#14567=DIRECTION('ref_axis',(1.,0.,0.));
#14568=DIRECTION('',(0.,1.,0.));
#14569=DIRECTION('',(0.,-1.,0.));
#14570=DIRECTION('center_axis',(0.,-1.,0.));
#14571=DIRECTION('ref_axis',(-1.,0.,0.));
#14572=DIRECTION('',(0.,0.,1.));
#14573=DIRECTION('',(-1.,0.,0.));
#14574=DIRECTION('center_axis',(0.,0.,1.));
#14575=DIRECTION('ref_axis',(1.,0.,0.));
#14576=DIRECTION('',(0.,1.,0.));
#14577=DIRECTION('',(1.,0.,0.));
#14578=DIRECTION('center_axis',(0.,1.,0.));
#14579=DIRECTION('ref_axis',(1.,0.,0.));
#14580=DIRECTION('',(0.,0.,-1.));
#14581=DIRECTION('center_axis',(0.,0.,1.));
#14582=DIRECTION('ref_axis',(1.,0.,0.));
#14583=DIRECTION('',(0.,1.,0.));
#14584=DIRECTION('',(0.,-1.,0.));
#14585=DIRECTION('center_axis',(0.,-1.,0.));
#14586=DIRECTION('ref_axis',(-1.,0.,0.));
#14587=DIRECTION('',(0.,0.,1.));
#14588=DIRECTION('',(-1.,0.,0.));
#14589=DIRECTION('center_axis',(0.,0.,1.));
#14590=DIRECTION('ref_axis',(1.,0.,0.));
#14591=DIRECTION('',(0.,1.,0.));
#14592=DIRECTION('',(1.,0.,0.));
#14593=DIRECTION('center_axis',(0.,1.,0.));
#14594=DIRECTION('ref_axis',(1.,0.,0.));
#14595=DIRECTION('',(0.,0.,-1.));
#14596=DIRECTION('center_axis',(0.,0.,1.));
#14597=DIRECTION('ref_axis',(1.,0.,0.));
#14598=DIRECTION('',(0.,1.,0.));
#14599=DIRECTION('',(0.,-1.,0.));
#14600=DIRECTION('center_axis',(0.,-1.,0.));
#14601=DIRECTION('ref_axis',(-1.,0.,0.));
#14602=DIRECTION('',(0.,0.,1.));
#14603=DIRECTION('',(-1.,0.,0.));
#14604=DIRECTION('center_axis',(0.,0.,1.));
#14605=DIRECTION('ref_axis',(1.,0.,0.));
#14606=DIRECTION('',(0.,1.,0.));
#14607=DIRECTION('',(1.,0.,0.));
#14608=DIRECTION('center_axis',(0.,1.,0.));
#14609=DIRECTION('ref_axis',(1.,0.,0.));
#14610=DIRECTION('',(0.,0.,-1.));
#14611=DIRECTION('center_axis',(0.,0.,1.));
#14612=DIRECTION('ref_axis',(1.,0.,0.));
#14613=DIRECTION('',(0.,1.,0.));
#14614=DIRECTION('',(-1.,0.,0.));
#14615=DIRECTION('',(0.,-1.,0.));
#14616=DIRECTION('center_axis',(0.,-1.,0.));
#14617=DIRECTION('ref_axis',(-1.,0.,0.));
#14618=DIRECTION('',(0.,0.,1.));
#14619=DIRECTION('',(-1.,0.,0.));
#14620=DIRECTION('center_axis',(0.,0.,1.));
#14621=DIRECTION('ref_axis',(1.,0.,0.));
#14622=DIRECTION('',(0.,1.,0.));
#14623=DIRECTION('',(1.,0.,0.));
#14624=DIRECTION('center_axis',(0.,1.,0.));
#14625=DIRECTION('ref_axis',(1.,0.,0.));
#14626=DIRECTION('',(0.,0.,-1.));
#14627=DIRECTION('center_axis',(0.,0.,1.));
#14628=DIRECTION('ref_axis',(1.,0.,0.));
#14629=DIRECTION('',(1.,0.,0.));
#14630=DIRECTION('center_axis',(0.,-1.,0.));
#14631=DIRECTION('ref_axis',(1.,0.,0.));
#14632=DIRECTION('',(1.,0.,0.));
#14633=DIRECTION('',(-1.,0.,0.));
#14634=DIRECTION('',(0.,0.,-1.));
#14635=DIRECTION('center_axis',(0.,1.,0.));
#14636=DIRECTION('ref_axis',(1.,0.,0.));
#14637=DIRECTION('',(0.,0.,-1.));
#14638=DIRECTION('',(-1.,0.,0.));
#14639=DIRECTION('center_axis',(-1.,0.,0.));
#14640=DIRECTION('ref_axis',(0.,-1.,0.));
#14641=DIRECTION('',(0.,1.,0.));
#14642=DIRECTION('',(0.,0.,-1.));
#14643=DIRECTION('center_axis',(0.,-1.,0.));
#14644=DIRECTION('ref_axis',(-1.,0.,0.));
#14645=DIRECTION('',(1.,0.,0.));
#14646=DIRECTION('',(0.,0.,1.));
#14647=DIRECTION('center_axis',(0.,1.,0.));
#14648=DIRECTION('ref_axis',(-1.,0.,0.));
#14649=DIRECTION('',(1.,0.,0.));
#14650=DIRECTION('',(-1.,0.,0.));
#14651=DIRECTION('center_axis',(-1.,0.,0.));
#14652=DIRECTION('ref_axis',(0.,1.,0.));
#14653=DIRECTION('',(0.,1.,0.));
#14654=DIRECTION('',(0.,0.,-1.));
#14655=DIRECTION('center_axis',(0.,-1.,0.));
#14656=DIRECTION('ref_axis',(1.,0.,0.));
#14657=DIRECTION('',(1.,0.,0.));
#14658=DIRECTION('',(-1.,0.,0.));
#14659=DIRECTION('',(0.,0.,-1.));
#14660=DIRECTION('center_axis',(0.,1.,0.));
#14661=DIRECTION('ref_axis',(1.,0.,0.));
#14662=DIRECTION('',(-1.,0.,0.));
#14663=DIRECTION('center_axis',(-1.,0.,0.));
#14664=DIRECTION('ref_axis',(0.,-1.,0.));
#14665=DIRECTION('',(0.,1.,0.));
#14666=DIRECTION('',(0.,0.,-1.));
#14667=DIRECTION('center_axis',(0.,-1.,0.));
#14668=DIRECTION('ref_axis',(-1.,0.,0.));
#14669=DIRECTION('',(1.,0.,0.));
#14670=DIRECTION('',(0.,0.,1.));
#14671=DIRECTION('center_axis',(0.,1.,0.));
#14672=DIRECTION('ref_axis',(-1.,0.,0.));
#14673=DIRECTION('',(1.,0.,0.));
#14674=DIRECTION('',(-1.,0.,0.));
#14675=DIRECTION('center_axis',(-1.,0.,0.));
#14676=DIRECTION('ref_axis',(0.,1.,0.));
#14677=DIRECTION('',(0.,1.,0.));
#14678=DIRECTION('',(0.,0.,-1.));
#14679=DIRECTION('center_axis',(0.,-1.,0.));
#14680=DIRECTION('ref_axis',(1.,0.,0.));
#14681=DIRECTION('',(1.,0.,0.));
#14682=DIRECTION('',(-1.,0.,0.));
#14683=DIRECTION('',(0.,0.,-1.));
#14684=DIRECTION('center_axis',(0.,1.,0.));
#14685=DIRECTION('ref_axis',(1.,0.,0.));
#14686=DIRECTION('',(-1.,0.,0.));
#14687=DIRECTION('center_axis',(-1.,0.,0.));
#14688=DIRECTION('ref_axis',(0.,-1.,0.));
#14689=DIRECTION('',(0.,1.,0.));
#14690=DIRECTION('',(0.,0.,-1.));
#14691=DIRECTION('center_axis',(0.,-1.,0.));
#14692=DIRECTION('ref_axis',(-1.,0.,0.));
#14693=DIRECTION('',(1.,0.,0.));
#14694=DIRECTION('',(0.,0.,1.));
#14695=DIRECTION('center_axis',(0.,1.,0.));
#14696=DIRECTION('ref_axis',(-1.,0.,0.));
#14697=DIRECTION('',(1.,0.,0.));
#14698=DIRECTION('',(-1.,0.,0.));
#14699=DIRECTION('center_axis',(-1.,0.,0.));
#14700=DIRECTION('ref_axis',(0.,1.,0.));
#14701=DIRECTION('',(0.,1.,0.));
#14702=DIRECTION('',(0.,0.,-1.));
#14703=DIRECTION('center_axis',(0.,-1.,0.));
#14704=DIRECTION('ref_axis',(1.,0.,0.));
#14705=DIRECTION('',(1.,0.,0.));
#14706=DIRECTION('',(-1.,0.,0.));
#14707=DIRECTION('',(0.,0.,-1.));
#14708=DIRECTION('center_axis',(0.,1.,0.));
#14709=DIRECTION('ref_axis',(1.,0.,0.));
#14710=DIRECTION('',(-1.,0.,0.));
#14711=DIRECTION('center_axis',(-1.,0.,0.));
#14712=DIRECTION('ref_axis',(0.,-1.,0.));
#14713=DIRECTION('',(0.,1.,0.));
#14714=DIRECTION('',(0.,0.,-1.));
#14715=DIRECTION('center_axis',(0.,-1.,0.));
#14716=DIRECTION('ref_axis',(-1.,0.,0.));
#14717=DIRECTION('',(1.,0.,0.));
#14718=DIRECTION('',(0.,0.,1.));
#14719=DIRECTION('center_axis',(0.,1.,0.));
#14720=DIRECTION('ref_axis',(-1.,0.,0.));
#14721=DIRECTION('',(1.,0.,0.));
#14722=DIRECTION('',(-1.,0.,0.));
#14723=DIRECTION('center_axis',(-1.,0.,0.));
#14724=DIRECTION('ref_axis',(0.,1.,0.));
#14725=DIRECTION('',(0.,1.,0.));
#14726=DIRECTION('',(0.,0.,-1.));
#14727=DIRECTION('center_axis',(0.,-1.,0.));
#14728=DIRECTION('ref_axis',(1.,0.,0.));
#14729=DIRECTION('',(1.,0.,0.));
#14730=DIRECTION('',(-1.,0.,0.));
#14731=DIRECTION('',(0.,0.,-1.));
#14732=DIRECTION('center_axis',(0.,1.,0.));
#14733=DIRECTION('ref_axis',(1.,0.,0.));
#14734=DIRECTION('',(-1.,0.,0.));
#14735=DIRECTION('center_axis',(-1.,0.,0.));
#14736=DIRECTION('ref_axis',(0.,-1.,0.));
#14737=DIRECTION('',(0.,1.,0.));
#14738=DIRECTION('',(0.,0.,-1.));
#14739=DIRECTION('center_axis',(0.,-1.,0.));
#14740=DIRECTION('ref_axis',(-1.,0.,0.));
#14741=DIRECTION('',(1.,0.,0.));
#14742=DIRECTION('',(0.,0.,1.));
#14743=DIRECTION('center_axis',(0.,1.,0.));
#14744=DIRECTION('ref_axis',(-1.,0.,0.));
#14745=DIRECTION('',(1.,0.,0.));
#14746=DIRECTION('',(-1.,0.,0.));
#14747=DIRECTION('center_axis',(1.224646799147E-16,1.,0.));
#14748=DIRECTION('ref_axis',(-1.,1.224646799147E-16,0.));
#14749=DIRECTION('',(-1.,1.224646799147E-16,0.));
#14750=DIRECTION('',(1.,-1.224646799147E-16,0.));
#14751=DIRECTION('',(0.,0.,-1.));
#14752=DIRECTION('center_axis',(-1.224646799147E-16,-1.,0.));
#14753=DIRECTION('ref_axis',(-1.,1.224646799147E-16,0.));
#14754=DIRECTION('',(0.,0.,-1.));
#14755=DIRECTION('',(1.,-1.224646799147E-16,0.));
#14756=DIRECTION('center_axis',(1.,-1.224646799147E-16,0.));
#14757=DIRECTION('ref_axis',(1.224646799147E-16,1.,0.));
#14758=DIRECTION('',(-1.224646799147E-16,-1.,0.));
#14759=DIRECTION('',(0.,0.,-1.));
#14760=DIRECTION('center_axis',(1.224646799147E-16,1.,0.));
#14761=DIRECTION('ref_axis',(1.,-1.224646799147E-16,0.));
#14762=DIRECTION('',(-1.,1.224646799147E-16,0.));
#14763=DIRECTION('',(0.,0.,1.));
#14764=DIRECTION('center_axis',(-1.224646799147E-16,-1.,0.));
#14765=DIRECTION('ref_axis',(1.,-1.224646799147E-16,0.));
#14766=DIRECTION('',(-1.,1.224646799147E-16,0.));
#14767=DIRECTION('',(1.,-1.224646799147E-16,0.));
#14768=DIRECTION('center_axis',(1.,0.,0.));
#14769=DIRECTION('ref_axis',(0.,-1.,0.));
#14770=DIRECTION('',(0.,-1.,0.));
#14771=DIRECTION('',(0.,0.,-1.));
#14772=DIRECTION('center_axis',(1.224646799147E-16,1.,0.));
#14773=DIRECTION('ref_axis',(-1.,1.224646799147E-16,0.));
#14774=DIRECTION('',(-1.,1.224646799147E-16,0.));
#14775=DIRECTION('',(1.,-1.224646799147E-16,0.));
#14776=DIRECTION('',(0.,0.,-1.));
#14777=DIRECTION('center_axis',(-1.224646799147E-16,-1.,0.));
#14778=DIRECTION('ref_axis',(-1.,1.224646799147E-16,0.));
#14779=DIRECTION('',(1.,-1.224646799147E-16,0.));
#14780=DIRECTION('center_axis',(1.,-1.224646799147E-16,0.));
#14781=DIRECTION('ref_axis',(1.224646799147E-16,1.,0.));
#14782=DIRECTION('',(-1.224646799147E-16,-1.,0.));
#14783=DIRECTION('',(0.,0.,-1.));
#14784=DIRECTION('center_axis',(1.224646799147E-16,1.,0.));
#14785=DIRECTION('ref_axis',(1.,-1.224646799147E-16,0.));
#14786=DIRECTION('',(-1.,1.224646799147E-16,0.));
#14787=DIRECTION('',(0.,0.,1.));
#14788=DIRECTION('center_axis',(-1.224646799147E-16,-1.,0.));
#14789=DIRECTION('ref_axis',(1.,-1.224646799147E-16,0.));
#14790=DIRECTION('',(-1.,1.224646799147E-16,0.));
#14791=DIRECTION('',(1.,-1.224646799147E-16,0.));
#14792=DIRECTION('center_axis',(1.,0.,0.));
#14793=DIRECTION('ref_axis',(0.,-1.,0.));
#14794=DIRECTION('',(0.,-1.,0.));
#14795=DIRECTION('',(0.,0.,-1.));
#14796=DIRECTION('center_axis',(1.224646799147E-16,1.,0.));
#14797=DIRECTION('ref_axis',(-1.,1.224646799147E-16,0.));
#14798=DIRECTION('',(-1.,1.224646799147E-16,0.));
#14799=DIRECTION('',(1.,-1.224646799147E-16,0.));
#14800=DIRECTION('',(0.,0.,-1.));
#14801=DIRECTION('center_axis',(-1.224646799147E-16,-1.,0.));
#14802=DIRECTION('ref_axis',(-1.,1.224646799147E-16,0.));
#14803=DIRECTION('',(1.,-1.224646799147E-16,0.));
#14804=DIRECTION('center_axis',(1.,-1.224646799147E-16,0.));
#14805=DIRECTION('ref_axis',(1.224646799147E-16,1.,0.));
#14806=DIRECTION('',(-1.224646799147E-16,-1.,0.));
#14807=DIRECTION('',(0.,0.,-1.));
#14808=DIRECTION('center_axis',(1.224646799147E-16,1.,0.));
#14809=DIRECTION('ref_axis',(1.,-1.224646799147E-16,0.));
#14810=DIRECTION('',(-1.,1.224646799147E-16,0.));
#14811=DIRECTION('',(0.,0.,1.));
#14812=DIRECTION('center_axis',(-1.224646799147E-16,-1.,0.));
#14813=DIRECTION('ref_axis',(1.,-1.224646799147E-16,0.));
#14814=DIRECTION('',(-1.,1.224646799147E-16,0.));
#14815=DIRECTION('',(1.,-1.224646799147E-16,0.));
#14816=DIRECTION('center_axis',(1.,0.,0.));
#14817=DIRECTION('ref_axis',(0.,-1.,0.));
#14818=DIRECTION('',(0.,-1.,0.));
#14819=DIRECTION('',(0.,0.,-1.));
#14820=DIRECTION('center_axis',(1.224646799147E-16,1.,0.));
#14821=DIRECTION('ref_axis',(-1.,1.224646799147E-16,0.));
#14822=DIRECTION('',(-1.,1.224646799147E-16,0.));
#14823=DIRECTION('',(1.,-1.224646799147E-16,0.));
#14824=DIRECTION('',(0.,0.,-1.));
#14825=DIRECTION('center_axis',(-1.224646799147E-16,-1.,0.));
#14826=DIRECTION('ref_axis',(-1.,1.224646799147E-16,0.));
#14827=DIRECTION('',(1.,-1.224646799147E-16,0.));
#14828=DIRECTION('center_axis',(1.,-1.224646799147E-16,0.));
#14829=DIRECTION('ref_axis',(1.224646799147E-16,1.,0.));
#14830=DIRECTION('',(-1.224646799147E-16,-1.,0.));
#14831=DIRECTION('',(0.,0.,-1.));
#14832=DIRECTION('center_axis',(1.224646799147E-16,1.,0.));
#14833=DIRECTION('ref_axis',(1.,-1.224646799147E-16,0.));
#14834=DIRECTION('',(-1.,1.224646799147E-16,0.));
#14835=DIRECTION('',(0.,0.,1.));
#14836=DIRECTION('center_axis',(-1.224646799147E-16,-1.,0.));
#14837=DIRECTION('ref_axis',(1.,-1.224646799147E-16,0.));
#14838=DIRECTION('',(-1.,1.224646799147E-16,0.));
#14839=DIRECTION('',(1.,-1.224646799147E-16,0.));
#14840=DIRECTION('center_axis',(1.,0.,0.));
#14841=DIRECTION('ref_axis',(0.,-1.,0.));
#14842=DIRECTION('',(0.,-1.,0.));
#14843=DIRECTION('',(0.,0.,-1.));
#14844=DIRECTION('center_axis',(1.224646799147E-16,1.,0.));
#14845=DIRECTION('ref_axis',(-1.,1.224646799147E-16,0.));
#14846=DIRECTION('',(-1.,1.224646799147E-16,0.));
#14847=DIRECTION('',(1.,-1.224646799147E-16,0.));
#14848=DIRECTION('',(0.,0.,-1.));
#14849=DIRECTION('center_axis',(-1.224646799147E-16,-1.,0.));
#14850=DIRECTION('ref_axis',(-1.,1.224646799147E-16,0.));
#14851=DIRECTION('',(1.,-1.224646799147E-16,0.));
#14852=DIRECTION('center_axis',(1.,-1.224646799147E-16,0.));
#14853=DIRECTION('ref_axis',(1.224646799147E-16,1.,0.));
#14854=DIRECTION('',(-1.224646799147E-16,-1.,0.));
#14855=DIRECTION('',(0.,0.,-1.));
#14856=DIRECTION('center_axis',(-1.224646799147E-16,-1.,0.));
#14857=DIRECTION('ref_axis',(1.,-1.224646799147E-16,0.));
#14858=DIRECTION('',(-1.,1.224646799147E-16,0.));
#14859=DIRECTION('',(1.,-1.224646799147E-16,0.));
#14860=DIRECTION('center_axis',(1.224646799147E-16,1.,0.));
#14861=DIRECTION('ref_axis',(1.,-1.224646799147E-16,0.));
#14862=DIRECTION('',(-1.,1.224646799147E-16,0.));
#14863=DIRECTION('',(0.,0.,1.));
#14864=DIRECTION('center_axis',(0.,0.,1.));
#14865=DIRECTION('ref_axis',(1.,0.,0.));
#14866=DIRECTION('',(1.,-1.224646799147E-16,0.));
#14867=DIRECTION('center_axis',(0.,0.,1.));
#14868=DIRECTION('ref_axis',(1.,0.,0.));
#14869=DIRECTION('',(0.,1.,0.));
#14870=DIRECTION('',(1.,0.,0.));
#14871=DIRECTION('',(0.,-1.,0.));
#14872=DIRECTION('center_axis',(-1.,0.,0.));
#14873=DIRECTION('ref_axis',(0.,1.,0.));
#14874=DIRECTION('',(0.,0.,1.));
#14875=DIRECTION('',(0.,1.,0.));
#14876=DIRECTION('center_axis',(1.,0.,0.));
#14877=DIRECTION('ref_axis',(0.,-1.,0.));
#14878=DIRECTION('',(0.,-1.,0.));
#14879=DIRECTION('',(0.,-1.,0.));
#14880=DIRECTION('',(0.,0.,1.));
#14881=DIRECTION('center_axis',(0.,0.,1.));
#14882=DIRECTION('ref_axis',(1.,0.,0.));
#14883=DIRECTION('',(1.,0.,0.));
#14884=DIRECTION('',(0.,-1.,0.));
#14885=DIRECTION('center_axis',(0.,1.,0.));
#14886=DIRECTION('ref_axis',(1.,0.,0.));
#14887=DIRECTION('',(1.,0.,0.));
#14888=DIRECTION('',(0.,0.,1.));
#14889=DIRECTION('',(1.,0.,0.));
#14890=DIRECTION('',(0.,0.,1.));
#14891=DIRECTION('center_axis',(1.,0.,0.));
#14892=DIRECTION('ref_axis',(0.,-1.,0.));
#14893=DIRECTION('',(0.,-1.,0.));
#14894=DIRECTION('',(0.,0.,1.));
#14895=DIRECTION('',(0.,-1.,0.));
#14896=DIRECTION('center_axis',(0.,0.,1.));
#14897=DIRECTION('ref_axis',(1.,0.,0.));
#14898=DIRECTION('',(0.,-1.,0.));
#14899=DIRECTION('',(1.,-1.224646799147E-16,0.));
#14900=DIRECTION('center_axis',(-1.224646799147E-16,-1.,0.));
#14901=DIRECTION('ref_axis',(1.,-1.224646799147E-16,0.));
#14902=DIRECTION('',(1.,-1.224646799147E-16,0.));
#14903=DIRECTION('',(0.,0.,-1.));
#14904=DIRECTION('',(-1.,1.224646799147E-16,0.));
#14905=DIRECTION('',(1.,-1.224646799147E-16,0.));
#14906=DIRECTION('',(0.,0.,1.));
#14907=DIRECTION('center_axis',(1.224646799147E-16,1.,0.));
#14908=DIRECTION('ref_axis',(1.,-1.224646799147E-16,0.));
#14909=DIRECTION('',(1.,-1.224646799147E-16,0.));
#14910=DIRECTION('',(0.,0.,1.));
#14911=DIRECTION('',(1.,-1.224646799147E-16,0.));
#14912=DIRECTION('',(-1.,1.224646799147E-16,0.));
#14913=DIRECTION('center_axis',(1.,-1.224646799147E-16,0.));
#14914=DIRECTION('ref_axis',(1.224646799147E-16,1.,0.));
#14915=DIRECTION('',(1.224646799147E-16,1.,0.));
#14916=DIRECTION('',(0.,0.,-1.));
#14917=DIRECTION('',(1.224646799147E-16,1.,0.));
#14918=DIRECTION('',(0.,0.,-1.));
#14919=DIRECTION('',(-1.224646799147E-16,-1.,0.));
#14920=DIRECTION('',(1.224646799147E-16,1.,0.));
#14921=DIRECTION('',(0.,0.,-1.));
#14922=DIRECTION('center_axis',(-1.224646799147E-16,-1.,0.));
#14923=DIRECTION('ref_axis',(-1.,1.224646799147E-16,0.));
#14924=DIRECTION('',(-1.,1.224646799147E-16,0.));
#14925=DIRECTION('',(0.,0.,-1.));
#14926=DIRECTION('',(1.,-1.224646799147E-16,0.));
#14927=DIRECTION('',(-1.,1.224646799147E-16,0.));
#14928=DIRECTION('',(0.,0.,1.));
#14929=DIRECTION('center_axis',(1.224646799147E-16,1.,0.));
#14930=DIRECTION('ref_axis',(-1.,1.224646799147E-16,0.));
#14931=DIRECTION('',(-1.,1.224646799147E-16,0.));
#14932=DIRECTION('',(0.,0.,1.));
#14933=DIRECTION('',(-1.,1.224646799147E-16,0.));
#14934=DIRECTION('',(1.,-1.224646799147E-16,0.));
#14935=DIRECTION('center_axis',(0.,1.,0.));
#14936=DIRECTION('ref_axis',(-1.,0.,0.));
#14937=DIRECTION('',(-1.,0.,0.));
#14938=DIRECTION('',(0.,0.,-1.));
#14939=DIRECTION('',(1.,0.,0.));
#14940=DIRECTION('',(-1.,0.,0.));
#14941=DIRECTION('',(0.,0.,1.));
#14942=DIRECTION('center_axis',(0.,-1.,0.));
#14943=DIRECTION('ref_axis',(-1.,0.,0.));
#14944=DIRECTION('',(-1.,0.,0.));
#14945=DIRECTION('',(0.,0.,1.));
#14946=DIRECTION('',(-1.,0.,0.));
#14947=DIRECTION('',(1.,0.,0.));
#14948=DIRECTION('',(0.,0.,1.));
#14949=DIRECTION('center_axis',(-1.,0.,0.));
#14950=DIRECTION('ref_axis',(0.,-1.,0.));
#14951=DIRECTION('',(0.,-1.,0.));
#14952=DIRECTION('',(0.,0.,-1.));
#14953=DIRECTION('',(0.,-1.,0.));
#14954=DIRECTION('',(0.,0.,-1.));
#14955=DIRECTION('',(0.,1.,0.));
#14956=DIRECTION('',(0.,-1.,0.));
#14957=DIRECTION('',(0.,0.,-1.));
#14958=DIRECTION('center_axis',(0.,1.,0.));
#14959=DIRECTION('ref_axis',(1.,0.,0.));
#14960=DIRECTION('',(1.,0.,0.));
#14961=DIRECTION('',(0.,0.,-1.));
#14962=DIRECTION('',(-1.,0.,0.));
#14963=DIRECTION('',(1.,0.,0.));
#14964=DIRECTION('',(0.,0.,1.));
#14965=DIRECTION('center_axis',(0.,-1.,0.));
#14966=DIRECTION('ref_axis',(1.,0.,0.));
#14967=DIRECTION('',(1.,0.,0.));
#14968=DIRECTION('',(0.,0.,1.));
#14969=DIRECTION('',(1.,0.,0.));
#14970=DIRECTION('',(-1.,0.,0.));
#14971=DIRECTION('center_axis',(-1.,0.,0.));
#14972=DIRECTION('ref_axis',(0.,1.,0.));
#14973=DIRECTION('',(0.,1.,0.));
#14974=DIRECTION('',(0.,-1.,0.));
#14975=DIRECTION('center_axis',(0.,0.,1.));
#14976=DIRECTION('ref_axis',(1.,0.,0.));
#14977=DIRECTION('',(1.,0.,0.));
#14978=DIRECTION('',(0.,1.,0.));
#14979=DIRECTION('center_axis',(0.,1.,0.));
#14980=DIRECTION('ref_axis',(1.,0.,0.));
#14981=DIRECTION('',(1.,0.,0.));
#14982=DIRECTION('',(0.,0.,1.));
#14983=DIRECTION('',(1.,0.,0.));
#14984=DIRECTION('',(0.,0.,-1.));
#14985=DIRECTION('center_axis',(0.,0.,1.));
#14986=DIRECTION('ref_axis',(1.,0.,0.));
#14987=DIRECTION('',(0.,1.,0.));
#14988=DIRECTION('',(0.707106781186548,0.707106781186548,0.));
#14989=DIRECTION('',(0.,1.,0.));
#14990=DIRECTION('',(-0.707106781186548,0.707106781186548,0.));
#14991=DIRECTION('',(-1.,0.,0.));
#14992=DIRECTION('center_axis',(0.,-1.,0.));
#14993=DIRECTION('ref_axis',(-1.,0.,0.));
#14994=DIRECTION('',(-1.,0.,0.));
#14995=DIRECTION('',(0.,0.,1.));
#14996=DIRECTION('',(0.,0.,1.));
#14997=DIRECTION('center_axis',(1.224646799147E-16,1.,0.));
#14998=DIRECTION('ref_axis',(-1.,1.224646799147E-16,0.));
#14999=DIRECTION('',(0.,0.,-1.));
#15000=DIRECTION('',(-1.,1.224646799147E-16,0.));
#15001=DIRECTION('',(0.,0.,-1.));
#15002=DIRECTION('',(-1.,1.224646799147E-16,0.));
#15003=DIRECTION('center_axis',(-1.,1.224646799147E-16,0.));
#15004=DIRECTION('ref_axis',(-1.224646799147E-16,-1.,0.));
#15005=DIRECTION('',(-1.224646799147E-16,-1.,0.));
#15006=DIRECTION('',(0.,0.,-1.));
#15007=DIRECTION('',(-1.224646799147E-16,-1.,0.));
#15008=DIRECTION('center_axis',(-1.224646799147E-16,-1.,0.));
#15009=DIRECTION('ref_axis',(1.,-1.224646799147E-16,0.));
#15010=DIRECTION('',(1.,-1.224646799147E-16,0.));
#15011=DIRECTION('',(0.,0.,-1.));
#15012=DIRECTION('',(1.,-1.224646799147E-16,0.));
#15013=DIRECTION('center_axis',(1.,-1.224646799147E-16,0.));
#15014=DIRECTION('ref_axis',(1.224646799147E-16,1.,0.));
#15015=DIRECTION('',(1.224646799147E-16,1.,0.));
#15016=DIRECTION('',(1.224646799147E-16,1.,0.));
#15017=DIRECTION('center_axis',(0.,-1.,0.));
#15018=DIRECTION('ref_axis',(1.,0.,0.));
#15019=DIRECTION('',(0.,0.,-1.));
#15020=DIRECTION('',(1.,0.,0.));
#15021=DIRECTION('',(0.,0.,-1.));
#15022=DIRECTION('',(1.,0.,0.));
#15023=DIRECTION('center_axis',(1.,0.,0.));
#15024=DIRECTION('ref_axis',(0.,1.,0.));
#15025=DIRECTION('',(0.,1.,0.));
#15026=DIRECTION('',(0.,0.,-1.));
#15027=DIRECTION('',(0.,1.,0.));
#15028=DIRECTION('center_axis',(0.,1.,0.));
#15029=DIRECTION('ref_axis',(-1.,0.,0.));
#15030=DIRECTION('',(-1.,0.,0.));
#15031=DIRECTION('',(0.,0.,-1.));
#15032=DIRECTION('',(-1.,0.,0.));
#15033=DIRECTION('center_axis',(-1.,0.,0.));
#15034=DIRECTION('ref_axis',(0.,-1.,0.));
#15035=DIRECTION('',(0.,-1.,0.));
#15036=DIRECTION('',(0.,-1.,0.));
#15037=DIRECTION('center_axis',(-1.224646799147E-16,-1.,0.));
#15038=DIRECTION('ref_axis',(-1.,1.224646799147E-16,0.));
#15039=DIRECTION('',(-1.,1.224646799147E-16,0.));
#15040=DIRECTION('',(0.,0.,1.));
#15041=DIRECTION('',(-1.,1.224646799147E-16,0.));
#15042=DIRECTION('',(0.,0.,-1.));
#15043=DIRECTION('center_axis',(0.,0.,1.));
#15044=DIRECTION('ref_axis',(-1.,1.224646799147E-16,0.));
#15045=DIRECTION('',(0.,-1.,0.));
#15046=DIRECTION('',(-0.707106781186548,-0.707106781186548,0.));
#15047=DIRECTION('',(-1.224646799147E-16,-1.,0.));
#15048=DIRECTION('',(0.707106781186548,-0.707106781186548,0.));
#15049=DIRECTION('',(1.,-1.224646799147E-16,0.));
#15050=DIRECTION('center_axis',(1.224646799147E-16,1.,0.));
#15051=DIRECTION('ref_axis',(1.,-1.224646799147E-16,0.));
#15052=DIRECTION('',(1.,-1.224646799147E-16,0.));
#15053=DIRECTION('',(0.,0.,1.));
#15054=DIRECTION('',(0.,0.,1.));
#15055=DIRECTION('center_axis',(0.,0.,1.));
#15056=DIRECTION('ref_axis',(-1.,1.224646799147E-16,0.));
#15057=DIRECTION('',(1.,-1.224646799147E-16,0.));
#15058=DIRECTION('',(-1.224646799147E-16,-1.,0.));
#15059=DIRECTION('',(1.,-1.224646799147E-16,0.));
#15060=DIRECTION('center_axis',(-1.,1.533042083765E-16,0.));
#15061=DIRECTION('ref_axis',(1.533042083765E-16,1.,0.));
#15062=DIRECTION('',(0.,0.,1.));
#15063=DIRECTION('',(1.533042083765E-16,1.,0.));
#15064=DIRECTION('',(0.,0.,1.));
#15065=DIRECTION('',(1.224646799147E-16,1.,0.));
#15066=DIRECTION('',(0.,0.,1.));
#15067=DIRECTION('',(1.533042083765E-16,1.,0.));
#15068=DIRECTION('',(0.,0.,1.));
#15069=DIRECTION('',(1.533042083765E-16,1.,0.));
#15070=DIRECTION('center_axis',(0.,0.,1.));
#15071=DIRECTION('ref_axis',(-1.,1.224646799147E-16,0.));
#15072=DIRECTION('',(2.889981336085E-16,1.,0.));
#15073=DIRECTION('',(0.,-1.,0.));
#15074=DIRECTION('center_axis',(-1.,2.889981336085E-16,0.));
#15075=DIRECTION('ref_axis',(2.889981336085E-16,1.,0.));
#15076=DIRECTION('',(2.889981336085E-16,1.,0.));
#15077=DIRECTION('center_axis',(0.,0.,1.));
#15078=DIRECTION('ref_axis',(-1.,1.224646799147E-16,0.));
#15079=DIRECTION('',(1.224646799147E-16,1.,0.));
#15080=DIRECTION('',(-1.,1.224646799147E-16,0.));
#15081=DIRECTION('',(-1.224646799147E-16,-1.,0.));
#15082=DIRECTION('',(-1.,1.224646799147E-16,0.));
#15083=DIRECTION('',(-1.,1.224646799147E-16,0.));
#15084=DIRECTION('',(-1.,1.224646799147E-16,0.));
#15085=DIRECTION('',(1.,-1.224646799147E-16,0.));
#15086=DIRECTION('',(1.,-1.224646799147E-16,0.));
#15087=DIRECTION('',(1.,-1.224646799147E-16,0.));
#15088=DIRECTION('',(-1.224646799147E-16,-1.,0.));
#15089=DIRECTION('',(1.,-1.224646799147E-16,0.));
#15090=DIRECTION('center_axis',(1.224646799147E-16,1.,0.));
#15091=DIRECTION('ref_axis',(-1.,1.224646799147E-16,0.));
#15092=DIRECTION('',(0.,0.,1.));
#15093=DIRECTION('',(-1.,1.224646799147E-16,0.));
#15094=DIRECTION('',(0.,0.,-1.));
#15095=DIRECTION('',(-1.,1.224646799147E-16,0.));
#15096=DIRECTION('center_axis',(0.,0.,1.));
#15097=DIRECTION('ref_axis',(-1.,1.224646799147E-16,0.));
#15098=DIRECTION('',(-1.224646799147E-16,-1.,0.));
#15099=DIRECTION('',(-1.,1.224646799147E-16,0.));
#15100=DIRECTION('center_axis',(-1.224646799147E-16,-1.,0.));
#15101=DIRECTION('ref_axis',(1.,-1.224646799147E-16,0.));
#15102=DIRECTION('',(1.,-1.224646799147E-16,0.));
#15103=DIRECTION('',(0.,0.,1.));
#15104=DIRECTION('',(0.,0.,-1.));
#15105=DIRECTION('center_axis',(0.,0.,1.));
#15106=DIRECTION('ref_axis',(1.,0.,0.));
#15107=DIRECTION('',(-1.,0.,0.));
#15108=DIRECTION('',(0.,1.,0.));
#15109=DIRECTION('',(-1.,0.,0.));
#15110=DIRECTION('center_axis',(1.,-3.083952846181E-17,0.));
#15111=DIRECTION('ref_axis',(-3.083952846181E-17,-1.,0.));
#15112=DIRECTION('',(0.,0.,1.));
#15113=DIRECTION('',(-3.083952846181E-17,-1.,0.));
#15114=DIRECTION('',(0.,0.,1.));
#15115=DIRECTION('',(0.,-1.,0.));
#15116=DIRECTION('',(0.,0.,1.));
#15117=DIRECTION('',(-3.083952846181E-17,-1.,0.));
#15118=DIRECTION('',(0.,0.,1.));
#15119=DIRECTION('',(-3.083952846181E-17,-1.,0.));
#15120=DIRECTION('center_axis',(0.,0.,1.));
#15121=DIRECTION('ref_axis',(1.,0.,0.));
#15122=DIRECTION('',(-1.665334536938E-16,-1.,0.));
#15123=DIRECTION('',(0.,-1.,0.));
#15124=DIRECTION('center_axis',(1.,-1.665334536938E-16,0.));
#15125=DIRECTION('ref_axis',(-1.665334536938E-16,-1.,0.));
#15126=DIRECTION('',(-1.665334536938E-16,-1.,0.));
#15127=DIRECTION('center_axis',(0.,0.,1.));
#15128=DIRECTION('ref_axis',(1.,0.,0.));
#15129=DIRECTION('',(0.,-1.,0.));
#15130=DIRECTION('',(1.,0.,0.));
#15131=DIRECTION('',(0.,1.,0.));
#15132=DIRECTION('',(1.,0.,0.));
#15133=DIRECTION('',(1.,0.,0.));
#15134=DIRECTION('',(1.,0.,0.));
#15135=DIRECTION('',(-1.,0.,0.));
#15136=DIRECTION('',(-1.,0.,0.));
#15137=DIRECTION('',(-1.,0.,0.));
#15138=DIRECTION('',(0.,1.,0.));
#15139=DIRECTION('',(-1.,0.,0.));
#15140=DIRECTION('center_axis',(0.,-1.,0.));
#15141=DIRECTION('ref_axis',(1.,0.,0.));
#15142=DIRECTION('',(0.,0.,1.));
#15143=DIRECTION('',(1.,0.,0.));
#15144=DIRECTION('',(0.,0.,-1.));
#15145=DIRECTION('',(1.,0.,0.));
#15146=DIRECTION('center_axis',(0.,0.,1.));
#15147=DIRECTION('ref_axis',(1.,0.,0.));
#15148=DIRECTION('',(0.,1.,0.));
#15149=DIRECTION('',(1.,0.,0.));
#15150=DIRECTION('center_axis',(0.,1.,0.));
#15151=DIRECTION('ref_axis',(-1.,0.,0.));
#15152=DIRECTION('',(-1.,0.,0.));
#15153=DIRECTION('',(0.,0.,1.));
#15154=DIRECTION('',(0.,0.,-1.));
#15155=DIRECTION('center_axis',(0.,0.,1.));
#15156=DIRECTION('ref_axis',(1.,0.,0.));
#15157=DIRECTION('',(-1.,0.,0.));
#15158=DIRECTION('',(0.,1.,0.));
#15159=DIRECTION('center_axis',(0.,0.,1.));
#15160=DIRECTION('ref_axis',(1.,0.,0.));
#15161=DIRECTION('',(-0.707106781186548,0.707106781186548,0.));
#15162=DIRECTION('',(0.,1.,0.));
#15163=DIRECTION('',(0.707106781186548,0.707106781186548,0.));
#15164=DIRECTION('center_axis',(-0.707106781186548,0.707106781186548,0.));
#15165=DIRECTION('ref_axis',(0.707106781186548,0.707106781186548,0.));
#15166=DIRECTION('',(0.,0.,1.));
#15167=DIRECTION('center_axis',(-0.707106781186548,-0.707106781186548,0.));
#15168=DIRECTION('ref_axis',(-0.707106781186548,0.707106781186548,0.));
#15169=DIRECTION('',(0.,0.,1.));
#15170=DIRECTION('center_axis',(-1.,0.,0.));
#15171=DIRECTION('ref_axis',(0.,1.,0.));
#15172=DIRECTION('center_axis',(-8.48601953156457E-17,-0.707106781186548,
0.707106781186548));
#15173=DIRECTION('ref_axis',(-1.,1.21237559517869E-16,1.22712039685352E-18));
#15174=DIRECTION('',(-0.577350269189626,-0.577350269189626,-0.577350269189626));
#15175=DIRECTION('',(0.577350269189626,-0.577350269189626,-0.577350269189626));
#15176=DIRECTION('center_axis',(0.707106781186548,-8.48601953156457E-17,
0.707106781186548));
#15177=DIRECTION('ref_axis',(-1.21237559517869E-16,-1.,1.22712039685352E-18));
#15178=DIRECTION('',(0.577350269189626,0.577350269189626,-0.577350269189626));
#15179=DIRECTION('',(-1.224646799147E-16,-1.,0.));
#15180=DIRECTION('center_axis',(8.48601953156457E-17,0.707106781186548,
0.707106781186548));
#15181=DIRECTION('ref_axis',(1.,-1.21237559517869E-16,1.22712039685352E-18));
#15182=DIRECTION('',(-0.577350269189626,0.577350269189626,-0.577350269189626));
#15183=DIRECTION('center_axis',(-0.707106781186548,8.48601953156457E-17,
0.707106781186548));
#15184=DIRECTION('ref_axis',(1.21237559517869E-16,1.,1.22712039685352E-18));
#15185=DIRECTION('center_axis',(-1.73541030784989E-18,0.707106781186548,
0.707106781186548));
#15186=DIRECTION('ref_axis',(1.,1.22712039682169E-18,1.22712039682169E-18));
#15187=DIRECTION('',(0.577350269189626,0.577350269189626,-0.577350269189626));
#15188=DIRECTION('',(-0.577350269189626,0.577350269189626,-0.577350269189626));
#15189=DIRECTION('center_axis',(-0.707106781186548,-1.73541030784989E-18,
0.707106781186548));
#15190=DIRECTION('ref_axis',(-1.22712039682169E-18,1.,1.22712039682169E-18));
#15191=DIRECTION('',(-0.577350269189626,-0.577350269189626,-0.577350269189626));
#15192=DIRECTION('',(0.,1.,0.));
#15193=DIRECTION('center_axis',(1.73541030784989E-18,-0.707106781186548,
0.707106781186548));
#15194=DIRECTION('ref_axis',(-1.,-1.22712039682169E-18,1.22712039682169E-18));
#15195=DIRECTION('',(0.577350269189626,-0.577350269189626,-0.577350269189626));
#15196=DIRECTION('center_axis',(0.707106781186548,1.73541030784989E-18,
0.707106781186548));
#15197=DIRECTION('ref_axis',(1.22712039682169E-18,-1.,1.22712039682169E-18));
#15198=DIRECTION('center_axis',(0.,0.,1.));
#15199=DIRECTION('ref_axis',(1.,0.,0.));
#15200=DIRECTION('',(-1.,1.224646799147E-16,0.));
#15201=DIRECTION('',(0.,-1.,0.));
#15202=DIRECTION('center_axis',(0.,0.,1.));
#15203=DIRECTION('ref_axis',(-1.,1.224646799147E-16,0.));
#15204=DIRECTION('',(0.707106781186548,-0.707106781186548,0.));
#15205=DIRECTION('',(-1.224646799147E-16,-1.,0.));
#15206=DIRECTION('',(-0.707106781186548,-0.707106781186548,0.));
#15207=DIRECTION('center_axis',(0.707106781186548,-0.707106781186548,0.));
#15208=DIRECTION('ref_axis',(-0.707106781186548,-0.707106781186548,0.));
#15209=DIRECTION('',(0.,0.,1.));
#15210=DIRECTION('center_axis',(0.707106781186548,0.707106781186548,0.));
#15211=DIRECTION('ref_axis',(0.707106781186548,-0.707106781186548,0.));
#15212=DIRECTION('',(0.,0.,1.));
#15213=DIRECTION('center_axis',(1.,-1.224646799147E-16,0.));
#15214=DIRECTION('ref_axis',(-1.224646799147E-16,-1.,0.));
#15215=DIRECTION('center_axis',(1.,0.,0.));
#15216=DIRECTION('ref_axis',(0.,-1.,0.));
#15217=DIRECTION('',(0.,0.,1.));
#15218=DIRECTION('',(0.,-1.,0.));
#15219=DIRECTION('center_axis',(1.224646799147E-16,1.,0.));
#15220=DIRECTION('ref_axis',(1.,-1.224646799147E-16,0.));
#15221=DIRECTION('',(1.,-1.224646799147E-16,0.));
#15222=DIRECTION('center_axis',(-1.224646799147E-16,-1.,0.));
#15223=DIRECTION('ref_axis',(-1.,1.224646799147E-16,0.));
#15224=DIRECTION('',(0.,0.,1.));
#15225=DIRECTION('',(-1.,1.224646799147E-16,0.));
#15226=DIRECTION('',(-1.,1.224646799147E-16,0.));
#15227=DIRECTION('center_axis',(0.,0.,1.));
#15228=DIRECTION('ref_axis',(-1.,1.224646799147E-16,0.));
#15229=DIRECTION('',(1.,-1.224646799147E-16,0.));
#15230=DIRECTION('',(1.224646799147E-16,1.,0.));
#15231=DIRECTION('',(-1.224646799147E-16,-1.,0.));
#15232=DIRECTION('',(1.224646799147E-16,1.,0.));
#15233=DIRECTION('center_axis',(1.224646799147E-16,1.,0.));
#15234=DIRECTION('ref_axis',(1.,-1.224646799147E-16,0.));
#15235=DIRECTION('',(1.,-1.224646799147E-16,0.));
#15236=DIRECTION('',(0.,0.,1.));
#15237=DIRECTION('center_axis',(0.,0.,1.));
#15238=DIRECTION('ref_axis',(-1.,1.224646799147E-16,0.));
#15239=DIRECTION('',(-1.,1.224646799147E-16,0.));
#15240=DIRECTION('',(0.,-1.,0.));
#15241=DIRECTION('',(1.224646799147E-16,1.,0.));
#15242=DIRECTION('center_axis',(-1.224646799147E-16,-1.,0.));
#15243=DIRECTION('ref_axis',(-1.,1.224646799147E-16,0.));
#15244=DIRECTION('',(0.,0.,-1.));
#15245=DIRECTION('center_axis',(0.,0.,1.));
#15246=DIRECTION('ref_axis',(-1.,1.224646799147E-16,0.));
#15247=DIRECTION('center_axis',(0.,0.,1.));
#15248=DIRECTION('ref_axis',(-1.,1.224646799147E-16,0.));
#15249=DIRECTION('',(1.224646799147E-16,1.,0.));
#15250=DIRECTION('center_axis',(0.,0.,1.));
#15251=DIRECTION('ref_axis',(-1.,1.224646799147E-16,0.));
#15252=DIRECTION('center_axis',(-1.,1.224646799147E-16,0.));
#15253=DIRECTION('ref_axis',(1.224646799147E-16,1.,0.));
#15254=DIRECTION('center_axis',(1.,0.,0.));
#15255=DIRECTION('ref_axis',(0.,-1.,0.));
#15256=DIRECTION('center_axis',(-1.,1.224646799147E-16,0.));
#15257=DIRECTION('ref_axis',(1.224646799147E-16,1.,0.));
#15258=DIRECTION('center_axis',(-1.,0.,0.));
#15259=DIRECTION('ref_axis',(0.,1.,0.));
#15260=DIRECTION('',(0.,0.,1.));
#15261=DIRECTION('',(0.,1.,0.));
#15262=DIRECTION('center_axis',(0.,-1.,0.));
#15263=DIRECTION('ref_axis',(-1.,0.,0.));
#15264=DIRECTION('',(-1.,0.,0.));
#15265=DIRECTION('center_axis',(0.,1.,0.));
#15266=DIRECTION('ref_axis',(1.,0.,0.));
#15267=DIRECTION('',(0.,0.,1.));
#15268=DIRECTION('',(1.,0.,0.));
#15269=DIRECTION('',(1.,0.,0.));
#15270=DIRECTION('center_axis',(0.,0.,1.));
#15271=DIRECTION('ref_axis',(1.,0.,0.));
#15272=DIRECTION('',(-1.,0.,0.));
#15273=DIRECTION('',(0.,-1.,0.));
#15274=DIRECTION('',(0.,1.,0.));
#15275=DIRECTION('',(0.,-1.,0.));
#15276=DIRECTION('center_axis',(0.,-1.,0.));
#15277=DIRECTION('ref_axis',(-1.,0.,0.));
#15278=DIRECTION('',(-1.,0.,0.));
#15279=DIRECTION('',(0.,0.,1.));
#15280=DIRECTION('center_axis',(0.,0.,1.));
#15281=DIRECTION('ref_axis',(1.,0.,0.));
#15282=DIRECTION('',(1.,0.,0.));
#15283=DIRECTION('',(0.,1.,0.));
#15284=DIRECTION('',(0.,-1.,0.));
#15285=DIRECTION('center_axis',(0.,1.,0.));
#15286=DIRECTION('ref_axis',(1.,0.,0.));
#15287=DIRECTION('',(0.,0.,-1.));
#15288=DIRECTION('center_axis',(0.,0.,1.));
#15289=DIRECTION('ref_axis',(1.,0.,0.));
#15290=DIRECTION('center_axis',(0.,0.,1.));
#15291=DIRECTION('ref_axis',(1.,0.,0.));
#15292=DIRECTION('',(0.,-1.,0.));
#15293=DIRECTION('center_axis',(0.,0.,1.));
#15294=DIRECTION('ref_axis',(1.,0.,0.));
#15295=DIRECTION('center_axis',(1.,0.,0.));
#15296=DIRECTION('ref_axis',(0.,-1.,0.));
#15297=DIRECTION('center_axis',(-1.,0.,0.));
#15298=DIRECTION('ref_axis',(0.,1.,0.));
#15299=DIRECTION('center_axis',(1.,0.,0.));
#15300=DIRECTION('ref_axis',(0.,-1.,0.));
#15301=DIRECTION('center_axis',(1.,0.,0.));
#15302=DIRECTION('ref_axis',(0.,-1.,0.));
#15303=DIRECTION('',(0.,-1.,0.));
#15304=DIRECTION('',(0.,0.,1.));
#15305=DIRECTION('',(0.,-1.,0.));
#15306=DIRECTION('center_axis',(0.,0.,1.));
#15307=DIRECTION('ref_axis',(1.,0.,0.));
#15308=DIRECTION('',(0.,-1.,0.));
#15309=DIRECTION('',(1.,-1.224646799147E-16,0.));
#15310=DIRECTION('center_axis',(1.,0.,0.));
#15311=DIRECTION('ref_axis',(0.,-1.,0.));
#15312=DIRECTION('',(0.,-1.,0.));
#15313=DIRECTION('',(0.,0.,1.));
#15314=DIRECTION('',(0.,-1.,0.));
#15315=DIRECTION('',(0.,0.,-1.));
#15316=DIRECTION('',(0.,-1.,0.));
#15317=DIRECTION('',(0.,0.,1.));
#15318=DIRECTION('center_axis',(0.,0.,1.));
#15319=DIRECTION('ref_axis',(1.,0.,0.));
#15320=DIRECTION('',(0.,1.,0.));
#15321=DIRECTION('',(-1.,0.,0.));
#15322=DIRECTION('',(1.,0.,0.));
#15323=DIRECTION('',(0.,-1.,0.));
#15324=DIRECTION('',(-1.,0.,0.));
#15325=DIRECTION('',(0.,1.,0.));
#15326=DIRECTION('',(-1.,1.224646799147E-16,0.));
#15327=DIRECTION('',(1.224646799147E-16,1.,0.));
#15328=DIRECTION('',(1.,-1.224646799147E-16,0.));
#15329=DIRECTION('',(-1.224646799147E-16,-1.,0.));
#15330=DIRECTION('center_axis',(0.,0.,1.));
#15331=DIRECTION('ref_axis',(1.,0.,0.));
#15332=DIRECTION('',(-1.,1.224646799147E-16,0.));
#15333=DIRECTION('',(1.,-1.224646799147E-16,0.));
#15334=DIRECTION('',(-1.,1.224646799147E-16,0.));
#15335=DIRECTION('',(-1.224646799147E-16,-1.,0.));
#15336=DIRECTION('',(1.,-1.224646799147E-16,0.));
#15337=DIRECTION('',(-1.,1.224646799147E-16,0.));
#15338=DIRECTION('',(1.,-1.224646799147E-16,0.));
#15339=DIRECTION('',(0.,-1.,0.));
#15340=DIRECTION('',(-1.,0.,0.));
#15341=DIRECTION('',(0.,1.,0.));
#15342=DIRECTION('',(1.,0.,0.));
#15343=DIRECTION('',(-1.,0.,0.));
#15344=DIRECTION('',(1.,0.,0.));
#15345=DIRECTION('',(0.,1.,0.));
#15346=DIRECTION('',(-1.,0.,0.));
#15347=DIRECTION('',(1.,0.,0.));
#15348=DIRECTION('',(-1.,0.,0.));
#15349=DIRECTION('',(0.,1.,0.));
#15350=DIRECTION('center_axis',(-1.,0.,0.));
#15351=DIRECTION('ref_axis',(0.,1.,0.));
#15352=DIRECTION('',(0.,1.,0.));
#15353=DIRECTION('',(0.,0.,-1.));
#15354=DIRECTION('',(0.,1.,0.));
#15355=DIRECTION('',(0.,0.,1.));
#15356=DIRECTION('',(0.,1.,0.));
#15357=DIRECTION('',(0.,0.,1.));
#15358=DIRECTION('center_axis',(-1.224646799147E-16,-1.,0.));
#15359=DIRECTION('ref_axis',(1.,-1.224646799147E-16,0.));
#15360=DIRECTION('',(1.,-1.224646799147E-16,0.));
#15361=DIRECTION('',(0.,0.,-1.));
#15362=DIRECTION('',(0.,0.,1.));
#15363=DIRECTION('center_axis',(1.224646799147E-16,1.,0.));
#15364=DIRECTION('ref_axis',(1.,-1.224646799147E-16,0.));
#15365=DIRECTION('',(1.,-1.224646799147E-16,0.));
#15366=DIRECTION('',(0.,0.,1.));
#15367=DIRECTION('',(1.,-1.224646799147E-16,0.));
#15368=DIRECTION('center_axis',(1.,-1.224646799147E-16,0.));
#15369=DIRECTION('ref_axis',(1.224646799147E-16,1.,0.));
#15370=DIRECTION('',(1.224646799147E-16,1.,0.));
#15371=DIRECTION('',(0.,0.,-1.));
#15372=DIRECTION('',(1.224646799147E-16,1.,0.));
#15373=DIRECTION('',(0.,0.,-1.));
#15374=DIRECTION('',(1.224646799147E-16,1.,0.));
#15375=DIRECTION('',(0.,0.,-1.));
#15376=DIRECTION('center_axis',(-1.224646799147E-16,-1.,0.));
#15377=DIRECTION('ref_axis',(-1.,1.224646799147E-16,0.));
#15378=DIRECTION('',(-1.,1.224646799147E-16,0.));
#15379=DIRECTION('',(0.,0.,-1.));
#15380=DIRECTION('',(-1.,1.224646799147E-16,0.));
#15381=DIRECTION('',(0.,0.,1.));
#15382=DIRECTION('center_axis',(1.224646799147E-16,1.,0.));
#15383=DIRECTION('ref_axis',(-1.,1.224646799147E-16,0.));
#15384=DIRECTION('',(-1.,1.224646799147E-16,0.));
#15385=DIRECTION('',(0.,0.,1.));
#15386=DIRECTION('center_axis',(1.,0.,0.));
#15387=DIRECTION('ref_axis',(0.,-1.,0.));
#15388=DIRECTION('',(0.,-1.,0.));
#15389=DIRECTION('',(0.,0.,1.));
#15390=DIRECTION('center_axis',(0.,-1.,0.));
#15391=DIRECTION('ref_axis',(-1.,0.,0.));
#15392=DIRECTION('',(-1.,0.,0.));
#15393=DIRECTION('',(0.,0.,1.));
#15394=DIRECTION('',(-1.,0.,0.));
#15395=DIRECTION('center_axis',(-1.,0.,0.));
#15396=DIRECTION('ref_axis',(0.,1.,0.));
#15397=DIRECTION('',(0.,-1.,0.));
#15398=DIRECTION('',(0.,0.,1.));
#15399=DIRECTION('center_axis',(0.,1.,0.));
#15400=DIRECTION('ref_axis',(-1.,0.,0.));
#15401=DIRECTION('',(-1.,0.,0.));
#15402=DIRECTION('',(0.,0.,-1.));
#15403=DIRECTION('',(0.,0.,1.));
#15404=DIRECTION('center_axis',(0.,-1.,0.));
#15405=DIRECTION('ref_axis',(-1.,0.,0.));
#15406=DIRECTION('',(-1.,0.,0.));
#15407=DIRECTION('',(0.,0.,1.));
#15408=DIRECTION('',(-1.,0.,0.));
#15409=DIRECTION('center_axis',(-1.,0.,0.));
#15410=DIRECTION('ref_axis',(0.,-1.,0.));
#15411=DIRECTION('',(0.,-1.,0.));
#15412=DIRECTION('',(0.,0.,-1.));
#15413=DIRECTION('',(0.,-1.,0.));
#15414=DIRECTION('',(0.,0.,-1.));
#15415=DIRECTION('',(0.,-1.,0.));
#15416=DIRECTION('',(0.,0.,-1.));
#15417=DIRECTION('center_axis',(0.,1.,0.));
#15418=DIRECTION('ref_axis',(1.,0.,0.));
#15419=DIRECTION('',(1.,0.,0.));
#15420=DIRECTION('',(0.,0.,-1.));
#15421=DIRECTION('',(1.,0.,0.));
#15422=DIRECTION('',(0.,0.,1.));
#15423=DIRECTION('center_axis',(0.,-1.,0.));
#15424=DIRECTION('ref_axis',(1.,0.,0.));
#15425=DIRECTION('',(1.,0.,0.));
#15426=DIRECTION('',(0.,0.,1.));
#15427=DIRECTION('center_axis',(-1.,0.,0.));
#15428=DIRECTION('ref_axis',(0.,1.,0.));
#15429=DIRECTION('',(0.,-1.,0.));
#15430=DIRECTION('center_axis',(0.,0.,1.));
#15431=DIRECTION('ref_axis',(1.,0.,0.));
#15432=DIRECTION('',(1.,0.,0.));
#15433=DIRECTION('center_axis',(0.,1.,0.));
#15434=DIRECTION('ref_axis',(1.,0.,0.));
#15435=DIRECTION('',(1.,0.,0.));
#15436=DIRECTION('',(0.,0.,1.));
#15437=DIRECTION('',(1.,0.,0.));
#15438=DIRECTION('center_axis',(0.,0.,1.));
#15439=DIRECTION('ref_axis',(1.,0.,0.));
#15440=DIRECTION('',(0.707106781186548,0.707106781186548,0.));
#15441=DIRECTION('',(0.,1.,0.));
#15442=DIRECTION('',(-0.707106781186548,0.707106781186548,0.));
#15443=DIRECTION('',(-1.,0.,0.));
#15444=DIRECTION('center_axis',(0.,-1.,0.));
#15445=DIRECTION('ref_axis',(-1.,0.,0.));
#15446=DIRECTION('',(-1.,0.,0.));
#15447=DIRECTION('',(0.,0.,1.));
#15448=DIRECTION('center_axis',(0.,0.,1.));
#15449=DIRECTION('ref_axis',(1.,0.,0.));
#15450=DIRECTION('',(-1.,0.,0.));
#15451=DIRECTION('center_axis',(1.224646799147E-16,1.,0.));
#15452=DIRECTION('ref_axis',(-1.,1.224646799147E-16,0.));
#15453=DIRECTION('',(0.,0.,-1.));
#15454=DIRECTION('',(0.,0.,-1.));
#15455=DIRECTION('',(-1.,1.224646799147E-16,0.));
#15456=DIRECTION('center_axis',(-1.,1.224646799147E-16,0.));
#15457=DIRECTION('ref_axis',(-1.224646799147E-16,-1.,0.));
#15458=DIRECTION('',(0.,0.,-1.));
#15459=DIRECTION('',(-1.224646799147E-16,-1.,0.));
#15460=DIRECTION('center_axis',(-1.224646799147E-16,-1.,0.));
#15461=DIRECTION('ref_axis',(1.,-1.224646799147E-16,0.));
#15462=DIRECTION('',(0.,0.,-1.));
#15463=DIRECTION('',(1.,-1.224646799147E-16,0.));
#15464=DIRECTION('center_axis',(1.,-1.224646799147E-16,0.));
#15465=DIRECTION('ref_axis',(1.224646799147E-16,1.,0.));
#15466=DIRECTION('',(1.224646799147E-16,1.,0.));
#15467=DIRECTION('center_axis',(0.,-1.,0.));
#15468=DIRECTION('ref_axis',(1.,0.,0.));
#15469=DIRECTION('',(0.,0.,-1.));
#15470=DIRECTION('',(0.,0.,-1.));
#15471=DIRECTION('',(1.,0.,0.));
#15472=DIRECTION('center_axis',(1.,0.,0.));
#15473=DIRECTION('ref_axis',(0.,1.,0.));
#15474=DIRECTION('',(0.,0.,-1.));
#15475=DIRECTION('',(0.,1.,0.));
#15476=DIRECTION('center_axis',(0.,1.,0.));
#15477=DIRECTION('ref_axis',(-1.,0.,0.));
#15478=DIRECTION('',(0.,0.,-1.));
#15479=DIRECTION('',(-1.,0.,0.));
#15480=DIRECTION('center_axis',(-1.,0.,0.));
#15481=DIRECTION('ref_axis',(0.,-1.,0.));
#15482=DIRECTION('',(0.,-1.,0.));
#15483=DIRECTION('center_axis',(0.,0.,1.));
#15484=DIRECTION('ref_axis',(1.,0.,0.));
#15485=DIRECTION('',(-1.,1.224646799147E-16,0.));
#15486=DIRECTION('center_axis',(-1.224646799147E-16,-1.,0.));
#15487=DIRECTION('ref_axis',(-1.,1.224646799147E-16,0.));
#15488=DIRECTION('',(-1.,1.224646799147E-16,0.));
#15489=DIRECTION('',(0.,0.,1.));
#15490=DIRECTION('',(-1.,1.224646799147E-16,0.));
#15491=DIRECTION('center_axis',(0.,0.,1.));
#15492=DIRECTION('ref_axis',(-1.,1.224646799147E-16,0.));
#15493=DIRECTION('',(-0.707106781186548,-0.707106781186548,0.));
#15494=DIRECTION('',(-1.224646799147E-16,-1.,0.));
#15495=DIRECTION('',(0.707106781186548,-0.707106781186548,0.));
#15496=DIRECTION('',(1.,-1.224646799147E-16,0.));
#15497=DIRECTION('center_axis',(1.224646799147E-16,1.,0.));
#15498=DIRECTION('ref_axis',(1.,-1.224646799147E-16,0.));
#15499=DIRECTION('',(1.,-1.224646799147E-16,0.));
#15500=DIRECTION('',(0.,0.,1.));
#15501=DIRECTION('center_axis',(0.,0.,1.));
#15502=DIRECTION('ref_axis',(-1.,1.224646799147E-16,0.));
#15503=DIRECTION('',(1.,-1.224646799147E-16,0.));
#15504=DIRECTION('',(-1.224646799147E-16,-1.,0.));
#15505=DIRECTION('',(1.,-1.224646799147E-16,0.));
#15506=DIRECTION('center_axis',(-1.,1.533042083765E-16,0.));
#15507=DIRECTION('ref_axis',(1.533042083765E-16,1.,0.));
#15508=DIRECTION('',(0.,0.,1.));
#15509=DIRECTION('',(1.533042083765E-16,1.,0.));
#15510=DIRECTION('',(0.,0.,1.));
#15511=DIRECTION('',(1.224646799147E-16,1.,0.));
#15512=DIRECTION('',(0.,0.,1.));
#15513=DIRECTION('',(1.533042083765E-16,1.,0.));
#15514=DIRECTION('',(0.,0.,1.));
#15515=DIRECTION('',(1.533042083765E-16,1.,0.));
#15516=DIRECTION('center_axis',(0.,0.,1.));
#15517=DIRECTION('ref_axis',(-1.,1.224646799147E-16,0.));
#15518=DIRECTION('',(2.889981336085E-16,1.,0.));
#15519=DIRECTION('',(0.,-1.,0.));
#15520=DIRECTION('center_axis',(-1.,2.889981336085E-16,0.));
#15521=DIRECTION('ref_axis',(2.889981336085E-16,1.,0.));
#15522=DIRECTION('',(2.889981336085E-16,1.,0.));
#15523=DIRECTION('center_axis',(0.,0.,1.));
#15524=DIRECTION('ref_axis',(-1.,1.224646799147E-16,0.));
#15525=DIRECTION('',(1.224646799147E-16,1.,0.));
#15526=DIRECTION('',(-1.,1.224646799147E-16,0.));
#15527=DIRECTION('',(-1.224646799147E-16,-1.,0.));
#15528=DIRECTION('',(-1.,1.224646799147E-16,0.));
#15529=DIRECTION('',(-1.,1.224646799147E-16,0.));
#15530=DIRECTION('',(-1.,1.224646799147E-16,0.));
#15531=DIRECTION('',(1.,-1.224646799147E-16,0.));
#15532=DIRECTION('',(1.,-1.224646799147E-16,0.));
#15533=DIRECTION('',(1.,-1.224646799147E-16,0.));
#15534=DIRECTION('',(-1.224646799147E-16,-1.,0.));
#15535=DIRECTION('',(1.,-1.224646799147E-16,0.));
#15536=DIRECTION('center_axis',(1.224646799147E-16,1.,0.));
#15537=DIRECTION('ref_axis',(-1.,1.224646799147E-16,0.));
#15538=DIRECTION('',(0.,0.,1.));
#15539=DIRECTION('',(-1.,1.224646799147E-16,0.));
#15540=DIRECTION('',(0.,0.,-1.));
#15541=DIRECTION('',(-1.,1.224646799147E-16,0.));
#15542=DIRECTION('center_axis',(0.,0.,1.));
#15543=DIRECTION('ref_axis',(-1.,1.224646799147E-16,0.));
#15544=DIRECTION('',(-1.224646799147E-16,-1.,0.));
#15545=DIRECTION('',(-1.,1.224646799147E-16,0.));
#15546=DIRECTION('center_axis',(-1.224646799147E-16,-1.,0.));
#15547=DIRECTION('ref_axis',(1.,-1.224646799147E-16,0.));
#15548=DIRECTION('',(1.,-1.224646799147E-16,0.));
#15549=DIRECTION('',(0.,0.,1.));
#15550=DIRECTION('',(0.,0.,-1.));
#15551=DIRECTION('center_axis',(0.,0.,1.));
#15552=DIRECTION('ref_axis',(1.,0.,0.));
#15553=DIRECTION('',(-1.,0.,0.));
#15554=DIRECTION('',(0.,1.,0.));
#15555=DIRECTION('',(-1.,0.,0.));
#15556=DIRECTION('center_axis',(1.,-3.083952846181E-17,0.));
#15557=DIRECTION('ref_axis',(-3.083952846181E-17,-1.,0.));
#15558=DIRECTION('',(0.,0.,1.));
#15559=DIRECTION('',(-3.083952846181E-17,-1.,0.));
#15560=DIRECTION('',(0.,0.,1.));
#15561=DIRECTION('',(0.,-1.,0.));
#15562=DIRECTION('',(0.,0.,1.));
#15563=DIRECTION('',(-3.083952846181E-17,-1.,0.));
#15564=DIRECTION('',(0.,0.,1.));
#15565=DIRECTION('',(-3.083952846181E-17,-1.,0.));
#15566=DIRECTION('center_axis',(0.,0.,1.));
#15567=DIRECTION('ref_axis',(1.,0.,0.));
#15568=DIRECTION('',(-1.665334536938E-16,-1.,0.));
#15569=DIRECTION('',(0.,-1.,0.));
#15570=DIRECTION('center_axis',(1.,-1.665334536938E-16,0.));
#15571=DIRECTION('ref_axis',(-1.665334536938E-16,-1.,0.));
#15572=DIRECTION('',(-1.665334536938E-16,-1.,0.));
#15573=DIRECTION('center_axis',(0.,0.,1.));
#15574=DIRECTION('ref_axis',(1.,0.,0.));
#15575=DIRECTION('',(0.,-1.,0.));
#15576=DIRECTION('',(1.,0.,0.));
#15577=DIRECTION('',(0.,1.,0.));
#15578=DIRECTION('',(1.,0.,0.));
#15579=DIRECTION('',(1.,0.,0.));
#15580=DIRECTION('',(1.,0.,0.));
#15581=DIRECTION('',(-1.,0.,0.));
#15582=DIRECTION('',(-1.,0.,0.));
#15583=DIRECTION('',(-1.,0.,0.));
#15584=DIRECTION('',(0.,1.,0.));
#15585=DIRECTION('',(-1.,0.,0.));
#15586=DIRECTION('center_axis',(0.,-1.,0.));
#15587=DIRECTION('ref_axis',(1.,0.,0.));
#15588=DIRECTION('',(0.,0.,1.));
#15589=DIRECTION('',(1.,0.,0.));
#15590=DIRECTION('',(0.,0.,-1.));
#15591=DIRECTION('',(1.,0.,0.));
#15592=DIRECTION('center_axis',(0.,0.,1.));
#15593=DIRECTION('ref_axis',(1.,0.,0.));
#15594=DIRECTION('',(0.,1.,0.));
#15595=DIRECTION('',(1.,0.,0.));
#15596=DIRECTION('center_axis',(0.,1.,0.));
#15597=DIRECTION('ref_axis',(-1.,0.,0.));
#15598=DIRECTION('',(-1.,0.,0.));
#15599=DIRECTION('',(0.,0.,1.));
#15600=DIRECTION('',(0.,0.,-1.));
#15601=DIRECTION('center_axis',(0.,0.,1.));
#15602=DIRECTION('ref_axis',(1.,0.,0.));
#15603=DIRECTION('',(0.,1.,0.));
#15604=DIRECTION('center_axis',(0.,0.,1.));
#15605=DIRECTION('ref_axis',(1.,0.,0.));
#15606=DIRECTION('',(-0.707106781186548,0.707106781186548,0.));
#15607=DIRECTION('',(0.,1.,0.));
#15608=DIRECTION('',(0.707106781186548,0.707106781186548,0.));
#15609=DIRECTION('center_axis',(-0.707106781186548,0.707106781186548,0.));
#15610=DIRECTION('ref_axis',(0.707106781186548,0.707106781186548,0.));
#15611=DIRECTION('',(0.,0.,1.));
#15612=DIRECTION('center_axis',(-0.707106781186548,-0.707106781186548,0.));
#15613=DIRECTION('ref_axis',(-0.707106781186548,0.707106781186548,0.));
#15614=DIRECTION('',(0.,0.,1.));
#15615=DIRECTION('center_axis',(-1.,0.,0.));
#15616=DIRECTION('ref_axis',(0.,1.,0.));
#15617=DIRECTION('center_axis',(-8.48601953156457E-17,-0.707106781186548,
0.707106781186548));
#15618=DIRECTION('ref_axis',(-1.,1.21237559517869E-16,1.22712039685352E-18));
#15619=DIRECTION('',(-0.577350269189626,-0.577350269189626,-0.577350269189626));
#15620=DIRECTION('',(0.577350269189626,-0.577350269189626,-0.577350269189626));
#15621=DIRECTION('center_axis',(0.707106781186548,-8.48601953156457E-17,
0.707106781186548));
#15622=DIRECTION('ref_axis',(-1.21237559517869E-16,-1.,1.22712039685352E-18));
#15623=DIRECTION('',(0.577350269189626,0.577350269189626,-0.577350269189626));
#15624=DIRECTION('',(-1.224646799147E-16,-1.,0.));
#15625=DIRECTION('center_axis',(8.48601953156457E-17,0.707106781186548,
0.707106781186548));
#15626=DIRECTION('ref_axis',(1.,-1.21237559517869E-16,1.22712039685352E-18));
#15627=DIRECTION('',(-0.577350269189626,0.577350269189626,-0.577350269189626));
#15628=DIRECTION('center_axis',(-0.707106781186548,8.48601953156457E-17,
0.707106781186548));
#15629=DIRECTION('ref_axis',(1.21237559517869E-16,1.,1.22712039685352E-18));
#15630=DIRECTION('center_axis',(-1.73541030784989E-18,0.707106781186548,
0.707106781186548));
#15631=DIRECTION('ref_axis',(1.,1.22712039682169E-18,1.22712039682169E-18));
#15632=DIRECTION('',(0.577350269189626,0.577350269189626,-0.577350269189626));
#15633=DIRECTION('',(-0.577350269189626,0.577350269189626,-0.577350269189626));
#15634=DIRECTION('center_axis',(-0.707106781186548,-1.73541030784989E-18,
0.707106781186548));
#15635=DIRECTION('ref_axis',(-1.22712039682169E-18,1.,1.22712039682169E-18));
#15636=DIRECTION('',(-0.577350269189626,-0.577350269189626,-0.577350269189626));
#15637=DIRECTION('',(0.,1.,0.));
#15638=DIRECTION('center_axis',(1.73541030784989E-18,-0.707106781186548,
0.707106781186548));
#15639=DIRECTION('ref_axis',(-1.,-1.22712039682169E-18,1.22712039682169E-18));
#15640=DIRECTION('',(0.577350269189626,-0.577350269189626,-0.577350269189626));
#15641=DIRECTION('center_axis',(0.707106781186548,1.73541030784989E-18,
0.707106781186548));
#15642=DIRECTION('ref_axis',(1.22712039682169E-18,-1.,1.22712039682169E-18));
#15643=DIRECTION('center_axis',(0.,0.,1.));
#15644=DIRECTION('ref_axis',(1.,0.,0.));
#15645=DIRECTION('',(0.,-1.,0.));
#15646=DIRECTION('center_axis',(0.,0.,1.));
#15647=DIRECTION('ref_axis',(-1.,1.224646799147E-16,0.));
#15648=DIRECTION('',(0.707106781186548,-0.707106781186548,0.));
#15649=DIRECTION('',(-1.224646799147E-16,-1.,0.));
#15650=DIRECTION('',(-0.707106781186548,-0.707106781186548,0.));
#15651=DIRECTION('center_axis',(0.707106781186548,-0.707106781186548,0.));
#15652=DIRECTION('ref_axis',(-0.707106781186548,-0.707106781186548,0.));
#15653=DIRECTION('',(0.,0.,1.));
#15654=DIRECTION('center_axis',(0.707106781186548,0.707106781186548,0.));
#15655=DIRECTION('ref_axis',(0.707106781186548,-0.707106781186548,0.));
#15656=DIRECTION('',(0.,0.,1.));
#15657=DIRECTION('center_axis',(1.,-1.224646799147E-16,0.));
#15658=DIRECTION('ref_axis',(-1.224646799147E-16,-1.,0.));
#15659=DIRECTION('center_axis',(1.,0.,0.));
#15660=DIRECTION('ref_axis',(0.,-1.,0.));
#15661=DIRECTION('',(0.,0.,1.));
#15662=DIRECTION('',(0.,-1.,0.));
#15663=DIRECTION('center_axis',(1.224646799147E-16,1.,0.));
#15664=DIRECTION('ref_axis',(1.,-1.224646799147E-16,0.));
#15665=DIRECTION('',(1.,-1.224646799147E-16,0.));
#15666=DIRECTION('center_axis',(-1.224646799147E-16,-1.,0.));
#15667=DIRECTION('ref_axis',(-1.,1.224646799147E-16,0.));
#15668=DIRECTION('',(0.,0.,1.));
#15669=DIRECTION('',(-1.,1.224646799147E-16,0.));
#15670=DIRECTION('',(-1.,1.224646799147E-16,0.));
#15671=DIRECTION('center_axis',(0.,0.,1.));
#15672=DIRECTION('ref_axis',(-1.,1.224646799147E-16,0.));
#15673=DIRECTION('',(1.,-1.224646799147E-16,0.));
#15674=DIRECTION('',(1.224646799147E-16,1.,0.));
#15675=DIRECTION('',(-1.224646799147E-16,-1.,0.));
#15676=DIRECTION('',(1.224646799147E-16,1.,0.));
#15677=DIRECTION('center_axis',(1.224646799147E-16,1.,0.));
#15678=DIRECTION('ref_axis',(1.,-1.224646799147E-16,0.));
#15679=DIRECTION('',(1.,-1.224646799147E-16,0.));
#15680=DIRECTION('',(0.,0.,1.));
#15681=DIRECTION('center_axis',(0.,0.,1.));
#15682=DIRECTION('ref_axis',(-1.,1.224646799147E-16,0.));
#15683=DIRECTION('',(-1.,1.224646799147E-16,0.));
#15684=DIRECTION('',(0.,-1.,0.));
#15685=DIRECTION('',(1.224646799147E-16,1.,0.));
#15686=DIRECTION('center_axis',(-1.224646799147E-16,-1.,0.));
#15687=DIRECTION('ref_axis',(-1.,1.224646799147E-16,0.));
#15688=DIRECTION('',(0.,0.,-1.));
#15689=DIRECTION('center_axis',(0.,0.,1.));
#15690=DIRECTION('ref_axis',(-1.,1.224646799147E-16,0.));
#15691=DIRECTION('center_axis',(0.,0.,1.));
#15692=DIRECTION('ref_axis',(-1.,1.224646799147E-16,0.));
#15693=DIRECTION('',(1.224646799147E-16,1.,0.));
#15694=DIRECTION('center_axis',(0.,0.,1.));
#15695=DIRECTION('ref_axis',(-1.,1.224646799147E-16,0.));
#15696=DIRECTION('center_axis',(-1.,1.224646799147E-16,0.));
#15697=DIRECTION('ref_axis',(1.224646799147E-16,1.,0.));
#15698=DIRECTION('center_axis',(1.,0.,0.));
#15699=DIRECTION('ref_axis',(0.,-1.,0.));
#15700=DIRECTION('center_axis',(-1.,1.224646799147E-16,0.));
#15701=DIRECTION('ref_axis',(1.224646799147E-16,1.,0.));
#15702=DIRECTION('center_axis',(-1.,0.,0.));
#15703=DIRECTION('ref_axis',(0.,1.,0.));
#15704=DIRECTION('',(0.,0.,1.));
#15705=DIRECTION('',(0.,1.,0.));
#15706=DIRECTION('center_axis',(0.,-1.,0.));
#15707=DIRECTION('ref_axis',(-1.,0.,0.));
#15708=DIRECTION('',(-1.,0.,0.));
#15709=DIRECTION('center_axis',(0.,1.,0.));
#15710=DIRECTION('ref_axis',(1.,0.,0.));
#15711=DIRECTION('',(0.,0.,1.));
#15712=DIRECTION('',(1.,0.,0.));
#15713=DIRECTION('',(1.,0.,0.));
#15714=DIRECTION('center_axis',(0.,0.,1.));
#15715=DIRECTION('ref_axis',(1.,0.,0.));
#15716=DIRECTION('',(-1.,0.,0.));
#15717=DIRECTION('',(0.,-1.,0.));
#15718=DIRECTION('',(0.,1.,0.));
#15719=DIRECTION('',(0.,-1.,0.));
#15720=DIRECTION('center_axis',(0.,-1.,0.));
#15721=DIRECTION('ref_axis',(-1.,0.,0.));
#15722=DIRECTION('',(-1.,0.,0.));
#15723=DIRECTION('',(0.,0.,1.));
#15724=DIRECTION('center_axis',(0.,0.,1.));
#15725=DIRECTION('ref_axis',(1.,0.,0.));
#15726=DIRECTION('',(1.,0.,0.));
#15727=DIRECTION('',(0.,1.,0.));
#15728=DIRECTION('',(0.,-1.,0.));
#15729=DIRECTION('center_axis',(0.,1.,0.));
#15730=DIRECTION('ref_axis',(1.,0.,0.));
#15731=DIRECTION('',(0.,0.,-1.));
#15732=DIRECTION('center_axis',(0.,0.,1.));
#15733=DIRECTION('ref_axis',(1.,0.,0.));
#15734=DIRECTION('center_axis',(0.,0.,1.));
#15735=DIRECTION('ref_axis',(1.,0.,0.));
#15736=DIRECTION('',(0.,-1.,0.));
#15737=DIRECTION('center_axis',(0.,0.,1.));
#15738=DIRECTION('ref_axis',(1.,0.,0.));
#15739=DIRECTION('center_axis',(1.,0.,0.));
#15740=DIRECTION('ref_axis',(0.,-1.,0.));
#15741=DIRECTION('center_axis',(-1.,0.,0.));
#15742=DIRECTION('ref_axis',(0.,1.,0.));
#15743=DIRECTION('center_axis',(1.,0.,0.));
#15744=DIRECTION('ref_axis',(0.,-1.,0.));
#15745=CARTESIAN_POINT('',(0.,0.,0.));
#15746=CARTESIAN_POINT('Origin',(0.621185185185,-6.97,0.6));
#15747=CARTESIAN_POINT('',(0.621185185185,-6.97,0.6));
#15748=CARTESIAN_POINT('',(0.621185185185,-6.97,3.5));
#15749=CARTESIAN_POINT('',(0.621185185185,-6.97,0.6));
#15750=CARTESIAN_POINT('',(0.621185185185,-7.17,0.6));
#15751=CARTESIAN_POINT('',(0.621185185185,-6.97,0.6));
#15752=CARTESIAN_POINT('',(0.621185185185,-7.17,3.5));
#15753=CARTESIAN_POINT('',(0.621185185185,-7.17,0.6));
#15754=CARTESIAN_POINT('',(0.621185185185,-6.97,3.5));
#15755=CARTESIAN_POINT('Origin',(1.92,-8.89,3.451266460342E-31));
#15756=CARTESIAN_POINT('',(1.92,-7.87,0.6));
#15757=CARTESIAN_POINT('',(1.92,-7.87,0.4));
#15758=CARTESIAN_POINT('',(1.92,-7.87,1.725633230171E-31));
#15759=CARTESIAN_POINT('',(1.92,-8.27,0.4));
#15760=CARTESIAN_POINT('',(1.92,-8.27,0.4));
#15761=CARTESIAN_POINT('',(1.92,-8.27,0.6));
#15762=CARTESIAN_POINT('',(1.92,-8.27,3.5));
#15763=CARTESIAN_POINT('',(1.92,-8.255,0.6));
#15764=CARTESIAN_POINT('Origin',(0.621185185185,-8.07,0.6));
#15765=CARTESIAN_POINT('',(0.621185185185,-8.07,0.6));
#15766=CARTESIAN_POINT('',(0.621185185185,-8.07,3.5));
#15767=CARTESIAN_POINT('',(0.621185185185,-8.07,0.6));
#15768=CARTESIAN_POINT('',(0.621185185185,-8.27,0.6));
#15769=CARTESIAN_POINT('',(0.621185185185,-8.07,0.6));
#15770=CARTESIAN_POINT('',(0.621185185185,-8.27,3.5));
#15771=CARTESIAN_POINT('',(0.621185185185,-8.27,0.6));
#15772=CARTESIAN_POINT('',(0.621185185185,-8.07,3.5));
#15773=CARTESIAN_POINT('Origin',(1.27,-7.62,3.5));
#15774=CARTESIAN_POINT('',(1.92,-8.27,3.5));
#15775=CARTESIAN_POINT('',(1.921,-8.27,3.5));
#15776=CARTESIAN_POINT('',(0.621185185185,-8.27,3.5));
#15777=CARTESIAN_POINT('',(1.921,-6.97,3.5));
#15778=CARTESIAN_POINT('',(1.921,-8.47,3.5));
#15779=CARTESIAN_POINT('',(1.92,-6.97,3.5));
#15780=CARTESIAN_POINT('',(1.921185185185,-6.97,3.5));
#15781=CARTESIAN_POINT('',(1.92,-8.27,3.5));
#15782=CARTESIAN_POINT('Origin',(1.375239239239,-7.62,0.6));
#15783=CARTESIAN_POINT('',(1.721185185185,-7.17,0.6));
#15784=CARTESIAN_POINT('',(0.621185185185,-7.17,0.6));
#15785=CARTESIAN_POINT('',(1.92,-6.97,0.6));
#15786=CARTESIAN_POINT('',(1.921185185185,-6.97,0.6));
#15787=CARTESIAN_POINT('',(1.92,-7.37,0.6));
#15788=CARTESIAN_POINT('',(1.92,-8.255,0.6));
#15789=CARTESIAN_POINT('',(1.721185185185,-7.37,0.6));
#15790=CARTESIAN_POINT('',(1.921185185185,-7.37,0.6));
#15791=CARTESIAN_POINT('',(1.721185185185,-7.17,0.6));
#15792=CARTESIAN_POINT('Origin',(2.607671077239,-7.62,0.2));
#15793=CARTESIAN_POINT('',(1.72,-7.37,0.2));
#15794=CARTESIAN_POINT('',(1.72,-7.87,0.2));
#15795=CARTESIAN_POINT('',(1.72,-7.37,0.2));
#15796=CARTESIAN_POINT('',(1.721185185185,-7.87,0.2));
#15797=CARTESIAN_POINT('',(1.72,-7.87,0.2));
#15798=CARTESIAN_POINT('',(1.721185185185,-7.37,0.2));
#15799=CARTESIAN_POINT('',(1.721185185185,-7.37,0.2));
#15800=CARTESIAN_POINT('',(3.4,-7.37,0.2));
#15801=CARTESIAN_POINT('Origin',(1.72,-7.87,0.));
#15802=CARTESIAN_POINT('',(1.721185185185,-7.87,0.4));
#15803=CARTESIAN_POINT('',(0.62,-7.87,0.4));
#15804=CARTESIAN_POINT('',(1.721185185185,-7.87,0.6));
#15805=CARTESIAN_POINT('',(1.721185185185,-7.87,0.6));
#15806=CARTESIAN_POINT('',(1.721185185185,-7.87,0.2));
#15807=CARTESIAN_POINT('Origin',(1.375239239239,-7.62,0.6));
#15808=CARTESIAN_POINT('',(0.621185185185,-8.27,0.6));
#15809=CARTESIAN_POINT('',(1.721185185185,-8.07,0.6));
#15810=CARTESIAN_POINT('',(1.721185185185,-8.07,0.6));
#15811=CARTESIAN_POINT('',(1.721185185185,-7.17,0.6));
#15812=CARTESIAN_POINT('Origin',(1.721185185185,-8.07,0.6));
#15813=CARTESIAN_POINT('',(1.721185185185,-8.07,3.5));
#15814=CARTESIAN_POINT('',(1.721185185185,-8.07,0.6));
#15815=CARTESIAN_POINT('',(1.721185185185,-8.07,3.5));
#15816=CARTESIAN_POINT('Origin',(1.375239239239,-7.62,3.5));
#15817=CARTESIAN_POINT('',(1.721185185185,-7.17,3.5));
#15818=CARTESIAN_POINT('',(1.721185185185,-7.17,3.5));
#15819=CARTESIAN_POINT('',(0.62,-8.27,3.5));
#15820=CARTESIAN_POINT('',(1.92,-6.97,3.5));
#15821=CARTESIAN_POINT('',(0.621185185185,-7.17,3.5));
#15822=CARTESIAN_POINT('Origin',(0.621185185185,-7.17,0.6));
#15823=CARTESIAN_POINT('',(1.721185185185,-7.17,0.6));
#15824=CARTESIAN_POINT('Origin',(3.4,-7.37,0.));
#15825=CARTESIAN_POINT('',(1.92,-7.37,0.4));
#15826=CARTESIAN_POINT('',(1.721185185185,-7.37,0.4));
#15827=CARTESIAN_POINT('',(1.92,-7.37,0.4));
#15828=CARTESIAN_POINT('',(1.721185185185,-7.37,0.2));
#15829=CARTESIAN_POINT('',(1.92,-7.37,1.725633230171E-31));
#15830=CARTESIAN_POINT('Origin',(1.92,-8.89,3.451266460342E-31));
#15831=CARTESIAN_POINT('',(1.92,-6.97,0.4));
#15832=CARTESIAN_POINT('',(1.92,-8.27,0.4));
#15833=CARTESIAN_POINT('',(1.92,-6.97,3.5));
#15834=CARTESIAN_POINT('Origin',(0.621185185185,-4.43,0.6));
#15835=CARTESIAN_POINT('',(0.621185185185,-4.43,0.6));
#15836=CARTESIAN_POINT('',(0.621185185185,-4.43,3.5));
#15837=CARTESIAN_POINT('',(0.621185185185,-4.43,0.6));
#15838=CARTESIAN_POINT('',(0.621185185185,-4.63,0.6));
#15839=CARTESIAN_POINT('',(0.621185185185,-4.43,0.6));
#15840=CARTESIAN_POINT('',(0.621185185185,-4.63,3.5));
#15841=CARTESIAN_POINT('',(0.621185185185,-4.63,0.6));
#15842=CARTESIAN_POINT('',(0.621185185185,-4.43,3.5));
#15843=CARTESIAN_POINT('Origin',(1.92,-8.89,3.451266460342E-31));
#15844=CARTESIAN_POINT('',(1.92,-5.33,0.6));
#15845=CARTESIAN_POINT('',(1.92,-5.33,0.4));
#15846=CARTESIAN_POINT('',(1.92,-5.33,1.725633230171E-31));
#15847=CARTESIAN_POINT('',(1.92,-5.73,0.4));
#15848=CARTESIAN_POINT('',(1.92,-5.73,0.4));
#15849=CARTESIAN_POINT('',(1.92,-5.73,0.6));
#15850=CARTESIAN_POINT('',(1.92,-5.73,3.5));
#15851=CARTESIAN_POINT('',(1.92,-6.985,0.6));
#15852=CARTESIAN_POINT('Origin',(0.621185185185,-5.53,0.6));
#15853=CARTESIAN_POINT('',(0.621185185185,-5.53,0.6));
#15854=CARTESIAN_POINT('',(0.621185185185,-5.53,3.5));
#15855=CARTESIAN_POINT('',(0.621185185185,-5.53,0.6));
#15856=CARTESIAN_POINT('',(0.621185185185,-5.73,0.6));
#15857=CARTESIAN_POINT('',(0.621185185185,-5.53,0.6));
#15858=CARTESIAN_POINT('',(0.621185185185,-5.73,3.5));
#15859=CARTESIAN_POINT('',(0.621185185185,-5.73,0.6));
#15860=CARTESIAN_POINT('',(0.621185185185,-5.53,3.5));
#15861=CARTESIAN_POINT('Origin',(1.27,-5.08,3.5));
#15862=CARTESIAN_POINT('',(1.92,-5.73,3.5));
#15863=CARTESIAN_POINT('',(1.921,-5.73,3.5));
#15864=CARTESIAN_POINT('',(0.621185185185,-5.73,3.5));
#15865=CARTESIAN_POINT('',(1.921,-4.43,3.5));
#15866=CARTESIAN_POINT('',(1.921,-5.93,3.5));
#15867=CARTESIAN_POINT('',(1.92,-4.43,3.5));
#15868=CARTESIAN_POINT('',(1.921185185185,-4.43,3.5));
#15869=CARTESIAN_POINT('',(1.92,-5.73,3.5));
#15870=CARTESIAN_POINT('Origin',(1.375239239239,-5.08,0.6));
#15871=CARTESIAN_POINT('',(1.721185185185,-4.63,0.6));
#15872=CARTESIAN_POINT('',(0.621185185185,-4.63,0.6));
#15873=CARTESIAN_POINT('',(1.92,-4.43,0.6));
#15874=CARTESIAN_POINT('',(1.921185185185,-4.43,0.6));
#15875=CARTESIAN_POINT('',(1.92,-4.83,0.6));
#15876=CARTESIAN_POINT('',(1.92,-6.985,0.6));
#15877=CARTESIAN_POINT('',(1.721185185185,-4.83,0.6));
#15878=CARTESIAN_POINT('',(1.921185185185,-4.83,0.6));
#15879=CARTESIAN_POINT('',(1.721185185185,-4.63,0.6));
#15880=CARTESIAN_POINT('Origin',(2.607671077239,-5.08,0.2));
#15881=CARTESIAN_POINT('',(1.72,-4.83,0.2));
#15882=CARTESIAN_POINT('',(1.72,-5.33,0.2));
#15883=CARTESIAN_POINT('',(1.72,-4.83,0.2));
#15884=CARTESIAN_POINT('',(1.721185185185,-5.33,0.2));
#15885=CARTESIAN_POINT('',(1.72,-5.33,0.2));
#15886=CARTESIAN_POINT('',(1.721185185185,-4.83,0.2));
#15887=CARTESIAN_POINT('',(1.721185185185,-4.83,0.2));
#15888=CARTESIAN_POINT('',(3.4,-4.83,0.2));
#15889=CARTESIAN_POINT('Origin',(1.72,-5.33,0.));
#15890=CARTESIAN_POINT('',(1.721185185185,-5.33,0.4));
#15891=CARTESIAN_POINT('',(0.62,-5.33,0.4));
#15892=CARTESIAN_POINT('',(1.721185185185,-5.33,0.6));
#15893=CARTESIAN_POINT('',(1.721185185185,-5.33,0.6));
#15894=CARTESIAN_POINT('',(1.721185185185,-5.33,0.2));
#15895=CARTESIAN_POINT('Origin',(1.375239239239,-5.08,0.6));
#15896=CARTESIAN_POINT('',(0.621185185185,-5.73,0.6));
#15897=CARTESIAN_POINT('',(1.721185185185,-5.53,0.6));
#15898=CARTESIAN_POINT('',(1.721185185185,-5.53,0.6));
#15899=CARTESIAN_POINT('',(1.721185185185,-4.63,0.6));
#15900=CARTESIAN_POINT('Origin',(1.721185185185,-5.53,0.6));
#15901=CARTESIAN_POINT('',(1.721185185185,-5.53,3.5));
#15902=CARTESIAN_POINT('',(1.721185185185,-5.53,0.6));
#15903=CARTESIAN_POINT('',(1.721185185185,-5.53,3.5));
#15904=CARTESIAN_POINT('Origin',(1.375239239239,-5.08,3.5));
#15905=CARTESIAN_POINT('',(1.721185185185,-4.63,3.5));
#15906=CARTESIAN_POINT('',(1.721185185185,-4.63,3.5));
#15907=CARTESIAN_POINT('',(0.62,-5.73,3.5));
#15908=CARTESIAN_POINT('',(1.92,-4.43,3.5));
#15909=CARTESIAN_POINT('',(0.621185185185,-4.63,3.5));
#15910=CARTESIAN_POINT('Origin',(0.621185185185,-4.63,0.6));
#15911=CARTESIAN_POINT('',(1.721185185185,-4.63,0.6));
#15912=CARTESIAN_POINT('Origin',(3.4,-4.83,0.));
#15913=CARTESIAN_POINT('',(1.92,-4.83,0.4));
#15914=CARTESIAN_POINT('',(1.721185185185,-4.83,0.4));
#15915=CARTESIAN_POINT('',(1.92,-4.83,0.4));
#15916=CARTESIAN_POINT('',(1.721185185185,-4.83,0.2));
#15917=CARTESIAN_POINT('',(1.92,-4.83,1.725633230171E-31));
#15918=CARTESIAN_POINT('Origin',(1.92,-8.89,3.451266460342E-31));
#15919=CARTESIAN_POINT('',(1.92,-4.43,0.4));
#15920=CARTESIAN_POINT('',(1.92,-5.73,0.4));
#15921=CARTESIAN_POINT('',(1.92,-4.43,3.5));
#15922=CARTESIAN_POINT('Origin',(0.621185185185,-1.89,0.6));
#15923=CARTESIAN_POINT('',(0.621185185185,-1.89,0.6));
#15924=CARTESIAN_POINT('',(0.621185185185,-1.89,3.5));
#15925=CARTESIAN_POINT('',(0.621185185185,-1.89,0.6));
#15926=CARTESIAN_POINT('',(0.621185185185,-2.09,0.6));
#15927=CARTESIAN_POINT('',(0.621185185185,-1.89,0.6));
#15928=CARTESIAN_POINT('',(0.621185185185,-2.09,3.5));
#15929=CARTESIAN_POINT('',(0.621185185185,-2.09,0.6));
#15930=CARTESIAN_POINT('',(0.621185185185,-1.89,3.5));
#15931=CARTESIAN_POINT('Origin',(1.92,-8.89,3.451266460342E-31));
#15932=CARTESIAN_POINT('',(1.92,-2.79,0.6));
#15933=CARTESIAN_POINT('',(1.92,-2.79,0.4));
#15934=CARTESIAN_POINT('',(1.92,-2.79,1.725633230171E-31));
#15935=CARTESIAN_POINT('',(1.92,-3.19,0.4));
#15936=CARTESIAN_POINT('',(1.92,-3.19,0.4));
#15937=CARTESIAN_POINT('',(1.92,-3.19,0.6));
#15938=CARTESIAN_POINT('',(1.92,-3.19,3.5));
#15939=CARTESIAN_POINT('',(1.92,-5.715,0.6));
#15940=CARTESIAN_POINT('Origin',(0.621185185185,-2.99,0.6));
#15941=CARTESIAN_POINT('',(0.621185185185,-2.99,0.6));
#15942=CARTESIAN_POINT('',(0.621185185185,-2.99,3.5));
#15943=CARTESIAN_POINT('',(0.621185185185,-2.99,0.6));
#15944=CARTESIAN_POINT('',(0.621185185185,-3.19,0.6));
#15945=CARTESIAN_POINT('',(0.621185185185,-2.99,0.6));
#15946=CARTESIAN_POINT('',(0.621185185185,-3.19,3.5));
#15947=CARTESIAN_POINT('',(0.621185185185,-3.19,0.6));
#15948=CARTESIAN_POINT('',(0.621185185185,-2.99,3.5));
#15949=CARTESIAN_POINT('Origin',(1.27,-2.54,3.5));
#15950=CARTESIAN_POINT('',(1.92,-3.19,3.5));
#15951=CARTESIAN_POINT('',(1.921,-3.19,3.5));
#15952=CARTESIAN_POINT('',(0.621185185185,-3.19,3.5));
#15953=CARTESIAN_POINT('',(1.921,-1.89,3.5));
#15954=CARTESIAN_POINT('',(1.921,-3.39,3.5));
#15955=CARTESIAN_POINT('',(1.92,-1.89,3.5));
#15956=CARTESIAN_POINT('',(1.921185185185,-1.89,3.5));
#15957=CARTESIAN_POINT('',(1.92,-3.19,3.5));
#15958=CARTESIAN_POINT('Origin',(1.375239239239,-2.54,0.6));
#15959=CARTESIAN_POINT('',(1.721185185185,-2.09,0.6));
#15960=CARTESIAN_POINT('',(0.621185185185,-2.09,0.6));
#15961=CARTESIAN_POINT('',(1.92,-1.89,0.6));
#15962=CARTESIAN_POINT('',(1.921185185185,-1.89,0.6));
#15963=CARTESIAN_POINT('',(1.92,-2.29,0.6));
#15964=CARTESIAN_POINT('',(1.92,-5.715,0.6));
#15965=CARTESIAN_POINT('',(1.721185185185,-2.29,0.6));
#15966=CARTESIAN_POINT('',(1.921185185185,-2.29,0.6));
#15967=CARTESIAN_POINT('',(1.721185185185,-2.09,0.6));
#15968=CARTESIAN_POINT('Origin',(2.607671077239,-2.54,0.2));
#15969=CARTESIAN_POINT('',(1.72,-2.29,0.2));
#15970=CARTESIAN_POINT('',(1.72,-2.79,0.2));
#15971=CARTESIAN_POINT('',(1.72,-2.29,0.2));
#15972=CARTESIAN_POINT('',(1.721185185185,-2.79,0.2));
#15973=CARTESIAN_POINT('',(1.72,-2.79,0.2));
#15974=CARTESIAN_POINT('',(1.721185185185,-2.29,0.2));
#15975=CARTESIAN_POINT('',(1.721185185185,-2.29,0.2));
#15976=CARTESIAN_POINT('',(3.4,-2.29,0.2));
#15977=CARTESIAN_POINT('Origin',(1.72,-2.79,0.));
#15978=CARTESIAN_POINT('',(1.721185185185,-2.79,0.4));
#15979=CARTESIAN_POINT('',(0.62,-2.79,0.4));
#15980=CARTESIAN_POINT('',(1.721185185185,-2.79,0.6));
#15981=CARTESIAN_POINT('',(1.721185185185,-2.79,0.6));
#15982=CARTESIAN_POINT('',(1.721185185185,-2.79,0.2));
#15983=CARTESIAN_POINT('Origin',(1.375239239239,-2.54,0.6));
#15984=CARTESIAN_POINT('',(0.621185185185,-3.19,0.6));
#15985=CARTESIAN_POINT('',(1.721185185185,-2.99,0.6));
#15986=CARTESIAN_POINT('',(1.721185185185,-2.99,0.6));
#15987=CARTESIAN_POINT('',(1.721185185185,-2.09,0.6));
#15988=CARTESIAN_POINT('Origin',(1.721185185185,-2.99,0.6));
#15989=CARTESIAN_POINT('',(1.721185185185,-2.99,3.5));
#15990=CARTESIAN_POINT('',(1.721185185185,-2.99,0.6));
#15991=CARTESIAN_POINT('',(1.721185185185,-2.99,3.5));
#15992=CARTESIAN_POINT('Origin',(1.375239239239,-2.54,3.5));
#15993=CARTESIAN_POINT('',(1.721185185185,-2.09,3.5));
#15994=CARTESIAN_POINT('',(1.721185185185,-2.09,3.5));
#15995=CARTESIAN_POINT('',(0.62,-3.19,3.5));
#15996=CARTESIAN_POINT('',(1.92,-1.89,3.5));
#15997=CARTESIAN_POINT('',(0.621185185185,-2.09,3.5));
#15998=CARTESIAN_POINT('Origin',(0.621185185185,-2.09,0.6));
#15999=CARTESIAN_POINT('',(1.721185185185,-2.09,0.6));
#16000=CARTESIAN_POINT('Origin',(3.4,-2.29,0.));
#16001=CARTESIAN_POINT('',(1.92,-2.29,0.4));
#16002=CARTESIAN_POINT('',(1.721185185185,-2.29,0.4));
#16003=CARTESIAN_POINT('',(1.92,-2.29,0.4));
#16004=CARTESIAN_POINT('',(1.721185185185,-2.29,0.2));
#16005=CARTESIAN_POINT('',(1.92,-2.29,1.725633230171E-31));
#16006=CARTESIAN_POINT('Origin',(1.92,-8.89,3.451266460342E-31));
#16007=CARTESIAN_POINT('',(1.92,-1.89,0.4));
#16008=CARTESIAN_POINT('',(1.92,-3.19,0.4));
#16009=CARTESIAN_POINT('',(1.92,-1.89,3.5));
#16010=CARTESIAN_POINT('Origin',(0.621185185185,0.65,0.6));
#16011=CARTESIAN_POINT('',(0.621185185185,0.65,0.6));
#16012=CARTESIAN_POINT('',(0.621185185185,0.65,3.5));
#16013=CARTESIAN_POINT('',(0.621185185185,0.65,0.6));
#16014=CARTESIAN_POINT('',(0.621185185185,0.45,0.6));
#16015=CARTESIAN_POINT('',(0.621185185185,0.65,0.6));
#16016=CARTESIAN_POINT('',(0.621185185185,0.45,3.5));
#16017=CARTESIAN_POINT('',(0.621185185185,0.45,0.6));
#16018=CARTESIAN_POINT('',(0.621185185185,0.65,3.5));
#16019=CARTESIAN_POINT('Origin',(1.92,-8.89,3.451266460342E-31));
#16020=CARTESIAN_POINT('',(1.92,-0.25,0.6));
#16021=CARTESIAN_POINT('',(1.92,-0.25,0.4));
#16022=CARTESIAN_POINT('',(1.92,-0.25,1.725633230171E-31));
#16023=CARTESIAN_POINT('',(1.92,-0.65,0.4));
#16024=CARTESIAN_POINT('',(1.92,-0.65,0.4));
#16025=CARTESIAN_POINT('',(1.92,-0.65,0.6));
#16026=CARTESIAN_POINT('',(1.92,-0.65,3.5));
#16027=CARTESIAN_POINT('',(1.92,-4.445,0.6));
#16028=CARTESIAN_POINT('Origin',(0.621185185185,-0.45,0.6));
#16029=CARTESIAN_POINT('',(0.621185185185,-0.45,0.6));
#16030=CARTESIAN_POINT('',(0.621185185185,-0.45,3.5));
#16031=CARTESIAN_POINT('',(0.621185185185,-0.45,0.6));
#16032=CARTESIAN_POINT('',(0.621185185185,-0.65,0.6));
#16033=CARTESIAN_POINT('',(0.621185185185,-0.45,0.6));
#16034=CARTESIAN_POINT('',(0.621185185185,-0.65,3.5));
#16035=CARTESIAN_POINT('',(0.621185185185,-0.65,0.6));
#16036=CARTESIAN_POINT('',(0.621185185185,-0.45,3.5));
#16037=CARTESIAN_POINT('Origin',(1.27,0.,3.5));
#16038=CARTESIAN_POINT('',(1.92,-0.65,3.5));
#16039=CARTESIAN_POINT('',(1.921,-0.65,3.5));
#16040=CARTESIAN_POINT('',(0.621185185185,-0.65,3.5));
#16041=CARTESIAN_POINT('',(1.921,0.65,3.5));
#16042=CARTESIAN_POINT('',(1.921,-0.85,3.5));
#16043=CARTESIAN_POINT('',(1.92,0.65,3.5));
#16044=CARTESIAN_POINT('',(1.921185185185,0.65,3.5));
#16045=CARTESIAN_POINT('',(1.92,-0.65,3.5));
#16046=CARTESIAN_POINT('Origin',(1.375239239239,0.,0.6));
#16047=CARTESIAN_POINT('',(1.721185185185,0.45,0.6));
#16048=CARTESIAN_POINT('',(0.621185185185,0.45,0.6));
#16049=CARTESIAN_POINT('',(1.92,0.65,0.6));
#16050=CARTESIAN_POINT('',(1.921185185185,0.65,0.6));
#16051=CARTESIAN_POINT('',(1.92,0.25,0.6));
#16052=CARTESIAN_POINT('',(1.92,-4.445,0.6));
#16053=CARTESIAN_POINT('',(1.721185185185,0.25,0.6));
#16054=CARTESIAN_POINT('',(1.921185185185,0.25,0.6));
#16055=CARTESIAN_POINT('',(1.721185185185,0.45,0.6));
#16056=CARTESIAN_POINT('Origin',(2.607671077239,0.,0.2));
#16057=CARTESIAN_POINT('',(1.72,0.25,0.2));
#16058=CARTESIAN_POINT('',(1.72,-0.25,0.2));
#16059=CARTESIAN_POINT('',(1.72,0.25,0.2));
#16060=CARTESIAN_POINT('',(1.721185185185,-0.25,0.2));
#16061=CARTESIAN_POINT('',(1.72,-0.25,0.2));
#16062=CARTESIAN_POINT('',(1.721185185185,0.25,0.2));
#16063=CARTESIAN_POINT('',(1.721185185185,0.25,0.2));
#16064=CARTESIAN_POINT('',(3.4,0.25,0.2));
#16065=CARTESIAN_POINT('Origin',(1.72,-0.25,0.));
#16066=CARTESIAN_POINT('',(1.721185185185,-0.25,0.4));
#16067=CARTESIAN_POINT('',(0.62,-0.25,0.4));
#16068=CARTESIAN_POINT('',(1.721185185185,-0.25,0.6));
#16069=CARTESIAN_POINT('',(1.721185185185,-0.25,0.6));
#16070=CARTESIAN_POINT('',(1.721185185185,-0.25,0.2));
#16071=CARTESIAN_POINT('Origin',(1.375239239239,0.,0.6));
#16072=CARTESIAN_POINT('',(0.621185185185,-0.65,0.6));
#16073=CARTESIAN_POINT('',(1.721185185185,-0.45,0.6));
#16074=CARTESIAN_POINT('',(1.721185185185,-0.45,0.6));
#16075=CARTESIAN_POINT('',(1.721185185185,0.45,0.6));
#16076=CARTESIAN_POINT('Origin',(1.721185185185,-0.45,0.6));
#16077=CARTESIAN_POINT('',(1.721185185185,-0.45,3.5));
#16078=CARTESIAN_POINT('',(1.721185185185,-0.45,0.6));
#16079=CARTESIAN_POINT('',(1.721185185185,-0.45,3.5));
#16080=CARTESIAN_POINT('Origin',(1.375239239239,0.,3.5));
#16081=CARTESIAN_POINT('',(1.721185185185,0.45,3.5));
#16082=CARTESIAN_POINT('',(1.721185185185,0.45,3.5));
#16083=CARTESIAN_POINT('',(0.62,-0.65,3.5));
#16084=CARTESIAN_POINT('',(1.92,0.65,3.5));
#16085=CARTESIAN_POINT('',(0.621185185185,0.45,3.5));
#16086=CARTESIAN_POINT('Origin',(0.621185185185,0.45,0.6));
#16087=CARTESIAN_POINT('',(1.721185185185,0.45,0.6));
#16088=CARTESIAN_POINT('Origin',(3.4,0.25,0.));
#16089=CARTESIAN_POINT('',(1.92,0.25,0.4));
#16090=CARTESIAN_POINT('',(1.721185185185,0.25,0.4));
#16091=CARTESIAN_POINT('',(1.92,0.25,0.4));
#16092=CARTESIAN_POINT('',(1.721185185185,0.25,0.2));
#16093=CARTESIAN_POINT('',(1.92,0.25,1.725633230171E-31));
#16094=CARTESIAN_POINT('Origin',(1.92,-8.89,3.451266460342E-31));
#16095=CARTESIAN_POINT('',(1.92,0.65,0.4));
#16096=CARTESIAN_POINT('',(1.92,-0.65,0.4));
#16097=CARTESIAN_POINT('',(1.92,0.65,3.5));
#16098=CARTESIAN_POINT('Origin',(0.621185185185,3.19,0.6));
#16099=CARTESIAN_POINT('',(0.621185185185,3.19,0.6));
#16100=CARTESIAN_POINT('',(0.621185185185,3.19,3.5));
#16101=CARTESIAN_POINT('',(0.621185185185,3.19,0.6));
#16102=CARTESIAN_POINT('',(0.621185185185,2.99,0.6));
#16103=CARTESIAN_POINT('',(0.621185185185,3.19,0.6));
#16104=CARTESIAN_POINT('',(0.621185185185,2.99,3.5));
#16105=CARTESIAN_POINT('',(0.621185185185,2.99,0.6));
#16106=CARTESIAN_POINT('',(0.621185185185,3.19,3.5));
#16107=CARTESIAN_POINT('Origin',(1.92,-8.89,3.451266460342E-31));
#16108=CARTESIAN_POINT('',(1.92,2.29,0.6));
#16109=CARTESIAN_POINT('',(1.92,2.29,0.4));
#16110=CARTESIAN_POINT('',(1.92,2.29,1.725633230171E-31));
#16111=CARTESIAN_POINT('',(1.92,1.89,0.4));
#16112=CARTESIAN_POINT('',(1.92,1.89,0.4));
#16113=CARTESIAN_POINT('',(1.92,1.89,0.6));
#16114=CARTESIAN_POINT('',(1.92,1.89,3.5));
#16115=CARTESIAN_POINT('',(1.92,-3.175,0.6));
#16116=CARTESIAN_POINT('Origin',(0.621185185185,2.09,0.6));
#16117=CARTESIAN_POINT('',(0.621185185185,2.09,0.6));
#16118=CARTESIAN_POINT('',(0.621185185185,2.09,3.5));
#16119=CARTESIAN_POINT('',(0.621185185185,2.09,0.6));
#16120=CARTESIAN_POINT('',(0.621185185185,1.89,0.6));
#16121=CARTESIAN_POINT('',(0.621185185185,2.09,0.6));
#16122=CARTESIAN_POINT('',(0.621185185185,1.89,3.5));
#16123=CARTESIAN_POINT('',(0.621185185185,1.89,0.6));
#16124=CARTESIAN_POINT('',(0.621185185185,2.09,3.5));
#16125=CARTESIAN_POINT('Origin',(1.27,2.54,3.5));
#16126=CARTESIAN_POINT('',(1.92,1.89,3.5));
#16127=CARTESIAN_POINT('',(1.921,1.89,3.5));
#16128=CARTESIAN_POINT('',(0.621185185185,1.89,3.5));
#16129=CARTESIAN_POINT('',(1.921,3.19,3.5));
#16130=CARTESIAN_POINT('',(1.921,1.69,3.5));
#16131=CARTESIAN_POINT('',(1.92,3.19,3.5));
#16132=CARTESIAN_POINT('',(1.921185185185,3.19,3.5));
#16133=CARTESIAN_POINT('',(1.92,1.89,3.5));
#16134=CARTESIAN_POINT('Origin',(1.375239239239,2.54,0.6));
#16135=CARTESIAN_POINT('',(1.721185185185,2.99,0.6));
#16136=CARTESIAN_POINT('',(0.621185185185,2.99,0.6));
#16137=CARTESIAN_POINT('',(1.92,3.19,0.6));
#16138=CARTESIAN_POINT('',(1.921185185185,3.19,0.6));
#16139=CARTESIAN_POINT('',(1.92,2.79,0.6));
#16140=CARTESIAN_POINT('',(1.92,-3.175,0.6));
#16141=CARTESIAN_POINT('',(1.721185185185,2.79,0.6));
#16142=CARTESIAN_POINT('',(1.921185185185,2.79,0.6));
#16143=CARTESIAN_POINT('',(1.721185185185,2.99,0.6));
#16144=CARTESIAN_POINT('Origin',(2.607671077239,2.54,0.2));
#16145=CARTESIAN_POINT('',(1.72,2.79,0.2));
#16146=CARTESIAN_POINT('',(1.72,2.29,0.2));
#16147=CARTESIAN_POINT('',(1.72,2.79,0.2));
#16148=CARTESIAN_POINT('',(1.721185185185,2.29,0.2));
#16149=CARTESIAN_POINT('',(1.72,2.29,0.2));
#16150=CARTESIAN_POINT('',(1.721185185185,2.79,0.2));
#16151=CARTESIAN_POINT('',(1.721185185185,2.79,0.2));
#16152=CARTESIAN_POINT('',(3.4,2.79,0.2));
#16153=CARTESIAN_POINT('Origin',(1.72,2.29,0.));
#16154=CARTESIAN_POINT('',(1.721185185185,2.29,0.4));
#16155=CARTESIAN_POINT('',(0.62,2.29,0.4));
#16156=CARTESIAN_POINT('',(1.721185185185,2.29,0.6));
#16157=CARTESIAN_POINT('',(1.721185185185,2.29,0.6));
#16158=CARTESIAN_POINT('',(1.721185185185,2.29,0.2));
#16159=CARTESIAN_POINT('Origin',(1.375239239239,2.54,0.6));
#16160=CARTESIAN_POINT('',(0.621185185185,1.89,0.6));
#16161=CARTESIAN_POINT('',(1.721185185185,2.09,0.6));
#16162=CARTESIAN_POINT('',(1.721185185185,2.09,0.6));
#16163=CARTESIAN_POINT('',(1.721185185185,2.99,0.6));
#16164=CARTESIAN_POINT('Origin',(1.721185185185,2.09,0.6));
#16165=CARTESIAN_POINT('',(1.721185185185,2.09,3.5));
#16166=CARTESIAN_POINT('',(1.721185185185,2.09,0.6));
#16167=CARTESIAN_POINT('',(1.721185185185,2.09,3.5));
#16168=CARTESIAN_POINT('Origin',(1.375239239239,2.54,3.5));
#16169=CARTESIAN_POINT('',(1.721185185185,2.99,3.5));
#16170=CARTESIAN_POINT('',(1.721185185185,2.99,3.5));
#16171=CARTESIAN_POINT('',(0.62,1.89,3.5));
#16172=CARTESIAN_POINT('',(1.92,3.19,3.5));
#16173=CARTESIAN_POINT('',(0.621185185185,2.99,3.5));
#16174=CARTESIAN_POINT('Origin',(0.621185185185,2.99,0.6));
#16175=CARTESIAN_POINT('',(1.721185185185,2.99,0.6));
#16176=CARTESIAN_POINT('Origin',(3.4,2.79,0.));
#16177=CARTESIAN_POINT('',(1.92,2.79,0.4));
#16178=CARTESIAN_POINT('',(1.721185185185,2.79,0.4));
#16179=CARTESIAN_POINT('',(1.92,2.79,0.4));
#16180=CARTESIAN_POINT('',(1.721185185185,2.79,0.2));
#16181=CARTESIAN_POINT('',(1.92,2.79,1.725633230171E-31));
#16182=CARTESIAN_POINT('Origin',(1.92,-8.89,3.451266460342E-31));
#16183=CARTESIAN_POINT('',(1.92,3.19,0.4));
#16184=CARTESIAN_POINT('',(1.92,1.89,0.4));
#16185=CARTESIAN_POINT('',(1.92,3.19,3.5));
#16186=CARTESIAN_POINT('Origin',(-0.621185185185,1.89,0.6));
#16187=CARTESIAN_POINT('',(-0.621185185185,1.89,0.6));
#16188=CARTESIAN_POINT('',(-0.621185185185,1.89,3.5));
#16189=CARTESIAN_POINT('',(-0.621185185185,1.89,0.6));
#16190=CARTESIAN_POINT('',(-0.621185185185,2.09,0.6));
#16191=CARTESIAN_POINT('',(-0.621185185185,1.89,0.6));
#16192=CARTESIAN_POINT('',(-0.621185185185,2.09,3.5));
#16193=CARTESIAN_POINT('',(-0.621185185185,2.09,0.6));
#16194=CARTESIAN_POINT('',(-0.621185185185,1.89,3.5));
#16195=CARTESIAN_POINT('Origin',(-1.92,6.35,3.451266460342E-31));
#16196=CARTESIAN_POINT('',(-1.92,2.79,0.6));
#16197=CARTESIAN_POINT('',(-1.92,2.79,0.4));
#16198=CARTESIAN_POINT('',(-1.92,2.79,1.725633230171E-31));
#16199=CARTESIAN_POINT('',(-1.92,3.19,0.4));
#16200=CARTESIAN_POINT('',(-1.92,3.19,0.4));
#16201=CARTESIAN_POINT('',(-1.92,3.19,0.6));
#16202=CARTESIAN_POINT('',(-1.92,3.19,3.5));
#16203=CARTESIAN_POINT('',(-1.92,4.445,0.6));
#16204=CARTESIAN_POINT('Origin',(-0.621185185185,2.99,0.6));
#16205=CARTESIAN_POINT('',(-0.621185185185,2.99,0.6));
#16206=CARTESIAN_POINT('',(-0.621185185185,2.99,3.5));
#16207=CARTESIAN_POINT('',(-0.621185185185,2.99,0.6));
#16208=CARTESIAN_POINT('',(-0.621185185185,3.19,0.6));
#16209=CARTESIAN_POINT('',(-0.621185185185,2.99,0.6));
#16210=CARTESIAN_POINT('',(-0.621185185185,3.19,3.5));
#16211=CARTESIAN_POINT('',(-0.621185185185,3.19,0.6));
#16212=CARTESIAN_POINT('',(-0.621185185185,2.99,3.5));
#16213=CARTESIAN_POINT('Origin',(-1.27,2.54,3.5));
#16214=CARTESIAN_POINT('',(-1.92,3.19,3.5));
#16215=CARTESIAN_POINT('',(-1.921,3.19,3.5));
#16216=CARTESIAN_POINT('',(-0.621185185185,3.19,3.5));
#16217=CARTESIAN_POINT('',(-1.921,1.89,3.5));
#16218=CARTESIAN_POINT('',(-1.921,3.39,3.5));
#16219=CARTESIAN_POINT('',(-1.92,1.89,3.5));
#16220=CARTESIAN_POINT('',(-1.921185185185,1.89,3.5));
#16221=CARTESIAN_POINT('',(-1.92,3.19,3.5));
#16222=CARTESIAN_POINT('Origin',(-1.375239239239,2.54,0.6));
#16223=CARTESIAN_POINT('',(-1.721185185185,2.09,0.6));
#16224=CARTESIAN_POINT('',(-0.621185185185,2.09,0.6));
#16225=CARTESIAN_POINT('',(-1.92,1.89,0.6));
#16226=CARTESIAN_POINT('',(-1.921185185185,1.89,0.6));
#16227=CARTESIAN_POINT('',(-1.92,2.29,0.6));
#16228=CARTESIAN_POINT('',(-1.92,4.445,0.6));
#16229=CARTESIAN_POINT('',(-1.721185185185,2.29,0.6));
#16230=CARTESIAN_POINT('',(-1.921185185185,2.29,0.6));
#16231=CARTESIAN_POINT('',(-1.721185185185,2.09,0.6));
#16232=CARTESIAN_POINT('Origin',(-2.607671077239,2.54,0.2));
#16233=CARTESIAN_POINT('',(-1.72,2.29,0.2));
#16234=CARTESIAN_POINT('',(-1.72,2.79,0.2));
#16235=CARTESIAN_POINT('',(-1.72,2.29,0.2));
#16236=CARTESIAN_POINT('',(-1.721185185185,2.79,0.2));
#16237=CARTESIAN_POINT('',(-1.72,2.79,0.2));
#16238=CARTESIAN_POINT('',(-1.721185185185,2.29,0.2));
#16239=CARTESIAN_POINT('',(-1.721185185185,2.29,0.2));
#16240=CARTESIAN_POINT('',(-3.4,2.29,0.2));
#16241=CARTESIAN_POINT('Origin',(-1.72,2.79,0.));
#16242=CARTESIAN_POINT('',(-1.721185185185,2.79,0.4));
#16243=CARTESIAN_POINT('',(-0.62,2.79,0.4));
#16244=CARTESIAN_POINT('',(-1.721185185185,2.79,0.6));
#16245=CARTESIAN_POINT('',(-1.721185185185,2.79,0.6));
#16246=CARTESIAN_POINT('',(-1.721185185185,2.79,0.2));
#16247=CARTESIAN_POINT('Origin',(-1.375239239239,2.54,0.6));
#16248=CARTESIAN_POINT('',(-0.621185185185,3.19,0.6));
#16249=CARTESIAN_POINT('',(-1.721185185185,2.99,0.6));
#16250=CARTESIAN_POINT('',(-1.721185185185,2.99,0.6));
#16251=CARTESIAN_POINT('',(-1.721185185185,2.09,0.6));
#16252=CARTESIAN_POINT('Origin',(-1.721185185185,2.99,0.6));
#16253=CARTESIAN_POINT('',(-1.721185185185,2.99,3.5));
#16254=CARTESIAN_POINT('',(-1.721185185185,2.99,0.6));
#16255=CARTESIAN_POINT('',(-1.721185185185,2.99,3.5));
#16256=CARTESIAN_POINT('Origin',(-1.375239239239,2.54,3.5));
#16257=CARTESIAN_POINT('',(-1.721185185185,2.09,3.5));
#16258=CARTESIAN_POINT('',(-1.721185185185,2.09,3.5));
#16259=CARTESIAN_POINT('',(-0.62,3.19,3.5));
#16260=CARTESIAN_POINT('',(-1.92,1.89,3.5));
#16261=CARTESIAN_POINT('',(-0.621185185185,2.09,3.5));
#16262=CARTESIAN_POINT('Origin',(-0.621185185185,2.09,0.6));
#16263=CARTESIAN_POINT('',(-1.721185185185,2.09,0.6));
#16264=CARTESIAN_POINT('Origin',(-3.4,2.29,0.));
#16265=CARTESIAN_POINT('',(-1.92,2.29,0.4));
#16266=CARTESIAN_POINT('',(-1.721185185185,2.29,0.4));
#16267=CARTESIAN_POINT('',(-1.92,2.29,0.4));
#16268=CARTESIAN_POINT('',(-1.721185185185,2.29,0.2));
#16269=CARTESIAN_POINT('',(-1.92,2.29,1.725633230171E-31));
#16270=CARTESIAN_POINT('Origin',(-1.92,6.35,3.451266460342E-31));
#16271=CARTESIAN_POINT('',(-1.92,1.89,0.4));
#16272=CARTESIAN_POINT('',(-1.92,3.19,0.4));
#16273=CARTESIAN_POINT('',(-1.92,1.89,3.5));
#16274=CARTESIAN_POINT('Origin',(-0.621185185185,-0.65,0.6));
#16275=CARTESIAN_POINT('',(-0.621185185185,-0.65,0.6));
#16276=CARTESIAN_POINT('',(-0.621185185185,-0.65,3.5));
#16277=CARTESIAN_POINT('',(-0.621185185185,-0.65,0.6));
#16278=CARTESIAN_POINT('',(-0.621185185185,-0.45,0.6));
#16279=CARTESIAN_POINT('',(-0.621185185185,-0.65,0.6));
#16280=CARTESIAN_POINT('',(-0.621185185185,-0.45,3.5));
#16281=CARTESIAN_POINT('',(-0.621185185185,-0.45,0.6));
#16282=CARTESIAN_POINT('',(-0.621185185185,-0.65,3.5));
#16283=CARTESIAN_POINT('Origin',(-1.92,6.35,3.451266460342E-31));
#16284=CARTESIAN_POINT('',(-1.92,0.25,0.6));
#16285=CARTESIAN_POINT('',(-1.92,0.25,0.4));
#16286=CARTESIAN_POINT('',(-1.92,0.25,1.725633230171E-31));
#16287=CARTESIAN_POINT('',(-1.92,0.65,0.4));
#16288=CARTESIAN_POINT('',(-1.92,0.65,0.4));
#16289=CARTESIAN_POINT('',(-1.92,0.65,0.6));
#16290=CARTESIAN_POINT('',(-1.92,0.65,3.5));
#16291=CARTESIAN_POINT('',(-1.92,3.175,0.6));
#16292=CARTESIAN_POINT('Origin',(-0.621185185185,0.45,0.6));
#16293=CARTESIAN_POINT('',(-0.621185185185,0.45,0.6));
#16294=CARTESIAN_POINT('',(-0.621185185185,0.45,3.5));
#16295=CARTESIAN_POINT('',(-0.621185185185,0.45,0.6));
#16296=CARTESIAN_POINT('',(-0.621185185185,0.65,0.6));
#16297=CARTESIAN_POINT('',(-0.621185185185,0.45,0.6));
#16298=CARTESIAN_POINT('',(-0.621185185185,0.65,3.5));
#16299=CARTESIAN_POINT('',(-0.621185185185,0.65,0.6));
#16300=CARTESIAN_POINT('',(-0.621185185185,0.45,3.5));
#16301=CARTESIAN_POINT('Origin',(-1.27,0.,3.5));
#16302=CARTESIAN_POINT('',(-1.92,0.65,3.5));
#16303=CARTESIAN_POINT('',(-1.921,0.65,3.5));
#16304=CARTESIAN_POINT('',(-0.621185185185,0.65,3.5));
#16305=CARTESIAN_POINT('',(-1.921,-0.65,3.5));
#16306=CARTESIAN_POINT('',(-1.921,0.85,3.5));
#16307=CARTESIAN_POINT('',(-1.92,-0.65,3.5));
#16308=CARTESIAN_POINT('',(-1.921185185185,-0.65,3.5));
#16309=CARTESIAN_POINT('',(-1.92,0.65,3.5));
#16310=CARTESIAN_POINT('Origin',(-1.375239239239,0.,0.6));
#16311=CARTESIAN_POINT('',(-1.721185185185,-0.45,0.6));
#16312=CARTESIAN_POINT('',(-0.621185185185,-0.45,0.6));
#16313=CARTESIAN_POINT('',(-1.92,-0.65,0.6));
#16314=CARTESIAN_POINT('',(-1.921185185185,-0.65,0.6));
#16315=CARTESIAN_POINT('',(-1.92,-0.25,0.6));
#16316=CARTESIAN_POINT('',(-1.92,3.175,0.6));
#16317=CARTESIAN_POINT('',(-1.721185185185,-0.25,0.6));
#16318=CARTESIAN_POINT('',(-1.921185185185,-0.25,0.6));
#16319=CARTESIAN_POINT('',(-1.721185185185,-0.45,0.6));
#16320=CARTESIAN_POINT('Origin',(-2.607671077239,0.,0.2));
#16321=CARTESIAN_POINT('',(-1.72,-0.25,0.2));
#16322=CARTESIAN_POINT('',(-1.72,0.25,0.2));
#16323=CARTESIAN_POINT('',(-1.72,-0.25,0.2));
#16324=CARTESIAN_POINT('',(-1.721185185185,0.25,0.2));
#16325=CARTESIAN_POINT('',(-1.72,0.25,0.2));
#16326=CARTESIAN_POINT('',(-1.721185185185,-0.25,0.2));
#16327=CARTESIAN_POINT('',(-1.721185185185,-0.25,0.2));
#16328=CARTESIAN_POINT('',(-3.4,-0.25,0.2));
#16329=CARTESIAN_POINT('Origin',(-1.72,0.25,0.));
#16330=CARTESIAN_POINT('',(-1.721185185185,0.25,0.4));
#16331=CARTESIAN_POINT('',(-0.62,0.25,0.4));
#16332=CARTESIAN_POINT('',(-1.721185185185,0.25,0.6));
#16333=CARTESIAN_POINT('',(-1.721185185185,0.25,0.6));
#16334=CARTESIAN_POINT('',(-1.721185185185,0.25,0.2));
#16335=CARTESIAN_POINT('Origin',(-1.375239239239,0.,0.6));
#16336=CARTESIAN_POINT('',(-0.621185185185,0.65,0.6));
#16337=CARTESIAN_POINT('',(-1.721185185185,0.45,0.6));
#16338=CARTESIAN_POINT('',(-1.721185185185,0.45,0.6));
#16339=CARTESIAN_POINT('',(-1.721185185185,-0.45,0.6));
#16340=CARTESIAN_POINT('Origin',(-1.721185185185,0.45,0.6));
#16341=CARTESIAN_POINT('',(-1.721185185185,0.45,3.5));
#16342=CARTESIAN_POINT('',(-1.721185185185,0.45,0.6));
#16343=CARTESIAN_POINT('',(-1.721185185185,0.45,3.5));
#16344=CARTESIAN_POINT('Origin',(-1.375239239239,0.,3.5));
#16345=CARTESIAN_POINT('',(-1.721185185185,-0.45,3.5));
#16346=CARTESIAN_POINT('',(-1.721185185185,-0.45,3.5));
#16347=CARTESIAN_POINT('',(-0.62,0.65,3.5));
#16348=CARTESIAN_POINT('',(-1.92,-0.65,3.5));
#16349=CARTESIAN_POINT('',(-0.621185185185,-0.45,3.5));
#16350=CARTESIAN_POINT('Origin',(-0.621185185185,-0.45,0.6));
#16351=CARTESIAN_POINT('',(-1.721185185185,-0.45,0.6));
#16352=CARTESIAN_POINT('Origin',(-3.4,-0.25,0.));
#16353=CARTESIAN_POINT('',(-1.92,-0.25,0.4));
#16354=CARTESIAN_POINT('',(-1.721185185185,-0.25,0.4));
#16355=CARTESIAN_POINT('',(-1.92,-0.25,0.4));
#16356=CARTESIAN_POINT('',(-1.721185185185,-0.25,0.2));
#16357=CARTESIAN_POINT('',(-1.92,-0.25,1.725633230171E-31));
#16358=CARTESIAN_POINT('Origin',(-1.92,6.35,3.451266460342E-31));
#16359=CARTESIAN_POINT('',(-1.92,-0.65,0.4));
#16360=CARTESIAN_POINT('',(-1.92,0.65,0.4));
#16361=CARTESIAN_POINT('',(-1.92,-0.65,3.5));
#16362=CARTESIAN_POINT('Origin',(-0.621185185185,-3.19,0.6));
#16363=CARTESIAN_POINT('',(-0.621185185185,-3.19,0.6));
#16364=CARTESIAN_POINT('',(-0.621185185185,-3.19,3.5));
#16365=CARTESIAN_POINT('',(-0.621185185185,-3.19,0.6));
#16366=CARTESIAN_POINT('',(-0.621185185185,-2.99,0.6));
#16367=CARTESIAN_POINT('',(-0.621185185185,-3.19,0.6));
#16368=CARTESIAN_POINT('',(-0.621185185185,-2.99,3.5));
#16369=CARTESIAN_POINT('',(-0.621185185185,-2.99,0.6));
#16370=CARTESIAN_POINT('',(-0.621185185185,-3.19,3.5));
#16371=CARTESIAN_POINT('Origin',(-1.92,6.35,3.451266460342E-31));
#16372=CARTESIAN_POINT('',(-1.92,-2.29,0.6));
#16373=CARTESIAN_POINT('',(-1.92,-2.29,0.4));
#16374=CARTESIAN_POINT('',(-1.92,-2.29,1.725633230171E-31));
#16375=CARTESIAN_POINT('',(-1.92,-1.89,0.4));
#16376=CARTESIAN_POINT('',(-1.92,-1.89,0.4));
#16377=CARTESIAN_POINT('',(-1.92,-1.89,0.6));
#16378=CARTESIAN_POINT('',(-1.92,-1.89,3.5));
#16379=CARTESIAN_POINT('',(-1.92,1.905,0.6));
#16380=CARTESIAN_POINT('Origin',(-0.621185185185,-2.09,0.6));
#16381=CARTESIAN_POINT('',(-0.621185185185,-2.09,0.6));
#16382=CARTESIAN_POINT('',(-0.621185185185,-2.09,3.5));
#16383=CARTESIAN_POINT('',(-0.621185185185,-2.09,0.6));
#16384=CARTESIAN_POINT('',(-0.621185185185,-1.89,0.6));
#16385=CARTESIAN_POINT('',(-0.621185185185,-2.09,0.6));
#16386=CARTESIAN_POINT('',(-0.621185185185,-1.89,3.5));
#16387=CARTESIAN_POINT('',(-0.621185185185,-1.89,0.6));
#16388=CARTESIAN_POINT('',(-0.621185185185,-2.09,3.5));
#16389=CARTESIAN_POINT('Origin',(-1.27,-2.54,3.5));
#16390=CARTESIAN_POINT('',(-1.92,-1.89,3.5));
#16391=CARTESIAN_POINT('',(-1.921,-1.89,3.5));
#16392=CARTESIAN_POINT('',(-0.621185185185,-1.89,3.5));
#16393=CARTESIAN_POINT('',(-1.921,-3.19,3.5));
#16394=CARTESIAN_POINT('',(-1.921,-1.69,3.5));
#16395=CARTESIAN_POINT('',(-1.92,-3.19,3.5));
#16396=CARTESIAN_POINT('',(-1.921185185185,-3.19,3.5));
#16397=CARTESIAN_POINT('',(-1.92,-1.89,3.5));
#16398=CARTESIAN_POINT('Origin',(-1.375239239239,-2.54,0.6));
#16399=CARTESIAN_POINT('',(-1.721185185185,-2.99,0.6));
#16400=CARTESIAN_POINT('',(-0.621185185185,-2.99,0.6));
#16401=CARTESIAN_POINT('',(-1.92,-3.19,0.6));
#16402=CARTESIAN_POINT('',(-1.921185185185,-3.19,0.6));
#16403=CARTESIAN_POINT('',(-1.92,-2.79,0.6));
#16404=CARTESIAN_POINT('',(-1.92,1.905,0.6));
#16405=CARTESIAN_POINT('',(-1.721185185185,-2.79,0.6));
#16406=CARTESIAN_POINT('',(-1.921185185185,-2.79,0.6));
#16407=CARTESIAN_POINT('',(-1.721185185185,-2.99,0.6));
#16408=CARTESIAN_POINT('Origin',(-2.607671077239,-2.54,0.2));
#16409=CARTESIAN_POINT('',(-1.72,-2.79,0.2));
#16410=CARTESIAN_POINT('',(-1.72,-2.29,0.2));
#16411=CARTESIAN_POINT('',(-1.72,-2.79,0.2));
#16412=CARTESIAN_POINT('',(-1.721185185185,-2.29,0.2));
#16413=CARTESIAN_POINT('',(-1.72,-2.29,0.2));
#16414=CARTESIAN_POINT('',(-1.721185185185,-2.79,0.2));
#16415=CARTESIAN_POINT('',(-1.721185185185,-2.79,0.2));
#16416=CARTESIAN_POINT('',(-3.4,-2.79,0.2));
#16417=CARTESIAN_POINT('Origin',(-1.72,-2.29,0.));
#16418=CARTESIAN_POINT('',(-1.721185185185,-2.29,0.4));
#16419=CARTESIAN_POINT('',(-0.62,-2.29,0.4));
#16420=CARTESIAN_POINT('',(-1.721185185185,-2.29,0.6));
#16421=CARTESIAN_POINT('',(-1.721185185185,-2.29,0.6));
#16422=CARTESIAN_POINT('',(-1.721185185185,-2.29,0.2));
#16423=CARTESIAN_POINT('Origin',(-1.375239239239,-2.54,0.6));
#16424=CARTESIAN_POINT('',(-0.621185185185,-1.89,0.6));
#16425=CARTESIAN_POINT('',(-1.721185185185,-2.09,0.6));
#16426=CARTESIAN_POINT('',(-1.721185185185,-2.09,0.6));
#16427=CARTESIAN_POINT('',(-1.721185185185,-2.99,0.6));
#16428=CARTESIAN_POINT('Origin',(-1.721185185185,-2.09,0.6));
#16429=CARTESIAN_POINT('',(-1.721185185185,-2.09,3.5));
#16430=CARTESIAN_POINT('',(-1.721185185185,-2.09,0.6));
#16431=CARTESIAN_POINT('',(-1.721185185185,-2.09,3.5));
#16432=CARTESIAN_POINT('Origin',(-1.375239239239,-2.54,3.5));
#16433=CARTESIAN_POINT('',(-1.721185185185,-2.99,3.5));
#16434=CARTESIAN_POINT('',(-1.721185185185,-2.99,3.5));
#16435=CARTESIAN_POINT('',(-0.62,-1.89,3.5));
#16436=CARTESIAN_POINT('',(-1.92,-3.19,3.5));
#16437=CARTESIAN_POINT('',(-0.621185185185,-2.99,3.5));
#16438=CARTESIAN_POINT('Origin',(-0.621185185185,-2.99,0.6));
#16439=CARTESIAN_POINT('',(-1.721185185185,-2.99,0.6));
#16440=CARTESIAN_POINT('Origin',(-3.4,-2.79,0.));
#16441=CARTESIAN_POINT('',(-1.92,-2.79,0.4));
#16442=CARTESIAN_POINT('',(-1.721185185185,-2.79,0.4));
#16443=CARTESIAN_POINT('',(-1.92,-2.79,0.4));
#16444=CARTESIAN_POINT('',(-1.721185185185,-2.79,0.2));
#16445=CARTESIAN_POINT('',(-1.92,-2.79,1.725633230171E-31));
#16446=CARTESIAN_POINT('Origin',(-1.92,6.35,3.451266460342E-31));
#16447=CARTESIAN_POINT('',(-1.92,-3.19,0.4));
#16448=CARTESIAN_POINT('',(-1.92,-1.89,0.4));
#16449=CARTESIAN_POINT('',(-1.92,-3.19,3.5));
#16450=CARTESIAN_POINT('Origin',(-0.621185185185,-5.73,0.6));
#16451=CARTESIAN_POINT('',(-0.621185185185,-5.73,0.6));
#16452=CARTESIAN_POINT('',(-0.621185185185,-5.73,3.5));
#16453=CARTESIAN_POINT('',(-0.621185185185,-5.73,0.6));
#16454=CARTESIAN_POINT('',(-0.621185185185,-5.53,0.6));
#16455=CARTESIAN_POINT('',(-0.621185185185,-5.73,0.6));
#16456=CARTESIAN_POINT('',(-0.621185185185,-5.53,3.5));
#16457=CARTESIAN_POINT('',(-0.621185185185,-5.53,0.6));
#16458=CARTESIAN_POINT('',(-0.621185185185,-5.73,3.5));
#16459=CARTESIAN_POINT('Origin',(-1.92,6.35,3.451266460342E-31));
#16460=CARTESIAN_POINT('',(-1.92,-4.83,0.6));
#16461=CARTESIAN_POINT('',(-1.92,-4.83,0.4));
#16462=CARTESIAN_POINT('',(-1.92,-4.83,1.725633230171E-31));
#16463=CARTESIAN_POINT('',(-1.92,-4.43,0.4));
#16464=CARTESIAN_POINT('',(-1.92,-4.43,0.4));
#16465=CARTESIAN_POINT('',(-1.92,-4.43,0.6));
#16466=CARTESIAN_POINT('',(-1.92,-4.43,3.5));
#16467=CARTESIAN_POINT('',(-1.92,0.635,0.6));
#16468=CARTESIAN_POINT('Origin',(-0.621185185185,-4.63,0.6));
#16469=CARTESIAN_POINT('',(-0.621185185185,-4.63,0.6));
#16470=CARTESIAN_POINT('',(-0.621185185185,-4.63,3.5));
#16471=CARTESIAN_POINT('',(-0.621185185185,-4.63,0.6));
#16472=CARTESIAN_POINT('',(-0.621185185185,-4.43,0.6));
#16473=CARTESIAN_POINT('',(-0.621185185185,-4.63,0.6));
#16474=CARTESIAN_POINT('',(-0.621185185185,-4.43,3.5));
#16475=CARTESIAN_POINT('',(-0.621185185185,-4.43,0.6));
#16476=CARTESIAN_POINT('',(-0.621185185185,-4.63,3.5));
#16477=CARTESIAN_POINT('Origin',(-1.27,-5.08,3.5));
#16478=CARTESIAN_POINT('',(-1.92,-4.43,3.5));
#16479=CARTESIAN_POINT('',(-1.921,-4.43,3.5));
#16480=CARTESIAN_POINT('',(-0.621185185185,-4.43,3.5));
#16481=CARTESIAN_POINT('',(-1.921,-5.73,3.5));
#16482=CARTESIAN_POINT('',(-1.921,-4.23,3.5));
#16483=CARTESIAN_POINT('',(-1.92,-5.73,3.5));
#16484=CARTESIAN_POINT('',(-1.921185185185,-5.73,3.5));
#16485=CARTESIAN_POINT('',(-1.92,-4.43,3.5));
#16486=CARTESIAN_POINT('Origin',(-1.375239239239,-5.08,0.6));
#16487=CARTESIAN_POINT('',(-1.721185185185,-5.53,0.6));
#16488=CARTESIAN_POINT('',(-0.621185185185,-5.53,0.6));
#16489=CARTESIAN_POINT('',(-1.92,-5.73,0.6));
#16490=CARTESIAN_POINT('',(-1.921185185185,-5.73,0.6));
#16491=CARTESIAN_POINT('',(-1.92,-5.33,0.6));
#16492=CARTESIAN_POINT('',(-1.92,0.635,0.6));
#16493=CARTESIAN_POINT('',(-1.721185185185,-5.33,0.6));
#16494=CARTESIAN_POINT('',(-1.921185185185,-5.33,0.6));
#16495=CARTESIAN_POINT('',(-1.721185185185,-5.53,0.6));
#16496=CARTESIAN_POINT('Origin',(-2.607671077239,-5.08,0.2));
#16497=CARTESIAN_POINT('',(-1.72,-5.33,0.2));
#16498=CARTESIAN_POINT('',(-1.72,-4.83,0.2));
#16499=CARTESIAN_POINT('',(-1.72,-5.33,0.2));
#16500=CARTESIAN_POINT('',(-1.721185185185,-4.83,0.2));
#16501=CARTESIAN_POINT('',(-1.72,-4.83,0.2));
#16502=CARTESIAN_POINT('',(-1.721185185185,-5.33,0.2));
#16503=CARTESIAN_POINT('',(-1.721185185185,-5.33,0.2));
#16504=CARTESIAN_POINT('',(-3.4,-5.33,0.2));
#16505=CARTESIAN_POINT('Origin',(-1.72,-4.83,0.));
#16506=CARTESIAN_POINT('',(-1.721185185185,-4.83,0.4));
#16507=CARTESIAN_POINT('',(-0.62,-4.83,0.4));
#16508=CARTESIAN_POINT('',(-1.721185185185,-4.83,0.6));
#16509=CARTESIAN_POINT('',(-1.721185185185,-4.83,0.6));
#16510=CARTESIAN_POINT('',(-1.721185185185,-4.83,0.2));
#16511=CARTESIAN_POINT('Origin',(-1.375239239239,-5.08,0.6));
#16512=CARTESIAN_POINT('',(-0.621185185185,-4.43,0.6));
#16513=CARTESIAN_POINT('',(-1.721185185185,-4.63,0.6));
#16514=CARTESIAN_POINT('',(-1.721185185185,-4.63,0.6));
#16515=CARTESIAN_POINT('',(-1.721185185185,-5.53,0.6));
#16516=CARTESIAN_POINT('Origin',(-1.721185185185,-4.63,0.6));
#16517=CARTESIAN_POINT('',(-1.721185185185,-4.63,3.5));
#16518=CARTESIAN_POINT('',(-1.721185185185,-4.63,0.6));
#16519=CARTESIAN_POINT('',(-1.721185185185,-4.63,3.5));
#16520=CARTESIAN_POINT('Origin',(-1.375239239239,-5.08,3.5));
#16521=CARTESIAN_POINT('',(-1.721185185185,-5.53,3.5));
#16522=CARTESIAN_POINT('',(-1.721185185185,-5.53,3.5));
#16523=CARTESIAN_POINT('',(-0.62,-4.43,3.5));
#16524=CARTESIAN_POINT('',(-1.92,-5.73,3.5));
#16525=CARTESIAN_POINT('',(-0.621185185185,-5.53,3.5));
#16526=CARTESIAN_POINT('Origin',(-0.621185185185,-5.53,0.6));
#16527=CARTESIAN_POINT('',(-1.721185185185,-5.53,0.6));
#16528=CARTESIAN_POINT('Origin',(-3.4,-5.33,0.));
#16529=CARTESIAN_POINT('',(-1.92,-5.33,0.4));
#16530=CARTESIAN_POINT('',(-1.721185185185,-5.33,0.4));
#16531=CARTESIAN_POINT('',(-1.92,-5.33,0.4));
#16532=CARTESIAN_POINT('',(-1.721185185185,-5.33,0.2));
#16533=CARTESIAN_POINT('',(-1.92,-5.33,1.725633230171E-31));
#16534=CARTESIAN_POINT('Origin',(-1.92,6.35,3.451266460342E-31));
#16535=CARTESIAN_POINT('',(-1.92,-5.73,0.4));
#16536=CARTESIAN_POINT('',(-1.92,-4.43,0.4));
#16537=CARTESIAN_POINT('',(-1.92,-5.73,3.5));
#16538=CARTESIAN_POINT('Origin',(-0.621185185185,-8.27,0.6));
#16539=CARTESIAN_POINT('',(-0.621185185185,-8.27,0.6));
#16540=CARTESIAN_POINT('',(-0.621185185185,-8.27,3.5));
#16541=CARTESIAN_POINT('',(-0.621185185185,-8.27,0.6));
#16542=CARTESIAN_POINT('',(-0.621185185185,-8.07,0.6));
#16543=CARTESIAN_POINT('',(-0.621185185185,-8.27,0.6));
#16544=CARTESIAN_POINT('',(-0.621185185185,-8.07,3.5));
#16545=CARTESIAN_POINT('',(-0.621185185185,-8.07,0.6));
#16546=CARTESIAN_POINT('',(-0.621185185185,-8.27,3.5));
#16547=CARTESIAN_POINT('Origin',(-1.92,6.35,3.451266460342E-31));
#16548=CARTESIAN_POINT('',(-1.92,-7.37,0.6));
#16549=CARTESIAN_POINT('',(-1.92,-7.37,0.4));
#16550=CARTESIAN_POINT('',(-1.92,-7.37,1.725633230171E-31));
#16551=CARTESIAN_POINT('',(-1.92,-6.97,0.4));
#16552=CARTESIAN_POINT('',(-1.92,-6.97,0.4));
#16553=CARTESIAN_POINT('',(-1.92,-6.97,0.6));
#16554=CARTESIAN_POINT('',(-1.92,-6.97,3.5));
#16555=CARTESIAN_POINT('',(-1.92,-0.635,0.6));
#16556=CARTESIAN_POINT('Origin',(-0.621185185185,-7.17,0.6));
#16557=CARTESIAN_POINT('',(-0.621185185185,-7.17,0.6));
#16558=CARTESIAN_POINT('',(-0.621185185185,-7.17,3.5));
#16559=CARTESIAN_POINT('',(-0.621185185185,-7.17,0.6));
#16560=CARTESIAN_POINT('',(-0.621185185185,-6.97,0.6));
#16561=CARTESIAN_POINT('',(-0.621185185185,-7.17,0.6));
#16562=CARTESIAN_POINT('',(-0.621185185185,-6.97,3.5));
#16563=CARTESIAN_POINT('',(-0.621185185185,-6.97,0.6));
#16564=CARTESIAN_POINT('',(-0.621185185185,-7.17,3.5));
#16565=CARTESIAN_POINT('Origin',(-1.27,-7.62,3.5));
#16566=CARTESIAN_POINT('',(-1.92,-6.97,3.5));
#16567=CARTESIAN_POINT('',(-1.921,-6.97,3.5));
#16568=CARTESIAN_POINT('',(-0.621185185185,-6.97,3.5));
#16569=CARTESIAN_POINT('',(-1.921,-8.27,3.5));
#16570=CARTESIAN_POINT('',(-1.921,-6.77,3.5));
#16571=CARTESIAN_POINT('',(-1.92,-8.27,3.5));
#16572=CARTESIAN_POINT('',(-1.921185185185,-8.27,3.5));
#16573=CARTESIAN_POINT('',(-1.92,-6.97,3.5));
#16574=CARTESIAN_POINT('Origin',(-1.375239239239,-7.62,0.6));
#16575=CARTESIAN_POINT('',(-1.721185185185,-8.07,0.6));
#16576=CARTESIAN_POINT('',(-0.621185185185,-8.07,0.6));
#16577=CARTESIAN_POINT('',(-1.92,-8.27,0.6));
#16578=CARTESIAN_POINT('',(-1.921185185185,-8.27,0.6));
#16579=CARTESIAN_POINT('',(-1.92,-7.87,0.6));
#16580=CARTESIAN_POINT('',(-1.92,-0.635,0.6));
#16581=CARTESIAN_POINT('',(-1.721185185185,-7.87,0.6));
#16582=CARTESIAN_POINT('',(-1.921185185185,-7.87,0.6));
#16583=CARTESIAN_POINT('',(-1.721185185185,-8.07,0.6));
#16584=CARTESIAN_POINT('Origin',(-1.72,-7.37,0.));
#16585=CARTESIAN_POINT('',(-1.721185185185,-7.37,0.4));
#16586=CARTESIAN_POINT('',(-0.62,-7.37,0.4));
#16587=CARTESIAN_POINT('',(-1.721185185185,-7.37,0.6));
#16588=CARTESIAN_POINT('',(-1.721185185185,-7.37,0.6));
#16589=CARTESIAN_POINT('',(-1.721185185185,-7.37,0.2));
#16590=CARTESIAN_POINT('Origin',(-1.375239239239,-7.62,0.6));
#16591=CARTESIAN_POINT('',(-0.621185185185,-6.97,0.6));
#16592=CARTESIAN_POINT('',(-1.721185185185,-7.17,0.6));
#16593=CARTESIAN_POINT('',(-1.721185185185,-7.17,0.6));
#16594=CARTESIAN_POINT('',(-1.721185185185,-8.07,0.6));
#16595=CARTESIAN_POINT('Origin',(-1.721185185185,-7.17,0.6));
#16596=CARTESIAN_POINT('',(-1.721185185185,-7.17,3.5));
#16597=CARTESIAN_POINT('',(-1.721185185185,-7.17,0.6));
#16598=CARTESIAN_POINT('',(-1.721185185185,-7.17,3.5));
#16599=CARTESIAN_POINT('Origin',(-1.375239239239,-7.62,3.5));
#16600=CARTESIAN_POINT('',(-1.721185185185,-8.07,3.5));
#16601=CARTESIAN_POINT('',(-1.721185185185,-8.07,3.5));
#16602=CARTESIAN_POINT('',(-0.62,-6.97,3.5));
#16603=CARTESIAN_POINT('',(-1.92,-8.27,3.5));
#16604=CARTESIAN_POINT('',(-0.621185185185,-8.07,3.5));
#16605=CARTESIAN_POINT('Origin',(-0.621185185185,-8.07,0.6));
#16606=CARTESIAN_POINT('',(-1.721185185185,-8.07,0.6));
#16607=CARTESIAN_POINT('Origin',(-3.4,-7.87,0.));
#16608=CARTESIAN_POINT('',(-1.92,-7.87,0.4));
#16609=CARTESIAN_POINT('',(-1.721185185185,-7.87,0.4));
#16610=CARTESIAN_POINT('',(-1.92,-7.87,0.4));
#16611=CARTESIAN_POINT('',(-1.721185185185,-7.87,0.2));
#16612=CARTESIAN_POINT('',(-1.92,-7.87,1.725633230171E-31));
#16613=CARTESIAN_POINT('Origin',(-1.92,6.35,3.451266460342E-31));
#16614=CARTESIAN_POINT('',(-1.92,-8.27,0.4));
#16615=CARTESIAN_POINT('',(-1.92,-6.97,0.4));
#16616=CARTESIAN_POINT('',(-1.92,-8.27,3.5));
#16617=CARTESIAN_POINT('Origin',(-2.607671077239,-7.62,0.2));
#16618=CARTESIAN_POINT('',(-1.72,-7.87,0.2));
#16619=CARTESIAN_POINT('',(-1.72,-7.37,0.2));
#16620=CARTESIAN_POINT('',(-1.72,-7.87,0.2));
#16621=CARTESIAN_POINT('',(-1.721185185185,-7.37,0.2));
#16622=CARTESIAN_POINT('',(-1.72,-7.37,0.2));
#16623=CARTESIAN_POINT('',(-1.721185185185,-7.87,0.2));
#16624=CARTESIAN_POINT('',(-1.721185185185,-7.87,0.2));
#16625=CARTESIAN_POINT('',(-3.4,-7.87,0.2));
#16626=CARTESIAN_POINT('Origin',(-3.6,-7.57,0.));
#16627=CARTESIAN_POINT('',(-3.6,-7.57,0.));
#16628=CARTESIAN_POINT('',(-3.6,-7.57,0.2));
#16629=CARTESIAN_POINT('',(-3.6,-7.57,0.));
#16630=CARTESIAN_POINT('',(-3.6,-7.67,0.));
#16631=CARTESIAN_POINT('',(-3.6,-7.57,0.));
#16632=CARTESIAN_POINT('',(-3.6,-7.67,0.2));
#16633=CARTESIAN_POINT('',(-3.6,-7.67,0.));
#16634=CARTESIAN_POINT('',(-3.6,-7.57,0.2));
#16635=CARTESIAN_POINT('Origin',(-3.6,-7.67,0.));
#16636=CARTESIAN_POINT('',(-3.4,-7.87,0.));
#16637=CARTESIAN_POINT('',(-3.6,-7.67,0.));
#16638=CARTESIAN_POINT('',(-3.4,-7.87,0.2));
#16639=CARTESIAN_POINT('',(-3.4,-7.87,0.));
#16640=CARTESIAN_POINT('',(-3.6,-7.67,0.2));
#16641=CARTESIAN_POINT('Origin',(-3.4,-7.37,0.));
#16642=CARTESIAN_POINT('',(-3.4,-7.37,0.));
#16643=CARTESIAN_POINT('',(-3.4,-7.37,0.2));
#16644=CARTESIAN_POINT('',(-3.4,-7.37,0.));
#16645=CARTESIAN_POINT('',(-3.4,-7.37,0.));
#16646=CARTESIAN_POINT('',(-3.4,-7.37,0.2));
#16647=CARTESIAN_POINT('Origin',(-3.6,-5.03,0.));
#16648=CARTESIAN_POINT('',(-3.6,-5.03,0.));
#16649=CARTESIAN_POINT('',(-3.6,-5.03,0.2));
#16650=CARTESIAN_POINT('',(-3.6,-5.03,0.));
#16651=CARTESIAN_POINT('',(-3.6,-5.13,0.));
#16652=CARTESIAN_POINT('',(-3.6,-5.03,0.));
#16653=CARTESIAN_POINT('',(-3.6,-5.13,0.2));
#16654=CARTESIAN_POINT('',(-3.6,-5.13,0.));
#16655=CARTESIAN_POINT('',(-3.6,-5.03,0.2));
#16656=CARTESIAN_POINT('Origin',(-3.6,-5.13,0.));
#16657=CARTESIAN_POINT('',(-3.4,-5.33,0.));
#16658=CARTESIAN_POINT('',(-3.6,-5.13,0.));
#16659=CARTESIAN_POINT('',(-3.4,-5.33,0.2));
#16660=CARTESIAN_POINT('',(-3.4,-5.33,0.));
#16661=CARTESIAN_POINT('',(-3.6,-5.13,0.2));
#16662=CARTESIAN_POINT('Origin',(-3.4,-4.83,0.));
#16663=CARTESIAN_POINT('',(-3.4,-4.83,0.));
#16664=CARTESIAN_POINT('',(-3.4,-4.83,0.2));
#16665=CARTESIAN_POINT('',(-3.4,-4.83,0.));
#16666=CARTESIAN_POINT('',(-3.4,-4.83,0.));
#16667=CARTESIAN_POINT('',(-3.4,-4.83,0.2));
#16668=CARTESIAN_POINT('Origin',(-2.607671077239,-5.08,0.));
#16669=CARTESIAN_POINT('',(-2.5,-4.83,0.));
#16670=CARTESIAN_POINT('',(-2.5,-5.33,0.));
#16671=CARTESIAN_POINT('',(-2.5,6.35,0.));
#16672=CARTESIAN_POINT('',(-3.4,-5.33,0.));
#16673=CARTESIAN_POINT('',(-1.72,-4.83,0.));
#16674=CARTESIAN_POINT('Origin',(0.,-1.27,0.));
#16675=CARTESIAN_POINT('',(-1.92,-4.83,1.725633230171E-31));
#16676=CARTESIAN_POINT('',(-1.72,-4.83,0.));
#16677=CARTESIAN_POINT('',(-1.92,-5.33,1.725633230171E-31));
#16678=CARTESIAN_POINT('',(-1.92,6.35,3.451266460342E-31));
#16679=CARTESIAN_POINT('',(-3.4,-5.33,0.));
#16680=CARTESIAN_POINT('Origin',(-3.6,-2.49,0.));
#16681=CARTESIAN_POINT('',(-3.6,-2.49,0.));
#16682=CARTESIAN_POINT('',(-3.6,-2.49,0.2));
#16683=CARTESIAN_POINT('',(-3.6,-2.49,0.));
#16684=CARTESIAN_POINT('',(-3.6,-2.59,0.));
#16685=CARTESIAN_POINT('',(-3.6,-2.49,0.));
#16686=CARTESIAN_POINT('',(-3.6,-2.59,0.2));
#16687=CARTESIAN_POINT('',(-3.6,-2.59,0.));
#16688=CARTESIAN_POINT('',(-3.6,-2.49,0.2));
#16689=CARTESIAN_POINT('Origin',(-3.6,-2.59,0.));
#16690=CARTESIAN_POINT('',(-3.4,-2.79,0.));
#16691=CARTESIAN_POINT('',(-3.6,-2.59,0.));
#16692=CARTESIAN_POINT('',(-3.4,-2.79,0.2));
#16693=CARTESIAN_POINT('',(-3.4,-2.79,0.));
#16694=CARTESIAN_POINT('',(-3.6,-2.59,0.2));
#16695=CARTESIAN_POINT('Origin',(-3.4,-2.29,0.));
#16696=CARTESIAN_POINT('',(-3.4,-2.29,0.));
#16697=CARTESIAN_POINT('',(-3.4,-2.29,0.2));
#16698=CARTESIAN_POINT('',(-3.4,-2.29,0.));
#16699=CARTESIAN_POINT('',(-3.4,-2.29,0.));
#16700=CARTESIAN_POINT('',(-3.4,-2.29,0.2));
#16701=CARTESIAN_POINT('Origin',(-2.607671077239,-2.54,0.));
#16702=CARTESIAN_POINT('',(-2.5,-2.29,0.));
#16703=CARTESIAN_POINT('',(-2.5,-2.79,0.));
#16704=CARTESIAN_POINT('',(-2.5,6.35,0.));
#16705=CARTESIAN_POINT('',(-3.4,-2.79,0.));
#16706=CARTESIAN_POINT('',(-1.72,-2.29,0.));
#16707=CARTESIAN_POINT('Origin',(0.,-1.27,0.));
#16708=CARTESIAN_POINT('',(-1.92,-2.29,1.725633230171E-31));
#16709=CARTESIAN_POINT('',(-1.72,-2.29,0.));
#16710=CARTESIAN_POINT('',(-1.92,-2.79,1.725633230171E-31));
#16711=CARTESIAN_POINT('',(-1.92,6.35,3.451266460342E-31));
#16712=CARTESIAN_POINT('',(-3.4,-2.79,0.));
#16713=CARTESIAN_POINT('Origin',(-3.6,0.05,0.));
#16714=CARTESIAN_POINT('',(-3.6,0.05,0.));
#16715=CARTESIAN_POINT('',(-3.6,0.05,0.2));
#16716=CARTESIAN_POINT('',(-3.6,0.05,0.));
#16717=CARTESIAN_POINT('',(-3.6,-0.05,0.));
#16718=CARTESIAN_POINT('',(-3.6,0.05,0.));
#16719=CARTESIAN_POINT('',(-3.6,-0.05,0.2));
#16720=CARTESIAN_POINT('',(-3.6,-0.05,0.));
#16721=CARTESIAN_POINT('',(-3.6,0.05,0.2));
#16722=CARTESIAN_POINT('Origin',(-3.6,-0.05,0.));
#16723=CARTESIAN_POINT('',(-3.4,-0.25,0.));
#16724=CARTESIAN_POINT('',(-3.6,-0.05,0.));
#16725=CARTESIAN_POINT('',(-3.4,-0.25,0.2));
#16726=CARTESIAN_POINT('',(-3.4,-0.25,0.));
#16727=CARTESIAN_POINT('',(-3.6,-0.05,0.2));
#16728=CARTESIAN_POINT('Origin',(-3.4,0.25,0.));
#16729=CARTESIAN_POINT('',(-3.4,0.25,0.));
#16730=CARTESIAN_POINT('',(-3.4,0.25,0.2));
#16731=CARTESIAN_POINT('',(-3.4,0.25,0.));
#16732=CARTESIAN_POINT('',(-3.4,0.25,0.));
#16733=CARTESIAN_POINT('',(-3.4,0.25,0.2));
#16734=CARTESIAN_POINT('Origin',(-2.607671077239,0.,0.));
#16735=CARTESIAN_POINT('',(-2.5,0.25,0.));
#16736=CARTESIAN_POINT('',(-2.5,-0.25,0.));
#16737=CARTESIAN_POINT('',(-2.5,6.35,0.));
#16738=CARTESIAN_POINT('',(-3.4,-0.25,0.));
#16739=CARTESIAN_POINT('',(-1.72,0.25,0.));
#16740=CARTESIAN_POINT('Origin',(0.,-1.27,0.));
#16741=CARTESIAN_POINT('',(-1.92,0.25,1.725633230171E-31));
#16742=CARTESIAN_POINT('',(-1.72,0.25,0.));
#16743=CARTESIAN_POINT('',(-1.92,-0.25,1.725633230171E-31));
#16744=CARTESIAN_POINT('',(-1.92,6.35,3.451266460342E-31));
#16745=CARTESIAN_POINT('',(-3.4,-0.25,0.));
#16746=CARTESIAN_POINT('Origin',(-3.6,2.59,0.));
#16747=CARTESIAN_POINT('',(-3.6,2.59,0.));
#16748=CARTESIAN_POINT('',(-3.6,2.59,0.2));
#16749=CARTESIAN_POINT('',(-3.6,2.59,0.));
#16750=CARTESIAN_POINT('',(-3.6,2.49,0.));
#16751=CARTESIAN_POINT('',(-3.6,2.59,0.));
#16752=CARTESIAN_POINT('',(-3.6,2.49,0.2));
#16753=CARTESIAN_POINT('',(-3.6,2.49,0.));
#16754=CARTESIAN_POINT('',(-3.6,2.59,0.2));
#16755=CARTESIAN_POINT('Origin',(-3.6,2.49,0.));
#16756=CARTESIAN_POINT('',(-3.4,2.29,0.));
#16757=CARTESIAN_POINT('',(-3.6,2.49,0.));
#16758=CARTESIAN_POINT('',(-3.4,2.29,0.2));
#16759=CARTESIAN_POINT('',(-3.4,2.29,0.));
#16760=CARTESIAN_POINT('',(-3.6,2.49,0.2));
#16761=CARTESIAN_POINT('Origin',(-3.4,2.79,0.));
#16762=CARTESIAN_POINT('',(-3.4,2.79,0.));
#16763=CARTESIAN_POINT('',(-3.4,2.79,0.2));
#16764=CARTESIAN_POINT('',(-3.4,2.79,0.));
#16765=CARTESIAN_POINT('',(-3.4,2.79,0.));
#16766=CARTESIAN_POINT('',(-3.4,2.79,0.2));
#16767=CARTESIAN_POINT('Origin',(-2.607671077239,2.54,0.));
#16768=CARTESIAN_POINT('',(-2.5,2.79,0.));
#16769=CARTESIAN_POINT('',(-2.5,2.29,0.));
#16770=CARTESIAN_POINT('',(-2.5,6.35,0.));
#16771=CARTESIAN_POINT('',(-3.4,2.29,0.));
#16772=CARTESIAN_POINT('',(-1.72,2.79,0.));
#16773=CARTESIAN_POINT('Origin',(0.,-1.27,0.));
#16774=CARTESIAN_POINT('',(-1.92,2.79,1.725633230171E-31));
#16775=CARTESIAN_POINT('',(-1.72,2.79,0.));
#16776=CARTESIAN_POINT('',(-1.92,2.29,1.725633230171E-31));
#16777=CARTESIAN_POINT('',(-1.92,6.35,3.451266460342E-31));
#16778=CARTESIAN_POINT('',(-3.4,2.29,0.));
#16779=CARTESIAN_POINT('Origin',(0.5195,3.39,3.5995));
#16780=CARTESIAN_POINT('',(0.42,3.39,3.699));
#16781=CARTESIAN_POINT('',(0.619,3.191,3.5));
#16782=CARTESIAN_POINT('',(0.769666666667,3.040333333333,3.349333333333));
#16783=CARTESIAN_POINT('',(0.42,1.69,3.699));
#16784=CARTESIAN_POINT('',(0.42,3.39,3.699));
#16785=CARTESIAN_POINT('',(0.619,1.889,3.5));
#16786=CARTESIAN_POINT('',(0.769666666667,2.039666666667,3.349333333333));
#16787=CARTESIAN_POINT('',(0.619,3.39,3.5));
#16788=CARTESIAN_POINT('Origin',(2.12,3.2905,3.5995));
#16789=CARTESIAN_POINT('',(2.12,3.39,3.699));
#16790=CARTESIAN_POINT('',(1.921,3.191,3.5));
#16791=CARTESIAN_POINT('',(1.770333333333,3.040333333333,3.349333333333));
#16792=CARTESIAN_POINT('',(2.12,3.39,3.699));
#16793=CARTESIAN_POINT('',(2.12,3.191,3.5));
#16794=CARTESIAN_POINT('Origin',(2.0205,1.69,3.5995));
#16795=CARTESIAN_POINT('',(2.12,1.69,3.699));
#16796=CARTESIAN_POINT('',(1.921,1.889,3.5));
#16797=CARTESIAN_POINT('',(1.770333333333,2.039666666667,3.349333333333));
#16798=CARTESIAN_POINT('',(2.12,1.69,3.699));
#16799=CARTESIAN_POINT('',(1.921,1.69,3.5));
#16800=CARTESIAN_POINT('',(1.921,1.69,3.5));
#16801=CARTESIAN_POINT('Origin',(0.42,1.7895,3.5995));
#16802=CARTESIAN_POINT('',(0.42,1.69,3.699));
#16803=CARTESIAN_POINT('',(0.42,1.889,3.5));
#16804=CARTESIAN_POINT('Origin',(0.5195,0.85,3.5995));
#16805=CARTESIAN_POINT('',(0.42,0.85,3.699));
#16806=CARTESIAN_POINT('',(0.619,0.651,3.5));
#16807=CARTESIAN_POINT('',(0.769666666667,0.500333333333,3.349333333333));
#16808=CARTESIAN_POINT('',(0.42,-0.85,3.699));
#16809=CARTESIAN_POINT('',(0.42,0.85,3.699));
#16810=CARTESIAN_POINT('',(0.619,-0.651,3.5));
#16811=CARTESIAN_POINT('',(0.769666666667,-0.500333333333,3.349333333333));
#16812=CARTESIAN_POINT('',(0.619,0.85,3.5));
#16813=CARTESIAN_POINT('Origin',(2.12,0.7505,3.5995));
#16814=CARTESIAN_POINT('',(2.12,0.85,3.699));
#16815=CARTESIAN_POINT('',(1.921,0.651,3.5));
#16816=CARTESIAN_POINT('',(1.770333333333,0.500333333333,3.349333333333));
#16817=CARTESIAN_POINT('',(2.12,0.85,3.699));
#16818=CARTESIAN_POINT('',(2.12,0.651,3.5));
#16819=CARTESIAN_POINT('Origin',(2.0205,-0.85,3.5995));
#16820=CARTESIAN_POINT('',(2.12,-0.85,3.699));
#16821=CARTESIAN_POINT('',(1.921,-0.651,3.5));
#16822=CARTESIAN_POINT('',(1.770333333333,-0.500333333333,3.349333333333));
#16823=CARTESIAN_POINT('',(2.12,-0.85,3.699));
#16824=CARTESIAN_POINT('',(1.921,-0.85,3.5));
#16825=CARTESIAN_POINT('',(1.921,-0.85,3.5));
#16826=CARTESIAN_POINT('Origin',(0.42,-0.7505,3.5995));
#16827=CARTESIAN_POINT('',(0.42,-0.85,3.699));
#16828=CARTESIAN_POINT('',(0.42,-0.651,3.5));
#16829=CARTESIAN_POINT('Origin',(-0.5195,1.69,3.5995));
#16830=CARTESIAN_POINT('',(-0.42,1.69,3.699));
#16831=CARTESIAN_POINT('',(-0.619,1.889,3.5));
#16832=CARTESIAN_POINT('',(-0.769666666667,2.039666666667,3.349333333333));
#16833=CARTESIAN_POINT('',(-0.42,3.39,3.699));
#16834=CARTESIAN_POINT('',(-0.42,1.69,3.699));
#16835=CARTESIAN_POINT('',(-0.619,3.191,3.5));
#16836=CARTESIAN_POINT('',(-0.769666666667,3.040333333333,3.349333333333));
#16837=CARTESIAN_POINT('',(-0.619,1.69,3.5));
#16838=CARTESIAN_POINT('Origin',(-2.12,1.7895,3.5995));
#16839=CARTESIAN_POINT('',(-2.12,1.69,3.699));
#16840=CARTESIAN_POINT('',(-1.921,1.889,3.5));
#16841=CARTESIAN_POINT('',(-1.770333333333,2.039666666667,3.349333333333));
#16842=CARTESIAN_POINT('',(-2.12,1.69,3.699));
#16843=CARTESIAN_POINT('',(-2.12,1.889,3.5));
#16844=CARTESIAN_POINT('Origin',(-2.0205,3.39,3.5995));
#16845=CARTESIAN_POINT('',(-2.12,3.39,3.699));
#16846=CARTESIAN_POINT('',(-1.921,3.191,3.5));
#16847=CARTESIAN_POINT('',(-1.770333333333,3.040333333333,3.349333333333));
#16848=CARTESIAN_POINT('',(-2.12,3.39,3.699));
#16849=CARTESIAN_POINT('',(-1.921,3.39,3.5));
#16850=CARTESIAN_POINT('',(-1.921,3.39,3.5));
#16851=CARTESIAN_POINT('Origin',(-0.42,3.2905,3.5995));
#16852=CARTESIAN_POINT('',(-0.42,3.39,3.699));
#16853=CARTESIAN_POINT('',(-0.42,3.191,3.5));
#16854=CARTESIAN_POINT('Origin',(-0.5195,-0.85,3.5995));
#16855=CARTESIAN_POINT('',(-0.42,-0.85,3.699));
#16856=CARTESIAN_POINT('',(-0.619,-0.651,3.5));
#16857=CARTESIAN_POINT('',(-0.769666666667,-0.500333333333,3.349333333333));
#16858=CARTESIAN_POINT('',(-0.42,0.85,3.699));
#16859=CARTESIAN_POINT('',(-0.42,-0.85,3.699));
#16860=CARTESIAN_POINT('',(-0.619,0.651,3.5));
#16861=CARTESIAN_POINT('',(-0.769666666667,0.500333333333,3.349333333333));
#16862=CARTESIAN_POINT('',(-0.619,-0.85,3.5));
#16863=CARTESIAN_POINT('Origin',(-2.12,-0.7505,3.5995));
#16864=CARTESIAN_POINT('',(-2.12,-0.85,3.699));
#16865=CARTESIAN_POINT('',(-1.921,-0.651,3.5));
#16866=CARTESIAN_POINT('',(-1.770333333333,-0.500333333333,3.349333333333));
#16867=CARTESIAN_POINT('',(-2.12,-0.85,3.699));
#16868=CARTESIAN_POINT('',(-2.12,-0.651,3.5));
#16869=CARTESIAN_POINT('Origin',(-2.0205,0.85,3.5995));
#16870=CARTESIAN_POINT('',(-2.12,0.85,3.699));
#16871=CARTESIAN_POINT('',(-1.921,0.651,3.5));
#16872=CARTESIAN_POINT('',(-1.770333333333,0.500333333333,3.349333333333));
#16873=CARTESIAN_POINT('',(-2.12,0.85,3.699));
#16874=CARTESIAN_POINT('',(-1.921,0.85,3.5));
#16875=CARTESIAN_POINT('',(-1.921,0.85,3.5));
#16876=CARTESIAN_POINT('Origin',(-0.42,0.7505,3.5995));
#16877=CARTESIAN_POINT('',(-0.42,0.85,3.699));
#16878=CARTESIAN_POINT('',(-0.42,0.651,3.5));
#16879=CARTESIAN_POINT('Origin',(0.5195,-1.69,3.5995));
#16880=CARTESIAN_POINT('',(0.42,-1.69,3.699));
#16881=CARTESIAN_POINT('',(0.619,-1.889,3.5));
#16882=CARTESIAN_POINT('',(0.769666666667,-2.039666666667,3.349333333333));
#16883=CARTESIAN_POINT('',(0.42,-3.39,3.699));
#16884=CARTESIAN_POINT('',(0.42,-1.69,3.699));
#16885=CARTESIAN_POINT('',(0.619,-3.191,3.5));
#16886=CARTESIAN_POINT('',(0.769666666667,-3.040333333333,3.349333333333));
#16887=CARTESIAN_POINT('',(0.619,-1.69,3.5));
#16888=CARTESIAN_POINT('Origin',(2.12,-1.7895,3.5995));
#16889=CARTESIAN_POINT('',(2.12,-1.69,3.699));
#16890=CARTESIAN_POINT('',(1.921,-1.889,3.5));
#16891=CARTESIAN_POINT('',(1.770333333333,-2.039666666667,3.349333333333));
#16892=CARTESIAN_POINT('',(2.12,-1.69,3.699));
#16893=CARTESIAN_POINT('',(2.12,-1.889,3.5));
#16894=CARTESIAN_POINT('Origin',(2.0205,-3.39,3.5995));
#16895=CARTESIAN_POINT('',(2.12,-3.39,3.699));
#16896=CARTESIAN_POINT('',(1.921,-3.191,3.5));
#16897=CARTESIAN_POINT('',(1.770333333333,-3.040333333333,3.349333333333));
#16898=CARTESIAN_POINT('',(2.12,-3.39,3.699));
#16899=CARTESIAN_POINT('',(1.921,-3.39,3.5));
#16900=CARTESIAN_POINT('',(1.921,-3.39,3.5));
#16901=CARTESIAN_POINT('Origin',(0.42,-3.2905,3.5995));
#16902=CARTESIAN_POINT('',(0.42,-3.39,3.699));
#16903=CARTESIAN_POINT('',(0.42,-3.191,3.5));
#16904=CARTESIAN_POINT('Origin',(0.5195,-4.23,3.5995));
#16905=CARTESIAN_POINT('',(0.42,-4.23,3.699));
#16906=CARTESIAN_POINT('',(0.619,-4.429,3.5));
#16907=CARTESIAN_POINT('',(0.769666666667,-4.579666666667,3.349333333333));
#16908=CARTESIAN_POINT('',(0.42,-5.93,3.699));
#16909=CARTESIAN_POINT('',(0.42,-4.23,3.699));
#16910=CARTESIAN_POINT('',(0.619,-5.731,3.5));
#16911=CARTESIAN_POINT('',(0.769666666667,-5.580333333333,3.349333333333));
#16912=CARTESIAN_POINT('',(0.619,-4.23,3.5));
#16913=CARTESIAN_POINT('Origin',(2.12,-4.3295,3.5995));
#16914=CARTESIAN_POINT('',(2.12,-4.23,3.699));
#16915=CARTESIAN_POINT('',(1.921,-4.429,3.5));
#16916=CARTESIAN_POINT('',(1.770333333333,-4.579666666667,3.349333333333));
#16917=CARTESIAN_POINT('',(2.12,-4.23,3.699));
#16918=CARTESIAN_POINT('',(2.12,-4.429,3.5));
#16919=CARTESIAN_POINT('Origin',(2.0205,-5.93,3.5995));
#16920=CARTESIAN_POINT('',(2.12,-5.93,3.699));
#16921=CARTESIAN_POINT('',(1.921,-5.731,3.5));
#16922=CARTESIAN_POINT('',(1.770333333333,-5.580333333333,3.349333333333));
#16923=CARTESIAN_POINT('',(2.12,-5.93,3.699));
#16924=CARTESIAN_POINT('',(1.921,-5.93,3.5));
#16925=CARTESIAN_POINT('',(1.921,-5.93,3.5));
#16926=CARTESIAN_POINT('Origin',(0.42,-5.8305,3.5995));
#16927=CARTESIAN_POINT('',(0.42,-5.93,3.699));
#16928=CARTESIAN_POINT('',(0.42,-5.731,3.5));
#16929=CARTESIAN_POINT('Origin',(0.5195,-6.77,3.5995));
#16930=CARTESIAN_POINT('',(0.42,-6.77,3.699));
#16931=CARTESIAN_POINT('',(0.619,-6.969,3.5));
#16932=CARTESIAN_POINT('',(0.769666666667,-7.119666666667,3.349333333333));
#16933=CARTESIAN_POINT('',(0.42,-8.47,3.699));
#16934=CARTESIAN_POINT('',(0.42,-6.77,3.699));
#16935=CARTESIAN_POINT('',(0.619,-8.271,3.5));
#16936=CARTESIAN_POINT('',(0.769666666667,-8.120333333333,3.349333333333));
#16937=CARTESIAN_POINT('',(0.619,-6.77,3.5));
#16938=CARTESIAN_POINT('Origin',(2.12,-6.8695,3.5995));
#16939=CARTESIAN_POINT('',(2.12,-6.77,3.699));
#16940=CARTESIAN_POINT('',(1.921,-6.969,3.5));
#16941=CARTESIAN_POINT('',(1.770333333333,-7.119666666667,3.349333333333));
#16942=CARTESIAN_POINT('',(2.12,-6.77,3.699));
#16943=CARTESIAN_POINT('',(2.12,-6.969,3.5));
#16944=CARTESIAN_POINT('Origin',(2.0205,-8.47,3.5995));
#16945=CARTESIAN_POINT('',(2.12,-8.47,3.699));
#16946=CARTESIAN_POINT('',(1.921,-8.271,3.5));
#16947=CARTESIAN_POINT('',(1.770333333333,-8.120333333333,3.349333333333));
#16948=CARTESIAN_POINT('',(2.12,-8.47,3.699));
#16949=CARTESIAN_POINT('',(1.921,-8.47,3.5));
#16950=CARTESIAN_POINT('',(1.921,-8.47,3.5));
#16951=CARTESIAN_POINT('Origin',(0.42,-8.3705,3.5995));
#16952=CARTESIAN_POINT('',(0.42,-8.47,3.699));
#16953=CARTESIAN_POINT('',(0.42,-8.271,3.5));
#16954=CARTESIAN_POINT('Origin',(-0.5195,-3.39,3.5995));
#16955=CARTESIAN_POINT('',(-0.42,-3.39,3.699));
#16956=CARTESIAN_POINT('',(-0.619,-3.191,3.5));
#16957=CARTESIAN_POINT('',(-0.769666666667,-3.040333333333,3.349333333333));
#16958=CARTESIAN_POINT('',(-0.42,-1.69,3.699));
#16959=CARTESIAN_POINT('',(-0.42,-3.39,3.699));
#16960=CARTESIAN_POINT('',(-0.619,-1.889,3.5));
#16961=CARTESIAN_POINT('',(-0.769666666667,-2.039666666667,3.349333333333));
#16962=CARTESIAN_POINT('',(-0.619,-3.39,3.5));
#16963=CARTESIAN_POINT('Origin',(-2.12,-3.2905,3.5995));
#16964=CARTESIAN_POINT('',(-2.12,-3.39,3.699));
#16965=CARTESIAN_POINT('',(-1.921,-3.191,3.5));
#16966=CARTESIAN_POINT('',(-1.770333333333,-3.040333333333,3.349333333333));
#16967=CARTESIAN_POINT('',(-2.12,-3.39,3.699));
#16968=CARTESIAN_POINT('',(-2.12,-3.191,3.5));
#16969=CARTESIAN_POINT('Origin',(-2.0205,-1.69,3.5995));
#16970=CARTESIAN_POINT('',(-2.12,-1.69,3.699));
#16971=CARTESIAN_POINT('',(-1.921,-1.889,3.5));
#16972=CARTESIAN_POINT('',(-1.770333333333,-2.039666666667,3.349333333333));
#16973=CARTESIAN_POINT('',(-2.12,-1.69,3.699));
#16974=CARTESIAN_POINT('',(-1.921,-1.69,3.5));
#16975=CARTESIAN_POINT('',(-1.921,-1.69,3.5));
#16976=CARTESIAN_POINT('Origin',(-0.42,-1.7895,3.5995));
#16977=CARTESIAN_POINT('',(-0.42,-1.69,3.699));
#16978=CARTESIAN_POINT('',(-0.42,-1.889,3.5));
#16979=CARTESIAN_POINT('Origin',(-0.5195,-5.93,3.5995));
#16980=CARTESIAN_POINT('',(-0.42,-5.93,3.699));
#16981=CARTESIAN_POINT('',(-0.619,-5.731,3.5));
#16982=CARTESIAN_POINT('',(-0.769666666667,-5.580333333333,3.349333333333));
#16983=CARTESIAN_POINT('',(-0.42,-4.23,3.699));
#16984=CARTESIAN_POINT('',(-0.42,-5.93,3.699));
#16985=CARTESIAN_POINT('',(-0.619,-4.429,3.5));
#16986=CARTESIAN_POINT('',(-0.769666666667,-4.579666666667,3.349333333333));
#16987=CARTESIAN_POINT('',(-0.619,-5.93,3.5));
#16988=CARTESIAN_POINT('Origin',(-2.12,-5.8305,3.5995));
#16989=CARTESIAN_POINT('',(-2.12,-5.93,3.699));
#16990=CARTESIAN_POINT('',(-1.921,-5.731,3.5));
#16991=CARTESIAN_POINT('',(-1.770333333333,-5.580333333333,3.349333333333));
#16992=CARTESIAN_POINT('',(-2.12,-5.93,3.699));
#16993=CARTESIAN_POINT('',(-2.12,-5.731,3.5));
#16994=CARTESIAN_POINT('Origin',(-2.0205,-4.23,3.5995));
#16995=CARTESIAN_POINT('',(-2.12,-4.23,3.699));
#16996=CARTESIAN_POINT('',(-1.921,-4.429,3.5));
#16997=CARTESIAN_POINT('',(-1.770333333333,-4.579666666667,3.349333333333));
#16998=CARTESIAN_POINT('',(-2.12,-4.23,3.699));
#16999=CARTESIAN_POINT('',(-1.921,-4.23,3.5));
#17000=CARTESIAN_POINT('',(-1.921,-4.23,3.5));
#17001=CARTESIAN_POINT('Origin',(-0.42,-4.3295,3.5995));
#17002=CARTESIAN_POINT('',(-0.42,-4.23,3.699));
#17003=CARTESIAN_POINT('',(-0.42,-4.429,3.5));
#17004=CARTESIAN_POINT('Origin',(-0.5195,-8.47,3.5995));
#17005=CARTESIAN_POINT('',(-0.42,-8.47,3.699));
#17006=CARTESIAN_POINT('',(-0.619,-8.271,3.5));
#17007=CARTESIAN_POINT('',(-0.769666666667,-8.120333333333,3.349333333333));
#17008=CARTESIAN_POINT('',(-0.42,-6.77,3.699));
#17009=CARTESIAN_POINT('',(-0.42,-8.47,3.699));
#17010=CARTESIAN_POINT('',(-0.619,-6.969,3.5));
#17011=CARTESIAN_POINT('',(-0.769666666667,-7.119666666667,3.349333333333));
#17012=CARTESIAN_POINT('',(-0.619,-8.47,3.5));
#17013=CARTESIAN_POINT('Origin',(-2.12,-8.3705,3.5995));
#17014=CARTESIAN_POINT('',(-2.12,-8.47,3.699));
#17015=CARTESIAN_POINT('',(-1.921,-8.271,3.5));
#17016=CARTESIAN_POINT('',(-1.770333333333,-8.120333333333,3.349333333333));
#17017=CARTESIAN_POINT('',(-2.12,-8.47,3.699));
#17018=CARTESIAN_POINT('',(-2.12,-8.271,3.5));
#17019=CARTESIAN_POINT('Origin',(-2.0205,-6.77,3.5995));
#17020=CARTESIAN_POINT('',(-2.12,-6.77,3.699));
#17021=CARTESIAN_POINT('',(-1.921,-6.969,3.5));
#17022=CARTESIAN_POINT('',(-1.770333333333,-7.119666666667,3.349333333333));
#17023=CARTESIAN_POINT('',(-2.12,-6.77,3.699));
#17024=CARTESIAN_POINT('',(-1.921,-6.77,3.5));
#17025=CARTESIAN_POINT('',(-1.921,-6.77,3.5));
#17026=CARTESIAN_POINT('Origin',(-0.42,-6.8695,3.5995));
#17027=CARTESIAN_POINT('',(-0.42,-6.77,3.699));
#17028=CARTESIAN_POINT('',(-0.42,-6.969,3.5));
#17029=CARTESIAN_POINT('Origin',(3.6,2.49,0.));
#17030=CARTESIAN_POINT('',(3.6,2.49,0.));
#17031=CARTESIAN_POINT('',(3.6,2.49,0.2));
#17032=CARTESIAN_POINT('',(3.6,2.49,0.));
#17033=CARTESIAN_POINT('',(3.6,2.59,0.));
#17034=CARTESIAN_POINT('',(3.6,2.49,0.));
#17035=CARTESIAN_POINT('',(3.6,2.59,0.2));
#17036=CARTESIAN_POINT('',(3.6,2.59,0.));
#17037=CARTESIAN_POINT('',(3.6,2.49,0.2));
#17038=CARTESIAN_POINT('Origin',(3.6,2.59,0.));
#17039=CARTESIAN_POINT('',(3.4,2.79,0.));
#17040=CARTESIAN_POINT('',(3.6,2.59,0.));
#17041=CARTESIAN_POINT('',(3.4,2.79,0.2));
#17042=CARTESIAN_POINT('',(3.4,2.79,0.));
#17043=CARTESIAN_POINT('',(3.6,2.59,0.2));
#17044=CARTESIAN_POINT('Origin',(3.4,2.29,0.));
#17045=CARTESIAN_POINT('',(3.4,2.29,0.));
#17046=CARTESIAN_POINT('',(3.4,2.29,0.2));
#17047=CARTESIAN_POINT('',(3.4,2.29,0.));
#17048=CARTESIAN_POINT('',(3.4,2.29,0.));
#17049=CARTESIAN_POINT('',(3.4,2.29,0.2));
#17050=CARTESIAN_POINT('Origin',(2.607671077239,2.54,0.));
#17051=CARTESIAN_POINT('',(2.5,2.29,0.));
#17052=CARTESIAN_POINT('',(2.5,2.79,0.));
#17053=CARTESIAN_POINT('',(2.5,-8.89,0.));
#17054=CARTESIAN_POINT('',(3.4,2.79,0.));
#17055=CARTESIAN_POINT('',(1.72,2.29,0.));
#17056=CARTESIAN_POINT('Origin',(0.,-1.27,0.));
#17057=CARTESIAN_POINT('',(1.92,2.79,1.725633230171E-31));
#17058=CARTESIAN_POINT('',(3.4,2.79,0.));
#17059=CARTESIAN_POINT('',(1.92,2.29,1.725633230171E-31));
#17060=CARTESIAN_POINT('',(1.72,2.29,0.));
#17061=CARTESIAN_POINT('',(1.92,6.35,3.451266460342E-31));
#17062=CARTESIAN_POINT('Origin',(3.6,-0.05,0.));
#17063=CARTESIAN_POINT('',(3.6,-0.05,0.));
#17064=CARTESIAN_POINT('',(3.6,-0.05,0.2));
#17065=CARTESIAN_POINT('',(3.6,-0.05,0.));
#17066=CARTESIAN_POINT('',(3.6,0.05,0.));
#17067=CARTESIAN_POINT('',(3.6,-0.05,0.));
#17068=CARTESIAN_POINT('',(3.6,0.05,0.2));
#17069=CARTESIAN_POINT('',(3.6,0.05,0.));
#17070=CARTESIAN_POINT('',(3.6,-0.05,0.2));
#17071=CARTESIAN_POINT('Origin',(3.6,0.05,0.));
#17072=CARTESIAN_POINT('',(3.4,0.25,0.));
#17073=CARTESIAN_POINT('',(3.6,0.05,0.));
#17074=CARTESIAN_POINT('',(3.4,0.25,0.2));
#17075=CARTESIAN_POINT('',(3.4,0.25,0.));
#17076=CARTESIAN_POINT('',(3.6,0.05,0.2));
#17077=CARTESIAN_POINT('Origin',(3.4,-0.25,0.));
#17078=CARTESIAN_POINT('',(3.4,-0.25,0.));
#17079=CARTESIAN_POINT('',(3.4,-0.25,0.2));
#17080=CARTESIAN_POINT('',(3.4,-0.25,0.));
#17081=CARTESIAN_POINT('',(3.4,-0.25,0.));
#17082=CARTESIAN_POINT('',(3.4,-0.25,0.2));
#17083=CARTESIAN_POINT('Origin',(2.607671077239,0.,0.));
#17084=CARTESIAN_POINT('',(2.5,-0.25,0.));
#17085=CARTESIAN_POINT('',(2.5,0.25,0.));
#17086=CARTESIAN_POINT('',(2.5,-8.89,0.));
#17087=CARTESIAN_POINT('',(3.4,0.25,0.));
#17088=CARTESIAN_POINT('',(1.72,-0.25,0.));
#17089=CARTESIAN_POINT('Origin',(0.,-1.27,0.));
#17090=CARTESIAN_POINT('',(1.92,0.25,1.725633230171E-31));
#17091=CARTESIAN_POINT('',(3.4,0.25,0.));
#17092=CARTESIAN_POINT('',(1.92,-0.25,1.725633230171E-31));
#17093=CARTESIAN_POINT('',(1.72,-0.25,0.));
#17094=CARTESIAN_POINT('',(1.92,6.35,3.451266460342E-31));
#17095=CARTESIAN_POINT('Origin',(3.6,-2.59,0.));
#17096=CARTESIAN_POINT('',(3.6,-2.59,0.));
#17097=CARTESIAN_POINT('',(3.6,-2.59,0.2));
#17098=CARTESIAN_POINT('',(3.6,-2.59,0.));
#17099=CARTESIAN_POINT('',(3.6,-2.49,0.));
#17100=CARTESIAN_POINT('',(3.6,-2.59,0.));
#17101=CARTESIAN_POINT('',(3.6,-2.49,0.2));
#17102=CARTESIAN_POINT('',(3.6,-2.49,0.));
#17103=CARTESIAN_POINT('',(3.6,-2.59,0.2));
#17104=CARTESIAN_POINT('Origin',(3.6,-2.49,0.));
#17105=CARTESIAN_POINT('',(3.4,-2.29,0.));
#17106=CARTESIAN_POINT('',(3.6,-2.49,0.));
#17107=CARTESIAN_POINT('',(3.4,-2.29,0.2));
#17108=CARTESIAN_POINT('',(3.4,-2.29,0.));
#17109=CARTESIAN_POINT('',(3.6,-2.49,0.2));
#17110=CARTESIAN_POINT('Origin',(3.4,-2.79,0.));
#17111=CARTESIAN_POINT('',(3.4,-2.79,0.));
#17112=CARTESIAN_POINT('',(3.4,-2.79,0.2));
#17113=CARTESIAN_POINT('',(3.4,-2.79,0.));
#17114=CARTESIAN_POINT('',(3.4,-2.79,0.));
#17115=CARTESIAN_POINT('',(3.4,-2.79,0.2));
#17116=CARTESIAN_POINT('Origin',(2.607671077239,-2.54,0.));
#17117=CARTESIAN_POINT('',(2.5,-2.79,0.));
#17118=CARTESIAN_POINT('',(2.5,-2.29,0.));
#17119=CARTESIAN_POINT('',(2.5,-8.89,0.));
#17120=CARTESIAN_POINT('',(3.4,-2.29,0.));
#17121=CARTESIAN_POINT('',(1.72,-2.79,0.));
#17122=CARTESIAN_POINT('Origin',(0.,-1.27,0.));
#17123=CARTESIAN_POINT('',(1.92,-2.29,1.725633230171E-31));
#17124=CARTESIAN_POINT('',(3.4,-2.29,0.));
#17125=CARTESIAN_POINT('',(1.92,-2.79,1.725633230171E-31));
#17126=CARTESIAN_POINT('',(1.72,-2.79,0.));
#17127=CARTESIAN_POINT('',(1.92,6.35,3.451266460342E-31));
#17128=CARTESIAN_POINT('Origin',(3.6,-5.13,0.));
#17129=CARTESIAN_POINT('',(3.6,-5.13,0.));
#17130=CARTESIAN_POINT('',(3.6,-5.13,0.2));
#17131=CARTESIAN_POINT('',(3.6,-5.13,0.));
#17132=CARTESIAN_POINT('',(3.6,-5.03,0.));
#17133=CARTESIAN_POINT('',(3.6,-5.13,0.));
#17134=CARTESIAN_POINT('',(3.6,-5.03,0.2));
#17135=CARTESIAN_POINT('',(3.6,-5.03,0.));
#17136=CARTESIAN_POINT('',(3.6,-5.13,0.2));
#17137=CARTESIAN_POINT('Origin',(3.6,-5.03,0.));
#17138=CARTESIAN_POINT('',(3.4,-4.83,0.));
#17139=CARTESIAN_POINT('',(3.6,-5.03,0.));
#17140=CARTESIAN_POINT('',(3.4,-4.83,0.2));
#17141=CARTESIAN_POINT('',(3.4,-4.83,0.));
#17142=CARTESIAN_POINT('',(3.6,-5.03,0.2));
#17143=CARTESIAN_POINT('Origin',(3.4,-5.33,0.));
#17144=CARTESIAN_POINT('',(3.4,-5.33,0.));
#17145=CARTESIAN_POINT('',(3.4,-5.33,0.2));
#17146=CARTESIAN_POINT('',(3.4,-5.33,0.));
#17147=CARTESIAN_POINT('',(3.4,-5.33,0.));
#17148=CARTESIAN_POINT('',(3.4,-5.33,0.2));
#17149=CARTESIAN_POINT('Origin',(2.607671077239,-5.08,0.));
#17150=CARTESIAN_POINT('',(2.5,-5.33,0.));
#17151=CARTESIAN_POINT('',(2.5,-4.83,0.));
#17152=CARTESIAN_POINT('',(2.5,-8.89,0.));
#17153=CARTESIAN_POINT('',(3.4,-4.83,0.));
#17154=CARTESIAN_POINT('',(1.72,-5.33,0.));
#17155=CARTESIAN_POINT('Origin',(0.,-1.27,0.));
#17156=CARTESIAN_POINT('',(1.92,-4.83,1.725633230171E-31));
#17157=CARTESIAN_POINT('',(3.4,-4.83,0.));
#17158=CARTESIAN_POINT('',(1.92,-5.33,1.725633230171E-31));
#17159=CARTESIAN_POINT('',(1.72,-5.33,0.));
#17160=CARTESIAN_POINT('',(1.92,6.35,3.451266460342E-31));
#17161=CARTESIAN_POINT('Origin',(3.6,-7.67,0.));
#17162=CARTESIAN_POINT('',(3.6,-7.67,0.));
#17163=CARTESIAN_POINT('',(3.6,-7.67,0.2));
#17164=CARTESIAN_POINT('',(3.6,-7.67,0.));
#17165=CARTESIAN_POINT('',(3.6,-7.57,0.));
#17166=CARTESIAN_POINT('',(3.6,-7.67,0.));
#17167=CARTESIAN_POINT('',(3.6,-7.57,0.2));
#17168=CARTESIAN_POINT('',(3.6,-7.57,0.));
#17169=CARTESIAN_POINT('',(3.6,-7.67,0.2));
#17170=CARTESIAN_POINT('Origin',(3.6,-7.57,0.));
#17171=CARTESIAN_POINT('',(3.4,-7.37,0.));
#17172=CARTESIAN_POINT('',(3.6,-7.57,0.));
#17173=CARTESIAN_POINT('',(3.4,-7.37,0.2));
#17174=CARTESIAN_POINT('',(3.4,-7.37,0.));
#17175=CARTESIAN_POINT('',(3.6,-7.57,0.2));
#17176=CARTESIAN_POINT('Origin',(3.4,-7.87,0.));
#17177=CARTESIAN_POINT('',(3.4,-7.87,0.));
#17178=CARTESIAN_POINT('',(3.4,-7.87,0.2));
#17179=CARTESIAN_POINT('',(3.4,-7.87,0.));
#17180=CARTESIAN_POINT('',(3.4,-7.87,0.));
#17181=CARTESIAN_POINT('',(3.4,-7.87,0.2));
#17182=CARTESIAN_POINT('Origin',(2.607671077239,-7.62,0.));
#17183=CARTESIAN_POINT('',(2.5,-7.87,0.));
#17184=CARTESIAN_POINT('',(2.5,-7.37,0.));
#17185=CARTESIAN_POINT('',(2.5,-8.89,0.));
#17186=CARTESIAN_POINT('',(3.4,-7.37,0.));
#17187=CARTESIAN_POINT('',(1.72,-7.87,0.));
#17188=CARTESIAN_POINT('Origin',(1.92,-6.97,3.5));
#17189=CARTESIAN_POINT('',(0.62,-6.97,3.5));
#17190=CARTESIAN_POINT('',(1.92,-6.97,3.5));
#17191=CARTESIAN_POINT('',(0.62,-6.97,0.4));
#17192=CARTESIAN_POINT('',(0.62,-6.97,3.5));
#17193=CARTESIAN_POINT('',(1.92,-6.97,0.4));
#17194=CARTESIAN_POINT('Origin',(1.27,-7.62,0.4));
#17195=CARTESIAN_POINT('',(0.62,-7.87,0.4));
#17196=CARTESIAN_POINT('',(0.62,-8.27,0.4));
#17197=CARTESIAN_POINT('',(0.62,-6.97,0.4));
#17198=CARTESIAN_POINT('',(0.62,-8.27,0.4));
#17199=CARTESIAN_POINT('',(0.62,-7.87,0.4));
#17200=CARTESIAN_POINT('Origin',(0.62,-8.27,3.5));
#17201=CARTESIAN_POINT('',(0.62,-8.27,3.5));
#17202=CARTESIAN_POINT('',(0.62,-8.27,3.5));
#17203=CARTESIAN_POINT('',(0.62,-8.27,3.5));
#17204=CARTESIAN_POINT('Origin',(1.27,-7.62,3.5));
#17205=CARTESIAN_POINT('',(0.62,-6.97,3.5));
#17206=CARTESIAN_POINT('Origin',(1.72,-7.37,0.));
#17207=CARTESIAN_POINT('',(1.72,-7.37,0.));
#17208=CARTESIAN_POINT('',(1.72,-7.37,0.));
#17209=CARTESIAN_POINT('',(1.72,-7.87,0.));
#17210=CARTESIAN_POINT('',(1.72,-7.37,0.));
#17211=CARTESIAN_POINT('',(1.72,-7.87,0.));
#17212=CARTESIAN_POINT('Origin',(2.607671077239,-7.62,0.));
#17213=CARTESIAN_POINT('',(1.92,-7.37,1.725633230171E-31));
#17214=CARTESIAN_POINT('',(3.4,-7.37,0.));
#17215=CARTESIAN_POINT('',(1.92,-7.87,1.725633230171E-31));
#17216=CARTESIAN_POINT('',(1.92,6.35,3.451266460342E-31));
#17217=CARTESIAN_POINT('',(1.72,-7.87,0.));
#17218=CARTESIAN_POINT('Origin',(1.721185185185,-7.17,0.6));
#17219=CARTESIAN_POINT('',(1.721185185185,-7.37,0.2));
#17220=CARTESIAN_POINT('',(1.721185185185,-7.87,0.2));
#17221=CARTESIAN_POINT('Origin',(1.27,-7.62,0.4));
#17222=CARTESIAN_POINT('',(0.62,-7.37,0.4));
#17223=CARTESIAN_POINT('',(0.62,-6.97,0.4));
#17224=CARTESIAN_POINT('',(1.92,-7.37,0.4));
#17225=CARTESIAN_POINT('Origin',(1.92,-4.43,3.5));
#17226=CARTESIAN_POINT('',(0.62,-4.43,3.5));
#17227=CARTESIAN_POINT('',(1.92,-4.43,3.5));
#17228=CARTESIAN_POINT('',(0.62,-4.43,0.4));
#17229=CARTESIAN_POINT('',(0.62,-4.43,3.5));
#17230=CARTESIAN_POINT('',(1.92,-4.43,0.4));
#17231=CARTESIAN_POINT('Origin',(1.27,-5.08,0.4));
#17232=CARTESIAN_POINT('',(0.62,-5.33,0.4));
#17233=CARTESIAN_POINT('',(0.62,-5.73,0.4));
#17234=CARTESIAN_POINT('',(0.62,-4.43,0.4));
#17235=CARTESIAN_POINT('',(0.62,-5.73,0.4));
#17236=CARTESIAN_POINT('',(0.62,-5.33,0.4));
#17237=CARTESIAN_POINT('Origin',(0.62,-5.73,3.5));
#17238=CARTESIAN_POINT('',(0.62,-5.73,3.5));
#17239=CARTESIAN_POINT('',(0.62,-5.73,3.5));
#17240=CARTESIAN_POINT('',(0.62,-5.73,3.5));
#17241=CARTESIAN_POINT('Origin',(1.27,-5.08,3.5));
#17242=CARTESIAN_POINT('',(0.62,-4.43,3.5));
#17243=CARTESIAN_POINT('Origin',(1.72,-4.83,0.));
#17244=CARTESIAN_POINT('',(1.72,-4.83,0.));
#17245=CARTESIAN_POINT('',(1.72,-4.83,0.));
#17246=CARTESIAN_POINT('',(1.72,-5.33,0.));
#17247=CARTESIAN_POINT('',(1.72,-4.83,0.));
#17248=CARTESIAN_POINT('',(1.72,-5.33,0.));
#17249=CARTESIAN_POINT('Origin',(2.607671077239,-5.08,0.));
#17250=CARTESIAN_POINT('',(3.4,-4.83,0.));
#17251=CARTESIAN_POINT('',(1.72,-5.33,0.));
#17252=CARTESIAN_POINT('Origin',(1.721185185185,-4.63,0.6));
#17253=CARTESIAN_POINT('',(1.721185185185,-4.83,0.2));
#17254=CARTESIAN_POINT('',(1.721185185185,-5.33,0.2));
#17255=CARTESIAN_POINT('Origin',(1.27,-5.08,0.4));
#17256=CARTESIAN_POINT('',(0.62,-4.83,0.4));
#17257=CARTESIAN_POINT('',(0.62,-4.43,0.4));
#17258=CARTESIAN_POINT('',(1.92,-4.83,0.4));
#17259=CARTESIAN_POINT('Origin',(1.92,-1.89,3.5));
#17260=CARTESIAN_POINT('',(0.62,-1.89,3.5));
#17261=CARTESIAN_POINT('',(1.92,-1.89,3.5));
#17262=CARTESIAN_POINT('',(0.62,-1.89,0.4));
#17263=CARTESIAN_POINT('',(0.62,-1.89,3.5));
#17264=CARTESIAN_POINT('',(1.92,-1.89,0.4));
#17265=CARTESIAN_POINT('Origin',(1.27,-2.54,0.4));
#17266=CARTESIAN_POINT('',(0.62,-2.79,0.4));
#17267=CARTESIAN_POINT('',(0.62,-3.19,0.4));
#17268=CARTESIAN_POINT('',(0.62,-1.89,0.4));
#17269=CARTESIAN_POINT('',(0.62,-3.19,0.4));
#17270=CARTESIAN_POINT('',(0.62,-2.79,0.4));
#17271=CARTESIAN_POINT('Origin',(0.62,-3.19,3.5));
#17272=CARTESIAN_POINT('',(0.62,-3.19,3.5));
#17273=CARTESIAN_POINT('',(0.62,-3.19,3.5));
#17274=CARTESIAN_POINT('',(0.62,-3.19,3.5));
#17275=CARTESIAN_POINT('Origin',(1.27,-2.54,3.5));
#17276=CARTESIAN_POINT('',(0.62,-1.89,3.5));
#17277=CARTESIAN_POINT('Origin',(1.72,-2.29,0.));
#17278=CARTESIAN_POINT('',(1.72,-2.29,0.));
#17279=CARTESIAN_POINT('',(1.72,-2.29,0.));
#17280=CARTESIAN_POINT('',(1.72,-2.79,0.));
#17281=CARTESIAN_POINT('',(1.72,-2.29,0.));
#17282=CARTESIAN_POINT('',(1.72,-2.79,0.));
#17283=CARTESIAN_POINT('Origin',(2.607671077239,-2.54,0.));
#17284=CARTESIAN_POINT('',(3.4,-2.29,0.));
#17285=CARTESIAN_POINT('',(1.72,-2.79,0.));
#17286=CARTESIAN_POINT('Origin',(1.721185185185,-2.09,0.6));
#17287=CARTESIAN_POINT('',(1.721185185185,-2.29,0.2));
#17288=CARTESIAN_POINT('',(1.721185185185,-2.79,0.2));
#17289=CARTESIAN_POINT('Origin',(1.27,-2.54,0.4));
#17290=CARTESIAN_POINT('',(0.62,-2.29,0.4));
#17291=CARTESIAN_POINT('',(0.62,-1.89,0.4));
#17292=CARTESIAN_POINT('',(1.92,-2.29,0.4));
#17293=CARTESIAN_POINT('Origin',(1.92,0.65,3.5));
#17294=CARTESIAN_POINT('',(0.62,0.65,3.5));
#17295=CARTESIAN_POINT('',(1.92,0.65,3.5));
#17296=CARTESIAN_POINT('',(0.62,0.65,0.4));
#17297=CARTESIAN_POINT('',(0.62,0.65,3.5));
#17298=CARTESIAN_POINT('',(1.92,0.65,0.4));
#17299=CARTESIAN_POINT('Origin',(1.27,0.,0.4));
#17300=CARTESIAN_POINT('',(0.62,-0.25,0.4));
#17301=CARTESIAN_POINT('',(0.62,-0.65,0.4));
#17302=CARTESIAN_POINT('',(0.62,0.65,0.4));
#17303=CARTESIAN_POINT('',(0.62,-0.65,0.4));
#17304=CARTESIAN_POINT('',(0.62,-0.25,0.4));
#17305=CARTESIAN_POINT('Origin',(0.62,-0.65,3.5));
#17306=CARTESIAN_POINT('',(0.62,-0.65,3.5));
#17307=CARTESIAN_POINT('',(0.62,-0.65,3.5));
#17308=CARTESIAN_POINT('',(0.62,-0.65,3.5));
#17309=CARTESIAN_POINT('Origin',(1.27,0.,3.5));
#17310=CARTESIAN_POINT('',(0.62,0.65,3.5));
#17311=CARTESIAN_POINT('Origin',(1.72,0.25,0.));
#17312=CARTESIAN_POINT('',(1.72,0.25,0.));
#17313=CARTESIAN_POINT('',(1.72,0.25,0.));
#17314=CARTESIAN_POINT('',(1.72,-0.25,0.));
#17315=CARTESIAN_POINT('',(1.72,0.25,0.));
#17316=CARTESIAN_POINT('',(1.72,-0.25,0.));
#17317=CARTESIAN_POINT('Origin',(2.607671077239,0.,0.));
#17318=CARTESIAN_POINT('',(3.4,0.25,0.));
#17319=CARTESIAN_POINT('',(1.72,-0.25,0.));
#17320=CARTESIAN_POINT('Origin',(1.721185185185,0.45,0.6));
#17321=CARTESIAN_POINT('',(1.721185185185,0.25,0.2));
#17322=CARTESIAN_POINT('',(1.721185185185,-0.25,0.2));
#17323=CARTESIAN_POINT('Origin',(1.27,0.,0.4));
#17324=CARTESIAN_POINT('',(0.62,0.25,0.4));
#17325=CARTESIAN_POINT('',(0.62,0.65,0.4));
#17326=CARTESIAN_POINT('',(1.92,0.25,0.4));
#17327=CARTESIAN_POINT('Origin',(1.92,3.19,3.5));
#17328=CARTESIAN_POINT('',(0.62,3.19,3.5));
#17329=CARTESIAN_POINT('',(1.92,3.19,3.5));
#17330=CARTESIAN_POINT('',(0.62,3.19,0.4));
#17331=CARTESIAN_POINT('',(0.62,3.19,3.5));
#17332=CARTESIAN_POINT('',(1.92,3.19,0.4));
#17333=CARTESIAN_POINT('Origin',(1.27,2.54,0.4));
#17334=CARTESIAN_POINT('',(0.62,2.29,0.4));
#17335=CARTESIAN_POINT('',(0.62,1.89,0.4));
#17336=CARTESIAN_POINT('',(0.62,3.19,0.4));
#17337=CARTESIAN_POINT('',(0.62,1.89,0.4));
#17338=CARTESIAN_POINT('',(0.62,2.29,0.4));
#17339=CARTESIAN_POINT('Origin',(0.62,1.89,3.5));
#17340=CARTESIAN_POINT('',(0.62,1.89,3.5));
#17341=CARTESIAN_POINT('',(0.62,1.89,3.5));
#17342=CARTESIAN_POINT('',(0.62,1.89,3.5));
#17343=CARTESIAN_POINT('Origin',(1.27,2.54,3.5));
#17344=CARTESIAN_POINT('',(0.62,3.19,3.5));
#17345=CARTESIAN_POINT('Origin',(1.72,2.79,0.));
#17346=CARTESIAN_POINT('',(1.72,2.79,0.));
#17347=CARTESIAN_POINT('',(1.72,2.79,0.));
#17348=CARTESIAN_POINT('',(1.72,2.29,0.));
#17349=CARTESIAN_POINT('',(1.72,2.79,0.));
#17350=CARTESIAN_POINT('',(1.72,2.29,0.));
#17351=CARTESIAN_POINT('Origin',(2.607671077239,2.54,0.));
#17352=CARTESIAN_POINT('',(3.4,2.79,0.));
#17353=CARTESIAN_POINT('',(1.72,2.29,0.));
#17354=CARTESIAN_POINT('Origin',(1.721185185185,2.99,0.6));
#17355=CARTESIAN_POINT('',(1.721185185185,2.79,0.2));
#17356=CARTESIAN_POINT('',(1.721185185185,2.29,0.2));
#17357=CARTESIAN_POINT('Origin',(1.27,2.54,0.4));
#17358=CARTESIAN_POINT('',(0.62,2.79,0.4));
#17359=CARTESIAN_POINT('',(0.62,3.19,0.4));
#17360=CARTESIAN_POINT('',(1.92,2.79,0.4));
#17361=CARTESIAN_POINT('Origin',(-1.92,1.89,3.5));
#17362=CARTESIAN_POINT('',(-0.62,1.89,3.5));
#17363=CARTESIAN_POINT('',(-1.92,1.89,3.5));
#17364=CARTESIAN_POINT('',(-0.62,1.89,0.4));
#17365=CARTESIAN_POINT('',(-0.62,1.89,3.5));
#17366=CARTESIAN_POINT('',(-1.92,1.89,0.4));
#17367=CARTESIAN_POINT('Origin',(-1.27,2.54,0.4));
#17368=CARTESIAN_POINT('',(-0.62,2.79,0.4));
#17369=CARTESIAN_POINT('',(-0.62,3.19,0.4));
#17370=CARTESIAN_POINT('',(-0.62,1.89,0.4));
#17371=CARTESIAN_POINT('',(-0.62,3.19,0.4));
#17372=CARTESIAN_POINT('',(-0.62,2.79,0.4));
#17373=CARTESIAN_POINT('Origin',(-0.62,3.19,3.5));
#17374=CARTESIAN_POINT('',(-0.62,3.19,3.5));
#17375=CARTESIAN_POINT('',(-0.62,3.19,3.5));
#17376=CARTESIAN_POINT('',(-0.62,3.19,3.5));
#17377=CARTESIAN_POINT('Origin',(-1.27,2.54,3.5));
#17378=CARTESIAN_POINT('',(-0.62,1.89,3.5));
#17379=CARTESIAN_POINT('Origin',(-1.72,2.29,0.));
#17380=CARTESIAN_POINT('',(-1.72,2.29,0.));
#17381=CARTESIAN_POINT('',(-1.72,2.29,0.));
#17382=CARTESIAN_POINT('',(-1.72,2.79,0.));
#17383=CARTESIAN_POINT('',(-1.72,2.29,0.));
#17384=CARTESIAN_POINT('',(-1.72,2.79,0.));
#17385=CARTESIAN_POINT('Origin',(-2.607671077239,2.54,0.));
#17386=CARTESIAN_POINT('',(-3.4,2.29,0.));
#17387=CARTESIAN_POINT('',(-1.72,2.79,0.));
#17388=CARTESIAN_POINT('Origin',(-1.721185185185,2.09,0.6));
#17389=CARTESIAN_POINT('',(-1.721185185185,2.29,0.2));
#17390=CARTESIAN_POINT('',(-1.721185185185,2.79,0.2));
#17391=CARTESIAN_POINT('Origin',(-1.27,2.54,0.4));
#17392=CARTESIAN_POINT('',(-0.62,2.29,0.4));
#17393=CARTESIAN_POINT('',(-0.62,1.89,0.4));
#17394=CARTESIAN_POINT('',(-1.92,2.29,0.4));
#17395=CARTESIAN_POINT('Origin',(-1.92,-0.65,3.5));
#17396=CARTESIAN_POINT('',(-0.62,-0.65,3.5));
#17397=CARTESIAN_POINT('',(-1.92,-0.65,3.5));
#17398=CARTESIAN_POINT('',(-0.62,-0.65,0.4));
#17399=CARTESIAN_POINT('',(-0.62,-0.65,3.5));
#17400=CARTESIAN_POINT('',(-1.92,-0.65,0.4));
#17401=CARTESIAN_POINT('Origin',(-1.27,0.,0.4));
#17402=CARTESIAN_POINT('',(-0.62,0.25,0.4));
#17403=CARTESIAN_POINT('',(-0.62,0.65,0.4));
#17404=CARTESIAN_POINT('',(-0.62,-0.65,0.4));
#17405=CARTESIAN_POINT('',(-0.62,0.65,0.4));
#17406=CARTESIAN_POINT('',(-0.62,0.25,0.4));
#17407=CARTESIAN_POINT('Origin',(-0.62,0.65,3.5));
#17408=CARTESIAN_POINT('',(-0.62,0.65,3.5));
#17409=CARTESIAN_POINT('',(-0.62,0.65,3.5));
#17410=CARTESIAN_POINT('',(-0.62,0.65,3.5));
#17411=CARTESIAN_POINT('Origin',(-1.27,0.,3.5));
#17412=CARTESIAN_POINT('',(-0.62,-0.65,3.5));
#17413=CARTESIAN_POINT('Origin',(-1.72,-0.25,0.));
#17414=CARTESIAN_POINT('',(-1.72,-0.25,0.));
#17415=CARTESIAN_POINT('',(-1.72,-0.25,0.));
#17416=CARTESIAN_POINT('',(-1.72,0.25,0.));
#17417=CARTESIAN_POINT('',(-1.72,-0.25,0.));
#17418=CARTESIAN_POINT('',(-1.72,0.25,0.));
#17419=CARTESIAN_POINT('Origin',(-2.607671077239,0.,0.));
#17420=CARTESIAN_POINT('',(-3.4,-0.25,0.));
#17421=CARTESIAN_POINT('',(-1.72,0.25,0.));
#17422=CARTESIAN_POINT('Origin',(-1.721185185185,-0.45,0.6));
#17423=CARTESIAN_POINT('',(-1.721185185185,-0.25,0.2));
#17424=CARTESIAN_POINT('',(-1.721185185185,0.25,0.2));
#17425=CARTESIAN_POINT('Origin',(-1.27,0.,0.4));
#17426=CARTESIAN_POINT('',(-0.62,-0.25,0.4));
#17427=CARTESIAN_POINT('',(-0.62,-0.65,0.4));
#17428=CARTESIAN_POINT('',(-1.92,-0.25,0.4));
#17429=CARTESIAN_POINT('Origin',(-1.92,-3.19,3.5));
#17430=CARTESIAN_POINT('',(-0.62,-3.19,3.5));
#17431=CARTESIAN_POINT('',(-1.92,-3.19,3.5));
#17432=CARTESIAN_POINT('',(-0.62,-3.19,0.4));
#17433=CARTESIAN_POINT('',(-0.62,-3.19,3.5));
#17434=CARTESIAN_POINT('',(-1.92,-3.19,0.4));
#17435=CARTESIAN_POINT('Origin',(-1.27,-2.54,0.4));
#17436=CARTESIAN_POINT('',(-0.62,-2.29,0.4));
#17437=CARTESIAN_POINT('',(-0.62,-1.89,0.4));
#17438=CARTESIAN_POINT('',(-0.62,-3.19,0.4));
#17439=CARTESIAN_POINT('',(-0.62,-1.89,0.4));
#17440=CARTESIAN_POINT('',(-0.62,-2.29,0.4));
#17441=CARTESIAN_POINT('Origin',(-0.62,-1.89,3.5));
#17442=CARTESIAN_POINT('',(-0.62,-1.89,3.5));
#17443=CARTESIAN_POINT('',(-0.62,-1.89,3.5));
#17444=CARTESIAN_POINT('',(-0.62,-1.89,3.5));
#17445=CARTESIAN_POINT('Origin',(-1.27,-2.54,3.5));
#17446=CARTESIAN_POINT('',(-0.62,-3.19,3.5));
#17447=CARTESIAN_POINT('Origin',(-1.72,-2.79,0.));
#17448=CARTESIAN_POINT('',(-1.72,-2.79,0.));
#17449=CARTESIAN_POINT('',(-1.72,-2.79,0.));
#17450=CARTESIAN_POINT('',(-1.72,-2.29,0.));
#17451=CARTESIAN_POINT('',(-1.72,-2.79,0.));
#17452=CARTESIAN_POINT('',(-1.72,-2.29,0.));
#17453=CARTESIAN_POINT('Origin',(-2.607671077239,-2.54,0.));
#17454=CARTESIAN_POINT('',(-3.4,-2.79,0.));
#17455=CARTESIAN_POINT('',(-1.72,-2.29,0.));
#17456=CARTESIAN_POINT('Origin',(-1.721185185185,-2.99,0.6));
#17457=CARTESIAN_POINT('',(-1.721185185185,-2.79,0.2));
#17458=CARTESIAN_POINT('',(-1.721185185185,-2.29,0.2));
#17459=CARTESIAN_POINT('Origin',(-1.27,-2.54,0.4));
#17460=CARTESIAN_POINT('',(-0.62,-2.79,0.4));
#17461=CARTESIAN_POINT('',(-0.62,-3.19,0.4));
#17462=CARTESIAN_POINT('',(-1.92,-2.79,0.4));
#17463=CARTESIAN_POINT('Origin',(-1.92,-5.73,3.5));
#17464=CARTESIAN_POINT('',(-0.62,-5.73,3.5));
#17465=CARTESIAN_POINT('',(-1.92,-5.73,3.5));
#17466=CARTESIAN_POINT('',(-0.62,-5.73,0.4));
#17467=CARTESIAN_POINT('',(-0.62,-5.73,3.5));
#17468=CARTESIAN_POINT('',(-1.92,-5.73,0.4));
#17469=CARTESIAN_POINT('Origin',(-1.27,-5.08,0.4));
#17470=CARTESIAN_POINT('',(-0.62,-4.83,0.4));
#17471=CARTESIAN_POINT('',(-0.62,-4.43,0.4));
#17472=CARTESIAN_POINT('',(-0.62,-5.73,0.4));
#17473=CARTESIAN_POINT('',(-0.62,-4.43,0.4));
#17474=CARTESIAN_POINT('',(-0.62,-4.83,0.4));
#17475=CARTESIAN_POINT('Origin',(-0.62,-4.43,3.5));
#17476=CARTESIAN_POINT('',(-0.62,-4.43,3.5));
#17477=CARTESIAN_POINT('',(-0.62,-4.43,3.5));
#17478=CARTESIAN_POINT('',(-0.62,-4.43,3.5));
#17479=CARTESIAN_POINT('Origin',(-1.27,-5.08,3.5));
#17480=CARTESIAN_POINT('',(-0.62,-5.73,3.5));
#17481=CARTESIAN_POINT('Origin',(-1.72,-5.33,0.));
#17482=CARTESIAN_POINT('',(-1.72,-5.33,0.));
#17483=CARTESIAN_POINT('',(-1.72,-5.33,0.));
#17484=CARTESIAN_POINT('',(-1.72,-4.83,0.));
#17485=CARTESIAN_POINT('',(-1.72,-5.33,0.));
#17486=CARTESIAN_POINT('',(-1.72,-4.83,0.));
#17487=CARTESIAN_POINT('Origin',(-2.607671077239,-5.08,0.));
#17488=CARTESIAN_POINT('',(-3.4,-5.33,0.));
#17489=CARTESIAN_POINT('',(-1.72,-4.83,0.));
#17490=CARTESIAN_POINT('Origin',(-1.721185185185,-5.53,0.6));
#17491=CARTESIAN_POINT('',(-1.721185185185,-5.33,0.2));
#17492=CARTESIAN_POINT('',(-1.721185185185,-4.83,0.2));
#17493=CARTESIAN_POINT('Origin',(-1.27,-5.08,0.4));
#17494=CARTESIAN_POINT('',(-0.62,-5.33,0.4));
#17495=CARTESIAN_POINT('',(-0.62,-5.73,0.4));
#17496=CARTESIAN_POINT('',(-1.92,-5.33,0.4));
#17497=CARTESIAN_POINT('Origin',(-1.92,-8.27,3.5));
#17498=CARTESIAN_POINT('',(-0.62,-8.27,3.5));
#17499=CARTESIAN_POINT('',(-1.92,-8.27,3.5));
#17500=CARTESIAN_POINT('',(-0.62,-8.27,0.4));
#17501=CARTESIAN_POINT('',(-0.62,-8.27,3.5));
#17502=CARTESIAN_POINT('',(-1.92,-8.27,0.4));
#17503=CARTESIAN_POINT('Origin',(-1.27,-7.62,0.4));
#17504=CARTESIAN_POINT('',(-0.62,-7.37,0.4));
#17505=CARTESIAN_POINT('',(-0.62,-6.97,0.4));
#17506=CARTESIAN_POINT('',(-0.62,-8.27,0.4));
#17507=CARTESIAN_POINT('',(-0.62,-6.97,0.4));
#17508=CARTESIAN_POINT('',(-0.62,-7.37,0.4));
#17509=CARTESIAN_POINT('Origin',(-0.62,-6.97,3.5));
#17510=CARTESIAN_POINT('',(-0.62,-6.97,3.5));
#17511=CARTESIAN_POINT('',(-0.62,-6.97,3.5));
#17512=CARTESIAN_POINT('',(-0.62,-6.97,3.5));
#17513=CARTESIAN_POINT('Origin',(-1.27,-7.62,3.5));
#17514=CARTESIAN_POINT('',(-0.62,-8.27,3.5));
#17515=CARTESIAN_POINT('Origin',(-1.721185185185,-8.07,0.6));
#17516=CARTESIAN_POINT('',(-1.721185185185,-7.87,0.2));
#17517=CARTESIAN_POINT('',(-1.721185185185,-7.37,0.2));
#17518=CARTESIAN_POINT('Origin',(-1.27,-7.62,0.4));
#17519=CARTESIAN_POINT('',(-0.62,-7.87,0.4));
#17520=CARTESIAN_POINT('',(-0.62,-8.27,0.4));
#17521=CARTESIAN_POINT('',(-1.92,-7.87,0.4));
#17522=CARTESIAN_POINT('Origin',(-1.72,-7.87,0.));
#17523=CARTESIAN_POINT('',(-1.72,-7.87,0.));
#17524=CARTESIAN_POINT('',(-1.72,-7.87,0.));
#17525=CARTESIAN_POINT('',(-1.72,-7.37,0.));
#17526=CARTESIAN_POINT('',(-1.72,-7.87,0.));
#17527=CARTESIAN_POINT('',(-1.72,-7.37,0.));
#17528=CARTESIAN_POINT('Origin',(-2.607671077239,-7.62,0.));
#17529=CARTESIAN_POINT('',(-2.5,-7.37,0.));
#17530=CARTESIAN_POINT('',(-2.5,-7.87,0.));
#17531=CARTESIAN_POINT('',(-2.5,6.35,0.));
#17532=CARTESIAN_POINT('',(-3.4,-7.87,0.));
#17533=CARTESIAN_POINT('',(-1.72,-7.37,0.));
#17534=CARTESIAN_POINT('Origin',(-2.607671077239,-7.62,0.));
#17535=CARTESIAN_POINT('',(-1.92,-7.87,1.725633230171E-31));
#17536=CARTESIAN_POINT('',(-3.4,-7.87,0.));
#17537=CARTESIAN_POINT('',(-1.92,-7.37,1.725633230171E-31));
#17538=CARTESIAN_POINT('',(-1.92,6.35,3.451266460342E-31));
#17539=CARTESIAN_POINT('',(-1.72,-7.37,0.));
#17540=CARTESIAN_POINT('Origin',(-3.4,-7.87,0.));
#17541=CARTESIAN_POINT('',(-2.5,-7.87,0.2));
#17542=CARTESIAN_POINT('',(-2.5,-7.87,0.));
#17543=CARTESIAN_POINT('',(-3.4,-7.87,0.2));
#17544=CARTESIAN_POINT('Origin',(-2.607671077239,-7.62,0.2));
#17545=CARTESIAN_POINT('',(-2.5,-7.37,0.2));
#17546=CARTESIAN_POINT('',(-2.5,-0.635,0.2));
#17547=CARTESIAN_POINT('',(-1.72,-7.37,0.2));
#17548=CARTESIAN_POINT('Origin',(-1.72,-7.37,0.));
#17549=CARTESIAN_POINT('',(-2.5,-7.37,0.));
#17550=CARTESIAN_POINT('Origin',(0.,-1.27,0.));
#17551=CARTESIAN_POINT('',(-1.92,6.35,3.451266460342E-31));
#17552=CARTESIAN_POINT('',(-1.72,-7.37,0.));
#17553=CARTESIAN_POINT('',(-2.5,6.35,0.));
#17554=CARTESIAN_POINT('Origin',(-3.4,-5.33,0.));
#17555=CARTESIAN_POINT('',(-2.5,-5.33,0.2));
#17556=CARTESIAN_POINT('',(-2.5,-5.33,0.));
#17557=CARTESIAN_POINT('',(-3.4,-5.33,0.2));
#17558=CARTESIAN_POINT('Origin',(-2.607671077239,-5.08,0.2));
#17559=CARTESIAN_POINT('',(-2.5,-4.83,0.2));
#17560=CARTESIAN_POINT('',(-2.5,0.635,0.2));
#17561=CARTESIAN_POINT('',(-1.72,-4.83,0.2));
#17562=CARTESIAN_POINT('Origin',(-1.72,-4.83,0.));
#17563=CARTESIAN_POINT('',(-2.5,-4.83,0.));
#17564=CARTESIAN_POINT('Origin',(0.,-1.27,0.));
#17565=CARTESIAN_POINT('',(-1.92,6.35,3.451266460342E-31));
#17566=CARTESIAN_POINT('',(-2.5,6.35,0.));
#17567=CARTESIAN_POINT('Origin',(-3.4,-2.79,0.));
#17568=CARTESIAN_POINT('',(-2.5,-2.79,0.2));
#17569=CARTESIAN_POINT('',(-2.5,-2.79,0.));
#17570=CARTESIAN_POINT('',(-3.4,-2.79,0.2));
#17571=CARTESIAN_POINT('Origin',(-2.607671077239,-2.54,0.2));
#17572=CARTESIAN_POINT('',(-2.5,-2.29,0.2));
#17573=CARTESIAN_POINT('',(-2.5,1.905,0.2));
#17574=CARTESIAN_POINT('',(-1.72,-2.29,0.2));
#17575=CARTESIAN_POINT('Origin',(-1.72,-2.29,0.));
#17576=CARTESIAN_POINT('',(-2.5,-2.29,0.));
#17577=CARTESIAN_POINT('Origin',(0.,-1.27,0.));
#17578=CARTESIAN_POINT('',(-1.92,6.35,3.451266460342E-31));
#17579=CARTESIAN_POINT('',(-2.5,6.35,0.));
#17580=CARTESIAN_POINT('Origin',(-3.4,-0.25,0.));
#17581=CARTESIAN_POINT('',(-2.5,-0.25,0.2));
#17582=CARTESIAN_POINT('',(-2.5,-0.25,0.));
#17583=CARTESIAN_POINT('',(-3.4,-0.25,0.2));
#17584=CARTESIAN_POINT('Origin',(-2.607671077239,0.,0.2));
#17585=CARTESIAN_POINT('',(-2.5,0.25,0.2));
#17586=CARTESIAN_POINT('',(-2.5,3.175,0.2));
#17587=CARTESIAN_POINT('',(-1.72,0.25,0.2));
#17588=CARTESIAN_POINT('Origin',(-1.72,0.25,0.));
#17589=CARTESIAN_POINT('',(-2.5,0.25,0.));
#17590=CARTESIAN_POINT('Origin',(0.,-1.27,0.));
#17591=CARTESIAN_POINT('',(-1.92,6.35,3.451266460342E-31));
#17592=CARTESIAN_POINT('',(-2.5,6.35,0.));
#17593=CARTESIAN_POINT('Origin',(-3.4,2.29,0.));
#17594=CARTESIAN_POINT('',(-2.5,2.29,0.2));
#17595=CARTESIAN_POINT('',(-2.5,2.29,0.));
#17596=CARTESIAN_POINT('',(-3.4,2.29,0.2));
#17597=CARTESIAN_POINT('Origin',(-2.607671077239,2.54,0.2));
#17598=CARTESIAN_POINT('',(-2.5,2.79,0.2));
#17599=CARTESIAN_POINT('',(-2.5,4.445,0.2));
#17600=CARTESIAN_POINT('',(-1.72,2.79,0.2));
#17601=CARTESIAN_POINT('Origin',(-1.72,2.79,0.));
#17602=CARTESIAN_POINT('',(-2.5,2.79,0.));
#17603=CARTESIAN_POINT('Origin',(0.42,3.39,3.7));
#17604=CARTESIAN_POINT('',(0.42,3.39,3.7));
#17605=CARTESIAN_POINT('',(0.42,3.39,3.7));
#17606=CARTESIAN_POINT('',(0.42,1.69,3.7));
#17607=CARTESIAN_POINT('',(0.42,3.39,3.7));
#17608=CARTESIAN_POINT('',(0.42,1.69,3.7));
#17609=CARTESIAN_POINT('Origin',(2.12,3.39,3.7));
#17610=CARTESIAN_POINT('',(2.12,3.39,3.7));
#17611=CARTESIAN_POINT('',(2.12,3.39,3.7));
#17612=CARTESIAN_POINT('',(2.12,3.39,3.7));
#17613=CARTESIAN_POINT('Origin',(2.12,1.69,3.7));
#17614=CARTESIAN_POINT('',(2.12,1.69,3.7));
#17615=CARTESIAN_POINT('',(2.12,1.69,3.7));
#17616=CARTESIAN_POINT('',(2.12,1.69,3.7));
#17617=CARTESIAN_POINT('Origin',(0.42,1.69,3.7));
#17618=CARTESIAN_POINT('',(0.42,1.69,3.7));
#17619=CARTESIAN_POINT('Origin',(0.42,0.85,3.7));
#17620=CARTESIAN_POINT('',(0.42,0.85,3.7));
#17621=CARTESIAN_POINT('',(0.42,0.85,3.7));
#17622=CARTESIAN_POINT('',(0.42,-0.85,3.7));
#17623=CARTESIAN_POINT('',(0.42,0.85,3.7));
#17624=CARTESIAN_POINT('',(0.42,-0.85,3.7));
#17625=CARTESIAN_POINT('Origin',(2.12,0.85,3.7));
#17626=CARTESIAN_POINT('',(2.12,0.85,3.7));
#17627=CARTESIAN_POINT('',(2.12,0.85,3.7));
#17628=CARTESIAN_POINT('',(2.12,0.85,3.7));
#17629=CARTESIAN_POINT('Origin',(2.12,-0.85,3.7));
#17630=CARTESIAN_POINT('',(2.12,-0.85,3.7));
#17631=CARTESIAN_POINT('',(2.12,-0.85,3.7));
#17632=CARTESIAN_POINT('',(2.12,-0.85,3.7));
#17633=CARTESIAN_POINT('Origin',(0.42,-0.85,3.7));
#17634=CARTESIAN_POINT('',(0.42,-0.85,3.7));
#17635=CARTESIAN_POINT('Origin',(-0.42,1.69,3.7));
#17636=CARTESIAN_POINT('',(-0.42,1.69,3.7));
#17637=CARTESIAN_POINT('',(-0.42,1.69,3.7));
#17638=CARTESIAN_POINT('',(-0.42,3.39,3.7));
#17639=CARTESIAN_POINT('',(-0.42,1.69,3.7));
#17640=CARTESIAN_POINT('',(-0.42,3.39,3.7));
#17641=CARTESIAN_POINT('Origin',(-2.12,1.69,3.7));
#17642=CARTESIAN_POINT('',(-2.12,1.69,3.7));
#17643=CARTESIAN_POINT('',(-2.12,1.69,3.7));
#17644=CARTESIAN_POINT('',(-2.12,1.69,3.7));
#17645=CARTESIAN_POINT('Origin',(-2.12,3.39,3.7));
#17646=CARTESIAN_POINT('',(-2.12,3.39,3.7));
#17647=CARTESIAN_POINT('',(-2.12,3.39,3.7));
#17648=CARTESIAN_POINT('',(-2.12,3.39,3.7));
#17649=CARTESIAN_POINT('Origin',(-0.42,3.39,3.7));
#17650=CARTESIAN_POINT('',(-0.42,3.39,3.7));
#17651=CARTESIAN_POINT('Origin',(-0.42,-0.85,3.7));
#17652=CARTESIAN_POINT('',(-0.42,-0.85,3.7));
#17653=CARTESIAN_POINT('',(-0.42,-0.85,3.7));
#17654=CARTESIAN_POINT('',(-0.42,0.85,3.7));
#17655=CARTESIAN_POINT('',(-0.42,-0.85,3.7));
#17656=CARTESIAN_POINT('',(-0.42,0.85,3.7));
#17657=CARTESIAN_POINT('Origin',(-2.12,-0.85,3.7));
#17658=CARTESIAN_POINT('',(-2.12,-0.85,3.7));
#17659=CARTESIAN_POINT('',(-2.12,-0.85,3.7));
#17660=CARTESIAN_POINT('',(-2.12,-0.85,3.7));
#17661=CARTESIAN_POINT('Origin',(-2.12,0.85,3.7));
#17662=CARTESIAN_POINT('',(-2.12,0.85,3.7));
#17663=CARTESIAN_POINT('',(-2.12,0.85,3.7));
#17664=CARTESIAN_POINT('',(-2.12,0.85,3.7));
#17665=CARTESIAN_POINT('Origin',(-0.42,0.85,3.7));
#17666=CARTESIAN_POINT('',(-0.42,0.85,3.7));
#17667=CARTESIAN_POINT('Origin',(0.42,-1.69,3.7));
#17668=CARTESIAN_POINT('',(0.42,-1.69,3.7));
#17669=CARTESIAN_POINT('',(0.42,-1.69,3.7));
#17670=CARTESIAN_POINT('',(0.42,-3.39,3.7));
#17671=CARTESIAN_POINT('',(0.42,-1.69,3.7));
#17672=CARTESIAN_POINT('',(0.42,-3.39,3.7));
#17673=CARTESIAN_POINT('Origin',(2.12,-1.69,3.7));
#17674=CARTESIAN_POINT('',(2.12,-1.69,3.7));
#17675=CARTESIAN_POINT('',(2.12,-1.69,3.7));
#17676=CARTESIAN_POINT('',(2.12,-1.69,3.7));
#17677=CARTESIAN_POINT('Origin',(2.12,-3.39,3.7));
#17678=CARTESIAN_POINT('',(2.12,-3.39,3.7));
#17679=CARTESIAN_POINT('',(2.12,-3.39,3.7));
#17680=CARTESIAN_POINT('',(2.12,-3.39,3.7));
#17681=CARTESIAN_POINT('Origin',(0.42,-3.39,3.7));
#17682=CARTESIAN_POINT('',(0.42,-3.39,3.7));
#17683=CARTESIAN_POINT('Origin',(0.42,-4.23,3.7));
#17684=CARTESIAN_POINT('',(0.42,-4.23,3.7));
#17685=CARTESIAN_POINT('',(0.42,-4.23,3.7));
#17686=CARTESIAN_POINT('',(0.42,-5.93,3.7));
#17687=CARTESIAN_POINT('',(0.42,-4.23,3.7));
#17688=CARTESIAN_POINT('',(0.42,-5.93,3.7));
#17689=CARTESIAN_POINT('Origin',(2.12,-4.23,3.7));
#17690=CARTESIAN_POINT('',(2.12,-4.23,3.7));
#17691=CARTESIAN_POINT('',(2.12,-4.23,3.7));
#17692=CARTESIAN_POINT('',(2.12,-4.23,3.7));
#17693=CARTESIAN_POINT('Origin',(2.12,-5.93,3.7));
#17694=CARTESIAN_POINT('',(2.12,-5.93,3.7));
#17695=CARTESIAN_POINT('',(2.12,-5.93,3.7));
#17696=CARTESIAN_POINT('',(2.12,-5.93,3.7));
#17697=CARTESIAN_POINT('Origin',(0.42,-5.93,3.7));
#17698=CARTESIAN_POINT('',(0.42,-5.93,3.7));
#17699=CARTESIAN_POINT('Origin',(0.42,-6.77,3.7));
#17700=CARTESIAN_POINT('',(0.42,-6.77,3.7));
#17701=CARTESIAN_POINT('',(0.42,-6.77,3.7));
#17702=CARTESIAN_POINT('',(0.42,-8.47,3.7));
#17703=CARTESIAN_POINT('',(0.42,-6.77,3.7));
#17704=CARTESIAN_POINT('',(0.42,-8.47,3.7));
#17705=CARTESIAN_POINT('Origin',(2.12,-6.77,3.7));
#17706=CARTESIAN_POINT('',(2.12,-6.77,3.7));
#17707=CARTESIAN_POINT('',(2.12,-6.77,3.7));
#17708=CARTESIAN_POINT('',(2.12,-6.77,3.7));
#17709=CARTESIAN_POINT('Origin',(2.12,-8.47,3.7));
#17710=CARTESIAN_POINT('',(2.12,-8.47,3.7));
#17711=CARTESIAN_POINT('',(2.12,-8.47,3.7));
#17712=CARTESIAN_POINT('',(2.12,-8.47,3.7));
#17713=CARTESIAN_POINT('Origin',(0.42,-8.47,3.7));
#17714=CARTESIAN_POINT('',(0.42,-8.47,3.7));
#17715=CARTESIAN_POINT('Origin',(-0.42,-3.39,3.7));
#17716=CARTESIAN_POINT('',(-0.42,-3.39,3.7));
#17717=CARTESIAN_POINT('',(-0.42,-3.39,3.7));
#17718=CARTESIAN_POINT('',(-0.42,-1.69,3.7));
#17719=CARTESIAN_POINT('',(-0.42,-3.39,3.7));
#17720=CARTESIAN_POINT('',(-0.42,-1.69,3.7));
#17721=CARTESIAN_POINT('Origin',(-2.12,-3.39,3.7));
#17722=CARTESIAN_POINT('',(-2.12,-3.39,3.7));
#17723=CARTESIAN_POINT('',(-2.12,-3.39,3.7));
#17724=CARTESIAN_POINT('',(-2.12,-3.39,3.7));
#17725=CARTESIAN_POINT('Origin',(-2.12,-1.69,3.7));
#17726=CARTESIAN_POINT('',(-2.12,-1.69,3.7));
#17727=CARTESIAN_POINT('',(-2.12,-1.69,3.7));
#17728=CARTESIAN_POINT('',(-2.12,-1.69,3.7));
#17729=CARTESIAN_POINT('Origin',(-0.42,-1.69,3.7));
#17730=CARTESIAN_POINT('',(-0.42,-1.69,3.7));
#17731=CARTESIAN_POINT('Origin',(-0.42,-5.93,3.7));
#17732=CARTESIAN_POINT('',(-0.42,-5.93,3.7));
#17733=CARTESIAN_POINT('',(-0.42,-5.93,3.7));
#17734=CARTESIAN_POINT('',(-0.42,-4.23,3.7));
#17735=CARTESIAN_POINT('',(-0.42,-5.93,3.7));
#17736=CARTESIAN_POINT('',(-0.42,-4.23,3.7));
#17737=CARTESIAN_POINT('Origin',(-2.12,-5.93,3.7));
#17738=CARTESIAN_POINT('',(-2.12,-5.93,3.7));
#17739=CARTESIAN_POINT('',(-2.12,-5.93,3.7));
#17740=CARTESIAN_POINT('',(-2.12,-5.93,3.7));
#17741=CARTESIAN_POINT('Origin',(-2.12,-4.23,3.7));
#17742=CARTESIAN_POINT('',(-2.12,-4.23,3.7));
#17743=CARTESIAN_POINT('',(-2.12,-4.23,3.7));
#17744=CARTESIAN_POINT('',(-2.12,-4.23,3.7));
#17745=CARTESIAN_POINT('Origin',(-0.42,-4.23,3.7));
#17746=CARTESIAN_POINT('',(-0.42,-4.23,3.7));
#17747=CARTESIAN_POINT('Origin',(-0.42,-8.47,3.7));
#17748=CARTESIAN_POINT('',(-0.42,-8.47,3.7));
#17749=CARTESIAN_POINT('',(-0.42,-8.47,3.7));
#17750=CARTESIAN_POINT('',(-0.42,-6.77,3.7));
#17751=CARTESIAN_POINT('',(-0.42,-8.47,3.7));
#17752=CARTESIAN_POINT('',(-0.42,-6.77,3.7));
#17753=CARTESIAN_POINT('Origin',(-2.12,-8.47,3.7));
#17754=CARTESIAN_POINT('',(-2.12,-8.47,3.7));
#17755=CARTESIAN_POINT('',(-2.12,-8.47,3.7));
#17756=CARTESIAN_POINT('',(-2.12,-8.47,3.7));
#17757=CARTESIAN_POINT('Origin',(-2.12,-6.77,3.7));
#17758=CARTESIAN_POINT('',(-2.12,-6.77,3.7));
#17759=CARTESIAN_POINT('',(-2.12,-6.77,3.7));
#17760=CARTESIAN_POINT('',(-2.12,-6.77,3.7));
#17761=CARTESIAN_POINT('Origin',(-0.42,-6.77,3.7));
#17762=CARTESIAN_POINT('',(-0.42,-6.77,3.7));
#17763=CARTESIAN_POINT('Origin',(3.4,2.79,0.));
#17764=CARTESIAN_POINT('',(2.5,2.79,0.2));
#17765=CARTESIAN_POINT('',(2.5,2.79,0.));
#17766=CARTESIAN_POINT('',(3.4,2.79,0.2));
#17767=CARTESIAN_POINT('Origin',(2.607671077239,2.54,0.2));
#17768=CARTESIAN_POINT('',(2.5,2.29,0.2));
#17769=CARTESIAN_POINT('',(2.5,-3.175,0.2));
#17770=CARTESIAN_POINT('',(1.72,2.29,0.2));
#17771=CARTESIAN_POINT('Origin',(1.72,2.29,0.));
#17772=CARTESIAN_POINT('',(2.5,2.29,0.));
#17773=CARTESIAN_POINT('Origin',(0.,-1.27,0.));
#17774=CARTESIAN_POINT('',(2.5,-8.89,0.));
#17775=CARTESIAN_POINT('',(1.92,6.35,3.451266460342E-31));
#17776=CARTESIAN_POINT('Origin',(3.4,0.25,0.));
#17777=CARTESIAN_POINT('',(2.5,0.25,0.2));
#17778=CARTESIAN_POINT('',(2.5,0.25,0.));
#17779=CARTESIAN_POINT('',(3.4,0.25,0.2));
#17780=CARTESIAN_POINT('Origin',(2.607671077239,0.,0.2));
#17781=CARTESIAN_POINT('',(2.5,-0.25,0.2));
#17782=CARTESIAN_POINT('',(2.5,-4.445,0.2));
#17783=CARTESIAN_POINT('',(1.72,-0.25,0.2));
#17784=CARTESIAN_POINT('Origin',(1.72,-0.25,0.));
#17785=CARTESIAN_POINT('',(2.5,-0.25,0.));
#17786=CARTESIAN_POINT('Origin',(0.,-1.27,0.));
#17787=CARTESIAN_POINT('',(2.5,-8.89,0.));
#17788=CARTESIAN_POINT('',(1.92,6.35,3.451266460342E-31));
#17789=CARTESIAN_POINT('Origin',(3.4,-2.29,0.));
#17790=CARTESIAN_POINT('',(2.5,-2.29,0.2));
#17791=CARTESIAN_POINT('',(2.5,-2.29,0.));
#17792=CARTESIAN_POINT('',(3.4,-2.29,0.2));
#17793=CARTESIAN_POINT('Origin',(2.607671077239,-2.54,0.2));
#17794=CARTESIAN_POINT('',(2.5,-2.79,0.2));
#17795=CARTESIAN_POINT('',(2.5,-5.715,0.2));
#17796=CARTESIAN_POINT('',(1.72,-2.79,0.2));
#17797=CARTESIAN_POINT('Origin',(1.72,-2.79,0.));
#17798=CARTESIAN_POINT('',(2.5,-2.79,0.));
#17799=CARTESIAN_POINT('Origin',(0.,-1.27,0.));
#17800=CARTESIAN_POINT('',(2.5,-8.89,0.));
#17801=CARTESIAN_POINT('',(1.92,6.35,3.451266460342E-31));
#17802=CARTESIAN_POINT('Origin',(3.4,-4.83,0.));
#17803=CARTESIAN_POINT('',(2.5,-4.83,0.2));
#17804=CARTESIAN_POINT('',(2.5,-4.83,0.));
#17805=CARTESIAN_POINT('',(3.4,-4.83,0.2));
#17806=CARTESIAN_POINT('Origin',(2.607671077239,-5.08,0.2));
#17807=CARTESIAN_POINT('',(2.5,-5.33,0.2));
#17808=CARTESIAN_POINT('',(2.5,-6.985,0.2));
#17809=CARTESIAN_POINT('',(1.72,-5.33,0.2));
#17810=CARTESIAN_POINT('Origin',(1.72,-5.33,0.));
#17811=CARTESIAN_POINT('',(2.5,-5.33,0.));
#17812=CARTESIAN_POINT('Origin',(0.,-1.27,0.));
#17813=CARTESIAN_POINT('',(2.5,-8.89,0.));
#17814=CARTESIAN_POINT('',(3.4,-7.37,0.));
#17815=CARTESIAN_POINT('',(1.92,6.35,3.451266460342E-31));
#17816=CARTESIAN_POINT('Origin',(3.4,-7.37,0.));
#17817=CARTESIAN_POINT('',(2.5,-7.37,0.2));
#17818=CARTESIAN_POINT('',(2.5,-7.37,0.));
#17819=CARTESIAN_POINT('',(3.4,-7.37,0.2));
#17820=CARTESIAN_POINT('Origin',(2.607671077239,-7.62,0.2));
#17821=CARTESIAN_POINT('',(2.5,-7.87,0.2));
#17822=CARTESIAN_POINT('',(2.5,-8.255,0.2));
#17823=CARTESIAN_POINT('',(1.72,-7.87,0.2));
#17824=CARTESIAN_POINT('Origin',(1.72,-7.87,0.));
#17825=CARTESIAN_POINT('',(2.5,-7.87,0.));
#17826=CARTESIAN_POINT('Origin',(0.,-1.27,0.));
#17827=CARTESIAN_POINT('',(1.72,-7.87,0.));
#17828=CARTESIAN_POINT('Origin',(0.62,-7.87,0.4));
#17829=CARTESIAN_POINT('',(1.72,-7.87,0.2));
#17830=CARTESIAN_POINT('',(0.62,-7.87,0.2));
#17831=CARTESIAN_POINT('',(0.31,-7.87,0.2));
#17832=CARTESIAN_POINT('',(0.62,-7.87,0.4));
#17833=CARTESIAN_POINT('Origin',(1.72,-7.87,0.));
#17834=CARTESIAN_POINT('',(1.92,-7.87,0.2));
#17835=CARTESIAN_POINT('',(1.92,-7.87,1.725633230171E-31));
#17836=CARTESIAN_POINT('',(0.31,-7.87,0.2));
#17837=CARTESIAN_POINT('Origin',(0.62,-6.97,3.5));
#17838=CARTESIAN_POINT('',(0.62,-7.37,0.2));
#17839=CARTESIAN_POINT('',(0.62,-4.12,0.2));
#17840=CARTESIAN_POINT('',(0.62,-7.37,0.4));
#17841=CARTESIAN_POINT('Origin',(3.4,-7.37,0.));
#17842=CARTESIAN_POINT('',(1.92,-7.37,0.2));
#17843=CARTESIAN_POINT('',(0.96,-7.37,0.2));
#17844=CARTESIAN_POINT('',(1.92,-7.37,1.725633230171E-31));
#17845=CARTESIAN_POINT('Origin',(1.92,-7.37,0.4));
#17846=CARTESIAN_POINT('',(0.96,-7.37,0.2));
#17847=CARTESIAN_POINT('',(3.4,-7.37,0.2));
#17848=CARTESIAN_POINT('Origin',(1.92,-8.89,3.451266460342E-31));
#17849=CARTESIAN_POINT('',(1.92,-5.33,0.2));
#17850=CARTESIAN_POINT('',(1.92,-8.89,0.2));
#17851=CARTESIAN_POINT('',(1.92,-5.33,1.725633230171E-31));
#17852=CARTESIAN_POINT('Origin',(0.62,-5.33,0.4));
#17853=CARTESIAN_POINT('',(1.72,-5.33,0.2));
#17854=CARTESIAN_POINT('',(0.62,-5.33,0.2));
#17855=CARTESIAN_POINT('',(0.31,-5.33,0.2));
#17856=CARTESIAN_POINT('',(0.62,-5.33,0.4));
#17857=CARTESIAN_POINT('Origin',(1.72,-5.33,0.));
#17858=CARTESIAN_POINT('',(0.31,-5.33,0.2));
#17859=CARTESIAN_POINT('Origin',(0.62,-4.43,3.5));
#17860=CARTESIAN_POINT('',(0.62,-4.83,0.2));
#17861=CARTESIAN_POINT('',(0.62,-2.85,0.2));
#17862=CARTESIAN_POINT('',(0.62,-4.83,0.4));
#17863=CARTESIAN_POINT('Origin',(3.4,-4.83,0.));
#17864=CARTESIAN_POINT('',(1.92,-4.83,0.2));
#17865=CARTESIAN_POINT('',(0.96,-4.83,0.2));
#17866=CARTESIAN_POINT('',(1.92,-4.83,1.725633230171E-31));
#17867=CARTESIAN_POINT('Origin',(1.92,-4.83,0.4));
#17868=CARTESIAN_POINT('',(0.96,-4.83,0.2));
#17869=CARTESIAN_POINT('',(3.4,-4.83,0.2));
#17870=CARTESIAN_POINT('Origin',(1.92,-8.89,3.451266460342E-31));
#17871=CARTESIAN_POINT('',(1.92,-2.79,0.2));
#17872=CARTESIAN_POINT('',(1.92,-8.89,0.2));
#17873=CARTESIAN_POINT('',(1.92,-2.79,1.725633230171E-31));
#17874=CARTESIAN_POINT('Origin',(0.62,-2.79,0.4));
#17875=CARTESIAN_POINT('',(1.72,-2.79,0.2));
#17876=CARTESIAN_POINT('',(0.62,-2.79,0.2));
#17877=CARTESIAN_POINT('',(0.31,-2.79,0.2));
#17878=CARTESIAN_POINT('',(0.62,-2.79,0.4));
#17879=CARTESIAN_POINT('Origin',(1.72,-2.79,0.));
#17880=CARTESIAN_POINT('',(0.31,-2.79,0.2));
#17881=CARTESIAN_POINT('Origin',(0.62,-1.89,3.5));
#17882=CARTESIAN_POINT('',(0.62,-2.29,0.2));
#17883=CARTESIAN_POINT('',(0.62,-1.58,0.2));
#17884=CARTESIAN_POINT('',(0.62,-2.29,0.4));
#17885=CARTESIAN_POINT('Origin',(3.4,-2.29,0.));
#17886=CARTESIAN_POINT('',(1.92,-2.29,0.2));
#17887=CARTESIAN_POINT('',(0.96,-2.29,0.2));
#17888=CARTESIAN_POINT('',(1.92,-2.29,1.725633230171E-31));
#17889=CARTESIAN_POINT('Origin',(1.92,-2.29,0.4));
#17890=CARTESIAN_POINT('',(0.96,-2.29,0.2));
#17891=CARTESIAN_POINT('',(3.4,-2.29,0.2));
#17892=CARTESIAN_POINT('Origin',(1.92,-8.89,3.451266460342E-31));
#17893=CARTESIAN_POINT('',(1.92,-0.25,0.2));
#17894=CARTESIAN_POINT('',(1.92,-8.89,0.2));
#17895=CARTESIAN_POINT('',(1.92,-0.25,1.725633230171E-31));
#17896=CARTESIAN_POINT('Origin',(0.62,-0.25,0.4));
#17897=CARTESIAN_POINT('',(1.72,-0.25,0.2));
#17898=CARTESIAN_POINT('',(0.62,-0.25,0.2));
#17899=CARTESIAN_POINT('',(0.31,-0.25,0.2));
#17900=CARTESIAN_POINT('',(0.62,-0.25,0.4));
#17901=CARTESIAN_POINT('Origin',(1.72,-0.25,0.));
#17902=CARTESIAN_POINT('',(0.31,-0.25,0.2));
#17903=CARTESIAN_POINT('Origin',(0.62,0.65,3.5));
#17904=CARTESIAN_POINT('',(0.62,0.25,0.2));
#17905=CARTESIAN_POINT('',(0.62,-0.31,0.2));
#17906=CARTESIAN_POINT('',(0.62,0.25,0.4));
#17907=CARTESIAN_POINT('Origin',(3.4,0.25,0.));
#17908=CARTESIAN_POINT('',(1.92,0.25,0.2));
#17909=CARTESIAN_POINT('',(0.96,0.25,0.2));
#17910=CARTESIAN_POINT('',(1.92,0.25,1.725633230171E-31));
#17911=CARTESIAN_POINT('Origin',(1.92,0.25,0.4));
#17912=CARTESIAN_POINT('',(0.96,0.25,0.2));
#17913=CARTESIAN_POINT('',(3.4,0.25,0.2));
#17914=CARTESIAN_POINT('Origin',(1.92,-8.89,3.451266460342E-31));
#17915=CARTESIAN_POINT('',(1.92,2.29,0.2));
#17916=CARTESIAN_POINT('',(1.92,-8.89,0.2));
#17917=CARTESIAN_POINT('',(1.92,2.29,1.725633230171E-31));
#17918=CARTESIAN_POINT('Origin',(0.62,2.29,0.4));
#17919=CARTESIAN_POINT('',(1.72,2.29,0.2));
#17920=CARTESIAN_POINT('',(0.62,2.29,0.2));
#17921=CARTESIAN_POINT('',(0.31,2.29,0.2));
#17922=CARTESIAN_POINT('',(0.62,2.29,0.4));
#17923=CARTESIAN_POINT('Origin',(1.72,2.29,0.));
#17924=CARTESIAN_POINT('',(0.31,2.29,0.2));
#17925=CARTESIAN_POINT('Origin',(0.62,3.19,3.5));
#17926=CARTESIAN_POINT('',(0.62,2.79,0.2));
#17927=CARTESIAN_POINT('',(0.62,0.96,0.2));
#17928=CARTESIAN_POINT('',(0.62,2.79,0.4));
#17929=CARTESIAN_POINT('Origin',(3.4,2.79,0.));
#17930=CARTESIAN_POINT('',(1.92,2.79,0.2));
#17931=CARTESIAN_POINT('',(0.96,2.79,0.2));
#17932=CARTESIAN_POINT('',(1.92,2.79,1.725633230171E-31));
#17933=CARTESIAN_POINT('Origin',(1.92,2.79,0.4));
#17934=CARTESIAN_POINT('',(0.96,2.79,0.2));
#17935=CARTESIAN_POINT('',(3.4,2.79,0.2));
#17936=CARTESIAN_POINT('Origin',(-0.62,2.79,0.4));
#17937=CARTESIAN_POINT('',(-1.72,2.79,0.2));
#17938=CARTESIAN_POINT('',(-0.62,2.79,0.2));
#17939=CARTESIAN_POINT('',(-0.31,2.79,0.2));
#17940=CARTESIAN_POINT('',(-0.62,2.79,0.4));
#17941=CARTESIAN_POINT('Origin',(-1.72,2.79,0.));
#17942=CARTESIAN_POINT('',(-1.92,2.79,0.2));
#17943=CARTESIAN_POINT('',(-1.92,2.79,1.725633230171E-31));
#17944=CARTESIAN_POINT('',(-0.31,2.79,0.2));
#17945=CARTESIAN_POINT('Origin',(-0.62,1.89,3.5));
#17946=CARTESIAN_POINT('',(-0.62,2.29,0.2));
#17947=CARTESIAN_POINT('',(-0.62,0.31,0.2));
#17948=CARTESIAN_POINT('',(-0.62,2.29,0.4));
#17949=CARTESIAN_POINT('Origin',(-3.4,2.29,0.));
#17950=CARTESIAN_POINT('',(-1.92,2.29,0.2));
#17951=CARTESIAN_POINT('',(-0.96,2.29,0.2));
#17952=CARTESIAN_POINT('',(-1.92,2.29,1.725633230171E-31));
#17953=CARTESIAN_POINT('Origin',(-1.92,2.29,0.4));
#17954=CARTESIAN_POINT('',(-0.96,2.29,0.2));
#17955=CARTESIAN_POINT('',(-3.4,2.29,0.2));
#17956=CARTESIAN_POINT('Origin',(-1.92,6.35,3.451266460342E-31));
#17957=CARTESIAN_POINT('',(-1.92,0.25,0.2));
#17958=CARTESIAN_POINT('',(-1.92,6.35,0.2));
#17959=CARTESIAN_POINT('',(-1.92,0.25,1.725633230171E-31));
#17960=CARTESIAN_POINT('Origin',(-0.62,0.25,0.4));
#17961=CARTESIAN_POINT('',(-1.72,0.25,0.2));
#17962=CARTESIAN_POINT('',(-0.62,0.25,0.2));
#17963=CARTESIAN_POINT('',(-0.31,0.25,0.2));
#17964=CARTESIAN_POINT('',(-0.62,0.25,0.4));
#17965=CARTESIAN_POINT('Origin',(-1.72,0.25,0.));
#17966=CARTESIAN_POINT('',(-0.31,0.25,0.2));
#17967=CARTESIAN_POINT('Origin',(-0.62,-0.65,3.5));
#17968=CARTESIAN_POINT('',(-0.62,-0.25,0.2));
#17969=CARTESIAN_POINT('',(-0.62,-0.96,0.2));
#17970=CARTESIAN_POINT('',(-0.62,-0.25,0.4));
#17971=CARTESIAN_POINT('Origin',(-3.4,-0.25,0.));
#17972=CARTESIAN_POINT('',(-1.92,-0.25,0.2));
#17973=CARTESIAN_POINT('',(-0.96,-0.25,0.2));
#17974=CARTESIAN_POINT('',(-1.92,-0.25,1.725633230171E-31));
#17975=CARTESIAN_POINT('Origin',(-1.92,-0.25,0.4));
#17976=CARTESIAN_POINT('',(-0.96,-0.25,0.2));
#17977=CARTESIAN_POINT('',(-3.4,-0.25,0.2));
#17978=CARTESIAN_POINT('Origin',(-1.92,6.35,3.451266460342E-31));
#17979=CARTESIAN_POINT('',(-1.92,-2.29,0.2));
#17980=CARTESIAN_POINT('',(-1.92,6.35,0.2));
#17981=CARTESIAN_POINT('',(-1.92,-2.29,1.725633230171E-31));
#17982=CARTESIAN_POINT('Origin',(-0.62,-2.29,0.4));
#17983=CARTESIAN_POINT('',(-1.72,-2.29,0.2));
#17984=CARTESIAN_POINT('',(-0.62,-2.29,0.2));
#17985=CARTESIAN_POINT('',(-0.31,-2.29,0.2));
#17986=CARTESIAN_POINT('',(-0.62,-2.29,0.4));
#17987=CARTESIAN_POINT('Origin',(-1.72,-2.29,0.));
#17988=CARTESIAN_POINT('',(-0.31,-2.29,0.2));
#17989=CARTESIAN_POINT('Origin',(-0.62,-3.19,3.5));
#17990=CARTESIAN_POINT('',(-0.62,-2.79,0.2));
#17991=CARTESIAN_POINT('',(-0.62,-2.23,0.2));
#17992=CARTESIAN_POINT('',(-0.62,-2.79,0.4));
#17993=CARTESIAN_POINT('Origin',(-3.4,-2.79,0.));
#17994=CARTESIAN_POINT('',(-1.92,-2.79,0.2));
#17995=CARTESIAN_POINT('',(-0.96,-2.79,0.2));
#17996=CARTESIAN_POINT('',(-1.92,-2.79,1.725633230171E-31));
#17997=CARTESIAN_POINT('Origin',(-1.92,-2.79,0.4));
#17998=CARTESIAN_POINT('',(-0.96,-2.79,0.2));
#17999=CARTESIAN_POINT('',(-3.4,-2.79,0.2));
#18000=CARTESIAN_POINT('Origin',(-1.92,6.35,3.451266460342E-31));
#18001=CARTESIAN_POINT('',(-1.92,-4.83,0.2));
#18002=CARTESIAN_POINT('',(-1.92,6.35,0.2));
#18003=CARTESIAN_POINT('',(-1.92,-4.83,1.725633230171E-31));
#18004=CARTESIAN_POINT('Origin',(-0.62,-4.83,0.4));
#18005=CARTESIAN_POINT('',(-1.72,-4.83,0.2));
#18006=CARTESIAN_POINT('',(-0.62,-4.83,0.2));
#18007=CARTESIAN_POINT('',(-0.31,-4.83,0.2));
#18008=CARTESIAN_POINT('',(-0.62,-4.83,0.4));
#18009=CARTESIAN_POINT('Origin',(-1.72,-4.83,0.));
#18010=CARTESIAN_POINT('',(-0.31,-4.83,0.2));
#18011=CARTESIAN_POINT('Origin',(-0.62,-5.73,3.5));
#18012=CARTESIAN_POINT('',(-0.62,-5.33,0.2));
#18013=CARTESIAN_POINT('',(-0.62,-3.5,0.2));
#18014=CARTESIAN_POINT('',(-0.62,-5.33,0.4));
#18015=CARTESIAN_POINT('Origin',(-3.4,-5.33,0.));
#18016=CARTESIAN_POINT('',(-1.92,-5.33,0.2));
#18017=CARTESIAN_POINT('',(-0.96,-5.33,0.2));
#18018=CARTESIAN_POINT('',(-1.92,-5.33,1.725633230171E-31));
#18019=CARTESIAN_POINT('Origin',(-1.92,-5.33,0.4));
#18020=CARTESIAN_POINT('',(-0.96,-5.33,0.2));
#18021=CARTESIAN_POINT('',(-3.4,-5.33,0.2));
#18022=CARTESIAN_POINT('Origin',(-1.92,6.35,3.451266460342E-31));
#18023=CARTESIAN_POINT('',(-1.92,-7.37,0.2));
#18024=CARTESIAN_POINT('',(-1.92,6.35,0.2));
#18025=CARTESIAN_POINT('',(-1.92,-7.37,1.725633230171E-31));
#18026=CARTESIAN_POINT('Origin',(-0.62,-7.37,0.4));
#18027=CARTESIAN_POINT('',(-1.72,-7.37,0.2));
#18028=CARTESIAN_POINT('',(-0.62,-7.37,0.2));
#18029=CARTESIAN_POINT('',(-0.31,-7.37,0.2));
#18030=CARTESIAN_POINT('',(-0.62,-7.37,0.4));
#18031=CARTESIAN_POINT('Origin',(-1.72,-7.37,0.));
#18032=CARTESIAN_POINT('',(-0.31,-7.37,0.2));
#18033=CARTESIAN_POINT('Origin',(-0.62,-8.27,3.5));
#18034=CARTESIAN_POINT('',(-0.62,-7.87,0.2));
#18035=CARTESIAN_POINT('',(-0.62,-4.77,0.2));
#18036=CARTESIAN_POINT('',(-0.62,-7.87,0.4));
#18037=CARTESIAN_POINT('Origin',(-1.92,-7.87,0.4));
#18038=CARTESIAN_POINT('',(-0.96,-7.87,0.2));
#18039=CARTESIAN_POINT('',(-3.4,-7.87,0.2));
#18040=CARTESIAN_POINT('Origin',(-3.4,-7.87,0.));
#18041=CARTESIAN_POINT('',(-1.92,-7.87,0.2));
#18042=CARTESIAN_POINT('',(-0.96,-7.87,0.2));
#18043=CARTESIAN_POINT('',(-1.92,-7.87,1.725633230171E-31));
#18044=CARTESIAN_POINT('Origin',(0.,-1.27,0.));
#18045=CARTESIAN_POINT('',(-3.4,-7.87,0.));
#18046=CARTESIAN_POINT('Origin',(0.,-1.27,0.));
#18047=CARTESIAN_POINT('',(2.5,-8.89,0.));
#18048=CARTESIAN_POINT('',(2.5,-8.89,0.));
#18049=CARTESIAN_POINT('',(1.92,-8.89,3.451266460342E-31));
#18050=CARTESIAN_POINT('',(-2.5,-8.89,0.));
#18051=CARTESIAN_POINT('',(1.92,6.35,3.451266460342E-31));
#18052=CARTESIAN_POINT('Origin',(1.92,-8.89,3.451266460342E-31));
#18053=CARTESIAN_POINT('',(1.92,-8.89,0.2));
#18054=CARTESIAN_POINT('',(1.92,-8.89,3.451266460342E-31));
#18055=CARTESIAN_POINT('',(1.92,-8.89,0.2));
#18056=CARTESIAN_POINT('Origin',(-1.92,6.35,3.451266460342E-31));
#18057=CARTESIAN_POINT('',(-1.92,-8.89,3.451266460342E-31));
#18058=CARTESIAN_POINT('',(-1.92,6.35,3.451266460342E-31));
#18059=CARTESIAN_POINT('',(-1.92,-8.89,0.2));
#18060=CARTESIAN_POINT('',(-1.92,6.35,0.2));
#18061=CARTESIAN_POINT('',(-1.92,-8.89,3.451266460342E-31));
#18062=CARTESIAN_POINT('Origin',(0.,-1.27,0.));
#18063=CARTESIAN_POINT('',(-2.5,-8.89,0.));
#18064=CARTESIAN_POINT('',(-2.5,-8.89,0.));
#18065=CARTESIAN_POINT('',(-2.5,6.35,0.));
#18066=CARTESIAN_POINT('Origin',(-2.5,-8.89,0.));
#18067=CARTESIAN_POINT('',(-1.92,-8.89,0.2));
#18068=CARTESIAN_POINT('',(2.5,-8.89,3.7));
#18069=CARTESIAN_POINT('',(2.5,-8.89,0.));
#18070=CARTESIAN_POINT('',(-2.5,-8.89,3.7));
#18071=CARTESIAN_POINT('',(-2.5,-8.89,3.7));
#18072=CARTESIAN_POINT('',(-2.5,-8.89,0.));
#18073=CARTESIAN_POINT('Origin',(-1.92,6.35,3.451266460342E-31));
#18074=CARTESIAN_POINT('',(-1.92,4.83,1.725633230171E-31));
#18075=CARTESIAN_POINT('',(-1.92,6.35,3.451266460342E-31));
#18076=CARTESIAN_POINT('',(-1.92,4.83,0.2));
#18077=CARTESIAN_POINT('',(-1.92,4.83,1.725633230171E-31));
#18078=CARTESIAN_POINT('',(-1.92,6.35,0.2));
#18079=CARTESIAN_POINT('Origin',(0.,-1.27,0.));
#18080=CARTESIAN_POINT('',(-2.5,4.83,0.));
#18081=CARTESIAN_POINT('',(-2.5,6.35,0.));
#18082=CARTESIAN_POINT('',(-3.4,4.83,0.));
#18083=CARTESIAN_POINT('Origin',(-1.92,4.83,0.4));
#18084=CARTESIAN_POINT('',(-1.721185185185,4.83,0.4));
#18085=CARTESIAN_POINT('',(-0.62,4.83,0.4));
#18086=CARTESIAN_POINT('',(-1.92,4.83,0.4));
#18087=CARTESIAN_POINT('',(-0.62,4.83,0.2));
#18088=CARTESIAN_POINT('',(-0.62,4.83,0.4));
#18089=CARTESIAN_POINT('',(-1.72,4.83,0.2));
#18090=CARTESIAN_POINT('',(-0.96,4.83,0.2));
#18091=CARTESIAN_POINT('',(-1.721185185185,4.83,0.2));
#18092=CARTESIAN_POINT('',(-3.4,4.83,0.2));
#18093=CARTESIAN_POINT('',(-1.721185185185,4.83,0.2));
#18094=CARTESIAN_POINT('Origin',(-3.4,4.83,0.));
#18095=CARTESIAN_POINT('',(-1.72,4.83,0.));
#18096=CARTESIAN_POINT('',(-3.4,4.83,0.));
#18097=CARTESIAN_POINT('',(-1.72,4.83,0.));
#18098=CARTESIAN_POINT('',(-3.4,4.83,0.2));
#18099=CARTESIAN_POINT('',(-0.96,4.83,0.2));
#18100=CARTESIAN_POINT('Origin',(-0.62,4.43,3.5));
#18101=CARTESIAN_POINT('',(-0.62,4.43,3.5));
#18102=CARTESIAN_POINT('',(-0.62,5.73,3.5));
#18103=CARTESIAN_POINT('',(-0.62,4.43,3.5));
#18104=CARTESIAN_POINT('',(-0.62,5.73,0.4));
#18105=CARTESIAN_POINT('',(-0.62,5.73,3.5));
#18106=CARTESIAN_POINT('',(-0.62,5.33,0.4));
#18107=CARTESIAN_POINT('',(-0.62,4.43,0.4));
#18108=CARTESIAN_POINT('',(-0.62,5.33,0.2));
#18109=CARTESIAN_POINT('',(-0.62,5.33,0.4));
#18110=CARTESIAN_POINT('',(-0.62,1.58,0.2));
#18111=CARTESIAN_POINT('',(-0.62,4.43,0.4));
#18112=CARTESIAN_POINT('',(-0.62,4.43,0.4));
#18113=CARTESIAN_POINT('',(-0.62,4.43,3.5));
#18114=CARTESIAN_POINT('Origin',(-1.72,5.33,0.));
#18115=CARTESIAN_POINT('',(-1.72,5.33,0.));
#18116=CARTESIAN_POINT('',(-1.92,5.33,1.725633230171E-31));
#18117=CARTESIAN_POINT('',(-1.72,5.33,0.));
#18118=CARTESIAN_POINT('',(-1.92,5.33,0.2));
#18119=CARTESIAN_POINT('',(-1.92,5.33,1.725633230171E-31));
#18120=CARTESIAN_POINT('',(-1.721185185185,5.33,0.2));
#18121=CARTESIAN_POINT('',(-0.31,5.33,0.2));
#18122=CARTESIAN_POINT('',(-1.72,5.33,0.2));
#18123=CARTESIAN_POINT('',(-1.72,5.33,0.2));
#18124=CARTESIAN_POINT('',(-1.72,5.33,0.));
#18125=CARTESIAN_POINT('Origin',(-0.62,5.33,0.4));
#18126=CARTESIAN_POINT('',(-1.721185185185,5.33,0.4));
#18127=CARTESIAN_POINT('',(-0.62,5.33,0.4));
#18128=CARTESIAN_POINT('',(-1.721185185185,5.33,0.2));
#18129=CARTESIAN_POINT('',(-1.72,5.33,0.2));
#18130=CARTESIAN_POINT('',(-0.31,5.33,0.2));
#18131=CARTESIAN_POINT('Origin',(1.92,5.33,0.4));
#18132=CARTESIAN_POINT('',(1.721185185185,5.33,0.4));
#18133=CARTESIAN_POINT('',(0.62,5.33,0.4));
#18134=CARTESIAN_POINT('',(1.92,5.33,0.4));
#18135=CARTESIAN_POINT('',(0.62,5.33,0.2));
#18136=CARTESIAN_POINT('',(0.62,5.33,0.4));
#18137=CARTESIAN_POINT('',(1.72,5.33,0.2));
#18138=CARTESIAN_POINT('',(0.96,5.33,0.2));
#18139=CARTESIAN_POINT('',(1.721185185185,5.33,0.2));
#18140=CARTESIAN_POINT('',(3.4,5.33,0.2));
#18141=CARTESIAN_POINT('',(1.721185185185,5.33,0.2));
#18142=CARTESIAN_POINT('Origin',(3.4,5.33,0.));
#18143=CARTESIAN_POINT('',(1.92,5.33,1.725633230171E-31));
#18144=CARTESIAN_POINT('',(1.72,5.33,0.));
#18145=CARTESIAN_POINT('',(3.4,5.33,0.));
#18146=CARTESIAN_POINT('',(1.72,5.33,0.));
#18147=CARTESIAN_POINT('',(3.4,5.33,0.2));
#18148=CARTESIAN_POINT('',(1.92,5.33,0.2));
#18149=CARTESIAN_POINT('',(0.96,5.33,0.2));
#18150=CARTESIAN_POINT('',(1.92,5.33,1.725633230171E-31));
#18151=CARTESIAN_POINT('Origin',(0.62,5.73,3.5));
#18152=CARTESIAN_POINT('',(0.62,5.73,3.5));
#18153=CARTESIAN_POINT('',(0.62,4.43,3.5));
#18154=CARTESIAN_POINT('',(0.62,5.73,3.5));
#18155=CARTESIAN_POINT('',(0.62,4.43,0.4));
#18156=CARTESIAN_POINT('',(0.62,4.43,3.5));
#18157=CARTESIAN_POINT('',(0.62,4.83,0.4));
#18158=CARTESIAN_POINT('',(0.62,5.73,0.4));
#18159=CARTESIAN_POINT('',(0.62,4.83,0.2));
#18160=CARTESIAN_POINT('',(0.62,4.83,0.4));
#18161=CARTESIAN_POINT('',(0.62,2.23,0.2));
#18162=CARTESIAN_POINT('',(0.62,5.73,0.4));
#18163=CARTESIAN_POINT('',(0.62,5.73,0.4));
#18164=CARTESIAN_POINT('',(0.62,5.73,3.5));
#18165=CARTESIAN_POINT('Origin',(1.72,4.83,0.));
#18166=CARTESIAN_POINT('',(1.72,4.83,0.));
#18167=CARTESIAN_POINT('',(1.92,4.83,1.725633230171E-31));
#18168=CARTESIAN_POINT('',(1.72,4.83,0.));
#18169=CARTESIAN_POINT('',(1.92,4.83,0.2));
#18170=CARTESIAN_POINT('',(1.92,4.83,1.725633230171E-31));
#18171=CARTESIAN_POINT('',(1.721185185185,4.83,0.2));
#18172=CARTESIAN_POINT('',(0.31,4.83,0.2));
#18173=CARTESIAN_POINT('',(1.72,4.83,0.2));
#18174=CARTESIAN_POINT('',(1.72,4.83,0.2));
#18175=CARTESIAN_POINT('',(1.72,4.83,0.));
#18176=CARTESIAN_POINT('Origin',(0.62,4.83,0.4));
#18177=CARTESIAN_POINT('',(1.721185185185,4.83,0.4));
#18178=CARTESIAN_POINT('',(0.62,4.83,0.4));
#18179=CARTESIAN_POINT('',(1.721185185185,4.83,0.2));
#18180=CARTESIAN_POINT('',(1.72,4.83,0.2));
#18181=CARTESIAN_POINT('',(0.31,4.83,0.2));
#18182=CARTESIAN_POINT('Origin',(1.92,-8.89,3.451266460342E-31));
#18183=CARTESIAN_POINT('',(1.92,-8.89,0.2));
#18184=CARTESIAN_POINT('',(1.92,6.35,3.451266460342E-31));
#18185=CARTESIAN_POINT('Origin',(0.,-1.27,0.));
#18186=CARTESIAN_POINT('',(2.5,4.83,0.));
#18187=CARTESIAN_POINT('',(1.72,4.83,0.));
#18188=CARTESIAN_POINT('',(2.5,-8.89,0.));
#18189=CARTESIAN_POINT('Origin',(1.72,4.83,0.));
#18190=CARTESIAN_POINT('',(3.4,4.83,0.));
#18191=CARTESIAN_POINT('',(1.72,4.83,0.));
#18192=CARTESIAN_POINT('',(3.4,4.83,0.2));
#18193=CARTESIAN_POINT('',(3.4,4.83,0.));
#18194=CARTESIAN_POINT('',(2.5,4.83,0.2));
#18195=CARTESIAN_POINT('',(1.72,4.83,0.2));
#18196=CARTESIAN_POINT('',(2.5,4.83,0.));
#18197=CARTESIAN_POINT('Origin',(2.607671077239,5.08,0.2));
#18198=CARTESIAN_POINT('',(2.5,5.33,0.2));
#18199=CARTESIAN_POINT('',(2.5,-1.905,0.2));
#18200=CARTESIAN_POINT('',(3.6,5.03,0.2));
#18201=CARTESIAN_POINT('',(3.4,4.83,0.2));
#18202=CARTESIAN_POINT('',(3.6,5.13,0.2));
#18203=CARTESIAN_POINT('',(3.6,5.03,0.2));
#18204=CARTESIAN_POINT('',(3.4,5.33,0.2));
#18205=CARTESIAN_POINT('',(3.6,5.13,0.2));
#18206=CARTESIAN_POINT('',(3.4,5.33,0.2));
#18207=CARTESIAN_POINT('Origin',(3.4,5.33,0.));
#18208=CARTESIAN_POINT('',(3.4,5.33,0.));
#18209=CARTESIAN_POINT('',(2.5,5.33,0.));
#18210=CARTESIAN_POINT('',(3.4,5.33,0.));
#18211=CARTESIAN_POINT('',(2.5,5.33,0.));
#18212=CARTESIAN_POINT('',(3.4,5.33,0.));
#18213=CARTESIAN_POINT('Origin',(-0.42,5.93,3.7));
#18214=CARTESIAN_POINT('',(-0.42,5.93,3.7));
#18215=CARTESIAN_POINT('',(-0.42,5.93,3.699));
#18216=CARTESIAN_POINT('',(-0.42,5.93,3.7));
#18217=CARTESIAN_POINT('',(-2.12,5.93,3.7));
#18218=CARTESIAN_POINT('',(-0.42,5.93,3.7));
#18219=CARTESIAN_POINT('',(-2.12,5.93,3.699));
#18220=CARTESIAN_POINT('',(-2.12,5.93,3.7));
#18221=CARTESIAN_POINT('',(-0.42,5.93,3.699));
#18222=CARTESIAN_POINT('Origin',(-2.12,5.93,3.7));
#18223=CARTESIAN_POINT('',(-2.12,4.23,3.7));
#18224=CARTESIAN_POINT('',(-2.12,5.93,3.7));
#18225=CARTESIAN_POINT('',(-2.12,4.23,3.699));
#18226=CARTESIAN_POINT('',(-2.12,4.23,3.7));
#18227=CARTESIAN_POINT('',(-2.12,5.93,3.699));
#18228=CARTESIAN_POINT('Origin',(-2.12,4.23,3.7));
#18229=CARTESIAN_POINT('',(-0.42,4.23,3.7));
#18230=CARTESIAN_POINT('',(-2.12,4.23,3.7));
#18231=CARTESIAN_POINT('',(-0.42,4.23,3.699));
#18232=CARTESIAN_POINT('',(-0.42,4.23,3.7));
#18233=CARTESIAN_POINT('',(-2.12,4.23,3.699));
#18234=CARTESIAN_POINT('Origin',(-0.42,4.23,3.7));
#18235=CARTESIAN_POINT('',(-0.42,4.23,3.7));
#18236=CARTESIAN_POINT('',(-0.42,4.23,3.699));
#18237=CARTESIAN_POINT('Origin',(0.42,4.23,3.7));
#18238=CARTESIAN_POINT('',(0.42,4.23,3.7));
#18239=CARTESIAN_POINT('',(0.42,4.23,3.699));
#18240=CARTESIAN_POINT('',(0.42,4.23,3.7));
#18241=CARTESIAN_POINT('',(2.12,4.23,3.7));
#18242=CARTESIAN_POINT('',(0.42,4.23,3.7));
#18243=CARTESIAN_POINT('',(2.12,4.23,3.699));
#18244=CARTESIAN_POINT('',(2.12,4.23,3.7));
#18245=CARTESIAN_POINT('',(0.42,4.23,3.699));
#18246=CARTESIAN_POINT('Origin',(2.12,4.23,3.7));
#18247=CARTESIAN_POINT('',(2.12,5.93,3.7));
#18248=CARTESIAN_POINT('',(2.12,4.23,3.7));
#18249=CARTESIAN_POINT('',(2.12,5.93,3.699));
#18250=CARTESIAN_POINT('',(2.12,5.93,3.7));
#18251=CARTESIAN_POINT('',(2.12,4.23,3.699));
#18252=CARTESIAN_POINT('Origin',(2.12,5.93,3.7));
#18253=CARTESIAN_POINT('',(0.42,5.93,3.7));
#18254=CARTESIAN_POINT('',(2.12,5.93,3.7));
#18255=CARTESIAN_POINT('',(0.42,5.93,3.699));
#18256=CARTESIAN_POINT('',(0.42,5.93,3.7));
#18257=CARTESIAN_POINT('',(2.12,5.93,3.699));
#18258=CARTESIAN_POINT('Origin',(0.42,5.93,3.7));
#18259=CARTESIAN_POINT('',(0.42,5.93,3.7));
#18260=CARTESIAN_POINT('',(0.42,5.93,3.699));
#18261=CARTESIAN_POINT('Origin',(-1.72,5.33,0.));
#18262=CARTESIAN_POINT('',(-2.5,5.33,0.));
#18263=CARTESIAN_POINT('',(-3.4,5.33,0.));
#18264=CARTESIAN_POINT('',(-1.72,5.33,0.));
#18265=CARTESIAN_POINT('',(-3.4,5.33,0.2));
#18266=CARTESIAN_POINT('',(-3.4,5.33,0.));
#18267=CARTESIAN_POINT('',(-2.5,5.33,0.2));
#18268=CARTESIAN_POINT('',(-1.72,5.33,0.2));
#18269=CARTESIAN_POINT('',(-2.5,5.33,0.));
#18270=CARTESIAN_POINT('Origin',(-2.607671077239,5.08,0.2));
#18271=CARTESIAN_POINT('',(-2.5,4.83,0.2));
#18272=CARTESIAN_POINT('',(-2.5,5.715,0.2));
#18273=CARTESIAN_POINT('',(-3.6,5.13,0.2));
#18274=CARTESIAN_POINT('',(-3.4,5.33,0.2));
#18275=CARTESIAN_POINT('',(-3.6,5.03,0.2));
#18276=CARTESIAN_POINT('',(-3.6,5.13,0.2));
#18277=CARTESIAN_POINT('',(-3.4,4.83,0.2));
#18278=CARTESIAN_POINT('',(-3.6,5.03,0.2));
#18279=CARTESIAN_POINT('',(-3.4,4.83,0.2));
#18280=CARTESIAN_POINT('Origin',(-3.4,4.83,0.));
#18281=CARTESIAN_POINT('',(-3.4,4.83,0.));
#18282=CARTESIAN_POINT('',(-3.4,4.83,0.));
#18283=CARTESIAN_POINT('',(-2.5,4.83,0.));
#18284=CARTESIAN_POINT('',(-3.4,4.83,0.));
#18285=CARTESIAN_POINT('Origin',(-1.27,5.08,0.4));
#18286=CARTESIAN_POINT('',(-1.92,4.83,0.4));
#18287=CARTESIAN_POINT('',(-1.92,4.83,0.4));
#18288=CARTESIAN_POINT('',(-1.92,4.43,0.4));
#18289=CARTESIAN_POINT('',(-1.92,5.73,0.4));
#18290=CARTESIAN_POINT('',(-1.92,4.43,0.4));
#18291=CARTESIAN_POINT('Origin',(-1.721185185185,4.63,0.6));
#18292=CARTESIAN_POINT('',(-1.721185185185,4.63,0.6));
#18293=CARTESIAN_POINT('',(-1.721185185185,4.63,3.5));
#18294=CARTESIAN_POINT('',(-1.721185185185,4.63,0.6));
#18295=CARTESIAN_POINT('',(-1.721185185185,4.83,0.6));
#18296=CARTESIAN_POINT('',(-1.721185185185,4.63,0.6));
#18297=CARTESIAN_POINT('',(-1.721185185185,4.83,0.2));
#18298=CARTESIAN_POINT('',(-1.721185185185,4.83,0.2));
#18299=CARTESIAN_POINT('',(-1.721185185185,5.33,0.6));
#18300=CARTESIAN_POINT('',(-1.721185185185,5.33,0.2));
#18301=CARTESIAN_POINT('',(-1.721185185185,5.53,0.6));
#18302=CARTESIAN_POINT('',(-1.721185185185,4.63,0.6));
#18303=CARTESIAN_POINT('',(-1.721185185185,5.53,3.5));
#18304=CARTESIAN_POINT('',(-1.721185185185,5.53,0.6));
#18305=CARTESIAN_POINT('',(-1.721185185185,4.63,3.5));
#18306=CARTESIAN_POINT('Origin',(-2.607671077239,5.08,0.));
#18307=CARTESIAN_POINT('',(-1.72,4.83,0.));
#18308=CARTESIAN_POINT('',(-1.92,6.35,3.451266460342E-31));
#18309=CARTESIAN_POINT('Origin',(-1.72,4.83,0.));
#18310=CARTESIAN_POINT('',(-1.72,4.83,0.2));
#18311=CARTESIAN_POINT('Origin',(-1.27,5.08,3.5));
#18312=CARTESIAN_POINT('',(-0.619,4.429,3.5));
#18313=CARTESIAN_POINT('',(-0.619,5.731,3.5));
#18314=CARTESIAN_POINT('',(-0.619,4.23,3.5));
#18315=CARTESIAN_POINT('',(-1.921,5.731,3.5));
#18316=CARTESIAN_POINT('',(-0.42,5.731,3.5));
#18317=CARTESIAN_POINT('',(-1.921,5.73,3.5));
#18318=CARTESIAN_POINT('',(-1.921,5.93,3.5));
#18319=CARTESIAN_POINT('',(-1.92,5.73,3.5));
#18320=CARTESIAN_POINT('',(-0.621185185185,5.73,3.5));
#18321=CARTESIAN_POINT('',(-0.621185185185,5.73,3.5));
#18322=CARTESIAN_POINT('',(-0.62,5.73,3.5));
#18323=CARTESIAN_POINT('',(-0.62,5.73,3.5));
#18324=CARTESIAN_POINT('',(-0.621185185185,4.43,3.5));
#18325=CARTESIAN_POINT('',(-1.92,4.43,3.5));
#18326=CARTESIAN_POINT('',(-1.92,4.43,3.5));
#18327=CARTESIAN_POINT('',(-1.92,4.43,3.5));
#18328=CARTESIAN_POINT('',(-1.921,4.43,3.5));
#18329=CARTESIAN_POINT('',(-1.921185185185,4.43,3.5));
#18330=CARTESIAN_POINT('',(-1.921,4.429,3.5));
#18331=CARTESIAN_POINT('',(-1.921,5.93,3.5));
#18332=CARTESIAN_POINT('',(-2.12,4.429,3.5));
#18333=CARTESIAN_POINT('Origin',(-0.62,5.73,3.5));
#18334=CARTESIAN_POINT('',(-0.621185185185,5.73,0.6));
#18335=CARTESIAN_POINT('',(-0.621185185185,5.73,0.6));
#18336=CARTESIAN_POINT('',(-1.92,5.73,0.6));
#18337=CARTESIAN_POINT('',(-0.621185185185,5.73,0.6));
#18338=CARTESIAN_POINT('',(-1.92,5.73,0.4));
#18339=CARTESIAN_POINT('',(-1.92,5.73,3.5));
#18340=CARTESIAN_POINT('',(-0.62,5.73,0.4));
#18341=CARTESIAN_POINT('Origin',(-1.27,5.08,0.4));
#18342=CARTESIAN_POINT('',(-1.92,5.33,0.4));
#18343=CARTESIAN_POINT('',(-1.92,5.73,0.4));
#18344=CARTESIAN_POINT('',(-0.62,5.33,0.4));
#18345=CARTESIAN_POINT('Origin',(-1.92,4.43,3.5));
#18346=CARTESIAN_POINT('',(-1.92,4.43,0.6));
#18347=CARTESIAN_POINT('',(-0.621185185185,4.43,0.6));
#18348=CARTESIAN_POINT('',(-1.921185185185,4.43,0.6));
#18349=CARTESIAN_POINT('',(-0.621185185185,4.43,0.6));
#18350=CARTESIAN_POINT('',(-1.92,4.43,3.5));
#18351=CARTESIAN_POINT('Origin',(1.27,5.08,0.4));
#18352=CARTESIAN_POINT('',(1.92,5.33,0.4));
#18353=CARTESIAN_POINT('',(1.92,5.33,0.4));
#18354=CARTESIAN_POINT('',(1.92,5.73,0.4));
#18355=CARTESIAN_POINT('',(1.92,4.43,0.4));
#18356=CARTESIAN_POINT('',(1.92,5.73,0.4));
#18357=CARTESIAN_POINT('Origin',(1.721185185185,5.53,0.6));
#18358=CARTESIAN_POINT('',(1.721185185185,5.53,0.6));
#18359=CARTESIAN_POINT('',(1.721185185185,5.53,3.5));
#18360=CARTESIAN_POINT('',(1.721185185185,5.53,0.6));
#18361=CARTESIAN_POINT('',(1.721185185185,5.33,0.6));
#18362=CARTESIAN_POINT('',(1.721185185185,5.53,0.6));
#18363=CARTESIAN_POINT('',(1.721185185185,5.33,0.2));
#18364=CARTESIAN_POINT('',(1.721185185185,5.33,0.2));
#18365=CARTESIAN_POINT('',(1.721185185185,4.83,0.6));
#18366=CARTESIAN_POINT('',(1.721185185185,4.83,0.2));
#18367=CARTESIAN_POINT('',(1.721185185185,4.63,0.6));
#18368=CARTESIAN_POINT('',(1.721185185185,5.53,0.6));
#18369=CARTESIAN_POINT('',(1.721185185185,4.63,3.5));
#18370=CARTESIAN_POINT('',(1.721185185185,4.63,0.6));
#18371=CARTESIAN_POINT('',(1.721185185185,5.53,3.5));
#18372=CARTESIAN_POINT('Origin',(2.607671077239,5.08,0.));
#18373=CARTESIAN_POINT('',(1.72,5.33,0.));
#18374=CARTESIAN_POINT('',(1.92,6.35,3.451266460342E-31));
#18375=CARTESIAN_POINT('Origin',(1.72,5.33,0.));
#18376=CARTESIAN_POINT('',(1.72,5.33,0.2));
#18377=CARTESIAN_POINT('Origin',(1.27,5.08,3.5));
#18378=CARTESIAN_POINT('',(0.619,5.731,3.5));
#18379=CARTESIAN_POINT('',(0.619,4.429,3.5));
#18380=CARTESIAN_POINT('',(0.619,5.93,3.5));
#18381=CARTESIAN_POINT('',(1.921,4.429,3.5));
#18382=CARTESIAN_POINT('',(0.42,4.429,3.5));
#18383=CARTESIAN_POINT('',(1.921,4.43,3.5));
#18384=CARTESIAN_POINT('',(1.921,4.23,3.5));
#18385=CARTESIAN_POINT('',(1.92,4.43,3.5));
#18386=CARTESIAN_POINT('',(0.621185185185,4.43,3.5));
#18387=CARTESIAN_POINT('',(0.621185185185,4.43,3.5));
#18388=CARTESIAN_POINT('',(0.62,4.43,3.5));
#18389=CARTESIAN_POINT('',(0.62,4.43,3.5));
#18390=CARTESIAN_POINT('',(0.621185185185,5.73,3.5));
#18391=CARTESIAN_POINT('',(1.92,5.73,3.5));
#18392=CARTESIAN_POINT('',(1.92,5.73,3.5));
#18393=CARTESIAN_POINT('',(1.92,5.73,3.5));
#18394=CARTESIAN_POINT('',(1.921,5.73,3.5));
#18395=CARTESIAN_POINT('',(1.921185185185,5.73,3.5));
#18396=CARTESIAN_POINT('',(1.921,5.731,3.5));
#18397=CARTESIAN_POINT('',(1.921,4.23,3.5));
#18398=CARTESIAN_POINT('',(2.12,5.731,3.5));
#18399=CARTESIAN_POINT('Origin',(0.62,4.43,3.5));
#18400=CARTESIAN_POINT('',(0.621185185185,4.43,0.6));
#18401=CARTESIAN_POINT('',(0.621185185185,4.43,0.6));
#18402=CARTESIAN_POINT('',(1.92,4.43,0.6));
#18403=CARTESIAN_POINT('',(0.621185185185,4.43,0.6));
#18404=CARTESIAN_POINT('',(1.92,4.43,0.4));
#18405=CARTESIAN_POINT('',(1.92,4.43,3.5));
#18406=CARTESIAN_POINT('',(0.62,4.43,0.4));
#18407=CARTESIAN_POINT('Origin',(1.27,5.08,0.4));
#18408=CARTESIAN_POINT('',(1.92,4.83,0.4));
#18409=CARTESIAN_POINT('',(1.92,4.43,0.4));
#18410=CARTESIAN_POINT('',(0.62,4.83,0.4));
#18411=CARTESIAN_POINT('Origin',(1.92,5.73,3.5));
#18412=CARTESIAN_POINT('',(1.92,5.73,0.6));
#18413=CARTESIAN_POINT('',(0.621185185185,5.73,0.6));
#18414=CARTESIAN_POINT('',(1.921185185185,5.73,0.6));
#18415=CARTESIAN_POINT('',(0.621185185185,5.73,0.6));
#18416=CARTESIAN_POINT('',(1.92,5.73,3.5));
#18417=CARTESIAN_POINT('Origin',(0.,-1.27,0.));
#18418=CARTESIAN_POINT('',(3.4,5.33,0.));
#18419=CARTESIAN_POINT('',(2.5,-8.89,0.));
#18420=CARTESIAN_POINT('Origin',(2.607671077239,5.08,0.));
#18421=CARTESIAN_POINT('',(3.6,5.13,0.));
#18422=CARTESIAN_POINT('',(3.6,5.13,0.));
#18423=CARTESIAN_POINT('',(3.6,5.03,0.));
#18424=CARTESIAN_POINT('',(3.6,5.03,0.));
#18425=CARTESIAN_POINT('',(3.4,4.83,0.));
#18426=CARTESIAN_POINT('Origin',(3.4,4.83,0.));
#18427=CARTESIAN_POINT('',(3.6,5.03,0.));
#18428=CARTESIAN_POINT('Origin',(3.6,5.13,0.));
#18429=CARTESIAN_POINT('',(3.6,5.13,0.));
#18430=CARTESIAN_POINT('Origin',(3.6,5.03,0.));
#18431=CARTESIAN_POINT('Origin',(-0.42,5.8305,3.5995));
#18432=CARTESIAN_POINT('',(-0.769666666667,5.580333333333,3.349333333333));
#18433=CARTESIAN_POINT('',(-1.770333333333,5.580333333333,3.349333333333));
#18434=CARTESIAN_POINT('Origin',(-2.0205,5.93,3.5995));
#18435=CARTESIAN_POINT('',(-1.770333333333,4.579666666667,3.349333333333));
#18436=CARTESIAN_POINT('',(-1.921,5.93,3.5));
#18437=CARTESIAN_POINT('Origin',(-2.12,4.3295,3.5995));
#18438=CARTESIAN_POINT('',(-0.769666666667,4.579666666667,3.349333333333));
#18439=CARTESIAN_POINT('Origin',(-0.5195,4.23,3.5995));
#18440=CARTESIAN_POINT('Origin',(0.42,4.3295,3.5995));
#18441=CARTESIAN_POINT('',(0.769666666667,4.579666666667,3.349333333333));
#18442=CARTESIAN_POINT('',(1.770333333333,4.579666666667,3.349333333333));
#18443=CARTESIAN_POINT('Origin',(2.0205,4.23,3.5995));
#18444=CARTESIAN_POINT('',(1.770333333333,5.580333333333,3.349333333333));
#18445=CARTESIAN_POINT('',(1.921,4.23,3.5));
#18446=CARTESIAN_POINT('Origin',(2.12,5.8305,3.5995));
#18447=CARTESIAN_POINT('',(0.769666666667,5.580333333333,3.349333333333));
#18448=CARTESIAN_POINT('Origin',(0.5195,5.93,3.5995));
#18449=CARTESIAN_POINT('Origin',(0.,-1.27,0.));
#18450=CARTESIAN_POINT('',(-1.72,5.33,0.));
#18451=CARTESIAN_POINT('',(-2.5,6.35,0.));
#18452=CARTESIAN_POINT('Origin',(-2.607671077239,5.08,0.));
#18453=CARTESIAN_POINT('',(-3.6,5.03,0.));
#18454=CARTESIAN_POINT('',(-3.6,5.03,0.));
#18455=CARTESIAN_POINT('',(-3.6,5.13,0.));
#18456=CARTESIAN_POINT('',(-3.6,5.13,0.));
#18457=CARTESIAN_POINT('',(-3.4,5.33,0.));
#18458=CARTESIAN_POINT('Origin',(-3.4,5.33,0.));
#18459=CARTESIAN_POINT('',(-3.6,5.13,0.));
#18460=CARTESIAN_POINT('Origin',(-3.6,5.03,0.));
#18461=CARTESIAN_POINT('',(-3.6,5.03,0.));
#18462=CARTESIAN_POINT('Origin',(-3.6,5.13,0.));
#18463=CARTESIAN_POINT('Origin',(-1.92,6.35,3.451266460342E-31));
#18464=CARTESIAN_POINT('',(-1.92,4.83,0.6));
#18465=CARTESIAN_POINT('',(-1.92,4.83,1.725633230171E-31));
#18466=CARTESIAN_POINT('',(-1.92,5.715,0.6));
#18467=CARTESIAN_POINT('Origin',(-3.4,4.83,0.));
#18468=CARTESIAN_POINT('',(-1.921185185185,4.83,0.6));
#18469=CARTESIAN_POINT('Origin',(-0.621185185185,4.63,0.6));
#18470=CARTESIAN_POINT('',(-0.621185185185,4.63,0.6));
#18471=CARTESIAN_POINT('',(-0.621185185185,4.63,3.5));
#18472=CARTESIAN_POINT('',(-0.621185185185,4.63,0.6));
#18473=CARTESIAN_POINT('',(-0.621185185185,4.63,0.6));
#18474=CARTESIAN_POINT('',(-0.621185185185,4.63,3.5));
#18475=CARTESIAN_POINT('Origin',(-1.375239239239,5.08,3.5));
#18476=CARTESIAN_POINT('',(-0.621185185185,5.53,3.5));
#18477=CARTESIAN_POINT('',(-1.721185185185,5.53,3.5));
#18478=CARTESIAN_POINT('',(-0.621185185185,5.53,3.5));
#18479=CARTESIAN_POINT('',(-1.92,5.73,3.5));
#18480=CARTESIAN_POINT('',(-0.621185185185,4.43,3.5));
#18481=CARTESIAN_POINT('Origin',(-1.721185185185,5.53,0.6));
#18482=CARTESIAN_POINT('',(-0.621185185185,5.53,0.6));
#18483=CARTESIAN_POINT('',(-1.721185185185,5.53,0.6));
#18484=CARTESIAN_POINT('',(-0.621185185185,5.53,0.6));
#18485=CARTESIAN_POINT('Origin',(-1.375239239239,5.08,0.6));
#18486=CARTESIAN_POINT('',(-1.92,5.33,0.6));
#18487=CARTESIAN_POINT('',(-1.721185185185,5.33,0.6));
#18488=CARTESIAN_POINT('',(-1.92,5.715,0.6));
#18489=CARTESIAN_POINT('',(-0.621185185185,5.53,0.6));
#18490=CARTESIAN_POINT('Origin',(-1.72,5.33,0.));
#18491=CARTESIAN_POINT('',(-1.92,5.33,1.725633230171E-31));
#18492=CARTESIAN_POINT('Origin',(-2.607671077239,5.08,0.2));
#18493=CARTESIAN_POINT('Origin',(-1.375239239239,5.08,0.6));
#18494=CARTESIAN_POINT('',(-0.621185185185,4.43,0.6));
#18495=CARTESIAN_POINT('Origin',(-1.27,5.08,3.5));
#18496=CARTESIAN_POINT('Origin',(-0.621185185185,5.53,0.6));
#18497=CARTESIAN_POINT('Origin',(-1.92,6.35,3.451266460342E-31));
#18498=CARTESIAN_POINT('Origin',(-0.621185185185,4.43,0.6));
#18499=CARTESIAN_POINT('Origin',(1.92,-8.89,3.451266460342E-31));
#18500=CARTESIAN_POINT('',(1.92,5.33,0.6));
#18501=CARTESIAN_POINT('',(1.92,5.33,1.725633230171E-31));
#18502=CARTESIAN_POINT('',(1.92,-1.905,0.6));
#18503=CARTESIAN_POINT('Origin',(3.4,5.33,0.));
#18504=CARTESIAN_POINT('',(1.921185185185,5.33,0.6));
#18505=CARTESIAN_POINT('Origin',(0.621185185185,5.53,0.6));
#18506=CARTESIAN_POINT('',(0.621185185185,5.53,0.6));
#18507=CARTESIAN_POINT('',(0.621185185185,5.53,3.5));
#18508=CARTESIAN_POINT('',(0.621185185185,5.53,0.6));
#18509=CARTESIAN_POINT('',(0.621185185185,5.53,0.6));
#18510=CARTESIAN_POINT('',(0.621185185185,5.53,3.5));
#18511=CARTESIAN_POINT('Origin',(1.375239239239,5.08,3.5));
#18512=CARTESIAN_POINT('',(0.621185185185,4.63,3.5));
#18513=CARTESIAN_POINT('',(1.721185185185,4.63,3.5));
#18514=CARTESIAN_POINT('',(0.621185185185,4.63,3.5));
#18515=CARTESIAN_POINT('',(1.92,4.43,3.5));
#18516=CARTESIAN_POINT('',(0.621185185185,5.73,3.5));
#18517=CARTESIAN_POINT('Origin',(1.721185185185,4.63,0.6));
#18518=CARTESIAN_POINT('',(0.621185185185,4.63,0.6));
#18519=CARTESIAN_POINT('',(1.721185185185,4.63,0.6));
#18520=CARTESIAN_POINT('',(0.621185185185,4.63,0.6));
#18521=CARTESIAN_POINT('Origin',(1.375239239239,5.08,0.6));
#18522=CARTESIAN_POINT('',(1.92,4.83,0.6));
#18523=CARTESIAN_POINT('',(1.721185185185,4.83,0.6));
#18524=CARTESIAN_POINT('',(1.92,-1.905,0.6));
#18525=CARTESIAN_POINT('',(0.621185185185,4.63,0.6));
#18526=CARTESIAN_POINT('Origin',(1.72,4.83,0.));
#18527=CARTESIAN_POINT('',(1.92,4.83,1.725633230171E-31));
#18528=CARTESIAN_POINT('Origin',(2.607671077239,5.08,0.2));
#18529=CARTESIAN_POINT('Origin',(1.375239239239,5.08,0.6));
#18530=CARTESIAN_POINT('',(0.621185185185,5.73,0.6));
#18531=CARTESIAN_POINT('Origin',(1.27,5.08,3.5));
#18532=CARTESIAN_POINT('Origin',(0.621185185185,4.63,0.6));
#18533=CARTESIAN_POINT('Origin',(1.92,-8.89,3.451266460342E-31));
#18534=CARTESIAN_POINT('Origin',(0.621185185185,5.73,0.6));
#18535=CARTESIAN_POINT('Origin',(-1.92,8.89,3.451266460342E-31));
#18536=CARTESIAN_POINT('',(-1.92,7.37,1.725633230171E-31));
#18537=CARTESIAN_POINT('',(-1.92,8.89,3.451266460342E-31));
#18538=CARTESIAN_POINT('',(-1.92,7.37,0.2));
#18539=CARTESIAN_POINT('',(-1.92,7.37,1.725633230171E-31));
#18540=CARTESIAN_POINT('',(-1.92,6.35,0.2));
#18541=CARTESIAN_POINT('Origin',(0.,1.27,0.));
#18542=CARTESIAN_POINT('',(-2.5,7.37,0.));
#18543=CARTESIAN_POINT('',(-2.5,8.89,0.));
#18544=CARTESIAN_POINT('',(-3.4,7.37,0.));
#18545=CARTESIAN_POINT('Origin',(-2.5,8.89,0.));
#18546=CARTESIAN_POINT('',(-2.5,8.89,3.7));
#18547=CARTESIAN_POINT('',(-2.5,8.89,3.7));
#18548=CARTESIAN_POINT('',(-2.5,8.89,0.));
#18549=CARTESIAN_POINT('',(-2.5,8.89,0.));
#18550=CARTESIAN_POINT('',(-2.5,7.87,0.));
#18551=CARTESIAN_POINT('',(-2.5,8.89,0.));
#18552=CARTESIAN_POINT('',(-2.5,7.87,0.2));
#18553=CARTESIAN_POINT('',(-2.5,7.87,0.));
#18554=CARTESIAN_POINT('',(-2.5,7.37,0.2));
#18555=CARTESIAN_POINT('',(-2.5,8.255,0.2));
#18556=CARTESIAN_POINT('',(-2.5,7.37,0.));
#18557=CARTESIAN_POINT('Origin',(0.,1.27,3.7));
#18558=CARTESIAN_POINT('',(2.5,8.89,3.7));
#18559=CARTESIAN_POINT('',(2.5,-6.35,3.7));
#18560=CARTESIAN_POINT('',(2.5,8.89,3.7));
#18561=CARTESIAN_POINT('',(0.42,6.77,3.7));
#18562=CARTESIAN_POINT('',(2.12,6.77,3.7));
#18563=CARTESIAN_POINT('',(0.42,6.77,3.7));
#18564=CARTESIAN_POINT('',(0.42,8.47,3.7));
#18565=CARTESIAN_POINT('',(0.42,8.47,3.7));
#18566=CARTESIAN_POINT('',(2.12,8.47,3.7));
#18567=CARTESIAN_POINT('',(2.12,8.47,3.7));
#18568=CARTESIAN_POINT('',(2.12,6.77,3.7));
#18569=CARTESIAN_POINT('',(-0.42,8.47,3.7));
#18570=CARTESIAN_POINT('',(-2.12,8.47,3.7));
#18571=CARTESIAN_POINT('',(-0.42,8.47,3.7));
#18572=CARTESIAN_POINT('',(-0.42,6.77,3.7));
#18573=CARTESIAN_POINT('',(-0.42,6.77,3.7));
#18574=CARTESIAN_POINT('',(-2.12,6.77,3.7));
#18575=CARTESIAN_POINT('',(-2.12,6.77,3.7));
#18576=CARTESIAN_POINT('',(-2.12,8.47,3.7));
#18577=CARTESIAN_POINT('Origin',(0.,1.27,0.2));
#18578=CARTESIAN_POINT('',(-1.721185185185,7.37,0.2));
#18579=CARTESIAN_POINT('',(-0.96,7.37,0.2));
#18580=CARTESIAN_POINT('',(-1.72,7.37,0.2));
#18581=CARTESIAN_POINT('',(-3.4,7.37,0.2));
#18582=CARTESIAN_POINT('',(-0.62,7.37,0.2));
#18583=CARTESIAN_POINT('',(-0.96,7.37,0.2));
#18584=CARTESIAN_POINT('',(-0.62,7.87,0.2));
#18585=CARTESIAN_POINT('',(-0.62,4.12,0.2));
#18586=CARTESIAN_POINT('',(-1.72,7.87,0.2));
#18587=CARTESIAN_POINT('',(-0.31,7.87,0.2));
#18588=CARTESIAN_POINT('',(-1.721185185185,7.87,0.2));
#18589=CARTESIAN_POINT('',(-1.72,7.87,0.2));
#18590=CARTESIAN_POINT('',(-1.92,7.87,0.2));
#18591=CARTESIAN_POINT('',(-0.31,7.87,0.2));
#18592=CARTESIAN_POINT('',(-1.92,8.89,0.2));
#18593=CARTESIAN_POINT('',(-1.92,8.89,0.2));
#18594=CARTESIAN_POINT('',(1.92,8.89,0.2));
#18595=CARTESIAN_POINT('',(1.92,8.89,0.2));
#18596=CARTESIAN_POINT('',(1.92,7.87,0.2));
#18597=CARTESIAN_POINT('',(1.92,-6.35,0.2));
#18598=CARTESIAN_POINT('',(1.721185185185,7.87,0.2));
#18599=CARTESIAN_POINT('',(0.96,7.87,0.2));
#18600=CARTESIAN_POINT('',(1.72,7.87,0.2));
#18601=CARTESIAN_POINT('',(3.4,7.87,0.2));
#18602=CARTESIAN_POINT('',(0.62,7.87,0.2));
#18603=CARTESIAN_POINT('',(0.96,7.87,0.2));
#18604=CARTESIAN_POINT('',(0.62,7.37,0.2));
#18605=CARTESIAN_POINT('',(0.62,4.77,0.2));
#18606=CARTESIAN_POINT('',(1.72,7.37,0.2));
#18607=CARTESIAN_POINT('',(0.31,7.37,0.2));
#18608=CARTESIAN_POINT('',(1.721185185185,7.37,0.2));
#18609=CARTESIAN_POINT('',(1.72,7.37,0.2));
#18610=CARTESIAN_POINT('',(1.92,7.37,0.2));
#18611=CARTESIAN_POINT('',(0.31,7.37,0.2));
#18612=CARTESIAN_POINT('',(1.92,-8.89,0.2));
#18613=CARTESIAN_POINT('Origin',(2.5,-6.35,0.));
#18614=CARTESIAN_POINT('',(2.5,7.37,0.));
#18615=CARTESIAN_POINT('',(2.5,-6.35,0.));
#18616=CARTESIAN_POINT('',(2.5,7.37,0.2));
#18617=CARTESIAN_POINT('',(2.5,7.37,0.));
#18618=CARTESIAN_POINT('',(2.5,7.87,0.2));
#18619=CARTESIAN_POINT('',(2.5,0.635,0.2));
#18620=CARTESIAN_POINT('',(2.5,7.87,0.));
#18621=CARTESIAN_POINT('',(2.5,7.87,0.));
#18622=CARTESIAN_POINT('',(2.5,8.89,0.));
#18623=CARTESIAN_POINT('',(2.5,-6.35,0.));
#18624=CARTESIAN_POINT('',(2.5,8.89,0.));
#18625=CARTESIAN_POINT('Origin',(-1.92,7.37,0.4));
#18626=CARTESIAN_POINT('',(-1.721185185185,7.37,0.4));
#18627=CARTESIAN_POINT('',(-0.62,7.37,0.4));
#18628=CARTESIAN_POINT('',(-1.92,7.37,0.4));
#18629=CARTESIAN_POINT('',(-0.62,7.37,0.4));
#18630=CARTESIAN_POINT('',(-1.721185185185,7.37,0.2));
#18631=CARTESIAN_POINT('Origin',(-3.4,7.37,0.));
#18632=CARTESIAN_POINT('',(-1.72,7.37,0.));
#18633=CARTESIAN_POINT('',(-3.4,7.37,0.));
#18634=CARTESIAN_POINT('',(-1.72,7.37,0.));
#18635=CARTESIAN_POINT('',(-3.4,7.37,0.2));
#18636=CARTESIAN_POINT('Origin',(-0.62,6.97,3.5));
#18637=CARTESIAN_POINT('',(-0.62,6.97,3.5));
#18638=CARTESIAN_POINT('',(-0.62,8.27,3.5));
#18639=CARTESIAN_POINT('',(-0.62,6.97,3.5));
#18640=CARTESIAN_POINT('',(-0.62,8.27,0.4));
#18641=CARTESIAN_POINT('',(-0.62,8.27,3.5));
#18642=CARTESIAN_POINT('',(-0.62,7.87,0.4));
#18643=CARTESIAN_POINT('',(-0.62,6.97,0.4));
#18644=CARTESIAN_POINT('',(-0.62,7.87,0.4));
#18645=CARTESIAN_POINT('',(-0.62,6.97,0.4));
#18646=CARTESIAN_POINT('',(-0.62,6.97,0.4));
#18647=CARTESIAN_POINT('',(-0.62,6.97,3.5));
#18648=CARTESIAN_POINT('Origin',(-1.72,7.87,0.));
#18649=CARTESIAN_POINT('',(-1.72,7.87,0.));
#18650=CARTESIAN_POINT('',(-1.92,7.87,1.725633230171E-31));
#18651=CARTESIAN_POINT('',(-1.72,7.87,0.));
#18652=CARTESIAN_POINT('',(-1.92,7.87,1.725633230171E-31));
#18653=CARTESIAN_POINT('',(-1.72,7.87,0.2));
#18654=CARTESIAN_POINT('',(-1.72,7.87,0.));
#18655=CARTESIAN_POINT('Origin',(-0.62,7.87,0.4));
#18656=CARTESIAN_POINT('',(-1.721185185185,7.87,0.4));
#18657=CARTESIAN_POINT('',(-0.62,7.87,0.4));
#18658=CARTESIAN_POINT('',(-1.721185185185,7.87,0.2));
#18659=CARTESIAN_POINT('Origin',(-1.92,8.89,3.451266460342E-31));
#18660=CARTESIAN_POINT('',(-1.92,8.89,3.451266460342E-31));
#18661=CARTESIAN_POINT('',(-1.92,8.89,3.451266460342E-31));
#18662=CARTESIAN_POINT('',(-1.92,8.89,3.451266460342E-31));
#18663=CARTESIAN_POINT('Origin',(2.5,8.89,0.));
#18664=CARTESIAN_POINT('',(1.92,8.89,3.451266460342E-31));
#18665=CARTESIAN_POINT('',(2.5,8.89,0.));
#18666=CARTESIAN_POINT('',(1.92,8.89,3.451266460342E-31));
#18667=CARTESIAN_POINT('',(2.5,8.89,0.));
#18668=CARTESIAN_POINT('Origin',(1.92,-6.35,3.451266460342E-31));
#18669=CARTESIAN_POINT('',(1.92,7.87,1.725633230171E-31));
#18670=CARTESIAN_POINT('',(1.92,8.89,3.451266460342E-31));
#18671=CARTESIAN_POINT('',(1.92,7.87,1.725633230171E-31));
#18672=CARTESIAN_POINT('Origin',(1.92,7.87,0.4));
#18673=CARTESIAN_POINT('',(1.721185185185,7.87,0.4));
#18674=CARTESIAN_POINT('',(0.62,7.87,0.4));
#18675=CARTESIAN_POINT('',(1.92,7.87,0.4));
#18676=CARTESIAN_POINT('',(0.62,7.87,0.4));
#18677=CARTESIAN_POINT('',(1.721185185185,7.87,0.2));
#18678=CARTESIAN_POINT('Origin',(3.4,7.87,0.));
#18679=CARTESIAN_POINT('',(1.72,7.87,0.));
#18680=CARTESIAN_POINT('',(3.4,7.87,0.));
#18681=CARTESIAN_POINT('',(1.72,7.87,0.));
#18682=CARTESIAN_POINT('',(3.4,7.87,0.2));
#18683=CARTESIAN_POINT('Origin',(0.62,8.27,3.5));
#18684=CARTESIAN_POINT('',(0.62,8.27,3.5));
#18685=CARTESIAN_POINT('',(0.62,6.97,3.5));
#18686=CARTESIAN_POINT('',(0.62,8.27,3.5));
#18687=CARTESIAN_POINT('',(0.62,6.97,0.4));
#18688=CARTESIAN_POINT('',(0.62,6.97,3.5));
#18689=CARTESIAN_POINT('',(0.62,7.37,0.4));
#18690=CARTESIAN_POINT('',(0.62,8.27,0.4));
#18691=CARTESIAN_POINT('',(0.62,7.37,0.4));
#18692=CARTESIAN_POINT('',(0.62,8.27,0.4));
#18693=CARTESIAN_POINT('',(0.62,8.27,0.4));
#18694=CARTESIAN_POINT('',(0.62,8.27,3.5));
#18695=CARTESIAN_POINT('Origin',(1.72,7.37,0.));
#18696=CARTESIAN_POINT('',(1.72,7.37,0.));
#18697=CARTESIAN_POINT('',(1.92,7.37,1.725633230171E-31));
#18698=CARTESIAN_POINT('',(1.72,7.37,0.));
#18699=CARTESIAN_POINT('',(1.92,7.37,1.725633230171E-31));
#18700=CARTESIAN_POINT('',(1.72,7.37,0.2));
#18701=CARTESIAN_POINT('',(1.72,7.37,0.));
#18702=CARTESIAN_POINT('Origin',(0.62,7.37,0.4));
#18703=CARTESIAN_POINT('',(1.721185185185,7.37,0.4));
#18704=CARTESIAN_POINT('',(0.62,7.37,0.4));
#18705=CARTESIAN_POINT('',(1.721185185185,7.37,0.2));
#18706=CARTESIAN_POINT('Origin',(1.92,-6.35,3.451266460342E-31));
#18707=CARTESIAN_POINT('',(1.92,6.35,3.451266460342E-31));
#18708=CARTESIAN_POINT('Origin',(0.,1.27,0.));
#18709=CARTESIAN_POINT('',(1.72,7.37,0.));
#18710=CARTESIAN_POINT('Origin',(1.72,7.37,0.));
#18711=CARTESIAN_POINT('',(3.4,7.37,0.));
#18712=CARTESIAN_POINT('',(1.72,7.37,0.));
#18713=CARTESIAN_POINT('',(3.4,7.37,0.2));
#18714=CARTESIAN_POINT('',(3.4,7.37,0.));
#18715=CARTESIAN_POINT('',(1.72,7.37,0.2));
#18716=CARTESIAN_POINT('Origin',(2.607671077239,7.62,0.2));
#18717=CARTESIAN_POINT('',(3.6,7.57,0.2));
#18718=CARTESIAN_POINT('',(3.4,7.37,0.2));
#18719=CARTESIAN_POINT('',(3.6,7.67,0.2));
#18720=CARTESIAN_POINT('',(3.6,7.57,0.2));
#18721=CARTESIAN_POINT('',(3.4,7.87,0.2));
#18722=CARTESIAN_POINT('',(3.6,7.67,0.2));
#18723=CARTESIAN_POINT('',(3.4,7.87,0.2));
#18724=CARTESIAN_POINT('Origin',(3.4,7.87,0.));
#18725=CARTESIAN_POINT('',(3.4,7.87,0.));
#18726=CARTESIAN_POINT('',(3.4,7.87,0.));
#18727=CARTESIAN_POINT('',(3.4,7.87,0.));
#18728=CARTESIAN_POINT('Origin',(0.,1.27,0.));
#18729=CARTESIAN_POINT('',(3.4,7.87,0.));
#18730=CARTESIAN_POINT('Origin',(-0.42,8.47,3.7));
#18731=CARTESIAN_POINT('',(-0.42,8.47,3.699));
#18732=CARTESIAN_POINT('',(-0.42,8.47,3.7));
#18733=CARTESIAN_POINT('',(-2.12,8.47,3.699));
#18734=CARTESIAN_POINT('',(-2.12,8.47,3.7));
#18735=CARTESIAN_POINT('',(-0.42,8.47,3.699));
#18736=CARTESIAN_POINT('Origin',(-2.12,8.47,3.7));
#18737=CARTESIAN_POINT('',(-2.12,6.77,3.699));
#18738=CARTESIAN_POINT('',(-2.12,6.77,3.7));
#18739=CARTESIAN_POINT('',(-2.12,8.47,3.699));
#18740=CARTESIAN_POINT('Origin',(-2.12,6.77,3.7));
#18741=CARTESIAN_POINT('',(-0.42,6.77,3.699));
#18742=CARTESIAN_POINT('',(-0.42,6.77,3.7));
#18743=CARTESIAN_POINT('',(-2.12,6.77,3.699));
#18744=CARTESIAN_POINT('Origin',(-0.42,6.77,3.7));
#18745=CARTESIAN_POINT('',(-0.42,6.77,3.699));
#18746=CARTESIAN_POINT('Origin',(0.42,6.77,3.7));
#18747=CARTESIAN_POINT('',(0.42,6.77,3.699));
#18748=CARTESIAN_POINT('',(0.42,6.77,3.7));
#18749=CARTESIAN_POINT('',(2.12,6.77,3.699));
#18750=CARTESIAN_POINT('',(2.12,6.77,3.7));
#18751=CARTESIAN_POINT('',(0.42,6.77,3.699));
#18752=CARTESIAN_POINT('Origin',(2.12,6.77,3.7));
#18753=CARTESIAN_POINT('',(2.12,8.47,3.699));
#18754=CARTESIAN_POINT('',(2.12,8.47,3.7));
#18755=CARTESIAN_POINT('',(2.12,6.77,3.699));
#18756=CARTESIAN_POINT('Origin',(2.12,8.47,3.7));
#18757=CARTESIAN_POINT('',(0.42,8.47,3.699));
#18758=CARTESIAN_POINT('',(0.42,8.47,3.7));
#18759=CARTESIAN_POINT('',(2.12,8.47,3.699));
#18760=CARTESIAN_POINT('Origin',(0.42,8.47,3.7));
#18761=CARTESIAN_POINT('',(0.42,8.47,3.699));
#18762=CARTESIAN_POINT('Origin',(0.,1.27,0.));
#18763=CARTESIAN_POINT('',(-1.72,7.87,0.));
#18764=CARTESIAN_POINT('Origin',(-1.72,7.87,0.));
#18765=CARTESIAN_POINT('',(-3.4,7.87,0.));
#18766=CARTESIAN_POINT('',(-1.72,7.87,0.));
#18767=CARTESIAN_POINT('',(-3.4,7.87,0.2));
#18768=CARTESIAN_POINT('',(-3.4,7.87,0.));
#18769=CARTESIAN_POINT('',(-1.72,7.87,0.2));
#18770=CARTESIAN_POINT('Origin',(-2.607671077239,7.62,0.2));
#18771=CARTESIAN_POINT('',(-3.6,7.67,0.2));
#18772=CARTESIAN_POINT('',(-3.4,7.87,0.2));
#18773=CARTESIAN_POINT('',(-3.6,7.57,0.2));
#18774=CARTESIAN_POINT('',(-3.6,7.67,0.2));
#18775=CARTESIAN_POINT('',(-3.4,7.37,0.2));
#18776=CARTESIAN_POINT('',(-3.6,7.57,0.2));
#18777=CARTESIAN_POINT('',(-3.4,7.37,0.2));
#18778=CARTESIAN_POINT('Origin',(-3.4,7.37,0.));
#18779=CARTESIAN_POINT('',(-3.4,7.37,0.));
#18780=CARTESIAN_POINT('',(-3.4,7.37,0.));
#18781=CARTESIAN_POINT('',(-3.4,7.37,0.));
#18782=CARTESIAN_POINT('Origin',(-1.27,7.62,0.4));
#18783=CARTESIAN_POINT('',(-1.92,7.37,0.4));
#18784=CARTESIAN_POINT('',(-1.92,7.37,0.4));
#18785=CARTESIAN_POINT('',(-1.92,6.97,0.4));
#18786=CARTESIAN_POINT('',(-1.92,8.27,0.4));
#18787=CARTESIAN_POINT('',(-1.92,6.97,0.4));
#18788=CARTESIAN_POINT('Origin',(-1.721185185185,7.17,0.6));
#18789=CARTESIAN_POINT('',(-1.721185185185,7.17,0.6));
#18790=CARTESIAN_POINT('',(-1.721185185185,7.17,3.5));
#18791=CARTESIAN_POINT('',(-1.721185185185,7.17,0.6));
#18792=CARTESIAN_POINT('',(-1.721185185185,7.37,0.6));
#18793=CARTESIAN_POINT('',(-1.721185185185,7.17,0.6));
#18794=CARTESIAN_POINT('',(-1.721185185185,7.37,0.2));
#18795=CARTESIAN_POINT('',(-1.721185185185,7.37,0.2));
#18796=CARTESIAN_POINT('',(-1.721185185185,7.87,0.6));
#18797=CARTESIAN_POINT('',(-1.721185185185,7.87,0.2));
#18798=CARTESIAN_POINT('',(-1.721185185185,8.07,0.6));
#18799=CARTESIAN_POINT('',(-1.721185185185,7.17,0.6));
#18800=CARTESIAN_POINT('',(-1.721185185185,8.07,3.5));
#18801=CARTESIAN_POINT('',(-1.721185185185,8.07,0.6));
#18802=CARTESIAN_POINT('',(-1.721185185185,7.17,3.5));
#18803=CARTESIAN_POINT('Origin',(-2.607671077239,7.62,0.));
#18804=CARTESIAN_POINT('',(-1.72,7.37,0.));
#18805=CARTESIAN_POINT('',(-1.92,8.89,3.451266460342E-31));
#18806=CARTESIAN_POINT('Origin',(-1.72,7.37,0.));
#18807=CARTESIAN_POINT('',(-1.72,7.37,0.2));
#18808=CARTESIAN_POINT('Origin',(-1.27,7.62,3.5));
#18809=CARTESIAN_POINT('',(-0.619,6.969,3.5));
#18810=CARTESIAN_POINT('',(-0.619,8.271,3.5));
#18811=CARTESIAN_POINT('',(-0.619,6.77,3.5));
#18812=CARTESIAN_POINT('',(-1.921,8.271,3.5));
#18813=CARTESIAN_POINT('',(-0.42,8.271,3.5));
#18814=CARTESIAN_POINT('',(-1.921,8.27,3.5));
#18815=CARTESIAN_POINT('',(-1.921,8.47,3.5));
#18816=CARTESIAN_POINT('',(-1.92,8.27,3.5));
#18817=CARTESIAN_POINT('',(-0.621185185185,8.27,3.5));
#18818=CARTESIAN_POINT('',(-0.621185185185,8.27,3.5));
#18819=CARTESIAN_POINT('',(-0.62,8.27,3.5));
#18820=CARTESIAN_POINT('',(-0.62,8.27,3.5));
#18821=CARTESIAN_POINT('',(-0.621185185185,6.97,3.5));
#18822=CARTESIAN_POINT('',(-1.92,6.97,3.5));
#18823=CARTESIAN_POINT('',(-1.92,6.97,3.5));
#18824=CARTESIAN_POINT('',(-1.92,6.97,3.5));
#18825=CARTESIAN_POINT('',(-1.921,6.97,3.5));
#18826=CARTESIAN_POINT('',(-1.921185185185,6.97,3.5));
#18827=CARTESIAN_POINT('',(-1.921,6.969,3.5));
#18828=CARTESIAN_POINT('',(-1.921,8.47,3.5));
#18829=CARTESIAN_POINT('',(-2.12,6.969,3.5));
#18830=CARTESIAN_POINT('Origin',(-0.62,8.27,3.5));
#18831=CARTESIAN_POINT('',(-0.621185185185,8.27,0.6));
#18832=CARTESIAN_POINT('',(-0.621185185185,8.27,0.6));
#18833=CARTESIAN_POINT('',(-1.92,8.27,0.6));
#18834=CARTESIAN_POINT('',(-0.621185185185,8.27,0.6));
#18835=CARTESIAN_POINT('',(-1.92,8.27,0.4));
#18836=CARTESIAN_POINT('',(-1.92,8.27,3.5));
#18837=CARTESIAN_POINT('',(-0.62,8.27,0.4));
#18838=CARTESIAN_POINT('Origin',(-1.27,7.62,0.4));
#18839=CARTESIAN_POINT('',(-1.92,7.87,0.4));
#18840=CARTESIAN_POINT('',(-1.92,8.27,0.4));
#18841=CARTESIAN_POINT('',(-0.62,7.87,0.4));
#18842=CARTESIAN_POINT('Origin',(-1.92,6.97,3.5));
#18843=CARTESIAN_POINT('',(-1.92,6.97,0.6));
#18844=CARTESIAN_POINT('',(-0.621185185185,6.97,0.6));
#18845=CARTESIAN_POINT('',(-1.921185185185,6.97,0.6));
#18846=CARTESIAN_POINT('',(-0.621185185185,6.97,0.6));
#18847=CARTESIAN_POINT('',(-1.92,6.97,3.5));
#18848=CARTESIAN_POINT('Origin',(1.27,7.62,0.4));
#18849=CARTESIAN_POINT('',(1.92,7.87,0.4));
#18850=CARTESIAN_POINT('',(1.92,7.87,0.4));
#18851=CARTESIAN_POINT('',(1.92,8.27,0.4));
#18852=CARTESIAN_POINT('',(1.92,6.97,0.4));
#18853=CARTESIAN_POINT('',(1.92,8.27,0.4));
#18854=CARTESIAN_POINT('Origin',(1.721185185185,8.07,0.6));
#18855=CARTESIAN_POINT('',(1.721185185185,8.07,0.6));
#18856=CARTESIAN_POINT('',(1.721185185185,8.07,3.5));
#18857=CARTESIAN_POINT('',(1.721185185185,8.07,0.6));
#18858=CARTESIAN_POINT('',(1.721185185185,7.87,0.6));
#18859=CARTESIAN_POINT('',(1.721185185185,8.07,0.6));
#18860=CARTESIAN_POINT('',(1.721185185185,7.87,0.2));
#18861=CARTESIAN_POINT('',(1.721185185185,7.87,0.2));
#18862=CARTESIAN_POINT('',(1.721185185185,7.37,0.6));
#18863=CARTESIAN_POINT('',(1.721185185185,7.37,0.2));
#18864=CARTESIAN_POINT('',(1.721185185185,7.17,0.6));
#18865=CARTESIAN_POINT('',(1.721185185185,8.07,0.6));
#18866=CARTESIAN_POINT('',(1.721185185185,7.17,3.5));
#18867=CARTESIAN_POINT('',(1.721185185185,7.17,0.6));
#18868=CARTESIAN_POINT('',(1.721185185185,8.07,3.5));
#18869=CARTESIAN_POINT('Origin',(2.607671077239,7.62,0.));
#18870=CARTESIAN_POINT('',(1.72,7.87,0.));
#18871=CARTESIAN_POINT('',(1.92,8.89,3.451266460342E-31));
#18872=CARTESIAN_POINT('Origin',(1.72,7.87,0.));
#18873=CARTESIAN_POINT('',(1.72,7.87,0.2));
#18874=CARTESIAN_POINT('Origin',(1.27,7.62,3.5));
#18875=CARTESIAN_POINT('',(0.619,8.271,3.5));
#18876=CARTESIAN_POINT('',(0.619,6.969,3.5));
#18877=CARTESIAN_POINT('',(0.619,8.47,3.5));
#18878=CARTESIAN_POINT('',(1.921,6.969,3.5));
#18879=CARTESIAN_POINT('',(0.42,6.969,3.5));
#18880=CARTESIAN_POINT('',(1.921,6.97,3.5));
#18881=CARTESIAN_POINT('',(1.921,6.77,3.5));
#18882=CARTESIAN_POINT('',(1.92,6.97,3.5));
#18883=CARTESIAN_POINT('',(0.621185185185,6.97,3.5));
#18884=CARTESIAN_POINT('',(0.621185185185,6.97,3.5));
#18885=CARTESIAN_POINT('',(0.62,6.97,3.5));
#18886=CARTESIAN_POINT('',(0.62,6.97,3.5));
#18887=CARTESIAN_POINT('',(0.621185185185,8.27,3.5));
#18888=CARTESIAN_POINT('',(1.92,8.27,3.5));
#18889=CARTESIAN_POINT('',(1.92,8.27,3.5));
#18890=CARTESIAN_POINT('',(1.92,8.27,3.5));
#18891=CARTESIAN_POINT('',(1.921,8.27,3.5));
#18892=CARTESIAN_POINT('',(1.921185185185,8.27,3.5));
#18893=CARTESIAN_POINT('',(1.921,8.271,3.5));
#18894=CARTESIAN_POINT('',(1.921,6.77,3.5));
#18895=CARTESIAN_POINT('',(2.12,8.271,3.5));
#18896=CARTESIAN_POINT('Origin',(0.62,6.97,3.5));
#18897=CARTESIAN_POINT('',(0.621185185185,6.97,0.6));
#18898=CARTESIAN_POINT('',(0.621185185185,6.97,0.6));
#18899=CARTESIAN_POINT('',(1.92,6.97,0.6));
#18900=CARTESIAN_POINT('',(0.621185185185,6.97,0.6));
#18901=CARTESIAN_POINT('',(1.92,6.97,0.4));
#18902=CARTESIAN_POINT('',(1.92,6.97,3.5));
#18903=CARTESIAN_POINT('',(0.62,6.97,0.4));
#18904=CARTESIAN_POINT('Origin',(1.27,7.62,0.4));
#18905=CARTESIAN_POINT('',(1.92,7.37,0.4));
#18906=CARTESIAN_POINT('',(1.92,6.97,0.4));
#18907=CARTESIAN_POINT('',(0.62,7.37,0.4));
#18908=CARTESIAN_POINT('Origin',(1.92,8.27,3.5));
#18909=CARTESIAN_POINT('',(1.92,8.27,0.6));
#18910=CARTESIAN_POINT('',(0.621185185185,8.27,0.6));
#18911=CARTESIAN_POINT('',(1.921185185185,8.27,0.6));
#18912=CARTESIAN_POINT('',(0.621185185185,8.27,0.6));
#18913=CARTESIAN_POINT('',(1.92,8.27,3.5));
#18914=CARTESIAN_POINT('Origin',(0.,1.27,0.));
#18915=CARTESIAN_POINT('',(2.5,-6.35,0.));
#18916=CARTESIAN_POINT('Origin',(2.607671077239,7.62,0.));
#18917=CARTESIAN_POINT('',(3.6,7.67,0.));
#18918=CARTESIAN_POINT('',(3.6,7.67,0.));
#18919=CARTESIAN_POINT('',(3.6,7.57,0.));
#18920=CARTESIAN_POINT('',(3.6,7.57,0.));
#18921=CARTESIAN_POINT('',(3.4,7.37,0.));
#18922=CARTESIAN_POINT('Origin',(3.4,7.37,0.));
#18923=CARTESIAN_POINT('',(3.6,7.57,0.));
#18924=CARTESIAN_POINT('Origin',(3.6,7.67,0.));
#18925=CARTESIAN_POINT('',(3.6,7.67,0.));
#18926=CARTESIAN_POINT('Origin',(3.6,7.57,0.));
#18927=CARTESIAN_POINT('Origin',(-0.42,8.3705,3.5995));
#18928=CARTESIAN_POINT('',(-0.769666666667,8.120333333333,3.349333333333));
#18929=CARTESIAN_POINT('',(-1.770333333333,8.120333333333,3.349333333333));
#18930=CARTESIAN_POINT('Origin',(-2.0205,8.47,3.5995));
#18931=CARTESIAN_POINT('',(-1.770333333333,7.119666666667,3.349333333333));
#18932=CARTESIAN_POINT('',(-1.921,8.47,3.5));
#18933=CARTESIAN_POINT('Origin',(-2.12,6.8695,3.5995));
#18934=CARTESIAN_POINT('',(-0.769666666667,7.119666666667,3.349333333333));
#18935=CARTESIAN_POINT('Origin',(-0.5195,6.77,3.5995));
#18936=CARTESIAN_POINT('Origin',(0.42,6.8695,3.5995));
#18937=CARTESIAN_POINT('',(0.769666666667,7.119666666667,3.349333333333));
#18938=CARTESIAN_POINT('',(1.770333333333,7.119666666667,3.349333333333));
#18939=CARTESIAN_POINT('Origin',(2.0205,6.77,3.5995));
#18940=CARTESIAN_POINT('',(1.770333333333,8.120333333333,3.349333333333));
#18941=CARTESIAN_POINT('',(1.921,6.77,3.5));
#18942=CARTESIAN_POINT('Origin',(2.12,8.3705,3.5995));
#18943=CARTESIAN_POINT('',(0.769666666667,8.120333333333,3.349333333333));
#18944=CARTESIAN_POINT('Origin',(0.5195,8.47,3.5995));
#18945=CARTESIAN_POINT('Origin',(0.,1.27,0.));
#18946=CARTESIAN_POINT('',(-2.5,8.89,0.));
#18947=CARTESIAN_POINT('Origin',(-2.607671077239,7.62,0.));
#18948=CARTESIAN_POINT('',(-3.6,7.57,0.));
#18949=CARTESIAN_POINT('',(-3.6,7.57,0.));
#18950=CARTESIAN_POINT('',(-3.6,7.67,0.));
#18951=CARTESIAN_POINT('',(-3.6,7.67,0.));
#18952=CARTESIAN_POINT('',(-3.4,7.87,0.));
#18953=CARTESIAN_POINT('Origin',(-3.4,7.87,0.));
#18954=CARTESIAN_POINT('',(-3.6,7.67,0.));
#18955=CARTESIAN_POINT('Origin',(-3.6,7.57,0.));
#18956=CARTESIAN_POINT('',(-3.6,7.57,0.));
#18957=CARTESIAN_POINT('Origin',(-3.6,7.67,0.));
#18958=CARTESIAN_POINT('Origin',(-1.92,8.89,3.451266460342E-31));
#18959=CARTESIAN_POINT('',(-1.92,7.37,0.6));
#18960=CARTESIAN_POINT('',(-1.92,7.37,1.725633230171E-31));
#18961=CARTESIAN_POINT('',(-1.92,8.255,0.6));
#18962=CARTESIAN_POINT('Origin',(-3.4,7.37,0.));
#18963=CARTESIAN_POINT('',(-1.921185185185,7.37,0.6));
#18964=CARTESIAN_POINT('Origin',(-0.621185185185,7.17,0.6));
#18965=CARTESIAN_POINT('',(-0.621185185185,7.17,0.6));
#18966=CARTESIAN_POINT('',(-0.621185185185,7.17,3.5));
#18967=CARTESIAN_POINT('',(-0.621185185185,7.17,0.6));
#18968=CARTESIAN_POINT('',(-0.621185185185,7.17,0.6));
#18969=CARTESIAN_POINT('',(-0.621185185185,7.17,3.5));
#18970=CARTESIAN_POINT('Origin',(-1.375239239239,7.62,3.5));
#18971=CARTESIAN_POINT('',(-0.621185185185,8.07,3.5));
#18972=CARTESIAN_POINT('',(-1.721185185185,8.07,3.5));
#18973=CARTESIAN_POINT('',(-0.621185185185,8.07,3.5));
#18974=CARTESIAN_POINT('',(-1.92,8.27,3.5));
#18975=CARTESIAN_POINT('',(-0.621185185185,6.97,3.5));
#18976=CARTESIAN_POINT('Origin',(-1.721185185185,8.07,0.6));
#18977=CARTESIAN_POINT('',(-0.621185185185,8.07,0.6));
#18978=CARTESIAN_POINT('',(-1.721185185185,8.07,0.6));
#18979=CARTESIAN_POINT('',(-0.621185185185,8.07,0.6));
#18980=CARTESIAN_POINT('Origin',(-1.375239239239,7.62,0.6));
#18981=CARTESIAN_POINT('',(-1.92,7.87,0.6));
#18982=CARTESIAN_POINT('',(-1.721185185185,7.87,0.6));
#18983=CARTESIAN_POINT('',(-1.92,8.255,0.6));
#18984=CARTESIAN_POINT('',(-0.621185185185,8.07,0.6));
#18985=CARTESIAN_POINT('Origin',(-1.72,7.87,0.));
#18986=CARTESIAN_POINT('',(-1.92,7.87,1.725633230171E-31));
#18987=CARTESIAN_POINT('Origin',(-2.607671077239,7.62,0.2));
#18988=CARTESIAN_POINT('Origin',(-1.375239239239,7.62,0.6));
#18989=CARTESIAN_POINT('',(-0.621185185185,6.97,0.6));
#18990=CARTESIAN_POINT('Origin',(-1.27,7.62,3.5));
#18991=CARTESIAN_POINT('Origin',(-0.621185185185,8.07,0.6));
#18992=CARTESIAN_POINT('Origin',(-1.92,8.89,3.451266460342E-31));
#18993=CARTESIAN_POINT('Origin',(-0.621185185185,6.97,0.6));
#18994=CARTESIAN_POINT('Origin',(1.92,-6.35,3.451266460342E-31));
#18995=CARTESIAN_POINT('',(1.92,7.87,0.6));
#18996=CARTESIAN_POINT('',(1.92,7.87,1.725633230171E-31));
#18997=CARTESIAN_POINT('',(1.92,0.635,0.6));
#18998=CARTESIAN_POINT('Origin',(3.4,7.87,0.));
#18999=CARTESIAN_POINT('',(1.921185185185,7.87,0.6));
#19000=CARTESIAN_POINT('Origin',(0.621185185185,8.07,0.6));
#19001=CARTESIAN_POINT('',(0.621185185185,8.07,0.6));
#19002=CARTESIAN_POINT('',(0.621185185185,8.07,3.5));
#19003=CARTESIAN_POINT('',(0.621185185185,8.07,0.6));
#19004=CARTESIAN_POINT('',(0.621185185185,8.07,0.6));
#19005=CARTESIAN_POINT('',(0.621185185185,8.07,3.5));
#19006=CARTESIAN_POINT('Origin',(1.375239239239,7.62,3.5));
#19007=CARTESIAN_POINT('',(0.621185185185,7.17,3.5));
#19008=CARTESIAN_POINT('',(1.721185185185,7.17,3.5));
#19009=CARTESIAN_POINT('',(0.621185185185,7.17,3.5));
#19010=CARTESIAN_POINT('',(1.92,6.97,3.5));
#19011=CARTESIAN_POINT('',(0.621185185185,8.27,3.5));
#19012=CARTESIAN_POINT('Origin',(1.721185185185,7.17,0.6));
#19013=CARTESIAN_POINT('',(0.621185185185,7.17,0.6));
#19014=CARTESIAN_POINT('',(1.721185185185,7.17,0.6));
#19015=CARTESIAN_POINT('',(0.621185185185,7.17,0.6));
#19016=CARTESIAN_POINT('Origin',(1.375239239239,7.62,0.6));
#19017=CARTESIAN_POINT('',(1.92,7.37,0.6));
#19018=CARTESIAN_POINT('',(1.721185185185,7.37,0.6));
#19019=CARTESIAN_POINT('',(1.92,0.635,0.6));
#19020=CARTESIAN_POINT('',(0.621185185185,7.17,0.6));
#19021=CARTESIAN_POINT('Origin',(1.72,7.37,0.));
#19022=CARTESIAN_POINT('',(1.92,7.37,1.725633230171E-31));
#19023=CARTESIAN_POINT('Origin',(2.607671077239,7.62,0.2));
#19024=CARTESIAN_POINT('Origin',(1.375239239239,7.62,0.6));
#19025=CARTESIAN_POINT('',(0.621185185185,8.27,0.6));
#19026=CARTESIAN_POINT('Origin',(1.27,7.62,3.5));
#19027=CARTESIAN_POINT('Origin',(0.621185185185,7.17,0.6));
#19028=CARTESIAN_POINT('Origin',(1.92,-6.35,3.451266460342E-31));
#19029=CARTESIAN_POINT('Origin',(0.621185185185,8.27,0.6));
#19030=UNCERTAINTY_MEASURE_WITH_UNIT(LENGTH_MEASURE(0.01),#19034,
'DISTANCE_ACCURACY_VALUE',
'Maximum model space distance between geometric entities at asserted c
onnectivities');
#19031=UNCERTAINTY_MEASURE_WITH_UNIT(LENGTH_MEASURE(0.01),#19034,
'DISTANCE_ACCURACY_VALUE',
'Maximum model space distance between geometric entities at asserted c
onnectivities');
#19032=(
GEOMETRIC_REPRESENTATION_CONTEXT(3)
GLOBAL_UNCERTAINTY_ASSIGNED_CONTEXT((#19030))
GLOBAL_UNIT_ASSIGNED_CONTEXT((#19034,#19036,#19037))
REPRESENTATION_CONTEXT('','3D')
);
#19033=(
GEOMETRIC_REPRESENTATION_CONTEXT(3)
GLOBAL_UNCERTAINTY_ASSIGNED_CONTEXT((#19031))
GLOBAL_UNIT_ASSIGNED_CONTEXT((#19034,#19036,#19037))
REPRESENTATION_CONTEXT('','3D')
);
#19034=(
LENGTH_UNIT()
NAMED_UNIT(*)
SI_UNIT(.MILLI.,.METRE.)
);
#19035=(
LENGTH_UNIT()
NAMED_UNIT(*)
SI_UNIT($,.METRE.)
);
#19036=(
NAMED_UNIT(*)
PLANE_ANGLE_UNIT()
SI_UNIT($,.RADIAN.)
);
#19037=(
NAMED_UNIT(*)
SI_UNIT($,.STERADIAN.)
SOLID_ANGLE_UNIT()
);
#19038=SHAPE_DEFINITION_REPRESENTATION(#19039,#19040);
#19039=PRODUCT_DEFINITION_SHAPE('',$,#19042);
#19040=SHAPE_REPRESENTATION('',(#12202),#19032);
#19041=PRODUCT_DEFINITION_CONTEXT('part definition',#19046,'design');
#19042=PRODUCT_DEFINITION(
'Wuerth_WR-PHD_610012243021_SMD_2x06_P2.54mm_Vertical','(Sin guardar)',
#19043,#19041);
#19043=PRODUCT_DEFINITION_FORMATION('',$,#19048);
#19044=PRODUCT_RELATED_PRODUCT_CATEGORY('(Sin guardar)','(Sin guardar)',
(#19048));
#19045=APPLICATION_PROTOCOL_DEFINITION('international standard',
'automotive_design',2009,#19046);
#19046=APPLICATION_CONTEXT(
'Core Data for Automotive Mechanical Design Process');
#19047=PRODUCT_CONTEXT('part definition',#19046,'mechanical');
#19048=PRODUCT('Wuerth_WR-PHD_610012243021_SMD_2x06_P2.54mm_Vertical',
'(Sin guardar)',
'model of Wuerth_WR-PHD_610012243021_SMD_2x06_P2.54mm_Vertical',(#19047));
#19049=PRESENTATION_STYLE_ASSIGNMENT((#19052));
#19050=PRESENTATION_STYLE_ASSIGNMENT((#19053));
#19051=PRESENTATION_STYLE_ASSIGNMENT((#19054));
#19052=SURFACE_STYLE_USAGE(.BOTH.,#19055);
#19053=SURFACE_STYLE_USAGE(.BOTH.,#19056);
#19054=SURFACE_STYLE_USAGE(.BOTH.,#19057);
#19055=SURFACE_SIDE_STYLE('',(#19058));
#19056=SURFACE_SIDE_STYLE('',(#19059));
#19057=SURFACE_SIDE_STYLE('',(#19060));
#19058=SURFACE_STYLE_FILL_AREA(#19061);
#19059=SURFACE_STYLE_FILL_AREA(#19062);
#19060=SURFACE_STYLE_FILL_AREA(#19063);
#19061=FILL_AREA_STYLE('Acero - Satinado',(#19064));
#19062=FILL_AREA_STYLE('Pl\X\E1stico - Mate (negro)',(#19065));
#19063=FILL_AREA_STYLE('Opaque(219,188,126)',(#19066));
#19064=FILL_AREA_STYLE_COLOUR('Acero - Satinado',#19067);
#19065=FILL_AREA_STYLE_COLOUR('Pl\X\E1stico - Mate (negro)',#19068);
#19066=FILL_AREA_STYLE_COLOUR('Opaque(219,188,126)',#19069);
#19067=COLOUR_RGB('Acero - Satinado',0.627450980392157,0.627450980392157,
0.627450980392157);
#19068=COLOUR_RGB('Pl\X\E1stico - Mate (negro)',0.0980392156862745,0.0980392156862745,
0.0980392156862745);
#19069=COLOUR_RGB('Opaque(219,188,126)',0.858823529411765,0.737254901960784,
0.494117647058824);
ENDSEC;
END-ISO-10303-21;
