ISO-10303-21;
HEADER;
/* Generated by software containing ST-Developer
 * from STEP Tools, Inc. (www.steptools.com) 
 */

FILE_DESCRIPTION(
/* description */ (''),
/* implementation_level */ '2;1');

FILE_NAME(
/* name */ '1590LB_HALF.step',
/* time_stamp */ '2026-04-30T19:42:25+09:00',
/* author */ (''),
/* organization */ (''),
/* preprocessor_version */ 'ST-DEVELOPER v20.1',
/* originating_system */ 'Autodesk Translation Framework v15.8.0.0',
/* authorisation */ '');

FILE_SCHEMA (('AUTOMOTIVE_DESIGN { 1 0 10303 214 3 1 1 }'));
ENDSEC;

DATA;
#10=MECHANICAL_DESIGN_GEOMETRIC_PRESENTATION_REPRESENTATION('',(#58,#59,
#60),#7399);
#11=ITEM_DEFINED_TRANSFORMATION($,$,#3988,#4266);
#12=ITEM_DEFINED_TRANSFORMATION($,$,#4126,#4267);
#13=ITEM_DEFINED_TRANSFORMATION($,$,#4229,#4268);
#14=ITEM_DEFINED_TRANSFORMATION($,$,#4229,#4269);
#15=(
REPRESENTATION_RELATIONSHIP($,$,#7417,#7416)
REPRESENTATION_RELATIONSHIP_WITH_TRANSFORMATION(#11)
SHAPE_REPRESENTATION_RELATIONSHIP()
);
#16=(
REPRESENTATION_RELATIONSHIP($,$,#7418,#7416)
REPRESENTATION_RELATIONSHIP_WITH_TRANSFORMATION(#12)
SHAPE_REPRESENTATION_RELATIONSHIP()
);
#17=(
REPRESENTATION_RELATIONSHIP($,$,#7419,#7416)
REPRESENTATION_RELATIONSHIP_WITH_TRANSFORMATION(#13)
SHAPE_REPRESENTATION_RELATIONSHIP()
);
#18=(
REPRESENTATION_RELATIONSHIP($,$,#7419,#7416)
REPRESENTATION_RELATIONSHIP_WITH_TRANSFORMATION(#14)
SHAPE_REPRESENTATION_RELATIONSHIP()
);
#19=CONTEXT_DEPENDENT_SHAPE_REPRESENTATION(#15,#7412);
#20=CONTEXT_DEPENDENT_SHAPE_REPRESENTATION(#16,#7413);
#21=CONTEXT_DEPENDENT_SHAPE_REPRESENTATION(#17,#7414);
#22=CONTEXT_DEPENDENT_SHAPE_REPRESENTATION(#18,#7415);
#23=NEXT_ASSEMBLY_USAGE_OCCURRENCE('1590LB Box:1','1590LB Box:1',
'1590LB Box:1',#7421,#7422,'1590LB Box:1');
#24=NEXT_ASSEMBLY_USAGE_OCCURRENCE('1590LB-LLB Lid:1',
'1590LB-LLB Lid:1','1590LB-LLB Lid:1',#7421,#7423,'1590LB-LLB Lid:1');
#25=NEXT_ASSEMBLY_USAGE_OCCURRENCE('SC530 (screw #6-32X 1_2'''' FH):1',
'SC530 (screw #6-32X 1_2'''' FH):1','SC530 (screw #6-32X 1_2'''' FH):1',
#7421,#7424,'SC530 (screw #6-32X 1_2'''' FH):1');
#26=NEXT_ASSEMBLY_USAGE_OCCURRENCE('SC530 (screw #6-32X 1_2'''' FH):2',
'SC530 (screw #6-32X 1_2'''' FH):2','SC530 (screw #6-32X 1_2'''' FH):2',
#7421,#7424,'SC530 (screw #6-32X 1_2'''' FH):2');
#27=TOROIDAL_SURFACE('',#4203,0.618200904068254,0.4);
#28=TOROIDAL_SURFACE('',#4205,5.88179841128141,0.4);
#29=TOROIDAL_SURFACE('',#4207,0.618200904068254,0.4);
#30=TOROIDAL_SURFACE('',#4211,0.618200904068254,0.4);
#31=TOROIDAL_SURFACE('',#4213,5.8817984112814,0.4);
#32=TOROIDAL_SURFACE('',#4215,0.618200904068254,0.4);
#33=CONICAL_SURFACE('',#4140,2.5,0.0226892802759263);
#34=CONICAL_SURFACE('',#4143,2.5,0.0226892802759263);
#35=CONICAL_SURFACE('',#4145,4.,0.0226892802759263);
#36=CONICAL_SURFACE('',#4147,2.5,0.0226892802759263);
#37=CONICAL_SURFACE('',#4150,2.5,0.0226892802759263);
#38=CONICAL_SURFACE('',#4152,4.,0.0226892802759263);
#39=CONICAL_SURFACE('',#4156,1.09999931534967,0.0226892802759263);
#40=CONICAL_SURFACE('',#4158,5.4,0.0226892802759263);
#41=CONICAL_SURFACE('',#4160,1.09999931534967,0.0226892802759263);
#42=CONICAL_SURFACE('',#4179,2.725,0.715584993317675);
#43=CONICAL_SURFACE('',#4184,2.725,0.715584993317675);
#44=CONICAL_SURFACE('',#4194,1.09999931534967,0.0226892802759263);
#45=CONICAL_SURFACE('',#4196,5.39999999999999,0.0226892802759263);
#46=CONICAL_SURFACE('',#4198,1.09999931534967,0.0226892802759263);
#47=CONICAL_SURFACE('',#4232,1.80340000002629,0.174532925199433);
#48=CONICAL_SURFACE('',#4239,1.80340000002629,0.174532925199433);
#49=CONICAL_SURFACE('',#4246,1.80340000002629,0.174532925199433);
#50=CONICAL_SURFACE('',#4256,1.80340000002629,0.174532925199433);
#51=CONICAL_SURFACE('',#4265,2.55905,0.614865299147248);
#52=SHAPE_REPRESENTATION_RELATIONSHIP('SRR','None',#7417,#55);
#53=SHAPE_REPRESENTATION_RELATIONSHIP('SRR','None',#7418,#56);
#54=SHAPE_REPRESENTATION_RELATIONSHIP('SRR','None',#7419,#57);
#55=ADVANCED_BREP_SHAPE_REPRESENTATION('',(#61),#7396);
#56=ADVANCED_BREP_SHAPE_REPRESENTATION('',(#62),#7397);
#57=ADVANCED_BREP_SHAPE_REPRESENTATION('',(#63),#7398);
#58=STYLED_ITEM('',(#7440),#61);
#59=STYLED_ITEM('',(#7440),#62);
#60=STYLED_ITEM('',(#7441),#63);
#61=MANIFOLD_SOLID_BREP('Cuerpo1',#3950);
#62=MANIFOLD_SOLID_BREP('Cuerpo1',#3951);
#63=MANIFOLD_SOLID_BREP('Cuerpo1',#3952);
#64=SPHERICAL_SURFACE('',#4113,0.500000000000002);
#65=SPHERICAL_SURFACE('',#4114,0.5);
#66=SPHERICAL_SURFACE('',#4115,0.5);
#67=SPHERICAL_SURFACE('',#4116,0.5);
#68=FACE_BOUND('',#705,.T.);
#69=FACE_BOUND('',#710,.T.);
#70=FACE_BOUND('',#734,.T.);
#71=FACE_BOUND('',#757,.T.);
#72=FACE_BOUND('',#816,.T.);
#73=FACE_BOUND('',#817,.T.);
#74=FACE_BOUND('',#819,.T.);
#75=FACE_BOUND('',#820,.T.);
#76=FACE_BOUND('',#821,.T.);
#77=FACE_BOUND('',#822,.T.);
#78=FACE_BOUND('',#823,.T.);
#79=FACE_BOUND('',#824,.T.);
#80=FACE_BOUND('',#852,.T.);
#81=FACE_BOUND('',#853,.T.);
#82=FACE_BOUND('',#898,.T.);
#83=FACE_BOUND('',#899,.T.);
#84=FACE_BOUND('',#903,.T.);
#85=FACE_BOUND('',#904,.T.);
#86=FACE_BOUND('',#924,.T.);
#87=B_SPLINE_CURVE_WITH_KNOTS('',2,(#5270,#5271,#5272,#5273),
 .UNSPECIFIED.,.F.,.F.,(3,1,3),(0.,1.,2.),.UNSPECIFIED.);
#88=B_SPLINE_CURVE_WITH_KNOTS('',2,(#5275,#5276,#5277,#5278),
 .UNSPECIFIED.,.F.,.F.,(3,1,3),(0.,1.,2.),.UNSPECIFIED.);
#89=B_SPLINE_CURVE_WITH_KNOTS('',2,(#5280,#5281,#5282,#5283),
 .UNSPECIFIED.,.F.,.F.,(3,1,3),(0.,1.,2.),.UNSPECIFIED.);
#90=B_SPLINE_CURVE_WITH_KNOTS('',2,(#5285,#5286,#5287,#5288),
 .UNSPECIFIED.,.F.,.F.,(3,1,3),(0.,1.,2.),.UNSPECIFIED.);
#91=B_SPLINE_CURVE_WITH_KNOTS('',2,(#5336,#5337,#5338,#5339),
 .UNSPECIFIED.,.F.,.F.,(3,1,3),(0.,1.,2.),.UNSPECIFIED.);
#92=B_SPLINE_CURVE_WITH_KNOTS('',2,(#5341,#5342,#5343,#5344),
 .UNSPECIFIED.,.F.,.F.,(3,1,3),(0.,1.,2.),.UNSPECIFIED.);
#93=B_SPLINE_CURVE_WITH_KNOTS('',2,(#5346,#5347,#5348,#5349),
 .UNSPECIFIED.,.F.,.F.,(3,1,3),(0.,1.,2.),.UNSPECIFIED.);
#94=B_SPLINE_CURVE_WITH_KNOTS('',2,(#5351,#5352,#5353,#5354),
 .UNSPECIFIED.,.F.,.F.,(3,1,3),(0.,1.,2.),.UNSPECIFIED.);
#95=B_SPLINE_CURVE_WITH_KNOTS('',2,(#5359,#5360,#5361,#5362),
 .UNSPECIFIED.,.F.,.F.,(3,1,3),(0.,1.,2.),.UNSPECIFIED.);
#96=B_SPLINE_CURVE_WITH_KNOTS('',2,(#5364,#5365,#5366,#5367),
 .UNSPECIFIED.,.F.,.F.,(3,1,3),(0.,1.,2.),.UNSPECIFIED.);
#97=B_SPLINE_CURVE_WITH_KNOTS('',2,(#5369,#5370,#5371,#5372),
 .UNSPECIFIED.,.F.,.F.,(3,1,3),(0.,1.,2.),.UNSPECIFIED.);
#98=B_SPLINE_CURVE_WITH_KNOTS('',2,(#5374,#5375,#5376,#5377),
 .UNSPECIFIED.,.F.,.F.,(3,1,3),(0.,1.,2.),.UNSPECIFIED.);
#99=B_SPLINE_CURVE_WITH_KNOTS('',2,(#5379,#5380,#5381,#5382),
 .UNSPECIFIED.,.F.,.F.,(3,1,3),(0.,1.,2.),.UNSPECIFIED.);
#100=B_SPLINE_CURVE_WITH_KNOTS('',2,(#5384,#5385,#5386,#5387),
 .UNSPECIFIED.,.F.,.F.,(3,1,3),(0.,1.,2.),.UNSPECIFIED.);
#101=B_SPLINE_CURVE_WITH_KNOTS('',2,(#5388,#5389,#5390,#5391),
 .UNSPECIFIED.,.F.,.F.,(3,1,3),(0.,1.,2.),.UNSPECIFIED.);
#102=B_SPLINE_CURVE_WITH_KNOTS('',2,(#5395,#5396,#5397,#5398),
 .UNSPECIFIED.,.F.,.F.,(3,1,3),(0.,1.,2.),.UNSPECIFIED.);
#103=B_SPLINE_CURVE_WITH_KNOTS('',2,(#5400,#5401,#5402,#5403),
 .UNSPECIFIED.,.F.,.F.,(3,1,3),(0.,1.,2.),.UNSPECIFIED.);
#104=B_SPLINE_CURVE_WITH_KNOTS('',2,(#5405,#5406,#5407,#5408),
 .UNSPECIFIED.,.F.,.F.,(3,1,3),(0.,1.,2.),.UNSPECIFIED.);
#105=B_SPLINE_CURVE_WITH_KNOTS('',2,(#5410,#5411,#5412,#5413),
 .UNSPECIFIED.,.F.,.F.,(3,1,3),(0.,1.,2.),.UNSPECIFIED.);
#106=B_SPLINE_CURVE_WITH_KNOTS('',2,(#5415,#5416,#5417,#5418),
 .UNSPECIFIED.,.F.,.F.,(3,1,3),(0.,1.,2.),.UNSPECIFIED.);
#107=B_SPLINE_CURVE_WITH_KNOTS('',2,(#5420,#5421,#5422,#5423),
 .UNSPECIFIED.,.F.,.F.,(3,1,3),(0.,1.,2.),.UNSPECIFIED.);
#108=B_SPLINE_CURVE_WITH_KNOTS('',2,(#5425,#5426,#5427,#5428),
 .UNSPECIFIED.,.F.,.F.,(3,1,3),(0.,1.,2.),.UNSPECIFIED.);
#109=B_SPLINE_CURVE_WITH_KNOTS('',2,(#5429,#5430,#5431,#5432),
 .UNSPECIFIED.,.F.,.F.,(3,1,3),(0.,1.,2.),.UNSPECIFIED.);
#110=B_SPLINE_CURVE_WITH_KNOTS('',3,(#5480,#5481,#5482,#5483,#5484,#5485),
 .UNSPECIFIED.,.F.,.F.,(4,2,4),(-0.10960915215396,-0.05480457607698,0.),
 .UNSPECIFIED.);
#111=B_SPLINE_CURVE_WITH_KNOTS('',2,(#5489,#5490,#5491,#5492),
 .UNSPECIFIED.,.F.,.F.,(3,1,3),(0.,1.,2.),.UNSPECIFIED.);
#112=B_SPLINE_CURVE_WITH_KNOTS('',3,(#5503,#5504,#5505,#5506,#5507,#5508),
 .UNSPECIFIED.,.F.,.F.,(4,2,4),(-0.180619355535929,-0.0903096777679645,
0.),.UNSPECIFIED.);
#113=B_SPLINE_CURVE_WITH_KNOTS('',2,(#5510,#5511,#5512,#5513),
 .UNSPECIFIED.,.F.,.F.,(3,1,3),(0.,1.,2.),.UNSPECIFIED.);
#114=B_SPLINE_CURVE_WITH_KNOTS('',3,(#5525,#5526,#5527,#5528,#5529,#5530),
 .UNSPECIFIED.,.F.,.F.,(4,2,4),(-0.0420218469444764,-0.0210109234722382,
0.),.UNSPECIFIED.);
#115=B_SPLINE_CURVE_WITH_KNOTS('',3,(#5542,#5543,#5544,#5545,#5546,#5547),
 .UNSPECIFIED.,.F.,.F.,(4,2,4),(-0.0498383442168281,-0.0249191721084141,
0.),.UNSPECIFIED.);
#116=B_SPLINE_CURVE_WITH_KNOTS('',3,(#5558,#5559,#5560,#5561,#5562,#5563),
 .UNSPECIFIED.,.F.,.F.,(4,2,4),(-0.0603392983246189,-0.0301696491623094,
0.),.UNSPECIFIED.);
#117=B_SPLINE_CURVE_WITH_KNOTS('',3,(#5574,#5575,#5576,#5577,#5578,#5579),
 .UNSPECIFIED.,.F.,.F.,(4,2,4),(-0.0310818342086913,-0.0155409171043457,
0.),.UNSPECIFIED.);
#118=B_SPLINE_CURVE_WITH_KNOTS('',3,(#5590,#5591,#5592,#5593,#5594,#5595),
 .UNSPECIFIED.,.F.,.F.,(4,2,4),(-0.116907463390466,-0.0584537316952332,
0.),.UNSPECIFIED.);
#119=B_SPLINE_CURVE_WITH_KNOTS('',2,(#5597,#5598,#5599,#5600),
 .UNSPECIFIED.,.F.,.F.,(3,1,3),(0.,1.,2.),.UNSPECIFIED.);
#120=B_SPLINE_CURVE_WITH_KNOTS('',3,(#5610,#5611,#5612,#5613,#5614,#5615),
 .UNSPECIFIED.,.F.,.F.,(4,2,4),(-0.179435746444811,-0.0897178732224054,
0.),.UNSPECIFIED.);
#121=B_SPLINE_CURVE_WITH_KNOTS('',2,(#5616,#5617,#5618,#5619),
 .UNSPECIFIED.,.F.,.F.,(3,1,3),(0.,1.,2.),.UNSPECIFIED.);
#122=B_SPLINE_CURVE_WITH_KNOTS('',3,(#5629,#5630,#5631,#5632,#5633,#5634),
 .UNSPECIFIED.,.F.,.F.,(4,2,4),(-0.0314981757530003,-0.0157490878765001,
0.),.UNSPECIFIED.);
#123=B_SPLINE_CURVE_WITH_KNOTS('',3,(#5645,#5646,#5647,#5648,#5649,#5650),
 .UNSPECIFIED.,.F.,.F.,(4,2,4),(-0.0700891722422106,-0.0350445861211053,
0.),.UNSPECIFIED.);
#124=B_SPLINE_CURVE_WITH_KNOTS('',3,(#5661,#5662,#5663,#5664,#5665,#5666),
 .UNSPECIFIED.,.F.,.F.,(4,2,4),(-0.0467111704211195,-0.0233555852105597,
0.),.UNSPECIFIED.);
#125=B_SPLINE_CURVE_WITH_KNOTS('',3,(#5676,#5677,#5678,#5679,#5680,#5681),
 .UNSPECIFIED.,.F.,.F.,(4,2,4),(-0.0382169253368962,-0.0191084626684481,
0.),.UNSPECIFIED.);
#126=B_SPLINE_CURVE_WITH_KNOTS('',3,(#5707,#5708,#5709,#5710,#5711,#5712),
 .UNSPECIFIED.,.F.,.F.,(4,2,4),(-0.0734530842090398,-0.0367265421045199,
0.),.UNSPECIFIED.);
#127=B_SPLINE_CURVE_WITH_KNOTS('',2,(#5714,#5715,#5716,#5717),
 .UNSPECIFIED.,.F.,.F.,(3,1,3),(0.,1.,2.),.UNSPECIFIED.);
#128=B_SPLINE_CURVE_WITH_KNOTS('',3,(#5728,#5729,#5730,#5731,#5732,#5733),
 .UNSPECIFIED.,.F.,.F.,(4,2,4),(-0.0786679094297783,-0.0393339547148891,
0.),.UNSPECIFIED.);
#129=B_SPLINE_CURVE_WITH_KNOTS('',2,(#5735,#5736,#5737,#5738),
 .UNSPECIFIED.,.F.,.F.,(3,1,3),(0.,1.,2.),.UNSPECIFIED.);
#130=B_SPLINE_CURVE_WITH_KNOTS('',3,(#5749,#5750,#5751,#5752,#5753,#5754),
 .UNSPECIFIED.,.F.,.F.,(4,2,4),(-0.148952583789975,-0.0744762918949875,
0.),.UNSPECIFIED.);
#131=B_SPLINE_CURVE_WITH_KNOTS('',2,(#5756,#5757,#5758,#5759),
 .UNSPECIFIED.,.F.,.F.,(3,1,3),(0.,1.,2.),.UNSPECIFIED.);
#132=B_SPLINE_CURVE_WITH_KNOTS('',3,(#5770,#5771,#5772,#5773,#5774,#5775),
 .UNSPECIFIED.,.F.,.F.,(4,2,4),(-0.118438498328944,-0.059219249164472,0.),
 .UNSPECIFIED.);
#133=B_SPLINE_CURVE_WITH_KNOTS('',2,(#5777,#5778,#5779,#5780),
 .UNSPECIFIED.,.F.,.F.,(3,1,3),(0.,1.,2.),.UNSPECIFIED.);
#134=B_SPLINE_CURVE_WITH_KNOTS('',3,(#5791,#5792,#5793,#5794,#5795,#5796),
 .UNSPECIFIED.,.F.,.F.,(4,2,4),(-0.0887322237524639,-0.0443661118762319,
0.),.UNSPECIFIED.);
#135=B_SPLINE_CURVE_WITH_KNOTS('',2,(#5798,#5799,#5800,#5801),
 .UNSPECIFIED.,.F.,.F.,(3,1,3),(0.,1.,2.),.UNSPECIFIED.);
#136=B_SPLINE_CURVE_WITH_KNOTS('',3,(#5813,#5814,#5815,#5816,#5817,#5818),
 .UNSPECIFIED.,.F.,.F.,(4,2,4),(-0.0452533776935389,-0.0226266888467695,
0.),.UNSPECIFIED.);
#137=B_SPLINE_CURVE_WITH_KNOTS('',3,(#5830,#5831,#5832,#5833,#5834,#5835),
 .UNSPECIFIED.,.F.,.F.,(4,2,4),(-0.0331337372552294,-0.0165668686276147,
0.),.UNSPECIFIED.);
#138=B_SPLINE_CURVE_WITH_KNOTS('',3,(#5846,#5847,#5848,#5849,#5850,#5851),
 .UNSPECIFIED.,.F.,.F.,(4,2,4),(-0.0529554776430809,-0.0264777388215405,
0.),.UNSPECIFIED.);
#139=B_SPLINE_CURVE_WITH_KNOTS('',3,(#5862,#5863,#5864,#5865,#5866,#5867),
 .UNSPECIFIED.,.F.,.F.,(4,2,4),(-0.0424795991609769,-0.0212397995804885,
0.),.UNSPECIFIED.);
#140=B_SPLINE_CURVE_WITH_KNOTS('',2,(#5869,#5870,#5871,#5872),
 .UNSPECIFIED.,.F.,.F.,(3,1,3),(0.,1.,2.),.UNSPECIFIED.);
#141=B_SPLINE_CURVE_WITH_KNOTS('',3,(#5883,#5884,#5885,#5886,#5887,#5888),
 .UNSPECIFIED.,.F.,.F.,(4,2,4),(-0.111607598322643,-0.0558037991613215,
0.),.UNSPECIFIED.);
#142=B_SPLINE_CURVE_WITH_KNOTS('',2,(#5890,#5891,#5892,#5893),
 .UNSPECIFIED.,.F.,.F.,(3,1,3),(0.,1.,2.),.UNSPECIFIED.);
#143=B_SPLINE_CURVE_WITH_KNOTS('',3,(#5904,#5905,#5906,#5907,#5908,#5909),
 .UNSPECIFIED.,.F.,.F.,(4,2,4),(-0.0729181882389313,-0.0364590941194657,
0.),.UNSPECIFIED.);
#144=B_SPLINE_CURVE_WITH_KNOTS('',2,(#5911,#5912,#5913,#5914),
 .UNSPECIFIED.,.F.,.F.,(3,1,3),(0.,1.,2.),.UNSPECIFIED.);
#145=B_SPLINE_CURVE_WITH_KNOTS('',3,(#5925,#5926,#5927,#5928,#5929,#5930),
 .UNSPECIFIED.,.F.,.F.,(4,2,4),(-0.112650802510611,-0.0563254012553053,
0.),.UNSPECIFIED.);
#146=B_SPLINE_CURVE_WITH_KNOTS('',2,(#5932,#5933,#5934,#5935),
 .UNSPECIFIED.,.F.,.F.,(3,1,3),(0.,1.,2.),.UNSPECIFIED.);
#147=B_SPLINE_CURVE_WITH_KNOTS('',3,(#5946,#5947,#5948,#5949,#5950,#5951),
 .UNSPECIFIED.,.F.,.F.,(4,2,4),(-0.0777250673633772,-0.0388625336816886,
0.),.UNSPECIFIED.);
#148=B_SPLINE_CURVE_WITH_KNOTS('',2,(#5953,#5954,#5955,#5956),
 .UNSPECIFIED.,.F.,.F.,(3,1,3),(0.,1.,2.),.UNSPECIFIED.);
#149=B_SPLINE_CURVE_WITH_KNOTS('',3,(#5967,#5968,#5969,#5970,#5971,#5972),
 .UNSPECIFIED.,.F.,.F.,(4,2,4),(-0.0739562404296326,-0.0369781202148163,
0.),.UNSPECIFIED.);
#150=B_SPLINE_CURVE_WITH_KNOTS('',2,(#5974,#5975,#5976,#5977),
 .UNSPECIFIED.,.F.,.F.,(3,1,3),(0.,1.,2.),.UNSPECIFIED.);
#151=B_SPLINE_CURVE_WITH_KNOTS('',3,(#5987,#5988,#5989,#5990,#5991,#5992),
 .UNSPECIFIED.,.F.,.F.,(4,2,4),(-0.0190061225189921,-0.00950306125949607,
0.),.UNSPECIFIED.);
#152=B_SPLINE_CURVE_WITH_KNOTS('',2,(#5993,#5994,#5995,#5996),
 .UNSPECIFIED.,.F.,.F.,(3,1,3),(0.,1.,2.),.UNSPECIFIED.);
#153=B_SPLINE_CURVE_WITH_KNOTS('',3,(#6006,#6007,#6008,#6009,#6010,#6011),
 .UNSPECIFIED.,.F.,.F.,(4,2,4),(-0.00999374731523109,-0.00499687365761554,
0.),.UNSPECIFIED.);
#154=B_SPLINE_CURVE_WITH_KNOTS('',3,(#6022,#6023,#6024,#6025,#6026,#6027),
 .UNSPECIFIED.,.F.,.F.,(4,2,4),(-0.0325868259454378,-0.0162934129727189,
0.),.UNSPECIFIED.);
#155=B_SPLINE_CURVE_WITH_KNOTS('',3,(#6038,#6039,#6040,#6041,#6042,#6043),
 .UNSPECIFIED.,.F.,.F.,(4,2,4),(-0.0227536190830051,-0.0113768095415026,
0.),.UNSPECIFIED.);
#156=B_SPLINE_CURVE_WITH_KNOTS('',3,(#6053,#6054,#6055,#6056,#6057,#6058),
 .UNSPECIFIED.,.F.,.F.,(4,2,4),(-0.0342444397301874,-0.0171222198650937,
0.),.UNSPECIFIED.);
#157=B_SPLINE_CURVE_WITH_KNOTS('',3,(#6070,#6071,#6072,#6073,#6074,#6075),
 .UNSPECIFIED.,.F.,.F.,(4,2,4),(-0.0938468523225786,-0.0469234261612893,
0.),.UNSPECIFIED.);
#158=B_SPLINE_CURVE_WITH_KNOTS('',2,(#6079,#6080,#6081,#6082),
 .UNSPECIFIED.,.F.,.F.,(3,1,3),(0.,1.,2.),.UNSPECIFIED.);
#159=B_SPLINE_CURVE_WITH_KNOTS('',3,(#6093,#6094,#6095,#6096,#6097,#6098),
 .UNSPECIFIED.,.F.,.F.,(4,2,4),(-0.0323089673444516,-0.0161544836722258,
0.),.UNSPECIFIED.);
#160=B_SPLINE_CURVE_WITH_KNOTS('',2,(#6100,#6101,#6102,#6103),
 .UNSPECIFIED.,.F.,.F.,(3,1,3),(0.,1.,2.),.UNSPECIFIED.);
#161=B_SPLINE_CURVE_WITH_KNOTS('',3,(#6114,#6115,#6116,#6117,#6118,#6119),
 .UNSPECIFIED.,.F.,.F.,(4,2,4),(-0.0271939866848658,-0.0135969933424329,
0.),.UNSPECIFIED.);
#162=B_SPLINE_CURVE_WITH_KNOTS('',2,(#6121,#6122,#6123,#6124),
 .UNSPECIFIED.,.F.,.F.,(3,1,3),(0.,1.,2.),.UNSPECIFIED.);
#163=B_SPLINE_CURVE_WITH_KNOTS('',3,(#6135,#6136,#6137,#6138,#6139,#6140),
 .UNSPECIFIED.,.F.,.F.,(4,2,4),(-0.0262091629835523,-0.0131045814917762,
0.),.UNSPECIFIED.);
#164=B_SPLINE_CURVE_WITH_KNOTS('',2,(#6142,#6143,#6144,#6145),
 .UNSPECIFIED.,.F.,.F.,(3,1,3),(0.,1.,2.),.UNSPECIFIED.);
#165=B_SPLINE_CURVE_WITH_KNOTS('',3,(#6156,#6157,#6158,#6159,#6160,#6161),
 .UNSPECIFIED.,.F.,.F.,(4,2,4),(-0.0663193061377772,-0.0331596530688886,
0.),.UNSPECIFIED.);
#166=B_SPLINE_CURVE_WITH_KNOTS('',2,(#6163,#6164,#6165,#6166),
 .UNSPECIFIED.,.F.,.F.,(3,1,3),(0.,1.,2.),.UNSPECIFIED.);
#167=B_SPLINE_CURVE_WITH_KNOTS('',3,(#6177,#6178,#6179,#6180,#6181,#6182),
 .UNSPECIFIED.,.F.,.F.,(4,2,4),(-0.0299460207051203,-0.0149730103525602,
0.),.UNSPECIFIED.);
#168=B_SPLINE_CURVE_WITH_KNOTS('',2,(#6184,#6185,#6186,#6187),
 .UNSPECIFIED.,.F.,.F.,(3,1,3),(0.,1.,2.),.UNSPECIFIED.);
#169=B_SPLINE_CURVE_WITH_KNOTS('',3,(#6198,#6199,#6200,#6201,#6202,#6203),
 .UNSPECIFIED.,.F.,.F.,(4,2,4),(-0.0403434771368503,-0.0201717385684252,
0.),.UNSPECIFIED.);
#170=B_SPLINE_CURVE_WITH_KNOTS('',2,(#6205,#6206,#6207,#6208),
 .UNSPECIFIED.,.F.,.F.,(3,1,3),(0.,1.,2.),.UNSPECIFIED.);
#171=B_SPLINE_CURVE_WITH_KNOTS('',3,(#6231,#6232,#6233,#6234,#6235,#6236),
 .UNSPECIFIED.,.F.,.F.,(4,2,4),(-0.101012951986136,-0.0505064759930682,
0.),.UNSPECIFIED.);
#172=B_SPLINE_CURVE_WITH_KNOTS('',2,(#6238,#6239,#6240,#6241),
 .UNSPECIFIED.,.F.,.F.,(3,1,3),(0.,1.,2.),.UNSPECIFIED.);
#173=B_SPLINE_CURVE_WITH_KNOTS('',3,(#6252,#6253,#6254,#6255,#6256,#6257),
 .UNSPECIFIED.,.F.,.F.,(4,2,4),(-0.0723654176901007,-0.0361827088450504,
0.),.UNSPECIFIED.);
#174=B_SPLINE_CURVE_WITH_KNOTS('',2,(#6259,#6260,#6261,#6262),
 .UNSPECIFIED.,.F.,.F.,(3,1,3),(0.,1.,2.),.UNSPECIFIED.);
#175=B_SPLINE_CURVE_WITH_KNOTS('',3,(#6273,#6274,#6275,#6276,#6277,#6278),
 .UNSPECIFIED.,.F.,.F.,(4,2,4),(-0.0937323697739609,-0.0468661848869804,
0.),.UNSPECIFIED.);
#176=B_SPLINE_CURVE_WITH_KNOTS('',2,(#6280,#6281,#6282,#6283),
 .UNSPECIFIED.,.F.,.F.,(3,1,3),(0.,1.,2.),.UNSPECIFIED.);
#177=B_SPLINE_CURVE_WITH_KNOTS('',3,(#6294,#6295,#6296,#6297,#6298,#6299),
 .UNSPECIFIED.,.F.,.F.,(4,2,4),(-0.0630207530295083,-0.0315103765147542,
0.),.UNSPECIFIED.);
#178=B_SPLINE_CURVE_WITH_KNOTS('',2,(#6301,#6302,#6303,#6304),
 .UNSPECIFIED.,.F.,.F.,(3,1,3),(0.,1.,2.),.UNSPECIFIED.);
#179=B_SPLINE_CURVE_WITH_KNOTS('',3,(#6315,#6316,#6317,#6318,#6319,#6320),
 .UNSPECIFIED.,.F.,.F.,(4,2,4),(-0.137693037356129,-0.0688465186780644,
0.),.UNSPECIFIED.);
#180=B_SPLINE_CURVE_WITH_KNOTS('',2,(#6322,#6323,#6324,#6325),
 .UNSPECIFIED.,.F.,.F.,(3,1,3),(0.,1.,2.),.UNSPECIFIED.);
#181=B_SPLINE_CURVE_WITH_KNOTS('',3,(#6336,#6337,#6338,#6339,#6340,#6341),
 .UNSPECIFIED.,.F.,.F.,(4,2,4),(-0.0439259904789005,-0.0219629952394503,
0.),.UNSPECIFIED.);
#182=B_SPLINE_CURVE_WITH_KNOTS('',2,(#6343,#6344,#6345,#6346),
 .UNSPECIFIED.,.F.,.F.,(3,1,3),(0.,1.,2.),.UNSPECIFIED.);
#183=B_SPLINE_CURVE_WITH_KNOTS('',3,(#6386,#6387,#6388,#6389,#6390,#6391),
 .UNSPECIFIED.,.F.,.F.,(4,2,4),(-0.131947262206379,-0.0659736311031897,
0.),.UNSPECIFIED.);
#184=B_SPLINE_CURVE_WITH_KNOTS('',2,(#6395,#6396,#6397,#6398),
 .UNSPECIFIED.,.F.,.F.,(3,1,3),(0.,1.,2.),.UNSPECIFIED.);
#185=B_SPLINE_CURVE_WITH_KNOTS('',3,(#6468,#6469,#6470,#6471,#6472,#6473),
 .UNSPECIFIED.,.F.,.F.,(4,2,4),(-0.029174808086443,-0.0145874040432215,
0.),.UNSPECIFIED.);
#186=B_SPLINE_CURVE_WITH_KNOTS('',2,(#6477,#6478,#6479,#6480),
 .UNSPECIFIED.,.F.,.F.,(3,1,3),(0.,1.,2.),.UNSPECIFIED.);
#187=B_SPLINE_CURVE_WITH_KNOTS('',3,(#6491,#6492,#6493,#6494,#6495,#6496),
 .UNSPECIFIED.,.F.,.F.,(4,2,4),(-0.0539982674463676,-0.0269991337231838,
0.),.UNSPECIFIED.);
#188=B_SPLINE_CURVE_WITH_KNOTS('',2,(#6498,#6499,#6500,#6501),
 .UNSPECIFIED.,.F.,.F.,(3,1,3),(0.,1.,2.),.UNSPECIFIED.);
#189=B_SPLINE_CURVE_WITH_KNOTS('',3,(#6531,#6532,#6533,#6534,#6535,#6536),
 .UNSPECIFIED.,.F.,.F.,(4,2,4),(-0.0305672183127665,-0.0152836091563832,
0.),.UNSPECIFIED.);
#190=B_SPLINE_CURVE_WITH_KNOTS('',3,(#6548,#6549,#6550,#6551,#6552,#6553),
 .UNSPECIFIED.,.F.,.F.,(4,2,4),(-0.0225363329147289,-0.0112681664573644,
0.),.UNSPECIFIED.);
#191=B_SPLINE_CURVE_WITH_KNOTS('',3,(#6569,#6570,#6571,#6572,#6573,#6574),
 .UNSPECIFIED.,.F.,.F.,(4,2,4),(-0.0211448944599015,-0.0105724472299508,
0.),.UNSPECIFIED.);
#192=B_SPLINE_CURVE_WITH_KNOTS('',3,(#6586,#6587,#6588,#6589,#6590,#6591),
 .UNSPECIFIED.,.F.,.F.,(4,2,4),(-0.0372248660704544,-0.0186124330352272,
0.),.UNSPECIFIED.);
#193=B_SPLINE_CURVE_WITH_KNOTS('',3,(#6606,#6607,#6608,#6609,#6610,#6611),
 .UNSPECIFIED.,.F.,.F.,(4,2,4),(-0.0887579057213206,-0.0443789528606603,
0.),.UNSPECIFIED.);
#194=B_SPLINE_CURVE_WITH_KNOTS('',2,(#6613,#6614,#6615,#6616),
 .UNSPECIFIED.,.F.,.F.,(3,1,3),(0.,1.,2.),.UNSPECIFIED.);
#195=B_SPLINE_CURVE_WITH_KNOTS('',3,(#6627,#6628,#6629,#6630,#6631,#6632),
 .UNSPECIFIED.,.F.,.F.,(4,2,4),(-0.0567000853607858,-0.0283500426803929,
0.),.UNSPECIFIED.);
#196=B_SPLINE_CURVE_WITH_KNOTS('',2,(#6634,#6635,#6636,#6637),
 .UNSPECIFIED.,.F.,.F.,(3,1,3),(0.,1.,2.),.UNSPECIFIED.);
#197=B_SPLINE_CURVE_WITH_KNOTS('',3,(#6648,#6649,#6650,#6651,#6652,#6653),
 .UNSPECIFIED.,.F.,.F.,(4,2,4),(-0.0762469612375053,-0.0381234806187526,
0.),.UNSPECIFIED.);
#198=B_SPLINE_CURVE_WITH_KNOTS('',2,(#6655,#6656,#6657,#6658),
 .UNSPECIFIED.,.F.,.F.,(3,1,3),(0.,1.,2.),.UNSPECIFIED.);
#199=B_SPLINE_CURVE_WITH_KNOTS('',3,(#6674,#6675,#6676,#6677,#6678,#6679),
 .UNSPECIFIED.,.F.,.F.,(4,2,4),(-0.0676075703872502,-0.0338037851936251,
0.),.UNSPECIFIED.);
#200=B_SPLINE_CURVE_WITH_KNOTS('',2,(#6680,#6681,#6682,#6683),
 .UNSPECIFIED.,.F.,.F.,(3,1,3),(0.,1.,2.),.UNSPECIFIED.);
#201=B_SPLINE_CURVE_WITH_KNOTS('',3,(#6693,#6694,#6695,#6696,#6697,#6698),
 .UNSPECIFIED.,.F.,.F.,(4,2,4),(-0.0302668905683497,-0.0151334452841749,
0.),.UNSPECIFIED.);
#202=B_SPLINE_CURVE_WITH_KNOTS('',3,(#6709,#6710,#6711,#6712,#6713,#6714),
 .UNSPECIFIED.,.F.,.F.,(4,2,4),(-0.0389315465533462,-0.0194657732766731,
0.),.UNSPECIFIED.);
#203=B_SPLINE_CURVE_WITH_KNOTS('',3,(#6731,#6732,#6733,#6734,#6735,#6736),
 .UNSPECIFIED.,.F.,.F.,(4,2,4),(-0.0211846607871802,-0.0105923303935901,
0.),.UNSPECIFIED.);
#204=B_SPLINE_CURVE_WITH_KNOTS('',3,(#6747,#6748,#6749,#6750,#6751,#6752),
 .UNSPECIFIED.,.F.,.F.,(4,2,4),(-0.0370253165791306,-0.0185126582895653,
0.),.UNSPECIFIED.);
#205=B_SPLINE_CURVE_WITH_KNOTS('',2,(#7250,#7251,#7252),.UNSPECIFIED.,.F.,
 .F.,(3,3),(95.373264001806,95.8888299746063),.UNSPECIFIED.);
#206=B_SPLINE_CURVE_WITH_KNOTS('',2,(#7258,#7259,#7260),.UNSPECIFIED.,.F.,
 .F.,(3,3),(95.3732640012774,95.8888299740268),.UNSPECIFIED.);
#207=B_SPLINE_CURVE_WITH_KNOTS('',2,(#7287,#7288,#7289),.UNSPECIFIED.,.F.,
 .F.,(3,3),(95.3732640018013,95.8888299746063),.UNSPECIFIED.);
#208=B_SPLINE_CURVE_WITH_KNOTS('',2,(#7295,#7296,#7297),.UNSPECIFIED.,.F.,
 .F.,(3,3),(95.3732640012751,95.8888299740206),.UNSPECIFIED.);
#209=B_SPLINE_CURVE_WITH_KNOTS('',2,(#7321,#7322,#7323),.UNSPECIFIED.,.F.,
 .F.,(3,3),(95.3732640018013,95.8888299746063),.UNSPECIFIED.);
#210=B_SPLINE_CURVE_WITH_KNOTS('',2,(#7329,#7330,#7331),.UNSPECIFIED.,.F.,
 .F.,(3,3),(95.3732640012729,95.8888299740204),.UNSPECIFIED.);
#211=B_SPLINE_CURVE_WITH_KNOTS('',2,(#7360,#7361,#7362),.UNSPECIFIED.,.F.,
 .F.,(3,3),(95.3732640017992,95.8888299746061),.UNSPECIFIED.);
#212=B_SPLINE_CURVE_WITH_KNOTS('',2,(#7366,#7367,#7368),.UNSPECIFIED.,.F.,
 .F.,(3,3),(95.3732640012729,95.8888299740204),.UNSPECIFIED.);
#213=PLANE('',#4001);
#214=PLANE('',#4002);
#215=PLANE('',#4003);
#216=PLANE('',#4005);
#217=PLANE('',#4006);
#218=PLANE('',#4013);
#219=PLANE('',#4014);
#220=PLANE('',#4021);
#221=PLANE('',#4022);
#222=PLANE('',#4023);
#223=PLANE('',#4024);
#224=PLANE('',#4025);
#225=PLANE('',#4026);
#226=PLANE('',#4027);
#227=PLANE('',#4028);
#228=PLANE('',#4029);
#229=PLANE('',#4030);
#230=PLANE('',#4031);
#231=PLANE('',#4032);
#232=PLANE('',#4033);
#233=PLANE('',#4034);
#234=PLANE('',#4035);
#235=PLANE('',#4036);
#236=PLANE('',#4037);
#237=PLANE('',#4038);
#238=PLANE('',#4039);
#239=PLANE('',#4040);
#240=PLANE('',#4041);
#241=PLANE('',#4042);
#242=PLANE('',#4043);
#243=PLANE('',#4044);
#244=PLANE('',#4045);
#245=PLANE('',#4046);
#246=PLANE('',#4047);
#247=PLANE('',#4048);
#248=PLANE('',#4049);
#249=PLANE('',#4050);
#250=PLANE('',#4051);
#251=PLANE('',#4052);
#252=PLANE('',#4053);
#253=PLANE('',#4054);
#254=PLANE('',#4055);
#255=PLANE('',#4056);
#256=PLANE('',#4057);
#257=PLANE('',#4058);
#258=PLANE('',#4059);
#259=PLANE('',#4060);
#260=PLANE('',#4061);
#261=PLANE('',#4062);
#262=PLANE('',#4063);
#263=PLANE('',#4064);
#264=PLANE('',#4065);
#265=PLANE('',#4066);
#266=PLANE('',#4069);
#267=PLANE('',#4073);
#268=PLANE('',#4074);
#269=PLANE('',#4075);
#270=PLANE('',#4079);
#271=PLANE('',#4119);
#272=PLANE('',#4120);
#273=PLANE('',#4123);
#274=PLANE('',#4124);
#275=PLANE('',#4125);
#276=PLANE('',#4127);
#277=PLANE('',#4142);
#278=PLANE('',#4149);
#279=PLANE('',#4154);
#280=PLANE('',#4155);
#281=PLANE('',#4162);
#282=PLANE('',#4186);
#283=PLANE('',#4193);
#284=PLANE('',#4219);
#285=PLANE('',#4220);
#286=PLANE('',#4221);
#287=PLANE('',#4224);
#288=PLANE('',#4227);
#289=PLANE('',#4228);
#290=PLANE('',#4230);
#291=PLANE('',#4231);
#292=PLANE('',#4235);
#293=PLANE('',#4236);
#294=PLANE('',#4237);
#295=PLANE('',#4238);
#296=PLANE('',#4242);
#297=PLANE('',#4243);
#298=PLANE('',#4244);
#299=PLANE('',#4245);
#300=PLANE('',#4249);
#301=PLANE('',#4250);
#302=PLANE('',#4251);
#303=PLANE('',#4254);
#304=PLANE('',#4255);
#305=PLANE('',#4258);
#306=PLANE('',#4259);
#307=PLANE('',#4260);
#308=PLANE('',#4264);
#309=CIRCLE('',#3992,1.5);
#310=CIRCLE('',#3993,1.5);
#311=CIRCLE('',#3998,1.5);
#312=CIRCLE('',#3999,1.5);
#313=CIRCLE('',#4007,1.321);
#314=CIRCLE('',#4009,1.321);
#315=CIRCLE('',#4011,1.95);
#316=CIRCLE('',#4012,1.95);
#317=CIRCLE('',#4015,1.321);
#318=CIRCLE('',#4017,1.321);
#319=CIRCLE('',#4019,1.95);
#320=CIRCLE('',#4020,1.95);
#321=CIRCLE('',#4082,0.5);
#322=CIRCLE('',#4084,0.5);
#323=CIRCLE('',#4085,0.5);
#324=CIRCLE('',#4087,0.499999999999998);
#325=CIRCLE('',#4088,0.499999999999998);
#326=CIRCLE('',#4089,0.499999999999998);
#327=CIRCLE('',#4092,0.5);
#328=CIRCLE('',#4094,0.5);
#329=CIRCLE('',#4097,0.5);
#330=CIRCLE('',#4099,0.499999999999994);
#331=CIRCLE('',#4100,0.5);
#332=CIRCLE('',#4102,0.499999999999998);
#333=CIRCLE('',#4103,0.499999999999998);
#334=CIRCLE('',#4104,0.499999999999998);
#335=CIRCLE('',#4106,0.5);
#336=CIRCLE('',#4108,0.5);
#337=CIRCLE('',#4109,0.5);
#338=CIRCLE('',#4112,0.500000000000002);
#339=CIRCLE('',#4118,1.5);
#340=CIRCLE('',#4122,1.5);
#341=CIRCLE('',#4128,2.45461365083129);
#342=CIRCLE('',#4129,4.04538634916872);
#343=CIRCLE('',#4130,2.45461365083128);
#344=CIRCLE('',#4131,2.45461365083128);
#345=CIRCLE('',#4132,4.04538634916872);
#346=CIRCLE('',#4133,2.45461365083128);
#347=CIRCLE('',#4134,1.09999931534967);
#348=CIRCLE('',#4135,5.4);
#349=CIRCLE('',#4136,1.09999931534967);
#350=CIRCLE('',#4137,1.09999931534967);
#351=CIRCLE('',#4138,5.39999999999999);
#352=CIRCLE('',#4139,1.09999931534967);
#353=CIRCLE('',#4141,2.5);
#354=CIRCLE('',#4144,2.5);
#355=CIRCLE('',#4146,4.);
#356=CIRCLE('',#4148,2.5);
#357=CIRCLE('',#4151,2.5);
#358=CIRCLE('',#4153,4.);
#359=CIRCLE('',#4157,1.01809794779734);
#360=CIRCLE('',#4159,5.48190136755233);
#361=CIRCLE('',#4161,1.01809794779733);
#362=CIRCLE('',#4164,0.5);
#363=CIRCLE('',#4165,0.500000000000001);
#364=CIRCLE('',#4169,0.500000000000001);
#365=CIRCLE('',#4174,0.5);
#366=CIRCLE('',#4177,1.95);
#367=CIRCLE('',#4178,1.95);
#368=CIRCLE('',#4180,3.5);
#369=CIRCLE('',#4182,1.95);
#370=CIRCLE('',#4183,1.95);
#371=CIRCLE('',#4185,3.5);
#372=CIRCLE('',#4187,0.618200904068254);
#373=CIRCLE('',#4188,5.8817984112814);
#374=CIRCLE('',#4189,0.618200904068254);
#375=CIRCLE('',#4190,0.618200904068254);
#376=CIRCLE('',#4191,5.88179841128141);
#377=CIRCLE('',#4192,0.618200904068254);
#378=CIRCLE('',#4195,1.01809794779733);
#379=CIRCLE('',#4197,5.48190136755232);
#380=CIRCLE('',#4199,1.01809794779733);
#381=CIRCLE('',#4201,0.4);
#382=CIRCLE('',#4202,0.399999999999999);
#383=CIRCLE('',#4204,0.400000000000001);
#384=CIRCLE('',#4206,0.400000000000003);
#385=CIRCLE('',#4208,0.399999999999999);
#386=CIRCLE('',#4210,0.399999999999999);
#387=CIRCLE('',#4212,0.399999999999999);
#388=CIRCLE('',#4214,0.400000000000003);
#389=CIRCLE('',#4216,0.399999999999999);
#390=CIRCLE('',#4218,0.4);
#391=CIRCLE('',#4223,0.5);
#392=CIRCLE('',#4226,0.5);
#393=CIRCLE('',#4233,1.80340000002629);
#394=CIRCLE('',#4234,1.66903884072644);
#395=CIRCLE('',#4240,1.80340000002629);
#396=CIRCLE('',#4241,1.66903884072644);
#397=CIRCLE('',#4247,1.80340000002629);
#398=CIRCLE('',#4248,1.66903884072644);
#399=CIRCLE('',#4252,3.429);
#400=CIRCLE('',#4253,1.80340000002629);
#401=CIRCLE('',#4257,1.66903884072644);
#402=CIRCLE('',#4262,1.6891);
#403=CIRCLE('',#4263,1.6891);
#404=B_SPLINE_SURFACE_WITH_KNOTS('',3,3,((#5175,#5176,#5177,#5178,#5179,
#5180),(#5181,#5182,#5183,#5184,#5185,#5186),(#5187,#5188,#5189,#5190,#5191,
#5192),(#5193,#5194,#5195,#5196,#5197,#5198),(#5199,#5200,#5201,#5202,#5203,
#5204)),.UNSPECIFIED.,.F.,.F.,.F.,(4,1,4),(4,1,1,4),(0.,0.571428571428571,
1.00192462045746),(-0.787024318172549,-0.112157099673583,0.336471299020749,
0.787024318172548),.UNSPECIFIED.);
#405=B_SPLINE_SURFACE_WITH_KNOTS('',3,3,((#5219,#5220,#5221,#5222,#5223,
#5224),(#5225,#5226,#5227,#5228,#5229,#5230),(#5231,#5232,#5233,#5234,#5235,
#5236),(#5237,#5238,#5239,#5240,#5241,#5242),(#5243,#5244,#5245,#5246,#5247,
#5248)),.UNSPECIFIED.,.F.,.F.,.F.,(4,1,4),(4,1,1,4),(0.,0.571428571428571,
1.00192462045746),(-0.787024318172551,-0.112157099673584,0.336471299020748,
0.78702431817255),.UNSPECIFIED.);
#406=B_SPLINE_SURFACE_WITH_KNOTS('',2,1,((#5470,#5471),(#5472,#5473),(#5474,
#5475),(#5476,#5477)),.UNSPECIFIED.,.F.,.F.,.F.,(3,1,3),(2,2),(-2.,-1.,
0.),(0.,22.0286966223991),.UNSPECIFIED.);
#407=B_SPLINE_SURFACE_WITH_KNOTS('',2,1,((#5494,#5495),(#5496,#5497),(#5498,
#5499),(#5500,#5501)),.UNSPECIFIED.,.F.,.F.,.F.,(3,1,3),(2,2),(-2.,-1.,
0.),(0.,22.0286966223991),.UNSPECIFIED.);
#408=B_SPLINE_SURFACE_WITH_KNOTS('',2,1,((#5515,#5516),(#5517,#5518),(#5519,
#5520),(#5521,#5522)),.UNSPECIFIED.,.F.,.F.,.F.,(3,1,3),(2,2),(0.,1.,2.),
(0.,22.0286966223991),.UNSPECIFIED.);
#409=B_SPLINE_SURFACE_WITH_KNOTS('',2,1,((#5533,#5534),(#5535,#5536),(#5537,
#5538),(#5539,#5540)),.UNSPECIFIED.,.F.,.F.,.F.,(3,1,3),(2,2),(0.,1.,2.),
(0.,22.0286966223991),.UNSPECIFIED.);
#410=B_SPLINE_SURFACE_WITH_KNOTS('',2,1,((#5549,#5550),(#5551,#5552),(#5553,
#5554),(#5555,#5556)),.UNSPECIFIED.,.F.,.F.,.F.,(3,1,3),(2,2),(0.,1.,2.),
(0.,22.0286966223991),.UNSPECIFIED.);
#411=B_SPLINE_SURFACE_WITH_KNOTS('',2,1,((#5565,#5566),(#5567,#5568),(#5569,
#5570),(#5571,#5572)),.UNSPECIFIED.,.F.,.F.,.F.,(3,1,3),(2,2),(0.,1.,2.),
(0.,22.0286966223991),.UNSPECIFIED.);
#412=B_SPLINE_SURFACE_WITH_KNOTS('',2,1,((#5581,#5582),(#5583,#5584),(#5585,
#5586),(#5587,#5588)),.UNSPECIFIED.,.F.,.F.,.F.,(3,1,3),(2,2),(-2.,-1.,
0.),(0.,22.0286966223991),.UNSPECIFIED.);
#413=B_SPLINE_SURFACE_WITH_KNOTS('',2,1,((#5602,#5603),(#5604,#5605),(#5606,
#5607),(#5608,#5609)),.UNSPECIFIED.,.F.,.F.,.F.,(3,1,3),(2,2),(-2.,-1.,
0.),(0.,22.0286966223991),.UNSPECIFIED.);
#414=B_SPLINE_SURFACE_WITH_KNOTS('',2,1,((#5620,#5621),(#5622,#5623),(#5624,
#5625),(#5626,#5627)),.UNSPECIFIED.,.F.,.F.,.F.,(3,1,3),(2,2),(0.,1.,2.),
(0.,22.0286966223991),.UNSPECIFIED.);
#415=B_SPLINE_SURFACE_WITH_KNOTS('',2,1,((#5636,#5637),(#5638,#5639),(#5640,
#5641),(#5642,#5643)),.UNSPECIFIED.,.F.,.F.,.F.,(3,1,3),(2,2),(0.,1.,2.),
(0.,22.0286966223991),.UNSPECIFIED.);
#416=B_SPLINE_SURFACE_WITH_KNOTS('',2,1,((#5652,#5653),(#5654,#5655),(#5656,
#5657),(#5658,#5659)),.UNSPECIFIED.,.F.,.F.,.F.,(3,1,3),(2,2),(0.,1.,2.),
(0.,22.0286966223991),.UNSPECIFIED.);
#417=B_SPLINE_SURFACE_WITH_KNOTS('',2,1,((#5668,#5669),(#5670,#5671),(#5672,
#5673),(#5674,#5675)),.UNSPECIFIED.,.F.,.F.,.F.,(3,1,3),(2,2),(0.,1.,2.),
(0.,22.0286966223991),.UNSPECIFIED.);
#418=B_SPLINE_SURFACE_WITH_KNOTS('',2,1,((#5698,#5699),(#5700,#5701),(#5702,
#5703),(#5704,#5705)),.UNSPECIFIED.,.F.,.F.,.F.,(3,1,3),(2,2),(-2.,-1.,
0.),(0.,22.0286966223991),.UNSPECIFIED.);
#419=B_SPLINE_SURFACE_WITH_KNOTS('',2,1,((#5719,#5720),(#5721,#5722),(#5723,
#5724),(#5725,#5726)),.UNSPECIFIED.,.F.,.F.,.F.,(3,1,3),(2,2),(-2.,-1.,
0.),(0.,22.0286966223991),.UNSPECIFIED.);
#420=B_SPLINE_SURFACE_WITH_KNOTS('',2,1,((#5740,#5741),(#5742,#5743),(#5744,
#5745),(#5746,#5747)),.UNSPECIFIED.,.F.,.F.,.F.,(3,1,3),(2,2),(-2.,-1.,
0.),(0.,22.0286966223991),.UNSPECIFIED.);
#421=B_SPLINE_SURFACE_WITH_KNOTS('',2,1,((#5761,#5762),(#5763,#5764),(#5765,
#5766),(#5767,#5768)),.UNSPECIFIED.,.F.,.F.,.F.,(3,1,3),(2,2),(-2.,-1.,
0.),(0.,22.0286966223991),.UNSPECIFIED.);
#422=B_SPLINE_SURFACE_WITH_KNOTS('',2,1,((#5782,#5783),(#5784,#5785),(#5786,
#5787),(#5788,#5789)),.UNSPECIFIED.,.F.,.F.,.F.,(3,1,3),(2,2),(-2.,-1.,
0.),(0.,22.0286966223991),.UNSPECIFIED.);
#423=B_SPLINE_SURFACE_WITH_KNOTS('',2,1,((#5803,#5804),(#5805,#5806),(#5807,
#5808),(#5809,#5810)),.UNSPECIFIED.,.F.,.F.,.F.,(3,1,3),(2,2),(0.,1.,2.),
(0.,22.0286966223991),.UNSPECIFIED.);
#424=B_SPLINE_SURFACE_WITH_KNOTS('',2,1,((#5821,#5822),(#5823,#5824),(#5825,
#5826),(#5827,#5828)),.UNSPECIFIED.,.F.,.F.,.F.,(3,1,3),(2,2),(0.,1.,2.),
(0.,22.0286966223991),.UNSPECIFIED.);
#425=B_SPLINE_SURFACE_WITH_KNOTS('',2,1,((#5837,#5838),(#5839,#5840),(#5841,
#5842),(#5843,#5844)),.UNSPECIFIED.,.F.,.F.,.F.,(3,1,3),(2,2),(0.,1.,2.),
(0.,22.0286966223991),.UNSPECIFIED.);
#426=B_SPLINE_SURFACE_WITH_KNOTS('',2,1,((#5853,#5854),(#5855,#5856),(#5857,
#5858),(#5859,#5860)),.UNSPECIFIED.,.F.,.F.,.F.,(3,1,3),(2,2),(-2.,-1.,
0.),(0.,22.0286966223991),.UNSPECIFIED.);
#427=B_SPLINE_SURFACE_WITH_KNOTS('',2,1,((#5874,#5875),(#5876,#5877),(#5878,
#5879),(#5880,#5881)),.UNSPECIFIED.,.F.,.F.,.F.,(3,1,3),(2,2),(-2.,-1.,
0.),(0.,22.0286966223991),.UNSPECIFIED.);
#428=B_SPLINE_SURFACE_WITH_KNOTS('',2,1,((#5895,#5896),(#5897,#5898),(#5899,
#5900),(#5901,#5902)),.UNSPECIFIED.,.F.,.F.,.F.,(3,1,3),(2,2),(-2.,-1.,
0.),(0.,22.0286966223991),.UNSPECIFIED.);
#429=B_SPLINE_SURFACE_WITH_KNOTS('',2,1,((#5916,#5917),(#5918,#5919),(#5920,
#5921),(#5922,#5923)),.UNSPECIFIED.,.F.,.F.,.F.,(3,1,3),(2,2),(-2.,-1.,
0.),(0.,22.0286966223991),.UNSPECIFIED.);
#430=B_SPLINE_SURFACE_WITH_KNOTS('',2,1,((#5937,#5938),(#5939,#5940),(#5941,
#5942),(#5943,#5944)),.UNSPECIFIED.,.F.,.F.,.F.,(3,1,3),(2,2),(-2.,-1.,
0.),(0.,22.0286966223991),.UNSPECIFIED.);
#431=B_SPLINE_SURFACE_WITH_KNOTS('',2,1,((#5958,#5959),(#5960,#5961),(#5962,
#5963),(#5964,#5965)),.UNSPECIFIED.,.F.,.F.,.F.,(3,1,3),(2,2),(-2.,-1.,
0.),(0.,22.0286966223991),.UNSPECIFIED.);
#432=B_SPLINE_SURFACE_WITH_KNOTS('',2,1,((#5979,#5980),(#5981,#5982),(#5983,
#5984),(#5985,#5986)),.UNSPECIFIED.,.F.,.F.,.F.,(3,1,3),(2,2),(-2.,-1.,
0.),(0.,22.0286966223991),.UNSPECIFIED.);
#433=B_SPLINE_SURFACE_WITH_KNOTS('',2,1,((#5997,#5998),(#5999,#6000),(#6001,
#6002),(#6003,#6004)),.UNSPECIFIED.,.F.,.F.,.F.,(3,1,3),(2,2),(0.,1.,2.),
(0.,22.0286966223991),.UNSPECIFIED.);
#434=B_SPLINE_SURFACE_WITH_KNOTS('',2,1,((#6013,#6014),(#6015,#6016),(#6017,
#6018),(#6019,#6020)),.UNSPECIFIED.,.F.,.F.,.F.,(3,1,3),(2,2),(0.,1.,2.),
(0.,22.0286966223991),.UNSPECIFIED.);
#435=B_SPLINE_SURFACE_WITH_KNOTS('',2,1,((#6029,#6030),(#6031,#6032),(#6033,
#6034),(#6035,#6036)),.UNSPECIFIED.,.F.,.F.,.F.,(3,1,3),(2,2),(0.,1.,2.),
(0.,22.0286966223991),.UNSPECIFIED.);
#436=B_SPLINE_SURFACE_WITH_KNOTS('',2,1,((#6045,#6046),(#6047,#6048),(#6049,
#6050),(#6051,#6052)),.UNSPECIFIED.,.F.,.F.,.F.,(3,1,3),(2,2),(0.,1.,2.),
(0.,22.0286966223991),.UNSPECIFIED.);
#437=B_SPLINE_SURFACE_WITH_KNOTS('',2,1,((#6060,#6061),(#6062,#6063),(#6064,
#6065),(#6066,#6067)),.UNSPECIFIED.,.F.,.F.,.F.,(3,1,3),(2,2),(-2.,-1.,
0.),(0.,22.0286966223991),.UNSPECIFIED.);
#438=B_SPLINE_SURFACE_WITH_KNOTS('',2,1,((#6084,#6085),(#6086,#6087),(#6088,
#6089),(#6090,#6091)),.UNSPECIFIED.,.F.,.F.,.F.,(3,1,3),(2,2),(-2.,-1.,
0.),(0.,22.0286966223991),.UNSPECIFIED.);
#439=B_SPLINE_SURFACE_WITH_KNOTS('',2,1,((#6105,#6106),(#6107,#6108),(#6109,
#6110),(#6111,#6112)),.UNSPECIFIED.,.F.,.F.,.F.,(3,1,3),(2,2),(-2.,-1.,
0.),(0.,22.0286966223991),.UNSPECIFIED.);
#440=B_SPLINE_SURFACE_WITH_KNOTS('',2,1,((#6126,#6127),(#6128,#6129),(#6130,
#6131),(#6132,#6133)),.UNSPECIFIED.,.F.,.F.,.F.,(3,1,3),(2,2),(-2.,-1.,
0.),(0.,22.0286966223991),.UNSPECIFIED.);
#441=B_SPLINE_SURFACE_WITH_KNOTS('',2,1,((#6147,#6148),(#6149,#6150),(#6151,
#6152),(#6153,#6154)),.UNSPECIFIED.,.F.,.F.,.F.,(3,1,3),(2,2),(-2.,-1.,
0.),(0.,22.0286966223991),.UNSPECIFIED.);
#442=B_SPLINE_SURFACE_WITH_KNOTS('',2,1,((#6168,#6169),(#6170,#6171),(#6172,
#6173),(#6174,#6175)),.UNSPECIFIED.,.F.,.F.,.F.,(3,1,3),(2,2),(-2.,-1.,
0.),(0.,22.0286966223991),.UNSPECIFIED.);
#443=B_SPLINE_SURFACE_WITH_KNOTS('',2,1,((#6189,#6190),(#6191,#6192),(#6193,
#6194),(#6195,#6196)),.UNSPECIFIED.,.F.,.F.,.F.,(3,1,3),(2,2),(-2.,-1.,
0.),(0.,22.0286966223991),.UNSPECIFIED.);
#444=B_SPLINE_SURFACE_WITH_KNOTS('',2,1,((#6222,#6223),(#6224,#6225),(#6226,
#6227),(#6228,#6229)),.UNSPECIFIED.,.F.,.F.,.F.,(3,1,3),(2,2),(-2.,-1.,
0.),(0.,22.0286966223991),.UNSPECIFIED.);
#445=B_SPLINE_SURFACE_WITH_KNOTS('',2,1,((#6243,#6244),(#6245,#6246),(#6247,
#6248),(#6249,#6250)),.UNSPECIFIED.,.F.,.F.,.F.,(3,1,3),(2,2),(-2.,-1.,
0.),(0.,22.0286966223991),.UNSPECIFIED.);
#446=B_SPLINE_SURFACE_WITH_KNOTS('',2,1,((#6264,#6265),(#6266,#6267),(#6268,
#6269),(#6270,#6271)),.UNSPECIFIED.,.F.,.F.,.F.,(3,1,3),(2,2),(-2.,-1.,
0.),(0.,22.0286966223991),.UNSPECIFIED.);
#447=B_SPLINE_SURFACE_WITH_KNOTS('',2,1,((#6285,#6286),(#6287,#6288),(#6289,
#6290),(#6291,#6292)),.UNSPECIFIED.,.F.,.F.,.F.,(3,1,3),(2,2),(-2.,-1.,
0.),(0.,22.0286966223991),.UNSPECIFIED.);
#448=B_SPLINE_SURFACE_WITH_KNOTS('',2,1,((#6306,#6307),(#6308,#6309),(#6310,
#6311),(#6312,#6313)),.UNSPECIFIED.,.F.,.F.,.F.,(3,1,3),(2,2),(-2.,-1.,
0.),(0.,22.0286966223991),.UNSPECIFIED.);
#449=B_SPLINE_SURFACE_WITH_KNOTS('',2,1,((#6327,#6328),(#6329,#6330),(#6331,
#6332),(#6333,#6334)),.UNSPECIFIED.,.F.,.F.,.F.,(3,1,3),(2,2),(-2.,-1.,
0.),(0.,22.0286966223991),.UNSPECIFIED.);
#450=B_SPLINE_SURFACE_WITH_KNOTS('',2,1,((#6376,#6377),(#6378,#6379),(#6380,
#6381),(#6382,#6383)),.UNSPECIFIED.,.F.,.F.,.F.,(3,1,3),(2,2),(-2.,-1.,
0.),(0.,22.0286966223991),.UNSPECIFIED.);
#451=B_SPLINE_SURFACE_WITH_KNOTS('',2,1,((#6458,#6459),(#6460,#6461),(#6462,
#6463),(#6464,#6465)),.UNSPECIFIED.,.F.,.F.,.F.,(3,1,3),(2,2),(-2.,-1.,
0.),(0.,22.0286966223991),.UNSPECIFIED.);
#452=B_SPLINE_SURFACE_WITH_KNOTS('',2,1,((#6482,#6483),(#6484,#6485),(#6486,
#6487),(#6488,#6489)),.UNSPECIFIED.,.F.,.F.,.F.,(3,1,3),(2,2),(-2.,-1.,
0.),(0.,22.0286966223991),.UNSPECIFIED.);
#453=B_SPLINE_SURFACE_WITH_KNOTS('',2,1,((#6521,#6522),(#6523,#6524),(#6525,
#6526),(#6527,#6528)),.UNSPECIFIED.,.F.,.F.,.F.,(3,1,3),(2,2),(0.,1.,2.),
(0.,22.0286966223991),.UNSPECIFIED.);
#454=B_SPLINE_SURFACE_WITH_KNOTS('',2,1,((#6539,#6540),(#6541,#6542),(#6543,
#6544),(#6545,#6546)),.UNSPECIFIED.,.F.,.F.,.F.,(3,1,3),(2,2),(0.,1.,2.),
(0.,22.0286966223991),.UNSPECIFIED.);
#455=B_SPLINE_SURFACE_WITH_KNOTS('',2,1,((#6559,#6560),(#6561,#6562),(#6563,
#6564),(#6565,#6566)),.UNSPECIFIED.,.F.,.F.,.F.,(3,1,3),(2,2),(0.,1.,2.),
(0.,22.0286966223991),.UNSPECIFIED.);
#456=B_SPLINE_SURFACE_WITH_KNOTS('',2,1,((#6577,#6578),(#6579,#6580),(#6581,
#6582),(#6583,#6584)),.UNSPECIFIED.,.F.,.F.,.F.,(3,1,3),(2,2),(0.,1.,2.),
(0.,22.0286966223991),.UNSPECIFIED.);
#457=B_SPLINE_SURFACE_WITH_KNOTS('',2,1,((#6597,#6598),(#6599,#6600),(#6601,
#6602),(#6603,#6604)),.UNSPECIFIED.,.F.,.F.,.F.,(3,1,3),(2,2),(-2.,-1.,
0.),(0.,22.0286966223991),.UNSPECIFIED.);
#458=B_SPLINE_SURFACE_WITH_KNOTS('',2,1,((#6618,#6619),(#6620,#6621),(#6622,
#6623),(#6624,#6625)),.UNSPECIFIED.,.F.,.F.,.F.,(3,1,3),(2,2),(-2.,-1.,
0.),(0.,22.0286966223991),.UNSPECIFIED.);
#459=B_SPLINE_SURFACE_WITH_KNOTS('',2,1,((#6639,#6640),(#6641,#6642),(#6643,
#6644),(#6645,#6646)),.UNSPECIFIED.,.F.,.F.,.F.,(3,1,3),(2,2),(-2.,-1.,
0.),(0.,22.0286966223991),.UNSPECIFIED.);
#460=B_SPLINE_SURFACE_WITH_KNOTS('',2,1,((#6666,#6667),(#6668,#6669),(#6670,
#6671),(#6672,#6673)),.UNSPECIFIED.,.F.,.F.,.F.,(3,1,3),(2,2),(-2.,-1.,
0.),(0.,22.0286966223991),.UNSPECIFIED.);
#461=B_SPLINE_SURFACE_WITH_KNOTS('',2,1,((#6684,#6685),(#6686,#6687),(#6688,
#6689),(#6690,#6691)),.UNSPECIFIED.,.F.,.F.,.F.,(3,1,3),(2,2),(0.,1.,2.),
(0.,22.0286966223991),.UNSPECIFIED.);
#462=B_SPLINE_SURFACE_WITH_KNOTS('',2,1,((#6700,#6701),(#6702,#6703),(#6704,
#6705),(#6706,#6707)),.UNSPECIFIED.,.F.,.F.,.F.,(3,1,3),(2,2),(0.,1.,2.),
(0.,22.0286966223991),.UNSPECIFIED.);
#463=B_SPLINE_SURFACE_WITH_KNOTS('',2,1,((#6722,#6723),(#6724,#6725),(#6726,
#6727),(#6728,#6729)),.UNSPECIFIED.,.F.,.F.,.F.,(3,1,3),(2,2),(0.,1.,2.),
(0.,22.0286966223991),.UNSPECIFIED.);
#464=B_SPLINE_SURFACE_WITH_KNOTS('',2,1,((#6738,#6739),(#6740,#6741),(#6742,
#6743),(#6744,#6745)),.UNSPECIFIED.,.F.,.F.,.F.,(3,1,3),(2,2),(0.,1.,2.),
(0.,22.0286966223991),.UNSPECIFIED.);
#465=B_SPLINE_SURFACE_WITH_KNOTS('',3,3,((#6847,#6848,#6849,#6850,#6851),
(#6852,#6853,#6854,#6855,#6856),(#6857,#6858,#6859,#6860,#6861),(#6862,
#6863,#6864,#6865,#6866),(#6867,#6868,#6869,#6870,#6871)),.UNSPECIFIED.,
 .F.,.F.,.F.,(4,1,4),(4,1,4),(-0.000536041498931274,0.5,1.00626193245136),
(-0.791402738285127,-0.112162972261967,0.791402738285125),.UNSPECIFIED.);
#466=B_SPLINE_SURFACE_WITH_KNOTS('',3,3,((#6887,#6888,#6889,#6890,#6891),
(#6892,#6893,#6894,#6895,#6896),(#6897,#6898,#6899,#6900,#6901),(#6902,
#6903,#6904,#6905,#6906),(#6907,#6908,#6909,#6910,#6911)),.UNSPECIFIED.,
 .F.,.F.,.F.,(4,1,4),(4,1,4),(-0.000536041498932388,0.5,1.00626193245133),
(-0.791402738285095,-0.112162972261967,0.791402738285095),.UNSPECIFIED.);
#467=B_SPLINE_SURFACE_WITH_KNOTS('',3,3,((#7068,#7069,#7070,#7071,#7072),
(#7073,#7074,#7075,#7076,#7077),(#7078,#7079,#7080,#7081,#7082),(#7083,
#7084,#7085,#7086,#7087),(#7088,#7089,#7090,#7091,#7092)),.UNSPECIFIED.,
 .F.,.F.,.F.,(4,1,4),(4,1,4),(-0.000187493895457101,0.5,1.01694880447466),
(-0.796776911585984,-0.112162972261967,0.796776911585997),.UNSPECIFIED.);
#468=B_SPLINE_SURFACE_WITH_KNOTS('',3,3,((#7102,#7103,#7104,#7105,#7106),
(#7107,#7108,#7109,#7110,#7111),(#7112,#7113,#7114,#7115,#7116),(#7117,
#7118,#7119,#7120,#7121),(#7122,#7123,#7124,#7125,#7126)),.UNSPECIFIED.,
 .F.,.F.,.F.,(4,1,4),(4,1,4),(-0.000187493895450533,0.5,1.01694880447466),
(-0.796776911586001,-0.112162972261966,0.796776911585993),.UNSPECIFIED.);
#469=FACE_OUTER_BOUND('',#692,.T.);
#470=FACE_OUTER_BOUND('',#693,.T.);
#471=FACE_OUTER_BOUND('',#694,.T.);
#472=FACE_OUTER_BOUND('',#695,.T.);
#473=FACE_OUTER_BOUND('',#696,.T.);
#474=FACE_OUTER_BOUND('',#697,.T.);
#475=FACE_OUTER_BOUND('',#698,.T.);
#476=FACE_OUTER_BOUND('',#699,.T.);
#477=FACE_OUTER_BOUND('',#700,.T.);
#478=FACE_OUTER_BOUND('',#701,.T.);
#479=FACE_OUTER_BOUND('',#702,.T.);
#480=FACE_OUTER_BOUND('',#703,.T.);
#481=FACE_OUTER_BOUND('',#704,.T.);
#482=FACE_OUTER_BOUND('',#706,.T.);
#483=FACE_OUTER_BOUND('',#707,.T.);
#484=FACE_OUTER_BOUND('',#708,.T.);
#485=FACE_OUTER_BOUND('',#709,.T.);
#486=FACE_OUTER_BOUND('',#711,.T.);
#487=FACE_OUTER_BOUND('',#712,.T.);
#488=FACE_OUTER_BOUND('',#713,.T.);
#489=FACE_OUTER_BOUND('',#714,.T.);
#490=FACE_OUTER_BOUND('',#715,.T.);
#491=FACE_OUTER_BOUND('',#716,.T.);
#492=FACE_OUTER_BOUND('',#717,.T.);
#493=FACE_OUTER_BOUND('',#718,.T.);
#494=FACE_OUTER_BOUND('',#719,.T.);
#495=FACE_OUTER_BOUND('',#720,.T.);
#496=FACE_OUTER_BOUND('',#721,.T.);
#497=FACE_OUTER_BOUND('',#722,.T.);
#498=FACE_OUTER_BOUND('',#723,.T.);
#499=FACE_OUTER_BOUND('',#724,.T.);
#500=FACE_OUTER_BOUND('',#725,.T.);
#501=FACE_OUTER_BOUND('',#726,.T.);
#502=FACE_OUTER_BOUND('',#727,.T.);
#503=FACE_OUTER_BOUND('',#728,.T.);
#504=FACE_OUTER_BOUND('',#729,.T.);
#505=FACE_OUTER_BOUND('',#730,.T.);
#506=FACE_OUTER_BOUND('',#731,.T.);
#507=FACE_OUTER_BOUND('',#732,.T.);
#508=FACE_OUTER_BOUND('',#733,.T.);
#509=FACE_OUTER_BOUND('',#735,.T.);
#510=FACE_OUTER_BOUND('',#736,.T.);
#511=FACE_OUTER_BOUND('',#737,.T.);
#512=FACE_OUTER_BOUND('',#738,.T.);
#513=FACE_OUTER_BOUND('',#739,.T.);
#514=FACE_OUTER_BOUND('',#740,.T.);
#515=FACE_OUTER_BOUND('',#741,.T.);
#516=FACE_OUTER_BOUND('',#742,.T.);
#517=FACE_OUTER_BOUND('',#743,.T.);
#518=FACE_OUTER_BOUND('',#744,.T.);
#519=FACE_OUTER_BOUND('',#745,.T.);
#520=FACE_OUTER_BOUND('',#746,.T.);
#521=FACE_OUTER_BOUND('',#747,.T.);
#522=FACE_OUTER_BOUND('',#748,.T.);
#523=FACE_OUTER_BOUND('',#749,.T.);
#524=FACE_OUTER_BOUND('',#750,.T.);
#525=FACE_OUTER_BOUND('',#751,.T.);
#526=FACE_OUTER_BOUND('',#752,.T.);
#527=FACE_OUTER_BOUND('',#753,.T.);
#528=FACE_OUTER_BOUND('',#754,.T.);
#529=FACE_OUTER_BOUND('',#755,.T.);
#530=FACE_OUTER_BOUND('',#756,.T.);
#531=FACE_OUTER_BOUND('',#758,.T.);
#532=FACE_OUTER_BOUND('',#759,.T.);
#533=FACE_OUTER_BOUND('',#760,.T.);
#534=FACE_OUTER_BOUND('',#761,.T.);
#535=FACE_OUTER_BOUND('',#762,.T.);
#536=FACE_OUTER_BOUND('',#763,.T.);
#537=FACE_OUTER_BOUND('',#764,.T.);
#538=FACE_OUTER_BOUND('',#765,.T.);
#539=FACE_OUTER_BOUND('',#766,.T.);
#540=FACE_OUTER_BOUND('',#767,.T.);
#541=FACE_OUTER_BOUND('',#768,.T.);
#542=FACE_OUTER_BOUND('',#769,.T.);
#543=FACE_OUTER_BOUND('',#770,.T.);
#544=FACE_OUTER_BOUND('',#771,.T.);
#545=FACE_OUTER_BOUND('',#772,.T.);
#546=FACE_OUTER_BOUND('',#773,.T.);
#547=FACE_OUTER_BOUND('',#774,.T.);
#548=FACE_OUTER_BOUND('',#775,.T.);
#549=FACE_OUTER_BOUND('',#776,.T.);
#550=FACE_OUTER_BOUND('',#777,.T.);
#551=FACE_OUTER_BOUND('',#778,.T.);
#552=FACE_OUTER_BOUND('',#779,.T.);
#553=FACE_OUTER_BOUND('',#780,.T.);
#554=FACE_OUTER_BOUND('',#781,.T.);
#555=FACE_OUTER_BOUND('',#782,.T.);
#556=FACE_OUTER_BOUND('',#783,.T.);
#557=FACE_OUTER_BOUND('',#784,.T.);
#558=FACE_OUTER_BOUND('',#785,.T.);
#559=FACE_OUTER_BOUND('',#786,.T.);
#560=FACE_OUTER_BOUND('',#787,.T.);
#561=FACE_OUTER_BOUND('',#788,.T.);
#562=FACE_OUTER_BOUND('',#789,.T.);
#563=FACE_OUTER_BOUND('',#790,.T.);
#564=FACE_OUTER_BOUND('',#791,.T.);
#565=FACE_OUTER_BOUND('',#792,.T.);
#566=FACE_OUTER_BOUND('',#793,.T.);
#567=FACE_OUTER_BOUND('',#794,.T.);
#568=FACE_OUTER_BOUND('',#795,.T.);
#569=FACE_OUTER_BOUND('',#796,.T.);
#570=FACE_OUTER_BOUND('',#797,.T.);
#571=FACE_OUTER_BOUND('',#798,.T.);
#572=FACE_OUTER_BOUND('',#799,.T.);
#573=FACE_OUTER_BOUND('',#800,.T.);
#574=FACE_OUTER_BOUND('',#801,.T.);
#575=FACE_OUTER_BOUND('',#802,.T.);
#576=FACE_OUTER_BOUND('',#803,.T.);
#577=FACE_OUTER_BOUND('',#804,.T.);
#578=FACE_OUTER_BOUND('',#805,.T.);
#579=FACE_OUTER_BOUND('',#806,.T.);
#580=FACE_OUTER_BOUND('',#807,.T.);
#581=FACE_OUTER_BOUND('',#808,.T.);
#582=FACE_OUTER_BOUND('',#809,.T.);
#583=FACE_OUTER_BOUND('',#810,.T.);
#584=FACE_OUTER_BOUND('',#811,.T.);
#585=FACE_OUTER_BOUND('',#812,.T.);
#586=FACE_OUTER_BOUND('',#813,.T.);
#587=FACE_OUTER_BOUND('',#814,.T.);
#588=FACE_OUTER_BOUND('',#815,.T.);
#589=FACE_OUTER_BOUND('',#818,.T.);
#590=FACE_OUTER_BOUND('',#825,.T.);
#591=FACE_OUTER_BOUND('',#826,.T.);
#592=FACE_OUTER_BOUND('',#827,.T.);
#593=FACE_OUTER_BOUND('',#828,.T.);
#594=FACE_OUTER_BOUND('',#829,.T.);
#595=FACE_OUTER_BOUND('',#830,.T.);
#596=FACE_OUTER_BOUND('',#831,.T.);
#597=FACE_OUTER_BOUND('',#832,.T.);
#598=FACE_OUTER_BOUND('',#833,.T.);
#599=FACE_OUTER_BOUND('',#834,.T.);
#600=FACE_OUTER_BOUND('',#835,.T.);
#601=FACE_OUTER_BOUND('',#836,.T.);
#602=FACE_OUTER_BOUND('',#837,.T.);
#603=FACE_OUTER_BOUND('',#838,.T.);
#604=FACE_OUTER_BOUND('',#839,.T.);
#605=FACE_OUTER_BOUND('',#840,.T.);
#606=FACE_OUTER_BOUND('',#841,.T.);
#607=FACE_OUTER_BOUND('',#842,.T.);
#608=FACE_OUTER_BOUND('',#843,.T.);
#609=FACE_OUTER_BOUND('',#844,.T.);
#610=FACE_OUTER_BOUND('',#845,.T.);
#611=FACE_OUTER_BOUND('',#846,.T.);
#612=FACE_OUTER_BOUND('',#847,.T.);
#613=FACE_OUTER_BOUND('',#848,.T.);
#614=FACE_OUTER_BOUND('',#849,.T.);
#615=FACE_OUTER_BOUND('',#850,.T.);
#616=FACE_OUTER_BOUND('',#851,.T.);
#617=FACE_OUTER_BOUND('',#854,.T.);
#618=FACE_OUTER_BOUND('',#855,.T.);
#619=FACE_OUTER_BOUND('',#856,.T.);
#620=FACE_OUTER_BOUND('',#857,.T.);
#621=FACE_OUTER_BOUND('',#858,.T.);
#622=FACE_OUTER_BOUND('',#859,.T.);
#623=FACE_OUTER_BOUND('',#860,.T.);
#624=FACE_OUTER_BOUND('',#861,.T.);
#625=FACE_OUTER_BOUND('',#862,.T.);
#626=FACE_OUTER_BOUND('',#863,.T.);
#627=FACE_OUTER_BOUND('',#864,.T.);
#628=FACE_OUTER_BOUND('',#865,.T.);
#629=FACE_OUTER_BOUND('',#866,.T.);
#630=FACE_OUTER_BOUND('',#867,.T.);
#631=FACE_OUTER_BOUND('',#868,.T.);
#632=FACE_OUTER_BOUND('',#869,.T.);
#633=FACE_OUTER_BOUND('',#870,.T.);
#634=FACE_OUTER_BOUND('',#871,.T.);
#635=FACE_OUTER_BOUND('',#872,.T.);
#636=FACE_OUTER_BOUND('',#873,.T.);
#637=FACE_OUTER_BOUND('',#874,.T.);
#638=FACE_OUTER_BOUND('',#875,.T.);
#639=FACE_OUTER_BOUND('',#876,.T.);
#640=FACE_OUTER_BOUND('',#877,.T.);
#641=FACE_OUTER_BOUND('',#878,.T.);
#642=FACE_OUTER_BOUND('',#879,.T.);
#643=FACE_OUTER_BOUND('',#880,.T.);
#644=FACE_OUTER_BOUND('',#881,.T.);
#645=FACE_OUTER_BOUND('',#882,.T.);
#646=FACE_OUTER_BOUND('',#883,.T.);
#647=FACE_OUTER_BOUND('',#884,.T.);
#648=FACE_OUTER_BOUND('',#885,.T.);
#649=FACE_OUTER_BOUND('',#886,.T.);
#650=FACE_OUTER_BOUND('',#887,.T.);
#651=FACE_OUTER_BOUND('',#888,.T.);
#652=FACE_OUTER_BOUND('',#889,.T.);
#653=FACE_OUTER_BOUND('',#890,.T.);
#654=FACE_OUTER_BOUND('',#891,.T.);
#655=FACE_OUTER_BOUND('',#892,.T.);
#656=FACE_OUTER_BOUND('',#893,.T.);
#657=FACE_OUTER_BOUND('',#894,.T.);
#658=FACE_OUTER_BOUND('',#895,.T.);
#659=FACE_OUTER_BOUND('',#896,.T.);
#660=FACE_OUTER_BOUND('',#897,.T.);
#661=FACE_OUTER_BOUND('',#900,.T.);
#662=FACE_OUTER_BOUND('',#901,.T.);
#663=FACE_OUTER_BOUND('',#902,.T.);
#664=FACE_OUTER_BOUND('',#905,.T.);
#665=FACE_OUTER_BOUND('',#906,.T.);
#666=FACE_OUTER_BOUND('',#907,.T.);
#667=FACE_OUTER_BOUND('',#908,.T.);
#668=FACE_OUTER_BOUND('',#909,.T.);
#669=FACE_OUTER_BOUND('',#910,.T.);
#670=FACE_OUTER_BOUND('',#911,.T.);
#671=FACE_OUTER_BOUND('',#912,.T.);
#672=FACE_OUTER_BOUND('',#913,.T.);
#673=FACE_OUTER_BOUND('',#914,.T.);
#674=FACE_OUTER_BOUND('',#915,.T.);
#675=FACE_OUTER_BOUND('',#916,.T.);
#676=FACE_OUTER_BOUND('',#917,.T.);
#677=FACE_OUTER_BOUND('',#918,.T.);
#678=FACE_OUTER_BOUND('',#919,.T.);
#679=FACE_OUTER_BOUND('',#920,.T.);
#680=FACE_OUTER_BOUND('',#921,.T.);
#681=FACE_OUTER_BOUND('',#922,.T.);
#682=FACE_OUTER_BOUND('',#923,.T.);
#683=FACE_OUTER_BOUND('',#925,.T.);
#684=FACE_OUTER_BOUND('',#926,.T.);
#685=FACE_OUTER_BOUND('',#927,.T.);
#686=FACE_OUTER_BOUND('',#928,.T.);
#687=FACE_OUTER_BOUND('',#929,.T.);
#688=FACE_OUTER_BOUND('',#930,.T.);
#689=FACE_OUTER_BOUND('',#931,.T.);
#690=FACE_OUTER_BOUND('',#932,.T.);
#691=FACE_OUTER_BOUND('',#933,.T.);
#692=EDGE_LOOP('',(#2552,#2553,#2554,#2555));
#693=EDGE_LOOP('',(#2556,#2557,#2558,#2559));
#694=EDGE_LOOP('',(#2560,#2561,#2562,#2563));
#695=EDGE_LOOP('',(#2564,#2565,#2566,#2567));
#696=EDGE_LOOP('',(#2568,#2569,#2570,#2571));
#697=EDGE_LOOP('',(#2572,#2573,#2574,#2575,#2576,#2577,#2578));
#698=EDGE_LOOP('',(#2579,#2580,#2581,#2582));
#699=EDGE_LOOP('',(#2583,#2584,#2585,#2586));
#700=EDGE_LOOP('',(#2587,#2588,#2589,#2590));
#701=EDGE_LOOP('',(#2591));
#702=EDGE_LOOP('',(#2592,#2593,#2594,#2595));
#703=EDGE_LOOP('',(#2596,#2597,#2598,#2599));
#704=EDGE_LOOP('',(#2600));
#705=EDGE_LOOP('',(#2601));
#706=EDGE_LOOP('',(#2602));
#707=EDGE_LOOP('',(#2603,#2604,#2605,#2606));
#708=EDGE_LOOP('',(#2607,#2608,#2609,#2610));
#709=EDGE_LOOP('',(#2611));
#710=EDGE_LOOP('',(#2612));
#711=EDGE_LOOP('',(#2613,#2614,#2615,#2616,#2617,#2618,#2619));
#712=EDGE_LOOP('',(#2620,#2621,#2622,#2623,#2624,#2625,#2626));
#713=EDGE_LOOP('',(#2627,#2628,#2629,#2630,#2631,#2632,#2633,#2634));
#714=EDGE_LOOP('',(#2635,#2636,#2637,#2638));
#715=EDGE_LOOP('',(#2639,#2640,#2641,#2642));
#716=EDGE_LOOP('',(#2643,#2644,#2645,#2646));
#717=EDGE_LOOP('',(#2647,#2648,#2649,#2650));
#718=EDGE_LOOP('',(#2651,#2652,#2653,#2654));
#719=EDGE_LOOP('',(#2655,#2656,#2657,#2658));
#720=EDGE_LOOP('',(#2659,#2660,#2661,#2662,#2663,#2664));
#721=EDGE_LOOP('',(#2665,#2666,#2667,#2668));
#722=EDGE_LOOP('',(#2669,#2670,#2671,#2672));
#723=EDGE_LOOP('',(#2673,#2674,#2675,#2676));
#724=EDGE_LOOP('',(#2677,#2678,#2679,#2680));
#725=EDGE_LOOP('',(#2681,#2682,#2683,#2684));
#726=EDGE_LOOP('',(#2685,#2686,#2687,#2688));
#727=EDGE_LOOP('',(#2689,#2690,#2691,#2692));
#728=EDGE_LOOP('',(#2693,#2694,#2695,#2696));
#729=EDGE_LOOP('',(#2697,#2698,#2699,#2700));
#730=EDGE_LOOP('',(#2701,#2702,#2703,#2704));
#731=EDGE_LOOP('',(#2705,#2706,#2707,#2708));
#732=EDGE_LOOP('',(#2709,#2710,#2711,#2712));
#733=EDGE_LOOP('',(#2713,#2714,#2715,#2716));
#734=EDGE_LOOP('',(#2717,#2718,#2719,#2720,#2721,#2722,#2723,#2724));
#735=EDGE_LOOP('',(#2725,#2726,#2727,#2728));
#736=EDGE_LOOP('',(#2729,#2730,#2731,#2732));
#737=EDGE_LOOP('',(#2733,#2734,#2735,#2736));
#738=EDGE_LOOP('',(#2737,#2738,#2739,#2740));
#739=EDGE_LOOP('',(#2741,#2742,#2743,#2744));
#740=EDGE_LOOP('',(#2745,#2746,#2747,#2748));
#741=EDGE_LOOP('',(#2749,#2750,#2751,#2752));
#742=EDGE_LOOP('',(#2753,#2754,#2755,#2756));
#743=EDGE_LOOP('',(#2757,#2758,#2759,#2760));
#744=EDGE_LOOP('',(#2761,#2762,#2763,#2764));
#745=EDGE_LOOP('',(#2765,#2766,#2767,#2768));
#746=EDGE_LOOP('',(#2769,#2770,#2771,#2772));
#747=EDGE_LOOP('',(#2773,#2774,#2775,#2776));
#748=EDGE_LOOP('',(#2777,#2778,#2779,#2780));
#749=EDGE_LOOP('',(#2781,#2782,#2783,#2784));
#750=EDGE_LOOP('',(#2785,#2786,#2787,#2788));
#751=EDGE_LOOP('',(#2789,#2790,#2791,#2792));
#752=EDGE_LOOP('',(#2793,#2794,#2795,#2796));
#753=EDGE_LOOP('',(#2797,#2798,#2799,#2800));
#754=EDGE_LOOP('',(#2801,#2802,#2803,#2804));
#755=EDGE_LOOP('',(#2805,#2806,#2807,#2808));
#756=EDGE_LOOP('',(#2809,#2810,#2811,#2812,#2813,#2814,#2815,#2816,#2817,
#2818,#2819,#2820,#2821,#2822));
#757=EDGE_LOOP('',(#2823,#2824,#2825,#2826,#2827,#2828,#2829));
#758=EDGE_LOOP('',(#2830,#2831,#2832,#2833));
#759=EDGE_LOOP('',(#2834,#2835,#2836,#2837));
#760=EDGE_LOOP('',(#2838,#2839,#2840,#2841));
#761=EDGE_LOOP('',(#2842,#2843,#2844,#2845));
#762=EDGE_LOOP('',(#2846,#2847,#2848,#2849));
#763=EDGE_LOOP('',(#2850,#2851,#2852,#2853));
#764=EDGE_LOOP('',(#2854,#2855,#2856,#2857));
#765=EDGE_LOOP('',(#2858,#2859,#2860,#2861));
#766=EDGE_LOOP('',(#2862,#2863,#2864,#2865));
#767=EDGE_LOOP('',(#2866,#2867,#2868,#2869));
#768=EDGE_LOOP('',(#2870,#2871,#2872,#2873));
#769=EDGE_LOOP('',(#2874,#2875,#2876,#2877));
#770=EDGE_LOOP('',(#2878,#2879,#2880,#2881));
#771=EDGE_LOOP('',(#2882,#2883,#2884,#2885));
#772=EDGE_LOOP('',(#2886,#2887,#2888,#2889));
#773=EDGE_LOOP('',(#2890,#2891,#2892,#2893));
#774=EDGE_LOOP('',(#2894,#2895,#2896,#2897));
#775=EDGE_LOOP('',(#2898,#2899,#2900,#2901));
#776=EDGE_LOOP('',(#2902,#2903,#2904,#2905));
#777=EDGE_LOOP('',(#2906,#2907,#2908,#2909));
#778=EDGE_LOOP('',(#2910,#2911,#2912,#2913,#2914,#2915,#2916,#2917,#2918,
#2919,#2920,#2921,#2922,#2923,#2924,#2925,#2926,#2927,#2928,#2929));
#779=EDGE_LOOP('',(#2930,#2931,#2932,#2933));
#780=EDGE_LOOP('',(#2934,#2935,#2936,#2937));
#781=EDGE_LOOP('',(#2938,#2939,#2940,#2941));
#782=EDGE_LOOP('',(#2942,#2943,#2944,#2945));
#783=EDGE_LOOP('',(#2946,#2947,#2948,#2949));
#784=EDGE_LOOP('',(#2950,#2951,#2952,#2953));
#785=EDGE_LOOP('',(#2954,#2955,#2956,#2957));
#786=EDGE_LOOP('',(#2958,#2959,#2960,#2961));
#787=EDGE_LOOP('',(#2962,#2963,#2964,#2965));
#788=EDGE_LOOP('',(#2966,#2967,#2968,#2969));
#789=EDGE_LOOP('',(#2970,#2971,#2972,#2973));
#790=EDGE_LOOP('',(#2974,#2975,#2976,#2977,#2978,#2979,#2980,#2981,#2982,
#2983,#2984));
#791=EDGE_LOOP('',(#2985,#2986,#2987,#2988));
#792=EDGE_LOOP('',(#2989,#2990,#2991,#2992));
#793=EDGE_LOOP('',(#2993,#2994,#2995,#2996));
#794=EDGE_LOOP('',(#2997,#2998,#2999,#3000));
#795=EDGE_LOOP('',(#3001,#3002,#3003,#3004));
#796=EDGE_LOOP('',(#3005,#3006,#3007,#3008));
#797=EDGE_LOOP('',(#3009,#3010,#3011,#3012));
#798=EDGE_LOOP('',(#3013,#3014,#3015,#3016));
#799=EDGE_LOOP('',(#3017,#3018,#3019,#3020));
#800=EDGE_LOOP('',(#3021,#3022,#3023,#3024));
#801=EDGE_LOOP('',(#3025,#3026,#3027,#3028));
#802=EDGE_LOOP('',(#3029,#3030,#3031,#3032));
#803=EDGE_LOOP('',(#3033,#3034,#3035,#3036));
#804=EDGE_LOOP('',(#3037,#3038,#3039,#3040));
#805=EDGE_LOOP('',(#3041,#3042,#3043,#3044));
#806=EDGE_LOOP('',(#3045,#3046,#3047,#3048));
#807=EDGE_LOOP('',(#3049,#3050,#3051,#3052));
#808=EDGE_LOOP('',(#3053,#3054,#3055,#3056));
#809=EDGE_LOOP('',(#3057,#3058,#3059,#3060));
#810=EDGE_LOOP('',(#3061,#3062,#3063,#3064));
#811=EDGE_LOOP('',(#3065,#3066,#3067,#3068));
#812=EDGE_LOOP('',(#3069,#3070,#3071,#3072));
#813=EDGE_LOOP('',(#3073,#3074,#3075,#3076));
#814=EDGE_LOOP('',(#3077,#3078,#3079,#3080));
#815=EDGE_LOOP('',(#3081,#3082,#3083,#3084,#3085,#3086,#3087,#3088,#3089,
#3090));
#816=EDGE_LOOP('',(#3091,#3092,#3093,#3094,#3095,#3096,#3097));
#817=EDGE_LOOP('',(#3098,#3099,#3100,#3101,#3102,#3103,#3104));
#818=EDGE_LOOP('',(#3105,#3106,#3107,#3108,#3109,#3110,#3111,#3112,#3113,
#3114));
#819=EDGE_LOOP('',(#3115,#3116,#3117,#3118,#3119,#3120,#3121,#3122,#3123,
#3124));
#820=EDGE_LOOP('',(#3125,#3126,#3127,#3128,#3129,#3130,#3131,#3132,#3133,
#3134,#3135));
#821=EDGE_LOOP('',(#3136,#3137,#3138,#3139,#3140,#3141,#3142,#3143,#3144,
#3145,#3146,#3147,#3148,#3149,#3150,#3151,#3152,#3153,#3154,#3155));
#822=EDGE_LOOP('',(#3156,#3157,#3158,#3159,#3160,#3161,#3162,#3163,#3164,
#3165,#3166,#3167,#3168,#3169));
#823=EDGE_LOOP('',(#3170,#3171,#3172,#3173));
#824=EDGE_LOOP('',(#3174,#3175,#3176,#3177,#3178,#3179));
#825=EDGE_LOOP('',(#3180,#3181,#3182,#3183));
#826=EDGE_LOOP('',(#3184,#3185,#3186,#3187));
#827=EDGE_LOOP('',(#3188,#3189,#3190,#3191));
#828=EDGE_LOOP('',(#3192,#3193,#3194,#3195));
#829=EDGE_LOOP('',(#3196,#3197,#3198,#3199));
#830=EDGE_LOOP('',(#3200,#3201,#3202,#3203));
#831=EDGE_LOOP('',(#3204,#3205,#3206,#3207));
#832=EDGE_LOOP('',(#3208,#3209,#3210,#3211));
#833=EDGE_LOOP('',(#3212,#3213,#3214,#3215));
#834=EDGE_LOOP('',(#3216,#3217,#3218,#3219));
#835=EDGE_LOOP('',(#3220,#3221,#3222,#3223));
#836=EDGE_LOOP('',(#3224,#3225,#3226,#3227));
#837=EDGE_LOOP('',(#3228,#3229,#3230,#3231));
#838=EDGE_LOOP('',(#3232,#3233,#3234,#3235));
#839=EDGE_LOOP('',(#3236,#3237,#3238,#3239));
#840=EDGE_LOOP('',(#3240,#3241,#3242,#3243));
#841=EDGE_LOOP('',(#3244,#3245,#3246,#3247));
#842=EDGE_LOOP('',(#3248,#3249,#3250,#3251));
#843=EDGE_LOOP('',(#3252,#3253,#3254,#3255));
#844=EDGE_LOOP('',(#3256,#3257,#3258,#3259));
#845=EDGE_LOOP('',(#3260,#3261,#3262));
#846=EDGE_LOOP('',(#3263,#3264,#3265));
#847=EDGE_LOOP('',(#3266,#3267,#3268));
#848=EDGE_LOOP('',(#3269,#3270,#3271));
#849=EDGE_LOOP('',(#3272,#3273,#3274,#3275));
#850=EDGE_LOOP('',(#3276,#3277,#3278,#3279,#3280,#3281));
#851=EDGE_LOOP('',(#3282,#3283,#3284,#3285,#3286,#3287,#3288,#3289,#3290,
#3291,#3292,#3293,#3294,#3295,#3296,#3297,#3298,#3299,#3300,#3301));
#852=EDGE_LOOP('',(#3302));
#853=EDGE_LOOP('',(#3303));
#854=EDGE_LOOP('',(#3304,#3305,#3306,#3307));
#855=EDGE_LOOP('',(#3308,#3309,#3310,#3311));
#856=EDGE_LOOP('',(#3312,#3313,#3314,#3315));
#857=EDGE_LOOP('',(#3316,#3317,#3318,#3319,#3320,#3321,#3322,#3323,#3324,
#3325,#3326,#3327));
#858=EDGE_LOOP('',(#3328,#3329,#3330,#3331,#3332,#3333,#3334,#3335,#3336,
#3337,#3338,#3339,#3340,#3341,#3342,#3343,#3344,#3345,#3346,#3347));
#859=EDGE_LOOP('',(#3348,#3349,#3350,#3351));
#860=EDGE_LOOP('',(#3352,#3353,#3354,#3355));
#861=EDGE_LOOP('',(#3356,#3357,#3358,#3359));
#862=EDGE_LOOP('',(#3360,#3361,#3362,#3363));
#863=EDGE_LOOP('',(#3364,#3365,#3366,#3367));
#864=EDGE_LOOP('',(#3368,#3369,#3370,#3371));
#865=EDGE_LOOP('',(#3372,#3373,#3374,#3375));
#866=EDGE_LOOP('',(#3376,#3377,#3378,#3379));
#867=EDGE_LOOP('',(#3380,#3381,#3382,#3383));
#868=EDGE_LOOP('',(#3384,#3385,#3386,#3387));
#869=EDGE_LOOP('',(#3388,#3389,#3390,#3391));
#870=EDGE_LOOP('',(#3392,#3393,#3394,#3395));
#871=EDGE_LOOP('',(#3396,#3397,#3398,#3399));
#872=EDGE_LOOP('',(#3400,#3401,#3402,#3403));
#873=EDGE_LOOP('',(#3404,#3405,#3406,#3407));
#874=EDGE_LOOP('',(#3408,#3409,#3410,#3411));
#875=EDGE_LOOP('',(#3412,#3413,#3414,#3415));
#876=EDGE_LOOP('',(#3416,#3417,#3418,#3419));
#877=EDGE_LOOP('',(#3420,#3421,#3422,#3423));
#878=EDGE_LOOP('',(#3424,#3425,#3426,#3427));
#879=EDGE_LOOP('',(#3428,#3429,#3430,#3431));
#880=EDGE_LOOP('',(#3432,#3433,#3434,#3435));
#881=EDGE_LOOP('',(#3436,#3437,#3438,#3439));
#882=EDGE_LOOP('',(#3440,#3441,#3442,#3443,#3444,#3445,#3446,#3447,#3448,
#3449));
#883=EDGE_LOOP('',(#3450,#3451,#3452,#3453));
#884=EDGE_LOOP('',(#3454,#3455,#3456,#3457));
#885=EDGE_LOOP('',(#3458,#3459,#3460,#3461));
#886=EDGE_LOOP('',(#3462,#3463,#3464,#3465));
#887=EDGE_LOOP('',(#3466,#3467,#3468,#3469));
#888=EDGE_LOOP('',(#3470,#3471,#3472,#3473));
#889=EDGE_LOOP('',(#3474,#3475,#3476,#3477));
#890=EDGE_LOOP('',(#3478,#3479,#3480,#3481));
#891=EDGE_LOOP('',(#3482,#3483,#3484,#3485));
#892=EDGE_LOOP('',(#3486,#3487,#3488,#3489));
#893=EDGE_LOOP('',(#3490,#3491,#3492,#3493));
#894=EDGE_LOOP('',(#3494,#3495,#3496,#3497));
#895=EDGE_LOOP('',(#3498,#3499,#3500,#3501));
#896=EDGE_LOOP('',(#3502,#3503,#3504,#3505));
#897=EDGE_LOOP('',(#3506,#3507,#3508,#3509,#3510,#3511,#3512,#3513,#3514,
#3515,#3516,#3517,#3518,#3519,#3520,#3521));
#898=EDGE_LOOP('',(#3522));
#899=EDGE_LOOP('',(#3523));
#900=EDGE_LOOP('',(#3524,#3525,#3526,#3527));
#901=EDGE_LOOP('',(#3528,#3529,#3530,#3531));
#902=EDGE_LOOP('',(#3532,#3533,#3534,#3535,#3536,#3537));
#903=EDGE_LOOP('',(#3538));
#904=EDGE_LOOP('',(#3539));
#905=EDGE_LOOP('',(#3540,#3541,#3542,#3543));
#906=EDGE_LOOP('',(#3544,#3545,#3546,#3547));
#907=EDGE_LOOP('',(#3548,#3549,#3550,#3551,#3552,#3553,#3554,#3555,#3556,
#3557,#3558,#3559,#3560,#3561,#3562,#3563));
#908=EDGE_LOOP('',(#3564,#3565,#3566,#3567));
#909=EDGE_LOOP('',(#3568,#3569,#3570,#3571));
#910=EDGE_LOOP('',(#3572,#3573,#3574,#3575));
#911=EDGE_LOOP('',(#3576,#3577,#3578,#3579));
#912=EDGE_LOOP('',(#3580,#3581,#3582,#3583));
#913=EDGE_LOOP('',(#3584,#3585,#3586,#3587));
#914=EDGE_LOOP('',(#3588,#3589,#3590,#3591));
#915=EDGE_LOOP('',(#3592,#3593,#3594,#3595));
#916=EDGE_LOOP('',(#3596,#3597,#3598,#3599));
#917=EDGE_LOOP('',(#3600,#3601,#3602,#3603));
#918=EDGE_LOOP('',(#3604,#3605,#3606,#3607));
#919=EDGE_LOOP('',(#3608,#3609,#3610,#3611));
#920=EDGE_LOOP('',(#3612,#3613,#3614,#3615));
#921=EDGE_LOOP('',(#3616,#3617,#3618,#3619));
#922=EDGE_LOOP('',(#3620,#3621,#3622,#3623));
#923=EDGE_LOOP('',(#3624));
#924=EDGE_LOOP('',(#3625,#3626,#3627,#3628,#3629,#3630,#3631,#3632,#3633,
#3634,#3635,#3636,#3637,#3638,#3639,#3640,#3641,#3642,#3643,#3644));
#925=EDGE_LOOP('',(#3645,#3646,#3647,#3648));
#926=EDGE_LOOP('',(#3649,#3650,#3651,#3652));
#927=EDGE_LOOP('',(#3653,#3654,#3655,#3656));
#928=EDGE_LOOP('',(#3657,#3658,#3659,#3660));
#929=EDGE_LOOP('',(#3661,#3662,#3663,#3664));
#930=EDGE_LOOP('',(#3665,#3666,#3667,#3668,#3669,#3670,#3671,#3672,#3673,
#3674,#3675,#3676,#3677,#3678,#3679,#3680,#3681,#3682,#3683,#3684));
#931=EDGE_LOOP('',(#3685,#3686,#3687,#3688));
#932=EDGE_LOOP('',(#3689));
#933=EDGE_LOOP('',(#3690,#3691,#3692,#3693));
#934=ELLIPSE('',#3990,5.00298554799594,5.);
#935=ELLIPSE('',#3991,5.00146314120114,5.);
#936=ELLIPSE('',#3994,3.50208988359716,3.5);
#937=ELLIPSE('',#3996,5.00298554799594,5.);
#938=ELLIPSE('',#3997,5.00146314120114,5.);
#939=ELLIPSE('',#4000,3.50208988359716,3.5);
#940=ELLIPSE('',#4067,4.50231681437402,4.5);
#941=ELLIPSE('',#4068,4.50231681437402,4.5);
#942=ELLIPSE('',#4071,4.00260623806477,4.);
#943=ELLIPSE('',#4072,4.00205939055468,4.);
#944=ELLIPSE('',#4077,4.00260623806477,4.);
#945=ELLIPSE('',#4078,4.00205939055468,4.);
#946=ELLIPSE('',#4081,0.500277989732169,0.5);
#947=ELLIPSE('',#4091,0.500277989732169,0.5);
#948=ELLIPSE('',#4096,0.500277989732169,0.5);
#949=ELLIPSE('',#4111,0.500277989732169,0.5);
#950=ELLIPSE('',#4167,4.75244552628369,4.75);
#951=ELLIPSE('',#4168,4.75195787636416,4.75);
#952=ELLIPSE('',#4170,4.25218810246435,4.25);
#953=ELLIPSE('',#4172,4.75244552628369,4.75);
#954=ELLIPSE('',#4173,4.75195787636416,4.75);
#955=ELLIPSE('',#4175,4.25218810246435,4.25);
#956=LINE('',#5169,#1284);
#957=LINE('',#5173,#1285);
#958=LINE('',#5213,#1286);
#959=LINE('',#5217,#1287);
#960=LINE('',#5257,#1288);
#961=LINE('',#5259,#1289);
#962=LINE('',#5261,#1290);
#963=LINE('',#5262,#1291);
#964=LINE('',#5266,#1292);
#965=LINE('',#5268,#1293);
#966=LINE('',#5289,#1294);
#967=LINE('',#5291,#1295);
#968=LINE('',#5292,#1296);
#969=LINE('',#5294,#1297);
#970=LINE('',#5298,#1298);
#971=LINE('',#5299,#1299);
#972=LINE('',#5300,#1300);
#973=LINE('',#5306,#1301);
#974=LINE('',#5312,#1302);
#975=LINE('',#5320,#1303);
#976=LINE('',#5326,#1304);
#977=LINE('',#5332,#1305);
#978=LINE('',#5334,#1306);
#979=LINE('',#5355,#1307);
#980=LINE('',#5436,#1308);
#981=LINE('',#5438,#1309);
#982=LINE('',#5440,#1310);
#983=LINE('',#5441,#1311);
#984=LINE('',#5444,#1312);
#985=LINE('',#5446,#1313);
#986=LINE('',#5447,#1314);
#987=LINE('',#5450,#1315);
#988=LINE('',#5452,#1316);
#989=LINE('',#5453,#1317);
#990=LINE('',#5456,#1318);
#991=LINE('',#5458,#1319);
#992=LINE('',#5459,#1320);
#993=LINE('',#5462,#1321);
#994=LINE('',#5464,#1322);
#995=LINE('',#5465,#1323);
#996=LINE('',#5467,#1324);
#997=LINE('',#5468,#1325);
#998=LINE('',#5487,#1326);
#999=LINE('',#5493,#1327);
#1000=LINE('',#5514,#1328);
#1001=LINE('',#5531,#1329);
#1002=LINE('',#5532,#1330);
#1003=LINE('',#5548,#1331);
#1004=LINE('',#5564,#1332);
#1005=LINE('',#5580,#1333);
#1006=LINE('',#5601,#1334);
#1007=LINE('',#5635,#1335);
#1008=LINE('',#5651,#1336);
#1009=LINE('',#5667,#1337);
#1010=LINE('',#5686,#1338);
#1011=LINE('',#5688,#1339);
#1012=LINE('',#5690,#1340);
#1013=LINE('',#5691,#1341);
#1014=LINE('',#5694,#1342);
#1015=LINE('',#5696,#1343);
#1016=LINE('',#5697,#1344);
#1017=LINE('',#5718,#1345);
#1018=LINE('',#5739,#1346);
#1019=LINE('',#5760,#1347);
#1020=LINE('',#5781,#1348);
#1021=LINE('',#5802,#1349);
#1022=LINE('',#5819,#1350);
#1023=LINE('',#5820,#1351);
#1024=LINE('',#5836,#1352);
#1025=LINE('',#5852,#1353);
#1026=LINE('',#5873,#1354);
#1027=LINE('',#5894,#1355);
#1028=LINE('',#5915,#1356);
#1029=LINE('',#5936,#1357);
#1030=LINE('',#5957,#1358);
#1031=LINE('',#5978,#1359);
#1032=LINE('',#6012,#1360);
#1033=LINE('',#6028,#1361);
#1034=LINE('',#6044,#1362);
#1035=LINE('',#6077,#1363);
#1036=LINE('',#6083,#1364);
#1037=LINE('',#6104,#1365);
#1038=LINE('',#6125,#1366);
#1039=LINE('',#6146,#1367);
#1040=LINE('',#6167,#1368);
#1041=LINE('',#6188,#1369);
#1042=LINE('',#6209,#1370);
#1043=LINE('',#6212,#1371);
#1044=LINE('',#6214,#1372);
#1045=LINE('',#6215,#1373);
#1046=LINE('',#6218,#1374);
#1047=LINE('',#6220,#1375);
#1048=LINE('',#6221,#1376);
#1049=LINE('',#6242,#1377);
#1050=LINE('',#6263,#1378);
#1051=LINE('',#6284,#1379);
#1052=LINE('',#6305,#1380);
#1053=LINE('',#6326,#1381);
#1054=LINE('',#6347,#1382);
#1055=LINE('',#6350,#1383);
#1056=LINE('',#6352,#1384);
#1057=LINE('',#6353,#1385);
#1058=LINE('',#6356,#1386);
#1059=LINE('',#6358,#1387);
#1060=LINE('',#6359,#1388);
#1061=LINE('',#6362,#1389);
#1062=LINE('',#6364,#1390);
#1063=LINE('',#6365,#1391);
#1064=LINE('',#6368,#1392);
#1065=LINE('',#6370,#1393);
#1066=LINE('',#6371,#1394);
#1067=LINE('',#6373,#1395);
#1068=LINE('',#6374,#1396);
#1069=LINE('',#6393,#1397);
#1070=LINE('',#6399,#1398);
#1071=LINE('',#6402,#1399);
#1072=LINE('',#6404,#1400);
#1073=LINE('',#6405,#1401);
#1074=LINE('',#6408,#1402);
#1075=LINE('',#6410,#1403);
#1076=LINE('',#6411,#1404);
#1077=LINE('',#6414,#1405);
#1078=LINE('',#6416,#1406);
#1079=LINE('',#6417,#1407);
#1080=LINE('',#6420,#1408);
#1081=LINE('',#6422,#1409);
#1082=LINE('',#6423,#1410);
#1083=LINE('',#6426,#1411);
#1084=LINE('',#6428,#1412);
#1085=LINE('',#6429,#1413);
#1086=LINE('',#6432,#1414);
#1087=LINE('',#6434,#1415);
#1088=LINE('',#6435,#1416);
#1089=LINE('',#6438,#1417);
#1090=LINE('',#6440,#1418);
#1091=LINE('',#6441,#1419);
#1092=LINE('',#6444,#1420);
#1093=LINE('',#6446,#1421);
#1094=LINE('',#6447,#1422);
#1095=LINE('',#6450,#1423);
#1096=LINE('',#6452,#1424);
#1097=LINE('',#6453,#1425);
#1098=LINE('',#6455,#1426);
#1099=LINE('',#6456,#1427);
#1100=LINE('',#6475,#1428);
#1101=LINE('',#6481,#1429);
#1102=LINE('',#6502,#1430);
#1103=LINE('',#6505,#1431);
#1104=LINE('',#6507,#1432);
#1105=LINE('',#6508,#1433);
#1106=LINE('',#6511,#1434);
#1107=LINE('',#6513,#1435);
#1108=LINE('',#6514,#1436);
#1109=LINE('',#6517,#1437);
#1110=LINE('',#6519,#1438);
#1111=LINE('',#6520,#1439);
#1112=LINE('',#6537,#1440);
#1113=LINE('',#6538,#1441);
#1114=LINE('',#6554,#1442);
#1115=LINE('',#6557,#1443);
#1116=LINE('',#6558,#1444);
#1117=LINE('',#6575,#1445);
#1118=LINE('',#6576,#1446);
#1119=LINE('',#6592,#1447);
#1120=LINE('',#6595,#1448);
#1121=LINE('',#6596,#1449);
#1122=LINE('',#6617,#1450);
#1123=LINE('',#6638,#1451);
#1124=LINE('',#6659,#1452);
#1125=LINE('',#6662,#1453);
#1126=LINE('',#6664,#1454);
#1127=LINE('',#6665,#1455);
#1128=LINE('',#6699,#1456);
#1129=LINE('',#6715,#1457);
#1130=LINE('',#6718,#1458);
#1131=LINE('',#6719,#1459);
#1132=LINE('',#6721,#1460);
#1133=LINE('',#6737,#1461);
#1134=LINE('',#6753,#1462);
#1135=LINE('',#6756,#1463);
#1136=LINE('',#6757,#1464);
#1137=LINE('',#6759,#1465);
#1138=LINE('',#6764,#1466);
#1139=LINE('',#6766,#1467);
#1140=LINE('',#6768,#1468);
#1141=LINE('',#6772,#1469);
#1142=LINE('',#6774,#1470);
#1143=LINE('',#6776,#1471);
#1144=LINE('',#6780,#1472);
#1145=LINE('',#6781,#1473);
#1146=LINE('',#6785,#1474);
#1147=LINE('',#6787,#1475);
#1148=LINE('',#6789,#1476);
#1149=LINE('',#6790,#1477);
#1150=LINE('',#6796,#1478);
#1151=LINE('',#6800,#1479);
#1152=LINE('',#6801,#1480);
#1153=LINE('',#6802,#1481);
#1154=LINE('',#6806,#1482);
#1155=LINE('',#6808,#1483);
#1156=LINE('',#6810,#1484);
#1157=LINE('',#6811,#1485);
#1158=LINE('',#6815,#1486);
#1159=LINE('',#6817,#1487);
#1160=LINE('',#6819,#1488);
#1161=LINE('',#6820,#1489);
#1162=LINE('',#6826,#1490);
#1163=LINE('',#6830,#1491);
#1164=LINE('',#6831,#1492);
#1165=LINE('',#6832,#1493);
#1166=LINE('',#6838,#1494);
#1167=LINE('',#6842,#1495);
#1168=LINE('',#6928,#1496);
#1169=LINE('',#6931,#1497);
#1170=LINE('',#6932,#1498);
#1171=LINE('',#6936,#1499);
#1172=LINE('',#6937,#1500);
#1173=LINE('',#6938,#1501);
#1174=LINE('',#6939,#1502);
#1175=LINE('',#6943,#1503);
#1176=LINE('',#6945,#1504);
#1177=LINE('',#6947,#1505);
#1178=LINE('',#6953,#1506);
#1179=LINE('',#6955,#1507);
#1180=LINE('',#6963,#1508);
#1181=LINE('',#6971,#1509);
#1182=LINE('',#6973,#1510);
#1183=LINE('',#6975,#1511);
#1184=LINE('',#6983,#1512);
#1185=LINE('',#6990,#1513);
#1186=LINE('',#6993,#1514);
#1187=LINE('',#6996,#1515);
#1188=LINE('',#6999,#1516);
#1189=LINE('',#7001,#1517);
#1190=LINE('',#7002,#1518);
#1191=LINE('',#7006,#1519);
#1192=LINE('',#7010,#1520);
#1193=LINE('',#7014,#1521);
#1194=LINE('',#7017,#1522);
#1195=LINE('',#7018,#1523);
#1196=LINE('',#7022,#1524);
#1197=LINE('',#7028,#1525);
#1198=LINE('',#7029,#1526);
#1199=LINE('',#7030,#1527);
#1200=LINE('',#7033,#1528);
#1201=LINE('',#7035,#1529);
#1202=LINE('',#7036,#1530);
#1203=LINE('',#7040,#1531);
#1204=LINE('',#7044,#1532);
#1205=LINE('',#7050,#1533);
#1206=LINE('',#7052,#1534);
#1207=LINE('',#7054,#1535);
#1208=LINE('',#7055,#1536);
#1209=LINE('',#7061,#1537);
#1210=LINE('',#7067,#1538);
#1211=LINE('',#7100,#1539);
#1212=LINE('',#7134,#1540);
#1213=LINE('',#7138,#1541);
#1214=LINE('',#7144,#1542);
#1215=LINE('',#7148,#1543);
#1216=LINE('',#7153,#1544);
#1217=LINE('',#7155,#1545);
#1218=LINE('',#7163,#1546);
#1219=LINE('',#7170,#1547);
#1220=LINE('',#7173,#1548);
#1221=LINE('',#7175,#1549);
#1222=LINE('',#7176,#1550);
#1223=LINE('',#7180,#1551);
#1224=LINE('',#7184,#1552);
#1225=LINE('',#7208,#1553);
#1226=LINE('',#7209,#1554);
#1227=LINE('',#7212,#1555);
#1228=LINE('',#7213,#1556);
#1229=LINE('',#7215,#1557);
#1230=LINE('',#7216,#1558);
#1231=LINE('',#7219,#1559);
#1232=LINE('',#7220,#1560);
#1233=LINE('',#7224,#1561);
#1234=LINE('',#7227,#1562);
#1235=LINE('',#7228,#1563);
#1236=LINE('',#7232,#1564);
#1237=LINE('',#7234,#1565);
#1238=LINE('',#7240,#1566);
#1239=LINE('',#7242,#1567);
#1240=LINE('',#7244,#1568);
#1241=LINE('',#7245,#1569);
#1242=LINE('',#7248,#1570);
#1243=LINE('',#7253,#1571);
#1244=LINE('',#7264,#1572);
#1245=LINE('',#7266,#1573);
#1246=LINE('',#7267,#1574);
#1247=LINE('',#7270,#1575);
#1248=LINE('',#7272,#1576);
#1249=LINE('',#7273,#1577);
#1250=LINE('',#7277,#1578);
#1251=LINE('',#7279,#1579);
#1252=LINE('',#7281,#1580);
#1253=LINE('',#7282,#1581);
#1254=LINE('',#7285,#1582);
#1255=LINE('',#7290,#1583);
#1256=LINE('',#7301,#1584);
#1257=LINE('',#7303,#1585);
#1258=LINE('',#7304,#1586);
#1259=LINE('',#7306,#1587);
#1260=LINE('',#7307,#1588);
#1261=LINE('',#7311,#1589);
#1262=LINE('',#7313,#1590);
#1263=LINE('',#7315,#1591);
#1264=LINE('',#7316,#1592);
#1265=LINE('',#7319,#1593);
#1266=LINE('',#7324,#1594);
#1267=LINE('',#7335,#1595);
#1268=LINE('',#7337,#1596);
#1269=LINE('',#7338,#1597);
#1270=LINE('',#7340,#1598);
#1271=LINE('',#7341,#1599);
#1272=LINE('',#7346,#1600);
#1273=LINE('',#7348,#1601);
#1274=LINE('',#7352,#1602);
#1275=LINE('',#7353,#1603);
#1276=LINE('',#7356,#1604);
#1277=LINE('',#7357,#1605);
#1278=LINE('',#7363,#1606);
#1279=LINE('',#7372,#1607);
#1280=LINE('',#7373,#1608);
#1281=LINE('',#7375,#1609);
#1282=LINE('',#7381,#1610);
#1283=LINE('',#7385,#1611);
#1284=VECTOR('',#4276,25.5518964450404);
#1285=VECTOR('',#4279,25.5518964450404);
#1286=VECTOR('',#4290,25.5518964450404);
#1287=VECTOR('',#4293,25.5518964450404);
#1288=VECTOR('',#4304,10.);
#1289=VECTOR('',#4305,31.5855076709637);
#1290=VECTOR('',#4306,24.5758721768205);
#1291=VECTOR('',#4307,32.70029698674);
#1292=VECTOR('',#4310,0.585089149723372);
#1293=VECTOR('',#4311,0.301458675480739);
#1294=VECTOR('',#4312,0.254457054034818);
#1295=VECTOR('',#4315,40.6029851021882);
#1296=VECTOR('',#4316,39.3547806206221);
#1297=VECTOR('',#4319,39.3547806206221);
#1298=VECTOR('',#4322,10.);
#1299=VECTOR('',#4323,40.6029851021882);
#1300=VECTOR('',#4324,39.3547806206221);
#1301=VECTOR('',#4331,1.321);
#1302=VECTOR('',#4338,1.95);
#1303=VECTOR('',#4349,1.321);
#1304=VECTOR('',#4356,1.95);
#1305=VECTOR('',#4363,0.739059978597942);
#1306=VECTOR('',#4364,0.215559160424399);
#1307=VECTOR('',#4365,0.301458675480739);
#1308=VECTOR('',#4372,0.893030807472512);
#1309=VECTOR('',#4373,0.200000000000005);
#1310=VECTOR('',#4374,0.893030807472512);
#1311=VECTOR('',#4375,0.200000000000005);
#1312=VECTOR('',#4378,1.76337117700561);
#1313=VECTOR('',#4379,1.76337117700561);
#1314=VECTOR('',#4380,0.200000000000005);
#1315=VECTOR('',#4383,0.265802273004523);
#1316=VECTOR('',#4384,0.265802273004523);
#1317=VECTOR('',#4385,0.200000000000005);
#1318=VECTOR('',#4388,2.00000002980232);
#1319=VECTOR('',#4389,2.00000002980232);
#1320=VECTOR('',#4390,0.200000000000005);
#1321=VECTOR('',#4393,1.15883308047704);
#1322=VECTOR('',#4394,1.15883308047704);
#1323=VECTOR('',#4395,0.200000000000005);
#1324=VECTOR('',#4398,0.236628852796708);
#1325=VECTOR('',#4399,0.236628852796708);
#1326=VECTOR('',#4402,0.200000000000005);
#1327=VECTOR('',#4403,0.200000000000005);
#1328=VECTOR('',#4404,0.200000000000005);
#1329=VECTOR('',#4405,0.200000000000005);
#1330=VECTOR('',#4406,0.200000000000005);
#1331=VECTOR('',#4407,0.200000000000005);
#1332=VECTOR('',#4408,0.200000000000005);
#1333=VECTOR('',#4409,0.200000000000005);
#1334=VECTOR('',#4410,0.200000000000005);
#1335=VECTOR('',#4411,0.200000000000005);
#1336=VECTOR('',#4412,0.200000000000005);
#1337=VECTOR('',#4413,0.200000000000005);
#1338=VECTOR('',#4418,0.0129659645368063);
#1339=VECTOR('',#4419,0.200000000000005);
#1340=VECTOR('',#4420,0.0129659645368063);
#1341=VECTOR('',#4421,0.200000000000005);
#1342=VECTOR('',#4424,0.257698545169021);
#1343=VECTOR('',#4425,0.257698545169021);
#1344=VECTOR('',#4426,0.200000000000005);
#1345=VECTOR('',#4427,0.200000000000005);
#1346=VECTOR('',#4428,0.200000000000005);
#1347=VECTOR('',#4429,0.200000000000005);
#1348=VECTOR('',#4430,0.200000000000005);
#1349=VECTOR('',#4431,0.200000000000005);
#1350=VECTOR('',#4432,0.200000000000005);
#1351=VECTOR('',#4433,0.200000000000005);
#1352=VECTOR('',#4434,0.200000000000005);
#1353=VECTOR('',#4435,0.200000000000005);
#1354=VECTOR('',#4436,0.200000000000005);
#1355=VECTOR('',#4437,0.200000000000005);
#1356=VECTOR('',#4438,0.200000000000005);
#1357=VECTOR('',#4439,0.200000000000005);
#1358=VECTOR('',#4440,0.200000000000005);
#1359=VECTOR('',#4441,0.200000000000005);
#1360=VECTOR('',#4442,0.200000000000005);
#1361=VECTOR('',#4443,0.200000000000005);
#1362=VECTOR('',#4444,0.200000000000005);
#1363=VECTOR('',#4447,0.200000000000005);
#1364=VECTOR('',#4448,0.200000000000005);
#1365=VECTOR('',#4449,0.200000000000005);
#1366=VECTOR('',#4450,0.200000000000005);
#1367=VECTOR('',#4451,0.200000000000005);
#1368=VECTOR('',#4452,0.200000000000005);
#1369=VECTOR('',#4453,0.200000000000005);
#1370=VECTOR('',#4454,0.200000000000005);
#1371=VECTOR('',#4457,0.0194489468052095);
#1372=VECTOR('',#4458,0.0194489468052095);
#1373=VECTOR('',#4459,0.200000000000005);
#1374=VECTOR('',#4462,0.283630474242633);
#1375=VECTOR('',#4463,0.283630474242633);
#1376=VECTOR('',#4464,0.200000000000005);
#1377=VECTOR('',#4465,0.200000000000005);
#1378=VECTOR('',#4466,0.200000000000005);
#1379=VECTOR('',#4467,0.200000000000005);
#1380=VECTOR('',#4468,0.200000000000005);
#1381=VECTOR('',#4469,0.200000000000005);
#1382=VECTOR('',#4470,0.200000000000005);
#1383=VECTOR('',#4473,0.533225291576147);
#1384=VECTOR('',#4474,0.533225291576147);
#1385=VECTOR('',#4475,0.200000000000005);
#1386=VECTOR('',#4478,0.839546203758186);
#1387=VECTOR('',#4479,0.839546203758186);
#1388=VECTOR('',#4480,0.200000000000005);
#1389=VECTOR('',#4483,0.235008107229606);
#1390=VECTOR('',#4484,0.235008107229606);
#1391=VECTOR('',#4485,0.200000000000005);
#1392=VECTOR('',#4488,1.0972447489272);
#1393=VECTOR('',#4489,1.0972447489272);
#1394=VECTOR('',#4490,0.200000000000005);
#1395=VECTOR('',#4493,1.03079418067607);
#1396=VECTOR('',#4494,1.03079418067607);
#1397=VECTOR('',#4497,0.200000000000005);
#1398=VECTOR('',#4498,0.200000000000005);
#1399=VECTOR('',#4501,0.183144249082385);
#1400=VECTOR('',#4502,0.183144249082385);
#1401=VECTOR('',#4503,0.200000000000005);
#1402=VECTOR('',#4506,0.363047007030566);
#1403=VECTOR('',#4507,0.363047007030566);
#1404=VECTOR('',#4508,0.200000000000005);
#1405=VECTOR('',#4511,1.34035658399232);
#1406=VECTOR('',#4512,1.34035658399232);
#1407=VECTOR('',#4513,0.200000000000005);
#1408=VECTOR('',#4516,0.363047007030566);
#1409=VECTOR('',#4517,0.363047007030566);
#1410=VECTOR('',#4518,0.200000000000005);
#1411=VECTOR('',#4521,0.204213941454694);
#1412=VECTOR('',#4522,0.204213941454694);
#1413=VECTOR('',#4523,0.200000000000005);
#1414=VECTOR('',#4526,0.97568883139465);
#1415=VECTOR('',#4527,0.97568883139465);
#1416=VECTOR('',#4528,0.200000000000005);
#1417=VECTOR('',#4531,0.204213941454694);
#1418=VECTOR('',#4532,0.204213941454694);
#1419=VECTOR('',#4533,0.200000000000005);
#1420=VECTOR('',#4536,0.354943279195064);
#1421=VECTOR('',#4537,0.354943279195064);
#1422=VECTOR('',#4538,0.200000000000005);
#1423=VECTOR('',#4541,1.80226907061603);
#1424=VECTOR('',#4542,1.80226907061603);
#1425=VECTOR('',#4543,0.200000000000005);
#1426=VECTOR('',#4546,0.207455432588897);
#1427=VECTOR('',#4547,0.207455432588897);
#1428=VECTOR('',#4550,0.200000000000005);
#1429=VECTOR('',#4551,0.200000000000005);
#1430=VECTOR('',#4552,0.200000000000005);
#1431=VECTOR('',#4555,0.529983800441947);
#1432=VECTOR('',#4556,0.529983800441947);
#1433=VECTOR('',#4557,0.200000000000005);
#1434=VECTOR('',#4560,2.00000002980232);
#1435=VECTOR('',#4561,2.00000002980232);
#1436=VECTOR('',#4562,0.200000000000005);
#1437=VECTOR('',#4565,0.573743930753669);
#1438=VECTOR('',#4566,0.573743930753669);
#1439=VECTOR('',#4567,0.200000000000005);
#1440=VECTOR('',#4568,0.200000000000005);
#1441=VECTOR('',#4569,0.200000000000005);
#1442=VECTOR('',#4570,0.200000000000005);
#1443=VECTOR('',#4573,0.301458675480739);
#1444=VECTOR('',#4574,0.200000000000005);
#1445=VECTOR('',#4575,0.200000000000005);
#1446=VECTOR('',#4576,0.200000000000005);
#1447=VECTOR('',#4577,0.200000000000005);
#1448=VECTOR('',#4580,0.254457054034818);
#1449=VECTOR('',#4581,0.200000000000005);
#1450=VECTOR('',#4582,0.200000000000005);
#1451=VECTOR('',#4583,0.200000000000005);
#1452=VECTOR('',#4584,0.200000000000005);
#1453=VECTOR('',#4587,0.00972447340260363);
#1454=VECTOR('',#4588,0.00972447340260363);
#1455=VECTOR('',#4589,0.200000000000005);
#1456=VECTOR('',#4590,0.200000000000005);
#1457=VECTOR('',#4591,0.200000000000005);
#1458=VECTOR('',#4594,0.215559160424399);
#1459=VECTOR('',#4595,0.200000000000005);
#1460=VECTOR('',#4598,0.739059978597942);
#1461=VECTOR('',#4599,0.200000000000005);
#1462=VECTOR('',#4600,0.200000000000005);
#1463=VECTOR('',#4603,0.301458675480739);
#1464=VECTOR('',#4604,0.200000000000005);
#1465=VECTOR('',#4607,0.585089149723372);
#1466=VECTOR('',#4612,10.);
#1467=VECTOR('',#4613,31.5855076709637);
#1468=VECTOR('',#4614,1.9576837776311);
#1469=VECTOR('',#4617,1.95768377763109);
#1470=VECTOR('',#4618,31.5855076709637);
#1471=VECTOR('',#4619,1.9576837776311);
#1472=VECTOR('',#4622,1.95768377763107);
#1473=VECTOR('',#4623,31.5855076709637);
#1474=VECTOR('',#4626,1.9576837776311);
#1475=VECTOR('',#4627,24.5749992694817);
#1476=VECTOR('',#4628,2.00057522753724);
#1477=VECTOR('',#4629,24.5739890165758);
#1478=VECTOR('',#4636,24.5739890165758);
#1479=VECTOR('',#4639,24.5749992694817);
#1480=VECTOR('',#4640,1.95768377763109);
#1481=VECTOR('',#4641,2.00057522753724);
#1482=VECTOR('',#4644,24.5758721768205);
#1483=VECTOR('',#4645,31.5855076709638);
#1484=VECTOR('',#4646,24.5758721768205);
#1485=VECTOR('',#4647,32.70029698674);
#1486=VECTOR('',#4650,1.95768377763109);
#1487=VECTOR('',#4651,24.5749992694817);
#1488=VECTOR('',#4652,2.00057522753724);
#1489=VECTOR('',#4653,24.5739890165758);
#1490=VECTOR('',#4660,24.5739890165758);
#1491=VECTOR('',#4663,24.5749992694817);
#1492=VECTOR('',#4664,1.95768377763107);
#1493=VECTOR('',#4665,2.00057522753722);
#1494=VECTOR('',#4672,24.5758721768205);
#1495=VECTOR('',#4677,31.5855076709637);
#1496=VECTOR('',#4746,39.3547806206221);
#1497=VECTOR('',#4749,10.);
#1498=VECTOR('',#4750,39.3547806206221);
#1499=VECTOR('',#4753,10.);
#1500=VECTOR('',#4754,40.6029851021882);
#1501=VECTOR('',#4755,10.);
#1502=VECTOR('',#4756,32.70029698674);
#1503=VECTOR('',#4761,39.3547806206221);
#1504=VECTOR('',#4764,10.);
#1505=VECTOR('',#4767,10.);
#1506=VECTOR('',#4774,10.);
#1507=VECTOR('',#4775,27.5);
#1508=VECTOR('',#4782,27.5);
#1509=VECTOR('',#4789,27.5);
#1510=VECTOR('',#4790,10.);
#1511=VECTOR('',#4791,27.5000013693007);
#1512=VECTOR('',#4798,27.5000013693007);
#1513=VECTOR('',#4805,27.5000013693008);
#1514=VECTOR('',#4808,2.00051491388864);
#1515=VECTOR('',#4811,2.00051491388864);
#1516=VECTOR('',#4814,10.);
#1517=VECTOR('',#4815,27.5);
#1518=VECTOR('',#4816,2.00051491388864);
#1519=VECTOR('',#4821,2.00051491388864);
#1520=VECTOR('',#4826,2.00051491388864);
#1521=VECTOR('',#4831,2.00051491388864);
#1522=VECTOR('',#4834,27.5);
#1523=VECTOR('',#4835,2.00051491388864);
#1524=VECTOR('',#4840,2.00051491388864);
#1525=VECTOR('',#4847,27.5000013693007);
#1526=VECTOR('',#4848,3.61000411483329);
#1527=VECTOR('',#4849,3.61000411483329);
#1528=VECTOR('',#4852,10.);
#1529=VECTOR('',#4853,27.5000013693007);
#1530=VECTOR('',#4854,3.61000411483329);
#1531=VECTOR('',#4859,3.61000411483329);
#1532=VECTOR('',#4864,3.61000411483329);
#1533=VECTOR('',#4871,3.5131514737818);
#1534=VECTOR('',#4872,40.8430781417223);
#1535=VECTOR('',#4873,3.5131514737818);
#1536=VECTOR('',#4874,41.0024452114344);
#1537=VECTOR('',#4881,40.8430781417223);
#1538=VECTOR('',#4888,3.5131514737818);
#1539=VECTOR('',#4897,3.5131514737818);
#1540=VECTOR('',#4908,1.95);
#1541=VECTOR('',#4913,2.725);
#1542=VECTOR('',#4920,1.95);
#1543=VECTOR('',#4925,2.725);
#1544=VECTOR('',#4930,10.);
#1545=VECTOR('',#4931,27.5000013693008);
#1546=VECTOR('',#4938,27.5000013693007);
#1547=VECTOR('',#4945,27.5000013693007);
#1548=VECTOR('',#4948,10.);
#1549=VECTOR('',#4949,3.61000411483329);
#1550=VECTOR('',#4950,27.5000013693008);
#1551=VECTOR('',#4955,3.61000411483329);
#1552=VECTOR('',#4960,3.61000411483329);
#1553=VECTOR('',#5005,10.);
#1554=VECTOR('',#5006,27.5);
#1555=VECTOR('',#5009,10.);
#1556=VECTOR('',#5010,41.0024452114344);
#1557=VECTOR('',#5011,41.0024452114344);
#1558=VECTOR('',#5012,10.);
#1559=VECTOR('',#5015,10.);
#1560=VECTOR('',#5016,40.8430781417223);
#1561=VECTOR('',#5021,40.8430781417223);
#1562=VECTOR('',#5024,10.);
#1563=VECTOR('',#5025,40.8430781417223);
#1564=VECTOR('',#5030,40.8430781417223);
#1565=VECTOR('',#5033,10.);
#1566=VECTOR('',#5040,0.561454142617775);
#1567=VECTOR('',#5041,0.774164253409931);
#1568=VECTOR('',#5042,0.645830921541588);
#1569=VECTOR('',#5043,0.776017227453495);
#1570=VECTOR('',#5046,0.6858);
#1571=VECTOR('',#5047,0.597284317446548);
#1572=VECTOR('',#5056,0.6858);
#1573=VECTOR('',#5057,0.774164253409931);
#1574=VECTOR('',#5058,0.597284317446548);
#1575=VECTOR('',#5061,0.561454142617775);
#1576=VECTOR('',#5062,0.776017227453495);
#1577=VECTOR('',#5063,0.645830921541593);
#1578=VECTOR('',#5066,0.561454142617775);
#1579=VECTOR('',#5067,0.774164253409931);
#1580=VECTOR('',#5068,0.645830921541588);
#1581=VECTOR('',#5069,0.776017227453498);
#1582=VECTOR('',#5072,0.6858);
#1583=VECTOR('',#5073,0.597284317446548);
#1584=VECTOR('',#5082,0.6858);
#1585=VECTOR('',#5083,0.774164253409931);
#1586=VECTOR('',#5084,0.597284317446548);
#1587=VECTOR('',#5087,0.561454142617775);
#1588=VECTOR('',#5088,0.645830921541593);
#1589=VECTOR('',#5091,0.561454142617775);
#1590=VECTOR('',#5092,0.774164253409931);
#1591=VECTOR('',#5093,0.645830921541588);
#1592=VECTOR('',#5094,0.776017227453498);
#1593=VECTOR('',#5097,0.6858);
#1594=VECTOR('',#5098,0.597284317446548);
#1595=VECTOR('',#5107,0.6858);
#1596=VECTOR('',#5108,0.774164253409931);
#1597=VECTOR('',#5109,0.597284317446548);
#1598=VECTOR('',#5112,0.561454142617775);
#1599=VECTOR('',#5113,0.645830921541593);
#1600=VECTOR('',#5118,0.561454142617775);
#1601=VECTOR('',#5119,0.6858);
#1602=VECTOR('',#5122,0.6858);
#1603=VECTOR('',#5123,0.561454142617775);
#1604=VECTOR('',#5126,0.774164253409931);
#1605=VECTOR('',#5127,0.645830921541588);
#1606=VECTOR('',#5130,0.597284317446548);
#1607=VECTOR('',#5137,0.774164253409931);
#1608=VECTOR('',#5138,0.597284317446548);
#1609=VECTOR('',#5141,0.645830921541591);
#1610=VECTOR('',#5148,1.6891);
#1611=VECTOR('',#5155,2.55905);
#1612=VERTEX_POINT('',#5167);
#1613=VERTEX_POINT('',#5168);
#1614=VERTEX_POINT('',#5170);
#1615=VERTEX_POINT('',#5172);
#1616=VERTEX_POINT('',#5205);
#1617=VERTEX_POINT('',#5207);
#1618=VERTEX_POINT('',#5211);
#1619=VERTEX_POINT('',#5212);
#1620=VERTEX_POINT('',#5214);
#1621=VERTEX_POINT('',#5216);
#1622=VERTEX_POINT('',#5249);
#1623=VERTEX_POINT('',#5251);
#1624=VERTEX_POINT('',#5255);
#1625=VERTEX_POINT('',#5256);
#1626=VERTEX_POINT('',#5258);
#1627=VERTEX_POINT('',#5260);
#1628=VERTEX_POINT('',#5264);
#1629=VERTEX_POINT('',#5265);
#1630=VERTEX_POINT('',#5267);
#1631=VERTEX_POINT('',#5269);
#1632=VERTEX_POINT('',#5274);
#1633=VERTEX_POINT('',#5279);
#1634=VERTEX_POINT('',#5284);
#1635=VERTEX_POINT('',#5296);
#1636=VERTEX_POINT('',#5297);
#1637=VERTEX_POINT('',#5302);
#1638=VERTEX_POINT('',#5305);
#1639=VERTEX_POINT('',#5309);
#1640=VERTEX_POINT('',#5311);
#1641=VERTEX_POINT('',#5316);
#1642=VERTEX_POINT('',#5319);
#1643=VERTEX_POINT('',#5323);
#1644=VERTEX_POINT('',#5325);
#1645=VERTEX_POINT('',#5330);
#1646=VERTEX_POINT('',#5331);
#1647=VERTEX_POINT('',#5333);
#1648=VERTEX_POINT('',#5335);
#1649=VERTEX_POINT('',#5340);
#1650=VERTEX_POINT('',#5345);
#1651=VERTEX_POINT('',#5350);
#1652=VERTEX_POINT('',#5357);
#1653=VERTEX_POINT('',#5358);
#1654=VERTEX_POINT('',#5363);
#1655=VERTEX_POINT('',#5368);
#1656=VERTEX_POINT('',#5373);
#1657=VERTEX_POINT('',#5378);
#1658=VERTEX_POINT('',#5383);
#1659=VERTEX_POINT('',#5393);
#1660=VERTEX_POINT('',#5394);
#1661=VERTEX_POINT('',#5399);
#1662=VERTEX_POINT('',#5404);
#1663=VERTEX_POINT('',#5409);
#1664=VERTEX_POINT('',#5414);
#1665=VERTEX_POINT('',#5419);
#1666=VERTEX_POINT('',#5424);
#1667=VERTEX_POINT('',#5434);
#1668=VERTEX_POINT('',#5435);
#1669=VERTEX_POINT('',#5437);
#1670=VERTEX_POINT('',#5439);
#1671=VERTEX_POINT('',#5443);
#1672=VERTEX_POINT('',#5445);
#1673=VERTEX_POINT('',#5449);
#1674=VERTEX_POINT('',#5451);
#1675=VERTEX_POINT('',#5455);
#1676=VERTEX_POINT('',#5457);
#1677=VERTEX_POINT('',#5461);
#1678=VERTEX_POINT('',#5463);
#1679=VERTEX_POINT('',#5478);
#1680=VERTEX_POINT('',#5479);
#1681=VERTEX_POINT('',#5486);
#1682=VERTEX_POINT('',#5488);
#1683=VERTEX_POINT('',#5502);
#1684=VERTEX_POINT('',#5509);
#1685=VERTEX_POINT('',#5523);
#1686=VERTEX_POINT('',#5524);
#1687=VERTEX_POINT('',#5541);
#1688=VERTEX_POINT('',#5557);
#1689=VERTEX_POINT('',#5573);
#1690=VERTEX_POINT('',#5589);
#1691=VERTEX_POINT('',#5596);
#1692=VERTEX_POINT('',#5628);
#1693=VERTEX_POINT('',#5644);
#1694=VERTEX_POINT('',#5660);
#1695=VERTEX_POINT('',#5684);
#1696=VERTEX_POINT('',#5685);
#1697=VERTEX_POINT('',#5687);
#1698=VERTEX_POINT('',#5689);
#1699=VERTEX_POINT('',#5693);
#1700=VERTEX_POINT('',#5695);
#1701=VERTEX_POINT('',#5706);
#1702=VERTEX_POINT('',#5713);
#1703=VERTEX_POINT('',#5727);
#1704=VERTEX_POINT('',#5734);
#1705=VERTEX_POINT('',#5748);
#1706=VERTEX_POINT('',#5755);
#1707=VERTEX_POINT('',#5769);
#1708=VERTEX_POINT('',#5776);
#1709=VERTEX_POINT('',#5790);
#1710=VERTEX_POINT('',#5797);
#1711=VERTEX_POINT('',#5811);
#1712=VERTEX_POINT('',#5812);
#1713=VERTEX_POINT('',#5829);
#1714=VERTEX_POINT('',#5845);
#1715=VERTEX_POINT('',#5861);
#1716=VERTEX_POINT('',#5868);
#1717=VERTEX_POINT('',#5882);
#1718=VERTEX_POINT('',#5889);
#1719=VERTEX_POINT('',#5903);
#1720=VERTEX_POINT('',#5910);
#1721=VERTEX_POINT('',#5924);
#1722=VERTEX_POINT('',#5931);
#1723=VERTEX_POINT('',#5945);
#1724=VERTEX_POINT('',#5952);
#1725=VERTEX_POINT('',#5966);
#1726=VERTEX_POINT('',#5973);
#1727=VERTEX_POINT('',#6005);
#1728=VERTEX_POINT('',#6021);
#1729=VERTEX_POINT('',#6037);
#1730=VERTEX_POINT('',#6068);
#1731=VERTEX_POINT('',#6069);
#1732=VERTEX_POINT('',#6076);
#1733=VERTEX_POINT('',#6078);
#1734=VERTEX_POINT('',#6092);
#1735=VERTEX_POINT('',#6099);
#1736=VERTEX_POINT('',#6113);
#1737=VERTEX_POINT('',#6120);
#1738=VERTEX_POINT('',#6134);
#1739=VERTEX_POINT('',#6141);
#1740=VERTEX_POINT('',#6155);
#1741=VERTEX_POINT('',#6162);
#1742=VERTEX_POINT('',#6176);
#1743=VERTEX_POINT('',#6183);
#1744=VERTEX_POINT('',#6197);
#1745=VERTEX_POINT('',#6204);
#1746=VERTEX_POINT('',#6211);
#1747=VERTEX_POINT('',#6213);
#1748=VERTEX_POINT('',#6217);
#1749=VERTEX_POINT('',#6219);
#1750=VERTEX_POINT('',#6230);
#1751=VERTEX_POINT('',#6237);
#1752=VERTEX_POINT('',#6251);
#1753=VERTEX_POINT('',#6258);
#1754=VERTEX_POINT('',#6272);
#1755=VERTEX_POINT('',#6279);
#1756=VERTEX_POINT('',#6293);
#1757=VERTEX_POINT('',#6300);
#1758=VERTEX_POINT('',#6314);
#1759=VERTEX_POINT('',#6321);
#1760=VERTEX_POINT('',#6335);
#1761=VERTEX_POINT('',#6342);
#1762=VERTEX_POINT('',#6349);
#1763=VERTEX_POINT('',#6351);
#1764=VERTEX_POINT('',#6355);
#1765=VERTEX_POINT('',#6357);
#1766=VERTEX_POINT('',#6361);
#1767=VERTEX_POINT('',#6363);
#1768=VERTEX_POINT('',#6367);
#1769=VERTEX_POINT('',#6369);
#1770=VERTEX_POINT('',#6384);
#1771=VERTEX_POINT('',#6385);
#1772=VERTEX_POINT('',#6392);
#1773=VERTEX_POINT('',#6394);
#1774=VERTEX_POINT('',#6401);
#1775=VERTEX_POINT('',#6403);
#1776=VERTEX_POINT('',#6407);
#1777=VERTEX_POINT('',#6409);
#1778=VERTEX_POINT('',#6413);
#1779=VERTEX_POINT('',#6415);
#1780=VERTEX_POINT('',#6419);
#1781=VERTEX_POINT('',#6421);
#1782=VERTEX_POINT('',#6425);
#1783=VERTEX_POINT('',#6427);
#1784=VERTEX_POINT('',#6431);
#1785=VERTEX_POINT('',#6433);
#1786=VERTEX_POINT('',#6437);
#1787=VERTEX_POINT('',#6439);
#1788=VERTEX_POINT('',#6443);
#1789=VERTEX_POINT('',#6445);
#1790=VERTEX_POINT('',#6449);
#1791=VERTEX_POINT('',#6451);
#1792=VERTEX_POINT('',#6466);
#1793=VERTEX_POINT('',#6467);
#1794=VERTEX_POINT('',#6474);
#1795=VERTEX_POINT('',#6476);
#1796=VERTEX_POINT('',#6490);
#1797=VERTEX_POINT('',#6497);
#1798=VERTEX_POINT('',#6504);
#1799=VERTEX_POINT('',#6506);
#1800=VERTEX_POINT('',#6510);
#1801=VERTEX_POINT('',#6512);
#1802=VERTEX_POINT('',#6516);
#1803=VERTEX_POINT('',#6518);
#1804=VERTEX_POINT('',#6529);
#1805=VERTEX_POINT('',#6530);
#1806=VERTEX_POINT('',#6547);
#1807=VERTEX_POINT('',#6556);
#1808=VERTEX_POINT('',#6567);
#1809=VERTEX_POINT('',#6568);
#1810=VERTEX_POINT('',#6585);
#1811=VERTEX_POINT('',#6594);
#1812=VERTEX_POINT('',#6605);
#1813=VERTEX_POINT('',#6612);
#1814=VERTEX_POINT('',#6626);
#1815=VERTEX_POINT('',#6633);
#1816=VERTEX_POINT('',#6647);
#1817=VERTEX_POINT('',#6654);
#1818=VERTEX_POINT('',#6661);
#1819=VERTEX_POINT('',#6663);
#1820=VERTEX_POINT('',#6692);
#1821=VERTEX_POINT('',#6708);
#1822=VERTEX_POINT('',#6717);
#1823=VERTEX_POINT('',#6730);
#1824=VERTEX_POINT('',#6746);
#1825=VERTEX_POINT('',#6755);
#1826=VERTEX_POINT('',#6762);
#1827=VERTEX_POINT('',#6763);
#1828=VERTEX_POINT('',#6765);
#1829=VERTEX_POINT('',#6767);
#1830=VERTEX_POINT('',#6769);
#1831=VERTEX_POINT('',#6771);
#1832=VERTEX_POINT('',#6773);
#1833=VERTEX_POINT('',#6775);
#1834=VERTEX_POINT('',#6777);
#1835=VERTEX_POINT('',#6779);
#1836=VERTEX_POINT('',#6783);
#1837=VERTEX_POINT('',#6784);
#1838=VERTEX_POINT('',#6786);
#1839=VERTEX_POINT('',#6788);
#1840=VERTEX_POINT('',#6792);
#1841=VERTEX_POINT('',#6794);
#1842=VERTEX_POINT('',#6798);
#1843=VERTEX_POINT('',#6799);
#1844=VERTEX_POINT('',#6804);
#1845=VERTEX_POINT('',#6805);
#1846=VERTEX_POINT('',#6807);
#1847=VERTEX_POINT('',#6809);
#1848=VERTEX_POINT('',#6813);
#1849=VERTEX_POINT('',#6814);
#1850=VERTEX_POINT('',#6816);
#1851=VERTEX_POINT('',#6818);
#1852=VERTEX_POINT('',#6822);
#1853=VERTEX_POINT('',#6824);
#1854=VERTEX_POINT('',#6828);
#1855=VERTEX_POINT('',#6829);
#1856=VERTEX_POINT('',#6834);
#1857=VERTEX_POINT('',#6836);
#1858=VERTEX_POINT('',#6840);
#1859=VERTEX_POINT('',#6926);
#1860=VERTEX_POINT('',#6930);
#1861=VERTEX_POINT('',#6934);
#1862=VERTEX_POINT('',#6935);
#1863=VERTEX_POINT('',#6941);
#1864=VERTEX_POINT('',#6951);
#1865=VERTEX_POINT('',#6952);
#1866=VERTEX_POINT('',#6954);
#1867=VERTEX_POINT('',#6956);
#1868=VERTEX_POINT('',#6958);
#1869=VERTEX_POINT('',#6960);
#1870=VERTEX_POINT('',#6962);
#1871=VERTEX_POINT('',#6964);
#1872=VERTEX_POINT('',#6966);
#1873=VERTEX_POINT('',#6968);
#1874=VERTEX_POINT('',#6970);
#1875=VERTEX_POINT('',#6972);
#1876=VERTEX_POINT('',#6974);
#1877=VERTEX_POINT('',#6976);
#1878=VERTEX_POINT('',#6978);
#1879=VERTEX_POINT('',#6980);
#1880=VERTEX_POINT('',#6982);
#1881=VERTEX_POINT('',#6984);
#1882=VERTEX_POINT('',#6986);
#1883=VERTEX_POINT('',#6988);
#1884=VERTEX_POINT('',#6992);
#1885=VERTEX_POINT('',#6994);
#1886=VERTEX_POINT('',#6998);
#1887=VERTEX_POINT('',#7000);
#1888=VERTEX_POINT('',#7004);
#1889=VERTEX_POINT('',#7008);
#1890=VERTEX_POINT('',#7012);
#1891=VERTEX_POINT('',#7016);
#1892=VERTEX_POINT('',#7020);
#1893=VERTEX_POINT('',#7026);
#1894=VERTEX_POINT('',#7027);
#1895=VERTEX_POINT('',#7032);
#1896=VERTEX_POINT('',#7034);
#1897=VERTEX_POINT('',#7038);
#1898=VERTEX_POINT('',#7042);
#1899=VERTEX_POINT('',#7048);
#1900=VERTEX_POINT('',#7049);
#1901=VERTEX_POINT('',#7051);
#1902=VERTEX_POINT('',#7053);
#1903=VERTEX_POINT('',#7057);
#1904=VERTEX_POINT('',#7059);
#1905=VERTEX_POINT('',#7063);
#1906=VERTEX_POINT('',#7065);
#1907=VERTEX_POINT('',#7093);
#1908=VERTEX_POINT('',#7097);
#1909=VERTEX_POINT('',#7099);
#1910=VERTEX_POINT('',#7127);
#1911=VERTEX_POINT('',#7131);
#1912=VERTEX_POINT('',#7133);
#1913=VERTEX_POINT('',#7137);
#1914=VERTEX_POINT('',#7141);
#1915=VERTEX_POINT('',#7143);
#1916=VERTEX_POINT('',#7147);
#1917=VERTEX_POINT('',#7151);
#1918=VERTEX_POINT('',#7152);
#1919=VERTEX_POINT('',#7154);
#1920=VERTEX_POINT('',#7156);
#1921=VERTEX_POINT('',#7158);
#1922=VERTEX_POINT('',#7160);
#1923=VERTEX_POINT('',#7162);
#1924=VERTEX_POINT('',#7164);
#1925=VERTEX_POINT('',#7166);
#1926=VERTEX_POINT('',#7168);
#1927=VERTEX_POINT('',#7172);
#1928=VERTEX_POINT('',#7174);
#1929=VERTEX_POINT('',#7178);
#1930=VERTEX_POINT('',#7182);
#1931=VERTEX_POINT('',#7207);
#1932=VERTEX_POINT('',#7211);
#1933=VERTEX_POINT('',#7214);
#1934=VERTEX_POINT('',#7218);
#1935=VERTEX_POINT('',#7222);
#1936=VERTEX_POINT('',#7226);
#1937=VERTEX_POINT('',#7230);
#1938=VERTEX_POINT('',#7238);
#1939=VERTEX_POINT('',#7239);
#1940=VERTEX_POINT('',#7241);
#1941=VERTEX_POINT('',#7243);
#1942=VERTEX_POINT('',#7247);
#1943=VERTEX_POINT('',#7249);
#1944=VERTEX_POINT('',#7255);
#1945=VERTEX_POINT('',#7257);
#1946=VERTEX_POINT('',#7263);
#1947=VERTEX_POINT('',#7265);
#1948=VERTEX_POINT('',#7269);
#1949=VERTEX_POINT('',#7271);
#1950=VERTEX_POINT('',#7275);
#1951=VERTEX_POINT('',#7276);
#1952=VERTEX_POINT('',#7278);
#1953=VERTEX_POINT('',#7280);
#1954=VERTEX_POINT('',#7284);
#1955=VERTEX_POINT('',#7286);
#1956=VERTEX_POINT('',#7292);
#1957=VERTEX_POINT('',#7294);
#1958=VERTEX_POINT('',#7300);
#1959=VERTEX_POINT('',#7302);
#1960=VERTEX_POINT('',#7309);
#1961=VERTEX_POINT('',#7310);
#1962=VERTEX_POINT('',#7312);
#1963=VERTEX_POINT('',#7314);
#1964=VERTEX_POINT('',#7318);
#1965=VERTEX_POINT('',#7320);
#1966=VERTEX_POINT('',#7326);
#1967=VERTEX_POINT('',#7328);
#1968=VERTEX_POINT('',#7334);
#1969=VERTEX_POINT('',#7336);
#1970=VERTEX_POINT('',#7343);
#1971=VERTEX_POINT('',#7345);
#1972=VERTEX_POINT('',#7347);
#1973=VERTEX_POINT('',#7349);
#1974=VERTEX_POINT('',#7351);
#1975=VERTEX_POINT('',#7355);
#1976=VERTEX_POINT('',#7359);
#1977=VERTEX_POINT('',#7365);
#1978=VERTEX_POINT('',#7371);
#1979=VERTEX_POINT('',#7378);
#1980=VERTEX_POINT('',#7380);
#1981=EDGE_CURVE('',#1612,#1613,#956,.T.);
#1982=EDGE_CURVE('',#1613,#1614,#934,.T.);
#1983=EDGE_CURVE('',#1614,#1615,#957,.T.);
#1984=EDGE_CURVE('',#1615,#1612,#935,.F.);
#1985=EDGE_CURVE('',#1612,#1616,#309,.T.);
#1986=EDGE_CURVE('',#1617,#1615,#310,.T.);
#1987=EDGE_CURVE('',#1617,#1616,#936,.T.);
#1988=EDGE_CURVE('',#1618,#1619,#958,.T.);
#1989=EDGE_CURVE('',#1619,#1620,#937,.T.);
#1990=EDGE_CURVE('',#1620,#1621,#959,.T.);
#1991=EDGE_CURVE('',#1621,#1618,#938,.F.);
#1992=EDGE_CURVE('',#1618,#1622,#311,.T.);
#1993=EDGE_CURVE('',#1623,#1621,#312,.T.);
#1994=EDGE_CURVE('',#1623,#1622,#939,.T.);
#1995=EDGE_CURVE('',#1624,#1625,#960,.T.);
#1996=EDGE_CURVE('',#1626,#1624,#961,.T.);
#1997=EDGE_CURVE('',#1627,#1626,#962,.T.);
#1998=EDGE_CURVE('',#1625,#1627,#963,.T.);
#1999=EDGE_CURVE('',#1628,#1629,#964,.T.);
#2000=EDGE_CURVE('',#1629,#1630,#965,.T.);
#2001=EDGE_CURVE('',#1630,#1631,#87,.T.);
#2002=EDGE_CURVE('',#1631,#1632,#88,.T.);
#2003=EDGE_CURVE('',#1632,#1633,#89,.T.);
#2004=EDGE_CURVE('',#1633,#1634,#90,.T.);
#2005=EDGE_CURVE('',#1634,#1628,#966,.T.);
#2006=EDGE_CURVE('',#1614,#1619,#967,.T.);
#2007=EDGE_CURVE('',#1615,#1618,#968,.T.);
#2008=EDGE_CURVE('',#1622,#1617,#969,.T.);
#2009=EDGE_CURVE('',#1635,#1636,#970,.T.);
#2010=EDGE_CURVE('',#1635,#1613,#971,.T.);
#2011=EDGE_CURVE('',#1636,#1612,#972,.T.);
#2012=EDGE_CURVE('',#1637,#1637,#313,.T.);
#2013=EDGE_CURVE('',#1637,#1638,#973,.T.);
#2014=EDGE_CURVE('',#1638,#1638,#314,.T.);
#2015=EDGE_CURVE('',#1639,#1639,#315,.T.);
#2016=EDGE_CURVE('',#1639,#1640,#974,.T.);
#2017=EDGE_CURVE('',#1640,#1640,#316,.T.);
#2018=EDGE_CURVE('',#1641,#1641,#317,.T.);
#2019=EDGE_CURVE('',#1641,#1642,#975,.T.);
#2020=EDGE_CURVE('',#1642,#1642,#318,.T.);
#2021=EDGE_CURVE('',#1643,#1643,#319,.T.);
#2022=EDGE_CURVE('',#1643,#1644,#976,.T.);
#2023=EDGE_CURVE('',#1644,#1644,#320,.T.);
#2024=EDGE_CURVE('',#1645,#1646,#977,.T.);
#2025=EDGE_CURVE('',#1646,#1647,#978,.T.);
#2026=EDGE_CURVE('',#1647,#1648,#91,.T.);
#2027=EDGE_CURVE('',#1648,#1649,#92,.T.);
#2028=EDGE_CURVE('',#1649,#1650,#93,.T.);
#2029=EDGE_CURVE('',#1650,#1651,#94,.T.);
#2030=EDGE_CURVE('',#1651,#1645,#979,.T.);
#2031=EDGE_CURVE('',#1652,#1653,#95,.T.);
#2032=EDGE_CURVE('',#1653,#1654,#96,.T.);
#2033=EDGE_CURVE('',#1654,#1655,#97,.T.);
#2034=EDGE_CURVE('',#1655,#1656,#98,.T.);
#2035=EDGE_CURVE('',#1656,#1657,#99,.T.);
#2036=EDGE_CURVE('',#1657,#1658,#100,.T.);
#2037=EDGE_CURVE('',#1658,#1652,#101,.T.);
#2038=EDGE_CURVE('',#1659,#1660,#102,.T.);
#2039=EDGE_CURVE('',#1660,#1661,#103,.T.);
#2040=EDGE_CURVE('',#1661,#1662,#104,.T.);
#2041=EDGE_CURVE('',#1662,#1663,#105,.T.);
#2042=EDGE_CURVE('',#1663,#1664,#106,.T.);
#2043=EDGE_CURVE('',#1664,#1665,#107,.T.);
#2044=EDGE_CURVE('',#1665,#1666,#108,.T.);
#2045=EDGE_CURVE('',#1666,#1659,#109,.T.);
#2046=EDGE_CURVE('',#1667,#1668,#980,.T.);
#2047=EDGE_CURVE('',#1669,#1667,#981,.T.);
#2048=EDGE_CURVE('',#1670,#1669,#982,.T.);
#2049=EDGE_CURVE('',#1670,#1668,#983,.T.);
#2050=EDGE_CURVE('',#1668,#1671,#984,.T.);
#2051=EDGE_CURVE('',#1672,#1670,#985,.T.);
#2052=EDGE_CURVE('',#1672,#1671,#986,.T.);
#2053=EDGE_CURVE('',#1671,#1673,#987,.T.);
#2054=EDGE_CURVE('',#1674,#1672,#988,.T.);
#2055=EDGE_CURVE('',#1674,#1673,#989,.T.);
#2056=EDGE_CURVE('',#1673,#1675,#990,.T.);
#2057=EDGE_CURVE('',#1676,#1674,#991,.T.);
#2058=EDGE_CURVE('',#1676,#1675,#992,.T.);
#2059=EDGE_CURVE('',#1675,#1677,#993,.T.);
#2060=EDGE_CURVE('',#1678,#1676,#994,.T.);
#2061=EDGE_CURVE('',#1678,#1677,#995,.T.);
#2062=EDGE_CURVE('',#1677,#1667,#996,.T.);
#2063=EDGE_CURVE('',#1669,#1678,#997,.T.);
#2064=EDGE_CURVE('',#1679,#1680,#110,.T.);
#2065=EDGE_CURVE('',#1681,#1679,#998,.T.);
#2066=EDGE_CURVE('',#1682,#1681,#111,.T.);
#2067=EDGE_CURVE('',#1682,#1680,#999,.T.);
#2068=EDGE_CURVE('',#1680,#1683,#112,.T.);
#2069=EDGE_CURVE('',#1684,#1682,#113,.T.);
#2070=EDGE_CURVE('',#1684,#1683,#1000,.T.);
#2071=EDGE_CURVE('',#1685,#1686,#114,.T.);
#2072=EDGE_CURVE('',#1664,#1685,#1001,.T.);
#2073=EDGE_CURVE('',#1663,#1686,#1002,.T.);
#2074=EDGE_CURVE('',#1687,#1685,#115,.T.);
#2075=EDGE_CURVE('',#1665,#1687,#1003,.T.);
#2076=EDGE_CURVE('',#1688,#1687,#116,.T.);
#2077=EDGE_CURVE('',#1666,#1688,#1004,.T.);
#2078=EDGE_CURVE('',#1689,#1688,#117,.T.);
#2079=EDGE_CURVE('',#1659,#1689,#1005,.T.);
#2080=EDGE_CURVE('',#1683,#1690,#118,.T.);
#2081=EDGE_CURVE('',#1691,#1684,#119,.T.);
#2082=EDGE_CURVE('',#1691,#1690,#1006,.T.);
#2083=EDGE_CURVE('',#1690,#1679,#120,.T.);
#2084=EDGE_CURVE('',#1681,#1691,#121,.T.);
#2085=EDGE_CURVE('',#1686,#1692,#122,.T.);
#2086=EDGE_CURVE('',#1662,#1692,#1007,.T.);
#2087=EDGE_CURVE('',#1692,#1693,#123,.T.);
#2088=EDGE_CURVE('',#1661,#1693,#1008,.T.);
#2089=EDGE_CURVE('',#1693,#1694,#124,.T.);
#2090=EDGE_CURVE('',#1660,#1694,#1009,.T.);
#2091=EDGE_CURVE('',#1694,#1689,#125,.T.);
#2092=EDGE_CURVE('',#1695,#1696,#1010,.T.);
#2093=EDGE_CURVE('',#1697,#1695,#1011,.T.);
#2094=EDGE_CURVE('',#1698,#1697,#1012,.T.);
#2095=EDGE_CURVE('',#1698,#1696,#1013,.T.);
#2096=EDGE_CURVE('',#1696,#1699,#1014,.T.);
#2097=EDGE_CURVE('',#1700,#1698,#1015,.T.);
#2098=EDGE_CURVE('',#1700,#1699,#1016,.T.);
#2099=EDGE_CURVE('',#1699,#1701,#126,.T.);
#2100=EDGE_CURVE('',#1702,#1700,#127,.T.);
#2101=EDGE_CURVE('',#1702,#1701,#1017,.T.);
#2102=EDGE_CURVE('',#1701,#1703,#128,.T.);
#2103=EDGE_CURVE('',#1704,#1702,#129,.T.);
#2104=EDGE_CURVE('',#1704,#1703,#1018,.T.);
#2105=EDGE_CURVE('',#1703,#1705,#130,.T.);
#2106=EDGE_CURVE('',#1706,#1704,#131,.T.);
#2107=EDGE_CURVE('',#1706,#1705,#1019,.T.);
#2108=EDGE_CURVE('',#1705,#1707,#132,.T.);
#2109=EDGE_CURVE('',#1708,#1706,#133,.T.);
#2110=EDGE_CURVE('',#1708,#1707,#1020,.T.);
#2111=EDGE_CURVE('',#1707,#1709,#134,.T.);
#2112=EDGE_CURVE('',#1710,#1708,#135,.T.);
#2113=EDGE_CURVE('',#1710,#1709,#1021,.T.);
#2114=EDGE_CURVE('',#1711,#1712,#136,.T.);
#2115=EDGE_CURVE('',#1657,#1711,#1022,.T.);
#2116=EDGE_CURVE('',#1656,#1712,#1023,.T.);
#2117=EDGE_CURVE('',#1713,#1711,#137,.T.);
#2118=EDGE_CURVE('',#1658,#1713,#1024,.T.);
#2119=EDGE_CURVE('',#1714,#1713,#138,.T.);
#2120=EDGE_CURVE('',#1652,#1714,#1025,.T.);
#2121=EDGE_CURVE('',#1709,#1715,#139,.T.);
#2122=EDGE_CURVE('',#1716,#1710,#140,.T.);
#2123=EDGE_CURVE('',#1716,#1715,#1026,.T.);
#2124=EDGE_CURVE('',#1715,#1717,#141,.T.);
#2125=EDGE_CURVE('',#1718,#1716,#142,.T.);
#2126=EDGE_CURVE('',#1718,#1717,#1027,.T.);
#2127=EDGE_CURVE('',#1717,#1719,#143,.T.);
#2128=EDGE_CURVE('',#1720,#1718,#144,.T.);
#2129=EDGE_CURVE('',#1720,#1719,#1028,.T.);
#2130=EDGE_CURVE('',#1719,#1721,#145,.T.);
#2131=EDGE_CURVE('',#1722,#1720,#146,.T.);
#2132=EDGE_CURVE('',#1722,#1721,#1029,.T.);
#2133=EDGE_CURVE('',#1721,#1723,#147,.T.);
#2134=EDGE_CURVE('',#1724,#1722,#148,.T.);
#2135=EDGE_CURVE('',#1724,#1723,#1030,.T.);
#2136=EDGE_CURVE('',#1723,#1725,#149,.T.);
#2137=EDGE_CURVE('',#1726,#1724,#150,.T.);
#2138=EDGE_CURVE('',#1726,#1725,#1031,.T.);
#2139=EDGE_CURVE('',#1725,#1695,#151,.T.);
#2140=EDGE_CURVE('',#1697,#1726,#152,.T.);
#2141=EDGE_CURVE('',#1712,#1727,#153,.T.);
#2142=EDGE_CURVE('',#1655,#1727,#1032,.T.);
#2143=EDGE_CURVE('',#1727,#1728,#154,.T.);
#2144=EDGE_CURVE('',#1654,#1728,#1033,.T.);
#2145=EDGE_CURVE('',#1728,#1729,#155,.T.);
#2146=EDGE_CURVE('',#1653,#1729,#1034,.T.);
#2147=EDGE_CURVE('',#1729,#1714,#156,.T.);
#2148=EDGE_CURVE('',#1730,#1731,#157,.T.);
#2149=EDGE_CURVE('',#1732,#1730,#1035,.T.);
#2150=EDGE_CURVE('',#1733,#1732,#158,.T.);
#2151=EDGE_CURVE('',#1733,#1731,#1036,.T.);
#2152=EDGE_CURVE('',#1731,#1734,#159,.T.);
#2153=EDGE_CURVE('',#1735,#1733,#160,.T.);
#2154=EDGE_CURVE('',#1735,#1734,#1037,.T.);
#2155=EDGE_CURVE('',#1734,#1736,#161,.T.);
#2156=EDGE_CURVE('',#1737,#1735,#162,.T.);
#2157=EDGE_CURVE('',#1737,#1736,#1038,.T.);
#2158=EDGE_CURVE('',#1736,#1738,#163,.T.);
#2159=EDGE_CURVE('',#1739,#1737,#164,.T.);
#2160=EDGE_CURVE('',#1739,#1738,#1039,.T.);
#2161=EDGE_CURVE('',#1738,#1740,#165,.T.);
#2162=EDGE_CURVE('',#1741,#1739,#166,.T.);
#2163=EDGE_CURVE('',#1741,#1740,#1040,.T.);
#2164=EDGE_CURVE('',#1740,#1742,#167,.T.);
#2165=EDGE_CURVE('',#1743,#1741,#168,.T.);
#2166=EDGE_CURVE('',#1743,#1742,#1041,.T.);
#2167=EDGE_CURVE('',#1742,#1744,#169,.T.);
#2168=EDGE_CURVE('',#1745,#1743,#170,.T.);
#2169=EDGE_CURVE('',#1745,#1744,#1042,.T.);
#2170=EDGE_CURVE('',#1744,#1746,#1043,.T.);
#2171=EDGE_CURVE('',#1747,#1745,#1044,.T.);
#2172=EDGE_CURVE('',#1747,#1746,#1045,.T.);
#2173=EDGE_CURVE('',#1746,#1748,#1046,.T.);
#2174=EDGE_CURVE('',#1749,#1747,#1047,.T.);
#2175=EDGE_CURVE('',#1749,#1748,#1048,.T.);
#2176=EDGE_CURVE('',#1748,#1750,#171,.T.);
#2177=EDGE_CURVE('',#1751,#1749,#172,.T.);
#2178=EDGE_CURVE('',#1751,#1750,#1049,.T.);
#2179=EDGE_CURVE('',#1750,#1752,#173,.T.);
#2180=EDGE_CURVE('',#1753,#1751,#174,.T.);
#2181=EDGE_CURVE('',#1753,#1752,#1050,.T.);
#2182=EDGE_CURVE('',#1752,#1754,#175,.T.);
#2183=EDGE_CURVE('',#1755,#1753,#176,.T.);
#2184=EDGE_CURVE('',#1755,#1754,#1051,.T.);
#2185=EDGE_CURVE('',#1754,#1756,#177,.T.);
#2186=EDGE_CURVE('',#1757,#1755,#178,.T.);
#2187=EDGE_CURVE('',#1757,#1756,#1052,.T.);
#2188=EDGE_CURVE('',#1756,#1758,#179,.T.);
#2189=EDGE_CURVE('',#1759,#1757,#180,.T.);
#2190=EDGE_CURVE('',#1759,#1758,#1053,.T.);
#2191=EDGE_CURVE('',#1758,#1760,#181,.T.);
#2192=EDGE_CURVE('',#1761,#1759,#182,.T.);
#2193=EDGE_CURVE('',#1761,#1760,#1054,.T.);
#2194=EDGE_CURVE('',#1760,#1762,#1055,.T.);
#2195=EDGE_CURVE('',#1763,#1761,#1056,.T.);
#2196=EDGE_CURVE('',#1763,#1762,#1057,.T.);
#2197=EDGE_CURVE('',#1762,#1764,#1058,.T.);
#2198=EDGE_CURVE('',#1765,#1763,#1059,.T.);
#2199=EDGE_CURVE('',#1765,#1764,#1060,.T.);
#2200=EDGE_CURVE('',#1764,#1766,#1061,.T.);
#2201=EDGE_CURVE('',#1767,#1765,#1062,.T.);
#2202=EDGE_CURVE('',#1767,#1766,#1063,.T.);
#2203=EDGE_CURVE('',#1766,#1768,#1064,.T.);
#2204=EDGE_CURVE('',#1769,#1767,#1065,.T.);
#2205=EDGE_CURVE('',#1769,#1768,#1066,.T.);
#2206=EDGE_CURVE('',#1768,#1730,#1067,.T.);
#2207=EDGE_CURVE('',#1732,#1769,#1068,.T.);
#2208=EDGE_CURVE('',#1770,#1771,#183,.T.);
#2209=EDGE_CURVE('',#1772,#1770,#1069,.T.);
#2210=EDGE_CURVE('',#1773,#1772,#184,.T.);
#2211=EDGE_CURVE('',#1773,#1771,#1070,.T.);
#2212=EDGE_CURVE('',#1771,#1774,#1071,.T.);
#2213=EDGE_CURVE('',#1775,#1773,#1072,.T.);
#2214=EDGE_CURVE('',#1775,#1774,#1073,.T.);
#2215=EDGE_CURVE('',#1774,#1776,#1074,.T.);
#2216=EDGE_CURVE('',#1777,#1775,#1075,.T.);
#2217=EDGE_CURVE('',#1777,#1776,#1076,.T.);
#2218=EDGE_CURVE('',#1776,#1778,#1077,.T.);
#2219=EDGE_CURVE('',#1779,#1777,#1078,.T.);
#2220=EDGE_CURVE('',#1779,#1778,#1079,.T.);
#2221=EDGE_CURVE('',#1778,#1780,#1080,.T.);
#2222=EDGE_CURVE('',#1781,#1779,#1081,.T.);
#2223=EDGE_CURVE('',#1781,#1780,#1082,.T.);
#2224=EDGE_CURVE('',#1780,#1782,#1083,.T.);
#2225=EDGE_CURVE('',#1783,#1781,#1084,.T.);
#2226=EDGE_CURVE('',#1783,#1782,#1085,.T.);
#2227=EDGE_CURVE('',#1782,#1784,#1086,.T.);
#2228=EDGE_CURVE('',#1785,#1783,#1087,.T.);
#2229=EDGE_CURVE('',#1785,#1784,#1088,.T.);
#2230=EDGE_CURVE('',#1784,#1786,#1089,.T.);
#2231=EDGE_CURVE('',#1787,#1785,#1090,.T.);
#2232=EDGE_CURVE('',#1787,#1786,#1091,.T.);
#2233=EDGE_CURVE('',#1786,#1788,#1092,.T.);
#2234=EDGE_CURVE('',#1789,#1787,#1093,.T.);
#2235=EDGE_CURVE('',#1789,#1788,#1094,.T.);
#2236=EDGE_CURVE('',#1788,#1790,#1095,.T.);
#2237=EDGE_CURVE('',#1791,#1789,#1096,.T.);
#2238=EDGE_CURVE('',#1791,#1790,#1097,.T.);
#2239=EDGE_CURVE('',#1790,#1770,#1098,.T.);
#2240=EDGE_CURVE('',#1772,#1791,#1099,.T.);
#2241=EDGE_CURVE('',#1792,#1793,#185,.T.);
#2242=EDGE_CURVE('',#1794,#1792,#1100,.T.);
#2243=EDGE_CURVE('',#1795,#1794,#186,.T.);
#2244=EDGE_CURVE('',#1795,#1793,#1101,.T.);
#2245=EDGE_CURVE('',#1793,#1796,#187,.T.);
#2246=EDGE_CURVE('',#1797,#1795,#188,.T.);
#2247=EDGE_CURVE('',#1797,#1796,#1102,.T.);
#2248=EDGE_CURVE('',#1796,#1798,#1103,.T.);
#2249=EDGE_CURVE('',#1799,#1797,#1104,.T.);
#2250=EDGE_CURVE('',#1799,#1798,#1105,.T.);
#2251=EDGE_CURVE('',#1798,#1800,#1106,.T.);
#2252=EDGE_CURVE('',#1801,#1799,#1107,.T.);
#2253=EDGE_CURVE('',#1801,#1800,#1108,.T.);
#2254=EDGE_CURVE('',#1800,#1802,#1109,.T.);
#2255=EDGE_CURVE('',#1803,#1801,#1110,.T.);
#2256=EDGE_CURVE('',#1803,#1802,#1111,.T.);
#2257=EDGE_CURVE('',#1804,#1805,#189,.T.);
#2258=EDGE_CURVE('',#1650,#1804,#1112,.T.);
#2259=EDGE_CURVE('',#1649,#1805,#1113,.T.);
#2260=EDGE_CURVE('',#1806,#1804,#190,.T.);
#2261=EDGE_CURVE('',#1651,#1806,#1114,.T.);
#2262=EDGE_CURVE('',#1807,#1806,#1115,.T.);
#2263=EDGE_CURVE('',#1645,#1807,#1116,.T.);
#2264=EDGE_CURVE('',#1808,#1809,#191,.T.);
#2265=EDGE_CURVE('',#1633,#1808,#1117,.T.);
#2266=EDGE_CURVE('',#1632,#1809,#1118,.T.);
#2267=EDGE_CURVE('',#1810,#1808,#192,.T.);
#2268=EDGE_CURVE('',#1634,#1810,#1119,.T.);
#2269=EDGE_CURVE('',#1811,#1810,#1120,.T.);
#2270=EDGE_CURVE('',#1628,#1811,#1121,.T.);
#2271=EDGE_CURVE('',#1802,#1812,#193,.T.);
#2272=EDGE_CURVE('',#1813,#1803,#194,.T.);
#2273=EDGE_CURVE('',#1813,#1812,#1122,.T.);
#2274=EDGE_CURVE('',#1812,#1814,#195,.T.);
#2275=EDGE_CURVE('',#1815,#1813,#196,.T.);
#2276=EDGE_CURVE('',#1815,#1814,#1123,.T.);
#2277=EDGE_CURVE('',#1814,#1816,#197,.T.);
#2278=EDGE_CURVE('',#1817,#1815,#198,.T.);
#2279=EDGE_CURVE('',#1817,#1816,#1124,.T.);
#2280=EDGE_CURVE('',#1816,#1818,#1125,.T.);
#2281=EDGE_CURVE('',#1819,#1817,#1126,.T.);
#2282=EDGE_CURVE('',#1819,#1818,#1127,.T.);
#2283=EDGE_CURVE('',#1818,#1792,#199,.T.);
#2284=EDGE_CURVE('',#1794,#1819,#200,.T.);
#2285=EDGE_CURVE('',#1805,#1820,#201,.T.);
#2286=EDGE_CURVE('',#1648,#1820,#1128,.T.);
#2287=EDGE_CURVE('',#1820,#1821,#202,.T.);
#2288=EDGE_CURVE('',#1647,#1821,#1129,.T.);
#2289=EDGE_CURVE('',#1821,#1822,#1130,.T.);
#2290=EDGE_CURVE('',#1646,#1822,#1131,.T.);
#2291=EDGE_CURVE('',#1822,#1807,#1132,.T.);
#2292=EDGE_CURVE('',#1809,#1823,#203,.T.);
#2293=EDGE_CURVE('',#1631,#1823,#1133,.T.);
#2294=EDGE_CURVE('',#1823,#1824,#204,.T.);
#2295=EDGE_CURVE('',#1630,#1824,#1134,.T.);
#2296=EDGE_CURVE('',#1824,#1825,#1135,.T.);
#2297=EDGE_CURVE('',#1629,#1825,#1136,.T.);
#2298=EDGE_CURVE('',#1825,#1811,#1137,.T.);
#2299=EDGE_CURVE('',#1826,#1827,#1138,.T.);
#2300=EDGE_CURVE('',#1828,#1826,#1139,.T.);
#2301=EDGE_CURVE('',#1829,#1828,#1140,.T.);
#2302=EDGE_CURVE('',#1830,#1829,#940,.T.);
#2303=EDGE_CURVE('',#1831,#1830,#1141,.T.);
#2304=EDGE_CURVE('',#1832,#1831,#1142,.T.);
#2305=EDGE_CURVE('',#1833,#1832,#1143,.T.);
#2306=EDGE_CURVE('',#1834,#1833,#941,.T.);
#2307=EDGE_CURVE('',#1835,#1834,#1144,.T.);
#2308=EDGE_CURVE('',#1827,#1835,#1145,.T.);
#2309=EDGE_CURVE('',#1836,#1837,#1146,.T.);
#2310=EDGE_CURVE('',#1838,#1836,#1147,.T.);
#2311=EDGE_CURVE('',#1839,#1838,#1148,.T.);
#2312=EDGE_CURVE('',#1837,#1839,#1149,.T.);
#2313=EDGE_CURVE('',#1837,#1840,#942,.T.);
#2314=EDGE_CURVE('',#1839,#1841,#943,.T.);
#2315=EDGE_CURVE('',#1841,#1840,#1150,.T.);
#2316=EDGE_CURVE('',#1842,#1843,#1151,.T.);
#2317=EDGE_CURVE('',#1840,#1842,#1152,.T.);
#2318=EDGE_CURVE('',#1843,#1841,#1153,.T.);
#2319=EDGE_CURVE('',#1844,#1845,#1154,.T.);
#2320=EDGE_CURVE('',#1846,#1844,#1155,.T.);
#2321=EDGE_CURVE('',#1847,#1846,#1156,.T.);
#2322=EDGE_CURVE('',#1845,#1847,#1157,.T.);
#2323=EDGE_CURVE('',#1848,#1849,#1158,.T.);
#2324=EDGE_CURVE('',#1850,#1848,#1159,.T.);
#2325=EDGE_CURVE('',#1851,#1850,#1160,.T.);
#2326=EDGE_CURVE('',#1849,#1851,#1161,.T.);
#2327=EDGE_CURVE('',#1849,#1852,#944,.T.);
#2328=EDGE_CURVE('',#1851,#1853,#945,.T.);
#2329=EDGE_CURVE('',#1853,#1852,#1162,.T.);
#2330=EDGE_CURVE('',#1854,#1855,#1163,.T.);
#2331=EDGE_CURVE('',#1852,#1854,#1164,.T.);
#2332=EDGE_CURVE('',#1855,#1853,#1165,.T.);
#2333=EDGE_CURVE('',#1856,#1838,#946,.T.);
#2334=EDGE_CURVE('',#1857,#1836,#321,.T.);
#2335=EDGE_CURVE('',#1857,#1856,#1166,.T.);
#2336=EDGE_CURVE('',#1858,#1826,#322,.T.);
#2337=EDGE_CURVE('',#1858,#1857,#1167,.T.);
#2338=EDGE_CURVE('',#1828,#1857,#323,.T.);
#2339=EDGE_CURVE('',#1829,#1837,#324,.T.);
#2340=EDGE_CURVE('',#1828,#1836,#325,.F.);
#2341=EDGE_CURVE('',#1830,#1840,#326,.T.);
#2342=EDGE_CURVE('',#1843,#1847,#947,.T.);
#2343=EDGE_CURVE('',#1842,#1846,#327,.T.);
#2344=EDGE_CURVE('',#1831,#1842,#328,.T.);
#2345=EDGE_CURVE('',#1845,#1850,#948,.T.);
#2346=EDGE_CURVE('',#1844,#1848,#329,.T.);
#2347=EDGE_CURVE('',#1831,#1846,#330,.F.);
#2348=EDGE_CURVE('',#1832,#1844,#331,.T.);
#2349=EDGE_CURVE('',#1833,#1849,#332,.T.);
#2350=EDGE_CURVE('',#1832,#1848,#333,.F.);
#2351=EDGE_CURVE('',#1834,#1852,#334,.T.);
#2352=EDGE_CURVE('',#1835,#1854,#335,.T.);
#2353=EDGE_CURVE('',#1827,#1624,#336,.T.);
#2354=EDGE_CURVE('',#1626,#1835,#337,.T.);
#2355=EDGE_CURVE('',#1855,#1627,#949,.T.);
#2356=EDGE_CURVE('',#1626,#1854,#338,.F.);
#2357=EDGE_CURVE('',#1636,#1859,#339,.T.);
#2358=EDGE_CURVE('',#1616,#1859,#1168,.T.);
#2359=EDGE_CURVE('',#1859,#1860,#1169,.T.);
#2360=EDGE_CURVE('',#1860,#1623,#1170,.T.);
#2361=EDGE_CURVE('',#1861,#1862,#1171,.T.);
#2362=EDGE_CURVE('',#1620,#1861,#1172,.T.);
#2363=EDGE_CURVE('',#1625,#1635,#1173,.T.);
#2364=EDGE_CURVE('',#1856,#1862,#1174,.T.);
#2365=EDGE_CURVE('',#1860,#1863,#340,.T.);
#2366=EDGE_CURVE('',#1621,#1863,#1175,.T.);
#2367=EDGE_CURVE('',#1863,#1861,#1176,.T.);
#2368=EDGE_CURVE('',#1862,#1858,#1177,.T.);
#2369=EDGE_CURVE('',#1864,#1865,#1178,.T.);
#2370=EDGE_CURVE('',#1866,#1864,#1179,.T.);
#2371=EDGE_CURVE('',#1867,#1866,#341,.T.);
#2372=EDGE_CURVE('',#1868,#1867,#342,.T.);
#2373=EDGE_CURVE('',#1869,#1868,#343,.T.);
#2374=EDGE_CURVE('',#1870,#1869,#1180,.T.);
#2375=EDGE_CURVE('',#1871,#1870,#344,.T.);
#2376=EDGE_CURVE('',#1872,#1871,#345,.T.);
#2377=EDGE_CURVE('',#1873,#1872,#346,.T.);
#2378=EDGE_CURVE('',#1874,#1873,#1181,.T.);
#2379=EDGE_CURVE('',#1875,#1874,#1182,.T.);
#2380=EDGE_CURVE('',#1875,#1876,#1183,.T.);
#2381=EDGE_CURVE('',#1876,#1877,#347,.T.);
#2382=EDGE_CURVE('',#1877,#1878,#348,.T.);
#2383=EDGE_CURVE('',#1878,#1879,#349,.T.);
#2384=EDGE_CURVE('',#1879,#1880,#1184,.T.);
#2385=EDGE_CURVE('',#1880,#1881,#350,.T.);
#2386=EDGE_CURVE('',#1881,#1882,#351,.T.);
#2387=EDGE_CURVE('',#1882,#1883,#352,.T.);
#2388=EDGE_CURVE('',#1883,#1865,#1185,.T.);
#2389=EDGE_CURVE('',#1884,#1872,#1186,.T.);
#2390=EDGE_CURVE('',#1885,#1884,#353,.T.);
#2391=EDGE_CURVE('',#1885,#1873,#1187,.T.);
#2392=EDGE_CURVE('',#1886,#1864,#1188,.T.);
#2393=EDGE_CURVE('',#1887,#1886,#1189,.T.);
#2394=EDGE_CURVE('',#1887,#1866,#1190,.T.);
#2395=EDGE_CURVE('',#1888,#1887,#354,.T.);
#2396=EDGE_CURVE('',#1888,#1867,#1191,.T.);
#2397=EDGE_CURVE('',#1889,#1888,#355,.T.);
#2398=EDGE_CURVE('',#1889,#1868,#1192,.T.);
#2399=EDGE_CURVE('',#1890,#1889,#356,.T.);
#2400=EDGE_CURVE('',#1890,#1869,#1193,.T.);
#2401=EDGE_CURVE('',#1891,#1890,#1194,.T.);
#2402=EDGE_CURVE('',#1891,#1870,#1195,.T.);
#2403=EDGE_CURVE('',#1892,#1891,#357,.T.);
#2404=EDGE_CURVE('',#1892,#1871,#1196,.T.);
#2405=EDGE_CURVE('',#1884,#1892,#358,.T.);
#2406=EDGE_CURVE('',#1893,#1894,#1197,.T.);
#2407=EDGE_CURVE('',#1880,#1893,#1198,.T.);
#2408=EDGE_CURVE('',#1879,#1894,#1199,.T.);
#2409=EDGE_CURVE('',#1895,#1875,#1200,.T.);
#2410=EDGE_CURVE('',#1896,#1895,#1201,.T.);
#2411=EDGE_CURVE('',#1876,#1896,#1202,.T.);
#2412=EDGE_CURVE('',#1897,#1896,#359,.T.);
#2413=EDGE_CURVE('',#1877,#1897,#1203,.T.);
#2414=EDGE_CURVE('',#1898,#1897,#360,.T.);
#2415=EDGE_CURVE('',#1878,#1898,#1204,.T.);
#2416=EDGE_CURVE('',#1894,#1898,#361,.T.);
#2417=EDGE_CURVE('',#1899,#1900,#1205,.T.);
#2418=EDGE_CURVE('',#1901,#1899,#1206,.T.);
#2419=EDGE_CURVE('',#1902,#1901,#1207,.T.);
#2420=EDGE_CURVE('',#1900,#1902,#1208,.T.);
#2421=EDGE_CURVE('',#1903,#1901,#362,.T.);
#2422=EDGE_CURVE('',#1899,#1904,#363,.T.);
#2423=EDGE_CURVE('',#1904,#1903,#1209,.T.);
#2424=EDGE_CURVE('',#1905,#1902,#950,.T.);
#2425=EDGE_CURVE('',#1901,#1906,#951,.F.);
#2426=EDGE_CURVE('',#1906,#1905,#1210,.T.);
#2427=EDGE_CURVE('',#1906,#1907,#364,.T.);
#2428=EDGE_CURVE('',#1903,#1907,#952,.T.);
#2429=EDGE_CURVE('',#1900,#1908,#953,.T.);
#2430=EDGE_CURVE('',#1908,#1909,#1211,.T.);
#2431=EDGE_CURVE('',#1909,#1899,#954,.F.);
#2432=EDGE_CURVE('',#1910,#1909,#365,.T.);
#2433=EDGE_CURVE('',#1910,#1904,#955,.T.);
#2434=EDGE_CURVE('',#1911,#1911,#366,.T.);
#2435=EDGE_CURVE('',#1911,#1912,#1212,.T.);
#2436=EDGE_CURVE('',#1912,#1912,#367,.T.);
#2437=EDGE_CURVE('',#1912,#1913,#1213,.T.);
#2438=EDGE_CURVE('',#1913,#1913,#368,.T.);
#2439=EDGE_CURVE('',#1914,#1914,#369,.T.);
#2440=EDGE_CURVE('',#1914,#1915,#1214,.T.);
#2441=EDGE_CURVE('',#1915,#1915,#370,.T.);
#2442=EDGE_CURVE('',#1915,#1916,#1215,.T.);
#2443=EDGE_CURVE('',#1916,#1916,#371,.T.);
#2444=EDGE_CURVE('',#1917,#1918,#1216,.T.);
#2445=EDGE_CURVE('',#1919,#1917,#1217,.T.);
#2446=EDGE_CURVE('',#1920,#1919,#372,.T.);
#2447=EDGE_CURVE('',#1921,#1920,#373,.T.);
#2448=EDGE_CURVE('',#1922,#1921,#374,.T.);
#2449=EDGE_CURVE('',#1923,#1922,#1218,.T.);
#2450=EDGE_CURVE('',#1924,#1923,#375,.T.);
#2451=EDGE_CURVE('',#1925,#1924,#376,.T.);
#2452=EDGE_CURVE('',#1926,#1925,#377,.T.);
#2453=EDGE_CURVE('',#1918,#1926,#1219,.T.);
#2454=EDGE_CURVE('',#1865,#1927,#1220,.T.);
#2455=EDGE_CURVE('',#1883,#1928,#1221,.T.);
#2456=EDGE_CURVE('',#1927,#1928,#1222,.T.);
#2457=EDGE_CURVE('',#1928,#1929,#378,.T.);
#2458=EDGE_CURVE('',#1882,#1929,#1223,.T.);
#2459=EDGE_CURVE('',#1929,#1930,#379,.T.);
#2460=EDGE_CURVE('',#1881,#1930,#1224,.T.);
#2461=EDGE_CURVE('',#1930,#1893,#380,.T.);
#2462=EDGE_CURVE('',#1918,#1895,#381,.T.);
#2463=EDGE_CURVE('',#1896,#1926,#382,.T.);
#2464=EDGE_CURVE('',#1897,#1925,#383,.T.);
#2465=EDGE_CURVE('',#1898,#1924,#384,.T.);
#2466=EDGE_CURVE('',#1894,#1923,#385,.T.);
#2467=EDGE_CURVE('',#1893,#1922,#386,.T.);
#2468=EDGE_CURVE('',#1930,#1921,#387,.T.);
#2469=EDGE_CURVE('',#1929,#1920,#388,.T.);
#2470=EDGE_CURVE('',#1928,#1919,#389,.T.);
#2471=EDGE_CURVE('',#1927,#1917,#390,.T.);
#2472=EDGE_CURVE('',#1874,#1931,#1225,.T.);
#2473=EDGE_CURVE('',#1931,#1885,#1226,.T.);
#2474=EDGE_CURVE('',#1932,#1886,#1227,.T.);
#2475=EDGE_CURVE('',#1932,#1908,#1228,.T.);
#2476=EDGE_CURVE('',#1905,#1933,#1229,.T.);
#2477=EDGE_CURVE('',#1931,#1933,#1230,.T.);
#2478=EDGE_CURVE('',#1933,#1934,#1231,.T.);
#2479=EDGE_CURVE('',#1934,#1906,#1232,.T.);
#2480=EDGE_CURVE('',#1934,#1935,#391,.T.);
#2481=EDGE_CURVE('',#1907,#1935,#1233,.T.);
#2482=EDGE_CURVE('',#1935,#1936,#1234,.T.);
#2483=EDGE_CURVE('',#1936,#1910,#1235,.T.);
#2484=EDGE_CURVE('',#1936,#1937,#392,.T.);
#2485=EDGE_CURVE('',#1909,#1937,#1236,.T.);
#2486=EDGE_CURVE('',#1937,#1932,#1237,.T.);
#2487=EDGE_CURVE('',#1938,#1939,#1238,.T.);
#2488=EDGE_CURVE('',#1938,#1940,#1239,.F.);
#2489=EDGE_CURVE('',#1940,#1941,#1240,.T.);
#2490=EDGE_CURVE('',#1939,#1941,#1241,.F.);
#2491=EDGE_CURVE('',#1942,#1938,#1242,.T.);
#2492=EDGE_CURVE('',#1942,#1943,#205,.T.);
#2493=EDGE_CURVE('',#1943,#1940,#1243,.T.);
#2494=EDGE_CURVE('',#1944,#1942,#393,.T.);
#2495=EDGE_CURVE('',#1944,#1945,#206,.T.);
#2496=EDGE_CURVE('',#1945,#1943,#394,.T.);
#2497=EDGE_CURVE('',#1946,#1944,#1244,.T.);
#2498=EDGE_CURVE('',#1946,#1947,#1245,.T.);
#2499=EDGE_CURVE('',#1947,#1945,#1246,.T.);
#2500=EDGE_CURVE('',#1948,#1946,#1247,.T.);
#2501=EDGE_CURVE('',#1948,#1949,#1248,.F.);
#2502=EDGE_CURVE('',#1949,#1947,#1249,.T.);
#2503=EDGE_CURVE('',#1950,#1951,#1250,.T.);
#2504=EDGE_CURVE('',#1950,#1952,#1251,.T.);
#2505=EDGE_CURVE('',#1952,#1953,#1252,.T.);
#2506=EDGE_CURVE('',#1951,#1953,#1253,.T.);
#2507=EDGE_CURVE('',#1954,#1950,#1254,.T.);
#2508=EDGE_CURVE('',#1954,#1955,#207,.T.);
#2509=EDGE_CURVE('',#1955,#1952,#1255,.T.);
#2510=EDGE_CURVE('',#1956,#1954,#395,.T.);
#2511=EDGE_CURVE('',#1956,#1957,#208,.T.);
#2512=EDGE_CURVE('',#1957,#1955,#396,.T.);
#2513=EDGE_CURVE('',#1958,#1956,#1256,.T.);
#2514=EDGE_CURVE('',#1958,#1959,#1257,.F.);
#2515=EDGE_CURVE('',#1959,#1957,#1258,.T.);
#2516=EDGE_CURVE('',#1939,#1958,#1259,.T.);
#2517=EDGE_CURVE('',#1941,#1959,#1260,.T.);
#2518=EDGE_CURVE('',#1960,#1961,#1261,.T.);
#2519=EDGE_CURVE('',#1960,#1962,#1262,.F.);
#2520=EDGE_CURVE('',#1962,#1963,#1263,.T.);
#2521=EDGE_CURVE('',#1961,#1963,#1264,.F.);
#2522=EDGE_CURVE('',#1964,#1960,#1265,.T.);
#2523=EDGE_CURVE('',#1964,#1965,#209,.T.);
#2524=EDGE_CURVE('',#1965,#1962,#1266,.T.);
#2525=EDGE_CURVE('',#1966,#1964,#397,.T.);
#2526=EDGE_CURVE('',#1966,#1967,#210,.T.);
#2527=EDGE_CURVE('',#1967,#1965,#398,.T.);
#2528=EDGE_CURVE('',#1968,#1966,#1267,.T.);
#2529=EDGE_CURVE('',#1968,#1969,#1268,.T.);
#2530=EDGE_CURVE('',#1969,#1967,#1269,.T.);
#2531=EDGE_CURVE('',#1951,#1968,#1270,.T.);
#2532=EDGE_CURVE('',#1953,#1969,#1271,.T.);
#2533=EDGE_CURVE('',#1970,#1970,#399,.T.);
#2534=EDGE_CURVE('',#1961,#1971,#1272,.T.);
#2535=EDGE_CURVE('',#1971,#1972,#1273,.T.);
#2536=EDGE_CURVE('',#1972,#1973,#400,.T.);
#2537=EDGE_CURVE('',#1973,#1974,#1274,.T.);
#2538=EDGE_CURVE('',#1974,#1948,#1275,.T.);
#2539=EDGE_CURVE('',#1974,#1975,#1276,.F.);
#2540=EDGE_CURVE('',#1975,#1949,#1277,.T.);
#2541=EDGE_CURVE('',#1973,#1976,#211,.T.);
#2542=EDGE_CURVE('',#1976,#1975,#1278,.T.);
#2543=EDGE_CURVE('',#1972,#1977,#212,.T.);
#2544=EDGE_CURVE('',#1977,#1976,#401,.T.);
#2545=EDGE_CURVE('',#1971,#1978,#1279,.F.);
#2546=EDGE_CURVE('',#1978,#1977,#1280,.T.);
#2547=EDGE_CURVE('',#1963,#1978,#1281,.T.);
#2548=EDGE_CURVE('',#1979,#1979,#402,.T.);
#2549=EDGE_CURVE('',#1979,#1980,#1282,.T.);
#2550=EDGE_CURVE('',#1980,#1980,#403,.T.);
#2551=EDGE_CURVE('',#1970,#1980,#1283,.T.);
#2552=ORIENTED_EDGE('',*,*,#1981,.T.);
#2553=ORIENTED_EDGE('',*,*,#1982,.T.);
#2554=ORIENTED_EDGE('',*,*,#1983,.T.);
#2555=ORIENTED_EDGE('',*,*,#1984,.T.);
#2556=ORIENTED_EDGE('',*,*,#1985,.F.);
#2557=ORIENTED_EDGE('',*,*,#1984,.F.);
#2558=ORIENTED_EDGE('',*,*,#1986,.F.);
#2559=ORIENTED_EDGE('',*,*,#1987,.T.);
#2560=ORIENTED_EDGE('',*,*,#1988,.T.);
#2561=ORIENTED_EDGE('',*,*,#1989,.T.);
#2562=ORIENTED_EDGE('',*,*,#1990,.T.);
#2563=ORIENTED_EDGE('',*,*,#1991,.T.);
#2564=ORIENTED_EDGE('',*,*,#1992,.F.);
#2565=ORIENTED_EDGE('',*,*,#1991,.F.);
#2566=ORIENTED_EDGE('',*,*,#1993,.F.);
#2567=ORIENTED_EDGE('',*,*,#1994,.T.);
#2568=ORIENTED_EDGE('',*,*,#1995,.F.);
#2569=ORIENTED_EDGE('',*,*,#1996,.F.);
#2570=ORIENTED_EDGE('',*,*,#1997,.F.);
#2571=ORIENTED_EDGE('',*,*,#1998,.F.);
#2572=ORIENTED_EDGE('',*,*,#1999,.T.);
#2573=ORIENTED_EDGE('',*,*,#2000,.T.);
#2574=ORIENTED_EDGE('',*,*,#2001,.T.);
#2575=ORIENTED_EDGE('',*,*,#2002,.T.);
#2576=ORIENTED_EDGE('',*,*,#2003,.T.);
#2577=ORIENTED_EDGE('',*,*,#2004,.T.);
#2578=ORIENTED_EDGE('',*,*,#2005,.T.);
#2579=ORIENTED_EDGE('',*,*,#1983,.F.);
#2580=ORIENTED_EDGE('',*,*,#2006,.T.);
#2581=ORIENTED_EDGE('',*,*,#1988,.F.);
#2582=ORIENTED_EDGE('',*,*,#2007,.F.);
#2583=ORIENTED_EDGE('',*,*,#2007,.T.);
#2584=ORIENTED_EDGE('',*,*,#1992,.T.);
#2585=ORIENTED_EDGE('',*,*,#2008,.T.);
#2586=ORIENTED_EDGE('',*,*,#1986,.T.);
#2587=ORIENTED_EDGE('',*,*,#2009,.F.);
#2588=ORIENTED_EDGE('',*,*,#2010,.T.);
#2589=ORIENTED_EDGE('',*,*,#1981,.F.);
#2590=ORIENTED_EDGE('',*,*,#2011,.F.);
#2591=ORIENTED_EDGE('',*,*,#2012,.T.);
#2592=ORIENTED_EDGE('',*,*,#2012,.F.);
#2593=ORIENTED_EDGE('',*,*,#2013,.T.);
#2594=ORIENTED_EDGE('',*,*,#2014,.T.);
#2595=ORIENTED_EDGE('',*,*,#2013,.F.);
#2596=ORIENTED_EDGE('',*,*,#2015,.F.);
#2597=ORIENTED_EDGE('',*,*,#2016,.T.);
#2598=ORIENTED_EDGE('',*,*,#2017,.F.);
#2599=ORIENTED_EDGE('',*,*,#2016,.F.);
#2600=ORIENTED_EDGE('',*,*,#2015,.T.);
#2601=ORIENTED_EDGE('',*,*,#2014,.F.);
#2602=ORIENTED_EDGE('',*,*,#2018,.T.);
#2603=ORIENTED_EDGE('',*,*,#2018,.F.);
#2604=ORIENTED_EDGE('',*,*,#2019,.T.);
#2605=ORIENTED_EDGE('',*,*,#2020,.T.);
#2606=ORIENTED_EDGE('',*,*,#2019,.F.);
#2607=ORIENTED_EDGE('',*,*,#2021,.F.);
#2608=ORIENTED_EDGE('',*,*,#2022,.T.);
#2609=ORIENTED_EDGE('',*,*,#2023,.F.);
#2610=ORIENTED_EDGE('',*,*,#2022,.F.);
#2611=ORIENTED_EDGE('',*,*,#2021,.T.);
#2612=ORIENTED_EDGE('',*,*,#2020,.F.);
#2613=ORIENTED_EDGE('',*,*,#2024,.T.);
#2614=ORIENTED_EDGE('',*,*,#2025,.T.);
#2615=ORIENTED_EDGE('',*,*,#2026,.T.);
#2616=ORIENTED_EDGE('',*,*,#2027,.T.);
#2617=ORIENTED_EDGE('',*,*,#2028,.T.);
#2618=ORIENTED_EDGE('',*,*,#2029,.T.);
#2619=ORIENTED_EDGE('',*,*,#2030,.T.);
#2620=ORIENTED_EDGE('',*,*,#2031,.T.);
#2621=ORIENTED_EDGE('',*,*,#2032,.T.);
#2622=ORIENTED_EDGE('',*,*,#2033,.T.);
#2623=ORIENTED_EDGE('',*,*,#2034,.T.);
#2624=ORIENTED_EDGE('',*,*,#2035,.T.);
#2625=ORIENTED_EDGE('',*,*,#2036,.T.);
#2626=ORIENTED_EDGE('',*,*,#2037,.T.);
#2627=ORIENTED_EDGE('',*,*,#2038,.T.);
#2628=ORIENTED_EDGE('',*,*,#2039,.T.);
#2629=ORIENTED_EDGE('',*,*,#2040,.T.);
#2630=ORIENTED_EDGE('',*,*,#2041,.T.);
#2631=ORIENTED_EDGE('',*,*,#2042,.T.);
#2632=ORIENTED_EDGE('',*,*,#2043,.T.);
#2633=ORIENTED_EDGE('',*,*,#2044,.T.);
#2634=ORIENTED_EDGE('',*,*,#2045,.T.);
#2635=ORIENTED_EDGE('',*,*,#2046,.F.);
#2636=ORIENTED_EDGE('',*,*,#2047,.F.);
#2637=ORIENTED_EDGE('',*,*,#2048,.F.);
#2638=ORIENTED_EDGE('',*,*,#2049,.T.);
#2639=ORIENTED_EDGE('',*,*,#2050,.F.);
#2640=ORIENTED_EDGE('',*,*,#2049,.F.);
#2641=ORIENTED_EDGE('',*,*,#2051,.F.);
#2642=ORIENTED_EDGE('',*,*,#2052,.T.);
#2643=ORIENTED_EDGE('',*,*,#2053,.F.);
#2644=ORIENTED_EDGE('',*,*,#2052,.F.);
#2645=ORIENTED_EDGE('',*,*,#2054,.F.);
#2646=ORIENTED_EDGE('',*,*,#2055,.T.);
#2647=ORIENTED_EDGE('',*,*,#2056,.F.);
#2648=ORIENTED_EDGE('',*,*,#2055,.F.);
#2649=ORIENTED_EDGE('',*,*,#2057,.F.);
#2650=ORIENTED_EDGE('',*,*,#2058,.T.);
#2651=ORIENTED_EDGE('',*,*,#2059,.F.);
#2652=ORIENTED_EDGE('',*,*,#2058,.F.);
#2653=ORIENTED_EDGE('',*,*,#2060,.F.);
#2654=ORIENTED_EDGE('',*,*,#2061,.T.);
#2655=ORIENTED_EDGE('',*,*,#2062,.F.);
#2656=ORIENTED_EDGE('',*,*,#2061,.F.);
#2657=ORIENTED_EDGE('',*,*,#2063,.F.);
#2658=ORIENTED_EDGE('',*,*,#2047,.T.);
#2659=ORIENTED_EDGE('',*,*,#2056,.T.);
#2660=ORIENTED_EDGE('',*,*,#2059,.T.);
#2661=ORIENTED_EDGE('',*,*,#2062,.T.);
#2662=ORIENTED_EDGE('',*,*,#2046,.T.);
#2663=ORIENTED_EDGE('',*,*,#2050,.T.);
#2664=ORIENTED_EDGE('',*,*,#2053,.T.);
#2665=ORIENTED_EDGE('',*,*,#2064,.F.);
#2666=ORIENTED_EDGE('',*,*,#2065,.F.);
#2667=ORIENTED_EDGE('',*,*,#2066,.F.);
#2668=ORIENTED_EDGE('',*,*,#2067,.T.);
#2669=ORIENTED_EDGE('',*,*,#2068,.F.);
#2670=ORIENTED_EDGE('',*,*,#2067,.F.);
#2671=ORIENTED_EDGE('',*,*,#2069,.F.);
#2672=ORIENTED_EDGE('',*,*,#2070,.T.);
#2673=ORIENTED_EDGE('',*,*,#2071,.F.);
#2674=ORIENTED_EDGE('',*,*,#2072,.F.);
#2675=ORIENTED_EDGE('',*,*,#2042,.F.);
#2676=ORIENTED_EDGE('',*,*,#2073,.T.);
#2677=ORIENTED_EDGE('',*,*,#2074,.F.);
#2678=ORIENTED_EDGE('',*,*,#2075,.F.);
#2679=ORIENTED_EDGE('',*,*,#2043,.F.);
#2680=ORIENTED_EDGE('',*,*,#2072,.T.);
#2681=ORIENTED_EDGE('',*,*,#2076,.F.);
#2682=ORIENTED_EDGE('',*,*,#2077,.F.);
#2683=ORIENTED_EDGE('',*,*,#2044,.F.);
#2684=ORIENTED_EDGE('',*,*,#2075,.T.);
#2685=ORIENTED_EDGE('',*,*,#2078,.F.);
#2686=ORIENTED_EDGE('',*,*,#2079,.F.);
#2687=ORIENTED_EDGE('',*,*,#2045,.F.);
#2688=ORIENTED_EDGE('',*,*,#2077,.T.);
#2689=ORIENTED_EDGE('',*,*,#2080,.F.);
#2690=ORIENTED_EDGE('',*,*,#2070,.F.);
#2691=ORIENTED_EDGE('',*,*,#2081,.F.);
#2692=ORIENTED_EDGE('',*,*,#2082,.T.);
#2693=ORIENTED_EDGE('',*,*,#2083,.F.);
#2694=ORIENTED_EDGE('',*,*,#2082,.F.);
#2695=ORIENTED_EDGE('',*,*,#2084,.F.);
#2696=ORIENTED_EDGE('',*,*,#2065,.T.);
#2697=ORIENTED_EDGE('',*,*,#2085,.F.);
#2698=ORIENTED_EDGE('',*,*,#2073,.F.);
#2699=ORIENTED_EDGE('',*,*,#2041,.F.);
#2700=ORIENTED_EDGE('',*,*,#2086,.T.);
#2701=ORIENTED_EDGE('',*,*,#2087,.F.);
#2702=ORIENTED_EDGE('',*,*,#2086,.F.);
#2703=ORIENTED_EDGE('',*,*,#2040,.F.);
#2704=ORIENTED_EDGE('',*,*,#2088,.T.);
#2705=ORIENTED_EDGE('',*,*,#2089,.F.);
#2706=ORIENTED_EDGE('',*,*,#2088,.F.);
#2707=ORIENTED_EDGE('',*,*,#2039,.F.);
#2708=ORIENTED_EDGE('',*,*,#2090,.T.);
#2709=ORIENTED_EDGE('',*,*,#2091,.F.);
#2710=ORIENTED_EDGE('',*,*,#2090,.F.);
#2711=ORIENTED_EDGE('',*,*,#2038,.F.);
#2712=ORIENTED_EDGE('',*,*,#2079,.T.);
#2713=ORIENTED_EDGE('',*,*,#2080,.T.);
#2714=ORIENTED_EDGE('',*,*,#2083,.T.);
#2715=ORIENTED_EDGE('',*,*,#2064,.T.);
#2716=ORIENTED_EDGE('',*,*,#2068,.T.);
#2717=ORIENTED_EDGE('',*,*,#2085,.T.);
#2718=ORIENTED_EDGE('',*,*,#2087,.T.);
#2719=ORIENTED_EDGE('',*,*,#2089,.T.);
#2720=ORIENTED_EDGE('',*,*,#2091,.T.);
#2721=ORIENTED_EDGE('',*,*,#2078,.T.);
#2722=ORIENTED_EDGE('',*,*,#2076,.T.);
#2723=ORIENTED_EDGE('',*,*,#2074,.T.);
#2724=ORIENTED_EDGE('',*,*,#2071,.T.);
#2725=ORIENTED_EDGE('',*,*,#2092,.F.);
#2726=ORIENTED_EDGE('',*,*,#2093,.F.);
#2727=ORIENTED_EDGE('',*,*,#2094,.F.);
#2728=ORIENTED_EDGE('',*,*,#2095,.T.);
#2729=ORIENTED_EDGE('',*,*,#2096,.F.);
#2730=ORIENTED_EDGE('',*,*,#2095,.F.);
#2731=ORIENTED_EDGE('',*,*,#2097,.F.);
#2732=ORIENTED_EDGE('',*,*,#2098,.T.);
#2733=ORIENTED_EDGE('',*,*,#2099,.F.);
#2734=ORIENTED_EDGE('',*,*,#2098,.F.);
#2735=ORIENTED_EDGE('',*,*,#2100,.F.);
#2736=ORIENTED_EDGE('',*,*,#2101,.T.);
#2737=ORIENTED_EDGE('',*,*,#2102,.F.);
#2738=ORIENTED_EDGE('',*,*,#2101,.F.);
#2739=ORIENTED_EDGE('',*,*,#2103,.F.);
#2740=ORIENTED_EDGE('',*,*,#2104,.T.);
#2741=ORIENTED_EDGE('',*,*,#2105,.F.);
#2742=ORIENTED_EDGE('',*,*,#2104,.F.);
#2743=ORIENTED_EDGE('',*,*,#2106,.F.);
#2744=ORIENTED_EDGE('',*,*,#2107,.T.);
#2745=ORIENTED_EDGE('',*,*,#2108,.F.);
#2746=ORIENTED_EDGE('',*,*,#2107,.F.);
#2747=ORIENTED_EDGE('',*,*,#2109,.F.);
#2748=ORIENTED_EDGE('',*,*,#2110,.T.);
#2749=ORIENTED_EDGE('',*,*,#2111,.F.);
#2750=ORIENTED_EDGE('',*,*,#2110,.F.);
#2751=ORIENTED_EDGE('',*,*,#2112,.F.);
#2752=ORIENTED_EDGE('',*,*,#2113,.T.);
#2753=ORIENTED_EDGE('',*,*,#2114,.F.);
#2754=ORIENTED_EDGE('',*,*,#2115,.F.);
#2755=ORIENTED_EDGE('',*,*,#2035,.F.);
#2756=ORIENTED_EDGE('',*,*,#2116,.T.);
#2757=ORIENTED_EDGE('',*,*,#2117,.F.);
#2758=ORIENTED_EDGE('',*,*,#2118,.F.);
#2759=ORIENTED_EDGE('',*,*,#2036,.F.);
#2760=ORIENTED_EDGE('',*,*,#2115,.T.);
#2761=ORIENTED_EDGE('',*,*,#2119,.F.);
#2762=ORIENTED_EDGE('',*,*,#2120,.F.);
#2763=ORIENTED_EDGE('',*,*,#2037,.F.);
#2764=ORIENTED_EDGE('',*,*,#2118,.T.);
#2765=ORIENTED_EDGE('',*,*,#2121,.F.);
#2766=ORIENTED_EDGE('',*,*,#2113,.F.);
#2767=ORIENTED_EDGE('',*,*,#2122,.F.);
#2768=ORIENTED_EDGE('',*,*,#2123,.T.);
#2769=ORIENTED_EDGE('',*,*,#2124,.F.);
#2770=ORIENTED_EDGE('',*,*,#2123,.F.);
#2771=ORIENTED_EDGE('',*,*,#2125,.F.);
#2772=ORIENTED_EDGE('',*,*,#2126,.T.);
#2773=ORIENTED_EDGE('',*,*,#2127,.F.);
#2774=ORIENTED_EDGE('',*,*,#2126,.F.);
#2775=ORIENTED_EDGE('',*,*,#2128,.F.);
#2776=ORIENTED_EDGE('',*,*,#2129,.T.);
#2777=ORIENTED_EDGE('',*,*,#2130,.F.);
#2778=ORIENTED_EDGE('',*,*,#2129,.F.);
#2779=ORIENTED_EDGE('',*,*,#2131,.F.);
#2780=ORIENTED_EDGE('',*,*,#2132,.T.);
#2781=ORIENTED_EDGE('',*,*,#2133,.F.);
#2782=ORIENTED_EDGE('',*,*,#2132,.F.);
#2783=ORIENTED_EDGE('',*,*,#2134,.F.);
#2784=ORIENTED_EDGE('',*,*,#2135,.T.);
#2785=ORIENTED_EDGE('',*,*,#2136,.F.);
#2786=ORIENTED_EDGE('',*,*,#2135,.F.);
#2787=ORIENTED_EDGE('',*,*,#2137,.F.);
#2788=ORIENTED_EDGE('',*,*,#2138,.T.);
#2789=ORIENTED_EDGE('',*,*,#2139,.F.);
#2790=ORIENTED_EDGE('',*,*,#2138,.F.);
#2791=ORIENTED_EDGE('',*,*,#2140,.F.);
#2792=ORIENTED_EDGE('',*,*,#2093,.T.);
#2793=ORIENTED_EDGE('',*,*,#2141,.F.);
#2794=ORIENTED_EDGE('',*,*,#2116,.F.);
#2795=ORIENTED_EDGE('',*,*,#2034,.F.);
#2796=ORIENTED_EDGE('',*,*,#2142,.T.);
#2797=ORIENTED_EDGE('',*,*,#2143,.F.);
#2798=ORIENTED_EDGE('',*,*,#2142,.F.);
#2799=ORIENTED_EDGE('',*,*,#2033,.F.);
#2800=ORIENTED_EDGE('',*,*,#2144,.T.);
#2801=ORIENTED_EDGE('',*,*,#2145,.F.);
#2802=ORIENTED_EDGE('',*,*,#2144,.F.);
#2803=ORIENTED_EDGE('',*,*,#2032,.F.);
#2804=ORIENTED_EDGE('',*,*,#2146,.T.);
#2805=ORIENTED_EDGE('',*,*,#2147,.F.);
#2806=ORIENTED_EDGE('',*,*,#2146,.F.);
#2807=ORIENTED_EDGE('',*,*,#2031,.F.);
#2808=ORIENTED_EDGE('',*,*,#2120,.T.);
#2809=ORIENTED_EDGE('',*,*,#2121,.T.);
#2810=ORIENTED_EDGE('',*,*,#2124,.T.);
#2811=ORIENTED_EDGE('',*,*,#2127,.T.);
#2812=ORIENTED_EDGE('',*,*,#2130,.T.);
#2813=ORIENTED_EDGE('',*,*,#2133,.T.);
#2814=ORIENTED_EDGE('',*,*,#2136,.T.);
#2815=ORIENTED_EDGE('',*,*,#2139,.T.);
#2816=ORIENTED_EDGE('',*,*,#2092,.T.);
#2817=ORIENTED_EDGE('',*,*,#2096,.T.);
#2818=ORIENTED_EDGE('',*,*,#2099,.T.);
#2819=ORIENTED_EDGE('',*,*,#2102,.T.);
#2820=ORIENTED_EDGE('',*,*,#2105,.T.);
#2821=ORIENTED_EDGE('',*,*,#2108,.T.);
#2822=ORIENTED_EDGE('',*,*,#2111,.T.);
#2823=ORIENTED_EDGE('',*,*,#2141,.T.);
#2824=ORIENTED_EDGE('',*,*,#2143,.T.);
#2825=ORIENTED_EDGE('',*,*,#2145,.T.);
#2826=ORIENTED_EDGE('',*,*,#2147,.T.);
#2827=ORIENTED_EDGE('',*,*,#2119,.T.);
#2828=ORIENTED_EDGE('',*,*,#2117,.T.);
#2829=ORIENTED_EDGE('',*,*,#2114,.T.);
#2830=ORIENTED_EDGE('',*,*,#2148,.F.);
#2831=ORIENTED_EDGE('',*,*,#2149,.F.);
#2832=ORIENTED_EDGE('',*,*,#2150,.F.);
#2833=ORIENTED_EDGE('',*,*,#2151,.T.);
#2834=ORIENTED_EDGE('',*,*,#2152,.F.);
#2835=ORIENTED_EDGE('',*,*,#2151,.F.);
#2836=ORIENTED_EDGE('',*,*,#2153,.F.);
#2837=ORIENTED_EDGE('',*,*,#2154,.T.);
#2838=ORIENTED_EDGE('',*,*,#2155,.F.);
#2839=ORIENTED_EDGE('',*,*,#2154,.F.);
#2840=ORIENTED_EDGE('',*,*,#2156,.F.);
#2841=ORIENTED_EDGE('',*,*,#2157,.T.);
#2842=ORIENTED_EDGE('',*,*,#2158,.F.);
#2843=ORIENTED_EDGE('',*,*,#2157,.F.);
#2844=ORIENTED_EDGE('',*,*,#2159,.F.);
#2845=ORIENTED_EDGE('',*,*,#2160,.T.);
#2846=ORIENTED_EDGE('',*,*,#2161,.F.);
#2847=ORIENTED_EDGE('',*,*,#2160,.F.);
#2848=ORIENTED_EDGE('',*,*,#2162,.F.);
#2849=ORIENTED_EDGE('',*,*,#2163,.T.);
#2850=ORIENTED_EDGE('',*,*,#2164,.F.);
#2851=ORIENTED_EDGE('',*,*,#2163,.F.);
#2852=ORIENTED_EDGE('',*,*,#2165,.F.);
#2853=ORIENTED_EDGE('',*,*,#2166,.T.);
#2854=ORIENTED_EDGE('',*,*,#2167,.F.);
#2855=ORIENTED_EDGE('',*,*,#2166,.F.);
#2856=ORIENTED_EDGE('',*,*,#2168,.F.);
#2857=ORIENTED_EDGE('',*,*,#2169,.T.);
#2858=ORIENTED_EDGE('',*,*,#2170,.F.);
#2859=ORIENTED_EDGE('',*,*,#2169,.F.);
#2860=ORIENTED_EDGE('',*,*,#2171,.F.);
#2861=ORIENTED_EDGE('',*,*,#2172,.T.);
#2862=ORIENTED_EDGE('',*,*,#2173,.F.);
#2863=ORIENTED_EDGE('',*,*,#2172,.F.);
#2864=ORIENTED_EDGE('',*,*,#2174,.F.);
#2865=ORIENTED_EDGE('',*,*,#2175,.T.);
#2866=ORIENTED_EDGE('',*,*,#2176,.F.);
#2867=ORIENTED_EDGE('',*,*,#2175,.F.);
#2868=ORIENTED_EDGE('',*,*,#2177,.F.);
#2869=ORIENTED_EDGE('',*,*,#2178,.T.);
#2870=ORIENTED_EDGE('',*,*,#2179,.F.);
#2871=ORIENTED_EDGE('',*,*,#2178,.F.);
#2872=ORIENTED_EDGE('',*,*,#2180,.F.);
#2873=ORIENTED_EDGE('',*,*,#2181,.T.);
#2874=ORIENTED_EDGE('',*,*,#2182,.F.);
#2875=ORIENTED_EDGE('',*,*,#2181,.F.);
#2876=ORIENTED_EDGE('',*,*,#2183,.F.);
#2877=ORIENTED_EDGE('',*,*,#2184,.T.);
#2878=ORIENTED_EDGE('',*,*,#2185,.F.);
#2879=ORIENTED_EDGE('',*,*,#2184,.F.);
#2880=ORIENTED_EDGE('',*,*,#2186,.F.);
#2881=ORIENTED_EDGE('',*,*,#2187,.T.);
#2882=ORIENTED_EDGE('',*,*,#2188,.F.);
#2883=ORIENTED_EDGE('',*,*,#2187,.F.);
#2884=ORIENTED_EDGE('',*,*,#2189,.F.);
#2885=ORIENTED_EDGE('',*,*,#2190,.T.);
#2886=ORIENTED_EDGE('',*,*,#2191,.F.);
#2887=ORIENTED_EDGE('',*,*,#2190,.F.);
#2888=ORIENTED_EDGE('',*,*,#2192,.F.);
#2889=ORIENTED_EDGE('',*,*,#2193,.T.);
#2890=ORIENTED_EDGE('',*,*,#2194,.F.);
#2891=ORIENTED_EDGE('',*,*,#2193,.F.);
#2892=ORIENTED_EDGE('',*,*,#2195,.F.);
#2893=ORIENTED_EDGE('',*,*,#2196,.T.);
#2894=ORIENTED_EDGE('',*,*,#2197,.F.);
#2895=ORIENTED_EDGE('',*,*,#2196,.F.);
#2896=ORIENTED_EDGE('',*,*,#2198,.F.);
#2897=ORIENTED_EDGE('',*,*,#2199,.T.);
#2898=ORIENTED_EDGE('',*,*,#2200,.F.);
#2899=ORIENTED_EDGE('',*,*,#2199,.F.);
#2900=ORIENTED_EDGE('',*,*,#2201,.F.);
#2901=ORIENTED_EDGE('',*,*,#2202,.T.);
#2902=ORIENTED_EDGE('',*,*,#2203,.F.);
#2903=ORIENTED_EDGE('',*,*,#2202,.F.);
#2904=ORIENTED_EDGE('',*,*,#2204,.F.);
#2905=ORIENTED_EDGE('',*,*,#2205,.T.);
#2906=ORIENTED_EDGE('',*,*,#2206,.F.);
#2907=ORIENTED_EDGE('',*,*,#2205,.F.);
#2908=ORIENTED_EDGE('',*,*,#2207,.F.);
#2909=ORIENTED_EDGE('',*,*,#2149,.T.);
#2910=ORIENTED_EDGE('',*,*,#2179,.T.);
#2911=ORIENTED_EDGE('',*,*,#2182,.T.);
#2912=ORIENTED_EDGE('',*,*,#2185,.T.);
#2913=ORIENTED_EDGE('',*,*,#2188,.T.);
#2914=ORIENTED_EDGE('',*,*,#2191,.T.);
#2915=ORIENTED_EDGE('',*,*,#2194,.T.);
#2916=ORIENTED_EDGE('',*,*,#2197,.T.);
#2917=ORIENTED_EDGE('',*,*,#2200,.T.);
#2918=ORIENTED_EDGE('',*,*,#2203,.T.);
#2919=ORIENTED_EDGE('',*,*,#2206,.T.);
#2920=ORIENTED_EDGE('',*,*,#2148,.T.);
#2921=ORIENTED_EDGE('',*,*,#2152,.T.);
#2922=ORIENTED_EDGE('',*,*,#2155,.T.);
#2923=ORIENTED_EDGE('',*,*,#2158,.T.);
#2924=ORIENTED_EDGE('',*,*,#2161,.T.);
#2925=ORIENTED_EDGE('',*,*,#2164,.T.);
#2926=ORIENTED_EDGE('',*,*,#2167,.T.);
#2927=ORIENTED_EDGE('',*,*,#2170,.T.);
#2928=ORIENTED_EDGE('',*,*,#2173,.T.);
#2929=ORIENTED_EDGE('',*,*,#2176,.T.);
#2930=ORIENTED_EDGE('',*,*,#2208,.F.);
#2931=ORIENTED_EDGE('',*,*,#2209,.F.);
#2932=ORIENTED_EDGE('',*,*,#2210,.F.);
#2933=ORIENTED_EDGE('',*,*,#2211,.T.);
#2934=ORIENTED_EDGE('',*,*,#2212,.F.);
#2935=ORIENTED_EDGE('',*,*,#2211,.F.);
#2936=ORIENTED_EDGE('',*,*,#2213,.F.);
#2937=ORIENTED_EDGE('',*,*,#2214,.T.);
#2938=ORIENTED_EDGE('',*,*,#2215,.F.);
#2939=ORIENTED_EDGE('',*,*,#2214,.F.);
#2940=ORIENTED_EDGE('',*,*,#2216,.F.);
#2941=ORIENTED_EDGE('',*,*,#2217,.T.);
#2942=ORIENTED_EDGE('',*,*,#2218,.F.);
#2943=ORIENTED_EDGE('',*,*,#2217,.F.);
#2944=ORIENTED_EDGE('',*,*,#2219,.F.);
#2945=ORIENTED_EDGE('',*,*,#2220,.T.);
#2946=ORIENTED_EDGE('',*,*,#2221,.F.);
#2947=ORIENTED_EDGE('',*,*,#2220,.F.);
#2948=ORIENTED_EDGE('',*,*,#2222,.F.);
#2949=ORIENTED_EDGE('',*,*,#2223,.T.);
#2950=ORIENTED_EDGE('',*,*,#2224,.F.);
#2951=ORIENTED_EDGE('',*,*,#2223,.F.);
#2952=ORIENTED_EDGE('',*,*,#2225,.F.);
#2953=ORIENTED_EDGE('',*,*,#2226,.T.);
#2954=ORIENTED_EDGE('',*,*,#2227,.F.);
#2955=ORIENTED_EDGE('',*,*,#2226,.F.);
#2956=ORIENTED_EDGE('',*,*,#2228,.F.);
#2957=ORIENTED_EDGE('',*,*,#2229,.T.);
#2958=ORIENTED_EDGE('',*,*,#2230,.F.);
#2959=ORIENTED_EDGE('',*,*,#2229,.F.);
#2960=ORIENTED_EDGE('',*,*,#2231,.F.);
#2961=ORIENTED_EDGE('',*,*,#2232,.T.);
#2962=ORIENTED_EDGE('',*,*,#2233,.F.);
#2963=ORIENTED_EDGE('',*,*,#2232,.F.);
#2964=ORIENTED_EDGE('',*,*,#2234,.F.);
#2965=ORIENTED_EDGE('',*,*,#2235,.T.);
#2966=ORIENTED_EDGE('',*,*,#2236,.F.);
#2967=ORIENTED_EDGE('',*,*,#2235,.F.);
#2968=ORIENTED_EDGE('',*,*,#2237,.F.);
#2969=ORIENTED_EDGE('',*,*,#2238,.T.);
#2970=ORIENTED_EDGE('',*,*,#2239,.F.);
#2971=ORIENTED_EDGE('',*,*,#2238,.F.);
#2972=ORIENTED_EDGE('',*,*,#2240,.F.);
#2973=ORIENTED_EDGE('',*,*,#2209,.T.);
#2974=ORIENTED_EDGE('',*,*,#2224,.T.);
#2975=ORIENTED_EDGE('',*,*,#2227,.T.);
#2976=ORIENTED_EDGE('',*,*,#2230,.T.);
#2977=ORIENTED_EDGE('',*,*,#2233,.T.);
#2978=ORIENTED_EDGE('',*,*,#2236,.T.);
#2979=ORIENTED_EDGE('',*,*,#2239,.T.);
#2980=ORIENTED_EDGE('',*,*,#2208,.T.);
#2981=ORIENTED_EDGE('',*,*,#2212,.T.);
#2982=ORIENTED_EDGE('',*,*,#2215,.T.);
#2983=ORIENTED_EDGE('',*,*,#2218,.T.);
#2984=ORIENTED_EDGE('',*,*,#2221,.T.);
#2985=ORIENTED_EDGE('',*,*,#2241,.F.);
#2986=ORIENTED_EDGE('',*,*,#2242,.F.);
#2987=ORIENTED_EDGE('',*,*,#2243,.F.);
#2988=ORIENTED_EDGE('',*,*,#2244,.T.);
#2989=ORIENTED_EDGE('',*,*,#2245,.F.);
#2990=ORIENTED_EDGE('',*,*,#2244,.F.);
#2991=ORIENTED_EDGE('',*,*,#2246,.F.);
#2992=ORIENTED_EDGE('',*,*,#2247,.T.);
#2993=ORIENTED_EDGE('',*,*,#2248,.F.);
#2994=ORIENTED_EDGE('',*,*,#2247,.F.);
#2995=ORIENTED_EDGE('',*,*,#2249,.F.);
#2996=ORIENTED_EDGE('',*,*,#2250,.T.);
#2997=ORIENTED_EDGE('',*,*,#2251,.F.);
#2998=ORIENTED_EDGE('',*,*,#2250,.F.);
#2999=ORIENTED_EDGE('',*,*,#2252,.F.);
#3000=ORIENTED_EDGE('',*,*,#2253,.T.);
#3001=ORIENTED_EDGE('',*,*,#2254,.F.);
#3002=ORIENTED_EDGE('',*,*,#2253,.F.);
#3003=ORIENTED_EDGE('',*,*,#2255,.F.);
#3004=ORIENTED_EDGE('',*,*,#2256,.T.);
#3005=ORIENTED_EDGE('',*,*,#2257,.F.);
#3006=ORIENTED_EDGE('',*,*,#2258,.F.);
#3007=ORIENTED_EDGE('',*,*,#2028,.F.);
#3008=ORIENTED_EDGE('',*,*,#2259,.T.);
#3009=ORIENTED_EDGE('',*,*,#2260,.F.);
#3010=ORIENTED_EDGE('',*,*,#2261,.F.);
#3011=ORIENTED_EDGE('',*,*,#2029,.F.);
#3012=ORIENTED_EDGE('',*,*,#2258,.T.);
#3013=ORIENTED_EDGE('',*,*,#2262,.F.);
#3014=ORIENTED_EDGE('',*,*,#2263,.F.);
#3015=ORIENTED_EDGE('',*,*,#2030,.F.);
#3016=ORIENTED_EDGE('',*,*,#2261,.T.);
#3017=ORIENTED_EDGE('',*,*,#2264,.F.);
#3018=ORIENTED_EDGE('',*,*,#2265,.F.);
#3019=ORIENTED_EDGE('',*,*,#2003,.F.);
#3020=ORIENTED_EDGE('',*,*,#2266,.T.);
#3021=ORIENTED_EDGE('',*,*,#2267,.F.);
#3022=ORIENTED_EDGE('',*,*,#2268,.F.);
#3023=ORIENTED_EDGE('',*,*,#2004,.F.);
#3024=ORIENTED_EDGE('',*,*,#2265,.T.);
#3025=ORIENTED_EDGE('',*,*,#2269,.F.);
#3026=ORIENTED_EDGE('',*,*,#2270,.F.);
#3027=ORIENTED_EDGE('',*,*,#2005,.F.);
#3028=ORIENTED_EDGE('',*,*,#2268,.T.);
#3029=ORIENTED_EDGE('',*,*,#2271,.F.);
#3030=ORIENTED_EDGE('',*,*,#2256,.F.);
#3031=ORIENTED_EDGE('',*,*,#2272,.F.);
#3032=ORIENTED_EDGE('',*,*,#2273,.T.);
#3033=ORIENTED_EDGE('',*,*,#2274,.F.);
#3034=ORIENTED_EDGE('',*,*,#2273,.F.);
#3035=ORIENTED_EDGE('',*,*,#2275,.F.);
#3036=ORIENTED_EDGE('',*,*,#2276,.T.);
#3037=ORIENTED_EDGE('',*,*,#2277,.F.);
#3038=ORIENTED_EDGE('',*,*,#2276,.F.);
#3039=ORIENTED_EDGE('',*,*,#2278,.F.);
#3040=ORIENTED_EDGE('',*,*,#2279,.T.);
#3041=ORIENTED_EDGE('',*,*,#2280,.F.);
#3042=ORIENTED_EDGE('',*,*,#2279,.F.);
#3043=ORIENTED_EDGE('',*,*,#2281,.F.);
#3044=ORIENTED_EDGE('',*,*,#2282,.T.);
#3045=ORIENTED_EDGE('',*,*,#2283,.F.);
#3046=ORIENTED_EDGE('',*,*,#2282,.F.);
#3047=ORIENTED_EDGE('',*,*,#2284,.F.);
#3048=ORIENTED_EDGE('',*,*,#2242,.T.);
#3049=ORIENTED_EDGE('',*,*,#2285,.F.);
#3050=ORIENTED_EDGE('',*,*,#2259,.F.);
#3051=ORIENTED_EDGE('',*,*,#2027,.F.);
#3052=ORIENTED_EDGE('',*,*,#2286,.T.);
#3053=ORIENTED_EDGE('',*,*,#2287,.F.);
#3054=ORIENTED_EDGE('',*,*,#2286,.F.);
#3055=ORIENTED_EDGE('',*,*,#2026,.F.);
#3056=ORIENTED_EDGE('',*,*,#2288,.T.);
#3057=ORIENTED_EDGE('',*,*,#2289,.F.);
#3058=ORIENTED_EDGE('',*,*,#2288,.F.);
#3059=ORIENTED_EDGE('',*,*,#2025,.F.);
#3060=ORIENTED_EDGE('',*,*,#2290,.T.);
#3061=ORIENTED_EDGE('',*,*,#2291,.F.);
#3062=ORIENTED_EDGE('',*,*,#2290,.F.);
#3063=ORIENTED_EDGE('',*,*,#2024,.F.);
#3064=ORIENTED_EDGE('',*,*,#2263,.T.);
#3065=ORIENTED_EDGE('',*,*,#2292,.F.);
#3066=ORIENTED_EDGE('',*,*,#2266,.F.);
#3067=ORIENTED_EDGE('',*,*,#2002,.F.);
#3068=ORIENTED_EDGE('',*,*,#2293,.T.);
#3069=ORIENTED_EDGE('',*,*,#2294,.F.);
#3070=ORIENTED_EDGE('',*,*,#2293,.F.);
#3071=ORIENTED_EDGE('',*,*,#2001,.F.);
#3072=ORIENTED_EDGE('',*,*,#2295,.T.);
#3073=ORIENTED_EDGE('',*,*,#2296,.F.);
#3074=ORIENTED_EDGE('',*,*,#2295,.F.);
#3075=ORIENTED_EDGE('',*,*,#2000,.F.);
#3076=ORIENTED_EDGE('',*,*,#2297,.T.);
#3077=ORIENTED_EDGE('',*,*,#2298,.F.);
#3078=ORIENTED_EDGE('',*,*,#2297,.F.);
#3079=ORIENTED_EDGE('',*,*,#1999,.F.);
#3080=ORIENTED_EDGE('',*,*,#2270,.T.);
#3081=ORIENTED_EDGE('',*,*,#2271,.T.);
#3082=ORIENTED_EDGE('',*,*,#2274,.T.);
#3083=ORIENTED_EDGE('',*,*,#2277,.T.);
#3084=ORIENTED_EDGE('',*,*,#2280,.T.);
#3085=ORIENTED_EDGE('',*,*,#2283,.T.);
#3086=ORIENTED_EDGE('',*,*,#2241,.T.);
#3087=ORIENTED_EDGE('',*,*,#2245,.T.);
#3088=ORIENTED_EDGE('',*,*,#2248,.T.);
#3089=ORIENTED_EDGE('',*,*,#2251,.T.);
#3090=ORIENTED_EDGE('',*,*,#2254,.T.);
#3091=ORIENTED_EDGE('',*,*,#2292,.T.);
#3092=ORIENTED_EDGE('',*,*,#2294,.T.);
#3093=ORIENTED_EDGE('',*,*,#2296,.T.);
#3094=ORIENTED_EDGE('',*,*,#2298,.T.);
#3095=ORIENTED_EDGE('',*,*,#2269,.T.);
#3096=ORIENTED_EDGE('',*,*,#2267,.T.);
#3097=ORIENTED_EDGE('',*,*,#2264,.T.);
#3098=ORIENTED_EDGE('',*,*,#2285,.T.);
#3099=ORIENTED_EDGE('',*,*,#2287,.T.);
#3100=ORIENTED_EDGE('',*,*,#2289,.T.);
#3101=ORIENTED_EDGE('',*,*,#2291,.T.);
#3102=ORIENTED_EDGE('',*,*,#2262,.T.);
#3103=ORIENTED_EDGE('',*,*,#2260,.T.);
#3104=ORIENTED_EDGE('',*,*,#2257,.T.);
#3105=ORIENTED_EDGE('',*,*,#2299,.F.);
#3106=ORIENTED_EDGE('',*,*,#2300,.F.);
#3107=ORIENTED_EDGE('',*,*,#2301,.F.);
#3108=ORIENTED_EDGE('',*,*,#2302,.F.);
#3109=ORIENTED_EDGE('',*,*,#2303,.F.);
#3110=ORIENTED_EDGE('',*,*,#2304,.F.);
#3111=ORIENTED_EDGE('',*,*,#2305,.F.);
#3112=ORIENTED_EDGE('',*,*,#2306,.F.);
#3113=ORIENTED_EDGE('',*,*,#2307,.F.);
#3114=ORIENTED_EDGE('',*,*,#2308,.F.);
#3115=ORIENTED_EDGE('',*,*,#2284,.T.);
#3116=ORIENTED_EDGE('',*,*,#2281,.T.);
#3117=ORIENTED_EDGE('',*,*,#2278,.T.);
#3118=ORIENTED_EDGE('',*,*,#2275,.T.);
#3119=ORIENTED_EDGE('',*,*,#2272,.T.);
#3120=ORIENTED_EDGE('',*,*,#2255,.T.);
#3121=ORIENTED_EDGE('',*,*,#2252,.T.);
#3122=ORIENTED_EDGE('',*,*,#2249,.T.);
#3123=ORIENTED_EDGE('',*,*,#2246,.T.);
#3124=ORIENTED_EDGE('',*,*,#2243,.T.);
#3125=ORIENTED_EDGE('',*,*,#2240,.T.);
#3126=ORIENTED_EDGE('',*,*,#2237,.T.);
#3127=ORIENTED_EDGE('',*,*,#2234,.T.);
#3128=ORIENTED_EDGE('',*,*,#2231,.T.);
#3129=ORIENTED_EDGE('',*,*,#2228,.T.);
#3130=ORIENTED_EDGE('',*,*,#2225,.T.);
#3131=ORIENTED_EDGE('',*,*,#2222,.T.);
#3132=ORIENTED_EDGE('',*,*,#2219,.T.);
#3133=ORIENTED_EDGE('',*,*,#2216,.T.);
#3134=ORIENTED_EDGE('',*,*,#2213,.T.);
#3135=ORIENTED_EDGE('',*,*,#2210,.T.);
#3136=ORIENTED_EDGE('',*,*,#2207,.T.);
#3137=ORIENTED_EDGE('',*,*,#2204,.T.);
#3138=ORIENTED_EDGE('',*,*,#2201,.T.);
#3139=ORIENTED_EDGE('',*,*,#2198,.T.);
#3140=ORIENTED_EDGE('',*,*,#2195,.T.);
#3141=ORIENTED_EDGE('',*,*,#2192,.T.);
#3142=ORIENTED_EDGE('',*,*,#2189,.T.);
#3143=ORIENTED_EDGE('',*,*,#2186,.T.);
#3144=ORIENTED_EDGE('',*,*,#2183,.T.);
#3145=ORIENTED_EDGE('',*,*,#2180,.T.);
#3146=ORIENTED_EDGE('',*,*,#2177,.T.);
#3147=ORIENTED_EDGE('',*,*,#2174,.T.);
#3148=ORIENTED_EDGE('',*,*,#2171,.T.);
#3149=ORIENTED_EDGE('',*,*,#2168,.T.);
#3150=ORIENTED_EDGE('',*,*,#2165,.T.);
#3151=ORIENTED_EDGE('',*,*,#2162,.T.);
#3152=ORIENTED_EDGE('',*,*,#2159,.T.);
#3153=ORIENTED_EDGE('',*,*,#2156,.T.);
#3154=ORIENTED_EDGE('',*,*,#2153,.T.);
#3155=ORIENTED_EDGE('',*,*,#2150,.T.);
#3156=ORIENTED_EDGE('',*,*,#2140,.T.);
#3157=ORIENTED_EDGE('',*,*,#2137,.T.);
#3158=ORIENTED_EDGE('',*,*,#2134,.T.);
#3159=ORIENTED_EDGE('',*,*,#2131,.T.);
#3160=ORIENTED_EDGE('',*,*,#2128,.T.);
#3161=ORIENTED_EDGE('',*,*,#2125,.T.);
#3162=ORIENTED_EDGE('',*,*,#2122,.T.);
#3163=ORIENTED_EDGE('',*,*,#2112,.T.);
#3164=ORIENTED_EDGE('',*,*,#2109,.T.);
#3165=ORIENTED_EDGE('',*,*,#2106,.T.);
#3166=ORIENTED_EDGE('',*,*,#2103,.T.);
#3167=ORIENTED_EDGE('',*,*,#2100,.T.);
#3168=ORIENTED_EDGE('',*,*,#2097,.T.);
#3169=ORIENTED_EDGE('',*,*,#2094,.T.);
#3170=ORIENTED_EDGE('',*,*,#2084,.T.);
#3171=ORIENTED_EDGE('',*,*,#2081,.T.);
#3172=ORIENTED_EDGE('',*,*,#2069,.T.);
#3173=ORIENTED_EDGE('',*,*,#2066,.T.);
#3174=ORIENTED_EDGE('',*,*,#2063,.T.);
#3175=ORIENTED_EDGE('',*,*,#2060,.T.);
#3176=ORIENTED_EDGE('',*,*,#2057,.T.);
#3177=ORIENTED_EDGE('',*,*,#2054,.T.);
#3178=ORIENTED_EDGE('',*,*,#2051,.T.);
#3179=ORIENTED_EDGE('',*,*,#2048,.T.);
#3180=ORIENTED_EDGE('',*,*,#2309,.F.);
#3181=ORIENTED_EDGE('',*,*,#2310,.F.);
#3182=ORIENTED_EDGE('',*,*,#2311,.F.);
#3183=ORIENTED_EDGE('',*,*,#2312,.F.);
#3184=ORIENTED_EDGE('',*,*,#2313,.F.);
#3185=ORIENTED_EDGE('',*,*,#2312,.T.);
#3186=ORIENTED_EDGE('',*,*,#2314,.T.);
#3187=ORIENTED_EDGE('',*,*,#2315,.T.);
#3188=ORIENTED_EDGE('',*,*,#2316,.F.);
#3189=ORIENTED_EDGE('',*,*,#2317,.F.);
#3190=ORIENTED_EDGE('',*,*,#2315,.F.);
#3191=ORIENTED_EDGE('',*,*,#2318,.F.);
#3192=ORIENTED_EDGE('',*,*,#2319,.F.);
#3193=ORIENTED_EDGE('',*,*,#2320,.F.);
#3194=ORIENTED_EDGE('',*,*,#2321,.F.);
#3195=ORIENTED_EDGE('',*,*,#2322,.F.);
#3196=ORIENTED_EDGE('',*,*,#2323,.F.);
#3197=ORIENTED_EDGE('',*,*,#2324,.F.);
#3198=ORIENTED_EDGE('',*,*,#2325,.F.);
#3199=ORIENTED_EDGE('',*,*,#2326,.F.);
#3200=ORIENTED_EDGE('',*,*,#2327,.F.);
#3201=ORIENTED_EDGE('',*,*,#2326,.T.);
#3202=ORIENTED_EDGE('',*,*,#2328,.T.);
#3203=ORIENTED_EDGE('',*,*,#2329,.T.);
#3204=ORIENTED_EDGE('',*,*,#2330,.F.);
#3205=ORIENTED_EDGE('',*,*,#2331,.F.);
#3206=ORIENTED_EDGE('',*,*,#2329,.F.);
#3207=ORIENTED_EDGE('',*,*,#2332,.F.);
#3208=ORIENTED_EDGE('',*,*,#2333,.T.);
#3209=ORIENTED_EDGE('',*,*,#2310,.T.);
#3210=ORIENTED_EDGE('',*,*,#2334,.F.);
#3211=ORIENTED_EDGE('',*,*,#2335,.T.);
#3212=ORIENTED_EDGE('',*,*,#2336,.F.);
#3213=ORIENTED_EDGE('',*,*,#2337,.T.);
#3214=ORIENTED_EDGE('',*,*,#2338,.F.);
#3215=ORIENTED_EDGE('',*,*,#2300,.T.);
#3216=ORIENTED_EDGE('',*,*,#2339,.F.);
#3217=ORIENTED_EDGE('',*,*,#2301,.T.);
#3218=ORIENTED_EDGE('',*,*,#2340,.T.);
#3219=ORIENTED_EDGE('',*,*,#2309,.T.);
#3220=ORIENTED_EDGE('',*,*,#2339,.T.);
#3221=ORIENTED_EDGE('',*,*,#2313,.T.);
#3222=ORIENTED_EDGE('',*,*,#2341,.F.);
#3223=ORIENTED_EDGE('',*,*,#2302,.T.);
#3224=ORIENTED_EDGE('',*,*,#2342,.T.);
#3225=ORIENTED_EDGE('',*,*,#2321,.T.);
#3226=ORIENTED_EDGE('',*,*,#2343,.F.);
#3227=ORIENTED_EDGE('',*,*,#2316,.T.);
#3228=ORIENTED_EDGE('',*,*,#2341,.T.);
#3229=ORIENTED_EDGE('',*,*,#2317,.T.);
#3230=ORIENTED_EDGE('',*,*,#2344,.F.);
#3231=ORIENTED_EDGE('',*,*,#2303,.T.);
#3232=ORIENTED_EDGE('',*,*,#2345,.T.);
#3233=ORIENTED_EDGE('',*,*,#2324,.T.);
#3234=ORIENTED_EDGE('',*,*,#2346,.F.);
#3235=ORIENTED_EDGE('',*,*,#2319,.T.);
#3236=ORIENTED_EDGE('',*,*,#2347,.T.);
#3237=ORIENTED_EDGE('',*,*,#2320,.T.);
#3238=ORIENTED_EDGE('',*,*,#2348,.F.);
#3239=ORIENTED_EDGE('',*,*,#2304,.T.);
#3240=ORIENTED_EDGE('',*,*,#2349,.F.);
#3241=ORIENTED_EDGE('',*,*,#2305,.T.);
#3242=ORIENTED_EDGE('',*,*,#2350,.T.);
#3243=ORIENTED_EDGE('',*,*,#2323,.T.);
#3244=ORIENTED_EDGE('',*,*,#2349,.T.);
#3245=ORIENTED_EDGE('',*,*,#2327,.T.);
#3246=ORIENTED_EDGE('',*,*,#2351,.F.);
#3247=ORIENTED_EDGE('',*,*,#2306,.T.);
#3248=ORIENTED_EDGE('',*,*,#2351,.T.);
#3249=ORIENTED_EDGE('',*,*,#2331,.T.);
#3250=ORIENTED_EDGE('',*,*,#2352,.F.);
#3251=ORIENTED_EDGE('',*,*,#2307,.T.);
#3252=ORIENTED_EDGE('',*,*,#2353,.F.);
#3253=ORIENTED_EDGE('',*,*,#2308,.T.);
#3254=ORIENTED_EDGE('',*,*,#2354,.F.);
#3255=ORIENTED_EDGE('',*,*,#1996,.T.);
#3256=ORIENTED_EDGE('',*,*,#2355,.T.);
#3257=ORIENTED_EDGE('',*,*,#1997,.T.);
#3258=ORIENTED_EDGE('',*,*,#2356,.T.);
#3259=ORIENTED_EDGE('',*,*,#2330,.T.);
#3260=ORIENTED_EDGE('',*,*,#2352,.T.);
#3261=ORIENTED_EDGE('',*,*,#2356,.F.);
#3262=ORIENTED_EDGE('',*,*,#2354,.T.);
#3263=ORIENTED_EDGE('',*,*,#2346,.T.);
#3264=ORIENTED_EDGE('',*,*,#2350,.F.);
#3265=ORIENTED_EDGE('',*,*,#2348,.T.);
#3266=ORIENTED_EDGE('',*,*,#2343,.T.);
#3267=ORIENTED_EDGE('',*,*,#2347,.F.);
#3268=ORIENTED_EDGE('',*,*,#2344,.T.);
#3269=ORIENTED_EDGE('',*,*,#2334,.T.);
#3270=ORIENTED_EDGE('',*,*,#2340,.F.);
#3271=ORIENTED_EDGE('',*,*,#2338,.T.);
#3272=ORIENTED_EDGE('',*,*,#2357,.F.);
#3273=ORIENTED_EDGE('',*,*,#2011,.T.);
#3274=ORIENTED_EDGE('',*,*,#1985,.T.);
#3275=ORIENTED_EDGE('',*,*,#2358,.T.);
#3276=ORIENTED_EDGE('',*,*,#2359,.F.);
#3277=ORIENTED_EDGE('',*,*,#2358,.F.);
#3278=ORIENTED_EDGE('',*,*,#1987,.F.);
#3279=ORIENTED_EDGE('',*,*,#2008,.F.);
#3280=ORIENTED_EDGE('',*,*,#1994,.F.);
#3281=ORIENTED_EDGE('',*,*,#2360,.F.);
#3282=ORIENTED_EDGE('',*,*,#2361,.F.);
#3283=ORIENTED_EDGE('',*,*,#2362,.F.);
#3284=ORIENTED_EDGE('',*,*,#1989,.F.);
#3285=ORIENTED_EDGE('',*,*,#2006,.F.);
#3286=ORIENTED_EDGE('',*,*,#1982,.F.);
#3287=ORIENTED_EDGE('',*,*,#2010,.F.);
#3288=ORIENTED_EDGE('',*,*,#2363,.F.);
#3289=ORIENTED_EDGE('',*,*,#1998,.T.);
#3290=ORIENTED_EDGE('',*,*,#2355,.F.);
#3291=ORIENTED_EDGE('',*,*,#2332,.T.);
#3292=ORIENTED_EDGE('',*,*,#2328,.F.);
#3293=ORIENTED_EDGE('',*,*,#2325,.T.);
#3294=ORIENTED_EDGE('',*,*,#2345,.F.);
#3295=ORIENTED_EDGE('',*,*,#2322,.T.);
#3296=ORIENTED_EDGE('',*,*,#2342,.F.);
#3297=ORIENTED_EDGE('',*,*,#2318,.T.);
#3298=ORIENTED_EDGE('',*,*,#2314,.F.);
#3299=ORIENTED_EDGE('',*,*,#2311,.T.);
#3300=ORIENTED_EDGE('',*,*,#2333,.F.);
#3301=ORIENTED_EDGE('',*,*,#2364,.T.);
#3302=ORIENTED_EDGE('',*,*,#2017,.T.);
#3303=ORIENTED_EDGE('',*,*,#2023,.T.);
#3304=ORIENTED_EDGE('',*,*,#2365,.F.);
#3305=ORIENTED_EDGE('',*,*,#2360,.T.);
#3306=ORIENTED_EDGE('',*,*,#1993,.T.);
#3307=ORIENTED_EDGE('',*,*,#2366,.T.);
#3308=ORIENTED_EDGE('',*,*,#2367,.F.);
#3309=ORIENTED_EDGE('',*,*,#2366,.F.);
#3310=ORIENTED_EDGE('',*,*,#1990,.F.);
#3311=ORIENTED_EDGE('',*,*,#2362,.T.);
#3312=ORIENTED_EDGE('',*,*,#2368,.F.);
#3313=ORIENTED_EDGE('',*,*,#2364,.F.);
#3314=ORIENTED_EDGE('',*,*,#2335,.F.);
#3315=ORIENTED_EDGE('',*,*,#2337,.F.);
#3316=ORIENTED_EDGE('',*,*,#2357,.T.);
#3317=ORIENTED_EDGE('',*,*,#2359,.T.);
#3318=ORIENTED_EDGE('',*,*,#2365,.T.);
#3319=ORIENTED_EDGE('',*,*,#2367,.T.);
#3320=ORIENTED_EDGE('',*,*,#2361,.T.);
#3321=ORIENTED_EDGE('',*,*,#2368,.T.);
#3322=ORIENTED_EDGE('',*,*,#2336,.T.);
#3323=ORIENTED_EDGE('',*,*,#2299,.T.);
#3324=ORIENTED_EDGE('',*,*,#2353,.T.);
#3325=ORIENTED_EDGE('',*,*,#1995,.T.);
#3326=ORIENTED_EDGE('',*,*,#2363,.T.);
#3327=ORIENTED_EDGE('',*,*,#2009,.T.);
#3328=ORIENTED_EDGE('',*,*,#2369,.F.);
#3329=ORIENTED_EDGE('',*,*,#2370,.F.);
#3330=ORIENTED_EDGE('',*,*,#2371,.F.);
#3331=ORIENTED_EDGE('',*,*,#2372,.F.);
#3332=ORIENTED_EDGE('',*,*,#2373,.F.);
#3333=ORIENTED_EDGE('',*,*,#2374,.F.);
#3334=ORIENTED_EDGE('',*,*,#2375,.F.);
#3335=ORIENTED_EDGE('',*,*,#2376,.F.);
#3336=ORIENTED_EDGE('',*,*,#2377,.F.);
#3337=ORIENTED_EDGE('',*,*,#2378,.F.);
#3338=ORIENTED_EDGE('',*,*,#2379,.F.);
#3339=ORIENTED_EDGE('',*,*,#2380,.T.);
#3340=ORIENTED_EDGE('',*,*,#2381,.T.);
#3341=ORIENTED_EDGE('',*,*,#2382,.T.);
#3342=ORIENTED_EDGE('',*,*,#2383,.T.);
#3343=ORIENTED_EDGE('',*,*,#2384,.T.);
#3344=ORIENTED_EDGE('',*,*,#2385,.T.);
#3345=ORIENTED_EDGE('',*,*,#2386,.T.);
#3346=ORIENTED_EDGE('',*,*,#2387,.T.);
#3347=ORIENTED_EDGE('',*,*,#2388,.T.);
#3348=ORIENTED_EDGE('',*,*,#2377,.T.);
#3349=ORIENTED_EDGE('',*,*,#2389,.F.);
#3350=ORIENTED_EDGE('',*,*,#2390,.F.);
#3351=ORIENTED_EDGE('',*,*,#2391,.T.);
#3352=ORIENTED_EDGE('',*,*,#2392,.F.);
#3353=ORIENTED_EDGE('',*,*,#2393,.F.);
#3354=ORIENTED_EDGE('',*,*,#2394,.T.);
#3355=ORIENTED_EDGE('',*,*,#2370,.T.);
#3356=ORIENTED_EDGE('',*,*,#2371,.T.);
#3357=ORIENTED_EDGE('',*,*,#2394,.F.);
#3358=ORIENTED_EDGE('',*,*,#2395,.F.);
#3359=ORIENTED_EDGE('',*,*,#2396,.T.);
#3360=ORIENTED_EDGE('',*,*,#2372,.T.);
#3361=ORIENTED_EDGE('',*,*,#2396,.F.);
#3362=ORIENTED_EDGE('',*,*,#2397,.F.);
#3363=ORIENTED_EDGE('',*,*,#2398,.T.);
#3364=ORIENTED_EDGE('',*,*,#2373,.T.);
#3365=ORIENTED_EDGE('',*,*,#2398,.F.);
#3366=ORIENTED_EDGE('',*,*,#2399,.F.);
#3367=ORIENTED_EDGE('',*,*,#2400,.T.);
#3368=ORIENTED_EDGE('',*,*,#2374,.T.);
#3369=ORIENTED_EDGE('',*,*,#2400,.F.);
#3370=ORIENTED_EDGE('',*,*,#2401,.F.);
#3371=ORIENTED_EDGE('',*,*,#2402,.T.);
#3372=ORIENTED_EDGE('',*,*,#2375,.T.);
#3373=ORIENTED_EDGE('',*,*,#2402,.F.);
#3374=ORIENTED_EDGE('',*,*,#2403,.F.);
#3375=ORIENTED_EDGE('',*,*,#2404,.T.);
#3376=ORIENTED_EDGE('',*,*,#2376,.T.);
#3377=ORIENTED_EDGE('',*,*,#2404,.F.);
#3378=ORIENTED_EDGE('',*,*,#2405,.F.);
#3379=ORIENTED_EDGE('',*,*,#2389,.T.);
#3380=ORIENTED_EDGE('',*,*,#2406,.F.);
#3381=ORIENTED_EDGE('',*,*,#2407,.F.);
#3382=ORIENTED_EDGE('',*,*,#2384,.F.);
#3383=ORIENTED_EDGE('',*,*,#2408,.T.);
#3384=ORIENTED_EDGE('',*,*,#2409,.F.);
#3385=ORIENTED_EDGE('',*,*,#2410,.F.);
#3386=ORIENTED_EDGE('',*,*,#2411,.F.);
#3387=ORIENTED_EDGE('',*,*,#2380,.F.);
#3388=ORIENTED_EDGE('',*,*,#2412,.F.);
#3389=ORIENTED_EDGE('',*,*,#2413,.F.);
#3390=ORIENTED_EDGE('',*,*,#2381,.F.);
#3391=ORIENTED_EDGE('',*,*,#2411,.T.);
#3392=ORIENTED_EDGE('',*,*,#2414,.F.);
#3393=ORIENTED_EDGE('',*,*,#2415,.F.);
#3394=ORIENTED_EDGE('',*,*,#2382,.F.);
#3395=ORIENTED_EDGE('',*,*,#2413,.T.);
#3396=ORIENTED_EDGE('',*,*,#2416,.F.);
#3397=ORIENTED_EDGE('',*,*,#2408,.F.);
#3398=ORIENTED_EDGE('',*,*,#2383,.F.);
#3399=ORIENTED_EDGE('',*,*,#2415,.T.);
#3400=ORIENTED_EDGE('',*,*,#2417,.F.);
#3401=ORIENTED_EDGE('',*,*,#2418,.F.);
#3402=ORIENTED_EDGE('',*,*,#2419,.F.);
#3403=ORIENTED_EDGE('',*,*,#2420,.F.);
#3404=ORIENTED_EDGE('',*,*,#2421,.T.);
#3405=ORIENTED_EDGE('',*,*,#2418,.T.);
#3406=ORIENTED_EDGE('',*,*,#2422,.T.);
#3407=ORIENTED_EDGE('',*,*,#2423,.T.);
#3408=ORIENTED_EDGE('',*,*,#2424,.T.);
#3409=ORIENTED_EDGE('',*,*,#2419,.T.);
#3410=ORIENTED_EDGE('',*,*,#2425,.T.);
#3411=ORIENTED_EDGE('',*,*,#2426,.T.);
#3412=ORIENTED_EDGE('',*,*,#2427,.F.);
#3413=ORIENTED_EDGE('',*,*,#2425,.F.);
#3414=ORIENTED_EDGE('',*,*,#2421,.F.);
#3415=ORIENTED_EDGE('',*,*,#2428,.T.);
#3416=ORIENTED_EDGE('',*,*,#2429,.T.);
#3417=ORIENTED_EDGE('',*,*,#2430,.T.);
#3418=ORIENTED_EDGE('',*,*,#2431,.T.);
#3419=ORIENTED_EDGE('',*,*,#2417,.T.);
#3420=ORIENTED_EDGE('',*,*,#2422,.F.);
#3421=ORIENTED_EDGE('',*,*,#2431,.F.);
#3422=ORIENTED_EDGE('',*,*,#2432,.F.);
#3423=ORIENTED_EDGE('',*,*,#2433,.T.);
#3424=ORIENTED_EDGE('',*,*,#2434,.F.);
#3425=ORIENTED_EDGE('',*,*,#2435,.T.);
#3426=ORIENTED_EDGE('',*,*,#2436,.T.);
#3427=ORIENTED_EDGE('',*,*,#2435,.F.);
#3428=ORIENTED_EDGE('',*,*,#2436,.F.);
#3429=ORIENTED_EDGE('',*,*,#2437,.T.);
#3430=ORIENTED_EDGE('',*,*,#2438,.F.);
#3431=ORIENTED_EDGE('',*,*,#2437,.F.);
#3432=ORIENTED_EDGE('',*,*,#2439,.F.);
#3433=ORIENTED_EDGE('',*,*,#2440,.T.);
#3434=ORIENTED_EDGE('',*,*,#2441,.T.);
#3435=ORIENTED_EDGE('',*,*,#2440,.F.);
#3436=ORIENTED_EDGE('',*,*,#2441,.F.);
#3437=ORIENTED_EDGE('',*,*,#2442,.T.);
#3438=ORIENTED_EDGE('',*,*,#2443,.F.);
#3439=ORIENTED_EDGE('',*,*,#2442,.F.);
#3440=ORIENTED_EDGE('',*,*,#2444,.F.);
#3441=ORIENTED_EDGE('',*,*,#2445,.F.);
#3442=ORIENTED_EDGE('',*,*,#2446,.F.);
#3443=ORIENTED_EDGE('',*,*,#2447,.F.);
#3444=ORIENTED_EDGE('',*,*,#2448,.F.);
#3445=ORIENTED_EDGE('',*,*,#2449,.F.);
#3446=ORIENTED_EDGE('',*,*,#2450,.F.);
#3447=ORIENTED_EDGE('',*,*,#2451,.F.);
#3448=ORIENTED_EDGE('',*,*,#2452,.F.);
#3449=ORIENTED_EDGE('',*,*,#2453,.F.);
#3450=ORIENTED_EDGE('',*,*,#2454,.F.);
#3451=ORIENTED_EDGE('',*,*,#2388,.F.);
#3452=ORIENTED_EDGE('',*,*,#2455,.T.);
#3453=ORIENTED_EDGE('',*,*,#2456,.F.);
#3454=ORIENTED_EDGE('',*,*,#2457,.F.);
#3455=ORIENTED_EDGE('',*,*,#2455,.F.);
#3456=ORIENTED_EDGE('',*,*,#2387,.F.);
#3457=ORIENTED_EDGE('',*,*,#2458,.T.);
#3458=ORIENTED_EDGE('',*,*,#2459,.F.);
#3459=ORIENTED_EDGE('',*,*,#2458,.F.);
#3460=ORIENTED_EDGE('',*,*,#2386,.F.);
#3461=ORIENTED_EDGE('',*,*,#2460,.T.);
#3462=ORIENTED_EDGE('',*,*,#2461,.F.);
#3463=ORIENTED_EDGE('',*,*,#2460,.F.);
#3464=ORIENTED_EDGE('',*,*,#2385,.F.);
#3465=ORIENTED_EDGE('',*,*,#2407,.T.);
#3466=ORIENTED_EDGE('',*,*,#2462,.F.);
#3467=ORIENTED_EDGE('',*,*,#2453,.T.);
#3468=ORIENTED_EDGE('',*,*,#2463,.F.);
#3469=ORIENTED_EDGE('',*,*,#2410,.T.);
#3470=ORIENTED_EDGE('',*,*,#2463,.T.);
#3471=ORIENTED_EDGE('',*,*,#2452,.T.);
#3472=ORIENTED_EDGE('',*,*,#2464,.F.);
#3473=ORIENTED_EDGE('',*,*,#2412,.T.);
#3474=ORIENTED_EDGE('',*,*,#2464,.T.);
#3475=ORIENTED_EDGE('',*,*,#2451,.T.);
#3476=ORIENTED_EDGE('',*,*,#2465,.F.);
#3477=ORIENTED_EDGE('',*,*,#2414,.T.);
#3478=ORIENTED_EDGE('',*,*,#2465,.T.);
#3479=ORIENTED_EDGE('',*,*,#2450,.T.);
#3480=ORIENTED_EDGE('',*,*,#2466,.F.);
#3481=ORIENTED_EDGE('',*,*,#2416,.T.);
#3482=ORIENTED_EDGE('',*,*,#2466,.T.);
#3483=ORIENTED_EDGE('',*,*,#2449,.T.);
#3484=ORIENTED_EDGE('',*,*,#2467,.F.);
#3485=ORIENTED_EDGE('',*,*,#2406,.T.);
#3486=ORIENTED_EDGE('',*,*,#2467,.T.);
#3487=ORIENTED_EDGE('',*,*,#2448,.T.);
#3488=ORIENTED_EDGE('',*,*,#2468,.F.);
#3489=ORIENTED_EDGE('',*,*,#2461,.T.);
#3490=ORIENTED_EDGE('',*,*,#2468,.T.);
#3491=ORIENTED_EDGE('',*,*,#2447,.T.);
#3492=ORIENTED_EDGE('',*,*,#2469,.F.);
#3493=ORIENTED_EDGE('',*,*,#2459,.T.);
#3494=ORIENTED_EDGE('',*,*,#2469,.T.);
#3495=ORIENTED_EDGE('',*,*,#2446,.T.);
#3496=ORIENTED_EDGE('',*,*,#2470,.F.);
#3497=ORIENTED_EDGE('',*,*,#2457,.T.);
#3498=ORIENTED_EDGE('',*,*,#2471,.F.);
#3499=ORIENTED_EDGE('',*,*,#2456,.T.);
#3500=ORIENTED_EDGE('',*,*,#2470,.T.);
#3501=ORIENTED_EDGE('',*,*,#2445,.T.);
#3502=ORIENTED_EDGE('',*,*,#2472,.F.);
#3503=ORIENTED_EDGE('',*,*,#2378,.T.);
#3504=ORIENTED_EDGE('',*,*,#2391,.F.);
#3505=ORIENTED_EDGE('',*,*,#2473,.F.);
#3506=ORIENTED_EDGE('',*,*,#2474,.F.);
#3507=ORIENTED_EDGE('',*,*,#2475,.T.);
#3508=ORIENTED_EDGE('',*,*,#2429,.F.);
#3509=ORIENTED_EDGE('',*,*,#2420,.T.);
#3510=ORIENTED_EDGE('',*,*,#2424,.F.);
#3511=ORIENTED_EDGE('',*,*,#2476,.T.);
#3512=ORIENTED_EDGE('',*,*,#2477,.F.);
#3513=ORIENTED_EDGE('',*,*,#2473,.T.);
#3514=ORIENTED_EDGE('',*,*,#2390,.T.);
#3515=ORIENTED_EDGE('',*,*,#2405,.T.);
#3516=ORIENTED_EDGE('',*,*,#2403,.T.);
#3517=ORIENTED_EDGE('',*,*,#2401,.T.);
#3518=ORIENTED_EDGE('',*,*,#2399,.T.);
#3519=ORIENTED_EDGE('',*,*,#2397,.T.);
#3520=ORIENTED_EDGE('',*,*,#2395,.T.);
#3521=ORIENTED_EDGE('',*,*,#2393,.T.);
#3522=ORIENTED_EDGE('',*,*,#2434,.T.);
#3523=ORIENTED_EDGE('',*,*,#2439,.T.);
#3524=ORIENTED_EDGE('',*,*,#2478,.F.);
#3525=ORIENTED_EDGE('',*,*,#2476,.F.);
#3526=ORIENTED_EDGE('',*,*,#2426,.F.);
#3527=ORIENTED_EDGE('',*,*,#2479,.F.);
#3528=ORIENTED_EDGE('',*,*,#2480,.F.);
#3529=ORIENTED_EDGE('',*,*,#2479,.T.);
#3530=ORIENTED_EDGE('',*,*,#2427,.T.);
#3531=ORIENTED_EDGE('',*,*,#2481,.T.);
#3532=ORIENTED_EDGE('',*,*,#2482,.F.);
#3533=ORIENTED_EDGE('',*,*,#2481,.F.);
#3534=ORIENTED_EDGE('',*,*,#2428,.F.);
#3535=ORIENTED_EDGE('',*,*,#2423,.F.);
#3536=ORIENTED_EDGE('',*,*,#2433,.F.);
#3537=ORIENTED_EDGE('',*,*,#2483,.F.);
#3538=ORIENTED_EDGE('',*,*,#2438,.T.);
#3539=ORIENTED_EDGE('',*,*,#2443,.T.);
#3540=ORIENTED_EDGE('',*,*,#2484,.F.);
#3541=ORIENTED_EDGE('',*,*,#2483,.T.);
#3542=ORIENTED_EDGE('',*,*,#2432,.T.);
#3543=ORIENTED_EDGE('',*,*,#2485,.T.);
#3544=ORIENTED_EDGE('',*,*,#2486,.F.);
#3545=ORIENTED_EDGE('',*,*,#2485,.F.);
#3546=ORIENTED_EDGE('',*,*,#2430,.F.);
#3547=ORIENTED_EDGE('',*,*,#2475,.F.);
#3548=ORIENTED_EDGE('',*,*,#2472,.T.);
#3549=ORIENTED_EDGE('',*,*,#2477,.T.);
#3550=ORIENTED_EDGE('',*,*,#2478,.T.);
#3551=ORIENTED_EDGE('',*,*,#2480,.T.);
#3552=ORIENTED_EDGE('',*,*,#2482,.T.);
#3553=ORIENTED_EDGE('',*,*,#2484,.T.);
#3554=ORIENTED_EDGE('',*,*,#2486,.T.);
#3555=ORIENTED_EDGE('',*,*,#2474,.T.);
#3556=ORIENTED_EDGE('',*,*,#2392,.T.);
#3557=ORIENTED_EDGE('',*,*,#2369,.T.);
#3558=ORIENTED_EDGE('',*,*,#2454,.T.);
#3559=ORIENTED_EDGE('',*,*,#2471,.T.);
#3560=ORIENTED_EDGE('',*,*,#2444,.T.);
#3561=ORIENTED_EDGE('',*,*,#2462,.T.);
#3562=ORIENTED_EDGE('',*,*,#2409,.T.);
#3563=ORIENTED_EDGE('',*,*,#2379,.T.);
#3564=ORIENTED_EDGE('',*,*,#2487,.F.);
#3565=ORIENTED_EDGE('',*,*,#2488,.T.);
#3566=ORIENTED_EDGE('',*,*,#2489,.T.);
#3567=ORIENTED_EDGE('',*,*,#2490,.F.);
#3568=ORIENTED_EDGE('',*,*,#2491,.F.);
#3569=ORIENTED_EDGE('',*,*,#2492,.T.);
#3570=ORIENTED_EDGE('',*,*,#2493,.T.);
#3571=ORIENTED_EDGE('',*,*,#2488,.F.);
#3572=ORIENTED_EDGE('',*,*,#2494,.F.);
#3573=ORIENTED_EDGE('',*,*,#2495,.T.);
#3574=ORIENTED_EDGE('',*,*,#2496,.T.);
#3575=ORIENTED_EDGE('',*,*,#2492,.F.);
#3576=ORIENTED_EDGE('',*,*,#2497,.F.);
#3577=ORIENTED_EDGE('',*,*,#2498,.T.);
#3578=ORIENTED_EDGE('',*,*,#2499,.T.);
#3579=ORIENTED_EDGE('',*,*,#2495,.F.);
#3580=ORIENTED_EDGE('',*,*,#2500,.F.);
#3581=ORIENTED_EDGE('',*,*,#2501,.T.);
#3582=ORIENTED_EDGE('',*,*,#2502,.T.);
#3583=ORIENTED_EDGE('',*,*,#2498,.F.);
#3584=ORIENTED_EDGE('',*,*,#2503,.F.);
#3585=ORIENTED_EDGE('',*,*,#2504,.T.);
#3586=ORIENTED_EDGE('',*,*,#2505,.T.);
#3587=ORIENTED_EDGE('',*,*,#2506,.F.);
#3588=ORIENTED_EDGE('',*,*,#2507,.F.);
#3589=ORIENTED_EDGE('',*,*,#2508,.T.);
#3590=ORIENTED_EDGE('',*,*,#2509,.T.);
#3591=ORIENTED_EDGE('',*,*,#2504,.F.);
#3592=ORIENTED_EDGE('',*,*,#2510,.F.);
#3593=ORIENTED_EDGE('',*,*,#2511,.T.);
#3594=ORIENTED_EDGE('',*,*,#2512,.T.);
#3595=ORIENTED_EDGE('',*,*,#2508,.F.);
#3596=ORIENTED_EDGE('',*,*,#2513,.F.);
#3597=ORIENTED_EDGE('',*,*,#2514,.T.);
#3598=ORIENTED_EDGE('',*,*,#2515,.T.);
#3599=ORIENTED_EDGE('',*,*,#2511,.F.);
#3600=ORIENTED_EDGE('',*,*,#2516,.F.);
#3601=ORIENTED_EDGE('',*,*,#2490,.T.);
#3602=ORIENTED_EDGE('',*,*,#2517,.T.);
#3603=ORIENTED_EDGE('',*,*,#2514,.F.);
#3604=ORIENTED_EDGE('',*,*,#2518,.F.);
#3605=ORIENTED_EDGE('',*,*,#2519,.T.);
#3606=ORIENTED_EDGE('',*,*,#2520,.T.);
#3607=ORIENTED_EDGE('',*,*,#2521,.F.);
#3608=ORIENTED_EDGE('',*,*,#2522,.F.);
#3609=ORIENTED_EDGE('',*,*,#2523,.T.);
#3610=ORIENTED_EDGE('',*,*,#2524,.T.);
#3611=ORIENTED_EDGE('',*,*,#2519,.F.);
#3612=ORIENTED_EDGE('',*,*,#2525,.F.);
#3613=ORIENTED_EDGE('',*,*,#2526,.T.);
#3614=ORIENTED_EDGE('',*,*,#2527,.T.);
#3615=ORIENTED_EDGE('',*,*,#2523,.F.);
#3616=ORIENTED_EDGE('',*,*,#2528,.F.);
#3617=ORIENTED_EDGE('',*,*,#2529,.T.);
#3618=ORIENTED_EDGE('',*,*,#2530,.T.);
#3619=ORIENTED_EDGE('',*,*,#2526,.F.);
#3620=ORIENTED_EDGE('',*,*,#2531,.F.);
#3621=ORIENTED_EDGE('',*,*,#2506,.T.);
#3622=ORIENTED_EDGE('',*,*,#2532,.T.);
#3623=ORIENTED_EDGE('',*,*,#2529,.F.);
#3624=ORIENTED_EDGE('',*,*,#2533,.F.);
#3625=ORIENTED_EDGE('',*,*,#2500,.T.);
#3626=ORIENTED_EDGE('',*,*,#2497,.T.);
#3627=ORIENTED_EDGE('',*,*,#2494,.T.);
#3628=ORIENTED_EDGE('',*,*,#2491,.T.);
#3629=ORIENTED_EDGE('',*,*,#2487,.T.);
#3630=ORIENTED_EDGE('',*,*,#2516,.T.);
#3631=ORIENTED_EDGE('',*,*,#2513,.T.);
#3632=ORIENTED_EDGE('',*,*,#2510,.T.);
#3633=ORIENTED_EDGE('',*,*,#2507,.T.);
#3634=ORIENTED_EDGE('',*,*,#2503,.T.);
#3635=ORIENTED_EDGE('',*,*,#2531,.T.);
#3636=ORIENTED_EDGE('',*,*,#2528,.T.);
#3637=ORIENTED_EDGE('',*,*,#2525,.T.);
#3638=ORIENTED_EDGE('',*,*,#2522,.T.);
#3639=ORIENTED_EDGE('',*,*,#2518,.T.);
#3640=ORIENTED_EDGE('',*,*,#2534,.T.);
#3641=ORIENTED_EDGE('',*,*,#2535,.T.);
#3642=ORIENTED_EDGE('',*,*,#2536,.T.);
#3643=ORIENTED_EDGE('',*,*,#2537,.T.);
#3644=ORIENTED_EDGE('',*,*,#2538,.T.);
#3645=ORIENTED_EDGE('',*,*,#2538,.F.);
#3646=ORIENTED_EDGE('',*,*,#2539,.T.);
#3647=ORIENTED_EDGE('',*,*,#2540,.T.);
#3648=ORIENTED_EDGE('',*,*,#2501,.F.);
#3649=ORIENTED_EDGE('',*,*,#2537,.F.);
#3650=ORIENTED_EDGE('',*,*,#2541,.T.);
#3651=ORIENTED_EDGE('',*,*,#2542,.T.);
#3652=ORIENTED_EDGE('',*,*,#2539,.F.);
#3653=ORIENTED_EDGE('',*,*,#2536,.F.);
#3654=ORIENTED_EDGE('',*,*,#2543,.T.);
#3655=ORIENTED_EDGE('',*,*,#2544,.T.);
#3656=ORIENTED_EDGE('',*,*,#2541,.F.);
#3657=ORIENTED_EDGE('',*,*,#2535,.F.);
#3658=ORIENTED_EDGE('',*,*,#2545,.T.);
#3659=ORIENTED_EDGE('',*,*,#2546,.T.);
#3660=ORIENTED_EDGE('',*,*,#2543,.F.);
#3661=ORIENTED_EDGE('',*,*,#2534,.F.);
#3662=ORIENTED_EDGE('',*,*,#2521,.T.);
#3663=ORIENTED_EDGE('',*,*,#2547,.T.);
#3664=ORIENTED_EDGE('',*,*,#2545,.F.);
#3665=ORIENTED_EDGE('',*,*,#2547,.F.);
#3666=ORIENTED_EDGE('',*,*,#2520,.F.);
#3667=ORIENTED_EDGE('',*,*,#2524,.F.);
#3668=ORIENTED_EDGE('',*,*,#2527,.F.);
#3669=ORIENTED_EDGE('',*,*,#2530,.F.);
#3670=ORIENTED_EDGE('',*,*,#2532,.F.);
#3671=ORIENTED_EDGE('',*,*,#2505,.F.);
#3672=ORIENTED_EDGE('',*,*,#2509,.F.);
#3673=ORIENTED_EDGE('',*,*,#2512,.F.);
#3674=ORIENTED_EDGE('',*,*,#2515,.F.);
#3675=ORIENTED_EDGE('',*,*,#2517,.F.);
#3676=ORIENTED_EDGE('',*,*,#2489,.F.);
#3677=ORIENTED_EDGE('',*,*,#2493,.F.);
#3678=ORIENTED_EDGE('',*,*,#2496,.F.);
#3679=ORIENTED_EDGE('',*,*,#2499,.F.);
#3680=ORIENTED_EDGE('',*,*,#2502,.F.);
#3681=ORIENTED_EDGE('',*,*,#2540,.F.);
#3682=ORIENTED_EDGE('',*,*,#2542,.F.);
#3683=ORIENTED_EDGE('',*,*,#2544,.F.);
#3684=ORIENTED_EDGE('',*,*,#2546,.F.);
#3685=ORIENTED_EDGE('',*,*,#2548,.F.);
#3686=ORIENTED_EDGE('',*,*,#2549,.T.);
#3687=ORIENTED_EDGE('',*,*,#2550,.T.);
#3688=ORIENTED_EDGE('',*,*,#2549,.F.);
#3689=ORIENTED_EDGE('',*,*,#2548,.T.);
#3690=ORIENTED_EDGE('',*,*,#2533,.T.);
#3691=ORIENTED_EDGE('',*,*,#2551,.T.);
#3692=ORIENTED_EDGE('',*,*,#2550,.F.);
#3693=ORIENTED_EDGE('',*,*,#2551,.F.);
#3694=CYLINDRICAL_SURFACE('',#3989,5.);
#3695=CYLINDRICAL_SURFACE('',#3995,5.);
#3696=CYLINDRICAL_SURFACE('',#4004,1.5);
#3697=CYLINDRICAL_SURFACE('',#4008,1.321);
#3698=CYLINDRICAL_SURFACE('',#4010,1.95);
#3699=CYLINDRICAL_SURFACE('',#4016,1.321);
#3700=CYLINDRICAL_SURFACE('',#4018,1.95);
#3701=CYLINDRICAL_SURFACE('',#4070,4.);
#3702=CYLINDRICAL_SURFACE('',#4076,4.);
#3703=CYLINDRICAL_SURFACE('',#4080,0.5);
#3704=CYLINDRICAL_SURFACE('',#4083,0.5);
#3705=CYLINDRICAL_SURFACE('',#4086,0.5);
#3706=CYLINDRICAL_SURFACE('',#4090,0.5);
#3707=CYLINDRICAL_SURFACE('',#4093,0.5);
#3708=CYLINDRICAL_SURFACE('',#4095,0.5);
#3709=CYLINDRICAL_SURFACE('',#4098,0.5);
#3710=CYLINDRICAL_SURFACE('',#4101,0.5);
#3711=CYLINDRICAL_SURFACE('',#4105,0.5);
#3712=CYLINDRICAL_SURFACE('',#4107,0.5);
#3713=CYLINDRICAL_SURFACE('',#4110,0.5);
#3714=CYLINDRICAL_SURFACE('',#4117,1.5);
#3715=CYLINDRICAL_SURFACE('',#4121,1.5);
#3716=CYLINDRICAL_SURFACE('',#4163,0.5);
#3717=CYLINDRICAL_SURFACE('',#4166,4.75);
#3718=CYLINDRICAL_SURFACE('',#4171,4.75);
#3719=CYLINDRICAL_SURFACE('',#4176,1.95);
#3720=CYLINDRICAL_SURFACE('',#4181,1.95);
#3721=CYLINDRICAL_SURFACE('',#4200,0.4);
#3722=CYLINDRICAL_SURFACE('',#4209,0.4);
#3723=CYLINDRICAL_SURFACE('',#4217,0.4);
#3724=CYLINDRICAL_SURFACE('',#4222,0.5);
#3725=CYLINDRICAL_SURFACE('',#4225,0.5);
#3726=CYLINDRICAL_SURFACE('',#4261,1.6891);
#3727=ADVANCED_FACE('',(#469),#3694,.T.);
#3728=ADVANCED_FACE('',(#470),#404,.F.);
#3729=ADVANCED_FACE('',(#471),#3695,.T.);
#3730=ADVANCED_FACE('',(#472),#405,.F.);
#3731=ADVANCED_FACE('',(#473),#213,.F.);
#3732=ADVANCED_FACE('',(#474),#214,.T.);
#3733=ADVANCED_FACE('',(#475),#215,.T.);
#3734=ADVANCED_FACE('',(#476),#3696,.T.);
#3735=ADVANCED_FACE('',(#477),#216,.T.);
#3736=ADVANCED_FACE('',(#478),#217,.T.);
#3737=ADVANCED_FACE('',(#479),#3697,.F.);
#3738=ADVANCED_FACE('',(#480),#3698,.F.);
#3739=ADVANCED_FACE('',(#481,#68),#218,.T.);
#3740=ADVANCED_FACE('',(#482),#219,.T.);
#3741=ADVANCED_FACE('',(#483),#3699,.F.);
#3742=ADVANCED_FACE('',(#484),#3700,.F.);
#3743=ADVANCED_FACE('',(#485,#69),#220,.T.);
#3744=ADVANCED_FACE('',(#486),#221,.T.);
#3745=ADVANCED_FACE('',(#487),#222,.T.);
#3746=ADVANCED_FACE('',(#488),#223,.T.);
#3747=ADVANCED_FACE('',(#489),#224,.T.);
#3748=ADVANCED_FACE('',(#490),#225,.T.);
#3749=ADVANCED_FACE('',(#491),#226,.T.);
#3750=ADVANCED_FACE('',(#492),#227,.T.);
#3751=ADVANCED_FACE('',(#493),#228,.T.);
#3752=ADVANCED_FACE('',(#494),#229,.T.);
#3753=ADVANCED_FACE('',(#495),#230,.T.);
#3754=ADVANCED_FACE('',(#496),#406,.T.);
#3755=ADVANCED_FACE('',(#497),#407,.T.);
#3756=ADVANCED_FACE('',(#498),#408,.F.);
#3757=ADVANCED_FACE('',(#499),#409,.F.);
#3758=ADVANCED_FACE('',(#500),#410,.F.);
#3759=ADVANCED_FACE('',(#501),#411,.F.);
#3760=ADVANCED_FACE('',(#502),#412,.T.);
#3761=ADVANCED_FACE('',(#503),#413,.T.);
#3762=ADVANCED_FACE('',(#504),#414,.F.);
#3763=ADVANCED_FACE('',(#505),#415,.F.);
#3764=ADVANCED_FACE('',(#506),#416,.F.);
#3765=ADVANCED_FACE('',(#507),#417,.F.);
#3766=ADVANCED_FACE('',(#508,#70),#231,.T.);
#3767=ADVANCED_FACE('',(#509),#232,.T.);
#3768=ADVANCED_FACE('',(#510),#233,.T.);
#3769=ADVANCED_FACE('',(#511),#418,.T.);
#3770=ADVANCED_FACE('',(#512),#419,.T.);
#3771=ADVANCED_FACE('',(#513),#420,.T.);
#3772=ADVANCED_FACE('',(#514),#421,.T.);
#3773=ADVANCED_FACE('',(#515),#422,.T.);
#3774=ADVANCED_FACE('',(#516),#423,.F.);
#3775=ADVANCED_FACE('',(#517),#424,.F.);
#3776=ADVANCED_FACE('',(#518),#425,.F.);
#3777=ADVANCED_FACE('',(#519),#426,.T.);
#3778=ADVANCED_FACE('',(#520),#427,.T.);
#3779=ADVANCED_FACE('',(#521),#428,.T.);
#3780=ADVANCED_FACE('',(#522),#429,.T.);
#3781=ADVANCED_FACE('',(#523),#430,.T.);
#3782=ADVANCED_FACE('',(#524),#431,.T.);
#3783=ADVANCED_FACE('',(#525),#432,.T.);
#3784=ADVANCED_FACE('',(#526),#433,.F.);
#3785=ADVANCED_FACE('',(#527),#434,.F.);
#3786=ADVANCED_FACE('',(#528),#435,.F.);
#3787=ADVANCED_FACE('',(#529),#436,.F.);
#3788=ADVANCED_FACE('',(#530,#71),#234,.T.);
#3789=ADVANCED_FACE('',(#531),#437,.T.);
#3790=ADVANCED_FACE('',(#532),#438,.T.);
#3791=ADVANCED_FACE('',(#533),#439,.T.);
#3792=ADVANCED_FACE('',(#534),#440,.T.);
#3793=ADVANCED_FACE('',(#535),#441,.T.);
#3794=ADVANCED_FACE('',(#536),#442,.T.);
#3795=ADVANCED_FACE('',(#537),#443,.T.);
#3796=ADVANCED_FACE('',(#538),#235,.T.);
#3797=ADVANCED_FACE('',(#539),#236,.T.);
#3798=ADVANCED_FACE('',(#540),#444,.T.);
#3799=ADVANCED_FACE('',(#541),#445,.T.);
#3800=ADVANCED_FACE('',(#542),#446,.T.);
#3801=ADVANCED_FACE('',(#543),#447,.T.);
#3802=ADVANCED_FACE('',(#544),#448,.T.);
#3803=ADVANCED_FACE('',(#545),#449,.T.);
#3804=ADVANCED_FACE('',(#546),#237,.T.);
#3805=ADVANCED_FACE('',(#547),#238,.T.);
#3806=ADVANCED_FACE('',(#548),#239,.T.);
#3807=ADVANCED_FACE('',(#549),#240,.T.);
#3808=ADVANCED_FACE('',(#550),#241,.T.);
#3809=ADVANCED_FACE('',(#551),#242,.T.);
#3810=ADVANCED_FACE('',(#552),#450,.T.);
#3811=ADVANCED_FACE('',(#553),#243,.T.);
#3812=ADVANCED_FACE('',(#554),#244,.T.);
#3813=ADVANCED_FACE('',(#555),#245,.T.);
#3814=ADVANCED_FACE('',(#556),#246,.T.);
#3815=ADVANCED_FACE('',(#557),#247,.T.);
#3816=ADVANCED_FACE('',(#558),#248,.T.);
#3817=ADVANCED_FACE('',(#559),#249,.T.);
#3818=ADVANCED_FACE('',(#560),#250,.T.);
#3819=ADVANCED_FACE('',(#561),#251,.T.);
#3820=ADVANCED_FACE('',(#562),#252,.T.);
#3821=ADVANCED_FACE('',(#563),#253,.T.);
#3822=ADVANCED_FACE('',(#564),#451,.T.);
#3823=ADVANCED_FACE('',(#565),#452,.T.);
#3824=ADVANCED_FACE('',(#566),#254,.T.);
#3825=ADVANCED_FACE('',(#567),#255,.T.);
#3826=ADVANCED_FACE('',(#568),#256,.T.);
#3827=ADVANCED_FACE('',(#569),#453,.F.);
#3828=ADVANCED_FACE('',(#570),#454,.F.);
#3829=ADVANCED_FACE('',(#571),#257,.F.);
#3830=ADVANCED_FACE('',(#572),#455,.F.);
#3831=ADVANCED_FACE('',(#573),#456,.F.);
#3832=ADVANCED_FACE('',(#574),#258,.F.);
#3833=ADVANCED_FACE('',(#575),#457,.T.);
#3834=ADVANCED_FACE('',(#576),#458,.T.);
#3835=ADVANCED_FACE('',(#577),#459,.T.);
#3836=ADVANCED_FACE('',(#578),#259,.T.);
#3837=ADVANCED_FACE('',(#579),#460,.T.);
#3838=ADVANCED_FACE('',(#580),#461,.F.);
#3839=ADVANCED_FACE('',(#581),#462,.F.);
#3840=ADVANCED_FACE('',(#582),#260,.F.);
#3841=ADVANCED_FACE('',(#583),#261,.F.);
#3842=ADVANCED_FACE('',(#584),#463,.F.);
#3843=ADVANCED_FACE('',(#585),#464,.F.);
#3844=ADVANCED_FACE('',(#586),#262,.F.);
#3845=ADVANCED_FACE('',(#587),#263,.F.);
#3846=ADVANCED_FACE('',(#588,#72,#73),#264,.T.);
#3847=ADVANCED_FACE('',(#589,#74,#75,#76,#77,#78,#79),#265,.T.);
#3848=ADVANCED_FACE('',(#590),#266,.T.);
#3849=ADVANCED_FACE('',(#591),#3701,.T.);
#3850=ADVANCED_FACE('',(#592),#267,.T.);
#3851=ADVANCED_FACE('',(#593),#268,.F.);
#3852=ADVANCED_FACE('',(#594),#269,.T.);
#3853=ADVANCED_FACE('',(#595),#3702,.T.);
#3854=ADVANCED_FACE('',(#596),#270,.T.);
#3855=ADVANCED_FACE('',(#597),#3703,.F.);
#3856=ADVANCED_FACE('',(#598),#3704,.F.);
#3857=ADVANCED_FACE('',(#599),#3705,.F.);
#3858=ADVANCED_FACE('',(#600),#465,.T.);
#3859=ADVANCED_FACE('',(#601),#3706,.F.);
#3860=ADVANCED_FACE('',(#602),#3707,.F.);
#3861=ADVANCED_FACE('',(#603),#3708,.F.);
#3862=ADVANCED_FACE('',(#604),#3709,.F.);
#3863=ADVANCED_FACE('',(#605),#3710,.F.);
#3864=ADVANCED_FACE('',(#606),#466,.T.);
#3865=ADVANCED_FACE('',(#607),#3711,.F.);
#3866=ADVANCED_FACE('',(#608),#3712,.F.);
#3867=ADVANCED_FACE('',(#609),#3713,.F.);
#3868=ADVANCED_FACE('',(#610),#64,.F.);
#3869=ADVANCED_FACE('',(#611),#65,.F.);
#3870=ADVANCED_FACE('',(#612),#66,.F.);
#3871=ADVANCED_FACE('',(#613),#67,.F.);
#3872=ADVANCED_FACE('',(#614),#3714,.T.);
#3873=ADVANCED_FACE('',(#615),#271,.F.);
#3874=ADVANCED_FACE('',(#616,#80,#81),#272,.T.);
#3875=ADVANCED_FACE('',(#617),#3715,.T.);
#3876=ADVANCED_FACE('',(#618),#273,.T.);
#3877=ADVANCED_FACE('',(#619),#274,.F.);
#3878=ADVANCED_FACE('',(#620),#275,.T.);
#3879=ADVANCED_FACE('',(#621),#276,.F.);
#3880=ADVANCED_FACE('',(#622),#33,.T.);
#3881=ADVANCED_FACE('',(#623),#277,.T.);
#3882=ADVANCED_FACE('',(#624),#34,.T.);
#3883=ADVANCED_FACE('',(#625),#35,.F.);
#3884=ADVANCED_FACE('',(#626),#36,.T.);
#3885=ADVANCED_FACE('',(#627),#278,.T.);
#3886=ADVANCED_FACE('',(#628),#37,.T.);
#3887=ADVANCED_FACE('',(#629),#38,.F.);
#3888=ADVANCED_FACE('',(#630),#279,.F.);
#3889=ADVANCED_FACE('',(#631),#280,.F.);
#3890=ADVANCED_FACE('',(#632),#39,.F.);
#3891=ADVANCED_FACE('',(#633),#40,.T.);
#3892=ADVANCED_FACE('',(#634),#41,.F.);
#3893=ADVANCED_FACE('',(#635),#281,.T.);
#3894=ADVANCED_FACE('',(#636),#3716,.T.);
#3895=ADVANCED_FACE('',(#637),#3717,.T.);
#3896=ADVANCED_FACE('',(#638),#467,.F.);
#3897=ADVANCED_FACE('',(#639),#3718,.T.);
#3898=ADVANCED_FACE('',(#640),#468,.F.);
#3899=ADVANCED_FACE('',(#641),#3719,.F.);
#3900=ADVANCED_FACE('',(#642),#42,.F.);
#3901=ADVANCED_FACE('',(#643),#3720,.F.);
#3902=ADVANCED_FACE('',(#644),#43,.F.);
#3903=ADVANCED_FACE('',(#645),#282,.F.);
#3904=ADVANCED_FACE('',(#646),#283,.F.);
#3905=ADVANCED_FACE('',(#647),#44,.F.);
#3906=ADVANCED_FACE('',(#648),#45,.T.);
#3907=ADVANCED_FACE('',(#649),#46,.F.);
#3908=ADVANCED_FACE('',(#650),#3721,.F.);
#3909=ADVANCED_FACE('',(#651),#27,.F.);
#3910=ADVANCED_FACE('',(#652),#28,.F.);
#3911=ADVANCED_FACE('',(#653),#29,.F.);
#3912=ADVANCED_FACE('',(#654),#3722,.F.);
#3913=ADVANCED_FACE('',(#655),#30,.F.);
#3914=ADVANCED_FACE('',(#656),#31,.F.);
#3915=ADVANCED_FACE('',(#657),#32,.F.);
#3916=ADVANCED_FACE('',(#658),#3723,.F.);
#3917=ADVANCED_FACE('',(#659),#284,.T.);
#3918=ADVANCED_FACE('',(#660,#82,#83),#285,.F.);
#3919=ADVANCED_FACE('',(#661),#286,.T.);
#3920=ADVANCED_FACE('',(#662),#3724,.T.);
#3921=ADVANCED_FACE('',(#663,#84,#85),#287,.T.);
#3922=ADVANCED_FACE('',(#664),#3725,.T.);
#3923=ADVANCED_FACE('',(#665),#288,.T.);
#3924=ADVANCED_FACE('',(#666),#289,.T.);
#3925=ADVANCED_FACE('',(#667),#290,.F.);
#3926=ADVANCED_FACE('',(#668),#291,.F.);
#3927=ADVANCED_FACE('',(#669),#47,.F.);
#3928=ADVANCED_FACE('',(#670),#292,.F.);
#3929=ADVANCED_FACE('',(#671),#293,.F.);
#3930=ADVANCED_FACE('',(#672),#294,.F.);
#3931=ADVANCED_FACE('',(#673),#295,.F.);
#3932=ADVANCED_FACE('',(#674),#48,.F.);
#3933=ADVANCED_FACE('',(#675),#296,.F.);
#3934=ADVANCED_FACE('',(#676),#297,.F.);
#3935=ADVANCED_FACE('',(#677),#298,.F.);
#3936=ADVANCED_FACE('',(#678),#299,.F.);
#3937=ADVANCED_FACE('',(#679),#49,.F.);
#3938=ADVANCED_FACE('',(#680),#300,.F.);
#3939=ADVANCED_FACE('',(#681),#301,.F.);
#3940=ADVANCED_FACE('',(#682,#86),#302,.T.);
#3941=ADVANCED_FACE('',(#683),#303,.F.);
#3942=ADVANCED_FACE('',(#684),#304,.F.);
#3943=ADVANCED_FACE('',(#685),#50,.F.);
#3944=ADVANCED_FACE('',(#686),#305,.F.);
#3945=ADVANCED_FACE('',(#687),#306,.F.);
#3946=ADVANCED_FACE('',(#688),#307,.T.);
#3947=ADVANCED_FACE('',(#689),#3726,.T.);
#3948=ADVANCED_FACE('',(#690),#308,.T.);
#3949=ADVANCED_FACE('',(#691),#51,.T.);
#3950=CLOSED_SHELL('',(#3727,#3728,#3729,#3730,#3731,#3732,#3733,#3734,
#3735,#3736,#3737,#3738,#3739,#3740,#3741,#3742,#3743,#3744,#3745,#3746,
#3747,#3748,#3749,#3750,#3751,#3752,#3753,#3754,#3755,#3756,#3757,#3758,
#3759,#3760,#3761,#3762,#3763,#3764,#3765,#3766,#3767,#3768,#3769,#3770,
#3771,#3772,#3773,#3774,#3775,#3776,#3777,#3778,#3779,#3780,#3781,#3782,
#3783,#3784,#3785,#3786,#3787,#3788,#3789,#3790,#3791,#3792,#3793,#3794,
#3795,#3796,#3797,#3798,#3799,#3800,#3801,#3802,#3803,#3804,#3805,#3806,
#3807,#3808,#3809,#3810,#3811,#3812,#3813,#3814,#3815,#3816,#3817,#3818,
#3819,#3820,#3821,#3822,#3823,#3824,#3825,#3826,#3827,#3828,#3829,#3830,
#3831,#3832,#3833,#3834,#3835,#3836,#3837,#3838,#3839,#3840,#3841,#3842,
#3843,#3844,#3845,#3846,#3847,#3848,#3849,#3850,#3851,#3852,#3853,#3854,
#3855,#3856,#3857,#3858,#3859,#3860,#3861,#3862,#3863,#3864,#3865,#3866,
#3867,#3868,#3869,#3870,#3871,#3872,#3873,#3874,#3875,#3876,#3877,#3878));
#3951=CLOSED_SHELL('',(#3879,#3880,#3881,#3882,#3883,#3884,#3885,#3886,
#3887,#3888,#3889,#3890,#3891,#3892,#3893,#3894,#3895,#3896,#3897,#3898,
#3899,#3900,#3901,#3902,#3903,#3904,#3905,#3906,#3907,#3908,#3909,#3910,
#3911,#3912,#3913,#3914,#3915,#3916,#3917,#3918,#3919,#3920,#3921,#3922,
#3923,#3924));
#3952=CLOSED_SHELL('',(#3925,#3926,#3927,#3928,#3929,#3930,#3931,#3932,
#3933,#3934,#3935,#3936,#3937,#3938,#3939,#3940,#3941,#3942,#3943,#3944,
#3945,#3946,#3947,#3948,#3949));
#3953=DERIVED_UNIT_ELEMENT(#3959,1.);
#3954=DERIVED_UNIT_ELEMENT(#7401,-3.);
#3955=DERIVED_UNIT_ELEMENT(#3959,1.);
#3956=DERIVED_UNIT_ELEMENT(#7401,-3.);
#3957=DERIVED_UNIT_ELEMENT(#3959,1.);
#3958=DERIVED_UNIT_ELEMENT(#7401,-3.);
#3959=(
MASS_UNIT()
NAMED_UNIT(*)
SI_UNIT(.KILO.,.GRAM.)
);
#3960=DERIVED_UNIT((#3953,#3954));
#3961=DERIVED_UNIT((#3955,#3956));
#3962=DERIVED_UNIT((#3957,#3958));
#3963=MEASURE_REPRESENTATION_ITEM('density measure',
POSITIVE_RATIO_MEASURE(7850.),#3960);
#3964=MEASURE_REPRESENTATION_ITEM('density measure',
POSITIVE_RATIO_MEASURE(7850.),#3961);
#3965=MEASURE_REPRESENTATION_ITEM('density measure',
POSITIVE_RATIO_MEASURE(7850.),#3962);
#3966=PROPERTY_DEFINITION_REPRESENTATION(#3981,#3972);
#3967=PROPERTY_DEFINITION_REPRESENTATION(#3982,#3973);
#3968=PROPERTY_DEFINITION_REPRESENTATION(#3983,#3974);
#3969=PROPERTY_DEFINITION_REPRESENTATION(#3984,#3975);
#3970=PROPERTY_DEFINITION_REPRESENTATION(#3985,#3976);
#3971=PROPERTY_DEFINITION_REPRESENTATION(#3986,#3977);
#3972=REPRESENTATION('material name',(#3978),#7396);
#3973=REPRESENTATION('density',(#3963),#7396);
#3974=REPRESENTATION('material name',(#3979),#7397);
#3975=REPRESENTATION('density',(#3964),#7397);
#3976=REPRESENTATION('material name',(#3980),#7398);
#3977=REPRESENTATION('density',(#3965),#7398);
#3978=DESCRIPTIVE_REPRESENTATION_ITEM('Acero','Acero');
#3979=DESCRIPTIVE_REPRESENTATION_ITEM('Acero','Acero');
#3980=DESCRIPTIVE_REPRESENTATION_ITEM('Acero','Acero');
#3981=PROPERTY_DEFINITION('material property','material name',#7422);
#3982=PROPERTY_DEFINITION('material property','density of part',#7422);
#3983=PROPERTY_DEFINITION('material property','material name',#7423);
#3984=PROPERTY_DEFINITION('material property','density of part',#7423);
#3985=PROPERTY_DEFINITION('material property','material name',#7424);
#3986=PROPERTY_DEFINITION('material property','density of part',#7424);
#3987=AXIS2_PLACEMENT_3D('',#5164,#4270,#4271);
#3988=AXIS2_PLACEMENT_3D('',#5165,#4272,#4273);
#3989=AXIS2_PLACEMENT_3D('',#5166,#4274,#4275);
#3990=AXIS2_PLACEMENT_3D('',#5171,#4277,#4278);
#3991=AXIS2_PLACEMENT_3D('',#5174,#4280,#4281);
#3992=AXIS2_PLACEMENT_3D('',#5206,#4282,#4283);
#3993=AXIS2_PLACEMENT_3D('',#5208,#4284,#4285);
#3994=AXIS2_PLACEMENT_3D('',#5209,#4286,#4287);
#3995=AXIS2_PLACEMENT_3D('',#5210,#4288,#4289);
#3996=AXIS2_PLACEMENT_3D('',#5215,#4291,#4292);
#3997=AXIS2_PLACEMENT_3D('',#5218,#4294,#4295);
#3998=AXIS2_PLACEMENT_3D('',#5250,#4296,#4297);
#3999=AXIS2_PLACEMENT_3D('',#5252,#4298,#4299);
#4000=AXIS2_PLACEMENT_3D('',#5253,#4300,#4301);
#4001=AXIS2_PLACEMENT_3D('',#5254,#4302,#4303);
#4002=AXIS2_PLACEMENT_3D('',#5263,#4308,#4309);
#4003=AXIS2_PLACEMENT_3D('',#5290,#4313,#4314);
#4004=AXIS2_PLACEMENT_3D('',#5293,#4317,#4318);
#4005=AXIS2_PLACEMENT_3D('',#5295,#4320,#4321);
#4006=AXIS2_PLACEMENT_3D('',#5301,#4325,#4326);
#4007=AXIS2_PLACEMENT_3D('',#5303,#4327,#4328);
#4008=AXIS2_PLACEMENT_3D('',#5304,#4329,#4330);
#4009=AXIS2_PLACEMENT_3D('',#5307,#4332,#4333);
#4010=AXIS2_PLACEMENT_3D('',#5308,#4334,#4335);
#4011=AXIS2_PLACEMENT_3D('',#5310,#4336,#4337);
#4012=AXIS2_PLACEMENT_3D('',#5313,#4339,#4340);
#4013=AXIS2_PLACEMENT_3D('',#5314,#4341,#4342);
#4014=AXIS2_PLACEMENT_3D('',#5315,#4343,#4344);
#4015=AXIS2_PLACEMENT_3D('',#5317,#4345,#4346);
#4016=AXIS2_PLACEMENT_3D('',#5318,#4347,#4348);
#4017=AXIS2_PLACEMENT_3D('',#5321,#4350,#4351);
#4018=AXIS2_PLACEMENT_3D('',#5322,#4352,#4353);
#4019=AXIS2_PLACEMENT_3D('',#5324,#4354,#4355);
#4020=AXIS2_PLACEMENT_3D('',#5327,#4357,#4358);
#4021=AXIS2_PLACEMENT_3D('',#5328,#4359,#4360);
#4022=AXIS2_PLACEMENT_3D('',#5329,#4361,#4362);
#4023=AXIS2_PLACEMENT_3D('',#5356,#4366,#4367);
#4024=AXIS2_PLACEMENT_3D('',#5392,#4368,#4369);
#4025=AXIS2_PLACEMENT_3D('',#5433,#4370,#4371);
#4026=AXIS2_PLACEMENT_3D('',#5442,#4376,#4377);
#4027=AXIS2_PLACEMENT_3D('',#5448,#4381,#4382);
#4028=AXIS2_PLACEMENT_3D('',#5454,#4386,#4387);
#4029=AXIS2_PLACEMENT_3D('',#5460,#4391,#4392);
#4030=AXIS2_PLACEMENT_3D('',#5466,#4396,#4397);
#4031=AXIS2_PLACEMENT_3D('',#5469,#4400,#4401);
#4032=AXIS2_PLACEMENT_3D('',#5682,#4414,#4415);
#4033=AXIS2_PLACEMENT_3D('',#5683,#4416,#4417);
#4034=AXIS2_PLACEMENT_3D('',#5692,#4422,#4423);
#4035=AXIS2_PLACEMENT_3D('',#6059,#4445,#4446);
#4036=AXIS2_PLACEMENT_3D('',#6210,#4455,#4456);
#4037=AXIS2_PLACEMENT_3D('',#6216,#4460,#4461);
#4038=AXIS2_PLACEMENT_3D('',#6348,#4471,#4472);
#4039=AXIS2_PLACEMENT_3D('',#6354,#4476,#4477);
#4040=AXIS2_PLACEMENT_3D('',#6360,#4481,#4482);
#4041=AXIS2_PLACEMENT_3D('',#6366,#4486,#4487);
#4042=AXIS2_PLACEMENT_3D('',#6372,#4491,#4492);
#4043=AXIS2_PLACEMENT_3D('',#6375,#4495,#4496);
#4044=AXIS2_PLACEMENT_3D('',#6400,#4499,#4500);
#4045=AXIS2_PLACEMENT_3D('',#6406,#4504,#4505);
#4046=AXIS2_PLACEMENT_3D('',#6412,#4509,#4510);
#4047=AXIS2_PLACEMENT_3D('',#6418,#4514,#4515);
#4048=AXIS2_PLACEMENT_3D('',#6424,#4519,#4520);
#4049=AXIS2_PLACEMENT_3D('',#6430,#4524,#4525);
#4050=AXIS2_PLACEMENT_3D('',#6436,#4529,#4530);
#4051=AXIS2_PLACEMENT_3D('',#6442,#4534,#4535);
#4052=AXIS2_PLACEMENT_3D('',#6448,#4539,#4540);
#4053=AXIS2_PLACEMENT_3D('',#6454,#4544,#4545);
#4054=AXIS2_PLACEMENT_3D('',#6457,#4548,#4549);
#4055=AXIS2_PLACEMENT_3D('',#6503,#4553,#4554);
#4056=AXIS2_PLACEMENT_3D('',#6509,#4558,#4559);
#4057=AXIS2_PLACEMENT_3D('',#6515,#4563,#4564);
#4058=AXIS2_PLACEMENT_3D('',#6555,#4571,#4572);
#4059=AXIS2_PLACEMENT_3D('',#6593,#4578,#4579);
#4060=AXIS2_PLACEMENT_3D('',#6660,#4585,#4586);
#4061=AXIS2_PLACEMENT_3D('',#6716,#4592,#4593);
#4062=AXIS2_PLACEMENT_3D('',#6720,#4596,#4597);
#4063=AXIS2_PLACEMENT_3D('',#6754,#4601,#4602);
#4064=AXIS2_PLACEMENT_3D('',#6758,#4605,#4606);
#4065=AXIS2_PLACEMENT_3D('',#6760,#4608,#4609);
#4066=AXIS2_PLACEMENT_3D('',#6761,#4610,#4611);
#4067=AXIS2_PLACEMENT_3D('',#6770,#4615,#4616);
#4068=AXIS2_PLACEMENT_3D('',#6778,#4620,#4621);
#4069=AXIS2_PLACEMENT_3D('',#6782,#4624,#4625);
#4070=AXIS2_PLACEMENT_3D('',#6791,#4630,#4631);
#4071=AXIS2_PLACEMENT_3D('',#6793,#4632,#4633);
#4072=AXIS2_PLACEMENT_3D('',#6795,#4634,#4635);
#4073=AXIS2_PLACEMENT_3D('',#6797,#4637,#4638);
#4074=AXIS2_PLACEMENT_3D('',#6803,#4642,#4643);
#4075=AXIS2_PLACEMENT_3D('',#6812,#4648,#4649);
#4076=AXIS2_PLACEMENT_3D('',#6821,#4654,#4655);
#4077=AXIS2_PLACEMENT_3D('',#6823,#4656,#4657);
#4078=AXIS2_PLACEMENT_3D('',#6825,#4658,#4659);
#4079=AXIS2_PLACEMENT_3D('',#6827,#4661,#4662);
#4080=AXIS2_PLACEMENT_3D('',#6833,#4666,#4667);
#4081=AXIS2_PLACEMENT_3D('',#6835,#4668,#4669);
#4082=AXIS2_PLACEMENT_3D('',#6837,#4670,#4671);
#4083=AXIS2_PLACEMENT_3D('',#6839,#4673,#4674);
#4084=AXIS2_PLACEMENT_3D('',#6841,#4675,#4676);
#4085=AXIS2_PLACEMENT_3D('',#6843,#4678,#4679);
#4086=AXIS2_PLACEMENT_3D('',#6844,#4680,#4681);
#4087=AXIS2_PLACEMENT_3D('',#6845,#4682,#4683);
#4088=AXIS2_PLACEMENT_3D('',#6846,#4684,#4685);
#4089=AXIS2_PLACEMENT_3D('',#6872,#4686,#4687);
#4090=AXIS2_PLACEMENT_3D('',#6873,#4688,#4689);
#4091=AXIS2_PLACEMENT_3D('',#6874,#4690,#4691);
#4092=AXIS2_PLACEMENT_3D('',#6875,#4692,#4693);
#4093=AXIS2_PLACEMENT_3D('',#6876,#4694,#4695);
#4094=AXIS2_PLACEMENT_3D('',#6877,#4696,#4697);
#4095=AXIS2_PLACEMENT_3D('',#6878,#4698,#4699);
#4096=AXIS2_PLACEMENT_3D('',#6879,#4700,#4701);
#4097=AXIS2_PLACEMENT_3D('',#6880,#4702,#4703);
#4098=AXIS2_PLACEMENT_3D('',#6881,#4704,#4705);
#4099=AXIS2_PLACEMENT_3D('',#6882,#4706,#4707);
#4100=AXIS2_PLACEMENT_3D('',#6883,#4708,#4709);
#4101=AXIS2_PLACEMENT_3D('',#6884,#4710,#4711);
#4102=AXIS2_PLACEMENT_3D('',#6885,#4712,#4713);
#4103=AXIS2_PLACEMENT_3D('',#6886,#4714,#4715);
#4104=AXIS2_PLACEMENT_3D('',#6912,#4716,#4717);
#4105=AXIS2_PLACEMENT_3D('',#6913,#4718,#4719);
#4106=AXIS2_PLACEMENT_3D('',#6914,#4720,#4721);
#4107=AXIS2_PLACEMENT_3D('',#6915,#4722,#4723);
#4108=AXIS2_PLACEMENT_3D('',#6916,#4724,#4725);
#4109=AXIS2_PLACEMENT_3D('',#6917,#4726,#4727);
#4110=AXIS2_PLACEMENT_3D('',#6918,#4728,#4729);
#4111=AXIS2_PLACEMENT_3D('',#6919,#4730,#4731);
#4112=AXIS2_PLACEMENT_3D('',#6920,#4732,#4733);
#4113=AXIS2_PLACEMENT_3D('',#6921,#4734,#4735);
#4114=AXIS2_PLACEMENT_3D('',#6922,#4736,#4737);
#4115=AXIS2_PLACEMENT_3D('',#6923,#4738,#4739);
#4116=AXIS2_PLACEMENT_3D('',#6924,#4740,#4741);
#4117=AXIS2_PLACEMENT_3D('',#6925,#4742,#4743);
#4118=AXIS2_PLACEMENT_3D('',#6927,#4744,#4745);
#4119=AXIS2_PLACEMENT_3D('',#6929,#4747,#4748);
#4120=AXIS2_PLACEMENT_3D('',#6933,#4751,#4752);
#4121=AXIS2_PLACEMENT_3D('',#6940,#4757,#4758);
#4122=AXIS2_PLACEMENT_3D('',#6942,#4759,#4760);
#4123=AXIS2_PLACEMENT_3D('',#6944,#4762,#4763);
#4124=AXIS2_PLACEMENT_3D('',#6946,#4765,#4766);
#4125=AXIS2_PLACEMENT_3D('',#6948,#4768,#4769);
#4126=AXIS2_PLACEMENT_3D('',#6949,#4770,#4771);
#4127=AXIS2_PLACEMENT_3D('',#6950,#4772,#4773);
#4128=AXIS2_PLACEMENT_3D('',#6957,#4776,#4777);
#4129=AXIS2_PLACEMENT_3D('',#6959,#4778,#4779);
#4130=AXIS2_PLACEMENT_3D('',#6961,#4780,#4781);
#4131=AXIS2_PLACEMENT_3D('',#6965,#4783,#4784);
#4132=AXIS2_PLACEMENT_3D('',#6967,#4785,#4786);
#4133=AXIS2_PLACEMENT_3D('',#6969,#4787,#4788);
#4134=AXIS2_PLACEMENT_3D('',#6977,#4792,#4793);
#4135=AXIS2_PLACEMENT_3D('',#6979,#4794,#4795);
#4136=AXIS2_PLACEMENT_3D('',#6981,#4796,#4797);
#4137=AXIS2_PLACEMENT_3D('',#6985,#4799,#4800);
#4138=AXIS2_PLACEMENT_3D('',#6987,#4801,#4802);
#4139=AXIS2_PLACEMENT_3D('',#6989,#4803,#4804);
#4140=AXIS2_PLACEMENT_3D('',#6991,#4806,#4807);
#4141=AXIS2_PLACEMENT_3D('',#6995,#4809,#4810);
#4142=AXIS2_PLACEMENT_3D('',#6997,#4812,#4813);
#4143=AXIS2_PLACEMENT_3D('',#7003,#4817,#4818);
#4144=AXIS2_PLACEMENT_3D('',#7005,#4819,#4820);
#4145=AXIS2_PLACEMENT_3D('',#7007,#4822,#4823);
#4146=AXIS2_PLACEMENT_3D('',#7009,#4824,#4825);
#4147=AXIS2_PLACEMENT_3D('',#7011,#4827,#4828);
#4148=AXIS2_PLACEMENT_3D('',#7013,#4829,#4830);
#4149=AXIS2_PLACEMENT_3D('',#7015,#4832,#4833);
#4150=AXIS2_PLACEMENT_3D('',#7019,#4836,#4837);
#4151=AXIS2_PLACEMENT_3D('',#7021,#4838,#4839);
#4152=AXIS2_PLACEMENT_3D('',#7023,#4841,#4842);
#4153=AXIS2_PLACEMENT_3D('',#7024,#4843,#4844);
#4154=AXIS2_PLACEMENT_3D('',#7025,#4845,#4846);
#4155=AXIS2_PLACEMENT_3D('',#7031,#4850,#4851);
#4156=AXIS2_PLACEMENT_3D('',#7037,#4855,#4856);
#4157=AXIS2_PLACEMENT_3D('',#7039,#4857,#4858);
#4158=AXIS2_PLACEMENT_3D('',#7041,#4860,#4861);
#4159=AXIS2_PLACEMENT_3D('',#7043,#4862,#4863);
#4160=AXIS2_PLACEMENT_3D('',#7045,#4865,#4866);
#4161=AXIS2_PLACEMENT_3D('',#7046,#4867,#4868);
#4162=AXIS2_PLACEMENT_3D('',#7047,#4869,#4870);
#4163=AXIS2_PLACEMENT_3D('',#7056,#4875,#4876);
#4164=AXIS2_PLACEMENT_3D('',#7058,#4877,#4878);
#4165=AXIS2_PLACEMENT_3D('',#7060,#4879,#4880);
#4166=AXIS2_PLACEMENT_3D('',#7062,#4882,#4883);
#4167=AXIS2_PLACEMENT_3D('',#7064,#4884,#4885);
#4168=AXIS2_PLACEMENT_3D('',#7066,#4886,#4887);
#4169=AXIS2_PLACEMENT_3D('',#7094,#4889,#4890);
#4170=AXIS2_PLACEMENT_3D('',#7095,#4891,#4892);
#4171=AXIS2_PLACEMENT_3D('',#7096,#4893,#4894);
#4172=AXIS2_PLACEMENT_3D('',#7098,#4895,#4896);
#4173=AXIS2_PLACEMENT_3D('',#7101,#4898,#4899);
#4174=AXIS2_PLACEMENT_3D('',#7128,#4900,#4901);
#4175=AXIS2_PLACEMENT_3D('',#7129,#4902,#4903);
#4176=AXIS2_PLACEMENT_3D('',#7130,#4904,#4905);
#4177=AXIS2_PLACEMENT_3D('',#7132,#4906,#4907);
#4178=AXIS2_PLACEMENT_3D('',#7135,#4909,#4910);
#4179=AXIS2_PLACEMENT_3D('',#7136,#4911,#4912);
#4180=AXIS2_PLACEMENT_3D('',#7139,#4914,#4915);
#4181=AXIS2_PLACEMENT_3D('',#7140,#4916,#4917);
#4182=AXIS2_PLACEMENT_3D('',#7142,#4918,#4919);
#4183=AXIS2_PLACEMENT_3D('',#7145,#4921,#4922);
#4184=AXIS2_PLACEMENT_3D('',#7146,#4923,#4924);
#4185=AXIS2_PLACEMENT_3D('',#7149,#4926,#4927);
#4186=AXIS2_PLACEMENT_3D('',#7150,#4928,#4929);
#4187=AXIS2_PLACEMENT_3D('',#7157,#4932,#4933);
#4188=AXIS2_PLACEMENT_3D('',#7159,#4934,#4935);
#4189=AXIS2_PLACEMENT_3D('',#7161,#4936,#4937);
#4190=AXIS2_PLACEMENT_3D('',#7165,#4939,#4940);
#4191=AXIS2_PLACEMENT_3D('',#7167,#4941,#4942);
#4192=AXIS2_PLACEMENT_3D('',#7169,#4943,#4944);
#4193=AXIS2_PLACEMENT_3D('',#7171,#4946,#4947);
#4194=AXIS2_PLACEMENT_3D('',#7177,#4951,#4952);
#4195=AXIS2_PLACEMENT_3D('',#7179,#4953,#4954);
#4196=AXIS2_PLACEMENT_3D('',#7181,#4956,#4957);
#4197=AXIS2_PLACEMENT_3D('',#7183,#4958,#4959);
#4198=AXIS2_PLACEMENT_3D('',#7185,#4961,#4962);
#4199=AXIS2_PLACEMENT_3D('',#7186,#4963,#4964);
#4200=AXIS2_PLACEMENT_3D('',#7187,#4965,#4966);
#4201=AXIS2_PLACEMENT_3D('',#7188,#4967,#4968);
#4202=AXIS2_PLACEMENT_3D('',#7189,#4969,#4970);
#4203=AXIS2_PLACEMENT_3D('',#7190,#4971,#4972);
#4204=AXIS2_PLACEMENT_3D('',#7191,#4973,#4974);
#4205=AXIS2_PLACEMENT_3D('',#7192,#4975,#4976);
#4206=AXIS2_PLACEMENT_3D('',#7193,#4977,#4978);
#4207=AXIS2_PLACEMENT_3D('',#7194,#4979,#4980);
#4208=AXIS2_PLACEMENT_3D('',#7195,#4981,#4982);
#4209=AXIS2_PLACEMENT_3D('',#7196,#4983,#4984);
#4210=AXIS2_PLACEMENT_3D('',#7197,#4985,#4986);
#4211=AXIS2_PLACEMENT_3D('',#7198,#4987,#4988);
#4212=AXIS2_PLACEMENT_3D('',#7199,#4989,#4990);
#4213=AXIS2_PLACEMENT_3D('',#7200,#4991,#4992);
#4214=AXIS2_PLACEMENT_3D('',#7201,#4993,#4994);
#4215=AXIS2_PLACEMENT_3D('',#7202,#4995,#4996);
#4216=AXIS2_PLACEMENT_3D('',#7203,#4997,#4998);
#4217=AXIS2_PLACEMENT_3D('',#7204,#4999,#5000);
#4218=AXIS2_PLACEMENT_3D('',#7205,#5001,#5002);
#4219=AXIS2_PLACEMENT_3D('',#7206,#5003,#5004);
#4220=AXIS2_PLACEMENT_3D('',#7210,#5007,#5008);
#4221=AXIS2_PLACEMENT_3D('',#7217,#5013,#5014);
#4222=AXIS2_PLACEMENT_3D('',#7221,#5017,#5018);
#4223=AXIS2_PLACEMENT_3D('',#7223,#5019,#5020);
#4224=AXIS2_PLACEMENT_3D('',#7225,#5022,#5023);
#4225=AXIS2_PLACEMENT_3D('',#7229,#5026,#5027);
#4226=AXIS2_PLACEMENT_3D('',#7231,#5028,#5029);
#4227=AXIS2_PLACEMENT_3D('',#7233,#5031,#5032);
#4228=AXIS2_PLACEMENT_3D('',#7235,#5034,#5035);
#4229=AXIS2_PLACEMENT_3D('',#7236,#5036,#5037);
#4230=AXIS2_PLACEMENT_3D('',#7237,#5038,#5039);
#4231=AXIS2_PLACEMENT_3D('',#7246,#5044,#5045);
#4232=AXIS2_PLACEMENT_3D('',#7254,#5048,#5049);
#4233=AXIS2_PLACEMENT_3D('',#7256,#5050,#5051);
#4234=AXIS2_PLACEMENT_3D('',#7261,#5052,#5053);
#4235=AXIS2_PLACEMENT_3D('',#7262,#5054,#5055);
#4236=AXIS2_PLACEMENT_3D('',#7268,#5059,#5060);
#4237=AXIS2_PLACEMENT_3D('',#7274,#5064,#5065);
#4238=AXIS2_PLACEMENT_3D('',#7283,#5070,#5071);
#4239=AXIS2_PLACEMENT_3D('',#7291,#5074,#5075);
#4240=AXIS2_PLACEMENT_3D('',#7293,#5076,#5077);
#4241=AXIS2_PLACEMENT_3D('',#7298,#5078,#5079);
#4242=AXIS2_PLACEMENT_3D('',#7299,#5080,#5081);
#4243=AXIS2_PLACEMENT_3D('',#7305,#5085,#5086);
#4244=AXIS2_PLACEMENT_3D('',#7308,#5089,#5090);
#4245=AXIS2_PLACEMENT_3D('',#7317,#5095,#5096);
#4246=AXIS2_PLACEMENT_3D('',#7325,#5099,#5100);
#4247=AXIS2_PLACEMENT_3D('',#7327,#5101,#5102);
#4248=AXIS2_PLACEMENT_3D('',#7332,#5103,#5104);
#4249=AXIS2_PLACEMENT_3D('',#7333,#5105,#5106);
#4250=AXIS2_PLACEMENT_3D('',#7339,#5110,#5111);
#4251=AXIS2_PLACEMENT_3D('',#7342,#5114,#5115);
#4252=AXIS2_PLACEMENT_3D('',#7344,#5116,#5117);
#4253=AXIS2_PLACEMENT_3D('',#7350,#5120,#5121);
#4254=AXIS2_PLACEMENT_3D('',#7354,#5124,#5125);
#4255=AXIS2_PLACEMENT_3D('',#7358,#5128,#5129);
#4256=AXIS2_PLACEMENT_3D('',#7364,#5131,#5132);
#4257=AXIS2_PLACEMENT_3D('',#7369,#5133,#5134);
#4258=AXIS2_PLACEMENT_3D('',#7370,#5135,#5136);
#4259=AXIS2_PLACEMENT_3D('',#7374,#5139,#5140);
#4260=AXIS2_PLACEMENT_3D('',#7376,#5142,#5143);
#4261=AXIS2_PLACEMENT_3D('',#7377,#5144,#5145);
#4262=AXIS2_PLACEMENT_3D('',#7379,#5146,#5147);
#4263=AXIS2_PLACEMENT_3D('',#7382,#5149,#5150);
#4264=AXIS2_PLACEMENT_3D('',#7383,#5151,#5152);
#4265=AXIS2_PLACEMENT_3D('',#7384,#5153,#5154);
#4266=AXIS2_PLACEMENT_3D('',#7386,#5156,#5157);
#4267=AXIS2_PLACEMENT_3D('',#7387,#5158,#5159);
#4268=AXIS2_PLACEMENT_3D('',#7388,#5160,#5161);
#4269=AXIS2_PLACEMENT_3D('',#7389,#5162,#5163);
#4270=DIRECTION('axis',(0.,0.,1.));
#4271=DIRECTION('refdir',(1.,0.,0.));
#4272=DIRECTION('axis',(0.,0.,1.));
#4273=DIRECTION('refdir',(1.,0.,0.));
#4274=DIRECTION('center_axis',(-0.0244248892494309,0.0244248892494309,-0.999403246727919));
#4275=DIRECTION('ref_axis',(0.706684812901164,-0.706684812901164,-0.034542009636006));
#4276=DIRECTION('',(0.0244248892494309,-0.0244248892494309,0.999403246727919));
#4277=DIRECTION('center_axis',(0.,0.,-1.));
#4278=DIRECTION('ref_axis',(0.707106781186548,-0.707106781186548,0.));
#4279=DIRECTION('',(-0.0244248892494309,0.0244248892494309,-0.999403246727919));
#4280=DIRECTION('center_axis',(-0.0073253231783992,0.00732532317839794,
-0.999946338200538));
#4281=DIRECTION('ref_axis',(0.707068836564257,-0.707068836564257,-0.0103595713876572));
#4282=DIRECTION('center_axis',(0.,1.,0.));
#4283=DIRECTION('ref_axis',(0.999701489781183,0.,-0.024432178152652));
#4284=DIRECTION('center_axis',(-1.,0.,0.));
#4285=DIRECTION('ref_axis',(0.,0.,-1.));
#4286=DIRECTION('center_axis',(0.,0.,1.));
#4287=DIRECTION('ref_axis',(0.707106781186548,-0.707106781186548,0.));
#4288=DIRECTION('center_axis',(0.0244248892494306,0.0244248892494309,-0.999403246727919));
#4289=DIRECTION('ref_axis',(-0.706684812901165,-0.706684812901163,-0.0345420096360058));
#4290=DIRECTION('',(-0.0244248892494306,-0.0244248892494309,0.999403246727919));
#4291=DIRECTION('center_axis',(0.,0.,-1.));
#4292=DIRECTION('ref_axis',(-0.707106781186548,-0.707106781186547,0.));
#4293=DIRECTION('',(0.0244248892494306,0.0244248892494309,-0.999403246727919));
#4294=DIRECTION('center_axis',(0.00732532317839921,0.00732532317839794,
-0.999946338200538));
#4295=DIRECTION('ref_axis',(-0.707068836564258,-0.707068836564256,-0.0103595713876572));
#4296=DIRECTION('center_axis',(1.,0.,0.));
#4297=DIRECTION('ref_axis',(0.,-0.999701489781183,-0.024432178152652));
#4298=DIRECTION('center_axis',(0.,1.,0.));
#4299=DIRECTION('ref_axis',(0.,0.,-1.));
#4300=DIRECTION('center_axis',(0.,0.,1.));
#4301=DIRECTION('ref_axis',(-0.707106781186548,-0.707106781186547,0.));
#4302=DIRECTION('center_axis',(0.999701489781183,0.,-0.0244321781526531));
#4303=DIRECTION('ref_axis',(0.,-1.,0.));
#4304=DIRECTION('',(0.0244321781526531,0.,0.999701489781183));
#4305=DIRECTION('',(0.,1.,0.));
#4306=DIRECTION('',(-0.0244258932901934,0.0226805646561694,-0.999444329477062));
#4307=DIRECTION('',(0.,-1.,0.));
#4308=DIRECTION('center_axis',(0.,0.,1.));
#4309=DIRECTION('ref_axis',(1.,0.,0.));
#4310=DIRECTION('',(0.,-1.,0.));
#4311=DIRECTION('',(1.,0.,0.));
#4312=DIRECTION('',(-1.,0.,0.));
#4313=DIRECTION('center_axis',(0.,-0.999701489781183,-0.0244321781526531));
#4314=DIRECTION('ref_axis',(-1.,0.,0.));
#4315=DIRECTION('',(-1.,0.,0.));
#4316=DIRECTION('',(-1.,0.,0.));
#4317=DIRECTION('center_axis',(1.,0.,0.));
#4318=DIRECTION('ref_axis',(0.,-0.698415285431006,-0.715692733703736));
#4319=DIRECTION('',(1.,0.,0.));
#4320=DIRECTION('center_axis',(0.999701489781183,0.,-0.0244321781526531));
#4321=DIRECTION('ref_axis',(0.,-1.,0.));
#4322=DIRECTION('',(-0.0244321781526531,0.,-0.999701489781183));
#4323=DIRECTION('',(0.,-1.,0.));
#4324=DIRECTION('',(0.,-1.,0.));
#4325=DIRECTION('center_axis',(0.,0.,1.));
#4326=DIRECTION('ref_axis',(1.,0.,0.));
#4327=DIRECTION('center_axis',(0.,0.,1.));
#4328=DIRECTION('ref_axis',(1.,0.,0.));
#4329=DIRECTION('center_axis',(0.,0.,1.));
#4330=DIRECTION('ref_axis',(1.,0.,0.));
#4331=DIRECTION('',(0.,0.,1.));
#4332=DIRECTION('center_axis',(0.,0.,1.));
#4333=DIRECTION('ref_axis',(1.,0.,0.));
#4334=DIRECTION('center_axis',(0.,0.,1.));
#4335=DIRECTION('ref_axis',(1.,0.,0.));
#4336=DIRECTION('center_axis',(0.,0.,1.));
#4337=DIRECTION('ref_axis',(1.,0.,0.));
#4338=DIRECTION('',(0.,0.,1.));
#4339=DIRECTION('center_axis',(0.,0.,-1.));
#4340=DIRECTION('ref_axis',(1.,0.,0.));
#4341=DIRECTION('center_axis',(0.,0.,1.));
#4342=DIRECTION('ref_axis',(1.,0.,0.));
#4343=DIRECTION('center_axis',(0.,0.,1.));
#4344=DIRECTION('ref_axis',(1.,0.,0.));
#4345=DIRECTION('center_axis',(0.,0.,1.));
#4346=DIRECTION('ref_axis',(1.,0.,0.));
#4347=DIRECTION('center_axis',(0.,0.,1.));
#4348=DIRECTION('ref_axis',(1.,0.,0.));
#4349=DIRECTION('',(0.,0.,1.));
#4350=DIRECTION('center_axis',(0.,0.,1.));
#4351=DIRECTION('ref_axis',(1.,0.,0.));
#4352=DIRECTION('center_axis',(0.,0.,1.));
#4353=DIRECTION('ref_axis',(1.,0.,0.));
#4354=DIRECTION('center_axis',(0.,0.,1.));
#4355=DIRECTION('ref_axis',(1.,0.,0.));
#4356=DIRECTION('',(0.,0.,1.));
#4357=DIRECTION('center_axis',(0.,0.,-1.));
#4358=DIRECTION('ref_axis',(1.,0.,0.));
#4359=DIRECTION('center_axis',(0.,0.,1.));
#4360=DIRECTION('ref_axis',(1.,0.,0.));
#4361=DIRECTION('center_axis',(0.,0.,1.));
#4362=DIRECTION('ref_axis',(1.,0.,0.));
#4363=DIRECTION('',(0.,-1.,0.));
#4364=DIRECTION('',(1.,0.,0.));
#4365=DIRECTION('',(-1.,0.,0.));
#4366=DIRECTION('center_axis',(0.,0.,1.));
#4367=DIRECTION('ref_axis',(1.,0.,0.));
#4368=DIRECTION('center_axis',(0.,0.,1.));
#4369=DIRECTION('ref_axis',(1.,0.,0.));
#4370=DIRECTION('center_axis',(0.,1.,0.));
#4371=DIRECTION('ref_axis',(0.,0.,1.));
#4372=DIRECTION('',(-1.,0.,0.));
#4373=DIRECTION('',(0.,0.,1.));
#4374=DIRECTION('',(1.,0.,0.));
#4375=DIRECTION('',(0.,0.,1.));
#4376=DIRECTION('center_axis',(1.,0.,0.));
#4377=DIRECTION('ref_axis',(0.,0.,-1.));
#4378=DIRECTION('',(0.,1.,0.));
#4379=DIRECTION('',(0.,-1.,0.));
#4380=DIRECTION('',(0.,0.,1.));
#4381=DIRECTION('center_axis',(0.,1.,0.));
#4382=DIRECTION('ref_axis',(0.,0.,1.));
#4383=DIRECTION('',(-1.,0.,0.));
#4384=DIRECTION('',(1.,0.,0.));
#4385=DIRECTION('',(0.,0.,1.));
#4386=DIRECTION('center_axis',(-1.,0.,0.));
#4387=DIRECTION('ref_axis',(0.,0.,1.));
#4388=DIRECTION('',(0.,-1.,0.));
#4389=DIRECTION('',(0.,1.,0.));
#4390=DIRECTION('',(0.,0.,1.));
#4391=DIRECTION('center_axis',(0.,-1.,0.));
#4392=DIRECTION('ref_axis',(0.,0.,-1.));
#4393=DIRECTION('',(1.,0.,0.));
#4394=DIRECTION('',(-1.,0.,0.));
#4395=DIRECTION('',(0.,0.,1.));
#4396=DIRECTION('center_axis',(1.,0.,0.));
#4397=DIRECTION('ref_axis',(0.,0.,-1.));
#4398=DIRECTION('',(0.,1.,0.));
#4399=DIRECTION('',(0.,-1.,0.));
#4400=DIRECTION('center_axis',(0.,0.,1.));
#4401=DIRECTION('ref_axis',(1.,0.,0.));
#4402=DIRECTION('',(0.,0.,1.));
#4403=DIRECTION('',(0.,0.,1.));
#4404=DIRECTION('',(0.,0.,1.));
#4405=DIRECTION('',(0.,0.,1.));
#4406=DIRECTION('',(0.,0.,1.));
#4407=DIRECTION('',(0.,0.,1.));
#4408=DIRECTION('',(0.,0.,1.));
#4409=DIRECTION('',(0.,0.,1.));
#4410=DIRECTION('',(0.,0.,1.));
#4411=DIRECTION('',(0.,0.,1.));
#4412=DIRECTION('',(0.,0.,1.));
#4413=DIRECTION('',(0.,0.,1.));
#4414=DIRECTION('center_axis',(0.,0.,1.));
#4415=DIRECTION('ref_axis',(1.,0.,0.));
#4416=DIRECTION('center_axis',(0.,1.,0.));
#4417=DIRECTION('ref_axis',(0.,0.,1.));
#4418=DIRECTION('',(-1.,0.,0.));
#4419=DIRECTION('',(0.,0.,1.));
#4420=DIRECTION('',(1.,0.,0.));
#4421=DIRECTION('',(0.,0.,1.));
#4422=DIRECTION('center_axis',(-1.,0.,0.));
#4423=DIRECTION('ref_axis',(0.,0.,1.));
#4424=DIRECTION('',(0.,-1.,0.));
#4425=DIRECTION('',(0.,1.,0.));
#4426=DIRECTION('',(0.,0.,1.));
#4427=DIRECTION('',(0.,0.,1.));
#4428=DIRECTION('',(0.,0.,1.));
#4429=DIRECTION('',(0.,0.,1.));
#4430=DIRECTION('',(0.,0.,1.));
#4431=DIRECTION('',(0.,0.,1.));
#4432=DIRECTION('',(0.,0.,1.));
#4433=DIRECTION('',(0.,0.,1.));
#4434=DIRECTION('',(0.,0.,1.));
#4435=DIRECTION('',(0.,0.,1.));
#4436=DIRECTION('',(0.,0.,1.));
#4437=DIRECTION('',(0.,0.,1.));
#4438=DIRECTION('',(0.,0.,1.));
#4439=DIRECTION('',(0.,0.,1.));
#4440=DIRECTION('',(0.,0.,1.));
#4441=DIRECTION('',(0.,0.,1.));
#4442=DIRECTION('',(0.,0.,1.));
#4443=DIRECTION('',(0.,0.,1.));
#4444=DIRECTION('',(0.,0.,1.));
#4445=DIRECTION('center_axis',(0.,0.,1.));
#4446=DIRECTION('ref_axis',(1.,0.,0.));
#4447=DIRECTION('',(0.,0.,1.));
#4448=DIRECTION('',(0.,0.,1.));
#4449=DIRECTION('',(0.,0.,1.));
#4450=DIRECTION('',(0.,0.,1.));
#4451=DIRECTION('',(0.,0.,1.));
#4452=DIRECTION('',(0.,0.,1.));
#4453=DIRECTION('',(0.,0.,1.));
#4454=DIRECTION('',(0.,0.,1.));
#4455=DIRECTION('center_axis',(0.,1.,0.));
#4456=DIRECTION('ref_axis',(0.,0.,1.));
#4457=DIRECTION('',(-1.,0.,0.));
#4458=DIRECTION('',(1.,0.,0.));
#4459=DIRECTION('',(0.,0.,1.));
#4460=DIRECTION('center_axis',(-1.,0.,0.));
#4461=DIRECTION('ref_axis',(0.,0.,1.));
#4462=DIRECTION('',(0.,-1.,0.));
#4463=DIRECTION('',(0.,1.,0.));
#4464=DIRECTION('',(0.,0.,1.));
#4465=DIRECTION('',(0.,0.,1.));
#4466=DIRECTION('',(0.,0.,1.));
#4467=DIRECTION('',(0.,0.,1.));
#4468=DIRECTION('',(0.,0.,1.));
#4469=DIRECTION('',(0.,0.,1.));
#4470=DIRECTION('',(0.,0.,1.));
#4471=DIRECTION('center_axis',(1.,0.,0.));
#4472=DIRECTION('ref_axis',(0.,0.,-1.));
#4473=DIRECTION('',(0.,1.,0.));
#4474=DIRECTION('',(0.,-1.,0.));
#4475=DIRECTION('',(0.,0.,1.));
#4476=DIRECTION('center_axis',(0.,-1.,0.));
#4477=DIRECTION('ref_axis',(0.,0.,-1.));
#4478=DIRECTION('',(1.,0.,0.));
#4479=DIRECTION('',(-1.,0.,0.));
#4480=DIRECTION('',(0.,0.,1.));
#4481=DIRECTION('center_axis',(1.,0.,0.));
#4482=DIRECTION('ref_axis',(0.,0.,-1.));
#4483=DIRECTION('',(0.,1.,0.));
#4484=DIRECTION('',(0.,-1.,0.));
#4485=DIRECTION('',(0.,0.,1.));
#4486=DIRECTION('center_axis',(0.,1.,0.));
#4487=DIRECTION('ref_axis',(0.,0.,1.));
#4488=DIRECTION('',(-1.,0.,0.));
#4489=DIRECTION('',(1.,0.,0.));
#4490=DIRECTION('',(0.,0.,1.));
#4491=DIRECTION('center_axis',(-1.,0.,0.));
#4492=DIRECTION('ref_axis',(0.,0.,1.));
#4493=DIRECTION('',(0.,-1.,0.));
#4494=DIRECTION('',(0.,1.,0.));
#4495=DIRECTION('center_axis',(0.,0.,1.));
#4496=DIRECTION('ref_axis',(1.,0.,0.));
#4497=DIRECTION('',(0.,0.,1.));
#4498=DIRECTION('',(0.,0.,1.));
#4499=DIRECTION('center_axis',(-1.,0.,0.));
#4500=DIRECTION('ref_axis',(0.,0.,1.));
#4501=DIRECTION('',(0.,-1.,0.));
#4502=DIRECTION('',(0.,1.,0.));
#4503=DIRECTION('',(0.,0.,1.));
#4504=DIRECTION('center_axis',(0.,-1.,0.));
#4505=DIRECTION('ref_axis',(0.,0.,-1.));
#4506=DIRECTION('',(1.,0.,0.));
#4507=DIRECTION('',(-1.,0.,0.));
#4508=DIRECTION('',(0.,0.,1.));
#4509=DIRECTION('center_axis',(-1.,0.,0.));
#4510=DIRECTION('ref_axis',(0.,0.,1.));
#4511=DIRECTION('',(0.,-1.,0.));
#4512=DIRECTION('',(0.,1.,0.));
#4513=DIRECTION('',(0.,0.,1.));
#4514=DIRECTION('center_axis',(0.,1.,0.));
#4515=DIRECTION('ref_axis',(0.,0.,1.));
#4516=DIRECTION('',(-1.,0.,0.));
#4517=DIRECTION('',(1.,0.,0.));
#4518=DIRECTION('',(0.,0.,1.));
#4519=DIRECTION('center_axis',(-1.,0.,0.));
#4520=DIRECTION('ref_axis',(0.,0.,1.));
#4521=DIRECTION('',(0.,-1.,0.));
#4522=DIRECTION('',(0.,1.,0.));
#4523=DIRECTION('',(0.,0.,1.));
#4524=DIRECTION('center_axis',(0.,-1.,0.));
#4525=DIRECTION('ref_axis',(0.,0.,-1.));
#4526=DIRECTION('',(1.,0.,0.));
#4527=DIRECTION('',(-1.,0.,0.));
#4528=DIRECTION('',(0.,0.,1.));
#4529=DIRECTION('center_axis',(1.,0.,0.));
#4530=DIRECTION('ref_axis',(0.,0.,-1.));
#4531=DIRECTION('',(0.,1.,0.));
#4532=DIRECTION('',(0.,-1.,0.));
#4533=DIRECTION('',(0.,0.,1.));
#4534=DIRECTION('center_axis',(0.,1.,0.));
#4535=DIRECTION('ref_axis',(0.,0.,1.));
#4536=DIRECTION('',(-1.,0.,0.));
#4537=DIRECTION('',(1.,0.,0.));
#4538=DIRECTION('',(0.,0.,1.));
#4539=DIRECTION('center_axis',(1.,0.,0.));
#4540=DIRECTION('ref_axis',(0.,0.,-1.));
#4541=DIRECTION('',(0.,1.,0.));
#4542=DIRECTION('',(0.,-1.,0.));
#4543=DIRECTION('',(0.,0.,1.));
#4544=DIRECTION('center_axis',(0.,1.,0.));
#4545=DIRECTION('ref_axis',(0.,0.,1.));
#4546=DIRECTION('',(-1.,0.,0.));
#4547=DIRECTION('',(1.,0.,0.));
#4548=DIRECTION('center_axis',(0.,0.,1.));
#4549=DIRECTION('ref_axis',(1.,0.,0.));
#4550=DIRECTION('',(0.,0.,1.));
#4551=DIRECTION('',(0.,0.,1.));
#4552=DIRECTION('',(0.,0.,1.));
#4553=DIRECTION('center_axis',(0.,1.,0.));
#4554=DIRECTION('ref_axis',(0.,0.,1.));
#4555=DIRECTION('',(-1.,0.,0.));
#4556=DIRECTION('',(1.,0.,0.));
#4557=DIRECTION('',(0.,0.,1.));
#4558=DIRECTION('center_axis',(-1.,0.,0.));
#4559=DIRECTION('ref_axis',(0.,0.,1.));
#4560=DIRECTION('',(0.,-1.,0.));
#4561=DIRECTION('',(0.,1.,0.));
#4562=DIRECTION('',(0.,0.,1.));
#4563=DIRECTION('center_axis',(0.,-1.,0.));
#4564=DIRECTION('ref_axis',(0.,0.,-1.));
#4565=DIRECTION('',(1.,0.,0.));
#4566=DIRECTION('',(-1.,0.,0.));
#4567=DIRECTION('',(0.,0.,1.));
#4568=DIRECTION('',(0.,0.,1.));
#4569=DIRECTION('',(0.,0.,1.));
#4570=DIRECTION('',(0.,0.,1.));
#4571=DIRECTION('center_axis',(0.,1.,0.));
#4572=DIRECTION('ref_axis',(0.,0.,1.));
#4573=DIRECTION('',(1.,0.,0.));
#4574=DIRECTION('',(0.,0.,1.));
#4575=DIRECTION('',(0.,0.,1.));
#4576=DIRECTION('',(0.,0.,1.));
#4577=DIRECTION('',(0.,0.,1.));
#4578=DIRECTION('center_axis',(0.,1.,0.));
#4579=DIRECTION('ref_axis',(0.,0.,1.));
#4580=DIRECTION('',(1.,0.,0.));
#4581=DIRECTION('',(0.,0.,1.));
#4582=DIRECTION('',(0.,0.,1.));
#4583=DIRECTION('',(0.,0.,1.));
#4584=DIRECTION('',(0.,0.,1.));
#4585=DIRECTION('center_axis',(1.,0.,0.));
#4586=DIRECTION('ref_axis',(0.,0.,-1.));
#4587=DIRECTION('',(0.,1.,0.));
#4588=DIRECTION('',(0.,-1.,0.));
#4589=DIRECTION('',(0.,0.,1.));
#4590=DIRECTION('',(0.,0.,1.));
#4591=DIRECTION('',(0.,0.,1.));
#4592=DIRECTION('center_axis',(0.,-1.,0.));
#4593=DIRECTION('ref_axis',(0.,0.,-1.));
#4594=DIRECTION('',(-1.,0.,0.));
#4595=DIRECTION('',(0.,0.,1.));
#4596=DIRECTION('center_axis',(-1.,0.,0.));
#4597=DIRECTION('ref_axis',(0.,0.,1.));
#4598=DIRECTION('',(0.,1.,0.));
#4599=DIRECTION('',(0.,0.,1.));
#4600=DIRECTION('',(0.,0.,1.));
#4601=DIRECTION('center_axis',(0.,-1.,0.));
#4602=DIRECTION('ref_axis',(0.,0.,-1.));
#4603=DIRECTION('',(-1.,0.,0.));
#4604=DIRECTION('',(0.,0.,1.));
#4605=DIRECTION('center_axis',(-1.,0.,0.));
#4606=DIRECTION('ref_axis',(0.,0.,1.));
#4607=DIRECTION('',(0.,1.,0.));
#4608=DIRECTION('center_axis',(0.,0.,1.));
#4609=DIRECTION('ref_axis',(1.,0.,0.));
#4610=DIRECTION('center_axis',(0.,0.,1.));
#4611=DIRECTION('ref_axis',(1.,0.,0.));
#4612=DIRECTION('',(1.,0.,0.));
#4613=DIRECTION('',(0.,1.,0.));
#4614=DIRECTION('',(-1.,-2.65847043730973E-16,0.));
#4615=DIRECTION('center_axis',(0.,0.,1.));
#4616=DIRECTION('ref_axis',(0.707106781186547,0.707106781186548,0.));
#4617=DIRECTION('',(0.,1.,0.));
#4618=DIRECTION('',(-1.,0.,0.));
#4619=DIRECTION('',(0.,-1.,0.));
#4620=DIRECTION('center_axis',(0.,0.,1.));
#4621=DIRECTION('ref_axis',(-0.707106781186548,0.707106781186548,0.));
#4622=DIRECTION('',(-1.,-2.65847043730974E-16,0.));
#4623=DIRECTION('',(0.,-1.,0.));
#4624=DIRECTION('center_axis',(-2.65778617180328E-16,0.999742609322698,
0.0226873335727812));
#4625=DIRECTION('ref_axis',(1.,2.65893071781335E-16,-2.02827727742057E-18));
#4626=DIRECTION('',(1.,2.65847043730973E-16,0.));
#4627=DIRECTION('',(0.0244258932901931,0.0226805646561692,-0.999444329477062));
#4628=DIRECTION('',(-1.,-2.65847043730973E-16,0.));
#4629=DIRECTION('',(-0.0226814970691502,-0.0226814970691501,0.999485417293021));
#4630=DIRECTION('center_axis',(0.0226814970691502,0.0226814970691501,-0.999485417293021));
#4631=DIRECTION('ref_axis',(0.706742916264961,0.706742916264962,0.0320764807701178));
#4632=DIRECTION('center_axis',(-0.002833341043324,-0.002833341043324,-0.999991972146309));
#4633=DIRECTION('ref_axis',(0.707101104636764,0.707101104636765,-0.00400694933029714));
#4634=DIRECTION('center_axis',(0.,0.,-1.));
#4635=DIRECTION('ref_axis',(0.707106781186547,0.707106781186548,0.));
#4636=DIRECTION('',(0.0226814970691502,0.0226814970691501,-0.999485417293021));
#4637=DIRECTION('center_axis',(0.999742609322698,0.,0.0226873335727813));
#4638=DIRECTION('ref_axis',(0.,-1.,0.));
#4639=DIRECTION('',(-0.0226805646561693,-0.0244258932901934,0.999444329477062));
#4640=DIRECTION('',(0.,-1.,0.));
#4641=DIRECTION('',(0.,1.,0.));
#4642=DIRECTION('center_axis',(0.,-0.999701489781183,-0.0244321781526531));
#4643=DIRECTION('ref_axis',(-1.,0.,0.));
#4644=DIRECTION('',(0.0226805646561694,-0.0244258932901934,0.999444329477062));
#4645=DIRECTION('',(1.,0.,0.));
#4646=DIRECTION('',(0.0226805646561693,0.0244258932901934,-0.999444329477062));
#4647=DIRECTION('',(-1.,0.,0.));
#4648=DIRECTION('center_axis',(-0.999742609322698,0.,0.0226873335727814));
#4649=DIRECTION('ref_axis',(0.,1.,0.));
#4650=DIRECTION('',(0.,1.,0.));
#4651=DIRECTION('',(-0.0226805646561694,0.0244258932901934,-0.999444329477062));
#4652=DIRECTION('',(0.,-1.,0.));
#4653=DIRECTION('',(0.0226814970691502,-0.0226814970691502,0.999485417293021));
#4654=DIRECTION('center_axis',(-0.0226814970691502,0.0226814970691502,-0.999485417293021));
#4655=DIRECTION('ref_axis',(-0.706742916264961,0.706742916264961,0.0320764807701178));
#4656=DIRECTION('center_axis',(0.00283334104332399,-0.002833341043324,-0.999991972146309));
#4657=DIRECTION('ref_axis',(-0.707101104636764,0.707101104636764,-0.00400694933029713));
#4658=DIRECTION('center_axis',(0.,0.,-1.));
#4659=DIRECTION('ref_axis',(-0.707106781186548,0.707106781186548,0.));
#4660=DIRECTION('',(-0.0226814970691502,0.0226814970691502,-0.999485417293021));
#4661=DIRECTION('center_axis',(-2.65778617180329E-16,0.999742609322698,
0.0226873335727814));
#4662=DIRECTION('ref_axis',(1.,2.65893071781336E-16,-2.02827727742056E-18));
#4663=DIRECTION('',(0.0244258932901934,-0.0226805646561694,0.999444329477062));
#4664=DIRECTION('',(1.,2.65847043730974E-16,0.));
#4665=DIRECTION('',(-1.,-2.65847043730974E-16,0.));
#4666=DIRECTION('center_axis',(0.0244258932901931,0.0226805646561692,-0.999444329477062));
#4667=DIRECTION('ref_axis',(-0.706699867507671,-0.706728935359269,-0.0333092958585859));
#4668=DIRECTION('center_axis',(0.,0.,1.));
#4669=DIRECTION('ref_axis',(-0.732802795883999,-0.680441079260059,0.));
#4670=DIRECTION('center_axis',(-0.0244258932901981,-0.0226805646561675,
0.999444329477062));
#4671=DIRECTION('ref_axis',(-0.706699867507678,-0.706728935359262,-0.0333092958585883));
#4672=DIRECTION('',(-0.0244258932901931,-0.0226805646561692,0.999444329477062));
#4673=DIRECTION('center_axis',(0.,1.,0.));
#4674=DIRECTION('ref_axis',(-0.69841528543101,0.,-0.715692733703732));
#4675=DIRECTION('center_axis',(0.,-1.,0.));
#4676=DIRECTION('ref_axis',(-0.69841528543101,0.,-0.715692733703732));
#4677=DIRECTION('',(0.,-1.,0.));
#4678=DIRECTION('center_axis',(0.,1.,0.));
#4679=DIRECTION('ref_axis',(-0.69841528543101,0.,-0.715692733703732));
#4680=DIRECTION('center_axis',(1.,2.65847043730973E-16,0.));
#4681=DIRECTION('ref_axis',(1.85837605567097E-16,-0.699039579146712,-0.715082978951665));
#4682=DIRECTION('center_axis',(-1.,8.68251499461773E-15,8.88178419700128E-15));
#4683=DIRECTION('ref_axis',(-8.88178419700128E-15,0.,-1.));
#4684=DIRECTION('center_axis',(1.,0.,0.));
#4685=DIRECTION('ref_axis',(0.,0.,-1.));
#4686=DIRECTION('center_axis',(0.,1.,0.));
#4687=DIRECTION('ref_axis',(0.,0.,-1.));
#4688=DIRECTION('center_axis',(-0.0226805646561693,-0.0244258932901934,
0.999444329477062));
#4689=DIRECTION('ref_axis',(-0.706728935359262,-0.706699867507678,-0.0333092958585862));
#4690=DIRECTION('center_axis',(0.,0.,1.));
#4691=DIRECTION('ref_axis',(-0.680441079260004,-0.73280279588405,0.));
#4692=DIRECTION('center_axis',(-0.0226805646561671,-0.0244258932901979,
0.999444329477062));
#4693=DIRECTION('ref_axis',(-0.706728935359259,-0.706699867507681,-0.0333092958585879));
#4694=DIRECTION('center_axis',(0.,-1.,0.));
#4695=DIRECTION('ref_axis',(-0.699039579146716,0.,-0.715082978951662));
#4696=DIRECTION('center_axis',(0.,1.,0.));
#4697=DIRECTION('ref_axis',(-0.699039579146716,0.,-0.715082978951662));
#4698=DIRECTION('center_axis',(-0.0226805646561694,0.0244258932901934,-0.999444329477062));
#4699=DIRECTION('ref_axis',(0.706728935359256,-0.706699867507684,-0.0333092958585863));
#4700=DIRECTION('center_axis',(0.,0.,1.));
#4701=DIRECTION('ref_axis',(0.680441079259997,-0.732802795884057,0.));
#4702=DIRECTION('center_axis',(0.0226805646561678,-0.0244258932901887,0.999444329477062));
#4703=DIRECTION('ref_axis',(0.706728935359262,-0.706699867507678,-0.0333092958585818));
#4704=DIRECTION('center_axis',(-1.,0.,0.));
#4705=DIRECTION('ref_axis',(0.,-0.698415285431016,-0.715692733703726));
#4706=DIRECTION('center_axis',(1.,0.,0.));
#4707=DIRECTION('ref_axis',(0.,0.,-1.));
#4708=DIRECTION('center_axis',(-1.,-6.51198390817696E-16,2.66453525910041E-14));
#4709=DIRECTION('ref_axis',(-1.86150783263602E-14,-0.698415285431016,-0.715692733703726));
#4710=DIRECTION('center_axis',(0.,1.,0.));
#4711=DIRECTION('ref_axis',(0.699039579146712,0.,-0.715082978951665));
#4712=DIRECTION('center_axis',(-8.88407087402078E-15,-1.,0.));
#4713=DIRECTION('ref_axis',(0.,0.,-1.));
#4714=DIRECTION('center_axis',(-8.8840708740207E-15,1.,0.));
#4715=DIRECTION('ref_axis',(0.,0.,-1.));
#4716=DIRECTION('center_axis',(-1.,0.,0.));
#4717=DIRECTION('ref_axis',(0.,0.,-1.));
#4718=DIRECTION('center_axis',(1.,2.65847043730974E-16,0.));
#4719=DIRECTION('ref_axis',(1.85837605567098E-16,-0.699039579146712,-0.715082978951665));
#4720=DIRECTION('center_axis',(-1.,0.,0.));
#4721=DIRECTION('ref_axis',(0.,-0.699039579146712,-0.715082978951665));
#4722=DIRECTION('center_axis',(0.,-1.,0.));
#4723=DIRECTION('ref_axis',(0.698415285431016,0.,-0.715692733703726));
#4724=DIRECTION('center_axis',(0.,-1.,0.));
#4725=DIRECTION('ref_axis',(0.698415285431016,0.,-0.715692733703726));
#4726=DIRECTION('center_axis',(0.,1.,0.));
#4727=DIRECTION('ref_axis',(0.698415285431016,0.,-0.715692733703726));
#4728=DIRECTION('center_axis',(0.0244258932901934,-0.0226805646561694,0.999444329477062));
#4729=DIRECTION('ref_axis',(0.706699867507671,-0.706728935359269,-0.0333092958585863));
#4730=DIRECTION('center_axis',(0.,0.,1.));
#4731=DIRECTION('ref_axis',(0.732802795884045,-0.68044107926001,0.));
#4732=DIRECTION('center_axis',(0.0244258932901981,-0.0226805646561675,0.999444329477062));
#4733=DIRECTION('ref_axis',(0.999701489781183,-3.25260651745651E-19,-0.0244321781526578));
#4734=DIRECTION('center_axis',(0.,0.,1.));
#4735=DIRECTION('ref_axis',(1.,0.,0.));
#4736=DIRECTION('center_axis',(0.,0.,1.));
#4737=DIRECTION('ref_axis',(1.,0.,0.));
#4738=DIRECTION('center_axis',(0.,0.,1.));
#4739=DIRECTION('ref_axis',(1.,0.,0.));
#4740=DIRECTION('center_axis',(0.,0.,1.));
#4741=DIRECTION('ref_axis',(1.,0.,0.));
#4742=DIRECTION('center_axis',(0.,1.,0.));
#4743=DIRECTION('ref_axis',(0.698415285431006,0.,-0.715692733703736));
#4744=DIRECTION('center_axis',(0.,1.,0.));
#4745=DIRECTION('ref_axis',(0.698415285431006,0.,-0.715692733703736));
#4746=DIRECTION('',(0.,1.,0.));
#4747=DIRECTION('center_axis',(0.,0.,1.));
#4748=DIRECTION('ref_axis',(1.,0.,0.));
#4749=DIRECTION('',(-1.,0.,0.));
#4750=DIRECTION('',(0.,-1.,0.));
#4751=DIRECTION('center_axis',(0.,0.,1.));
#4752=DIRECTION('ref_axis',(1.,0.,0.));
#4753=DIRECTION('',(1.,0.,0.));
#4754=DIRECTION('',(0.,1.,0.));
#4755=DIRECTION('',(1.,0.,0.));
#4756=DIRECTION('',(0.,1.,0.));
#4757=DIRECTION('center_axis',(0.,-1.,0.));
#4758=DIRECTION('ref_axis',(-0.698415285431006,0.,-0.715692733703736));
#4759=DIRECTION('center_axis',(0.,1.,0.));
#4760=DIRECTION('ref_axis',(-0.698415285431006,0.,-0.715692733703736));
#4761=DIRECTION('',(0.,1.,0.));
#4762=DIRECTION('center_axis',(-0.999701489781183,0.,-0.0244321781526528));
#4763=DIRECTION('ref_axis',(0.,1.,0.));
#4764=DIRECTION('',(-0.0244321781526528,0.,0.999701489781183));
#4765=DIRECTION('center_axis',(-0.999701489781183,0.,-0.0244321781526528));
#4766=DIRECTION('ref_axis',(0.,1.,0.));
#4767=DIRECTION('',(0.0244321781526528,0.,-0.999701489781183));
#4768=DIRECTION('center_axis',(0.,1.,0.));
#4769=DIRECTION('ref_axis',(0.,0.,1.));
#4770=DIRECTION('axis',(0.,0.,1.));
#4771=DIRECTION('refdir',(1.,0.,0.));
#4772=DIRECTION('center_axis',(0.,0.,1.));
#4773=DIRECTION('ref_axis',(1.,0.,0.));
#4774=DIRECTION('',(1.,0.,0.));
#4775=DIRECTION('',(1.61486985400023E-16,-1.,0.));
#4776=DIRECTION('center_axis',(0.,0.,1.));
#4777=DIRECTION('ref_axis',(-1.,8.88178419700124E-16,0.));
#4778=DIRECTION('center_axis',(0.,0.,-1.));
#4779=DIRECTION('ref_axis',(-1.,0.,0.));
#4780=DIRECTION('center_axis',(0.,0.,1.));
#4781=DIRECTION('ref_axis',(-1.,-3.55271367880051E-15,0.));
#4782=DIRECTION('',(-1.,0.,0.));
#4783=DIRECTION('center_axis',(0.,0.,1.));
#4784=DIRECTION('ref_axis',(0.,1.,0.));
#4785=DIRECTION('center_axis',(0.,0.,-1.));
#4786=DIRECTION('ref_axis',(0.,1.,0.));
#4787=DIRECTION('center_axis',(0.,0.,1.));
#4788=DIRECTION('ref_axis',(0.,1.,0.));
#4789=DIRECTION('',(4.84460956200068E-16,1.,0.));
#4790=DIRECTION('',(1.,0.,0.));
#4791=DIRECTION('',(0.,1.,0.));
#4792=DIRECTION('center_axis',(0.,0.,1.));
#4793=DIRECTION('ref_axis',(-1.05330827852957E-7,0.999999999999995,0.));
#4794=DIRECTION('center_axis',(0.,0.,-1.));
#4795=DIRECTION('ref_axis',(-1.05330831299842E-7,0.999999999999994,0.));
#4796=DIRECTION('center_axis',(0.,0.,1.));
#4797=DIRECTION('ref_axis',(0.,1.,0.));
#4798=DIRECTION('',(-1.,-3.22973954718283E-16,0.));
#4799=DIRECTION('center_axis',(0.,0.,1.));
#4800=DIRECTION('ref_axis',(-0.999999999999995,-1.05330831890134E-7,0.));
#4801=DIRECTION('center_axis',(0.,0.,-1.));
#4802=DIRECTION('ref_axis',(-0.999999999999994,-1.05330830477455E-7,0.));
#4803=DIRECTION('center_axis',(0.,0.,1.));
#4804=DIRECTION('ref_axis',(-1.,0.,0.));
#4805=DIRECTION('',(0.,-1.,0.));
#4806=DIRECTION('center_axis',(0.,0.,1.));
#4807=DIRECTION('ref_axis',(0.,1.,0.));
#4808=DIRECTION('',(0.,-0.022687333572782,-0.999742609322698));
#4809=DIRECTION('center_axis',(0.,0.,1.));
#4810=DIRECTION('ref_axis',(0.,1.,0.));
#4811=DIRECTION('',(-0.022687333572782,0.,-0.999742609322698));
#4812=DIRECTION('center_axis',(-0.999742609322698,-1.61445420155475E-16,
-0.022687333572782));
#4813=DIRECTION('ref_axis',(-1.61403865609434E-16,1.,-3.66276610086521E-18));
#4814=DIRECTION('',(0.022687333572782,0.,-0.999742609322698));
#4815=DIRECTION('',(1.61486985400023E-16,-1.,0.));
#4816=DIRECTION('',(0.022687333572782,0.,-0.999742609322698));
#4817=DIRECTION('center_axis',(0.,0.,1.));
#4818=DIRECTION('ref_axis',(-1.,8.88178419700124E-16,0.));
#4819=DIRECTION('center_axis',(0.,0.,1.));
#4820=DIRECTION('ref_axis',(-1.,8.88178419700124E-16,0.));
#4821=DIRECTION('',(-2.21987452713778E-15,-0.022687333572782,-0.999742609322698));
#4822=DIRECTION('center_axis',(0.,0.,-1.));
#4823=DIRECTION('ref_axis',(-1.,0.,0.));
#4824=DIRECTION('center_axis',(0.,0.,-1.));
#4825=DIRECTION('ref_axis',(-1.,0.,0.));
#4826=DIRECTION('',(0.0226873335727809,0.,-0.999742609322698));
#4827=DIRECTION('center_axis',(0.,0.,1.));
#4828=DIRECTION('ref_axis',(-1.,-3.55271367880051E-15,0.));
#4829=DIRECTION('center_axis',(0.,0.,1.));
#4830=DIRECTION('ref_axis',(-1.,-3.55271367880051E-15,0.));
#4831=DIRECTION('',(0.,-0.022687333572782,-0.999742609322698));
#4832=DIRECTION('center_axis',(0.,0.999742609322698,-0.022687333572782));
#4833=DIRECTION('ref_axis',(1.,0.,0.));
#4834=DIRECTION('',(-1.,0.,0.));
#4835=DIRECTION('',(0.,-0.022687333572782,-0.999742609322698));
#4836=DIRECTION('center_axis',(0.,0.,1.));
#4837=DIRECTION('ref_axis',(0.,1.,0.));
#4838=DIRECTION('center_axis',(0.,0.,1.));
#4839=DIRECTION('ref_axis',(0.,1.,0.));
#4840=DIRECTION('',(-0.0226873335727809,0.,-0.999742609322698));
#4841=DIRECTION('center_axis',(0.,0.,-1.));
#4842=DIRECTION('ref_axis',(0.,1.,0.));
#4843=DIRECTION('center_axis',(0.,0.,-1.));
#4844=DIRECTION('ref_axis',(0.,1.,0.));
#4845=DIRECTION('center_axis',(-3.22890824233327E-16,0.999742609322698,
0.0226873335727814));
#4846=DIRECTION('ref_axis',(7.3274178460141E-18,-0.0226873335727814,0.999742609322698));
#4847=DIRECTION('',(1.,3.22973954718283E-16,-3.05294512071326E-33));
#4848=DIRECTION('',(0.,-0.0226873335727814,0.999742609322698));
#4849=DIRECTION('',(7.32741784601406E-18,-0.0226873335727814,0.999742609322698));
#4850=DIRECTION('center_axis',(0.999742609322698,0.,0.0226873335727814));
#4851=DIRECTION('ref_axis',(0.0226873335727814,0.,-0.999742609322698));
#4852=DIRECTION('',(0.0226873335727814,0.,-0.999742609322698));
#4853=DIRECTION('',(-5.00620574788493E-35,-1.,2.20604029166359E-33));
#4854=DIRECTION('',(-0.0226873335727814,0.,0.999742609322698));
#4855=DIRECTION('center_axis',(0.,0.,-1.));
#4856=DIRECTION('ref_axis',(-1.05330827852957E-7,0.999999999999995,0.));
#4857=DIRECTION('center_axis',(0.,0.,-1.));
#4858=DIRECTION('ref_axis',(0.707106743946471,0.707106818426622,0.));
#4859=DIRECTION('',(2.38967570519788E-9,-0.0226873335727812,0.999742609322698));
#4860=DIRECTION('center_axis',(0.,0.,1.));
#4861=DIRECTION('ref_axis',(-1.05330831299842E-7,0.999999999999994,0.));
#4862=DIRECTION('center_axis',(0.,0.,1.));
#4863=DIRECTION('ref_axis',(-0.707106781186548,-0.707106781186547,0.));
#4864=DIRECTION('',(-0.0226873335727812,2.38967571859003E-9,0.999742609322698));
#4865=DIRECTION('center_axis',(0.,0.,-1.));
#4866=DIRECTION('ref_axis',(0.,1.,0.));
#4867=DIRECTION('center_axis',(0.,0.,-1.));
#4868=DIRECTION('ref_axis',(0.707106818426621,0.707106743946472,0.));
#4869=DIRECTION('center_axis',(0.,0.999742609322698,0.022687333572782));
#4870=DIRECTION('ref_axis',(-1.,0.,0.));
#4871=DIRECTION('',(-0.0226814970691486,0.0226814970691508,-0.999485417293021));
#4872=DIRECTION('',(-1.,0.,0.));
#4873=DIRECTION('',(-0.0226814970691497,-0.0226814970691508,0.999485417293021));
#4874=DIRECTION('',(1.,0.,0.));
#4875=DIRECTION('center_axis',(1.,0.,0.));
#4876=DIRECTION('ref_axis',(0.,0.699039579146707,0.71508297895167));
#4877=DIRECTION('center_axis',(-1.,0.,0.));
#4878=DIRECTION('ref_axis',(0.,0.,1.));
#4879=DIRECTION('center_axis',(1.,0.,0.));
#4880=DIRECTION('ref_axis',(0.,0.999742609322698,0.0226873335727817));
#4881=DIRECTION('',(1.,0.,0.));
#4882=DIRECTION('center_axis',(-0.0226814970691497,-0.0226814970691508,
0.999485417293021));
#4883=DIRECTION('ref_axis',(0.706742916264961,0.706742916264962,0.0320764807701179));
#4884=DIRECTION('center_axis',(0.,0.,1.));
#4885=DIRECTION('ref_axis',(0.707106781186547,0.707106781186548,0.));
#4886=DIRECTION('center_axis',(-0.00238654231153501,-0.00238654231153502,
0.999994304399575));
#4887=DIRECTION('ref_axis',(0.707102753788864,0.707102753788865,0.00337508050415006));
#4888=DIRECTION('',(0.0226814970691497,0.0226814970691508,-0.999485417293021));
#4889=DIRECTION('center_axis',(0.,-1.,0.));
#4890=DIRECTION('ref_axis',(0.999742609322698,0.,0.0226873335727806));
#4891=DIRECTION('center_axis',(0.,0.,-1.));
#4892=DIRECTION('ref_axis',(0.707106781186547,0.707106781186548,0.));
#4893=DIRECTION('center_axis',(0.0226814970691486,-0.0226814970691508,0.999485417293021));
#4894=DIRECTION('ref_axis',(-0.706742916264961,0.706742916264961,0.0320764807701171));
#4895=DIRECTION('center_axis',(0.,0.,1.));
#4896=DIRECTION('ref_axis',(-0.707106781186548,0.707106781186548,0.));
#4897=DIRECTION('',(0.0226814970691486,-0.0226814970691508,0.999485417293021));
#4898=DIRECTION('center_axis',(0.00238654231153485,-0.00238654231153501,
0.999994304399575));
#4899=DIRECTION('ref_axis',(-0.707102753788864,0.707102753788864,0.00337508050414994));
#4900=DIRECTION('center_axis',(0.,-1.,0.));
#4901=DIRECTION('ref_axis',(0.,0.,1.));
#4902=DIRECTION('center_axis',(0.,0.,-1.));
#4903=DIRECTION('ref_axis',(-0.707106781186547,0.707106781186547,0.));
#4904=DIRECTION('center_axis',(0.,0.,1.));
#4905=DIRECTION('ref_axis',(1.,0.,0.));
#4906=DIRECTION('center_axis',(0.,0.,1.));
#4907=DIRECTION('ref_axis',(1.,0.,0.));
#4908=DIRECTION('',(0.,0.,1.));
#4909=DIRECTION('center_axis',(0.,0.,1.));
#4910=DIRECTION('ref_axis',(1.,0.,0.));
#4911=DIRECTION('center_axis',(0.,0.,1.));
#4912=DIRECTION('ref_axis',(1.,0.,0.));
#4913=DIRECTION('',(-0.656059028990507,-8.03440589904945E-17,0.754709580222772));
#4914=DIRECTION('center_axis',(0.,0.,-1.));
#4915=DIRECTION('ref_axis',(1.,0.,0.));
#4916=DIRECTION('center_axis',(0.,0.,1.));
#4917=DIRECTION('ref_axis',(1.,0.,0.));
#4918=DIRECTION('center_axis',(0.,0.,1.));
#4919=DIRECTION('ref_axis',(1.,0.,0.));
#4920=DIRECTION('',(0.,0.,1.));
#4921=DIRECTION('center_axis',(0.,0.,1.));
#4922=DIRECTION('ref_axis',(1.,0.,0.));
#4923=DIRECTION('center_axis',(0.,0.,1.));
#4924=DIRECTION('ref_axis',(1.,0.,0.));
#4925=DIRECTION('',(-0.656059028990507,-8.03440589904945E-17,0.754709580222772));
#4926=DIRECTION('center_axis',(0.,0.,-1.));
#4927=DIRECTION('ref_axis',(1.,0.,0.));
#4928=DIRECTION('center_axis',(3.05451732691881E-33,2.20604029166359E-33,
1.));
#4929=DIRECTION('ref_axis',(1.,-6.73838829476746E-66,-3.05451732691881E-33));
#4930=DIRECTION('',(1.,0.,-3.05451732691881E-33));
#4931=DIRECTION('',(5.00620574788493E-35,-1.,2.20604029166359E-33));
#4932=DIRECTION('center_axis',(3.05451732691881E-33,2.20604029166359E-33,
1.));
#4933=DIRECTION('ref_axis',(-0.707106743946474,0.707106818426619,5.99963669406476E-34));
#4934=DIRECTION('center_axis',(-3.05451732691881E-33,-2.20604029166359E-33,
-1.));
#4935=DIRECTION('ref_axis',(0.707106781186547,-0.707106781186548,-5.99963865310021E-34));
#4936=DIRECTION('center_axis',(3.05451732691881E-33,2.20604029166359E-33,
1.));
#4937=DIRECTION('ref_axis',(-0.707106818426619,0.707106743946474,5.9996406121357E-34));
#4938=DIRECTION('',(-1.,-3.22973954718283E-16,3.05451732691882E-33));
#4939=DIRECTION('center_axis',(3.05451732691881E-33,2.20604029166359E-33,
1.));
#4940=DIRECTION('ref_axis',(0.707106818426619,0.707106743946474,-3.71977599651951E-33));
#4941=DIRECTION('center_axis',(-3.05451732691881E-33,-2.20604029166359E-33,
-1.));
#4942=DIRECTION('ref_axis',(-0.707106781186548,-0.707106781186547,3.71977596492217E-33));
#4943=DIRECTION('center_axis',(3.05451732691881E-33,2.20604029166359E-33,
1.));
#4944=DIRECTION('ref_axis',(0.707106743946474,0.707106818426619,-3.71977593332482E-33));
#4945=DIRECTION('',(5.00620574788493E-35,1.,-2.20604029166359E-33));
#4946=DIRECTION('center_axis',(-0.999742609322698,0.,0.0226873335727814));
#4947=DIRECTION('ref_axis',(0.0226873335727814,0.,0.999742609322698));
#4948=DIRECTION('',(0.0226873335727814,0.,0.999742609322698));
#4949=DIRECTION('',(0.0226873335727814,0.,0.999742609322698));
#4950=DIRECTION('',(-5.00620574788493E-35,1.,-2.20604029166359E-33));
#4951=DIRECTION('center_axis',(0.,0.,-1.));
#4952=DIRECTION('ref_axis',(-1.,0.,0.));
#4953=DIRECTION('center_axis',(0.,0.,-1.));
#4954=DIRECTION('ref_axis',(-0.707106743946472,0.707106818426621,0.));
#4955=DIRECTION('',(-2.38967571859003E-9,-0.0226873335727812,0.999742609322698));
#4956=DIRECTION('center_axis',(0.,0.,1.));
#4957=DIRECTION('ref_axis',(-0.999999999999994,-1.05330830477455E-7,0.));
#4958=DIRECTION('center_axis',(0.,0.,1.));
#4959=DIRECTION('ref_axis',(0.707106781186547,-0.707106781186548,0.));
#4960=DIRECTION('',(0.0226873335727812,2.3896756865401E-9,0.999742609322698));
#4961=DIRECTION('center_axis',(0.,0.,-1.));
#4962=DIRECTION('ref_axis',(-0.999999999999995,-1.05330831890134E-7,0.));
#4963=DIRECTION('center_axis',(0.,0.,-1.));
#4964=DIRECTION('ref_axis',(-0.707106818426621,0.707106743946472,0.));
#4965=DIRECTION('center_axis',(-5.00620574788493E-35,-1.,2.20604029166359E-33));
#4966=DIRECTION('ref_axis',(0.699039579146709,1.54250650385897E-33,0.715082978951668));
#4967=DIRECTION('center_axis',(0.,1.,0.));
#4968=DIRECTION('ref_axis',(0.699039579146709,0.,0.715082978951668));
#4969=DIRECTION('center_axis',(5.55254429626296E-15,-1.,0.));
#4970=DIRECTION('ref_axis',(0.999742609322698,5.5511151231258E-15,0.022687333572781));
#4971=DIRECTION('center_axis',(-3.05451732691881E-33,-2.20604029166359E-33,
-1.));
#4972=DIRECTION('ref_axis',(-1.,0.,0.));
#4973=DIRECTION('center_axis',(0.999999999999994,1.05330832472666E-7,0.));
#4974=DIRECTION('ref_axis',(-1.05303721298355E-7,0.999742609322693,0.0226873335727808));
#4975=DIRECTION('center_axis',(3.05451732691881E-33,2.20604029166359E-33,
1.));
#4976=DIRECTION('ref_axis',(-0.707106781186548,-0.707106781186548,0.));
#4977=DIRECTION('center_axis',(-1.05330832472665E-7,-0.999999999999994,
0.));
#4978=DIRECTION('ref_axis',(0.999742609322693,-1.05303721298354E-7,0.0226873335727814));
#4979=DIRECTION('center_axis',(-3.05451732691881E-33,-2.20604029166359E-33,
-1.));
#4980=DIRECTION('ref_axis',(0.707106818426618,0.707106743946475,0.));
#4981=DIRECTION('center_axis',(1.,0.,0.));
#4982=DIRECTION('ref_axis',(0.,0.999742609322698,0.0226873335727824));
#4983=DIRECTION('center_axis',(1.,3.22973954718283E-16,-3.05451732691882E-33));
#4984=DIRECTION('ref_axis',(-2.25771577381617E-16,0.699039579146709,0.715082978951668));
#4985=DIRECTION('center_axis',(1.,0.,0.));
#4986=DIRECTION('ref_axis',(0.,0.999742609322698,0.022687333572781));
#4987=DIRECTION('center_axis',(-3.05451732691881E-33,-2.20604029166359E-33,
-1.));
#4988=DIRECTION('ref_axis',(-1.,0.,0.));
#4989=DIRECTION('center_axis',(-1.05330832472667E-7,0.999999999999994,0.));
#4990=DIRECTION('ref_axis',(-0.999742609322693,-1.05303721298356E-7,0.022687333572781));
#4991=DIRECTION('center_axis',(3.05451732691881E-33,2.20604029166359E-33,
1.));
#4992=DIRECTION('ref_axis',(1.,0.,0.));
#4993=DIRECTION('center_axis',(0.999999999999994,-1.05330832472665E-7,0.));
#4994=DIRECTION('ref_axis',(1.05303721298354E-7,0.999742609322693,0.0226873335727807));
#4995=DIRECTION('center_axis',(-3.05451732691881E-33,-2.20604029166359E-33,
-1.));
#4996=DIRECTION('ref_axis',(-1.,0.,0.));
#4997=DIRECTION('center_axis',(0.,1.,0.));
#4998=DIRECTION('ref_axis',(-0.999742609322698,0.,0.0226873335727824));
#4999=DIRECTION('center_axis',(-5.00620574788493E-35,1.,-2.20604029166359E-33));
#5000=DIRECTION('ref_axis',(-0.699039579146709,1.54250650385897E-33,0.715082978951668));
#5001=DIRECTION('center_axis',(0.,1.,0.));
#5002=DIRECTION('ref_axis',(-0.699039579146709,0.,0.715082978951668));
#5003=DIRECTION('center_axis',(0.999742609322698,-4.84336260466426E-16,
-0.022687333572782));
#5004=DIRECTION('ref_axis',(-4.84394460367598E-16,-1.,2.93021288069218E-18));
#5005=DIRECTION('',(0.022687333572782,0.,0.999742609322698));
#5006=DIRECTION('',(4.84460956200068E-16,1.,0.));
#5007=DIRECTION('center_axis',(0.,0.,1.));
#5008=DIRECTION('ref_axis',(1.,0.,0.));
#5009=DIRECTION('',(1.,0.,0.));
#5010=DIRECTION('',(0.,1.,0.));
#5011=DIRECTION('',(0.,-1.,0.));
#5012=DIRECTION('',(1.,0.,0.));
#5013=DIRECTION('center_axis',(0.999742609322698,0.,0.0226873335727809));
#5014=DIRECTION('ref_axis',(0.,1.,0.));
#5015=DIRECTION('',(-0.0226873335727809,0.,0.999742609322698));
#5016=DIRECTION('',(0.,1.,0.));
#5017=DIRECTION('center_axis',(0.,-1.,0.));
#5018=DIRECTION('ref_axis',(0.699039579146708,0.,0.715082978951669));
#5019=DIRECTION('center_axis',(0.,-1.,0.));
#5020=DIRECTION('ref_axis',(0.699039579146708,0.,0.715082978951669));
#5021=DIRECTION('',(0.,-1.,0.));
#5022=DIRECTION('center_axis',(0.,0.,1.));
#5023=DIRECTION('ref_axis',(1.,0.,0.));
#5024=DIRECTION('',(-1.,0.,0.));
#5025=DIRECTION('',(0.,1.,0.));
#5026=DIRECTION('center_axis',(0.,1.,0.));
#5027=DIRECTION('ref_axis',(-0.699039579146709,0.,0.715082978951669));
#5028=DIRECTION('center_axis',(0.,-1.,0.));
#5029=DIRECTION('ref_axis',(-0.699039579146709,0.,0.715082978951669));
#5030=DIRECTION('',(0.,-1.,0.));
#5031=DIRECTION('center_axis',(-0.999742609322698,0.,0.0226873335727798));
#5032=DIRECTION('ref_axis',(0.,-1.,0.));
#5033=DIRECTION('',(-0.0226873335727798,0.,-0.999742609322698));
#5034=DIRECTION('center_axis',(0.,-1.,0.));
#5035=DIRECTION('ref_axis',(0.,0.,-1.));
#5036=DIRECTION('axis',(0.,0.,1.));
#5037=DIRECTION('refdir',(1.,0.,0.));
#5038=DIRECTION('center_axis',(0.918047815974796,-0.17364817766693,-0.356419020223194));
#5039=DIRECTION('ref_axis',(0.361917358116875,2.22044604925031E-16,0.932210183324395));
#5040=DIRECTION('',(0.361917358116875,-3.16895414750643E-16,0.932210183324395));
#5041=DIRECTION('',(0.173556398022816,0.984287244785133,-0.0325084059688722));
#5042=DIRECTION('',(0.361917358116875,-3.36985863950286E-16,0.932210183324395));
#5043=DIRECTION('',(0.133790507107721,0.981936963565237,-0.133790507107722));
#5044=DIRECTION('center_axis',(0.984807753012208,-0.17364817766693,1.21876309275064E-16));
#5045=DIRECTION('ref_axis',(-1.23744901520841E-16,6.54821821913855E-20,
1.));
#5046=DIRECTION('',(-1.83697019872103E-16,-3.3993987667089E-16,1.));
#5047=DIRECTION('',(-1.83697019872103E-16,-3.39939876670891E-16,1.));
#5048=DIRECTION('center_axis',(-3.64246399155235E-16,1.,-6.69109780239611E-32));
#5049=DIRECTION('ref_axis',(-0.197183098591549,-7.18232336362433E-17,0.980366679171541));
#5050=DIRECTION('center_axis',(0.,-1.,-3.3993987667089E-16));
#5051=DIRECTION('ref_axis',(-0.197183098591549,-3.33265728009824E-16,0.980366679171541));
#5052=DIRECTION('center_axis',(-5.55111512312578E-17,-1.,-3.39939876670891E-16));
#5053=DIRECTION('ref_axis',(-0.197183098591549,-3.22319867203661E-16,0.980366679171541));
#5054=DIRECTION('center_axis',(-0.984807753012208,-0.173648177666931,-2.39936189475506E-16));
#5055=DIRECTION('ref_axis',(2.43598490984522E-16,2.21752582672302E-19,-1.));
#5056=DIRECTION('',(1.83697019872103E-16,3.3993987667089E-16,-1.));
#5057=DIRECTION('',(0.173556398022817,-0.984287244785133,0.0325084059688722));
#5058=DIRECTION('',(1.83697019872103E-16,3.39939876670891E-16,-1.));
#5059=DIRECTION('center_axis',(-0.918047815974796,-0.173648177666931,-0.356419020223194));
#5060=DIRECTION('ref_axis',(0.361917358116875,1.87350135405495E-16,-0.932210183324395));
#5061=DIRECTION('',(0.361917358116874,3.16895414750643E-16,-0.932210183324395));
#5062=DIRECTION('',(-0.133790507107722,0.981936963565237,-0.133790507107721));
#5063=DIRECTION('',(0.361917358116874,2.96804965551E-16,-0.932210183324395));
#5064=DIRECTION('center_axis',(0.356419020223194,-0.17364817766693,0.918047815974796));
#5065=DIRECTION('ref_axis',(-0.932210183324395,1.94289029309402E-16,0.361917358116875));
#5066=DIRECTION('',(-0.932210183324395,-1.23030142083305E-16,0.361917358116874));
#5067=DIRECTION('',(-0.0325084059688723,-0.984287244785133,-0.173556398022816));
#5068=DIRECTION('',(-0.932210183324395,-7.12820816174658E-17,0.361917358116875));
#5069=DIRECTION('',(-0.133790507107722,-0.981936963565237,-0.133790507107721));
#5070=DIRECTION('center_axis',(-1.2060416625019E-16,-0.17364817766693,0.984807753012208));
#5071=DIRECTION('ref_axis',(-1.,-1.55423135809737E-19,-1.22492085207005E-16));
#5072=DIRECTION('',(-1.,4.16306281867552E-32,-1.22464679914735E-16));
#5073=DIRECTION('',(-1.,5.55111512312579E-17,-1.12676566222477E-16));
#5074=DIRECTION('center_axis',(4.46073186826408E-32,1.,-3.64246399155235E-16));
#5075=DIRECTION('ref_axis',(-0.980366679171541,-7.18232336362433E-17,-0.197183098591549));
#5076=DIRECTION('center_axis',(0.,-1.,-3.3993987667089E-16));
#5077=DIRECTION('ref_axis',(-0.980366679171541,6.70303982167951E-17,-0.197183098591549));
#5078=DIRECTION('center_axis',(-5.55111512312578E-17,-1.,-3.39939876670891E-16));
#5079=DIRECTION('ref_axis',(-0.980366679171541,1.21451681206373E-16,-0.197183098591549));
#5080=DIRECTION('center_axis',(1.2060416625019E-16,-0.173648177666931,-0.984807753012208));
#5081=DIRECTION('ref_axis',(1.,-1.55423135809734E-19,1.22492085207005E-16));
#5082=DIRECTION('',(1.,-4.16306281867552E-32,1.22464679914735E-16));
#5083=DIRECTION('',(0.0325084059688723,0.984287244785133,-0.173556398022817));
#5084=DIRECTION('',(1.,-5.55111512312579E-17,1.32252793606994E-16));
#5085=DIRECTION('center_axis',(0.356419020223194,-0.173648177666931,-0.918047815974796));
#5086=DIRECTION('ref_axis',(0.932210183324395,1.87350135405495E-16,0.361917358116875));
#5087=DIRECTION('',(0.932210183324395,-1.23030142083305E-16,0.361917358116874));
#5088=DIRECTION('',(0.932210183324395,-1.74778202549144E-16,0.361917358116874));
#5089=DIRECTION('center_axis',(-0.918047815974796,-0.17364817766693,0.356419020223194));
#5090=DIRECTION('ref_axis',(-0.361917358116875,2.22044604925031E-16,-0.932210183324395));
#5091=DIRECTION('',(-0.361917358116875,3.16895414750643E-16,-0.932210183324395));
#5092=DIRECTION('',(-0.173556398022816,0.984287244785133,0.0325084059688723));
#5093=DIRECTION('',(-0.361917358116875,3.36985863950286E-16,-0.932210183324395));
#5094=DIRECTION('',(-0.133790507107721,0.981936963565237,0.133790507107722));
#5095=DIRECTION('center_axis',(-0.984807753012208,-0.17364817766693,-1.19332023225316E-16));
#5096=DIRECTION('ref_axis',(1.21106405777517E-16,3.77175718482029E-19,-1.));
#5097=DIRECTION('',(6.12323399573678E-17,3.3993987667089E-16,-1.));
#5098=DIRECTION('',(6.12323399573677E-17,3.39939876670891E-16,-1.));
#5099=DIRECTION('center_axis',(3.64246399155235E-16,1.,2.23036593413204E-32));
#5100=DIRECTION('ref_axis',(0.197183098591549,-7.18232336362434E-17,-0.980366679171541));
#5101=DIRECTION('center_axis',(0.,-1.,-3.3993987667089E-16));
#5102=DIRECTION('ref_axis',(0.197183098591549,3.33265728009824E-16,-0.980366679171541));
#5103=DIRECTION('center_axis',(-5.55111512312578E-17,-1.,-3.39939876670891E-16));
#5104=DIRECTION('ref_axis',(0.197183098591549,3.22319867203661E-16,-0.980366679171541));
#5105=DIRECTION('center_axis',(0.984807753012208,-0.173648177666931,1.27214302487372E-18));
#5106=DIRECTION('ref_axis',(-1.25281631383604E-18,2.20905318001019E-19,
1.));
#5107=DIRECTION('',(-6.12323399573678E-17,-3.3993987667089E-16,1.));
#5108=DIRECTION('',(-0.173556398022817,-0.984287244785133,-0.0325084059688721));
#5109=DIRECTION('',(-6.12323399573678E-17,-3.39939876670891E-16,1.));
#5110=DIRECTION('center_axis',(0.918047815974796,-0.173648177666931,0.356419020223193));
#5111=DIRECTION('ref_axis',(-0.361917358116874,4.16333634234434E-17,0.932210183324395));
#5112=DIRECTION('',(-0.361917358116874,-3.16895414750643E-16,0.932210183324395));
#5113=DIRECTION('',(-0.361917358116874,-2.96804965551E-16,0.932210183324395));
#5114=DIRECTION('center_axis',(0.,1.,3.3993987667089E-16));
#5115=DIRECTION('ref_axis',(0.,-3.3993987667089E-16,1.));
#5116=DIRECTION('center_axis',(0.,-1.,-3.3993987667089E-16));
#5117=DIRECTION('ref_axis',(1.,0.,0.));
#5118=DIRECTION('',(-0.932210183324395,1.23030142083305E-16,-0.361917358116874));
#5119=DIRECTION('',(-1.,0.,0.));
#5120=DIRECTION('center_axis',(0.,-1.,-3.3993987667089E-16));
#5121=DIRECTION('ref_axis',(0.980366679171541,-6.70303982167951E-17,0.197183098591549));
#5122=DIRECTION('',(1.,0.,0.));
#5123=DIRECTION('',(0.932210183324395,1.23030142083305E-16,-0.361917358116875));
#5124=DIRECTION('center_axis',(-0.356419020223194,-0.17364817766693,-0.918047815974796));
#5125=DIRECTION('ref_axis',(0.932210183324395,1.94289029309402E-16,-0.361917358116875));
#5126=DIRECTION('',(-0.0325084059688723,0.984287244785133,-0.173556398022816));
#5127=DIRECTION('',(0.932210183324395,7.12820816174658E-17,-0.361917358116875));
#5128=DIRECTION('center_axis',(0.,-0.17364817766693,-0.984807753012208));
#5129=DIRECTION('ref_axis',(1.,0.,0.));
#5130=DIRECTION('',(1.,-5.55111512312578E-17,9.78811369225866E-18));
#5131=DIRECTION('center_axis',(0.,1.,3.64246399155235E-16));
#5132=DIRECTION('ref_axis',(0.980366679171541,-7.18232336362434E-17,0.197183098591549));
#5133=DIRECTION('center_axis',(-5.55111512312578E-17,-1.,-3.39939876670891E-16));
#5134=DIRECTION('ref_axis',(0.980366679171541,-1.21451681206373E-16,0.197183098591549));
#5135=DIRECTION('center_axis',(0.,-0.173648177666931,0.984807753012208));
#5136=DIRECTION('ref_axis',(-1.,0.,0.));
#5137=DIRECTION('',(-0.0325084059688722,0.984287244785133,0.173556398022817));
#5138=DIRECTION('',(-1.,5.55111512312578E-17,9.7881136922587E-18));
#5139=DIRECTION('center_axis',(-0.356419020223194,-0.173648177666931,0.918047815974796));
#5140=DIRECTION('ref_axis',(-0.932210183324395,1.87350135405495E-16,-0.361917358116875));
#5141=DIRECTION('',(-0.932210183324395,1.74778202549144E-16,-0.361917358116874));
#5142=DIRECTION('center_axis',(5.55111512312578E-17,1.,3.39939876670891E-16));
#5143=DIRECTION('ref_axis',(6.9699433156134E-34,-3.39939876670891E-16,1.));
#5144=DIRECTION('center_axis',(0.,-1.,-3.3993987667089E-16));
#5145=DIRECTION('ref_axis',(0.,3.3993987667089E-16,-1.));
#5146=DIRECTION('center_axis',(0.,-1.,-3.3993987667089E-16));
#5147=DIRECTION('ref_axis',(1.,0.,0.));
#5148=DIRECTION('',(0.,1.,3.3993987667089E-16));
#5149=DIRECTION('center_axis',(0.,-1.,-3.3993987667089E-16));
#5150=DIRECTION('ref_axis',(1.,0.,0.));
#5151=DIRECTION('center_axis',(0.,-1.,-3.3993987667089E-16));
#5152=DIRECTION('ref_axis',(0.,3.3993987667089E-16,-1.));
#5153=DIRECTION('center_axis',(0.,1.,3.3993987667089E-16));
#5154=DIRECTION('ref_axis',(0.,3.3993987667089E-16,-1.));
#5155=DIRECTION('',(-7.06435665409313E-17,-0.816851156295643,-0.576848496971667));
#5156=DIRECTION('',(0.,1.,0.));
#5157=DIRECTION('',(1.,0.,0.));
#5158=DIRECTION('',(0.,1.,0.));
#5159=DIRECTION('',(-1.,0.,0.));
#5160=DIRECTION('',(0.60537550057201,4.33331484914348E-16,0.79594001237982));
#5161=DIRECTION('',(0.79594001237982,5.90086977477848E-17,-0.60537550057201));
#5162=DIRECTION('',(-6.45747436519534E-64,3.3993987667089E-16,1.));
#5163=DIRECTION('',(1.,6.92704068834313E-80,6.45747436519534E-64));
#5164=CARTESIAN_POINT('',(0.,0.,0.));
#5165=CARTESIAN_POINT('',(0.,0.,0.));
#5166=CARTESIAN_POINT('Origin',(20.2893811838137,-20.2893811838137,-0.373404909299108));
#5167=CARTESIAN_POINT('',(24.675897759217,-19.6773903103111,-25.536648267229));
#5168=CARTESIAN_POINT('',(25.3,-20.3014925510941,0.));
#5169=CARTESIAN_POINT('',(25.2878886327196,-20.2893811838137,-0.495565800062373));
#5170=CARTESIAN_POINT('',(20.3014925510941,-25.3,0.));
#5171=CARTESIAN_POINT('Origin',(20.2985070032311,-20.2985070032311,0.));
#5172=CARTESIAN_POINT('',(19.6773903103111,-24.675897759217,-25.536648267229));
#5173=CARTESIAN_POINT('',(20.2893811838137,-25.2878886327196,-0.495565800062373));
#5174=CARTESIAN_POINT('Origin',(19.675300426807,-19.675300426807,-25.5));
#5175=CARTESIAN_POINT('Ctrl Pts',(24.6758898352477,-19.6677659611111,-25.5365777039285));
#5176=CARTESIAN_POINT('Ctrl Pts',(24.6779437988826,-20.7927012054967,-25.5448337071278));
#5177=CARTESIAN_POINT('Ctrl Pts',(24.0228785012311,-22.659525021064,-25.5537107062415));
#5178=CARTESIAN_POINT('Ctrl Pts',(21.9154857128462,-24.3356717620677,-25.5505515200474));
#5179=CARTESIAN_POINT('Ctrl Pts',(20.4187878170521,-24.6772288680728,-25.542089286347));
#5180=CARTESIAN_POINT('Ctrl Pts',(19.6677659891427,-24.6758900427452,-25.536577705654));
#5181=CARTESIAN_POINT('Ctrl Pts',(24.6651163896728,-19.6677780540737,-25.9782774749726));
#5182=CARTESIAN_POINT('Ctrl Pts',(24.6646929522924,-20.7913098181595,-25.9848926179264));
#5183=CARTESIAN_POINT('Ctrl Pts',(24.0105535233292,-22.6499604879334,-25.9919823707619));
#5184=CARTESIAN_POINT('Ctrl Pts',(21.9092566472105,-24.3226967515225,-25.9894612313639));
#5185=CARTESIAN_POINT('Ctrl Pts',(20.4178642722223,-24.66480123456,-25.9826936462564));
#5186=CARTESIAN_POINT('Ctrl Pts',(19.6677780734203,-24.6651165986592,-25.9782774763406));
#5187=CARTESIAN_POINT('Ctrl Pts',(24.2812775948187,-19.6685277072752,-26.7358876251237));
#5188=CARTESIAN_POINT('Ctrl Pts',(24.2794239989152,-20.7044332810929,-26.7378533841657));
#5189=CARTESIAN_POINT('Ctrl Pts',(23.6724677029534,-22.4197189088024,-26.7399463832501));
#5190=CARTESIAN_POINT('Ctrl Pts',(21.7365214239215,-23.9614450178477,-26.7392023866987));
#5191=CARTESIAN_POINT('Ctrl Pts',(20.3601113456877,-24.2800120784281,-26.7371999420003));
#5192=CARTESIAN_POINT('Ctrl Pts',(19.6685277383377,-24.2812777752443,-26.7358876254961));
#5193=CARTESIAN_POINT('Ctrl Pts',(23.5047294262063,-19.6700212653379,-27.0010205883815));
#5194=CARTESIAN_POINT('Ctrl Pts',(23.5052972086909,-20.531348556533,-27.0009928944948));
#5195=CARTESIAN_POINT('Ctrl Pts',(23.0026510023761,-21.9597315423809,-27.000978348295));
#5196=CARTESIAN_POINT('Ctrl Pts',(21.3905845898105,-23.2424086947916,-27.0009841500723));
#5197=CARTESIAN_POINT('Ctrl Pts',(20.2450545662361,-23.5050843754006,-27.0010020905103));
#5198=CARTESIAN_POINT('Ctrl Pts',(19.6700212890548,-23.5047295814479,-27.0010205884391));
#5199=CARTESIAN_POINT('Ctrl Pts',(23.1718744404888,-19.6706606341155,-26.9999931095916));
#5200=CARTESIAN_POINT('Ctrl Pts',(23.1734672037097,-20.4572541934789,-26.9999934323507));
#5201=CARTESIAN_POINT('Ctrl Pts',(22.7156749428941,-21.7625316154847,-26.9999935742043));
#5202=CARTESIAN_POINT('Ctrl Pts',(21.2423061986765,-22.9342926473338,-26.9999935152562));
#5203=CARTESIAN_POINT('Ctrl Pts',(20.1958010442086,-23.1729152530442,-26.9999933251936));
#5204=CARTESIAN_POINT('Ctrl Pts',(19.6706606537119,-23.171874585631,-26.9999931095908));
#5205=CARTESIAN_POINT('',(23.1763455245452,-19.6773903103111,-27.));
#5206=CARTESIAN_POINT('Origin',(23.1763455245452,-19.6773903103111,-25.5));
#5207=CARTESIAN_POINT('',(19.6773903103111,-23.1763455245452,-27.));
#5208=CARTESIAN_POINT('Origin',(19.6773903103111,-23.1763455245452,-25.5));
#5209=CARTESIAN_POINT('Origin',(19.675300426807,-19.675300426807,-27.));
#5210=CARTESIAN_POINT('Origin',(-20.2969278602815,-20.2969278602815,-0.0646144420459425));
#5211=CARTESIAN_POINT('',(-19.677390310311,-24.675897759217,-25.536648267229));
#5212=CARTESIAN_POINT('',(-20.3014925510941,-25.3,0.));
#5213=CARTESIAN_POINT('',(-20.2969278602815,-25.2954353091874,-0.186775332809208));
#5214=CARTESIAN_POINT('',(-25.3,-20.3014925510941,0.));
#5215=CARTESIAN_POINT('Origin',(-20.2985070032311,-20.2985070032311,0.));
#5216=CARTESIAN_POINT('',(-24.675897759217,-19.6773903103111,-25.536648267229));
#5217=CARTESIAN_POINT('',(-25.2954353091874,-20.2969278602815,-0.186775332809207));
#5218=CARTESIAN_POINT('Origin',(-19.675300426807,-19.675300426807,-25.5));
#5219=CARTESIAN_POINT('Ctrl Pts',(-19.667765961111,-24.6758898352476,-25.5365777039285));
#5220=CARTESIAN_POINT('Ctrl Pts',(-20.7927012054967,-24.6779437988827,-25.5448337071279));
#5221=CARTESIAN_POINT('Ctrl Pts',(-22.659525021064,-24.0228785012311,-25.5537107062415));
#5222=CARTESIAN_POINT('Ctrl Pts',(-24.3356717620677,-21.9154857128462,-25.5505515200474));
#5223=CARTESIAN_POINT('Ctrl Pts',(-24.6772288680728,-20.418787817052,-25.542089286347));
#5224=CARTESIAN_POINT('Ctrl Pts',(-24.6758900427452,-19.6677659891427,-25.536577705654));
#5225=CARTESIAN_POINT('Ctrl Pts',(-19.6677780540735,-24.6651163896728,-25.9782774749726));
#5226=CARTESIAN_POINT('Ctrl Pts',(-20.7913098181595,-24.6646929522926,-25.9848926179264));
#5227=CARTESIAN_POINT('Ctrl Pts',(-22.6499604879334,-24.0105535233292,-25.9919823707619));
#5228=CARTESIAN_POINT('Ctrl Pts',(-24.3226967515225,-21.9092566472105,-25.989461231364));
#5229=CARTESIAN_POINT('Ctrl Pts',(-24.66480123456,-20.4178642722223,-25.9826936462565));
#5230=CARTESIAN_POINT('Ctrl Pts',(-24.6651165986592,-19.6677780734203,-25.9782774763406));
#5231=CARTESIAN_POINT('Ctrl Pts',(-19.6685277072751,-24.2812775948187,-26.7358876251237));
#5232=CARTESIAN_POINT('Ctrl Pts',(-20.7044332810929,-24.2794239989152,-26.7378533841657));
#5233=CARTESIAN_POINT('Ctrl Pts',(-22.4197189088024,-23.6724677029534,-26.7399463832501));
#5234=CARTESIAN_POINT('Ctrl Pts',(-23.9614450178477,-21.7365214239215,-26.7392023866987));
#5235=CARTESIAN_POINT('Ctrl Pts',(-24.2800120784281,-20.3601113456877,-26.7371999420003));
#5236=CARTESIAN_POINT('Ctrl Pts',(-24.2812777752443,-19.6685277383377,-26.7358876254961));
#5237=CARTESIAN_POINT('Ctrl Pts',(-19.6700212653378,-23.5047294262063,-27.0010205883815));
#5238=CARTESIAN_POINT('Ctrl Pts',(-20.531348556533,-23.5052972086909,-27.0009928944948));
#5239=CARTESIAN_POINT('Ctrl Pts',(-21.9597315423809,-23.0026510023761,-27.000978348295));
#5240=CARTESIAN_POINT('Ctrl Pts',(-23.2424086947916,-21.3905845898105,-27.0009841500723));
#5241=CARTESIAN_POINT('Ctrl Pts',(-23.5050843754006,-20.2450545662361,-27.0010020905103));
#5242=CARTESIAN_POINT('Ctrl Pts',(-23.5047295814479,-19.6700212890548,-27.0010205884391));
#5243=CARTESIAN_POINT('Ctrl Pts',(-19.6706606341154,-23.1718744404888,-26.9999931095916));
#5244=CARTESIAN_POINT('Ctrl Pts',(-20.4572541934789,-23.1734672037097,-26.9999934323507));
#5245=CARTESIAN_POINT('Ctrl Pts',(-21.7625316154847,-22.7156749428941,-26.9999935742043));
#5246=CARTESIAN_POINT('Ctrl Pts',(-22.9342926473338,-21.2423061986765,-26.9999935152562));
#5247=CARTESIAN_POINT('Ctrl Pts',(-23.1729152530442,-20.1958010442086,-26.9999933251936));
#5248=CARTESIAN_POINT('Ctrl Pts',(-23.171874585631,-19.6706606537119,-26.9999931095908));
#5249=CARTESIAN_POINT('',(-19.677390310311,-23.1763455245452,-27.));
#5250=CARTESIAN_POINT('Origin',(-19.677390310311,-23.1763455245452,-25.5));
#5251=CARTESIAN_POINT('',(-23.1763455245452,-19.6773903103111,-27.));
#5252=CARTESIAN_POINT('Origin',(-23.1763455245452,-19.6773903103111,-25.5));
#5253=CARTESIAN_POINT('Origin',(-19.675300426807,-19.675300426807,-27.));
#5254=CARTESIAN_POINT('Origin',(23.3505820949267,-25.3,0.0476427473976736));
#5255=CARTESIAN_POINT('',(22.7491300999557,0.,-24.5622160890763));
#5256=CARTESIAN_POINT('',(23.3494177312601,0.,0.));
#5257=CARTESIAN_POINT('',(23.1781114109404,0.,-7.0094112183752));
#5258=CARTESIAN_POINT('',(22.7491300999557,-15.7927538354819,-24.5622160890763));
#5259=CARTESIAN_POINT('',(22.7491300999557,-12.65,-24.5622160890763));
#5260=CARTESIAN_POINT('',(23.3494177312601,-16.35014849337,0.));
#5261=CARTESIAN_POINT('',(23.3525731211372,-16.3530784179083,0.129110386361304));
#5262=CARTESIAN_POINT('',(23.3494177312601,-12.65,0.));
#5263=CARTESIAN_POINT('Origin',(0.,0.,-25.05));
#5264=CARTESIAN_POINT('',(3.77309554436122,-0.873377949189589,-25.05));
#5265=CARTESIAN_POINT('',(3.77309554436122,-1.45846709891296,-25.05));
#5266=CARTESIAN_POINT('',(3.77309554436122,-0.729233549456481,-25.05));
#5267=CARTESIAN_POINT('',(4.07455421984196,-1.45846709891296,-25.05));
#5268=CARTESIAN_POINT('',(2.03727710992098,-1.45846709891296,-25.05));
#5269=CARTESIAN_POINT('',(4.380875132024,-1.39201653066183,-25.05));
#5270=CARTESIAN_POINT('Ctrl Pts',(4.07455421984196,-1.45846709891296,-25.05));
#5271=CARTESIAN_POINT('Ctrl Pts',(4.19935162850871,-1.45846709891296,-25.05));
#5272=CARTESIAN_POINT('Ctrl Pts',(4.31766605490707,-1.43253516983935,-25.05));
#5273=CARTESIAN_POINT('Ctrl Pts',(4.380875132024,-1.39201653066183,-25.05));
#5274=CARTESIAN_POINT('',(4.49270657615395,-1.13431798549281,-25.05));
#5275=CARTESIAN_POINT('Ctrl Pts',(4.380875132024,-1.39201653066183,-25.05));
#5276=CARTESIAN_POINT('Ctrl Pts',(4.44246346357383,-1.35311863705141,-25.05));
#5277=CARTESIAN_POINT('Ctrl Pts',(4.49270657615395,-1.22832122838465,-25.05));
#5278=CARTESIAN_POINT('Ctrl Pts',(4.49270657615395,-1.13431798549281,-25.05));
#5279=CARTESIAN_POINT('',(4.3905996054266,-0.925241807336814,-25.05));
#5280=CARTESIAN_POINT('Ctrl Pts',(4.49270657615395,-1.13431798549281,-25.05));
#5281=CARTESIAN_POINT('Ctrl Pts',(4.49270657615395,-1.06300518054038,-25.05));
#5282=CARTESIAN_POINT('Ctrl Pts',(4.44408420914092,-0.956035973111726,-25.05));
#5283=CARTESIAN_POINT('Ctrl Pts',(4.3905996054266,-0.925241807336814,-25.05));
#5284=CARTESIAN_POINT('',(4.02755259839603,-0.873377949189589,-25.05));
#5285=CARTESIAN_POINT('Ctrl Pts',(4.3905996054266,-0.925241807336814,-25.05));
#5286=CARTESIAN_POINT('Ctrl Pts',(4.32576978274257,-0.889585404860598,-25.05));
#5287=CARTESIAN_POINT('Ctrl Pts',(4.1685574627338,-0.873377949189589,-25.05));
#5288=CARTESIAN_POINT('Ctrl Pts',(4.02755259839603,-0.873377949189589,-25.05));
#5289=CARTESIAN_POINT('',(1.88654777218061,-0.873377949189589,-25.05));
#5290=CARTESIAN_POINT('Origin',(-25.3,-25.3,0.));
#5291=CARTESIAN_POINT('',(25.3,-25.3,0.));
#5292=CARTESIAN_POINT('',(-12.65,-24.675897759217,-25.536648267229));
#5293=CARTESIAN_POINT('Origin',(-12.65,-23.1763455245452,-25.5));
#5294=CARTESIAN_POINT('',(-12.65,-23.1763455245452,-27.));
#5295=CARTESIAN_POINT('Origin',(25.3,-25.3,0.));
#5296=CARTESIAN_POINT('',(25.3,0.,0.));
#5297=CARTESIAN_POINT('',(24.675897759217,0.,-25.536648267229));
#5298=CARTESIAN_POINT('',(25.1275293160137,0.,-7.05705396577287));
#5299=CARTESIAN_POINT('',(25.3,25.3,0.));
#5300=CARTESIAN_POINT('',(24.675897759217,-12.65,-25.536648267229));
#5301=CARTESIAN_POINT('Origin',(-20.25,-20.25,-10.));
#5302=CARTESIAN_POINT('',(-21.571,-20.25,-10.));
#5303=CARTESIAN_POINT('Origin',(-20.25,-20.25,-10.));
#5304=CARTESIAN_POINT('Origin',(-20.25,-20.25,-5.));
#5305=CARTESIAN_POINT('',(-21.571,-20.25,-2.4));
#5306=CARTESIAN_POINT('',(-21.571,-20.25,-5.));
#5307=CARTESIAN_POINT('Origin',(-20.25,-20.25,-2.4));
#5308=CARTESIAN_POINT('Origin',(-20.25,-20.25,-1.2));
#5309=CARTESIAN_POINT('',(-22.2,-20.25,-2.4));
#5310=CARTESIAN_POINT('Origin',(-20.25,-20.25,-2.4));
#5311=CARTESIAN_POINT('',(-22.2,-20.25,0.));
#5312=CARTESIAN_POINT('',(-22.2,-20.25,-1.2));
#5313=CARTESIAN_POINT('Origin',(-20.25,-20.25,0.));
#5314=CARTESIAN_POINT('Origin',(-20.25,-20.25,-2.4));
#5315=CARTESIAN_POINT('Origin',(20.25,-20.25,-10.));
#5316=CARTESIAN_POINT('',(18.929,-20.25,-10.));
#5317=CARTESIAN_POINT('Origin',(20.25,-20.25,-10.));
#5318=CARTESIAN_POINT('Origin',(20.25,-20.25,-5.));
#5319=CARTESIAN_POINT('',(18.929,-20.25,-2.4));
#5320=CARTESIAN_POINT('',(18.929,-20.25,-5.));
#5321=CARTESIAN_POINT('Origin',(20.25,-20.25,-2.4));
#5322=CARTESIAN_POINT('Origin',(20.25,-20.25,-1.2));
#5323=CARTESIAN_POINT('',(18.3,-20.25,-2.4));
#5324=CARTESIAN_POINT('Origin',(20.25,-20.25,-2.4));
#5325=CARTESIAN_POINT('',(18.3,-20.25,0.));
#5326=CARTESIAN_POINT('',(18.3,-20.25,-1.2));
#5327=CARTESIAN_POINT('Origin',(20.25,-20.25,0.));
#5328=CARTESIAN_POINT('Origin',(20.25,-20.25,-2.4));
#5329=CARTESIAN_POINT('Origin',(0.,0.,-25.05));
#5330=CARTESIAN_POINT('',(3.77309554436122,-1.68050924160576,-25.05));
#5331=CARTESIAN_POINT('',(3.77309554436122,-2.4195692202037,-25.05));
#5332=CARTESIAN_POINT('',(3.77309554436122,-1.20978461010185,-25.05));
#5333=CARTESIAN_POINT('',(3.98865470478561,-2.4195692202037,-25.05));
#5334=CARTESIAN_POINT('',(1.99432735239281,-2.4195692202037,-25.05));
#5335=CARTESIAN_POINT('',(4.44246346357383,-2.33529045071446,-25.05));
#5336=CARTESIAN_POINT('Ctrl Pts',(3.98865470478561,-2.4195692202037,-25.05));
#5337=CARTESIAN_POINT('Ctrl Pts',(4.1636952260325,-2.4195692202037,-25.05));
#5338=CARTESIAN_POINT('Ctrl Pts',(4.36466767635299,-2.38715430886169,-25.05));
#5339=CARTESIAN_POINT('Ctrl Pts',(4.44246346357383,-2.33529045071446,-25.05));
#5340=CARTESIAN_POINT('',(4.58670981904579,-2.04355624863633,-25.05));
#5341=CARTESIAN_POINT('Ctrl Pts',(4.44246346357383,-2.33529045071446,-25.05));
#5342=CARTESIAN_POINT('Ctrl Pts',(4.51701775966046,-2.28180584700014,-25.05));
#5343=CARTESIAN_POINT('Ctrl Pts',(4.58670981904579,-2.14890471049788,-25.05));
#5344=CARTESIAN_POINT('Ctrl Pts',(4.58670981904579,-2.04355624863633,-25.05));
#5345=CARTESIAN_POINT('',(4.42463526233572,-1.73237309975299,-25.05));
#5346=CARTESIAN_POINT('Ctrl Pts',(4.58670981904579,-2.04355624863633,-25.05));
#5347=CARTESIAN_POINT('Ctrl Pts',(4.58670981904579,-1.93010405893927,-25.05));
#5348=CARTESIAN_POINT('Ctrl Pts',(4.52187999636176,-1.78423695790021,-25.05));
#5349=CARTESIAN_POINT('Ctrl Pts',(4.42463526233572,-1.73237309975299,-25.05));
#5350=CARTESIAN_POINT('',(4.07455421984196,-1.68050924160576,-25.05));
#5351=CARTESIAN_POINT('Ctrl Pts',(4.42463526233572,-1.73237309975299,-25.05));
#5352=CARTESIAN_POINT('Ctrl Pts',(4.36142618521879,-1.69995818841097,-25.05));
#5353=CARTESIAN_POINT('Ctrl Pts',(4.21231759304552,-1.68050924160576,-25.05));
#5354=CARTESIAN_POINT('Ctrl Pts',(4.07455421984196,-1.68050924160576,-25.05));
#5355=CARTESIAN_POINT('',(1.88654777218061,-1.68050924160576,-25.05));
#5356=CARTESIAN_POINT('Origin',(0.,0.,-25.05));
#5357=CARTESIAN_POINT('',(-1.56077811696734,-1.28504732323318,-25.05));
#5358=CARTESIAN_POINT('',(-1.42463548933088,-1.63350762015984,-25.05));
#5359=CARTESIAN_POINT('Ctrl Pts',(-1.56077811696735,-1.28504732323318,-25.05));
#5360=CARTESIAN_POINT('Ctrl Pts',(-1.56077811696735,-1.41146547746704,-25.05));
#5361=CARTESIAN_POINT('Ctrl Pts',(-1.49594829428332,-1.57516077974421,-25.05));
#5362=CARTESIAN_POINT('Ctrl Pts',(-1.42463548933088,-1.63350762015984,-25.05));
#5363=CARTESIAN_POINT('',(-1.17017843529607,-1.70319967954517,-25.05));
#5364=CARTESIAN_POINT('Ctrl Pts',(-1.42463548933088,-1.63350762015984,-25.05));
#5365=CARTESIAN_POINT('Ctrl Pts',(-1.37277163118366,-1.67564700490446,-25.05));
#5366=CARTESIAN_POINT('Ctrl Pts',(-1.2447327313827,-1.70319967954517,-25.05));
#5367=CARTESIAN_POINT('Ctrl Pts',(-1.17017843529607,-1.70319967954517,-25.05));
#5368=CARTESIAN_POINT('',(-0.811993664966801,-1.59298898098232,-25.05));
#5369=CARTESIAN_POINT('Ctrl Pts',(-1.17017843529607,-1.70319967954517,-25.05));
#5370=CARTESIAN_POINT('Ctrl Pts',(-1.08427892023973,-1.70319967954517,-25.05));
#5371=CARTESIAN_POINT('Ctrl Pts',(-0.886547961053434,-1.64323209356244,
-25.05));
#5372=CARTESIAN_POINT('Ctrl Pts',(-0.811993664966801,-1.59298898098232,
-25.05));
#5373=CARTESIAN_POINT('',(-0.807131428265497,-1.46657082674846,-25.05));
#5374=CARTESIAN_POINT('Ctrl Pts',(-0.811993664966801,-1.59298898098232,
-25.05));
#5375=CARTESIAN_POINT('Ctrl Pts',(-0.8103729193997,-1.57354003417711,-25.05));
#5376=CARTESIAN_POINT('Ctrl Pts',(-0.807131428265497,-1.50708946592598,
-25.05));
#5377=CARTESIAN_POINT('Ctrl Pts',(-0.807131428265497,-1.46657082674846,
-25.05));
#5378=CARTESIAN_POINT('',(-0.948136292603263,-0.93820777187362,-25.05));
#5379=CARTESIAN_POINT('Ctrl Pts',(-0.807131428265497,-1.46657082674846,
-25.05));
#5380=CARTESIAN_POINT('Ctrl Pts',(-0.807131428265497,-1.26397763086087,
-25.05));
#5381=CARTESIAN_POINT('Ctrl Pts',(-0.881685724352133,-1.00789983125895,
-25.05));
#5382=CARTESIAN_POINT('Ctrl Pts',(-0.948136292603263,-0.93820777187362,
-25.05));
#5383=CARTESIAN_POINT('',(-1.19935185550388,-0.824755582176566,-25.05));
#5384=CARTESIAN_POINT('Ctrl Pts',(-0.948136292603263,-0.93820777187362,
-25.05));
#5385=CARTESIAN_POINT('Ctrl Pts',(-1.00648313301889,-0.873377949189589,
-25.05));
#5386=CARTESIAN_POINT('Ctrl Pts',(-1.12803905055145,-0.824755582176566,
-25.05));
#5387=CARTESIAN_POINT('Ctrl Pts',(-1.19935185550388,-0.824755582176566,
-25.05));
#5388=CARTESIAN_POINT('Ctrl Pts',(-1.19935185550388,-0.824755582176566,
-25.05));
#5389=CARTESIAN_POINT('Ctrl Pts',(-1.36466790334816,-0.824755582176566,
-25.05));
#5390=CARTESIAN_POINT('Ctrl Pts',(-1.56077811696735,-1.06138443497328,-25.05));
#5391=CARTESIAN_POINT('Ctrl Pts',(-1.56077811696735,-1.28504732323318,-25.05));
#5392=CARTESIAN_POINT('Origin',(0.,0.,-25.05));
#5393=CARTESIAN_POINT('',(0.0307940299255893,-1.03869399703386,-25.05));
#5394=CARTESIAN_POINT('',(-0.0388980294597441,-1.64809433026375,-25.05));
#5395=CARTESIAN_POINT('Ctrl Pts',(0.0307940299255893,-1.03869399703386,
-25.05));
#5396=CARTESIAN_POINT('Ctrl Pts',(-0.00972460925193097,-1.14080096776121,
-25.05));
#5397=CARTESIAN_POINT('Ctrl Pts',(-0.0388980294597441,-1.45198411664456,
-25.05));
#5398=CARTESIAN_POINT('Ctrl Pts',(-0.0388980294597441,-1.64809433026375,
-25.05));
#5399=CARTESIAN_POINT('',(0.029173284358488,-2.25101168122523,-25.05));
#5400=CARTESIAN_POINT('Ctrl Pts',(-0.0388980294597441,-1.64809433026375,
-25.05));
#5401=CARTESIAN_POINT('Ctrl Pts',(-0.0388980294597441,-1.85879125398684,
-25.05));
#5402=CARTESIAN_POINT('Ctrl Pts',(-0.0129661003861314,-2.14080098266237,
-25.05));
#5403=CARTESIAN_POINT('Ctrl Pts',(0.029173284358488,-2.25101168122523,-25.05));
#5404=CARTESIAN_POINT('',(0.329011214272126,-2.46657084164962,-25.05));
#5405=CARTESIAN_POINT('Ctrl Pts',(0.029173284358488,-2.25101168122523,-25.05));
#5406=CARTESIAN_POINT('Ctrl Pts',(0.0680711779689047,-2.35473939751967,
-25.05));
#5407=CARTESIAN_POINT('Ctrl Pts',(0.212317533440873,-2.46657084164962,-25.05));
#5408=CARTESIAN_POINT('Ctrl Pts',(0.329011214272126,-2.46657084164962,-25.05));
#5409=CARTESIAN_POINT('',(0.623986907484462,-2.25587391792653,-25.05));
#5410=CARTESIAN_POINT('Ctrl Pts',(0.329011214272126,-2.46657084164962,-25.05));
#5411=CARTESIAN_POINT('Ctrl Pts',(0.439221912834977,-2.46657084164962,-25.05));
#5412=CARTESIAN_POINT('Ctrl Pts',(0.583468268306944,-2.36122237978808,-25.05));
#5413=CARTESIAN_POINT('Ctrl Pts',(0.623986907484462,-2.25587391792653,-25.05));
#5414=CARTESIAN_POINT('',(0.695299712436894,-1.64647358469665,-25.05));
#5415=CARTESIAN_POINT('Ctrl Pts',(0.623986907484462,-2.25587391792653,-25.05));
#5416=CARTESIAN_POINT('Ctrl Pts',(0.662884801094881,-2.15700843833338,-25.05));
#5417=CARTESIAN_POINT('Ctrl Pts',(0.695299712436894,-1.85230827171844,-25.05));
#5418=CARTESIAN_POINT('Ctrl Pts',(0.695299712436894,-1.64647358469665,-25.05));
#5419=CARTESIAN_POINT('',(0.62236616191736,-1.03545250589967,-25.05));
#5420=CARTESIAN_POINT('Ctrl Pts',(0.695299712436894,-1.64647358469665,-25.05));
#5421=CARTESIAN_POINT('Ctrl Pts',(0.695299712436894,-1.44063889767485,-25.05));
#5422=CARTESIAN_POINT('Ctrl Pts',(0.662884801094881,-1.13755947662701,-25.05));
#5423=CARTESIAN_POINT('Ctrl Pts',(0.62236616191736,-1.03545250589967,-25.05));
#5424=CARTESIAN_POINT('',(0.329011214272126,-0.827997073310769,-25.05));
#5425=CARTESIAN_POINT('Ctrl Pts',(0.62236616191736,-1.03545250589967,-25.05));
#5426=CARTESIAN_POINT('Ctrl Pts',(0.581847522739842,-0.933345535172316,
-25.05));
#5427=CARTESIAN_POINT('Ctrl Pts',(0.440842658402079,-0.827997073310769,
-25.05));
#5428=CARTESIAN_POINT('Ctrl Pts',(0.329011214272126,-0.827997073310769,
-25.05));
#5429=CARTESIAN_POINT('Ctrl Pts',(0.329011214272126,-0.827997073310769,
-25.05));
#5430=CARTESIAN_POINT('Ctrl Pts',(0.217179770142175,-0.827997073310769,
-25.05));
#5431=CARTESIAN_POINT('Ctrl Pts',(0.0729334146702088,-0.933345535172316,
-25.05));
#5432=CARTESIAN_POINT('Ctrl Pts',(0.0307940299255893,-1.03869399703386,
-25.05));
#5433=CARTESIAN_POINT('Origin',(2.40518628572818,-2.4098447468011,-101.538529938886));
#5434=CARTESIAN_POINT('',(3.29821709320069,-2.4098447468011,-24.85));
#5435=CARTESIAN_POINT('',(2.40518628572818,-2.4098447468011,-24.85));
#5436=CARTESIAN_POINT('',(1.20259314286409,-2.4098447468011,-24.85));
#5437=CARTESIAN_POINT('',(3.29821709320069,-2.4098447468011,-25.05));
#5438=CARTESIAN_POINT('',(3.29821709320069,-2.4098447468011,-101.538529938886));
#5439=CARTESIAN_POINT('',(2.40518628572818,-2.4098447468011,-25.05));
#5440=CARTESIAN_POINT('',(1.20259314286409,-2.4098447468011,-25.05));
#5441=CARTESIAN_POINT('',(2.40518628572818,-2.4098447468011,-101.538529938886));
#5442=CARTESIAN_POINT('Origin',(2.40518628572818,-0.646473569795485,-101.538529938886));
#5443=CARTESIAN_POINT('',(2.40518628572818,-0.646473569795485,-24.85));
#5444=CARTESIAN_POINT('',(2.40518628572818,-0.323236784897742,-24.85));
#5445=CARTESIAN_POINT('',(2.40518628572818,-0.646473569795485,-25.05));
#5446=CARTESIAN_POINT('',(2.40518628572818,-0.323236784897742,-25.05));
#5447=CARTESIAN_POINT('',(2.40518628572818,-0.646473569795485,-101.538529938886));
#5448=CARTESIAN_POINT('Origin',(2.13938401272366,-0.646473569795485,-101.538529938886));
#5449=CARTESIAN_POINT('',(2.13938401272366,-0.646473569795485,-24.85));
#5450=CARTESIAN_POINT('',(1.06969200636183,-0.646473569795485,-24.85));
#5451=CARTESIAN_POINT('',(2.13938401272366,-0.646473569795485,-25.05));
#5452=CARTESIAN_POINT('',(1.06969200636183,-0.646473569795485,-25.05));
#5453=CARTESIAN_POINT('',(2.13938401272366,-0.646473569795485,-101.538529938886));
#5454=CARTESIAN_POINT('Origin',(2.13938401272366,-2.64647359959781,-101.538529938886));
#5455=CARTESIAN_POINT('',(2.13938401272366,-2.64647359959781,-24.85));
#5456=CARTESIAN_POINT('',(2.13938401272366,-1.3232367997989,-24.85));
#5457=CARTESIAN_POINT('',(2.13938401272366,-2.64647359959781,-25.05));
#5458=CARTESIAN_POINT('',(2.13938401272366,-1.3232367997989,-25.05));
#5459=CARTESIAN_POINT('',(2.13938401272366,-2.64647359959781,-101.538529938886));
#5460=CARTESIAN_POINT('Origin',(3.29821709320069,-2.64647359959781,-101.538529938886));
#5461=CARTESIAN_POINT('',(3.29821709320069,-2.64647359959781,-24.85));
#5462=CARTESIAN_POINT('',(1.64910854660035,-2.64647359959781,-24.85));
#5463=CARTESIAN_POINT('',(3.29821709320069,-2.64647359959781,-25.05));
#5464=CARTESIAN_POINT('',(1.64910854660035,-2.64647359959781,-25.05));
#5465=CARTESIAN_POINT('',(3.29821709320069,-2.64647359959781,-101.538529938886));
#5466=CARTESIAN_POINT('Origin',(3.29821709320069,-2.4098447468011,-101.538529938886));
#5467=CARTESIAN_POINT('',(3.29821709320069,-1.20492237340055,-24.85));
#5468=CARTESIAN_POINT('',(3.29821709320069,-1.20492237340055,-25.05));
#5469=CARTESIAN_POINT('Origin',(0.,0.,-24.85));
#5470=CARTESIAN_POINT('Ctrl Pts',(0.96758496770982,-1.64647358469665,-101.538529938886));
#5471=CARTESIAN_POINT('Ctrl Pts',(0.96758496770982,-1.64647358469665,118.748436285105));
#5472=CARTESIAN_POINT('Ctrl Pts',(0.96758496770982,-1.1245935120902,-101.538529938886));
#5473=CARTESIAN_POINT('Ctrl Pts',(0.96758496770982,-1.1245935120902,118.748436285105));
#5474=CARTESIAN_POINT('Ctrl Pts',(0.658022564393579,-0.605954930617965,
-101.538529938886));
#5475=CARTESIAN_POINT('Ctrl Pts',(0.658022564393579,-0.605954930617965,
118.748436285105));
#5476=CARTESIAN_POINT('Ctrl Pts',(0.329011214272126,-0.605954930617965,
-101.538529938886));
#5477=CARTESIAN_POINT('Ctrl Pts',(0.329011214272126,-0.605954930617965,
118.748436285105));
#5478=CARTESIAN_POINT('',(0.96758496770982,-1.64647358469665,-24.85));
#5479=CARTESIAN_POINT('',(0.329011214272126,-0.605954930617965,-24.85));
#5480=CARTESIAN_POINT('Ctrl Pts',(0.96758496770982,-1.64647358469665,-24.85));
#5481=CARTESIAN_POINT('Ctrl Pts',(0.96758496770982,-1.29855353629235,-24.85));
#5482=CARTESIAN_POINT('Ctrl Pts',(0.91599123382378,-1.0381537485115,-24.85));
#5483=CARTESIAN_POINT('Ctrl Pts',(0.709616298279619,-0.692394694196671,
-24.85));
#5484=CARTESIAN_POINT('Ctrl Pts',(0.548352114353095,-0.605954930617965,
-24.85));
#5485=CARTESIAN_POINT('Ctrl Pts',(0.329011214272126,-0.605954930617965,
-24.85));
#5486=CARTESIAN_POINT('',(0.96758496770982,-1.64647358469665,-25.05));
#5487=CARTESIAN_POINT('',(0.96758496770982,-1.64647358469665,-101.538529938886));
#5488=CARTESIAN_POINT('',(0.329011214272126,-0.605954930617965,-25.05));
#5489=CARTESIAN_POINT('Ctrl Pts',(0.329011214272126,-0.605954930617965,
-25.05));
#5490=CARTESIAN_POINT('Ctrl Pts',(0.658022564393579,-0.605954930617965,
-25.05));
#5491=CARTESIAN_POINT('Ctrl Pts',(0.96758496770982,-1.1245935120902,-25.05));
#5492=CARTESIAN_POINT('Ctrl Pts',(0.96758496770982,-1.64647358469665,-25.05));
#5493=CARTESIAN_POINT('',(0.329011214272126,-0.605954930617965,-101.538529938886));
#5494=CARTESIAN_POINT('Ctrl Pts',(0.329011214272126,-0.605954930617965,
-101.538529938886));
#5495=CARTESIAN_POINT('Ctrl Pts',(0.329011214272126,-0.605954930617965,
118.748436285105));
#5496=CARTESIAN_POINT('Ctrl Pts',(0.001620609717774,-0.605954930617965,
-101.538529938886));
#5497=CARTESIAN_POINT('Ctrl Pts',(0.001620609717774,-0.605954930617965,
118.748436285105));
#5498=CARTESIAN_POINT('Ctrl Pts',(-0.31118328473267,-1.1067653108521,-101.538529938886));
#5499=CARTESIAN_POINT('Ctrl Pts',(-0.31118328473267,-1.1067653108521,118.748436285105));
#5500=CARTESIAN_POINT('Ctrl Pts',(-0.31118328473267,-1.64809433026375,-101.538529938886));
#5501=CARTESIAN_POINT('Ctrl Pts',(-0.31118328473267,-1.64809433026375,118.748436285105));
#5502=CARTESIAN_POINT('',(-0.31118328473267,-1.64809433026375,-24.85));
#5503=CARTESIAN_POINT('Ctrl Pts',(0.329011214272126,-0.605954930617965,
-24.85));
#5504=CARTESIAN_POINT('Ctrl Pts',(0.110750811235891,-0.605954930617965,
-24.85));
#5505=CARTESIAN_POINT('Ctrl Pts',(-0.0505133726906334,-0.689423327323653,
-24.85));
#5506=CARTESIAN_POINT('Ctrl Pts',(-0.259049302324263,-1.02329691414641,
-24.85));
#5507=CARTESIAN_POINT('Ctrl Pts',(-0.31118328473267,-1.28720831732265,-24.85));
#5508=CARTESIAN_POINT('Ctrl Pts',(-0.31118328473267,-1.64809433026375,-24.85));
#5509=CARTESIAN_POINT('',(-0.31118328473267,-1.64809433026375,-25.05));
#5510=CARTESIAN_POINT('Ctrl Pts',(-0.31118328473267,-1.64809433026375,-25.05));
#5511=CARTESIAN_POINT('Ctrl Pts',(-0.31118328473267,-1.1067653108521,-25.05));
#5512=CARTESIAN_POINT('Ctrl Pts',(0.001620609717774,-0.605954930617965,
-25.05));
#5513=CARTESIAN_POINT('Ctrl Pts',(0.329011214272126,-0.605954930617965,
-25.05));
#5514=CARTESIAN_POINT('',(-0.31118328473267,-1.64809433026375,-101.538529938886));
#5515=CARTESIAN_POINT('Ctrl Pts',(0.623986907484462,-2.25587391792653,-101.538529938886));
#5516=CARTESIAN_POINT('Ctrl Pts',(0.623986907484462,-2.25587391792653,118.748436285105));
#5517=CARTESIAN_POINT('Ctrl Pts',(0.662884801094881,-2.15700843833338,-101.538529938886));
#5518=CARTESIAN_POINT('Ctrl Pts',(0.662884801094881,-2.15700843833338,118.748436285105));
#5519=CARTESIAN_POINT('Ctrl Pts',(0.695299712436894,-1.85230827171844,-101.538529938886));
#5520=CARTESIAN_POINT('Ctrl Pts',(0.695299712436894,-1.85230827171844,118.748436285105));
#5521=CARTESIAN_POINT('Ctrl Pts',(0.695299712436894,-1.64647358469665,-101.538529938886));
#5522=CARTESIAN_POINT('Ctrl Pts',(0.695299712436894,-1.64647358469665,118.748436285105));
#5523=CARTESIAN_POINT('',(0.695299712436894,-1.64647358469665,-24.85));
#5524=CARTESIAN_POINT('',(0.623986907484462,-2.25587391792653,-24.85));
#5525=CARTESIAN_POINT('Ctrl Pts',(0.695299712436894,-1.64647358469665,-24.85));
#5526=CARTESIAN_POINT('Ctrl Pts',(0.695299712436894,-1.78369670937784,-24.85));
#5527=CARTESIAN_POINT('Ctrl Pts',(0.689897227213225,-1.90309163282093,-24.85));
#5528=CARTESIAN_POINT('Ctrl Pts',(0.66828728631855,-2.10622507723089,-24.85));
#5529=CARTESIAN_POINT('Ctrl Pts',(0.649918836558074,-2.18996359819776,-24.85));
#5530=CARTESIAN_POINT('Ctrl Pts',(0.623986907484462,-2.25587391792653,-24.85));
#5531=CARTESIAN_POINT('',(0.695299712436894,-1.64647358469665,-101.538529938886));
#5532=CARTESIAN_POINT('',(0.623986907484462,-2.25587391792653,-101.538529938886));
#5533=CARTESIAN_POINT('Ctrl Pts',(0.695299712436894,-1.64647358469665,-101.538529938886));
#5534=CARTESIAN_POINT('Ctrl Pts',(0.695299712436894,-1.64647358469665,118.748436285105));
#5535=CARTESIAN_POINT('Ctrl Pts',(0.695299712436894,-1.44063889767485,-101.538529938886));
#5536=CARTESIAN_POINT('Ctrl Pts',(0.695299712436894,-1.44063889767485,118.748436285105));
#5537=CARTESIAN_POINT('Ctrl Pts',(0.662884801094881,-1.13755947662701,-101.538529938886));
#5538=CARTESIAN_POINT('Ctrl Pts',(0.662884801094881,-1.13755947662701,118.748436285105));
#5539=CARTESIAN_POINT('Ctrl Pts',(0.62236616191736,-1.03545250589967,-101.538529938886));
#5540=CARTESIAN_POINT('Ctrl Pts',(0.62236616191736,-1.03545250589967,118.748436285105));
#5541=CARTESIAN_POINT('',(0.62236616191736,-1.03545250589967,-24.85));
#5542=CARTESIAN_POINT('Ctrl Pts',(0.62236616191736,-1.03545250589967,-24.85));
#5543=CARTESIAN_POINT('Ctrl Pts',(0.649378588035707,-1.1035238197179,-24.85));
#5544=CARTESIAN_POINT('Ctrl Pts',(0.66828728631855,-1.18807271346832,-24.85));
#5545=CARTESIAN_POINT('Ctrl Pts',(0.689897227213225,-1.39012566083354,-24.85));
#5546=CARTESIAN_POINT('Ctrl Pts',(0.695299712436894,-1.50925046001545,-24.85));
#5547=CARTESIAN_POINT('Ctrl Pts',(0.695299712436894,-1.64647358469665,-24.85));
#5548=CARTESIAN_POINT('',(0.62236616191736,-1.03545250589967,-101.538529938886));
#5549=CARTESIAN_POINT('Ctrl Pts',(0.62236616191736,-1.03545250589967,-101.538529938886));
#5550=CARTESIAN_POINT('Ctrl Pts',(0.62236616191736,-1.03545250589967,118.748436285105));
#5551=CARTESIAN_POINT('Ctrl Pts',(0.581847522739842,-0.933345535172316,
-101.538529938886));
#5552=CARTESIAN_POINT('Ctrl Pts',(0.581847522739842,-0.933345535172316,
118.748436285105));
#5553=CARTESIAN_POINT('Ctrl Pts',(0.440842658402079,-0.827997073310769,
-101.538529938886));
#5554=CARTESIAN_POINT('Ctrl Pts',(0.440842658402079,-0.827997073310769,
118.748436285105));
#5555=CARTESIAN_POINT('Ctrl Pts',(0.329011214272126,-0.827997073310769,
-101.538529938886));
#5556=CARTESIAN_POINT('Ctrl Pts',(0.329011214272126,-0.827997073310769,
118.748436285105));
#5557=CARTESIAN_POINT('',(0.329011214272126,-0.827997073310769,-24.85));
#5558=CARTESIAN_POINT('Ctrl Pts',(0.329011214272126,-0.827997073310769,
-24.85));
#5559=CARTESIAN_POINT('Ctrl Pts',(0.403565510358761,-0.827997073310769,
-24.85));
#5560=CARTESIAN_POINT('Ctrl Pts',(0.464343469125039,-0.845555150287693,
-24.85));
#5561=CARTESIAN_POINT('Ctrl Pts',(0.558346712016882,-0.915787458195392,
-24.85));
#5562=CARTESIAN_POINT('Ctrl Pts',(0.595353735799015,-0.967381192081433,
-24.85));
#5563=CARTESIAN_POINT('Ctrl Pts',(0.62236616191736,-1.03545250589967,-24.85));
#5564=CARTESIAN_POINT('',(0.329011214272126,-0.827997073310769,-101.538529938886));
#5565=CARTESIAN_POINT('Ctrl Pts',(0.329011214272126,-0.827997073310769,
-101.538529938886));
#5566=CARTESIAN_POINT('Ctrl Pts',(0.329011214272126,-0.827997073310769,
118.748436285105));
#5567=CARTESIAN_POINT('Ctrl Pts',(0.217179770142175,-0.827997073310769,
-101.538529938886));
#5568=CARTESIAN_POINT('Ctrl Pts',(0.217179770142175,-0.827997073310769,
118.748436285105));
#5569=CARTESIAN_POINT('Ctrl Pts',(0.0729334146702088,-0.933345535172316,
-101.538529938886));
#5570=CARTESIAN_POINT('Ctrl Pts',(0.0729334146702088,-0.933345535172316,
118.748436285105));
#5571=CARTESIAN_POINT('Ctrl Pts',(0.0307940299255893,-1.03869399703386,
-101.538529938886));
#5572=CARTESIAN_POINT('Ctrl Pts',(0.0307940299255893,-1.03869399703386,
118.748436285105));
#5573=CARTESIAN_POINT('',(0.0307940299255893,-1.03869399703386,-24.85));
#5574=CARTESIAN_POINT('Ctrl Pts',(0.0307940299255893,-1.03869399703386,
-24.85));
#5575=CARTESIAN_POINT('Ctrl Pts',(0.0588869530886689,-0.968461689126165,
-24.85));
#5576=CARTESIAN_POINT('Ctrl Pts',(0.0969744739155365,-0.915787458195392,
-24.85));
#5577=CARTESIAN_POINT('Ctrl Pts',(0.193138710896847,-0.845555150287693,
-24.85));
#5578=CARTESIAN_POINT('Ctrl Pts',(0.254456918185492,-0.827997073310769,
-24.85));
#5579=CARTESIAN_POINT('Ctrl Pts',(0.329011214272126,-0.827997073310769,
-24.85));
#5580=CARTESIAN_POINT('',(0.0307940299255893,-1.03869399703386,-101.538529938886));
#5581=CARTESIAN_POINT('Ctrl Pts',(-0.31118328473267,-1.64809433026375,-101.538529938886));
#5582=CARTESIAN_POINT('Ctrl Pts',(-0.31118328473267,-1.64809433026375,118.748436285105));
#5583=CARTESIAN_POINT('Ctrl Pts',(-0.31118328473267,-2.17483663957149,-101.538529938886));
#5584=CARTESIAN_POINT('Ctrl Pts',(-0.31118328473267,-2.17483663957149,118.748436285105));
#5585=CARTESIAN_POINT('Ctrl Pts',(-0.00162088141642647,-2.68861298434243,
-101.538529938886));
#5586=CARTESIAN_POINT('Ctrl Pts',(-0.00162088141642647,-2.68861298434243,
118.748436285105));
#5587=CARTESIAN_POINT('Ctrl Pts',(0.329011214272126,-2.68861298434243,-101.538529938886));
#5588=CARTESIAN_POINT('Ctrl Pts',(0.329011214272126,-2.68861298434243,118.748436285105));
#5589=CARTESIAN_POINT('',(0.329011214272126,-2.68861298434243,-24.85));
#5590=CARTESIAN_POINT('Ctrl Pts',(-0.31118328473267,-1.64809433026375,-24.85));
#5591=CARTESIAN_POINT('Ctrl Pts',(-0.31118328473267,-1.99925586980224,-24.85));
#5592=CARTESIAN_POINT('Ctrl Pts',(-0.259589550846629,-2.26046603036665,
-24.85));
#5593=CARTESIAN_POINT('Ctrl Pts',(-0.0532146153024671,-2.60298359354727,
-24.85));
#5594=CARTESIAN_POINT('Ctrl Pts',(0.108589817146424,-2.68861298434243,-24.85));
#5595=CARTESIAN_POINT('Ctrl Pts',(0.329011214272126,-2.68861298434243,-24.85));
#5596=CARTESIAN_POINT('',(0.329011214272126,-2.68861298434243,-25.05));
#5597=CARTESIAN_POINT('Ctrl Pts',(0.329011214272126,-2.68861298434243,-25.05));
#5598=CARTESIAN_POINT('Ctrl Pts',(-0.00162088141642647,-2.68861298434243,
-25.05));
#5599=CARTESIAN_POINT('Ctrl Pts',(-0.31118328473267,-2.17483663957149,-25.05));
#5600=CARTESIAN_POINT('Ctrl Pts',(-0.31118328473267,-1.64809433026375,-25.05));
#5601=CARTESIAN_POINT('',(0.329011214272126,-2.68861298434243,-101.538529938886));
#5602=CARTESIAN_POINT('Ctrl Pts',(0.329011214272126,-2.68861298434243,-101.538529938886));
#5603=CARTESIAN_POINT('Ctrl Pts',(0.329011214272126,-2.68861298434243,118.748436285105));
#5604=CARTESIAN_POINT('Ctrl Pts',(0.654781073259376,-2.68861298434243,-101.538529938886));
#5605=CARTESIAN_POINT('Ctrl Pts',(0.654781073259376,-2.68861298434243,118.748436285105));
#5606=CARTESIAN_POINT('Ctrl Pts',(0.96758496770982,-2.18456111297409,-101.538529938886));
#5607=CARTESIAN_POINT('Ctrl Pts',(0.96758496770982,-2.18456111297409,118.748436285105));
#5608=CARTESIAN_POINT('Ctrl Pts',(0.96758496770982,-1.64647358469665,-101.538529938886));
#5609=CARTESIAN_POINT('Ctrl Pts',(0.96758496770982,-1.64647358469665,118.748436285105));
#5610=CARTESIAN_POINT('Ctrl Pts',(0.329011214272126,-2.68861298434243,-24.85));
#5611=CARTESIAN_POINT('Ctrl Pts',(0.546191120263626,-2.68861298434243,-24.85));
#5612=CARTESIAN_POINT('Ctrl Pts',(0.706915055667784,-2.60460433911437,-24.85));
#5613=CARTESIAN_POINT('Ctrl Pts',(0.915450985301413,-2.26856975820215,-24.85));
#5614=CARTESIAN_POINT('Ctrl Pts',(0.96758496770982,-2.00519860354828,-24.85));
#5615=CARTESIAN_POINT('Ctrl Pts',(0.96758496770982,-1.64647358469665,-24.85));
#5616=CARTESIAN_POINT('Ctrl Pts',(0.96758496770982,-1.64647358469665,-25.05));
#5617=CARTESIAN_POINT('Ctrl Pts',(0.96758496770982,-2.18456111297409,-25.05));
#5618=CARTESIAN_POINT('Ctrl Pts',(0.654781073259376,-2.68861298434243,-25.05));
#5619=CARTESIAN_POINT('Ctrl Pts',(0.329011214272126,-2.68861298434243,-25.05));
#5620=CARTESIAN_POINT('Ctrl Pts',(0.329011214272126,-2.46657084164962,-101.538529938886));
#5621=CARTESIAN_POINT('Ctrl Pts',(0.329011214272126,-2.46657084164962,118.748436285105));
#5622=CARTESIAN_POINT('Ctrl Pts',(0.439221912834977,-2.46657084164962,-101.538529938886));
#5623=CARTESIAN_POINT('Ctrl Pts',(0.439221912834977,-2.46657084164962,118.748436285105));
#5624=CARTESIAN_POINT('Ctrl Pts',(0.583468268306944,-2.36122237978808,-101.538529938886));
#5625=CARTESIAN_POINT('Ctrl Pts',(0.583468268306944,-2.36122237978808,118.748436285105));
#5626=CARTESIAN_POINT('Ctrl Pts',(0.623986907484462,-2.25587391792653,-101.538529938886));
#5627=CARTESIAN_POINT('Ctrl Pts',(0.623986907484462,-2.25587391792653,118.748436285105));
#5628=CARTESIAN_POINT('',(0.329011214272126,-2.46657084164962,-24.85));
#5629=CARTESIAN_POINT('Ctrl Pts',(0.623986907484462,-2.25587391792653,-24.85));
#5630=CARTESIAN_POINT('Ctrl Pts',(0.596974481366116,-2.32610622583423,-24.85));
#5631=CARTESIAN_POINT('Ctrl Pts',(0.559427209061616,-2.378780456765,-24.85));
#5632=CARTESIAN_POINT('Ctrl Pts',(0.463262972080305,-2.4490127646727,-24.85));
#5633=CARTESIAN_POINT('Ctrl Pts',(0.402485013314027,-2.46657084164962,-24.85));
#5634=CARTESIAN_POINT('Ctrl Pts',(0.329011214272126,-2.46657084164962,-24.85));
#5635=CARTESIAN_POINT('',(0.329011214272126,-2.46657084164962,-101.538529938886));
#5636=CARTESIAN_POINT('Ctrl Pts',(0.029173284358488,-2.25101168122523,-101.538529938886));
#5637=CARTESIAN_POINT('Ctrl Pts',(0.029173284358488,-2.25101168122523,118.748436285105));
#5638=CARTESIAN_POINT('Ctrl Pts',(0.0680711779689047,-2.35473939751967,
-101.538529938886));
#5639=CARTESIAN_POINT('Ctrl Pts',(0.0680711779689047,-2.35473939751967,
118.748436285105));
#5640=CARTESIAN_POINT('Ctrl Pts',(0.212317533440873,-2.46657084164962,-101.538529938886));
#5641=CARTESIAN_POINT('Ctrl Pts',(0.212317533440873,-2.46657084164962,118.748436285105));
#5642=CARTESIAN_POINT('Ctrl Pts',(0.329011214272126,-2.46657084164962,-101.538529938886));
#5643=CARTESIAN_POINT('Ctrl Pts',(0.329011214272126,-2.46657084164962,118.748436285105));
#5644=CARTESIAN_POINT('',(0.029173284358488,-2.25101168122523,-24.85));
#5645=CARTESIAN_POINT('Ctrl Pts',(0.329011214272126,-2.46657084164962,-24.85));
#5646=CARTESIAN_POINT('Ctrl Pts',(0.251215427051291,-2.46657084164962,-24.85));
#5647=CARTESIAN_POINT('Ctrl Pts',(0.188276474195545,-2.44793226762797,-24.85));
#5648=CARTESIAN_POINT('Ctrl Pts',(0.0921122372142328,-2.37337797154133,
-24.85));
#5649=CARTESIAN_POINT('Ctrl Pts',(0.0551052134320991,-2.32016349208819,
-24.85));
#5650=CARTESIAN_POINT('Ctrl Pts',(0.029173284358488,-2.25101168122523,-24.85));
#5651=CARTESIAN_POINT('',(0.029173284358488,-2.25101168122523,-101.538529938886));
#5652=CARTESIAN_POINT('Ctrl Pts',(-0.0388980294597441,-1.64809433026375,
-101.538529938886));
#5653=CARTESIAN_POINT('Ctrl Pts',(-0.0388980294597441,-1.64809433026375,
118.748436285105));
#5654=CARTESIAN_POINT('Ctrl Pts',(-0.0388980294597441,-1.85879125398684,
-101.538529938886));
#5655=CARTESIAN_POINT('Ctrl Pts',(-0.0388980294597441,-1.85879125398684,
118.748436285105));
#5656=CARTESIAN_POINT('Ctrl Pts',(-0.0129661003861314,-2.14080098266237,
-101.538529938886));
#5657=CARTESIAN_POINT('Ctrl Pts',(-0.0129661003861314,-2.14080098266237,
118.748436285105));
#5658=CARTESIAN_POINT('Ctrl Pts',(0.029173284358488,-2.25101168122523,-101.538529938886));
#5659=CARTESIAN_POINT('Ctrl Pts',(0.029173284358488,-2.25101168122523,118.748436285105));
#5660=CARTESIAN_POINT('',(-0.0388980294597441,-1.64809433026375,-24.85));
#5661=CARTESIAN_POINT('Ctrl Pts',(0.029173284358488,-2.25101168122523,-24.85));
#5662=CARTESIAN_POINT('Ctrl Pts',(0.00108036119540837,-2.17753788218332,
-24.85));
#5663=CARTESIAN_POINT('Ctrl Pts',(-0.0172880885650669,-2.09379936121645,
-24.85));
#5664=CARTESIAN_POINT('Ctrl Pts',(-0.0345760412808086,-1.90579287543276,
-24.85));
#5665=CARTESIAN_POINT('Ctrl Pts',(-0.0388980294597441,-1.78855894607914,
-24.85));
#5666=CARTESIAN_POINT('Ctrl Pts',(-0.0388980294597441,-1.64809433026375,
-24.85));
#5667=CARTESIAN_POINT('',(-0.0388980294597441,-1.64809433026375,-101.538529938886));
#5668=CARTESIAN_POINT('Ctrl Pts',(0.0307940299255893,-1.03869399703386,
-101.538529938886));
#5669=CARTESIAN_POINT('Ctrl Pts',(0.0307940299255893,-1.03869399703386,
118.748436285105));
#5670=CARTESIAN_POINT('Ctrl Pts',(-0.00972460925193097,-1.14080096776121,
-101.538529938886));
#5671=CARTESIAN_POINT('Ctrl Pts',(-0.00972460925193097,-1.14080096776121,
118.748436285105));
#5672=CARTESIAN_POINT('Ctrl Pts',(-0.0388980294597441,-1.45198411664456,
-101.538529938886));
#5673=CARTESIAN_POINT('Ctrl Pts',(-0.0388980294597441,-1.45198411664456,
118.748436285105));
#5674=CARTESIAN_POINT('Ctrl Pts',(-0.0388980294597441,-1.64809433026375,
-101.538529938886));
#5675=CARTESIAN_POINT('Ctrl Pts',(-0.0388980294597441,-1.64809433026375,
118.748436285105));
#5676=CARTESIAN_POINT('Ctrl Pts',(-0.0388980294597441,-1.64809433026375,
-24.85));
#5677=CARTESIAN_POINT('Ctrl Pts',(-0.0388980294597441,-1.51735418785095,
-24.85));
#5678=CARTESIAN_POINT('Ctrl Pts',(-0.0340357927584419,-1.40012025849733,
-24.85));
#5679=CARTESIAN_POINT('Ctrl Pts',(-0.0145868459532332,-1.19266482590844,
-24.85));
#5680=CARTESIAN_POINT('Ctrl Pts',(0.00378160380724247,-1.1067653108521,
-24.85));
#5681=CARTESIAN_POINT('Ctrl Pts',(0.0307940299255893,-1.03869399703386,
-24.85));
#5682=CARTESIAN_POINT('Origin',(0.,0.,-24.85));
#5683=CARTESIAN_POINT('Origin',(-1.65964359656049,-2.40012027339849,-101.538529938886));
#5684=CARTESIAN_POINT('',(-1.64667763202369,-2.40012027339849,-24.85));
#5685=CARTESIAN_POINT('',(-1.65964359656049,-2.40012027339849,-24.85));
#5686=CARTESIAN_POINT('',(-0.829821798280246,-2.40012027339849,-24.85));
#5687=CARTESIAN_POINT('',(-1.64667763202369,-2.40012027339849,-25.05));
#5688=CARTESIAN_POINT('',(-1.64667763202369,-2.40012027339849,-101.538529938886));
#5689=CARTESIAN_POINT('',(-1.65964359656049,-2.40012027339849,-25.05));
#5690=CARTESIAN_POINT('',(-0.829821798280246,-2.40012027339849,-25.05));
#5691=CARTESIAN_POINT('',(-1.65964359656049,-2.40012027339849,-101.538529938886));
#5692=CARTESIAN_POINT('Origin',(-1.65964359656049,-2.65781881856751,-101.538529938886));
#5693=CARTESIAN_POINT('',(-1.65964359656049,-2.65781881856751,-24.85));
#5694=CARTESIAN_POINT('',(-1.65964359656049,-1.32890940928376,-24.85));
#5695=CARTESIAN_POINT('',(-1.65964359656049,-2.65781881856751,-25.05));
#5696=CARTESIAN_POINT('',(-1.65964359656049,-1.32890940928376,-25.05));
#5697=CARTESIAN_POINT('',(-1.65964359656049,-2.65781881856751,-101.538529938886));
#5698=CARTESIAN_POINT('Ctrl Pts',(-1.65964359656049,-2.65781881856751,-101.538529938886));
#5699=CARTESIAN_POINT('Ctrl Pts',(-1.65964359656049,-2.65781881856751,118.748436285105));
#5700=CARTESIAN_POINT('Ctrl Pts',(-1.60777973841327,-2.67402627423852,-101.538529938886));
#5701=CARTESIAN_POINT('Ctrl Pts',(-1.60777973841327,-2.67402627423852,118.748436285105));
#5702=CARTESIAN_POINT('Ctrl Pts',(-1.48622382088071,-2.68537149320823,-101.538529938886));
#5703=CARTESIAN_POINT('Ctrl Pts',(-1.48622382088071,-2.68537149320823,118.748436285105));
#5704=CARTESIAN_POINT('Ctrl Pts',(-1.43273921716639,-2.68537149320823,-101.538529938886));
#5705=CARTESIAN_POINT('Ctrl Pts',(-1.43273921716639,-2.68537149320823,118.748436285105));
#5706=CARTESIAN_POINT('',(-1.43273921716639,-2.68537149320823,-24.85));
#5707=CARTESIAN_POINT('Ctrl Pts',(-1.65964359656049,-2.65781881856751,-24.85));
#5708=CARTESIAN_POINT('Ctrl Pts',(-1.62506769112901,-2.66862378901485,-24.85));
#5709=CARTESIAN_POINT('Ctrl Pts',(-1.58752041882451,-2.67591714406681,-24.85));
#5710=CARTESIAN_POINT('Ctrl Pts',(-1.50648314046947,-2.68348062337994,-24.85));
#5711=CARTESIAN_POINT('Ctrl Pts',(-1.4683956196426,-2.68537149320823,-24.85));
#5712=CARTESIAN_POINT('Ctrl Pts',(-1.43273921716639,-2.68537149320823,-24.85));
#5713=CARTESIAN_POINT('',(-1.43273921716639,-2.68537149320823,-25.05));
#5714=CARTESIAN_POINT('Ctrl Pts',(-1.43273921716639,-2.68537149320823,-25.05));
#5715=CARTESIAN_POINT('Ctrl Pts',(-1.48622382088071,-2.68537149320823,-25.05));
#5716=CARTESIAN_POINT('Ctrl Pts',(-1.60777973841327,-2.67402627423852,-25.05));
#5717=CARTESIAN_POINT('Ctrl Pts',(-1.65964359656049,-2.65781881856751,-25.05));
#5718=CARTESIAN_POINT('',(-1.43273921716639,-2.68537149320823,-101.538529938886));
#5719=CARTESIAN_POINT('Ctrl Pts',(-1.43273921716639,-2.68537149320823,-101.538529938886));
#5720=CARTESIAN_POINT('Ctrl Pts',(-1.43273921716639,-2.68537149320823,118.748436285105));
#5721=CARTESIAN_POINT('Ctrl Pts',(-1.19611036436968,-2.68537149320823,-101.538529938886));
#5722=CARTESIAN_POINT('Ctrl Pts',(-1.19611036436968,-2.68537149320823,118.748436285105));
#5723=CARTESIAN_POINT('Ctrl Pts',(-0.871961250949529,-2.52167619093105,
-101.538529938886));
#5724=CARTESIAN_POINT('Ctrl Pts',(-0.871961250949529,-2.52167619093105,
118.748436285105));
#5725=CARTESIAN_POINT('Ctrl Pts',(-0.756888315685376,-2.36608461648938,
-101.538529938886));
#5726=CARTESIAN_POINT('Ctrl Pts',(-0.756888315685376,-2.36608461648938,
118.748436285105));
#5727=CARTESIAN_POINT('',(-0.756888315685376,-2.36608461648938,-24.85));
#5728=CARTESIAN_POINT('Ctrl Pts',(-1.43273921716639,-2.68537149320823,-24.85));
#5729=CARTESIAN_POINT('Ctrl Pts',(-1.27498664863525,-2.68537149320823,-24.85));
#5730=CARTESIAN_POINT('Ctrl Pts',(-1.14208551213299,-2.6580889428287,-24.85));
#5731=CARTESIAN_POINT('Ctrl Pts',(-0.92598610318622,-2.54895874131058,-24.85));
#5732=CARTESIAN_POINT('Ctrl Pts',(-0.833603605861478,-2.46981233278382,
-24.85));
#5733=CARTESIAN_POINT('Ctrl Pts',(-0.756888315685376,-2.36608461648938,
-24.85));
#5734=CARTESIAN_POINT('',(-0.756888315685376,-2.36608461648938,-25.05));
#5735=CARTESIAN_POINT('Ctrl Pts',(-0.756888315685376,-2.36608461648938,
-25.05));
#5736=CARTESIAN_POINT('Ctrl Pts',(-0.871961250949529,-2.52167619093105,
-25.05));
#5737=CARTESIAN_POINT('Ctrl Pts',(-1.19611036436968,-2.68537149320823,-25.05));
#5738=CARTESIAN_POINT('Ctrl Pts',(-1.43273921716639,-2.68537149320823,-25.05));
#5739=CARTESIAN_POINT('',(-0.756888315685376,-2.36608461648938,-101.538529938886));
#5740=CARTESIAN_POINT('Ctrl Pts',(-0.756888315685376,-2.36608461648938,
-101.538529938886));
#5741=CARTESIAN_POINT('Ctrl Pts',(-0.756888315685376,-2.36608461648938,
118.748436285105));
#5742=CARTESIAN_POINT('Ctrl Pts',(-0.648298362689625,-2.21859676988321,
-101.538529938886));
#5743=CARTESIAN_POINT('Ctrl Pts',(-0.648298362689625,-2.21859676988321,
118.748436285105));
#5744=CARTESIAN_POINT('Ctrl Pts',(-0.536466918559673,-1.7745124844976,-101.538529938886));
#5745=CARTESIAN_POINT('Ctrl Pts',(-0.536466918559673,-1.7745124844976,118.748436285105));
#5746=CARTESIAN_POINT('Ctrl Pts',(-0.536466918559673,-1.52653841273119,
-101.538529938886));
#5747=CARTESIAN_POINT('Ctrl Pts',(-0.536466918559673,-1.52653841273119,
118.748436285105));
#5748=CARTESIAN_POINT('',(-0.536466918559673,-1.52653841273119,-24.85));
#5749=CARTESIAN_POINT('Ctrl Pts',(-0.756888315685376,-2.36608461648938,
-24.85));
#5750=CARTESIAN_POINT('Ctrl Pts',(-0.684495013688209,-2.2677593854186,-24.85));
#5751=CARTESIAN_POINT('Ctrl Pts',(-0.629659788667967,-2.14458272231894,
-24.85));
#5752=CARTESIAN_POINT('Ctrl Pts',(-0.555105492581331,-1.84852653206187,
-24.85));
#5753=CARTESIAN_POINT('Ctrl Pts',(-0.536466918559673,-1.69185446057547,
-24.85));
#5754=CARTESIAN_POINT('Ctrl Pts',(-0.536466918559673,-1.52653841273119,
-24.85));
#5755=CARTESIAN_POINT('',(-0.536466918559673,-1.52653841273119,-25.05));
#5756=CARTESIAN_POINT('Ctrl Pts',(-0.536466918559673,-1.52653841273119,
-25.05));
#5757=CARTESIAN_POINT('Ctrl Pts',(-0.536466918559673,-1.7745124844976,-25.05));
#5758=CARTESIAN_POINT('Ctrl Pts',(-0.648298362689625,-2.21859676988321,
-25.05));
#5759=CARTESIAN_POINT('Ctrl Pts',(-0.756888315685376,-2.36608461648938,
-25.05));
#5760=CARTESIAN_POINT('',(-0.536466918559673,-1.52653841273119,-101.538529938886));
#5761=CARTESIAN_POINT('Ctrl Pts',(-0.536466918559673,-1.52653841273119,
-101.538529938886));
#5762=CARTESIAN_POINT('Ctrl Pts',(-0.536466918559673,-1.52653841273119,
118.748436285105));
#5763=CARTESIAN_POINT('Ctrl Pts',(-0.536466918559673,-1.25263241189117,
-101.538529938886));
#5764=CARTESIAN_POINT('Ctrl Pts',(-0.536466918559673,-1.25263241189117,
118.748436285105));
#5765=CARTESIAN_POINT('Ctrl Pts',(-0.649919108256727,-0.896068387128999,
-101.538529938886));
#5766=CARTESIAN_POINT('Ctrl Pts',(-0.649919108256727,-0.896068387128999,
118.748436285105));
#5767=CARTESIAN_POINT('Ctrl Pts',(-0.753646824551173,-0.785857688566147,
-101.538529938886));
#5768=CARTESIAN_POINT('Ctrl Pts',(-0.753646824551173,-0.785857688566147,
118.748436285105));
#5769=CARTESIAN_POINT('',(-0.753646824551173,-0.785857688566147,-24.85));
#5770=CARTESIAN_POINT('Ctrl Pts',(-0.536466918559673,-1.52653841273119,
-24.85));
#5771=CARTESIAN_POINT('Ctrl Pts',(-0.536466918559673,-1.34393441217117,
-24.85));
#5772=CARTESIAN_POINT('Ctrl Pts',(-0.555375616842515,-1.1932050744308,-24.85));
#5773=CARTESIAN_POINT('Ctrl Pts',(-0.631010409973884,-0.95549572458936,
-24.85));
#5774=CARTESIAN_POINT('Ctrl Pts',(-0.684495013688209,-0.859331487608048,
-24.85));
#5775=CARTESIAN_POINT('Ctrl Pts',(-0.753646824551173,-0.785857688566147,
-24.85));
#5776=CARTESIAN_POINT('',(-0.753646824551173,-0.785857688566147,-25.05));
#5777=CARTESIAN_POINT('Ctrl Pts',(-0.753646824551173,-0.785857688566147,
-25.05));
#5778=CARTESIAN_POINT('Ctrl Pts',(-0.649919108256727,-0.896068387128999,
-25.05));
#5779=CARTESIAN_POINT('Ctrl Pts',(-0.536466918559673,-1.25263241189117,
-25.05));
#5780=CARTESIAN_POINT('Ctrl Pts',(-0.536466918559673,-1.52653841273119,
-25.05));
#5781=CARTESIAN_POINT('',(-0.753646824551173,-0.785857688566147,-101.538529938886));
#5782=CARTESIAN_POINT('Ctrl Pts',(-0.753646824551173,-0.785857688566147,
-101.538529938886));
#5783=CARTESIAN_POINT('Ctrl Pts',(-0.753646824551173,-0.785857688566147,
118.748436285105));
#5784=CARTESIAN_POINT('Ctrl Pts',(-0.83630484847331,-0.69833742794271,-101.538529938886));
#5785=CARTESIAN_POINT('Ctrl Pts',(-0.83630484847331,-0.69833742794271,118.748436285105));
#5786=CARTESIAN_POINT('Ctrl Pts',(-1.05996773673321,-0.605954930617965,
-101.538529938886));
#5787=CARTESIAN_POINT('Ctrl Pts',(-1.05996773673321,-0.605954930617965,
118.748436285105));
#5788=CARTESIAN_POINT('Ctrl Pts',(-1.19773110993678,-0.605954930617965,
-101.538529938886));
#5789=CARTESIAN_POINT('Ctrl Pts',(-1.19773110993678,-0.605954930617965,
118.748436285105));
#5790=CARTESIAN_POINT('',(-1.19773110993678,-0.605954930617965,-24.85));
#5791=CARTESIAN_POINT('Ctrl Pts',(-0.753646824551173,-0.785857688566147,
-24.85));
#5792=CARTESIAN_POINT('Ctrl Pts',(-0.808752173832598,-0.727510848150523,
-24.85));
#5793=CARTESIAN_POINT('Ctrl Pts',(-0.873581996516628,-0.682940345055252,
-24.85));
#5794=CARTESIAN_POINT('Ctrl Pts',(-1.0226905886899,-0.621352013505422,-24.85));
#5795=CARTESIAN_POINT('Ctrl Pts',(-1.1058888611344,-0.605954930617965,-24.85));
#5796=CARTESIAN_POINT('Ctrl Pts',(-1.19773110993678,-0.605954930617965,
-24.85));
#5797=CARTESIAN_POINT('',(-1.19773110993678,-0.605954930617965,-25.05));
#5798=CARTESIAN_POINT('Ctrl Pts',(-1.19773110993678,-0.605954930617965,
-25.05));
#5799=CARTESIAN_POINT('Ctrl Pts',(-1.05996773673321,-0.605954930617965,
-25.05));
#5800=CARTESIAN_POINT('Ctrl Pts',(-0.83630484847331,-0.69833742794271,-25.05));
#5801=CARTESIAN_POINT('Ctrl Pts',(-0.753646824551173,-0.785857688566147,
-25.05));
#5802=CARTESIAN_POINT('',(-1.19773110993678,-0.605954930617965,-101.538529938886));
#5803=CARTESIAN_POINT('Ctrl Pts',(-0.807131428265497,-1.46657082674846,
-101.538529938886));
#5804=CARTESIAN_POINT('Ctrl Pts',(-0.807131428265497,-1.46657082674846,
118.748436285105));
#5805=CARTESIAN_POINT('Ctrl Pts',(-0.807131428265497,-1.26397763086087,
-101.538529938886));
#5806=CARTESIAN_POINT('Ctrl Pts',(-0.807131428265497,-1.26397763086087,
118.748436285105));
#5807=CARTESIAN_POINT('Ctrl Pts',(-0.881685724352133,-1.00789983125895,
-101.538529938886));
#5808=CARTESIAN_POINT('Ctrl Pts',(-0.881685724352133,-1.00789983125895,
118.748436285105));
#5809=CARTESIAN_POINT('Ctrl Pts',(-0.948136292603263,-0.93820777187362,
-101.538529938886));
#5810=CARTESIAN_POINT('Ctrl Pts',(-0.948136292603263,-0.93820777187362,
118.748436285105));
#5811=CARTESIAN_POINT('',(-0.948136292603263,-0.93820777187362,-24.85));
#5812=CARTESIAN_POINT('',(-0.807131428265497,-1.46657082674846,-24.85));
#5813=CARTESIAN_POINT('Ctrl Pts',(-0.948136292603263,-0.93820777187362,
-24.85));
#5814=CARTESIAN_POINT('Ctrl Pts',(-0.903835913769176,-0.984669144797174,
-24.85));
#5815=CARTESIAN_POINT('Ctrl Pts',(-0.869260008337693,-1.05057946452594,
-24.85));
#5816=CARTESIAN_POINT('Ctrl Pts',(-0.819557144279937,-1.22129799759388,
-24.85));
#5817=CARTESIAN_POINT('Ctrl Pts',(-0.807131428265497,-1.33150869615673,
-24.85));
#5818=CARTESIAN_POINT('Ctrl Pts',(-0.807131428265497,-1.46657082674846,
-24.85));
#5819=CARTESIAN_POINT('',(-0.948136292603263,-0.93820777187362,-101.538529938886));
#5820=CARTESIAN_POINT('',(-0.807131428265497,-1.46657082674846,-101.538529938886));
#5821=CARTESIAN_POINT('Ctrl Pts',(-0.948136292603263,-0.93820777187362,
-101.538529938886));
#5822=CARTESIAN_POINT('Ctrl Pts',(-0.948136292603263,-0.93820777187362,
118.748436285105));
#5823=CARTESIAN_POINT('Ctrl Pts',(-1.00648313301889,-0.873377949189589,
-101.538529938886));
#5824=CARTESIAN_POINT('Ctrl Pts',(-1.00648313301889,-0.873377949189589,
118.748436285105));
#5825=CARTESIAN_POINT('Ctrl Pts',(-1.12803905055145,-0.824755582176566,
-101.538529938886));
#5826=CARTESIAN_POINT('Ctrl Pts',(-1.12803905055145,-0.824755582176566,
118.748436285105));
#5827=CARTESIAN_POINT('Ctrl Pts',(-1.19935185550388,-0.824755582176566,
-101.538529938886));
#5828=CARTESIAN_POINT('Ctrl Pts',(-1.19935185550388,-0.824755582176566,
118.748436285105));
#5829=CARTESIAN_POINT('',(-1.19935185550388,-0.824755582176566,-24.85));
#5830=CARTESIAN_POINT('Ctrl Pts',(-1.19935185550388,-0.824755582176566,
-24.85));
#5831=CARTESIAN_POINT('Ctrl Pts',(-1.15180998553559,-0.824755582176566,
-24.85));
#5832=CARTESIAN_POINT('Ctrl Pts',(-1.10777973096269,-0.83285931001207,-24.85));
#5833=CARTESIAN_POINT('Ctrl Pts',(-1.02674245260765,-0.865274221354085,
-24.85));
#5834=CARTESIAN_POINT('Ctrl Pts',(-0.987034186213681,-0.894987890084266,
-24.85));
#5835=CARTESIAN_POINT('Ctrl Pts',(-0.948136292603263,-0.93820777187362,
-24.85));
#5836=CARTESIAN_POINT('',(-1.19935185550388,-0.824755582176566,-101.538529938886));
#5837=CARTESIAN_POINT('Ctrl Pts',(-1.19935185550388,-0.824755582176566,
-101.538529938886));
#5838=CARTESIAN_POINT('Ctrl Pts',(-1.19935185550388,-0.824755582176566,
118.748436285105));
#5839=CARTESIAN_POINT('Ctrl Pts',(-1.36466790334816,-0.824755582176566,
-101.538529938886));
#5840=CARTESIAN_POINT('Ctrl Pts',(-1.36466790334816,-0.824755582176566,
118.748436285105));
#5841=CARTESIAN_POINT('Ctrl Pts',(-1.56077811696735,-1.06138443497328,-101.538529938886));
#5842=CARTESIAN_POINT('Ctrl Pts',(-1.56077811696735,-1.06138443497328,118.748436285105));
#5843=CARTESIAN_POINT('Ctrl Pts',(-1.56077811696735,-1.28504732323318,-101.538529938886));
#5844=CARTESIAN_POINT('Ctrl Pts',(-1.56077811696735,-1.28504732323318,118.748436285105));
#5845=CARTESIAN_POINT('',(-1.56077811696734,-1.28504732323318,-24.85));
#5846=CARTESIAN_POINT('Ctrl Pts',(-1.56077811696735,-1.28504732323318,-24.85));
#5847=CARTESIAN_POINT('Ctrl Pts',(-1.56077811696735,-1.13593873105991,-24.85));
#5848=CARTESIAN_POINT('Ctrl Pts',(-1.52809308136415,-1.02194629284049,-24.85));
#5849=CARTESIAN_POINT('Ctrl Pts',(-1.39735293895135,-0.864193724309352,
-24.85));
#5850=CARTESIAN_POINT('Ctrl Pts',(-1.30956255406673,-0.824755582176566,
-24.85));
#5851=CARTESIAN_POINT('Ctrl Pts',(-1.19935185550388,-0.824755582176566,
-24.85));
#5852=CARTESIAN_POINT('',(-1.56077811696734,-1.28504732323318,-101.538529938886));
#5853=CARTESIAN_POINT('Ctrl Pts',(-1.19773110993678,-0.605954930617965,
-101.538529938886));
#5854=CARTESIAN_POINT('Ctrl Pts',(-1.19773110993678,-0.605954930617965,
118.748436285105));
#5855=CARTESIAN_POINT('Ctrl Pts',(-1.32090777303643,-0.605954930617965,
-101.538529938886));
#5856=CARTESIAN_POINT('Ctrl Pts',(-1.32090777303643,-0.605954930617965,
118.748436285105));
#5857=CARTESIAN_POINT('Ctrl Pts',(-1.56239886253445,-0.704820410211111,
-101.538529938886));
#5858=CARTESIAN_POINT('Ctrl Pts',(-1.56239886253445,-0.704820410211111,
118.748436285105));
#5859=CARTESIAN_POINT('Ctrl Pts',(-1.64505688645658,-0.793961416401654,
-101.538529938886));
#5860=CARTESIAN_POINT('Ctrl Pts',(-1.64505688645658,-0.793961416401654,
118.748436285105));
#5861=CARTESIAN_POINT('',(-1.64505688645658,-0.793961416401654,-24.85));
#5862=CARTESIAN_POINT('Ctrl Pts',(-1.19773110993678,-0.605954930617965,
-24.85));
#5863=CARTESIAN_POINT('Ctrl Pts',(-1.27984888533655,-0.605954930617965,
-24.85));
#5864=CARTESIAN_POINT('Ctrl Pts',(-1.36115628795277,-0.622432510550156,
-24.85));
#5865=CARTESIAN_POINT('Ctrl Pts',(-1.52215034761811,-0.68834283027892,-24.85));
#5866=CARTESIAN_POINT('Ctrl Pts',(-1.58995153717516,-0.734534078941292,
-24.85));
#5867=CARTESIAN_POINT('Ctrl Pts',(-1.64505688645658,-0.793961416401654,
-24.85));
#5868=CARTESIAN_POINT('',(-1.64505688645658,-0.793961416401654,-25.05));
#5869=CARTESIAN_POINT('Ctrl Pts',(-1.64505688645658,-0.793961416401654,
-25.05));
#5870=CARTESIAN_POINT('Ctrl Pts',(-1.56239886253445,-0.704820410211111,
-25.05));
#5871=CARTESIAN_POINT('Ctrl Pts',(-1.32090777303643,-0.605954930617965,
-25.05));
#5872=CARTESIAN_POINT('Ctrl Pts',(-1.19773110993678,-0.605954930617965,
-25.05));
#5873=CARTESIAN_POINT('',(-1.64505688645658,-0.793961416401654,-101.538529938886));
#5874=CARTESIAN_POINT('Ctrl Pts',(-1.64505688645658,-0.793961416401654,
-101.538529938886));
#5875=CARTESIAN_POINT('Ctrl Pts',(-1.64505688645658,-0.793961416401654,
118.748436285105));
#5876=CARTESIAN_POINT('Ctrl Pts',(-1.73257714708003,-0.886343913726395,
-101.538529938886));
#5877=CARTESIAN_POINT('Ctrl Pts',(-1.73257714708003,-0.886343913726395,
118.748436285105));
#5878=CARTESIAN_POINT('Ctrl Pts',(-1.83306337224027,-1.14242171332831,-101.538529938886));
#5879=CARTESIAN_POINT('Ctrl Pts',(-1.83306337224027,-1.14242171332831,118.748436285105));
#5880=CARTESIAN_POINT('Ctrl Pts',(-1.83306337224027,-1.29639254220288,-101.538529938886));
#5881=CARTESIAN_POINT('Ctrl Pts',(-1.83306337224027,-1.29639254220288,118.748436285105));
#5882=CARTESIAN_POINT('',(-1.83306337224027,-1.29639254220288,-24.85));
#5883=CARTESIAN_POINT('Ctrl Pts',(-1.64505688645658,-0.793961416401654,
-24.85));
#5884=CARTESIAN_POINT('Ctrl Pts',(-1.70340372687221,-0.855549747951481,
-24.85));
#5885=CARTESIAN_POINT('Ctrl Pts',(-1.7493248512734,-0.929023546993382,-24.85));
#5886=CARTESIAN_POINT('Ctrl Pts',(-1.8163156680469,-1.09974208006133,-24.85));
#5887=CARTESIAN_POINT('Ctrl Pts',(-1.83306337224027,-1.19374532295317,-24.85));
#5888=CARTESIAN_POINT('Ctrl Pts',(-1.83306337224027,-1.29639254220288,-24.85));
#5889=CARTESIAN_POINT('',(-1.83306337224027,-1.29639254220288,-25.05));
#5890=CARTESIAN_POINT('Ctrl Pts',(-1.83306337224027,-1.29639254220288,-25.05));
#5891=CARTESIAN_POINT('Ctrl Pts',(-1.83306337224027,-1.14242171332831,-25.05));
#5892=CARTESIAN_POINT('Ctrl Pts',(-1.73257714708003,-0.886343913726395,
-25.05));
#5893=CARTESIAN_POINT('Ctrl Pts',(-1.64505688645658,-0.793961416401654,
-25.05));
#5894=CARTESIAN_POINT('',(-1.83306337224027,-1.29639254220288,-101.538529938886));
#5895=CARTESIAN_POINT('Ctrl Pts',(-1.83306337224027,-1.29639254220288,-101.538529938886));
#5896=CARTESIAN_POINT('Ctrl Pts',(-1.83306337224027,-1.29639254220288,118.748436285105));
#5897=CARTESIAN_POINT('Ctrl Pts',(-1.83306337224027,-1.47305380901686,-101.538529938886));
#5898=CARTESIAN_POINT('Ctrl Pts',(-1.83306337224027,-1.47305380901686,118.748436285105));
#5899=CARTESIAN_POINT('Ctrl Pts',(-1.72285267367742,-1.72426937191748,-101.538529938886));
#5900=CARTESIAN_POINT('Ctrl Pts',(-1.72285267367742,-1.72426937191748,118.748436285105));
#5901=CARTESIAN_POINT('Ctrl Pts',(-1.61588346624877,-1.80692739583962,-101.538529938886));
#5902=CARTESIAN_POINT('Ctrl Pts',(-1.61588346624877,-1.80692739583962,118.748436285105));
#5903=CARTESIAN_POINT('',(-1.61588346624877,-1.80692739583962,-24.85));
#5904=CARTESIAN_POINT('Ctrl Pts',(-1.83306337224027,-1.29639254220288,-24.85));
#5905=CARTESIAN_POINT('Ctrl Pts',(-1.83306337224027,-1.41416672007887,-24.85));
#5906=CARTESIAN_POINT('Ctrl Pts',(-1.8146949224798,-1.5149230695003,-24.85));
#5907=CARTESIAN_POINT('Ctrl Pts',(-1.74122112343789,-1.68240011143405,-24.85));
#5908=CARTESIAN_POINT('Ctrl Pts',(-1.6871962712012,-1.7518220465582,-24.85));
#5909=CARTESIAN_POINT('Ctrl Pts',(-1.61588346624877,-1.80692739583962,-24.85));
#5910=CARTESIAN_POINT('',(-1.61588346624877,-1.80692739583962,-25.05));
#5911=CARTESIAN_POINT('Ctrl Pts',(-1.61588346624877,-1.80692739583962,-25.05));
#5912=CARTESIAN_POINT('Ctrl Pts',(-1.72285267367742,-1.72426937191748,-25.05));
#5913=CARTESIAN_POINT('Ctrl Pts',(-1.83306337224027,-1.47305380901686,-25.05));
#5914=CARTESIAN_POINT('Ctrl Pts',(-1.83306337224027,-1.29639254220288,-25.05));
#5915=CARTESIAN_POINT('',(-1.61588346624877,-1.80692739583962,-101.538529938886));
#5916=CARTESIAN_POINT('Ctrl Pts',(-1.61588346624877,-1.80692739583962,-101.538529938886));
#5917=CARTESIAN_POINT('Ctrl Pts',(-1.61588346624877,-1.80692739583962,118.748436285105));
#5918=CARTESIAN_POINT('Ctrl Pts',(-1.52350096892403,-1.87661945522495,-101.538529938886));
#5919=CARTESIAN_POINT('Ctrl Pts',(-1.52350096892403,-1.87661945522495,118.748436285105));
#5920=CARTESIAN_POINT('Ctrl Pts',(-1.34035671984164,-1.92524182223798,-101.538529938886));
#5921=CARTESIAN_POINT('Ctrl Pts',(-1.34035671984164,-1.92524182223798,118.748436285105));
#5922=CARTESIAN_POINT('Ctrl Pts',(-1.23014602127879,-1.92524182223798,-101.538529938886));
#5923=CARTESIAN_POINT('Ctrl Pts',(-1.23014602127879,-1.92524182223798,118.748436285105));
#5924=CARTESIAN_POINT('',(-1.23014602127879,-1.92524182223798,-24.85));
#5925=CARTESIAN_POINT('Ctrl Pts',(-1.61588346624877,-1.80692739583962,-24.85));
#5926=CARTESIAN_POINT('Ctrl Pts',(-1.55429513469894,-1.85338876876318,-24.85));
#5927=CARTESIAN_POINT('Ctrl Pts',(-1.4929769274103,-1.88472318306046,-24.85));
#5928=CARTESIAN_POINT('Ctrl Pts',(-1.37088076135538,-1.91713809440247,-24.85));
#5929=CARTESIAN_POINT('Ctrl Pts',(-1.30361982032069,-1.92524182223798,-24.85));
#5930=CARTESIAN_POINT('Ctrl Pts',(-1.23014602127879,-1.92524182223798,-24.85));
#5931=CARTESIAN_POINT('',(-1.23014602127879,-1.92524182223798,-25.05));
#5932=CARTESIAN_POINT('Ctrl Pts',(-1.23014602127879,-1.92524182223798,-25.05));
#5933=CARTESIAN_POINT('Ctrl Pts',(-1.34035671984164,-1.92524182223798,-25.05));
#5934=CARTESIAN_POINT('Ctrl Pts',(-1.52350096892403,-1.87661945522495,-25.05));
#5935=CARTESIAN_POINT('Ctrl Pts',(-1.61588346624877,-1.80692739583962,-25.05));
#5936=CARTESIAN_POINT('',(-1.23014602127879,-1.92524182223798,-101.538529938886));
#5937=CARTESIAN_POINT('Ctrl Pts',(-1.23014602127879,-1.92524182223798,-101.538529938886));
#5938=CARTESIAN_POINT('Ctrl Pts',(-1.23014602127879,-1.92524182223798,118.748436285105));
#5939=CARTESIAN_POINT('Ctrl Pts',(-1.11507308601464,-1.92524182223798,-101.538529938886));
#5940=CARTESIAN_POINT('Ctrl Pts',(-1.11507308601464,-1.92524182223798,118.748436285105));
#5941=CARTESIAN_POINT('Ctrl Pts',(-0.920583617962552,-1.85879125398684,
-101.538529938886));
#5942=CARTESIAN_POINT('Ctrl Pts',(-0.920583617962552,-1.85879125398684,
118.748436285105));
#5943=CARTESIAN_POINT('Ctrl Pts',(-0.8136144105339,-1.78585770346731,-101.538529938886));
#5944=CARTESIAN_POINT('Ctrl Pts',(-0.8136144105339,-1.78585770346731,118.748436285105));
#5945=CARTESIAN_POINT('',(-0.8136144105339,-1.78585770346731,-24.85));
#5946=CARTESIAN_POINT('Ctrl Pts',(-1.23014602127879,-1.92524182223798,-24.85));
#5947=CARTESIAN_POINT('Ctrl Pts',(-1.15343073110269,-1.92524182223798,-24.85));
#5948=CARTESIAN_POINT('Ctrl Pts',(-1.08265817467262,-1.91416672752945,-24.85));
#5949=CARTESIAN_POINT('Ctrl Pts',(-0.952998529304566,-1.86986634869536,
-24.85));
#5950=CARTESIAN_POINT('Ctrl Pts',(-0.884927215486335,-1.83448007048033,
-24.85));
#5951=CARTESIAN_POINT('Ctrl Pts',(-0.8136144105339,-1.78585770346731,-24.85));
#5952=CARTESIAN_POINT('',(-0.8136144105339,-1.78585770346731,-25.05));
#5953=CARTESIAN_POINT('Ctrl Pts',(-0.8136144105339,-1.78585770346731,-25.05));
#5954=CARTESIAN_POINT('Ctrl Pts',(-0.920583617962552,-1.85879125398684,
-25.05));
#5955=CARTESIAN_POINT('Ctrl Pts',(-1.11507308601464,-1.92524182223798,-25.05));
#5956=CARTESIAN_POINT('Ctrl Pts',(-1.23014602127879,-1.92524182223798,-25.05));
#5957=CARTESIAN_POINT('',(-0.8136144105339,-1.78585770346731,-101.538529938886));
#5958=CARTESIAN_POINT('Ctrl Pts',(-0.8136144105339,-1.78585770346731,-101.538529938886));
#5959=CARTESIAN_POINT('Ctrl Pts',(-0.8136144105339,-1.78585770346731,118.748436285105));
#5960=CARTESIAN_POINT('Ctrl Pts',(-0.834684102906211,-2.10676532575326,
-101.538529938886));
#5961=CARTESIAN_POINT('Ctrl Pts',(-0.834684102906211,-2.10676532575326,
118.748436285105));
#5962=CARTESIAN_POINT('Ctrl Pts',(-1.13452203281985,-2.45360487711282,-101.538529938886));
#5963=CARTESIAN_POINT('Ctrl Pts',(-1.13452203281985,-2.45360487711282,118.748436285105));
#5964=CARTESIAN_POINT('Ctrl Pts',(-1.39708281469017,-2.45360487711282,-101.538529938886));
#5965=CARTESIAN_POINT('Ctrl Pts',(-1.39708281469017,-2.45360487711282,118.748436285105));
#5966=CARTESIAN_POINT('',(-1.39708281469017,-2.45360487711282,-24.85));
#5967=CARTESIAN_POINT('Ctrl Pts',(-0.8136144105339,-1.78585770346731,-24.85));
#5968=CARTESIAN_POINT('Ctrl Pts',(-0.827660872115441,-1.99979611832461,
-24.85));
#5969=CARTESIAN_POINT('Ctrl Pts',(-0.884657091225151,-2.16457191764652,
-24.85));
#5970=CARTESIAN_POINT('Ctrl Pts',(-1.08454904450091,-2.39579828521956,-24.85));
#5971=CARTESIAN_POINT('Ctrl Pts',(-1.22204229344329,-2.45360487711282,-24.85));
#5972=CARTESIAN_POINT('Ctrl Pts',(-1.39708281469017,-2.45360487711282,-24.85));
#5973=CARTESIAN_POINT('',(-1.39708281469017,-2.45360487711282,-25.05));
#5974=CARTESIAN_POINT('Ctrl Pts',(-1.39708281469017,-2.45360487711282,-25.05));
#5975=CARTESIAN_POINT('Ctrl Pts',(-1.13452203281985,-2.45360487711282,-25.05));
#5976=CARTESIAN_POINT('Ctrl Pts',(-0.834684102906211,-2.10676532575326,
-25.05));
#5977=CARTESIAN_POINT('Ctrl Pts',(-0.8136144105339,-1.78585770346731,-25.05));
#5978=CARTESIAN_POINT('',(-1.39708281469017,-2.45360487711282,-101.538529938886));
#5979=CARTESIAN_POINT('Ctrl Pts',(-1.39708281469017,-2.45360487711282,-101.538529938886));
#5980=CARTESIAN_POINT('Ctrl Pts',(-1.39708281469017,-2.45360487711282,118.748436285105));
#5981=CARTESIAN_POINT('Ctrl Pts',(-1.4700163652097,-2.45360487711282,-101.538529938886));
#5982=CARTESIAN_POINT('Ctrl Pts',(-1.4700163652097,-2.45360487711282,118.748436285105));
#5983=CARTESIAN_POINT('Ctrl Pts',(-1.61264197511457,-2.4195692202037,-101.538529938886));
#5984=CARTESIAN_POINT('Ctrl Pts',(-1.61264197511457,-2.4195692202037,118.748436285105));
#5985=CARTESIAN_POINT('Ctrl Pts',(-1.64667763202369,-2.40012027339849,-101.538529938886));
#5986=CARTESIAN_POINT('Ctrl Pts',(-1.64667763202369,-2.40012027339849,118.748436285105));
#5987=CARTESIAN_POINT('Ctrl Pts',(-1.39708281469017,-2.45360487711282,-24.85));
#5988=CARTESIAN_POINT('Ctrl Pts',(-1.44570518170319,-2.45360487711282,-24.85));
#5989=CARTESIAN_POINT('Ctrl Pts',(-1.49378730019385,-2.44793226762797,-24.85));
#5990=CARTESIAN_POINT('Ctrl Pts',(-1.58887104013043,-2.42524182968856,-24.85));
#5991=CARTESIAN_POINT('Ctrl Pts',(-1.62398719408428,-2.4130862379353,-24.85));
#5992=CARTESIAN_POINT('Ctrl Pts',(-1.64667763202369,-2.40012027339849,-24.85));
#5993=CARTESIAN_POINT('Ctrl Pts',(-1.64667763202369,-2.40012027339849,-25.05));
#5994=CARTESIAN_POINT('Ctrl Pts',(-1.61264197511457,-2.4195692202037,-25.05));
#5995=CARTESIAN_POINT('Ctrl Pts',(-1.4700163652097,-2.45360487711282,-25.05));
#5996=CARTESIAN_POINT('Ctrl Pts',(-1.39708281469017,-2.45360487711282,-25.05));
#5997=CARTESIAN_POINT('Ctrl Pts',(-0.811993664966801,-1.59298898098232,
-101.538529938886));
#5998=CARTESIAN_POINT('Ctrl Pts',(-0.811993664966801,-1.59298898098232,
118.748436285105));
#5999=CARTESIAN_POINT('Ctrl Pts',(-0.8103729193997,-1.57354003417711,-101.538529938886));
#6000=CARTESIAN_POINT('Ctrl Pts',(-0.8103729193997,-1.57354003417711,118.748436285105));
#6001=CARTESIAN_POINT('Ctrl Pts',(-0.807131428265497,-1.50708946592598,
-101.538529938886));
#6002=CARTESIAN_POINT('Ctrl Pts',(-0.807131428265497,-1.50708946592598,
118.748436285105));
#6003=CARTESIAN_POINT('Ctrl Pts',(-0.807131428265497,-1.46657082674846,
-101.538529938886));
#6004=CARTESIAN_POINT('Ctrl Pts',(-0.807131428265497,-1.46657082674846,
118.748436285105));
#6005=CARTESIAN_POINT('',(-0.811993664966801,-1.59298898098232,-24.85));
#6006=CARTESIAN_POINT('Ctrl Pts',(-0.807131428265497,-1.46657082674846,
-24.85));
#6007=CARTESIAN_POINT('Ctrl Pts',(-0.807131428265497,-1.49358325286681,
-24.85));
#6008=CARTESIAN_POINT('Ctrl Pts',(-0.807671676787864,-1.51816456063451,
-24.85));
#6009=CARTESIAN_POINT('Ctrl Pts',(-0.809832670877333,-1.56246493946859,
-24.85));
#6010=CARTESIAN_POINT('Ctrl Pts',(-0.810913167922067,-1.58002301644551,
-24.85));
#6011=CARTESIAN_POINT('Ctrl Pts',(-0.811993664966801,-1.59298898098232,
-24.85));
#6012=CARTESIAN_POINT('',(-0.811993664966801,-1.59298898098232,-101.538529938886));
#6013=CARTESIAN_POINT('Ctrl Pts',(-1.17017843529607,-1.70319967954517,-101.538529938886));
#6014=CARTESIAN_POINT('Ctrl Pts',(-1.17017843529607,-1.70319967954517,118.748436285105));
#6015=CARTESIAN_POINT('Ctrl Pts',(-1.08427892023973,-1.70319967954517,-101.538529938886));
#6016=CARTESIAN_POINT('Ctrl Pts',(-1.08427892023973,-1.70319967954517,118.748436285105));
#6017=CARTESIAN_POINT('Ctrl Pts',(-0.886547961053434,-1.64323209356244,
-101.538529938886));
#6018=CARTESIAN_POINT('Ctrl Pts',(-0.886547961053434,-1.64323209356244,
118.748436285105));
#6019=CARTESIAN_POINT('Ctrl Pts',(-0.811993664966801,-1.59298898098232,
-101.538529938886));
#6020=CARTESIAN_POINT('Ctrl Pts',(-0.811993664966801,-1.59298898098232,
118.748436285105));
#6021=CARTESIAN_POINT('',(-1.17017843529607,-1.70319967954517,-24.85));
#6022=CARTESIAN_POINT('Ctrl Pts',(-0.811993664966801,-1.59298898098232,
-24.85));
#6023=CARTESIAN_POINT('Ctrl Pts',(-0.861696529024557,-1.62648438936907,
-24.85));
#6024=CARTESIAN_POINT('Ctrl Pts',(-0.919503120917816,-1.65322669122623,
-24.85));
#6025=CARTESIAN_POINT('Ctrl Pts',(-1.05132376037534,-1.69320508188138,-24.85));
#6026=CARTESIAN_POINT('Ctrl Pts',(-1.11291209192517,-1.70319967954517,-24.85));
#6027=CARTESIAN_POINT('Ctrl Pts',(-1.17017843529607,-1.70319967954517,-24.85));
#6028=CARTESIAN_POINT('',(-1.17017843529607,-1.70319967954517,-101.538529938886));
#6029=CARTESIAN_POINT('Ctrl Pts',(-1.42463548933088,-1.63350762015984,-101.538529938886));
#6030=CARTESIAN_POINT('Ctrl Pts',(-1.42463548933088,-1.63350762015984,118.748436285105));
#6031=CARTESIAN_POINT('Ctrl Pts',(-1.37277163118366,-1.67564700490446,-101.538529938886));
#6032=CARTESIAN_POINT('Ctrl Pts',(-1.37277163118366,-1.67564700490446,118.748436285105));
#6033=CARTESIAN_POINT('Ctrl Pts',(-1.2447327313827,-1.70319967954517,-101.538529938886));
#6034=CARTESIAN_POINT('Ctrl Pts',(-1.2447327313827,-1.70319967954517,118.748436285105));
#6035=CARTESIAN_POINT('Ctrl Pts',(-1.17017843529607,-1.70319967954517,-101.538529938886));
#6036=CARTESIAN_POINT('Ctrl Pts',(-1.17017843529607,-1.70319967954517,118.748436285105));
#6037=CARTESIAN_POINT('',(-1.42463548933088,-1.63350762015984,-24.85));
#6038=CARTESIAN_POINT('Ctrl Pts',(-1.17017843529607,-1.70319967954517,-24.85));
#6039=CARTESIAN_POINT('Ctrl Pts',(-1.21988129935382,-1.70319967954517,-24.85));
#6040=CARTESIAN_POINT('Ctrl Pts',(-1.26607254801619,-1.69860756710505,-24.85));
#6041=CARTESIAN_POINT('Ctrl Pts',(-1.35143181455016,-1.68023911734458,-24.85));
#6042=CARTESIAN_POINT('Ctrl Pts',(-1.3900595838994,-1.66160054332292,-24.85));
#6043=CARTESIAN_POINT('Ctrl Pts',(-1.42463548933088,-1.63350762015984,-24.85));
#6044=CARTESIAN_POINT('',(-1.42463548933088,-1.63350762015984,-101.538529938886));
#6045=CARTESIAN_POINT('Ctrl Pts',(-1.56077811696735,-1.28504732323318,-101.538529938886));
#6046=CARTESIAN_POINT('Ctrl Pts',(-1.56077811696735,-1.28504732323318,118.748436285105));
#6047=CARTESIAN_POINT('Ctrl Pts',(-1.56077811696735,-1.41146547746704,-101.538529938886));
#6048=CARTESIAN_POINT('Ctrl Pts',(-1.56077811696735,-1.41146547746704,118.748436285105));
#6049=CARTESIAN_POINT('Ctrl Pts',(-1.49594829428332,-1.57516077974421,-101.538529938886));
#6050=CARTESIAN_POINT('Ctrl Pts',(-1.49594829428332,-1.57516077974421,118.748436285105));
#6051=CARTESIAN_POINT('Ctrl Pts',(-1.42463548933088,-1.63350762015984,-101.538529938886));
#6052=CARTESIAN_POINT('Ctrl Pts',(-1.42463548933088,-1.63350762015984,118.748436285105));
#6053=CARTESIAN_POINT('Ctrl Pts',(-1.42463548933088,-1.63350762015984,-24.85));
#6054=CARTESIAN_POINT('Ctrl Pts',(-1.47217735929917,-1.59460972654942,-24.85));
#6055=CARTESIAN_POINT('Ctrl Pts',(-1.50675326473065,-1.54787822936468,-24.85));
#6056=CARTESIAN_POINT('Ctrl Pts',(-1.54997314652001,-1.43874802784657,-24.85));
#6057=CARTESIAN_POINT('Ctrl Pts',(-1.56077811696735,-1.36932609272242,-24.85));
#6058=CARTESIAN_POINT('Ctrl Pts',(-1.56077811696735,-1.28504732323318,-24.85));
#6059=CARTESIAN_POINT('Origin',(0.,0.,-24.85));
#6060=CARTESIAN_POINT('Ctrl Pts',(-3.17504070179969,-1.67726775047156,-101.538529938886));
#6061=CARTESIAN_POINT('Ctrl Pts',(-3.17504070179969,-1.67726775047156,118.748436285105));
#6062=CARTESIAN_POINT('Ctrl Pts',(-3.10859013354856,-1.66268104036766,-101.538529938886));
#6063=CARTESIAN_POINT('Ctrl Pts',(-3.10859013354856,-1.66268104036766,118.748436285105));
#6064=CARTESIAN_POINT('Ctrl Pts',(-2.88978948198996,-1.62864538345854,-101.538529938886));
#6065=CARTESIAN_POINT('Ctrl Pts',(-2.88978948198996,-1.62864538345854,118.748436285105));
#6066=CARTESIAN_POINT('Ctrl Pts',(-2.77957878342711,-1.62864538345854,-101.538529938886));
#6067=CARTESIAN_POINT('Ctrl Pts',(-2.77957878342711,-1.62864538345854,118.748436285105));
#6068=CARTESIAN_POINT('',(-3.17504070179969,-1.67726775047156,-24.85));
#6069=CARTESIAN_POINT('',(-2.77957878342711,-1.62864538345854,-24.85));
#6070=CARTESIAN_POINT('Ctrl Pts',(-3.17504070179969,-1.67726775047156,-24.85));
#6071=CARTESIAN_POINT('Ctrl Pts',(-3.1307403229656,-1.66754327706896,-24.85));
#6072=CARTESIAN_POINT('Ctrl Pts',(-3.07212335828879,-1.6570084308828,-24.85));
#6073=CARTESIAN_POINT('Ctrl Pts',(-2.92625625724973,-1.63431799294339,-24.85));
#6074=CARTESIAN_POINT('Ctrl Pts',(-2.85305258246901,-1.62864538345854,-24.85));
#6075=CARTESIAN_POINT('Ctrl Pts',(-2.77957878342711,-1.62864538345854,-24.85));
#6076=CARTESIAN_POINT('',(-3.17504070179969,-1.67726775047156,-25.05));
#6077=CARTESIAN_POINT('',(-3.17504070179969,-1.67726775047156,-101.538529938886));
#6078=CARTESIAN_POINT('',(-2.77957878342711,-1.62864538345854,-25.05));
#6079=CARTESIAN_POINT('Ctrl Pts',(-2.77957878342711,-1.62864538345854,-25.05));
#6080=CARTESIAN_POINT('Ctrl Pts',(-2.88978948198996,-1.62864538345854,-25.05));
#6081=CARTESIAN_POINT('Ctrl Pts',(-3.10859013354856,-1.66268104036766,-25.05));
#6082=CARTESIAN_POINT('Ctrl Pts',(-3.17504070179969,-1.67726775047156,-25.05));
#6083=CARTESIAN_POINT('',(-2.77957878342711,-1.62864538345854,-101.538529938886));
#6084=CARTESIAN_POINT('Ctrl Pts',(-2.77957878342711,-1.62864538345854,-101.538529938886));
#6085=CARTESIAN_POINT('Ctrl Pts',(-2.77957878342711,-1.62864538345854,118.748436285105));
#6086=CARTESIAN_POINT('Ctrl Pts',(-2.67747181269976,-1.62864538345854,-101.538529938886));
#6087=CARTESIAN_POINT('Ctrl Pts',(-2.67747181269976,-1.62864538345854,118.748436285105));
#6088=CARTESIAN_POINT('Ctrl Pts',(-2.50891427372128,-1.67078476820316,-101.538529938886));
#6089=CARTESIAN_POINT('Ctrl Pts',(-2.50891427372128,-1.67078476820316,118.748436285105));
#6090=CARTESIAN_POINT('Ctrl Pts',(-2.45218817887276,-1.72102788078328,-101.538529938886));
#6091=CARTESIAN_POINT('Ctrl Pts',(-2.45218817887276,-1.72102788078328,118.748436285105));
#6092=CARTESIAN_POINT('',(-2.45218817887276,-1.72102788078328,-24.85));
#6093=CARTESIAN_POINT('Ctrl Pts',(-2.77957878342711,-1.62864538345854,-24.85));
#6094=CARTESIAN_POINT('Ctrl Pts',(-2.71150746960888,-1.62864538345854,-24.85));
#6095=CARTESIAN_POINT('Ctrl Pts',(-2.64937888953668,-1.63566861424931,-24.85));
#6096=CARTESIAN_POINT('Ctrl Pts',(-2.53700719688436,-1.66376153741239,-24.85));
#6097=CARTESIAN_POINT('Ctrl Pts',(-2.49000557543844,-1.68753247239653,-24.85));
#6098=CARTESIAN_POINT('Ctrl Pts',(-2.45218817887276,-1.72102788078328,-24.85));
#6099=CARTESIAN_POINT('',(-2.45218817887276,-1.72102788078328,-25.05));
#6100=CARTESIAN_POINT('Ctrl Pts',(-2.45218817887276,-1.72102788078328,-25.05));
#6101=CARTESIAN_POINT('Ctrl Pts',(-2.50891427372128,-1.67078476820316,-25.05));
#6102=CARTESIAN_POINT('Ctrl Pts',(-2.67747181269976,-1.62864538345854,-25.05));
#6103=CARTESIAN_POINT('Ctrl Pts',(-2.77957878342711,-1.62864538345854,-25.05));
#6104=CARTESIAN_POINT('',(-2.45218817887276,-1.72102788078328,-101.538529938886));
#6105=CARTESIAN_POINT('Ctrl Pts',(-2.45218817887276,-1.72102788078328,-101.538529938886));
#6106=CARTESIAN_POINT('Ctrl Pts',(-2.45218817887276,-1.72102788078328,118.748436285105));
#6107=CARTESIAN_POINT('Ctrl Pts',(-2.39708282959133,-1.7664087566621,-101.538529938886));
#6108=CARTESIAN_POINT('Ctrl Pts',(-2.39708282959133,-1.7664087566621,118.748436285105));
#6109=CARTESIAN_POINT('Ctrl Pts',(-2.3387359891757,-1.90255138429857,-101.538529938886));
#6110=CARTESIAN_POINT('Ctrl Pts',(-2.3387359891757,-1.90255138429857,118.748436285105));
#6111=CARTESIAN_POINT('Ctrl Pts',(-2.3387359891757,-2.00952059172721,-101.538529938886));
#6112=CARTESIAN_POINT('Ctrl Pts',(-2.3387359891757,-2.00952059172721,118.748436285105));
#6113=CARTESIAN_POINT('',(-2.3387359891757,-2.00952059172721,-24.85));
#6114=CARTESIAN_POINT('Ctrl Pts',(-2.45218817887276,-1.72102788078328,-24.85));
#6115=CARTESIAN_POINT('Ctrl Pts',(-2.41545127935181,-1.75128179803583,-24.85));
#6116=CARTESIAN_POINT('Ctrl Pts',(-2.38735835618873,-1.78909919460151,-24.85));
#6117=CARTESIAN_POINT('Ctrl Pts',(-2.34846046257831,-1.87986094635915,-24.85));
#6118=CARTESIAN_POINT('Ctrl Pts',(-2.3387359891757,-1.93820778677478,-24.85));
#6119=CARTESIAN_POINT('Ctrl Pts',(-2.3387359891757,-2.00952059172721,-24.85));
#6120=CARTESIAN_POINT('',(-2.3387359891757,-2.00952059172721,-25.05));
#6121=CARTESIAN_POINT('Ctrl Pts',(-2.3387359891757,-2.00952059172721,-25.05));
#6122=CARTESIAN_POINT('Ctrl Pts',(-2.3387359891757,-1.90255138429857,-25.05));
#6123=CARTESIAN_POINT('Ctrl Pts',(-2.39708282959133,-1.7664087566621,-25.05));
#6124=CARTESIAN_POINT('Ctrl Pts',(-2.45218817887276,-1.72102788078328,-25.05));
#6125=CARTESIAN_POINT('',(-2.3387359891757,-2.00952059172721,-101.538529938886));
#6126=CARTESIAN_POINT('Ctrl Pts',(-2.3387359891757,-2.00952059172721,-101.538529938886));
#6127=CARTESIAN_POINT('Ctrl Pts',(-2.3387359891757,-2.00952059172721,118.748436285105));
#6128=CARTESIAN_POINT('Ctrl Pts',(-2.3387359891757,-2.11648979915586,-101.538529938886));
#6129=CARTESIAN_POINT('Ctrl Pts',(-2.3387359891757,-2.11648979915586,118.748436285105));
#6130=CARTESIAN_POINT('Ctrl Pts',(-2.39059984732293,-2.27532286473174,-101.538529938886));
#6131=CARTESIAN_POINT('Ctrl Pts',(-2.39059984732293,-2.27532286473174,118.748436285105));
#6132=CARTESIAN_POINT('Ctrl Pts',(-2.44084295990305,-2.33529045071446,-101.538529938886));
#6133=CARTESIAN_POINT('Ctrl Pts',(-2.44084295990305,-2.33529045071446,118.748436285105));
#6134=CARTESIAN_POINT('',(-2.44084295990305,-2.33529045071446,-24.85));
#6135=CARTESIAN_POINT('Ctrl Pts',(-2.3387359891757,-2.00952059172721,-24.85));
#6136=CARTESIAN_POINT('Ctrl Pts',(-2.3387359891757,-2.08083339667965,-24.85));
#6137=CARTESIAN_POINT('Ctrl Pts',(-2.34737996553358,-2.14296197675184,-24.85));
#6138=CARTESIAN_POINT('Ctrl Pts',(-2.38195587096506,-2.24885068713576,-24.85));
#6139=CARTESIAN_POINT('Ctrl Pts',(-2.4073475515163,-2.29531206005931,-24.85));
#6140=CARTESIAN_POINT('Ctrl Pts',(-2.44084295990305,-2.33529045071446,-24.85));
#6141=CARTESIAN_POINT('',(-2.44084295990305,-2.33529045071446,-25.05));
#6142=CARTESIAN_POINT('Ctrl Pts',(-2.44084295990305,-2.33529045071446,-25.05));
#6143=CARTESIAN_POINT('Ctrl Pts',(-2.39059984732293,-2.27532286473174,-25.05));
#6144=CARTESIAN_POINT('Ctrl Pts',(-2.3387359891757,-2.11648979915586,-25.05));
#6145=CARTESIAN_POINT('Ctrl Pts',(-2.3387359891757,-2.00952059172721,-25.05));
#6146=CARTESIAN_POINT('',(-2.44084295990305,-2.33529045071446,-101.538529938886));
#6147=CARTESIAN_POINT('Ctrl Pts',(-2.44084295990305,-2.33529045071446,-101.538529938886));
#6148=CARTESIAN_POINT('Ctrl Pts',(-2.44084295990305,-2.33529045071446,118.748436285105));
#6149=CARTESIAN_POINT('Ctrl Pts',(-2.49594830918448,-2.39849952783139,-101.538529938886));
#6150=CARTESIAN_POINT('Ctrl Pts',(-2.49594830918448,-2.39849952783139,118.748436285105));
#6151=CARTESIAN_POINT('Ctrl Pts',(-2.64829839249195,-2.45684636824702,-101.538529938886));
#6152=CARTESIAN_POINT('Ctrl Pts',(-2.64829839249195,-2.45684636824702,118.748436285105));
#6153=CARTESIAN_POINT('Ctrl Pts',(-2.72933567084698,-2.45684636824702,-101.538529938886));
#6154=CARTESIAN_POINT('Ctrl Pts',(-2.72933567084698,-2.45684636824702,118.748436285105));
#6155=CARTESIAN_POINT('',(-2.72933567084698,-2.45684636824702,-24.85));
#6156=CARTESIAN_POINT('Ctrl Pts',(-2.44084295990305,-2.33529045071446,-24.85));
#6157=CARTESIAN_POINT('Ctrl Pts',(-2.477579859424,-2.37742983545908,-24.85));
#6158=CARTESIAN_POINT('Ctrl Pts',(-2.52133998973572,-2.408224001234,-24.85));
#6159=CARTESIAN_POINT('Ctrl Pts',(-2.6229067119407,-2.44712189484442,-24.85));
#6160=CARTESIAN_POINT('Ctrl Pts',(-2.67531081861029,-2.45684636824702,-24.85));
#6161=CARTESIAN_POINT('Ctrl Pts',(-2.72933567084698,-2.45684636824702,-24.85));
#6162=CARTESIAN_POINT('',(-2.72933567084698,-2.45684636824702,-25.05));
#6163=CARTESIAN_POINT('Ctrl Pts',(-2.72933567084698,-2.45684636824702,-25.05));
#6164=CARTESIAN_POINT('Ctrl Pts',(-2.64829839249195,-2.45684636824702,-25.05));
#6165=CARTESIAN_POINT('Ctrl Pts',(-2.49594830918448,-2.39849952783139,-25.05));
#6166=CARTESIAN_POINT('Ctrl Pts',(-2.44084295990305,-2.33529045071446,-25.05));
#6167=CARTESIAN_POINT('',(-2.72933567084698,-2.45684636824702,-101.538529938886));
#6168=CARTESIAN_POINT('Ctrl Pts',(-2.72933567084698,-2.45684636824702,-101.538529938886));
#6169=CARTESIAN_POINT('Ctrl Pts',(-2.72933567084698,-2.45684636824702,118.748436285105));
#6170=CARTESIAN_POINT('Ctrl Pts',(-2.81199369476912,-2.45684636824702,-101.538529938886));
#6171=CARTESIAN_POINT('Ctrl Pts',(-2.81199369476912,-2.45684636824702,118.748436285105));
#6172=CARTESIAN_POINT('Ctrl Pts',(-2.94327408570428,-2.4260522024721,-101.538529938886));
#6173=CARTESIAN_POINT('Ctrl Pts',(-2.94327408570428,-2.4260522024721,118.748436285105));
#6174=CARTESIAN_POINT('Ctrl Pts',(-3.02269061849222,-2.39849952783139,-101.538529938886));
#6175=CARTESIAN_POINT('Ctrl Pts',(-3.02269061849222,-2.39849952783139,118.748436285105));
#6176=CARTESIAN_POINT('',(-3.02269061849222,-2.39849952783139,-24.85));
#6177=CARTESIAN_POINT('Ctrl Pts',(-2.72933567084698,-2.45684636824702,-24.85));
#6178=CARTESIAN_POINT('Ctrl Pts',(-2.78444102012841,-2.45684636824702,-24.85));
#6179=CARTESIAN_POINT('Ctrl Pts',(-2.83387375992498,-2.45171400728453,-24.85));
#6180=CARTESIAN_POINT('Ctrl Pts',(-2.92139402054842,-2.43118456343459,-24.85));
#6181=CARTESIAN_POINT('Ctrl Pts',(-2.96974626330026,-2.41686797759187,-24.85));
#6182=CARTESIAN_POINT('Ctrl Pts',(-3.02269061849222,-2.39849952783139,-24.85));
#6183=CARTESIAN_POINT('',(-3.02269061849222,-2.39849952783139,-25.05));
#6184=CARTESIAN_POINT('Ctrl Pts',(-3.02269061849222,-2.39849952783139,-25.05));
#6185=CARTESIAN_POINT('Ctrl Pts',(-2.94327408570428,-2.4260522024721,-25.05));
#6186=CARTESIAN_POINT('Ctrl Pts',(-2.81199369476912,-2.45684636824702,-25.05));
#6187=CARTESIAN_POINT('Ctrl Pts',(-2.72933567084698,-2.45684636824702,-25.05));
#6188=CARTESIAN_POINT('',(-3.02269061849222,-2.39849952783139,-101.538529938886));
#6189=CARTESIAN_POINT('Ctrl Pts',(-3.02269061849222,-2.39849952783139,-101.538529938886));
#6190=CARTESIAN_POINT('Ctrl Pts',(-3.02269061849222,-2.39849952783139,118.748436285105));
#6191=CARTESIAN_POINT('Ctrl Pts',(-3.09238267787755,-2.37256759875778,-101.538529938886));
#6192=CARTESIAN_POINT('Ctrl Pts',(-3.09238267787755,-2.37256759875778,118.748436285105));
#6193=CARTESIAN_POINT('Ctrl Pts',(-3.20745561314171,-2.31422075834216,-101.538529938886));
#6194=CARTESIAN_POINT('Ctrl Pts',(-3.20745561314171,-2.31422075834216,118.748436285105));
#6195=CARTESIAN_POINT('Ctrl Pts',(-3.23824977891662,-2.29153032040274,-101.538529938886));
#6196=CARTESIAN_POINT('Ctrl Pts',(-3.23824977891662,-2.29153032040274,118.748436285105));
#6197=CARTESIAN_POINT('',(-3.23824977891662,-2.29153032040274,-24.85));
#6198=CARTESIAN_POINT('Ctrl Pts',(-3.02269061849222,-2.39849952783139,-24.85));
#6199=CARTESIAN_POINT('Ctrl Pts',(-3.06915199141578,-2.38121157511565,-24.85));
#6200=CARTESIAN_POINT('Ctrl Pts',(-3.11156150042158,-2.36284312535518,-24.85));
#6201=CARTESIAN_POINT('Ctrl Pts',(-3.18827679059768,-2.32394523174476,-24.85));
#6202=CARTESIAN_POINT('Ctrl Pts',(-3.21772033506668,-2.30665727902902,-24.85));
#6203=CARTESIAN_POINT('Ctrl Pts',(-3.23824977891662,-2.29153032040274,-24.85));
#6204=CARTESIAN_POINT('',(-3.23824977891662,-2.29153032040274,-25.05));
#6205=CARTESIAN_POINT('Ctrl Pts',(-3.23824977891662,-2.29153032040274,-25.05));
#6206=CARTESIAN_POINT('Ctrl Pts',(-3.20745561314171,-2.31422075834216,-25.05));
#6207=CARTESIAN_POINT('Ctrl Pts',(-3.09238267787755,-2.37256759875778,-25.05));
#6208=CARTESIAN_POINT('Ctrl Pts',(-3.02269061849222,-2.39849952783139,-25.05));
#6209=CARTESIAN_POINT('',(-3.23824977891662,-2.29153032040274,-101.538529938886));
#6210=CARTESIAN_POINT('Origin',(-3.25769872572183,-2.29153032040274,-101.538529938886));
#6211=CARTESIAN_POINT('',(-3.25769872572183,-2.29153032040274,-24.85));
#6212=CARTESIAN_POINT('',(-1.62884936286091,-2.29153032040274,-24.85));
#6213=CARTESIAN_POINT('',(-3.25769872572183,-2.29153032040274,-25.05));
#6214=CARTESIAN_POINT('',(-1.62884936286091,-2.29153032040274,-25.05));
#6215=CARTESIAN_POINT('',(-3.25769872572183,-2.29153032040274,-101.538529938886));
#6216=CARTESIAN_POINT('Origin',(-3.25769872572183,-2.57516079464537,-101.538529938886));
#6217=CARTESIAN_POINT('',(-3.25769872572183,-2.57516079464537,-24.85));
#6218=CARTESIAN_POINT('',(-3.25769872572183,-1.28758039732269,-24.85));
#6219=CARTESIAN_POINT('',(-3.25769872572183,-2.57516079464537,-25.05));
#6220=CARTESIAN_POINT('',(-3.25769872572183,-1.28758039732269,-25.05));
#6221=CARTESIAN_POINT('',(-3.25769872572183,-2.57516079464537,-101.538529938886));
#6222=CARTESIAN_POINT('Ctrl Pts',(-3.25769872572183,-2.57516079464537,-101.538529938886));
#6223=CARTESIAN_POINT('Ctrl Pts',(-3.25769872572183,-2.57516079464537,118.748436285105));
#6224=CARTESIAN_POINT('Ctrl Pts',(-3.15559175499448,-2.6254039072255,-101.538529938886));
#6225=CARTESIAN_POINT('Ctrl Pts',(-3.15559175499448,-2.6254039072255,118.748436285105));
#6226=CARTESIAN_POINT('Ctrl Pts',(-2.87682351745315,-2.68861298434243,-101.538529938886));
#6227=CARTESIAN_POINT('Ctrl Pts',(-2.87682351745315,-2.68861298434243,118.748436285105));
#6228=CARTESIAN_POINT('Ctrl Pts',(-2.73419790754829,-2.68861298434243,-101.538529938886));
#6229=CARTESIAN_POINT('Ctrl Pts',(-2.73419790754829,-2.68861298434243,118.748436285105));
#6230=CARTESIAN_POINT('',(-2.73419790754829,-2.68861298434243,-24.85));
#6231=CARTESIAN_POINT('Ctrl Pts',(-3.25769872572183,-2.57516079464537,-24.85));
#6232=CARTESIAN_POINT('Ctrl Pts',(-3.1896274119036,-2.60865620303212,-24.85));
#6233=CARTESIAN_POINT('Ctrl Pts',(-3.10913038207093,-2.63593875341165,-24.85));
#6234=CARTESIAN_POINT('Ctrl Pts',(-2.92328489037671,-2.67807813815627,-24.85));
#6235=CARTESIAN_POINT('Ctrl Pts',(-2.82928164748486,-2.68861298434243,-24.85));
#6236=CARTESIAN_POINT('Ctrl Pts',(-2.73419790754829,-2.68861298434243,-24.85));
#6237=CARTESIAN_POINT('',(-2.73419790754829,-2.68861298434243,-25.05));
#6238=CARTESIAN_POINT('Ctrl Pts',(-2.73419790754829,-2.68861298434243,-25.05));
#6239=CARTESIAN_POINT('Ctrl Pts',(-2.87682351745315,-2.68861298434243,-25.05));
#6240=CARTESIAN_POINT('Ctrl Pts',(-3.15559175499448,-2.6254039072255,-25.05));
#6241=CARTESIAN_POINT('Ctrl Pts',(-3.25769872572183,-2.57516079464537,-25.05));
#6242=CARTESIAN_POINT('',(-2.73419790754829,-2.68861298434243,-101.538529938886));
#6243=CARTESIAN_POINT('Ctrl Pts',(-2.73419790754829,-2.68861298434243,-101.538529938886));
#6244=CARTESIAN_POINT('Ctrl Pts',(-2.73419790754829,-2.68861298434243,118.748436285105));
#6245=CARTESIAN_POINT('Ctrl Pts',(-2.57860633310661,-2.68861298434243,-101.538529938886));
#6246=CARTESIAN_POINT('Ctrl Pts',(-2.57860633310661,-2.68861298434243,118.748436285105));
#6247=CARTESIAN_POINT('Ctrl Pts',(-2.327390770206,-2.58326452248088,-101.538529938886));
#6248=CARTESIAN_POINT('Ctrl Pts',(-2.327390770206,-2.58326452248088,118.748436285105));
#6249=CARTESIAN_POINT('Ctrl Pts',(-2.24311200071676,-2.49250277072324,-101.538529938886));
#6250=CARTESIAN_POINT('Ctrl Pts',(-2.24311200071676,-2.49250277072324,118.748436285105));
#6251=CARTESIAN_POINT('',(-2.24311200071676,-2.49250277072324,-24.85));
#6252=CARTESIAN_POINT('Ctrl Pts',(-2.73419790754829,-2.68861298434243,-24.85));
#6253=CARTESIAN_POINT('Ctrl Pts',(-2.63047019125384,-2.68861298434243,-24.85));
#6254=CARTESIAN_POINT('Ctrl Pts',(-2.53673707262318,-2.6710549073655,-24.85));
#6255=CARTESIAN_POINT('Ctrl Pts',(-2.36926003068944,-2.6008225994578,-24.85));
#6256=CARTESIAN_POINT('Ctrl Pts',(-2.29929784704292,-2.55301060522833,-24.85));
#6257=CARTESIAN_POINT('Ctrl Pts',(-2.24311200071676,-2.49250277072324,-24.85));
#6258=CARTESIAN_POINT('',(-2.24311200071676,-2.49250277072324,-25.05));
#6259=CARTESIAN_POINT('Ctrl Pts',(-2.24311200071676,-2.49250277072324,-25.05));
#6260=CARTESIAN_POINT('Ctrl Pts',(-2.327390770206,-2.58326452248088,-25.05));
#6261=CARTESIAN_POINT('Ctrl Pts',(-2.57860633310661,-2.68861298434243,-25.05));
#6262=CARTESIAN_POINT('Ctrl Pts',(-2.73419790754829,-2.68861298434243,-25.05));
#6263=CARTESIAN_POINT('',(-2.24311200071676,-2.49250277072324,-101.538529938886));
#6264=CARTESIAN_POINT('Ctrl Pts',(-2.24311200071676,-2.49250277072324,-101.538529938886));
#6265=CARTESIAN_POINT('Ctrl Pts',(-2.24311200071676,-2.49250277072324,118.748436285105));
#6266=CARTESIAN_POINT('Ctrl Pts',(-2.15883323122752,-2.40174101896559,-101.538529938886));
#6267=CARTESIAN_POINT('Ctrl Pts',(-2.15883323122752,-2.40174101896559,118.748436285105));
#6268=CARTESIAN_POINT('Ctrl Pts',(-2.06645073390278,-2.15538769276628,-101.538529938886));
#6269=CARTESIAN_POINT('Ctrl Pts',(-2.06645073390278,-2.15538769276628,118.748436285105));
#6270=CARTESIAN_POINT('Ctrl Pts',(-2.06645073390278,-2.01114133729432,-101.538529938886));
#6271=CARTESIAN_POINT('Ctrl Pts',(-2.06645073390278,-2.01114133729432,118.748436285105));
#6272=CARTESIAN_POINT('',(-2.06645073390278,-2.01114133729432,-24.85));
#6273=CARTESIAN_POINT('Ctrl Pts',(-2.24311200071676,-2.49250277072324,-24.85));
#6274=CARTESIAN_POINT('Ctrl Pts',(-2.1869261543906,-2.43199493621814,-24.85));
#6275=CARTESIAN_POINT('Ctrl Pts',(-2.14343614834006,-2.36068213126571,-24.85));
#6276=CARTESIAN_POINT('Ctrl Pts',(-2.08184781679024,-2.19644658046617,-24.85));
#6277=CARTESIAN_POINT('Ctrl Pts',(-2.06645073390278,-2.10730557427563,-24.85));
#6278=CARTESIAN_POINT('Ctrl Pts',(-2.06645073390278,-2.01114133729432,-24.85));
#6279=CARTESIAN_POINT('',(-2.06645073390278,-2.01114133729432,-25.05));
#6280=CARTESIAN_POINT('Ctrl Pts',(-2.06645073390278,-2.01114133729432,-25.05));
#6281=CARTESIAN_POINT('Ctrl Pts',(-2.06645073390278,-2.15538769276628,-25.05));
#6282=CARTESIAN_POINT('Ctrl Pts',(-2.15883323122752,-2.40174101896559,-25.05));
#6283=CARTESIAN_POINT('Ctrl Pts',(-2.24311200071676,-2.49250277072324,-25.05));
#6284=CARTESIAN_POINT('',(-2.06645073390278,-2.01114133729432,-101.538529938886));
#6285=CARTESIAN_POINT('Ctrl Pts',(-2.06645073390278,-2.01114133729432,-101.538529938886));
#6286=CARTESIAN_POINT('Ctrl Pts',(-2.06645073390278,-2.01114133729432,118.748436285105));
#6287=CARTESIAN_POINT('Ctrl Pts',(-2.06645073390278,-1.82961783377903,-101.538529938886));
#6288=CARTESIAN_POINT('Ctrl Pts',(-2.06645073390278,-1.82961783377903,118.748436285105));
#6289=CARTESIAN_POINT('Ctrl Pts',(-2.17341994133143,-1.60271345438493,-101.538529938886));
#6290=CARTESIAN_POINT('Ctrl Pts',(-2.17341994133143,-1.60271345438493,118.748436285105));
#6291=CARTESIAN_POINT('Ctrl Pts',(-2.27228542092457,-1.52815915829829,-101.538529938886));
#6292=CARTESIAN_POINT('Ctrl Pts',(-2.27228542092457,-1.52815915829829,118.748436285105));
#6293=CARTESIAN_POINT('',(-2.27228542092457,-1.52815915829829,-24.85));
#6294=CARTESIAN_POINT('Ctrl Pts',(-2.06645073390278,-2.01114133729432,-24.85));
#6295=CARTESIAN_POINT('Ctrl Pts',(-2.06645073390278,-1.89012566828413,-24.85));
#6296=CARTESIAN_POINT('Ctrl Pts',(-2.08427893514089,-1.79180043721335,-24.85));
#6297=CARTESIAN_POINT('Ctrl Pts',(-2.15559174009332,-1.64053085095061,-24.85));
#6298=CARTESIAN_POINT('Ctrl Pts',(-2.20637510119581,-1.57786202235605,-24.85));
#6299=CARTESIAN_POINT('Ctrl Pts',(-2.27228542092457,-1.52815915829829,-24.85));
#6300=CARTESIAN_POINT('',(-2.27228542092457,-1.52815915829829,-25.05));
#6301=CARTESIAN_POINT('Ctrl Pts',(-2.27228542092457,-1.52815915829829,-25.05));
#6302=CARTESIAN_POINT('Ctrl Pts',(-2.17341994133143,-1.60271345438493,-25.05));
#6303=CARTESIAN_POINT('Ctrl Pts',(-2.06645073390278,-1.82961783377903,-25.05));
#6304=CARTESIAN_POINT('Ctrl Pts',(-2.06645073390278,-2.01114133729432,-25.05));
#6305=CARTESIAN_POINT('',(-2.27228542092457,-1.52815915829829,-101.538529938886));
#6306=CARTESIAN_POINT('Ctrl Pts',(-2.27228542092457,-1.52815915829829,-101.538529938886));
#6307=CARTESIAN_POINT('Ctrl Pts',(-2.27228542092457,-1.52815915829829,118.748436285105));
#6308=CARTESIAN_POINT('Ctrl Pts',(-2.36953015495062,-1.45360486221166,-101.538529938886));
#6309=CARTESIAN_POINT('Ctrl Pts',(-2.36953015495062,-1.45360486221166,118.748436285105));
#6310=CARTESIAN_POINT('Ctrl Pts',(-2.58184782424082,-1.40336174963153,-101.538529938886));
#6311=CARTESIAN_POINT('Ctrl Pts',(-2.58184782424082,-1.40336174963153,118.748436285105));
#6312=CARTESIAN_POINT('Ctrl Pts',(-2.73581865311539,-1.40336174963153,-101.538529938886));
#6313=CARTESIAN_POINT('Ctrl Pts',(-2.73581865311539,-1.40336174963153,118.748436285105));
#6314=CARTESIAN_POINT('',(-2.73581865311539,-1.40336174963153,-24.85));
#6315=CARTESIAN_POINT('Ctrl Pts',(-2.27228542092457,-1.52815915829829,-24.85));
#6316=CARTESIAN_POINT('Ctrl Pts',(-2.3371152436086,-1.47845629424054,-24.85));
#6317=CARTESIAN_POINT('Ctrl Pts',(-2.40491643316565,-1.44523101011497,-24.85));
#6318=CARTESIAN_POINT('Ctrl Pts',(-2.54646154602578,-1.41173560172822,-24.85));
#6319=CARTESIAN_POINT('Ctrl Pts',(-2.63317143386567,-1.40336174963153,-24.85));
#6320=CARTESIAN_POINT('Ctrl Pts',(-2.73581865311539,-1.40336174963153,-24.85));
#6321=CARTESIAN_POINT('',(-2.73581865311539,-1.40336174963153,-25.05));
#6322=CARTESIAN_POINT('Ctrl Pts',(-2.73581865311539,-1.40336174963153,-25.05));
#6323=CARTESIAN_POINT('Ctrl Pts',(-2.58184782424082,-1.40336174963153,-25.05));
#6324=CARTESIAN_POINT('Ctrl Pts',(-2.36953015495062,-1.45360486221166,-25.05));
#6325=CARTESIAN_POINT('Ctrl Pts',(-2.27228542092457,-1.52815915829829,-25.05));
#6326=CARTESIAN_POINT('',(-2.73581865311539,-1.40336174963153,-101.538529938886));
#6327=CARTESIAN_POINT('Ctrl Pts',(-2.73581865311539,-1.40336174963153,-101.538529938886));
#6328=CARTESIAN_POINT('Ctrl Pts',(-2.73581865311539,-1.40336174963153,118.748436285105));
#6329=CARTESIAN_POINT('Ctrl Pts',(-2.77471654672581,-1.40336174963153,-101.538529938886));
#6330=CARTESIAN_POINT('Ctrl Pts',(-2.77471654672581,-1.40336174963153,118.748436285105));
#6331=CARTESIAN_POINT('Ctrl Pts',(-2.86871978961765,-1.40822398633284,-101.538529938886));
#6332=CARTESIAN_POINT('Ctrl Pts',(-2.86871978961765,-1.40822398633284,118.748436285105));
#6333=CARTESIAN_POINT('Ctrl Pts',(-2.91734215663067,-1.41470696860124,-101.538529938886));
#6334=CARTESIAN_POINT('Ctrl Pts',(-2.91734215663067,-1.41470696860124,118.748436285105));
#6335=CARTESIAN_POINT('',(-2.91734215663067,-1.41470696860124,-24.85));
#6336=CARTESIAN_POINT('Ctrl Pts',(-2.73581865311539,-1.40336174963153,-24.85));
#6337=CARTESIAN_POINT('Ctrl Pts',(-2.761750582189,-1.40336174963153,-24.85));
#6338=CARTESIAN_POINT('Ctrl Pts',(-2.79038375387445,-1.40417212241508,-24.85));
#6339=CARTESIAN_POINT('Ctrl Pts',(-2.85305258246901,-1.40741361354929,-24.85));
#6340=CARTESIAN_POINT('Ctrl Pts',(-2.88492724528866,-1.4103849804223,-24.85));
#6341=CARTESIAN_POINT('Ctrl Pts',(-2.91734215663067,-1.41470696860124,-24.85));
#6342=CARTESIAN_POINT('',(-2.91734215663067,-1.41470696860124,-25.05));
#6343=CARTESIAN_POINT('Ctrl Pts',(-2.91734215663067,-1.41470696860124,-25.05));
#6344=CARTESIAN_POINT('Ctrl Pts',(-2.86871978961765,-1.40822398633284,-25.05));
#6345=CARTESIAN_POINT('Ctrl Pts',(-2.77471654672581,-1.40336174963153,-25.05));
#6346=CARTESIAN_POINT('Ctrl Pts',(-2.73581865311539,-1.40336174963153,-25.05));
#6347=CARTESIAN_POINT('',(-2.91734215663067,-1.41470696860124,-101.538529938886));
#6348=CARTESIAN_POINT('Origin',(-2.91734215663067,-0.881481677025091,-101.538529938886));
#6349=CARTESIAN_POINT('',(-2.91734215663067,-0.881481677025091,-24.85));
#6350=CARTESIAN_POINT('',(-2.91734215663067,-0.440740838512546,-24.85));
#6351=CARTESIAN_POINT('',(-2.91734215663067,-0.881481677025091,-25.05));
#6352=CARTESIAN_POINT('',(-2.91734215663067,-0.440740838512546,-25.05));
#6353=CARTESIAN_POINT('',(-2.91734215663067,-0.881481677025091,-101.538529938886));
#6354=CARTESIAN_POINT('Origin',(-2.07779595287249,-0.881481677025091,-101.538529938886));
#6355=CARTESIAN_POINT('',(-2.07779595287249,-0.881481677025091,-24.85));
#6356=CARTESIAN_POINT('',(-1.03889797643624,-0.881481677025091,-24.85));
#6357=CARTESIAN_POINT('',(-2.07779595287249,-0.881481677025091,-25.05));
#6358=CARTESIAN_POINT('',(-1.03889797643624,-0.881481677025091,-25.05));
#6359=CARTESIAN_POINT('',(-2.07779595287249,-0.881481677025091,-101.538529938886));
#6360=CARTESIAN_POINT('Origin',(-2.07779595287249,-0.646473569795485,-101.538529938886));
#6361=CARTESIAN_POINT('',(-2.07779595287249,-0.646473569795485,-24.85));
#6362=CARTESIAN_POINT('',(-2.07779595287249,-0.323236784897742,-24.85));
#6363=CARTESIAN_POINT('',(-2.07779595287249,-0.646473569795485,-25.05));
#6364=CARTESIAN_POINT('',(-2.07779595287249,-0.323236784897742,-25.05));
#6365=CARTESIAN_POINT('',(-2.07779595287249,-0.646473569795485,-101.538529938886));
#6366=CARTESIAN_POINT('Origin',(-3.17504070179969,-0.646473569795485,-101.538529938886));
#6367=CARTESIAN_POINT('',(-3.17504070179969,-0.646473569795485,-24.85));
#6368=CARTESIAN_POINT('',(-1.58752035089984,-0.646473569795485,-24.85));
#6369=CARTESIAN_POINT('',(-3.17504070179969,-0.646473569795485,-25.05));
#6370=CARTESIAN_POINT('',(-1.58752035089984,-0.646473569795485,-25.05));
#6371=CARTESIAN_POINT('',(-3.17504070179969,-0.646473569795485,-101.538529938886));
#6372=CARTESIAN_POINT('Origin',(-3.17504070179969,-1.67726775047156,-101.538529938886));
#6373=CARTESIAN_POINT('',(-3.17504070179969,-0.838633875235779,-24.85));
#6374=CARTESIAN_POINT('',(-3.17504070179969,-0.838633875235779,-25.05));
#6375=CARTESIAN_POINT('Origin',(0.,0.,-24.85));
#6376=CARTESIAN_POINT('Ctrl Pts',(-4.20907637360997,-0.639990587527084,
-101.538529938886));
#6377=CARTESIAN_POINT('Ctrl Pts',(-4.20907637360997,-0.639990587527084,
118.748436285105));
#6378=CARTESIAN_POINT('Ctrl Pts',(-4.22204233814677,-0.802065144237156,
-101.538529938886));
#6379=CARTESIAN_POINT('Ctrl Pts',(-4.22204233814677,-0.802065144237156,
118.748436285105));
#6380=CARTESIAN_POINT('Ctrl Pts',(-4.41653180619886,-0.918758825068409,
-101.538529938886));
#6381=CARTESIAN_POINT('Ctrl Pts',(-4.41653180619886,-0.918758825068409,
118.748436285105));
#6382=CARTESIAN_POINT('Ctrl Pts',(-4.62236649322066,-0.918758825068409,
-101.538529938886));
#6383=CARTESIAN_POINT('Ctrl Pts',(-4.62236649322066,-0.918758825068409,
118.748436285105));
#6384=CARTESIAN_POINT('',(-4.20907637360997,-0.639990587527084,-24.85));
#6385=CARTESIAN_POINT('',(-4.62236649322066,-0.918758825068409,-24.85));
#6386=CARTESIAN_POINT('Ctrl Pts',(-4.20907637360997,-0.639990587527084,
-24.85));
#6387=CARTESIAN_POINT('Ctrl Pts',(-4.21772034996784,-0.748040292000465,
-24.85));
#6388=CARTESIAN_POINT('Ctrl Pts',(-4.25445724948879,-0.821514091042365,
-24.85));
#6389=CARTESIAN_POINT('Ctrl Pts',(-4.38411689485685,-0.8993098782632,-24.85));
#6390=CARTESIAN_POINT('Ctrl Pts',(-4.48514336853946,-0.918758825068409,
-24.85));
#6391=CARTESIAN_POINT('Ctrl Pts',(-4.62236649322066,-0.918758825068409,
-24.85));
#6392=CARTESIAN_POINT('',(-4.20907637360997,-0.639990587527084,-25.05));
#6393=CARTESIAN_POINT('',(-4.20907637360997,-0.639990587527084,-101.538529938886));
#6394=CARTESIAN_POINT('',(-4.62236649322066,-0.918758825068409,-25.05));
#6395=CARTESIAN_POINT('Ctrl Pts',(-4.62236649322066,-0.918758825068409,
-25.05));
#6396=CARTESIAN_POINT('Ctrl Pts',(-4.41653180619886,-0.918758825068409,
-25.05));
#6397=CARTESIAN_POINT('Ctrl Pts',(-4.22204233814677,-0.802065144237156,
-25.05));
#6398=CARTESIAN_POINT('Ctrl Pts',(-4.20907637360997,-0.639990587527084,
-25.05));
#6399=CARTESIAN_POINT('',(-4.62236649322066,-0.918758825068409,-101.538529938886));
#6400=CARTESIAN_POINT('Origin',(-4.62236649322066,-1.10190307415079,-101.538529938886));
#6401=CARTESIAN_POINT('',(-4.62236649322066,-1.10190307415079,-24.85));
#6402=CARTESIAN_POINT('',(-4.62236649322066,-0.550951537075397,-24.85));
#6403=CARTESIAN_POINT('',(-4.62236649322066,-1.10190307415079,-25.05));
#6404=CARTESIAN_POINT('',(-4.62236649322066,-0.550951537075397,-25.05));
#6405=CARTESIAN_POINT('',(-4.62236649322066,-1.10190307415079,-101.538529938886));
#6406=CARTESIAN_POINT('Origin',(-4.25931948619009,-1.10190307415079,-101.538529938886));
#6407=CARTESIAN_POINT('',(-4.25931948619009,-1.10190307415079,-24.85));
#6408=CARTESIAN_POINT('',(-2.12965974309505,-1.10190307415079,-24.85));
#6409=CARTESIAN_POINT('',(-4.25931948619009,-1.10190307415079,-25.05));
#6410=CARTESIAN_POINT('',(-2.12965974309505,-1.10190307415079,-25.05));
#6411=CARTESIAN_POINT('',(-4.25931948619009,-1.10190307415079,-101.538529938886));
#6412=CARTESIAN_POINT('Origin',(-4.25931948619009,-2.44225965814311,-101.538529938886));
#6413=CARTESIAN_POINT('',(-4.25931948619009,-2.44225965814311,-24.85));
#6414=CARTESIAN_POINT('',(-4.25931948619009,-1.22112982907156,-24.85));
#6415=CARTESIAN_POINT('',(-4.25931948619009,-2.44225965814311,-25.05));
#6416=CARTESIAN_POINT('',(-4.25931948619009,-1.22112982907156,-25.05));
#6417=CARTESIAN_POINT('',(-4.25931948619009,-2.44225965814311,-101.538529938886));
#6418=CARTESIAN_POINT('Origin',(-4.62236649322066,-2.44225965814311,-101.538529938886));
#6419=CARTESIAN_POINT('',(-4.62236649322066,-2.44225965814311,-24.85));
#6420=CARTESIAN_POINT('',(-2.31118324661033,-2.44225965814311,-24.85));
#6421=CARTESIAN_POINT('',(-4.62236649322066,-2.44225965814311,-25.05));
#6422=CARTESIAN_POINT('',(-2.31118324661033,-2.44225965814311,-25.05));
#6423=CARTESIAN_POINT('',(-4.62236649322066,-2.44225965814311,-101.538529938886));
#6424=CARTESIAN_POINT('Origin',(-4.62236649322066,-2.64647359959781,-101.538529938886));
#6425=CARTESIAN_POINT('',(-4.62236649322066,-2.64647359959781,-24.85));
#6426=CARTESIAN_POINT('',(-4.62236649322066,-1.3232367997989,-24.85));
#6427=CARTESIAN_POINT('',(-4.62236649322066,-2.64647359959781,-25.05));
#6428=CARTESIAN_POINT('',(-4.62236649322066,-1.3232367997989,-25.05));
#6429=CARTESIAN_POINT('',(-4.62236649322066,-2.64647359959781,-101.538529938886));
#6430=CARTESIAN_POINT('Origin',(-3.64667766182601,-2.64647359959781,-101.538529938886));
#6431=CARTESIAN_POINT('',(-3.64667766182601,-2.64647359959781,-24.85));
#6432=CARTESIAN_POINT('',(-1.823338830913,-2.64647359959781,-24.85));
#6433=CARTESIAN_POINT('',(-3.64667766182601,-2.64647359959781,-25.05));
#6434=CARTESIAN_POINT('',(-1.823338830913,-2.64647359959781,-25.05));
#6435=CARTESIAN_POINT('',(-3.64667766182601,-2.64647359959781,-101.538529938886));
#6436=CARTESIAN_POINT('Origin',(-3.64667766182601,-2.44225965814311,-101.538529938886));
#6437=CARTESIAN_POINT('',(-3.64667766182601,-2.44225965814311,-24.85));
#6438=CARTESIAN_POINT('',(-3.64667766182601,-1.22112982907156,-24.85));
#6439=CARTESIAN_POINT('',(-3.64667766182601,-2.44225965814311,-25.05));
#6440=CARTESIAN_POINT('',(-3.64667766182601,-1.22112982907156,-25.05));
#6441=CARTESIAN_POINT('',(-3.64667766182601,-2.44225965814311,-101.538529938886));
#6442=CARTESIAN_POINT('Origin',(-4.00162094102107,-2.44225965814311,-101.538529938886));
#6443=CARTESIAN_POINT('',(-4.00162094102107,-2.44225965814311,-24.85));
#6444=CARTESIAN_POINT('',(-2.00081047051054,-2.44225965814311,-24.85));
#6445=CARTESIAN_POINT('',(-4.00162094102107,-2.44225965814311,-25.05));
#6446=CARTESIAN_POINT('',(-2.00081047051054,-2.44225965814311,-25.05));
#6447=CARTESIAN_POINT('',(-4.00162094102107,-2.44225965814311,-101.538529938886));
#6448=CARTESIAN_POINT('Origin',(-4.00162094102107,-0.639990587527084,-101.538529938886));
#6449=CARTESIAN_POINT('',(-4.00162094102107,-0.639990587527084,-24.85));
#6450=CARTESIAN_POINT('',(-4.00162094102107,-0.319995293763542,-24.85));
#6451=CARTESIAN_POINT('',(-4.00162094102107,-0.639990587527084,-25.05));
#6452=CARTESIAN_POINT('',(-4.00162094102107,-0.319995293763542,-25.05));
#6453=CARTESIAN_POINT('',(-4.00162094102107,-0.639990587527084,-101.538529938886));
#6454=CARTESIAN_POINT('Origin',(-4.20907637360997,-0.639990587527084,-101.538529938886));
#6455=CARTESIAN_POINT('',(-2.10453818680498,-0.639990587527084,-24.85));
#6456=CARTESIAN_POINT('',(-2.10453818680498,-0.639990587527084,-25.05));
#6457=CARTESIAN_POINT('Origin',(0.,0.,-24.85));
#6458=CARTESIAN_POINT('Ctrl Pts',(4.76985406812817,-1.09704083744949,-101.538529938886));
#6459=CARTESIAN_POINT('Ctrl Pts',(4.76985406812817,-1.09704083744949,118.748436285105));
#6460=CARTESIAN_POINT('Ctrl Pts',(4.76985406812817,-0.970622683215634,-101.538529938886));
#6461=CARTESIAN_POINT('Ctrl Pts',(4.76985406812817,-0.970622683215634,118.748436285105));
#6462=CARTESIAN_POINT('Ctrl Pts',(4.67098858853503,-0.78423694299905,-101.538529938886));
#6463=CARTESIAN_POINT('Ctrl Pts',(4.67098858853503,-0.78423694299905,118.748436285105));
#6464=CARTESIAN_POINT('Ctrl Pts',(4.56239863553928,-0.727510848150521,-101.538529938886));
#6465=CARTESIAN_POINT('Ctrl Pts',(4.56239863553928,-0.727510848150521,118.748436285105));
#6466=CARTESIAN_POINT('',(4.76985406812817,-1.09704083744949,-24.85));
#6467=CARTESIAN_POINT('',(4.56239863553928,-0.727510848150521,-24.85));
#6468=CARTESIAN_POINT('Ctrl Pts',(4.76985406812817,-1.09704083744949,-24.85));
#6469=CARTESIAN_POINT('Ctrl Pts',(4.76985406812817,-1.01276206796025,-24.85));
#6470=CARTESIAN_POINT('Ctrl Pts',(4.75337648819598,-0.939558393179537,-24.85));
#6471=CARTESIAN_POINT('Ctrl Pts',(4.68746616846722,-0.815301233035148,-24.85));
#6472=CARTESIAN_POINT('Ctrl Pts',(4.63479193753645,-0.765328244716207,-24.85));
#6473=CARTESIAN_POINT('Ctrl Pts',(4.56239863553928,-0.727510848150521,-24.85));
#6474=CARTESIAN_POINT('',(4.76985406812817,-1.09704083744949,-25.05));
#6475=CARTESIAN_POINT('',(4.76985406812817,-1.09704083744949,-101.538529938886));
#6476=CARTESIAN_POINT('',(4.56239863553928,-0.727510848150521,-25.05));
#6477=CARTESIAN_POINT('Ctrl Pts',(4.56239863553928,-0.727510848150521,-25.0500000000001));
#6478=CARTESIAN_POINT('Ctrl Pts',(4.67098858853503,-0.78423694299905,-25.0500000000001));
#6479=CARTESIAN_POINT('Ctrl Pts',(4.76985406812817,-0.970622683215634,-25.0500000000001));
#6480=CARTESIAN_POINT('Ctrl Pts',(4.76985406812817,-1.09704083744949,-25.0500000000001));
#6481=CARTESIAN_POINT('',(4.56239863553928,-0.727510848150521,-101.538529938886));
#6482=CARTESIAN_POINT('Ctrl Pts',(4.56239863553928,-0.727510848150521,-101.538529938886));
#6483=CARTESIAN_POINT('Ctrl Pts',(4.56239863553928,-0.727510848150521,118.748436285105));
#6484=CARTESIAN_POINT('Ctrl Pts',(4.46515390151324,-0.674026244436199,-101.538529938886));
#6485=CARTESIAN_POINT('Ctrl Pts',(4.46515390151324,-0.674026244436199,118.748436285105));
#6486=CARTESIAN_POINT('Ctrl Pts',(4.25121548665594,-0.646473569795485,-101.538529938886));
#6487=CARTESIAN_POINT('Ctrl Pts',(4.25121548665594,-0.646473569795485,118.748436285105));
#6488=CARTESIAN_POINT('Ctrl Pts',(4.03727707179864,-0.646473569795485,-101.538529938886));
#6489=CARTESIAN_POINT('Ctrl Pts',(4.03727707179864,-0.646473569795485,118.748436285105));
#6490=CARTESIAN_POINT('',(4.03727707179864,-0.646473569795485,-24.85));
#6491=CARTESIAN_POINT('Ctrl Pts',(4.56239863553928,-0.727510848150521,-24.85));
#6492=CARTESIAN_POINT('Ctrl Pts',(4.49756881285525,-0.691854445674306,-24.85));
#6493=CARTESIAN_POINT('Ctrl Pts',(4.42949749903702,-0.66943413199608,-24.85));
#6494=CARTESIAN_POINT('Ctrl Pts',(4.28687188913215,-0.651065682235604,-24.85));
#6495=CARTESIAN_POINT('Ctrl Pts',(4.1799026817035,-0.646473569795485,-24.85));
#6496=CARTESIAN_POINT('Ctrl Pts',(4.03727707179864,-0.646473569795485,-24.85));
#6497=CARTESIAN_POINT('',(4.03727707179864,-0.646473569795485,-25.05));
#6498=CARTESIAN_POINT('Ctrl Pts',(4.03727707179864,-0.646473569795485,-25.0500000000001));
#6499=CARTESIAN_POINT('Ctrl Pts',(4.25121548665594,-0.646473569795485,-25.0500000000001));
#6500=CARTESIAN_POINT('Ctrl Pts',(4.46515390151324,-0.674026244436199,-25.0500000000001));
#6501=CARTESIAN_POINT('Ctrl Pts',(4.56239863553928,-0.727510848150521,-25.0500000000001));
#6502=CARTESIAN_POINT('',(4.03727707179864,-0.646473569795485,-101.538529938886));
#6503=CARTESIAN_POINT('Origin',(3.50729327135669,-0.646473569795485,-101.538529938886));
#6504=CARTESIAN_POINT('',(3.50729327135669,-0.646473569795485,-24.85));
#6505=CARTESIAN_POINT('',(1.75364663567835,-0.646473569795485,-24.85));
#6506=CARTESIAN_POINT('',(3.50729327135669,-0.646473569795485,-25.05));
#6507=CARTESIAN_POINT('',(1.75364663567835,-0.646473569795485,-25.05));
#6508=CARTESIAN_POINT('',(3.50729327135669,-0.646473569795485,-101.538529938886));
#6509=CARTESIAN_POINT('Origin',(3.50729327135669,-2.64647359959781,-101.538529938886));
#6510=CARTESIAN_POINT('',(3.50729327135669,-2.64647359959781,-24.85));
#6511=CARTESIAN_POINT('',(3.50729327135669,-1.3232367997989,-24.85));
#6512=CARTESIAN_POINT('',(3.50729327135669,-2.64647359959781,-25.05));
#6513=CARTESIAN_POINT('',(3.50729327135669,-1.3232367997989,-25.05));
#6514=CARTESIAN_POINT('',(3.50729327135669,-2.64647359959781,-101.538529938886));
#6515=CARTESIAN_POINT('Origin',(4.08103720211036,-2.64647359959781,-101.538529938886));
#6516=CARTESIAN_POINT('',(4.08103720211036,-2.64647359959781,-24.85));
#6517=CARTESIAN_POINT('',(2.04051860105518,-2.64647359959781,-24.85));
#6518=CARTESIAN_POINT('',(4.08103720211036,-2.64647359959781,-25.05));
#6519=CARTESIAN_POINT('',(2.04051860105518,-2.64647359959781,-25.05));
#6520=CARTESIAN_POINT('',(4.08103720211036,-2.64647359959781,-101.538529938886));
#6521=CARTESIAN_POINT('Ctrl Pts',(4.58670981904579,-2.04355624863633,-101.538529938886));
#6522=CARTESIAN_POINT('Ctrl Pts',(4.58670981904579,-2.04355624863633,118.748436285105));
#6523=CARTESIAN_POINT('Ctrl Pts',(4.58670981904579,-1.93010405893927,-101.538529938886));
#6524=CARTESIAN_POINT('Ctrl Pts',(4.58670981904579,-1.93010405893927,118.748436285105));
#6525=CARTESIAN_POINT('Ctrl Pts',(4.52187999636176,-1.78423695790021,-101.538529938886));
#6526=CARTESIAN_POINT('Ctrl Pts',(4.52187999636176,-1.78423695790021,118.748436285105));
#6527=CARTESIAN_POINT('Ctrl Pts',(4.42463526233572,-1.73237309975299,-101.538529938886));
#6528=CARTESIAN_POINT('Ctrl Pts',(4.42463526233572,-1.73237309975299,118.748436285105));
#6529=CARTESIAN_POINT('',(4.42463526233572,-1.73237309975299,-24.85));
#6530=CARTESIAN_POINT('',(4.58670981904579,-2.04355624863633,-24.85));
#6531=CARTESIAN_POINT('Ctrl Pts',(4.42463526233572,-1.73237309975299,-24.85));
#6532=CARTESIAN_POINT('Ctrl Pts',(4.48946508501975,-1.76694900518447,-24.85));
#6533=CARTESIAN_POINT('Ctrl Pts',(4.5326849668091,-1.80854814140672,-24.85));
#6534=CARTESIAN_POINT('Ctrl Pts',(4.57590484859846,-1.90579287543276,-24.85));
#6535=CARTESIAN_POINT('Ctrl Pts',(4.58670981904579,-1.96792145550496,-24.85));
#6536=CARTESIAN_POINT('Ctrl Pts',(4.58670981904579,-2.04355624863633,-24.85));
#6537=CARTESIAN_POINT('',(4.42463526233572,-1.73237309975299,-101.538529938886));
#6538=CARTESIAN_POINT('',(4.58670981904579,-2.04355624863633,-101.538529938886));
#6539=CARTESIAN_POINT('Ctrl Pts',(4.42463526233572,-1.73237309975299,-101.538529938886));
#6540=CARTESIAN_POINT('Ctrl Pts',(4.42463526233572,-1.73237309975299,118.748436285105));
#6541=CARTESIAN_POINT('Ctrl Pts',(4.36142618521879,-1.69995818841097,-101.538529938886));
#6542=CARTESIAN_POINT('Ctrl Pts',(4.36142618521879,-1.69995818841097,118.748436285105));
#6543=CARTESIAN_POINT('Ctrl Pts',(4.21231759304552,-1.68050924160576,-101.538529938886));
#6544=CARTESIAN_POINT('Ctrl Pts',(4.21231759304552,-1.68050924160576,118.748436285105));
#6545=CARTESIAN_POINT('Ctrl Pts',(4.07455421984196,-1.68050924160576,-101.538529938886));
#6546=CARTESIAN_POINT('Ctrl Pts',(4.07455421984196,-1.68050924160576,118.748436285105));
#6547=CARTESIAN_POINT('',(4.07455421984196,-1.68050924160576,-24.85));
#6548=CARTESIAN_POINT('Ctrl Pts',(4.07455421984196,-1.68050924160576,-24.85));
#6549=CARTESIAN_POINT('Ctrl Pts',(4.16639646864433,-1.68050924160576,-24.85));
#6550=CARTESIAN_POINT('Ctrl Pts',(4.2371690250744,-1.68375073273996,-24.85));
#6551=CARTESIAN_POINT('Ctrl Pts',(4.33657475318991,-1.69671669727677,-24.85));
#6552=CARTESIAN_POINT('Ctrl Pts',(4.3824958775911,-1.71076315885831,-24.85));
#6553=CARTESIAN_POINT('Ctrl Pts',(4.42463526233572,-1.73237309975299,-24.85));
#6554=CARTESIAN_POINT('',(4.07455421984196,-1.68050924160576,-101.538529938886));
#6555=CARTESIAN_POINT('Origin',(3.77309554436122,-1.68050924160576,-101.538529938886));
#6556=CARTESIAN_POINT('',(3.77309554436122,-1.68050924160576,-24.85));
#6557=CARTESIAN_POINT('',(1.88654777218061,-1.68050924160576,-24.85));
#6558=CARTESIAN_POINT('',(3.77309554436122,-1.68050924160576,-101.538529938886));
#6559=CARTESIAN_POINT('Ctrl Pts',(4.49270657615395,-1.13431798549281,-101.538529938886));
#6560=CARTESIAN_POINT('Ctrl Pts',(4.49270657615395,-1.13431798549281,118.748436285105));
#6561=CARTESIAN_POINT('Ctrl Pts',(4.49270657615395,-1.06300518054038,-101.538529938886));
#6562=CARTESIAN_POINT('Ctrl Pts',(4.49270657615395,-1.06300518054038,118.748436285105));
#6563=CARTESIAN_POINT('Ctrl Pts',(4.44408420914092,-0.956035973111726,-101.538529938886));
#6564=CARTESIAN_POINT('Ctrl Pts',(4.44408420914092,-0.956035973111726,118.748436285105));
#6565=CARTESIAN_POINT('Ctrl Pts',(4.3905996054266,-0.925241807336814,-101.538529938886));
#6566=CARTESIAN_POINT('Ctrl Pts',(4.3905996054266,-0.925241807336814,118.748436285105));
#6567=CARTESIAN_POINT('',(4.3905996054266,-0.925241807336814,-24.85));
#6568=CARTESIAN_POINT('',(4.49270657615395,-1.13431798549281,-24.85));
#6569=CARTESIAN_POINT('Ctrl Pts',(4.3905996054266,-0.925241807336814,-24.85));
#6570=CARTESIAN_POINT('Ctrl Pts',(4.42625600790282,-0.945771251186755,-24.85));
#6571=CARTESIAN_POINT('Ctrl Pts',(4.45218793697643,-0.973864174349834,-24.85));
#6572=CARTESIAN_POINT('Ctrl Pts',(4.48460284831844,-1.04517697930227,-24.85));
#6573=CARTESIAN_POINT('Ctrl Pts',(4.49270657615395,-1.08677611552452,-24.85));
#6574=CARTESIAN_POINT('Ctrl Pts',(4.49270657615395,-1.13431798549281,-24.85));
#6575=CARTESIAN_POINT('',(4.3905996054266,-0.925241807336814,-101.538529938886));
#6576=CARTESIAN_POINT('',(4.49270657615395,-1.13431798549281,-101.538529938886));
#6577=CARTESIAN_POINT('Ctrl Pts',(4.3905996054266,-0.925241807336814,-101.538529938886));
#6578=CARTESIAN_POINT('Ctrl Pts',(4.3905996054266,-0.925241807336814,118.748436285105));
#6579=CARTESIAN_POINT('Ctrl Pts',(4.32576978274257,-0.889585404860598,-101.538529938886));
#6580=CARTESIAN_POINT('Ctrl Pts',(4.32576978274257,-0.889585404860598,118.748436285105));
#6581=CARTESIAN_POINT('Ctrl Pts',(4.1685574627338,-0.873377949189589,-101.538529938886));
#6582=CARTESIAN_POINT('Ctrl Pts',(4.1685574627338,-0.873377949189589,118.748436285105));
#6583=CARTESIAN_POINT('Ctrl Pts',(4.02755259839603,-0.873377949189589,-101.538529938886));
#6584=CARTESIAN_POINT('Ctrl Pts',(4.02755259839603,-0.873377949189589,118.748436285105));
#6585=CARTESIAN_POINT('',(4.02755259839603,-0.873377949189589,-24.85));
#6586=CARTESIAN_POINT('Ctrl Pts',(4.02755259839603,-0.873377949189589,-24.85));
#6587=CARTESIAN_POINT('Ctrl Pts',(4.12155584128788,-0.873377949189589,-24.85));
#6588=CARTESIAN_POINT('Ctrl Pts',(4.19475951606859,-0.876079191801424,-24.85));
#6589=CARTESIAN_POINT('Ctrl Pts',(4.29956772940777,-0.886884162248763,-24.85));
#6590=CARTESIAN_POINT('Ctrl Pts',(4.34737972363725,-0.90147087235267,-24.85));
#6591=CARTESIAN_POINT('Ctrl Pts',(4.3905996054266,-0.925241807336814,-24.85));
#6592=CARTESIAN_POINT('',(4.02755259839603,-0.873377949189589,-101.538529938886));
#6593=CARTESIAN_POINT('Origin',(3.77309554436122,-0.873377949189589,-101.538529938886));
#6594=CARTESIAN_POINT('',(3.77309554436122,-0.873377949189589,-24.85));
#6595=CARTESIAN_POINT('',(1.88654777218061,-0.873377949189589,-24.85));
#6596=CARTESIAN_POINT('',(3.77309554436122,-0.873377949189589,-101.538529938886));
#6597=CARTESIAN_POINT('Ctrl Pts',(4.08103720211036,-2.64647359959781,-101.538529938886));
#6598=CARTESIAN_POINT('Ctrl Pts',(4.08103720211036,-2.64647359959781,118.748436285105));
#6599=CARTESIAN_POINT('Ctrl Pts',(4.28525114356505,-2.64647359959781,-101.538529938886));
#6600=CARTESIAN_POINT('Ctrl Pts',(4.28525114356505,-2.64647359959781,118.748436285105));
#6601=CARTESIAN_POINT('Ctrl Pts',(4.54294968873407,-2.57191930351117,-101.538529938886));
#6602=CARTESIAN_POINT('Ctrl Pts',(4.54294968873407,-2.57191930351117,118.748436285105));
#6603=CARTESIAN_POINT('Ctrl Pts',(4.65640187843112,-2.48439904288773,-101.538529938886));
#6604=CARTESIAN_POINT('Ctrl Pts',(4.65640187843112,-2.48439904288773,118.748436285105));
#6605=CARTESIAN_POINT('',(4.65640187843112,-2.48439904288773,-24.85));
#6606=CARTESIAN_POINT('Ctrl Pts',(4.08103720211036,-2.64647359959781,-24.85));
#6607=CARTESIAN_POINT('Ctrl Pts',(4.21717982974682,-2.64647359959781,-24.85));
#6608=CARTESIAN_POINT('Ctrl Pts',(4.32820090109322,-2.63404788358337,-24.85));
#6609=CARTESIAN_POINT('Ctrl Pts',(4.4999999312059,-2.58434501952561,-24.85));
#6610=CARTESIAN_POINT('Ctrl Pts',(4.58076708529975,-2.54274588330336,-24.85));
#6611=CARTESIAN_POINT('Ctrl Pts',(4.65640187843112,-2.48439904288773,-24.85));
#6612=CARTESIAN_POINT('',(4.65640187843112,-2.48439904288773,-25.05));
#6613=CARTESIAN_POINT('Ctrl Pts',(4.65640187843112,-2.48439904288773,-25.0500000000001));
#6614=CARTESIAN_POINT('Ctrl Pts',(4.54294968873407,-2.57191930351117,-25.0500000000001));
#6615=CARTESIAN_POINT('Ctrl Pts',(4.28525114356505,-2.64647359959781,-25.0500000000001));
#6616=CARTESIAN_POINT('Ctrl Pts',(4.08103720211036,-2.64647359959781,-25.0500000000001));
#6617=CARTESIAN_POINT('',(4.65640187843112,-2.48439904288773,-101.538529938886));
#6618=CARTESIAN_POINT('Ctrl Pts',(4.65640187843112,-2.48439904288773,-101.538529938886));
#6619=CARTESIAN_POINT('Ctrl Pts',(4.65640187843112,-2.48439904288773,118.748436285105));
#6620=CARTESIAN_POINT('Ctrl Pts',(4.75040512132297,-2.4098447468011,-101.538529938886));
#6621=CARTESIAN_POINT('Ctrl Pts',(4.75040512132297,-2.4098447468011,118.748436285105));
#6622=CARTESIAN_POINT('Ctrl Pts',(4.86385731102002,-2.18131962183989,-101.538529938886));
#6623=CARTESIAN_POINT('Ctrl Pts',(4.86385731102002,-2.18131962183989,118.748436285105));
#6624=CARTESIAN_POINT('Ctrl Pts',(4.86385731102002,-2.03221102966662,-101.538529938886));
#6625=CARTESIAN_POINT('Ctrl Pts',(4.86385731102002,-2.03221102966662,118.748436285105));
#6626=CARTESIAN_POINT('',(4.86385731102002,-2.03221102966662,-24.85));
#6627=CARTESIAN_POINT('Ctrl Pts',(4.65640187843112,-2.48439904288773,-24.85));
#6628=CARTESIAN_POINT('Ctrl Pts',(4.71907070702569,-2.43469617882998,-24.85));
#6629=CARTESIAN_POINT('Ctrl Pts',(4.76931381960581,-2.37175722597423,-24.85));
#6630=CARTESIAN_POINT('Ctrl Pts',(4.84494861273718,-2.21940714266676,-24.85));
#6631=CARTESIAN_POINT('Ctrl Pts',(4.86385731102002,-2.13161675778214,-24.85));
#6632=CARTESIAN_POINT('Ctrl Pts',(4.86385731102002,-2.03221102966662,-24.85));
#6633=CARTESIAN_POINT('',(4.86385731102002,-2.03221102966662,-25.05));
#6634=CARTESIAN_POINT('Ctrl Pts',(4.86385731102002,-2.03221102966662,-25.0500000000001));
#6635=CARTESIAN_POINT('Ctrl Pts',(4.86385731102002,-2.18131962183989,-25.0500000000001));
#6636=CARTESIAN_POINT('Ctrl Pts',(4.75040512132297,-2.4098447468011,-25.0500000000001));
#6637=CARTESIAN_POINT('Ctrl Pts',(4.65640187843112,-2.48439904288773,-25.0500000000001));
#6638=CARTESIAN_POINT('',(4.86385731102002,-2.03221102966662,-101.538529938886));
#6639=CARTESIAN_POINT('Ctrl Pts',(4.86385731102002,-2.03221102966662,-101.538529938886));
#6640=CARTESIAN_POINT('Ctrl Pts',(4.86385731102002,-2.03221102966662,118.748436285105));
#6641=CARTESIAN_POINT('Ctrl Pts',(4.86385731102002,-1.84096305274874,-101.538529938886));
#6642=CARTESIAN_POINT('Ctrl Pts',(4.86385731102002,-1.84096305274874,118.748436285105));
#6643=CARTESIAN_POINT('Ctrl Pts',(4.66774709740083,-1.58326450757972,-101.538529938886));
#6644=CARTESIAN_POINT('Ctrl Pts',(4.66774709740083,-1.58326450757972,118.748436285105));
#6645=CARTESIAN_POINT('Ctrl Pts',(4.48946508501975,-1.53464214056669,-101.538529938886));
#6646=CARTESIAN_POINT('Ctrl Pts',(4.48946508501975,-1.53464214056669,118.748436285105));
#6647=CARTESIAN_POINT('',(4.48946508501975,-1.53464214056669,-24.85));
#6648=CARTESIAN_POINT('Ctrl Pts',(4.86385731102002,-2.03221102966662,-24.85));
#6649=CARTESIAN_POINT('Ctrl Pts',(4.86385731102002,-1.90471237838803,-24.85));
#6650=CARTESIAN_POINT('Ctrl Pts',(4.83117227541682,-1.79801329522057,-24.85));
#6651=CARTESIAN_POINT('Ctrl Pts',(4.70043213300403,-1.62621426510789,-24.85));
#6652=CARTESIAN_POINT('Ctrl Pts',(4.60831975994047,-1.56705705190871,-24.85));
#6653=CARTESIAN_POINT('Ctrl Pts',(4.48946508501975,-1.53464214056669,-24.85));
#6654=CARTESIAN_POINT('',(4.48946508501975,-1.53464214056669,-25.05));
#6655=CARTESIAN_POINT('Ctrl Pts',(4.48946508501975,-1.53464214056669,-25.0500000000001));
#6656=CARTESIAN_POINT('Ctrl Pts',(4.66774709740083,-1.58326450757972,-25.0500000000001));
#6657=CARTESIAN_POINT('Ctrl Pts',(4.86385731102002,-1.84096305274874,-25.0500000000001));
#6658=CARTESIAN_POINT('Ctrl Pts',(4.86385731102002,-2.03221102966662,-25.0500000000001));
#6659=CARTESIAN_POINT('',(4.48946508501975,-1.53464214056669,-101.538529938886));
#6660=CARTESIAN_POINT('Origin',(4.48946508501975,-1.52491766716409,-101.538529938886));
#6661=CARTESIAN_POINT('',(4.48946508501975,-1.52491766716409,-24.85));
#6662=CARTESIAN_POINT('',(4.48946508501975,-0.762458833582045,-24.85));
#6663=CARTESIAN_POINT('',(4.48946508501975,-1.52491766716409,-25.05));
#6664=CARTESIAN_POINT('',(4.48946508501975,-0.762458833582045,-25.05));
#6665=CARTESIAN_POINT('',(4.48946508501975,-1.52491766716409,-101.538529938886));
#6666=CARTESIAN_POINT('Ctrl Pts',(4.48946508501975,-1.52491766716409,-101.538529938886));
#6667=CARTESIAN_POINT('Ctrl Pts',(4.48946508501975,-1.52491766716409,118.748436285105));
#6668=CARTESIAN_POINT('Ctrl Pts',(4.62074547595491,-1.46170859004716,-101.538529938886));
#6669=CARTESIAN_POINT('Ctrl Pts',(4.62074547595491,-1.46170859004716,118.748436285105));
#6670=CARTESIAN_POINT('Ctrl Pts',(4.76985406812817,-1.23804570178726,-101.538529938886));
#6671=CARTESIAN_POINT('Ctrl Pts',(4.76985406812817,-1.23804570178726,118.748436285105));
#6672=CARTESIAN_POINT('Ctrl Pts',(4.76985406812817,-1.09704083744949,-101.538529938886));
#6673=CARTESIAN_POINT('Ctrl Pts',(4.76985406812817,-1.09704083744949,118.748436285105));
#6674=CARTESIAN_POINT('Ctrl Pts',(4.48946508501975,-1.52491766716409,-24.85));
#6675=CARTESIAN_POINT('Ctrl Pts',(4.57698534564319,-1.48277828241947,-24.85));
#6676=CARTESIAN_POINT('Ctrl Pts',(4.64559690798379,-1.42443144200384,-24.85));
#6677=CARTESIAN_POINT('Ctrl Pts',(4.7450026360993,-1.27532284983057,-24.85));
#6678=CARTESIAN_POINT('Ctrl Pts',(4.76985406812817,-1.19104408034134,-24.85));
#6679=CARTESIAN_POINT('Ctrl Pts',(4.76985406812817,-1.09704083744949,-24.85));
#6680=CARTESIAN_POINT('Ctrl Pts',(4.76985406812817,-1.09704083744949,-25.0500000000001));
#6681=CARTESIAN_POINT('Ctrl Pts',(4.76985406812817,-1.23804570178726,-25.0500000000001));
#6682=CARTESIAN_POINT('Ctrl Pts',(4.62074547595491,-1.46170859004716,-25.0500000000001));
#6683=CARTESIAN_POINT('Ctrl Pts',(4.48946508501975,-1.52491766716409,-25.0500000000001));
#6684=CARTESIAN_POINT('Ctrl Pts',(4.44246346357383,-2.33529045071446,-101.538529938886));
#6685=CARTESIAN_POINT('Ctrl Pts',(4.44246346357383,-2.33529045071446,118.748436285105));
#6686=CARTESIAN_POINT('Ctrl Pts',(4.51701775966046,-2.28180584700014,-101.538529938886));
#6687=CARTESIAN_POINT('Ctrl Pts',(4.51701775966046,-2.28180584700014,118.748436285105));
#6688=CARTESIAN_POINT('Ctrl Pts',(4.58670981904579,-2.14890471049788,-101.538529938886));
#6689=CARTESIAN_POINT('Ctrl Pts',(4.58670981904579,-2.14890471049788,118.748436285105));
#6690=CARTESIAN_POINT('Ctrl Pts',(4.58670981904579,-2.04355624863633,-101.538529938886));
#6691=CARTESIAN_POINT('Ctrl Pts',(4.58670981904579,-2.04355624863633,118.748436285105));
#6692=CARTESIAN_POINT('',(4.44246346357383,-2.33529045071446,-24.85));
#6693=CARTESIAN_POINT('Ctrl Pts',(4.58670981904579,-2.04355624863633,-24.85));
#6694=CARTESIAN_POINT('Ctrl Pts',(4.58670981904579,-2.11378855654403,-24.85));
#6695=CARTESIAN_POINT('Ctrl Pts',(4.5750944758149,-2.17105489991492,-24.85));
#6696=CARTESIAN_POINT('Ctrl Pts',(4.52863310289135,-2.25965565758309,-24.85));
#6697=CARTESIAN_POINT('Ctrl Pts',(4.49216632763158,-2.29963404823825,-24.85));
#6698=CARTESIAN_POINT('Ctrl Pts',(4.44246346357383,-2.33529045071446,-24.85));
#6699=CARTESIAN_POINT('',(4.44246346357383,-2.33529045071446,-101.538529938886));
#6700=CARTESIAN_POINT('Ctrl Pts',(3.98865470478561,-2.4195692202037,-101.538529938886));
#6701=CARTESIAN_POINT('Ctrl Pts',(3.98865470478561,-2.4195692202037,118.748436285105));
#6702=CARTESIAN_POINT('Ctrl Pts',(4.1636952260325,-2.4195692202037,-101.538529938886));
#6703=CARTESIAN_POINT('Ctrl Pts',(4.1636952260325,-2.4195692202037,118.748436285105));
#6704=CARTESIAN_POINT('Ctrl Pts',(4.36466767635299,-2.38715430886169,-101.538529938886));
#6705=CARTESIAN_POINT('Ctrl Pts',(4.36466767635299,-2.38715430886169,118.748436285105));
#6706=CARTESIAN_POINT('Ctrl Pts',(4.44246346357383,-2.33529045071446,-101.538529938886));
#6707=CARTESIAN_POINT('Ctrl Pts',(4.44246346357383,-2.33529045071446,118.748436285105));
#6708=CARTESIAN_POINT('',(3.98865470478561,-2.4195692202037,-24.85));
#6709=CARTESIAN_POINT('Ctrl Pts',(4.44246346357383,-2.33529045071446,-24.85));
#6710=CARTESIAN_POINT('Ctrl Pts',(4.3905996054266,-2.36986635614595,-24.85));
#6711=CARTESIAN_POINT('Ctrl Pts',(4.33117226796624,-2.39255679408536,-24.85));
#6712=CARTESIAN_POINT('Ctrl Pts',(4.19719063441925,-2.41416673498003,-24.85));
#6713=CARTESIAN_POINT('Ctrl Pts',(4.10534838561687,-2.4195692202037,-24.85));
#6714=CARTESIAN_POINT('Ctrl Pts',(3.98865470478561,-2.4195692202037,-24.85));
#6715=CARTESIAN_POINT('',(3.98865470478561,-2.4195692202037,-101.538529938886));
#6716=CARTESIAN_POINT('Origin',(3.98865470478561,-2.4195692202037,-101.538529938886));
#6717=CARTESIAN_POINT('',(3.77309554436122,-2.4195692202037,-24.85));
#6718=CARTESIAN_POINT('',(1.99432735239281,-2.4195692202037,-24.85));
#6719=CARTESIAN_POINT('',(3.77309554436122,-2.4195692202037,-101.538529938886));
#6720=CARTESIAN_POINT('Origin',(3.77309554436122,-2.4195692202037,-101.538529938886));
#6721=CARTESIAN_POINT('',(3.77309554436122,-1.20978461010185,-24.85));
#6722=CARTESIAN_POINT('Ctrl Pts',(4.380875132024,-1.39201653066183,-101.538529938886));
#6723=CARTESIAN_POINT('Ctrl Pts',(4.380875132024,-1.39201653066183,118.748436285105));
#6724=CARTESIAN_POINT('Ctrl Pts',(4.44246346357383,-1.35311863705141,-101.538529938886));
#6725=CARTESIAN_POINT('Ctrl Pts',(4.44246346357383,-1.35311863705141,118.748436285105));
#6726=CARTESIAN_POINT('Ctrl Pts',(4.49270657615395,-1.22832122838465,-101.538529938886));
#6727=CARTESIAN_POINT('Ctrl Pts',(4.49270657615395,-1.22832122838465,118.748436285105));
#6728=CARTESIAN_POINT('Ctrl Pts',(4.49270657615395,-1.13431798549281,-101.538529938886));
#6729=CARTESIAN_POINT('Ctrl Pts',(4.49270657615395,-1.13431798549281,118.748436285105));
#6730=CARTESIAN_POINT('',(4.380875132024,-1.39201653066183,-24.85));
#6731=CARTESIAN_POINT('Ctrl Pts',(4.49270657615395,-1.13431798549281,-24.85));
#6732=CARTESIAN_POINT('Ctrl Pts',(4.49270657615395,-1.19698681408737,-24.85));
#6733=CARTESIAN_POINT('Ctrl Pts',(4.48433272405726,-1.24912079649578,-24.85));
#6734=CARTESIAN_POINT('Ctrl Pts',(4.45083731567051,-1.33231906894028,-24.85));
#6735=CARTESIAN_POINT('Ctrl Pts',(4.42193401972388,-1.36608460158822,-24.85));
#6736=CARTESIAN_POINT('Ctrl Pts',(4.380875132024,-1.39201653066183,-24.85));
#6737=CARTESIAN_POINT('',(4.380875132024,-1.39201653066183,-101.538529938886));
#6738=CARTESIAN_POINT('Ctrl Pts',(4.07455421984196,-1.45846709891296,-101.538529938886));
#6739=CARTESIAN_POINT('Ctrl Pts',(4.07455421984196,-1.45846709891296,118.748436285105));
#6740=CARTESIAN_POINT('Ctrl Pts',(4.19935162850871,-1.45846709891296,-101.538529938886));
#6741=CARTESIAN_POINT('Ctrl Pts',(4.19935162850871,-1.45846709891296,118.748436285105));
#6742=CARTESIAN_POINT('Ctrl Pts',(4.31766605490707,-1.43253516983935,-101.538529938886));
#6743=CARTESIAN_POINT('Ctrl Pts',(4.31766605490707,-1.43253516983935,118.748436285105));
#6744=CARTESIAN_POINT('Ctrl Pts',(4.380875132024,-1.39201653066183,-101.538529938886));
#6745=CARTESIAN_POINT('Ctrl Pts',(4.380875132024,-1.39201653066183,118.748436285105));
#6746=CARTESIAN_POINT('',(4.07455421984196,-1.45846709891296,-24.85));
#6747=CARTESIAN_POINT('Ctrl Pts',(4.380875132024,-1.39201653066183,-24.85));
#6748=CARTESIAN_POINT('Ctrl Pts',(4.33873574727938,-1.41902895678018,-24.85));
#6749=CARTESIAN_POINT('Ctrl Pts',(4.29794698384068,-1.43685715801828,-24.85));
#6750=CARTESIAN_POINT('Ctrl Pts',(4.21907069957511,-1.45414511073403,-24.85));
#6751=CARTESIAN_POINT('Ctrl Pts',(4.15775249228646,-1.45846709891296,-24.85));
#6752=CARTESIAN_POINT('Ctrl Pts',(4.07455421984196,-1.45846709891296,-24.85));
#6753=CARTESIAN_POINT('',(4.07455421984196,-1.45846709891296,-101.538529938886));
#6754=CARTESIAN_POINT('Origin',(4.07455421984196,-1.45846709891296,-101.538529938886));
#6755=CARTESIAN_POINT('',(3.77309554436122,-1.45846709891296,-24.85));
#6756=CARTESIAN_POINT('',(2.03727710992098,-1.45846709891296,-24.85));
#6757=CARTESIAN_POINT('',(3.77309554436122,-1.45846709891296,-101.538529938886));
#6758=CARTESIAN_POINT('Origin',(3.77309554436122,-1.45846709891296,-101.538529938886));
#6759=CARTESIAN_POINT('',(3.77309554436122,-0.729233549456481,-24.85));
#6760=CARTESIAN_POINT('Origin',(0.,0.,-24.85));
#6761=CARTESIAN_POINT('Origin',(0.,0.,-25.05));
#6762=CARTESIAN_POINT('',(-22.2492793550651,0.,-25.05));
#6763=CARTESIAN_POINT('',(22.2492793550651,0.,-25.05));
#6764=CARTESIAN_POINT('',(0.,0.,-25.05));
#6765=CARTESIAN_POINT('',(-22.2492793550651,-15.7927538354819,-25.05));
#6766=CARTESIAN_POINT('',(-22.2492793550651,-1.53186668347029E-19,-25.05));
#6767=CARTESIAN_POINT('',(-20.291595577434,-15.7927538354819,-25.05));
#6768=CARTESIAN_POINT('',(-11.6009147097421,-15.7927538354819,-25.05));
#6769=CARTESIAN_POINT('',(-15.7927538354819,-20.291595577434,-25.05));
#6770=CARTESIAN_POINT('Origin',(-20.2939123917313,-20.2939123917313,-25.05));
#6771=CARTESIAN_POINT('',(-15.7927538354819,-22.2492793550651,-25.05));
#6772=CARTESIAN_POINT('',(-15.7927538354819,-11.6009147097421,-25.05));
#6773=CARTESIAN_POINT('',(15.7927538354819,-22.2492793550651,-25.05));
#6774=CARTESIAN_POINT('',(-12.65,-22.2492793550651,-25.05));
#6775=CARTESIAN_POINT('',(15.7927538354819,-20.291595577434,-25.05));
#6776=CARTESIAN_POINT('',(15.7927538354819,-11.6009147097421,-25.05));
#6777=CARTESIAN_POINT('',(20.291595577434,-15.7927538354819,-25.05));
#6778=CARTESIAN_POINT('Origin',(20.2939123917313,-20.2939123917313,-25.05));
#6779=CARTESIAN_POINT('',(22.2492793550651,-15.7927538354819,-25.05));
#6780=CARTESIAN_POINT('',(11.6009147097421,-15.7927538354819,-25.05));
#6781=CARTESIAN_POINT('',(22.2492793550651,-12.65,-25.05));
#6782=CARTESIAN_POINT('Origin',(-23.2018294194842,-16.85,0.));
#6783=CARTESIAN_POINT('',(-22.2492793550651,-16.2926251401432,-24.5613436667864));
#6784=CARTESIAN_POINT('',(-20.291595577434,-16.2926251401432,-24.5613436667864));
#6785=CARTESIAN_POINT('',(-11.6009147097421,-16.2926251401432,-24.5613436667864));
#6786=CARTESIAN_POINT('',(-22.849545664828,-16.85,0.));
#6787=CARTESIAN_POINT('',(-22.8457143641381,-16.8464424612037,-0.156766907295831));
#6788=CARTESIAN_POINT('',(-20.8489704372908,-16.85,0.));
#6789=CARTESIAN_POINT('',(-16.85,-16.85,0.));
#6790=CARTESIAN_POINT('',(-20.8501808663219,-16.8512104290311,0.0533389027006386));
#6791=CARTESIAN_POINT('Origin',(-20.8501808663219,-20.8501808663219,-0.0374104315904864));
#6792=CARTESIAN_POINT('',(-16.2926251401432,-20.291595577434,-24.5613436667864));
#6793=CARTESIAN_POINT('Origin',(-20.2939123917313,-20.2939123917313,-24.55));
#6794=CARTESIAN_POINT('',(-16.85,-20.8489704372908,0.));
#6795=CARTESIAN_POINT('Origin',(-20.8510298277773,-20.8510298277773,0.));
#6796=CARTESIAN_POINT('',(-16.8512104290311,-20.8501808663219,0.0533389027006389));
#6797=CARTESIAN_POINT('Origin',(-16.85,-23.2018294194842,0.));
#6798=CARTESIAN_POINT('',(-16.2926251401432,-22.2492793550651,-24.5613436667864));
#6799=CARTESIAN_POINT('',(-16.85,-22.849545664828,0.));
#6800=CARTESIAN_POINT('',(-16.8529497225697,-22.8527223762466,0.12998280865124));
#6801=CARTESIAN_POINT('',(-16.2926251401432,-11.6009147097421,-24.5613436667864));
#6802=CARTESIAN_POINT('',(-16.85,-25.2023443333728,0.));
#6803=CARTESIAN_POINT('Origin',(-25.3,-23.3505820949267,0.0476427473976736));
#6804=CARTESIAN_POINT('',(15.7927538354819,-22.7491300999557,-24.5622160890763));
#6805=CARTESIAN_POINT('',(16.35014849337,-23.3494177312601,0.));
#6806=CARTESIAN_POINT('',(16.3400638951764,-23.3385570969203,-0.444389045532839));
#6807=CARTESIAN_POINT('',(-15.7927538354819,-22.7491300999557,-24.5622160890763));
#6808=CARTESIAN_POINT('',(-12.65,-22.7491300999557,-24.5622160890763));
#6809=CARTESIAN_POINT('',(-16.35014849337,-23.3494177312601,0.));
#6810=CARTESIAN_POINT('',(-16.3530784179083,-23.3525731211372,0.129110386361304));
#6811=CARTESIAN_POINT('',(-12.65,-23.3494177312601,0.));
#6812=CARTESIAN_POINT('Origin',(16.85,-23.2018294194842,0.));
#6813=CARTESIAN_POINT('',(16.2926251401432,-22.2492793550651,-24.5613436667864));
#6814=CARTESIAN_POINT('',(16.2926251401432,-20.291595577434,-24.5613436667864));
#6815=CARTESIAN_POINT('',(16.2926251401432,-11.6009147097421,-24.5613436667864));
#6816=CARTESIAN_POINT('',(16.85,-22.849545664828,0.));
#6817=CARTESIAN_POINT('',(16.8399351998377,-22.8387063520297,-0.443516623242903));
#6818=CARTESIAN_POINT('',(16.85,-20.8489704372908,0.));
#6819=CARTESIAN_POINT('',(16.85,-16.85,0.));
#6820=CARTESIAN_POINT('',(16.8512104290311,-20.8501808663219,0.0533389027006389));
#6821=CARTESIAN_POINT('Origin',(20.8501808663219,-20.8501808663219,-0.0374104315904867));
#6822=CARTESIAN_POINT('',(20.291595577434,-16.2926251401432,-24.5613436667864));
#6823=CARTESIAN_POINT('Origin',(20.2939123917313,-20.2939123917313,-24.55));
#6824=CARTESIAN_POINT('',(20.8489704372908,-16.85,0.));
#6825=CARTESIAN_POINT('Origin',(20.8510298277773,-20.8510298277773,0.));
#6826=CARTESIAN_POINT('',(20.8501808663219,-16.8512104290311,0.0533389027006389));
#6827=CARTESIAN_POINT('Origin',(23.2018294194842,-16.85,0.));
#6828=CARTESIAN_POINT('',(22.2492793550651,-16.2926251401432,-24.5613436667864));
#6829=CARTESIAN_POINT('',(22.849545664828,-16.85,0.));
#6830=CARTESIAN_POINT('',(22.8527223762466,-16.8529497225697,0.12998280865124));
#6831=CARTESIAN_POINT('',(11.6009147097421,-16.2926251401432,-24.5613436667864));
#6832=CARTESIAN_POINT('',(25.2023443333728,-16.85,0.));
#6833=CARTESIAN_POINT('Origin',(-22.8457143641381,-16.3465711565423,-0.14542324050944));
#6834=CARTESIAN_POINT('',(-23.3494177312601,-16.35014849337,0.));
#6835=CARTESIAN_POINT('Origin',(-22.8492684315832,-16.3498712715278,0.));
#6836=CARTESIAN_POINT('',(-22.7491300999557,-15.7927538354819,-24.5622160890763));
#6837=CARTESIAN_POINT('Origin',(-22.2492793550651,-15.7927538354819,-24.55));
#6838=CARTESIAN_POINT('',(-23.3455651090287,-16.3465711565423,-0.157639329585766));
#6839=CARTESIAN_POINT('Origin',(-22.2492793550651,-1.53186668347029E-19,
-24.55));
#6840=CARTESIAN_POINT('',(-22.7491300999557,0.,-24.5622160890763));
#6841=CARTESIAN_POINT('Origin',(-22.2492793550651,0.,-24.55));
#6842=CARTESIAN_POINT('',(-22.7491300999557,-1.53186668347029E-19,-24.5622160890763));
#6843=CARTESIAN_POINT('Origin',(-22.2492793550651,-15.7927538354819,-24.55));
#6844=CARTESIAN_POINT('Origin',(-11.6009147097421,-15.7927538354819,-24.55));
#6845=CARTESIAN_POINT('Origin',(-20.291595577434,-15.7927538354819,-24.55));
#6846=CARTESIAN_POINT('Origin',(-22.2492793550651,-15.7927538354819,-24.55));
#6847=CARTESIAN_POINT('Ctrl Pts',(-16.2927173068836,-20.3166507925079,-24.5608575776759));
#6848=CARTESIAN_POINT('Ctrl Pts',(-16.2867741329504,-19.4107523043803,-24.5634425964767));
#6849=CARTESIAN_POINT('Ctrl Pts',(-17.0176883610917,-17.2919187580159,-24.5673773204804));
#6850=CARTESIAN_POINT('Ctrl Pts',(-19.1113522060451,-16.2845722800889,-24.5642976208427));
#6851=CARTESIAN_POINT('Ctrl Pts',(-20.3166530707175,-16.2927198080985,-24.5608575641251));
#6852=CARTESIAN_POINT('Ctrl Pts',(-16.2899187759833,-20.3166620369756,-24.6899874739019));
#6853=CARTESIAN_POINT('Ctrl Pts',(-16.283296041249,-19.4103639676082,-24.6921277598383));
#6854=CARTESIAN_POINT('Ctrl Pts',(-17.0139963621134,-17.2888252583526,-24.69537285773));
#6855=CARTESIAN_POINT('Ctrl Pts',(-19.1108309635548,-16.2808668221265,-24.6928356506208));
#6856=CARTESIAN_POINT('Ctrl Pts',(-20.3166643250046,-16.2899213079111,-24.689987463029));
#6857=CARTESIAN_POINT('Ctrl Pts',(-16.1782923571338,-20.3173699205882,-24.9463524104401));
#6858=CARTESIAN_POINT('Ctrl Pts',(-16.1709630217657,-19.3854787148824,-24.9470869297738));
#6859=CARTESIAN_POINT('Ctrl Pts',(-16.921335878349,-17.2037827362032,-24.94818971948));
#6860=CARTESIAN_POINT('Ctrl Pts',(-19.0774853578896,-16.1682940349159,-24.9473298405949));
#6861=CARTESIAN_POINT('Ctrl Pts',(-20.3173722918594,-16.1782949560671,-24.9463524070062));
#6862=CARTESIAN_POINT('Ctrl Pts',(-15.9186395077867,-20.3189917346516,-25.0513118514245));
#6863=CARTESIAN_POINT('Ctrl Pts',(-15.9117766567448,-19.3284575902495,-25.0512888342285));
#6864=CARTESIAN_POINT('Ctrl Pts',(-16.7106713243562,-17.0107412304717,-25.0512717021472));
#6865=CARTESIAN_POINT('Ctrl Pts',(-19.0010846610807,-15.9092474688844,-25.0512812677821));
#6866=CARTESIAN_POINT('Ctrl Pts',(-20.31899423288,-15.918642255949,-25.051311851056));
#6867=CARTESIAN_POINT('Ctrl Pts',(-15.7879977858837,-20.319811328226,-25.0499752086713));
#6868=CARTESIAN_POINT('Ctrl Pts',(-15.7813844709412,-19.2996403491759,-25.0499759032815));
#6869=CARTESIAN_POINT('Ctrl Pts',(-16.6046676102192,-16.9135043299153,-25.0499762873526));
#6870=CARTESIAN_POINT('Ctrl Pts',(-18.9624731520871,-15.7789311957749,-25.0499761312737));
#6871=CARTESIAN_POINT('Ctrl Pts',(-20.3198138933837,-15.7880006020421,-25.0499752086861));
#6872=CARTESIAN_POINT('Origin',(-15.7927538354819,-20.291595577434,-24.55));
#6873=CARTESIAN_POINT('Origin',(-16.3530784179083,-22.8527223762466,0.14132647543763));
#6874=CARTESIAN_POINT('Origin',(-16.3498712715278,-22.8492684315832,0.));
#6875=CARTESIAN_POINT('Origin',(-15.7927538354819,-22.2492793550651,-24.55));
#6876=CARTESIAN_POINT('Origin',(-15.7927538354819,-11.6009147097421,-24.55));
#6877=CARTESIAN_POINT('Origin',(-15.7927538354819,-22.2492793550651,-24.55));
#6878=CARTESIAN_POINT('Origin',(16.3400638951764,-22.8387063520297,-0.432172956456512));
#6879=CARTESIAN_POINT('Origin',(16.3498712715279,-22.8492684315832,0.));
#6880=CARTESIAN_POINT('Origin',(15.7927538354819,-22.2492793550651,-24.55));
#6881=CARTESIAN_POINT('Origin',(-12.65,-22.2492793550651,-24.55));
#6882=CARTESIAN_POINT('Origin',(-15.7927538354819,-22.2492793550651,-24.55));
#6883=CARTESIAN_POINT('Origin',(15.7927538354819,-22.2492793550651,-24.55));
#6884=CARTESIAN_POINT('Origin',(15.7927538354819,-11.6009147097421,-24.55));
#6885=CARTESIAN_POINT('Origin',(15.7927538354819,-20.291595577434,-24.55));
#6886=CARTESIAN_POINT('Origin',(15.7927538354819,-22.2492793550651,-24.55));
#6887=CARTESIAN_POINT('Ctrl Pts',(20.3166507925078,-16.2927173068836,-24.5608575776759));
#6888=CARTESIAN_POINT('Ctrl Pts',(19.4107523043802,-16.2867741329504,-24.5634425964767));
#6889=CARTESIAN_POINT('Ctrl Pts',(17.291918758016,-17.0176883610918,-24.5673773204804));
#6890=CARTESIAN_POINT('Ctrl Pts',(16.284572280089,-19.111352206045,-24.5642976208427));
#6891=CARTESIAN_POINT('Ctrl Pts',(16.2927198080985,-20.3166530707173,-24.5608575641251));
#6892=CARTESIAN_POINT('Ctrl Pts',(20.3166620369755,-16.2899187759833,-24.6899874739019));
#6893=CARTESIAN_POINT('Ctrl Pts',(19.4103639676082,-16.2832960412491,-24.6921277598383));
#6894=CARTESIAN_POINT('Ctrl Pts',(17.2888252583527,-17.0139963621135,-24.69537285773));
#6895=CARTESIAN_POINT('Ctrl Pts',(16.2808668221265,-19.1108309635547,-24.6928356506208));
#6896=CARTESIAN_POINT('Ctrl Pts',(16.2899213079111,-20.3166643250045,-24.689987463029));
#6897=CARTESIAN_POINT('Ctrl Pts',(20.3173699205881,-16.1782923571338,-24.9463524104401));
#6898=CARTESIAN_POINT('Ctrl Pts',(19.3854787148823,-16.1709630217657,-24.9470869297738));
#6899=CARTESIAN_POINT('Ctrl Pts',(17.2037827362032,-16.921335878349,-24.94818971948));
#6900=CARTESIAN_POINT('Ctrl Pts',(16.1682940349161,-19.0774853578896,-24.9473298405949));
#6901=CARTESIAN_POINT('Ctrl Pts',(16.178294956067,-20.3173722918592,-24.9463524070061));
#6902=CARTESIAN_POINT('Ctrl Pts',(20.3189917346514,-15.9186395077868,-25.0513118514245));
#6903=CARTESIAN_POINT('Ctrl Pts',(19.3284575902494,-15.9117766567448,-25.0512888342285));
#6904=CARTESIAN_POINT('Ctrl Pts',(17.0107412304717,-16.7106713243563,-25.0512717021472));
#6905=CARTESIAN_POINT('Ctrl Pts',(15.9092474688845,-19.0010846610806,-25.0512812677821));
#6906=CARTESIAN_POINT('Ctrl Pts',(15.918642255949,-20.3189942328798,-25.051311851056));
#6907=CARTESIAN_POINT('Ctrl Pts',(20.3198113282259,-15.7879977858837,-25.0499752086713));
#6908=CARTESIAN_POINT('Ctrl Pts',(19.2996403491759,-15.7813844709412,-25.0499759032815));
#6909=CARTESIAN_POINT('Ctrl Pts',(16.9135043299154,-16.6046676102192,-25.0499762873526));
#6910=CARTESIAN_POINT('Ctrl Pts',(15.778931195775,-18.962473152087,-25.0499761312737));
#6911=CARTESIAN_POINT('Ctrl Pts',(15.7880006020421,-20.3198138933836,-25.0499752086861));
#6912=CARTESIAN_POINT('Origin',(20.291595577434,-15.7927538354819,-24.55));
#6913=CARTESIAN_POINT('Origin',(11.6009147097421,-15.7927538354819,-24.55));
#6914=CARTESIAN_POINT('Origin',(22.2492793550651,-15.7927538354819,-24.55));
#6915=CARTESIAN_POINT('Origin',(22.2492793550651,-12.65,-24.55));
#6916=CARTESIAN_POINT('Origin',(22.2492793550651,0.,-24.55));
#6917=CARTESIAN_POINT('Origin',(22.2492793550651,-15.7927538354819,-24.55));
#6918=CARTESIAN_POINT('Origin',(22.8527223762466,-16.3530784179083,0.14132647543763));
#6919=CARTESIAN_POINT('Origin',(22.8492684315833,-16.3498712715278,0.));
#6920=CARTESIAN_POINT('Origin',(22.2492793550651,-15.7927538354819,-24.55));
#6921=CARTESIAN_POINT('Origin',(22.2492793550651,-15.7927538354819,-24.55));
#6922=CARTESIAN_POINT('Origin',(15.7927538354819,-22.2492793550651,-24.55));
#6923=CARTESIAN_POINT('Origin',(-15.7927538354819,-22.2492793550651,-24.55));
#6924=CARTESIAN_POINT('Origin',(-22.2492793550651,-15.7927538354819,-24.55));
#6925=CARTESIAN_POINT('Origin',(23.1763455245452,-12.65,-25.5));
#6926=CARTESIAN_POINT('',(23.1763455245452,0.,-27.));
#6927=CARTESIAN_POINT('Origin',(23.1763455245452,0.,-25.5));
#6928=CARTESIAN_POINT('',(23.1763455245452,-12.65,-27.));
#6929=CARTESIAN_POINT('Origin',(0.,0.,-27.));
#6930=CARTESIAN_POINT('',(-23.1763455245452,0.,-27.));
#6931=CARTESIAN_POINT('',(0.,0.,-27.));
#6932=CARTESIAN_POINT('',(-23.1763455245452,-1.53186668347029E-19,-27.));
#6933=CARTESIAN_POINT('Origin',(8.32667268468867E-16,0.,0.));
#6934=CARTESIAN_POINT('',(-25.3,0.,0.));
#6935=CARTESIAN_POINT('',(-23.3494177312601,0.,0.));
#6936=CARTESIAN_POINT('',(4.16333634234434E-16,0.,0.));
#6937=CARTESIAN_POINT('',(-25.3,-25.3,0.));
#6938=CARTESIAN_POINT('',(4.16333634234434E-16,0.,0.));
#6939=CARTESIAN_POINT('',(-23.3494177312601,-1.53186668347029E-19,0.));
#6940=CARTESIAN_POINT('Origin',(-23.1763455245452,-1.53186668347029E-19,
-25.5));
#6941=CARTESIAN_POINT('',(-24.675897759217,0.,-25.536648267229));
#6942=CARTESIAN_POINT('Origin',(-23.1763455245452,0.,-25.5));
#6943=CARTESIAN_POINT('',(-24.675897759217,-1.53186668347029E-19,-25.536648267229));
#6944=CARTESIAN_POINT('Origin',(-25.3,-3.06373336694058E-19,0.));
#6945=CARTESIAN_POINT('',(-25.1275293160137,0.,-7.05705396577287));
#6946=CARTESIAN_POINT('Origin',(-23.3505820949267,-3.06373336694058E-19,
0.047642747397673));
#6947=CARTESIAN_POINT('',(-23.1781114109404,0.,-7.00941121837519));
#6948=CARTESIAN_POINT('Origin',(0.,0.,-13.5042194352897));
#6949=CARTESIAN_POINT('',(0.,0.,0.));
#6950=CARTESIAN_POINT('Origin',(-2.08166817117217E-16,2.15105711021124E-15,
-2.));
#6951=CARTESIAN_POINT('',(-22.7046136508313,0.,-2.));
#6952=CARTESIAN_POINT('',(-21.35,0.,-2.));
#6953=CARTESIAN_POINT('',(-1.04083408558608E-16,0.,-2.));
#6954=CARTESIAN_POINT('',(-22.7046136508313,13.75,-2.));
#6955=CARTESIAN_POINT('',(-22.7046136508313,-13.75,-2.));
#6956=CARTESIAN_POINT('',(-20.25,16.2046136508313,-2.));
#6957=CARTESIAN_POINT('Origin',(-20.25,13.75,-2.));
#6958=CARTESIAN_POINT('',(-16.2046136508313,20.25,-2.));
#6959=CARTESIAN_POINT('Origin',(-20.25,20.25,-2.));
#6960=CARTESIAN_POINT('',(-13.75,22.7046136508313,-2.));
#6961=CARTESIAN_POINT('Origin',(-13.75,20.25,-2.));
#6962=CARTESIAN_POINT('',(13.75,22.7046136508313,-2.));
#6963=CARTESIAN_POINT('',(-13.75,22.7046136508313,-2.));
#6964=CARTESIAN_POINT('',(16.2046136508313,20.25,-2.));
#6965=CARTESIAN_POINT('Origin',(13.75,20.25,-2.));
#6966=CARTESIAN_POINT('',(20.25,16.2046136508313,-2.));
#6967=CARTESIAN_POINT('Origin',(20.25,20.25,-2.));
#6968=CARTESIAN_POINT('',(22.7046136508313,13.75,-2.));
#6969=CARTESIAN_POINT('Origin',(20.25,13.75,-2.));
#6970=CARTESIAN_POINT('',(22.7046136508313,0.,-2.));
#6971=CARTESIAN_POINT('',(22.7046136508313,13.75,-2.));
#6972=CARTESIAN_POINT('',(21.35,0.,-2.));
#6973=CARTESIAN_POINT('',(-1.04083408558608E-16,0.,-2.));
#6974=CARTESIAN_POINT('',(21.35,13.7500006846504,-2.));
#6975=CARTESIAN_POINT('',(21.35,1.07552855510562E-15,-2.));
#6976=CARTESIAN_POINT('',(20.2500005687865,14.85,-2.));
#6977=CARTESIAN_POINT('Origin',(20.2500006846503,13.7500006846504,-2.));
#6978=CARTESIAN_POINT('',(14.85,20.2500005687865,-2.));
#6979=CARTESIAN_POINT('Origin',(20.25,20.25,-2.));
#6980=CARTESIAN_POINT('',(13.7500006846504,21.35,-2.));
#6981=CARTESIAN_POINT('Origin',(13.7500006846504,20.2500006846503,-2.));
#6982=CARTESIAN_POINT('',(-13.7500006846504,21.35,-2.));
#6983=CARTESIAN_POINT('',(-3.55183037517628E-15,21.35,-2.));
#6984=CARTESIAN_POINT('',(-14.85,20.2500005687865,-2.));
#6985=CARTESIAN_POINT('Origin',(-13.7500006846504,20.2500006846503,-2.));
#6986=CARTESIAN_POINT('',(-20.2500005687865,14.85,-2.));
#6987=CARTESIAN_POINT('Origin',(-20.25,20.25,-2.));
#6988=CARTESIAN_POINT('',(-21.35,13.7500006846504,-2.));
#6989=CARTESIAN_POINT('Origin',(-20.2500006846503,13.7500006846504,-2.));
#6990=CARTESIAN_POINT('',(-21.35,1.07552855510559E-15,-2.));
#6991=CARTESIAN_POINT('Origin',(20.25,13.75,0.));
#6992=CARTESIAN_POINT('',(20.25,16.25,0.));
#6993=CARTESIAN_POINT('',(20.25,16.25,0.));
#6994=CARTESIAN_POINT('',(22.75,13.75,0.));
#6995=CARTESIAN_POINT('Origin',(20.25,13.75,0.));
#6996=CARTESIAN_POINT('',(22.75,13.75,0.));
#6997=CARTESIAN_POINT('Origin',(-22.75,13.75,0.));
#6998=CARTESIAN_POINT('',(-22.75,0.,-3.46944695195361E-17));
#6999=CARTESIAN_POINT('',(-22.7555373306503,0.,0.244008639235378));
#7000=CARTESIAN_POINT('',(-22.75,13.75,0.));
#7001=CARTESIAN_POINT('',(-22.75,6.875,-3.46944695195361E-17));
#7002=CARTESIAN_POINT('',(-22.75,13.75,0.));
#7003=CARTESIAN_POINT('Origin',(-20.25,13.75,0.));
#7004=CARTESIAN_POINT('',(-20.25,16.25,0.));
#7005=CARTESIAN_POINT('Origin',(-20.25,13.75,0.));
#7006=CARTESIAN_POINT('',(-20.25,16.25,0.));
#7007=CARTESIAN_POINT('Origin',(-20.25,20.25,0.));
#7008=CARTESIAN_POINT('',(-16.25,20.25,0.));
#7009=CARTESIAN_POINT('Origin',(-20.25,20.25,0.));
#7010=CARTESIAN_POINT('',(-16.25,20.25,0.));
#7011=CARTESIAN_POINT('Origin',(-13.75,20.25,0.));
#7012=CARTESIAN_POINT('',(-13.75,22.75,0.));
#7013=CARTESIAN_POINT('Origin',(-13.75,20.25,0.));
#7014=CARTESIAN_POINT('',(-13.75,22.75,0.));
#7015=CARTESIAN_POINT('Origin',(13.75,22.75,0.));
#7016=CARTESIAN_POINT('',(13.75,22.75,0.));
#7017=CARTESIAN_POINT('',(6.875,22.75,-3.46944695195361E-17));
#7018=CARTESIAN_POINT('',(13.75,22.75,0.));
#7019=CARTESIAN_POINT('Origin',(13.75,20.25,0.));
#7020=CARTESIAN_POINT('',(16.25,20.25,0.));
#7021=CARTESIAN_POINT('Origin',(13.75,20.25,0.));
#7022=CARTESIAN_POINT('',(16.25,20.25,0.));
#7023=CARTESIAN_POINT('Origin',(20.25,20.25,0.));
#7024=CARTESIAN_POINT('Origin',(20.25,20.25,0.));
#7025=CARTESIAN_POINT('Origin',(1.56000325495366E-31,21.35,-2.));
#7026=CARTESIAN_POINT('',(-13.7500006846504,21.2680986324477,1.60907493342911));
#7027=CARTESIAN_POINT('',(13.7500006846504,21.2680986324477,1.60907493342911));
#7028=CARTESIAN_POINT('',(-4.49682351314807E-15,21.2680986324477,1.60907493342911));
#7029=CARTESIAN_POINT('',(-13.7500006846504,21.35,-2.));
#7030=CARTESIAN_POINT('',(13.7500006846504,21.35,-2.));
#7031=CARTESIAN_POINT('Origin',(21.35,0.,-2.));
#7032=CARTESIAN_POINT('',(21.2680986324477,0.,1.60907493342911));
#7033=CARTESIAN_POINT('',(21.3104317072277,0.,-0.256379131744233));
#7034=CARTESIAN_POINT('',(21.2680986324477,13.7500006846504,1.60907493342911));
#7035=CARTESIAN_POINT('',(21.2680986324477,1.04083408558608E-15,1.60907493342911));
#7036=CARTESIAN_POINT('',(21.35,13.7500006846504,-2.));
#7037=CARTESIAN_POINT('Origin',(20.2500006846503,13.7500006846504,-2.));
#7038=CARTESIAN_POINT('',(20.2500005774132,14.7680986324477,1.60907493342911));
#7039=CARTESIAN_POINT('Origin',(20.2500006846503,13.7500006846504,1.60907493342911));
#7040=CARTESIAN_POINT('',(20.2500005687865,14.85,-2.));
#7041=CARTESIAN_POINT('Origin',(20.25,20.25,-2.));
#7042=CARTESIAN_POINT('',(14.7680986324477,20.2500005774132,1.60907493342911));
#7043=CARTESIAN_POINT('Origin',(20.25,20.25,1.60907493342911));
#7044=CARTESIAN_POINT('',(14.85,20.2500005687865,-2.));
#7045=CARTESIAN_POINT('Origin',(13.7500006846504,20.2500006846503,-2.));
#7046=CARTESIAN_POINT('Origin',(13.7500006846504,20.2500006846503,1.60907493342911));
#7047=CARTESIAN_POINT('Origin',(0.,25.25,0.));
#7048=CARTESIAN_POINT('',(-20.4215390708611,25.1703164651439,3.51134366678639));
#7049=CARTESIAN_POINT('',(-20.5012226057172,25.25,0.));
#7050=CARTESIAN_POINT('',(-20.4906757454067,25.2394531396895,0.464759140299631));
#7051=CARTESIAN_POINT('',(20.4215390708611,25.1703164651439,3.51134366678639));
#7052=CARTESIAN_POINT('',(0.,25.1703164651439,3.51134366678639));
#7053=CARTESIAN_POINT('',(20.5012226057172,25.25,0.));
#7054=CARTESIAN_POINT('',(20.4971706805616,25.2459480748444,0.178552592566883));
#7055=CARTESIAN_POINT('',(-25.25,25.25,0.));
#7056=CARTESIAN_POINT('Origin',(0.,24.6704451604826,3.5));
#7057=CARTESIAN_POINT('',(20.4215390708611,24.6704451604826,4.));
#7058=CARTESIAN_POINT('Origin',(20.4215390708611,24.6704451604826,3.5));
#7059=CARTESIAN_POINT('',(-20.4215390708611,24.6704451604826,4.));
#7060=CARTESIAN_POINT('Origin',(-20.4215390708611,24.6704451604826,3.5));
#7061=CARTESIAN_POINT('',(0.,24.6704451604826,4.));
#7062=CARTESIAN_POINT('Origin',(20.4971706805616,20.4971706805616,0.070787758096169));
#7063=CARTESIAN_POINT('',(25.25,20.5012226057172,0.));
#7064=CARTESIAN_POINT('Origin',(20.4987770795145,20.4987770795145,0.));
#7065=CARTESIAN_POINT('',(25.1703164651439,20.4215390708611,3.51134366678639));
#7066=CARTESIAN_POINT('Origin',(20.4193509684692,20.4193509684692,3.5));
#7067=CARTESIAN_POINT('',(25.2459480748444,20.4971706805616,0.178552592566878));
#7068=CARTESIAN_POINT('Ctrl Pts',(25.1699889153459,20.3662591871246,3.5110658295103));
#7069=CARTESIAN_POINT('Ctrl Pts',(25.1830308378659,21.4503149221004,3.51368461833084));
#7070=CARTESIAN_POINT('Ctrl Pts',(24.3147319912844,23.9880276923611,3.51766954594716));
#7071=CARTESIAN_POINT('Ctrl Pts',(21.8060094903874,25.1878370866151,3.51454513932591));
#7072=CARTESIAN_POINT('Ctrl Pts',(20.3662497752063,25.169978560188,3.51106578232496));
#7073=CARTESIAN_POINT('Ctrl Pts',(25.1671352087234,20.3662806312442,3.6401140345122));
#7074=CARTESIAN_POINT('Ctrl Pts',(25.1794838820449,21.4499291377105,3.64228216357792));
#7075=CARTESIAN_POINT('Ctrl Pts',(24.3109584358592,23.9848529200074,3.6455682193749));
#7076=CARTESIAN_POINT('Ctrl Pts',(21.8054882709432,25.1840575448745,3.6429945373226));
#7077=CARTESIAN_POINT('Ctrl Pts',(20.3662712580968,25.1671249591724,3.64011399666512));
#7078=CARTESIAN_POINT('Ctrl Pts',(25.0543464310629,20.3676100654733,3.89910966790447));
#7079=CARTESIAN_POINT('Ctrl Pts',(25.0658283028091,21.425189869425,3.89983878476454));
#7080=CARTESIAN_POINT('Ctrl Pts',(24.2171933570363,23.8988213597619,3.90093162981835));
#7081=CARTESIAN_POINT('Ctrl Pts',(21.7721923981871,25.070105714306,3.90007828946406));
#7082=CARTESIAN_POINT('Ctrl Pts',(20.3676009786202,25.0543364190752,3.89910965631167));
#7083=CARTESIAN_POINT('Ctrl Pts',(24.790414789857,20.3706730293412,4.00352336392969));
#7084=CARTESIAN_POINT('Ctrl Pts',(24.8020543622059,21.3681785941957,4.00348365101144));
#7085=CARTESIAN_POINT('Ctrl Pts',(24.0027708175299,23.7023641506641,4.00344464043145));
#7086=CARTESIAN_POINT('Ctrl Pts',(21.6954735177247,24.8063562570721,4.00347070391794));
#7087=CARTESIAN_POINT('Ctrl Pts',(20.3706643934388,24.7904053063228,4.0035233626559));
#7088=CARTESIAN_POINT('Ctrl Pts',(24.6570254848197,20.3722284243896,3.99981803570081));
#7089=CARTESIAN_POINT('Ctrl Pts',(24.6687559336076,21.3392252087901,3.99982082851045));
#7090=CARTESIAN_POINT('Ctrl Pts',(23.8943886275174,23.6029581438766,3.99982289312838));
#7091=CARTESIAN_POINT('Ctrl Pts',(21.6565111862509,24.6730751850205,3.99982173577001));
#7092=CARTESIAN_POINT('Ctrl Pts',(20.3722200255737,24.6570162426514,3.99981803585344));
#7093=CARTESIAN_POINT('',(24.6704451604826,20.4215390708611,4.));
#7094=CARTESIAN_POINT('Origin',(24.6704451604826,20.4215390708611,3.5));
#7095=CARTESIAN_POINT('Origin',(20.4193509684692,20.4193509684692,4.));
#7096=CARTESIAN_POINT('Origin',(-20.4906757454067,20.4906757454067,0.356994305828917));
#7097=CARTESIAN_POINT('',(-25.25,20.5012226057172,0.));
#7098=CARTESIAN_POINT('Origin',(-20.4987770795145,20.4987770795145,0.));
#7099=CARTESIAN_POINT('',(-25.1703164651439,20.4215390708611,3.51134366678639));
#7100=CARTESIAN_POINT('',(-25.2394531396895,20.4906757454067,0.464759140299621));
#7101=CARTESIAN_POINT('Origin',(-20.4193509684692,20.4193509684692,3.5));
#7102=CARTESIAN_POINT('Ctrl Pts',(-20.3662591871246,25.1699889153459,3.51106582951031));
#7103=CARTESIAN_POINT('Ctrl Pts',(-21.4503149221004,25.1830308378659,3.51368461833085));
#7104=CARTESIAN_POINT('Ctrl Pts',(-23.9880276923611,24.3147319912844,3.51766954594716));
#7105=CARTESIAN_POINT('Ctrl Pts',(-25.187837086615,21.8060094903875,3.51454513932591));
#7106=CARTESIAN_POINT('Ctrl Pts',(-25.169978560188,20.3662497752064,3.51106578232497));
#7107=CARTESIAN_POINT('Ctrl Pts',(-20.3662806312442,25.1671352087234,3.6401140345122));
#7108=CARTESIAN_POINT('Ctrl Pts',(-21.4499291377104,25.1794838820449,3.64228216357792));
#7109=CARTESIAN_POINT('Ctrl Pts',(-23.9848529200074,24.3109584358593,3.6455682193749));
#7110=CARTESIAN_POINT('Ctrl Pts',(-25.1840575448745,21.8054882709431,3.6429945373226));
#7111=CARTESIAN_POINT('Ctrl Pts',(-25.1671249591724,20.3662712580968,3.64011399666512));
#7112=CARTESIAN_POINT('Ctrl Pts',(-20.3676100654732,25.0543464310629,3.89910966790446));
#7113=CARTESIAN_POINT('Ctrl Pts',(-21.425189869425,25.0658283028092,3.89983878476453));
#7114=CARTESIAN_POINT('Ctrl Pts',(-23.8988213597619,24.2171933570362,3.90093162981834));
#7115=CARTESIAN_POINT('Ctrl Pts',(-25.070105714306,21.772192398187,3.90007828946406));
#7116=CARTESIAN_POINT('Ctrl Pts',(-25.0543364190752,20.3676009786202,3.89910965631167));
#7117=CARTESIAN_POINT('Ctrl Pts',(-20.3706730293411,24.790414789857,4.00352336392969));
#7118=CARTESIAN_POINT('Ctrl Pts',(-21.3681785941957,24.8020543622059,4.00348365101143));
#7119=CARTESIAN_POINT('Ctrl Pts',(-23.7023641506641,24.0027708175299,4.00344464043145));
#7120=CARTESIAN_POINT('Ctrl Pts',(-24.8063562570721,21.6954735177247,4.00347070391794));
#7121=CARTESIAN_POINT('Ctrl Pts',(-24.7904053063228,20.3706643934389,4.0035233626559));
#7122=CARTESIAN_POINT('Ctrl Pts',(-20.3722284243896,24.6570254848197,3.99981803570081));
#7123=CARTESIAN_POINT('Ctrl Pts',(-21.33922520879,24.6687559336076,3.99982082851044));
#7124=CARTESIAN_POINT('Ctrl Pts',(-23.6029581438765,23.8943886275174,3.99982289312838));
#7125=CARTESIAN_POINT('Ctrl Pts',(-24.6730751850204,21.6565111862509,3.99982173577001));
#7126=CARTESIAN_POINT('Ctrl Pts',(-24.6570162426514,20.3722200255737,3.99981803585344));
#7127=CARTESIAN_POINT('',(-24.6704451604826,20.4215390708611,4.));
#7128=CARTESIAN_POINT('Origin',(-24.6704451604826,20.4215390708611,3.5));
#7129=CARTESIAN_POINT('Origin',(-20.4193509684692,20.4193509684692,4.));
#7130=CARTESIAN_POINT('Origin',(20.25,20.25,-67.6701948712828));
#7131=CARTESIAN_POINT('',(18.3,20.25,0.));
#7132=CARTESIAN_POINT('Origin',(20.25,20.25,0.));
#7133=CARTESIAN_POINT('',(18.3,20.25,2.21692896880745));
#7134=CARTESIAN_POINT('',(18.3,20.25,-67.6701948712828));
#7135=CARTESIAN_POINT('Origin',(20.25,20.25,2.21692896880744));
#7136=CARTESIAN_POINT('Origin',(20.25,20.25,3.10846448440372));
#7137=CARTESIAN_POINT('',(16.75,20.25,4.));
#7138=CARTESIAN_POINT('',(17.525,20.25,3.10846448440372));
#7139=CARTESIAN_POINT('Origin',(20.25,20.25,4.));
#7140=CARTESIAN_POINT('Origin',(-20.25,20.25,-67.6701948712828));
#7141=CARTESIAN_POINT('',(-22.2,20.25,0.));
#7142=CARTESIAN_POINT('Origin',(-20.25,20.25,0.));
#7143=CARTESIAN_POINT('',(-22.2,20.25,2.21692896880745));
#7144=CARTESIAN_POINT('',(-22.2,20.25,-67.6701948712828));
#7145=CARTESIAN_POINT('Origin',(-20.25,20.25,2.21692896880744));
#7146=CARTESIAN_POINT('Origin',(-20.25,20.25,3.10846448440372));
#7147=CARTESIAN_POINT('',(-23.75,20.25,4.));
#7148=CARTESIAN_POINT('',(-22.975,20.25,3.10846448440372));
#7149=CARTESIAN_POINT('Origin',(-20.25,20.25,4.));
#7150=CARTESIAN_POINT('Origin',(-2.15105711021124E-15,2.08166817117217E-15,
2.));
#7151=CARTESIAN_POINT('',(-20.8682015887186,0.,2.));
#7152=CARTESIAN_POINT('',(20.8682015887186,0.,2.));
#7153=CARTESIAN_POINT('',(-1.07552855510562E-15,0.,2.));
#7154=CARTESIAN_POINT('',(-20.8682015887186,13.7500006846504,2.));
#7155=CARTESIAN_POINT('',(-20.8682015887186,1.04083408558605E-15,2.));
#7156=CARTESIAN_POINT('',(-20.2500006195347,14.3682015887186,2.));
#7157=CARTESIAN_POINT('Origin',(-20.2500006846503,13.7500006846504,2.));
#7158=CARTESIAN_POINT('',(-14.3682015887186,20.2500006195347,2.));
#7159=CARTESIAN_POINT('Origin',(-20.25,20.25,2.));
#7160=CARTESIAN_POINT('',(-13.7500006846504,20.8682015887186,2.));
#7161=CARTESIAN_POINT('Origin',(-13.7500006846504,20.2500006846503,2.));
#7162=CARTESIAN_POINT('',(13.7500006846504,20.8682015887186,2.));
#7163=CARTESIAN_POINT('',(-4.36766718345474E-15,20.8682015887186,2.));
#7164=CARTESIAN_POINT('',(14.3682015887186,20.2500006195347,2.));
#7165=CARTESIAN_POINT('Origin',(13.7500006846504,20.2500006846503,2.));
#7166=CARTESIAN_POINT('',(20.2500006195347,14.3682015887186,2.));
#7167=CARTESIAN_POINT('Origin',(20.25,20.25,2.));
#7168=CARTESIAN_POINT('',(20.8682015887186,13.7500006846504,2.));
#7169=CARTESIAN_POINT('Origin',(20.2500006846503,13.7500006846504,2.));
#7170=CARTESIAN_POINT('',(20.8682015887186,1.04083408558608E-15,2.));
#7171=CARTESIAN_POINT('Origin',(-21.35,-6.31088724176809E-29,-2.));
#7172=CARTESIAN_POINT('',(-21.2680986324477,0.,1.60907493342911));
#7173=CARTESIAN_POINT('',(-21.3104317072277,0.,-0.256379131744233));
#7174=CARTESIAN_POINT('',(-21.2680986324477,13.7500006846504,1.60907493342911));
#7175=CARTESIAN_POINT('',(-21.35,13.7500006846504,-2.));
#7176=CARTESIAN_POINT('',(-21.2680986324477,1.04083408558605E-15,1.60907493342911));
#7177=CARTESIAN_POINT('Origin',(-20.2500006846503,13.7500006846504,-2.));
#7178=CARTESIAN_POINT('',(-20.2500005774132,14.7680986324477,1.60907493342911));
#7179=CARTESIAN_POINT('Origin',(-20.2500006846503,13.7500006846504,1.60907493342911));
#7180=CARTESIAN_POINT('',(-20.2500005687865,14.85,-2.));
#7181=CARTESIAN_POINT('Origin',(-20.25,20.25,-2.));
#7182=CARTESIAN_POINT('',(-14.7680986324477,20.2500005774132,1.60907493342911));
#7183=CARTESIAN_POINT('Origin',(-20.25,20.25,1.60907493342911));
#7184=CARTESIAN_POINT('',(-14.85,20.2500005687865,-2.));
#7185=CARTESIAN_POINT('Origin',(-13.7500006846504,20.2500006846503,-2.));
#7186=CARTESIAN_POINT('Origin',(-13.7500006846504,20.2500006846503,1.60907493342911));
#7187=CARTESIAN_POINT('Origin',(20.8682015887186,1.04083408558608E-15,1.6));
#7188=CARTESIAN_POINT('Origin',(20.8682015887186,0.,1.6));
#7189=CARTESIAN_POINT('Origin',(20.8682015887186,13.7500006846504,1.6));
#7190=CARTESIAN_POINT('Origin',(20.2500006846503,13.7500006846504,1.6));
#7191=CARTESIAN_POINT('Origin',(20.2500006195347,14.3682015887186,1.6));
#7192=CARTESIAN_POINT('Origin',(20.25,20.25,1.6));
#7193=CARTESIAN_POINT('Origin',(14.3682015887186,20.2500006195347,1.6));
#7194=CARTESIAN_POINT('Origin',(13.7500006846504,20.2500006846503,1.6));
#7195=CARTESIAN_POINT('Origin',(13.7500006846504,20.8682015887186,1.6));
#7196=CARTESIAN_POINT('Origin',(-4.36766718345474E-15,20.8682015887186,
1.6));
#7197=CARTESIAN_POINT('Origin',(-13.7500006846504,20.8682015887186,1.6));
#7198=CARTESIAN_POINT('Origin',(-13.7500006846504,20.2500006846503,1.6));
#7199=CARTESIAN_POINT('Origin',(-14.3682015887186,20.2500006195347,1.6));
#7200=CARTESIAN_POINT('Origin',(-20.25,20.25,1.6));
#7201=CARTESIAN_POINT('Origin',(-20.2500006195347,14.3682015887186,1.6));
#7202=CARTESIAN_POINT('Origin',(-20.2500006846503,13.7500006846504,1.6));
#7203=CARTESIAN_POINT('Origin',(-20.8682015887186,13.7500006846504,1.6));
#7204=CARTESIAN_POINT('Origin',(-20.8682015887186,1.04083408558605E-15,
1.6));
#7205=CARTESIAN_POINT('Origin',(-20.8682015887186,0.,1.6));
#7206=CARTESIAN_POINT('Origin',(22.75,-13.75,0.));
#7207=CARTESIAN_POINT('',(22.75,0.,-3.46944695195361E-17));
#7208=CARTESIAN_POINT('',(22.7555373306503,0.,0.244008639235378));
#7209=CARTESIAN_POINT('',(22.75,-6.87500000000001,-3.46944695195361E-17));
#7210=CARTESIAN_POINT('Origin',(0.,0.,0.));
#7211=CARTESIAN_POINT('',(-25.25,0.,0.));
#7212=CARTESIAN_POINT('',(0.,0.,0.));
#7213=CARTESIAN_POINT('',(-25.25,-25.25,0.));
#7214=CARTESIAN_POINT('',(25.25,0.,0.));
#7215=CARTESIAN_POINT('',(25.25,25.25,0.));
#7216=CARTESIAN_POINT('',(0.,0.,0.));
#7217=CARTESIAN_POINT('Origin',(25.25,25.25,0.));
#7218=CARTESIAN_POINT('',(25.1703164651439,0.,3.51134366678639));
#7219=CARTESIAN_POINT('',(25.2321095068383,0.,0.788364496786426));
#7220=CARTESIAN_POINT('',(25.1703164651439,12.625,3.51134366678639));
#7221=CARTESIAN_POINT('Origin',(24.6704451604826,12.625,3.5));
#7222=CARTESIAN_POINT('',(24.6704451604826,0.,4.));
#7223=CARTESIAN_POINT('Origin',(24.6704451604826,0.,3.5));
#7224=CARTESIAN_POINT('',(24.6704451604826,12.625,4.));
#7225=CARTESIAN_POINT('Origin',(0.,-5.55111512312578E-16,4.));
#7226=CARTESIAN_POINT('',(-24.6704451604826,0.,4.));
#7227=CARTESIAN_POINT('',(0.,0.,4.));
#7228=CARTESIAN_POINT('',(-24.6704451604826,-2.77555756156289E-16,4.));
#7229=CARTESIAN_POINT('Origin',(-24.6704451604826,-2.77555756156289E-16,
3.5));
#7230=CARTESIAN_POINT('',(-25.1703164651439,0.,3.51134366678639));
#7231=CARTESIAN_POINT('Origin',(-24.6704451604826,0.,3.5));
#7232=CARTESIAN_POINT('',(-25.1703164651439,-2.77555756156289E-16,3.51134366678639));
#7233=CARTESIAN_POINT('Origin',(-25.25,0.,0.));
#7234=CARTESIAN_POINT('',(-25.2321095068383,0.,0.788364496786412));
#7235=CARTESIAN_POINT('Origin',(0.,0.,1.00453831948727));
#7236=CARTESIAN_POINT('',(0.,0.,0.));
#7237=CARTESIAN_POINT('Origin',(0.3556,2.4638,-1.08219326921796));
#7238=CARTESIAN_POINT('',(0.3556,2.4638,-1.08219326921796));
#7239=CARTESIAN_POINT('',(0.5588,2.4638,-0.5588));
#7240=CARTESIAN_POINT('',(-0.0635753886482978,2.4638,-2.16188606961333));
#7241=CARTESIAN_POINT('',(0.221238840700149,1.7018,-1.05702642338152));
#7242=CARTESIAN_POINT('',(0.357534656148793,2.47477198024387,-1.08255564472362));
#7243=CARTESIAN_POINT('',(0.454976261614666,1.7018,-0.454976261614669));
#7244=CARTESIAN_POINT('',(0.328843439848117,1.7018,-0.779863416831601));
#7245=CARTESIAN_POINT('',(0.561665713716557,2.48483251034859,-0.561665713716562));
#7246=CARTESIAN_POINT('Origin',(0.3556,2.4638,-1.76799326921796));
#7247=CARTESIAN_POINT('',(0.3556,2.4638,-1.76799326921796));
#7248=CARTESIAN_POINT('',(0.3556,2.4638,-2.59849663460899));
#7249=CARTESIAN_POINT('',(0.221238840700149,1.7018,-1.65431074082807));
#7250=CARTESIAN_POINT('Ctrl Pts',(0.355600000000973,2.46380000000905,-1.76799326914895));
#7251=CARTESIAN_POINT('Ctrl Pts',(0.286187807339344,2.07014389370737,-1.71115200493654));
#7252=CARTESIAN_POINT('Ctrl Pts',(0.221238840699548,1.70180000000013,-1.65431074072414));
#7253=CARTESIAN_POINT('',(0.221238840700149,1.7018,-0.883996634608978));
#7254=CARTESIAN_POINT('Origin',(-8.37543868141741E-16,2.4638,-1.53854312589791E-31));
#7255=CARTESIAN_POINT('',(-0.3556,2.4638,-1.76799326921796));
#7256=CARTESIAN_POINT('Origin',(-8.37543868141741E-16,2.4638,-1.53854312589791E-31));
#7257=CARTESIAN_POINT('',(-0.22123884070015,1.7018,-1.65431074082807));
#7258=CARTESIAN_POINT('Ctrl Pts',(-0.355600000002906,2.46379999999701,-1.76799326928216));
#7259=CARTESIAN_POINT('Ctrl Pts',(-0.286187807342771,2.07014389370379,-1.71115200507551));
#7260=CARTESIAN_POINT('Ctrl Pts',(-0.22123884070358,1.7018,-1.65431074086887));
#7261=CARTESIAN_POINT('Origin',(-5.5998811198545E-16,1.7018,-1.02868147335533E-31));
#7262=CARTESIAN_POINT('Origin',(-0.3556,2.4638,-1.08219326921796));
#7263=CARTESIAN_POINT('',(-0.3556,2.4638,-1.08219326921796));
#7264=CARTESIAN_POINT('',(-0.3556,2.4638,-2.25559663460898));
#7265=CARTESIAN_POINT('',(-0.22123884070015,1.7018,-1.05702642338152));
#7266=CARTESIAN_POINT('',(-0.357183873883468,2.47278259515987,-1.08248994059276));
#7267=CARTESIAN_POINT('',(-0.22123884070015,1.7018,-0.541096634608978));
#7268=CARTESIAN_POINT('Origin',(-0.5588,2.4638,-0.5588));
#7269=CARTESIAN_POINT('',(-0.5588,2.4638,-0.5588));
#7270=CARTESIAN_POINT('',(-0.0380246113517042,2.4638,-1.90018943500435));
#7271=CARTESIAN_POINT('',(-0.454976261614669,1.7018,-0.454976261614666));
#7272=CARTESIAN_POINT('',(-0.561665713716562,2.48483251034859,-0.561665713716557));
#7273=CARTESIAN_POINT('',(-0.551986568304701,1.7018,-0.205101549181931));
#7274=CARTESIAN_POINT('Origin',(1.08219326921796,2.4638,0.3556));
#7275=CARTESIAN_POINT('',(1.08219326921796,2.4638,0.3556));
#7276=CARTESIAN_POINT('',(0.5588,2.4638,0.5588));
#7277=CARTESIAN_POINT('',(1.25040166978588,2.4638,0.290295478513752));
#7278=CARTESIAN_POINT('',(1.05702642338152,1.7018,0.221238840700149));
#7279=CARTESIAN_POINT('',(1.08255564472362,2.47477198024387,0.357534656148793));
#7280=CARTESIAN_POINT('',(0.454976261614669,1.7018,0.454976261614666));
#7281=CARTESIAN_POINT('',(0.220141243717629,1.7018,0.546147620596755));
#7282=CARTESIAN_POINT('',(0.561665713716562,2.48483251034859,0.561665713716557));
#7283=CARTESIAN_POINT('Origin',(1.76799326921796,2.4638,0.3556));
#7284=CARTESIAN_POINT('',(1.76799326921796,2.4638,0.3556));
#7285=CARTESIAN_POINT('',(0.883996634608978,2.4638,0.3556));
#7286=CARTESIAN_POINT('',(1.65431074082807,1.7018,0.221238840700149));
#7287=CARTESIAN_POINT('Ctrl Pts',(1.76799326914999,2.46380000001614,0.355600000002256));
#7288=CARTESIAN_POINT('Ctrl Pts',(1.71115200493707,2.07014389371062,0.286187807339946));
#7289=CARTESIAN_POINT('Ctrl Pts',(1.65431074072414,1.70180000000001,0.221238840699554));
#7290=CARTESIAN_POINT('',(0.420035513787061,1.7018,0.221238840700149));
#7291=CARTESIAN_POINT('Origin',(1.02569541726527E-31,2.4638,-8.37543868141741E-16));
#7292=CARTESIAN_POINT('',(1.76799326921796,2.4638,-0.3556));
#7293=CARTESIAN_POINT('Origin',(1.02569541726528E-31,2.4638,-8.37543868141741E-16));
#7294=CARTESIAN_POINT('',(1.65431074082807,1.7018,-0.22123884070015));
#7295=CARTESIAN_POINT('Ctrl Pts',(1.76799326928296,2.46379999999176,-0.355600000002007));
#7296=CARTESIAN_POINT('Ctrl Pts',(1.71115200507675,2.0701438937014,-0.286187807342377));
#7297=CARTESIAN_POINT('Ctrl Pts',(1.65431074087054,1.70180000000006,-0.221238840703619));
#7298=CARTESIAN_POINT('Origin',(6.85787648903552E-32,1.7018,-5.5998811198545E-16));
#7299=CARTESIAN_POINT('Origin',(1.08219326921796,2.4638,-0.3556));
#7300=CARTESIAN_POINT('',(1.08219326921796,2.4638,-0.3556));
#7301=CARTESIAN_POINT('',(0.541096634608978,2.4638,-0.3556));
#7302=CARTESIAN_POINT('',(1.05702642338152,1.7018,-0.22123884070015));
#7303=CARTESIAN_POINT('',(1.08248994059276,2.47278259515987,-0.357183873883468));
#7304=CARTESIAN_POINT('',(0.0771355137870604,1.7018,-0.22123884070015));
#7305=CARTESIAN_POINT('Origin',(0.5588,2.4638,-0.5588));
#7306=CARTESIAN_POINT('',(-0.168181432157697,2.4638,-0.841040211524249));
#7307=CARTESIAN_POINT('',(-0.0415553908913492,1.7018,-0.647747620596755));
#7308=CARTESIAN_POINT('Origin',(-0.3556,2.4638,1.08219326921796));
#7309=CARTESIAN_POINT('',(-0.3556,2.4638,1.08219326921796));
#7310=CARTESIAN_POINT('',(-0.5588,2.4638,0.5588));
#7311=CARTESIAN_POINT('',(-1.0933110786863,2.4638,-0.817969197376174));
#7312=CARTESIAN_POINT('',(-0.221238840700149,1.7018,1.05702642338152));
#7313=CARTESIAN_POINT('',(-0.357534656148795,2.47477198024387,1.08255564472362));
#7314=CARTESIAN_POINT('',(-0.454976261614666,1.7018,0.454976261614669));
#7315=CARTESIAN_POINT('',(-0.450386568304699,1.7018,0.466798183790909));
#7316=CARTESIAN_POINT('',(-0.561665713716557,2.48483251034859,0.561665713716562));
#7317=CARTESIAN_POINT('Origin',(-0.3556,2.4638,1.76799326921796));
#7318=CARTESIAN_POINT('',(-0.3556,2.4638,1.76799326921796));
#7319=CARTESIAN_POINT('',(-0.355599999999997,2.4638,-0.830503365391022));
#7320=CARTESIAN_POINT('',(-0.221238840700149,1.7018,1.65431074082807));
#7321=CARTESIAN_POINT('Ctrl Pts',(-0.355600000002256,2.46380000001614,1.76799326914999));
#7322=CARTESIAN_POINT('Ctrl Pts',(-0.286187807339946,2.07014389371062,1.71115200493707));
#7323=CARTESIAN_POINT('Ctrl Pts',(-0.221238840699554,1.70180000000001,1.65431074072414));
#7324=CARTESIAN_POINT('',(-0.221238840700149,1.7018,0.883996634608978));
#7325=CARTESIAN_POINT('Origin',(8.37543868141741E-16,2.4638,5.12847708632638E-32));
#7326=CARTESIAN_POINT('',(0.3556,2.4638,1.76799326921796));
#7327=CARTESIAN_POINT('Origin',(8.37543868141741E-16,2.4638,5.12847708632638E-32));
#7328=CARTESIAN_POINT('',(0.22123884070015,1.7018,1.65431074082807));
#7329=CARTESIAN_POINT('Ctrl Pts',(0.355600000002527,2.46379999999482,1.76799326928342));
#7330=CARTESIAN_POINT('Ctrl Pts',(0.286187807342616,2.07014389370286,1.711152005077));
#7331=CARTESIAN_POINT('Ctrl Pts',(0.22123884070361,1.70180000000012,1.65431074087058));
#7332=CARTESIAN_POINT('Origin',(5.5998811198545E-16,1.7018,3.42893824451775E-32));
#7333=CARTESIAN_POINT('Origin',(0.3556,2.4638,1.08219326921796));
#7334=CARTESIAN_POINT('',(0.3556,2.4638,1.08219326921796));
#7335=CARTESIAN_POINT('',(0.3556,2.4638,-1.17340336539102));
#7336=CARTESIAN_POINT('',(0.22123884070015,1.7018,1.05702642338152));
#7337=CARTESIAN_POINT('',(0.357183873883468,2.47278259515987,1.08248994059276));
#7338=CARTESIAN_POINT('',(0.22123884070015,1.7018,0.541096634608978));
#7339=CARTESIAN_POINT('Origin',(0.5588,2.4638,0.5588));
#7340=CARTESIAN_POINT('',(1.1949110786863,2.4638,-1.07966583198515));
#7341=CARTESIAN_POINT('',(0.430443439848119,1.7018,0.518166782222626));
#7342=CARTESIAN_POINT('Origin',(0.,2.4638,-3.429));
#7343=CARTESIAN_POINT('',(4.19931387427628E-16,2.4638,3.429));
#7344=CARTESIAN_POINT('Origin',(0.,2.4638,8.37543868141741E-16));
#7345=CARTESIAN_POINT('',(-1.08219326921796,2.4638,0.3556));
#7346=CARTESIAN_POINT('',(-0.988705035176897,2.4638,0.391895478513754));
#7347=CARTESIAN_POINT('',(-1.76799326921796,2.4638,0.3556));
#7348=CARTESIAN_POINT('',(-0.541096634608978,2.4638,0.3556));
#7349=CARTESIAN_POINT('',(-1.76799326921796,2.4638,-0.3556));
#7350=CARTESIAN_POINT('Origin',(0.,2.4638,8.37543868141741E-16));
#7351=CARTESIAN_POINT('',(-1.08219326921796,2.4638,-0.3556));
#7352=CARTESIAN_POINT('',(-0.883996634608978,2.4638,-0.355599999999997));
#7353=CARTESIAN_POINT('',(-0.0935152024512805,2.4638,-0.739440211524247));
#7354=CARTESIAN_POINT('Origin',(-1.08219326921796,2.4638,-0.3556));
#7355=CARTESIAN_POINT('',(-1.05702642338152,1.7018,-0.221238840700149));
#7356=CARTESIAN_POINT('',(-1.08255564472362,2.47477198024387,-0.357534656148793));
#7357=CARTESIAN_POINT('',(-1.02652035690488,1.7018,-0.233082387556061));
#7358=CARTESIAN_POINT('Origin',(-1.76799326921796,2.4638,-0.3556));
#7359=CARTESIAN_POINT('',(-1.65431074082807,1.7018,-0.221238840700149));
#7360=CARTESIAN_POINT('Ctrl Pts',(-1.76799326915049,2.46380000001918,-0.355600000002791));
#7361=CARTESIAN_POINT('Ctrl Pts',(-1.71115200493735,2.07014389371207,-0.286187807340213));
#7362=CARTESIAN_POINT('Ctrl Pts',(-1.65431074072422,1.7018000000001,-0.221238840699582));
#7363=CARTESIAN_POINT('',(-1.3479577554309,1.7018,-0.221238840700149));
#7364=CARTESIAN_POINT('Origin',(0.,2.4638,8.37543868141741E-16));
#7365=CARTESIAN_POINT('',(-1.65431074082807,1.7018,0.22123884070015));
#7366=CARTESIAN_POINT('Ctrl Pts',(-1.76799326928342,2.46379999999482,0.355600000002527));
#7367=CARTESIAN_POINT('Ctrl Pts',(-1.711152005077,2.07014389370286,0.286187807342616));
#7368=CARTESIAN_POINT('Ctrl Pts',(-1.65431074087058,1.70180000000012,0.22123884070361));
#7369=CARTESIAN_POINT('Origin',(0.,1.7018,5.5998811198545E-16));
#7370=CARTESIAN_POINT('Origin',(-1.08219326921796,2.4638,0.3556));
#7371=CARTESIAN_POINT('',(-1.05702642338152,1.7018,0.22123884070015));
#7372=CARTESIAN_POINT('',(-1.08248994059276,2.47278259515987,0.357183873883468));
#7373=CARTESIAN_POINT('',(-1.0050577554309,1.7018,0.221238840700151));
#7374=CARTESIAN_POINT('Origin',(-0.5588,2.4638,0.5588));
#7375=CARTESIAN_POINT('',(-0.764823722295904,1.7018,0.334682387556063));
#7376=CARTESIAN_POINT('Origin',(-0.927922241643837,1.7018,9.07274261491112E-16));
#7377=CARTESIAN_POINT('Origin',(0.,-4.6863,-1.59306024404279E-15));
#7378=CARTESIAN_POINT('',(-2.06855090843979E-16,-9.3726,1.68909999999999));
#7379=CARTESIAN_POINT('Origin',(0.,-9.3726,-3.1861204880856E-15));
#7380=CARTESIAN_POINT('',(-2.06855090843979E-16,-1.11022302462516E-15,1.6891));
#7381=CARTESIAN_POINT('',(-2.06855090843979E-16,-4.6863,1.6891));
#7382=CARTESIAN_POINT('Origin',(0.,-2.96636689528513E-16,-1.00838639654384E-31));
#7383=CARTESIAN_POINT('Origin',(0.,-9.3726,-3.88578058618805E-15));
#7384=CARTESIAN_POINT('Origin',(0.,1.2319,4.1877193407087E-16));
#7385=CARTESIAN_POINT('',(3.13393239135803E-16,1.2319,2.55905));
#7386=CARTESIAN_POINT('',(0.,0.,0.));
#7387=CARTESIAN_POINT('',(0.,0.,0.));
#7388=CARTESIAN_POINT('',(-20.25,1.53619999999999,20.25));
#7389=CARTESIAN_POINT('',(20.25,1.5362,20.25));
#7390=UNCERTAINTY_MEASURE_WITH_UNIT(LENGTH_MEASURE(0.01),#7400,
'DISTANCE_ACCURACY_VALUE',
'Maximum model space distance between geometric entities at asserted c
onnectivities');
#7391=UNCERTAINTY_MEASURE_WITH_UNIT(LENGTH_MEASURE(0.01),#7400,
'DISTANCE_ACCURACY_VALUE',
'Maximum model space distance between geometric entities at asserted c
onnectivities');
#7392=UNCERTAINTY_MEASURE_WITH_UNIT(LENGTH_MEASURE(0.01),#7400,
'DISTANCE_ACCURACY_VALUE',
'Maximum model space distance between geometric entities at asserted c
onnectivities');
#7393=UNCERTAINTY_MEASURE_WITH_UNIT(LENGTH_MEASURE(0.01),#7400,
'DISTANCE_ACCURACY_VALUE',
'Maximum model space distance between geometric entities at asserted c
onnectivities');
#7394=UNCERTAINTY_MEASURE_WITH_UNIT(LENGTH_MEASURE(0.01),#7400,
'DISTANCE_ACCURACY_VALUE',
'Maximum model space distance between geometric entities at asserted c
onnectivities');
#7395=(
GEOMETRIC_REPRESENTATION_CONTEXT(3)
GLOBAL_UNCERTAINTY_ASSIGNED_CONTEXT((#7390))
GLOBAL_UNIT_ASSIGNED_CONTEXT((#7400,#7402,#7403))
REPRESENTATION_CONTEXT('','3D')
);
#7396=(
GEOMETRIC_REPRESENTATION_CONTEXT(3)
GLOBAL_UNCERTAINTY_ASSIGNED_CONTEXT((#7391))
GLOBAL_UNIT_ASSIGNED_CONTEXT((#7400,#7402,#7403))
REPRESENTATION_CONTEXT('','3D')
);
#7397=(
GEOMETRIC_REPRESENTATION_CONTEXT(3)
GLOBAL_UNCERTAINTY_ASSIGNED_CONTEXT((#7392))
GLOBAL_UNIT_ASSIGNED_CONTEXT((#7400,#7402,#7403))
REPRESENTATION_CONTEXT('','3D')
);
#7398=(
GEOMETRIC_REPRESENTATION_CONTEXT(3)
GLOBAL_UNCERTAINTY_ASSIGNED_CONTEXT((#7393))
GLOBAL_UNIT_ASSIGNED_CONTEXT((#7400,#7402,#7403))
REPRESENTATION_CONTEXT('','3D')
);
#7399=(
GEOMETRIC_REPRESENTATION_CONTEXT(3)
GLOBAL_UNCERTAINTY_ASSIGNED_CONTEXT((#7394))
GLOBAL_UNIT_ASSIGNED_CONTEXT((#7400,#7402,#7403))
REPRESENTATION_CONTEXT('','3D')
);
#7400=(
LENGTH_UNIT()
NAMED_UNIT(*)
SI_UNIT(.MILLI.,.METRE.)
);
#7401=(
LENGTH_UNIT()
NAMED_UNIT(*)
SI_UNIT($,.METRE.)
);
#7402=(
NAMED_UNIT(*)
PLANE_ANGLE_UNIT()
SI_UNIT($,.RADIAN.)
);
#7403=(
NAMED_UNIT(*)
SI_UNIT($,.STERADIAN.)
SOLID_ANGLE_UNIT()
);
#7404=SHAPE_DEFINITION_REPRESENTATION(#7408,#7416);
#7405=SHAPE_DEFINITION_REPRESENTATION(#7409,#7417);
#7406=SHAPE_DEFINITION_REPRESENTATION(#7410,#7418);
#7407=SHAPE_DEFINITION_REPRESENTATION(#7411,#7419);
#7408=PRODUCT_DEFINITION_SHAPE('',$,#7421);
#7409=PRODUCT_DEFINITION_SHAPE('',$,#7422);
#7410=PRODUCT_DEFINITION_SHAPE('',$,#7423);
#7411=PRODUCT_DEFINITION_SHAPE('',$,#7424);
#7412=PRODUCT_DEFINITION_SHAPE($,$,#23);
#7413=PRODUCT_DEFINITION_SHAPE($,$,#24);
#7414=PRODUCT_DEFINITION_SHAPE($,$,#25);
#7415=PRODUCT_DEFINITION_SHAPE($,$,#26);
#7416=SHAPE_REPRESENTATION('',(#3987,#4266,#4267,#4268,#4269),#7395);
#7417=SHAPE_REPRESENTATION('',(#3988),#7396);
#7418=SHAPE_REPRESENTATION('',(#4126),#7397);
#7419=SHAPE_REPRESENTATION('',(#4229),#7398);
#7420=PRODUCT_DEFINITION_CONTEXT('part definition',#7434,'design');
#7421=PRODUCT_DEFINITION('1590LB','(Sin guardar)',#7425,#7420);
#7422=PRODUCT_DEFINITION('1590LB Box','1590LB Box',#7426,#7420);
#7423=PRODUCT_DEFINITION('1590LB-LLB Lid','1590LB-LLB Lid',#7427,#7420);
#7424=PRODUCT_DEFINITION('SC530 (screw #6-32X 1_2'''' FH)',
'SC530 (screw #6-32X 1_2'''' FH)',#7428,#7420);
#7425=PRODUCT_DEFINITION_FORMATION('',$,#7436);
#7426=PRODUCT_DEFINITION_FORMATION('',$,#7437);
#7427=PRODUCT_DEFINITION_FORMATION('',$,#7438);
#7428=PRODUCT_DEFINITION_FORMATION('',$,#7439);
#7429=PRODUCT_RELATED_PRODUCT_CATEGORY('(Sin guardar)','(Sin guardar)',
(#7436));
#7430=PRODUCT_RELATED_PRODUCT_CATEGORY('1590LB Box','1590LB Box',(#7437));
#7431=PRODUCT_RELATED_PRODUCT_CATEGORY('1590LB-LLB Lid',
'1590LB-LLB Lid',(#7438));
#7432=PRODUCT_RELATED_PRODUCT_CATEGORY('SC530 (screw #6-32X 1_2'''' FH
)','SC530 (screw #6-32X 1_2'''' FH)',(#7439));
#7433=APPLICATION_PROTOCOL_DEFINITION('international standard',
'automotive_design',2009,#7434);
#7434=APPLICATION_CONTEXT(
'Core Data for Automotive Mechanical Design Process');
#7435=PRODUCT_CONTEXT('part definition',#7434,'mechanical');
#7436=PRODUCT('1590LB','(Sin guardar)',$,(#7435));
#7437=PRODUCT('1590LB Box','1590LB Box',$,(#7435));
#7438=PRODUCT('1590LB-LLB Lid','1590LB-LLB Lid',$,(#7435));
#7439=PRODUCT('SC530 (screw #6-32X 1_2'''' FH)',
'SC530 (screw #6-32X 1_2'''' FH)',$,(#7435));
#7440=PRESENTATION_STYLE_ASSIGNMENT((#7442));
#7441=PRESENTATION_STYLE_ASSIGNMENT((#7443));
#7442=SURFACE_STYLE_USAGE(.BOTH.,#7444);
#7443=SURFACE_STYLE_USAGE(.BOTH.,#7445);
#7444=SURFACE_SIDE_STYLE('',(#7446));
#7445=SURFACE_SIDE_STYLE('',(#7447));
#7446=SURFACE_STYLE_FILL_AREA(#7448);
#7447=SURFACE_STYLE_FILL_AREA(#7449);
#7448=FILL_AREA_STYLE('Acero - Satinado',(#7450));
#7449=FILL_AREA_STYLE('Aluminio - Satinado',(#7451));
#7450=FILL_AREA_STYLE_COLOUR('Acero - Satinado',#7452);
#7451=FILL_AREA_STYLE_COLOUR('Aluminio - Satinado',#7453);
#7452=COLOUR_RGB('Acero - Satinado',0.627450980392157,0.627450980392157,
0.627450980392157);
#7453=COLOUR_RGB('Aluminio - Satinado',0.96078431372549,0.96078431372549,
0.964705882352941);
ENDSEC;
END-ISO-10303-21;
