ISO-10303-21;
HEADER;
/* Generated by software containing ST-Developer
 * from STEP Tools, Inc. (www.steptools.com) 
 */

FILE_DESCRIPTION(
/* description */ (''),
/* implementation_level */ '2;1');

FILE_NAME(
/* name */ '1590LB_NOLID.step',
/* time_stamp */ '2026-04-30T19:42:54+09:00',
/* author */ (''),
/* organization */ (''),
/* preprocessor_version */ 'ST-DEVELOPER v20.1',
/* originating_system */ 'Autodesk Translation Framework v15.8.0.0',
/* authorisation */ '');

FILE_SCHEMA (('AUTOMOTIVE_DESIGN { 1 0 10303 214 3 1 1 }'));
ENDSEC;

DATA;
#10=MECHANICAL_DESIGN_GEOMETRIC_PRESENTATION_REPRESENTATION('',(#17),#9268);
#11=ITEM_DEFINED_TRANSFORMATION($,$,#5038,#5322);
#12=(
REPRESENTATION_RELATIONSHIP($,$,#9279,#9278)
REPRESENTATION_RELATIONSHIP_WITH_TRANSFORMATION(#11)
SHAPE_REPRESENTATION_RELATIONSHIP()
);
#13=CONTEXT_DEPENDENT_SHAPE_REPRESENTATION(#12,#9277);
#14=NEXT_ASSEMBLY_USAGE_OCCURRENCE('1590LB Box:1','1590LB Box:1',
'1590LB Box:1',#9281,#9282,'1590LB Box:1');
#15=SHAPE_REPRESENTATION_RELATIONSHIP('SRR','None',#9279,#16);
#16=ADVANCED_BREP_SHAPE_REPRESENTATION('',(#18),#9267);
#17=STYLED_ITEM('',(#9292),#18);
#18=MANIFOLD_SOLID_BREP('Cuerpo1',#5024);
#19=FACE_BOUND('',#1781,.T.);
#20=FACE_BOUND('',#1782,.T.);
#21=FACE_BOUND('',#1783,.T.);
#22=FACE_BOUND('',#1784,.T.);
#23=FACE_BOUND('',#1785,.T.);
#24=FACE_BOUND('',#1786,.T.);
#25=FACE_BOUND('',#1787,.T.);
#26=FACE_BOUND('',#1788,.T.);
#27=FACE_BOUND('',#1789,.T.);
#28=FACE_BOUND('',#1790,.T.);
#29=FACE_BOUND('',#1791,.T.);
#30=FACE_BOUND('',#1792,.T.);
#31=FACE_BOUND('',#1793,.T.);
#32=FACE_BOUND('',#1795,.T.);
#33=FACE_BOUND('',#1796,.T.);
#34=FACE_BOUND('',#1835,.T.);
#35=FACE_BOUND('',#1876,.T.);
#36=FACE_BOUND('',#1903,.T.);
#37=FACE_BOUND('',#1952,.T.);
#38=FACE_BOUND('',#1975,.T.);
#39=FACE_BOUND('',#2002,.T.);
#40=FACE_BOUND('',#2007,.T.);
#41=FACE_BOUND('',#2012,.T.);
#42=FACE_BOUND('',#2017,.T.);
#43=FACE_BOUND('',#2022,.T.);
#44=FACE_BOUND('',#2023,.T.);
#45=FACE_BOUND('',#2024,.T.);
#46=FACE_BOUND('',#2025,.T.);
#47=FACE_BOUND('',#2026,.T.);
#48=B_SPLINE_CURVE_WITH_KNOTS('',2,(#6665,#6666,#6667,#6668),
 .UNSPECIFIED.,.F.,.F.,(3,1,3),(0.,1.,2.),.UNSPECIFIED.);
#49=B_SPLINE_CURVE_WITH_KNOTS('',2,(#6672,#6673,#6674,#6675),
 .UNSPECIFIED.,.F.,.F.,(3,1,3),(0.,1.,2.),.UNSPECIFIED.);
#50=B_SPLINE_CURVE_WITH_KNOTS('',2,(#6677,#6678,#6679,#6680),
 .UNSPECIFIED.,.F.,.F.,(3,1,3),(0.,1.,2.),.UNSPECIFIED.);
#51=B_SPLINE_CURVE_WITH_KNOTS('',2,(#6682,#6683,#6684,#6685),
 .UNSPECIFIED.,.F.,.F.,(3,1,3),(0.,1.,2.),.UNSPECIFIED.);
#52=B_SPLINE_CURVE_WITH_KNOTS('',2,(#6693,#6694,#6695,#6696),
 .UNSPECIFIED.,.F.,.F.,(3,1,3),(0.,1.,2.),.UNSPECIFIED.);
#53=B_SPLINE_CURVE_WITH_KNOTS('',2,(#6697,#6698,#6699,#6700),
 .UNSPECIFIED.,.F.,.F.,(3,1,3),(0.,1.,2.),.UNSPECIFIED.);
#54=B_SPLINE_CURVE_WITH_KNOTS('',2,(#6795,#6796,#6797,#6798),
 .UNSPECIFIED.,.F.,.F.,(3,1,3),(0.,1.,2.),.UNSPECIFIED.);
#55=B_SPLINE_CURVE_WITH_KNOTS('',2,(#6800,#6801,#6802,#6803),
 .UNSPECIFIED.,.F.,.F.,(3,1,3),(0.,1.,2.),.UNSPECIFIED.);
#56=B_SPLINE_CURVE_WITH_KNOTS('',2,(#6805,#6806,#6807,#6808),
 .UNSPECIFIED.,.F.,.F.,(3,1,3),(0.,1.,2.),.UNSPECIFIED.);
#57=B_SPLINE_CURVE_WITH_KNOTS('',2,(#6810,#6811,#6812,#6813),
 .UNSPECIFIED.,.F.,.F.,(3,1,3),(0.,1.,2.),.UNSPECIFIED.);
#58=B_SPLINE_CURVE_WITH_KNOTS('',2,(#6815,#6816,#6817,#6818),
 .UNSPECIFIED.,.F.,.F.,(3,1,3),(0.,1.,2.),.UNSPECIFIED.);
#59=B_SPLINE_CURVE_WITH_KNOTS('',2,(#6820,#6821,#6822,#6823),
 .UNSPECIFIED.,.F.,.F.,(3,1,3),(0.,1.,2.),.UNSPECIFIED.);
#60=B_SPLINE_CURVE_WITH_KNOTS('',2,(#6825,#6826,#6827,#6828),
 .UNSPECIFIED.,.F.,.F.,(3,1,3),(0.,1.,2.),.UNSPECIFIED.);
#61=B_SPLINE_CURVE_WITH_KNOTS('',2,(#6829,#6830,#6831,#6832),
 .UNSPECIFIED.,.F.,.F.,(3,1,3),(0.,1.,2.),.UNSPECIFIED.);
#62=B_SPLINE_CURVE_WITH_KNOTS('',2,(#6855,#6856,#6857,#6858),
 .UNSPECIFIED.,.F.,.F.,(3,1,3),(0.,1.,2.),.UNSPECIFIED.);
#63=B_SPLINE_CURVE_WITH_KNOTS('',2,(#6860,#6861,#6862,#6863),
 .UNSPECIFIED.,.F.,.F.,(3,1,3),(0.,1.,2.),.UNSPECIFIED.);
#64=B_SPLINE_CURVE_WITH_KNOTS('',2,(#6865,#6866,#6867,#6868),
 .UNSPECIFIED.,.F.,.F.,(3,1,3),(0.,1.,2.),.UNSPECIFIED.);
#65=B_SPLINE_CURVE_WITH_KNOTS('',2,(#6870,#6871,#6872,#6873),
 .UNSPECIFIED.,.F.,.F.,(3,1,3),(0.,1.,2.),.UNSPECIFIED.);
#66=B_SPLINE_CURVE_WITH_KNOTS('',2,(#6900,#6901,#6902,#6903),
 .UNSPECIFIED.,.F.,.F.,(3,1,3),(0.,1.,2.),.UNSPECIFIED.);
#67=B_SPLINE_CURVE_WITH_KNOTS('',2,(#6916,#6917,#6918,#6919),
 .UNSPECIFIED.,.F.,.F.,(3,1,3),(0.,1.,2.),.UNSPECIFIED.);
#68=B_SPLINE_CURVE_WITH_KNOTS('',2,(#6921,#6922,#6923,#6924),
 .UNSPECIFIED.,.F.,.F.,(3,1,3),(0.,1.,2.),.UNSPECIFIED.);
#69=B_SPLINE_CURVE_WITH_KNOTS('',2,(#6926,#6927,#6928,#6929),
 .UNSPECIFIED.,.F.,.F.,(3,1,3),(0.,1.,2.),.UNSPECIFIED.);
#70=B_SPLINE_CURVE_WITH_KNOTS('',2,(#6931,#6932,#6933,#6934),
 .UNSPECIFIED.,.F.,.F.,(3,1,3),(0.,1.,2.),.UNSPECIFIED.);
#71=B_SPLINE_CURVE_WITH_KNOTS('',2,(#6936,#6937,#6938,#6939),
 .UNSPECIFIED.,.F.,.F.,(3,1,3),(0.,1.,2.),.UNSPECIFIED.);
#72=B_SPLINE_CURVE_WITH_KNOTS('',2,(#6941,#6942,#6943,#6944),
 .UNSPECIFIED.,.F.,.F.,(3,1,3),(0.,1.,2.),.UNSPECIFIED.);
#73=B_SPLINE_CURVE_WITH_KNOTS('',2,(#6950,#6951,#6952,#6953),
 .UNSPECIFIED.,.F.,.F.,(3,1,3),(0.,1.,2.),.UNSPECIFIED.);
#74=B_SPLINE_CURVE_WITH_KNOTS('',2,(#6955,#6956,#6957,#6958),
 .UNSPECIFIED.,.F.,.F.,(3,1,3),(0.,1.,2.),.UNSPECIFIED.);
#75=B_SPLINE_CURVE_WITH_KNOTS('',2,(#6960,#6961,#6962,#6963),
 .UNSPECIFIED.,.F.,.F.,(3,1,3),(0.,1.,2.),.UNSPECIFIED.);
#76=B_SPLINE_CURVE_WITH_KNOTS('',2,(#6965,#6966,#6967,#6968),
 .UNSPECIFIED.,.F.,.F.,(3,1,3),(0.,1.,2.),.UNSPECIFIED.);
#77=B_SPLINE_CURVE_WITH_KNOTS('',2,(#6970,#6971,#6972,#6973),
 .UNSPECIFIED.,.F.,.F.,(3,1,3),(0.,1.,2.),.UNSPECIFIED.);
#78=B_SPLINE_CURVE_WITH_KNOTS('',2,(#6975,#6976,#6977,#6978),
 .UNSPECIFIED.,.F.,.F.,(3,1,3),(0.,1.,2.),.UNSPECIFIED.);
#79=B_SPLINE_CURVE_WITH_KNOTS('',2,(#6979,#6980,#6981,#6982),
 .UNSPECIFIED.,.F.,.F.,(3,1,3),(0.,1.,2.),.UNSPECIFIED.);
#80=B_SPLINE_CURVE_WITH_KNOTS('',2,(#6985,#6986,#6987,#6988),
 .UNSPECIFIED.,.F.,.F.,(3,1,3),(0.,1.,2.),.UNSPECIFIED.);
#81=B_SPLINE_CURVE_WITH_KNOTS('',2,(#6990,#6991,#6992,#6993),
 .UNSPECIFIED.,.F.,.F.,(3,1,3),(0.,1.,2.),.UNSPECIFIED.);
#82=B_SPLINE_CURVE_WITH_KNOTS('',2,(#6995,#6996,#6997,#6998),
 .UNSPECIFIED.,.F.,.F.,(3,1,3),(0.,1.,2.),.UNSPECIFIED.);
#83=B_SPLINE_CURVE_WITH_KNOTS('',2,(#7000,#7001,#7002,#7003),
 .UNSPECIFIED.,.F.,.F.,(3,1,3),(0.,1.,2.),.UNSPECIFIED.);
#84=B_SPLINE_CURVE_WITH_KNOTS('',2,(#7005,#7006,#7007,#7008),
 .UNSPECIFIED.,.F.,.F.,(3,1,3),(0.,1.,2.),.UNSPECIFIED.);
#85=B_SPLINE_CURVE_WITH_KNOTS('',2,(#7010,#7011,#7012,#7013),
 .UNSPECIFIED.,.F.,.F.,(3,1,3),(0.,1.,2.),.UNSPECIFIED.);
#86=B_SPLINE_CURVE_WITH_KNOTS('',2,(#7015,#7016,#7017,#7018),
 .UNSPECIFIED.,.F.,.F.,(3,1,3),(0.,1.,2.),.UNSPECIFIED.);
#87=B_SPLINE_CURVE_WITH_KNOTS('',2,(#7020,#7021,#7022,#7023),
 .UNSPECIFIED.,.F.,.F.,(3,1,3),(0.,1.,2.),.UNSPECIFIED.);
#88=B_SPLINE_CURVE_WITH_KNOTS('',2,(#7025,#7026,#7027,#7028),
 .UNSPECIFIED.,.F.,.F.,(3,1,3),(0.,1.,2.),.UNSPECIFIED.);
#89=B_SPLINE_CURVE_WITH_KNOTS('',2,(#7030,#7031,#7032,#7033),
 .UNSPECIFIED.,.F.,.F.,(3,1,3),(0.,1.,2.),.UNSPECIFIED.);
#90=B_SPLINE_CURVE_WITH_KNOTS('',2,(#7035,#7036,#7037,#7038),
 .UNSPECIFIED.,.F.,.F.,(3,1,3),(0.,1.,2.),.UNSPECIFIED.);
#91=B_SPLINE_CURVE_WITH_KNOTS('',2,(#7040,#7041,#7042,#7043),
 .UNSPECIFIED.,.F.,.F.,(3,1,3),(0.,1.,2.),.UNSPECIFIED.);
#92=B_SPLINE_CURVE_WITH_KNOTS('',2,(#7049,#7050,#7051,#7052),
 .UNSPECIFIED.,.F.,.F.,(3,1,3),(0.,1.,2.),.UNSPECIFIED.);
#93=B_SPLINE_CURVE_WITH_KNOTS('',2,(#7054,#7055,#7056,#7057),
 .UNSPECIFIED.,.F.,.F.,(3,1,3),(0.,1.,2.),.UNSPECIFIED.);
#94=B_SPLINE_CURVE_WITH_KNOTS('',2,(#7059,#7060,#7061,#7062),
 .UNSPECIFIED.,.F.,.F.,(3,1,3),(0.,1.,2.),.UNSPECIFIED.);
#95=B_SPLINE_CURVE_WITH_KNOTS('',2,(#7063,#7064,#7065,#7066),
 .UNSPECIFIED.,.F.,.F.,(3,1,3),(0.,1.,2.),.UNSPECIFIED.);
#96=B_SPLINE_CURVE_WITH_KNOTS('',3,(#7082,#7083,#7084,#7085,#7086,#7087),
 .UNSPECIFIED.,.F.,.F.,(4,2,4),(-0.0887579057213206,-0.0443789528606603,
0.),.UNSPECIFIED.);
#97=B_SPLINE_CURVE_WITH_KNOTS('',3,(#7089,#7090,#7091,#7092,#7093,#7094),
 .UNSPECIFIED.,.F.,.F.,(4,2,4),(-0.0567000853607858,-0.0283500426803929,
0.),.UNSPECIFIED.);
#98=B_SPLINE_CURVE_WITH_KNOTS('',3,(#7096,#7097,#7098,#7099,#7100,#7101),
 .UNSPECIFIED.,.F.,.F.,(4,2,4),(-0.0762469612375053,-0.0381234806187526,
0.),.UNSPECIFIED.);
#99=B_SPLINE_CURVE_WITH_KNOTS('',3,(#7105,#7106,#7107,#7108,#7109,#7110),
 .UNSPECIFIED.,.F.,.F.,(4,2,4),(-0.0676075703872502,-0.0338037851936251,
0.),.UNSPECIFIED.);
#100=B_SPLINE_CURVE_WITH_KNOTS('',3,(#7112,#7113,#7114,#7115,#7116,#7117),
 .UNSPECIFIED.,.F.,.F.,(4,2,4),(-0.029174808086443,-0.0145874040432215,
0.),.UNSPECIFIED.);
#101=B_SPLINE_CURVE_WITH_KNOTS('',3,(#7119,#7120,#7121,#7122,#7123,#7124),
 .UNSPECIFIED.,.F.,.F.,(4,2,4),(-0.0539982674463676,-0.0269991337231838,
0.),.UNSPECIFIED.);
#102=B_SPLINE_CURVE_WITH_KNOTS('',3,(#7132,#7133,#7134,#7135,#7136,#7137),
 .UNSPECIFIED.,.F.,.F.,(4,2,4),(-0.0211846607871802,-0.0105923303935901,
0.),.UNSPECIFIED.);
#103=B_SPLINE_CURVE_WITH_KNOTS('',3,(#7139,#7140,#7141,#7142,#7143,#7144),
 .UNSPECIFIED.,.F.,.F.,(4,2,4),(-0.0370253165791306,-0.0185126582895653,
0.),.UNSPECIFIED.);
#104=B_SPLINE_CURVE_WITH_KNOTS('',3,(#7152,#7153,#7154,#7155,#7156,#7157),
 .UNSPECIFIED.,.F.,.F.,(4,2,4),(-0.0372248660704544,-0.0186124330352272,
0.),.UNSPECIFIED.);
#105=B_SPLINE_CURVE_WITH_KNOTS('',3,(#7158,#7159,#7160,#7161,#7162,#7163),
 .UNSPECIFIED.,.F.,.F.,(4,2,4),(-0.0211448944599015,-0.0105724472299508,
0.),.UNSPECIFIED.);
#106=B_SPLINE_CURVE_WITH_KNOTS('',3,(#7166,#7167,#7168,#7169,#7170,#7171),
 .UNSPECIFIED.,.F.,.F.,(4,2,4),(-0.0302668905683497,-0.0151334452841749,
0.),.UNSPECIFIED.);
#107=B_SPLINE_CURVE_WITH_KNOTS('',3,(#7173,#7174,#7175,#7176,#7177,#7178),
 .UNSPECIFIED.,.F.,.F.,(4,2,4),(-0.0389315465533462,-0.0194657732766731,
0.),.UNSPECIFIED.);
#108=B_SPLINE_CURVE_WITH_KNOTS('',3,(#7186,#7187,#7188,#7189,#7190,#7191),
 .UNSPECIFIED.,.F.,.F.,(4,2,4),(-0.0225363329147289,-0.0112681664573644,
0.),.UNSPECIFIED.);
#109=B_SPLINE_CURVE_WITH_KNOTS('',3,(#7192,#7193,#7194,#7195,#7196,#7197),
 .UNSPECIFIED.,.F.,.F.,(4,2,4),(-0.0305672183127665,-0.0152836091563832,
0.),.UNSPECIFIED.);
#110=B_SPLINE_CURVE_WITH_KNOTS('',2,(#7218,#7219,#7220,#7221),
 .UNSPECIFIED.,.F.,.F.,(3,1,3),(0.,1.,2.),.UNSPECIFIED.);
#111=B_SPLINE_CURVE_WITH_KNOTS('',2,(#7232,#7233,#7234,#7235),
 .UNSPECIFIED.,.F.,.F.,(3,1,3),(0.,1.,2.),.UNSPECIFIED.);
#112=B_SPLINE_CURVE_WITH_KNOTS('',2,(#7256,#7257,#7258,#7259),
 .UNSPECIFIED.,.F.,.F.,(3,1,3),(0.,1.,2.),.UNSPECIFIED.);
#113=B_SPLINE_CURVE_WITH_KNOTS('',2,(#7270,#7271,#7272,#7273),
 .UNSPECIFIED.,.F.,.F.,(3,1,3),(0.,1.,2.),.UNSPECIFIED.);
#114=B_SPLINE_CURVE_WITH_KNOTS('',2,(#7326,#7327,#7328,#7329),
 .UNSPECIFIED.,.F.,.F.,(3,1,3),(0.,1.,2.),.UNSPECIFIED.);
#115=B_SPLINE_CURVE_WITH_KNOTS('',2,(#7339,#7340,#7341,#7342),
 .UNSPECIFIED.,.F.,.F.,(3,1,3),(0.,1.,2.),.UNSPECIFIED.);
#116=B_SPLINE_CURVE_WITH_KNOTS('',2,(#7356,#7357,#7358,#7359),
 .UNSPECIFIED.,.F.,.F.,(3,1,3),(0.,1.,2.),.UNSPECIFIED.);
#117=B_SPLINE_CURVE_WITH_KNOTS('',2,(#7369,#7370,#7371,#7372),
 .UNSPECIFIED.,.F.,.F.,(3,1,3),(0.,1.,2.),.UNSPECIFIED.);
#118=B_SPLINE_CURVE_WITH_KNOTS('',3,(#7605,#7606,#7607,#7608,#7609,#7610),
 .UNSPECIFIED.,.F.,.F.,(4,2,4),(-0.125727183208348,-0.0628635916041741,
0.),.UNSPECIFIED.);
#119=B_SPLINE_CURVE_WITH_KNOTS('',3,(#7612,#7613,#7614,#7615,#7616,#7617),
 .UNSPECIFIED.,.F.,.F.,(4,2,4),(-0.0679226168304055,-0.0339613084152027,
0.),.UNSPECIFIED.);
#120=B_SPLINE_CURVE_WITH_KNOTS('',3,(#7619,#7620,#7621,#7622,#7623,#7624),
 .UNSPECIFIED.,.F.,.F.,(4,2,4),(-0.0610474553462378,-0.0305237276731189,
0.),.UNSPECIFIED.);
#121=B_SPLINE_CURVE_WITH_KNOTS('',3,(#7626,#7627,#7628,#7629,#7630,#7631),
 .UNSPECIFIED.,.F.,.F.,(4,2,4),(-0.0723702907938195,-0.0361851453969098,
0.),.UNSPECIFIED.);
#122=B_SPLINE_CURVE_WITH_KNOTS('',3,(#7633,#7634,#7635,#7636,#7637,#7638),
 .UNSPECIFIED.,.F.,.F.,(4,2,4),(-0.178579971798847,-0.0892899858994233,
0.),.UNSPECIFIED.);
#123=B_SPLINE_CURVE_WITH_KNOTS('',3,(#7640,#7641,#7642,#7643,#7644,#7645),
 .UNSPECIFIED.,.F.,.F.,(4,2,4),(-0.0825071834360161,-0.0412535917180081,
0.),.UNSPECIFIED.);
#124=B_SPLINE_CURVE_WITH_KNOTS('',3,(#7647,#7648,#7649,#7650,#7651,#7652),
 .UNSPECIFIED.,.F.,.F.,(4,2,4),(-0.074786817622511,-0.0373934088112555,
0.),.UNSPECIFIED.);
#125=B_SPLINE_CURVE_WITH_KNOTS('',3,(#7653,#7654,#7655,#7656,#7657,#7658),
 .UNSPECIFIED.,.F.,.F.,(4,2,4),(-0.0727849748724968,-0.0363924874362484,
0.),.UNSPECIFIED.);
#126=B_SPLINE_CURVE_WITH_KNOTS('',3,(#7661,#7662,#7663,#7664,#7665,#7666),
 .UNSPECIFIED.,.F.,.F.,(4,2,4),(-0.0829740744191677,-0.0414870372095839,
0.),.UNSPECIFIED.);
#127=B_SPLINE_CURVE_WITH_KNOTS('',3,(#7668,#7669,#7670,#7671,#7672,#7673),
 .UNSPECIFIED.,.F.,.F.,(4,2,4),(-0.104666935144113,-0.0523334675720566,
0.),.UNSPECIFIED.);
#128=B_SPLINE_CURVE_WITH_KNOTS('',3,(#7675,#7676,#7677,#7678,#7679,#7680),
 .UNSPECIFIED.,.F.,.F.,(4,2,4),(-0.0692483866032719,-0.0346241933016359,
0.),.UNSPECIFIED.);
#129=B_SPLINE_CURVE_WITH_KNOTS('',3,(#7682,#7683,#7684,#7685,#7686,#7687),
 .UNSPECIFIED.,.F.,.F.,(4,2,4),(-0.0434607928909727,-0.0217303964454864,
0.),.UNSPECIFIED.);
#130=B_SPLINE_CURVE_WITH_KNOTS('',3,(#7689,#7690,#7691,#7692,#7693,#7694),
 .UNSPECIFIED.,.F.,.F.,(4,2,4),(-0.0511198753375957,-0.0255599376687979,
0.),.UNSPECIFIED.);
#131=B_SPLINE_CURVE_WITH_KNOTS('',3,(#7695,#7696,#7697,#7698,#7699,#7700),
 .UNSPECIFIED.,.F.,.F.,(4,2,4),(-0.0532908210248625,-0.0266454105124312,
0.),.UNSPECIFIED.);
#132=B_SPLINE_CURVE_WITH_KNOTS('',2,(#7712,#7713,#7714,#7715),
 .UNSPECIFIED.,.F.,.F.,(3,1,3),(0.,1.,2.),.UNSPECIFIED.);
#133=B_SPLINE_CURVE_WITH_KNOTS('',2,(#7727,#7728,#7729,#7730),
 .UNSPECIFIED.,.F.,.F.,(3,1,3),(0.,1.,2.),.UNSPECIFIED.);
#134=B_SPLINE_CURVE_WITH_KNOTS('',2,(#7741,#7742,#7743,#7744),
 .UNSPECIFIED.,.F.,.F.,(3,1,3),(0.,1.,2.),.UNSPECIFIED.);
#135=B_SPLINE_CURVE_WITH_KNOTS('',2,(#7791,#7792,#7793,#7794),
 .UNSPECIFIED.,.F.,.F.,(3,1,3),(0.,1.,2.),.UNSPECIFIED.);
#136=B_SPLINE_CURVE_WITH_KNOTS('',2,(#7805,#7806,#7807,#7808),
 .UNSPECIFIED.,.F.,.F.,(3,1,3),(0.,1.,2.),.UNSPECIFIED.);
#137=B_SPLINE_CURVE_WITH_KNOTS('',2,(#7818,#7819,#7820,#7821),
 .UNSPECIFIED.,.F.,.F.,(3,1,3),(0.,1.,2.),.UNSPECIFIED.);
#138=B_SPLINE_CURVE_WITH_KNOTS('',3,(#7901,#7902,#7903,#7904,#7905,#7906),
 .UNSPECIFIED.,.F.,.F.,(4,2,4),(-0.160480534762783,-0.0802402673813913,
0.),.UNSPECIFIED.);
#139=B_SPLINE_CURVE_WITH_KNOTS('',3,(#7908,#7909,#7910,#7911,#7912,#7913),
 .UNSPECIFIED.,.F.,.F.,(4,2,4),(-0.0914631484831087,-0.0457315742415543,
0.),.UNSPECIFIED.);
#140=B_SPLINE_CURVE_WITH_KNOTS('',3,(#7915,#7916,#7917,#7918,#7919,#7920),
 .UNSPECIFIED.,.F.,.F.,(4,2,4),(-0.077564655746312,-0.038782327873156,0.),
 .UNSPECIFIED.);
#141=B_SPLINE_CURVE_WITH_KNOTS('',3,(#7922,#7923,#7924,#7925,#7926,#7927),
 .UNSPECIFIED.,.F.,.F.,(4,2,4),(-0.233355804745912,-0.116677902372956,0.),
 .UNSPECIFIED.);
#142=B_SPLINE_CURVE_WITH_KNOTS('',3,(#7935,#7936,#7937,#7938,#7939,#7940),
 .UNSPECIFIED.,.F.,.F.,(4,2,4),(-0.0904990044346546,-0.0452495022173273,
0.),.UNSPECIFIED.);
#143=B_SPLINE_CURVE_WITH_KNOTS('',3,(#7942,#7943,#7944,#7945,#7946,#7947),
 .UNSPECIFIED.,.F.,.F.,(4,2,4),(-0.0424641344149731,-0.0212320672074866,
0.),.UNSPECIFIED.);
#144=B_SPLINE_CURVE_WITH_KNOTS('',3,(#7955,#7956,#7957,#7958,#7959,#7960),
 .UNSPECIFIED.,.F.,.F.,(4,2,4),(-0.0400446917468976,-0.0200223458734488,
0.),.UNSPECIFIED.);
#145=B_SPLINE_CURVE_WITH_KNOTS('',3,(#7961,#7962,#7963,#7964,#7965,#7966),
 .UNSPECIFIED.,.F.,.F.,(4,2,4),(-0.0749910436742963,-0.0374955218371482,
0.),.UNSPECIFIED.);
#146=B_SPLINE_CURVE_WITH_KNOTS('',2,(#7987,#7988,#7989,#7990),
 .UNSPECIFIED.,.F.,.F.,(3,1,3),(0.,1.,2.),.UNSPECIFIED.);
#147=B_SPLINE_CURVE_WITH_KNOTS('',2,(#8001,#8002,#8003,#8004),
 .UNSPECIFIED.,.F.,.F.,(3,1,3),(0.,1.,2.),.UNSPECIFIED.);
#148=B_SPLINE_CURVE_WITH_KNOTS('',2,(#8055,#8056,#8057,#8058),
 .UNSPECIFIED.,.F.,.F.,(3,1,3),(0.,1.,2.),.UNSPECIFIED.);
#149=B_SPLINE_CURVE_WITH_KNOTS('',2,(#8068,#8069,#8070,#8071),
 .UNSPECIFIED.,.F.,.F.,(3,1,3),(0.,1.,2.),.UNSPECIFIED.);
#150=B_SPLINE_CURVE_WITH_KNOTS('',3,(#8092,#8093,#8094,#8095,#8096,#8097),
 .UNSPECIFIED.,.F.,.F.,(4,2,4),(-0.131947262206379,-0.0659736311031897,
0.),.UNSPECIFIED.);
#151=B_SPLINE_CURVE_WITH_KNOTS('',3,(#8137,#8138,#8139,#8140,#8141,#8142),
 .UNSPECIFIED.,.F.,.F.,(4,2,4),(-0.0723654176901007,-0.0361827088450504,
0.),.UNSPECIFIED.);
#152=B_SPLINE_CURVE_WITH_KNOTS('',3,(#8144,#8145,#8146,#8147,#8148,#8149),
 .UNSPECIFIED.,.F.,.F.,(4,2,4),(-0.0937323697739609,-0.0468661848869804,
0.),.UNSPECIFIED.);
#153=B_SPLINE_CURVE_WITH_KNOTS('',3,(#8151,#8152,#8153,#8154,#8155,#8156),
 .UNSPECIFIED.,.F.,.F.,(4,2,4),(-0.0630207530295083,-0.0315103765147542,
0.),.UNSPECIFIED.);
#154=B_SPLINE_CURVE_WITH_KNOTS('',3,(#8158,#8159,#8160,#8161,#8162,#8163),
 .UNSPECIFIED.,.F.,.F.,(4,2,4),(-0.137693037356129,-0.0688465186780644,
0.),.UNSPECIFIED.);
#155=B_SPLINE_CURVE_WITH_KNOTS('',3,(#8165,#8166,#8167,#8168,#8169,#8170),
 .UNSPECIFIED.,.F.,.F.,(4,2,4),(-0.0439259904789005,-0.0219629952394503,
0.),.UNSPECIFIED.);
#156=B_SPLINE_CURVE_WITH_KNOTS('',3,(#8182,#8183,#8184,#8185,#8186,#8187),
 .UNSPECIFIED.,.F.,.F.,(4,2,4),(-0.0938468523225786,-0.0469234261612893,
0.),.UNSPECIFIED.);
#157=B_SPLINE_CURVE_WITH_KNOTS('',3,(#8189,#8190,#8191,#8192,#8193,#8194),
 .UNSPECIFIED.,.F.,.F.,(4,2,4),(-0.0323089673444516,-0.0161544836722258,
0.),.UNSPECIFIED.);
#158=B_SPLINE_CURVE_WITH_KNOTS('',3,(#8196,#8197,#8198,#8199,#8200,#8201),
 .UNSPECIFIED.,.F.,.F.,(4,2,4),(-0.0271939866848658,-0.0135969933424329,
0.),.UNSPECIFIED.);
#159=B_SPLINE_CURVE_WITH_KNOTS('',3,(#8203,#8204,#8205,#8206,#8207,#8208),
 .UNSPECIFIED.,.F.,.F.,(4,2,4),(-0.0262091629835523,-0.0131045814917762,
0.),.UNSPECIFIED.);
#160=B_SPLINE_CURVE_WITH_KNOTS('',3,(#8210,#8211,#8212,#8213,#8214,#8215),
 .UNSPECIFIED.,.F.,.F.,(4,2,4),(-0.0663193061377772,-0.0331596530688886,
0.),.UNSPECIFIED.);
#161=B_SPLINE_CURVE_WITH_KNOTS('',3,(#8217,#8218,#8219,#8220,#8221,#8222),
 .UNSPECIFIED.,.F.,.F.,(4,2,4),(-0.0299460207051203,-0.0149730103525602,
0.),.UNSPECIFIED.);
#162=B_SPLINE_CURVE_WITH_KNOTS('',3,(#8224,#8225,#8226,#8227,#8228,#8229),
 .UNSPECIFIED.,.F.,.F.,(4,2,4),(-0.0403434771368503,-0.0201717385684252,
0.),.UNSPECIFIED.);
#163=B_SPLINE_CURVE_WITH_KNOTS('',3,(#8234,#8235,#8236,#8237,#8238,#8239),
 .UNSPECIFIED.,.F.,.F.,(4,2,4),(-0.101012951986136,-0.0505064759930682,
0.),.UNSPECIFIED.);
#164=B_SPLINE_CURVE_WITH_KNOTS('',3,(#8374,#8375,#8376,#8377,#8378,#8379),
 .UNSPECIFIED.,.F.,.F.,(4,2,4),(-0.0424795991609769,-0.0212397995804885,
0.),.UNSPECIFIED.);
#165=B_SPLINE_CURVE_WITH_KNOTS('',3,(#8381,#8382,#8383,#8384,#8385,#8386),
 .UNSPECIFIED.,.F.,.F.,(4,2,4),(-0.111607598322643,-0.0558037991613215,
0.),.UNSPECIFIED.);
#166=B_SPLINE_CURVE_WITH_KNOTS('',3,(#8388,#8389,#8390,#8391,#8392,#8393),
 .UNSPECIFIED.,.F.,.F.,(4,2,4),(-0.0729181882389313,-0.0364590941194657,
0.),.UNSPECIFIED.);
#167=B_SPLINE_CURVE_WITH_KNOTS('',3,(#8395,#8396,#8397,#8398,#8399,#8400),
 .UNSPECIFIED.,.F.,.F.,(4,2,4),(-0.112650802510611,-0.0563254012553053,
0.),.UNSPECIFIED.);
#168=B_SPLINE_CURVE_WITH_KNOTS('',3,(#8402,#8403,#8404,#8405,#8406,#8407),
 .UNSPECIFIED.,.F.,.F.,(4,2,4),(-0.0777250673633772,-0.0388625336816886,
0.),.UNSPECIFIED.);
#169=B_SPLINE_CURVE_WITH_KNOTS('',3,(#8409,#8410,#8411,#8412,#8413,#8414),
 .UNSPECIFIED.,.F.,.F.,(4,2,4),(-0.0739562404296326,-0.0369781202148163,
0.),.UNSPECIFIED.);
#170=B_SPLINE_CURVE_WITH_KNOTS('',3,(#8416,#8417,#8418,#8419,#8420,#8421),
 .UNSPECIFIED.,.F.,.F.,(4,2,4),(-0.0190061225189921,-0.00950306125949607,
0.),.UNSPECIFIED.);
#171=B_SPLINE_CURVE_WITH_KNOTS('',3,(#8427,#8428,#8429,#8430,#8431,#8432),
 .UNSPECIFIED.,.F.,.F.,(4,2,4),(-0.0734530842090398,-0.0367265421045199,
0.),.UNSPECIFIED.);
#172=B_SPLINE_CURVE_WITH_KNOTS('',3,(#8434,#8435,#8436,#8437,#8438,#8439),
 .UNSPECIFIED.,.F.,.F.,(4,2,4),(-0.0786679094297783,-0.0393339547148891,
0.),.UNSPECIFIED.);
#173=B_SPLINE_CURVE_WITH_KNOTS('',3,(#8441,#8442,#8443,#8444,#8445,#8446),
 .UNSPECIFIED.,.F.,.F.,(4,2,4),(-0.148952583789975,-0.0744762918949875,
0.),.UNSPECIFIED.);
#174=B_SPLINE_CURVE_WITH_KNOTS('',3,(#8448,#8449,#8450,#8451,#8452,#8453),
 .UNSPECIFIED.,.F.,.F.,(4,2,4),(-0.118438498328944,-0.059219249164472,0.),
 .UNSPECIFIED.);
#175=B_SPLINE_CURVE_WITH_KNOTS('',3,(#8454,#8455,#8456,#8457,#8458,#8459),
 .UNSPECIFIED.,.F.,.F.,(4,2,4),(-0.0887322237524639,-0.0443661118762319,
0.),.UNSPECIFIED.);
#176=B_SPLINE_CURVE_WITH_KNOTS('',3,(#8462,#8463,#8464,#8465,#8466,#8467),
 .UNSPECIFIED.,.F.,.F.,(4,2,4),(-0.00999374731523109,-0.00499687365761554,
0.),.UNSPECIFIED.);
#177=B_SPLINE_CURVE_WITH_KNOTS('',3,(#8469,#8470,#8471,#8472,#8473,#8474),
 .UNSPECIFIED.,.F.,.F.,(4,2,4),(-0.0325868259454378,-0.0162934129727189,
0.),.UNSPECIFIED.);
#178=B_SPLINE_CURVE_WITH_KNOTS('',3,(#8476,#8477,#8478,#8479,#8480,#8481),
 .UNSPECIFIED.,.F.,.F.,(4,2,4),(-0.0227536190830051,-0.0113768095415026,
0.),.UNSPECIFIED.);
#179=B_SPLINE_CURVE_WITH_KNOTS('',3,(#8483,#8484,#8485,#8486,#8487,#8488),
 .UNSPECIFIED.,.F.,.F.,(4,2,4),(-0.0342444397301874,-0.0171222198650937,
0.),.UNSPECIFIED.);
#180=B_SPLINE_CURVE_WITH_KNOTS('',3,(#8490,#8491,#8492,#8493,#8494,#8495),
 .UNSPECIFIED.,.F.,.F.,(4,2,4),(-0.0529554776430809,-0.0264777388215405,
0.),.UNSPECIFIED.);
#181=B_SPLINE_CURVE_WITH_KNOTS('',3,(#8497,#8498,#8499,#8500,#8501,#8502),
 .UNSPECIFIED.,.F.,.F.,(4,2,4),(-0.0331337372552294,-0.0165668686276147,
0.),.UNSPECIFIED.);
#182=B_SPLINE_CURVE_WITH_KNOTS('',3,(#8503,#8504,#8505,#8506,#8507,#8508),
 .UNSPECIFIED.,.F.,.F.,(4,2,4),(-0.0452533776935389,-0.0226266888467695,
0.),.UNSPECIFIED.);
#183=B_SPLINE_CURVE_WITH_KNOTS('',2,(#8520,#8521,#8522,#8523),
 .UNSPECIFIED.,.F.,.F.,(3,1,3),(0.,1.,2.),.UNSPECIFIED.);
#184=B_SPLINE_CURVE_WITH_KNOTS('',2,(#8535,#8536,#8537,#8538),
 .UNSPECIFIED.,.F.,.F.,(3,1,3),(0.,1.,2.),.UNSPECIFIED.);
#185=B_SPLINE_CURVE_WITH_KNOTS('',2,(#8549,#8550,#8551,#8552),
 .UNSPECIFIED.,.F.,.F.,(3,1,3),(0.,1.,2.),.UNSPECIFIED.);
#186=B_SPLINE_CURVE_WITH_KNOTS('',2,(#8563,#8564,#8565,#8566),
 .UNSPECIFIED.,.F.,.F.,(3,1,3),(0.,1.,2.),.UNSPECIFIED.);
#187=B_SPLINE_CURVE_WITH_KNOTS('',2,(#8640,#8641,#8642,#8643),
 .UNSPECIFIED.,.F.,.F.,(3,1,3),(0.,1.,2.),.UNSPECIFIED.);
#188=B_SPLINE_CURVE_WITH_KNOTS('',2,(#8654,#8655,#8656,#8657),
 .UNSPECIFIED.,.F.,.F.,(3,1,3),(0.,1.,2.),.UNSPECIFIED.);
#189=B_SPLINE_CURVE_WITH_KNOTS('',2,(#8667,#8668,#8669,#8670),
 .UNSPECIFIED.,.F.,.F.,(3,1,3),(0.,1.,2.),.UNSPECIFIED.);
#190=B_SPLINE_CURVE_WITH_KNOTS('',3,(#8722,#8723,#8724,#8725,#8726,#8727),
 .UNSPECIFIED.,.F.,.F.,(4,2,4),(-0.116907463390466,-0.0584537316952332,
0.),.UNSPECIFIED.);
#191=B_SPLINE_CURVE_WITH_KNOTS('',3,(#8729,#8730,#8731,#8732,#8733,#8734),
 .UNSPECIFIED.,.F.,.F.,(4,2,4),(-0.179435746444811,-0.0897178732224054,
0.),.UNSPECIFIED.);
#192=B_SPLINE_CURVE_WITH_KNOTS('',3,(#8736,#8737,#8738,#8739,#8740,#8741),
 .UNSPECIFIED.,.F.,.F.,(4,2,4),(-0.10960915215396,-0.05480457607698,0.),
 .UNSPECIFIED.);
#193=B_SPLINE_CURVE_WITH_KNOTS('',3,(#8742,#8743,#8744,#8745,#8746,#8747),
 .UNSPECIFIED.,.F.,.F.,(4,2,4),(-0.180619355535929,-0.0903096777679645,
0.),.UNSPECIFIED.);
#194=B_SPLINE_CURVE_WITH_KNOTS('',3,(#8750,#8751,#8752,#8753,#8754,#8755),
 .UNSPECIFIED.,.F.,.F.,(4,2,4),(-0.0314981757530003,-0.0157490878765001,
0.),.UNSPECIFIED.);
#195=B_SPLINE_CURVE_WITH_KNOTS('',3,(#8757,#8758,#8759,#8760,#8761,#8762),
 .UNSPECIFIED.,.F.,.F.,(4,2,4),(-0.0700891722422106,-0.0350445861211053,
0.),.UNSPECIFIED.);
#196=B_SPLINE_CURVE_WITH_KNOTS('',3,(#8764,#8765,#8766,#8767,#8768,#8769),
 .UNSPECIFIED.,.F.,.F.,(4,2,4),(-0.0467111704211195,-0.0233555852105597,
0.),.UNSPECIFIED.);
#197=B_SPLINE_CURVE_WITH_KNOTS('',3,(#8771,#8772,#8773,#8774,#8775,#8776),
 .UNSPECIFIED.,.F.,.F.,(4,2,4),(-0.0382169253368962,-0.0191084626684481,
0.),.UNSPECIFIED.);
#198=B_SPLINE_CURVE_WITH_KNOTS('',3,(#8778,#8779,#8780,#8781,#8782,#8783),
 .UNSPECIFIED.,.F.,.F.,(4,2,4),(-0.0310818342086913,-0.0155409171043457,
0.),.UNSPECIFIED.);
#199=B_SPLINE_CURVE_WITH_KNOTS('',3,(#8785,#8786,#8787,#8788,#8789,#8790),
 .UNSPECIFIED.,.F.,.F.,(4,2,4),(-0.0603392983246189,-0.0301696491623094,
0.),.UNSPECIFIED.);
#200=B_SPLINE_CURVE_WITH_KNOTS('',3,(#8792,#8793,#8794,#8795,#8796,#8797),
 .UNSPECIFIED.,.F.,.F.,(4,2,4),(-0.0498383442168281,-0.0249191721084141,
0.),.UNSPECIFIED.);
#201=B_SPLINE_CURVE_WITH_KNOTS('',3,(#8798,#8799,#8800,#8801,#8802,#8803),
 .UNSPECIFIED.,.F.,.F.,(4,2,4),(-0.0420218469444764,-0.0210109234722382,
0.),.UNSPECIFIED.);
#202=B_SPLINE_CURVE_WITH_KNOTS('',2,(#8815,#8816,#8817,#8818),
 .UNSPECIFIED.,.F.,.F.,(3,1,3),(0.,1.,2.),.UNSPECIFIED.);
#203=B_SPLINE_CURVE_WITH_KNOTS('',2,(#8830,#8831,#8832,#8833),
 .UNSPECIFIED.,.F.,.F.,(3,1,3),(0.,1.,2.),.UNSPECIFIED.);
#204=B_SPLINE_CURVE_WITH_KNOTS('',2,(#8844,#8845,#8846,#8847),
 .UNSPECIFIED.,.F.,.F.,(3,1,3),(0.,1.,2.),.UNSPECIFIED.);
#205=B_SPLINE_CURVE_WITH_KNOTS('',2,(#8858,#8859,#8860,#8861),
 .UNSPECIFIED.,.F.,.F.,(3,1,3),(0.,1.,2.),.UNSPECIFIED.);
#206=B_SPLINE_CURVE_WITH_KNOTS('',2,(#8890,#8891,#8892,#8893),
 .UNSPECIFIED.,.F.,.F.,(3,1,3),(0.,1.,2.),.UNSPECIFIED.);
#207=B_SPLINE_CURVE_WITH_KNOTS('',2,(#8904,#8905,#8906,#8907),
 .UNSPECIFIED.,.F.,.F.,(3,1,3),(0.,1.,2.),.UNSPECIFIED.);
#208=B_SPLINE_CURVE_WITH_KNOTS('',2,(#8918,#8919,#8920,#8921),
 .UNSPECIFIED.,.F.,.F.,(3,1,3),(0.,1.,2.),.UNSPECIFIED.);
#209=B_SPLINE_CURVE_WITH_KNOTS('',2,(#8931,#8932,#8933,#8934),
 .UNSPECIFIED.,.F.,.F.,(3,1,3),(0.,1.,2.),.UNSPECIFIED.);
#210=PLANE('',#5115);
#211=PLANE('',#5118);
#212=PLANE('',#5119);
#213=PLANE('',#5120);
#214=PLANE('',#5123);
#215=PLANE('',#5124);
#216=PLANE('',#5125);
#217=PLANE('',#5126);
#218=PLANE('',#5127);
#219=PLANE('',#5128);
#220=PLANE('',#5129);
#221=PLANE('',#5130);
#222=PLANE('',#5131);
#223=PLANE('',#5132);
#224=PLANE('',#5133);
#225=PLANE('',#5134);
#226=PLANE('',#5135);
#227=PLANE('',#5136);
#228=PLANE('',#5137);
#229=PLANE('',#5138);
#230=PLANE('',#5139);
#231=PLANE('',#5140);
#232=PLANE('',#5141);
#233=PLANE('',#5142);
#234=PLANE('',#5143);
#235=PLANE('',#5144);
#236=PLANE('',#5145);
#237=PLANE('',#5146);
#238=PLANE('',#5147);
#239=PLANE('',#5148);
#240=PLANE('',#5149);
#241=PLANE('',#5150);
#242=PLANE('',#5151);
#243=PLANE('',#5152);
#244=PLANE('',#5153);
#245=PLANE('',#5154);
#246=PLANE('',#5155);
#247=PLANE('',#5156);
#248=PLANE('',#5157);
#249=PLANE('',#5158);
#250=PLANE('',#5159);
#251=PLANE('',#5160);
#252=PLANE('',#5161);
#253=PLANE('',#5162);
#254=PLANE('',#5163);
#255=PLANE('',#5164);
#256=PLANE('',#5165);
#257=PLANE('',#5166);
#258=PLANE('',#5167);
#259=PLANE('',#5168);
#260=PLANE('',#5169);
#261=PLANE('',#5170);
#262=PLANE('',#5171);
#263=PLANE('',#5172);
#264=PLANE('',#5173);
#265=PLANE('',#5174);
#266=PLANE('',#5175);
#267=PLANE('',#5176);
#268=PLANE('',#5177);
#269=PLANE('',#5178);
#270=PLANE('',#5179);
#271=PLANE('',#5180);
#272=PLANE('',#5181);
#273=PLANE('',#5182);
#274=PLANE('',#5183);
#275=PLANE('',#5184);
#276=PLANE('',#5185);
#277=PLANE('',#5186);
#278=PLANE('',#5187);
#279=PLANE('',#5188);
#280=PLANE('',#5189);
#281=PLANE('',#5190);
#282=PLANE('',#5191);
#283=PLANE('',#5192);
#284=PLANE('',#5193);
#285=PLANE('',#5194);
#286=PLANE('',#5195);
#287=PLANE('',#5196);
#288=PLANE('',#5197);
#289=PLANE('',#5198);
#290=PLANE('',#5199);
#291=PLANE('',#5200);
#292=PLANE('',#5201);
#293=PLANE('',#5202);
#294=PLANE('',#5203);
#295=PLANE('',#5204);
#296=PLANE('',#5205);
#297=PLANE('',#5206);
#298=PLANE('',#5207);
#299=PLANE('',#5208);
#300=PLANE('',#5209);
#301=PLANE('',#5210);
#302=PLANE('',#5211);
#303=PLANE('',#5212);
#304=PLANE('',#5213);
#305=PLANE('',#5214);
#306=PLANE('',#5215);
#307=PLANE('',#5216);
#308=PLANE('',#5217);
#309=PLANE('',#5218);
#310=PLANE('',#5219);
#311=PLANE('',#5220);
#312=PLANE('',#5221);
#313=PLANE('',#5222);
#314=PLANE('',#5223);
#315=PLANE('',#5224);
#316=PLANE('',#5225);
#317=PLANE('',#5226);
#318=PLANE('',#5227);
#319=PLANE('',#5228);
#320=PLANE('',#5229);
#321=PLANE('',#5230);
#322=PLANE('',#5231);
#323=PLANE('',#5232);
#324=PLANE('',#5233);
#325=PLANE('',#5234);
#326=PLANE('',#5235);
#327=PLANE('',#5236);
#328=PLANE('',#5237);
#329=PLANE('',#5238);
#330=PLANE('',#5239);
#331=PLANE('',#5240);
#332=PLANE('',#5241);
#333=PLANE('',#5242);
#334=PLANE('',#5243);
#335=PLANE('',#5244);
#336=PLANE('',#5245);
#337=PLANE('',#5252);
#338=PLANE('',#5253);
#339=PLANE('',#5260);
#340=PLANE('',#5261);
#341=PLANE('',#5268);
#342=PLANE('',#5269);
#343=PLANE('',#5276);
#344=PLANE('',#5277);
#345=PLANE('',#5285);
#346=PLANE('',#5287);
#347=PLANE('',#5288);
#348=PLANE('',#5289);
#349=PLANE('',#5293);
#350=PLANE('',#5297);
#351=PLANE('',#5298);
#352=PLANE('',#5306);
#353=PLANE('',#5307);
#354=PLANE('',#5308);
#355=PLANE('',#5309);
#356=PLANE('',#5321);
#357=B_SPLINE_SURFACE_WITH_KNOTS('',3,3,((#6449,#6450,#6451,#6452,#6453),
(#6454,#6455,#6456,#6457,#6458),(#6459,#6460,#6461,#6462,#6463),(#6464,
#6465,#6466,#6467,#6468),(#6469,#6470,#6471,#6472,#6473)),.UNSPECIFIED.,
 .F.,.F.,.F.,(4,1,4),(4,1,4),(-0.000536041498932388,0.5,1.00626193245133),
(-0.791402738285095,-0.112162972261967,0.791402738285095),.UNSPECIFIED.);
#358=B_SPLINE_SURFACE_WITH_KNOTS('',3,3,((#6479,#6480,#6481,#6482,#6483),
(#6484,#6485,#6486,#6487,#6488),(#6489,#6490,#6491,#6492,#6493),(#6494,
#6495,#6496,#6497,#6498),(#6499,#6500,#6501,#6502,#6503)),.UNSPECIFIED.,
 .F.,.F.,.F.,(4,1,4),(4,1,4),(-0.000536041498932897,0.5,1.00626193245133),
(-0.791402738285093,-0.112162972261967,0.791402738285092),.UNSPECIFIED.);
#359=B_SPLINE_SURFACE_WITH_KNOTS('',3,3,((#6557,#6558,#6559,#6560,#6561),
(#6562,#6563,#6564,#6565,#6566),(#6567,#6568,#6569,#6570,#6571),(#6572,
#6573,#6574,#6575,#6576),(#6577,#6578,#6579,#6580,#6581)),.UNSPECIFIED.,
 .F.,.F.,.F.,(4,1,4),(4,1,4),(-0.000536041498931274,0.5,1.00626193245136),
(-0.791402738285127,-0.112162972261967,0.791402738285125),.UNSPECIFIED.);
#360=B_SPLINE_SURFACE_WITH_KNOTS('',3,3,((#6587,#6588,#6589,#6590,#6591),
(#6592,#6593,#6594,#6595,#6596),(#6597,#6598,#6599,#6600,#6601),(#6602,
#6603,#6604,#6605,#6606),(#6607,#6608,#6609,#6610,#6611)),.UNSPECIFIED.,
 .F.,.F.,.F.,(4,1,4),(4,1,4),(-0.000536041498931973,0.5,1.00626193245136),
(-0.791402738285129,-0.112162972261966,0.791402738285128),.UNSPECIFIED.);
#361=B_SPLINE_SURFACE_WITH_KNOTS('',2,1,((#7208,#7209),(#7210,#7211),(#7212,
#7213),(#7214,#7215)),.UNSPECIFIED.,.F.,.F.,.F.,(3,1,3),(2,2),(0.,1.,2.),
(0.,22.0286966223991),.UNSPECIFIED.);
#362=B_SPLINE_SURFACE_WITH_KNOTS('',2,1,((#7222,#7223),(#7224,#7225),(#7226,
#7227),(#7228,#7229)),.UNSPECIFIED.,.F.,.F.,.F.,(3,1,3),(2,2),(0.,1.,2.),
(0.,22.0286966223991),.UNSPECIFIED.);
#363=B_SPLINE_SURFACE_WITH_KNOTS('',2,1,((#7246,#7247),(#7248,#7249),(#7250,
#7251),(#7252,#7253)),.UNSPECIFIED.,.F.,.F.,.F.,(3,1,3),(2,2),(0.,1.,2.),
(0.,22.0286966223991),.UNSPECIFIED.);
#364=B_SPLINE_SURFACE_WITH_KNOTS('',2,1,((#7260,#7261),(#7262,#7263),(#7264,
#7265),(#7266,#7267)),.UNSPECIFIED.,.F.,.F.,.F.,(3,1,3),(2,2),(0.,1.,2.),
(0.,22.0286966223991),.UNSPECIFIED.);
#365=B_SPLINE_SURFACE_WITH_KNOTS('',2,1,((#7274,#7275),(#7276,#7277),(#7278,
#7279),(#7280,#7281)),.UNSPECIFIED.,.F.,.F.,.F.,(3,1,3),(2,2),(-2.,-1.,
0.),(0.,22.0286966223991),.UNSPECIFIED.);
#366=B_SPLINE_SURFACE_WITH_KNOTS('',2,1,((#7286,#7287),(#7288,#7289),(#7290,
#7291),(#7292,#7293)),.UNSPECIFIED.,.F.,.F.,.F.,(3,1,3),(2,2),(-2.,-1.,
0.),(0.,22.0286966223991),.UNSPECIFIED.);
#367=B_SPLINE_SURFACE_WITH_KNOTS('',2,1,((#7295,#7296),(#7297,#7298),(#7299,
#7300),(#7301,#7302)),.UNSPECIFIED.,.F.,.F.,.F.,(3,1,3),(2,2),(-2.,-1.,
0.),(0.,22.0286966223991),.UNSPECIFIED.);
#368=B_SPLINE_SURFACE_WITH_KNOTS('',2,1,((#7304,#7305),(#7306,#7307),(#7308,
#7309),(#7310,#7311)),.UNSPECIFIED.,.F.,.F.,.F.,(3,1,3),(2,2),(-2.,-1.,
0.),(0.,22.0286966223991),.UNSPECIFIED.);
#369=B_SPLINE_SURFACE_WITH_KNOTS('',2,1,((#7317,#7318),(#7319,#7320),(#7321,
#7322),(#7323,#7324)),.UNSPECIFIED.,.F.,.F.,.F.,(3,1,3),(2,2),(0.,1.,2.),
(0.,22.0286966223991),.UNSPECIFIED.);
#370=B_SPLINE_SURFACE_WITH_KNOTS('',2,1,((#7331,#7332),(#7333,#7334),(#7335,
#7336),(#7337,#7338)),.UNSPECIFIED.,.F.,.F.,.F.,(3,1,3),(2,2),(0.,1.,2.),
(0.,22.0286966223991),.UNSPECIFIED.);
#371=B_SPLINE_SURFACE_WITH_KNOTS('',2,1,((#7347,#7348),(#7349,#7350),(#7351,
#7352),(#7353,#7354)),.UNSPECIFIED.,.F.,.F.,.F.,(3,1,3),(2,2),(0.,1.,2.),
(0.,22.0286966223991),.UNSPECIFIED.);
#372=B_SPLINE_SURFACE_WITH_KNOTS('',2,1,((#7361,#7362),(#7363,#7364),(#7365,
#7366),(#7367,#7368)),.UNSPECIFIED.,.F.,.F.,.F.,(3,1,3),(2,2),(0.,1.,2.),
(0.,22.0286966223991),.UNSPECIFIED.);
#373=B_SPLINE_SURFACE_WITH_KNOTS('',2,1,((#7379,#7380),(#7381,#7382),(#7383,
#7384),(#7385,#7386)),.UNSPECIFIED.,.F.,.F.,.F.,(3,1,3),(2,2),(-2.,-1.,
0.),(0.,22.0286966223991),.UNSPECIFIED.);
#374=B_SPLINE_SURFACE_WITH_KNOTS('',2,1,((#7388,#7389),(#7390,#7391),(#7392,
#7393),(#7394,#7395)),.UNSPECIFIED.,.F.,.F.,.F.,(3,1,3),(2,2),(-2.,-1.,
0.),(0.,22.0286966223991),.UNSPECIFIED.);
#375=B_SPLINE_SURFACE_WITH_KNOTS('',2,1,((#7701,#7702),(#7703,#7704),(#7705,
#7706),(#7707,#7708)),.UNSPECIFIED.,.F.,.F.,.F.,(3,1,3),(2,2),(0.,1.,2.),
(0.,22.0286966223991),.UNSPECIFIED.);
#376=B_SPLINE_SURFACE_WITH_KNOTS('',2,1,((#7717,#7718),(#7719,#7720),(#7721,
#7722),(#7723,#7724)),.UNSPECIFIED.,.F.,.F.,.F.,(3,1,3),(2,2),(0.,1.,2.),
(0.,22.0286966223991),.UNSPECIFIED.);
#377=B_SPLINE_SURFACE_WITH_KNOTS('',2,1,((#7731,#7732),(#7733,#7734),(#7735,
#7736),(#7737,#7738)),.UNSPECIFIED.,.F.,.F.,.F.,(3,1,3),(2,2),(0.,1.,2.),
(0.,22.0286966223991),.UNSPECIFIED.);
#378=B_SPLINE_SURFACE_WITH_KNOTS('',2,1,((#7745,#7746),(#7747,#7748),(#7749,
#7750),(#7751,#7752)),.UNSPECIFIED.,.F.,.F.,.F.,(3,1,3),(2,2),(-2.,-1.,
0.),(0.,22.0286966223991),.UNSPECIFIED.);
#379=B_SPLINE_SURFACE_WITH_KNOTS('',2,1,((#7755,#7756),(#7757,#7758),(#7759,
#7760),(#7761,#7762)),.UNSPECIFIED.,.F.,.F.,.F.,(3,1,3),(2,2),(-2.,-1.,
0.),(0.,22.0286966223991),.UNSPECIFIED.);
#380=B_SPLINE_SURFACE_WITH_KNOTS('',2,1,((#7764,#7765),(#7766,#7767),(#7768,
#7769),(#7770,#7771)),.UNSPECIFIED.,.F.,.F.,.F.,(3,1,3),(2,2),(-2.,-1.,
0.),(0.,22.0286966223991),.UNSPECIFIED.);
#381=B_SPLINE_SURFACE_WITH_KNOTS('',2,1,((#7773,#7774),(#7775,#7776),(#7777,
#7778),(#7779,#7780)),.UNSPECIFIED.,.F.,.F.,.F.,(3,1,3),(2,2),(-2.,-1.,
0.),(0.,22.0286966223991),.UNSPECIFIED.);
#382=B_SPLINE_SURFACE_WITH_KNOTS('',2,1,((#7782,#7783),(#7784,#7785),(#7786,
#7787),(#7788,#7789)),.UNSPECIFIED.,.F.,.F.,.F.,(3,1,3),(2,2),(0.,1.,2.),
(0.,22.0286966223991),.UNSPECIFIED.);
#383=B_SPLINE_SURFACE_WITH_KNOTS('',2,1,((#7796,#7797),(#7798,#7799),(#7800,
#7801),(#7802,#7803)),.UNSPECIFIED.,.F.,.F.,.F.,(3,1,3),(2,2),(0.,1.,2.),
(0.,22.0286966223991),.UNSPECIFIED.);
#384=B_SPLINE_SURFACE_WITH_KNOTS('',2,1,((#7810,#7811),(#7812,#7813),(#7814,
#7815),(#7816,#7817)),.UNSPECIFIED.,.F.,.F.,.F.,(3,1,3),(2,2),(0.,1.,2.),
(0.,22.0286966223991),.UNSPECIFIED.);
#385=B_SPLINE_SURFACE_WITH_KNOTS('',2,1,((#7822,#7823),(#7824,#7825),(#7826,
#7827),(#7828,#7829)),.UNSPECIFIED.,.F.,.F.,.F.,(3,1,3),(2,2),(-2.,-1.,
0.),(0.,22.0286966223991),.UNSPECIFIED.);
#386=B_SPLINE_SURFACE_WITH_KNOTS('',2,1,((#7831,#7832),(#7833,#7834),(#7835,
#7836),(#7837,#7838)),.UNSPECIFIED.,.F.,.F.,.F.,(3,1,3),(2,2),(-2.,-1.,
0.),(0.,22.0286966223991),.UNSPECIFIED.);
#387=B_SPLINE_SURFACE_WITH_KNOTS('',2,1,((#7840,#7841),(#7842,#7843),(#7844,
#7845),(#7846,#7847)),.UNSPECIFIED.,.F.,.F.,.F.,(3,1,3),(2,2),(-2.,-1.,
0.),(0.,22.0286966223991),.UNSPECIFIED.);
#388=B_SPLINE_SURFACE_WITH_KNOTS('',2,1,((#7849,#7850),(#7851,#7852),(#7853,
#7854),(#7855,#7856)),.UNSPECIFIED.,.F.,.F.,.F.,(3,1,3),(2,2),(-2.,-1.,
0.),(0.,22.0286966223991),.UNSPECIFIED.);
#389=B_SPLINE_SURFACE_WITH_KNOTS('',2,1,((#7977,#7978),(#7979,#7980),(#7981,
#7982),(#7983,#7984)),.UNSPECIFIED.,.F.,.F.,.F.,(3,1,3),(2,2),(0.,1.,2.),
(0.,22.0286966223991),.UNSPECIFIED.);
#390=B_SPLINE_SURFACE_WITH_KNOTS('',2,1,((#7991,#7992),(#7993,#7994),(#7995,
#7996),(#7997,#7998)),.UNSPECIFIED.,.F.,.F.,.F.,(3,1,3),(2,2),(0.,1.,2.),
(0.,22.0286966223991),.UNSPECIFIED.);
#391=B_SPLINE_SURFACE_WITH_KNOTS('',2,1,((#8005,#8006),(#8007,#8008),(#8009,
#8010),(#8011,#8012)),.UNSPECIFIED.,.F.,.F.,.F.,(3,1,3),(2,2),(-2.,-1.,
0.),(0.,22.0286966223991),.UNSPECIFIED.);
#392=B_SPLINE_SURFACE_WITH_KNOTS('',2,1,((#8015,#8016),(#8017,#8018),(#8019,
#8020),(#8021,#8022)),.UNSPECIFIED.,.F.,.F.,.F.,(3,1,3),(2,2),(-2.,-1.,
0.),(0.,22.0286966223991),.UNSPECIFIED.);
#393=B_SPLINE_SURFACE_WITH_KNOTS('',2,1,((#8024,#8025),(#8026,#8027),(#8028,
#8029),(#8030,#8031)),.UNSPECIFIED.,.F.,.F.,.F.,(3,1,3),(2,2),(-2.,-1.,
0.),(0.,22.0286966223991),.UNSPECIFIED.);
#394=B_SPLINE_SURFACE_WITH_KNOTS('',2,1,((#8033,#8034),(#8035,#8036),(#8037,
#8038),(#8039,#8040)),.UNSPECIFIED.,.F.,.F.,.F.,(3,1,3),(2,2),(-2.,-1.,
0.),(0.,22.0286966223991),.UNSPECIFIED.);
#395=B_SPLINE_SURFACE_WITH_KNOTS('',2,1,((#8046,#8047),(#8048,#8049),(#8050,
#8051),(#8052,#8053)),.UNSPECIFIED.,.F.,.F.,.F.,(3,1,3),(2,2),(0.,1.,2.),
(0.,22.0286966223991),.UNSPECIFIED.);
#396=B_SPLINE_SURFACE_WITH_KNOTS('',2,1,((#8060,#8061),(#8062,#8063),(#8064,
#8065),(#8066,#8067)),.UNSPECIFIED.,.F.,.F.,.F.,(3,1,3),(2,2),(0.,1.,2.),
(0.,22.0286966223991),.UNSPECIFIED.);
#397=B_SPLINE_SURFACE_WITH_KNOTS('',2,1,((#8126,#8127),(#8128,#8129),(#8130,
#8131),(#8132,#8133)),.UNSPECIFIED.,.F.,.F.,.F.,(3,1,3),(2,2),(-2.,-1.,
0.),(0.,22.0286966223991),.UNSPECIFIED.);
#398=B_SPLINE_SURFACE_WITH_KNOTS('',2,1,((#8251,#8252),(#8253,#8254),(#8255,
#8256),(#8257,#8258)),.UNSPECIFIED.,.F.,.F.,.F.,(3,1,3),(2,2),(-2.,-1.,
0.),(0.,22.0286966223991),.UNSPECIFIED.);
#399=B_SPLINE_SURFACE_WITH_KNOTS('',2,1,((#8260,#8261),(#8262,#8263),(#8264,
#8265),(#8266,#8267)),.UNSPECIFIED.,.F.,.F.,.F.,(3,1,3),(2,2),(-2.,-1.,
0.),(0.,22.0286966223991),.UNSPECIFIED.);
#400=B_SPLINE_SURFACE_WITH_KNOTS('',2,1,((#8269,#8270),(#8271,#8272),(#8273,
#8274),(#8275,#8276)),.UNSPECIFIED.,.F.,.F.,.F.,(3,1,3),(2,2),(-2.,-1.,
0.),(0.,22.0286966223991),.UNSPECIFIED.);
#401=B_SPLINE_SURFACE_WITH_KNOTS('',2,1,((#8278,#8279),(#8280,#8281),(#8282,
#8283),(#8284,#8285)),.UNSPECIFIED.,.F.,.F.,.F.,(3,1,3),(2,2),(-2.,-1.,
0.),(0.,22.0286966223991),.UNSPECIFIED.);
#402=B_SPLINE_SURFACE_WITH_KNOTS('',2,1,((#8287,#8288),(#8289,#8290),(#8291,
#8292),(#8293,#8294)),.UNSPECIFIED.,.F.,.F.,.F.,(3,1,3),(2,2),(-2.,-1.,
0.),(0.,22.0286966223991),.UNSPECIFIED.);
#403=B_SPLINE_SURFACE_WITH_KNOTS('',2,1,((#8296,#8297),(#8298,#8299),(#8300,
#8301),(#8302,#8303)),.UNSPECIFIED.,.F.,.F.,.F.,(3,1,3),(2,2),(-2.,-1.,
0.),(0.,22.0286966223991),.UNSPECIFIED.);
#404=B_SPLINE_SURFACE_WITH_KNOTS('',2,1,((#8309,#8310),(#8311,#8312),(#8313,
#8314),(#8315,#8316)),.UNSPECIFIED.,.F.,.F.,.F.,(3,1,3),(2,2),(-2.,-1.,
0.),(0.,22.0286966223991),.UNSPECIFIED.);
#405=B_SPLINE_SURFACE_WITH_KNOTS('',2,1,((#8318,#8319),(#8320,#8321),(#8322,
#8323),(#8324,#8325)),.UNSPECIFIED.,.F.,.F.,.F.,(3,1,3),(2,2),(-2.,-1.,
0.),(0.,22.0286966223991),.UNSPECIFIED.);
#406=B_SPLINE_SURFACE_WITH_KNOTS('',2,1,((#8327,#8328),(#8329,#8330),(#8331,
#8332),(#8333,#8334)),.UNSPECIFIED.,.F.,.F.,.F.,(3,1,3),(2,2),(-2.,-1.,
0.),(0.,22.0286966223991),.UNSPECIFIED.);
#407=B_SPLINE_SURFACE_WITH_KNOTS('',2,1,((#8336,#8337),(#8338,#8339),(#8340,
#8341),(#8342,#8343)),.UNSPECIFIED.,.F.,.F.,.F.,(3,1,3),(2,2),(-2.,-1.,
0.),(0.,22.0286966223991),.UNSPECIFIED.);
#408=B_SPLINE_SURFACE_WITH_KNOTS('',2,1,((#8345,#8346),(#8347,#8348),(#8349,
#8350),(#8351,#8352)),.UNSPECIFIED.,.F.,.F.,.F.,(3,1,3),(2,2),(-2.,-1.,
0.),(0.,22.0286966223991),.UNSPECIFIED.);
#409=B_SPLINE_SURFACE_WITH_KNOTS('',2,1,((#8354,#8355),(#8356,#8357),(#8358,
#8359),(#8360,#8361)),.UNSPECIFIED.,.F.,.F.,.F.,(3,1,3),(2,2),(-2.,-1.,
0.),(0.,22.0286966223991),.UNSPECIFIED.);
#410=B_SPLINE_SURFACE_WITH_KNOTS('',2,1,((#8363,#8364),(#8365,#8366),(#8367,
#8368),(#8369,#8370)),.UNSPECIFIED.,.F.,.F.,.F.,(3,1,3),(2,2),(-2.,-1.,
0.),(0.,22.0286966223991),.UNSPECIFIED.);
#411=B_SPLINE_SURFACE_WITH_KNOTS('',2,1,((#8509,#8510),(#8511,#8512),(#8513,
#8514),(#8515,#8516)),.UNSPECIFIED.,.F.,.F.,.F.,(3,1,3),(2,2),(0.,1.,2.),
(0.,22.0286966223991),.UNSPECIFIED.);
#412=B_SPLINE_SURFACE_WITH_KNOTS('',2,1,((#8525,#8526),(#8527,#8528),(#8529,
#8530),(#8531,#8532)),.UNSPECIFIED.,.F.,.F.,.F.,(3,1,3),(2,2),(0.,1.,2.),
(0.,22.0286966223991),.UNSPECIFIED.);
#413=B_SPLINE_SURFACE_WITH_KNOTS('',2,1,((#8539,#8540),(#8541,#8542),(#8543,
#8544),(#8545,#8546)),.UNSPECIFIED.,.F.,.F.,.F.,(3,1,3),(2,2),(0.,1.,2.),
(0.,22.0286966223991),.UNSPECIFIED.);
#414=B_SPLINE_SURFACE_WITH_KNOTS('',2,1,((#8553,#8554),(#8555,#8556),(#8557,
#8558),(#8559,#8560)),.UNSPECIFIED.,.F.,.F.,.F.,(3,1,3),(2,2),(0.,1.,2.),
(0.,22.0286966223991),.UNSPECIFIED.);
#415=B_SPLINE_SURFACE_WITH_KNOTS('',2,1,((#8567,#8568),(#8569,#8570),(#8571,
#8572),(#8573,#8574)),.UNSPECIFIED.,.F.,.F.,.F.,(3,1,3),(2,2),(-2.,-1.,
0.),(0.,22.0286966223991),.UNSPECIFIED.);
#416=B_SPLINE_SURFACE_WITH_KNOTS('',2,1,((#8577,#8578),(#8579,#8580),(#8581,
#8582),(#8583,#8584)),.UNSPECIFIED.,.F.,.F.,.F.,(3,1,3),(2,2),(-2.,-1.,
0.),(0.,22.0286966223991),.UNSPECIFIED.);
#417=B_SPLINE_SURFACE_WITH_KNOTS('',2,1,((#8586,#8587),(#8588,#8589),(#8590,
#8591),(#8592,#8593)),.UNSPECIFIED.,.F.,.F.,.F.,(3,1,3),(2,2),(-2.,-1.,
0.),(0.,22.0286966223991),.UNSPECIFIED.);
#418=B_SPLINE_SURFACE_WITH_KNOTS('',2,1,((#8595,#8596),(#8597,#8598),(#8599,
#8600),(#8601,#8602)),.UNSPECIFIED.,.F.,.F.,.F.,(3,1,3),(2,2),(-2.,-1.,
0.),(0.,22.0286966223991),.UNSPECIFIED.);
#419=B_SPLINE_SURFACE_WITH_KNOTS('',2,1,((#8604,#8605),(#8606,#8607),(#8608,
#8609),(#8610,#8611)),.UNSPECIFIED.,.F.,.F.,.F.,(3,1,3),(2,2),(-2.,-1.,
0.),(0.,22.0286966223991),.UNSPECIFIED.);
#420=B_SPLINE_SURFACE_WITH_KNOTS('',2,1,((#8613,#8614),(#8615,#8616),(#8617,
#8618),(#8619,#8620)),.UNSPECIFIED.,.F.,.F.,.F.,(3,1,3),(2,2),(-2.,-1.,
0.),(0.,22.0286966223991),.UNSPECIFIED.);
#421=B_SPLINE_SURFACE_WITH_KNOTS('',2,1,((#8622,#8623),(#8624,#8625),(#8626,
#8627),(#8628,#8629)),.UNSPECIFIED.,.F.,.F.,.F.,(3,1,3),(2,2),(-2.,-1.,
0.),(0.,22.0286966223991),.UNSPECIFIED.);
#422=B_SPLINE_SURFACE_WITH_KNOTS('',2,1,((#8631,#8632),(#8633,#8634),(#8635,
#8636),(#8637,#8638)),.UNSPECIFIED.,.F.,.F.,.F.,(3,1,3),(2,2),(0.,1.,2.),
(0.,22.0286966223991),.UNSPECIFIED.);
#423=B_SPLINE_SURFACE_WITH_KNOTS('',2,1,((#8645,#8646),(#8647,#8648),(#8649,
#8650),(#8651,#8652)),.UNSPECIFIED.,.F.,.F.,.F.,(3,1,3),(2,2),(0.,1.,2.),
(0.,22.0286966223991),.UNSPECIFIED.);
#424=B_SPLINE_SURFACE_WITH_KNOTS('',2,1,((#8659,#8660),(#8661,#8662),(#8663,
#8664),(#8665,#8666)),.UNSPECIFIED.,.F.,.F.,.F.,(3,1,3),(2,2),(0.,1.,2.),
(0.,22.0286966223991),.UNSPECIFIED.);
#425=B_SPLINE_SURFACE_WITH_KNOTS('',2,1,((#8671,#8672),(#8673,#8674),(#8675,
#8676),(#8677,#8678)),.UNSPECIFIED.,.F.,.F.,.F.,(3,1,3),(2,2),(-2.,-1.,
0.),(0.,22.0286966223991),.UNSPECIFIED.);
#426=B_SPLINE_SURFACE_WITH_KNOTS('',2,1,((#8680,#8681),(#8682,#8683),(#8684,
#8685),(#8686,#8687)),.UNSPECIFIED.,.F.,.F.,.F.,(3,1,3),(2,2),(-2.,-1.,
0.),(0.,22.0286966223991),.UNSPECIFIED.);
#427=B_SPLINE_SURFACE_WITH_KNOTS('',2,1,((#8689,#8690),(#8691,#8692),(#8693,
#8694),(#8695,#8696)),.UNSPECIFIED.,.F.,.F.,.F.,(3,1,3),(2,2),(-2.,-1.,
0.),(0.,22.0286966223991),.UNSPECIFIED.);
#428=B_SPLINE_SURFACE_WITH_KNOTS('',2,1,((#8698,#8699),(#8700,#8701),(#8702,
#8703),(#8704,#8705)),.UNSPECIFIED.,.F.,.F.,.F.,(3,1,3),(2,2),(-2.,-1.,
0.),(0.,22.0286966223991),.UNSPECIFIED.);
#429=B_SPLINE_SURFACE_WITH_KNOTS('',2,1,((#8707,#8708),(#8709,#8710),(#8711,
#8712),(#8713,#8714)),.UNSPECIFIED.,.F.,.F.,.F.,(3,1,3),(2,2),(-2.,-1.,
0.),(0.,22.0286966223991),.UNSPECIFIED.);
#430=B_SPLINE_SURFACE_WITH_KNOTS('',2,1,((#8804,#8805),(#8806,#8807),(#8808,
#8809),(#8810,#8811)),.UNSPECIFIED.,.F.,.F.,.F.,(3,1,3),(2,2),(0.,1.,2.),
(0.,22.0286966223991),.UNSPECIFIED.);
#431=B_SPLINE_SURFACE_WITH_KNOTS('',2,1,((#8820,#8821),(#8822,#8823),(#8824,
#8825),(#8826,#8827)),.UNSPECIFIED.,.F.,.F.,.F.,(3,1,3),(2,2),(0.,1.,2.),
(0.,22.0286966223991),.UNSPECIFIED.);
#432=B_SPLINE_SURFACE_WITH_KNOTS('',2,1,((#8834,#8835),(#8836,#8837),(#8838,
#8839),(#8840,#8841)),.UNSPECIFIED.,.F.,.F.,.F.,(3,1,3),(2,2),(0.,1.,2.),
(0.,22.0286966223991),.UNSPECIFIED.);
#433=B_SPLINE_SURFACE_WITH_KNOTS('',2,1,((#8848,#8849),(#8850,#8851),(#8852,
#8853),(#8854,#8855)),.UNSPECIFIED.,.F.,.F.,.F.,(3,1,3),(2,2),(0.,1.,2.),
(0.,22.0286966223991),.UNSPECIFIED.);
#434=B_SPLINE_SURFACE_WITH_KNOTS('',2,1,((#8862,#8863),(#8864,#8865),(#8866,
#8867),(#8868,#8869)),.UNSPECIFIED.,.F.,.F.,.F.,(3,1,3),(2,2),(-2.,-1.,
0.),(0.,22.0286966223991),.UNSPECIFIED.);
#435=B_SPLINE_SURFACE_WITH_KNOTS('',2,1,((#8872,#8873),(#8874,#8875),(#8876,
#8877),(#8878,#8879)),.UNSPECIFIED.,.F.,.F.,.F.,(3,1,3),(2,2),(-2.,-1.,
0.),(0.,22.0286966223991),.UNSPECIFIED.);
#436=B_SPLINE_SURFACE_WITH_KNOTS('',2,1,((#8881,#8882),(#8883,#8884),(#8885,
#8886),(#8887,#8888)),.UNSPECIFIED.,.F.,.F.,.F.,(3,1,3),(2,2),(0.,1.,2.),
(0.,22.0286966223991),.UNSPECIFIED.);
#437=B_SPLINE_SURFACE_WITH_KNOTS('',2,1,((#8895,#8896),(#8897,#8898),(#8899,
#8900),(#8901,#8902)),.UNSPECIFIED.,.F.,.F.,.F.,(3,1,3),(2,2),(0.,1.,2.),
(0.,22.0286966223991),.UNSPECIFIED.);
#438=B_SPLINE_SURFACE_WITH_KNOTS('',2,1,((#8909,#8910),(#8911,#8912),(#8913,
#8914),(#8915,#8916)),.UNSPECIFIED.,.F.,.F.,.F.,(3,1,3),(2,2),(0.,1.,2.),
(0.,22.0286966223991),.UNSPECIFIED.);
#439=B_SPLINE_SURFACE_WITH_KNOTS('',2,1,((#8923,#8924),(#8925,#8926),(#8927,
#8928),(#8929,#8930)),.UNSPECIFIED.,.F.,.F.,.F.,(3,1,3),(2,2),(0.,1.,2.),
(0.,22.0286966223991),.UNSPECIFIED.);
#440=B_SPLINE_SURFACE_WITH_KNOTS('',2,1,((#8935,#8936),(#8937,#8938),(#8939,
#8940),(#8941,#8942)),.UNSPECIFIED.,.F.,.F.,.F.,(3,1,3),(2,2),(-2.,-1.,
0.),(0.,22.0286966223991),.UNSPECIFIED.);
#441=B_SPLINE_SURFACE_WITH_KNOTS('',2,1,((#8944,#8945),(#8946,#8947),(#8948,
#8949),(#8950,#8951)),.UNSPECIFIED.,.F.,.F.,.F.,(3,1,3),(2,2),(-2.,-1.,
0.),(0.,22.0286966223991),.UNSPECIFIED.);
#442=B_SPLINE_SURFACE_WITH_KNOTS('',3,3,((#9125,#9126,#9127,#9128,#9129,
#9130),(#9131,#9132,#9133,#9134,#9135,#9136),(#9137,#9138,#9139,#9140,#9141,
#9142),(#9143,#9144,#9145,#9146,#9147,#9148),(#9149,#9150,#9151,#9152,#9153,
#9154)),.UNSPECIFIED.,.F.,.F.,.F.,(4,1,4),(4,1,1,4),(0.,0.571428571428571,
1.00192462045746),(-0.78702431817255,-0.112157099673583,0.336471299020749,
0.787024318172551),.UNSPECIFIED.);
#443=B_SPLINE_SURFACE_WITH_KNOTS('',3,3,((#9160,#9161,#9162,#9163,#9164,
#9165),(#9166,#9167,#9168,#9169,#9170,#9171),(#9172,#9173,#9174,#9175,#9176,
#9177),(#9178,#9179,#9180,#9181,#9182,#9183),(#9184,#9185,#9186,#9187,#9188,
#9189)),.UNSPECIFIED.,.F.,.F.,.F.,(4,1,4),(4,1,1,4),(0.,0.571428571428571,
1.00192462045746),(-0.787024318172548,-0.112157099673583,0.33647129902075,
0.787024318172549),.UNSPECIFIED.);
#444=B_SPLINE_SURFACE_WITH_KNOTS('',3,3,((#9195,#9196,#9197,#9198,#9199,
#9200),(#9201,#9202,#9203,#9204,#9205,#9206),(#9207,#9208,#9209,#9210,#9211,
#9212),(#9213,#9214,#9215,#9216,#9217,#9218),(#9219,#9220,#9221,#9222,#9223,
#9224)),.UNSPECIFIED.,.F.,.F.,.F.,(4,1,4),(4,1,1,4),(0.,0.571428571428571,
1.00192462045746),(-0.787024318172551,-0.112157099673584,0.336471299020748,
0.78702431817255),.UNSPECIFIED.);
#445=B_SPLINE_SURFACE_WITH_KNOTS('',3,3,((#9227,#9228,#9229,#9230,#9231,
#9232),(#9233,#9234,#9235,#9236,#9237,#9238),(#9239,#9240,#9241,#9242,#9243,
#9244),(#9245,#9246,#9247,#9248,#9249,#9250),(#9251,#9252,#9253,#9254,#9255,
#9256)),.UNSPECIFIED.,.F.,.F.,.F.,(4,1,4),(4,1,1,4),(0.,0.571428571428571,
1.00192462045746),(-0.787024318172549,-0.112157099673583,0.336471299020749,
0.787024318172548),.UNSPECIFIED.);
#446=LINE('',#6426,#915);
#447=LINE('',#6427,#916);
#448=LINE('',#6429,#917);
#449=LINE('',#6430,#918);
#450=LINE('',#6435,#919);
#451=LINE('',#6436,#920);
#452=LINE('',#6441,#921);
#453=LINE('',#6442,#922);
#454=LINE('',#6447,#923);
#455=LINE('',#6448,#924);
#456=LINE('',#6510,#925);
#457=LINE('',#6511,#926);
#458=LINE('',#6513,#927);
#459=LINE('',#6514,#928);
#460=LINE('',#6516,#929);
#461=LINE('',#6517,#930);
#462=LINE('',#6522,#931);
#463=LINE('',#6523,#932);
#464=LINE('',#6528,#933);
#465=LINE('',#6529,#934);
#466=LINE('',#6531,#935);
#467=LINE('',#6532,#936);
#468=LINE('',#6537,#937);
#469=LINE('',#6538,#938);
#470=LINE('',#6543,#939);
#471=LINE('',#6544,#940);
#472=LINE('',#6549,#941);
#473=LINE('',#6550,#942);
#474=LINE('',#6555,#943);
#475=LINE('',#6556,#944);
#476=LINE('',#6618,#945);
#477=LINE('',#6619,#946);
#478=LINE('',#6621,#947);
#479=LINE('',#6622,#948);
#480=LINE('',#6624,#949);
#481=LINE('',#6625,#950);
#482=LINE('',#6630,#951);
#483=LINE('',#6631,#952);
#484=LINE('',#6636,#953);
#485=LINE('',#6637,#954);
#486=LINE('',#6640,#955);
#487=LINE('',#6641,#956);
#488=LINE('',#6644,#957);
#489=LINE('',#6647,#958);
#490=LINE('',#6649,#959);
#491=LINE('',#6652,#960);
#492=LINE('',#6653,#961);
#493=LINE('',#6656,#962);
#494=LINE('',#6659,#963);
#495=LINE('',#6661,#964);
#496=LINE('',#6670,#965);
#497=LINE('',#6687,#966);
#498=LINE('',#6689,#967);
#499=LINE('',#6691,#968);
#500=LINE('',#6703,#969);
#501=LINE('',#6705,#970);
#502=LINE('',#6707,#971);
#503=LINE('',#6709,#972);
#504=LINE('',#6711,#973);
#505=LINE('',#6713,#974);
#506=LINE('',#6715,#975);
#507=LINE('',#6717,#976);
#508=LINE('',#6719,#977);
#509=LINE('',#6721,#978);
#510=LINE('',#6723,#979);
#511=LINE('',#6724,#980);
#512=LINE('',#6727,#981);
#513=LINE('',#6729,#982);
#514=LINE('',#6731,#983);
#515=LINE('',#6733,#984);
#516=LINE('',#6735,#985);
#517=LINE('',#6737,#986);
#518=LINE('',#6739,#987);
#519=LINE('',#6740,#988);
#520=LINE('',#6743,#989);
#521=LINE('',#6745,#990);
#522=LINE('',#6747,#991);
#523=LINE('',#6749,#992);
#524=LINE('',#6751,#993);
#525=LINE('',#6753,#994);
#526=LINE('',#6755,#995);
#527=LINE('',#6757,#996);
#528=LINE('',#6759,#997);
#529=LINE('',#6761,#998);
#530=LINE('',#6763,#999);
#531=LINE('',#6765,#1000);
#532=LINE('',#6766,#1001);
#533=LINE('',#6769,#1002);
#534=LINE('',#6771,#1003);
#535=LINE('',#6773,#1004);
#536=LINE('',#6775,#1005);
#537=LINE('',#6777,#1006);
#538=LINE('',#6779,#1007);
#539=LINE('',#6781,#1008);
#540=LINE('',#6783,#1009);
#541=LINE('',#6785,#1010);
#542=LINE('',#6787,#1011);
#543=LINE('',#6789,#1012);
#544=LINE('',#6791,#1013);
#545=LINE('',#6792,#1014);
#546=LINE('',#6835,#1015);
#547=LINE('',#6837,#1016);
#548=LINE('',#6839,#1017);
#549=LINE('',#6841,#1018);
#550=LINE('',#6843,#1019);
#551=LINE('',#6845,#1020);
#552=LINE('',#6847,#1021);
#553=LINE('',#6849,#1022);
#554=LINE('',#6851,#1023);
#555=LINE('',#6852,#1024);
#556=LINE('',#6875,#1025);
#557=LINE('',#6877,#1026);
#558=LINE('',#6878,#1027);
#559=LINE('',#6881,#1028);
#560=LINE('',#6883,#1029);
#561=LINE('',#6885,#1030);
#562=LINE('',#6887,#1031);
#563=LINE('',#6889,#1032);
#564=LINE('',#6891,#1033);
#565=LINE('',#6893,#1034);
#566=LINE('',#6895,#1035);
#567=LINE('',#6897,#1036);
#568=LINE('',#6899,#1037);
#569=LINE('',#6906,#1038);
#570=LINE('',#6908,#1039);
#571=LINE('',#6910,#1040);
#572=LINE('',#6912,#1041);
#573=LINE('',#6914,#1042);
#574=LINE('',#6946,#1043);
#575=LINE('',#6948,#1044);
#576=LINE('',#7045,#1045);
#577=LINE('',#7046,#1046);
#578=LINE('',#7069,#1047);
#579=LINE('',#7071,#1048);
#580=LINE('',#7073,#1049);
#581=LINE('',#7075,#1050);
#582=LINE('',#7077,#1051);
#583=LINE('',#7078,#1052);
#584=LINE('',#7103,#1053);
#585=LINE('',#7126,#1054);
#586=LINE('',#7128,#1055);
#587=LINE('',#7129,#1056);
#588=LINE('',#7146,#1057);
#589=LINE('',#7148,#1058);
#590=LINE('',#7150,#1059);
#591=LINE('',#7180,#1060);
#592=LINE('',#7182,#1061);
#593=LINE('',#7184,#1062);
#594=LINE('',#7200,#1063);
#595=LINE('',#7202,#1064);
#596=LINE('',#7203,#1065);
#597=LINE('',#7206,#1066);
#598=LINE('',#7207,#1067);
#599=LINE('',#7217,#1068);
#600=LINE('',#7231,#1069);
#601=LINE('',#7238,#1070);
#602=LINE('',#7240,#1071);
#603=LINE('',#7241,#1072);
#604=LINE('',#7244,#1073);
#605=LINE('',#7245,#1074);
#606=LINE('',#7255,#1075);
#607=LINE('',#7269,#1076);
#608=LINE('',#7282,#1077);
#609=LINE('',#7283,#1078);
#610=LINE('',#7285,#1079);
#611=LINE('',#7294,#1080);
#612=LINE('',#7303,#1081);
#613=LINE('',#7312,#1082);
#614=LINE('',#7315,#1083);
#615=LINE('',#7316,#1084);
#616=LINE('',#7330,#1085);
#617=LINE('',#7345,#1086);
#618=LINE('',#7346,#1087);
#619=LINE('',#7360,#1088);
#620=LINE('',#7374,#1089);
#621=LINE('',#7376,#1090);
#622=LINE('',#7378,#1091);
#623=LINE('',#7387,#1092);
#624=LINE('',#7399,#1093);
#625=LINE('',#7401,#1094);
#626=LINE('',#7403,#1095);
#627=LINE('',#7405,#1096);
#628=LINE('',#7407,#1097);
#629=LINE('',#7409,#1098);
#630=LINE('',#7411,#1099);
#631=LINE('',#7413,#1100);
#632=LINE('',#7415,#1101);
#633=LINE('',#7417,#1102);
#634=LINE('',#7419,#1103);
#635=LINE('',#7420,#1104);
#636=LINE('',#7422,#1105);
#637=LINE('',#7423,#1106);
#638=LINE('',#7425,#1107);
#639=LINE('',#7427,#1108);
#640=LINE('',#7429,#1109);
#641=LINE('',#7431,#1110);
#642=LINE('',#7433,#1111);
#643=LINE('',#7435,#1112);
#644=LINE('',#7437,#1113);
#645=LINE('',#7439,#1114);
#646=LINE('',#7441,#1115);
#647=LINE('',#7443,#1116);
#648=LINE('',#7448,#1117);
#649=LINE('',#7450,#1118);
#650=LINE('',#7452,#1119);
#651=LINE('',#7454,#1120);
#652=LINE('',#7456,#1121);
#653=LINE('',#7458,#1122);
#654=LINE('',#7460,#1123);
#655=LINE('',#7461,#1124);
#656=LINE('',#7464,#1125);
#657=LINE('',#7466,#1126);
#658=LINE('',#7467,#1127);
#659=LINE('',#7470,#1128);
#660=LINE('',#7472,#1129);
#661=LINE('',#7473,#1130);
#662=LINE('',#7476,#1131);
#663=LINE('',#7477,#1132);
#664=LINE('',#7479,#1133);
#665=LINE('',#7480,#1134);
#666=LINE('',#7482,#1135);
#667=LINE('',#7484,#1136);
#668=LINE('',#7486,#1137);
#669=LINE('',#7488,#1138);
#670=LINE('',#7490,#1139);
#671=LINE('',#7492,#1140);
#672=LINE('',#7494,#1141);
#673=LINE('',#7499,#1142);
#674=LINE('',#7501,#1143);
#675=LINE('',#7503,#1144);
#676=LINE('',#7505,#1145);
#677=LINE('',#7507,#1146);
#678=LINE('',#7509,#1147);
#679=LINE('',#7511,#1148);
#680=LINE('',#7513,#1149);
#681=LINE('',#7515,#1150);
#682=LINE('',#7517,#1151);
#683=LINE('',#7519,#1152);
#684=LINE('',#7521,#1153);
#685=LINE('',#7522,#1154);
#686=LINE('',#7524,#1155);
#687=LINE('',#7525,#1156);
#688=LINE('',#7527,#1157);
#689=LINE('',#7529,#1158);
#690=LINE('',#7531,#1159);
#691=LINE('',#7533,#1160);
#692=LINE('',#7535,#1161);
#693=LINE('',#7537,#1162);
#694=LINE('',#7539,#1163);
#695=LINE('',#7541,#1164);
#696=LINE('',#7543,#1165);
#697=LINE('',#7545,#1166);
#698=LINE('',#7547,#1167);
#699=LINE('',#7552,#1168);
#700=LINE('',#7554,#1169);
#701=LINE('',#7556,#1170);
#702=LINE('',#7558,#1171);
#703=LINE('',#7560,#1172);
#704=LINE('',#7562,#1173);
#705=LINE('',#7564,#1174);
#706=LINE('',#7566,#1175);
#707=LINE('',#7568,#1176);
#708=LINE('',#7570,#1177);
#709=LINE('',#7572,#1178);
#710=LINE('',#7574,#1179);
#711=LINE('',#7575,#1180);
#712=LINE('',#7577,#1181);
#713=LINE('',#7578,#1182);
#714=LINE('',#7580,#1183);
#715=LINE('',#7582,#1184);
#716=LINE('',#7584,#1185);
#717=LINE('',#7586,#1186);
#718=LINE('',#7588,#1187);
#719=LINE('',#7590,#1188);
#720=LINE('',#7592,#1189);
#721=LINE('',#7594,#1190);
#722=LINE('',#7596,#1191);
#723=LINE('',#7598,#1192);
#724=LINE('',#7600,#1193);
#725=LINE('',#7710,#1194);
#726=LINE('',#7716,#1195);
#727=LINE('',#7726,#1196);
#728=LINE('',#7740,#1197);
#729=LINE('',#7753,#1198);
#730=LINE('',#7754,#1199);
#731=LINE('',#7763,#1200);
#732=LINE('',#7772,#1201);
#733=LINE('',#7781,#1202);
#734=LINE('',#7795,#1203);
#735=LINE('',#7809,#1204);
#736=LINE('',#7830,#1205);
#737=LINE('',#7839,#1206);
#738=LINE('',#7848,#1207);
#739=LINE('',#7860,#1208);
#740=LINE('',#7862,#1209);
#741=LINE('',#7864,#1210);
#742=LINE('',#7866,#1211);
#743=LINE('',#7868,#1212);
#744=LINE('',#7870,#1213);
#745=LINE('',#7872,#1214);
#746=LINE('',#7874,#1215);
#747=LINE('',#7876,#1216);
#748=LINE('',#7877,#1217);
#749=LINE('',#7879,#1218);
#750=LINE('',#7880,#1219);
#751=LINE('',#7882,#1220);
#752=LINE('',#7884,#1221);
#753=LINE('',#7886,#1222);
#754=LINE('',#7888,#1223);
#755=LINE('',#7890,#1224);
#756=LINE('',#7892,#1225);
#757=LINE('',#7894,#1226);
#758=LINE('',#7896,#1227);
#759=LINE('',#7929,#1228);
#760=LINE('',#7931,#1229);
#761=LINE('',#7932,#1230);
#762=LINE('',#7949,#1231);
#763=LINE('',#7951,#1232);
#764=LINE('',#7953,#1233);
#765=LINE('',#7969,#1234);
#766=LINE('',#7971,#1235);
#767=LINE('',#7972,#1236);
#768=LINE('',#7975,#1237);
#769=LINE('',#7976,#1238);
#770=LINE('',#7986,#1239);
#771=LINE('',#8000,#1240);
#772=LINE('',#8013,#1241);
#773=LINE('',#8014,#1242);
#774=LINE('',#8023,#1243);
#775=LINE('',#8032,#1244);
#776=LINE('',#8041,#1245);
#777=LINE('',#8044,#1246);
#778=LINE('',#8045,#1247);
#779=LINE('',#8059,#1248);
#780=LINE('',#8073,#1249);
#781=LINE('',#8075,#1250);
#782=LINE('',#8080,#1251);
#783=LINE('',#8082,#1252);
#784=LINE('',#8084,#1253);
#785=LINE('',#8086,#1254);
#786=LINE('',#8088,#1255);
#787=LINE('',#8090,#1256);
#788=LINE('',#8099,#1257);
#789=LINE('',#8101,#1258);
#790=LINE('',#8103,#1259);
#791=LINE('',#8104,#1260);
#792=LINE('',#8106,#1261);
#793=LINE('',#8107,#1262);
#794=LINE('',#8109,#1263);
#795=LINE('',#8111,#1264);
#796=LINE('',#8113,#1265);
#797=LINE('',#8115,#1266);
#798=LINE('',#8117,#1267);
#799=LINE('',#8119,#1268);
#800=LINE('',#8121,#1269);
#801=LINE('',#8123,#1270);
#802=LINE('',#8125,#1271);
#803=LINE('',#8172,#1272);
#804=LINE('',#8174,#1273);
#805=LINE('',#8176,#1274);
#806=LINE('',#8178,#1275);
#807=LINE('',#8180,#1276);
#808=LINE('',#8231,#1277);
#809=LINE('',#8233,#1278);
#810=LINE('',#8241,#1279);
#811=LINE('',#8242,#1280);
#812=LINE('',#8244,#1281);
#813=LINE('',#8246,#1282);
#814=LINE('',#8248,#1283);
#815=LINE('',#8250,#1284);
#816=LINE('',#8259,#1285);
#817=LINE('',#8268,#1286);
#818=LINE('',#8277,#1287);
#819=LINE('',#8286,#1288);
#820=LINE('',#8295,#1289);
#821=LINE('',#8304,#1290);
#822=LINE('',#8306,#1291);
#823=LINE('',#8308,#1292);
#824=LINE('',#8317,#1293);
#825=LINE('',#8326,#1294);
#826=LINE('',#8335,#1295);
#827=LINE('',#8344,#1296);
#828=LINE('',#8353,#1297);
#829=LINE('',#8362,#1298);
#830=LINE('',#8423,#1299);
#831=LINE('',#8425,#1300);
#832=LINE('',#8518,#1301);
#833=LINE('',#8524,#1302);
#834=LINE('',#8534,#1303);
#835=LINE('',#8548,#1304);
#836=LINE('',#8562,#1305);
#837=LINE('',#8575,#1306);
#838=LINE('',#8576,#1307);
#839=LINE('',#8585,#1308);
#840=LINE('',#8594,#1309);
#841=LINE('',#8603,#1310);
#842=LINE('',#8612,#1311);
#843=LINE('',#8621,#1312);
#844=LINE('',#8630,#1313);
#845=LINE('',#8644,#1314);
#846=LINE('',#8658,#1315);
#847=LINE('',#8679,#1316);
#848=LINE('',#8688,#1317);
#849=LINE('',#8697,#1318);
#850=LINE('',#8706,#1319);
#851=LINE('',#8715,#1320);
#852=LINE('',#8717,#1321);
#853=LINE('',#8813,#1322);
#854=LINE('',#8819,#1323);
#855=LINE('',#8829,#1324);
#856=LINE('',#8843,#1325);
#857=LINE('',#8857,#1326);
#858=LINE('',#8870,#1327);
#859=LINE('',#8871,#1328);
#860=LINE('',#8880,#1329);
#861=LINE('',#8894,#1330);
#862=LINE('',#8908,#1331);
#863=LINE('',#8922,#1332);
#864=LINE('',#8943,#1333);
#865=LINE('',#8955,#1334);
#866=LINE('',#8957,#1335);
#867=LINE('',#8959,#1336);
#868=LINE('',#8961,#1337);
#869=LINE('',#8963,#1338);
#870=LINE('',#8964,#1339);
#871=LINE('',#8966,#1340);
#872=LINE('',#8967,#1341);
#873=LINE('',#8969,#1342);
#874=LINE('',#8971,#1343);
#875=LINE('',#8973,#1344);
#876=LINE('',#8975,#1345);
#877=LINE('',#8990,#1346);
#878=LINE('',#8995,#1347);
#879=LINE('',#9004,#1348);
#880=LINE('',#9009,#1349);
#881=LINE('',#9018,#1350);
#882=LINE('',#9023,#1351);
#883=LINE('',#9032,#1352);
#884=LINE('',#9037,#1353);
#885=LINE('',#9044,#1354);
#886=LINE('',#9048,#1355);
#887=LINE('',#9052,#1356);
#888=LINE('',#9055,#1357);
#889=LINE('',#9057,#1358);
#890=LINE('',#9060,#1359);
#891=LINE('',#9061,#1360);
#892=LINE('',#9063,#1361);
#893=LINE('',#9066,#1362);
#894=LINE('',#9067,#1363);
#895=LINE('',#9069,#1364);
#896=LINE('',#9070,#1365);
#897=LINE('',#9073,#1366);
#898=LINE('',#9074,#1367);
#899=LINE('',#9081,#1368);
#900=LINE('',#9085,#1369);
#901=LINE('',#9088,#1370);
#902=LINE('',#9089,#1371);
#903=LINE('',#9093,#1372);
#904=LINE('',#9097,#1373);
#905=LINE('',#9100,#1374);
#906=LINE('',#9101,#1375);
#907=LINE('',#9107,#1376);
#908=LINE('',#9111,#1377);
#909=LINE('',#9116,#1378);
#910=LINE('',#9120,#1379);
#911=LINE('',#9121,#1380);
#912=LINE('',#9159,#1381);
#913=LINE('',#9194,#1382);
#914=LINE('',#9260,#1383);
#915=VECTOR('',#5395,24.5758721768205);
#916=VECTOR('',#5396,24.5749992694817);
#917=VECTOR('',#5399,31.5855076709637);
#918=VECTOR('',#5400,31.5855076709637);
#919=VECTOR('',#5405,1.95768377763107);
#920=VECTOR('',#5406,1.95768377763107);
#921=VECTOR('',#5411,24.5749992694817);
#922=VECTOR('',#5412,24.5758721768205);
#923=VECTOR('',#5417,1.95768377763109);
#924=VECTOR('',#5418,1.95768377763109);
#925=VECTOR('',#5433,1.9576837776311);
#926=VECTOR('',#5434,1.95768377763109);
#927=VECTOR('',#5437,1.95768377763109);
#928=VECTOR('',#5438,1.95768377763108);
#929=VECTOR('',#5441,31.5855076709638);
#930=VECTOR('',#5442,31.5855076709637);
#931=VECTOR('',#5447,24.5749992694817);
#932=VECTOR('',#5448,24.5758721768205);
#933=VECTOR('',#5453,24.5758721768205);
#934=VECTOR('',#5454,24.5749992694817);
#935=VECTOR('',#5457,31.5855076709637);
#936=VECTOR('',#5458,31.5855076709637);
#937=VECTOR('',#5463,1.95768377763109);
#938=VECTOR('',#5464,1.95768377763109);
#939=VECTOR('',#5469,24.5758721768205);
#940=VECTOR('',#5470,24.5749992694817);
#941=VECTOR('',#5475,24.5749992694817);
#942=VECTOR('',#5476,24.5758721768205);
#943=VECTOR('',#5481,1.95768377763109);
#944=VECTOR('',#5482,1.95768377763109);
#945=VECTOR('',#5497,1.9576837776311);
#946=VECTOR('',#5498,1.9576837776311);
#947=VECTOR('',#5501,1.95768377763109);
#948=VECTOR('',#5502,1.95768377763109);
#949=VECTOR('',#5505,31.5855076709637);
#950=VECTOR('',#5506,31.5855076709637);
#951=VECTOR('',#5511,24.5749992694817);
#952=VECTOR('',#5512,24.5758721768205);
#953=VECTOR('',#5517,24.5758721768205);
#954=VECTOR('',#5518,24.5749992694817);
#955=VECTOR('',#5521,24.5739890165758);
#956=VECTOR('',#5522,2.00057522753722);
#957=VECTOR('',#5525,24.5739890165758);
#958=VECTOR('',#5530,2.00057522753724);
#959=VECTOR('',#5533,32.70029698674);
#960=VECTOR('',#5536,24.5739890165758);
#961=VECTOR('',#5537,2.00057522753724);
#962=VECTOR('',#5540,24.5739890165758);
#963=VECTOR('',#5545,2.00057522753724);
#964=VECTOR('',#5548,32.70029698674);
#965=VECTOR('',#5551,0.00972447340260363);
#966=VECTOR('',#5552,0.573743930753669);
#967=VECTOR('',#5553,2.00000002980232);
#968=VECTOR('',#5554,0.529983800441947);
#969=VECTOR('',#5555,0.920583482113224);
#970=VECTOR('',#5556,0.784440854476762);
#971=VECTOR('',#5557,0.265802273004523);
#972=VECTOR('',#5558,2.00000002980232);
#973=VECTOR('',#5559,0.265802273004523);
#974=VECTOR('',#5560,0.978930322528853);
#975=VECTOR('',#5561,0.920583482113224);
#976=VECTOR('',#5562,0.978930322528853);
#977=VECTOR('',#5563,0.265802273004523);
#978=VECTOR('',#5564,2.00000002980232);
#979=VECTOR('',#5565,0.265802273004522);
#980=VECTOR('',#5566,0.784440854476762);
#981=VECTOR('',#5567,0.587883984926641);
#982=VECTOR('',#5568,0.269043764138723);
#983=VECTOR('',#5569,2.11058911736818);
#984=VECTOR('',#5570,0.327390604554352);
#985=VECTOR('',#5571,2.11058911736818);
#986=VECTOR('',#5572,0.280388983108428);
#987=VECTOR('',#5573,0.587883984926641);
#988=VECTOR('',#5574,0.763371162104454);
#989=VECTOR('',#5575,0.363047007030568);
#990=VECTOR('',#5576,1.22023198748583);
#991=VECTOR('',#5577,1.21369172245359);
#992=VECTOR('',#5578,0.369529989298971);
#993=VECTOR('',#5579,2.00000002980232);
#994=VECTOR('',#5580,0.265802273004523);
#995=VECTOR('',#5581,1.72285253782809);
#996=VECTOR('',#5582,1.28275945214957);
#997=VECTOR('',#5583,0.162074556710077);
#998=VECTOR('',#5584,1.28078899298026);
#999=VECTOR('',#5585,1.72285253782809);
#1000=VECTOR('',#5586,0.247974071766415);
#1001=VECTOR('',#5587,2.00000002980232);
#1002=VECTOR('',#5588,0.363047007030568);
#1003=VECTOR('',#5589,1.22023198748583);
#1004=VECTOR('',#5590,1.21369172245359);
#1005=VECTOR('',#5591,0.369529989298971);
#1006=VECTOR('',#5592,2.00000002980232);
#1007=VECTOR('',#5593,0.265802273004523);
#1008=VECTOR('',#5594,1.72285253782809);
#1009=VECTOR('',#5595,1.28275945214957);
#1010=VECTOR('',#5596,0.162074556710077);
#1011=VECTOR('',#5597,1.28078899298026);
#1012=VECTOR('',#5598,1.72285253782809);
#1013=VECTOR('',#5599,0.247974071766415);
#1014=VECTOR('',#5600,2.00000002980232);
#1015=VECTOR('',#5601,1.58346841905743);
#1016=VECTOR('',#5602,0.247974071766413);
#1017=VECTOR('',#5603,2.00000002980232);
#1018=VECTOR('',#5604,0.298217184346536);
#1019=VECTOR('',#5605,1.93827346920363);
#1020=VECTOR('',#5606,1.7244732833952);
#1021=VECTOR('',#5607,0.247974071766415);
#1022=VECTOR('',#5608,2.00000002980232);
#1023=VECTOR('',#5609,0.377633717134476);
#1024=VECTOR('',#5610,1.77657520956399);
#1025=VECTOR('',#5611,0.460291741056614);
#1026=VECTOR('',#5612,2.00000002980232);
#1027=VECTOR('',#5613,0.455429504355309);
#1028=VECTOR('',#5614,0.207455432588897);
#1029=VECTOR('',#5615,1.80226907061603);
#1030=VECTOR('',#5616,0.354943279195064);
#1031=VECTOR('',#5617,0.204213941454694);
#1032=VECTOR('',#5618,0.97568883139465);
#1033=VECTOR('',#5619,0.204213941454694);
#1034=VECTOR('',#5620,0.363047007030566);
#1035=VECTOR('',#5621,1.34035658399232);
#1036=VECTOR('',#5622,0.363047007030566);
#1037=VECTOR('',#5623,0.183144249082385);
#1038=VECTOR('',#5624,1.03079418067607);
#1039=VECTOR('',#5625,1.0972447489272);
#1040=VECTOR('',#5626,0.235008107229606);
#1041=VECTOR('',#5627,0.839546203758186);
#1042=VECTOR('',#5628,0.533225291576147);
#1043=VECTOR('',#5629,0.283630474242633);
#1044=VECTOR('',#5630,0.0194489468052095);
#1045=VECTOR('',#5631,0.257698545169021);
#1046=VECTOR('',#5632,0.0129659645368063);
#1047=VECTOR('',#5633,0.236628852796708);
#1048=VECTOR('',#5634,1.15883308047704);
#1049=VECTOR('',#5635,2.00000002980232);
#1050=VECTOR('',#5636,0.265802273004523);
#1051=VECTOR('',#5637,1.76337117700561);
#1052=VECTOR('',#5638,0.893030807472512);
#1053=VECTOR('',#5641,0.00972447340260363);
#1054=VECTOR('',#5642,0.529983800441947);
#1055=VECTOR('',#5643,2.00000002980232);
#1056=VECTOR('',#5644,0.573743930753669);
#1057=VECTOR('',#5645,0.301458675480739);
#1058=VECTOR('',#5646,0.585089149723372);
#1059=VECTOR('',#5647,0.254457054034818);
#1060=VECTOR('',#5648,0.215559160424399);
#1061=VECTOR('',#5649,0.739059978597942);
#1062=VECTOR('',#5650,0.301458675480739);
#1063=VECTOR('',#5653,0.200000000000005);
#1064=VECTOR('',#5654,0.585089149723372);
#1065=VECTOR('',#5655,0.200000000000005);
#1066=VECTOR('',#5658,0.200000000000005);
#1067=VECTOR('',#5659,0.301458675480739);
#1068=VECTOR('',#5660,0.200000000000005);
#1069=VECTOR('',#5661,0.200000000000005);
#1070=VECTOR('',#5664,0.200000000000005);
#1071=VECTOR('',#5665,0.739059978597942);
#1072=VECTOR('',#5666,0.200000000000005);
#1073=VECTOR('',#5669,0.200000000000005);
#1074=VECTOR('',#5670,0.215559160424399);
#1075=VECTOR('',#5671,0.200000000000005);
#1076=VECTOR('',#5672,0.200000000000005);
#1077=VECTOR('',#5673,0.200000000000005);
#1078=VECTOR('',#5674,0.200000000000005);
#1079=VECTOR('',#5677,0.200000000000005);
#1080=VECTOR('',#5678,0.200000000000005);
#1081=VECTOR('',#5679,0.200000000000005);
#1082=VECTOR('',#5680,0.200000000000005);
#1083=VECTOR('',#5683,0.254457054034818);
#1084=VECTOR('',#5684,0.200000000000005);
#1085=VECTOR('',#5685,0.200000000000005);
#1086=VECTOR('',#5688,0.301458675480739);
#1087=VECTOR('',#5689,0.200000000000005);
#1088=VECTOR('',#5690,0.200000000000005);
#1089=VECTOR('',#5693,0.200000000000005);
#1090=VECTOR('',#5696,0.200000000000005);
#1091=VECTOR('',#5699,0.200000000000005);
#1092=VECTOR('',#5700,0.200000000000005);
#1093=VECTOR('',#5703,0.978930322528853);
#1094=VECTOR('',#5704,0.265802273004523);
#1095=VECTOR('',#5705,2.00000002980232);
#1096=VECTOR('',#5706,0.265802273004523);
#1097=VECTOR('',#5707,0.784440854476762);
#1098=VECTOR('',#5708,0.920583482113224);
#1099=VECTOR('',#5709,0.784440854476762);
#1100=VECTOR('',#5710,0.265802273004522);
#1101=VECTOR('',#5711,2.00000002980232);
#1102=VECTOR('',#5712,0.265802273004523);
#1103=VECTOR('',#5713,0.978930322528853);
#1104=VECTOR('',#5714,0.920583482113224);
#1105=VECTOR('',#5717,0.200000000000005);
#1106=VECTOR('',#5718,0.200000000000005);
#1107=VECTOR('',#5721,0.200000000000005);
#1108=VECTOR('',#5724,0.200000000000005);
#1109=VECTOR('',#5727,0.200000000000005);
#1110=VECTOR('',#5730,0.200000000000005);
#1111=VECTOR('',#5733,0.200000000000005);
#1112=VECTOR('',#5736,0.200000000000005);
#1113=VECTOR('',#5739,0.200000000000005);
#1114=VECTOR('',#5742,0.200000000000005);
#1115=VECTOR('',#5745,0.200000000000005);
#1116=VECTOR('',#5748,0.200000000000005);
#1117=VECTOR('',#5753,0.327390604554352);
#1118=VECTOR('',#5754,2.11058911736818);
#1119=VECTOR('',#5755,0.269043764138723);
#1120=VECTOR('',#5756,0.587883984926641);
#1121=VECTOR('',#5757,0.763371162104454);
#1122=VECTOR('',#5758,0.587883984926641);
#1123=VECTOR('',#5759,0.280388983108428);
#1124=VECTOR('',#5760,2.11058911736818);
#1125=VECTOR('',#5761,0.617504061065386);
#1126=VECTOR('',#5762,0.990726382810096);
#1127=VECTOR('',#5763,0.99123134664195);
#1128=VECTOR('',#5766,0.200000000000005);
#1129=VECTOR('',#5767,0.990726382810096);
#1130=VECTOR('',#5768,0.200000000000005);
#1131=VECTOR('',#5771,0.200000000000005);
#1132=VECTOR('',#5772,0.617504061065386);
#1133=VECTOR('',#5775,0.200000000000005);
#1134=VECTOR('',#5776,0.200000000000005);
#1135=VECTOR('',#5779,0.200000000000005);
#1136=VECTOR('',#5782,0.200000000000005);
#1137=VECTOR('',#5785,0.200000000000005);
#1138=VECTOR('',#5788,0.99123134664195);
#1139=VECTOR('',#5791,0.200000000000005);
#1140=VECTOR('',#5794,0.200000000000005);
#1141=VECTOR('',#5797,0.200000000000005);
#1142=VECTOR('',#5802,1.72285253782809);
#1143=VECTOR('',#5803,0.265802273004523);
#1144=VECTOR('',#5804,2.00000002980232);
#1145=VECTOR('',#5805,0.369529989298971);
#1146=VECTOR('',#5806,1.21369172245359);
#1147=VECTOR('',#5807,1.22023198748583);
#1148=VECTOR('',#5808,0.363047007030568);
#1149=VECTOR('',#5809,2.00000002980232);
#1150=VECTOR('',#5810,0.247974071766415);
#1151=VECTOR('',#5811,1.72285253782809);
#1152=VECTOR('',#5812,1.28078899298026);
#1153=VECTOR('',#5813,0.162074556710077);
#1154=VECTOR('',#5814,1.28275945214957);
#1155=VECTOR('',#5817,0.200000000000005);
#1156=VECTOR('',#5818,0.200000000000005);
#1157=VECTOR('',#5821,0.200000000000005);
#1158=VECTOR('',#5824,0.200000000000005);
#1159=VECTOR('',#5827,0.200000000000005);
#1160=VECTOR('',#5830,0.200000000000005);
#1161=VECTOR('',#5833,0.200000000000005);
#1162=VECTOR('',#5836,0.200000000000005);
#1163=VECTOR('',#5839,0.200000000000005);
#1164=VECTOR('',#5842,0.200000000000005);
#1165=VECTOR('',#5845,0.200000000000005);
#1166=VECTOR('',#5848,0.200000000000005);
#1167=VECTOR('',#5851,0.200000000000005);
#1168=VECTOR('',#5856,1.72285253782809);
#1169=VECTOR('',#5857,0.265802273004523);
#1170=VECTOR('',#5858,2.00000002980232);
#1171=VECTOR('',#5859,0.369529989298971);
#1172=VECTOR('',#5860,1.21369172245359);
#1173=VECTOR('',#5861,1.22023198748583);
#1174=VECTOR('',#5862,0.363047007030568);
#1175=VECTOR('',#5863,2.00000002980232);
#1176=VECTOR('',#5864,0.247974071766415);
#1177=VECTOR('',#5865,1.72285253782809);
#1178=VECTOR('',#5866,1.28078899298026);
#1179=VECTOR('',#5867,0.162074556710077);
#1180=VECTOR('',#5868,1.28275945214957);
#1181=VECTOR('',#5871,0.200000000000005);
#1182=VECTOR('',#5872,0.200000000000005);
#1183=VECTOR('',#5875,0.200000000000005);
#1184=VECTOR('',#5878,0.200000000000005);
#1185=VECTOR('',#5881,0.200000000000005);
#1186=VECTOR('',#5884,0.200000000000005);
#1187=VECTOR('',#5887,0.200000000000005);
#1188=VECTOR('',#5890,0.200000000000005);
#1189=VECTOR('',#5893,0.200000000000005);
#1190=VECTOR('',#5896,0.200000000000005);
#1191=VECTOR('',#5899,0.200000000000005);
#1192=VECTOR('',#5902,0.200000000000005);
#1193=VECTOR('',#5905,0.200000000000005);
#1194=VECTOR('',#5910,0.200000000000005);
#1195=VECTOR('',#5911,0.200000000000005);
#1196=VECTOR('',#5912,0.200000000000005);
#1197=VECTOR('',#5913,0.200000000000005);
#1198=VECTOR('',#5914,0.200000000000005);
#1199=VECTOR('',#5915,0.200000000000005);
#1200=VECTOR('',#5916,0.200000000000005);
#1201=VECTOR('',#5917,0.200000000000005);
#1202=VECTOR('',#5918,0.200000000000005);
#1203=VECTOR('',#5919,0.200000000000005);
#1204=VECTOR('',#5920,0.200000000000005);
#1205=VECTOR('',#5921,0.200000000000005);
#1206=VECTOR('',#5922,0.200000000000005);
#1207=VECTOR('',#5923,0.200000000000005);
#1208=VECTOR('',#5926,1.93827346920363);
#1209=VECTOR('',#5927,0.298217184346536);
#1210=VECTOR('',#5928,2.00000002980232);
#1211=VECTOR('',#5929,0.247974071766413);
#1212=VECTOR('',#5930,1.58346841905743);
#1213=VECTOR('',#5931,1.77657520956399);
#1214=VECTOR('',#5932,0.377633717134476);
#1215=VECTOR('',#5933,2.00000002980232);
#1216=VECTOR('',#5934,0.247974071766415);
#1217=VECTOR('',#5935,1.7244732833952);
#1218=VECTOR('',#5938,0.200000000000005);
#1219=VECTOR('',#5939,0.200000000000005);
#1220=VECTOR('',#5942,0.200000000000005);
#1221=VECTOR('',#5945,0.200000000000005);
#1222=VECTOR('',#5948,0.200000000000005);
#1223=VECTOR('',#5951,0.200000000000005);
#1224=VECTOR('',#5954,0.200000000000005);
#1225=VECTOR('',#5957,0.200000000000005);
#1226=VECTOR('',#5960,0.200000000000005);
#1227=VECTOR('',#5963,0.200000000000005);
#1228=VECTOR('',#5968,0.455429504355309);
#1229=VECTOR('',#5969,2.00000002980232);
#1230=VECTOR('',#5970,0.460291741056614);
#1231=VECTOR('',#5971,0.202593195887593);
#1232=VECTOR('',#5972,1.53970828874571);
#1233=VECTOR('',#5973,0.202593195887593);
#1234=VECTOR('',#5976,0.200000000000005);
#1235=VECTOR('',#5977,1.53970828874571);
#1236=VECTOR('',#5978,0.200000000000005);
#1237=VECTOR('',#5981,0.200000000000005);
#1238=VECTOR('',#5982,0.202593195887593);
#1239=VECTOR('',#5983,0.200000000000005);
#1240=VECTOR('',#5984,0.200000000000005);
#1241=VECTOR('',#5985,0.200000000000005);
#1242=VECTOR('',#5986,0.200000000000005);
#1243=VECTOR('',#5987,0.200000000000005);
#1244=VECTOR('',#5988,0.200000000000005);
#1245=VECTOR('',#5989,0.200000000000005);
#1246=VECTOR('',#5992,0.202593195887593);
#1247=VECTOR('',#5993,0.200000000000005);
#1248=VECTOR('',#5994,0.200000000000005);
#1249=VECTOR('',#5997,0.200000000000005);
#1250=VECTOR('',#6000,0.200000000000005);
#1251=VECTOR('',#6005,0.204213941454694);
#1252=VECTOR('',#6006,0.97568883139465);
#1253=VECTOR('',#6007,0.204213941454694);
#1254=VECTOR('',#6008,0.354943279195064);
#1255=VECTOR('',#6009,1.80226907061603);
#1256=VECTOR('',#6010,0.207455432588897);
#1257=VECTOR('',#6011,0.183144249082385);
#1258=VECTOR('',#6012,0.363047007030566);
#1259=VECTOR('',#6013,1.34035658399232);
#1260=VECTOR('',#6014,0.363047007030566);
#1261=VECTOR('',#6017,0.200000000000005);
#1262=VECTOR('',#6018,0.200000000000005);
#1263=VECTOR('',#6021,0.200000000000005);
#1264=VECTOR('',#6024,0.200000000000005);
#1265=VECTOR('',#6027,0.200000000000005);
#1266=VECTOR('',#6030,0.200000000000005);
#1267=VECTOR('',#6033,0.200000000000005);
#1268=VECTOR('',#6036,0.200000000000005);
#1269=VECTOR('',#6039,0.200000000000005);
#1270=VECTOR('',#6042,0.200000000000005);
#1271=VECTOR('',#6045,0.200000000000005);
#1272=VECTOR('',#6048,0.533225291576147);
#1273=VECTOR('',#6049,0.839546203758186);
#1274=VECTOR('',#6050,0.235008107229606);
#1275=VECTOR('',#6051,1.0972447489272);
#1276=VECTOR('',#6052,1.03079418067607);
#1277=VECTOR('',#6053,0.0194489468052095);
#1278=VECTOR('',#6054,0.283630474242633);
#1279=VECTOR('',#6057,0.200000000000005);
#1280=VECTOR('',#6058,0.200000000000005);
#1281=VECTOR('',#6061,0.200000000000005);
#1282=VECTOR('',#6064,0.200000000000005);
#1283=VECTOR('',#6067,0.200000000000005);
#1284=VECTOR('',#6070,0.200000000000005);
#1285=VECTOR('',#6071,0.200000000000005);
#1286=VECTOR('',#6072,0.200000000000005);
#1287=VECTOR('',#6073,0.200000000000005);
#1288=VECTOR('',#6074,0.200000000000005);
#1289=VECTOR('',#6075,0.200000000000005);
#1290=VECTOR('',#6076,0.200000000000005);
#1291=VECTOR('',#6079,0.200000000000005);
#1292=VECTOR('',#6082,0.200000000000005);
#1293=VECTOR('',#6083,0.200000000000005);
#1294=VECTOR('',#6084,0.200000000000005);
#1295=VECTOR('',#6085,0.200000000000005);
#1296=VECTOR('',#6086,0.200000000000005);
#1297=VECTOR('',#6087,0.200000000000005);
#1298=VECTOR('',#6088,0.200000000000005);
#1299=VECTOR('',#6091,0.0129659645368063);
#1300=VECTOR('',#6092,0.257698545169021);
#1301=VECTOR('',#6093,0.200000000000005);
#1302=VECTOR('',#6094,0.200000000000005);
#1303=VECTOR('',#6095,0.200000000000005);
#1304=VECTOR('',#6096,0.200000000000005);
#1305=VECTOR('',#6097,0.200000000000005);
#1306=VECTOR('',#6098,0.200000000000005);
#1307=VECTOR('',#6099,0.200000000000005);
#1308=VECTOR('',#6100,0.200000000000005);
#1309=VECTOR('',#6101,0.200000000000005);
#1310=VECTOR('',#6102,0.200000000000005);
#1311=VECTOR('',#6103,0.200000000000005);
#1312=VECTOR('',#6104,0.200000000000005);
#1313=VECTOR('',#6105,0.200000000000005);
#1314=VECTOR('',#6106,0.200000000000005);
#1315=VECTOR('',#6107,0.200000000000005);
#1316=VECTOR('',#6108,0.200000000000005);
#1317=VECTOR('',#6109,0.200000000000005);
#1318=VECTOR('',#6110,0.200000000000005);
#1319=VECTOR('',#6111,0.200000000000005);
#1320=VECTOR('',#6112,0.200000000000005);
#1321=VECTOR('',#6115,0.200000000000005);
#1322=VECTOR('',#6120,0.200000000000005);
#1323=VECTOR('',#6121,0.200000000000005);
#1324=VECTOR('',#6122,0.200000000000005);
#1325=VECTOR('',#6123,0.200000000000005);
#1326=VECTOR('',#6124,0.200000000000005);
#1327=VECTOR('',#6125,0.200000000000005);
#1328=VECTOR('',#6126,0.200000000000005);
#1329=VECTOR('',#6127,0.200000000000005);
#1330=VECTOR('',#6128,0.200000000000005);
#1331=VECTOR('',#6129,0.200000000000005);
#1332=VECTOR('',#6130,0.200000000000005);
#1333=VECTOR('',#6131,0.200000000000005);
#1334=VECTOR('',#6134,2.00000002980232);
#1335=VECTOR('',#6135,1.15883308047704);
#1336=VECTOR('',#6136,0.236628852796708);
#1337=VECTOR('',#6137,0.893030807472512);
#1338=VECTOR('',#6138,1.76337117700561);
#1339=VECTOR('',#6139,0.265802273004523);
#1340=VECTOR('',#6142,0.200000000000005);
#1341=VECTOR('',#6143,0.200000000000005);
#1342=VECTOR('',#6146,0.200000000000005);
#1343=VECTOR('',#6149,0.200000000000005);
#1344=VECTOR('',#6152,0.200000000000005);
#1345=VECTOR('',#6155,0.200000000000005);
#1346=VECTOR('',#6178,1.95);
#1347=VECTOR('',#6185,1.321);
#1348=VECTOR('',#6196,1.95);
#1349=VECTOR('',#6203,1.321);
#1350=VECTOR('',#6214,1.95);
#1351=VECTOR('',#6221,1.321);
#1352=VECTOR('',#6232,1.95);
#1353=VECTOR('',#6239,1.321);
#1354=VECTOR('',#6246,40.6029851021882);
#1355=VECTOR('',#6249,40.6029851021882);
#1356=VECTOR('',#6252,40.6029851021882);
#1357=VECTOR('',#6255,40.6029851021882);
#1358=VECTOR('',#6256,2.00057522753723);
#1359=VECTOR('',#6259,2.00057522753723);
#1360=VECTOR('',#6260,32.70029698674);
#1361=VECTOR('',#6261,2.00057522753723);
#1362=VECTOR('',#6264,2.00057522753724);
#1363=VECTOR('',#6265,32.70029698674);
#1364=VECTOR('',#6268,24.5739890165758);
#1365=VECTOR('',#6269,24.5739890165758);
#1366=VECTOR('',#6274,24.5739890165758);
#1367=VECTOR('',#6275,24.5739890165758);
#1368=VECTOR('',#6284,39.3547806206221);
#1369=VECTOR('',#6287,39.3547806206221);
#1370=VECTOR('',#6292,25.5518964450404);
#1371=VECTOR('',#6293,25.5518964450404);
#1372=VECTOR('',#6296,39.3547806206221);
#1373=VECTOR('',#6299,39.3547806206221);
#1374=VECTOR('',#6304,25.5518964450404);
#1375=VECTOR('',#6305,25.5518964450404);
#1376=VECTOR('',#6312,39.3547806206221);
#1377=VECTOR('',#6315,39.3547806206221);
#1378=VECTOR('',#6320,39.3547806206221);
#1379=VECTOR('',#6327,25.5518964450404);
#1380=VECTOR('',#6328,25.5518964450404);
#1381=VECTOR('',#6341,25.5518964450404);
#1382=VECTOR('',#6348,25.5518964450404);
#1383=VECTOR('',#6359,39.3547806206221);
#1384=ELLIPSE('',#5072,0.500277989732169,0.5);
#1385=ELLIPSE('',#5077,0.500277989732169,0.5);
#1386=ELLIPSE('',#5081,4.00260623806477,4.);
#1387=ELLIPSE('',#5082,4.50231681437402,4.5);
#1388=ELLIPSE('',#5084,4.50231681437402,4.5);
#1389=ELLIPSE('',#5085,4.00260623806477,4.);
#1390=ELLIPSE('',#5090,0.500277989732169,0.5);
#1391=ELLIPSE('',#5092,0.500277989732169,0.5);
#1392=ELLIPSE('',#5097,0.500277989732169,0.5);
#1393=ELLIPSE('',#5099,0.500277989732169,0.5);
#1394=ELLIPSE('',#5103,4.00260623806477,4.);
#1395=ELLIPSE('',#5104,4.50231681437402,4.5);
#1396=ELLIPSE('',#5106,4.50231681437402,4.5);
#1397=ELLIPSE('',#5107,4.00260623806477,4.);
#1398=ELLIPSE('',#5112,0.500277989732169,0.5);
#1399=ELLIPSE('',#5114,0.500277989732169,0.5);
#1400=ELLIPSE('',#5117,4.00205939055468,4.);
#1401=ELLIPSE('',#5122,4.00205939055468,4.);
#1402=ELLIPSE('',#5278,5.00298554799594,5.);
#1403=ELLIPSE('',#5279,5.00298554799594,5.);
#1404=ELLIPSE('',#5280,5.00298554799594,5.);
#1405=ELLIPSE('',#5281,5.00298554799594,5.);
#1406=ELLIPSE('',#5282,4.00205939055468,4.);
#1407=ELLIPSE('',#5283,4.00205939055468,4.);
#1408=ELLIPSE('',#5299,3.50208988359716,3.5);
#1409=ELLIPSE('',#5300,3.50208988359716,3.5);
#1410=ELLIPSE('',#5301,3.50208988359716,3.5);
#1411=ELLIPSE('',#5302,3.50208988359716,3.5);
#1412=ELLIPSE('',#5310,5.00146314120114,5.);
#1413=ELLIPSE('',#5314,5.00146314120114,5.);
#1414=ELLIPSE('',#5316,5.00146314120114,5.);
#1415=ELLIPSE('',#5318,5.00146314120114,5.);
#1416=CYLINDRICAL_SURFACE('',#5071,0.5);
#1417=CYLINDRICAL_SURFACE('',#5073,0.5);
#1418=CYLINDRICAL_SURFACE('',#5074,0.5);
#1419=CYLINDRICAL_SURFACE('',#5076,0.5);
#1420=CYLINDRICAL_SURFACE('',#5078,0.5);
#1421=CYLINDRICAL_SURFACE('',#5086,0.5);
#1422=CYLINDRICAL_SURFACE('',#5087,0.5);
#1423=CYLINDRICAL_SURFACE('',#5088,0.5);
#1424=CYLINDRICAL_SURFACE('',#5089,0.5);
#1425=CYLINDRICAL_SURFACE('',#5091,0.5);
#1426=CYLINDRICAL_SURFACE('',#5093,0.5);
#1427=CYLINDRICAL_SURFACE('',#5094,0.5);
#1428=CYLINDRICAL_SURFACE('',#5096,0.5);
#1429=CYLINDRICAL_SURFACE('',#5098,0.5);
#1430=CYLINDRICAL_SURFACE('',#5100,0.5);
#1431=CYLINDRICAL_SURFACE('',#5108,0.5);
#1432=CYLINDRICAL_SURFACE('',#5109,0.5);
#1433=CYLINDRICAL_SURFACE('',#5110,0.5);
#1434=CYLINDRICAL_SURFACE('',#5111,0.5);
#1435=CYLINDRICAL_SURFACE('',#5113,0.5);
#1436=CYLINDRICAL_SURFACE('',#5116,4.);
#1437=CYLINDRICAL_SURFACE('',#5121,4.);
#1438=CYLINDRICAL_SURFACE('',#5248,1.95);
#1439=CYLINDRICAL_SURFACE('',#5250,1.321);
#1440=CYLINDRICAL_SURFACE('',#5256,1.95);
#1441=CYLINDRICAL_SURFACE('',#5258,1.321);
#1442=CYLINDRICAL_SURFACE('',#5264,1.95);
#1443=CYLINDRICAL_SURFACE('',#5266,1.321);
#1444=CYLINDRICAL_SURFACE('',#5272,1.95);
#1445=CYLINDRICAL_SURFACE('',#5274,1.321);
#1446=CYLINDRICAL_SURFACE('',#5284,4.);
#1447=CYLINDRICAL_SURFACE('',#5286,4.);
#1448=CYLINDRICAL_SURFACE('',#5290,1.5);
#1449=CYLINDRICAL_SURFACE('',#5294,1.5);
#1450=CYLINDRICAL_SURFACE('',#5303,1.5);
#1451=CYLINDRICAL_SURFACE('',#5312,5.);
#1452=CYLINDRICAL_SURFACE('',#5315,5.);
#1453=CYLINDRICAL_SURFACE('',#5317,5.);
#1454=CYLINDRICAL_SURFACE('',#5319,5.);
#1455=CYLINDRICAL_SURFACE('',#5320,1.5);
#1456=FACE_OUTER_BOUND('',#1740,.T.);
#1457=FACE_OUTER_BOUND('',#1741,.T.);
#1458=FACE_OUTER_BOUND('',#1742,.T.);
#1459=FACE_OUTER_BOUND('',#1743,.T.);
#1460=FACE_OUTER_BOUND('',#1744,.T.);
#1461=FACE_OUTER_BOUND('',#1745,.T.);
#1462=FACE_OUTER_BOUND('',#1746,.T.);
#1463=FACE_OUTER_BOUND('',#1747,.T.);
#1464=FACE_OUTER_BOUND('',#1748,.T.);
#1465=FACE_OUTER_BOUND('',#1749,.T.);
#1466=FACE_OUTER_BOUND('',#1750,.T.);
#1467=FACE_OUTER_BOUND('',#1751,.T.);
#1468=FACE_OUTER_BOUND('',#1752,.T.);
#1469=FACE_OUTER_BOUND('',#1753,.T.);
#1470=FACE_OUTER_BOUND('',#1754,.T.);
#1471=FACE_OUTER_BOUND('',#1755,.T.);
#1472=FACE_OUTER_BOUND('',#1756,.T.);
#1473=FACE_OUTER_BOUND('',#1757,.T.);
#1474=FACE_OUTER_BOUND('',#1758,.T.);
#1475=FACE_OUTER_BOUND('',#1759,.T.);
#1476=FACE_OUTER_BOUND('',#1760,.T.);
#1477=FACE_OUTER_BOUND('',#1761,.T.);
#1478=FACE_OUTER_BOUND('',#1762,.T.);
#1479=FACE_OUTER_BOUND('',#1763,.T.);
#1480=FACE_OUTER_BOUND('',#1764,.T.);
#1481=FACE_OUTER_BOUND('',#1765,.T.);
#1482=FACE_OUTER_BOUND('',#1766,.T.);
#1483=FACE_OUTER_BOUND('',#1767,.T.);
#1484=FACE_OUTER_BOUND('',#1768,.T.);
#1485=FACE_OUTER_BOUND('',#1769,.T.);
#1486=FACE_OUTER_BOUND('',#1770,.T.);
#1487=FACE_OUTER_BOUND('',#1771,.T.);
#1488=FACE_OUTER_BOUND('',#1772,.T.);
#1489=FACE_OUTER_BOUND('',#1773,.T.);
#1490=FACE_OUTER_BOUND('',#1774,.T.);
#1491=FACE_OUTER_BOUND('',#1775,.T.);
#1492=FACE_OUTER_BOUND('',#1776,.T.);
#1493=FACE_OUTER_BOUND('',#1777,.T.);
#1494=FACE_OUTER_BOUND('',#1778,.T.);
#1495=FACE_OUTER_BOUND('',#1779,.T.);
#1496=FACE_OUTER_BOUND('',#1780,.T.);
#1497=FACE_OUTER_BOUND('',#1794,.T.);
#1498=FACE_OUTER_BOUND('',#1797,.T.);
#1499=FACE_OUTER_BOUND('',#1798,.T.);
#1500=FACE_OUTER_BOUND('',#1799,.T.);
#1501=FACE_OUTER_BOUND('',#1800,.T.);
#1502=FACE_OUTER_BOUND('',#1801,.T.);
#1503=FACE_OUTER_BOUND('',#1802,.T.);
#1504=FACE_OUTER_BOUND('',#1803,.T.);
#1505=FACE_OUTER_BOUND('',#1804,.T.);
#1506=FACE_OUTER_BOUND('',#1805,.T.);
#1507=FACE_OUTER_BOUND('',#1806,.T.);
#1508=FACE_OUTER_BOUND('',#1807,.T.);
#1509=FACE_OUTER_BOUND('',#1808,.T.);
#1510=FACE_OUTER_BOUND('',#1809,.T.);
#1511=FACE_OUTER_BOUND('',#1810,.T.);
#1512=FACE_OUTER_BOUND('',#1811,.T.);
#1513=FACE_OUTER_BOUND('',#1812,.T.);
#1514=FACE_OUTER_BOUND('',#1813,.T.);
#1515=FACE_OUTER_BOUND('',#1814,.T.);
#1516=FACE_OUTER_BOUND('',#1815,.T.);
#1517=FACE_OUTER_BOUND('',#1816,.T.);
#1518=FACE_OUTER_BOUND('',#1817,.T.);
#1519=FACE_OUTER_BOUND('',#1818,.T.);
#1520=FACE_OUTER_BOUND('',#1819,.T.);
#1521=FACE_OUTER_BOUND('',#1820,.T.);
#1522=FACE_OUTER_BOUND('',#1821,.T.);
#1523=FACE_OUTER_BOUND('',#1822,.T.);
#1524=FACE_OUTER_BOUND('',#1823,.T.);
#1525=FACE_OUTER_BOUND('',#1824,.T.);
#1526=FACE_OUTER_BOUND('',#1825,.T.);
#1527=FACE_OUTER_BOUND('',#1826,.T.);
#1528=FACE_OUTER_BOUND('',#1827,.T.);
#1529=FACE_OUTER_BOUND('',#1828,.T.);
#1530=FACE_OUTER_BOUND('',#1829,.T.);
#1531=FACE_OUTER_BOUND('',#1830,.T.);
#1532=FACE_OUTER_BOUND('',#1831,.T.);
#1533=FACE_OUTER_BOUND('',#1832,.T.);
#1534=FACE_OUTER_BOUND('',#1833,.T.);
#1535=FACE_OUTER_BOUND('',#1834,.T.);
#1536=FACE_OUTER_BOUND('',#1836,.T.);
#1537=FACE_OUTER_BOUND('',#1837,.T.);
#1538=FACE_OUTER_BOUND('',#1838,.T.);
#1539=FACE_OUTER_BOUND('',#1839,.T.);
#1540=FACE_OUTER_BOUND('',#1840,.T.);
#1541=FACE_OUTER_BOUND('',#1841,.T.);
#1542=FACE_OUTER_BOUND('',#1842,.T.);
#1543=FACE_OUTER_BOUND('',#1843,.T.);
#1544=FACE_OUTER_BOUND('',#1844,.T.);
#1545=FACE_OUTER_BOUND('',#1845,.T.);
#1546=FACE_OUTER_BOUND('',#1846,.T.);
#1547=FACE_OUTER_BOUND('',#1847,.T.);
#1548=FACE_OUTER_BOUND('',#1848,.T.);
#1549=FACE_OUTER_BOUND('',#1849,.T.);
#1550=FACE_OUTER_BOUND('',#1850,.T.);
#1551=FACE_OUTER_BOUND('',#1851,.T.);
#1552=FACE_OUTER_BOUND('',#1852,.T.);
#1553=FACE_OUTER_BOUND('',#1853,.T.);
#1554=FACE_OUTER_BOUND('',#1854,.T.);
#1555=FACE_OUTER_BOUND('',#1855,.T.);
#1556=FACE_OUTER_BOUND('',#1856,.T.);
#1557=FACE_OUTER_BOUND('',#1857,.T.);
#1558=FACE_OUTER_BOUND('',#1858,.T.);
#1559=FACE_OUTER_BOUND('',#1859,.T.);
#1560=FACE_OUTER_BOUND('',#1860,.T.);
#1561=FACE_OUTER_BOUND('',#1861,.T.);
#1562=FACE_OUTER_BOUND('',#1862,.T.);
#1563=FACE_OUTER_BOUND('',#1863,.T.);
#1564=FACE_OUTER_BOUND('',#1864,.T.);
#1565=FACE_OUTER_BOUND('',#1865,.T.);
#1566=FACE_OUTER_BOUND('',#1866,.T.);
#1567=FACE_OUTER_BOUND('',#1867,.T.);
#1568=FACE_OUTER_BOUND('',#1868,.T.);
#1569=FACE_OUTER_BOUND('',#1869,.T.);
#1570=FACE_OUTER_BOUND('',#1870,.T.);
#1571=FACE_OUTER_BOUND('',#1871,.T.);
#1572=FACE_OUTER_BOUND('',#1872,.T.);
#1573=FACE_OUTER_BOUND('',#1873,.T.);
#1574=FACE_OUTER_BOUND('',#1874,.T.);
#1575=FACE_OUTER_BOUND('',#1875,.T.);
#1576=FACE_OUTER_BOUND('',#1877,.T.);
#1577=FACE_OUTER_BOUND('',#1878,.T.);
#1578=FACE_OUTER_BOUND('',#1879,.T.);
#1579=FACE_OUTER_BOUND('',#1880,.T.);
#1580=FACE_OUTER_BOUND('',#1881,.T.);
#1581=FACE_OUTER_BOUND('',#1882,.T.);
#1582=FACE_OUTER_BOUND('',#1883,.T.);
#1583=FACE_OUTER_BOUND('',#1884,.T.);
#1584=FACE_OUTER_BOUND('',#1885,.T.);
#1585=FACE_OUTER_BOUND('',#1886,.T.);
#1586=FACE_OUTER_BOUND('',#1887,.T.);
#1587=FACE_OUTER_BOUND('',#1888,.T.);
#1588=FACE_OUTER_BOUND('',#1889,.T.);
#1589=FACE_OUTER_BOUND('',#1890,.T.);
#1590=FACE_OUTER_BOUND('',#1891,.T.);
#1591=FACE_OUTER_BOUND('',#1892,.T.);
#1592=FACE_OUTER_BOUND('',#1893,.T.);
#1593=FACE_OUTER_BOUND('',#1894,.T.);
#1594=FACE_OUTER_BOUND('',#1895,.T.);
#1595=FACE_OUTER_BOUND('',#1896,.T.);
#1596=FACE_OUTER_BOUND('',#1897,.T.);
#1597=FACE_OUTER_BOUND('',#1898,.T.);
#1598=FACE_OUTER_BOUND('',#1899,.T.);
#1599=FACE_OUTER_BOUND('',#1900,.T.);
#1600=FACE_OUTER_BOUND('',#1901,.T.);
#1601=FACE_OUTER_BOUND('',#1902,.T.);
#1602=FACE_OUTER_BOUND('',#1904,.T.);
#1603=FACE_OUTER_BOUND('',#1905,.T.);
#1604=FACE_OUTER_BOUND('',#1906,.T.);
#1605=FACE_OUTER_BOUND('',#1907,.T.);
#1606=FACE_OUTER_BOUND('',#1908,.T.);
#1607=FACE_OUTER_BOUND('',#1909,.T.);
#1608=FACE_OUTER_BOUND('',#1910,.T.);
#1609=FACE_OUTER_BOUND('',#1911,.T.);
#1610=FACE_OUTER_BOUND('',#1912,.T.);
#1611=FACE_OUTER_BOUND('',#1913,.T.);
#1612=FACE_OUTER_BOUND('',#1914,.T.);
#1613=FACE_OUTER_BOUND('',#1915,.T.);
#1614=FACE_OUTER_BOUND('',#1916,.T.);
#1615=FACE_OUTER_BOUND('',#1917,.T.);
#1616=FACE_OUTER_BOUND('',#1918,.T.);
#1617=FACE_OUTER_BOUND('',#1919,.T.);
#1618=FACE_OUTER_BOUND('',#1920,.T.);
#1619=FACE_OUTER_BOUND('',#1921,.T.);
#1620=FACE_OUTER_BOUND('',#1922,.T.);
#1621=FACE_OUTER_BOUND('',#1923,.T.);
#1622=FACE_OUTER_BOUND('',#1924,.T.);
#1623=FACE_OUTER_BOUND('',#1925,.T.);
#1624=FACE_OUTER_BOUND('',#1926,.T.);
#1625=FACE_OUTER_BOUND('',#1927,.T.);
#1626=FACE_OUTER_BOUND('',#1928,.T.);
#1627=FACE_OUTER_BOUND('',#1929,.T.);
#1628=FACE_OUTER_BOUND('',#1930,.T.);
#1629=FACE_OUTER_BOUND('',#1931,.T.);
#1630=FACE_OUTER_BOUND('',#1932,.T.);
#1631=FACE_OUTER_BOUND('',#1933,.T.);
#1632=FACE_OUTER_BOUND('',#1934,.T.);
#1633=FACE_OUTER_BOUND('',#1935,.T.);
#1634=FACE_OUTER_BOUND('',#1936,.T.);
#1635=FACE_OUTER_BOUND('',#1937,.T.);
#1636=FACE_OUTER_BOUND('',#1938,.T.);
#1637=FACE_OUTER_BOUND('',#1939,.T.);
#1638=FACE_OUTER_BOUND('',#1940,.T.);
#1639=FACE_OUTER_BOUND('',#1941,.T.);
#1640=FACE_OUTER_BOUND('',#1942,.T.);
#1641=FACE_OUTER_BOUND('',#1943,.T.);
#1642=FACE_OUTER_BOUND('',#1944,.T.);
#1643=FACE_OUTER_BOUND('',#1945,.T.);
#1644=FACE_OUTER_BOUND('',#1946,.T.);
#1645=FACE_OUTER_BOUND('',#1947,.T.);
#1646=FACE_OUTER_BOUND('',#1948,.T.);
#1647=FACE_OUTER_BOUND('',#1949,.T.);
#1648=FACE_OUTER_BOUND('',#1950,.T.);
#1649=FACE_OUTER_BOUND('',#1951,.T.);
#1650=FACE_OUTER_BOUND('',#1953,.T.);
#1651=FACE_OUTER_BOUND('',#1954,.T.);
#1652=FACE_OUTER_BOUND('',#1955,.T.);
#1653=FACE_OUTER_BOUND('',#1956,.T.);
#1654=FACE_OUTER_BOUND('',#1957,.T.);
#1655=FACE_OUTER_BOUND('',#1958,.T.);
#1656=FACE_OUTER_BOUND('',#1959,.T.);
#1657=FACE_OUTER_BOUND('',#1960,.T.);
#1658=FACE_OUTER_BOUND('',#1961,.T.);
#1659=FACE_OUTER_BOUND('',#1962,.T.);
#1660=FACE_OUTER_BOUND('',#1963,.T.);
#1661=FACE_OUTER_BOUND('',#1964,.T.);
#1662=FACE_OUTER_BOUND('',#1965,.T.);
#1663=FACE_OUTER_BOUND('',#1966,.T.);
#1664=FACE_OUTER_BOUND('',#1967,.T.);
#1665=FACE_OUTER_BOUND('',#1968,.T.);
#1666=FACE_OUTER_BOUND('',#1969,.T.);
#1667=FACE_OUTER_BOUND('',#1970,.T.);
#1668=FACE_OUTER_BOUND('',#1971,.T.);
#1669=FACE_OUTER_BOUND('',#1972,.T.);
#1670=FACE_OUTER_BOUND('',#1973,.T.);
#1671=FACE_OUTER_BOUND('',#1974,.T.);
#1672=FACE_OUTER_BOUND('',#1976,.T.);
#1673=FACE_OUTER_BOUND('',#1977,.T.);
#1674=FACE_OUTER_BOUND('',#1978,.T.);
#1675=FACE_OUTER_BOUND('',#1979,.T.);
#1676=FACE_OUTER_BOUND('',#1980,.T.);
#1677=FACE_OUTER_BOUND('',#1981,.T.);
#1678=FACE_OUTER_BOUND('',#1982,.T.);
#1679=FACE_OUTER_BOUND('',#1983,.T.);
#1680=FACE_OUTER_BOUND('',#1984,.T.);
#1681=FACE_OUTER_BOUND('',#1985,.T.);
#1682=FACE_OUTER_BOUND('',#1986,.T.);
#1683=FACE_OUTER_BOUND('',#1987,.T.);
#1684=FACE_OUTER_BOUND('',#1988,.T.);
#1685=FACE_OUTER_BOUND('',#1989,.T.);
#1686=FACE_OUTER_BOUND('',#1990,.T.);
#1687=FACE_OUTER_BOUND('',#1991,.T.);
#1688=FACE_OUTER_BOUND('',#1992,.T.);
#1689=FACE_OUTER_BOUND('',#1993,.T.);
#1690=FACE_OUTER_BOUND('',#1994,.T.);
#1691=FACE_OUTER_BOUND('',#1995,.T.);
#1692=FACE_OUTER_BOUND('',#1996,.T.);
#1693=FACE_OUTER_BOUND('',#1997,.T.);
#1694=FACE_OUTER_BOUND('',#1998,.T.);
#1695=FACE_OUTER_BOUND('',#1999,.T.);
#1696=FACE_OUTER_BOUND('',#2000,.T.);
#1697=FACE_OUTER_BOUND('',#2001,.T.);
#1698=FACE_OUTER_BOUND('',#2003,.T.);
#1699=FACE_OUTER_BOUND('',#2004,.T.);
#1700=FACE_OUTER_BOUND('',#2005,.T.);
#1701=FACE_OUTER_BOUND('',#2006,.T.);
#1702=FACE_OUTER_BOUND('',#2008,.T.);
#1703=FACE_OUTER_BOUND('',#2009,.T.);
#1704=FACE_OUTER_BOUND('',#2010,.T.);
#1705=FACE_OUTER_BOUND('',#2011,.T.);
#1706=FACE_OUTER_BOUND('',#2013,.T.);
#1707=FACE_OUTER_BOUND('',#2014,.T.);
#1708=FACE_OUTER_BOUND('',#2015,.T.);
#1709=FACE_OUTER_BOUND('',#2016,.T.);
#1710=FACE_OUTER_BOUND('',#2018,.T.);
#1711=FACE_OUTER_BOUND('',#2019,.T.);
#1712=FACE_OUTER_BOUND('',#2020,.T.);
#1713=FACE_OUTER_BOUND('',#2021,.T.);
#1714=FACE_OUTER_BOUND('',#2027,.T.);
#1715=FACE_OUTER_BOUND('',#2028,.T.);
#1716=FACE_OUTER_BOUND('',#2029,.T.);
#1717=FACE_OUTER_BOUND('',#2030,.T.);
#1718=FACE_OUTER_BOUND('',#2031,.T.);
#1719=FACE_OUTER_BOUND('',#2032,.T.);
#1720=FACE_OUTER_BOUND('',#2033,.T.);
#1721=FACE_OUTER_BOUND('',#2034,.T.);
#1722=FACE_OUTER_BOUND('',#2035,.T.);
#1723=FACE_OUTER_BOUND('',#2036,.T.);
#1724=FACE_OUTER_BOUND('',#2037,.T.);
#1725=FACE_OUTER_BOUND('',#2038,.T.);
#1726=FACE_OUTER_BOUND('',#2039,.T.);
#1727=FACE_OUTER_BOUND('',#2040,.T.);
#1728=FACE_OUTER_BOUND('',#2041,.T.);
#1729=FACE_OUTER_BOUND('',#2042,.T.);
#1730=FACE_OUTER_BOUND('',#2043,.T.);
#1731=FACE_OUTER_BOUND('',#2044,.T.);
#1732=FACE_OUTER_BOUND('',#2045,.T.);
#1733=FACE_OUTER_BOUND('',#2046,.T.);
#1734=FACE_OUTER_BOUND('',#2047,.T.);
#1735=FACE_OUTER_BOUND('',#2048,.T.);
#1736=FACE_OUTER_BOUND('',#2049,.T.);
#1737=FACE_OUTER_BOUND('',#2050,.T.);
#1738=FACE_OUTER_BOUND('',#2051,.T.);
#1739=FACE_OUTER_BOUND('',#2052,.T.);
#1740=EDGE_LOOP('',(#3294,#3295,#3296));
#1741=EDGE_LOOP('',(#3297,#3298,#3299));
#1742=EDGE_LOOP('',(#3300,#3301,#3302));
#1743=EDGE_LOOP('',(#3303,#3304,#3305));
#1744=EDGE_LOOP('',(#3306,#3307,#3308));
#1745=EDGE_LOOP('',(#3309,#3310,#3311));
#1746=EDGE_LOOP('',(#3312,#3313,#3314));
#1747=EDGE_LOOP('',(#3315,#3316,#3317));
#1748=EDGE_LOOP('',(#3318,#3319,#3320,#3321));
#1749=EDGE_LOOP('',(#3322,#3323,#3324,#3325));
#1750=EDGE_LOOP('',(#3326,#3327,#3328,#3329));
#1751=EDGE_LOOP('',(#3330,#3331,#3332,#3333));
#1752=EDGE_LOOP('',(#3334,#3335,#3336,#3337));
#1753=EDGE_LOOP('',(#3338,#3339,#3340,#3341));
#1754=EDGE_LOOP('',(#3342,#3343,#3344,#3345));
#1755=EDGE_LOOP('',(#3346,#3347,#3348,#3349));
#1756=EDGE_LOOP('',(#3350,#3351,#3352,#3353));
#1757=EDGE_LOOP('',(#3354,#3355,#3356,#3357));
#1758=EDGE_LOOP('',(#3358,#3359,#3360,#3361));
#1759=EDGE_LOOP('',(#3362,#3363,#3364,#3365));
#1760=EDGE_LOOP('',(#3366,#3367,#3368,#3369));
#1761=EDGE_LOOP('',(#3370,#3371,#3372,#3373));
#1762=EDGE_LOOP('',(#3374,#3375,#3376,#3377));
#1763=EDGE_LOOP('',(#3378,#3379,#3380,#3381));
#1764=EDGE_LOOP('',(#3382,#3383,#3384,#3385));
#1765=EDGE_LOOP('',(#3386,#3387,#3388,#3389));
#1766=EDGE_LOOP('',(#3390,#3391,#3392,#3393));
#1767=EDGE_LOOP('',(#3394,#3395,#3396,#3397));
#1768=EDGE_LOOP('',(#3398,#3399,#3400,#3401));
#1769=EDGE_LOOP('',(#3402,#3403,#3404,#3405));
#1770=EDGE_LOOP('',(#3406,#3407,#3408,#3409));
#1771=EDGE_LOOP('',(#3410,#3411,#3412,#3413));
#1772=EDGE_LOOP('',(#3414,#3415,#3416,#3417));
#1773=EDGE_LOOP('',(#3418,#3419,#3420,#3421));
#1774=EDGE_LOOP('',(#3422,#3423,#3424,#3425));
#1775=EDGE_LOOP('',(#3426,#3427,#3428,#3429));
#1776=EDGE_LOOP('',(#3430,#3431,#3432,#3433));
#1777=EDGE_LOOP('',(#3434,#3435,#3436,#3437));
#1778=EDGE_LOOP('',(#3438,#3439,#3440,#3441));
#1779=EDGE_LOOP('',(#3442,#3443,#3444,#3445));
#1780=EDGE_LOOP('',(#3446,#3447,#3448,#3449,#3450,#3451,#3452,#3453,#3454,
#3455,#3456,#3457,#3458,#3459,#3460,#3461));
#1781=EDGE_LOOP('',(#3462,#3463,#3464,#3465,#3466,#3467,#3468,#3469,#3470,
#3471));
#1782=EDGE_LOOP('',(#3472,#3473,#3474,#3475,#3476,#3477,#3478,#3479,#3480,
#3481,#3482,#3483));
#1783=EDGE_LOOP('',(#3484,#3485,#3486,#3487,#3488,#3489,#3490,#3491));
#1784=EDGE_LOOP('',(#3492,#3493,#3494,#3495,#3496,#3497,#3498,#3499,#3500,
#3501,#3502,#3503,#3504));
#1785=EDGE_LOOP('',(#3505,#3506,#3507,#3508,#3509,#3510,#3511,#3512,#3513,
#3514,#3515,#3516,#3517));
#1786=EDGE_LOOP('',(#3518,#3519,#3520,#3521,#3522,#3523,#3524,#3525));
#1787=EDGE_LOOP('',(#3526,#3527,#3528,#3529,#3530,#3531,#3532,#3533,#3534,
#3535));
#1788=EDGE_LOOP('',(#3536,#3537,#3538,#3539,#3540,#3541,#3542));
#1789=EDGE_LOOP('',(#3543,#3544,#3545,#3546,#3547,#3548,#3549,#3550,#3551,
#3552,#3553));
#1790=EDGE_LOOP('',(#3554,#3555,#3556,#3557,#3558,#3559,#3560,#3561,#3562,
#3563,#3564,#3565,#3566,#3567,#3568,#3569,#3570,#3571,#3572,#3573));
#1791=EDGE_LOOP('',(#3574,#3575,#3576,#3577,#3578,#3579,#3580,#3581,#3582,
#3583,#3584,#3585,#3586,#3587));
#1792=EDGE_LOOP('',(#3588,#3589,#3590,#3591));
#1793=EDGE_LOOP('',(#3592,#3593,#3594,#3595,#3596,#3597));
#1794=EDGE_LOOP('',(#3598,#3599,#3600,#3601,#3602,#3603,#3604,#3605,#3606,
#3607));
#1795=EDGE_LOOP('',(#3608,#3609,#3610,#3611,#3612,#3613,#3614));
#1796=EDGE_LOOP('',(#3615,#3616,#3617,#3618,#3619,#3620,#3621));
#1797=EDGE_LOOP('',(#3622,#3623,#3624,#3625));
#1798=EDGE_LOOP('',(#3626,#3627,#3628,#3629));
#1799=EDGE_LOOP('',(#3630,#3631,#3632,#3633));
#1800=EDGE_LOOP('',(#3634,#3635,#3636,#3637));
#1801=EDGE_LOOP('',(#3638,#3639,#3640,#3641));
#1802=EDGE_LOOP('',(#3642,#3643,#3644,#3645));
#1803=EDGE_LOOP('',(#3646,#3647,#3648,#3649));
#1804=EDGE_LOOP('',(#3650,#3651,#3652,#3653));
#1805=EDGE_LOOP('',(#3654,#3655,#3656,#3657));
#1806=EDGE_LOOP('',(#3658,#3659,#3660,#3661));
#1807=EDGE_LOOP('',(#3662,#3663,#3664,#3665));
#1808=EDGE_LOOP('',(#3666,#3667,#3668,#3669));
#1809=EDGE_LOOP('',(#3670,#3671,#3672,#3673));
#1810=EDGE_LOOP('',(#3674,#3675,#3676,#3677));
#1811=EDGE_LOOP('',(#3678,#3679,#3680,#3681));
#1812=EDGE_LOOP('',(#3682,#3683,#3684,#3685));
#1813=EDGE_LOOP('',(#3686,#3687,#3688,#3689));
#1814=EDGE_LOOP('',(#3690,#3691,#3692,#3693));
#1815=EDGE_LOOP('',(#3694,#3695,#3696,#3697));
#1816=EDGE_LOOP('',(#3698,#3699,#3700,#3701));
#1817=EDGE_LOOP('',(#3702,#3703,#3704,#3705));
#1818=EDGE_LOOP('',(#3706,#3707,#3708,#3709));
#1819=EDGE_LOOP('',(#3710,#3711,#3712,#3713));
#1820=EDGE_LOOP('',(#3714,#3715,#3716,#3717));
#1821=EDGE_LOOP('',(#3718,#3719,#3720,#3721,#3722,#3723,#3724,#3725,#3726,
#3727,#3728,#3729));
#1822=EDGE_LOOP('',(#3730,#3731,#3732,#3733));
#1823=EDGE_LOOP('',(#3734,#3735,#3736,#3737));
#1824=EDGE_LOOP('',(#3738,#3739,#3740,#3741));
#1825=EDGE_LOOP('',(#3742,#3743,#3744,#3745));
#1826=EDGE_LOOP('',(#3746,#3747,#3748,#3749));
#1827=EDGE_LOOP('',(#3750,#3751,#3752,#3753));
#1828=EDGE_LOOP('',(#3754,#3755,#3756,#3757));
#1829=EDGE_LOOP('',(#3758,#3759,#3760,#3761));
#1830=EDGE_LOOP('',(#3762,#3763,#3764,#3765));
#1831=EDGE_LOOP('',(#3766,#3767,#3768,#3769));
#1832=EDGE_LOOP('',(#3770,#3771,#3772,#3773));
#1833=EDGE_LOOP('',(#3774,#3775,#3776,#3777));
#1834=EDGE_LOOP('',(#3778,#3779,#3780,#3781,#3782,#3783,#3784,#3785));
#1835=EDGE_LOOP('',(#3786,#3787,#3788));
#1836=EDGE_LOOP('',(#3789,#3790,#3791,#3792));
#1837=EDGE_LOOP('',(#3793,#3794,#3795,#3796));
#1838=EDGE_LOOP('',(#3797,#3798,#3799,#3800));
#1839=EDGE_LOOP('',(#3801,#3802,#3803,#3804));
#1840=EDGE_LOOP('',(#3805,#3806,#3807,#3808));
#1841=EDGE_LOOP('',(#3809,#3810,#3811,#3812));
#1842=EDGE_LOOP('',(#3813,#3814,#3815,#3816));
#1843=EDGE_LOOP('',(#3817,#3818,#3819,#3820));
#1844=EDGE_LOOP('',(#3821,#3822,#3823,#3824));
#1845=EDGE_LOOP('',(#3825,#3826,#3827,#3828));
#1846=EDGE_LOOP('',(#3829,#3830,#3831,#3832));
#1847=EDGE_LOOP('',(#3833,#3834,#3835,#3836,#3837,#3838,#3839,#3840,#3841,
#3842,#3843,#3844,#3845));
#1848=EDGE_LOOP('',(#3846,#3847,#3848,#3849));
#1849=EDGE_LOOP('',(#3850,#3851,#3852,#3853));
#1850=EDGE_LOOP('',(#3854,#3855,#3856,#3857));
#1851=EDGE_LOOP('',(#3858,#3859,#3860,#3861));
#1852=EDGE_LOOP('',(#3862,#3863,#3864,#3865));
#1853=EDGE_LOOP('',(#3866,#3867,#3868,#3869));
#1854=EDGE_LOOP('',(#3870,#3871,#3872,#3873));
#1855=EDGE_LOOP('',(#3874,#3875,#3876,#3877));
#1856=EDGE_LOOP('',(#3878,#3879,#3880,#3881));
#1857=EDGE_LOOP('',(#3882,#3883,#3884,#3885));
#1858=EDGE_LOOP('',(#3886,#3887,#3888,#3889));
#1859=EDGE_LOOP('',(#3890,#3891,#3892,#3893));
#1860=EDGE_LOOP('',(#3894,#3895,#3896,#3897));
#1861=EDGE_LOOP('',(#3898,#3899,#3900,#3901,#3902,#3903,#3904,#3905,#3906,
#3907,#3908,#3909,#3910));
#1862=EDGE_LOOP('',(#3911,#3912,#3913,#3914));
#1863=EDGE_LOOP('',(#3915,#3916,#3917,#3918));
#1864=EDGE_LOOP('',(#3919,#3920,#3921,#3922));
#1865=EDGE_LOOP('',(#3923,#3924,#3925,#3926));
#1866=EDGE_LOOP('',(#3927,#3928,#3929,#3930));
#1867=EDGE_LOOP('',(#3931,#3932,#3933,#3934));
#1868=EDGE_LOOP('',(#3935,#3936,#3937,#3938));
#1869=EDGE_LOOP('',(#3939,#3940,#3941,#3942));
#1870=EDGE_LOOP('',(#3943,#3944,#3945,#3946));
#1871=EDGE_LOOP('',(#3947,#3948,#3949,#3950));
#1872=EDGE_LOOP('',(#3951,#3952,#3953,#3954));
#1873=EDGE_LOOP('',(#3955,#3956,#3957,#3958));
#1874=EDGE_LOOP('',(#3959,#3960,#3961,#3962));
#1875=EDGE_LOOP('',(#3963,#3964,#3965,#3966,#3967,#3968,#3969,#3970));
#1876=EDGE_LOOP('',(#3971,#3972,#3973,#3974,#3975,#3976));
#1877=EDGE_LOOP('',(#3977,#3978,#3979,#3980));
#1878=EDGE_LOOP('',(#3981,#3982,#3983,#3984));
#1879=EDGE_LOOP('',(#3985,#3986,#3987,#3988));
#1880=EDGE_LOOP('',(#3989,#3990,#3991,#3992));
#1881=EDGE_LOOP('',(#3993,#3994,#3995,#3996));
#1882=EDGE_LOOP('',(#3997,#3998,#3999,#4000));
#1883=EDGE_LOOP('',(#4001,#4002,#4003,#4004));
#1884=EDGE_LOOP('',(#4005,#4006,#4007,#4008));
#1885=EDGE_LOOP('',(#4009,#4010,#4011,#4012));
#1886=EDGE_LOOP('',(#4013,#4014,#4015,#4016));
#1887=EDGE_LOOP('',(#4017,#4018,#4019,#4020));
#1888=EDGE_LOOP('',(#4021,#4022,#4023,#4024));
#1889=EDGE_LOOP('',(#4025,#4026,#4027,#4028));
#1890=EDGE_LOOP('',(#4029,#4030,#4031,#4032));
#1891=EDGE_LOOP('',(#4033,#4034,#4035,#4036,#4037,#4038,#4039,#4040,#4041,
#4042));
#1892=EDGE_LOOP('',(#4043,#4044,#4045,#4046));
#1893=EDGE_LOOP('',(#4047,#4048,#4049,#4050));
#1894=EDGE_LOOP('',(#4051,#4052,#4053,#4054));
#1895=EDGE_LOOP('',(#4055,#4056,#4057,#4058));
#1896=EDGE_LOOP('',(#4059,#4060,#4061,#4062));
#1897=EDGE_LOOP('',(#4063,#4064,#4065,#4066));
#1898=EDGE_LOOP('',(#4067,#4068,#4069,#4070));
#1899=EDGE_LOOP('',(#4071,#4072,#4073,#4074));
#1900=EDGE_LOOP('',(#4075,#4076,#4077,#4078));
#1901=EDGE_LOOP('',(#4079,#4080,#4081,#4082));
#1902=EDGE_LOOP('',(#4083,#4084,#4085,#4086,#4087,#4088,#4089));
#1903=EDGE_LOOP('',(#4090,#4091,#4092,#4093,#4094,#4095,#4096));
#1904=EDGE_LOOP('',(#4097,#4098,#4099,#4100));
#1905=EDGE_LOOP('',(#4101,#4102,#4103,#4104));
#1906=EDGE_LOOP('',(#4105,#4106,#4107,#4108));
#1907=EDGE_LOOP('',(#4109,#4110,#4111,#4112));
#1908=EDGE_LOOP('',(#4113,#4114,#4115,#4116));
#1909=EDGE_LOOP('',(#4117,#4118,#4119,#4120));
#1910=EDGE_LOOP('',(#4121,#4122,#4123,#4124));
#1911=EDGE_LOOP('',(#4125,#4126,#4127,#4128));
#1912=EDGE_LOOP('',(#4129,#4130,#4131,#4132));
#1913=EDGE_LOOP('',(#4133,#4134,#4135,#4136));
#1914=EDGE_LOOP('',(#4137,#4138,#4139,#4140));
#1915=EDGE_LOOP('',(#4141,#4142,#4143,#4144));
#1916=EDGE_LOOP('',(#4145,#4146,#4147,#4148));
#1917=EDGE_LOOP('',(#4149,#4150,#4151,#4152));
#1918=EDGE_LOOP('',(#4153,#4154,#4155,#4156,#4157,#4158,#4159,#4160,#4161,
#4162,#4163));
#1919=EDGE_LOOP('',(#4164,#4165,#4166,#4167));
#1920=EDGE_LOOP('',(#4168,#4169,#4170,#4171));
#1921=EDGE_LOOP('',(#4172,#4173,#4174,#4175));
#1922=EDGE_LOOP('',(#4176,#4177,#4178,#4179));
#1923=EDGE_LOOP('',(#4180,#4181,#4182,#4183));
#1924=EDGE_LOOP('',(#4184,#4185,#4186,#4187));
#1925=EDGE_LOOP('',(#4188,#4189,#4190,#4191));
#1926=EDGE_LOOP('',(#4192,#4193,#4194,#4195));
#1927=EDGE_LOOP('',(#4196,#4197,#4198,#4199));
#1928=EDGE_LOOP('',(#4200,#4201,#4202,#4203));
#1929=EDGE_LOOP('',(#4204,#4205,#4206,#4207));
#1930=EDGE_LOOP('',(#4208,#4209,#4210,#4211,#4212,#4213,#4214,#4215,#4216,
#4217,#4218,#4219,#4220,#4221,#4222,#4223,#4224,#4225,#4226,#4227));
#1931=EDGE_LOOP('',(#4228,#4229,#4230,#4231));
#1932=EDGE_LOOP('',(#4232,#4233,#4234,#4235));
#1933=EDGE_LOOP('',(#4236,#4237,#4238,#4239));
#1934=EDGE_LOOP('',(#4240,#4241,#4242,#4243));
#1935=EDGE_LOOP('',(#4244,#4245,#4246,#4247));
#1936=EDGE_LOOP('',(#4248,#4249,#4250,#4251));
#1937=EDGE_LOOP('',(#4252,#4253,#4254,#4255));
#1938=EDGE_LOOP('',(#4256,#4257,#4258,#4259));
#1939=EDGE_LOOP('',(#4260,#4261,#4262,#4263));
#1940=EDGE_LOOP('',(#4264,#4265,#4266,#4267));
#1941=EDGE_LOOP('',(#4268,#4269,#4270,#4271));
#1942=EDGE_LOOP('',(#4272,#4273,#4274,#4275));
#1943=EDGE_LOOP('',(#4276,#4277,#4278,#4279));
#1944=EDGE_LOOP('',(#4280,#4281,#4282,#4283));
#1945=EDGE_LOOP('',(#4284,#4285,#4286,#4287));
#1946=EDGE_LOOP('',(#4288,#4289,#4290,#4291));
#1947=EDGE_LOOP('',(#4292,#4293,#4294,#4295));
#1948=EDGE_LOOP('',(#4296,#4297,#4298,#4299));
#1949=EDGE_LOOP('',(#4300,#4301,#4302,#4303));
#1950=EDGE_LOOP('',(#4304,#4305,#4306,#4307));
#1951=EDGE_LOOP('',(#4308,#4309,#4310,#4311,#4312,#4313,#4314,#4315,#4316,
#4317,#4318,#4319,#4320,#4321));
#1952=EDGE_LOOP('',(#4322,#4323,#4324,#4325,#4326,#4327,#4328));
#1953=EDGE_LOOP('',(#4329,#4330,#4331,#4332));
#1954=EDGE_LOOP('',(#4333,#4334,#4335,#4336));
#1955=EDGE_LOOP('',(#4337,#4338,#4339,#4340));
#1956=EDGE_LOOP('',(#4341,#4342,#4343,#4344));
#1957=EDGE_LOOP('',(#4345,#4346,#4347,#4348));
#1958=EDGE_LOOP('',(#4349,#4350,#4351,#4352));
#1959=EDGE_LOOP('',(#4353,#4354,#4355,#4356));
#1960=EDGE_LOOP('',(#4357,#4358,#4359,#4360));
#1961=EDGE_LOOP('',(#4361,#4362,#4363,#4364));
#1962=EDGE_LOOP('',(#4365,#4366,#4367,#4368));
#1963=EDGE_LOOP('',(#4369,#4370,#4371,#4372));
#1964=EDGE_LOOP('',(#4373,#4374,#4375,#4376));
#1965=EDGE_LOOP('',(#4377,#4378,#4379,#4380));
#1966=EDGE_LOOP('',(#4381,#4382,#4383,#4384));
#1967=EDGE_LOOP('',(#4385,#4386,#4387,#4388));
#1968=EDGE_LOOP('',(#4389,#4390,#4391,#4392));
#1969=EDGE_LOOP('',(#4393,#4394,#4395,#4396));
#1970=EDGE_LOOP('',(#4397,#4398,#4399,#4400));
#1971=EDGE_LOOP('',(#4401,#4402,#4403,#4404));
#1972=EDGE_LOOP('',(#4405,#4406,#4407,#4408));
#1973=EDGE_LOOP('',(#4409,#4410,#4411,#4412));
#1974=EDGE_LOOP('',(#4413,#4414,#4415,#4416));
#1975=EDGE_LOOP('',(#4417,#4418,#4419,#4420,#4421,#4422,#4423,#4424));
#1976=EDGE_LOOP('',(#4425,#4426,#4427,#4428));
#1977=EDGE_LOOP('',(#4429,#4430,#4431,#4432));
#1978=EDGE_LOOP('',(#4433,#4434,#4435,#4436));
#1979=EDGE_LOOP('',(#4437,#4438,#4439,#4440));
#1980=EDGE_LOOP('',(#4441,#4442,#4443,#4444));
#1981=EDGE_LOOP('',(#4445,#4446,#4447,#4448));
#1982=EDGE_LOOP('',(#4449,#4450,#4451,#4452));
#1983=EDGE_LOOP('',(#4453,#4454,#4455,#4456));
#1984=EDGE_LOOP('',(#4457,#4458,#4459,#4460));
#1985=EDGE_LOOP('',(#4461,#4462,#4463,#4464));
#1986=EDGE_LOOP('',(#4465,#4466,#4467,#4468));
#1987=EDGE_LOOP('',(#4469,#4470,#4471,#4472));
#1988=EDGE_LOOP('',(#4473,#4474,#4475,#4476,#4477,#4478));
#1989=EDGE_LOOP('',(#4479,#4480,#4481,#4482));
#1990=EDGE_LOOP('',(#4483,#4484,#4485,#4486));
#1991=EDGE_LOOP('',(#4487,#4488,#4489,#4490));
#1992=EDGE_LOOP('',(#4491,#4492,#4493,#4494));
#1993=EDGE_LOOP('',(#4495,#4496,#4497,#4498));
#1994=EDGE_LOOP('',(#4499,#4500,#4501,#4502));
#1995=EDGE_LOOP('',(#4503,#4504,#4505,#4506,#4507,#4508,#4509,#4510));
#1996=EDGE_LOOP('',(#4511,#4512,#4513,#4514,#4515,#4516,#4517));
#1997=EDGE_LOOP('',(#4518,#4519,#4520,#4521,#4522,#4523,#4524));
#1998=EDGE_LOOP('',(#4525,#4526,#4527,#4528,#4529,#4530));
#1999=EDGE_LOOP('',(#4531,#4532,#4533));
#2000=EDGE_LOOP('',(#4534,#4535,#4536,#4537,#4538,#4539,#4540));
#2001=EDGE_LOOP('',(#4541));
#2002=EDGE_LOOP('',(#4542));
#2003=EDGE_LOOP('',(#4543,#4544,#4545,#4546));
#2004=EDGE_LOOP('',(#4547,#4548,#4549,#4550));
#2005=EDGE_LOOP('',(#4551));
#2006=EDGE_LOOP('',(#4552));
#2007=EDGE_LOOP('',(#4553));
#2008=EDGE_LOOP('',(#4554,#4555,#4556,#4557));
#2009=EDGE_LOOP('',(#4558,#4559,#4560,#4561));
#2010=EDGE_LOOP('',(#4562));
#2011=EDGE_LOOP('',(#4563));
#2012=EDGE_LOOP('',(#4564));
#2013=EDGE_LOOP('',(#4565,#4566,#4567,#4568));
#2014=EDGE_LOOP('',(#4569,#4570,#4571,#4572));
#2015=EDGE_LOOP('',(#4573));
#2016=EDGE_LOOP('',(#4574));
#2017=EDGE_LOOP('',(#4575));
#2018=EDGE_LOOP('',(#4576,#4577,#4578,#4579));
#2019=EDGE_LOOP('',(#4580,#4581,#4582,#4583));
#2020=EDGE_LOOP('',(#4584));
#2021=EDGE_LOOP('',(#4585,#4586,#4587,#4588,#4589,#4590,#4591,#4592));
#2022=EDGE_LOOP('',(#4593));
#2023=EDGE_LOOP('',(#4594));
#2024=EDGE_LOOP('',(#4595));
#2025=EDGE_LOOP('',(#4596));
#2026=EDGE_LOOP('',(#4597,#4598,#4599,#4600,#4601,#4602,#4603,#4604,#4605,
#4606,#4607,#4608,#4609,#4610,#4611,#4612,#4613,#4614,#4615,#4616,#4617,
#4618,#4619,#4620));
#2027=EDGE_LOOP('',(#4621,#4622,#4623,#4624));
#2028=EDGE_LOOP('',(#4625,#4626,#4627,#4628));
#2029=EDGE_LOOP('',(#4629,#4630,#4631,#4632));
#2030=EDGE_LOOP('',(#4633,#4634,#4635,#4636));
#2031=EDGE_LOOP('',(#4637,#4638,#4639,#4640));
#2032=EDGE_LOOP('',(#4641,#4642,#4643,#4644));
#2033=EDGE_LOOP('',(#4645,#4646,#4647,#4648));
#2034=EDGE_LOOP('',(#4649,#4650,#4651,#4652));
#2035=EDGE_LOOP('',(#4653,#4654,#4655,#4656));
#2036=EDGE_LOOP('',(#4657,#4658,#4659,#4660));
#2037=EDGE_LOOP('',(#4661,#4662,#4663,#4664,#4665,#4666,#4667,#4668));
#2038=EDGE_LOOP('',(#4669,#4670,#4671,#4672));
#2039=EDGE_LOOP('',(#4673,#4674,#4675,#4676));
#2040=EDGE_LOOP('',(#4677,#4678,#4679,#4680));
#2041=EDGE_LOOP('',(#4681,#4682,#4683,#4684,#4685,#4686,#4687));
#2042=EDGE_LOOP('',(#4688,#4689,#4690,#4691));
#2043=EDGE_LOOP('',(#4692,#4693,#4694,#4695));
#2044=EDGE_LOOP('',(#4696,#4697,#4698,#4699));
#2045=EDGE_LOOP('',(#4700,#4701,#4702,#4703));
#2046=EDGE_LOOP('',(#4704,#4705,#4706,#4707));
#2047=EDGE_LOOP('',(#4708,#4709,#4710,#4711));
#2048=EDGE_LOOP('',(#4712,#4713,#4714,#4715));
#2049=EDGE_LOOP('',(#4716,#4717,#4718,#4719));
#2050=EDGE_LOOP('',(#4720,#4721,#4722,#4723));
#2051=EDGE_LOOP('',(#4724,#4725,#4726,#4727));
#2052=EDGE_LOOP('',(#4728,#4729,#4730,#4731));
#2053=CIRCLE('',#5040,0.499999999999998);
#2054=CIRCLE('',#5041,0.500000000000001);
#2055=CIRCLE('',#5042,0.5);
#2056=CIRCLE('',#5044,0.5);
#2057=CIRCLE('',#5045,0.499999999999998);
#2058=CIRCLE('',#5046,0.5);
#2059=CIRCLE('',#5048,0.5);
#2060=CIRCLE('',#5049,0.499999999999997);
#2061=CIRCLE('',#5050,0.5);
#2062=CIRCLE('',#5052,0.5);
#2063=CIRCLE('',#5053,0.499999999999994);
#2064=CIRCLE('',#5054,0.5);
#2065=CIRCLE('',#5056,0.5);
#2066=CIRCLE('',#5057,0.500000000000003);
#2067=CIRCLE('',#5058,0.5);
#2068=CIRCLE('',#5060,0.5);
#2069=CIRCLE('',#5061,0.499999999999998);
#2070=CIRCLE('',#5062,0.5);
#2071=CIRCLE('',#5064,0.5);
#2072=CIRCLE('',#5065,0.500000000000001);
#2073=CIRCLE('',#5066,0.5);
#2074=CIRCLE('',#5068,0.5);
#2075=CIRCLE('',#5069,0.500000000000002);
#2076=CIRCLE('',#5070,0.5);
#2077=CIRCLE('',#5075,0.499999999999998);
#2078=CIRCLE('',#5079,0.500000000000001);
#2079=CIRCLE('',#5080,0.499999999999998);
#2080=CIRCLE('',#5083,0.500000000000001);
#2081=CIRCLE('',#5095,0.499999999999998);
#2082=CIRCLE('',#5101,0.499999999999999);
#2083=CIRCLE('',#5102,0.499999999999998);
#2084=CIRCLE('',#5105,0.499999999999996);
#2085=CIRCLE('',#5246,1.95);
#2086=CIRCLE('',#5247,1.321);
#2087=CIRCLE('',#5249,1.95);
#2088=CIRCLE('',#5251,1.321);
#2089=CIRCLE('',#5254,1.95);
#2090=CIRCLE('',#5255,1.321);
#2091=CIRCLE('',#5257,1.95);
#2092=CIRCLE('',#5259,1.321);
#2093=CIRCLE('',#5262,1.95);
#2094=CIRCLE('',#5263,1.321);
#2095=CIRCLE('',#5265,1.95);
#2096=CIRCLE('',#5267,1.321);
#2097=CIRCLE('',#5270,1.95);
#2098=CIRCLE('',#5271,1.321);
#2099=CIRCLE('',#5273,1.95);
#2100=CIRCLE('',#5275,1.321);
#2101=CIRCLE('',#5291,1.5);
#2102=CIRCLE('',#5292,1.5);
#2103=CIRCLE('',#5295,1.5);
#2104=CIRCLE('',#5296,1.5);
#2105=CIRCLE('',#5304,1.5);
#2106=CIRCLE('',#5305,1.5);
#2107=CIRCLE('',#5311,1.5);
#2108=CIRCLE('',#5313,1.5);
#2109=VERTEX_POINT('',#6367);
#2110=VERTEX_POINT('',#6368);
#2111=VERTEX_POINT('',#6370);
#2112=VERTEX_POINT('',#6374);
#2113=VERTEX_POINT('',#6375);
#2114=VERTEX_POINT('',#6377);
#2115=VERTEX_POINT('',#6381);
#2116=VERTEX_POINT('',#6382);
#2117=VERTEX_POINT('',#6384);
#2118=VERTEX_POINT('',#6388);
#2119=VERTEX_POINT('',#6389);
#2120=VERTEX_POINT('',#6391);
#2121=VERTEX_POINT('',#6395);
#2122=VERTEX_POINT('',#6396);
#2123=VERTEX_POINT('',#6398);
#2124=VERTEX_POINT('',#6402);
#2125=VERTEX_POINT('',#6403);
#2126=VERTEX_POINT('',#6405);
#2127=VERTEX_POINT('',#6409);
#2128=VERTEX_POINT('',#6410);
#2129=VERTEX_POINT('',#6412);
#2130=VERTEX_POINT('',#6416);
#2131=VERTEX_POINT('',#6417);
#2132=VERTEX_POINT('',#6419);
#2133=VERTEX_POINT('',#6423);
#2134=VERTEX_POINT('',#6424);
#2135=VERTEX_POINT('',#6432);
#2136=VERTEX_POINT('',#6433);
#2137=VERTEX_POINT('',#6438);
#2138=VERTEX_POINT('',#6439);
#2139=VERTEX_POINT('',#6444);
#2140=VERTEX_POINT('',#6445);
#2141=VERTEX_POINT('',#6474);
#2142=VERTEX_POINT('',#6475);
#2143=VERTEX_POINT('',#6504);
#2144=VERTEX_POINT('',#6505);
#2145=VERTEX_POINT('',#6519);
#2146=VERTEX_POINT('',#6520);
#2147=VERTEX_POINT('',#6525);
#2148=VERTEX_POINT('',#6526);
#2149=VERTEX_POINT('',#6534);
#2150=VERTEX_POINT('',#6535);
#2151=VERTEX_POINT('',#6540);
#2152=VERTEX_POINT('',#6541);
#2153=VERTEX_POINT('',#6546);
#2154=VERTEX_POINT('',#6547);
#2155=VERTEX_POINT('',#6552);
#2156=VERTEX_POINT('',#6553);
#2157=VERTEX_POINT('',#6582);
#2158=VERTEX_POINT('',#6583);
#2159=VERTEX_POINT('',#6612);
#2160=VERTEX_POINT('',#6613);
#2161=VERTEX_POINT('',#6627);
#2162=VERTEX_POINT('',#6628);
#2163=VERTEX_POINT('',#6633);
#2164=VERTEX_POINT('',#6634);
#2165=VERTEX_POINT('',#6639);
#2166=VERTEX_POINT('',#6643);
#2167=VERTEX_POINT('',#6651);
#2168=VERTEX_POINT('',#6655);
#2169=VERTEX_POINT('',#6663);
#2170=VERTEX_POINT('',#6664);
#2171=VERTEX_POINT('',#6669);
#2172=VERTEX_POINT('',#6671);
#2173=VERTEX_POINT('',#6676);
#2174=VERTEX_POINT('',#6681);
#2175=VERTEX_POINT('',#6686);
#2176=VERTEX_POINT('',#6688);
#2177=VERTEX_POINT('',#6690);
#2178=VERTEX_POINT('',#6692);
#2179=VERTEX_POINT('',#6701);
#2180=VERTEX_POINT('',#6702);
#2181=VERTEX_POINT('',#6704);
#2182=VERTEX_POINT('',#6706);
#2183=VERTEX_POINT('',#6708);
#2184=VERTEX_POINT('',#6710);
#2185=VERTEX_POINT('',#6712);
#2186=VERTEX_POINT('',#6714);
#2187=VERTEX_POINT('',#6716);
#2188=VERTEX_POINT('',#6718);
#2189=VERTEX_POINT('',#6720);
#2190=VERTEX_POINT('',#6722);
#2191=VERTEX_POINT('',#6725);
#2192=VERTEX_POINT('',#6726);
#2193=VERTEX_POINT('',#6728);
#2194=VERTEX_POINT('',#6730);
#2195=VERTEX_POINT('',#6732);
#2196=VERTEX_POINT('',#6734);
#2197=VERTEX_POINT('',#6736);
#2198=VERTEX_POINT('',#6738);
#2199=VERTEX_POINT('',#6741);
#2200=VERTEX_POINT('',#6742);
#2201=VERTEX_POINT('',#6744);
#2202=VERTEX_POINT('',#6746);
#2203=VERTEX_POINT('',#6748);
#2204=VERTEX_POINT('',#6750);
#2205=VERTEX_POINT('',#6752);
#2206=VERTEX_POINT('',#6754);
#2207=VERTEX_POINT('',#6756);
#2208=VERTEX_POINT('',#6758);
#2209=VERTEX_POINT('',#6760);
#2210=VERTEX_POINT('',#6762);
#2211=VERTEX_POINT('',#6764);
#2212=VERTEX_POINT('',#6767);
#2213=VERTEX_POINT('',#6768);
#2214=VERTEX_POINT('',#6770);
#2215=VERTEX_POINT('',#6772);
#2216=VERTEX_POINT('',#6774);
#2217=VERTEX_POINT('',#6776);
#2218=VERTEX_POINT('',#6778);
#2219=VERTEX_POINT('',#6780);
#2220=VERTEX_POINT('',#6782);
#2221=VERTEX_POINT('',#6784);
#2222=VERTEX_POINT('',#6786);
#2223=VERTEX_POINT('',#6788);
#2224=VERTEX_POINT('',#6790);
#2225=VERTEX_POINT('',#6793);
#2226=VERTEX_POINT('',#6794);
#2227=VERTEX_POINT('',#6799);
#2228=VERTEX_POINT('',#6804);
#2229=VERTEX_POINT('',#6809);
#2230=VERTEX_POINT('',#6814);
#2231=VERTEX_POINT('',#6819);
#2232=VERTEX_POINT('',#6824);
#2233=VERTEX_POINT('',#6833);
#2234=VERTEX_POINT('',#6834);
#2235=VERTEX_POINT('',#6836);
#2236=VERTEX_POINT('',#6838);
#2237=VERTEX_POINT('',#6840);
#2238=VERTEX_POINT('',#6842);
#2239=VERTEX_POINT('',#6844);
#2240=VERTEX_POINT('',#6846);
#2241=VERTEX_POINT('',#6848);
#2242=VERTEX_POINT('',#6850);
#2243=VERTEX_POINT('',#6853);
#2244=VERTEX_POINT('',#6854);
#2245=VERTEX_POINT('',#6859);
#2246=VERTEX_POINT('',#6864);
#2247=VERTEX_POINT('',#6869);
#2248=VERTEX_POINT('',#6874);
#2249=VERTEX_POINT('',#6876);
#2250=VERTEX_POINT('',#6879);
#2251=VERTEX_POINT('',#6880);
#2252=VERTEX_POINT('',#6882);
#2253=VERTEX_POINT('',#6884);
#2254=VERTEX_POINT('',#6886);
#2255=VERTEX_POINT('',#6888);
#2256=VERTEX_POINT('',#6890);
#2257=VERTEX_POINT('',#6892);
#2258=VERTEX_POINT('',#6894);
#2259=VERTEX_POINT('',#6896);
#2260=VERTEX_POINT('',#6898);
#2261=VERTEX_POINT('',#6904);
#2262=VERTEX_POINT('',#6905);
#2263=VERTEX_POINT('',#6907);
#2264=VERTEX_POINT('',#6909);
#2265=VERTEX_POINT('',#6911);
#2266=VERTEX_POINT('',#6913);
#2267=VERTEX_POINT('',#6915);
#2268=VERTEX_POINT('',#6920);
#2269=VERTEX_POINT('',#6925);
#2270=VERTEX_POINT('',#6930);
#2271=VERTEX_POINT('',#6935);
#2272=VERTEX_POINT('',#6940);
#2273=VERTEX_POINT('',#6945);
#2274=VERTEX_POINT('',#6947);
#2275=VERTEX_POINT('',#6949);
#2276=VERTEX_POINT('',#6954);
#2277=VERTEX_POINT('',#6959);
#2278=VERTEX_POINT('',#6964);
#2279=VERTEX_POINT('',#6969);
#2280=VERTEX_POINT('',#6974);
#2281=VERTEX_POINT('',#6983);
#2282=VERTEX_POINT('',#6984);
#2283=VERTEX_POINT('',#6989);
#2284=VERTEX_POINT('',#6994);
#2285=VERTEX_POINT('',#6999);
#2286=VERTEX_POINT('',#7004);
#2287=VERTEX_POINT('',#7009);
#2288=VERTEX_POINT('',#7014);
#2289=VERTEX_POINT('',#7019);
#2290=VERTEX_POINT('',#7024);
#2291=VERTEX_POINT('',#7029);
#2292=VERTEX_POINT('',#7034);
#2293=VERTEX_POINT('',#7039);
#2294=VERTEX_POINT('',#7044);
#2295=VERTEX_POINT('',#7047);
#2296=VERTEX_POINT('',#7048);
#2297=VERTEX_POINT('',#7053);
#2298=VERTEX_POINT('',#7058);
#2299=VERTEX_POINT('',#7067);
#2300=VERTEX_POINT('',#7068);
#2301=VERTEX_POINT('',#7070);
#2302=VERTEX_POINT('',#7072);
#2303=VERTEX_POINT('',#7074);
#2304=VERTEX_POINT('',#7076);
#2305=VERTEX_POINT('',#7080);
#2306=VERTEX_POINT('',#7081);
#2307=VERTEX_POINT('',#7088);
#2308=VERTEX_POINT('',#7095);
#2309=VERTEX_POINT('',#7102);
#2310=VERTEX_POINT('',#7104);
#2311=VERTEX_POINT('',#7111);
#2312=VERTEX_POINT('',#7118);
#2313=VERTEX_POINT('',#7125);
#2314=VERTEX_POINT('',#7127);
#2315=VERTEX_POINT('',#7130);
#2316=VERTEX_POINT('',#7131);
#2317=VERTEX_POINT('',#7138);
#2318=VERTEX_POINT('',#7145);
#2319=VERTEX_POINT('',#7147);
#2320=VERTEX_POINT('',#7149);
#2321=VERTEX_POINT('',#7151);
#2322=VERTEX_POINT('',#7164);
#2323=VERTEX_POINT('',#7165);
#2324=VERTEX_POINT('',#7172);
#2325=VERTEX_POINT('',#7179);
#2326=VERTEX_POINT('',#7181);
#2327=VERTEX_POINT('',#7183);
#2328=VERTEX_POINT('',#7185);
#2329=VERTEX_POINT('',#7199);
#2330=VERTEX_POINT('',#7201);
#2331=VERTEX_POINT('',#7205);
#2332=VERTEX_POINT('',#7216);
#2333=VERTEX_POINT('',#7230);
#2334=VERTEX_POINT('',#7237);
#2335=VERTEX_POINT('',#7239);
#2336=VERTEX_POINT('',#7243);
#2337=VERTEX_POINT('',#7254);
#2338=VERTEX_POINT('',#7268);
#2339=VERTEX_POINT('',#7314);
#2340=VERTEX_POINT('',#7325);
#2341=VERTEX_POINT('',#7344);
#2342=VERTEX_POINT('',#7355);
#2343=VERTEX_POINT('',#7397);
#2344=VERTEX_POINT('',#7398);
#2345=VERTEX_POINT('',#7400);
#2346=VERTEX_POINT('',#7402);
#2347=VERTEX_POINT('',#7404);
#2348=VERTEX_POINT('',#7406);
#2349=VERTEX_POINT('',#7408);
#2350=VERTEX_POINT('',#7410);
#2351=VERTEX_POINT('',#7412);
#2352=VERTEX_POINT('',#7414);
#2353=VERTEX_POINT('',#7416);
#2354=VERTEX_POINT('',#7418);
#2355=VERTEX_POINT('',#7446);
#2356=VERTEX_POINT('',#7447);
#2357=VERTEX_POINT('',#7449);
#2358=VERTEX_POINT('',#7451);
#2359=VERTEX_POINT('',#7453);
#2360=VERTEX_POINT('',#7455);
#2361=VERTEX_POINT('',#7457);
#2362=VERTEX_POINT('',#7459);
#2363=VERTEX_POINT('',#7462);
#2364=VERTEX_POINT('',#7463);
#2365=VERTEX_POINT('',#7465);
#2366=VERTEX_POINT('',#7469);
#2367=VERTEX_POINT('',#7471);
#2368=VERTEX_POINT('',#7475);
#2369=VERTEX_POINT('',#7497);
#2370=VERTEX_POINT('',#7498);
#2371=VERTEX_POINT('',#7500);
#2372=VERTEX_POINT('',#7502);
#2373=VERTEX_POINT('',#7504);
#2374=VERTEX_POINT('',#7506);
#2375=VERTEX_POINT('',#7508);
#2376=VERTEX_POINT('',#7510);
#2377=VERTEX_POINT('',#7512);
#2378=VERTEX_POINT('',#7514);
#2379=VERTEX_POINT('',#7516);
#2380=VERTEX_POINT('',#7518);
#2381=VERTEX_POINT('',#7520);
#2382=VERTEX_POINT('',#7550);
#2383=VERTEX_POINT('',#7551);
#2384=VERTEX_POINT('',#7553);
#2385=VERTEX_POINT('',#7555);
#2386=VERTEX_POINT('',#7557);
#2387=VERTEX_POINT('',#7559);
#2388=VERTEX_POINT('',#7561);
#2389=VERTEX_POINT('',#7563);
#2390=VERTEX_POINT('',#7565);
#2391=VERTEX_POINT('',#7567);
#2392=VERTEX_POINT('',#7569);
#2393=VERTEX_POINT('',#7571);
#2394=VERTEX_POINT('',#7573);
#2395=VERTEX_POINT('',#7603);
#2396=VERTEX_POINT('',#7604);
#2397=VERTEX_POINT('',#7611);
#2398=VERTEX_POINT('',#7618);
#2399=VERTEX_POINT('',#7625);
#2400=VERTEX_POINT('',#7632);
#2401=VERTEX_POINT('',#7639);
#2402=VERTEX_POINT('',#7646);
#2403=VERTEX_POINT('',#7659);
#2404=VERTEX_POINT('',#7660);
#2405=VERTEX_POINT('',#7667);
#2406=VERTEX_POINT('',#7674);
#2407=VERTEX_POINT('',#7681);
#2408=VERTEX_POINT('',#7688);
#2409=VERTEX_POINT('',#7709);
#2410=VERTEX_POINT('',#7711);
#2411=VERTEX_POINT('',#7725);
#2412=VERTEX_POINT('',#7739);
#2413=VERTEX_POINT('',#7790);
#2414=VERTEX_POINT('',#7804);
#2415=VERTEX_POINT('',#7858);
#2416=VERTEX_POINT('',#7859);
#2417=VERTEX_POINT('',#7861);
#2418=VERTEX_POINT('',#7863);
#2419=VERTEX_POINT('',#7865);
#2420=VERTEX_POINT('',#7867);
#2421=VERTEX_POINT('',#7869);
#2422=VERTEX_POINT('',#7871);
#2423=VERTEX_POINT('',#7873);
#2424=VERTEX_POINT('',#7875);
#2425=VERTEX_POINT('',#7899);
#2426=VERTEX_POINT('',#7900);
#2427=VERTEX_POINT('',#7907);
#2428=VERTEX_POINT('',#7914);
#2429=VERTEX_POINT('',#7921);
#2430=VERTEX_POINT('',#7928);
#2431=VERTEX_POINT('',#7930);
#2432=VERTEX_POINT('',#7933);
#2433=VERTEX_POINT('',#7934);
#2434=VERTEX_POINT('',#7941);
#2435=VERTEX_POINT('',#7948);
#2436=VERTEX_POINT('',#7950);
#2437=VERTEX_POINT('',#7952);
#2438=VERTEX_POINT('',#7954);
#2439=VERTEX_POINT('',#7968);
#2440=VERTEX_POINT('',#7970);
#2441=VERTEX_POINT('',#7974);
#2442=VERTEX_POINT('',#7985);
#2443=VERTEX_POINT('',#7999);
#2444=VERTEX_POINT('',#8043);
#2445=VERTEX_POINT('',#8054);
#2446=VERTEX_POINT('',#8078);
#2447=VERTEX_POINT('',#8079);
#2448=VERTEX_POINT('',#8081);
#2449=VERTEX_POINT('',#8083);
#2450=VERTEX_POINT('',#8085);
#2451=VERTEX_POINT('',#8087);
#2452=VERTEX_POINT('',#8089);
#2453=VERTEX_POINT('',#8091);
#2454=VERTEX_POINT('',#8098);
#2455=VERTEX_POINT('',#8100);
#2456=VERTEX_POINT('',#8102);
#2457=VERTEX_POINT('',#8135);
#2458=VERTEX_POINT('',#8136);
#2459=VERTEX_POINT('',#8143);
#2460=VERTEX_POINT('',#8150);
#2461=VERTEX_POINT('',#8157);
#2462=VERTEX_POINT('',#8164);
#2463=VERTEX_POINT('',#8171);
#2464=VERTEX_POINT('',#8173);
#2465=VERTEX_POINT('',#8175);
#2466=VERTEX_POINT('',#8177);
#2467=VERTEX_POINT('',#8179);
#2468=VERTEX_POINT('',#8181);
#2469=VERTEX_POINT('',#8188);
#2470=VERTEX_POINT('',#8195);
#2471=VERTEX_POINT('',#8202);
#2472=VERTEX_POINT('',#8209);
#2473=VERTEX_POINT('',#8216);
#2474=VERTEX_POINT('',#8223);
#2475=VERTEX_POINT('',#8230);
#2476=VERTEX_POINT('',#8232);
#2477=VERTEX_POINT('',#8372);
#2478=VERTEX_POINT('',#8373);
#2479=VERTEX_POINT('',#8380);
#2480=VERTEX_POINT('',#8387);
#2481=VERTEX_POINT('',#8394);
#2482=VERTEX_POINT('',#8401);
#2483=VERTEX_POINT('',#8408);
#2484=VERTEX_POINT('',#8415);
#2485=VERTEX_POINT('',#8422);
#2486=VERTEX_POINT('',#8424);
#2487=VERTEX_POINT('',#8426);
#2488=VERTEX_POINT('',#8433);
#2489=VERTEX_POINT('',#8440);
#2490=VERTEX_POINT('',#8447);
#2491=VERTEX_POINT('',#8460);
#2492=VERTEX_POINT('',#8461);
#2493=VERTEX_POINT('',#8468);
#2494=VERTEX_POINT('',#8475);
#2495=VERTEX_POINT('',#8482);
#2496=VERTEX_POINT('',#8489);
#2497=VERTEX_POINT('',#8496);
#2498=VERTEX_POINT('',#8517);
#2499=VERTEX_POINT('',#8519);
#2500=VERTEX_POINT('',#8533);
#2501=VERTEX_POINT('',#8547);
#2502=VERTEX_POINT('',#8561);
#2503=VERTEX_POINT('',#8639);
#2504=VERTEX_POINT('',#8653);
#2505=VERTEX_POINT('',#8720);
#2506=VERTEX_POINT('',#8721);
#2507=VERTEX_POINT('',#8728);
#2508=VERTEX_POINT('',#8735);
#2509=VERTEX_POINT('',#8748);
#2510=VERTEX_POINT('',#8749);
#2511=VERTEX_POINT('',#8756);
#2512=VERTEX_POINT('',#8763);
#2513=VERTEX_POINT('',#8770);
#2514=VERTEX_POINT('',#8777);
#2515=VERTEX_POINT('',#8784);
#2516=VERTEX_POINT('',#8791);
#2517=VERTEX_POINT('',#8812);
#2518=VERTEX_POINT('',#8814);
#2519=VERTEX_POINT('',#8828);
#2520=VERTEX_POINT('',#8842);
#2521=VERTEX_POINT('',#8856);
#2522=VERTEX_POINT('',#8889);
#2523=VERTEX_POINT('',#8903);
#2524=VERTEX_POINT('',#8917);
#2525=VERTEX_POINT('',#8953);
#2526=VERTEX_POINT('',#8954);
#2527=VERTEX_POINT('',#8956);
#2528=VERTEX_POINT('',#8958);
#2529=VERTEX_POINT('',#8960);
#2530=VERTEX_POINT('',#8962);
#2531=VERTEX_POINT('',#8984);
#2532=VERTEX_POINT('',#8986);
#2533=VERTEX_POINT('',#8989);
#2534=VERTEX_POINT('',#8993);
#2535=VERTEX_POINT('',#8998);
#2536=VERTEX_POINT('',#9000);
#2537=VERTEX_POINT('',#9003);
#2538=VERTEX_POINT('',#9007);
#2539=VERTEX_POINT('',#9012);
#2540=VERTEX_POINT('',#9014);
#2541=VERTEX_POINT('',#9017);
#2542=VERTEX_POINT('',#9021);
#2543=VERTEX_POINT('',#9026);
#2544=VERTEX_POINT('',#9028);
#2545=VERTEX_POINT('',#9031);
#2546=VERTEX_POINT('',#9035);
#2547=VERTEX_POINT('',#9040);
#2548=VERTEX_POINT('',#9041);
#2549=VERTEX_POINT('',#9043);
#2550=VERTEX_POINT('',#9045);
#2551=VERTEX_POINT('',#9047);
#2552=VERTEX_POINT('',#9049);
#2553=VERTEX_POINT('',#9051);
#2554=VERTEX_POINT('',#9053);
#2555=VERTEX_POINT('',#9056);
#2556=VERTEX_POINT('',#9058);
#2557=VERTEX_POINT('',#9062);
#2558=VERTEX_POINT('',#9064);
#2559=VERTEX_POINT('',#9079);
#2560=VERTEX_POINT('',#9080);
#2561=VERTEX_POINT('',#9082);
#2562=VERTEX_POINT('',#9084);
#2563=VERTEX_POINT('',#9091);
#2564=VERTEX_POINT('',#9092);
#2565=VERTEX_POINT('',#9094);
#2566=VERTEX_POINT('',#9096);
#2567=VERTEX_POINT('',#9104);
#2568=VERTEX_POINT('',#9106);
#2569=VERTEX_POINT('',#9108);
#2570=VERTEX_POINT('',#9110);
#2571=VERTEX_POINT('',#9114);
#2572=VERTEX_POINT('',#9115);
#2573=VERTEX_POINT('',#9155);
#2574=VERTEX_POINT('',#9190);
#2575=EDGE_CURVE('',#2109,#2110,#2053,.F.);
#2576=EDGE_CURVE('',#2111,#2109,#2054,.F.);
#2577=EDGE_CURVE('',#2111,#2110,#2055,.T.);
#2578=EDGE_CURVE('',#2112,#2113,#2056,.T.);
#2579=EDGE_CURVE('',#2114,#2113,#2057,.F.);
#2580=EDGE_CURVE('',#2114,#2112,#2058,.T.);
#2581=EDGE_CURVE('',#2115,#2116,#2059,.T.);
#2582=EDGE_CURVE('',#2117,#2116,#2060,.F.);
#2583=EDGE_CURVE('',#2117,#2115,#2061,.T.);
#2584=EDGE_CURVE('',#2118,#2119,#2062,.T.);
#2585=EDGE_CURVE('',#2120,#2119,#2063,.F.);
#2586=EDGE_CURVE('',#2120,#2118,#2064,.T.);
#2587=EDGE_CURVE('',#2121,#2122,#2065,.T.);
#2588=EDGE_CURVE('',#2123,#2122,#2066,.F.);
#2589=EDGE_CURVE('',#2123,#2121,#2067,.T.);
#2590=EDGE_CURVE('',#2124,#2125,#2068,.T.);
#2591=EDGE_CURVE('',#2126,#2125,#2069,.F.);
#2592=EDGE_CURVE('',#2126,#2124,#2070,.T.);
#2593=EDGE_CURVE('',#2127,#2128,#2071,.T.);
#2594=EDGE_CURVE('',#2129,#2128,#2072,.F.);
#2595=EDGE_CURVE('',#2129,#2127,#2073,.T.);
#2596=EDGE_CURVE('',#2130,#2131,#2074,.T.);
#2597=EDGE_CURVE('',#2132,#2131,#2075,.F.);
#2598=EDGE_CURVE('',#2132,#2130,#2076,.T.);
#2599=EDGE_CURVE('',#2133,#2134,#1384,.T.);
#2600=EDGE_CURVE('',#2134,#2132,#446,.T.);
#2601=EDGE_CURVE('',#2131,#2133,#447,.T.);
#2602=EDGE_CURVE('',#2132,#2129,#448,.T.);
#2603=EDGE_CURVE('',#2128,#2130,#449,.T.);
#2604=EDGE_CURVE('',#2135,#2136,#2077,.T.);
#2605=EDGE_CURVE('',#2136,#2131,#450,.T.);
#2606=EDGE_CURVE('',#2130,#2135,#451,.T.);
#2607=EDGE_CURVE('',#2137,#2138,#1385,.T.);
#2608=EDGE_CURVE('',#2138,#2127,#452,.T.);
#2609=EDGE_CURVE('',#2129,#2137,#453,.T.);
#2610=EDGE_CURVE('',#2139,#2140,#2078,.T.);
#2611=EDGE_CURVE('',#2140,#2128,#454,.T.);
#2612=EDGE_CURVE('',#2127,#2139,#455,.T.);
#2613=EDGE_CURVE('',#2141,#2142,#2079,.T.);
#2614=EDGE_CURVE('',#2142,#2136,#1386,.T.);
#2615=EDGE_CURVE('',#2135,#2141,#1387,.T.);
#2616=EDGE_CURVE('',#2143,#2144,#2080,.T.);
#2617=EDGE_CURVE('',#2144,#2140,#1388,.T.);
#2618=EDGE_CURVE('',#2139,#2143,#1389,.T.);
#2619=EDGE_CURVE('',#2141,#2126,#456,.T.);
#2620=EDGE_CURVE('',#2125,#2142,#457,.T.);
#2621=EDGE_CURVE('',#2122,#2144,#458,.T.);
#2622=EDGE_CURVE('',#2143,#2123,#459,.T.);
#2623=EDGE_CURVE('',#2119,#2124,#460,.T.);
#2624=EDGE_CURVE('',#2126,#2120,#461,.T.);
#2625=EDGE_CURVE('',#2145,#2146,#1390,.T.);
#2626=EDGE_CURVE('',#2146,#2125,#462,.T.);
#2627=EDGE_CURVE('',#2124,#2145,#463,.T.);
#2628=EDGE_CURVE('',#2147,#2148,#1391,.T.);
#2629=EDGE_CURVE('',#2148,#2121,#464,.T.);
#2630=EDGE_CURVE('',#2123,#2147,#465,.T.);
#2631=EDGE_CURVE('',#2121,#2117,#466,.T.);
#2632=EDGE_CURVE('',#2116,#2122,#467,.T.);
#2633=EDGE_CURVE('',#2149,#2150,#2081,.T.);
#2634=EDGE_CURVE('',#2150,#2118,#468,.T.);
#2635=EDGE_CURVE('',#2120,#2149,#469,.T.);
#2636=EDGE_CURVE('',#2151,#2152,#1392,.T.);
#2637=EDGE_CURVE('',#2152,#2119,#470,.T.);
#2638=EDGE_CURVE('',#2118,#2151,#471,.T.);
#2639=EDGE_CURVE('',#2153,#2154,#1393,.T.);
#2640=EDGE_CURVE('',#2154,#2115,#472,.T.);
#2641=EDGE_CURVE('',#2117,#2153,#473,.T.);
#2642=EDGE_CURVE('',#2155,#2156,#2082,.T.);
#2643=EDGE_CURVE('',#2156,#2116,#474,.T.);
#2644=EDGE_CURVE('',#2115,#2155,#475,.T.);
#2645=EDGE_CURVE('',#2157,#2158,#2083,.T.);
#2646=EDGE_CURVE('',#2158,#2150,#1394,.T.);
#2647=EDGE_CURVE('',#2149,#2157,#1395,.T.);
#2648=EDGE_CURVE('',#2159,#2160,#2084,.T.);
#2649=EDGE_CURVE('',#2160,#2156,#1396,.T.);
#2650=EDGE_CURVE('',#2155,#2159,#1397,.T.);
#2651=EDGE_CURVE('',#2157,#2114,#476,.T.);
#2652=EDGE_CURVE('',#2113,#2158,#477,.T.);
#2653=EDGE_CURVE('',#2109,#2160,#478,.T.);
#2654=EDGE_CURVE('',#2159,#2111,#479,.T.);
#2655=EDGE_CURVE('',#2110,#2112,#480,.T.);
#2656=EDGE_CURVE('',#2114,#2109,#481,.T.);
#2657=EDGE_CURVE('',#2161,#2162,#1398,.T.);
#2658=EDGE_CURVE('',#2162,#2113,#482,.T.);
#2659=EDGE_CURVE('',#2112,#2161,#483,.T.);
#2660=EDGE_CURVE('',#2163,#2164,#1399,.T.);
#2661=EDGE_CURVE('',#2164,#2110,#484,.T.);
#2662=EDGE_CURVE('',#2111,#2163,#485,.T.);
#2663=EDGE_CURVE('',#2165,#2136,#486,.T.);
#2664=EDGE_CURVE('',#2133,#2165,#487,.T.);
#2665=EDGE_CURVE('',#2142,#2166,#488,.T.);
#2666=EDGE_CURVE('',#2166,#2165,#1400,.T.);
#2667=EDGE_CURVE('',#2166,#2146,#489,.T.);
#2668=EDGE_CURVE('',#2145,#2152,#490,.T.);
#2669=EDGE_CURVE('',#2167,#2150,#491,.T.);
#2670=EDGE_CURVE('',#2151,#2167,#492,.T.);
#2671=EDGE_CURVE('',#2158,#2168,#493,.T.);
#2672=EDGE_CURVE('',#2168,#2167,#1401,.T.);
#2673=EDGE_CURVE('',#2168,#2162,#494,.T.);
#2674=EDGE_CURVE('',#2161,#2164,#495,.T.);
#2675=EDGE_CURVE('',#2169,#2170,#48,.T.);
#2676=EDGE_CURVE('',#2170,#2171,#496,.T.);
#2677=EDGE_CURVE('',#2171,#2172,#49,.T.);
#2678=EDGE_CURVE('',#2172,#2173,#50,.T.);
#2679=EDGE_CURVE('',#2173,#2174,#51,.T.);
#2680=EDGE_CURVE('',#2174,#2175,#497,.T.);
#2681=EDGE_CURVE('',#2175,#2176,#498,.T.);
#2682=EDGE_CURVE('',#2176,#2177,#499,.T.);
#2683=EDGE_CURVE('',#2177,#2178,#52,.T.);
#2684=EDGE_CURVE('',#2178,#2169,#53,.T.);
#2685=EDGE_CURVE('',#2179,#2180,#500,.T.);
#2686=EDGE_CURVE('',#2180,#2181,#501,.T.);
#2687=EDGE_CURVE('',#2181,#2182,#502,.T.);
#2688=EDGE_CURVE('',#2182,#2183,#503,.T.);
#2689=EDGE_CURVE('',#2183,#2184,#504,.T.);
#2690=EDGE_CURVE('',#2184,#2185,#505,.T.);
#2691=EDGE_CURVE('',#2185,#2186,#506,.T.);
#2692=EDGE_CURVE('',#2186,#2187,#507,.T.);
#2693=EDGE_CURVE('',#2187,#2188,#508,.T.);
#2694=EDGE_CURVE('',#2188,#2189,#509,.T.);
#2695=EDGE_CURVE('',#2189,#2190,#510,.T.);
#2696=EDGE_CURVE('',#2190,#2179,#511,.T.);
#2697=EDGE_CURVE('',#2191,#2192,#512,.T.);
#2698=EDGE_CURVE('',#2192,#2193,#513,.T.);
#2699=EDGE_CURVE('',#2193,#2194,#514,.T.);
#2700=EDGE_CURVE('',#2194,#2195,#515,.T.);
#2701=EDGE_CURVE('',#2195,#2196,#516,.T.);
#2702=EDGE_CURVE('',#2196,#2197,#517,.T.);
#2703=EDGE_CURVE('',#2197,#2198,#518,.T.);
#2704=EDGE_CURVE('',#2198,#2191,#519,.T.);
#2705=EDGE_CURVE('',#2199,#2200,#520,.T.);
#2706=EDGE_CURVE('',#2200,#2201,#521,.T.);
#2707=EDGE_CURVE('',#2201,#2202,#522,.T.);
#2708=EDGE_CURVE('',#2202,#2203,#523,.T.);
#2709=EDGE_CURVE('',#2203,#2204,#524,.T.);
#2710=EDGE_CURVE('',#2204,#2205,#525,.T.);
#2711=EDGE_CURVE('',#2205,#2206,#526,.T.);
#2712=EDGE_CURVE('',#2206,#2207,#527,.T.);
#2713=EDGE_CURVE('',#2207,#2208,#528,.T.);
#2714=EDGE_CURVE('',#2208,#2209,#529,.T.);
#2715=EDGE_CURVE('',#2209,#2210,#530,.T.);
#2716=EDGE_CURVE('',#2210,#2211,#531,.T.);
#2717=EDGE_CURVE('',#2211,#2199,#532,.T.);
#2718=EDGE_CURVE('',#2212,#2213,#533,.T.);
#2719=EDGE_CURVE('',#2213,#2214,#534,.T.);
#2720=EDGE_CURVE('',#2214,#2215,#535,.T.);
#2721=EDGE_CURVE('',#2215,#2216,#536,.T.);
#2722=EDGE_CURVE('',#2216,#2217,#537,.T.);
#2723=EDGE_CURVE('',#2217,#2218,#538,.T.);
#2724=EDGE_CURVE('',#2218,#2219,#539,.T.);
#2725=EDGE_CURVE('',#2219,#2220,#540,.T.);
#2726=EDGE_CURVE('',#2220,#2221,#541,.T.);
#2727=EDGE_CURVE('',#2221,#2222,#542,.T.);
#2728=EDGE_CURVE('',#2222,#2223,#543,.T.);
#2729=EDGE_CURVE('',#2223,#2224,#544,.T.);
#2730=EDGE_CURVE('',#2224,#2212,#545,.T.);
#2731=EDGE_CURVE('',#2225,#2226,#54,.T.);
#2732=EDGE_CURVE('',#2226,#2227,#55,.T.);
#2733=EDGE_CURVE('',#2227,#2228,#56,.T.);
#2734=EDGE_CURVE('',#2228,#2229,#57,.T.);
#2735=EDGE_CURVE('',#2229,#2230,#58,.T.);
#2736=EDGE_CURVE('',#2230,#2231,#59,.T.);
#2737=EDGE_CURVE('',#2231,#2232,#60,.T.);
#2738=EDGE_CURVE('',#2232,#2225,#61,.T.);
#2739=EDGE_CURVE('',#2233,#2234,#546,.T.);
#2740=EDGE_CURVE('',#2234,#2235,#547,.T.);
#2741=EDGE_CURVE('',#2235,#2236,#548,.T.);
#2742=EDGE_CURVE('',#2236,#2237,#549,.T.);
#2743=EDGE_CURVE('',#2237,#2238,#550,.T.);
#2744=EDGE_CURVE('',#2238,#2239,#551,.T.);
#2745=EDGE_CURVE('',#2239,#2240,#552,.T.);
#2746=EDGE_CURVE('',#2240,#2241,#553,.T.);
#2747=EDGE_CURVE('',#2241,#2242,#554,.T.);
#2748=EDGE_CURVE('',#2242,#2233,#555,.T.);
#2749=EDGE_CURVE('',#2243,#2244,#62,.T.);
#2750=EDGE_CURVE('',#2244,#2245,#63,.T.);
#2751=EDGE_CURVE('',#2245,#2246,#64,.T.);
#2752=EDGE_CURVE('',#2246,#2247,#65,.T.);
#2753=EDGE_CURVE('',#2247,#2248,#556,.T.);
#2754=EDGE_CURVE('',#2248,#2249,#557,.T.);
#2755=EDGE_CURVE('',#2249,#2243,#558,.T.);
#2756=EDGE_CURVE('',#2250,#2251,#559,.T.);
#2757=EDGE_CURVE('',#2251,#2252,#560,.T.);
#2758=EDGE_CURVE('',#2252,#2253,#561,.T.);
#2759=EDGE_CURVE('',#2253,#2254,#562,.T.);
#2760=EDGE_CURVE('',#2254,#2255,#563,.T.);
#2761=EDGE_CURVE('',#2255,#2256,#564,.T.);
#2762=EDGE_CURVE('',#2256,#2257,#565,.T.);
#2763=EDGE_CURVE('',#2257,#2258,#566,.T.);
#2764=EDGE_CURVE('',#2258,#2259,#567,.T.);
#2765=EDGE_CURVE('',#2259,#2260,#568,.T.);
#2766=EDGE_CURVE('',#2260,#2250,#66,.T.);
#2767=EDGE_CURVE('',#2261,#2262,#569,.T.);
#2768=EDGE_CURVE('',#2262,#2263,#570,.T.);
#2769=EDGE_CURVE('',#2263,#2264,#571,.T.);
#2770=EDGE_CURVE('',#2264,#2265,#572,.T.);
#2771=EDGE_CURVE('',#2265,#2266,#573,.T.);
#2772=EDGE_CURVE('',#2266,#2267,#67,.T.);
#2773=EDGE_CURVE('',#2267,#2268,#68,.T.);
#2774=EDGE_CURVE('',#2268,#2269,#69,.T.);
#2775=EDGE_CURVE('',#2269,#2270,#70,.T.);
#2776=EDGE_CURVE('',#2270,#2271,#71,.T.);
#2777=EDGE_CURVE('',#2271,#2272,#72,.T.);
#2778=EDGE_CURVE('',#2272,#2273,#574,.T.);
#2779=EDGE_CURVE('',#2273,#2274,#575,.T.);
#2780=EDGE_CURVE('',#2274,#2275,#73,.T.);
#2781=EDGE_CURVE('',#2275,#2276,#74,.T.);
#2782=EDGE_CURVE('',#2276,#2277,#75,.T.);
#2783=EDGE_CURVE('',#2277,#2278,#76,.T.);
#2784=EDGE_CURVE('',#2278,#2279,#77,.T.);
#2785=EDGE_CURVE('',#2279,#2280,#78,.T.);
#2786=EDGE_CURVE('',#2280,#2261,#79,.T.);
#2787=EDGE_CURVE('',#2281,#2282,#80,.T.);
#2788=EDGE_CURVE('',#2282,#2283,#81,.T.);
#2789=EDGE_CURVE('',#2283,#2284,#82,.T.);
#2790=EDGE_CURVE('',#2284,#2285,#83,.T.);
#2791=EDGE_CURVE('',#2285,#2286,#84,.T.);
#2792=EDGE_CURVE('',#2286,#2287,#85,.T.);
#2793=EDGE_CURVE('',#2287,#2288,#86,.T.);
#2794=EDGE_CURVE('',#2288,#2289,#87,.T.);
#2795=EDGE_CURVE('',#2289,#2290,#88,.T.);
#2796=EDGE_CURVE('',#2290,#2291,#89,.T.);
#2797=EDGE_CURVE('',#2291,#2292,#90,.T.);
#2798=EDGE_CURVE('',#2292,#2293,#91,.T.);
#2799=EDGE_CURVE('',#2293,#2294,#576,.T.);
#2800=EDGE_CURVE('',#2294,#2281,#577,.T.);
#2801=EDGE_CURVE('',#2295,#2296,#92,.T.);
#2802=EDGE_CURVE('',#2296,#2297,#93,.T.);
#2803=EDGE_CURVE('',#2297,#2298,#94,.T.);
#2804=EDGE_CURVE('',#2298,#2295,#95,.T.);
#2805=EDGE_CURVE('',#2299,#2300,#578,.T.);
#2806=EDGE_CURVE('',#2300,#2301,#579,.T.);
#2807=EDGE_CURVE('',#2301,#2302,#580,.T.);
#2808=EDGE_CURVE('',#2302,#2303,#581,.T.);
#2809=EDGE_CURVE('',#2303,#2304,#582,.T.);
#2810=EDGE_CURVE('',#2304,#2299,#583,.T.);
#2811=EDGE_CURVE('',#2305,#2306,#96,.T.);
#2812=EDGE_CURVE('',#2306,#2307,#97,.T.);
#2813=EDGE_CURVE('',#2307,#2308,#98,.T.);
#2814=EDGE_CURVE('',#2308,#2309,#584,.T.);
#2815=EDGE_CURVE('',#2309,#2310,#99,.T.);
#2816=EDGE_CURVE('',#2310,#2311,#100,.T.);
#2817=EDGE_CURVE('',#2311,#2312,#101,.T.);
#2818=EDGE_CURVE('',#2312,#2313,#585,.T.);
#2819=EDGE_CURVE('',#2313,#2314,#586,.T.);
#2820=EDGE_CURVE('',#2314,#2305,#587,.T.);
#2821=EDGE_CURVE('',#2315,#2316,#102,.T.);
#2822=EDGE_CURVE('',#2316,#2317,#103,.T.);
#2823=EDGE_CURVE('',#2317,#2318,#588,.T.);
#2824=EDGE_CURVE('',#2318,#2319,#589,.T.);
#2825=EDGE_CURVE('',#2319,#2320,#590,.T.);
#2826=EDGE_CURVE('',#2320,#2321,#104,.T.);
#2827=EDGE_CURVE('',#2321,#2315,#105,.T.);
#2828=EDGE_CURVE('',#2322,#2323,#106,.T.);
#2829=EDGE_CURVE('',#2323,#2324,#107,.T.);
#2830=EDGE_CURVE('',#2324,#2325,#591,.T.);
#2831=EDGE_CURVE('',#2325,#2326,#592,.T.);
#2832=EDGE_CURVE('',#2326,#2327,#593,.T.);
#2833=EDGE_CURVE('',#2327,#2328,#108,.T.);
#2834=EDGE_CURVE('',#2328,#2322,#109,.T.);
#2835=EDGE_CURVE('',#2329,#2318,#594,.T.);
#2836=EDGE_CURVE('',#2330,#2329,#595,.T.);
#2837=EDGE_CURVE('',#2330,#2319,#596,.T.);
#2838=EDGE_CURVE('',#2331,#2317,#597,.T.);
#2839=EDGE_CURVE('',#2329,#2331,#598,.T.);
#2840=EDGE_CURVE('',#2332,#2316,#599,.T.);
#2841=EDGE_CURVE('',#2331,#2332,#110,.T.);
#2842=EDGE_CURVE('',#2333,#2315,#600,.T.);
#2843=EDGE_CURVE('',#2332,#2333,#111,.T.);
#2844=EDGE_CURVE('',#2334,#2325,#601,.T.);
#2845=EDGE_CURVE('',#2335,#2334,#602,.T.);
#2846=EDGE_CURVE('',#2335,#2326,#603,.T.);
#2847=EDGE_CURVE('',#2336,#2324,#604,.T.);
#2848=EDGE_CURVE('',#2334,#2336,#605,.T.);
#2849=EDGE_CURVE('',#2337,#2323,#606,.T.);
#2850=EDGE_CURVE('',#2336,#2337,#112,.T.);
#2851=EDGE_CURVE('',#2338,#2322,#607,.T.);
#2852=EDGE_CURVE('',#2337,#2338,#113,.T.);
#2853=EDGE_CURVE('',#2170,#2309,#608,.T.);
#2854=EDGE_CURVE('',#2169,#2310,#609,.T.);
#2855=EDGE_CURVE('',#2171,#2308,#610,.T.);
#2856=EDGE_CURVE('',#2172,#2307,#611,.T.);
#2857=EDGE_CURVE('',#2173,#2306,#612,.T.);
#2858=EDGE_CURVE('',#2174,#2305,#613,.T.);
#2859=EDGE_CURVE('',#2339,#2330,#614,.T.);
#2860=EDGE_CURVE('',#2339,#2320,#615,.T.);
#2861=EDGE_CURVE('',#2340,#2339,#114,.T.);
#2862=EDGE_CURVE('',#2340,#2321,#616,.T.);
#2863=EDGE_CURVE('',#2333,#2340,#115,.T.);
#2864=EDGE_CURVE('',#2341,#2335,#617,.T.);
#2865=EDGE_CURVE('',#2341,#2327,#618,.T.);
#2866=EDGE_CURVE('',#2342,#2341,#116,.T.);
#2867=EDGE_CURVE('',#2342,#2328,#619,.T.);
#2868=EDGE_CURVE('',#2338,#2342,#117,.T.);
#2869=EDGE_CURVE('',#2175,#2314,#620,.T.);
#2870=EDGE_CURVE('',#2176,#2313,#621,.T.);
#2871=EDGE_CURVE('',#2177,#2312,#622,.T.);
#2872=EDGE_CURVE('',#2178,#2311,#623,.T.);
#2873=EDGE_CURVE('',#2343,#2344,#624,.T.);
#2874=EDGE_CURVE('',#2344,#2345,#625,.T.);
#2875=EDGE_CURVE('',#2345,#2346,#626,.T.);
#2876=EDGE_CURVE('',#2346,#2347,#627,.T.);
#2877=EDGE_CURVE('',#2347,#2348,#628,.T.);
#2878=EDGE_CURVE('',#2348,#2349,#629,.T.);
#2879=EDGE_CURVE('',#2349,#2350,#630,.T.);
#2880=EDGE_CURVE('',#2350,#2351,#631,.T.);
#2881=EDGE_CURVE('',#2351,#2352,#632,.T.);
#2882=EDGE_CURVE('',#2352,#2353,#633,.T.);
#2883=EDGE_CURVE('',#2353,#2354,#634,.T.);
#2884=EDGE_CURVE('',#2354,#2343,#635,.T.);
#2885=EDGE_CURVE('',#2180,#2348,#636,.T.);
#2886=EDGE_CURVE('',#2179,#2349,#637,.T.);
#2887=EDGE_CURVE('',#2181,#2347,#638,.T.);
#2888=EDGE_CURVE('',#2182,#2346,#639,.T.);
#2889=EDGE_CURVE('',#2183,#2345,#640,.T.);
#2890=EDGE_CURVE('',#2184,#2344,#641,.T.);
#2891=EDGE_CURVE('',#2185,#2343,#642,.T.);
#2892=EDGE_CURVE('',#2186,#2354,#643,.T.);
#2893=EDGE_CURVE('',#2187,#2353,#644,.T.);
#2894=EDGE_CURVE('',#2188,#2352,#645,.T.);
#2895=EDGE_CURVE('',#2189,#2351,#646,.T.);
#2896=EDGE_CURVE('',#2190,#2350,#647,.T.);
#2897=EDGE_CURVE('',#2355,#2356,#648,.T.);
#2898=EDGE_CURVE('',#2356,#2357,#649,.T.);
#2899=EDGE_CURVE('',#2357,#2358,#650,.T.);
#2900=EDGE_CURVE('',#2358,#2359,#651,.T.);
#2901=EDGE_CURVE('',#2359,#2360,#652,.T.);
#2902=EDGE_CURVE('',#2360,#2361,#653,.T.);
#2903=EDGE_CURVE('',#2361,#2362,#654,.T.);
#2904=EDGE_CURVE('',#2362,#2355,#655,.T.);
#2905=EDGE_CURVE('',#2363,#2364,#656,.T.);
#2906=EDGE_CURVE('',#2364,#2365,#657,.T.);
#2907=EDGE_CURVE('',#2365,#2363,#658,.T.);
#2908=EDGE_CURVE('',#2366,#2364,#659,.T.);
#2909=EDGE_CURVE('',#2367,#2366,#660,.T.);
#2910=EDGE_CURVE('',#2367,#2365,#661,.T.);
#2911=EDGE_CURVE('',#2368,#2363,#662,.T.);
#2912=EDGE_CURVE('',#2366,#2368,#663,.T.);
#2913=EDGE_CURVE('',#2192,#2358,#664,.T.);
#2914=EDGE_CURVE('',#2191,#2359,#665,.T.);
#2915=EDGE_CURVE('',#2193,#2357,#666,.T.);
#2916=EDGE_CURVE('',#2194,#2356,#667,.T.);
#2917=EDGE_CURVE('',#2195,#2355,#668,.T.);
#2918=EDGE_CURVE('',#2368,#2367,#669,.T.);
#2919=EDGE_CURVE('',#2196,#2362,#670,.T.);
#2920=EDGE_CURVE('',#2197,#2361,#671,.T.);
#2921=EDGE_CURVE('',#2198,#2360,#672,.T.);
#2922=EDGE_CURVE('',#2369,#2370,#673,.T.);
#2923=EDGE_CURVE('',#2370,#2371,#674,.T.);
#2924=EDGE_CURVE('',#2371,#2372,#675,.T.);
#2925=EDGE_CURVE('',#2372,#2373,#676,.T.);
#2926=EDGE_CURVE('',#2373,#2374,#677,.T.);
#2927=EDGE_CURVE('',#2374,#2375,#678,.T.);
#2928=EDGE_CURVE('',#2375,#2376,#679,.T.);
#2929=EDGE_CURVE('',#2376,#2377,#680,.T.);
#2930=EDGE_CURVE('',#2377,#2378,#681,.T.);
#2931=EDGE_CURVE('',#2378,#2379,#682,.T.);
#2932=EDGE_CURVE('',#2379,#2380,#683,.T.);
#2933=EDGE_CURVE('',#2380,#2381,#684,.T.);
#2934=EDGE_CURVE('',#2381,#2369,#685,.T.);
#2935=EDGE_CURVE('',#2200,#2375,#686,.T.);
#2936=EDGE_CURVE('',#2199,#2376,#687,.T.);
#2937=EDGE_CURVE('',#2201,#2374,#688,.T.);
#2938=EDGE_CURVE('',#2202,#2373,#689,.T.);
#2939=EDGE_CURVE('',#2203,#2372,#690,.T.);
#2940=EDGE_CURVE('',#2204,#2371,#691,.T.);
#2941=EDGE_CURVE('',#2205,#2370,#692,.T.);
#2942=EDGE_CURVE('',#2206,#2369,#693,.T.);
#2943=EDGE_CURVE('',#2207,#2381,#694,.T.);
#2944=EDGE_CURVE('',#2208,#2380,#695,.T.);
#2945=EDGE_CURVE('',#2209,#2379,#696,.T.);
#2946=EDGE_CURVE('',#2210,#2378,#697,.T.);
#2947=EDGE_CURVE('',#2211,#2377,#698,.T.);
#2948=EDGE_CURVE('',#2382,#2383,#699,.T.);
#2949=EDGE_CURVE('',#2383,#2384,#700,.T.);
#2950=EDGE_CURVE('',#2384,#2385,#701,.T.);
#2951=EDGE_CURVE('',#2385,#2386,#702,.T.);
#2952=EDGE_CURVE('',#2386,#2387,#703,.T.);
#2953=EDGE_CURVE('',#2387,#2388,#704,.T.);
#2954=EDGE_CURVE('',#2388,#2389,#705,.T.);
#2955=EDGE_CURVE('',#2389,#2390,#706,.T.);
#2956=EDGE_CURVE('',#2390,#2391,#707,.T.);
#2957=EDGE_CURVE('',#2391,#2392,#708,.T.);
#2958=EDGE_CURVE('',#2392,#2393,#709,.T.);
#2959=EDGE_CURVE('',#2393,#2394,#710,.T.);
#2960=EDGE_CURVE('',#2394,#2382,#711,.T.);
#2961=EDGE_CURVE('',#2213,#2388,#712,.T.);
#2962=EDGE_CURVE('',#2212,#2389,#713,.T.);
#2963=EDGE_CURVE('',#2214,#2387,#714,.T.);
#2964=EDGE_CURVE('',#2215,#2386,#715,.T.);
#2965=EDGE_CURVE('',#2216,#2385,#716,.T.);
#2966=EDGE_CURVE('',#2217,#2384,#717,.T.);
#2967=EDGE_CURVE('',#2218,#2383,#718,.T.);
#2968=EDGE_CURVE('',#2219,#2382,#719,.T.);
#2969=EDGE_CURVE('',#2220,#2394,#720,.T.);
#2970=EDGE_CURVE('',#2221,#2393,#721,.T.);
#2971=EDGE_CURVE('',#2222,#2392,#722,.T.);
#2972=EDGE_CURVE('',#2223,#2391,#723,.T.);
#2973=EDGE_CURVE('',#2224,#2390,#724,.T.);
#2974=EDGE_CURVE('',#2395,#2396,#118,.T.);
#2975=EDGE_CURVE('',#2396,#2397,#119,.T.);
#2976=EDGE_CURVE('',#2397,#2398,#120,.T.);
#2977=EDGE_CURVE('',#2398,#2399,#121,.T.);
#2978=EDGE_CURVE('',#2399,#2400,#122,.T.);
#2979=EDGE_CURVE('',#2400,#2401,#123,.T.);
#2980=EDGE_CURVE('',#2401,#2402,#124,.T.);
#2981=EDGE_CURVE('',#2402,#2395,#125,.T.);
#2982=EDGE_CURVE('',#2403,#2404,#126,.T.);
#2983=EDGE_CURVE('',#2404,#2405,#127,.T.);
#2984=EDGE_CURVE('',#2405,#2406,#128,.T.);
#2985=EDGE_CURVE('',#2406,#2407,#129,.T.);
#2986=EDGE_CURVE('',#2407,#2408,#130,.T.);
#2987=EDGE_CURVE('',#2408,#2403,#131,.T.);
#2988=EDGE_CURVE('',#2409,#2405,#725,.T.);
#2989=EDGE_CURVE('',#2410,#2409,#132,.T.);
#2990=EDGE_CURVE('',#2410,#2406,#726,.T.);
#2991=EDGE_CURVE('',#2411,#2404,#727,.T.);
#2992=EDGE_CURVE('',#2409,#2411,#133,.T.);
#2993=EDGE_CURVE('',#2412,#2403,#728,.T.);
#2994=EDGE_CURVE('',#2411,#2412,#134,.T.);
#2995=EDGE_CURVE('',#2226,#2398,#729,.T.);
#2996=EDGE_CURVE('',#2225,#2399,#730,.T.);
#2997=EDGE_CURVE('',#2227,#2397,#731,.T.);
#2998=EDGE_CURVE('',#2228,#2396,#732,.T.);
#2999=EDGE_CURVE('',#2229,#2395,#733,.T.);
#3000=EDGE_CURVE('',#2413,#2410,#135,.T.);
#3001=EDGE_CURVE('',#2413,#2407,#734,.T.);
#3002=EDGE_CURVE('',#2414,#2413,#136,.T.);
#3003=EDGE_CURVE('',#2414,#2408,#735,.T.);
#3004=EDGE_CURVE('',#2412,#2414,#137,.T.);
#3005=EDGE_CURVE('',#2230,#2402,#736,.T.);
#3006=EDGE_CURVE('',#2231,#2401,#737,.T.);
#3007=EDGE_CURVE('',#2232,#2400,#738,.T.);
#3008=EDGE_CURVE('',#2415,#2416,#739,.T.);
#3009=EDGE_CURVE('',#2416,#2417,#740,.T.);
#3010=EDGE_CURVE('',#2417,#2418,#741,.T.);
#3011=EDGE_CURVE('',#2418,#2419,#742,.T.);
#3012=EDGE_CURVE('',#2419,#2420,#743,.T.);
#3013=EDGE_CURVE('',#2420,#2421,#744,.T.);
#3014=EDGE_CURVE('',#2421,#2422,#745,.T.);
#3015=EDGE_CURVE('',#2422,#2423,#746,.T.);
#3016=EDGE_CURVE('',#2423,#2424,#747,.T.);
#3017=EDGE_CURVE('',#2424,#2415,#748,.T.);
#3018=EDGE_CURVE('',#2234,#2419,#749,.T.);
#3019=EDGE_CURVE('',#2233,#2420,#750,.T.);
#3020=EDGE_CURVE('',#2235,#2418,#751,.T.);
#3021=EDGE_CURVE('',#2236,#2417,#752,.T.);
#3022=EDGE_CURVE('',#2237,#2416,#753,.T.);
#3023=EDGE_CURVE('',#2238,#2415,#754,.T.);
#3024=EDGE_CURVE('',#2239,#2424,#755,.T.);
#3025=EDGE_CURVE('',#2240,#2423,#756,.T.);
#3026=EDGE_CURVE('',#2241,#2422,#757,.T.);
#3027=EDGE_CURVE('',#2242,#2421,#758,.T.);
#3028=EDGE_CURVE('',#2425,#2426,#138,.T.);
#3029=EDGE_CURVE('',#2426,#2427,#139,.T.);
#3030=EDGE_CURVE('',#2427,#2428,#140,.T.);
#3031=EDGE_CURVE('',#2428,#2429,#141,.T.);
#3032=EDGE_CURVE('',#2429,#2430,#759,.T.);
#3033=EDGE_CURVE('',#2430,#2431,#760,.T.);
#3034=EDGE_CURVE('',#2431,#2425,#761,.T.);
#3035=EDGE_CURVE('',#2432,#2433,#142,.T.);
#3036=EDGE_CURVE('',#2433,#2434,#143,.T.);
#3037=EDGE_CURVE('',#2434,#2435,#762,.T.);
#3038=EDGE_CURVE('',#2435,#2436,#763,.T.);
#3039=EDGE_CURVE('',#2436,#2437,#764,.T.);
#3040=EDGE_CURVE('',#2437,#2438,#144,.T.);
#3041=EDGE_CURVE('',#2438,#2432,#145,.T.);
#3042=EDGE_CURVE('',#2439,#2435,#765,.T.);
#3043=EDGE_CURVE('',#2440,#2439,#766,.T.);
#3044=EDGE_CURVE('',#2440,#2436,#767,.T.);
#3045=EDGE_CURVE('',#2441,#2434,#768,.T.);
#3046=EDGE_CURVE('',#2439,#2441,#769,.T.);
#3047=EDGE_CURVE('',#2442,#2433,#770,.T.);
#3048=EDGE_CURVE('',#2441,#2442,#146,.T.);
#3049=EDGE_CURVE('',#2443,#2432,#771,.T.);
#3050=EDGE_CURVE('',#2442,#2443,#147,.T.);
#3051=EDGE_CURVE('',#2244,#2428,#772,.T.);
#3052=EDGE_CURVE('',#2243,#2429,#773,.T.);
#3053=EDGE_CURVE('',#2245,#2427,#774,.T.);
#3054=EDGE_CURVE('',#2246,#2426,#775,.T.);
#3055=EDGE_CURVE('',#2247,#2425,#776,.T.);
#3056=EDGE_CURVE('',#2444,#2440,#777,.T.);
#3057=EDGE_CURVE('',#2444,#2437,#778,.T.);
#3058=EDGE_CURVE('',#2445,#2444,#148,.T.);
#3059=EDGE_CURVE('',#2445,#2438,#779,.T.);
#3060=EDGE_CURVE('',#2443,#2445,#149,.T.);
#3061=EDGE_CURVE('',#2248,#2431,#780,.T.);
#3062=EDGE_CURVE('',#2249,#2430,#781,.T.);
#3063=EDGE_CURVE('',#2446,#2447,#782,.T.);
#3064=EDGE_CURVE('',#2447,#2448,#783,.T.);
#3065=EDGE_CURVE('',#2448,#2449,#784,.T.);
#3066=EDGE_CURVE('',#2449,#2450,#785,.T.);
#3067=EDGE_CURVE('',#2450,#2451,#786,.T.);
#3068=EDGE_CURVE('',#2451,#2452,#787,.T.);
#3069=EDGE_CURVE('',#2452,#2453,#150,.T.);
#3070=EDGE_CURVE('',#2453,#2454,#788,.T.);
#3071=EDGE_CURVE('',#2454,#2455,#789,.T.);
#3072=EDGE_CURVE('',#2455,#2456,#790,.T.);
#3073=EDGE_CURVE('',#2456,#2446,#791,.T.);
#3074=EDGE_CURVE('',#2251,#2451,#792,.T.);
#3075=EDGE_CURVE('',#2250,#2452,#793,.T.);
#3076=EDGE_CURVE('',#2252,#2450,#794,.T.);
#3077=EDGE_CURVE('',#2253,#2449,#795,.T.);
#3078=EDGE_CURVE('',#2254,#2448,#796,.T.);
#3079=EDGE_CURVE('',#2255,#2447,#797,.T.);
#3080=EDGE_CURVE('',#2256,#2446,#798,.T.);
#3081=EDGE_CURVE('',#2257,#2456,#799,.T.);
#3082=EDGE_CURVE('',#2258,#2455,#800,.T.);
#3083=EDGE_CURVE('',#2259,#2454,#801,.T.);
#3084=EDGE_CURVE('',#2260,#2453,#802,.T.);
#3085=EDGE_CURVE('',#2457,#2458,#151,.T.);
#3086=EDGE_CURVE('',#2458,#2459,#152,.T.);
#3087=EDGE_CURVE('',#2459,#2460,#153,.T.);
#3088=EDGE_CURVE('',#2460,#2461,#154,.T.);
#3089=EDGE_CURVE('',#2461,#2462,#155,.T.);
#3090=EDGE_CURVE('',#2462,#2463,#803,.T.);
#3091=EDGE_CURVE('',#2463,#2464,#804,.T.);
#3092=EDGE_CURVE('',#2464,#2465,#805,.T.);
#3093=EDGE_CURVE('',#2465,#2466,#806,.T.);
#3094=EDGE_CURVE('',#2466,#2467,#807,.T.);
#3095=EDGE_CURVE('',#2467,#2468,#156,.T.);
#3096=EDGE_CURVE('',#2468,#2469,#157,.T.);
#3097=EDGE_CURVE('',#2469,#2470,#158,.T.);
#3098=EDGE_CURVE('',#2470,#2471,#159,.T.);
#3099=EDGE_CURVE('',#2471,#2472,#160,.T.);
#3100=EDGE_CURVE('',#2472,#2473,#161,.T.);
#3101=EDGE_CURVE('',#2473,#2474,#162,.T.);
#3102=EDGE_CURVE('',#2474,#2475,#808,.T.);
#3103=EDGE_CURVE('',#2475,#2476,#809,.T.);
#3104=EDGE_CURVE('',#2476,#2457,#163,.T.);
#3105=EDGE_CURVE('',#2262,#2466,#810,.T.);
#3106=EDGE_CURVE('',#2261,#2467,#811,.T.);
#3107=EDGE_CURVE('',#2263,#2465,#812,.T.);
#3108=EDGE_CURVE('',#2264,#2464,#813,.T.);
#3109=EDGE_CURVE('',#2265,#2463,#814,.T.);
#3110=EDGE_CURVE('',#2266,#2462,#815,.T.);
#3111=EDGE_CURVE('',#2267,#2461,#816,.T.);
#3112=EDGE_CURVE('',#2268,#2460,#817,.T.);
#3113=EDGE_CURVE('',#2269,#2459,#818,.T.);
#3114=EDGE_CURVE('',#2270,#2458,#819,.T.);
#3115=EDGE_CURVE('',#2271,#2457,#820,.T.);
#3116=EDGE_CURVE('',#2272,#2476,#821,.T.);
#3117=EDGE_CURVE('',#2273,#2475,#822,.T.);
#3118=EDGE_CURVE('',#2274,#2474,#823,.T.);
#3119=EDGE_CURVE('',#2275,#2473,#824,.T.);
#3120=EDGE_CURVE('',#2276,#2472,#825,.T.);
#3121=EDGE_CURVE('',#2277,#2471,#826,.T.);
#3122=EDGE_CURVE('',#2278,#2470,#827,.T.);
#3123=EDGE_CURVE('',#2279,#2469,#828,.T.);
#3124=EDGE_CURVE('',#2280,#2468,#829,.T.);
#3125=EDGE_CURVE('',#2477,#2478,#164,.T.);
#3126=EDGE_CURVE('',#2478,#2479,#165,.T.);
#3127=EDGE_CURVE('',#2479,#2480,#166,.T.);
#3128=EDGE_CURVE('',#2480,#2481,#167,.T.);
#3129=EDGE_CURVE('',#2481,#2482,#168,.T.);
#3130=EDGE_CURVE('',#2482,#2483,#169,.T.);
#3131=EDGE_CURVE('',#2483,#2484,#170,.T.);
#3132=EDGE_CURVE('',#2484,#2485,#830,.T.);
#3133=EDGE_CURVE('',#2485,#2486,#831,.T.);
#3134=EDGE_CURVE('',#2486,#2487,#171,.T.);
#3135=EDGE_CURVE('',#2487,#2488,#172,.T.);
#3136=EDGE_CURVE('',#2488,#2489,#173,.T.);
#3137=EDGE_CURVE('',#2489,#2490,#174,.T.);
#3138=EDGE_CURVE('',#2490,#2477,#175,.T.);
#3139=EDGE_CURVE('',#2491,#2492,#176,.T.);
#3140=EDGE_CURVE('',#2492,#2493,#177,.T.);
#3141=EDGE_CURVE('',#2493,#2494,#178,.T.);
#3142=EDGE_CURVE('',#2494,#2495,#179,.T.);
#3143=EDGE_CURVE('',#2495,#2496,#180,.T.);
#3144=EDGE_CURVE('',#2496,#2497,#181,.T.);
#3145=EDGE_CURVE('',#2497,#2491,#182,.T.);
#3146=EDGE_CURVE('',#2498,#2494,#832,.T.);
#3147=EDGE_CURVE('',#2499,#2498,#183,.T.);
#3148=EDGE_CURVE('',#2499,#2495,#833,.T.);
#3149=EDGE_CURVE('',#2500,#2493,#834,.T.);
#3150=EDGE_CURVE('',#2498,#2500,#184,.T.);
#3151=EDGE_CURVE('',#2501,#2492,#835,.T.);
#3152=EDGE_CURVE('',#2500,#2501,#185,.T.);
#3153=EDGE_CURVE('',#2502,#2491,#836,.T.);
#3154=EDGE_CURVE('',#2501,#2502,#186,.T.);
#3155=EDGE_CURVE('',#2282,#2483,#837,.T.);
#3156=EDGE_CURVE('',#2281,#2484,#838,.T.);
#3157=EDGE_CURVE('',#2283,#2482,#839,.T.);
#3158=EDGE_CURVE('',#2284,#2481,#840,.T.);
#3159=EDGE_CURVE('',#2285,#2480,#841,.T.);
#3160=EDGE_CURVE('',#2286,#2479,#842,.T.);
#3161=EDGE_CURVE('',#2287,#2478,#843,.T.);
#3162=EDGE_CURVE('',#2288,#2477,#844,.T.);
#3163=EDGE_CURVE('',#2503,#2499,#187,.T.);
#3164=EDGE_CURVE('',#2503,#2496,#845,.T.);
#3165=EDGE_CURVE('',#2504,#2503,#188,.T.);
#3166=EDGE_CURVE('',#2504,#2497,#846,.T.);
#3167=EDGE_CURVE('',#2502,#2504,#189,.T.);
#3168=EDGE_CURVE('',#2289,#2490,#847,.T.);
#3169=EDGE_CURVE('',#2290,#2489,#848,.T.);
#3170=EDGE_CURVE('',#2291,#2488,#849,.T.);
#3171=EDGE_CURVE('',#2292,#2487,#850,.T.);
#3172=EDGE_CURVE('',#2293,#2486,#851,.T.);
#3173=EDGE_CURVE('',#2294,#2485,#852,.T.);
#3174=EDGE_CURVE('',#2505,#2506,#190,.T.);
#3175=EDGE_CURVE('',#2506,#2507,#191,.T.);
#3176=EDGE_CURVE('',#2507,#2508,#192,.T.);
#3177=EDGE_CURVE('',#2508,#2505,#193,.T.);
#3178=EDGE_CURVE('',#2509,#2510,#194,.T.);
#3179=EDGE_CURVE('',#2510,#2511,#195,.T.);
#3180=EDGE_CURVE('',#2511,#2512,#196,.T.);
#3181=EDGE_CURVE('',#2512,#2513,#197,.T.);
#3182=EDGE_CURVE('',#2513,#2514,#198,.T.);
#3183=EDGE_CURVE('',#2514,#2515,#199,.T.);
#3184=EDGE_CURVE('',#2515,#2516,#200,.T.);
#3185=EDGE_CURVE('',#2516,#2509,#201,.T.);
#3186=EDGE_CURVE('',#2517,#2512,#853,.T.);
#3187=EDGE_CURVE('',#2518,#2517,#202,.T.);
#3188=EDGE_CURVE('',#2518,#2513,#854,.T.);
#3189=EDGE_CURVE('',#2519,#2511,#855,.T.);
#3190=EDGE_CURVE('',#2517,#2519,#203,.T.);
#3191=EDGE_CURVE('',#2520,#2510,#856,.T.);
#3192=EDGE_CURVE('',#2519,#2520,#204,.T.);
#3193=EDGE_CURVE('',#2521,#2509,#857,.T.);
#3194=EDGE_CURVE('',#2520,#2521,#205,.T.);
#3195=EDGE_CURVE('',#2296,#2506,#858,.T.);
#3196=EDGE_CURVE('',#2295,#2507,#859,.T.);
#3197=EDGE_CURVE('',#2297,#2505,#860,.T.);
#3198=EDGE_CURVE('',#2522,#2518,#206,.T.);
#3199=EDGE_CURVE('',#2522,#2514,#861,.T.);
#3200=EDGE_CURVE('',#2523,#2522,#207,.T.);
#3201=EDGE_CURVE('',#2523,#2515,#862,.T.);
#3202=EDGE_CURVE('',#2524,#2523,#208,.T.);
#3203=EDGE_CURVE('',#2524,#2516,#863,.T.);
#3204=EDGE_CURVE('',#2521,#2524,#209,.T.);
#3205=EDGE_CURVE('',#2298,#2508,#864,.T.);
#3206=EDGE_CURVE('',#2525,#2526,#865,.T.);
#3207=EDGE_CURVE('',#2526,#2527,#866,.T.);
#3208=EDGE_CURVE('',#2527,#2528,#867,.T.);
#3209=EDGE_CURVE('',#2528,#2529,#868,.T.);
#3210=EDGE_CURVE('',#2529,#2530,#869,.T.);
#3211=EDGE_CURVE('',#2530,#2525,#870,.T.);
#3212=EDGE_CURVE('',#2300,#2527,#871,.T.);
#3213=EDGE_CURVE('',#2299,#2528,#872,.T.);
#3214=EDGE_CURVE('',#2301,#2526,#873,.T.);
#3215=EDGE_CURVE('',#2302,#2525,#874,.T.);
#3216=EDGE_CURVE('',#2303,#2530,#875,.T.);
#3217=EDGE_CURVE('',#2304,#2529,#876,.T.);
#3218=EDGE_CURVE('',#2531,#2531,#2085,.T.);
#3219=EDGE_CURVE('',#2532,#2532,#2086,.T.);
#3220=EDGE_CURVE('',#2531,#2533,#877,.T.);
#3221=EDGE_CURVE('',#2533,#2533,#2087,.T.);
#3222=EDGE_CURVE('',#2534,#2534,#2088,.T.);
#3223=EDGE_CURVE('',#2534,#2532,#878,.T.);
#3224=EDGE_CURVE('',#2535,#2535,#2089,.T.);
#3225=EDGE_CURVE('',#2536,#2536,#2090,.T.);
#3226=EDGE_CURVE('',#2535,#2537,#879,.T.);
#3227=EDGE_CURVE('',#2537,#2537,#2091,.T.);
#3228=EDGE_CURVE('',#2538,#2538,#2092,.T.);
#3229=EDGE_CURVE('',#2538,#2536,#880,.T.);
#3230=EDGE_CURVE('',#2539,#2539,#2093,.T.);
#3231=EDGE_CURVE('',#2540,#2540,#2094,.T.);
#3232=EDGE_CURVE('',#2539,#2541,#881,.T.);
#3233=EDGE_CURVE('',#2541,#2541,#2095,.T.);
#3234=EDGE_CURVE('',#2542,#2542,#2096,.T.);
#3235=EDGE_CURVE('',#2542,#2540,#882,.T.);
#3236=EDGE_CURVE('',#2543,#2543,#2097,.T.);
#3237=EDGE_CURVE('',#2544,#2544,#2098,.T.);
#3238=EDGE_CURVE('',#2543,#2545,#883,.T.);
#3239=EDGE_CURVE('',#2545,#2545,#2099,.T.);
#3240=EDGE_CURVE('',#2546,#2546,#2100,.T.);
#3241=EDGE_CURVE('',#2546,#2544,#884,.T.);
#3242=EDGE_CURVE('',#2547,#2548,#1402,.T.);
#3243=EDGE_CURVE('',#2549,#2547,#885,.T.);
#3244=EDGE_CURVE('',#2550,#2549,#1403,.T.);
#3245=EDGE_CURVE('',#2551,#2550,#886,.T.);
#3246=EDGE_CURVE('',#2552,#2551,#1404,.T.);
#3247=EDGE_CURVE('',#2553,#2552,#887,.T.);
#3248=EDGE_CURVE('',#2554,#2553,#1405,.T.);
#3249=EDGE_CURVE('',#2548,#2554,#888,.T.);
#3250=EDGE_CURVE('',#2163,#2555,#889,.T.);
#3251=EDGE_CURVE('',#2556,#2555,#1406,.T.);
#3252=EDGE_CURVE('',#2556,#2154,#890,.T.);
#3253=EDGE_CURVE('',#2153,#2148,#891,.T.);
#3254=EDGE_CURVE('',#2147,#2557,#892,.T.);
#3255=EDGE_CURVE('',#2558,#2557,#1407,.T.);
#3256=EDGE_CURVE('',#2558,#2138,#893,.T.);
#3257=EDGE_CURVE('',#2137,#2134,#894,.T.);
#3258=EDGE_CURVE('',#2139,#2558,#895,.T.);
#3259=EDGE_CURVE('',#2557,#2143,#896,.T.);
#3260=EDGE_CURVE('',#2155,#2556,#897,.T.);
#3261=EDGE_CURVE('',#2555,#2159,#898,.T.);
#3262=EDGE_CURVE('',#2559,#2560,#899,.T.);
#3263=EDGE_CURVE('',#2560,#2561,#2101,.T.);
#3264=EDGE_CURVE('',#2561,#2562,#900,.T.);
#3265=EDGE_CURVE('',#2562,#2559,#2102,.T.);
#3266=EDGE_CURVE('',#2553,#2559,#901,.T.);
#3267=EDGE_CURVE('',#2560,#2552,#902,.T.);
#3268=EDGE_CURVE('',#2563,#2564,#903,.T.);
#3269=EDGE_CURVE('',#2564,#2565,#2103,.T.);
#3270=EDGE_CURVE('',#2565,#2566,#904,.T.);
#3271=EDGE_CURVE('',#2566,#2563,#2104,.T.);
#3272=EDGE_CURVE('',#2551,#2563,#905,.T.);
#3273=EDGE_CURVE('',#2564,#2550,#906,.T.);
#3274=EDGE_CURVE('',#2566,#2561,#1408,.T.);
#3275=EDGE_CURVE('',#2567,#2565,#1409,.T.);
#3276=EDGE_CURVE('',#2568,#2567,#907,.T.);
#3277=EDGE_CURVE('',#2569,#2568,#1410,.T.);
#3278=EDGE_CURVE('',#2570,#2569,#908,.T.);
#3279=EDGE_CURVE('',#2562,#2570,#1411,.T.);
#3280=EDGE_CURVE('',#2571,#2572,#909,.T.);
#3281=EDGE_CURVE('',#2572,#2568,#2105,.T.);
#3282=EDGE_CURVE('',#2567,#2571,#2106,.T.);
#3283=EDGE_CURVE('',#2549,#2571,#910,.T.);
#3284=EDGE_CURVE('',#2572,#2547,#911,.T.);
#3285=EDGE_CURVE('',#2573,#2572,#1412,.F.);
#3286=EDGE_CURVE('',#2569,#2573,#2107,.T.);
#3287=EDGE_CURVE('',#2548,#2573,#912,.T.);
#3288=EDGE_CURVE('',#2574,#2570,#2108,.T.);
#3289=EDGE_CURVE('',#2559,#2574,#1413,.F.);
#3290=EDGE_CURVE('',#2574,#2554,#913,.T.);
#3291=EDGE_CURVE('',#2571,#2564,#1414,.F.);
#3292=EDGE_CURVE('',#2563,#2560,#1415,.F.);
#3293=EDGE_CURVE('',#2573,#2574,#914,.T.);
#3294=ORIENTED_EDGE('',*,*,#2575,.F.);
#3295=ORIENTED_EDGE('',*,*,#2576,.F.);
#3296=ORIENTED_EDGE('',*,*,#2577,.T.);
#3297=ORIENTED_EDGE('',*,*,#2578,.T.);
#3298=ORIENTED_EDGE('',*,*,#2579,.F.);
#3299=ORIENTED_EDGE('',*,*,#2580,.T.);
#3300=ORIENTED_EDGE('',*,*,#2581,.T.);
#3301=ORIENTED_EDGE('',*,*,#2582,.F.);
#3302=ORIENTED_EDGE('',*,*,#2583,.T.);
#3303=ORIENTED_EDGE('',*,*,#2584,.T.);
#3304=ORIENTED_EDGE('',*,*,#2585,.F.);
#3305=ORIENTED_EDGE('',*,*,#2586,.T.);
#3306=ORIENTED_EDGE('',*,*,#2587,.T.);
#3307=ORIENTED_EDGE('',*,*,#2588,.F.);
#3308=ORIENTED_EDGE('',*,*,#2589,.T.);
#3309=ORIENTED_EDGE('',*,*,#2590,.T.);
#3310=ORIENTED_EDGE('',*,*,#2591,.F.);
#3311=ORIENTED_EDGE('',*,*,#2592,.T.);
#3312=ORIENTED_EDGE('',*,*,#2593,.T.);
#3313=ORIENTED_EDGE('',*,*,#2594,.F.);
#3314=ORIENTED_EDGE('',*,*,#2595,.T.);
#3315=ORIENTED_EDGE('',*,*,#2596,.T.);
#3316=ORIENTED_EDGE('',*,*,#2597,.F.);
#3317=ORIENTED_EDGE('',*,*,#2598,.T.);
#3318=ORIENTED_EDGE('',*,*,#2599,.T.);
#3319=ORIENTED_EDGE('',*,*,#2600,.T.);
#3320=ORIENTED_EDGE('',*,*,#2597,.T.);
#3321=ORIENTED_EDGE('',*,*,#2601,.T.);
#3322=ORIENTED_EDGE('',*,*,#2598,.F.);
#3323=ORIENTED_EDGE('',*,*,#2602,.T.);
#3324=ORIENTED_EDGE('',*,*,#2594,.T.);
#3325=ORIENTED_EDGE('',*,*,#2603,.T.);
#3326=ORIENTED_EDGE('',*,*,#2604,.T.);
#3327=ORIENTED_EDGE('',*,*,#2605,.T.);
#3328=ORIENTED_EDGE('',*,*,#2596,.F.);
#3329=ORIENTED_EDGE('',*,*,#2606,.T.);
#3330=ORIENTED_EDGE('',*,*,#2607,.T.);
#3331=ORIENTED_EDGE('',*,*,#2608,.T.);
#3332=ORIENTED_EDGE('',*,*,#2595,.F.);
#3333=ORIENTED_EDGE('',*,*,#2609,.T.);
#3334=ORIENTED_EDGE('',*,*,#2610,.T.);
#3335=ORIENTED_EDGE('',*,*,#2611,.T.);
#3336=ORIENTED_EDGE('',*,*,#2593,.F.);
#3337=ORIENTED_EDGE('',*,*,#2612,.T.);
#3338=ORIENTED_EDGE('',*,*,#2613,.T.);
#3339=ORIENTED_EDGE('',*,*,#2614,.T.);
#3340=ORIENTED_EDGE('',*,*,#2604,.F.);
#3341=ORIENTED_EDGE('',*,*,#2615,.T.);
#3342=ORIENTED_EDGE('',*,*,#2616,.T.);
#3343=ORIENTED_EDGE('',*,*,#2617,.T.);
#3344=ORIENTED_EDGE('',*,*,#2610,.F.);
#3345=ORIENTED_EDGE('',*,*,#2618,.T.);
#3346=ORIENTED_EDGE('',*,*,#2613,.F.);
#3347=ORIENTED_EDGE('',*,*,#2619,.T.);
#3348=ORIENTED_EDGE('',*,*,#2591,.T.);
#3349=ORIENTED_EDGE('',*,*,#2620,.T.);
#3350=ORIENTED_EDGE('',*,*,#2588,.T.);
#3351=ORIENTED_EDGE('',*,*,#2621,.T.);
#3352=ORIENTED_EDGE('',*,*,#2616,.F.);
#3353=ORIENTED_EDGE('',*,*,#2622,.T.);
#3354=ORIENTED_EDGE('',*,*,#2585,.T.);
#3355=ORIENTED_EDGE('',*,*,#2623,.T.);
#3356=ORIENTED_EDGE('',*,*,#2592,.F.);
#3357=ORIENTED_EDGE('',*,*,#2624,.T.);
#3358=ORIENTED_EDGE('',*,*,#2625,.T.);
#3359=ORIENTED_EDGE('',*,*,#2626,.T.);
#3360=ORIENTED_EDGE('',*,*,#2590,.F.);
#3361=ORIENTED_EDGE('',*,*,#2627,.T.);
#3362=ORIENTED_EDGE('',*,*,#2628,.T.);
#3363=ORIENTED_EDGE('',*,*,#2629,.T.);
#3364=ORIENTED_EDGE('',*,*,#2589,.F.);
#3365=ORIENTED_EDGE('',*,*,#2630,.T.);
#3366=ORIENTED_EDGE('',*,*,#2587,.F.);
#3367=ORIENTED_EDGE('',*,*,#2631,.T.);
#3368=ORIENTED_EDGE('',*,*,#2582,.T.);
#3369=ORIENTED_EDGE('',*,*,#2632,.T.);
#3370=ORIENTED_EDGE('',*,*,#2633,.T.);
#3371=ORIENTED_EDGE('',*,*,#2634,.T.);
#3372=ORIENTED_EDGE('',*,*,#2586,.F.);
#3373=ORIENTED_EDGE('',*,*,#2635,.T.);
#3374=ORIENTED_EDGE('',*,*,#2636,.T.);
#3375=ORIENTED_EDGE('',*,*,#2637,.T.);
#3376=ORIENTED_EDGE('',*,*,#2584,.F.);
#3377=ORIENTED_EDGE('',*,*,#2638,.T.);
#3378=ORIENTED_EDGE('',*,*,#2639,.T.);
#3379=ORIENTED_EDGE('',*,*,#2640,.T.);
#3380=ORIENTED_EDGE('',*,*,#2583,.F.);
#3381=ORIENTED_EDGE('',*,*,#2641,.T.);
#3382=ORIENTED_EDGE('',*,*,#2642,.T.);
#3383=ORIENTED_EDGE('',*,*,#2643,.T.);
#3384=ORIENTED_EDGE('',*,*,#2581,.F.);
#3385=ORIENTED_EDGE('',*,*,#2644,.T.);
#3386=ORIENTED_EDGE('',*,*,#2645,.T.);
#3387=ORIENTED_EDGE('',*,*,#2646,.T.);
#3388=ORIENTED_EDGE('',*,*,#2633,.F.);
#3389=ORIENTED_EDGE('',*,*,#2647,.T.);
#3390=ORIENTED_EDGE('',*,*,#2648,.T.);
#3391=ORIENTED_EDGE('',*,*,#2649,.T.);
#3392=ORIENTED_EDGE('',*,*,#2642,.F.);
#3393=ORIENTED_EDGE('',*,*,#2650,.T.);
#3394=ORIENTED_EDGE('',*,*,#2645,.F.);
#3395=ORIENTED_EDGE('',*,*,#2651,.T.);
#3396=ORIENTED_EDGE('',*,*,#2579,.T.);
#3397=ORIENTED_EDGE('',*,*,#2652,.T.);
#3398=ORIENTED_EDGE('',*,*,#2576,.T.);
#3399=ORIENTED_EDGE('',*,*,#2653,.T.);
#3400=ORIENTED_EDGE('',*,*,#2648,.F.);
#3401=ORIENTED_EDGE('',*,*,#2654,.T.);
#3402=ORIENTED_EDGE('',*,*,#2575,.T.);
#3403=ORIENTED_EDGE('',*,*,#2655,.T.);
#3404=ORIENTED_EDGE('',*,*,#2580,.F.);
#3405=ORIENTED_EDGE('',*,*,#2656,.T.);
#3406=ORIENTED_EDGE('',*,*,#2657,.T.);
#3407=ORIENTED_EDGE('',*,*,#2658,.T.);
#3408=ORIENTED_EDGE('',*,*,#2578,.F.);
#3409=ORIENTED_EDGE('',*,*,#2659,.T.);
#3410=ORIENTED_EDGE('',*,*,#2660,.T.);
#3411=ORIENTED_EDGE('',*,*,#2661,.T.);
#3412=ORIENTED_EDGE('',*,*,#2577,.F.);
#3413=ORIENTED_EDGE('',*,*,#2662,.T.);
#3414=ORIENTED_EDGE('',*,*,#2601,.F.);
#3415=ORIENTED_EDGE('',*,*,#2605,.F.);
#3416=ORIENTED_EDGE('',*,*,#2663,.F.);
#3417=ORIENTED_EDGE('',*,*,#2664,.F.);
#3418=ORIENTED_EDGE('',*,*,#2614,.F.);
#3419=ORIENTED_EDGE('',*,*,#2665,.T.);
#3420=ORIENTED_EDGE('',*,*,#2666,.T.);
#3421=ORIENTED_EDGE('',*,*,#2663,.T.);
#3422=ORIENTED_EDGE('',*,*,#2620,.F.);
#3423=ORIENTED_EDGE('',*,*,#2626,.F.);
#3424=ORIENTED_EDGE('',*,*,#2667,.F.);
#3425=ORIENTED_EDGE('',*,*,#2665,.F.);
#3426=ORIENTED_EDGE('',*,*,#2627,.F.);
#3427=ORIENTED_EDGE('',*,*,#2623,.F.);
#3428=ORIENTED_EDGE('',*,*,#2637,.F.);
#3429=ORIENTED_EDGE('',*,*,#2668,.F.);
#3430=ORIENTED_EDGE('',*,*,#2638,.F.);
#3431=ORIENTED_EDGE('',*,*,#2634,.F.);
#3432=ORIENTED_EDGE('',*,*,#2669,.F.);
#3433=ORIENTED_EDGE('',*,*,#2670,.F.);
#3434=ORIENTED_EDGE('',*,*,#2646,.F.);
#3435=ORIENTED_EDGE('',*,*,#2671,.T.);
#3436=ORIENTED_EDGE('',*,*,#2672,.T.);
#3437=ORIENTED_EDGE('',*,*,#2669,.T.);
#3438=ORIENTED_EDGE('',*,*,#2652,.F.);
#3439=ORIENTED_EDGE('',*,*,#2658,.F.);
#3440=ORIENTED_EDGE('',*,*,#2673,.F.);
#3441=ORIENTED_EDGE('',*,*,#2671,.F.);
#3442=ORIENTED_EDGE('',*,*,#2659,.F.);
#3443=ORIENTED_EDGE('',*,*,#2655,.F.);
#3444=ORIENTED_EDGE('',*,*,#2661,.F.);
#3445=ORIENTED_EDGE('',*,*,#2674,.F.);
#3446=ORIENTED_EDGE('',*,*,#2603,.F.);
#3447=ORIENTED_EDGE('',*,*,#2611,.F.);
#3448=ORIENTED_EDGE('',*,*,#2617,.F.);
#3449=ORIENTED_EDGE('',*,*,#2621,.F.);
#3450=ORIENTED_EDGE('',*,*,#2632,.F.);
#3451=ORIENTED_EDGE('',*,*,#2643,.F.);
#3452=ORIENTED_EDGE('',*,*,#2649,.F.);
#3453=ORIENTED_EDGE('',*,*,#2653,.F.);
#3454=ORIENTED_EDGE('',*,*,#2656,.F.);
#3455=ORIENTED_EDGE('',*,*,#2651,.F.);
#3456=ORIENTED_EDGE('',*,*,#2647,.F.);
#3457=ORIENTED_EDGE('',*,*,#2635,.F.);
#3458=ORIENTED_EDGE('',*,*,#2624,.F.);
#3459=ORIENTED_EDGE('',*,*,#2619,.F.);
#3460=ORIENTED_EDGE('',*,*,#2615,.F.);
#3461=ORIENTED_EDGE('',*,*,#2606,.F.);
#3462=ORIENTED_EDGE('',*,*,#2675,.T.);
#3463=ORIENTED_EDGE('',*,*,#2676,.T.);
#3464=ORIENTED_EDGE('',*,*,#2677,.T.);
#3465=ORIENTED_EDGE('',*,*,#2678,.T.);
#3466=ORIENTED_EDGE('',*,*,#2679,.T.);
#3467=ORIENTED_EDGE('',*,*,#2680,.T.);
#3468=ORIENTED_EDGE('',*,*,#2681,.T.);
#3469=ORIENTED_EDGE('',*,*,#2682,.T.);
#3470=ORIENTED_EDGE('',*,*,#2683,.T.);
#3471=ORIENTED_EDGE('',*,*,#2684,.T.);
#3472=ORIENTED_EDGE('',*,*,#2685,.T.);
#3473=ORIENTED_EDGE('',*,*,#2686,.T.);
#3474=ORIENTED_EDGE('',*,*,#2687,.T.);
#3475=ORIENTED_EDGE('',*,*,#2688,.T.);
#3476=ORIENTED_EDGE('',*,*,#2689,.T.);
#3477=ORIENTED_EDGE('',*,*,#2690,.T.);
#3478=ORIENTED_EDGE('',*,*,#2691,.T.);
#3479=ORIENTED_EDGE('',*,*,#2692,.T.);
#3480=ORIENTED_EDGE('',*,*,#2693,.T.);
#3481=ORIENTED_EDGE('',*,*,#2694,.T.);
#3482=ORIENTED_EDGE('',*,*,#2695,.T.);
#3483=ORIENTED_EDGE('',*,*,#2696,.T.);
#3484=ORIENTED_EDGE('',*,*,#2697,.T.);
#3485=ORIENTED_EDGE('',*,*,#2698,.T.);
#3486=ORIENTED_EDGE('',*,*,#2699,.T.);
#3487=ORIENTED_EDGE('',*,*,#2700,.T.);
#3488=ORIENTED_EDGE('',*,*,#2701,.T.);
#3489=ORIENTED_EDGE('',*,*,#2702,.T.);
#3490=ORIENTED_EDGE('',*,*,#2703,.T.);
#3491=ORIENTED_EDGE('',*,*,#2704,.T.);
#3492=ORIENTED_EDGE('',*,*,#2705,.T.);
#3493=ORIENTED_EDGE('',*,*,#2706,.T.);
#3494=ORIENTED_EDGE('',*,*,#2707,.T.);
#3495=ORIENTED_EDGE('',*,*,#2708,.T.);
#3496=ORIENTED_EDGE('',*,*,#2709,.T.);
#3497=ORIENTED_EDGE('',*,*,#2710,.T.);
#3498=ORIENTED_EDGE('',*,*,#2711,.T.);
#3499=ORIENTED_EDGE('',*,*,#2712,.T.);
#3500=ORIENTED_EDGE('',*,*,#2713,.T.);
#3501=ORIENTED_EDGE('',*,*,#2714,.T.);
#3502=ORIENTED_EDGE('',*,*,#2715,.T.);
#3503=ORIENTED_EDGE('',*,*,#2716,.T.);
#3504=ORIENTED_EDGE('',*,*,#2717,.T.);
#3505=ORIENTED_EDGE('',*,*,#2718,.T.);
#3506=ORIENTED_EDGE('',*,*,#2719,.T.);
#3507=ORIENTED_EDGE('',*,*,#2720,.T.);
#3508=ORIENTED_EDGE('',*,*,#2721,.T.);
#3509=ORIENTED_EDGE('',*,*,#2722,.T.);
#3510=ORIENTED_EDGE('',*,*,#2723,.T.);
#3511=ORIENTED_EDGE('',*,*,#2724,.T.);
#3512=ORIENTED_EDGE('',*,*,#2725,.T.);
#3513=ORIENTED_EDGE('',*,*,#2726,.T.);
#3514=ORIENTED_EDGE('',*,*,#2727,.T.);
#3515=ORIENTED_EDGE('',*,*,#2728,.T.);
#3516=ORIENTED_EDGE('',*,*,#2729,.T.);
#3517=ORIENTED_EDGE('',*,*,#2730,.T.);
#3518=ORIENTED_EDGE('',*,*,#2731,.T.);
#3519=ORIENTED_EDGE('',*,*,#2732,.T.);
#3520=ORIENTED_EDGE('',*,*,#2733,.T.);
#3521=ORIENTED_EDGE('',*,*,#2734,.T.);
#3522=ORIENTED_EDGE('',*,*,#2735,.T.);
#3523=ORIENTED_EDGE('',*,*,#2736,.T.);
#3524=ORIENTED_EDGE('',*,*,#2737,.T.);
#3525=ORIENTED_EDGE('',*,*,#2738,.T.);
#3526=ORIENTED_EDGE('',*,*,#2739,.T.);
#3527=ORIENTED_EDGE('',*,*,#2740,.T.);
#3528=ORIENTED_EDGE('',*,*,#2741,.T.);
#3529=ORIENTED_EDGE('',*,*,#2742,.T.);
#3530=ORIENTED_EDGE('',*,*,#2743,.T.);
#3531=ORIENTED_EDGE('',*,*,#2744,.T.);
#3532=ORIENTED_EDGE('',*,*,#2745,.T.);
#3533=ORIENTED_EDGE('',*,*,#2746,.T.);
#3534=ORIENTED_EDGE('',*,*,#2747,.T.);
#3535=ORIENTED_EDGE('',*,*,#2748,.T.);
#3536=ORIENTED_EDGE('',*,*,#2749,.T.);
#3537=ORIENTED_EDGE('',*,*,#2750,.T.);
#3538=ORIENTED_EDGE('',*,*,#2751,.T.);
#3539=ORIENTED_EDGE('',*,*,#2752,.T.);
#3540=ORIENTED_EDGE('',*,*,#2753,.T.);
#3541=ORIENTED_EDGE('',*,*,#2754,.T.);
#3542=ORIENTED_EDGE('',*,*,#2755,.T.);
#3543=ORIENTED_EDGE('',*,*,#2756,.T.);
#3544=ORIENTED_EDGE('',*,*,#2757,.T.);
#3545=ORIENTED_EDGE('',*,*,#2758,.T.);
#3546=ORIENTED_EDGE('',*,*,#2759,.T.);
#3547=ORIENTED_EDGE('',*,*,#2760,.T.);
#3548=ORIENTED_EDGE('',*,*,#2761,.T.);
#3549=ORIENTED_EDGE('',*,*,#2762,.T.);
#3550=ORIENTED_EDGE('',*,*,#2763,.T.);
#3551=ORIENTED_EDGE('',*,*,#2764,.T.);
#3552=ORIENTED_EDGE('',*,*,#2765,.T.);
#3553=ORIENTED_EDGE('',*,*,#2766,.T.);
#3554=ORIENTED_EDGE('',*,*,#2767,.T.);
#3555=ORIENTED_EDGE('',*,*,#2768,.T.);
#3556=ORIENTED_EDGE('',*,*,#2769,.T.);
#3557=ORIENTED_EDGE('',*,*,#2770,.T.);
#3558=ORIENTED_EDGE('',*,*,#2771,.T.);
#3559=ORIENTED_EDGE('',*,*,#2772,.T.);
#3560=ORIENTED_EDGE('',*,*,#2773,.T.);
#3561=ORIENTED_EDGE('',*,*,#2774,.T.);
#3562=ORIENTED_EDGE('',*,*,#2775,.T.);
#3563=ORIENTED_EDGE('',*,*,#2776,.T.);
#3564=ORIENTED_EDGE('',*,*,#2777,.T.);
#3565=ORIENTED_EDGE('',*,*,#2778,.T.);
#3566=ORIENTED_EDGE('',*,*,#2779,.T.);
#3567=ORIENTED_EDGE('',*,*,#2780,.T.);
#3568=ORIENTED_EDGE('',*,*,#2781,.T.);
#3569=ORIENTED_EDGE('',*,*,#2782,.T.);
#3570=ORIENTED_EDGE('',*,*,#2783,.T.);
#3571=ORIENTED_EDGE('',*,*,#2784,.T.);
#3572=ORIENTED_EDGE('',*,*,#2785,.T.);
#3573=ORIENTED_EDGE('',*,*,#2786,.T.);
#3574=ORIENTED_EDGE('',*,*,#2787,.T.);
#3575=ORIENTED_EDGE('',*,*,#2788,.T.);
#3576=ORIENTED_EDGE('',*,*,#2789,.T.);
#3577=ORIENTED_EDGE('',*,*,#2790,.T.);
#3578=ORIENTED_EDGE('',*,*,#2791,.T.);
#3579=ORIENTED_EDGE('',*,*,#2792,.T.);
#3580=ORIENTED_EDGE('',*,*,#2793,.T.);
#3581=ORIENTED_EDGE('',*,*,#2794,.T.);
#3582=ORIENTED_EDGE('',*,*,#2795,.T.);
#3583=ORIENTED_EDGE('',*,*,#2796,.T.);
#3584=ORIENTED_EDGE('',*,*,#2797,.T.);
#3585=ORIENTED_EDGE('',*,*,#2798,.T.);
#3586=ORIENTED_EDGE('',*,*,#2799,.T.);
#3587=ORIENTED_EDGE('',*,*,#2800,.T.);
#3588=ORIENTED_EDGE('',*,*,#2801,.T.);
#3589=ORIENTED_EDGE('',*,*,#2802,.T.);
#3590=ORIENTED_EDGE('',*,*,#2803,.T.);
#3591=ORIENTED_EDGE('',*,*,#2804,.T.);
#3592=ORIENTED_EDGE('',*,*,#2805,.T.);
#3593=ORIENTED_EDGE('',*,*,#2806,.T.);
#3594=ORIENTED_EDGE('',*,*,#2807,.T.);
#3595=ORIENTED_EDGE('',*,*,#2808,.T.);
#3596=ORIENTED_EDGE('',*,*,#2809,.T.);
#3597=ORIENTED_EDGE('',*,*,#2810,.T.);
#3598=ORIENTED_EDGE('',*,*,#2811,.T.);
#3599=ORIENTED_EDGE('',*,*,#2812,.T.);
#3600=ORIENTED_EDGE('',*,*,#2813,.T.);
#3601=ORIENTED_EDGE('',*,*,#2814,.T.);
#3602=ORIENTED_EDGE('',*,*,#2815,.T.);
#3603=ORIENTED_EDGE('',*,*,#2816,.T.);
#3604=ORIENTED_EDGE('',*,*,#2817,.T.);
#3605=ORIENTED_EDGE('',*,*,#2818,.T.);
#3606=ORIENTED_EDGE('',*,*,#2819,.T.);
#3607=ORIENTED_EDGE('',*,*,#2820,.T.);
#3608=ORIENTED_EDGE('',*,*,#2821,.T.);
#3609=ORIENTED_EDGE('',*,*,#2822,.T.);
#3610=ORIENTED_EDGE('',*,*,#2823,.T.);
#3611=ORIENTED_EDGE('',*,*,#2824,.T.);
#3612=ORIENTED_EDGE('',*,*,#2825,.T.);
#3613=ORIENTED_EDGE('',*,*,#2826,.T.);
#3614=ORIENTED_EDGE('',*,*,#2827,.T.);
#3615=ORIENTED_EDGE('',*,*,#2828,.T.);
#3616=ORIENTED_EDGE('',*,*,#2829,.T.);
#3617=ORIENTED_EDGE('',*,*,#2830,.T.);
#3618=ORIENTED_EDGE('',*,*,#2831,.T.);
#3619=ORIENTED_EDGE('',*,*,#2832,.T.);
#3620=ORIENTED_EDGE('',*,*,#2833,.T.);
#3621=ORIENTED_EDGE('',*,*,#2834,.T.);
#3622=ORIENTED_EDGE('',*,*,#2824,.F.);
#3623=ORIENTED_EDGE('',*,*,#2835,.F.);
#3624=ORIENTED_EDGE('',*,*,#2836,.F.);
#3625=ORIENTED_EDGE('',*,*,#2837,.T.);
#3626=ORIENTED_EDGE('',*,*,#2823,.F.);
#3627=ORIENTED_EDGE('',*,*,#2838,.F.);
#3628=ORIENTED_EDGE('',*,*,#2839,.F.);
#3629=ORIENTED_EDGE('',*,*,#2835,.T.);
#3630=ORIENTED_EDGE('',*,*,#2822,.F.);
#3631=ORIENTED_EDGE('',*,*,#2840,.F.);
#3632=ORIENTED_EDGE('',*,*,#2841,.F.);
#3633=ORIENTED_EDGE('',*,*,#2838,.T.);
#3634=ORIENTED_EDGE('',*,*,#2821,.F.);
#3635=ORIENTED_EDGE('',*,*,#2842,.F.);
#3636=ORIENTED_EDGE('',*,*,#2843,.F.);
#3637=ORIENTED_EDGE('',*,*,#2840,.T.);
#3638=ORIENTED_EDGE('',*,*,#2831,.F.);
#3639=ORIENTED_EDGE('',*,*,#2844,.F.);
#3640=ORIENTED_EDGE('',*,*,#2845,.F.);
#3641=ORIENTED_EDGE('',*,*,#2846,.T.);
#3642=ORIENTED_EDGE('',*,*,#2830,.F.);
#3643=ORIENTED_EDGE('',*,*,#2847,.F.);
#3644=ORIENTED_EDGE('',*,*,#2848,.F.);
#3645=ORIENTED_EDGE('',*,*,#2844,.T.);
#3646=ORIENTED_EDGE('',*,*,#2829,.F.);
#3647=ORIENTED_EDGE('',*,*,#2849,.F.);
#3648=ORIENTED_EDGE('',*,*,#2850,.F.);
#3649=ORIENTED_EDGE('',*,*,#2847,.T.);
#3650=ORIENTED_EDGE('',*,*,#2828,.F.);
#3651=ORIENTED_EDGE('',*,*,#2851,.F.);
#3652=ORIENTED_EDGE('',*,*,#2852,.F.);
#3653=ORIENTED_EDGE('',*,*,#2849,.T.);
#3654=ORIENTED_EDGE('',*,*,#2815,.F.);
#3655=ORIENTED_EDGE('',*,*,#2853,.F.);
#3656=ORIENTED_EDGE('',*,*,#2675,.F.);
#3657=ORIENTED_EDGE('',*,*,#2854,.T.);
#3658=ORIENTED_EDGE('',*,*,#2814,.F.);
#3659=ORIENTED_EDGE('',*,*,#2855,.F.);
#3660=ORIENTED_EDGE('',*,*,#2676,.F.);
#3661=ORIENTED_EDGE('',*,*,#2853,.T.);
#3662=ORIENTED_EDGE('',*,*,#2813,.F.);
#3663=ORIENTED_EDGE('',*,*,#2856,.F.);
#3664=ORIENTED_EDGE('',*,*,#2677,.F.);
#3665=ORIENTED_EDGE('',*,*,#2855,.T.);
#3666=ORIENTED_EDGE('',*,*,#2812,.F.);
#3667=ORIENTED_EDGE('',*,*,#2857,.F.);
#3668=ORIENTED_EDGE('',*,*,#2678,.F.);
#3669=ORIENTED_EDGE('',*,*,#2856,.T.);
#3670=ORIENTED_EDGE('',*,*,#2811,.F.);
#3671=ORIENTED_EDGE('',*,*,#2858,.F.);
#3672=ORIENTED_EDGE('',*,*,#2679,.F.);
#3673=ORIENTED_EDGE('',*,*,#2857,.T.);
#3674=ORIENTED_EDGE('',*,*,#2825,.F.);
#3675=ORIENTED_EDGE('',*,*,#2837,.F.);
#3676=ORIENTED_EDGE('',*,*,#2859,.F.);
#3677=ORIENTED_EDGE('',*,*,#2860,.T.);
#3678=ORIENTED_EDGE('',*,*,#2826,.F.);
#3679=ORIENTED_EDGE('',*,*,#2860,.F.);
#3680=ORIENTED_EDGE('',*,*,#2861,.F.);
#3681=ORIENTED_EDGE('',*,*,#2862,.T.);
#3682=ORIENTED_EDGE('',*,*,#2827,.F.);
#3683=ORIENTED_EDGE('',*,*,#2862,.F.);
#3684=ORIENTED_EDGE('',*,*,#2863,.F.);
#3685=ORIENTED_EDGE('',*,*,#2842,.T.);
#3686=ORIENTED_EDGE('',*,*,#2832,.F.);
#3687=ORIENTED_EDGE('',*,*,#2846,.F.);
#3688=ORIENTED_EDGE('',*,*,#2864,.F.);
#3689=ORIENTED_EDGE('',*,*,#2865,.T.);
#3690=ORIENTED_EDGE('',*,*,#2833,.F.);
#3691=ORIENTED_EDGE('',*,*,#2865,.F.);
#3692=ORIENTED_EDGE('',*,*,#2866,.F.);
#3693=ORIENTED_EDGE('',*,*,#2867,.T.);
#3694=ORIENTED_EDGE('',*,*,#2834,.F.);
#3695=ORIENTED_EDGE('',*,*,#2867,.F.);
#3696=ORIENTED_EDGE('',*,*,#2868,.F.);
#3697=ORIENTED_EDGE('',*,*,#2851,.T.);
#3698=ORIENTED_EDGE('',*,*,#2820,.F.);
#3699=ORIENTED_EDGE('',*,*,#2869,.F.);
#3700=ORIENTED_EDGE('',*,*,#2680,.F.);
#3701=ORIENTED_EDGE('',*,*,#2858,.T.);
#3702=ORIENTED_EDGE('',*,*,#2819,.F.);
#3703=ORIENTED_EDGE('',*,*,#2870,.F.);
#3704=ORIENTED_EDGE('',*,*,#2681,.F.);
#3705=ORIENTED_EDGE('',*,*,#2869,.T.);
#3706=ORIENTED_EDGE('',*,*,#2818,.F.);
#3707=ORIENTED_EDGE('',*,*,#2871,.F.);
#3708=ORIENTED_EDGE('',*,*,#2682,.F.);
#3709=ORIENTED_EDGE('',*,*,#2870,.T.);
#3710=ORIENTED_EDGE('',*,*,#2817,.F.);
#3711=ORIENTED_EDGE('',*,*,#2872,.F.);
#3712=ORIENTED_EDGE('',*,*,#2683,.F.);
#3713=ORIENTED_EDGE('',*,*,#2871,.T.);
#3714=ORIENTED_EDGE('',*,*,#2816,.F.);
#3715=ORIENTED_EDGE('',*,*,#2854,.F.);
#3716=ORIENTED_EDGE('',*,*,#2684,.F.);
#3717=ORIENTED_EDGE('',*,*,#2872,.T.);
#3718=ORIENTED_EDGE('',*,*,#2873,.T.);
#3719=ORIENTED_EDGE('',*,*,#2874,.T.);
#3720=ORIENTED_EDGE('',*,*,#2875,.T.);
#3721=ORIENTED_EDGE('',*,*,#2876,.T.);
#3722=ORIENTED_EDGE('',*,*,#2877,.T.);
#3723=ORIENTED_EDGE('',*,*,#2878,.T.);
#3724=ORIENTED_EDGE('',*,*,#2879,.T.);
#3725=ORIENTED_EDGE('',*,*,#2880,.T.);
#3726=ORIENTED_EDGE('',*,*,#2881,.T.);
#3727=ORIENTED_EDGE('',*,*,#2882,.T.);
#3728=ORIENTED_EDGE('',*,*,#2883,.T.);
#3729=ORIENTED_EDGE('',*,*,#2884,.T.);
#3730=ORIENTED_EDGE('',*,*,#2878,.F.);
#3731=ORIENTED_EDGE('',*,*,#2885,.F.);
#3732=ORIENTED_EDGE('',*,*,#2685,.F.);
#3733=ORIENTED_EDGE('',*,*,#2886,.T.);
#3734=ORIENTED_EDGE('',*,*,#2877,.F.);
#3735=ORIENTED_EDGE('',*,*,#2887,.F.);
#3736=ORIENTED_EDGE('',*,*,#2686,.F.);
#3737=ORIENTED_EDGE('',*,*,#2885,.T.);
#3738=ORIENTED_EDGE('',*,*,#2876,.F.);
#3739=ORIENTED_EDGE('',*,*,#2888,.F.);
#3740=ORIENTED_EDGE('',*,*,#2687,.F.);
#3741=ORIENTED_EDGE('',*,*,#2887,.T.);
#3742=ORIENTED_EDGE('',*,*,#2875,.F.);
#3743=ORIENTED_EDGE('',*,*,#2889,.F.);
#3744=ORIENTED_EDGE('',*,*,#2688,.F.);
#3745=ORIENTED_EDGE('',*,*,#2888,.T.);
#3746=ORIENTED_EDGE('',*,*,#2874,.F.);
#3747=ORIENTED_EDGE('',*,*,#2890,.F.);
#3748=ORIENTED_EDGE('',*,*,#2689,.F.);
#3749=ORIENTED_EDGE('',*,*,#2889,.T.);
#3750=ORIENTED_EDGE('',*,*,#2873,.F.);
#3751=ORIENTED_EDGE('',*,*,#2891,.F.);
#3752=ORIENTED_EDGE('',*,*,#2690,.F.);
#3753=ORIENTED_EDGE('',*,*,#2890,.T.);
#3754=ORIENTED_EDGE('',*,*,#2884,.F.);
#3755=ORIENTED_EDGE('',*,*,#2892,.F.);
#3756=ORIENTED_EDGE('',*,*,#2691,.F.);
#3757=ORIENTED_EDGE('',*,*,#2891,.T.);
#3758=ORIENTED_EDGE('',*,*,#2883,.F.);
#3759=ORIENTED_EDGE('',*,*,#2893,.F.);
#3760=ORIENTED_EDGE('',*,*,#2692,.F.);
#3761=ORIENTED_EDGE('',*,*,#2892,.T.);
#3762=ORIENTED_EDGE('',*,*,#2882,.F.);
#3763=ORIENTED_EDGE('',*,*,#2894,.F.);
#3764=ORIENTED_EDGE('',*,*,#2693,.F.);
#3765=ORIENTED_EDGE('',*,*,#2893,.T.);
#3766=ORIENTED_EDGE('',*,*,#2881,.F.);
#3767=ORIENTED_EDGE('',*,*,#2895,.F.);
#3768=ORIENTED_EDGE('',*,*,#2694,.F.);
#3769=ORIENTED_EDGE('',*,*,#2894,.T.);
#3770=ORIENTED_EDGE('',*,*,#2880,.F.);
#3771=ORIENTED_EDGE('',*,*,#2896,.F.);
#3772=ORIENTED_EDGE('',*,*,#2695,.F.);
#3773=ORIENTED_EDGE('',*,*,#2895,.T.);
#3774=ORIENTED_EDGE('',*,*,#2879,.F.);
#3775=ORIENTED_EDGE('',*,*,#2886,.F.);
#3776=ORIENTED_EDGE('',*,*,#2696,.F.);
#3777=ORIENTED_EDGE('',*,*,#2896,.T.);
#3778=ORIENTED_EDGE('',*,*,#2897,.T.);
#3779=ORIENTED_EDGE('',*,*,#2898,.T.);
#3780=ORIENTED_EDGE('',*,*,#2899,.T.);
#3781=ORIENTED_EDGE('',*,*,#2900,.T.);
#3782=ORIENTED_EDGE('',*,*,#2901,.T.);
#3783=ORIENTED_EDGE('',*,*,#2902,.T.);
#3784=ORIENTED_EDGE('',*,*,#2903,.T.);
#3785=ORIENTED_EDGE('',*,*,#2904,.T.);
#3786=ORIENTED_EDGE('',*,*,#2905,.T.);
#3787=ORIENTED_EDGE('',*,*,#2906,.T.);
#3788=ORIENTED_EDGE('',*,*,#2907,.T.);
#3789=ORIENTED_EDGE('',*,*,#2906,.F.);
#3790=ORIENTED_EDGE('',*,*,#2908,.F.);
#3791=ORIENTED_EDGE('',*,*,#2909,.F.);
#3792=ORIENTED_EDGE('',*,*,#2910,.T.);
#3793=ORIENTED_EDGE('',*,*,#2905,.F.);
#3794=ORIENTED_EDGE('',*,*,#2911,.F.);
#3795=ORIENTED_EDGE('',*,*,#2912,.F.);
#3796=ORIENTED_EDGE('',*,*,#2908,.T.);
#3797=ORIENTED_EDGE('',*,*,#2900,.F.);
#3798=ORIENTED_EDGE('',*,*,#2913,.F.);
#3799=ORIENTED_EDGE('',*,*,#2697,.F.);
#3800=ORIENTED_EDGE('',*,*,#2914,.T.);
#3801=ORIENTED_EDGE('',*,*,#2899,.F.);
#3802=ORIENTED_EDGE('',*,*,#2915,.F.);
#3803=ORIENTED_EDGE('',*,*,#2698,.F.);
#3804=ORIENTED_EDGE('',*,*,#2913,.T.);
#3805=ORIENTED_EDGE('',*,*,#2898,.F.);
#3806=ORIENTED_EDGE('',*,*,#2916,.F.);
#3807=ORIENTED_EDGE('',*,*,#2699,.F.);
#3808=ORIENTED_EDGE('',*,*,#2915,.T.);
#3809=ORIENTED_EDGE('',*,*,#2897,.F.);
#3810=ORIENTED_EDGE('',*,*,#2917,.F.);
#3811=ORIENTED_EDGE('',*,*,#2700,.F.);
#3812=ORIENTED_EDGE('',*,*,#2916,.T.);
#3813=ORIENTED_EDGE('',*,*,#2907,.F.);
#3814=ORIENTED_EDGE('',*,*,#2910,.F.);
#3815=ORIENTED_EDGE('',*,*,#2918,.F.);
#3816=ORIENTED_EDGE('',*,*,#2911,.T.);
#3817=ORIENTED_EDGE('',*,*,#2904,.F.);
#3818=ORIENTED_EDGE('',*,*,#2919,.F.);
#3819=ORIENTED_EDGE('',*,*,#2701,.F.);
#3820=ORIENTED_EDGE('',*,*,#2917,.T.);
#3821=ORIENTED_EDGE('',*,*,#2903,.F.);
#3822=ORIENTED_EDGE('',*,*,#2920,.F.);
#3823=ORIENTED_EDGE('',*,*,#2702,.F.);
#3824=ORIENTED_EDGE('',*,*,#2919,.T.);
#3825=ORIENTED_EDGE('',*,*,#2902,.F.);
#3826=ORIENTED_EDGE('',*,*,#2921,.F.);
#3827=ORIENTED_EDGE('',*,*,#2703,.F.);
#3828=ORIENTED_EDGE('',*,*,#2920,.T.);
#3829=ORIENTED_EDGE('',*,*,#2901,.F.);
#3830=ORIENTED_EDGE('',*,*,#2914,.F.);
#3831=ORIENTED_EDGE('',*,*,#2704,.F.);
#3832=ORIENTED_EDGE('',*,*,#2921,.T.);
#3833=ORIENTED_EDGE('',*,*,#2922,.T.);
#3834=ORIENTED_EDGE('',*,*,#2923,.T.);
#3835=ORIENTED_EDGE('',*,*,#2924,.T.);
#3836=ORIENTED_EDGE('',*,*,#2925,.T.);
#3837=ORIENTED_EDGE('',*,*,#2926,.T.);
#3838=ORIENTED_EDGE('',*,*,#2927,.T.);
#3839=ORIENTED_EDGE('',*,*,#2928,.T.);
#3840=ORIENTED_EDGE('',*,*,#2929,.T.);
#3841=ORIENTED_EDGE('',*,*,#2930,.T.);
#3842=ORIENTED_EDGE('',*,*,#2931,.T.);
#3843=ORIENTED_EDGE('',*,*,#2932,.T.);
#3844=ORIENTED_EDGE('',*,*,#2933,.T.);
#3845=ORIENTED_EDGE('',*,*,#2934,.T.);
#3846=ORIENTED_EDGE('',*,*,#2928,.F.);
#3847=ORIENTED_EDGE('',*,*,#2935,.F.);
#3848=ORIENTED_EDGE('',*,*,#2705,.F.);
#3849=ORIENTED_EDGE('',*,*,#2936,.T.);
#3850=ORIENTED_EDGE('',*,*,#2927,.F.);
#3851=ORIENTED_EDGE('',*,*,#2937,.F.);
#3852=ORIENTED_EDGE('',*,*,#2706,.F.);
#3853=ORIENTED_EDGE('',*,*,#2935,.T.);
#3854=ORIENTED_EDGE('',*,*,#2926,.F.);
#3855=ORIENTED_EDGE('',*,*,#2938,.F.);
#3856=ORIENTED_EDGE('',*,*,#2707,.F.);
#3857=ORIENTED_EDGE('',*,*,#2937,.T.);
#3858=ORIENTED_EDGE('',*,*,#2925,.F.);
#3859=ORIENTED_EDGE('',*,*,#2939,.F.);
#3860=ORIENTED_EDGE('',*,*,#2708,.F.);
#3861=ORIENTED_EDGE('',*,*,#2938,.T.);
#3862=ORIENTED_EDGE('',*,*,#2924,.F.);
#3863=ORIENTED_EDGE('',*,*,#2940,.F.);
#3864=ORIENTED_EDGE('',*,*,#2709,.F.);
#3865=ORIENTED_EDGE('',*,*,#2939,.T.);
#3866=ORIENTED_EDGE('',*,*,#2923,.F.);
#3867=ORIENTED_EDGE('',*,*,#2941,.F.);
#3868=ORIENTED_EDGE('',*,*,#2710,.F.);
#3869=ORIENTED_EDGE('',*,*,#2940,.T.);
#3870=ORIENTED_EDGE('',*,*,#2922,.F.);
#3871=ORIENTED_EDGE('',*,*,#2942,.F.);
#3872=ORIENTED_EDGE('',*,*,#2711,.F.);
#3873=ORIENTED_EDGE('',*,*,#2941,.T.);
#3874=ORIENTED_EDGE('',*,*,#2934,.F.);
#3875=ORIENTED_EDGE('',*,*,#2943,.F.);
#3876=ORIENTED_EDGE('',*,*,#2712,.F.);
#3877=ORIENTED_EDGE('',*,*,#2942,.T.);
#3878=ORIENTED_EDGE('',*,*,#2933,.F.);
#3879=ORIENTED_EDGE('',*,*,#2944,.F.);
#3880=ORIENTED_EDGE('',*,*,#2713,.F.);
#3881=ORIENTED_EDGE('',*,*,#2943,.T.);
#3882=ORIENTED_EDGE('',*,*,#2932,.F.);
#3883=ORIENTED_EDGE('',*,*,#2945,.F.);
#3884=ORIENTED_EDGE('',*,*,#2714,.F.);
#3885=ORIENTED_EDGE('',*,*,#2944,.T.);
#3886=ORIENTED_EDGE('',*,*,#2931,.F.);
#3887=ORIENTED_EDGE('',*,*,#2946,.F.);
#3888=ORIENTED_EDGE('',*,*,#2715,.F.);
#3889=ORIENTED_EDGE('',*,*,#2945,.T.);
#3890=ORIENTED_EDGE('',*,*,#2930,.F.);
#3891=ORIENTED_EDGE('',*,*,#2947,.F.);
#3892=ORIENTED_EDGE('',*,*,#2716,.F.);
#3893=ORIENTED_EDGE('',*,*,#2946,.T.);
#3894=ORIENTED_EDGE('',*,*,#2929,.F.);
#3895=ORIENTED_EDGE('',*,*,#2936,.F.);
#3896=ORIENTED_EDGE('',*,*,#2717,.F.);
#3897=ORIENTED_EDGE('',*,*,#2947,.T.);
#3898=ORIENTED_EDGE('',*,*,#2948,.T.);
#3899=ORIENTED_EDGE('',*,*,#2949,.T.);
#3900=ORIENTED_EDGE('',*,*,#2950,.T.);
#3901=ORIENTED_EDGE('',*,*,#2951,.T.);
#3902=ORIENTED_EDGE('',*,*,#2952,.T.);
#3903=ORIENTED_EDGE('',*,*,#2953,.T.);
#3904=ORIENTED_EDGE('',*,*,#2954,.T.);
#3905=ORIENTED_EDGE('',*,*,#2955,.T.);
#3906=ORIENTED_EDGE('',*,*,#2956,.T.);
#3907=ORIENTED_EDGE('',*,*,#2957,.T.);
#3908=ORIENTED_EDGE('',*,*,#2958,.T.);
#3909=ORIENTED_EDGE('',*,*,#2959,.T.);
#3910=ORIENTED_EDGE('',*,*,#2960,.T.);
#3911=ORIENTED_EDGE('',*,*,#2954,.F.);
#3912=ORIENTED_EDGE('',*,*,#2961,.F.);
#3913=ORIENTED_EDGE('',*,*,#2718,.F.);
#3914=ORIENTED_EDGE('',*,*,#2962,.T.);
#3915=ORIENTED_EDGE('',*,*,#2953,.F.);
#3916=ORIENTED_EDGE('',*,*,#2963,.F.);
#3917=ORIENTED_EDGE('',*,*,#2719,.F.);
#3918=ORIENTED_EDGE('',*,*,#2961,.T.);
#3919=ORIENTED_EDGE('',*,*,#2952,.F.);
#3920=ORIENTED_EDGE('',*,*,#2964,.F.);
#3921=ORIENTED_EDGE('',*,*,#2720,.F.);
#3922=ORIENTED_EDGE('',*,*,#2963,.T.);
#3923=ORIENTED_EDGE('',*,*,#2951,.F.);
#3924=ORIENTED_EDGE('',*,*,#2965,.F.);
#3925=ORIENTED_EDGE('',*,*,#2721,.F.);
#3926=ORIENTED_EDGE('',*,*,#2964,.T.);
#3927=ORIENTED_EDGE('',*,*,#2950,.F.);
#3928=ORIENTED_EDGE('',*,*,#2966,.F.);
#3929=ORIENTED_EDGE('',*,*,#2722,.F.);
#3930=ORIENTED_EDGE('',*,*,#2965,.T.);
#3931=ORIENTED_EDGE('',*,*,#2949,.F.);
#3932=ORIENTED_EDGE('',*,*,#2967,.F.);
#3933=ORIENTED_EDGE('',*,*,#2723,.F.);
#3934=ORIENTED_EDGE('',*,*,#2966,.T.);
#3935=ORIENTED_EDGE('',*,*,#2948,.F.);
#3936=ORIENTED_EDGE('',*,*,#2968,.F.);
#3937=ORIENTED_EDGE('',*,*,#2724,.F.);
#3938=ORIENTED_EDGE('',*,*,#2967,.T.);
#3939=ORIENTED_EDGE('',*,*,#2960,.F.);
#3940=ORIENTED_EDGE('',*,*,#2969,.F.);
#3941=ORIENTED_EDGE('',*,*,#2725,.F.);
#3942=ORIENTED_EDGE('',*,*,#2968,.T.);
#3943=ORIENTED_EDGE('',*,*,#2959,.F.);
#3944=ORIENTED_EDGE('',*,*,#2970,.F.);
#3945=ORIENTED_EDGE('',*,*,#2726,.F.);
#3946=ORIENTED_EDGE('',*,*,#2969,.T.);
#3947=ORIENTED_EDGE('',*,*,#2958,.F.);
#3948=ORIENTED_EDGE('',*,*,#2971,.F.);
#3949=ORIENTED_EDGE('',*,*,#2727,.F.);
#3950=ORIENTED_EDGE('',*,*,#2970,.T.);
#3951=ORIENTED_EDGE('',*,*,#2957,.F.);
#3952=ORIENTED_EDGE('',*,*,#2972,.F.);
#3953=ORIENTED_EDGE('',*,*,#2728,.F.);
#3954=ORIENTED_EDGE('',*,*,#2971,.T.);
#3955=ORIENTED_EDGE('',*,*,#2956,.F.);
#3956=ORIENTED_EDGE('',*,*,#2973,.F.);
#3957=ORIENTED_EDGE('',*,*,#2729,.F.);
#3958=ORIENTED_EDGE('',*,*,#2972,.T.);
#3959=ORIENTED_EDGE('',*,*,#2955,.F.);
#3960=ORIENTED_EDGE('',*,*,#2962,.F.);
#3961=ORIENTED_EDGE('',*,*,#2730,.F.);
#3962=ORIENTED_EDGE('',*,*,#2973,.T.);
#3963=ORIENTED_EDGE('',*,*,#2974,.T.);
#3964=ORIENTED_EDGE('',*,*,#2975,.T.);
#3965=ORIENTED_EDGE('',*,*,#2976,.T.);
#3966=ORIENTED_EDGE('',*,*,#2977,.T.);
#3967=ORIENTED_EDGE('',*,*,#2978,.T.);
#3968=ORIENTED_EDGE('',*,*,#2979,.T.);
#3969=ORIENTED_EDGE('',*,*,#2980,.T.);
#3970=ORIENTED_EDGE('',*,*,#2981,.T.);
#3971=ORIENTED_EDGE('',*,*,#2982,.T.);
#3972=ORIENTED_EDGE('',*,*,#2983,.T.);
#3973=ORIENTED_EDGE('',*,*,#2984,.T.);
#3974=ORIENTED_EDGE('',*,*,#2985,.T.);
#3975=ORIENTED_EDGE('',*,*,#2986,.T.);
#3976=ORIENTED_EDGE('',*,*,#2987,.T.);
#3977=ORIENTED_EDGE('',*,*,#2984,.F.);
#3978=ORIENTED_EDGE('',*,*,#2988,.F.);
#3979=ORIENTED_EDGE('',*,*,#2989,.F.);
#3980=ORIENTED_EDGE('',*,*,#2990,.T.);
#3981=ORIENTED_EDGE('',*,*,#2983,.F.);
#3982=ORIENTED_EDGE('',*,*,#2991,.F.);
#3983=ORIENTED_EDGE('',*,*,#2992,.F.);
#3984=ORIENTED_EDGE('',*,*,#2988,.T.);
#3985=ORIENTED_EDGE('',*,*,#2982,.F.);
#3986=ORIENTED_EDGE('',*,*,#2993,.F.);
#3987=ORIENTED_EDGE('',*,*,#2994,.F.);
#3988=ORIENTED_EDGE('',*,*,#2991,.T.);
#3989=ORIENTED_EDGE('',*,*,#2977,.F.);
#3990=ORIENTED_EDGE('',*,*,#2995,.F.);
#3991=ORIENTED_EDGE('',*,*,#2731,.F.);
#3992=ORIENTED_EDGE('',*,*,#2996,.T.);
#3993=ORIENTED_EDGE('',*,*,#2976,.F.);
#3994=ORIENTED_EDGE('',*,*,#2997,.F.);
#3995=ORIENTED_EDGE('',*,*,#2732,.F.);
#3996=ORIENTED_EDGE('',*,*,#2995,.T.);
#3997=ORIENTED_EDGE('',*,*,#2975,.F.);
#3998=ORIENTED_EDGE('',*,*,#2998,.F.);
#3999=ORIENTED_EDGE('',*,*,#2733,.F.);
#4000=ORIENTED_EDGE('',*,*,#2997,.T.);
#4001=ORIENTED_EDGE('',*,*,#2974,.F.);
#4002=ORIENTED_EDGE('',*,*,#2999,.F.);
#4003=ORIENTED_EDGE('',*,*,#2734,.F.);
#4004=ORIENTED_EDGE('',*,*,#2998,.T.);
#4005=ORIENTED_EDGE('',*,*,#2985,.F.);
#4006=ORIENTED_EDGE('',*,*,#2990,.F.);
#4007=ORIENTED_EDGE('',*,*,#3000,.F.);
#4008=ORIENTED_EDGE('',*,*,#3001,.T.);
#4009=ORIENTED_EDGE('',*,*,#2986,.F.);
#4010=ORIENTED_EDGE('',*,*,#3001,.F.);
#4011=ORIENTED_EDGE('',*,*,#3002,.F.);
#4012=ORIENTED_EDGE('',*,*,#3003,.T.);
#4013=ORIENTED_EDGE('',*,*,#2987,.F.);
#4014=ORIENTED_EDGE('',*,*,#3003,.F.);
#4015=ORIENTED_EDGE('',*,*,#3004,.F.);
#4016=ORIENTED_EDGE('',*,*,#2993,.T.);
#4017=ORIENTED_EDGE('',*,*,#2981,.F.);
#4018=ORIENTED_EDGE('',*,*,#3005,.F.);
#4019=ORIENTED_EDGE('',*,*,#2735,.F.);
#4020=ORIENTED_EDGE('',*,*,#2999,.T.);
#4021=ORIENTED_EDGE('',*,*,#2980,.F.);
#4022=ORIENTED_EDGE('',*,*,#3006,.F.);
#4023=ORIENTED_EDGE('',*,*,#2736,.F.);
#4024=ORIENTED_EDGE('',*,*,#3005,.T.);
#4025=ORIENTED_EDGE('',*,*,#2979,.F.);
#4026=ORIENTED_EDGE('',*,*,#3007,.F.);
#4027=ORIENTED_EDGE('',*,*,#2737,.F.);
#4028=ORIENTED_EDGE('',*,*,#3006,.T.);
#4029=ORIENTED_EDGE('',*,*,#2978,.F.);
#4030=ORIENTED_EDGE('',*,*,#2996,.F.);
#4031=ORIENTED_EDGE('',*,*,#2738,.F.);
#4032=ORIENTED_EDGE('',*,*,#3007,.T.);
#4033=ORIENTED_EDGE('',*,*,#3008,.T.);
#4034=ORIENTED_EDGE('',*,*,#3009,.T.);
#4035=ORIENTED_EDGE('',*,*,#3010,.T.);
#4036=ORIENTED_EDGE('',*,*,#3011,.T.);
#4037=ORIENTED_EDGE('',*,*,#3012,.T.);
#4038=ORIENTED_EDGE('',*,*,#3013,.T.);
#4039=ORIENTED_EDGE('',*,*,#3014,.T.);
#4040=ORIENTED_EDGE('',*,*,#3015,.T.);
#4041=ORIENTED_EDGE('',*,*,#3016,.T.);
#4042=ORIENTED_EDGE('',*,*,#3017,.T.);
#4043=ORIENTED_EDGE('',*,*,#3012,.F.);
#4044=ORIENTED_EDGE('',*,*,#3018,.F.);
#4045=ORIENTED_EDGE('',*,*,#2739,.F.);
#4046=ORIENTED_EDGE('',*,*,#3019,.T.);
#4047=ORIENTED_EDGE('',*,*,#3011,.F.);
#4048=ORIENTED_EDGE('',*,*,#3020,.F.);
#4049=ORIENTED_EDGE('',*,*,#2740,.F.);
#4050=ORIENTED_EDGE('',*,*,#3018,.T.);
#4051=ORIENTED_EDGE('',*,*,#3010,.F.);
#4052=ORIENTED_EDGE('',*,*,#3021,.F.);
#4053=ORIENTED_EDGE('',*,*,#2741,.F.);
#4054=ORIENTED_EDGE('',*,*,#3020,.T.);
#4055=ORIENTED_EDGE('',*,*,#3009,.F.);
#4056=ORIENTED_EDGE('',*,*,#3022,.F.);
#4057=ORIENTED_EDGE('',*,*,#2742,.F.);
#4058=ORIENTED_EDGE('',*,*,#3021,.T.);
#4059=ORIENTED_EDGE('',*,*,#3008,.F.);
#4060=ORIENTED_EDGE('',*,*,#3023,.F.);
#4061=ORIENTED_EDGE('',*,*,#2743,.F.);
#4062=ORIENTED_EDGE('',*,*,#3022,.T.);
#4063=ORIENTED_EDGE('',*,*,#3017,.F.);
#4064=ORIENTED_EDGE('',*,*,#3024,.F.);
#4065=ORIENTED_EDGE('',*,*,#2744,.F.);
#4066=ORIENTED_EDGE('',*,*,#3023,.T.);
#4067=ORIENTED_EDGE('',*,*,#3016,.F.);
#4068=ORIENTED_EDGE('',*,*,#3025,.F.);
#4069=ORIENTED_EDGE('',*,*,#2745,.F.);
#4070=ORIENTED_EDGE('',*,*,#3024,.T.);
#4071=ORIENTED_EDGE('',*,*,#3015,.F.);
#4072=ORIENTED_EDGE('',*,*,#3026,.F.);
#4073=ORIENTED_EDGE('',*,*,#2746,.F.);
#4074=ORIENTED_EDGE('',*,*,#3025,.T.);
#4075=ORIENTED_EDGE('',*,*,#3014,.F.);
#4076=ORIENTED_EDGE('',*,*,#3027,.F.);
#4077=ORIENTED_EDGE('',*,*,#2747,.F.);
#4078=ORIENTED_EDGE('',*,*,#3026,.T.);
#4079=ORIENTED_EDGE('',*,*,#3013,.F.);
#4080=ORIENTED_EDGE('',*,*,#3019,.F.);
#4081=ORIENTED_EDGE('',*,*,#2748,.F.);
#4082=ORIENTED_EDGE('',*,*,#3027,.T.);
#4083=ORIENTED_EDGE('',*,*,#3028,.T.);
#4084=ORIENTED_EDGE('',*,*,#3029,.T.);
#4085=ORIENTED_EDGE('',*,*,#3030,.T.);
#4086=ORIENTED_EDGE('',*,*,#3031,.T.);
#4087=ORIENTED_EDGE('',*,*,#3032,.T.);
#4088=ORIENTED_EDGE('',*,*,#3033,.T.);
#4089=ORIENTED_EDGE('',*,*,#3034,.T.);
#4090=ORIENTED_EDGE('',*,*,#3035,.T.);
#4091=ORIENTED_EDGE('',*,*,#3036,.T.);
#4092=ORIENTED_EDGE('',*,*,#3037,.T.);
#4093=ORIENTED_EDGE('',*,*,#3038,.T.);
#4094=ORIENTED_EDGE('',*,*,#3039,.T.);
#4095=ORIENTED_EDGE('',*,*,#3040,.T.);
#4096=ORIENTED_EDGE('',*,*,#3041,.T.);
#4097=ORIENTED_EDGE('',*,*,#3038,.F.);
#4098=ORIENTED_EDGE('',*,*,#3042,.F.);
#4099=ORIENTED_EDGE('',*,*,#3043,.F.);
#4100=ORIENTED_EDGE('',*,*,#3044,.T.);
#4101=ORIENTED_EDGE('',*,*,#3037,.F.);
#4102=ORIENTED_EDGE('',*,*,#3045,.F.);
#4103=ORIENTED_EDGE('',*,*,#3046,.F.);
#4104=ORIENTED_EDGE('',*,*,#3042,.T.);
#4105=ORIENTED_EDGE('',*,*,#3036,.F.);
#4106=ORIENTED_EDGE('',*,*,#3047,.F.);
#4107=ORIENTED_EDGE('',*,*,#3048,.F.);
#4108=ORIENTED_EDGE('',*,*,#3045,.T.);
#4109=ORIENTED_EDGE('',*,*,#3035,.F.);
#4110=ORIENTED_EDGE('',*,*,#3049,.F.);
#4111=ORIENTED_EDGE('',*,*,#3050,.F.);
#4112=ORIENTED_EDGE('',*,*,#3047,.T.);
#4113=ORIENTED_EDGE('',*,*,#3031,.F.);
#4114=ORIENTED_EDGE('',*,*,#3051,.F.);
#4115=ORIENTED_EDGE('',*,*,#2749,.F.);
#4116=ORIENTED_EDGE('',*,*,#3052,.T.);
#4117=ORIENTED_EDGE('',*,*,#3030,.F.);
#4118=ORIENTED_EDGE('',*,*,#3053,.F.);
#4119=ORIENTED_EDGE('',*,*,#2750,.F.);
#4120=ORIENTED_EDGE('',*,*,#3051,.T.);
#4121=ORIENTED_EDGE('',*,*,#3029,.F.);
#4122=ORIENTED_EDGE('',*,*,#3054,.F.);
#4123=ORIENTED_EDGE('',*,*,#2751,.F.);
#4124=ORIENTED_EDGE('',*,*,#3053,.T.);
#4125=ORIENTED_EDGE('',*,*,#3028,.F.);
#4126=ORIENTED_EDGE('',*,*,#3055,.F.);
#4127=ORIENTED_EDGE('',*,*,#2752,.F.);
#4128=ORIENTED_EDGE('',*,*,#3054,.T.);
#4129=ORIENTED_EDGE('',*,*,#3039,.F.);
#4130=ORIENTED_EDGE('',*,*,#3044,.F.);
#4131=ORIENTED_EDGE('',*,*,#3056,.F.);
#4132=ORIENTED_EDGE('',*,*,#3057,.T.);
#4133=ORIENTED_EDGE('',*,*,#3040,.F.);
#4134=ORIENTED_EDGE('',*,*,#3057,.F.);
#4135=ORIENTED_EDGE('',*,*,#3058,.F.);
#4136=ORIENTED_EDGE('',*,*,#3059,.T.);
#4137=ORIENTED_EDGE('',*,*,#3041,.F.);
#4138=ORIENTED_EDGE('',*,*,#3059,.F.);
#4139=ORIENTED_EDGE('',*,*,#3060,.F.);
#4140=ORIENTED_EDGE('',*,*,#3049,.T.);
#4141=ORIENTED_EDGE('',*,*,#3034,.F.);
#4142=ORIENTED_EDGE('',*,*,#3061,.F.);
#4143=ORIENTED_EDGE('',*,*,#2753,.F.);
#4144=ORIENTED_EDGE('',*,*,#3055,.T.);
#4145=ORIENTED_EDGE('',*,*,#3033,.F.);
#4146=ORIENTED_EDGE('',*,*,#3062,.F.);
#4147=ORIENTED_EDGE('',*,*,#2754,.F.);
#4148=ORIENTED_EDGE('',*,*,#3061,.T.);
#4149=ORIENTED_EDGE('',*,*,#3032,.F.);
#4150=ORIENTED_EDGE('',*,*,#3052,.F.);
#4151=ORIENTED_EDGE('',*,*,#2755,.F.);
#4152=ORIENTED_EDGE('',*,*,#3062,.T.);
#4153=ORIENTED_EDGE('',*,*,#3063,.T.);
#4154=ORIENTED_EDGE('',*,*,#3064,.T.);
#4155=ORIENTED_EDGE('',*,*,#3065,.T.);
#4156=ORIENTED_EDGE('',*,*,#3066,.T.);
#4157=ORIENTED_EDGE('',*,*,#3067,.T.);
#4158=ORIENTED_EDGE('',*,*,#3068,.T.);
#4159=ORIENTED_EDGE('',*,*,#3069,.T.);
#4160=ORIENTED_EDGE('',*,*,#3070,.T.);
#4161=ORIENTED_EDGE('',*,*,#3071,.T.);
#4162=ORIENTED_EDGE('',*,*,#3072,.T.);
#4163=ORIENTED_EDGE('',*,*,#3073,.T.);
#4164=ORIENTED_EDGE('',*,*,#3068,.F.);
#4165=ORIENTED_EDGE('',*,*,#3074,.F.);
#4166=ORIENTED_EDGE('',*,*,#2756,.F.);
#4167=ORIENTED_EDGE('',*,*,#3075,.T.);
#4168=ORIENTED_EDGE('',*,*,#3067,.F.);
#4169=ORIENTED_EDGE('',*,*,#3076,.F.);
#4170=ORIENTED_EDGE('',*,*,#2757,.F.);
#4171=ORIENTED_EDGE('',*,*,#3074,.T.);
#4172=ORIENTED_EDGE('',*,*,#3066,.F.);
#4173=ORIENTED_EDGE('',*,*,#3077,.F.);
#4174=ORIENTED_EDGE('',*,*,#2758,.F.);
#4175=ORIENTED_EDGE('',*,*,#3076,.T.);
#4176=ORIENTED_EDGE('',*,*,#3065,.F.);
#4177=ORIENTED_EDGE('',*,*,#3078,.F.);
#4178=ORIENTED_EDGE('',*,*,#2759,.F.);
#4179=ORIENTED_EDGE('',*,*,#3077,.T.);
#4180=ORIENTED_EDGE('',*,*,#3064,.F.);
#4181=ORIENTED_EDGE('',*,*,#3079,.F.);
#4182=ORIENTED_EDGE('',*,*,#2760,.F.);
#4183=ORIENTED_EDGE('',*,*,#3078,.T.);
#4184=ORIENTED_EDGE('',*,*,#3063,.F.);
#4185=ORIENTED_EDGE('',*,*,#3080,.F.);
#4186=ORIENTED_EDGE('',*,*,#2761,.F.);
#4187=ORIENTED_EDGE('',*,*,#3079,.T.);
#4188=ORIENTED_EDGE('',*,*,#3073,.F.);
#4189=ORIENTED_EDGE('',*,*,#3081,.F.);
#4190=ORIENTED_EDGE('',*,*,#2762,.F.);
#4191=ORIENTED_EDGE('',*,*,#3080,.T.);
#4192=ORIENTED_EDGE('',*,*,#3072,.F.);
#4193=ORIENTED_EDGE('',*,*,#3082,.F.);
#4194=ORIENTED_EDGE('',*,*,#2763,.F.);
#4195=ORIENTED_EDGE('',*,*,#3081,.T.);
#4196=ORIENTED_EDGE('',*,*,#3071,.F.);
#4197=ORIENTED_EDGE('',*,*,#3083,.F.);
#4198=ORIENTED_EDGE('',*,*,#2764,.F.);
#4199=ORIENTED_EDGE('',*,*,#3082,.T.);
#4200=ORIENTED_EDGE('',*,*,#3070,.F.);
#4201=ORIENTED_EDGE('',*,*,#3084,.F.);
#4202=ORIENTED_EDGE('',*,*,#2765,.F.);
#4203=ORIENTED_EDGE('',*,*,#3083,.T.);
#4204=ORIENTED_EDGE('',*,*,#3069,.F.);
#4205=ORIENTED_EDGE('',*,*,#3075,.F.);
#4206=ORIENTED_EDGE('',*,*,#2766,.F.);
#4207=ORIENTED_EDGE('',*,*,#3084,.T.);
#4208=ORIENTED_EDGE('',*,*,#3085,.T.);
#4209=ORIENTED_EDGE('',*,*,#3086,.T.);
#4210=ORIENTED_EDGE('',*,*,#3087,.T.);
#4211=ORIENTED_EDGE('',*,*,#3088,.T.);
#4212=ORIENTED_EDGE('',*,*,#3089,.T.);
#4213=ORIENTED_EDGE('',*,*,#3090,.T.);
#4214=ORIENTED_EDGE('',*,*,#3091,.T.);
#4215=ORIENTED_EDGE('',*,*,#3092,.T.);
#4216=ORIENTED_EDGE('',*,*,#3093,.T.);
#4217=ORIENTED_EDGE('',*,*,#3094,.T.);
#4218=ORIENTED_EDGE('',*,*,#3095,.T.);
#4219=ORIENTED_EDGE('',*,*,#3096,.T.);
#4220=ORIENTED_EDGE('',*,*,#3097,.T.);
#4221=ORIENTED_EDGE('',*,*,#3098,.T.);
#4222=ORIENTED_EDGE('',*,*,#3099,.T.);
#4223=ORIENTED_EDGE('',*,*,#3100,.T.);
#4224=ORIENTED_EDGE('',*,*,#3101,.T.);
#4225=ORIENTED_EDGE('',*,*,#3102,.T.);
#4226=ORIENTED_EDGE('',*,*,#3103,.T.);
#4227=ORIENTED_EDGE('',*,*,#3104,.T.);
#4228=ORIENTED_EDGE('',*,*,#3094,.F.);
#4229=ORIENTED_EDGE('',*,*,#3105,.F.);
#4230=ORIENTED_EDGE('',*,*,#2767,.F.);
#4231=ORIENTED_EDGE('',*,*,#3106,.T.);
#4232=ORIENTED_EDGE('',*,*,#3093,.F.);
#4233=ORIENTED_EDGE('',*,*,#3107,.F.);
#4234=ORIENTED_EDGE('',*,*,#2768,.F.);
#4235=ORIENTED_EDGE('',*,*,#3105,.T.);
#4236=ORIENTED_EDGE('',*,*,#3092,.F.);
#4237=ORIENTED_EDGE('',*,*,#3108,.F.);
#4238=ORIENTED_EDGE('',*,*,#2769,.F.);
#4239=ORIENTED_EDGE('',*,*,#3107,.T.);
#4240=ORIENTED_EDGE('',*,*,#3091,.F.);
#4241=ORIENTED_EDGE('',*,*,#3109,.F.);
#4242=ORIENTED_EDGE('',*,*,#2770,.F.);
#4243=ORIENTED_EDGE('',*,*,#3108,.T.);
#4244=ORIENTED_EDGE('',*,*,#3090,.F.);
#4245=ORIENTED_EDGE('',*,*,#3110,.F.);
#4246=ORIENTED_EDGE('',*,*,#2771,.F.);
#4247=ORIENTED_EDGE('',*,*,#3109,.T.);
#4248=ORIENTED_EDGE('',*,*,#3089,.F.);
#4249=ORIENTED_EDGE('',*,*,#3111,.F.);
#4250=ORIENTED_EDGE('',*,*,#2772,.F.);
#4251=ORIENTED_EDGE('',*,*,#3110,.T.);
#4252=ORIENTED_EDGE('',*,*,#3088,.F.);
#4253=ORIENTED_EDGE('',*,*,#3112,.F.);
#4254=ORIENTED_EDGE('',*,*,#2773,.F.);
#4255=ORIENTED_EDGE('',*,*,#3111,.T.);
#4256=ORIENTED_EDGE('',*,*,#3087,.F.);
#4257=ORIENTED_EDGE('',*,*,#3113,.F.);
#4258=ORIENTED_EDGE('',*,*,#2774,.F.);
#4259=ORIENTED_EDGE('',*,*,#3112,.T.);
#4260=ORIENTED_EDGE('',*,*,#3086,.F.);
#4261=ORIENTED_EDGE('',*,*,#3114,.F.);
#4262=ORIENTED_EDGE('',*,*,#2775,.F.);
#4263=ORIENTED_EDGE('',*,*,#3113,.T.);
#4264=ORIENTED_EDGE('',*,*,#3085,.F.);
#4265=ORIENTED_EDGE('',*,*,#3115,.F.);
#4266=ORIENTED_EDGE('',*,*,#2776,.F.);
#4267=ORIENTED_EDGE('',*,*,#3114,.T.);
#4268=ORIENTED_EDGE('',*,*,#3104,.F.);
#4269=ORIENTED_EDGE('',*,*,#3116,.F.);
#4270=ORIENTED_EDGE('',*,*,#2777,.F.);
#4271=ORIENTED_EDGE('',*,*,#3115,.T.);
#4272=ORIENTED_EDGE('',*,*,#3103,.F.);
#4273=ORIENTED_EDGE('',*,*,#3117,.F.);
#4274=ORIENTED_EDGE('',*,*,#2778,.F.);
#4275=ORIENTED_EDGE('',*,*,#3116,.T.);
#4276=ORIENTED_EDGE('',*,*,#3102,.F.);
#4277=ORIENTED_EDGE('',*,*,#3118,.F.);
#4278=ORIENTED_EDGE('',*,*,#2779,.F.);
#4279=ORIENTED_EDGE('',*,*,#3117,.T.);
#4280=ORIENTED_EDGE('',*,*,#3101,.F.);
#4281=ORIENTED_EDGE('',*,*,#3119,.F.);
#4282=ORIENTED_EDGE('',*,*,#2780,.F.);
#4283=ORIENTED_EDGE('',*,*,#3118,.T.);
#4284=ORIENTED_EDGE('',*,*,#3100,.F.);
#4285=ORIENTED_EDGE('',*,*,#3120,.F.);
#4286=ORIENTED_EDGE('',*,*,#2781,.F.);
#4287=ORIENTED_EDGE('',*,*,#3119,.T.);
#4288=ORIENTED_EDGE('',*,*,#3099,.F.);
#4289=ORIENTED_EDGE('',*,*,#3121,.F.);
#4290=ORIENTED_EDGE('',*,*,#2782,.F.);
#4291=ORIENTED_EDGE('',*,*,#3120,.T.);
#4292=ORIENTED_EDGE('',*,*,#3098,.F.);
#4293=ORIENTED_EDGE('',*,*,#3122,.F.);
#4294=ORIENTED_EDGE('',*,*,#2783,.F.);
#4295=ORIENTED_EDGE('',*,*,#3121,.T.);
#4296=ORIENTED_EDGE('',*,*,#3097,.F.);
#4297=ORIENTED_EDGE('',*,*,#3123,.F.);
#4298=ORIENTED_EDGE('',*,*,#2784,.F.);
#4299=ORIENTED_EDGE('',*,*,#3122,.T.);
#4300=ORIENTED_EDGE('',*,*,#3096,.F.);
#4301=ORIENTED_EDGE('',*,*,#3124,.F.);
#4302=ORIENTED_EDGE('',*,*,#2785,.F.);
#4303=ORIENTED_EDGE('',*,*,#3123,.T.);
#4304=ORIENTED_EDGE('',*,*,#3095,.F.);
#4305=ORIENTED_EDGE('',*,*,#3106,.F.);
#4306=ORIENTED_EDGE('',*,*,#2786,.F.);
#4307=ORIENTED_EDGE('',*,*,#3124,.T.);
#4308=ORIENTED_EDGE('',*,*,#3125,.T.);
#4309=ORIENTED_EDGE('',*,*,#3126,.T.);
#4310=ORIENTED_EDGE('',*,*,#3127,.T.);
#4311=ORIENTED_EDGE('',*,*,#3128,.T.);
#4312=ORIENTED_EDGE('',*,*,#3129,.T.);
#4313=ORIENTED_EDGE('',*,*,#3130,.T.);
#4314=ORIENTED_EDGE('',*,*,#3131,.T.);
#4315=ORIENTED_EDGE('',*,*,#3132,.T.);
#4316=ORIENTED_EDGE('',*,*,#3133,.T.);
#4317=ORIENTED_EDGE('',*,*,#3134,.T.);
#4318=ORIENTED_EDGE('',*,*,#3135,.T.);
#4319=ORIENTED_EDGE('',*,*,#3136,.T.);
#4320=ORIENTED_EDGE('',*,*,#3137,.T.);
#4321=ORIENTED_EDGE('',*,*,#3138,.T.);
#4322=ORIENTED_EDGE('',*,*,#3139,.T.);
#4323=ORIENTED_EDGE('',*,*,#3140,.T.);
#4324=ORIENTED_EDGE('',*,*,#3141,.T.);
#4325=ORIENTED_EDGE('',*,*,#3142,.T.);
#4326=ORIENTED_EDGE('',*,*,#3143,.T.);
#4327=ORIENTED_EDGE('',*,*,#3144,.T.);
#4328=ORIENTED_EDGE('',*,*,#3145,.T.);
#4329=ORIENTED_EDGE('',*,*,#3142,.F.);
#4330=ORIENTED_EDGE('',*,*,#3146,.F.);
#4331=ORIENTED_EDGE('',*,*,#3147,.F.);
#4332=ORIENTED_EDGE('',*,*,#3148,.T.);
#4333=ORIENTED_EDGE('',*,*,#3141,.F.);
#4334=ORIENTED_EDGE('',*,*,#3149,.F.);
#4335=ORIENTED_EDGE('',*,*,#3150,.F.);
#4336=ORIENTED_EDGE('',*,*,#3146,.T.);
#4337=ORIENTED_EDGE('',*,*,#3140,.F.);
#4338=ORIENTED_EDGE('',*,*,#3151,.F.);
#4339=ORIENTED_EDGE('',*,*,#3152,.F.);
#4340=ORIENTED_EDGE('',*,*,#3149,.T.);
#4341=ORIENTED_EDGE('',*,*,#3139,.F.);
#4342=ORIENTED_EDGE('',*,*,#3153,.F.);
#4343=ORIENTED_EDGE('',*,*,#3154,.F.);
#4344=ORIENTED_EDGE('',*,*,#3151,.T.);
#4345=ORIENTED_EDGE('',*,*,#3131,.F.);
#4346=ORIENTED_EDGE('',*,*,#3155,.F.);
#4347=ORIENTED_EDGE('',*,*,#2787,.F.);
#4348=ORIENTED_EDGE('',*,*,#3156,.T.);
#4349=ORIENTED_EDGE('',*,*,#3130,.F.);
#4350=ORIENTED_EDGE('',*,*,#3157,.F.);
#4351=ORIENTED_EDGE('',*,*,#2788,.F.);
#4352=ORIENTED_EDGE('',*,*,#3155,.T.);
#4353=ORIENTED_EDGE('',*,*,#3129,.F.);
#4354=ORIENTED_EDGE('',*,*,#3158,.F.);
#4355=ORIENTED_EDGE('',*,*,#2789,.F.);
#4356=ORIENTED_EDGE('',*,*,#3157,.T.);
#4357=ORIENTED_EDGE('',*,*,#3128,.F.);
#4358=ORIENTED_EDGE('',*,*,#3159,.F.);
#4359=ORIENTED_EDGE('',*,*,#2790,.F.);
#4360=ORIENTED_EDGE('',*,*,#3158,.T.);
#4361=ORIENTED_EDGE('',*,*,#3127,.F.);
#4362=ORIENTED_EDGE('',*,*,#3160,.F.);
#4363=ORIENTED_EDGE('',*,*,#2791,.F.);
#4364=ORIENTED_EDGE('',*,*,#3159,.T.);
#4365=ORIENTED_EDGE('',*,*,#3126,.F.);
#4366=ORIENTED_EDGE('',*,*,#3161,.F.);
#4367=ORIENTED_EDGE('',*,*,#2792,.F.);
#4368=ORIENTED_EDGE('',*,*,#3160,.T.);
#4369=ORIENTED_EDGE('',*,*,#3125,.F.);
#4370=ORIENTED_EDGE('',*,*,#3162,.F.);
#4371=ORIENTED_EDGE('',*,*,#2793,.F.);
#4372=ORIENTED_EDGE('',*,*,#3161,.T.);
#4373=ORIENTED_EDGE('',*,*,#3143,.F.);
#4374=ORIENTED_EDGE('',*,*,#3148,.F.);
#4375=ORIENTED_EDGE('',*,*,#3163,.F.);
#4376=ORIENTED_EDGE('',*,*,#3164,.T.);
#4377=ORIENTED_EDGE('',*,*,#3144,.F.);
#4378=ORIENTED_EDGE('',*,*,#3164,.F.);
#4379=ORIENTED_EDGE('',*,*,#3165,.F.);
#4380=ORIENTED_EDGE('',*,*,#3166,.T.);
#4381=ORIENTED_EDGE('',*,*,#3145,.F.);
#4382=ORIENTED_EDGE('',*,*,#3166,.F.);
#4383=ORIENTED_EDGE('',*,*,#3167,.F.);
#4384=ORIENTED_EDGE('',*,*,#3153,.T.);
#4385=ORIENTED_EDGE('',*,*,#3138,.F.);
#4386=ORIENTED_EDGE('',*,*,#3168,.F.);
#4387=ORIENTED_EDGE('',*,*,#2794,.F.);
#4388=ORIENTED_EDGE('',*,*,#3162,.T.);
#4389=ORIENTED_EDGE('',*,*,#3137,.F.);
#4390=ORIENTED_EDGE('',*,*,#3169,.F.);
#4391=ORIENTED_EDGE('',*,*,#2795,.F.);
#4392=ORIENTED_EDGE('',*,*,#3168,.T.);
#4393=ORIENTED_EDGE('',*,*,#3136,.F.);
#4394=ORIENTED_EDGE('',*,*,#3170,.F.);
#4395=ORIENTED_EDGE('',*,*,#2796,.F.);
#4396=ORIENTED_EDGE('',*,*,#3169,.T.);
#4397=ORIENTED_EDGE('',*,*,#3135,.F.);
#4398=ORIENTED_EDGE('',*,*,#3171,.F.);
#4399=ORIENTED_EDGE('',*,*,#2797,.F.);
#4400=ORIENTED_EDGE('',*,*,#3170,.T.);
#4401=ORIENTED_EDGE('',*,*,#3134,.F.);
#4402=ORIENTED_EDGE('',*,*,#3172,.F.);
#4403=ORIENTED_EDGE('',*,*,#2798,.F.);
#4404=ORIENTED_EDGE('',*,*,#3171,.T.);
#4405=ORIENTED_EDGE('',*,*,#3133,.F.);
#4406=ORIENTED_EDGE('',*,*,#3173,.F.);
#4407=ORIENTED_EDGE('',*,*,#2799,.F.);
#4408=ORIENTED_EDGE('',*,*,#3172,.T.);
#4409=ORIENTED_EDGE('',*,*,#3132,.F.);
#4410=ORIENTED_EDGE('',*,*,#3156,.F.);
#4411=ORIENTED_EDGE('',*,*,#2800,.F.);
#4412=ORIENTED_EDGE('',*,*,#3173,.T.);
#4413=ORIENTED_EDGE('',*,*,#3174,.T.);
#4414=ORIENTED_EDGE('',*,*,#3175,.T.);
#4415=ORIENTED_EDGE('',*,*,#3176,.T.);
#4416=ORIENTED_EDGE('',*,*,#3177,.T.);
#4417=ORIENTED_EDGE('',*,*,#3178,.T.);
#4418=ORIENTED_EDGE('',*,*,#3179,.T.);
#4419=ORIENTED_EDGE('',*,*,#3180,.T.);
#4420=ORIENTED_EDGE('',*,*,#3181,.T.);
#4421=ORIENTED_EDGE('',*,*,#3182,.T.);
#4422=ORIENTED_EDGE('',*,*,#3183,.T.);
#4423=ORIENTED_EDGE('',*,*,#3184,.T.);
#4424=ORIENTED_EDGE('',*,*,#3185,.T.);
#4425=ORIENTED_EDGE('',*,*,#3181,.F.);
#4426=ORIENTED_EDGE('',*,*,#3186,.F.);
#4427=ORIENTED_EDGE('',*,*,#3187,.F.);
#4428=ORIENTED_EDGE('',*,*,#3188,.T.);
#4429=ORIENTED_EDGE('',*,*,#3180,.F.);
#4430=ORIENTED_EDGE('',*,*,#3189,.F.);
#4431=ORIENTED_EDGE('',*,*,#3190,.F.);
#4432=ORIENTED_EDGE('',*,*,#3186,.T.);
#4433=ORIENTED_EDGE('',*,*,#3179,.F.);
#4434=ORIENTED_EDGE('',*,*,#3191,.F.);
#4435=ORIENTED_EDGE('',*,*,#3192,.F.);
#4436=ORIENTED_EDGE('',*,*,#3189,.T.);
#4437=ORIENTED_EDGE('',*,*,#3178,.F.);
#4438=ORIENTED_EDGE('',*,*,#3193,.F.);
#4439=ORIENTED_EDGE('',*,*,#3194,.F.);
#4440=ORIENTED_EDGE('',*,*,#3191,.T.);
#4441=ORIENTED_EDGE('',*,*,#3175,.F.);
#4442=ORIENTED_EDGE('',*,*,#3195,.F.);
#4443=ORIENTED_EDGE('',*,*,#2801,.F.);
#4444=ORIENTED_EDGE('',*,*,#3196,.T.);
#4445=ORIENTED_EDGE('',*,*,#3174,.F.);
#4446=ORIENTED_EDGE('',*,*,#3197,.F.);
#4447=ORIENTED_EDGE('',*,*,#2802,.F.);
#4448=ORIENTED_EDGE('',*,*,#3195,.T.);
#4449=ORIENTED_EDGE('',*,*,#3182,.F.);
#4450=ORIENTED_EDGE('',*,*,#3188,.F.);
#4451=ORIENTED_EDGE('',*,*,#3198,.F.);
#4452=ORIENTED_EDGE('',*,*,#3199,.T.);
#4453=ORIENTED_EDGE('',*,*,#3183,.F.);
#4454=ORIENTED_EDGE('',*,*,#3199,.F.);
#4455=ORIENTED_EDGE('',*,*,#3200,.F.);
#4456=ORIENTED_EDGE('',*,*,#3201,.T.);
#4457=ORIENTED_EDGE('',*,*,#3184,.F.);
#4458=ORIENTED_EDGE('',*,*,#3201,.F.);
#4459=ORIENTED_EDGE('',*,*,#3202,.F.);
#4460=ORIENTED_EDGE('',*,*,#3203,.T.);
#4461=ORIENTED_EDGE('',*,*,#3185,.F.);
#4462=ORIENTED_EDGE('',*,*,#3203,.F.);
#4463=ORIENTED_EDGE('',*,*,#3204,.F.);
#4464=ORIENTED_EDGE('',*,*,#3193,.T.);
#4465=ORIENTED_EDGE('',*,*,#3177,.F.);
#4466=ORIENTED_EDGE('',*,*,#3205,.F.);
#4467=ORIENTED_EDGE('',*,*,#2803,.F.);
#4468=ORIENTED_EDGE('',*,*,#3197,.T.);
#4469=ORIENTED_EDGE('',*,*,#3176,.F.);
#4470=ORIENTED_EDGE('',*,*,#3196,.F.);
#4471=ORIENTED_EDGE('',*,*,#2804,.F.);
#4472=ORIENTED_EDGE('',*,*,#3205,.T.);
#4473=ORIENTED_EDGE('',*,*,#3206,.T.);
#4474=ORIENTED_EDGE('',*,*,#3207,.T.);
#4475=ORIENTED_EDGE('',*,*,#3208,.T.);
#4476=ORIENTED_EDGE('',*,*,#3209,.T.);
#4477=ORIENTED_EDGE('',*,*,#3210,.T.);
#4478=ORIENTED_EDGE('',*,*,#3211,.T.);
#4479=ORIENTED_EDGE('',*,*,#3208,.F.);
#4480=ORIENTED_EDGE('',*,*,#3212,.F.);
#4481=ORIENTED_EDGE('',*,*,#2805,.F.);
#4482=ORIENTED_EDGE('',*,*,#3213,.T.);
#4483=ORIENTED_EDGE('',*,*,#3207,.F.);
#4484=ORIENTED_EDGE('',*,*,#3214,.F.);
#4485=ORIENTED_EDGE('',*,*,#2806,.F.);
#4486=ORIENTED_EDGE('',*,*,#3212,.T.);
#4487=ORIENTED_EDGE('',*,*,#3206,.F.);
#4488=ORIENTED_EDGE('',*,*,#3215,.F.);
#4489=ORIENTED_EDGE('',*,*,#2807,.F.);
#4490=ORIENTED_EDGE('',*,*,#3214,.T.);
#4491=ORIENTED_EDGE('',*,*,#3211,.F.);
#4492=ORIENTED_EDGE('',*,*,#3216,.F.);
#4493=ORIENTED_EDGE('',*,*,#2808,.F.);
#4494=ORIENTED_EDGE('',*,*,#3215,.T.);
#4495=ORIENTED_EDGE('',*,*,#3210,.F.);
#4496=ORIENTED_EDGE('',*,*,#3217,.F.);
#4497=ORIENTED_EDGE('',*,*,#2809,.F.);
#4498=ORIENTED_EDGE('',*,*,#3216,.T.);
#4499=ORIENTED_EDGE('',*,*,#3209,.F.);
#4500=ORIENTED_EDGE('',*,*,#3213,.F.);
#4501=ORIENTED_EDGE('',*,*,#2810,.F.);
#4502=ORIENTED_EDGE('',*,*,#3217,.T.);
#4503=ORIENTED_EDGE('',*,*,#3187,.T.);
#4504=ORIENTED_EDGE('',*,*,#3190,.T.);
#4505=ORIENTED_EDGE('',*,*,#3192,.T.);
#4506=ORIENTED_EDGE('',*,*,#3194,.T.);
#4507=ORIENTED_EDGE('',*,*,#3204,.T.);
#4508=ORIENTED_EDGE('',*,*,#3202,.T.);
#4509=ORIENTED_EDGE('',*,*,#3200,.T.);
#4510=ORIENTED_EDGE('',*,*,#3198,.T.);
#4511=ORIENTED_EDGE('',*,*,#3147,.T.);
#4512=ORIENTED_EDGE('',*,*,#3150,.T.);
#4513=ORIENTED_EDGE('',*,*,#3152,.T.);
#4514=ORIENTED_EDGE('',*,*,#3154,.T.);
#4515=ORIENTED_EDGE('',*,*,#3167,.T.);
#4516=ORIENTED_EDGE('',*,*,#3165,.T.);
#4517=ORIENTED_EDGE('',*,*,#3163,.T.);
#4518=ORIENTED_EDGE('',*,*,#3043,.T.);
#4519=ORIENTED_EDGE('',*,*,#3046,.T.);
#4520=ORIENTED_EDGE('',*,*,#3048,.T.);
#4521=ORIENTED_EDGE('',*,*,#3050,.T.);
#4522=ORIENTED_EDGE('',*,*,#3060,.T.);
#4523=ORIENTED_EDGE('',*,*,#3058,.T.);
#4524=ORIENTED_EDGE('',*,*,#3056,.T.);
#4525=ORIENTED_EDGE('',*,*,#2989,.T.);
#4526=ORIENTED_EDGE('',*,*,#2992,.T.);
#4527=ORIENTED_EDGE('',*,*,#2994,.T.);
#4528=ORIENTED_EDGE('',*,*,#3004,.T.);
#4529=ORIENTED_EDGE('',*,*,#3002,.T.);
#4530=ORIENTED_EDGE('',*,*,#3000,.T.);
#4531=ORIENTED_EDGE('',*,*,#2909,.T.);
#4532=ORIENTED_EDGE('',*,*,#2912,.T.);
#4533=ORIENTED_EDGE('',*,*,#2918,.T.);
#4534=ORIENTED_EDGE('',*,*,#2845,.T.);
#4535=ORIENTED_EDGE('',*,*,#2848,.T.);
#4536=ORIENTED_EDGE('',*,*,#2850,.T.);
#4537=ORIENTED_EDGE('',*,*,#2852,.T.);
#4538=ORIENTED_EDGE('',*,*,#2868,.T.);
#4539=ORIENTED_EDGE('',*,*,#2866,.T.);
#4540=ORIENTED_EDGE('',*,*,#2864,.T.);
#4541=ORIENTED_EDGE('',*,*,#3218,.T.);
#4542=ORIENTED_EDGE('',*,*,#3219,.F.);
#4543=ORIENTED_EDGE('',*,*,#3218,.F.);
#4544=ORIENTED_EDGE('',*,*,#3220,.T.);
#4545=ORIENTED_EDGE('',*,*,#3221,.F.);
#4546=ORIENTED_EDGE('',*,*,#3220,.F.);
#4547=ORIENTED_EDGE('',*,*,#3222,.F.);
#4548=ORIENTED_EDGE('',*,*,#3223,.T.);
#4549=ORIENTED_EDGE('',*,*,#3219,.T.);
#4550=ORIENTED_EDGE('',*,*,#3223,.F.);
#4551=ORIENTED_EDGE('',*,*,#3222,.T.);
#4552=ORIENTED_EDGE('',*,*,#3224,.T.);
#4553=ORIENTED_EDGE('',*,*,#3225,.F.);
#4554=ORIENTED_EDGE('',*,*,#3224,.F.);
#4555=ORIENTED_EDGE('',*,*,#3226,.T.);
#4556=ORIENTED_EDGE('',*,*,#3227,.F.);
#4557=ORIENTED_EDGE('',*,*,#3226,.F.);
#4558=ORIENTED_EDGE('',*,*,#3228,.F.);
#4559=ORIENTED_EDGE('',*,*,#3229,.T.);
#4560=ORIENTED_EDGE('',*,*,#3225,.T.);
#4561=ORIENTED_EDGE('',*,*,#3229,.F.);
#4562=ORIENTED_EDGE('',*,*,#3228,.T.);
#4563=ORIENTED_EDGE('',*,*,#3230,.T.);
#4564=ORIENTED_EDGE('',*,*,#3231,.F.);
#4565=ORIENTED_EDGE('',*,*,#3230,.F.);
#4566=ORIENTED_EDGE('',*,*,#3232,.T.);
#4567=ORIENTED_EDGE('',*,*,#3233,.F.);
#4568=ORIENTED_EDGE('',*,*,#3232,.F.);
#4569=ORIENTED_EDGE('',*,*,#3234,.F.);
#4570=ORIENTED_EDGE('',*,*,#3235,.T.);
#4571=ORIENTED_EDGE('',*,*,#3231,.T.);
#4572=ORIENTED_EDGE('',*,*,#3235,.F.);
#4573=ORIENTED_EDGE('',*,*,#3234,.T.);
#4574=ORIENTED_EDGE('',*,*,#3236,.T.);
#4575=ORIENTED_EDGE('',*,*,#3237,.F.);
#4576=ORIENTED_EDGE('',*,*,#3236,.F.);
#4577=ORIENTED_EDGE('',*,*,#3238,.T.);
#4578=ORIENTED_EDGE('',*,*,#3239,.F.);
#4579=ORIENTED_EDGE('',*,*,#3238,.F.);
#4580=ORIENTED_EDGE('',*,*,#3240,.F.);
#4581=ORIENTED_EDGE('',*,*,#3241,.T.);
#4582=ORIENTED_EDGE('',*,*,#3237,.T.);
#4583=ORIENTED_EDGE('',*,*,#3241,.F.);
#4584=ORIENTED_EDGE('',*,*,#3240,.T.);
#4585=ORIENTED_EDGE('',*,*,#3242,.F.);
#4586=ORIENTED_EDGE('',*,*,#3243,.F.);
#4587=ORIENTED_EDGE('',*,*,#3244,.F.);
#4588=ORIENTED_EDGE('',*,*,#3245,.F.);
#4589=ORIENTED_EDGE('',*,*,#3246,.F.);
#4590=ORIENTED_EDGE('',*,*,#3247,.F.);
#4591=ORIENTED_EDGE('',*,*,#3248,.F.);
#4592=ORIENTED_EDGE('',*,*,#3249,.F.);
#4593=ORIENTED_EDGE('',*,*,#3221,.T.);
#4594=ORIENTED_EDGE('',*,*,#3227,.T.);
#4595=ORIENTED_EDGE('',*,*,#3233,.T.);
#4596=ORIENTED_EDGE('',*,*,#3239,.T.);
#4597=ORIENTED_EDGE('',*,*,#2672,.F.);
#4598=ORIENTED_EDGE('',*,*,#2673,.T.);
#4599=ORIENTED_EDGE('',*,*,#2657,.F.);
#4600=ORIENTED_EDGE('',*,*,#2674,.T.);
#4601=ORIENTED_EDGE('',*,*,#2660,.F.);
#4602=ORIENTED_EDGE('',*,*,#3250,.T.);
#4603=ORIENTED_EDGE('',*,*,#3251,.F.);
#4604=ORIENTED_EDGE('',*,*,#3252,.T.);
#4605=ORIENTED_EDGE('',*,*,#2639,.F.);
#4606=ORIENTED_EDGE('',*,*,#3253,.T.);
#4607=ORIENTED_EDGE('',*,*,#2628,.F.);
#4608=ORIENTED_EDGE('',*,*,#3254,.T.);
#4609=ORIENTED_EDGE('',*,*,#3255,.F.);
#4610=ORIENTED_EDGE('',*,*,#3256,.T.);
#4611=ORIENTED_EDGE('',*,*,#2607,.F.);
#4612=ORIENTED_EDGE('',*,*,#3257,.T.);
#4613=ORIENTED_EDGE('',*,*,#2599,.F.);
#4614=ORIENTED_EDGE('',*,*,#2664,.T.);
#4615=ORIENTED_EDGE('',*,*,#2666,.F.);
#4616=ORIENTED_EDGE('',*,*,#2667,.T.);
#4617=ORIENTED_EDGE('',*,*,#2625,.F.);
#4618=ORIENTED_EDGE('',*,*,#2668,.T.);
#4619=ORIENTED_EDGE('',*,*,#2636,.F.);
#4620=ORIENTED_EDGE('',*,*,#2670,.T.);
#4621=ORIENTED_EDGE('',*,*,#2618,.F.);
#4622=ORIENTED_EDGE('',*,*,#3258,.T.);
#4623=ORIENTED_EDGE('',*,*,#3255,.T.);
#4624=ORIENTED_EDGE('',*,*,#3259,.T.);
#4625=ORIENTED_EDGE('',*,*,#2622,.F.);
#4626=ORIENTED_EDGE('',*,*,#3259,.F.);
#4627=ORIENTED_EDGE('',*,*,#3254,.F.);
#4628=ORIENTED_EDGE('',*,*,#2630,.F.);
#4629=ORIENTED_EDGE('',*,*,#2650,.F.);
#4630=ORIENTED_EDGE('',*,*,#3260,.T.);
#4631=ORIENTED_EDGE('',*,*,#3251,.T.);
#4632=ORIENTED_EDGE('',*,*,#3261,.T.);
#4633=ORIENTED_EDGE('',*,*,#2640,.F.);
#4634=ORIENTED_EDGE('',*,*,#3252,.F.);
#4635=ORIENTED_EDGE('',*,*,#3260,.F.);
#4636=ORIENTED_EDGE('',*,*,#2644,.F.);
#4637=ORIENTED_EDGE('',*,*,#2608,.F.);
#4638=ORIENTED_EDGE('',*,*,#3256,.F.);
#4639=ORIENTED_EDGE('',*,*,#3258,.F.);
#4640=ORIENTED_EDGE('',*,*,#2612,.F.);
#4641=ORIENTED_EDGE('',*,*,#2654,.F.);
#4642=ORIENTED_EDGE('',*,*,#3261,.F.);
#4643=ORIENTED_EDGE('',*,*,#3250,.F.);
#4644=ORIENTED_EDGE('',*,*,#2662,.F.);
#4645=ORIENTED_EDGE('',*,*,#3262,.T.);
#4646=ORIENTED_EDGE('',*,*,#3263,.T.);
#4647=ORIENTED_EDGE('',*,*,#3264,.T.);
#4648=ORIENTED_EDGE('',*,*,#3265,.T.);
#4649=ORIENTED_EDGE('',*,*,#3266,.F.);
#4650=ORIENTED_EDGE('',*,*,#3247,.T.);
#4651=ORIENTED_EDGE('',*,*,#3267,.F.);
#4652=ORIENTED_EDGE('',*,*,#3262,.F.);
#4653=ORIENTED_EDGE('',*,*,#3268,.T.);
#4654=ORIENTED_EDGE('',*,*,#3269,.T.);
#4655=ORIENTED_EDGE('',*,*,#3270,.T.);
#4656=ORIENTED_EDGE('',*,*,#3271,.T.);
#4657=ORIENTED_EDGE('',*,*,#3272,.F.);
#4658=ORIENTED_EDGE('',*,*,#3245,.T.);
#4659=ORIENTED_EDGE('',*,*,#3273,.F.);
#4660=ORIENTED_EDGE('',*,*,#3268,.F.);
#4661=ORIENTED_EDGE('',*,*,#3264,.F.);
#4662=ORIENTED_EDGE('',*,*,#3274,.F.);
#4663=ORIENTED_EDGE('',*,*,#3270,.F.);
#4664=ORIENTED_EDGE('',*,*,#3275,.F.);
#4665=ORIENTED_EDGE('',*,*,#3276,.F.);
#4666=ORIENTED_EDGE('',*,*,#3277,.F.);
#4667=ORIENTED_EDGE('',*,*,#3278,.F.);
#4668=ORIENTED_EDGE('',*,*,#3279,.F.);
#4669=ORIENTED_EDGE('',*,*,#3280,.T.);
#4670=ORIENTED_EDGE('',*,*,#3281,.T.);
#4671=ORIENTED_EDGE('',*,*,#3276,.T.);
#4672=ORIENTED_EDGE('',*,*,#3282,.T.);
#4673=ORIENTED_EDGE('',*,*,#3283,.F.);
#4674=ORIENTED_EDGE('',*,*,#3243,.T.);
#4675=ORIENTED_EDGE('',*,*,#3284,.F.);
#4676=ORIENTED_EDGE('',*,*,#3280,.F.);
#4677=ORIENTED_EDGE('',*,*,#2629,.F.);
#4678=ORIENTED_EDGE('',*,*,#3253,.F.);
#4679=ORIENTED_EDGE('',*,*,#2641,.F.);
#4680=ORIENTED_EDGE('',*,*,#2631,.F.);
#4681=ORIENTED_EDGE('',*,*,#2836,.T.);
#4682=ORIENTED_EDGE('',*,*,#2839,.T.);
#4683=ORIENTED_EDGE('',*,*,#2841,.T.);
#4684=ORIENTED_EDGE('',*,*,#2843,.T.);
#4685=ORIENTED_EDGE('',*,*,#2863,.T.);
#4686=ORIENTED_EDGE('',*,*,#2861,.T.);
#4687=ORIENTED_EDGE('',*,*,#2859,.T.);
#4688=ORIENTED_EDGE('',*,*,#2600,.F.);
#4689=ORIENTED_EDGE('',*,*,#3257,.F.);
#4690=ORIENTED_EDGE('',*,*,#2609,.F.);
#4691=ORIENTED_EDGE('',*,*,#2602,.F.);
#4692=ORIENTED_EDGE('',*,*,#3281,.F.);
#4693=ORIENTED_EDGE('',*,*,#3285,.F.);
#4694=ORIENTED_EDGE('',*,*,#3286,.F.);
#4695=ORIENTED_EDGE('',*,*,#3277,.T.);
#4696=ORIENTED_EDGE('',*,*,#3284,.T.);
#4697=ORIENTED_EDGE('',*,*,#3242,.T.);
#4698=ORIENTED_EDGE('',*,*,#3287,.T.);
#4699=ORIENTED_EDGE('',*,*,#3285,.T.);
#4700=ORIENTED_EDGE('',*,*,#3288,.F.);
#4701=ORIENTED_EDGE('',*,*,#3289,.F.);
#4702=ORIENTED_EDGE('',*,*,#3265,.F.);
#4703=ORIENTED_EDGE('',*,*,#3279,.T.);
#4704=ORIENTED_EDGE('',*,*,#3290,.T.);
#4705=ORIENTED_EDGE('',*,*,#3248,.T.);
#4706=ORIENTED_EDGE('',*,*,#3266,.T.);
#4707=ORIENTED_EDGE('',*,*,#3289,.T.);
#4708=ORIENTED_EDGE('',*,*,#3269,.F.);
#4709=ORIENTED_EDGE('',*,*,#3291,.F.);
#4710=ORIENTED_EDGE('',*,*,#3282,.F.);
#4711=ORIENTED_EDGE('',*,*,#3275,.T.);
#4712=ORIENTED_EDGE('',*,*,#3273,.T.);
#4713=ORIENTED_EDGE('',*,*,#3244,.T.);
#4714=ORIENTED_EDGE('',*,*,#3283,.T.);
#4715=ORIENTED_EDGE('',*,*,#3291,.T.);
#4716=ORIENTED_EDGE('',*,*,#3263,.F.);
#4717=ORIENTED_EDGE('',*,*,#3292,.F.);
#4718=ORIENTED_EDGE('',*,*,#3271,.F.);
#4719=ORIENTED_EDGE('',*,*,#3274,.T.);
#4720=ORIENTED_EDGE('',*,*,#3267,.T.);
#4721=ORIENTED_EDGE('',*,*,#3246,.T.);
#4722=ORIENTED_EDGE('',*,*,#3272,.T.);
#4723=ORIENTED_EDGE('',*,*,#3292,.T.);
#4724=ORIENTED_EDGE('',*,*,#3278,.T.);
#4725=ORIENTED_EDGE('',*,*,#3286,.T.);
#4726=ORIENTED_EDGE('',*,*,#3293,.T.);
#4727=ORIENTED_EDGE('',*,*,#3288,.T.);
#4728=ORIENTED_EDGE('',*,*,#3290,.F.);
#4729=ORIENTED_EDGE('',*,*,#3293,.F.);
#4730=ORIENTED_EDGE('',*,*,#3287,.F.);
#4731=ORIENTED_EDGE('',*,*,#3249,.T.);
#4732=SPHERICAL_SURFACE('',#5039,0.500000000000001);
#4733=SPHERICAL_SURFACE('',#5043,0.5);
#4734=SPHERICAL_SURFACE('',#5047,0.499999999999997);
#4735=SPHERICAL_SURFACE('',#5051,0.5);
#4736=SPHERICAL_SURFACE('',#5055,0.500000000000003);
#4737=SPHERICAL_SURFACE('',#5059,0.5);
#4738=SPHERICAL_SURFACE('',#5063,0.500000000000001);
#4739=SPHERICAL_SURFACE('',#5067,0.500000000000002);
#4740=ADVANCED_FACE('',(#1456),#4732,.F.);
#4741=ADVANCED_FACE('',(#1457),#4733,.F.);
#4742=ADVANCED_FACE('',(#1458),#4734,.F.);
#4743=ADVANCED_FACE('',(#1459),#4735,.F.);
#4744=ADVANCED_FACE('',(#1460),#4736,.F.);
#4745=ADVANCED_FACE('',(#1461),#4737,.F.);
#4746=ADVANCED_FACE('',(#1462),#4738,.F.);
#4747=ADVANCED_FACE('',(#1463),#4739,.F.);
#4748=ADVANCED_FACE('',(#1464),#1416,.F.);
#4749=ADVANCED_FACE('',(#1465),#1417,.F.);
#4750=ADVANCED_FACE('',(#1466),#1418,.F.);
#4751=ADVANCED_FACE('',(#1467),#1419,.F.);
#4752=ADVANCED_FACE('',(#1468),#1420,.F.);
#4753=ADVANCED_FACE('',(#1469),#357,.T.);
#4754=ADVANCED_FACE('',(#1470),#358,.T.);
#4755=ADVANCED_FACE('',(#1471),#1421,.F.);
#4756=ADVANCED_FACE('',(#1472),#1422,.F.);
#4757=ADVANCED_FACE('',(#1473),#1423,.F.);
#4758=ADVANCED_FACE('',(#1474),#1424,.F.);
#4759=ADVANCED_FACE('',(#1475),#1425,.F.);
#4760=ADVANCED_FACE('',(#1476),#1426,.F.);
#4761=ADVANCED_FACE('',(#1477),#1427,.F.);
#4762=ADVANCED_FACE('',(#1478),#1428,.F.);
#4763=ADVANCED_FACE('',(#1479),#1429,.F.);
#4764=ADVANCED_FACE('',(#1480),#1430,.F.);
#4765=ADVANCED_FACE('',(#1481),#359,.T.);
#4766=ADVANCED_FACE('',(#1482),#360,.T.);
#4767=ADVANCED_FACE('',(#1483),#1431,.F.);
#4768=ADVANCED_FACE('',(#1484),#1432,.F.);
#4769=ADVANCED_FACE('',(#1485),#1433,.F.);
#4770=ADVANCED_FACE('',(#1486),#1434,.F.);
#4771=ADVANCED_FACE('',(#1487),#1435,.F.);
#4772=ADVANCED_FACE('',(#1488),#210,.T.);
#4773=ADVANCED_FACE('',(#1489),#1436,.T.);
#4774=ADVANCED_FACE('',(#1490),#211,.T.);
#4775=ADVANCED_FACE('',(#1491),#212,.F.);
#4776=ADVANCED_FACE('',(#1492),#213,.T.);
#4777=ADVANCED_FACE('',(#1493),#1437,.T.);
#4778=ADVANCED_FACE('',(#1494),#214,.T.);
#4779=ADVANCED_FACE('',(#1495),#215,.F.);
#4780=ADVANCED_FACE('',(#1496,#19,#20,#21,#22,#23,#24,#25,#26,#27,#28,#29,
#30,#31),#216,.T.);
#4781=ADVANCED_FACE('',(#1497,#32,#33),#217,.T.);
#4782=ADVANCED_FACE('',(#1498),#218,.F.);
#4783=ADVANCED_FACE('',(#1499),#219,.F.);
#4784=ADVANCED_FACE('',(#1500),#361,.F.);
#4785=ADVANCED_FACE('',(#1501),#362,.F.);
#4786=ADVANCED_FACE('',(#1502),#220,.F.);
#4787=ADVANCED_FACE('',(#1503),#221,.F.);
#4788=ADVANCED_FACE('',(#1504),#363,.F.);
#4789=ADVANCED_FACE('',(#1505),#364,.F.);
#4790=ADVANCED_FACE('',(#1506),#365,.T.);
#4791=ADVANCED_FACE('',(#1507),#222,.T.);
#4792=ADVANCED_FACE('',(#1508),#366,.T.);
#4793=ADVANCED_FACE('',(#1509),#367,.T.);
#4794=ADVANCED_FACE('',(#1510),#368,.T.);
#4795=ADVANCED_FACE('',(#1511),#223,.F.);
#4796=ADVANCED_FACE('',(#1512),#369,.F.);
#4797=ADVANCED_FACE('',(#1513),#370,.F.);
#4798=ADVANCED_FACE('',(#1514),#224,.F.);
#4799=ADVANCED_FACE('',(#1515),#371,.F.);
#4800=ADVANCED_FACE('',(#1516),#372,.F.);
#4801=ADVANCED_FACE('',(#1517),#225,.T.);
#4802=ADVANCED_FACE('',(#1518),#226,.T.);
#4803=ADVANCED_FACE('',(#1519),#227,.T.);
#4804=ADVANCED_FACE('',(#1520),#373,.T.);
#4805=ADVANCED_FACE('',(#1521),#374,.T.);
#4806=ADVANCED_FACE('',(#1522),#228,.T.);
#4807=ADVANCED_FACE('',(#1523),#229,.T.);
#4808=ADVANCED_FACE('',(#1524),#230,.T.);
#4809=ADVANCED_FACE('',(#1525),#231,.T.);
#4810=ADVANCED_FACE('',(#1526),#232,.T.);
#4811=ADVANCED_FACE('',(#1527),#233,.T.);
#4812=ADVANCED_FACE('',(#1528),#234,.T.);
#4813=ADVANCED_FACE('',(#1529),#235,.T.);
#4814=ADVANCED_FACE('',(#1530),#236,.T.);
#4815=ADVANCED_FACE('',(#1531),#237,.T.);
#4816=ADVANCED_FACE('',(#1532),#238,.T.);
#4817=ADVANCED_FACE('',(#1533),#239,.T.);
#4818=ADVANCED_FACE('',(#1534),#240,.T.);
#4819=ADVANCED_FACE('',(#1535,#34),#241,.T.);
#4820=ADVANCED_FACE('',(#1536),#242,.F.);
#4821=ADVANCED_FACE('',(#1537),#243,.F.);
#4822=ADVANCED_FACE('',(#1538),#244,.T.);
#4823=ADVANCED_FACE('',(#1539),#245,.T.);
#4824=ADVANCED_FACE('',(#1540),#246,.T.);
#4825=ADVANCED_FACE('',(#1541),#247,.T.);
#4826=ADVANCED_FACE('',(#1542),#248,.F.);
#4827=ADVANCED_FACE('',(#1543),#249,.T.);
#4828=ADVANCED_FACE('',(#1544),#250,.T.);
#4829=ADVANCED_FACE('',(#1545),#251,.T.);
#4830=ADVANCED_FACE('',(#1546),#252,.T.);
#4831=ADVANCED_FACE('',(#1547),#253,.T.);
#4832=ADVANCED_FACE('',(#1548),#254,.T.);
#4833=ADVANCED_FACE('',(#1549),#255,.T.);
#4834=ADVANCED_FACE('',(#1550),#256,.T.);
#4835=ADVANCED_FACE('',(#1551),#257,.T.);
#4836=ADVANCED_FACE('',(#1552),#258,.T.);
#4837=ADVANCED_FACE('',(#1553),#259,.T.);
#4838=ADVANCED_FACE('',(#1554),#260,.T.);
#4839=ADVANCED_FACE('',(#1555),#261,.T.);
#4840=ADVANCED_FACE('',(#1556),#262,.T.);
#4841=ADVANCED_FACE('',(#1557),#263,.T.);
#4842=ADVANCED_FACE('',(#1558),#264,.T.);
#4843=ADVANCED_FACE('',(#1559),#265,.T.);
#4844=ADVANCED_FACE('',(#1560),#266,.T.);
#4845=ADVANCED_FACE('',(#1561),#267,.T.);
#4846=ADVANCED_FACE('',(#1562),#268,.T.);
#4847=ADVANCED_FACE('',(#1563),#269,.T.);
#4848=ADVANCED_FACE('',(#1564),#270,.T.);
#4849=ADVANCED_FACE('',(#1565),#271,.T.);
#4850=ADVANCED_FACE('',(#1566),#272,.T.);
#4851=ADVANCED_FACE('',(#1567),#273,.T.);
#4852=ADVANCED_FACE('',(#1568),#274,.T.);
#4853=ADVANCED_FACE('',(#1569),#275,.T.);
#4854=ADVANCED_FACE('',(#1570),#276,.T.);
#4855=ADVANCED_FACE('',(#1571),#277,.T.);
#4856=ADVANCED_FACE('',(#1572),#278,.T.);
#4857=ADVANCED_FACE('',(#1573),#279,.T.);
#4858=ADVANCED_FACE('',(#1574),#280,.T.);
#4859=ADVANCED_FACE('',(#1575,#35),#281,.T.);
#4860=ADVANCED_FACE('',(#1576),#375,.F.);
#4861=ADVANCED_FACE('',(#1577),#376,.F.);
#4862=ADVANCED_FACE('',(#1578),#377,.F.);
#4863=ADVANCED_FACE('',(#1579),#378,.T.);
#4864=ADVANCED_FACE('',(#1580),#379,.T.);
#4865=ADVANCED_FACE('',(#1581),#380,.T.);
#4866=ADVANCED_FACE('',(#1582),#381,.T.);
#4867=ADVANCED_FACE('',(#1583),#382,.F.);
#4868=ADVANCED_FACE('',(#1584),#383,.F.);
#4869=ADVANCED_FACE('',(#1585),#384,.F.);
#4870=ADVANCED_FACE('',(#1586),#385,.T.);
#4871=ADVANCED_FACE('',(#1587),#386,.T.);
#4872=ADVANCED_FACE('',(#1588),#387,.T.);
#4873=ADVANCED_FACE('',(#1589),#388,.T.);
#4874=ADVANCED_FACE('',(#1590),#282,.T.);
#4875=ADVANCED_FACE('',(#1591),#283,.T.);
#4876=ADVANCED_FACE('',(#1592),#284,.T.);
#4877=ADVANCED_FACE('',(#1593),#285,.T.);
#4878=ADVANCED_FACE('',(#1594),#286,.T.);
#4879=ADVANCED_FACE('',(#1595),#287,.T.);
#4880=ADVANCED_FACE('',(#1596),#288,.T.);
#4881=ADVANCED_FACE('',(#1597),#289,.T.);
#4882=ADVANCED_FACE('',(#1598),#290,.T.);
#4883=ADVANCED_FACE('',(#1599),#291,.T.);
#4884=ADVANCED_FACE('',(#1600),#292,.T.);
#4885=ADVANCED_FACE('',(#1601,#36),#293,.T.);
#4886=ADVANCED_FACE('',(#1602),#294,.F.);
#4887=ADVANCED_FACE('',(#1603),#295,.F.);
#4888=ADVANCED_FACE('',(#1604),#389,.F.);
#4889=ADVANCED_FACE('',(#1605),#390,.F.);
#4890=ADVANCED_FACE('',(#1606),#391,.T.);
#4891=ADVANCED_FACE('',(#1607),#392,.T.);
#4892=ADVANCED_FACE('',(#1608),#393,.T.);
#4893=ADVANCED_FACE('',(#1609),#394,.T.);
#4894=ADVANCED_FACE('',(#1610),#296,.F.);
#4895=ADVANCED_FACE('',(#1611),#395,.F.);
#4896=ADVANCED_FACE('',(#1612),#396,.F.);
#4897=ADVANCED_FACE('',(#1613),#297,.T.);
#4898=ADVANCED_FACE('',(#1614),#298,.T.);
#4899=ADVANCED_FACE('',(#1615),#299,.T.);
#4900=ADVANCED_FACE('',(#1616),#300,.T.);
#4901=ADVANCED_FACE('',(#1617),#301,.T.);
#4902=ADVANCED_FACE('',(#1618),#302,.T.);
#4903=ADVANCED_FACE('',(#1619),#303,.T.);
#4904=ADVANCED_FACE('',(#1620),#304,.T.);
#4905=ADVANCED_FACE('',(#1621),#305,.T.);
#4906=ADVANCED_FACE('',(#1622),#306,.T.);
#4907=ADVANCED_FACE('',(#1623),#307,.T.);
#4908=ADVANCED_FACE('',(#1624),#308,.T.);
#4909=ADVANCED_FACE('',(#1625),#309,.T.);
#4910=ADVANCED_FACE('',(#1626),#310,.T.);
#4911=ADVANCED_FACE('',(#1627),#397,.T.);
#4912=ADVANCED_FACE('',(#1628),#311,.T.);
#4913=ADVANCED_FACE('',(#1629),#312,.T.);
#4914=ADVANCED_FACE('',(#1630),#313,.T.);
#4915=ADVANCED_FACE('',(#1631),#314,.T.);
#4916=ADVANCED_FACE('',(#1632),#315,.T.);
#4917=ADVANCED_FACE('',(#1633),#316,.T.);
#4918=ADVANCED_FACE('',(#1634),#398,.T.);
#4919=ADVANCED_FACE('',(#1635),#399,.T.);
#4920=ADVANCED_FACE('',(#1636),#400,.T.);
#4921=ADVANCED_FACE('',(#1637),#401,.T.);
#4922=ADVANCED_FACE('',(#1638),#402,.T.);
#4923=ADVANCED_FACE('',(#1639),#403,.T.);
#4924=ADVANCED_FACE('',(#1640),#317,.T.);
#4925=ADVANCED_FACE('',(#1641),#318,.T.);
#4926=ADVANCED_FACE('',(#1642),#404,.T.);
#4927=ADVANCED_FACE('',(#1643),#405,.T.);
#4928=ADVANCED_FACE('',(#1644),#406,.T.);
#4929=ADVANCED_FACE('',(#1645),#407,.T.);
#4930=ADVANCED_FACE('',(#1646),#408,.T.);
#4931=ADVANCED_FACE('',(#1647),#409,.T.);
#4932=ADVANCED_FACE('',(#1648),#410,.T.);
#4933=ADVANCED_FACE('',(#1649,#37),#319,.T.);
#4934=ADVANCED_FACE('',(#1650),#411,.F.);
#4935=ADVANCED_FACE('',(#1651),#412,.F.);
#4936=ADVANCED_FACE('',(#1652),#413,.F.);
#4937=ADVANCED_FACE('',(#1653),#414,.F.);
#4938=ADVANCED_FACE('',(#1654),#415,.T.);
#4939=ADVANCED_FACE('',(#1655),#416,.T.);
#4940=ADVANCED_FACE('',(#1656),#417,.T.);
#4941=ADVANCED_FACE('',(#1657),#418,.T.);
#4942=ADVANCED_FACE('',(#1658),#419,.T.);
#4943=ADVANCED_FACE('',(#1659),#420,.T.);
#4944=ADVANCED_FACE('',(#1660),#421,.T.);
#4945=ADVANCED_FACE('',(#1661),#422,.F.);
#4946=ADVANCED_FACE('',(#1662),#423,.F.);
#4947=ADVANCED_FACE('',(#1663),#424,.F.);
#4948=ADVANCED_FACE('',(#1664),#425,.T.);
#4949=ADVANCED_FACE('',(#1665),#426,.T.);
#4950=ADVANCED_FACE('',(#1666),#427,.T.);
#4951=ADVANCED_FACE('',(#1667),#428,.T.);
#4952=ADVANCED_FACE('',(#1668),#429,.T.);
#4953=ADVANCED_FACE('',(#1669),#320,.T.);
#4954=ADVANCED_FACE('',(#1670),#321,.T.);
#4955=ADVANCED_FACE('',(#1671,#38),#322,.T.);
#4956=ADVANCED_FACE('',(#1672),#430,.F.);
#4957=ADVANCED_FACE('',(#1673),#431,.F.);
#4958=ADVANCED_FACE('',(#1674),#432,.F.);
#4959=ADVANCED_FACE('',(#1675),#433,.F.);
#4960=ADVANCED_FACE('',(#1676),#434,.T.);
#4961=ADVANCED_FACE('',(#1677),#435,.T.);
#4962=ADVANCED_FACE('',(#1678),#436,.F.);
#4963=ADVANCED_FACE('',(#1679),#437,.F.);
#4964=ADVANCED_FACE('',(#1680),#438,.F.);
#4965=ADVANCED_FACE('',(#1681),#439,.F.);
#4966=ADVANCED_FACE('',(#1682),#440,.T.);
#4967=ADVANCED_FACE('',(#1683),#441,.T.);
#4968=ADVANCED_FACE('',(#1684),#323,.T.);
#4969=ADVANCED_FACE('',(#1685),#324,.T.);
#4970=ADVANCED_FACE('',(#1686),#325,.T.);
#4971=ADVANCED_FACE('',(#1687),#326,.T.);
#4972=ADVANCED_FACE('',(#1688),#327,.T.);
#4973=ADVANCED_FACE('',(#1689),#328,.T.);
#4974=ADVANCED_FACE('',(#1690),#329,.T.);
#4975=ADVANCED_FACE('',(#1691),#330,.T.);
#4976=ADVANCED_FACE('',(#1692),#331,.T.);
#4977=ADVANCED_FACE('',(#1693),#332,.T.);
#4978=ADVANCED_FACE('',(#1694),#333,.T.);
#4979=ADVANCED_FACE('',(#1695),#334,.T.);
#4980=ADVANCED_FACE('',(#1696),#335,.T.);
#4981=ADVANCED_FACE('',(#1697,#39),#336,.T.);
#4982=ADVANCED_FACE('',(#1698),#1438,.F.);
#4983=ADVANCED_FACE('',(#1699),#1439,.F.);
#4984=ADVANCED_FACE('',(#1700),#337,.T.);
#4985=ADVANCED_FACE('',(#1701,#40),#338,.T.);
#4986=ADVANCED_FACE('',(#1702),#1440,.F.);
#4987=ADVANCED_FACE('',(#1703),#1441,.F.);
#4988=ADVANCED_FACE('',(#1704),#339,.T.);
#4989=ADVANCED_FACE('',(#1705,#41),#340,.T.);
#4990=ADVANCED_FACE('',(#1706),#1442,.F.);
#4991=ADVANCED_FACE('',(#1707),#1443,.F.);
#4992=ADVANCED_FACE('',(#1708),#341,.T.);
#4993=ADVANCED_FACE('',(#1709,#42),#342,.T.);
#4994=ADVANCED_FACE('',(#1710),#1444,.F.);
#4995=ADVANCED_FACE('',(#1711),#1445,.F.);
#4996=ADVANCED_FACE('',(#1712),#343,.T.);
#4997=ADVANCED_FACE('',(#1713,#43,#44,#45,#46,#47),#344,.T.);
#4998=ADVANCED_FACE('',(#1714),#1446,.T.);
#4999=ADVANCED_FACE('',(#1715),#345,.T.);
#5000=ADVANCED_FACE('',(#1716),#1447,.T.);
#5001=ADVANCED_FACE('',(#1717),#346,.T.);
#5002=ADVANCED_FACE('',(#1718),#347,.T.);
#5003=ADVANCED_FACE('',(#1719),#348,.T.);
#5004=ADVANCED_FACE('',(#1720),#1448,.T.);
#5005=ADVANCED_FACE('',(#1721),#349,.T.);
#5006=ADVANCED_FACE('',(#1722),#1449,.T.);
#5007=ADVANCED_FACE('',(#1723),#350,.T.);
#5008=ADVANCED_FACE('',(#1724),#351,.F.);
#5009=ADVANCED_FACE('',(#1725),#1450,.T.);
#5010=ADVANCED_FACE('',(#1726),#352,.T.);
#5011=ADVANCED_FACE('',(#1727),#353,.F.);
#5012=ADVANCED_FACE('',(#1728),#354,.T.);
#5013=ADVANCED_FACE('',(#1729),#355,.F.);
#5014=ADVANCED_FACE('',(#1730),#442,.F.);
#5015=ADVANCED_FACE('',(#1731),#1451,.T.);
#5016=ADVANCED_FACE('',(#1732),#443,.F.);
#5017=ADVANCED_FACE('',(#1733),#1452,.T.);
#5018=ADVANCED_FACE('',(#1734),#444,.F.);
#5019=ADVANCED_FACE('',(#1735),#1453,.T.);
#5020=ADVANCED_FACE('',(#1736),#445,.F.);
#5021=ADVANCED_FACE('',(#1737),#1454,.T.);
#5022=ADVANCED_FACE('',(#1738),#1455,.T.);
#5023=ADVANCED_FACE('',(#1739),#356,.T.);
#5024=CLOSED_SHELL('',(#4740,#4741,#4742,#4743,#4744,#4745,#4746,#4747,
#4748,#4749,#4750,#4751,#4752,#4753,#4754,#4755,#4756,#4757,#4758,#4759,
#4760,#4761,#4762,#4763,#4764,#4765,#4766,#4767,#4768,#4769,#4770,#4771,
#4772,#4773,#4774,#4775,#4776,#4777,#4778,#4779,#4780,#4781,#4782,#4783,
#4784,#4785,#4786,#4787,#4788,#4789,#4790,#4791,#4792,#4793,#4794,#4795,
#4796,#4797,#4798,#4799,#4800,#4801,#4802,#4803,#4804,#4805,#4806,#4807,
#4808,#4809,#4810,#4811,#4812,#4813,#4814,#4815,#4816,#4817,#4818,#4819,
#4820,#4821,#4822,#4823,#4824,#4825,#4826,#4827,#4828,#4829,#4830,#4831,
#4832,#4833,#4834,#4835,#4836,#4837,#4838,#4839,#4840,#4841,#4842,#4843,
#4844,#4845,#4846,#4847,#4848,#4849,#4850,#4851,#4852,#4853,#4854,#4855,
#4856,#4857,#4858,#4859,#4860,#4861,#4862,#4863,#4864,#4865,#4866,#4867,
#4868,#4869,#4870,#4871,#4872,#4873,#4874,#4875,#4876,#4877,#4878,#4879,
#4880,#4881,#4882,#4883,#4884,#4885,#4886,#4887,#4888,#4889,#4890,#4891,
#4892,#4893,#4894,#4895,#4896,#4897,#4898,#4899,#4900,#4901,#4902,#4903,
#4904,#4905,#4906,#4907,#4908,#4909,#4910,#4911,#4912,#4913,#4914,#4915,
#4916,#4917,#4918,#4919,#4920,#4921,#4922,#4923,#4924,#4925,#4926,#4927,
#4928,#4929,#4930,#4931,#4932,#4933,#4934,#4935,#4936,#4937,#4938,#4939,
#4940,#4941,#4942,#4943,#4944,#4945,#4946,#4947,#4948,#4949,#4950,#4951,
#4952,#4953,#4954,#4955,#4956,#4957,#4958,#4959,#4960,#4961,#4962,#4963,
#4964,#4965,#4966,#4967,#4968,#4969,#4970,#4971,#4972,#4973,#4974,#4975,
#4976,#4977,#4978,#4979,#4980,#4981,#4982,#4983,#4984,#4985,#4986,#4987,
#4988,#4989,#4990,#4991,#4992,#4993,#4994,#4995,#4996,#4997,#4998,#4999,
#5000,#5001,#5002,#5003,#5004,#5005,#5006,#5007,#5008,#5009,#5010,#5011,
#5012,#5013,#5014,#5015,#5016,#5017,#5018,#5019,#5020,#5021,#5022,#5023));
#5025=DERIVED_UNIT_ELEMENT(#5027,1.);
#5026=DERIVED_UNIT_ELEMENT(#9270,-3.);
#5027=(
MASS_UNIT()
NAMED_UNIT(*)
SI_UNIT(.KILO.,.GRAM.)
);
#5028=DERIVED_UNIT((#5025,#5026));
#5029=MEASURE_REPRESENTATION_ITEM('density measure',
POSITIVE_RATIO_MEASURE(7850.),#5028);
#5030=PROPERTY_DEFINITION_REPRESENTATION(#5035,#5032);
#5031=PROPERTY_DEFINITION_REPRESENTATION(#5036,#5033);
#5032=REPRESENTATION('material name',(#5034),#9267);
#5033=REPRESENTATION('density',(#5029),#9267);
#5034=DESCRIPTIVE_REPRESENTATION_ITEM('Acero','Acero');
#5035=PROPERTY_DEFINITION('material property','material name',#9282);
#5036=PROPERTY_DEFINITION('material property','density of part',#9282);
#5037=AXIS2_PLACEMENT_3D('',#6364,#5323,#5324);
#5038=AXIS2_PLACEMENT_3D('',#6365,#5325,#5326);
#5039=AXIS2_PLACEMENT_3D('',#6366,#5327,#5328);
#5040=AXIS2_PLACEMENT_3D('',#6369,#5329,#5330);
#5041=AXIS2_PLACEMENT_3D('',#6371,#5331,#5332);
#5042=AXIS2_PLACEMENT_3D('',#6372,#5333,#5334);
#5043=AXIS2_PLACEMENT_3D('',#6373,#5335,#5336);
#5044=AXIS2_PLACEMENT_3D('',#6376,#5337,#5338);
#5045=AXIS2_PLACEMENT_3D('',#6378,#5339,#5340);
#5046=AXIS2_PLACEMENT_3D('',#6379,#5341,#5342);
#5047=AXIS2_PLACEMENT_3D('',#6380,#5343,#5344);
#5048=AXIS2_PLACEMENT_3D('',#6383,#5345,#5346);
#5049=AXIS2_PLACEMENT_3D('',#6385,#5347,#5348);
#5050=AXIS2_PLACEMENT_3D('',#6386,#5349,#5350);
#5051=AXIS2_PLACEMENT_3D('',#6387,#5351,#5352);
#5052=AXIS2_PLACEMENT_3D('',#6390,#5353,#5354);
#5053=AXIS2_PLACEMENT_3D('',#6392,#5355,#5356);
#5054=AXIS2_PLACEMENT_3D('',#6393,#5357,#5358);
#5055=AXIS2_PLACEMENT_3D('',#6394,#5359,#5360);
#5056=AXIS2_PLACEMENT_3D('',#6397,#5361,#5362);
#5057=AXIS2_PLACEMENT_3D('',#6399,#5363,#5364);
#5058=AXIS2_PLACEMENT_3D('',#6400,#5365,#5366);
#5059=AXIS2_PLACEMENT_3D('',#6401,#5367,#5368);
#5060=AXIS2_PLACEMENT_3D('',#6404,#5369,#5370);
#5061=AXIS2_PLACEMENT_3D('',#6406,#5371,#5372);
#5062=AXIS2_PLACEMENT_3D('',#6407,#5373,#5374);
#5063=AXIS2_PLACEMENT_3D('',#6408,#5375,#5376);
#5064=AXIS2_PLACEMENT_3D('',#6411,#5377,#5378);
#5065=AXIS2_PLACEMENT_3D('',#6413,#5379,#5380);
#5066=AXIS2_PLACEMENT_3D('',#6414,#5381,#5382);
#5067=AXIS2_PLACEMENT_3D('',#6415,#5383,#5384);
#5068=AXIS2_PLACEMENT_3D('',#6418,#5385,#5386);
#5069=AXIS2_PLACEMENT_3D('',#6420,#5387,#5388);
#5070=AXIS2_PLACEMENT_3D('',#6421,#5389,#5390);
#5071=AXIS2_PLACEMENT_3D('',#6422,#5391,#5392);
#5072=AXIS2_PLACEMENT_3D('',#6425,#5393,#5394);
#5073=AXIS2_PLACEMENT_3D('',#6428,#5397,#5398);
#5074=AXIS2_PLACEMENT_3D('',#6431,#5401,#5402);
#5075=AXIS2_PLACEMENT_3D('',#6434,#5403,#5404);
#5076=AXIS2_PLACEMENT_3D('',#6437,#5407,#5408);
#5077=AXIS2_PLACEMENT_3D('',#6440,#5409,#5410);
#5078=AXIS2_PLACEMENT_3D('',#6443,#5413,#5414);
#5079=AXIS2_PLACEMENT_3D('',#6446,#5415,#5416);
#5080=AXIS2_PLACEMENT_3D('',#6476,#5419,#5420);
#5081=AXIS2_PLACEMENT_3D('',#6477,#5421,#5422);
#5082=AXIS2_PLACEMENT_3D('',#6478,#5423,#5424);
#5083=AXIS2_PLACEMENT_3D('',#6506,#5425,#5426);
#5084=AXIS2_PLACEMENT_3D('',#6507,#5427,#5428);
#5085=AXIS2_PLACEMENT_3D('',#6508,#5429,#5430);
#5086=AXIS2_PLACEMENT_3D('',#6509,#5431,#5432);
#5087=AXIS2_PLACEMENT_3D('',#6512,#5435,#5436);
#5088=AXIS2_PLACEMENT_3D('',#6515,#5439,#5440);
#5089=AXIS2_PLACEMENT_3D('',#6518,#5443,#5444);
#5090=AXIS2_PLACEMENT_3D('',#6521,#5445,#5446);
#5091=AXIS2_PLACEMENT_3D('',#6524,#5449,#5450);
#5092=AXIS2_PLACEMENT_3D('',#6527,#5451,#5452);
#5093=AXIS2_PLACEMENT_3D('',#6530,#5455,#5456);
#5094=AXIS2_PLACEMENT_3D('',#6533,#5459,#5460);
#5095=AXIS2_PLACEMENT_3D('',#6536,#5461,#5462);
#5096=AXIS2_PLACEMENT_3D('',#6539,#5465,#5466);
#5097=AXIS2_PLACEMENT_3D('',#6542,#5467,#5468);
#5098=AXIS2_PLACEMENT_3D('',#6545,#5471,#5472);
#5099=AXIS2_PLACEMENT_3D('',#6548,#5473,#5474);
#5100=AXIS2_PLACEMENT_3D('',#6551,#5477,#5478);
#5101=AXIS2_PLACEMENT_3D('',#6554,#5479,#5480);
#5102=AXIS2_PLACEMENT_3D('',#6584,#5483,#5484);
#5103=AXIS2_PLACEMENT_3D('',#6585,#5485,#5486);
#5104=AXIS2_PLACEMENT_3D('',#6586,#5487,#5488);
#5105=AXIS2_PLACEMENT_3D('',#6614,#5489,#5490);
#5106=AXIS2_PLACEMENT_3D('',#6615,#5491,#5492);
#5107=AXIS2_PLACEMENT_3D('',#6616,#5493,#5494);
#5108=AXIS2_PLACEMENT_3D('',#6617,#5495,#5496);
#5109=AXIS2_PLACEMENT_3D('',#6620,#5499,#5500);
#5110=AXIS2_PLACEMENT_3D('',#6623,#5503,#5504);
#5111=AXIS2_PLACEMENT_3D('',#6626,#5507,#5508);
#5112=AXIS2_PLACEMENT_3D('',#6629,#5509,#5510);
#5113=AXIS2_PLACEMENT_3D('',#6632,#5513,#5514);
#5114=AXIS2_PLACEMENT_3D('',#6635,#5515,#5516);
#5115=AXIS2_PLACEMENT_3D('',#6638,#5519,#5520);
#5116=AXIS2_PLACEMENT_3D('',#6642,#5523,#5524);
#5117=AXIS2_PLACEMENT_3D('',#6645,#5526,#5527);
#5118=AXIS2_PLACEMENT_3D('',#6646,#5528,#5529);
#5119=AXIS2_PLACEMENT_3D('',#6648,#5531,#5532);
#5120=AXIS2_PLACEMENT_3D('',#6650,#5534,#5535);
#5121=AXIS2_PLACEMENT_3D('',#6654,#5538,#5539);
#5122=AXIS2_PLACEMENT_3D('',#6657,#5541,#5542);
#5123=AXIS2_PLACEMENT_3D('',#6658,#5543,#5544);
#5124=AXIS2_PLACEMENT_3D('',#6660,#5546,#5547);
#5125=AXIS2_PLACEMENT_3D('',#6662,#5549,#5550);
#5126=AXIS2_PLACEMENT_3D('',#7079,#5639,#5640);
#5127=AXIS2_PLACEMENT_3D('',#7198,#5651,#5652);
#5128=AXIS2_PLACEMENT_3D('',#7204,#5656,#5657);
#5129=AXIS2_PLACEMENT_3D('',#7236,#5662,#5663);
#5130=AXIS2_PLACEMENT_3D('',#7242,#5667,#5668);
#5131=AXIS2_PLACEMENT_3D('',#7284,#5675,#5676);
#5132=AXIS2_PLACEMENT_3D('',#7313,#5681,#5682);
#5133=AXIS2_PLACEMENT_3D('',#7343,#5686,#5687);
#5134=AXIS2_PLACEMENT_3D('',#7373,#5691,#5692);
#5135=AXIS2_PLACEMENT_3D('',#7375,#5694,#5695);
#5136=AXIS2_PLACEMENT_3D('',#7377,#5697,#5698);
#5137=AXIS2_PLACEMENT_3D('',#7396,#5701,#5702);
#5138=AXIS2_PLACEMENT_3D('',#7421,#5715,#5716);
#5139=AXIS2_PLACEMENT_3D('',#7424,#5719,#5720);
#5140=AXIS2_PLACEMENT_3D('',#7426,#5722,#5723);
#5141=AXIS2_PLACEMENT_3D('',#7428,#5725,#5726);
#5142=AXIS2_PLACEMENT_3D('',#7430,#5728,#5729);
#5143=AXIS2_PLACEMENT_3D('',#7432,#5731,#5732);
#5144=AXIS2_PLACEMENT_3D('',#7434,#5734,#5735);
#5145=AXIS2_PLACEMENT_3D('',#7436,#5737,#5738);
#5146=AXIS2_PLACEMENT_3D('',#7438,#5740,#5741);
#5147=AXIS2_PLACEMENT_3D('',#7440,#5743,#5744);
#5148=AXIS2_PLACEMENT_3D('',#7442,#5746,#5747);
#5149=AXIS2_PLACEMENT_3D('',#7444,#5749,#5750);
#5150=AXIS2_PLACEMENT_3D('',#7445,#5751,#5752);
#5151=AXIS2_PLACEMENT_3D('',#7468,#5764,#5765);
#5152=AXIS2_PLACEMENT_3D('',#7474,#5769,#5770);
#5153=AXIS2_PLACEMENT_3D('',#7478,#5773,#5774);
#5154=AXIS2_PLACEMENT_3D('',#7481,#5777,#5778);
#5155=AXIS2_PLACEMENT_3D('',#7483,#5780,#5781);
#5156=AXIS2_PLACEMENT_3D('',#7485,#5783,#5784);
#5157=AXIS2_PLACEMENT_3D('',#7487,#5786,#5787);
#5158=AXIS2_PLACEMENT_3D('',#7489,#5789,#5790);
#5159=AXIS2_PLACEMENT_3D('',#7491,#5792,#5793);
#5160=AXIS2_PLACEMENT_3D('',#7493,#5795,#5796);
#5161=AXIS2_PLACEMENT_3D('',#7495,#5798,#5799);
#5162=AXIS2_PLACEMENT_3D('',#7496,#5800,#5801);
#5163=AXIS2_PLACEMENT_3D('',#7523,#5815,#5816);
#5164=AXIS2_PLACEMENT_3D('',#7526,#5819,#5820);
#5165=AXIS2_PLACEMENT_3D('',#7528,#5822,#5823);
#5166=AXIS2_PLACEMENT_3D('',#7530,#5825,#5826);
#5167=AXIS2_PLACEMENT_3D('',#7532,#5828,#5829);
#5168=AXIS2_PLACEMENT_3D('',#7534,#5831,#5832);
#5169=AXIS2_PLACEMENT_3D('',#7536,#5834,#5835);
#5170=AXIS2_PLACEMENT_3D('',#7538,#5837,#5838);
#5171=AXIS2_PLACEMENT_3D('',#7540,#5840,#5841);
#5172=AXIS2_PLACEMENT_3D('',#7542,#5843,#5844);
#5173=AXIS2_PLACEMENT_3D('',#7544,#5846,#5847);
#5174=AXIS2_PLACEMENT_3D('',#7546,#5849,#5850);
#5175=AXIS2_PLACEMENT_3D('',#7548,#5852,#5853);
#5176=AXIS2_PLACEMENT_3D('',#7549,#5854,#5855);
#5177=AXIS2_PLACEMENT_3D('',#7576,#5869,#5870);
#5178=AXIS2_PLACEMENT_3D('',#7579,#5873,#5874);
#5179=AXIS2_PLACEMENT_3D('',#7581,#5876,#5877);
#5180=AXIS2_PLACEMENT_3D('',#7583,#5879,#5880);
#5181=AXIS2_PLACEMENT_3D('',#7585,#5882,#5883);
#5182=AXIS2_PLACEMENT_3D('',#7587,#5885,#5886);
#5183=AXIS2_PLACEMENT_3D('',#7589,#5888,#5889);
#5184=AXIS2_PLACEMENT_3D('',#7591,#5891,#5892);
#5185=AXIS2_PLACEMENT_3D('',#7593,#5894,#5895);
#5186=AXIS2_PLACEMENT_3D('',#7595,#5897,#5898);
#5187=AXIS2_PLACEMENT_3D('',#7597,#5900,#5901);
#5188=AXIS2_PLACEMENT_3D('',#7599,#5903,#5904);
#5189=AXIS2_PLACEMENT_3D('',#7601,#5906,#5907);
#5190=AXIS2_PLACEMENT_3D('',#7602,#5908,#5909);
#5191=AXIS2_PLACEMENT_3D('',#7857,#5924,#5925);
#5192=AXIS2_PLACEMENT_3D('',#7878,#5936,#5937);
#5193=AXIS2_PLACEMENT_3D('',#7881,#5940,#5941);
#5194=AXIS2_PLACEMENT_3D('',#7883,#5943,#5944);
#5195=AXIS2_PLACEMENT_3D('',#7885,#5946,#5947);
#5196=AXIS2_PLACEMENT_3D('',#7887,#5949,#5950);
#5197=AXIS2_PLACEMENT_3D('',#7889,#5952,#5953);
#5198=AXIS2_PLACEMENT_3D('',#7891,#5955,#5956);
#5199=AXIS2_PLACEMENT_3D('',#7893,#5958,#5959);
#5200=AXIS2_PLACEMENT_3D('',#7895,#5961,#5962);
#5201=AXIS2_PLACEMENT_3D('',#7897,#5964,#5965);
#5202=AXIS2_PLACEMENT_3D('',#7898,#5966,#5967);
#5203=AXIS2_PLACEMENT_3D('',#7967,#5974,#5975);
#5204=AXIS2_PLACEMENT_3D('',#7973,#5979,#5980);
#5205=AXIS2_PLACEMENT_3D('',#8042,#5990,#5991);
#5206=AXIS2_PLACEMENT_3D('',#8072,#5995,#5996);
#5207=AXIS2_PLACEMENT_3D('',#8074,#5998,#5999);
#5208=AXIS2_PLACEMENT_3D('',#8076,#6001,#6002);
#5209=AXIS2_PLACEMENT_3D('',#8077,#6003,#6004);
#5210=AXIS2_PLACEMENT_3D('',#8105,#6015,#6016);
#5211=AXIS2_PLACEMENT_3D('',#8108,#6019,#6020);
#5212=AXIS2_PLACEMENT_3D('',#8110,#6022,#6023);
#5213=AXIS2_PLACEMENT_3D('',#8112,#6025,#6026);
#5214=AXIS2_PLACEMENT_3D('',#8114,#6028,#6029);
#5215=AXIS2_PLACEMENT_3D('',#8116,#6031,#6032);
#5216=AXIS2_PLACEMENT_3D('',#8118,#6034,#6035);
#5217=AXIS2_PLACEMENT_3D('',#8120,#6037,#6038);
#5218=AXIS2_PLACEMENT_3D('',#8122,#6040,#6041);
#5219=AXIS2_PLACEMENT_3D('',#8124,#6043,#6044);
#5220=AXIS2_PLACEMENT_3D('',#8134,#6046,#6047);
#5221=AXIS2_PLACEMENT_3D('',#8240,#6055,#6056);
#5222=AXIS2_PLACEMENT_3D('',#8243,#6059,#6060);
#5223=AXIS2_PLACEMENT_3D('',#8245,#6062,#6063);
#5224=AXIS2_PLACEMENT_3D('',#8247,#6065,#6066);
#5225=AXIS2_PLACEMENT_3D('',#8249,#6068,#6069);
#5226=AXIS2_PLACEMENT_3D('',#8305,#6077,#6078);
#5227=AXIS2_PLACEMENT_3D('',#8307,#6080,#6081);
#5228=AXIS2_PLACEMENT_3D('',#8371,#6089,#6090);
#5229=AXIS2_PLACEMENT_3D('',#8716,#6113,#6114);
#5230=AXIS2_PLACEMENT_3D('',#8718,#6116,#6117);
#5231=AXIS2_PLACEMENT_3D('',#8719,#6118,#6119);
#5232=AXIS2_PLACEMENT_3D('',#8952,#6132,#6133);
#5233=AXIS2_PLACEMENT_3D('',#8965,#6140,#6141);
#5234=AXIS2_PLACEMENT_3D('',#8968,#6144,#6145);
#5235=AXIS2_PLACEMENT_3D('',#8970,#6147,#6148);
#5236=AXIS2_PLACEMENT_3D('',#8972,#6150,#6151);
#5237=AXIS2_PLACEMENT_3D('',#8974,#6153,#6154);
#5238=AXIS2_PLACEMENT_3D('',#8976,#6156,#6157);
#5239=AXIS2_PLACEMENT_3D('',#8977,#6158,#6159);
#5240=AXIS2_PLACEMENT_3D('',#8978,#6160,#6161);
#5241=AXIS2_PLACEMENT_3D('',#8979,#6162,#6163);
#5242=AXIS2_PLACEMENT_3D('',#8980,#6164,#6165);
#5243=AXIS2_PLACEMENT_3D('',#8981,#6166,#6167);
#5244=AXIS2_PLACEMENT_3D('',#8982,#6168,#6169);
#5245=AXIS2_PLACEMENT_3D('',#8983,#6170,#6171);
#5246=AXIS2_PLACEMENT_3D('',#8985,#6172,#6173);
#5247=AXIS2_PLACEMENT_3D('',#8987,#6174,#6175);
#5248=AXIS2_PLACEMENT_3D('',#8988,#6176,#6177);
#5249=AXIS2_PLACEMENT_3D('',#8991,#6179,#6180);
#5250=AXIS2_PLACEMENT_3D('',#8992,#6181,#6182);
#5251=AXIS2_PLACEMENT_3D('',#8994,#6183,#6184);
#5252=AXIS2_PLACEMENT_3D('',#8996,#6186,#6187);
#5253=AXIS2_PLACEMENT_3D('',#8997,#6188,#6189);
#5254=AXIS2_PLACEMENT_3D('',#8999,#6190,#6191);
#5255=AXIS2_PLACEMENT_3D('',#9001,#6192,#6193);
#5256=AXIS2_PLACEMENT_3D('',#9002,#6194,#6195);
#5257=AXIS2_PLACEMENT_3D('',#9005,#6197,#6198);
#5258=AXIS2_PLACEMENT_3D('',#9006,#6199,#6200);
#5259=AXIS2_PLACEMENT_3D('',#9008,#6201,#6202);
#5260=AXIS2_PLACEMENT_3D('',#9010,#6204,#6205);
#5261=AXIS2_PLACEMENT_3D('',#9011,#6206,#6207);
#5262=AXIS2_PLACEMENT_3D('',#9013,#6208,#6209);
#5263=AXIS2_PLACEMENT_3D('',#9015,#6210,#6211);
#5264=AXIS2_PLACEMENT_3D('',#9016,#6212,#6213);
#5265=AXIS2_PLACEMENT_3D('',#9019,#6215,#6216);
#5266=AXIS2_PLACEMENT_3D('',#9020,#6217,#6218);
#5267=AXIS2_PLACEMENT_3D('',#9022,#6219,#6220);
#5268=AXIS2_PLACEMENT_3D('',#9024,#6222,#6223);
#5269=AXIS2_PLACEMENT_3D('',#9025,#6224,#6225);
#5270=AXIS2_PLACEMENT_3D('',#9027,#6226,#6227);
#5271=AXIS2_PLACEMENT_3D('',#9029,#6228,#6229);
#5272=AXIS2_PLACEMENT_3D('',#9030,#6230,#6231);
#5273=AXIS2_PLACEMENT_3D('',#9033,#6233,#6234);
#5274=AXIS2_PLACEMENT_3D('',#9034,#6235,#6236);
#5275=AXIS2_PLACEMENT_3D('',#9036,#6237,#6238);
#5276=AXIS2_PLACEMENT_3D('',#9038,#6240,#6241);
#5277=AXIS2_PLACEMENT_3D('',#9039,#6242,#6243);
#5278=AXIS2_PLACEMENT_3D('',#9042,#6244,#6245);
#5279=AXIS2_PLACEMENT_3D('',#9046,#6247,#6248);
#5280=AXIS2_PLACEMENT_3D('',#9050,#6250,#6251);
#5281=AXIS2_PLACEMENT_3D('',#9054,#6253,#6254);
#5282=AXIS2_PLACEMENT_3D('',#9059,#6257,#6258);
#5283=AXIS2_PLACEMENT_3D('',#9065,#6262,#6263);
#5284=AXIS2_PLACEMENT_3D('',#9068,#6266,#6267);
#5285=AXIS2_PLACEMENT_3D('',#9071,#6270,#6271);
#5286=AXIS2_PLACEMENT_3D('',#9072,#6272,#6273);
#5287=AXIS2_PLACEMENT_3D('',#9075,#6276,#6277);
#5288=AXIS2_PLACEMENT_3D('',#9076,#6278,#6279);
#5289=AXIS2_PLACEMENT_3D('',#9077,#6280,#6281);
#5290=AXIS2_PLACEMENT_3D('',#9078,#6282,#6283);
#5291=AXIS2_PLACEMENT_3D('',#9083,#6285,#6286);
#5292=AXIS2_PLACEMENT_3D('',#9086,#6288,#6289);
#5293=AXIS2_PLACEMENT_3D('',#9087,#6290,#6291);
#5294=AXIS2_PLACEMENT_3D('',#9090,#6294,#6295);
#5295=AXIS2_PLACEMENT_3D('',#9095,#6297,#6298);
#5296=AXIS2_PLACEMENT_3D('',#9098,#6300,#6301);
#5297=AXIS2_PLACEMENT_3D('',#9099,#6302,#6303);
#5298=AXIS2_PLACEMENT_3D('',#9102,#6306,#6307);
#5299=AXIS2_PLACEMENT_3D('',#9103,#6308,#6309);
#5300=AXIS2_PLACEMENT_3D('',#9105,#6310,#6311);
#5301=AXIS2_PLACEMENT_3D('',#9109,#6313,#6314);
#5302=AXIS2_PLACEMENT_3D('',#9112,#6316,#6317);
#5303=AXIS2_PLACEMENT_3D('',#9113,#6318,#6319);
#5304=AXIS2_PLACEMENT_3D('',#9117,#6321,#6322);
#5305=AXIS2_PLACEMENT_3D('',#9118,#6323,#6324);
#5306=AXIS2_PLACEMENT_3D('',#9119,#6325,#6326);
#5307=AXIS2_PLACEMENT_3D('',#9122,#6329,#6330);
#5308=AXIS2_PLACEMENT_3D('',#9123,#6331,#6332);
#5309=AXIS2_PLACEMENT_3D('',#9124,#6333,#6334);
#5310=AXIS2_PLACEMENT_3D('',#9156,#6335,#6336);
#5311=AXIS2_PLACEMENT_3D('',#9157,#6337,#6338);
#5312=AXIS2_PLACEMENT_3D('',#9158,#6339,#6340);
#5313=AXIS2_PLACEMENT_3D('',#9191,#6342,#6343);
#5314=AXIS2_PLACEMENT_3D('',#9192,#6344,#6345);
#5315=AXIS2_PLACEMENT_3D('',#9193,#6346,#6347);
#5316=AXIS2_PLACEMENT_3D('',#9225,#6349,#6350);
#5317=AXIS2_PLACEMENT_3D('',#9226,#6351,#6352);
#5318=AXIS2_PLACEMENT_3D('',#9257,#6353,#6354);
#5319=AXIS2_PLACEMENT_3D('',#9258,#6355,#6356);
#5320=AXIS2_PLACEMENT_3D('',#9259,#6357,#6358);
#5321=AXIS2_PLACEMENT_3D('',#9261,#6360,#6361);
#5322=AXIS2_PLACEMENT_3D('',#9262,#6362,#6363);
#5323=DIRECTION('axis',(0.,0.,1.));
#5324=DIRECTION('refdir',(1.,0.,0.));
#5325=DIRECTION('axis',(0.,0.,1.));
#5326=DIRECTION('refdir',(1.,0.,0.));
#5327=DIRECTION('center_axis',(0.,0.,1.));
#5328=DIRECTION('ref_axis',(1.,0.,0.));
#5329=DIRECTION('center_axis',(-4.44221814601141E-15,-1.,0.));
#5330=DIRECTION('ref_axis',(0.,0.,-1.));
#5331=DIRECTION('center_axis',(1.,0.,0.));
#5332=DIRECTION('ref_axis',(0.,0.999742609322698,-0.0226873335727795));
#5333=DIRECTION('center_axis',(-0.0244258932901981,0.0226805646561853,0.999444329477061));
#5334=DIRECTION('ref_axis',(-0.706699867507681,0.706728935359259,-0.0333092958586009));
#5335=DIRECTION('center_axis',(0.,0.,1.));
#5336=DIRECTION('ref_axis',(1.,0.,0.));
#5337=DIRECTION('center_axis',(-0.0244258932901981,-0.0226805646561675,
0.999444329477062));
#5338=DIRECTION('ref_axis',(-0.706699867507678,-0.706728935359262,-0.0333092958585883));
#5339=DIRECTION('center_axis',(1.,0.,0.));
#5340=DIRECTION('ref_axis',(0.,0.,-1.));
#5341=DIRECTION('center_axis',(0.,1.,0.));
#5342=DIRECTION('ref_axis',(-0.69841528543101,0.,-0.715692733703732));
#5343=DIRECTION('center_axis',(0.,0.,1.));
#5344=DIRECTION('ref_axis',(1.,0.,0.));
#5345=DIRECTION('center_axis',(1.77681417480414E-14,-1.,0.));
#5346=DIRECTION('ref_axis',(-0.699039579146719,-1.24206343297701E-14,-0.715082978951659));
#5347=DIRECTION('center_axis',(1.,0.,0.));
#5348=DIRECTION('ref_axis',(0.,0.999701489781183,-0.0244321781526492));
#5349=DIRECTION('center_axis',(-0.0226805646561675,0.0244258932901979,0.999444329477062));
#5350=DIRECTION('ref_axis',(-0.706728935359262,0.706699867507678,-0.0333092958585881));
#5351=DIRECTION('center_axis',(0.,0.,1.));
#5352=DIRECTION('ref_axis',(1.,0.,0.));
#5353=DIRECTION('center_axis',(-0.0226805646561671,-0.0244258932901979,
0.999444329477062));
#5354=DIRECTION('ref_axis',(-0.706728935359259,-0.706699867507681,-0.0333092958585879));
#5355=DIRECTION('center_axis',(1.,0.,0.));
#5356=DIRECTION('ref_axis',(0.,0.,-1.));
#5357=DIRECTION('center_axis',(0.,1.,0.));
#5358=DIRECTION('ref_axis',(-0.699039579146716,0.,-0.715082978951662));
#5359=DIRECTION('center_axis',(0.,0.,1.));
#5360=DIRECTION('ref_axis',(1.,0.,0.));
#5361=DIRECTION('center_axis',(-1.,0.,0.));
#5362=DIRECTION('ref_axis',(0.,0.69841528543101,-0.715692733703732));
#5363=DIRECTION('center_axis',(-6.04667638209367E-16,-1.,-2.66453525910039E-14));
#5364=DIRECTION('ref_axis',(0.999742609322698,1.77493703674728E-30,-0.0226873335727794));
#5365=DIRECTION('center_axis',(0.0226805646561853,0.0244258932901979,0.999444329477061));
#5366=DIRECTION('ref_axis',(0.706728935359271,0.706699867507668,-0.0333092958586007));
#5367=DIRECTION('center_axis',(0.,0.,1.));
#5368=DIRECTION('ref_axis',(1.,0.,0.));
#5369=DIRECTION('center_axis',(0.0226805646561678,-0.0244258932901887,0.999444329477062));
#5370=DIRECTION('ref_axis',(0.706728935359262,-0.706699867507678,-0.0333092958585818));
#5371=DIRECTION('center_axis',(-8.8840708740207E-15,1.,0.));
#5372=DIRECTION('ref_axis',(0.,0.,-1.));
#5373=DIRECTION('center_axis',(-1.,-6.51198390817696E-16,2.66453525910041E-14));
#5374=DIRECTION('ref_axis',(-1.86150783263602E-14,-0.698415285431016,-0.715692733703726));
#5375=DIRECTION('center_axis',(0.,0.,1.));
#5376=DIRECTION('ref_axis',(1.,0.,0.));
#5377=DIRECTION('center_axis',(-1.,-8.88407087402066E-15,0.));
#5378=DIRECTION('ref_axis',(-6.21031716488494E-15,0.69903957914671,-0.715082978951668));
#5379=DIRECTION('center_axis',(2.17066130272565E-16,-1.,8.88178419700136E-15));
#5380=DIRECTION('ref_axis',(0.999701489781183,-1.72563323017096E-31,-0.024432178152649));
#5381=DIRECTION('center_axis',(0.024425893290189,0.0226805646561676,0.999444329477062));
#5382=DIRECTION('ref_axis',(0.706699867507681,0.706728935359259,-0.0333092958585819));
#5383=DIRECTION('center_axis',(0.,0.,1.));
#5384=DIRECTION('ref_axis',(1.,0.,0.));
#5385=DIRECTION('center_axis',(-1.,0.,0.));
#5386=DIRECTION('ref_axis',(0.,-0.699039579146712,-0.715082978951665));
#5387=DIRECTION('center_axis',(0.0244258932901981,-0.0226805646561675,0.999444329477062));
#5388=DIRECTION('ref_axis',(0.999701489781183,-3.25260651745651E-19,-0.0244321781526578));
#5389=DIRECTION('center_axis',(0.,1.,0.));
#5390=DIRECTION('ref_axis',(0.698415285431016,0.,-0.715692733703726));
#5391=DIRECTION('center_axis',(0.0244258932901934,-0.0226805646561694,0.999444329477062));
#5392=DIRECTION('ref_axis',(0.706699867507671,-0.706728935359269,-0.0333092958585863));
#5393=DIRECTION('center_axis',(0.,0.,1.));
#5394=DIRECTION('ref_axis',(0.732802795884045,-0.68044107926001,0.));
#5395=DIRECTION('',(-0.0244258932901934,0.0226805646561694,-0.999444329477062));
#5396=DIRECTION('',(0.0244258932901934,-0.0226805646561694,0.999444329477062));
#5397=DIRECTION('center_axis',(0.,-1.,0.));
#5398=DIRECTION('ref_axis',(0.698415285431016,0.,-0.715692733703726));
#5399=DIRECTION('',(0.,1.,0.));
#5400=DIRECTION('',(0.,-1.,0.));
#5401=DIRECTION('center_axis',(1.,2.65847043730974E-16,0.));
#5402=DIRECTION('ref_axis',(1.85837605567098E-16,-0.699039579146712,-0.715082978951665));
#5403=DIRECTION('center_axis',(-1.,0.,0.));
#5404=DIRECTION('ref_axis',(0.,0.,-1.));
#5405=DIRECTION('',(1.,2.65847043730974E-16,0.));
#5406=DIRECTION('',(-1.,-2.65847043730974E-16,0.));
#5407=DIRECTION('center_axis',(-0.0244258932901934,-0.0226805646561693,
-0.999444329477062));
#5408=DIRECTION('ref_axis',(0.706699867507678,0.706728935359262,-0.0333092958585862));
#5409=DIRECTION('center_axis',(0.,0.,1.));
#5410=DIRECTION('ref_axis',(0.73280279588405,0.680441079260004,0.));
#5411=DIRECTION('',(-0.0244258932901934,-0.0226805646561693,-0.999444329477062));
#5412=DIRECTION('',(0.0244258932901934,0.0226805646561693,0.999444329477062));
#5413=DIRECTION('center_axis',(-1.,0.,0.));
#5414=DIRECTION('ref_axis',(0.,0.699039579146716,-0.715082978951662));
#5415=DIRECTION('center_axis',(-1.,0.,0.));
#5416=DIRECTION('ref_axis',(0.,0.999742609322698,-0.0226873335727795));
#5417=DIRECTION('',(1.,0.,0.));
#5418=DIRECTION('',(-1.,0.,0.));
#5419=DIRECTION('center_axis',(-8.88407087402078E-15,-1.,0.));
#5420=DIRECTION('ref_axis',(0.,0.,-1.));
#5421=DIRECTION('center_axis',(0.00283334104332399,-0.002833341043324,-0.999991972146309));
#5422=DIRECTION('ref_axis',(-0.707101104636764,0.707101104636764,-0.00400694933029713));
#5423=DIRECTION('center_axis',(0.,0.,1.));
#5424=DIRECTION('ref_axis',(-0.707106781186548,0.707106781186548,0.));
#5425=DIRECTION('center_axis',(0.,1.,0.));
#5426=DIRECTION('ref_axis',(0.999742609322699,0.,-0.0226873335727706));
#5427=DIRECTION('center_axis',(0.,0.,1.));
#5428=DIRECTION('ref_axis',(-0.707106781186547,-0.707106781186548,0.));
#5429=DIRECTION('center_axis',(0.00283334104332399,0.002833341043324,-0.999991972146309));
#5430=DIRECTION('ref_axis',(-0.707101104636764,-0.707101104636764,-0.00400694933029713));
#5431=DIRECTION('center_axis',(0.,1.,0.));
#5432=DIRECTION('ref_axis',(0.699039579146712,0.,-0.715082978951665));
#5433=DIRECTION('',(0.,-1.,0.));
#5434=DIRECTION('',(0.,1.,0.));
#5435=DIRECTION('center_axis',(-1.06338817492389E-15,1.,0.));
#5436=DIRECTION('ref_axis',(0.699039579146712,7.43350422268386E-16,-0.715082978951665));
#5437=DIRECTION('',(1.06338817492389E-15,-1.,0.));
#5438=DIRECTION('',(-1.06338817492389E-15,1.,0.));
#5439=DIRECTION('center_axis',(-1.,0.,0.));
#5440=DIRECTION('ref_axis',(0.,-0.698415285431016,-0.715692733703726));
#5441=DIRECTION('',(1.,0.,0.));
#5442=DIRECTION('',(-1.,0.,0.));
#5443=DIRECTION('center_axis',(-0.0226805646561694,0.0244258932901934,-0.999444329477062));
#5444=DIRECTION('ref_axis',(0.706728935359256,-0.706699867507684,-0.0333092958585863));
#5445=DIRECTION('center_axis',(0.,0.,1.));
#5446=DIRECTION('ref_axis',(0.680441079259997,-0.732802795884057,0.));
#5447=DIRECTION('',(-0.0226805646561694,0.0244258932901934,-0.999444329477062));
#5448=DIRECTION('',(0.0226805646561694,-0.0244258932901934,0.999444329477062));
#5449=DIRECTION('center_axis',(0.0226805646561693,0.0244258932901934,0.999444329477062));
#5450=DIRECTION('ref_axis',(0.706728935359265,0.706699867507675,-0.0333092958585862));
#5451=DIRECTION('center_axis',(0.,0.,1.));
#5452=DIRECTION('ref_axis',(0.680441079260007,0.732802795884047,0.));
#5453=DIRECTION('',(-0.0226805646561693,-0.0244258932901934,-0.999444329477062));
#5454=DIRECTION('',(0.0226805646561693,0.0244258932901934,0.999444329477062));
#5455=DIRECTION('center_axis',(1.,0.,0.));
#5456=DIRECTION('ref_axis',(0.,0.698415285431003,-0.715692733703738));
#5457=DIRECTION('',(-1.,0.,0.));
#5458=DIRECTION('',(1.,0.,0.));
#5459=DIRECTION('center_axis',(0.,-1.,0.));
#5460=DIRECTION('ref_axis',(-0.699039579146716,0.,-0.715082978951662));
#5461=DIRECTION('center_axis',(0.,1.,0.));
#5462=DIRECTION('ref_axis',(0.,0.,-1.));
#5463=DIRECTION('',(0.,-1.,0.));
#5464=DIRECTION('',(0.,1.,0.));
#5465=DIRECTION('center_axis',(-0.0226805646561693,-0.0244258932901934,
0.999444329477062));
#5466=DIRECTION('ref_axis',(-0.706728935359262,-0.706699867507678,-0.0333092958585862));
#5467=DIRECTION('center_axis',(0.,0.,1.));
#5468=DIRECTION('ref_axis',(-0.680441079260004,-0.73280279588405,0.));
#5469=DIRECTION('',(0.0226805646561693,0.0244258932901934,-0.999444329477062));
#5470=DIRECTION('',(-0.0226805646561693,-0.0244258932901934,0.999444329477062));
#5471=DIRECTION('center_axis',(0.0226805646561694,-0.0244258932901934,-0.999444329477062));
#5472=DIRECTION('ref_axis',(-0.706728935359262,0.706699867507678,-0.0333092958585863));
#5473=DIRECTION('center_axis',(0.,0.,1.));
#5474=DIRECTION('ref_axis',(-0.680441079260004,0.73280279588405,0.));
#5475=DIRECTION('',(0.0226805646561694,-0.0244258932901934,-0.999444329477062));
#5476=DIRECTION('',(-0.0226805646561694,0.0244258932901934,0.999444329477062));
#5477=DIRECTION('center_axis',(0.,-1.,0.));
#5478=DIRECTION('ref_axis',(-0.699039579146712,0.,-0.715082978951665));
#5479=DIRECTION('center_axis',(0.,-1.,0.));
#5480=DIRECTION('ref_axis',(-0.999742609322698,0.,-0.0226873335727796));
#5481=DIRECTION('',(0.,1.,0.));
#5482=DIRECTION('',(0.,-1.,0.));
#5483=DIRECTION('center_axis',(-1.,8.68251499461773E-15,8.88178419700128E-15));
#5484=DIRECTION('ref_axis',(-8.88178419700128E-15,0.,-1.));
#5485=DIRECTION('center_axis',(-0.002833341043324,-0.002833341043324,-0.999991972146309));
#5486=DIRECTION('ref_axis',(0.707101104636764,0.707101104636765,-0.00400694933029714));
#5487=DIRECTION('center_axis',(0.,0.,1.));
#5488=DIRECTION('ref_axis',(0.707106781186547,0.707106781186548,0.));
#5489=DIRECTION('center_axis',(-1.,-8.88407087402078E-15,0.));
#5490=DIRECTION('ref_axis',(-8.88178419700132E-15,0.999742609322699,-0.0226873335727708));
#5491=DIRECTION('center_axis',(0.,0.,1.));
#5492=DIRECTION('ref_axis',(0.707106781186548,-0.707106781186548,0.));
#5493=DIRECTION('center_axis',(-0.00283334104332399,0.002833341043324,-0.999991972146309));
#5494=DIRECTION('ref_axis',(0.707101104636764,-0.707101104636764,-0.00400694933029713));
#5495=DIRECTION('center_axis',(1.,2.65847043730973E-16,0.));
#5496=DIRECTION('ref_axis',(1.85837605567097E-16,-0.699039579146712,-0.715082978951665));
#5497=DIRECTION('',(-1.,-2.65847043730973E-16,0.));
#5498=DIRECTION('',(1.,2.65847043730973E-16,0.));
#5499=DIRECTION('center_axis',(-1.,-5.31694087461946E-16,0.));
#5500=DIRECTION('ref_axis',(-3.71675211134194E-16,0.699039579146712,-0.715082978951665));
#5501=DIRECTION('',(1.,5.31694087461946E-16,0.));
#5502=DIRECTION('',(-1.,-5.31694087461946E-16,0.));
#5503=DIRECTION('center_axis',(0.,1.,0.));
#5504=DIRECTION('ref_axis',(-0.69841528543101,0.,-0.715692733703732));
#5505=DIRECTION('',(0.,-1.,0.));
#5506=DIRECTION('',(0.,1.,0.));
#5507=DIRECTION('center_axis',(0.0244258932901931,0.0226805646561692,-0.999444329477062));
#5508=DIRECTION('ref_axis',(-0.706699867507671,-0.706728935359269,-0.0333092958585859));
#5509=DIRECTION('center_axis',(0.,0.,1.));
#5510=DIRECTION('ref_axis',(-0.732802795883999,-0.680441079260059,0.));
#5511=DIRECTION('',(0.0244258932901931,0.0226805646561692,-0.999444329477062));
#5512=DIRECTION('',(-0.0244258932901931,-0.0226805646561692,0.999444329477062));
#5513=DIRECTION('center_axis',(-0.0244258932901931,0.0226805646561694,0.999444329477062));
#5514=DIRECTION('ref_axis',(-0.706699867507675,0.706728935359265,-0.0333092958585861));
#5515=DIRECTION('center_axis',(0.,0.,1.));
#5516=DIRECTION('ref_axis',(-0.732802795884002,0.680441079260055,0.));
#5517=DIRECTION('',(0.0244258932901931,-0.0226805646561694,-0.999444329477062));
#5518=DIRECTION('',(-0.0244258932901931,0.0226805646561694,0.999444329477062));
#5519=DIRECTION('center_axis',(-2.65778617180329E-16,0.999742609322698,
0.0226873335727814));
#5520=DIRECTION('ref_axis',(1.,2.65893071781336E-16,-2.02827727742056E-18));
#5521=DIRECTION('',(-0.0226814970691502,0.0226814970691502,-0.999485417293021));
#5522=DIRECTION('',(-1.,-2.65847043730974E-16,0.));
#5523=DIRECTION('center_axis',(-0.0226814970691502,0.0226814970691502,-0.999485417293021));
#5524=DIRECTION('ref_axis',(-0.706742916264961,0.706742916264961,0.0320764807701178));
#5525=DIRECTION('',(0.0226814970691502,-0.0226814970691502,0.999485417293021));
#5526=DIRECTION('center_axis',(0.,0.,-1.));
#5527=DIRECTION('ref_axis',(-0.707106781186548,0.707106781186548,0.));
#5528=DIRECTION('center_axis',(-0.999742609322698,0.,0.0226873335727814));
#5529=DIRECTION('ref_axis',(0.,1.,0.));
#5530=DIRECTION('',(0.,-1.,0.));
#5531=DIRECTION('center_axis',(0.,-0.999701489781183,-0.0244321781526531));
#5532=DIRECTION('ref_axis',(-1.,0.,0.));
#5533=DIRECTION('',(-1.,0.,0.));
#5534=DIRECTION('center_axis',(0.999742609322698,0.,0.0226873335727813));
#5535=DIRECTION('ref_axis',(0.,-1.,0.));
#5536=DIRECTION('',(0.0226814970691502,0.0226814970691501,-0.999485417293021));
#5537=DIRECTION('',(0.,1.,0.));
#5538=DIRECTION('center_axis',(0.0226814970691502,0.0226814970691501,-0.999485417293021));
#5539=DIRECTION('ref_axis',(0.706742916264961,0.706742916264962,0.0320764807701178));
#5540=DIRECTION('',(-0.0226814970691502,-0.0226814970691501,0.999485417293021));
#5541=DIRECTION('center_axis',(0.,0.,-1.));
#5542=DIRECTION('ref_axis',(0.707106781186547,0.707106781186548,0.));
#5543=DIRECTION('center_axis',(-2.65778617180328E-16,0.999742609322698,
0.0226873335727812));
#5544=DIRECTION('ref_axis',(1.,2.65893071781335E-16,-2.02827727742057E-18));
#5545=DIRECTION('',(-1.,-2.65847043730973E-16,0.));
#5546=DIRECTION('center_axis',(-0.999701489781183,0.,-0.0244321781526528));
#5547=DIRECTION('ref_axis',(0.,1.,0.));
#5548=DIRECTION('',(0.,1.,0.));
#5549=DIRECTION('center_axis',(0.,0.,1.));
#5550=DIRECTION('ref_axis',(1.,0.,0.));
#5551=DIRECTION('',(0.,-1.,0.));
#5552=DIRECTION('',(-1.,0.,0.));
#5553=DIRECTION('',(0.,1.,0.));
#5554=DIRECTION('',(1.,0.,0.));
#5555=DIRECTION('',(1.,0.,0.));
#5556=DIRECTION('',(0.,1.,0.));
#5557=DIRECTION('',(1.,0.,0.));
#5558=DIRECTION('',(0.,-1.,0.));
#5559=DIRECTION('',(-1.,0.,0.));
#5560=DIRECTION('',(0.,1.,0.));
#5561=DIRECTION('',(-1.,0.,0.));
#5562=DIRECTION('',(0.,-1.,0.));
#5563=DIRECTION('',(-1.,0.,0.));
#5564=DIRECTION('',(5.55111504040772E-16,1.,0.));
#5565=DIRECTION('',(1.,0.,0.));
#5566=DIRECTION('',(0.,-1.,0.));
#5567=DIRECTION('',(-0.30877436393838,-0.951135317488762,0.));
#5568=DIRECTION('',(-1.,0.,0.));
#5569=DIRECTION('',(0.319451166674568,0.947602739606771,0.));
#5570=DIRECTION('',(1.,0.,0.));
#5571=DIRECTION('',(0.319451166674568,-0.947602739606771,0.));
#5572=DIRECTION('',(-1.,0.,0.));
#5573=DIRECTION('',(-0.30877436393838,0.951135317488762,0.));
#5574=DIRECTION('',(-1.,0.,0.));
#5575=DIRECTION('',(1.,0.,0.));
#5576=DIRECTION('',(0.409094040958195,-0.912492227721691,0.));
#5577=DIRECTION('',(0.397944692264711,0.917409408006232,0.));
#5578=DIRECTION('',(1.,0.,0.));
#5579=DIRECTION('',(0.,-1.,0.));
#5580=DIRECTION('',(-1.,0.,0.));
#5581=DIRECTION('',(0.,1.,0.));
#5582=DIRECTION('',(-0.406841728378541,-0.913498663408963,0.));
#5583=DIRECTION('',(-1.,0.,0.));
#5584=DIRECTION('',(-0.403671360964848,0.914904056356068,0.));
#5585=DIRECTION('',(0.,-1.,0.));
#5586=DIRECTION('',(-1.,0.,0.));
#5587=DIRECTION('',(0.,1.,0.));
#5588=DIRECTION('',(1.,0.,0.));
#5589=DIRECTION('',(0.409094040958195,-0.912492227721691,0.));
#5590=DIRECTION('',(0.397944692264711,0.917409408006232,0.));
#5591=DIRECTION('',(1.,0.,0.));
#5592=DIRECTION('',(0.,-1.,0.));
#5593=DIRECTION('',(-1.,0.,0.));
#5594=DIRECTION('',(0.,1.,0.));
#5595=DIRECTION('',(-0.406841728378541,-0.913498663408963,0.));
#5596=DIRECTION('',(-1.,0.,0.));
#5597=DIRECTION('',(-0.403671360964848,0.914904056356068,0.));
#5598=DIRECTION('',(0.,-1.,0.));
#5599=DIRECTION('',(-1.,0.,0.));
#5600=DIRECTION('',(0.,1.,0.));
#5601=DIRECTION('',(0.,1.,0.));
#5602=DIRECTION('',(1.,0.,0.));
#5603=DIRECTION('',(0.,-1.,0.));
#5604=DIRECTION('',(-1.,0.,0.));
#5605=DIRECTION('',(-0.456554296231786,0.889695551631174,0.));
#5606=DIRECTION('',(0.,-1.,0.));
#5607=DIRECTION('',(-1.,0.,0.));
#5608=DIRECTION('',(0.,1.,0.));
#5609=DIRECTION('',(1.,0.,0.));
#5610=DIRECTION('',(0.45340638691382,-0.891303903450308,0.));
#5611=DIRECTION('',(-1.,0.,0.));
#5612=DIRECTION('',(0.,1.,0.));
#5613=DIRECTION('',(1.,0.,0.));
#5614=DIRECTION('',(1.,0.,0.));
#5615=DIRECTION('',(0.,-1.,0.));
#5616=DIRECTION('',(1.,0.,0.));
#5617=DIRECTION('',(0.,-1.,0.));
#5618=DIRECTION('',(-1.,0.,0.));
#5619=DIRECTION('',(0.,1.,0.));
#5620=DIRECTION('',(1.,0.,0.));
#5621=DIRECTION('',(0.,1.,0.));
#5622=DIRECTION('',(-1.,0.,0.));
#5623=DIRECTION('',(0.,1.,0.));
#5624=DIRECTION('',(0.,1.,0.));
#5625=DIRECTION('',(1.,0.,0.));
#5626=DIRECTION('',(0.,-1.,0.));
#5627=DIRECTION('',(-1.,0.,0.));
#5628=DIRECTION('',(0.,-1.,0.));
#5629=DIRECTION('',(0.,1.,0.));
#5630=DIRECTION('',(1.,0.,0.));
#5631=DIRECTION('',(0.,1.,0.));
#5632=DIRECTION('',(1.,0.,0.));
#5633=DIRECTION('',(0.,-1.,0.));
#5634=DIRECTION('',(-1.,0.,0.));
#5635=DIRECTION('',(0.,1.,0.));
#5636=DIRECTION('',(1.,0.,0.));
#5637=DIRECTION('',(0.,-1.,0.));
#5638=DIRECTION('',(1.,0.,0.));
#5639=DIRECTION('center_axis',(0.,0.,1.));
#5640=DIRECTION('ref_axis',(1.,0.,0.));
#5641=DIRECTION('',(0.,1.,0.));
#5642=DIRECTION('',(-1.,0.,0.));
#5643=DIRECTION('',(0.,-1.,0.));
#5644=DIRECTION('',(1.,0.,0.));
#5645=DIRECTION('',(-1.,0.,0.));
#5646=DIRECTION('',(0.,1.,0.));
#5647=DIRECTION('',(1.,0.,0.));
#5648=DIRECTION('',(-1.,0.,0.));
#5649=DIRECTION('',(0.,1.,0.));
#5650=DIRECTION('',(1.,0.,0.));
#5651=DIRECTION('center_axis',(-1.,0.,0.));
#5652=DIRECTION('ref_axis',(0.,0.,1.));
#5653=DIRECTION('',(0.,0.,1.));
#5654=DIRECTION('',(0.,-1.,0.));
#5655=DIRECTION('',(0.,0.,1.));
#5656=DIRECTION('center_axis',(0.,-1.,0.));
#5657=DIRECTION('ref_axis',(0.,0.,-1.));
#5658=DIRECTION('',(0.,0.,1.));
#5659=DIRECTION('',(1.,0.,0.));
#5660=DIRECTION('',(0.,0.,1.));
#5661=DIRECTION('',(0.,0.,1.));
#5662=DIRECTION('center_axis',(-1.,0.,0.));
#5663=DIRECTION('ref_axis',(0.,0.,1.));
#5664=DIRECTION('',(0.,0.,1.));
#5665=DIRECTION('',(0.,-1.,0.));
#5666=DIRECTION('',(0.,0.,1.));
#5667=DIRECTION('center_axis',(0.,-1.,0.));
#5668=DIRECTION('ref_axis',(0.,0.,-1.));
#5669=DIRECTION('',(0.,0.,1.));
#5670=DIRECTION('',(1.,0.,0.));
#5671=DIRECTION('',(0.,0.,1.));
#5672=DIRECTION('',(0.,0.,1.));
#5673=DIRECTION('',(0.,0.,1.));
#5674=DIRECTION('',(0.,0.,1.));
#5675=DIRECTION('center_axis',(1.,0.,0.));
#5676=DIRECTION('ref_axis',(0.,0.,-1.));
#5677=DIRECTION('',(0.,0.,1.));
#5678=DIRECTION('',(0.,0.,1.));
#5679=DIRECTION('',(0.,0.,1.));
#5680=DIRECTION('',(0.,0.,1.));
#5681=DIRECTION('center_axis',(0.,1.,0.));
#5682=DIRECTION('ref_axis',(0.,0.,1.));
#5683=DIRECTION('',(-1.,0.,0.));
#5684=DIRECTION('',(0.,0.,1.));
#5685=DIRECTION('',(0.,0.,1.));
#5686=DIRECTION('center_axis',(0.,1.,0.));
#5687=DIRECTION('ref_axis',(0.,0.,1.));
#5688=DIRECTION('',(-1.,0.,0.));
#5689=DIRECTION('',(0.,0.,1.));
#5690=DIRECTION('',(0.,0.,1.));
#5691=DIRECTION('center_axis',(0.,-1.,0.));
#5692=DIRECTION('ref_axis',(0.,0.,-1.));
#5693=DIRECTION('',(0.,0.,1.));
#5694=DIRECTION('center_axis',(-1.,0.,0.));
#5695=DIRECTION('ref_axis',(0.,0.,1.));
#5696=DIRECTION('',(0.,0.,1.));
#5697=DIRECTION('center_axis',(0.,1.,0.));
#5698=DIRECTION('ref_axis',(0.,0.,1.));
#5699=DIRECTION('',(0.,0.,1.));
#5700=DIRECTION('',(0.,0.,1.));
#5701=DIRECTION('center_axis',(0.,0.,1.));
#5702=DIRECTION('ref_axis',(1.,0.,0.));
#5703=DIRECTION('',(0.,-1.,0.));
#5704=DIRECTION('',(1.,0.,0.));
#5705=DIRECTION('',(0.,1.,0.));
#5706=DIRECTION('',(-1.,0.,0.));
#5707=DIRECTION('',(0.,-1.,0.));
#5708=DIRECTION('',(-1.,0.,0.));
#5709=DIRECTION('',(0.,1.,0.));
#5710=DIRECTION('',(-1.,0.,0.));
#5711=DIRECTION('',(-5.55111504040772E-16,-1.,0.));
#5712=DIRECTION('',(1.,0.,0.));
#5713=DIRECTION('',(0.,1.,0.));
#5714=DIRECTION('',(1.,0.,0.));
#5715=DIRECTION('center_axis',(0.,1.,0.));
#5716=DIRECTION('ref_axis',(0.,0.,1.));
#5717=DIRECTION('',(0.,0.,1.));
#5718=DIRECTION('',(0.,0.,1.));
#5719=DIRECTION('center_axis',(-1.,0.,0.));
#5720=DIRECTION('ref_axis',(0.,0.,1.));
#5721=DIRECTION('',(0.,0.,1.));
#5722=DIRECTION('center_axis',(0.,1.,0.));
#5723=DIRECTION('ref_axis',(0.,0.,1.));
#5724=DIRECTION('',(0.,0.,1.));
#5725=DIRECTION('center_axis',(1.,0.,0.));
#5726=DIRECTION('ref_axis',(0.,0.,-1.));
#5727=DIRECTION('',(0.,0.,1.));
#5728=DIRECTION('center_axis',(0.,-1.,0.));
#5729=DIRECTION('ref_axis',(0.,0.,-1.));
#5730=DIRECTION('',(0.,0.,1.));
#5731=DIRECTION('center_axis',(-1.,0.,0.));
#5732=DIRECTION('ref_axis',(0.,0.,1.));
#5733=DIRECTION('',(0.,0.,1.));
#5734=DIRECTION('center_axis',(0.,-1.,0.));
#5735=DIRECTION('ref_axis',(0.,0.,-1.));
#5736=DIRECTION('',(0.,0.,1.));
#5737=DIRECTION('center_axis',(1.,0.,0.));
#5738=DIRECTION('ref_axis',(0.,0.,-1.));
#5739=DIRECTION('',(0.,0.,1.));
#5740=DIRECTION('center_axis',(0.,-1.,0.));
#5741=DIRECTION('ref_axis',(0.,0.,-1.));
#5742=DIRECTION('',(0.,0.,1.));
#5743=DIRECTION('center_axis',(-1.,5.55111504040772E-16,0.));
#5744=DIRECTION('ref_axis',(0.,0.,1.));
#5745=DIRECTION('',(0.,0.,1.));
#5746=DIRECTION('center_axis',(0.,1.,0.));
#5747=DIRECTION('ref_axis',(0.,0.,1.));
#5748=DIRECTION('',(0.,0.,1.));
#5749=DIRECTION('center_axis',(1.,0.,0.));
#5750=DIRECTION('ref_axis',(0.,0.,-1.));
#5751=DIRECTION('center_axis',(0.,0.,1.));
#5752=DIRECTION('ref_axis',(1.,0.,0.));
#5753=DIRECTION('',(-1.,0.,0.));
#5754=DIRECTION('',(-0.319451166674568,-0.947602739606771,0.));
#5755=DIRECTION('',(1.,0.,0.));
#5756=DIRECTION('',(0.30877436393838,0.951135317488762,0.));
#5757=DIRECTION('',(1.,0.,0.));
#5758=DIRECTION('',(0.30877436393838,-0.951135317488762,0.));
#5759=DIRECTION('',(1.,0.,0.));
#5760=DIRECTION('',(-0.319451166674568,0.947602739606771,0.));
#5761=DIRECTION('',(-1.,0.,0.));
#5762=DIRECTION('',(0.310824121666869,0.95046744572869,0.));
#5763=DIRECTION('',(0.312300861312513,-0.949983248285707,0.));
#5764=DIRECTION('center_axis',(-0.95046744572869,0.310824121666869,0.));
#5765=DIRECTION('ref_axis',(0.,0.,1.));
#5766=DIRECTION('',(0.,0.,1.));
#5767=DIRECTION('',(-0.310824121666869,-0.95046744572869,0.));
#5768=DIRECTION('',(0.,0.,1.));
#5769=DIRECTION('center_axis',(0.,-1.,0.));
#5770=DIRECTION('ref_axis',(0.,0.,-1.));
#5771=DIRECTION('',(0.,0.,1.));
#5772=DIRECTION('',(1.,0.,0.));
#5773=DIRECTION('center_axis',(0.951135317488762,-0.30877436393838,0.));
#5774=DIRECTION('ref_axis',(0.,0.,-1.));
#5775=DIRECTION('',(0.,0.,1.));
#5776=DIRECTION('',(0.,0.,1.));
#5777=DIRECTION('center_axis',(0.,-1.,0.));
#5778=DIRECTION('ref_axis',(0.,0.,-1.));
#5779=DIRECTION('',(0.,0.,1.));
#5780=DIRECTION('center_axis',(-0.947602739606771,0.319451166674568,0.));
#5781=DIRECTION('ref_axis',(0.,0.,1.));
#5782=DIRECTION('',(0.,0.,1.));
#5783=DIRECTION('center_axis',(0.,1.,0.));
#5784=DIRECTION('ref_axis',(0.,0.,1.));
#5785=DIRECTION('',(0.,0.,1.));
#5786=DIRECTION('center_axis',(0.949983248285707,0.312300861312513,0.));
#5787=DIRECTION('ref_axis',(0.,0.,-1.));
#5788=DIRECTION('',(-0.312300861312513,0.949983248285707,0.));
#5789=DIRECTION('center_axis',(0.947602739606771,0.319451166674568,0.));
#5790=DIRECTION('ref_axis',(0.,0.,-1.));
#5791=DIRECTION('',(0.,0.,1.));
#5792=DIRECTION('center_axis',(0.,-1.,0.));
#5793=DIRECTION('ref_axis',(0.,0.,-1.));
#5794=DIRECTION('',(0.,0.,1.));
#5795=DIRECTION('center_axis',(-0.951135317488762,-0.30877436393838,0.));
#5796=DIRECTION('ref_axis',(0.,0.,1.));
#5797=DIRECTION('',(0.,0.,1.));
#5798=DIRECTION('center_axis',(0.,-1.,0.));
#5799=DIRECTION('ref_axis',(0.,0.,-1.));
#5800=DIRECTION('center_axis',(0.,0.,1.));
#5801=DIRECTION('ref_axis',(1.,0.,0.));
#5802=DIRECTION('',(0.,-1.,0.));
#5803=DIRECTION('',(1.,0.,0.));
#5804=DIRECTION('',(0.,1.,0.));
#5805=DIRECTION('',(-1.,0.,0.));
#5806=DIRECTION('',(-0.397944692264711,-0.917409408006232,0.));
#5807=DIRECTION('',(-0.409094040958195,0.912492227721691,0.));
#5808=DIRECTION('',(-1.,0.,0.));
#5809=DIRECTION('',(0.,-1.,0.));
#5810=DIRECTION('',(1.,0.,0.));
#5811=DIRECTION('',(0.,1.,0.));
#5812=DIRECTION('',(0.403671360964848,-0.914904056356068,0.));
#5813=DIRECTION('',(1.,0.,0.));
#5814=DIRECTION('',(0.406841728378541,0.913498663408963,0.));
#5815=DIRECTION('center_axis',(0.,1.,0.));
#5816=DIRECTION('ref_axis',(0.,0.,1.));
#5817=DIRECTION('',(0.,0.,1.));
#5818=DIRECTION('',(0.,0.,1.));
#5819=DIRECTION('center_axis',(0.912492227721691,0.409094040958195,0.));
#5820=DIRECTION('ref_axis',(0.,0.,-1.));
#5821=DIRECTION('',(0.,0.,1.));
#5822=DIRECTION('center_axis',(-0.917409408006232,0.397944692264711,0.));
#5823=DIRECTION('ref_axis',(0.,0.,1.));
#5824=DIRECTION('',(0.,0.,1.));
#5825=DIRECTION('center_axis',(0.,1.,0.));
#5826=DIRECTION('ref_axis',(0.,0.,1.));
#5827=DIRECTION('',(0.,0.,1.));
#5828=DIRECTION('center_axis',(1.,0.,0.));
#5829=DIRECTION('ref_axis',(0.,0.,-1.));
#5830=DIRECTION('',(0.,0.,1.));
#5831=DIRECTION('center_axis',(0.,-1.,0.));
#5832=DIRECTION('ref_axis',(0.,0.,-1.));
#5833=DIRECTION('',(0.,0.,1.));
#5834=DIRECTION('center_axis',(-1.,0.,0.));
#5835=DIRECTION('ref_axis',(0.,0.,1.));
#5836=DIRECTION('',(0.,0.,1.));
#5837=DIRECTION('center_axis',(0.913498663408963,-0.406841728378541,0.));
#5838=DIRECTION('ref_axis',(0.,0.,-1.));
#5839=DIRECTION('',(0.,0.,1.));
#5840=DIRECTION('center_axis',(0.,-1.,0.));
#5841=DIRECTION('ref_axis',(0.,0.,-1.));
#5842=DIRECTION('',(0.,0.,1.));
#5843=DIRECTION('center_axis',(-0.914904056356068,-0.403671360964848,0.));
#5844=DIRECTION('ref_axis',(0.,0.,1.));
#5845=DIRECTION('',(0.,0.,1.));
#5846=DIRECTION('center_axis',(1.,0.,0.));
#5847=DIRECTION('ref_axis',(0.,0.,-1.));
#5848=DIRECTION('',(0.,0.,1.));
#5849=DIRECTION('center_axis',(0.,-1.,0.));
#5850=DIRECTION('ref_axis',(0.,0.,-1.));
#5851=DIRECTION('',(0.,0.,1.));
#5852=DIRECTION('center_axis',(-1.,0.,0.));
#5853=DIRECTION('ref_axis',(0.,0.,1.));
#5854=DIRECTION('center_axis',(0.,0.,1.));
#5855=DIRECTION('ref_axis',(1.,0.,0.));
#5856=DIRECTION('',(0.,-1.,0.));
#5857=DIRECTION('',(1.,0.,0.));
#5858=DIRECTION('',(0.,1.,0.));
#5859=DIRECTION('',(-1.,0.,0.));
#5860=DIRECTION('',(-0.397944692264711,-0.917409408006232,0.));
#5861=DIRECTION('',(-0.409094040958195,0.912492227721691,0.));
#5862=DIRECTION('',(-1.,0.,0.));
#5863=DIRECTION('',(0.,-1.,0.));
#5864=DIRECTION('',(1.,0.,0.));
#5865=DIRECTION('',(0.,1.,0.));
#5866=DIRECTION('',(0.403671360964848,-0.914904056356068,0.));
#5867=DIRECTION('',(1.,0.,0.));
#5868=DIRECTION('',(0.406841728378541,0.913498663408963,0.));
#5869=DIRECTION('center_axis',(0.,1.,0.));
#5870=DIRECTION('ref_axis',(0.,0.,1.));
#5871=DIRECTION('',(0.,0.,1.));
#5872=DIRECTION('',(0.,0.,1.));
#5873=DIRECTION('center_axis',(0.912492227721691,0.409094040958195,0.));
#5874=DIRECTION('ref_axis',(0.,0.,-1.));
#5875=DIRECTION('',(0.,0.,1.));
#5876=DIRECTION('center_axis',(-0.917409408006232,0.397944692264711,0.));
#5877=DIRECTION('ref_axis',(0.,0.,1.));
#5878=DIRECTION('',(0.,0.,1.));
#5879=DIRECTION('center_axis',(0.,1.,0.));
#5880=DIRECTION('ref_axis',(0.,0.,1.));
#5881=DIRECTION('',(0.,0.,1.));
#5882=DIRECTION('center_axis',(1.,0.,0.));
#5883=DIRECTION('ref_axis',(0.,0.,-1.));
#5884=DIRECTION('',(0.,0.,1.));
#5885=DIRECTION('center_axis',(0.,-1.,0.));
#5886=DIRECTION('ref_axis',(0.,0.,-1.));
#5887=DIRECTION('',(0.,0.,1.));
#5888=DIRECTION('center_axis',(-1.,0.,0.));
#5889=DIRECTION('ref_axis',(0.,0.,1.));
#5890=DIRECTION('',(0.,0.,1.));
#5891=DIRECTION('center_axis',(0.913498663408963,-0.406841728378541,0.));
#5892=DIRECTION('ref_axis',(0.,0.,-1.));
#5893=DIRECTION('',(0.,0.,1.));
#5894=DIRECTION('center_axis',(0.,-1.,0.));
#5895=DIRECTION('ref_axis',(0.,0.,-1.));
#5896=DIRECTION('',(0.,0.,1.));
#5897=DIRECTION('center_axis',(-0.914904056356068,-0.403671360964848,0.));
#5898=DIRECTION('ref_axis',(0.,0.,1.));
#5899=DIRECTION('',(0.,0.,1.));
#5900=DIRECTION('center_axis',(1.,0.,0.));
#5901=DIRECTION('ref_axis',(0.,0.,-1.));
#5902=DIRECTION('',(0.,0.,1.));
#5903=DIRECTION('center_axis',(0.,-1.,0.));
#5904=DIRECTION('ref_axis',(0.,0.,-1.));
#5905=DIRECTION('',(0.,0.,1.));
#5906=DIRECTION('center_axis',(-1.,0.,0.));
#5907=DIRECTION('ref_axis',(0.,0.,1.));
#5908=DIRECTION('center_axis',(0.,0.,1.));
#5909=DIRECTION('ref_axis',(1.,0.,0.));
#5910=DIRECTION('',(0.,0.,1.));
#5911=DIRECTION('',(0.,0.,1.));
#5912=DIRECTION('',(0.,0.,1.));
#5913=DIRECTION('',(0.,0.,1.));
#5914=DIRECTION('',(0.,0.,1.));
#5915=DIRECTION('',(0.,0.,1.));
#5916=DIRECTION('',(0.,0.,1.));
#5917=DIRECTION('',(0.,0.,1.));
#5918=DIRECTION('',(0.,0.,1.));
#5919=DIRECTION('',(0.,0.,1.));
#5920=DIRECTION('',(0.,0.,1.));
#5921=DIRECTION('',(0.,0.,1.));
#5922=DIRECTION('',(0.,0.,1.));
#5923=DIRECTION('',(0.,0.,1.));
#5924=DIRECTION('center_axis',(0.,0.,1.));
#5925=DIRECTION('ref_axis',(1.,0.,0.));
#5926=DIRECTION('',(0.456554296231786,-0.889695551631174,0.));
#5927=DIRECTION('',(1.,0.,0.));
#5928=DIRECTION('',(0.,1.,0.));
#5929=DIRECTION('',(-1.,0.,0.));
#5930=DIRECTION('',(0.,-1.,0.));
#5931=DIRECTION('',(-0.45340638691382,0.891303903450308,0.));
#5932=DIRECTION('',(-1.,0.,0.));
#5933=DIRECTION('',(0.,-1.,0.));
#5934=DIRECTION('',(1.,0.,0.));
#5935=DIRECTION('',(0.,1.,0.));
#5936=DIRECTION('center_axis',(-1.,0.,0.));
#5937=DIRECTION('ref_axis',(0.,0.,1.));
#5938=DIRECTION('',(0.,0.,1.));
#5939=DIRECTION('',(0.,0.,1.));
#5940=DIRECTION('center_axis',(0.,1.,0.));
#5941=DIRECTION('ref_axis',(0.,0.,1.));
#5942=DIRECTION('',(0.,0.,1.));
#5943=DIRECTION('center_axis',(1.,0.,0.));
#5944=DIRECTION('ref_axis',(0.,0.,-1.));
#5945=DIRECTION('',(0.,0.,1.));
#5946=DIRECTION('center_axis',(0.,-1.,0.));
#5947=DIRECTION('ref_axis',(0.,0.,-1.));
#5948=DIRECTION('',(0.,0.,1.));
#5949=DIRECTION('center_axis',(-0.889695551631174,-0.456554296231786,0.));
#5950=DIRECTION('ref_axis',(0.,0.,1.));
#5951=DIRECTION('',(0.,0.,1.));
#5952=DIRECTION('center_axis',(1.,0.,0.));
#5953=DIRECTION('ref_axis',(0.,0.,-1.));
#5954=DIRECTION('',(0.,0.,1.));
#5955=DIRECTION('center_axis',(0.,-1.,0.));
#5956=DIRECTION('ref_axis',(0.,0.,-1.));
#5957=DIRECTION('',(0.,0.,1.));
#5958=DIRECTION('center_axis',(-1.,0.,0.));
#5959=DIRECTION('ref_axis',(0.,0.,1.));
#5960=DIRECTION('',(0.,0.,1.));
#5961=DIRECTION('center_axis',(0.,1.,0.));
#5962=DIRECTION('ref_axis',(0.,0.,1.));
#5963=DIRECTION('',(0.,0.,1.));
#5964=DIRECTION('center_axis',(0.891303903450308,0.45340638691382,0.));
#5965=DIRECTION('ref_axis',(0.,0.,-1.));
#5966=DIRECTION('center_axis',(0.,0.,1.));
#5967=DIRECTION('ref_axis',(1.,0.,0.));
#5968=DIRECTION('',(-1.,0.,0.));
#5969=DIRECTION('',(0.,-1.,0.));
#5970=DIRECTION('',(1.,0.,0.));
#5971=DIRECTION('',(-1.,0.,0.));
#5972=DIRECTION('',(0.,1.,0.));
#5973=DIRECTION('',(1.,0.,0.));
#5974=DIRECTION('center_axis',(-1.,0.,0.));
#5975=DIRECTION('ref_axis',(0.,0.,1.));
#5976=DIRECTION('',(0.,0.,1.));
#5977=DIRECTION('',(0.,-1.,0.));
#5978=DIRECTION('',(0.,0.,1.));
#5979=DIRECTION('center_axis',(0.,-1.,0.));
#5980=DIRECTION('ref_axis',(0.,0.,-1.));
#5981=DIRECTION('',(0.,0.,1.));
#5982=DIRECTION('',(1.,0.,0.));
#5983=DIRECTION('',(0.,0.,1.));
#5984=DIRECTION('',(0.,0.,1.));
#5985=DIRECTION('',(0.,0.,1.));
#5986=DIRECTION('',(0.,0.,1.));
#5987=DIRECTION('',(0.,0.,1.));
#5988=DIRECTION('',(0.,0.,1.));
#5989=DIRECTION('',(0.,0.,1.));
#5990=DIRECTION('center_axis',(0.,1.,0.));
#5991=DIRECTION('ref_axis',(0.,0.,1.));
#5992=DIRECTION('',(-1.,0.,0.));
#5993=DIRECTION('',(0.,0.,1.));
#5994=DIRECTION('',(0.,0.,1.));
#5995=DIRECTION('center_axis',(0.,-1.,0.));
#5996=DIRECTION('ref_axis',(0.,0.,-1.));
#5997=DIRECTION('',(0.,0.,1.));
#5998=DIRECTION('center_axis',(-1.,0.,0.));
#5999=DIRECTION('ref_axis',(0.,0.,1.));
#6000=DIRECTION('',(0.,0.,1.));
#6001=DIRECTION('center_axis',(0.,1.,0.));
#6002=DIRECTION('ref_axis',(0.,0.,1.));
#6003=DIRECTION('center_axis',(0.,0.,1.));
#6004=DIRECTION('ref_axis',(1.,0.,0.));
#6005=DIRECTION('',(0.,-1.,0.));
#6006=DIRECTION('',(1.,0.,0.));
#6007=DIRECTION('',(0.,1.,0.));
#6008=DIRECTION('',(-1.,0.,0.));
#6009=DIRECTION('',(0.,1.,0.));
#6010=DIRECTION('',(-1.,0.,0.));
#6011=DIRECTION('',(0.,-1.,0.));
#6012=DIRECTION('',(1.,0.,0.));
#6013=DIRECTION('',(0.,-1.,0.));
#6014=DIRECTION('',(-1.,0.,0.));
#6015=DIRECTION('center_axis',(0.,1.,0.));
#6016=DIRECTION('ref_axis',(0.,0.,1.));
#6017=DIRECTION('',(0.,0.,1.));
#6018=DIRECTION('',(0.,0.,1.));
#6019=DIRECTION('center_axis',(1.,0.,0.));
#6020=DIRECTION('ref_axis',(0.,0.,-1.));
#6021=DIRECTION('',(0.,0.,1.));
#6022=DIRECTION('center_axis',(0.,1.,0.));
#6023=DIRECTION('ref_axis',(0.,0.,1.));
#6024=DIRECTION('',(0.,0.,1.));
#6025=DIRECTION('center_axis',(1.,0.,0.));
#6026=DIRECTION('ref_axis',(0.,0.,-1.));
#6027=DIRECTION('',(0.,0.,1.));
#6028=DIRECTION('center_axis',(0.,-1.,0.));
#6029=DIRECTION('ref_axis',(0.,0.,-1.));
#6030=DIRECTION('',(0.,0.,1.));
#6031=DIRECTION('center_axis',(-1.,0.,0.));
#6032=DIRECTION('ref_axis',(0.,0.,1.));
#6033=DIRECTION('',(0.,0.,1.));
#6034=DIRECTION('center_axis',(0.,1.,0.));
#6035=DIRECTION('ref_axis',(0.,0.,1.));
#6036=DIRECTION('',(0.,0.,1.));
#6037=DIRECTION('center_axis',(-1.,0.,0.));
#6038=DIRECTION('ref_axis',(0.,0.,1.));
#6039=DIRECTION('',(0.,0.,1.));
#6040=DIRECTION('center_axis',(0.,-1.,0.));
#6041=DIRECTION('ref_axis',(0.,0.,-1.));
#6042=DIRECTION('',(0.,0.,1.));
#6043=DIRECTION('center_axis',(-1.,0.,0.));
#6044=DIRECTION('ref_axis',(0.,0.,1.));
#6045=DIRECTION('',(0.,0.,1.));
#6046=DIRECTION('center_axis',(0.,0.,1.));
#6047=DIRECTION('ref_axis',(1.,0.,0.));
#6048=DIRECTION('',(0.,1.,0.));
#6049=DIRECTION('',(1.,0.,0.));
#6050=DIRECTION('',(0.,1.,0.));
#6051=DIRECTION('',(-1.,0.,0.));
#6052=DIRECTION('',(0.,-1.,0.));
#6053=DIRECTION('',(-1.,0.,0.));
#6054=DIRECTION('',(0.,-1.,0.));
#6055=DIRECTION('center_axis',(-1.,0.,0.));
#6056=DIRECTION('ref_axis',(0.,0.,1.));
#6057=DIRECTION('',(0.,0.,1.));
#6058=DIRECTION('',(0.,0.,1.));
#6059=DIRECTION('center_axis',(0.,1.,0.));
#6060=DIRECTION('ref_axis',(0.,0.,1.));
#6061=DIRECTION('',(0.,0.,1.));
#6062=DIRECTION('center_axis',(1.,0.,0.));
#6063=DIRECTION('ref_axis',(0.,0.,-1.));
#6064=DIRECTION('',(0.,0.,1.));
#6065=DIRECTION('center_axis',(0.,-1.,0.));
#6066=DIRECTION('ref_axis',(0.,0.,-1.));
#6067=DIRECTION('',(0.,0.,1.));
#6068=DIRECTION('center_axis',(1.,0.,0.));
#6069=DIRECTION('ref_axis',(0.,0.,-1.));
#6070=DIRECTION('',(0.,0.,1.));
#6071=DIRECTION('',(0.,0.,1.));
#6072=DIRECTION('',(0.,0.,1.));
#6073=DIRECTION('',(0.,0.,1.));
#6074=DIRECTION('',(0.,0.,1.));
#6075=DIRECTION('',(0.,0.,1.));
#6076=DIRECTION('',(0.,0.,1.));
#6077=DIRECTION('center_axis',(-1.,0.,0.));
#6078=DIRECTION('ref_axis',(0.,0.,1.));
#6079=DIRECTION('',(0.,0.,1.));
#6080=DIRECTION('center_axis',(0.,1.,0.));
#6081=DIRECTION('ref_axis',(0.,0.,1.));
#6082=DIRECTION('',(0.,0.,1.));
#6083=DIRECTION('',(0.,0.,1.));
#6084=DIRECTION('',(0.,0.,1.));
#6085=DIRECTION('',(0.,0.,1.));
#6086=DIRECTION('',(0.,0.,1.));
#6087=DIRECTION('',(0.,0.,1.));
#6088=DIRECTION('',(0.,0.,1.));
#6089=DIRECTION('center_axis',(0.,0.,1.));
#6090=DIRECTION('ref_axis',(1.,0.,0.));
#6091=DIRECTION('',(-1.,0.,0.));
#6092=DIRECTION('',(0.,-1.,0.));
#6093=DIRECTION('',(0.,0.,1.));
#6094=DIRECTION('',(0.,0.,1.));
#6095=DIRECTION('',(0.,0.,1.));
#6096=DIRECTION('',(0.,0.,1.));
#6097=DIRECTION('',(0.,0.,1.));
#6098=DIRECTION('',(0.,0.,1.));
#6099=DIRECTION('',(0.,0.,1.));
#6100=DIRECTION('',(0.,0.,1.));
#6101=DIRECTION('',(0.,0.,1.));
#6102=DIRECTION('',(0.,0.,1.));
#6103=DIRECTION('',(0.,0.,1.));
#6104=DIRECTION('',(0.,0.,1.));
#6105=DIRECTION('',(0.,0.,1.));
#6106=DIRECTION('',(0.,0.,1.));
#6107=DIRECTION('',(0.,0.,1.));
#6108=DIRECTION('',(0.,0.,1.));
#6109=DIRECTION('',(0.,0.,1.));
#6110=DIRECTION('',(0.,0.,1.));
#6111=DIRECTION('',(0.,0.,1.));
#6112=DIRECTION('',(0.,0.,1.));
#6113=DIRECTION('center_axis',(-1.,0.,0.));
#6114=DIRECTION('ref_axis',(0.,0.,1.));
#6115=DIRECTION('',(0.,0.,1.));
#6116=DIRECTION('center_axis',(0.,1.,0.));
#6117=DIRECTION('ref_axis',(0.,0.,1.));
#6118=DIRECTION('center_axis',(0.,0.,1.));
#6119=DIRECTION('ref_axis',(1.,0.,0.));
#6120=DIRECTION('',(0.,0.,1.));
#6121=DIRECTION('',(0.,0.,1.));
#6122=DIRECTION('',(0.,0.,1.));
#6123=DIRECTION('',(0.,0.,1.));
#6124=DIRECTION('',(0.,0.,1.));
#6125=DIRECTION('',(0.,0.,1.));
#6126=DIRECTION('',(0.,0.,1.));
#6127=DIRECTION('',(0.,0.,1.));
#6128=DIRECTION('',(0.,0.,1.));
#6129=DIRECTION('',(0.,0.,1.));
#6130=DIRECTION('',(0.,0.,1.));
#6131=DIRECTION('',(0.,0.,1.));
#6132=DIRECTION('center_axis',(0.,0.,1.));
#6133=DIRECTION('ref_axis',(1.,0.,0.));
#6134=DIRECTION('',(0.,-1.,0.));
#6135=DIRECTION('',(1.,0.,0.));
#6136=DIRECTION('',(0.,1.,0.));
#6137=DIRECTION('',(-1.,0.,0.));
#6138=DIRECTION('',(0.,1.,0.));
#6139=DIRECTION('',(-1.,0.,0.));
#6140=DIRECTION('center_axis',(1.,0.,0.));
#6141=DIRECTION('ref_axis',(0.,0.,-1.));
#6142=DIRECTION('',(0.,0.,1.));
#6143=DIRECTION('',(0.,0.,1.));
#6144=DIRECTION('center_axis',(0.,-1.,0.));
#6145=DIRECTION('ref_axis',(0.,0.,-1.));
#6146=DIRECTION('',(0.,0.,1.));
#6147=DIRECTION('center_axis',(-1.,0.,0.));
#6148=DIRECTION('ref_axis',(0.,0.,1.));
#6149=DIRECTION('',(0.,0.,1.));
#6150=DIRECTION('center_axis',(0.,1.,0.));
#6151=DIRECTION('ref_axis',(0.,0.,1.));
#6152=DIRECTION('',(0.,0.,1.));
#6153=DIRECTION('center_axis',(1.,0.,0.));
#6154=DIRECTION('ref_axis',(0.,0.,-1.));
#6155=DIRECTION('',(0.,0.,1.));
#6156=DIRECTION('center_axis',(0.,1.,0.));
#6157=DIRECTION('ref_axis',(0.,0.,1.));
#6158=DIRECTION('center_axis',(0.,0.,1.));
#6159=DIRECTION('ref_axis',(1.,0.,0.));
#6160=DIRECTION('center_axis',(0.,0.,1.));
#6161=DIRECTION('ref_axis',(1.,0.,0.));
#6162=DIRECTION('center_axis',(0.,0.,1.));
#6163=DIRECTION('ref_axis',(1.,0.,0.));
#6164=DIRECTION('center_axis',(0.,0.,1.));
#6165=DIRECTION('ref_axis',(1.,0.,0.));
#6166=DIRECTION('center_axis',(0.,0.,1.));
#6167=DIRECTION('ref_axis',(1.,0.,0.));
#6168=DIRECTION('center_axis',(0.,0.,1.));
#6169=DIRECTION('ref_axis',(1.,0.,0.));
#6170=DIRECTION('center_axis',(0.,0.,1.));
#6171=DIRECTION('ref_axis',(1.,0.,0.));
#6172=DIRECTION('center_axis',(0.,0.,1.));
#6173=DIRECTION('ref_axis',(1.,0.,0.));
#6174=DIRECTION('center_axis',(0.,0.,1.));
#6175=DIRECTION('ref_axis',(1.,0.,0.));
#6176=DIRECTION('center_axis',(0.,0.,1.));
#6177=DIRECTION('ref_axis',(1.,0.,0.));
#6178=DIRECTION('',(0.,0.,1.));
#6179=DIRECTION('center_axis',(0.,0.,-1.));
#6180=DIRECTION('ref_axis',(1.,0.,0.));
#6181=DIRECTION('center_axis',(0.,0.,1.));
#6182=DIRECTION('ref_axis',(1.,0.,0.));
#6183=DIRECTION('center_axis',(0.,0.,1.));
#6184=DIRECTION('ref_axis',(1.,0.,0.));
#6185=DIRECTION('',(0.,0.,1.));
#6186=DIRECTION('center_axis',(0.,0.,1.));
#6187=DIRECTION('ref_axis',(1.,0.,0.));
#6188=DIRECTION('center_axis',(0.,0.,1.));
#6189=DIRECTION('ref_axis',(1.,0.,0.));
#6190=DIRECTION('center_axis',(0.,0.,1.));
#6191=DIRECTION('ref_axis',(1.,0.,0.));
#6192=DIRECTION('center_axis',(0.,0.,1.));
#6193=DIRECTION('ref_axis',(1.,0.,0.));
#6194=DIRECTION('center_axis',(0.,0.,1.));
#6195=DIRECTION('ref_axis',(1.,0.,0.));
#6196=DIRECTION('',(0.,0.,1.));
#6197=DIRECTION('center_axis',(0.,0.,-1.));
#6198=DIRECTION('ref_axis',(1.,0.,0.));
#6199=DIRECTION('center_axis',(0.,0.,1.));
#6200=DIRECTION('ref_axis',(1.,0.,0.));
#6201=DIRECTION('center_axis',(0.,0.,1.));
#6202=DIRECTION('ref_axis',(1.,0.,0.));
#6203=DIRECTION('',(0.,0.,1.));
#6204=DIRECTION('center_axis',(0.,0.,1.));
#6205=DIRECTION('ref_axis',(1.,0.,0.));
#6206=DIRECTION('center_axis',(0.,0.,1.));
#6207=DIRECTION('ref_axis',(1.,0.,0.));
#6208=DIRECTION('center_axis',(0.,0.,1.));
#6209=DIRECTION('ref_axis',(1.,0.,0.));
#6210=DIRECTION('center_axis',(0.,0.,1.));
#6211=DIRECTION('ref_axis',(1.,0.,0.));
#6212=DIRECTION('center_axis',(0.,0.,1.));
#6213=DIRECTION('ref_axis',(1.,0.,0.));
#6214=DIRECTION('',(0.,0.,1.));
#6215=DIRECTION('center_axis',(0.,0.,-1.));
#6216=DIRECTION('ref_axis',(1.,0.,0.));
#6217=DIRECTION('center_axis',(0.,0.,1.));
#6218=DIRECTION('ref_axis',(1.,0.,0.));
#6219=DIRECTION('center_axis',(0.,0.,1.));
#6220=DIRECTION('ref_axis',(1.,0.,0.));
#6221=DIRECTION('',(0.,0.,1.));
#6222=DIRECTION('center_axis',(0.,0.,1.));
#6223=DIRECTION('ref_axis',(1.,0.,0.));
#6224=DIRECTION('center_axis',(0.,0.,1.));
#6225=DIRECTION('ref_axis',(1.,0.,0.));
#6226=DIRECTION('center_axis',(0.,0.,1.));
#6227=DIRECTION('ref_axis',(1.,0.,0.));
#6228=DIRECTION('center_axis',(0.,0.,1.));
#6229=DIRECTION('ref_axis',(1.,0.,0.));
#6230=DIRECTION('center_axis',(0.,0.,1.));
#6231=DIRECTION('ref_axis',(1.,0.,0.));
#6232=DIRECTION('',(0.,0.,1.));
#6233=DIRECTION('center_axis',(0.,0.,-1.));
#6234=DIRECTION('ref_axis',(1.,0.,0.));
#6235=DIRECTION('center_axis',(0.,0.,1.));
#6236=DIRECTION('ref_axis',(1.,0.,0.));
#6237=DIRECTION('center_axis',(0.,0.,1.));
#6238=DIRECTION('ref_axis',(1.,0.,0.));
#6239=DIRECTION('',(0.,0.,1.));
#6240=DIRECTION('center_axis',(0.,0.,1.));
#6241=DIRECTION('ref_axis',(1.,0.,0.));
#6242=DIRECTION('center_axis',(0.,0.,1.));
#6243=DIRECTION('ref_axis',(1.,0.,0.));
#6244=DIRECTION('center_axis',(0.,0.,-1.));
#6245=DIRECTION('ref_axis',(-0.707106781186548,0.707106781186548,0.));
#6246=DIRECTION('',(0.,1.,0.));
#6247=DIRECTION('center_axis',(0.,0.,-1.));
#6248=DIRECTION('ref_axis',(-0.707106781186548,-0.707106781186547,0.));
#6249=DIRECTION('',(-1.,0.,0.));
#6250=DIRECTION('center_axis',(0.,0.,-1.));
#6251=DIRECTION('ref_axis',(0.707106781186548,-0.707106781186548,0.));
#6252=DIRECTION('',(0.,-1.,0.));
#6253=DIRECTION('center_axis',(0.,0.,-1.));
#6254=DIRECTION('ref_axis',(0.707106781186547,0.707106781186548,0.));
#6255=DIRECTION('',(1.,0.,0.));
#6256=DIRECTION('',(1.,5.31694087461946E-16,0.));
#6257=DIRECTION('center_axis',(0.,0.,-1.));
#6258=DIRECTION('ref_axis',(0.707106781186548,-0.707106781186548,0.));
#6259=DIRECTION('',(0.,1.,0.));
#6260=DIRECTION('',(1.,0.,0.));
#6261=DIRECTION('',(1.06338817492389E-15,-1.,0.));
#6262=DIRECTION('center_axis',(0.,0.,-1.));
#6263=DIRECTION('ref_axis',(-0.707106781186547,-0.707106781186548,0.));
#6264=DIRECTION('',(1.,0.,0.));
#6265=DIRECTION('',(0.,-1.,0.));
#6266=DIRECTION('center_axis',(-0.0226814970691502,-0.0226814970691502,
-0.999485417293021));
#6267=DIRECTION('ref_axis',(-0.706742916264961,-0.706742916264962,0.0320764807701178));
#6268=DIRECTION('',(0.0226814970691502,0.0226814970691502,0.999485417293021));
#6269=DIRECTION('',(-0.0226814970691502,-0.0226814970691502,-0.999485417293021));
#6270=DIRECTION('center_axis',(-0.999742609322698,-1.06311446872131E-15,
0.0226873335727814));
#6271=DIRECTION('ref_axis',(-1.06338942358604E-15,1.,-5.50236877790557E-20));
#6272=DIRECTION('center_axis',(0.0226814970691502,-0.0226814970691502,-0.999485417293021));
#6273=DIRECTION('ref_axis',(0.706742916264961,-0.706742916264961,0.0320764807701178));
#6274=DIRECTION('',(-0.0226814970691502,0.0226814970691502,0.999485417293021));
#6275=DIRECTION('',(0.0226814970691502,-0.0226814970691502,-0.999485417293021));
#6276=DIRECTION('center_axis',(0.999742609322698,0.,0.0226873335727814));
#6277=DIRECTION('ref_axis',(0.,-1.,0.));
#6278=DIRECTION('center_axis',(0.,-0.999742609322698,0.0226873335727813));
#6279=DIRECTION('ref_axis',(-1.,0.,0.));
#6280=DIRECTION('center_axis',(5.31557234360657E-16,-0.999742609322698,
0.0226873335727814));
#6281=DIRECTION('ref_axis',(-1.,-5.31603280023375E-16,4.00153086706214E-18));
#6282=DIRECTION('center_axis',(0.,1.,0.));
#6283=DIRECTION('ref_axis',(0.698415285431006,0.,-0.715692733703736));
#6284=DIRECTION('',(0.,-1.,0.));
#6285=DIRECTION('center_axis',(0.,1.,0.));
#6286=DIRECTION('ref_axis',(0.999701489781183,0.,-0.024432178152652));
#6287=DIRECTION('',(0.,1.,0.));
#6288=DIRECTION('center_axis',(0.,-1.,0.));
#6289=DIRECTION('ref_axis',(0.,0.,-1.));
#6290=DIRECTION('center_axis',(0.999701489781183,0.,-0.0244321781526531));
#6291=DIRECTION('ref_axis',(0.,-1.,0.));
#6292=DIRECTION('',(-0.0244248892494309,-0.0244248892494309,-0.999403246727919));
#6293=DIRECTION('',(0.0244248892494309,-0.0244248892494309,0.999403246727919));
#6294=DIRECTION('center_axis',(1.,0.,0.));
#6295=DIRECTION('ref_axis',(0.,-0.698415285431006,-0.715692733703736));
#6296=DIRECTION('',(-1.,0.,0.));
#6297=DIRECTION('center_axis',(1.,0.,0.));
#6298=DIRECTION('ref_axis',(0.,-0.999701489781183,-0.024432178152652));
#6299=DIRECTION('',(1.,0.,0.));
#6300=DIRECTION('center_axis',(-1.,0.,0.));
#6301=DIRECTION('ref_axis',(0.,0.,-1.));
#6302=DIRECTION('center_axis',(0.,-0.999701489781183,-0.0244321781526531));
#6303=DIRECTION('ref_axis',(-1.,0.,0.));
#6304=DIRECTION('',(-0.0244248892494309,0.0244248892494309,-0.999403246727919));
#6305=DIRECTION('',(-0.0244248892494306,-0.0244248892494309,0.999403246727919));
#6306=DIRECTION('center_axis',(0.,0.,1.));
#6307=DIRECTION('ref_axis',(1.,0.,0.));
#6308=DIRECTION('center_axis',(0.,0.,1.));
#6309=DIRECTION('ref_axis',(0.707106781186548,-0.707106781186548,0.));
#6310=DIRECTION('center_axis',(0.,0.,1.));
#6311=DIRECTION('ref_axis',(-0.707106781186548,-0.707106781186547,0.));
#6312=DIRECTION('',(0.,-1.,0.));
#6313=DIRECTION('center_axis',(0.,0.,1.));
#6314=DIRECTION('ref_axis',(-0.707106781186548,0.707106781186548,0.));
#6315=DIRECTION('',(-1.,0.,0.));
#6316=DIRECTION('center_axis',(0.,0.,1.));
#6317=DIRECTION('ref_axis',(0.707106781186547,0.707106781186548,0.));
#6318=DIRECTION('center_axis',(0.,-1.,0.));
#6319=DIRECTION('ref_axis',(-0.698415285431006,0.,-0.715692733703736));
#6320=DIRECTION('',(0.,1.,0.));
#6321=DIRECTION('center_axis',(0.,-1.,0.));
#6322=DIRECTION('ref_axis',(-0.999701489781183,0.,-0.024432178152652));
#6323=DIRECTION('center_axis',(0.,1.,0.));
#6324=DIRECTION('ref_axis',(0.,0.,-1.));
#6325=DIRECTION('center_axis',(-0.999701489781183,0.,-0.0244321781526528));
#6326=DIRECTION('ref_axis',(0.,1.,0.));
#6327=DIRECTION('',(0.0244248892494306,0.0244248892494309,-0.999403246727919));
#6328=DIRECTION('',(-0.0244248892494306,0.0244248892494309,0.999403246727919));
#6329=DIRECTION('center_axis',(0.,0.999701489781183,-0.0244321781526531));
#6330=DIRECTION('ref_axis',(1.,0.,0.));
#6331=DIRECTION('center_axis',(0.,0.,1.));
#6332=DIRECTION('ref_axis',(1.,0.,0.));
#6333=DIRECTION('center_axis',(0.999701489781183,0.,-0.0244321781526531));
#6334=DIRECTION('ref_axis',(0.,-1.,0.));
#6335=DIRECTION('center_axis',(0.0073253231783992,-0.00732532317839794,
-0.999946338200538));
#6336=DIRECTION('ref_axis',(-0.707068836564257,0.707068836564257,-0.0103595713876572));
#6337=DIRECTION('center_axis',(1.,0.,0.));
#6338=DIRECTION('ref_axis',(0.,0.,-1.));
#6339=DIRECTION('center_axis',(0.0244248892494306,-0.0244248892494309,-0.999403246727919));
#6340=DIRECTION('ref_axis',(-0.706684812901164,0.706684812901164,-0.0345420096360058));
#6341=DIRECTION('',(0.0244248892494306,-0.0244248892494309,-0.999403246727919));
#6342=DIRECTION('center_axis',(-1.,0.,0.));
#6343=DIRECTION('ref_axis',(0.,0.999701489781183,-0.024432178152652));
#6344=DIRECTION('center_axis',(-0.00732532317839857,-0.00732532317839858,
-0.999946338200538));
#6345=DIRECTION('ref_axis',(0.707068836564256,0.707068836564258,-0.0103595713876572));
#6346=DIRECTION('center_axis',(-0.0244248892494309,-0.0244248892494309,
-0.999403246727919));
#6347=DIRECTION('ref_axis',(0.706684812901163,0.706684812901164,-0.034542009636006));
#6348=DIRECTION('',(0.0244248892494309,0.0244248892494309,0.999403246727919));
#6349=DIRECTION('center_axis',(0.00732532317839921,0.00732532317839794,
-0.999946338200538));
#6350=DIRECTION('ref_axis',(-0.707068836564258,-0.707068836564256,-0.0103595713876572));
#6351=DIRECTION('center_axis',(0.0244248892494306,0.0244248892494309,-0.999403246727919));
#6352=DIRECTION('ref_axis',(-0.706684812901165,-0.706684812901163,-0.0345420096360058));
#6353=DIRECTION('center_axis',(-0.0073253231783992,0.00732532317839794,
-0.999946338200538));
#6354=DIRECTION('ref_axis',(0.707068836564257,-0.707068836564257,-0.0103595713876572));
#6355=DIRECTION('center_axis',(-0.0244248892494309,0.0244248892494309,-0.999403246727919));
#6356=DIRECTION('ref_axis',(0.706684812901164,-0.706684812901164,-0.034542009636006));
#6357=DIRECTION('center_axis',(-1.,0.,0.));
#6358=DIRECTION('ref_axis',(0.,0.698415285431006,-0.715692733703736));
#6359=DIRECTION('',(1.,0.,0.));
#6360=DIRECTION('center_axis',(0.,0.999701489781183,-0.0244321781526531));
#6361=DIRECTION('ref_axis',(1.,0.,0.));
#6362=DIRECTION('',(0.,1.,0.));
#6363=DIRECTION('',(1.,0.,0.));
#6364=CARTESIAN_POINT('',(0.,0.,0.));
#6365=CARTESIAN_POINT('',(0.,0.,0.));
#6366=CARTESIAN_POINT('Origin',(-22.2492793550651,15.7927538354819,-24.55));
#6367=CARTESIAN_POINT('',(-22.2492793550651,15.7927538354819,-25.05));
#6368=CARTESIAN_POINT('',(-22.7491300999557,15.7927538354819,-24.5622160890763));
#6369=CARTESIAN_POINT('Origin',(-22.2492793550651,15.7927538354819,-24.55));
#6370=CARTESIAN_POINT('',(-22.2492793550651,16.2926251401432,-24.5613436667864));
#6371=CARTESIAN_POINT('Origin',(-22.2492793550651,15.7927538354819,-24.55));
#6372=CARTESIAN_POINT('Origin',(-22.2492793550651,15.7927538354819,-24.55));
#6373=CARTESIAN_POINT('Origin',(-22.2492793550651,-15.7927538354819,-24.55));
#6374=CARTESIAN_POINT('',(-22.7491300999557,-15.7927538354819,-24.5622160890763));
#6375=CARTESIAN_POINT('',(-22.2492793550651,-16.2926251401432,-24.5613436667864));
#6376=CARTESIAN_POINT('Origin',(-22.2492793550651,-15.7927538354819,-24.55));
#6377=CARTESIAN_POINT('',(-22.2492793550651,-15.7927538354819,-25.05));
#6378=CARTESIAN_POINT('Origin',(-22.2492793550651,-15.7927538354819,-24.55));
#6379=CARTESIAN_POINT('Origin',(-22.2492793550651,-15.7927538354819,-24.55));
#6380=CARTESIAN_POINT('Origin',(-15.7927538354819,22.2492793550651,-24.55));
#6381=CARTESIAN_POINT('',(-16.2926251401432,22.2492793550651,-24.5613436667864));
#6382=CARTESIAN_POINT('',(-15.7927538354819,22.2492793550651,-25.05));
#6383=CARTESIAN_POINT('Origin',(-15.7927538354819,22.2492793550651,-24.55));
#6384=CARTESIAN_POINT('',(-15.7927538354819,22.7491300999557,-24.5622160890763));
#6385=CARTESIAN_POINT('Origin',(-15.7927538354819,22.2492793550651,-24.55));
#6386=CARTESIAN_POINT('Origin',(-15.7927538354819,22.2492793550651,-24.55));
#6387=CARTESIAN_POINT('Origin',(-15.7927538354819,-22.2492793550651,-24.55));
#6388=CARTESIAN_POINT('',(-16.2926251401432,-22.2492793550651,-24.5613436667864));
#6389=CARTESIAN_POINT('',(-15.7927538354819,-22.7491300999557,-24.5622160890763));
#6390=CARTESIAN_POINT('Origin',(-15.7927538354819,-22.2492793550651,-24.55));
#6391=CARTESIAN_POINT('',(-15.7927538354819,-22.2492793550651,-25.05));
#6392=CARTESIAN_POINT('Origin',(-15.7927538354819,-22.2492793550651,-24.55));
#6393=CARTESIAN_POINT('Origin',(-15.7927538354819,-22.2492793550651,-24.55));
#6394=CARTESIAN_POINT('Origin',(15.7927538354819,22.2492793550651,-24.55));
#6395=CARTESIAN_POINT('',(15.7927538354819,22.7491300999557,-24.5622160890763));
#6396=CARTESIAN_POINT('',(15.7927538354819,22.2492793550651,-25.05));
#6397=CARTESIAN_POINT('Origin',(15.7927538354819,22.2492793550651,-24.55));
#6398=CARTESIAN_POINT('',(16.2926251401432,22.2492793550651,-24.5613436667864));
#6399=CARTESIAN_POINT('Origin',(15.7927538354819,22.2492793550651,-24.55));
#6400=CARTESIAN_POINT('Origin',(15.7927538354819,22.2492793550651,-24.55));
#6401=CARTESIAN_POINT('Origin',(15.7927538354819,-22.2492793550651,-24.55));
#6402=CARTESIAN_POINT('',(15.7927538354819,-22.7491300999557,-24.5622160890763));
#6403=CARTESIAN_POINT('',(16.2926251401432,-22.2492793550651,-24.5613436667864));
#6404=CARTESIAN_POINT('Origin',(15.7927538354819,-22.2492793550651,-24.55));
#6405=CARTESIAN_POINT('',(15.7927538354819,-22.2492793550651,-25.05));
#6406=CARTESIAN_POINT('Origin',(15.7927538354819,-22.2492793550651,-24.55));
#6407=CARTESIAN_POINT('Origin',(15.7927538354819,-22.2492793550651,-24.55));
#6408=CARTESIAN_POINT('Origin',(22.2492793550651,15.7927538354819,-24.55));
#6409=CARTESIAN_POINT('',(22.2492793550651,16.2926251401432,-24.5613436667864));
#6410=CARTESIAN_POINT('',(22.2492793550651,15.7927538354819,-25.05));
#6411=CARTESIAN_POINT('Origin',(22.2492793550651,15.7927538354819,-24.55));
#6412=CARTESIAN_POINT('',(22.7491300999557,15.7927538354819,-24.5622160890763));
#6413=CARTESIAN_POINT('Origin',(22.2492793550651,15.7927538354819,-24.55));
#6414=CARTESIAN_POINT('Origin',(22.2492793550651,15.7927538354819,-24.55));
#6415=CARTESIAN_POINT('Origin',(22.2492793550651,-15.7927538354819,-24.55));
#6416=CARTESIAN_POINT('',(22.2492793550651,-15.7927538354819,-25.05));
#6417=CARTESIAN_POINT('',(22.2492793550651,-16.2926251401432,-24.5613436667864));
#6418=CARTESIAN_POINT('Origin',(22.2492793550651,-15.7927538354819,-24.55));
#6419=CARTESIAN_POINT('',(22.7491300999557,-15.7927538354819,-24.5622160890763));
#6420=CARTESIAN_POINT('Origin',(22.2492793550651,-15.7927538354819,-24.55));
#6421=CARTESIAN_POINT('Origin',(22.2492793550651,-15.7927538354819,-24.55));
#6422=CARTESIAN_POINT('Origin',(22.8527223762466,-16.3530784179083,0.14132647543763));
#6423=CARTESIAN_POINT('',(22.849545664828,-16.85,0.));
#6424=CARTESIAN_POINT('',(23.3494177312601,-16.35014849337,0.));
#6425=CARTESIAN_POINT('Origin',(22.8492684315833,-16.3498712715278,0.));
#6426=CARTESIAN_POINT('',(23.3525731211372,-16.3530784179083,0.129110386361304));
#6427=CARTESIAN_POINT('',(22.8527223762466,-16.8529497225697,0.12998280865124));
#6428=CARTESIAN_POINT('Origin',(22.2492793550651,-12.65,-24.55));
#6429=CARTESIAN_POINT('',(22.7491300999557,-12.65,-24.5622160890763));
#6430=CARTESIAN_POINT('',(22.2492793550651,-12.65,-25.05));
#6431=CARTESIAN_POINT('Origin',(11.6009147097421,-15.7927538354819,-24.55));
#6432=CARTESIAN_POINT('',(20.291595577434,-15.7927538354819,-25.05));
#6433=CARTESIAN_POINT('',(20.291595577434,-16.2926251401432,-24.5613436667864));
#6434=CARTESIAN_POINT('Origin',(20.291595577434,-15.7927538354819,-24.55));
#6435=CARTESIAN_POINT('',(11.6009147097421,-16.2926251401432,-24.5613436667864));
#6436=CARTESIAN_POINT('',(11.6009147097421,-15.7927538354819,-25.05));
#6437=CARTESIAN_POINT('Origin',(22.8387063520297,16.3400638951764,-0.432172956456511));
#6438=CARTESIAN_POINT('',(23.3494177312601,16.35014849337,0.));
#6439=CARTESIAN_POINT('',(22.849545664828,16.85,0.));
#6440=CARTESIAN_POINT('Origin',(22.8492684315832,16.3498712715279,0.));
#6441=CARTESIAN_POINT('',(22.8387063520297,16.8399351998377,-0.443516623242902));
#6442=CARTESIAN_POINT('',(23.3385570969203,16.3400638951764,-0.444389045532838));
#6443=CARTESIAN_POINT('Origin',(11.6009147097421,15.7927538354819,-24.55));
#6444=CARTESIAN_POINT('',(20.291595577434,16.2926251401432,-24.5613436667864));
#6445=CARTESIAN_POINT('',(20.291595577434,15.7927538354819,-25.05));
#6446=CARTESIAN_POINT('Origin',(20.291595577434,15.7927538354819,-24.55));
#6447=CARTESIAN_POINT('',(11.6009147097421,15.7927538354819,-25.05));
#6448=CARTESIAN_POINT('',(11.6009147097421,16.2926251401432,-24.5613436667864));
#6449=CARTESIAN_POINT('Ctrl Pts',(20.3166507925078,-16.2927173068836,-24.5608575776759));
#6450=CARTESIAN_POINT('Ctrl Pts',(19.4107523043802,-16.2867741329504,-24.5634425964767));
#6451=CARTESIAN_POINT('Ctrl Pts',(17.291918758016,-17.0176883610918,-24.5673773204804));
#6452=CARTESIAN_POINT('Ctrl Pts',(16.284572280089,-19.111352206045,-24.5642976208427));
#6453=CARTESIAN_POINT('Ctrl Pts',(16.2927198080985,-20.3166530707173,-24.5608575641251));
#6454=CARTESIAN_POINT('Ctrl Pts',(20.3166620369755,-16.2899187759833,-24.6899874739019));
#6455=CARTESIAN_POINT('Ctrl Pts',(19.4103639676082,-16.2832960412491,-24.6921277598383));
#6456=CARTESIAN_POINT('Ctrl Pts',(17.2888252583527,-17.0139963621135,-24.69537285773));
#6457=CARTESIAN_POINT('Ctrl Pts',(16.2808668221265,-19.1108309635547,-24.6928356506208));
#6458=CARTESIAN_POINT('Ctrl Pts',(16.2899213079111,-20.3166643250045,-24.689987463029));
#6459=CARTESIAN_POINT('Ctrl Pts',(20.3173699205881,-16.1782923571338,-24.9463524104401));
#6460=CARTESIAN_POINT('Ctrl Pts',(19.3854787148823,-16.1709630217657,-24.9470869297738));
#6461=CARTESIAN_POINT('Ctrl Pts',(17.2037827362032,-16.921335878349,-24.94818971948));
#6462=CARTESIAN_POINT('Ctrl Pts',(16.1682940349161,-19.0774853578896,-24.9473298405949));
#6463=CARTESIAN_POINT('Ctrl Pts',(16.178294956067,-20.3173722918592,-24.9463524070061));
#6464=CARTESIAN_POINT('Ctrl Pts',(20.3189917346514,-15.9186395077868,-25.0513118514245));
#6465=CARTESIAN_POINT('Ctrl Pts',(19.3284575902494,-15.9117766567448,-25.0512888342285));
#6466=CARTESIAN_POINT('Ctrl Pts',(17.0107412304717,-16.7106713243563,-25.0512717021472));
#6467=CARTESIAN_POINT('Ctrl Pts',(15.9092474688845,-19.0010846610806,-25.0512812677821));
#6468=CARTESIAN_POINT('Ctrl Pts',(15.918642255949,-20.3189942328798,-25.051311851056));
#6469=CARTESIAN_POINT('Ctrl Pts',(20.3198113282259,-15.7879977858837,-25.0499752086713));
#6470=CARTESIAN_POINT('Ctrl Pts',(19.2996403491759,-15.7813844709412,-25.0499759032815));
#6471=CARTESIAN_POINT('Ctrl Pts',(16.9135043299154,-16.6046676102192,-25.0499762873526));
#6472=CARTESIAN_POINT('Ctrl Pts',(15.778931195775,-18.962473152087,-25.0499761312737));
#6473=CARTESIAN_POINT('Ctrl Pts',(15.7880006020421,-20.3198138933836,-25.0499752086861));
#6474=CARTESIAN_POINT('',(15.7927538354819,-20.291595577434,-25.05));
#6475=CARTESIAN_POINT('',(16.2926251401432,-20.291595577434,-24.5613436667864));
#6476=CARTESIAN_POINT('Origin',(15.7927538354819,-20.291595577434,-24.55));
#6477=CARTESIAN_POINT('Origin',(20.2939123917313,-20.2939123917313,-24.55));
#6478=CARTESIAN_POINT('Origin',(20.2939123917313,-20.2939123917313,-25.05));
#6479=CARTESIAN_POINT('Ctrl Pts',(16.2927173068836,20.3166507925078,-24.5608575776759));
#6480=CARTESIAN_POINT('Ctrl Pts',(16.2867741329504,19.4107523043802,-24.5634425964767));
#6481=CARTESIAN_POINT('Ctrl Pts',(17.0176883610918,17.291918758016,-24.5673773204804));
#6482=CARTESIAN_POINT('Ctrl Pts',(19.111352206045,16.284572280089,-24.5642976208427));
#6483=CARTESIAN_POINT('Ctrl Pts',(20.3166530707173,16.2927198080985,-24.5608575641251));
#6484=CARTESIAN_POINT('Ctrl Pts',(16.2899187759833,20.3166620369755,-24.6899874739019));
#6485=CARTESIAN_POINT('Ctrl Pts',(16.2832960412491,19.4103639676082,-24.6921277598383));
#6486=CARTESIAN_POINT('Ctrl Pts',(17.0139963621135,17.2888252583527,-24.69537285773));
#6487=CARTESIAN_POINT('Ctrl Pts',(19.1108309635548,16.2808668221265,-24.6928356506208));
#6488=CARTESIAN_POINT('Ctrl Pts',(20.3166643250045,16.2899213079111,-24.689987463029));
#6489=CARTESIAN_POINT('Ctrl Pts',(16.1782923571338,20.3173699205881,-24.9463524104401));
#6490=CARTESIAN_POINT('Ctrl Pts',(16.1709630217657,19.3854787148823,-24.9470869297738));
#6491=CARTESIAN_POINT('Ctrl Pts',(16.921335878349,17.2037827362032,-24.94818971948));
#6492=CARTESIAN_POINT('Ctrl Pts',(19.0774853578896,16.1682940349161,-24.9473298405949));
#6493=CARTESIAN_POINT('Ctrl Pts',(20.3173722918592,16.178294956067,-24.9463524070061));
#6494=CARTESIAN_POINT('Ctrl Pts',(15.9186395077868,20.3189917346514,-25.0513118514245));
#6495=CARTESIAN_POINT('Ctrl Pts',(15.9117766567448,19.3284575902494,-25.0512888342285));
#6496=CARTESIAN_POINT('Ctrl Pts',(16.7106713243563,17.0107412304717,-25.0512717021472));
#6497=CARTESIAN_POINT('Ctrl Pts',(19.0010846610806,15.9092474688845,-25.0512812677821));
#6498=CARTESIAN_POINT('Ctrl Pts',(20.3189942328798,15.918642255949,-25.051311851056));
#6499=CARTESIAN_POINT('Ctrl Pts',(15.7879977858837,20.3198113282259,-25.0499752086713));
#6500=CARTESIAN_POINT('Ctrl Pts',(15.7813844709412,19.2996403491759,-25.0499759032815));
#6501=CARTESIAN_POINT('Ctrl Pts',(16.6046676102192,16.9135043299154,-25.0499762873526));
#6502=CARTESIAN_POINT('Ctrl Pts',(18.962473152087,15.778931195775,-25.0499761312737));
#6503=CARTESIAN_POINT('Ctrl Pts',(20.3198138933836,15.7880006020421,-25.0499752086861));
#6504=CARTESIAN_POINT('',(16.2926251401432,20.291595577434,-24.5613436667864));
#6505=CARTESIAN_POINT('',(15.7927538354819,20.291595577434,-25.05));
#6506=CARTESIAN_POINT('Origin',(15.7927538354819,20.291595577434,-24.55));
#6507=CARTESIAN_POINT('Origin',(20.2939123917313,20.2939123917313,-25.05));
#6508=CARTESIAN_POINT('Origin',(20.2939123917313,20.2939123917313,-24.55));
#6509=CARTESIAN_POINT('Origin',(15.7927538354819,-11.6009147097421,-24.55));
#6510=CARTESIAN_POINT('',(15.7927538354819,-11.6009147097421,-25.05));
#6511=CARTESIAN_POINT('',(16.2926251401432,-11.6009147097421,-24.5613436667864));
#6512=CARTESIAN_POINT('Origin',(15.7927538354819,11.6009147097421,-24.55));
#6513=CARTESIAN_POINT('',(15.7927538354819,11.6009147097421,-25.05));
#6514=CARTESIAN_POINT('',(16.2926251401432,11.6009147097421,-24.5613436667864));
#6515=CARTESIAN_POINT('Origin',(-12.65,-22.2492793550651,-24.55));
#6516=CARTESIAN_POINT('',(-12.65,-22.7491300999557,-24.5622160890763));
#6517=CARTESIAN_POINT('',(-12.65,-22.2492793550651,-25.05));
#6518=CARTESIAN_POINT('Origin',(16.3400638951764,-22.8387063520297,-0.432172956456512));
#6519=CARTESIAN_POINT('',(16.35014849337,-23.3494177312601,0.));
#6520=CARTESIAN_POINT('',(16.85,-22.849545664828,0.));
#6521=CARTESIAN_POINT('Origin',(16.3498712715279,-22.8492684315832,0.));
#6522=CARTESIAN_POINT('',(16.8399351998377,-22.8387063520297,-0.443516623242903));
#6523=CARTESIAN_POINT('',(16.3400638951764,-23.3385570969203,-0.444389045532839));
#6524=CARTESIAN_POINT('Origin',(16.3465711565423,22.8457143641381,-0.14542324050944));
#6525=CARTESIAN_POINT('',(16.85,22.849545664828,0.));
#6526=CARTESIAN_POINT('',(16.35014849337,23.3494177312601,0.));
#6527=CARTESIAN_POINT('Origin',(16.3498712715278,22.8492684315832,0.));
#6528=CARTESIAN_POINT('',(16.3465711565423,23.3455651090287,-0.157639329585767));
#6529=CARTESIAN_POINT('',(16.8464424612037,22.8457143641381,-0.156766907295831));
#6530=CARTESIAN_POINT('Origin',(0.,22.2492793550651,-24.55));
#6531=CARTESIAN_POINT('',(0.,22.7491300999557,-24.5622160890763));
#6532=CARTESIAN_POINT('',(0.,22.2492793550651,-25.05));
#6533=CARTESIAN_POINT('Origin',(-15.7927538354819,-11.6009147097421,-24.55));
#6534=CARTESIAN_POINT('',(-15.7927538354819,-20.291595577434,-25.05));
#6535=CARTESIAN_POINT('',(-16.2926251401432,-20.291595577434,-24.5613436667864));
#6536=CARTESIAN_POINT('Origin',(-15.7927538354819,-20.291595577434,-24.55));
#6537=CARTESIAN_POINT('',(-16.2926251401432,-11.6009147097421,-24.5613436667864));
#6538=CARTESIAN_POINT('',(-15.7927538354819,-11.6009147097421,-25.05));
#6539=CARTESIAN_POINT('Origin',(-16.3530784179083,-22.8527223762466,0.14132647543763));
#6540=CARTESIAN_POINT('',(-16.85,-22.849545664828,0.));
#6541=CARTESIAN_POINT('',(-16.35014849337,-23.3494177312601,0.));
#6542=CARTESIAN_POINT('Origin',(-16.3498712715278,-22.8492684315832,0.));
#6543=CARTESIAN_POINT('',(-16.3530784179083,-23.3525731211372,0.129110386361304));
#6544=CARTESIAN_POINT('',(-16.8529497225697,-22.8527223762466,0.12998280865124));
#6545=CARTESIAN_POINT('Origin',(-16.3465711565423,22.8457143641381,-0.145423240509441));
#6546=CARTESIAN_POINT('',(-16.35014849337,23.3494177312601,0.));
#6547=CARTESIAN_POINT('',(-16.85,22.849545664828,0.));
#6548=CARTESIAN_POINT('Origin',(-16.3498712715278,22.8492684315832,0.));
#6549=CARTESIAN_POINT('',(-16.8464424612037,22.8457143641381,-0.156766907295831));
#6550=CARTESIAN_POINT('',(-16.3465711565423,23.3455651090287,-0.157639329585767));
#6551=CARTESIAN_POINT('Origin',(-15.7927538354819,11.6009147097421,-24.55));
#6552=CARTESIAN_POINT('',(-16.2926251401432,20.291595577434,-24.5613436667864));
#6553=CARTESIAN_POINT('',(-15.7927538354819,20.291595577434,-25.05));
#6554=CARTESIAN_POINT('Origin',(-15.7927538354819,20.291595577434,-24.55));
#6555=CARTESIAN_POINT('',(-15.7927538354819,11.6009147097421,-25.05));
#6556=CARTESIAN_POINT('',(-16.2926251401432,11.6009147097421,-24.5613436667864));
#6557=CARTESIAN_POINT('Ctrl Pts',(-16.2927173068836,-20.3166507925079,-24.5608575776759));
#6558=CARTESIAN_POINT('Ctrl Pts',(-16.2867741329504,-19.4107523043803,-24.5634425964767));
#6559=CARTESIAN_POINT('Ctrl Pts',(-17.0176883610917,-17.2919187580159,-24.5673773204804));
#6560=CARTESIAN_POINT('Ctrl Pts',(-19.1113522060451,-16.2845722800889,-24.5642976208427));
#6561=CARTESIAN_POINT('Ctrl Pts',(-20.3166530707175,-16.2927198080985,-24.5608575641251));
#6562=CARTESIAN_POINT('Ctrl Pts',(-16.2899187759833,-20.3166620369756,-24.6899874739019));
#6563=CARTESIAN_POINT('Ctrl Pts',(-16.283296041249,-19.4103639676082,-24.6921277598383));
#6564=CARTESIAN_POINT('Ctrl Pts',(-17.0139963621134,-17.2888252583526,-24.69537285773));
#6565=CARTESIAN_POINT('Ctrl Pts',(-19.1108309635548,-16.2808668221265,-24.6928356506208));
#6566=CARTESIAN_POINT('Ctrl Pts',(-20.3166643250046,-16.2899213079111,-24.689987463029));
#6567=CARTESIAN_POINT('Ctrl Pts',(-16.1782923571338,-20.3173699205882,-24.9463524104401));
#6568=CARTESIAN_POINT('Ctrl Pts',(-16.1709630217657,-19.3854787148824,-24.9470869297738));
#6569=CARTESIAN_POINT('Ctrl Pts',(-16.921335878349,-17.2037827362032,-24.94818971948));
#6570=CARTESIAN_POINT('Ctrl Pts',(-19.0774853578896,-16.1682940349159,-24.9473298405949));
#6571=CARTESIAN_POINT('Ctrl Pts',(-20.3173722918594,-16.1782949560671,-24.9463524070062));
#6572=CARTESIAN_POINT('Ctrl Pts',(-15.9186395077867,-20.3189917346516,-25.0513118514245));
#6573=CARTESIAN_POINT('Ctrl Pts',(-15.9117766567448,-19.3284575902495,-25.0512888342285));
#6574=CARTESIAN_POINT('Ctrl Pts',(-16.7106713243562,-17.0107412304717,-25.0512717021472));
#6575=CARTESIAN_POINT('Ctrl Pts',(-19.0010846610807,-15.9092474688844,-25.0512812677821));
#6576=CARTESIAN_POINT('Ctrl Pts',(-20.31899423288,-15.918642255949,-25.051311851056));
#6577=CARTESIAN_POINT('Ctrl Pts',(-15.7879977858837,-20.319811328226,-25.0499752086713));
#6578=CARTESIAN_POINT('Ctrl Pts',(-15.7813844709412,-19.2996403491759,-25.0499759032815));
#6579=CARTESIAN_POINT('Ctrl Pts',(-16.6046676102192,-16.9135043299153,-25.0499762873526));
#6580=CARTESIAN_POINT('Ctrl Pts',(-18.9624731520871,-15.7789311957749,-25.0499761312737));
#6581=CARTESIAN_POINT('Ctrl Pts',(-20.3198138933837,-15.7880006020421,-25.0499752086861));
#6582=CARTESIAN_POINT('',(-20.291595577434,-15.7927538354819,-25.05));
#6583=CARTESIAN_POINT('',(-20.291595577434,-16.2926251401432,-24.5613436667864));
#6584=CARTESIAN_POINT('Origin',(-20.291595577434,-15.7927538354819,-24.55));
#6585=CARTESIAN_POINT('Origin',(-20.2939123917313,-20.2939123917313,-24.55));
#6586=CARTESIAN_POINT('Origin',(-20.2939123917313,-20.2939123917313,-25.05));
#6587=CARTESIAN_POINT('Ctrl Pts',(-20.316650792508,16.2927173068836,-24.5608575776759));
#6588=CARTESIAN_POINT('Ctrl Pts',(-19.4107523043803,16.2867741329504,-24.5634425964767));
#6589=CARTESIAN_POINT('Ctrl Pts',(-17.291918758016,17.0176883610917,-24.5673773204804));
#6590=CARTESIAN_POINT('Ctrl Pts',(-16.2845722800889,19.1113522060451,-24.5642976208427));
#6591=CARTESIAN_POINT('Ctrl Pts',(-16.2927198080985,20.3166530707175,-24.5608575641251));
#6592=CARTESIAN_POINT('Ctrl Pts',(-20.3166620369756,16.2899187759833,-24.6899874739019));
#6593=CARTESIAN_POINT('Ctrl Pts',(-19.4103639676082,16.283296041249,-24.6921277598383));
#6594=CARTESIAN_POINT('Ctrl Pts',(-17.2888252583526,17.0139963621134,-24.69537285773));
#6595=CARTESIAN_POINT('Ctrl Pts',(-16.2808668221265,19.1108309635549,-24.6928356506208));
#6596=CARTESIAN_POINT('Ctrl Pts',(-16.2899213079111,20.3166643250046,-24.689987463029));
#6597=CARTESIAN_POINT('Ctrl Pts',(-20.3173699205882,16.1782923571338,-24.9463524104401));
#6598=CARTESIAN_POINT('Ctrl Pts',(-19.3854787148824,16.1709630217657,-24.9470869297738));
#6599=CARTESIAN_POINT('Ctrl Pts',(-17.2037827362032,16.921335878349,-24.94818971948));
#6600=CARTESIAN_POINT('Ctrl Pts',(-16.1682940349159,19.0774853578896,-24.9473298405948));
#6601=CARTESIAN_POINT('Ctrl Pts',(-16.1782949560671,20.3173722918594,-24.9463524070062));
#6602=CARTESIAN_POINT('Ctrl Pts',(-20.3189917346516,15.9186395077867,-25.0513118514245));
#6603=CARTESIAN_POINT('Ctrl Pts',(-19.3284575902495,15.9117766567448,-25.0512888342285));
#6604=CARTESIAN_POINT('Ctrl Pts',(-17.0107412304717,16.7106713243562,-25.0512717021472));
#6605=CARTESIAN_POINT('Ctrl Pts',(-15.9092474688844,19.0010846610807,-25.0512812677821));
#6606=CARTESIAN_POINT('Ctrl Pts',(-15.918642255949,20.31899423288,-25.051311851056));
#6607=CARTESIAN_POINT('Ctrl Pts',(-20.319811328226,15.7879977858837,-25.0499752086713));
#6608=CARTESIAN_POINT('Ctrl Pts',(-19.2996403491759,15.7813844709411,-25.0499759032815));
#6609=CARTESIAN_POINT('Ctrl Pts',(-16.9135043299153,16.6046676102192,-25.0499762873526));
#6610=CARTESIAN_POINT('Ctrl Pts',(-15.7789311957749,18.9624731520871,-25.0499761312737));
#6611=CARTESIAN_POINT('Ctrl Pts',(-15.7880006020421,20.3198138933837,-25.0499752086861));
#6612=CARTESIAN_POINT('',(-20.291595577434,16.2926251401432,-24.5613436667864));
#6613=CARTESIAN_POINT('',(-20.291595577434,15.7927538354819,-25.05));
#6614=CARTESIAN_POINT('Origin',(-20.291595577434,15.7927538354819,-24.55));
#6615=CARTESIAN_POINT('Origin',(-20.2939123917313,20.2939123917313,-25.05));
#6616=CARTESIAN_POINT('Origin',(-20.2939123917313,20.2939123917313,-24.55));
#6617=CARTESIAN_POINT('Origin',(-11.6009147097421,-15.7927538354819,-24.55));
#6618=CARTESIAN_POINT('',(-11.6009147097421,-15.7927538354819,-25.05));
#6619=CARTESIAN_POINT('',(-11.6009147097421,-16.2926251401432,-24.5613436667864));
#6620=CARTESIAN_POINT('Origin',(-11.6009147097421,15.7927538354819,-24.55));
#6621=CARTESIAN_POINT('',(-11.6009147097421,15.7927538354819,-25.05));
#6622=CARTESIAN_POINT('',(-11.6009147097421,16.2926251401432,-24.5613436667864));
#6623=CARTESIAN_POINT('Origin',(-22.2492793550651,-1.53186668347029E-19,
-24.55));
#6624=CARTESIAN_POINT('',(-22.7491300999557,-1.53186668347029E-19,-24.5622160890763));
#6625=CARTESIAN_POINT('',(-22.2492793550651,-1.53186668347029E-19,-25.05));
#6626=CARTESIAN_POINT('Origin',(-22.8457143641381,-16.3465711565423,-0.14542324050944));
#6627=CARTESIAN_POINT('',(-23.3494177312601,-16.35014849337,0.));
#6628=CARTESIAN_POINT('',(-22.849545664828,-16.85,0.));
#6629=CARTESIAN_POINT('Origin',(-22.8492684315832,-16.3498712715278,0.));
#6630=CARTESIAN_POINT('',(-22.8457143641381,-16.8464424612037,-0.156766907295831));
#6631=CARTESIAN_POINT('',(-23.3455651090287,-16.3465711565423,-0.157639329585766));
#6632=CARTESIAN_POINT('Origin',(-22.8457143641381,16.3465711565423,-0.145423240509441));
#6633=CARTESIAN_POINT('',(-22.849545664828,16.85,0.));
#6634=CARTESIAN_POINT('',(-23.3494177312601,16.35014849337,0.));
#6635=CARTESIAN_POINT('Origin',(-22.8492684315832,16.3498712715278,0.));
#6636=CARTESIAN_POINT('',(-23.3455651090287,16.3465711565423,-0.157639329585767));
#6637=CARTESIAN_POINT('',(-22.8457143641381,16.8464424612037,-0.156766907295832));
#6638=CARTESIAN_POINT('Origin',(23.2018294194842,-16.85,0.));
#6639=CARTESIAN_POINT('',(20.8489704372908,-16.85,0.));
#6640=CARTESIAN_POINT('',(20.8501808663219,-16.8512104290311,0.0533389027006389));
#6641=CARTESIAN_POINT('',(25.2023443333728,-16.85,0.));
#6642=CARTESIAN_POINT('Origin',(20.8501808663219,-20.8501808663219,-0.0374104315904867));
#6643=CARTESIAN_POINT('',(16.85,-20.8489704372908,0.));
#6644=CARTESIAN_POINT('',(16.8512104290311,-20.8501808663219,0.0533389027006389));
#6645=CARTESIAN_POINT('Origin',(20.8510298277773,-20.8510298277773,0.));
#6646=CARTESIAN_POINT('Origin',(16.85,-23.2018294194842,0.));
#6647=CARTESIAN_POINT('',(16.85,-16.85,0.));
#6648=CARTESIAN_POINT('Origin',(-25.3,-23.3505820949267,0.0476427473976736));
#6649=CARTESIAN_POINT('',(-12.65,-23.3494177312601,0.));
#6650=CARTESIAN_POINT('Origin',(-16.85,-23.2018294194842,0.));
#6651=CARTESIAN_POINT('',(-16.85,-20.8489704372908,0.));
#6652=CARTESIAN_POINT('',(-16.8512104290311,-20.8501808663219,0.0533389027006389));
#6653=CARTESIAN_POINT('',(-16.85,-25.2023443333728,0.));
#6654=CARTESIAN_POINT('Origin',(-20.8501808663219,-20.8501808663219,-0.0374104315904864));
#6655=CARTESIAN_POINT('',(-20.8489704372908,-16.85,0.));
#6656=CARTESIAN_POINT('',(-20.8501808663219,-16.8512104290311,0.0533389027006386));
#6657=CARTESIAN_POINT('Origin',(-20.8510298277773,-20.8510298277773,0.));
#6658=CARTESIAN_POINT('Origin',(-23.2018294194842,-16.85,0.));
#6659=CARTESIAN_POINT('',(-16.85,-16.85,0.));
#6660=CARTESIAN_POINT('Origin',(-23.3505820949267,-3.06373336694058E-19,
0.047642747397673));
#6661=CARTESIAN_POINT('',(-23.3494177312601,-1.53186668347029E-19,0.));
#6662=CARTESIAN_POINT('Origin',(0.,0.,-25.05));
#6663=CARTESIAN_POINT('',(4.76985406812817,-1.09704083744949,-25.05));
#6664=CARTESIAN_POINT('',(4.48946508501975,-1.52491766716409,-25.05));
#6665=CARTESIAN_POINT('Ctrl Pts',(4.76985406812817,-1.09704083744949,-25.0500000000001));
#6666=CARTESIAN_POINT('Ctrl Pts',(4.76985406812817,-1.23804570178726,-25.0500000000001));
#6667=CARTESIAN_POINT('Ctrl Pts',(4.62074547595491,-1.46170859004716,-25.0500000000001));
#6668=CARTESIAN_POINT('Ctrl Pts',(4.48946508501975,-1.52491766716409,-25.0500000000001));
#6669=CARTESIAN_POINT('',(4.48946508501975,-1.53464214056669,-25.05));
#6670=CARTESIAN_POINT('',(4.48946508501975,-0.762458833582045,-25.05));
#6671=CARTESIAN_POINT('',(4.86385731102002,-2.03221102966662,-25.05));
#6672=CARTESIAN_POINT('Ctrl Pts',(4.48946508501975,-1.53464214056669,-25.0500000000001));
#6673=CARTESIAN_POINT('Ctrl Pts',(4.66774709740083,-1.58326450757972,-25.0500000000001));
#6674=CARTESIAN_POINT('Ctrl Pts',(4.86385731102002,-1.84096305274874,-25.0500000000001));
#6675=CARTESIAN_POINT('Ctrl Pts',(4.86385731102002,-2.03221102966662,-25.0500000000001));
#6676=CARTESIAN_POINT('',(4.65640187843112,-2.48439904288773,-25.05));
#6677=CARTESIAN_POINT('Ctrl Pts',(4.86385731102002,-2.03221102966662,-25.0500000000001));
#6678=CARTESIAN_POINT('Ctrl Pts',(4.86385731102002,-2.18131962183989,-25.0500000000001));
#6679=CARTESIAN_POINT('Ctrl Pts',(4.75040512132297,-2.4098447468011,-25.0500000000001));
#6680=CARTESIAN_POINT('Ctrl Pts',(4.65640187843112,-2.48439904288773,-25.0500000000001));
#6681=CARTESIAN_POINT('',(4.08103720211036,-2.64647359959781,-25.05));
#6682=CARTESIAN_POINT('Ctrl Pts',(4.65640187843112,-2.48439904288773,-25.0500000000001));
#6683=CARTESIAN_POINT('Ctrl Pts',(4.54294968873407,-2.57191930351117,-25.0500000000001));
#6684=CARTESIAN_POINT('Ctrl Pts',(4.28525114356505,-2.64647359959781,-25.0500000000001));
#6685=CARTESIAN_POINT('Ctrl Pts',(4.08103720211036,-2.64647359959781,-25.0500000000001));
#6686=CARTESIAN_POINT('',(3.50729327135669,-2.64647359959781,-25.05));
#6687=CARTESIAN_POINT('',(2.04051860105518,-2.64647359959781,-25.05));
#6688=CARTESIAN_POINT('',(3.50729327135669,-0.646473569795485,-25.05));
#6689=CARTESIAN_POINT('',(3.50729327135669,-1.3232367997989,-25.05));
#6690=CARTESIAN_POINT('',(4.03727707179864,-0.646473569795485,-25.05));
#6691=CARTESIAN_POINT('',(1.75364663567835,-0.646473569795485,-25.05));
#6692=CARTESIAN_POINT('',(4.56239863553928,-0.727510848150521,-25.05));
#6693=CARTESIAN_POINT('Ctrl Pts',(4.03727707179864,-0.646473569795485,-25.0500000000001));
#6694=CARTESIAN_POINT('Ctrl Pts',(4.25121548665594,-0.646473569795485,-25.0500000000001));
#6695=CARTESIAN_POINT('Ctrl Pts',(4.46515390151324,-0.674026244436199,-25.0500000000001));
#6696=CARTESIAN_POINT('Ctrl Pts',(4.56239863553928,-0.727510848150521,-25.0500000000001));
#6697=CARTESIAN_POINT('Ctrl Pts',(4.56239863553928,-0.727510848150521,-25.0500000000001));
#6698=CARTESIAN_POINT('Ctrl Pts',(4.67098858853503,-0.78423694299905,-25.0500000000001));
#6699=CARTESIAN_POINT('Ctrl Pts',(4.76985406812817,-0.970622683215634,-25.0500000000001));
#6700=CARTESIAN_POINT('Ctrl Pts',(4.76985406812817,-1.09704083744949,-25.0500000000001));
#6701=CARTESIAN_POINT('',(-6.22933554917429,1.8620326892417,-25.05));
#6702=CARTESIAN_POINT('',(-5.30875206706107,1.8620326892417,-25.05));
#6703=CARTESIAN_POINT('',(-3.11466777458715,1.8620326892417,-25.05));
#6704=CARTESIAN_POINT('',(-5.30875206706107,2.64647354371846,-25.05));
#6705=CARTESIAN_POINT('',(-5.30875206706107,0.93101634462085,-25.05));
#6706=CARTESIAN_POINT('',(-5.04294979405654,2.64647354371846,-25.05));
#6707=CARTESIAN_POINT('',(-2.65437603353053,2.64647354371846,-25.05));
#6708=CARTESIAN_POINT('',(-5.04294979405654,0.646473513916139,-25.05));
#6709=CARTESIAN_POINT('',(-5.04294979405654,1.32323677185923,-25.05));
#6710=CARTESIAN_POINT('',(-5.30875206706107,0.646473513916139,-25.05));
#6711=CARTESIAN_POINT('',(-2.52147489702827,0.646473513916139,-25.05));
#6712=CARTESIAN_POINT('',(-5.30875206706107,1.62540383644499,-25.05));
#6713=CARTESIAN_POINT('',(-5.30875206706107,0.32323675695807,-25.05));
#6714=CARTESIAN_POINT('',(-6.22933554917429,1.62540383644499,-25.05));
#6715=CARTESIAN_POINT('',(-2.65437603353053,1.62540383644499,-25.05));
#6716=CARTESIAN_POINT('',(-6.22933554917429,0.646473513916139,-25.05));
#6717=CARTESIAN_POINT('',(-6.22933554917429,0.812701918222496,-25.05));
#6718=CARTESIAN_POINT('',(-6.49513782217881,0.646473513916139,-25.05));
#6719=CARTESIAN_POINT('',(-3.11466777458715,0.646473513916139,-25.05));
#6720=CARTESIAN_POINT('',(-6.49513782217881,2.64647354371846,-25.05));
#6721=CARTESIAN_POINT('',(-6.49513782217881,0.323236756958071,-25.05));
#6722=CARTESIAN_POINT('',(-6.22933554917429,2.64647354371846,-25.05));
#6723=CARTESIAN_POINT('',(-3.24756891108941,2.64647354371846,-25.05));
#6724=CARTESIAN_POINT('',(-6.22933554917429,1.32323677185923,-25.05));
#6725=CARTESIAN_POINT('',(-4.40275529505175,1.2056307345659,-25.05));
#6726=CARTESIAN_POINT('',(-4.58427879856703,0.646473513916139,-25.05));
#6727=CARTESIAN_POINT('',(-4.36991096683803,1.30680299558139,-25.05));
#6728=CARTESIAN_POINT('',(-4.85332256270576,0.646473513916139,-25.05));
#6729=CARTESIAN_POINT('',(-2.29213939928352,0.646473513916139,-25.05));
#6730=CARTESIAN_POINT('',(-4.17909240679184,2.64647354371846,-25.05));
#6731=CARTESIAN_POINT('',(-4.70353199338444,1.09080419310485,-25.05));
#6732=CARTESIAN_POINT('',(-3.85170180223749,2.64647354371846,-25.05));
#6733=CARTESIAN_POINT('',(-2.08954620339592,2.64647354371846,-25.05));
#6734=CARTESIAN_POINT('',(-3.17747164632358,0.646473513916139,-25.05));
#6735=CARTESIAN_POINT('',(-3.2546098421869,0.875292104529933,-25.05));
#6736=CARTESIAN_POINT('',(-3.45786062943201,0.646473513916139,-25.05));
#6737=CARTESIAN_POINT('',(-1.58873582316179,0.646473513916139,-25.05));
#6738=CARTESIAN_POINT('',(-3.63938413294729,1.2056307345659,-25.05));
#6739=CARTESIAN_POINT('',(-3.19809145769203,-0.15370830974719,-25.05));
#6740=CARTESIAN_POINT('',(-1.81969206647365,1.2056307345659,-25.05));
#6741=CARTESIAN_POINT('',(-2.9878444149728,2.64647354371846,-25.05));
#6742=CARTESIAN_POINT('',(-2.62479740794223,2.64647354371846,-25.05));
#6743=CARTESIAN_POINT('',(-1.4939222074864,2.64647354371846,-25.05));
#6744=CARTESIAN_POINT('',(-2.1256077732752,1.53302133912025,-25.05));
#6745=CARTESIAN_POINT('',(-1.91119922535258,1.05477889618894,-25.05));
#6746=CARTESIAN_POINT('',(-1.64262559427917,2.64647354371846,-25.05));
#6747=CARTESIAN_POINT('',(-2.23713851207218,1.27590181712854,-25.05));
#6748=CARTESIAN_POINT('',(-1.2730956049802,2.64647354371846,-25.05));
#6749=CARTESIAN_POINT('',(-0.821312797139587,2.64647354371846,-25.05));
#6750=CARTESIAN_POINT('',(-1.2730956049802,0.646473513916139,-25.05));
#6751=CARTESIAN_POINT('',(-1.2730956049802,1.32323677185923,-25.05));
#6752=CARTESIAN_POINT('',(-1.53889787798473,0.646473513916139,-25.05));
#6753=CARTESIAN_POINT('',(-0.636547802490102,0.646473513916139,-25.05));
#6754=CARTESIAN_POINT('',(-1.53889787798473,2.36932605174423,-25.05));
#6755=CARTESIAN_POINT('',(-1.53889787798473,0.32323675695807,-25.05));
#6756=CARTESIAN_POINT('',(-2.06077795059117,1.19752700673039,-25.05));
#6757=CARTESIAN_POINT('',(-1.85181781516786,1.66671389465291,-25.05));
#6758=CARTESIAN_POINT('',(-2.22285250730124,1.19752700673039,-25.05));
#6759=CARTESIAN_POINT('',(-1.03038897529558,1.19752700673039,-25.05));
#6760=CARTESIAN_POINT('',(-2.73987034320638,2.36932605174423,-25.05));
#6761=CARTESIAN_POINT('',(-1.82060929264067,0.285859783534178,-25.05));
#6762=CARTESIAN_POINT('',(-2.73987034320638,0.646473513916139,-25.05));
#6763=CARTESIAN_POINT('',(-2.73987034320638,1.18466302587212,-25.05));
#6764=CARTESIAN_POINT('',(-2.9878444149728,0.646473513916139,-25.05));
#6765=CARTESIAN_POINT('',(-1.36993517160319,0.646473513916139,-25.05));
#6766=CARTESIAN_POINT('',(-2.9878444149728,0.32323675695807,-25.05));
#6767=CARTESIAN_POINT('',(-0.867909213205018,2.64647354371846,-25.05));
#6768=CARTESIAN_POINT('',(-0.50486220617445,2.64647354371846,-25.05));
#6769=CARTESIAN_POINT('',(-0.433954606602509,2.64647354371846,-25.05));
#6770=CARTESIAN_POINT('',(-0.00567257150742018,1.53302133912025,-25.05));
#6771=CARTESIAN_POINT('',(0.031341988255994,1.4504596425051,-25.05));
#6772=CARTESIAN_POINT('',(0.477309607488603,2.64647354371846,-25.05));
#6773=CARTESIAN_POINT('',(-0.28505975636884,0.888930748516904,-25.05));
#6774=CARTESIAN_POINT('',(0.846839596787574,2.64647354371846,-25.05));
#6775=CARTESIAN_POINT('',(0.238654803744301,2.64647354371846,-25.05));
#6776=CARTESIAN_POINT('',(0.846839596787574,0.646473513916139,-25.05));
#6777=CARTESIAN_POINT('',(0.846839596787574,1.32323677185923,-25.05));
#6778=CARTESIAN_POINT('',(0.581037323783051,0.646473513916139,-25.05));
#6779=CARTESIAN_POINT('',(0.423419798393787,0.646473513916139,-25.05));
#6780=CARTESIAN_POINT('',(0.581037323783051,2.36932605174423,-25.05));
#6781=CARTESIAN_POINT('',(0.581037323783051,0.32323675695807,-25.05));
#6782=CARTESIAN_POINT('',(0.0591572511766114,1.19752700673039,-25.05));
#6783=CARTESIAN_POINT('',(0.0926713458407921,1.2727775981658,-25.05));
#6784=CARTESIAN_POINT('',(-0.102917305533465,1.19752700673039,-25.05));
#6785=CARTESIAN_POINT('',(0.0295786255883057,1.19752700673039,-25.05));
#6786=CARTESIAN_POINT('',(-0.619935141438603,2.36932605174423,-25.05));
#6787=CARTESIAN_POINT('',(0.126603586858461,0.677327617390696,-25.05));
#6788=CARTESIAN_POINT('',(-0.619935141438603,0.646473513916139,-25.05));
#6789=CARTESIAN_POINT('',(-0.619935141438603,1.18466302587212,-25.05));
#6790=CARTESIAN_POINT('',(-0.867909213205018,0.646473513916139,-25.05));
#6791=CARTESIAN_POINT('',(-0.309967570719302,0.646473513916139,-25.05));
#6792=CARTESIAN_POINT('',(-0.867909213205018,0.32323675695807,-25.05));
#6793=CARTESIAN_POINT('',(1.37844414279662,2.41794841875726,-25.05));
#6794=CARTESIAN_POINT('',(2.02188013293562,2.68861292846308,-25.05));
#6795=CARTESIAN_POINT('Ctrl Pts',(1.37844414279662,2.41794841875726,-25.05));
#6796=CARTESIAN_POINT('Ctrl Pts',(1.49513782362787,2.55084955525952,-25.05));
#6797=CARTESIAN_POINT('Ctrl Pts',(1.82090768261512,2.68861292846308,-25.05));
#6798=CARTESIAN_POINT('Ctrl Pts',(2.02188013293562,2.68861292846308,-25.05));
#6799=CARTESIAN_POINT('',(2.66693686864171,2.41794841875726,-25.05));
#6800=CARTESIAN_POINT('Ctrl Pts',(2.02188013293562,2.68861292846308,-25.05));
#6801=CARTESIAN_POINT('Ctrl Pts',(2.22609407439031,2.68861292846308,-25.05));
#6802=CARTESIAN_POINT('Ctrl Pts',(2.55348467894466,2.54598731855821,-25.05));
#6803=CARTESIAN_POINT('Ctrl Pts',(2.66693686864171,2.41794841875726,-25.05));
#6804=CARTESIAN_POINT('',(2.90680721257262,1.6464735288173,-25.05));
#6805=CARTESIAN_POINT('Ctrl Pts',(2.66693686864171,2.41794841875726,-25.05));
#6806=CARTESIAN_POINT('Ctrl Pts',(2.78038905833877,2.285047282255,-25.05));
#6807=CARTESIAN_POINT('Ctrl Pts',(2.90680721257262,1.89606834615081,-25.05));
#6808=CARTESIAN_POINT('Ctrl Pts',(2.90680721257262,1.6464735288173,-25.05));
#6809=CARTESIAN_POINT('',(2.66693686864171,0.876619384444446,-25.05));
#6810=CARTESIAN_POINT('Ctrl Pts',(2.90680721257262,1.6464735288173,-25.05));
#6811=CARTESIAN_POINT('Ctrl Pts',(2.90680721257262,1.40336169375219,-25.05));
#6812=CARTESIAN_POINT('Ctrl Pts',(2.78363054947297,1.00952052094671,-25.05));
#6813=CARTESIAN_POINT('Ctrl Pts',(2.66693686864171,0.876619384444446,-25.05));
#6814=CARTESIAN_POINT('',(2.02188013293562,0.604334129171518,-25.05));
#6815=CARTESIAN_POINT('Ctrl Pts',(2.66693686864171,0.876619384444446,-25.05));
#6816=CARTESIAN_POINT('Ctrl Pts',(2.54376020554206,0.737235265673779,-25.05));
#6817=CARTESIAN_POINT('Ctrl Pts',(2.21799034655481,0.604334129171518,-25.05));
#6818=CARTESIAN_POINT('Ctrl Pts',(2.02188013293562,0.604334129171518,-25.05));
#6819=CARTESIAN_POINT('',(1.37682339722952,0.876619384444446,-25.05));
#6820=CARTESIAN_POINT('Ctrl Pts',(2.02188013293562,0.604334129171518,-25.05));
#6821=CARTESIAN_POINT('Ctrl Pts',(1.81928693704802,0.604334129171518,-25.05));
#6822=CARTESIAN_POINT('Ctrl Pts',(1.49513782362787,0.742097502375083,-25.05));
#6823=CARTESIAN_POINT('Ctrl Pts',(1.37682339722952,0.876619384444446,-25.05));
#6824=CARTESIAN_POINT('',(1.13857379886571,1.6464735288173,-25.05));
#6825=CARTESIAN_POINT('Ctrl Pts',(1.37682339722952,0.876619384444446,-25.05));
#6826=CARTESIAN_POINT('Ctrl Pts',(1.26175046196537,1.00952052094671,-25.05));
#6827=CARTESIAN_POINT('Ctrl Pts',(1.13857379886571,1.40012020261798,-25.05));
#6828=CARTESIAN_POINT('Ctrl Pts',(1.13857379886571,1.6464735288173,-25.05));
#6829=CARTESIAN_POINT('Ctrl Pts',(1.13857379886571,1.6464735288173,-25.05));
#6830=CARTESIAN_POINT('Ctrl Pts',(1.13857379886571,1.89768909171792,-25.05));
#6831=CARTESIAN_POINT('Ctrl Pts',(1.26337120753246,2.28018504555369,-25.05));
#6832=CARTESIAN_POINT('Ctrl Pts',(1.37844414279662,2.41794841875726,-25.05));
#6833=CARTESIAN_POINT('',(4.3816856786343,1.06300512466103,-25.05));
#6834=CARTESIAN_POINT('',(4.3816856786343,2.64647354371846,-25.05));
#6835=CARTESIAN_POINT('',(4.3816856786343,0.531502562330515,-25.05));
#6836=CARTESIAN_POINT('',(4.62965975040072,2.64647354371846,-25.05));
#6837=CARTESIAN_POINT('',(2.19084283931715,2.64647354371846,-25.05));
#6838=CARTESIAN_POINT('',(4.62965975040072,0.646473513916139,-25.05));
#6839=CARTESIAN_POINT('',(4.62965975040072,1.32323677185923,-25.05));
#6840=CARTESIAN_POINT('',(4.33144256605418,0.646473513916139,-25.05));
#6841=CARTESIAN_POINT('',(2.31482987520036,0.646473513916139,-25.05));
#6842=CARTESIAN_POINT('',(3.44651548641717,2.37094679731134,-25.05));
#6843=CARTESIAN_POINT('',(4.01131260526749,1.27031651442354,-25.05));
#6844=CARTESIAN_POINT('',(3.44651548641717,0.646473513916139,-25.05));
#6845=CARTESIAN_POINT('',(3.44651548641717,1.18547339865567,-25.05));
#6846=CARTESIAN_POINT('',(3.19854141465076,0.646473513916139,-25.05));
#6847=CARTESIAN_POINT('',(1.72325774320859,0.646473513916139,-25.05));
#6848=CARTESIAN_POINT('',(3.19854141465076,2.64647354371846,-25.05));
#6849=CARTESIAN_POINT('',(3.19854141465076,0.32323675695807,-25.05));
#6850=CARTESIAN_POINT('',(3.57617513178523,2.64647354371846,-25.05));
#6851=CARTESIAN_POINT('',(1.59927070732538,2.64647354371846,-25.05));
#6852=CARTESIAN_POINT('',(3.74333508387276,2.31787138438342,-25.05));
#6853=CARTESIAN_POINT('',(5.49027564653121,2.64647354371846,-25.05));
#6854=CARTESIAN_POINT('',(6.20664518718975,2.48764047814259,-25.05));
#6855=CARTESIAN_POINT('Ctrl Pts',(5.49027564653121,2.64647354371846,-25.05));
#6856=CARTESIAN_POINT('Ctrl Pts',(5.77228537520675,2.64647354371846,-25.05));
#6857=CARTESIAN_POINT('Ctrl Pts',(6.09319299749269,2.56219477422922,-25.05));
#6858=CARTESIAN_POINT('Ctrl Pts',(6.20664518718975,2.48764047814259,-25.05));
#6859=CARTESIAN_POINT('',(6.61183157896493,1.6448527832502,-25.05));
#6860=CARTESIAN_POINT('Ctrl Pts',(6.20664518718975,2.48764047814259,-25.05));
#6861=CARTESIAN_POINT('Ctrl Pts',(6.39951390967474,2.35960157834163,-25.05));
#6862=CARTESIAN_POINT('Ctrl Pts',(6.61183157896493,1.93658698532833,-25.05));
#6863=CARTESIAN_POINT('Ctrl Pts',(6.61183157896493,1.6448527832502,-25.05));
#6864=CARTESIAN_POINT('',(6.20340369605555,0.806927325059115,-25.05));
#6865=CARTESIAN_POINT('Ctrl Pts',(6.61183157896493,1.6448527832502,-25.05));
#6866=CARTESIAN_POINT('Ctrl Pts',(6.61183157896493,1.37094678241017,-25.05));
#6867=CARTESIAN_POINT('Ctrl Pts',(6.38978943627213,0.930103988158768,-25.05));
#6868=CARTESIAN_POINT('Ctrl Pts',(6.20340369605555,0.806927325059115,-25.05));
#6869=CARTESIAN_POINT('',(5.49513788323252,0.646473513916139,-25.05));
#6870=CARTESIAN_POINT('Ctrl Pts',(6.20340369605555,0.806927325059115,-25.05));
#6871=CARTESIAN_POINT('Ctrl Pts',(6.05105361274808,0.711303336600171,-25.05));
#6872=CARTESIAN_POINT('Ctrl Pts',(5.73824971829763,0.646473513916139,-25.05));
#6873=CARTESIAN_POINT('Ctrl Pts',(5.49513788323252,0.646473513916139,-25.05));
#6874=CARTESIAN_POINT('',(5.03484614217591,0.646473513916139,-25.05));
#6875=CARTESIAN_POINT('',(2.74756894161626,0.646473513916139,-25.05));
#6876=CARTESIAN_POINT('',(5.03484614217591,2.64647354371846,-25.05));
#6877=CARTESIAN_POINT('',(5.03484614217591,0.32323675695807,-25.05));
#6878=CARTESIAN_POINT('',(2.51742307108795,2.64647354371846,-25.05));
#6879=CARTESIAN_POINT('',(-4.20907637360997,-0.639990587527084,-25.05));
#6880=CARTESIAN_POINT('',(-4.00162094102107,-0.639990587527084,-25.05));
#6881=CARTESIAN_POINT('',(-2.10453818680498,-0.639990587527084,-25.05));
#6882=CARTESIAN_POINT('',(-4.00162094102107,-2.44225965814311,-25.05));
#6883=CARTESIAN_POINT('',(-4.00162094102107,-0.319995293763542,-25.05));
#6884=CARTESIAN_POINT('',(-3.64667766182601,-2.44225965814311,-25.05));
#6885=CARTESIAN_POINT('',(-2.00081047051054,-2.44225965814311,-25.05));
#6886=CARTESIAN_POINT('',(-3.64667766182601,-2.64647359959781,-25.05));
#6887=CARTESIAN_POINT('',(-3.64667766182601,-1.22112982907156,-25.05));
#6888=CARTESIAN_POINT('',(-4.62236649322066,-2.64647359959781,-25.05));
#6889=CARTESIAN_POINT('',(-1.823338830913,-2.64647359959781,-25.05));
#6890=CARTESIAN_POINT('',(-4.62236649322066,-2.44225965814311,-25.05));
#6891=CARTESIAN_POINT('',(-4.62236649322066,-1.3232367997989,-25.05));
#6892=CARTESIAN_POINT('',(-4.25931948619009,-2.44225965814311,-25.05));
#6893=CARTESIAN_POINT('',(-2.31118324661033,-2.44225965814311,-25.05));
#6894=CARTESIAN_POINT('',(-4.25931948619009,-1.10190307415079,-25.05));
#6895=CARTESIAN_POINT('',(-4.25931948619009,-1.22112982907156,-25.05));
#6896=CARTESIAN_POINT('',(-4.62236649322066,-1.10190307415079,-25.05));
#6897=CARTESIAN_POINT('',(-2.12965974309505,-1.10190307415079,-25.05));
#6898=CARTESIAN_POINT('',(-4.62236649322066,-0.918758825068409,-25.05));
#6899=CARTESIAN_POINT('',(-4.62236649322066,-0.550951537075397,-25.05));
#6900=CARTESIAN_POINT('Ctrl Pts',(-4.62236649322066,-0.918758825068409,
-25.05));
#6901=CARTESIAN_POINT('Ctrl Pts',(-4.41653180619886,-0.918758825068409,
-25.05));
#6902=CARTESIAN_POINT('Ctrl Pts',(-4.22204233814677,-0.802065144237156,
-25.05));
#6903=CARTESIAN_POINT('Ctrl Pts',(-4.20907637360997,-0.639990587527084,
-25.05));
#6904=CARTESIAN_POINT('',(-3.17504070179969,-1.67726775047156,-25.05));
#6905=CARTESIAN_POINT('',(-3.17504070179969,-0.646473569795485,-25.05));
#6906=CARTESIAN_POINT('',(-3.17504070179969,-0.838633875235779,-25.05));
#6907=CARTESIAN_POINT('',(-2.07779595287249,-0.646473569795485,-25.05));
#6908=CARTESIAN_POINT('',(-1.58752035089984,-0.646473569795485,-25.05));
#6909=CARTESIAN_POINT('',(-2.07779595287249,-0.881481677025091,-25.05));
#6910=CARTESIAN_POINT('',(-2.07779595287249,-0.323236784897742,-25.05));
#6911=CARTESIAN_POINT('',(-2.91734215663067,-0.881481677025091,-25.05));
#6912=CARTESIAN_POINT('',(-1.03889797643624,-0.881481677025091,-25.05));
#6913=CARTESIAN_POINT('',(-2.91734215663067,-1.41470696860124,-25.05));
#6914=CARTESIAN_POINT('',(-2.91734215663067,-0.440740838512546,-25.05));
#6915=CARTESIAN_POINT('',(-2.73581865311539,-1.40336174963153,-25.05));
#6916=CARTESIAN_POINT('Ctrl Pts',(-2.91734215663067,-1.41470696860124,-25.05));
#6917=CARTESIAN_POINT('Ctrl Pts',(-2.86871978961765,-1.40822398633284,-25.05));
#6918=CARTESIAN_POINT('Ctrl Pts',(-2.77471654672581,-1.40336174963153,-25.05));
#6919=CARTESIAN_POINT('Ctrl Pts',(-2.73581865311539,-1.40336174963153,-25.05));
#6920=CARTESIAN_POINT('',(-2.27228542092457,-1.52815915829829,-25.05));
#6921=CARTESIAN_POINT('Ctrl Pts',(-2.73581865311539,-1.40336174963153,-25.05));
#6922=CARTESIAN_POINT('Ctrl Pts',(-2.58184782424082,-1.40336174963153,-25.05));
#6923=CARTESIAN_POINT('Ctrl Pts',(-2.36953015495062,-1.45360486221166,-25.05));
#6924=CARTESIAN_POINT('Ctrl Pts',(-2.27228542092457,-1.52815915829829,-25.05));
#6925=CARTESIAN_POINT('',(-2.06645073390278,-2.01114133729432,-25.05));
#6926=CARTESIAN_POINT('Ctrl Pts',(-2.27228542092457,-1.52815915829829,-25.05));
#6927=CARTESIAN_POINT('Ctrl Pts',(-2.17341994133143,-1.60271345438493,-25.05));
#6928=CARTESIAN_POINT('Ctrl Pts',(-2.06645073390278,-1.82961783377903,-25.05));
#6929=CARTESIAN_POINT('Ctrl Pts',(-2.06645073390278,-2.01114133729432,-25.05));
#6930=CARTESIAN_POINT('',(-2.24311200071676,-2.49250277072324,-25.05));
#6931=CARTESIAN_POINT('Ctrl Pts',(-2.06645073390278,-2.01114133729432,-25.05));
#6932=CARTESIAN_POINT('Ctrl Pts',(-2.06645073390278,-2.15538769276628,-25.05));
#6933=CARTESIAN_POINT('Ctrl Pts',(-2.15883323122752,-2.40174101896559,-25.05));
#6934=CARTESIAN_POINT('Ctrl Pts',(-2.24311200071676,-2.49250277072324,-25.05));
#6935=CARTESIAN_POINT('',(-2.73419790754829,-2.68861298434243,-25.05));
#6936=CARTESIAN_POINT('Ctrl Pts',(-2.24311200071676,-2.49250277072324,-25.05));
#6937=CARTESIAN_POINT('Ctrl Pts',(-2.327390770206,-2.58326452248088,-25.05));
#6938=CARTESIAN_POINT('Ctrl Pts',(-2.57860633310661,-2.68861298434243,-25.05));
#6939=CARTESIAN_POINT('Ctrl Pts',(-2.73419790754829,-2.68861298434243,-25.05));
#6940=CARTESIAN_POINT('',(-3.25769872572183,-2.57516079464537,-25.05));
#6941=CARTESIAN_POINT('Ctrl Pts',(-2.73419790754829,-2.68861298434243,-25.05));
#6942=CARTESIAN_POINT('Ctrl Pts',(-2.87682351745315,-2.68861298434243,-25.05));
#6943=CARTESIAN_POINT('Ctrl Pts',(-3.15559175499448,-2.6254039072255,-25.05));
#6944=CARTESIAN_POINT('Ctrl Pts',(-3.25769872572183,-2.57516079464537,-25.05));
#6945=CARTESIAN_POINT('',(-3.25769872572183,-2.29153032040274,-25.05));
#6946=CARTESIAN_POINT('',(-3.25769872572183,-1.28758039732269,-25.05));
#6947=CARTESIAN_POINT('',(-3.23824977891662,-2.29153032040274,-25.05));
#6948=CARTESIAN_POINT('',(-1.62884936286091,-2.29153032040274,-25.05));
#6949=CARTESIAN_POINT('',(-3.02269061849222,-2.39849952783139,-25.05));
#6950=CARTESIAN_POINT('Ctrl Pts',(-3.23824977891662,-2.29153032040274,-25.05));
#6951=CARTESIAN_POINT('Ctrl Pts',(-3.20745561314171,-2.31422075834216,-25.05));
#6952=CARTESIAN_POINT('Ctrl Pts',(-3.09238267787755,-2.37256759875778,-25.05));
#6953=CARTESIAN_POINT('Ctrl Pts',(-3.02269061849222,-2.39849952783139,-25.05));
#6954=CARTESIAN_POINT('',(-2.72933567084698,-2.45684636824702,-25.05));
#6955=CARTESIAN_POINT('Ctrl Pts',(-3.02269061849222,-2.39849952783139,-25.05));
#6956=CARTESIAN_POINT('Ctrl Pts',(-2.94327408570428,-2.4260522024721,-25.05));
#6957=CARTESIAN_POINT('Ctrl Pts',(-2.81199369476912,-2.45684636824702,-25.05));
#6958=CARTESIAN_POINT('Ctrl Pts',(-2.72933567084698,-2.45684636824702,-25.05));
#6959=CARTESIAN_POINT('',(-2.44084295990305,-2.33529045071446,-25.05));
#6960=CARTESIAN_POINT('Ctrl Pts',(-2.72933567084698,-2.45684636824702,-25.05));
#6961=CARTESIAN_POINT('Ctrl Pts',(-2.64829839249195,-2.45684636824702,-25.05));
#6962=CARTESIAN_POINT('Ctrl Pts',(-2.49594830918448,-2.39849952783139,-25.05));
#6963=CARTESIAN_POINT('Ctrl Pts',(-2.44084295990305,-2.33529045071446,-25.05));
#6964=CARTESIAN_POINT('',(-2.3387359891757,-2.00952059172721,-25.05));
#6965=CARTESIAN_POINT('Ctrl Pts',(-2.44084295990305,-2.33529045071446,-25.05));
#6966=CARTESIAN_POINT('Ctrl Pts',(-2.39059984732293,-2.27532286473174,-25.05));
#6967=CARTESIAN_POINT('Ctrl Pts',(-2.3387359891757,-2.11648979915586,-25.05));
#6968=CARTESIAN_POINT('Ctrl Pts',(-2.3387359891757,-2.00952059172721,-25.05));
#6969=CARTESIAN_POINT('',(-2.45218817887276,-1.72102788078328,-25.05));
#6970=CARTESIAN_POINT('Ctrl Pts',(-2.3387359891757,-2.00952059172721,-25.05));
#6971=CARTESIAN_POINT('Ctrl Pts',(-2.3387359891757,-1.90255138429857,-25.05));
#6972=CARTESIAN_POINT('Ctrl Pts',(-2.39708282959133,-1.7664087566621,-25.05));
#6973=CARTESIAN_POINT('Ctrl Pts',(-2.45218817887276,-1.72102788078328,-25.05));
#6974=CARTESIAN_POINT('',(-2.77957878342711,-1.62864538345854,-25.05));
#6975=CARTESIAN_POINT('Ctrl Pts',(-2.45218817887276,-1.72102788078328,-25.05));
#6976=CARTESIAN_POINT('Ctrl Pts',(-2.50891427372128,-1.67078476820316,-25.05));
#6977=CARTESIAN_POINT('Ctrl Pts',(-2.67747181269976,-1.62864538345854,-25.05));
#6978=CARTESIAN_POINT('Ctrl Pts',(-2.77957878342711,-1.62864538345854,-25.05));
#6979=CARTESIAN_POINT('Ctrl Pts',(-2.77957878342711,-1.62864538345854,-25.05));
#6980=CARTESIAN_POINT('Ctrl Pts',(-2.88978948198996,-1.62864538345854,-25.05));
#6981=CARTESIAN_POINT('Ctrl Pts',(-3.10859013354856,-1.66268104036766,-25.05));
#6982=CARTESIAN_POINT('Ctrl Pts',(-3.17504070179969,-1.67726775047156,-25.05));
#6983=CARTESIAN_POINT('',(-1.64667763202369,-2.40012027339849,-25.05));
#6984=CARTESIAN_POINT('',(-1.39708281469017,-2.45360487711282,-25.05));
#6985=CARTESIAN_POINT('Ctrl Pts',(-1.64667763202369,-2.40012027339849,-25.05));
#6986=CARTESIAN_POINT('Ctrl Pts',(-1.61264197511457,-2.4195692202037,-25.05));
#6987=CARTESIAN_POINT('Ctrl Pts',(-1.4700163652097,-2.45360487711282,-25.05));
#6988=CARTESIAN_POINT('Ctrl Pts',(-1.39708281469017,-2.45360487711282,-25.05));
#6989=CARTESIAN_POINT('',(-0.8136144105339,-1.78585770346731,-25.05));
#6990=CARTESIAN_POINT('Ctrl Pts',(-1.39708281469017,-2.45360487711282,-25.05));
#6991=CARTESIAN_POINT('Ctrl Pts',(-1.13452203281985,-2.45360487711282,-25.05));
#6992=CARTESIAN_POINT('Ctrl Pts',(-0.834684102906211,-2.10676532575326,
-25.05));
#6993=CARTESIAN_POINT('Ctrl Pts',(-0.8136144105339,-1.78585770346731,-25.05));
#6994=CARTESIAN_POINT('',(-1.23014602127879,-1.92524182223798,-25.05));
#6995=CARTESIAN_POINT('Ctrl Pts',(-0.8136144105339,-1.78585770346731,-25.05));
#6996=CARTESIAN_POINT('Ctrl Pts',(-0.920583617962552,-1.85879125398684,
-25.05));
#6997=CARTESIAN_POINT('Ctrl Pts',(-1.11507308601464,-1.92524182223798,-25.05));
#6998=CARTESIAN_POINT('Ctrl Pts',(-1.23014602127879,-1.92524182223798,-25.05));
#6999=CARTESIAN_POINT('',(-1.61588346624877,-1.80692739583962,-25.05));
#7000=CARTESIAN_POINT('Ctrl Pts',(-1.23014602127879,-1.92524182223798,-25.05));
#7001=CARTESIAN_POINT('Ctrl Pts',(-1.34035671984164,-1.92524182223798,-25.05));
#7002=CARTESIAN_POINT('Ctrl Pts',(-1.52350096892403,-1.87661945522495,-25.05));
#7003=CARTESIAN_POINT('Ctrl Pts',(-1.61588346624877,-1.80692739583962,-25.05));
#7004=CARTESIAN_POINT('',(-1.83306337224027,-1.29639254220288,-25.05));
#7005=CARTESIAN_POINT('Ctrl Pts',(-1.61588346624877,-1.80692739583962,-25.05));
#7006=CARTESIAN_POINT('Ctrl Pts',(-1.72285267367742,-1.72426937191748,-25.05));
#7007=CARTESIAN_POINT('Ctrl Pts',(-1.83306337224027,-1.47305380901686,-25.05));
#7008=CARTESIAN_POINT('Ctrl Pts',(-1.83306337224027,-1.29639254220288,-25.05));
#7009=CARTESIAN_POINT('',(-1.64505688645658,-0.793961416401654,-25.05));
#7010=CARTESIAN_POINT('Ctrl Pts',(-1.83306337224027,-1.29639254220288,-25.05));
#7011=CARTESIAN_POINT('Ctrl Pts',(-1.83306337224027,-1.14242171332831,-25.05));
#7012=CARTESIAN_POINT('Ctrl Pts',(-1.73257714708003,-0.886343913726395,
-25.05));
#7013=CARTESIAN_POINT('Ctrl Pts',(-1.64505688645658,-0.793961416401654,
-25.05));
#7014=CARTESIAN_POINT('',(-1.19773110993678,-0.605954930617965,-25.05));
#7015=CARTESIAN_POINT('Ctrl Pts',(-1.64505688645658,-0.793961416401654,
-25.05));
#7016=CARTESIAN_POINT('Ctrl Pts',(-1.56239886253445,-0.704820410211111,
-25.05));
#7017=CARTESIAN_POINT('Ctrl Pts',(-1.32090777303643,-0.605954930617965,
-25.05));
#7018=CARTESIAN_POINT('Ctrl Pts',(-1.19773110993678,-0.605954930617965,
-25.05));
#7019=CARTESIAN_POINT('',(-0.753646824551173,-0.785857688566147,-25.05));
#7020=CARTESIAN_POINT('Ctrl Pts',(-1.19773110993678,-0.605954930617965,
-25.05));
#7021=CARTESIAN_POINT('Ctrl Pts',(-1.05996773673321,-0.605954930617965,
-25.05));
#7022=CARTESIAN_POINT('Ctrl Pts',(-0.83630484847331,-0.69833742794271,-25.05));
#7023=CARTESIAN_POINT('Ctrl Pts',(-0.753646824551173,-0.785857688566147,
-25.05));
#7024=CARTESIAN_POINT('',(-0.536466918559673,-1.52653841273119,-25.05));
#7025=CARTESIAN_POINT('Ctrl Pts',(-0.753646824551173,-0.785857688566147,
-25.05));
#7026=CARTESIAN_POINT('Ctrl Pts',(-0.649919108256727,-0.896068387128999,
-25.05));
#7027=CARTESIAN_POINT('Ctrl Pts',(-0.536466918559673,-1.25263241189117,
-25.05));
#7028=CARTESIAN_POINT('Ctrl Pts',(-0.536466918559673,-1.52653841273119,
-25.05));
#7029=CARTESIAN_POINT('',(-0.756888315685376,-2.36608461648938,-25.05));
#7030=CARTESIAN_POINT('Ctrl Pts',(-0.536466918559673,-1.52653841273119,
-25.05));
#7031=CARTESIAN_POINT('Ctrl Pts',(-0.536466918559673,-1.7745124844976,-25.05));
#7032=CARTESIAN_POINT('Ctrl Pts',(-0.648298362689625,-2.21859676988321,
-25.05));
#7033=CARTESIAN_POINT('Ctrl Pts',(-0.756888315685376,-2.36608461648938,
-25.05));
#7034=CARTESIAN_POINT('',(-1.43273921716639,-2.68537149320823,-25.05));
#7035=CARTESIAN_POINT('Ctrl Pts',(-0.756888315685376,-2.36608461648938,
-25.05));
#7036=CARTESIAN_POINT('Ctrl Pts',(-0.871961250949529,-2.52167619093105,
-25.05));
#7037=CARTESIAN_POINT('Ctrl Pts',(-1.19611036436968,-2.68537149320823,-25.05));
#7038=CARTESIAN_POINT('Ctrl Pts',(-1.43273921716639,-2.68537149320823,-25.05));
#7039=CARTESIAN_POINT('',(-1.65964359656049,-2.65781881856751,-25.05));
#7040=CARTESIAN_POINT('Ctrl Pts',(-1.43273921716639,-2.68537149320823,-25.05));
#7041=CARTESIAN_POINT('Ctrl Pts',(-1.48622382088071,-2.68537149320823,-25.05));
#7042=CARTESIAN_POINT('Ctrl Pts',(-1.60777973841327,-2.67402627423852,-25.05));
#7043=CARTESIAN_POINT('Ctrl Pts',(-1.65964359656049,-2.65781881856751,-25.05));
#7044=CARTESIAN_POINT('',(-1.65964359656049,-2.40012027339849,-25.05));
#7045=CARTESIAN_POINT('',(-1.65964359656049,-1.32890940928376,-25.05));
#7046=CARTESIAN_POINT('',(-0.829821798280246,-2.40012027339849,-25.05));
#7047=CARTESIAN_POINT('',(0.96758496770982,-1.64647358469665,-25.05));
#7048=CARTESIAN_POINT('',(0.329011214272126,-2.68861298434243,-25.05));
#7049=CARTESIAN_POINT('Ctrl Pts',(0.96758496770982,-1.64647358469665,-25.05));
#7050=CARTESIAN_POINT('Ctrl Pts',(0.96758496770982,-2.18456111297409,-25.05));
#7051=CARTESIAN_POINT('Ctrl Pts',(0.654781073259376,-2.68861298434243,-25.05));
#7052=CARTESIAN_POINT('Ctrl Pts',(0.329011214272126,-2.68861298434243,-25.05));
#7053=CARTESIAN_POINT('',(-0.31118328473267,-1.64809433026375,-25.05));
#7054=CARTESIAN_POINT('Ctrl Pts',(0.329011214272126,-2.68861298434243,-25.05));
#7055=CARTESIAN_POINT('Ctrl Pts',(-0.00162088141642647,-2.68861298434243,
-25.05));
#7056=CARTESIAN_POINT('Ctrl Pts',(-0.31118328473267,-2.17483663957149,-25.05));
#7057=CARTESIAN_POINT('Ctrl Pts',(-0.31118328473267,-1.64809433026375,-25.05));
#7058=CARTESIAN_POINT('',(0.329011214272126,-0.605954930617965,-25.05));
#7059=CARTESIAN_POINT('Ctrl Pts',(-0.31118328473267,-1.64809433026375,-25.05));
#7060=CARTESIAN_POINT('Ctrl Pts',(-0.31118328473267,-1.1067653108521,-25.05));
#7061=CARTESIAN_POINT('Ctrl Pts',(0.001620609717774,-0.605954930617965,
-25.05));
#7062=CARTESIAN_POINT('Ctrl Pts',(0.329011214272126,-0.605954930617965,
-25.05));
#7063=CARTESIAN_POINT('Ctrl Pts',(0.329011214272126,-0.605954930617965,
-25.05));
#7064=CARTESIAN_POINT('Ctrl Pts',(0.658022564393579,-0.605954930617965,
-25.05));
#7065=CARTESIAN_POINT('Ctrl Pts',(0.96758496770982,-1.1245935120902,-25.05));
#7066=CARTESIAN_POINT('Ctrl Pts',(0.96758496770982,-1.64647358469665,-25.05));
#7067=CARTESIAN_POINT('',(3.29821709320069,-2.4098447468011,-25.05));
#7068=CARTESIAN_POINT('',(3.29821709320069,-2.64647359959781,-25.05));
#7069=CARTESIAN_POINT('',(3.29821709320069,-1.20492237340055,-25.05));
#7070=CARTESIAN_POINT('',(2.13938401272366,-2.64647359959781,-25.05));
#7071=CARTESIAN_POINT('',(1.64910854660035,-2.64647359959781,-25.05));
#7072=CARTESIAN_POINT('',(2.13938401272366,-0.646473569795485,-25.05));
#7073=CARTESIAN_POINT('',(2.13938401272366,-1.3232367997989,-25.05));
#7074=CARTESIAN_POINT('',(2.40518628572818,-0.646473569795485,-25.05));
#7075=CARTESIAN_POINT('',(1.06969200636183,-0.646473569795485,-25.05));
#7076=CARTESIAN_POINT('',(2.40518628572818,-2.4098447468011,-25.05));
#7077=CARTESIAN_POINT('',(2.40518628572818,-0.323236784897742,-25.05));
#7078=CARTESIAN_POINT('',(1.20259314286409,-2.4098447468011,-25.05));
#7079=CARTESIAN_POINT('Origin',(0.,0.,-24.85));
#7080=CARTESIAN_POINT('',(4.08103720211036,-2.64647359959781,-24.85));
#7081=CARTESIAN_POINT('',(4.65640187843112,-2.48439904288773,-24.85));
#7082=CARTESIAN_POINT('Ctrl Pts',(4.08103720211036,-2.64647359959781,-24.85));
#7083=CARTESIAN_POINT('Ctrl Pts',(4.21717982974682,-2.64647359959781,-24.85));
#7084=CARTESIAN_POINT('Ctrl Pts',(4.32820090109322,-2.63404788358337,-24.85));
#7085=CARTESIAN_POINT('Ctrl Pts',(4.4999999312059,-2.58434501952561,-24.85));
#7086=CARTESIAN_POINT('Ctrl Pts',(4.58076708529975,-2.54274588330336,-24.85));
#7087=CARTESIAN_POINT('Ctrl Pts',(4.65640187843112,-2.48439904288773,-24.85));
#7088=CARTESIAN_POINT('',(4.86385731102002,-2.03221102966662,-24.85));
#7089=CARTESIAN_POINT('Ctrl Pts',(4.65640187843112,-2.48439904288773,-24.85));
#7090=CARTESIAN_POINT('Ctrl Pts',(4.71907070702569,-2.43469617882998,-24.85));
#7091=CARTESIAN_POINT('Ctrl Pts',(4.76931381960581,-2.37175722597423,-24.85));
#7092=CARTESIAN_POINT('Ctrl Pts',(4.84494861273718,-2.21940714266676,-24.85));
#7093=CARTESIAN_POINT('Ctrl Pts',(4.86385731102002,-2.13161675778214,-24.85));
#7094=CARTESIAN_POINT('Ctrl Pts',(4.86385731102002,-2.03221102966662,-24.85));
#7095=CARTESIAN_POINT('',(4.48946508501975,-1.53464214056669,-24.85));
#7096=CARTESIAN_POINT('Ctrl Pts',(4.86385731102002,-2.03221102966662,-24.85));
#7097=CARTESIAN_POINT('Ctrl Pts',(4.86385731102002,-1.90471237838803,-24.85));
#7098=CARTESIAN_POINT('Ctrl Pts',(4.83117227541682,-1.79801329522057,-24.85));
#7099=CARTESIAN_POINT('Ctrl Pts',(4.70043213300403,-1.62621426510789,-24.85));
#7100=CARTESIAN_POINT('Ctrl Pts',(4.60831975994047,-1.56705705190871,-24.85));
#7101=CARTESIAN_POINT('Ctrl Pts',(4.48946508501975,-1.53464214056669,-24.85));
#7102=CARTESIAN_POINT('',(4.48946508501975,-1.52491766716409,-24.85));
#7103=CARTESIAN_POINT('',(4.48946508501975,-0.762458833582045,-24.85));
#7104=CARTESIAN_POINT('',(4.76985406812817,-1.09704083744949,-24.85));
#7105=CARTESIAN_POINT('Ctrl Pts',(4.48946508501975,-1.52491766716409,-24.85));
#7106=CARTESIAN_POINT('Ctrl Pts',(4.57698534564319,-1.48277828241947,-24.85));
#7107=CARTESIAN_POINT('Ctrl Pts',(4.64559690798379,-1.42443144200384,-24.85));
#7108=CARTESIAN_POINT('Ctrl Pts',(4.7450026360993,-1.27532284983057,-24.85));
#7109=CARTESIAN_POINT('Ctrl Pts',(4.76985406812817,-1.19104408034134,-24.85));
#7110=CARTESIAN_POINT('Ctrl Pts',(4.76985406812817,-1.09704083744949,-24.85));
#7111=CARTESIAN_POINT('',(4.56239863553928,-0.727510848150521,-24.85));
#7112=CARTESIAN_POINT('Ctrl Pts',(4.76985406812817,-1.09704083744949,-24.85));
#7113=CARTESIAN_POINT('Ctrl Pts',(4.76985406812817,-1.01276206796025,-24.85));
#7114=CARTESIAN_POINT('Ctrl Pts',(4.75337648819598,-0.939558393179537,-24.85));
#7115=CARTESIAN_POINT('Ctrl Pts',(4.68746616846722,-0.815301233035148,-24.85));
#7116=CARTESIAN_POINT('Ctrl Pts',(4.63479193753645,-0.765328244716207,-24.85));
#7117=CARTESIAN_POINT('Ctrl Pts',(4.56239863553928,-0.727510848150521,-24.85));
#7118=CARTESIAN_POINT('',(4.03727707179864,-0.646473569795485,-24.85));
#7119=CARTESIAN_POINT('Ctrl Pts',(4.56239863553928,-0.727510848150521,-24.85));
#7120=CARTESIAN_POINT('Ctrl Pts',(4.49756881285525,-0.691854445674306,-24.85));
#7121=CARTESIAN_POINT('Ctrl Pts',(4.42949749903702,-0.66943413199608,-24.85));
#7122=CARTESIAN_POINT('Ctrl Pts',(4.28687188913215,-0.651065682235604,-24.85));
#7123=CARTESIAN_POINT('Ctrl Pts',(4.1799026817035,-0.646473569795485,-24.85));
#7124=CARTESIAN_POINT('Ctrl Pts',(4.03727707179864,-0.646473569795485,-24.85));
#7125=CARTESIAN_POINT('',(3.50729327135669,-0.646473569795485,-24.85));
#7126=CARTESIAN_POINT('',(1.75364663567835,-0.646473569795485,-24.85));
#7127=CARTESIAN_POINT('',(3.50729327135669,-2.64647359959781,-24.85));
#7128=CARTESIAN_POINT('',(3.50729327135669,-1.3232367997989,-24.85));
#7129=CARTESIAN_POINT('',(2.04051860105518,-2.64647359959781,-24.85));
#7130=CARTESIAN_POINT('',(4.49270657615395,-1.13431798549281,-24.85));
#7131=CARTESIAN_POINT('',(4.380875132024,-1.39201653066183,-24.85));
#7132=CARTESIAN_POINT('Ctrl Pts',(4.49270657615395,-1.13431798549281,-24.85));
#7133=CARTESIAN_POINT('Ctrl Pts',(4.49270657615395,-1.19698681408737,-24.85));
#7134=CARTESIAN_POINT('Ctrl Pts',(4.48433272405726,-1.24912079649578,-24.85));
#7135=CARTESIAN_POINT('Ctrl Pts',(4.45083731567051,-1.33231906894028,-24.85));
#7136=CARTESIAN_POINT('Ctrl Pts',(4.42193401972388,-1.36608460158822,-24.85));
#7137=CARTESIAN_POINT('Ctrl Pts',(4.380875132024,-1.39201653066183,-24.85));
#7138=CARTESIAN_POINT('',(4.07455421984196,-1.45846709891296,-24.85));
#7139=CARTESIAN_POINT('Ctrl Pts',(4.380875132024,-1.39201653066183,-24.85));
#7140=CARTESIAN_POINT('Ctrl Pts',(4.33873574727938,-1.41902895678018,-24.85));
#7141=CARTESIAN_POINT('Ctrl Pts',(4.29794698384068,-1.43685715801828,-24.85));
#7142=CARTESIAN_POINT('Ctrl Pts',(4.21907069957511,-1.45414511073403,-24.85));
#7143=CARTESIAN_POINT('Ctrl Pts',(4.15775249228646,-1.45846709891296,-24.85));
#7144=CARTESIAN_POINT('Ctrl Pts',(4.07455421984196,-1.45846709891296,-24.85));
#7145=CARTESIAN_POINT('',(3.77309554436122,-1.45846709891296,-24.85));
#7146=CARTESIAN_POINT('',(2.03727710992098,-1.45846709891296,-24.85));
#7147=CARTESIAN_POINT('',(3.77309554436122,-0.873377949189589,-24.85));
#7148=CARTESIAN_POINT('',(3.77309554436122,-0.729233549456481,-24.85));
#7149=CARTESIAN_POINT('',(4.02755259839603,-0.873377949189589,-24.85));
#7150=CARTESIAN_POINT('',(1.88654777218061,-0.873377949189589,-24.85));
#7151=CARTESIAN_POINT('',(4.3905996054266,-0.925241807336814,-24.85));
#7152=CARTESIAN_POINT('Ctrl Pts',(4.02755259839603,-0.873377949189589,-24.85));
#7153=CARTESIAN_POINT('Ctrl Pts',(4.12155584128788,-0.873377949189589,-24.85));
#7154=CARTESIAN_POINT('Ctrl Pts',(4.19475951606859,-0.876079191801424,-24.85));
#7155=CARTESIAN_POINT('Ctrl Pts',(4.29956772940777,-0.886884162248763,-24.85));
#7156=CARTESIAN_POINT('Ctrl Pts',(4.34737972363725,-0.90147087235267,-24.85));
#7157=CARTESIAN_POINT('Ctrl Pts',(4.3905996054266,-0.925241807336814,-24.85));
#7158=CARTESIAN_POINT('Ctrl Pts',(4.3905996054266,-0.925241807336814,-24.85));
#7159=CARTESIAN_POINT('Ctrl Pts',(4.42625600790282,-0.945771251186755,-24.85));
#7160=CARTESIAN_POINT('Ctrl Pts',(4.45218793697643,-0.973864174349834,-24.85));
#7161=CARTESIAN_POINT('Ctrl Pts',(4.48460284831844,-1.04517697930227,-24.85));
#7162=CARTESIAN_POINT('Ctrl Pts',(4.49270657615395,-1.08677611552452,-24.85));
#7163=CARTESIAN_POINT('Ctrl Pts',(4.49270657615395,-1.13431798549281,-24.85));
#7164=CARTESIAN_POINT('',(4.58670981904579,-2.04355624863633,-24.85));
#7165=CARTESIAN_POINT('',(4.44246346357383,-2.33529045071446,-24.85));
#7166=CARTESIAN_POINT('Ctrl Pts',(4.58670981904579,-2.04355624863633,-24.85));
#7167=CARTESIAN_POINT('Ctrl Pts',(4.58670981904579,-2.11378855654403,-24.85));
#7168=CARTESIAN_POINT('Ctrl Pts',(4.5750944758149,-2.17105489991492,-24.85));
#7169=CARTESIAN_POINT('Ctrl Pts',(4.52863310289135,-2.25965565758309,-24.85));
#7170=CARTESIAN_POINT('Ctrl Pts',(4.49216632763158,-2.29963404823825,-24.85));
#7171=CARTESIAN_POINT('Ctrl Pts',(4.44246346357383,-2.33529045071446,-24.85));
#7172=CARTESIAN_POINT('',(3.98865470478561,-2.4195692202037,-24.85));
#7173=CARTESIAN_POINT('Ctrl Pts',(4.44246346357383,-2.33529045071446,-24.85));
#7174=CARTESIAN_POINT('Ctrl Pts',(4.3905996054266,-2.36986635614595,-24.85));
#7175=CARTESIAN_POINT('Ctrl Pts',(4.33117226796624,-2.39255679408536,-24.85));
#7176=CARTESIAN_POINT('Ctrl Pts',(4.19719063441925,-2.41416673498003,-24.85));
#7177=CARTESIAN_POINT('Ctrl Pts',(4.10534838561687,-2.4195692202037,-24.85));
#7178=CARTESIAN_POINT('Ctrl Pts',(3.98865470478561,-2.4195692202037,-24.85));
#7179=CARTESIAN_POINT('',(3.77309554436122,-2.4195692202037,-24.85));
#7180=CARTESIAN_POINT('',(1.99432735239281,-2.4195692202037,-24.85));
#7181=CARTESIAN_POINT('',(3.77309554436122,-1.68050924160576,-24.85));
#7182=CARTESIAN_POINT('',(3.77309554436122,-1.20978461010185,-24.85));
#7183=CARTESIAN_POINT('',(4.07455421984196,-1.68050924160576,-24.85));
#7184=CARTESIAN_POINT('',(1.88654777218061,-1.68050924160576,-24.85));
#7185=CARTESIAN_POINT('',(4.42463526233572,-1.73237309975299,-24.85));
#7186=CARTESIAN_POINT('Ctrl Pts',(4.07455421984196,-1.68050924160576,-24.85));
#7187=CARTESIAN_POINT('Ctrl Pts',(4.16639646864433,-1.68050924160576,-24.85));
#7188=CARTESIAN_POINT('Ctrl Pts',(4.2371690250744,-1.68375073273996,-24.85));
#7189=CARTESIAN_POINT('Ctrl Pts',(4.33657475318991,-1.69671669727677,-24.85));
#7190=CARTESIAN_POINT('Ctrl Pts',(4.3824958775911,-1.71076315885831,-24.85));
#7191=CARTESIAN_POINT('Ctrl Pts',(4.42463526233572,-1.73237309975299,-24.85));
#7192=CARTESIAN_POINT('Ctrl Pts',(4.42463526233572,-1.73237309975299,-24.85));
#7193=CARTESIAN_POINT('Ctrl Pts',(4.48946508501975,-1.76694900518447,-24.85));
#7194=CARTESIAN_POINT('Ctrl Pts',(4.5326849668091,-1.80854814140672,-24.85));
#7195=CARTESIAN_POINT('Ctrl Pts',(4.57590484859846,-1.90579287543276,-24.85));
#7196=CARTESIAN_POINT('Ctrl Pts',(4.58670981904579,-1.96792145550496,-24.85));
#7197=CARTESIAN_POINT('Ctrl Pts',(4.58670981904579,-2.04355624863633,-24.85));
#7198=CARTESIAN_POINT('Origin',(3.77309554436122,-1.45846709891296,-101.538529938886));
#7199=CARTESIAN_POINT('',(3.77309554436122,-1.45846709891296,-25.05));
#7200=CARTESIAN_POINT('',(3.77309554436122,-1.45846709891296,-101.538529938886));
#7201=CARTESIAN_POINT('',(3.77309554436122,-0.873377949189589,-25.05));
#7202=CARTESIAN_POINT('',(3.77309554436122,-0.729233549456481,-25.05));
#7203=CARTESIAN_POINT('',(3.77309554436122,-0.873377949189589,-101.538529938886));
#7204=CARTESIAN_POINT('Origin',(4.07455421984196,-1.45846709891296,-101.538529938886));
#7205=CARTESIAN_POINT('',(4.07455421984196,-1.45846709891296,-25.05));
#7206=CARTESIAN_POINT('',(4.07455421984196,-1.45846709891296,-101.538529938886));
#7207=CARTESIAN_POINT('',(2.03727710992098,-1.45846709891296,-25.05));
#7208=CARTESIAN_POINT('Ctrl Pts',(4.07455421984196,-1.45846709891296,-101.538529938886));
#7209=CARTESIAN_POINT('Ctrl Pts',(4.07455421984196,-1.45846709891296,118.748436285105));
#7210=CARTESIAN_POINT('Ctrl Pts',(4.19935162850871,-1.45846709891296,-101.538529938886));
#7211=CARTESIAN_POINT('Ctrl Pts',(4.19935162850871,-1.45846709891296,118.748436285105));
#7212=CARTESIAN_POINT('Ctrl Pts',(4.31766605490707,-1.43253516983935,-101.538529938886));
#7213=CARTESIAN_POINT('Ctrl Pts',(4.31766605490707,-1.43253516983935,118.748436285105));
#7214=CARTESIAN_POINT('Ctrl Pts',(4.380875132024,-1.39201653066183,-101.538529938886));
#7215=CARTESIAN_POINT('Ctrl Pts',(4.380875132024,-1.39201653066183,118.748436285105));
#7216=CARTESIAN_POINT('',(4.380875132024,-1.39201653066183,-25.05));
#7217=CARTESIAN_POINT('',(4.380875132024,-1.39201653066183,-101.538529938886));
#7218=CARTESIAN_POINT('Ctrl Pts',(4.07455421984196,-1.45846709891296,-25.05));
#7219=CARTESIAN_POINT('Ctrl Pts',(4.19935162850871,-1.45846709891296,-25.05));
#7220=CARTESIAN_POINT('Ctrl Pts',(4.31766605490707,-1.43253516983935,-25.05));
#7221=CARTESIAN_POINT('Ctrl Pts',(4.380875132024,-1.39201653066183,-25.05));
#7222=CARTESIAN_POINT('Ctrl Pts',(4.380875132024,-1.39201653066183,-101.538529938886));
#7223=CARTESIAN_POINT('Ctrl Pts',(4.380875132024,-1.39201653066183,118.748436285105));
#7224=CARTESIAN_POINT('Ctrl Pts',(4.44246346357383,-1.35311863705141,-101.538529938886));
#7225=CARTESIAN_POINT('Ctrl Pts',(4.44246346357383,-1.35311863705141,118.748436285105));
#7226=CARTESIAN_POINT('Ctrl Pts',(4.49270657615395,-1.22832122838465,-101.538529938886));
#7227=CARTESIAN_POINT('Ctrl Pts',(4.49270657615395,-1.22832122838465,118.748436285105));
#7228=CARTESIAN_POINT('Ctrl Pts',(4.49270657615395,-1.13431798549281,-101.538529938886));
#7229=CARTESIAN_POINT('Ctrl Pts',(4.49270657615395,-1.13431798549281,118.748436285105));
#7230=CARTESIAN_POINT('',(4.49270657615395,-1.13431798549281,-25.05));
#7231=CARTESIAN_POINT('',(4.49270657615395,-1.13431798549281,-101.538529938886));
#7232=CARTESIAN_POINT('Ctrl Pts',(4.380875132024,-1.39201653066183,-25.05));
#7233=CARTESIAN_POINT('Ctrl Pts',(4.44246346357383,-1.35311863705141,-25.05));
#7234=CARTESIAN_POINT('Ctrl Pts',(4.49270657615395,-1.22832122838465,-25.05));
#7235=CARTESIAN_POINT('Ctrl Pts',(4.49270657615395,-1.13431798549281,-25.05));
#7236=CARTESIAN_POINT('Origin',(3.77309554436122,-2.4195692202037,-101.538529938886));
#7237=CARTESIAN_POINT('',(3.77309554436122,-2.4195692202037,-25.05));
#7238=CARTESIAN_POINT('',(3.77309554436122,-2.4195692202037,-101.538529938886));
#7239=CARTESIAN_POINT('',(3.77309554436122,-1.68050924160576,-25.05));
#7240=CARTESIAN_POINT('',(3.77309554436122,-1.20978461010185,-25.05));
#7241=CARTESIAN_POINT('',(3.77309554436122,-1.68050924160576,-101.538529938886));
#7242=CARTESIAN_POINT('Origin',(3.98865470478561,-2.4195692202037,-101.538529938886));
#7243=CARTESIAN_POINT('',(3.98865470478561,-2.4195692202037,-25.05));
#7244=CARTESIAN_POINT('',(3.98865470478561,-2.4195692202037,-101.538529938886));
#7245=CARTESIAN_POINT('',(1.99432735239281,-2.4195692202037,-25.05));
#7246=CARTESIAN_POINT('Ctrl Pts',(3.98865470478561,-2.4195692202037,-101.538529938886));
#7247=CARTESIAN_POINT('Ctrl Pts',(3.98865470478561,-2.4195692202037,118.748436285105));
#7248=CARTESIAN_POINT('Ctrl Pts',(4.1636952260325,-2.4195692202037,-101.538529938886));
#7249=CARTESIAN_POINT('Ctrl Pts',(4.1636952260325,-2.4195692202037,118.748436285105));
#7250=CARTESIAN_POINT('Ctrl Pts',(4.36466767635299,-2.38715430886169,-101.538529938886));
#7251=CARTESIAN_POINT('Ctrl Pts',(4.36466767635299,-2.38715430886169,118.748436285105));
#7252=CARTESIAN_POINT('Ctrl Pts',(4.44246346357383,-2.33529045071446,-101.538529938886));
#7253=CARTESIAN_POINT('Ctrl Pts',(4.44246346357383,-2.33529045071446,118.748436285105));
#7254=CARTESIAN_POINT('',(4.44246346357383,-2.33529045071446,-25.05));
#7255=CARTESIAN_POINT('',(4.44246346357383,-2.33529045071446,-101.538529938886));
#7256=CARTESIAN_POINT('Ctrl Pts',(3.98865470478561,-2.4195692202037,-25.05));
#7257=CARTESIAN_POINT('Ctrl Pts',(4.1636952260325,-2.4195692202037,-25.05));
#7258=CARTESIAN_POINT('Ctrl Pts',(4.36466767635299,-2.38715430886169,-25.05));
#7259=CARTESIAN_POINT('Ctrl Pts',(4.44246346357383,-2.33529045071446,-25.05));
#7260=CARTESIAN_POINT('Ctrl Pts',(4.44246346357383,-2.33529045071446,-101.538529938886));
#7261=CARTESIAN_POINT('Ctrl Pts',(4.44246346357383,-2.33529045071446,118.748436285105));
#7262=CARTESIAN_POINT('Ctrl Pts',(4.51701775966046,-2.28180584700014,-101.538529938886));
#7263=CARTESIAN_POINT('Ctrl Pts',(4.51701775966046,-2.28180584700014,118.748436285105));
#7264=CARTESIAN_POINT('Ctrl Pts',(4.58670981904579,-2.14890471049788,-101.538529938886));
#7265=CARTESIAN_POINT('Ctrl Pts',(4.58670981904579,-2.14890471049788,118.748436285105));
#7266=CARTESIAN_POINT('Ctrl Pts',(4.58670981904579,-2.04355624863633,-101.538529938886));
#7267=CARTESIAN_POINT('Ctrl Pts',(4.58670981904579,-2.04355624863633,118.748436285105));
#7268=CARTESIAN_POINT('',(4.58670981904579,-2.04355624863633,-25.05));
#7269=CARTESIAN_POINT('',(4.58670981904579,-2.04355624863633,-101.538529938886));
#7270=CARTESIAN_POINT('Ctrl Pts',(4.44246346357383,-2.33529045071446,-25.05));
#7271=CARTESIAN_POINT('Ctrl Pts',(4.51701775966046,-2.28180584700014,-25.05));
#7272=CARTESIAN_POINT('Ctrl Pts',(4.58670981904579,-2.14890471049788,-25.05));
#7273=CARTESIAN_POINT('Ctrl Pts',(4.58670981904579,-2.04355624863633,-25.05));
#7274=CARTESIAN_POINT('Ctrl Pts',(4.48946508501975,-1.52491766716409,-101.538529938886));
#7275=CARTESIAN_POINT('Ctrl Pts',(4.48946508501975,-1.52491766716409,118.748436285105));
#7276=CARTESIAN_POINT('Ctrl Pts',(4.62074547595491,-1.46170859004716,-101.538529938886));
#7277=CARTESIAN_POINT('Ctrl Pts',(4.62074547595491,-1.46170859004716,118.748436285105));
#7278=CARTESIAN_POINT('Ctrl Pts',(4.76985406812817,-1.23804570178726,-101.538529938886));
#7279=CARTESIAN_POINT('Ctrl Pts',(4.76985406812817,-1.23804570178726,118.748436285105));
#7280=CARTESIAN_POINT('Ctrl Pts',(4.76985406812817,-1.09704083744949,-101.538529938886));
#7281=CARTESIAN_POINT('Ctrl Pts',(4.76985406812817,-1.09704083744949,118.748436285105));
#7282=CARTESIAN_POINT('',(4.48946508501975,-1.52491766716409,-101.538529938886));
#7283=CARTESIAN_POINT('',(4.76985406812817,-1.09704083744949,-101.538529938886));
#7284=CARTESIAN_POINT('Origin',(4.48946508501975,-1.52491766716409,-101.538529938886));
#7285=CARTESIAN_POINT('',(4.48946508501975,-1.53464214056669,-101.538529938886));
#7286=CARTESIAN_POINT('Ctrl Pts',(4.86385731102002,-2.03221102966662,-101.538529938886));
#7287=CARTESIAN_POINT('Ctrl Pts',(4.86385731102002,-2.03221102966662,118.748436285105));
#7288=CARTESIAN_POINT('Ctrl Pts',(4.86385731102002,-1.84096305274874,-101.538529938886));
#7289=CARTESIAN_POINT('Ctrl Pts',(4.86385731102002,-1.84096305274874,118.748436285105));
#7290=CARTESIAN_POINT('Ctrl Pts',(4.66774709740083,-1.58326450757972,-101.538529938886));
#7291=CARTESIAN_POINT('Ctrl Pts',(4.66774709740083,-1.58326450757972,118.748436285105));
#7292=CARTESIAN_POINT('Ctrl Pts',(4.48946508501975,-1.53464214056669,-101.538529938886));
#7293=CARTESIAN_POINT('Ctrl Pts',(4.48946508501975,-1.53464214056669,118.748436285105));
#7294=CARTESIAN_POINT('',(4.86385731102002,-2.03221102966662,-101.538529938886));
#7295=CARTESIAN_POINT('Ctrl Pts',(4.65640187843112,-2.48439904288773,-101.538529938886));
#7296=CARTESIAN_POINT('Ctrl Pts',(4.65640187843112,-2.48439904288773,118.748436285105));
#7297=CARTESIAN_POINT('Ctrl Pts',(4.75040512132297,-2.4098447468011,-101.538529938886));
#7298=CARTESIAN_POINT('Ctrl Pts',(4.75040512132297,-2.4098447468011,118.748436285105));
#7299=CARTESIAN_POINT('Ctrl Pts',(4.86385731102002,-2.18131962183989,-101.538529938886));
#7300=CARTESIAN_POINT('Ctrl Pts',(4.86385731102002,-2.18131962183989,118.748436285105));
#7301=CARTESIAN_POINT('Ctrl Pts',(4.86385731102002,-2.03221102966662,-101.538529938886));
#7302=CARTESIAN_POINT('Ctrl Pts',(4.86385731102002,-2.03221102966662,118.748436285105));
#7303=CARTESIAN_POINT('',(4.65640187843112,-2.48439904288773,-101.538529938886));
#7304=CARTESIAN_POINT('Ctrl Pts',(4.08103720211036,-2.64647359959781,-101.538529938886));
#7305=CARTESIAN_POINT('Ctrl Pts',(4.08103720211036,-2.64647359959781,118.748436285105));
#7306=CARTESIAN_POINT('Ctrl Pts',(4.28525114356505,-2.64647359959781,-101.538529938886));
#7307=CARTESIAN_POINT('Ctrl Pts',(4.28525114356505,-2.64647359959781,118.748436285105));
#7308=CARTESIAN_POINT('Ctrl Pts',(4.54294968873407,-2.57191930351117,-101.538529938886));
#7309=CARTESIAN_POINT('Ctrl Pts',(4.54294968873407,-2.57191930351117,118.748436285105));
#7310=CARTESIAN_POINT('Ctrl Pts',(4.65640187843112,-2.48439904288773,-101.538529938886));
#7311=CARTESIAN_POINT('Ctrl Pts',(4.65640187843112,-2.48439904288773,118.748436285105));
#7312=CARTESIAN_POINT('',(4.08103720211036,-2.64647359959781,-101.538529938886));
#7313=CARTESIAN_POINT('Origin',(3.77309554436122,-0.873377949189589,-101.538529938886));
#7314=CARTESIAN_POINT('',(4.02755259839603,-0.873377949189589,-25.05));
#7315=CARTESIAN_POINT('',(1.88654777218061,-0.873377949189589,-25.05));
#7316=CARTESIAN_POINT('',(4.02755259839603,-0.873377949189589,-101.538529938886));
#7317=CARTESIAN_POINT('Ctrl Pts',(4.3905996054266,-0.925241807336814,-101.538529938886));
#7318=CARTESIAN_POINT('Ctrl Pts',(4.3905996054266,-0.925241807336814,118.748436285105));
#7319=CARTESIAN_POINT('Ctrl Pts',(4.32576978274257,-0.889585404860598,-101.538529938886));
#7320=CARTESIAN_POINT('Ctrl Pts',(4.32576978274257,-0.889585404860598,118.748436285105));
#7321=CARTESIAN_POINT('Ctrl Pts',(4.1685574627338,-0.873377949189589,-101.538529938886));
#7322=CARTESIAN_POINT('Ctrl Pts',(4.1685574627338,-0.873377949189589,118.748436285105));
#7323=CARTESIAN_POINT('Ctrl Pts',(4.02755259839603,-0.873377949189589,-101.538529938886));
#7324=CARTESIAN_POINT('Ctrl Pts',(4.02755259839603,-0.873377949189589,118.748436285105));
#7325=CARTESIAN_POINT('',(4.3905996054266,-0.925241807336814,-25.05));
#7326=CARTESIAN_POINT('Ctrl Pts',(4.3905996054266,-0.925241807336814,-25.05));
#7327=CARTESIAN_POINT('Ctrl Pts',(4.32576978274257,-0.889585404860598,-25.05));
#7328=CARTESIAN_POINT('Ctrl Pts',(4.1685574627338,-0.873377949189589,-25.05));
#7329=CARTESIAN_POINT('Ctrl Pts',(4.02755259839603,-0.873377949189589,-25.05));
#7330=CARTESIAN_POINT('',(4.3905996054266,-0.925241807336814,-101.538529938886));
#7331=CARTESIAN_POINT('Ctrl Pts',(4.49270657615395,-1.13431798549281,-101.538529938886));
#7332=CARTESIAN_POINT('Ctrl Pts',(4.49270657615395,-1.13431798549281,118.748436285105));
#7333=CARTESIAN_POINT('Ctrl Pts',(4.49270657615395,-1.06300518054038,-101.538529938886));
#7334=CARTESIAN_POINT('Ctrl Pts',(4.49270657615395,-1.06300518054038,118.748436285105));
#7335=CARTESIAN_POINT('Ctrl Pts',(4.44408420914092,-0.956035973111726,-101.538529938886));
#7336=CARTESIAN_POINT('Ctrl Pts',(4.44408420914092,-0.956035973111726,118.748436285105));
#7337=CARTESIAN_POINT('Ctrl Pts',(4.3905996054266,-0.925241807336814,-101.538529938886));
#7338=CARTESIAN_POINT('Ctrl Pts',(4.3905996054266,-0.925241807336814,118.748436285105));
#7339=CARTESIAN_POINT('Ctrl Pts',(4.49270657615395,-1.13431798549281,-25.05));
#7340=CARTESIAN_POINT('Ctrl Pts',(4.49270657615395,-1.06300518054038,-25.05));
#7341=CARTESIAN_POINT('Ctrl Pts',(4.44408420914092,-0.956035973111726,-25.05));
#7342=CARTESIAN_POINT('Ctrl Pts',(4.3905996054266,-0.925241807336814,-25.05));
#7343=CARTESIAN_POINT('Origin',(3.77309554436122,-1.68050924160576,-101.538529938886));
#7344=CARTESIAN_POINT('',(4.07455421984196,-1.68050924160576,-25.05));
#7345=CARTESIAN_POINT('',(1.88654777218061,-1.68050924160576,-25.05));
#7346=CARTESIAN_POINT('',(4.07455421984196,-1.68050924160576,-101.538529938886));
#7347=CARTESIAN_POINT('Ctrl Pts',(4.42463526233572,-1.73237309975299,-101.538529938886));
#7348=CARTESIAN_POINT('Ctrl Pts',(4.42463526233572,-1.73237309975299,118.748436285105));
#7349=CARTESIAN_POINT('Ctrl Pts',(4.36142618521879,-1.69995818841097,-101.538529938886));
#7350=CARTESIAN_POINT('Ctrl Pts',(4.36142618521879,-1.69995818841097,118.748436285105));
#7351=CARTESIAN_POINT('Ctrl Pts',(4.21231759304552,-1.68050924160576,-101.538529938886));
#7352=CARTESIAN_POINT('Ctrl Pts',(4.21231759304552,-1.68050924160576,118.748436285105));
#7353=CARTESIAN_POINT('Ctrl Pts',(4.07455421984196,-1.68050924160576,-101.538529938886));
#7354=CARTESIAN_POINT('Ctrl Pts',(4.07455421984196,-1.68050924160576,118.748436285105));
#7355=CARTESIAN_POINT('',(4.42463526233572,-1.73237309975299,-25.05));
#7356=CARTESIAN_POINT('Ctrl Pts',(4.42463526233572,-1.73237309975299,-25.05));
#7357=CARTESIAN_POINT('Ctrl Pts',(4.36142618521879,-1.69995818841097,-25.05));
#7358=CARTESIAN_POINT('Ctrl Pts',(4.21231759304552,-1.68050924160576,-25.05));
#7359=CARTESIAN_POINT('Ctrl Pts',(4.07455421984196,-1.68050924160576,-25.05));
#7360=CARTESIAN_POINT('',(4.42463526233572,-1.73237309975299,-101.538529938886));
#7361=CARTESIAN_POINT('Ctrl Pts',(4.58670981904579,-2.04355624863633,-101.538529938886));
#7362=CARTESIAN_POINT('Ctrl Pts',(4.58670981904579,-2.04355624863633,118.748436285105));
#7363=CARTESIAN_POINT('Ctrl Pts',(4.58670981904579,-1.93010405893927,-101.538529938886));
#7364=CARTESIAN_POINT('Ctrl Pts',(4.58670981904579,-1.93010405893927,118.748436285105));
#7365=CARTESIAN_POINT('Ctrl Pts',(4.52187999636176,-1.78423695790021,-101.538529938886));
#7366=CARTESIAN_POINT('Ctrl Pts',(4.52187999636176,-1.78423695790021,118.748436285105));
#7367=CARTESIAN_POINT('Ctrl Pts',(4.42463526233572,-1.73237309975299,-101.538529938886));
#7368=CARTESIAN_POINT('Ctrl Pts',(4.42463526233572,-1.73237309975299,118.748436285105));
#7369=CARTESIAN_POINT('Ctrl Pts',(4.58670981904579,-2.04355624863633,-25.05));
#7370=CARTESIAN_POINT('Ctrl Pts',(4.58670981904579,-1.93010405893927,-25.05));
#7371=CARTESIAN_POINT('Ctrl Pts',(4.52187999636176,-1.78423695790021,-25.05));
#7372=CARTESIAN_POINT('Ctrl Pts',(4.42463526233572,-1.73237309975299,-25.05));
#7373=CARTESIAN_POINT('Origin',(4.08103720211036,-2.64647359959781,-101.538529938886));
#7374=CARTESIAN_POINT('',(3.50729327135669,-2.64647359959781,-101.538529938886));
#7375=CARTESIAN_POINT('Origin',(3.50729327135669,-2.64647359959781,-101.538529938886));
#7376=CARTESIAN_POINT('',(3.50729327135669,-0.646473569795485,-101.538529938886));
#7377=CARTESIAN_POINT('Origin',(3.50729327135669,-0.646473569795485,-101.538529938886));
#7378=CARTESIAN_POINT('',(4.03727707179864,-0.646473569795485,-101.538529938886));
#7379=CARTESIAN_POINT('Ctrl Pts',(4.56239863553928,-0.727510848150521,-101.538529938886));
#7380=CARTESIAN_POINT('Ctrl Pts',(4.56239863553928,-0.727510848150521,118.748436285105));
#7381=CARTESIAN_POINT('Ctrl Pts',(4.46515390151324,-0.674026244436199,-101.538529938886));
#7382=CARTESIAN_POINT('Ctrl Pts',(4.46515390151324,-0.674026244436199,118.748436285105));
#7383=CARTESIAN_POINT('Ctrl Pts',(4.25121548665594,-0.646473569795485,-101.538529938886));
#7384=CARTESIAN_POINT('Ctrl Pts',(4.25121548665594,-0.646473569795485,118.748436285105));
#7385=CARTESIAN_POINT('Ctrl Pts',(4.03727707179864,-0.646473569795485,-101.538529938886));
#7386=CARTESIAN_POINT('Ctrl Pts',(4.03727707179864,-0.646473569795485,118.748436285105));
#7387=CARTESIAN_POINT('',(4.56239863553928,-0.727510848150521,-101.538529938886));
#7388=CARTESIAN_POINT('Ctrl Pts',(4.76985406812817,-1.09704083744949,-101.538529938886));
#7389=CARTESIAN_POINT('Ctrl Pts',(4.76985406812817,-1.09704083744949,118.748436285105));
#7390=CARTESIAN_POINT('Ctrl Pts',(4.76985406812817,-0.970622683215634,-101.538529938886));
#7391=CARTESIAN_POINT('Ctrl Pts',(4.76985406812817,-0.970622683215634,118.748436285105));
#7392=CARTESIAN_POINT('Ctrl Pts',(4.67098858853503,-0.78423694299905,-101.538529938886));
#7393=CARTESIAN_POINT('Ctrl Pts',(4.67098858853503,-0.78423694299905,118.748436285105));
#7394=CARTESIAN_POINT('Ctrl Pts',(4.56239863553928,-0.727510848150521,-101.538529938886));
#7395=CARTESIAN_POINT('Ctrl Pts',(4.56239863553928,-0.727510848150521,118.748436285105));
#7396=CARTESIAN_POINT('Origin',(0.,0.,-24.85));
#7397=CARTESIAN_POINT('',(-5.30875206706107,1.62540383644499,-24.85));
#7398=CARTESIAN_POINT('',(-5.30875206706107,0.646473513916139,-24.85));
#7399=CARTESIAN_POINT('',(-5.30875206706107,0.32323675695807,-24.85));
#7400=CARTESIAN_POINT('',(-5.04294979405654,0.646473513916139,-24.85));
#7401=CARTESIAN_POINT('',(-2.52147489702827,0.646473513916139,-24.85));
#7402=CARTESIAN_POINT('',(-5.04294979405654,2.64647354371846,-24.85));
#7403=CARTESIAN_POINT('',(-5.04294979405654,1.32323677185923,-24.85));
#7404=CARTESIAN_POINT('',(-5.30875206706107,2.64647354371846,-24.85));
#7405=CARTESIAN_POINT('',(-2.65437603353053,2.64647354371846,-24.85));
#7406=CARTESIAN_POINT('',(-5.30875206706107,1.8620326892417,-24.85));
#7407=CARTESIAN_POINT('',(-5.30875206706107,0.93101634462085,-24.85));
#7408=CARTESIAN_POINT('',(-6.22933554917429,1.8620326892417,-24.85));
#7409=CARTESIAN_POINT('',(-3.11466777458715,1.8620326892417,-24.85));
#7410=CARTESIAN_POINT('',(-6.22933554917429,2.64647354371846,-24.85));
#7411=CARTESIAN_POINT('',(-6.22933554917429,1.32323677185923,-24.85));
#7412=CARTESIAN_POINT('',(-6.49513782217881,2.64647354371846,-24.85));
#7413=CARTESIAN_POINT('',(-3.24756891108941,2.64647354371846,-24.85));
#7414=CARTESIAN_POINT('',(-6.49513782217881,0.646473513916139,-24.85));
#7415=CARTESIAN_POINT('',(-6.49513782217881,0.323236756958071,-24.85));
#7416=CARTESIAN_POINT('',(-6.22933554917429,0.646473513916139,-24.85));
#7417=CARTESIAN_POINT('',(-3.11466777458715,0.646473513916139,-24.85));
#7418=CARTESIAN_POINT('',(-6.22933554917429,1.62540383644499,-24.85));
#7419=CARTESIAN_POINT('',(-6.22933554917429,0.812701918222496,-24.85));
#7420=CARTESIAN_POINT('',(-2.65437603353053,1.62540383644499,-24.85));
#7421=CARTESIAN_POINT('Origin',(-6.22933554917429,1.8620326892417,-101.538529938886));
#7422=CARTESIAN_POINT('',(-5.30875206706107,1.8620326892417,-101.538529938886));
#7423=CARTESIAN_POINT('',(-6.22933554917429,1.8620326892417,-101.538529938886));
#7424=CARTESIAN_POINT('Origin',(-5.30875206706107,1.8620326892417,-101.538529938886));
#7425=CARTESIAN_POINT('',(-5.30875206706107,2.64647354371846,-101.538529938886));
#7426=CARTESIAN_POINT('Origin',(-5.30875206706107,2.64647354371846,-101.538529938886));
#7427=CARTESIAN_POINT('',(-5.04294979405654,2.64647354371846,-101.538529938886));
#7428=CARTESIAN_POINT('Origin',(-5.04294979405654,2.64647354371846,-101.538529938886));
#7429=CARTESIAN_POINT('',(-5.04294979405654,0.646473513916139,-101.538529938886));
#7430=CARTESIAN_POINT('Origin',(-5.04294979405654,0.646473513916139,-101.538529938886));
#7431=CARTESIAN_POINT('',(-5.30875206706107,0.646473513916139,-101.538529938886));
#7432=CARTESIAN_POINT('Origin',(-5.30875206706107,0.646473513916139,-101.538529938886));
#7433=CARTESIAN_POINT('',(-5.30875206706107,1.62540383644499,-101.538529938886));
#7434=CARTESIAN_POINT('Origin',(-5.30875206706107,1.62540383644499,-101.538529938886));
#7435=CARTESIAN_POINT('',(-6.22933554917429,1.62540383644499,-101.538529938886));
#7436=CARTESIAN_POINT('Origin',(-6.22933554917429,1.62540383644499,-101.538529938886));
#7437=CARTESIAN_POINT('',(-6.22933554917429,0.646473513916139,-101.538529938886));
#7438=CARTESIAN_POINT('Origin',(-6.22933554917429,0.646473513916139,-101.538529938886));
#7439=CARTESIAN_POINT('',(-6.49513782217881,0.646473513916139,-101.538529938886));
#7440=CARTESIAN_POINT('Origin',(-6.49513782217881,0.646473513916139,-101.538529938886));
#7441=CARTESIAN_POINT('',(-6.49513782217881,2.64647354371846,-101.538529938886));
#7442=CARTESIAN_POINT('Origin',(-6.49513782217881,2.64647354371846,-101.538529938886));
#7443=CARTESIAN_POINT('',(-6.22933554917429,2.64647354371846,-101.538529938886));
#7444=CARTESIAN_POINT('Origin',(-6.22933554917429,2.64647354371846,-101.538529938886));
#7445=CARTESIAN_POINT('Origin',(0.,0.,-24.85));
#7446=CARTESIAN_POINT('',(-3.85170180223749,2.64647354371846,-24.85));
#7447=CARTESIAN_POINT('',(-4.17909240679184,2.64647354371846,-24.85));
#7448=CARTESIAN_POINT('',(-2.08954620339592,2.64647354371846,-24.85));
#7449=CARTESIAN_POINT('',(-4.85332256270576,0.646473513916139,-24.85));
#7450=CARTESIAN_POINT('',(-4.70353199338444,1.09080419310485,-24.85));
#7451=CARTESIAN_POINT('',(-4.58427879856703,0.646473513916139,-24.85));
#7452=CARTESIAN_POINT('',(-2.29213939928352,0.646473513916139,-24.85));
#7453=CARTESIAN_POINT('',(-4.40275529505175,1.2056307345659,-24.85));
#7454=CARTESIAN_POINT('',(-4.36991096683803,1.30680299558139,-24.85));
#7455=CARTESIAN_POINT('',(-3.63938413294729,1.2056307345659,-24.85));
#7456=CARTESIAN_POINT('',(-1.81969206647365,1.2056307345659,-24.85));
#7457=CARTESIAN_POINT('',(-3.45786062943201,0.646473513916139,-24.85));
#7458=CARTESIAN_POINT('',(-3.19809145769203,-0.15370830974719,-24.85));
#7459=CARTESIAN_POINT('',(-3.17747164632358,0.646473513916139,-24.85));
#7460=CARTESIAN_POINT('',(-1.58873582316179,0.646473513916139,-24.85));
#7461=CARTESIAN_POINT('',(-3.2546098421869,0.875292104529933,-24.85));
#7462=CARTESIAN_POINT('',(-3.71231768346683,1.43253511396,-24.85));
#7463=CARTESIAN_POINT('',(-4.32982174453221,1.43253511396,-24.85));
#7464=CARTESIAN_POINT('',(-1.85615884173341,1.43253511396,-24.85));
#7465=CARTESIAN_POINT('',(-4.02188008678307,2.37418828844554,-24.85));
#7466=CARTESIAN_POINT('',(-4.33227180789504,1.4250430780979,-24.85));
#7467=CARTESIAN_POINT('',(-3.47356164125687,0.70626673425327,-24.85));
#7468=CARTESIAN_POINT('Origin',(-4.32982174453221,1.43253511396,-101.538529938886));
#7469=CARTESIAN_POINT('',(-4.32982174453221,1.43253511396,-25.05));
#7470=CARTESIAN_POINT('',(-4.32982174453221,1.43253511396,-101.538529938886));
#7471=CARTESIAN_POINT('',(-4.02188008678307,2.37418828844554,-25.05));
#7472=CARTESIAN_POINT('',(-4.33227180789504,1.4250430780979,-25.05));
#7473=CARTESIAN_POINT('',(-4.02188008678307,2.37418828844554,-101.538529938886));
#7474=CARTESIAN_POINT('Origin',(-3.71231768346683,1.43253511396,-101.538529938886));
#7475=CARTESIAN_POINT('',(-3.71231768346683,1.43253511396,-25.05));
#7476=CARTESIAN_POINT('',(-3.71231768346683,1.43253511396,-101.538529938886));
#7477=CARTESIAN_POINT('',(-1.85615884173341,1.43253511396,-25.05));
#7478=CARTESIAN_POINT('Origin',(-4.40275529505175,1.2056307345659,-101.538529938886));
#7479=CARTESIAN_POINT('',(-4.58427879856703,0.646473513916139,-101.538529938886));
#7480=CARTESIAN_POINT('',(-4.40275529505175,1.2056307345659,-101.538529938886));
#7481=CARTESIAN_POINT('Origin',(-4.58427879856703,0.646473513916139,-101.538529938886));
#7482=CARTESIAN_POINT('',(-4.85332256270576,0.646473513916139,-101.538529938886));
#7483=CARTESIAN_POINT('Origin',(-4.85332256270576,0.646473513916139,-101.538529938886));
#7484=CARTESIAN_POINT('',(-4.17909240679184,2.64647354371846,-101.538529938886));
#7485=CARTESIAN_POINT('Origin',(-4.17909240679184,2.64647354371846,-101.538529938886));
#7486=CARTESIAN_POINT('',(-3.85170180223749,2.64647354371846,-101.538529938886));
#7487=CARTESIAN_POINT('Origin',(-4.02188008678307,2.37418828844554,-101.538529938886));
#7488=CARTESIAN_POINT('',(-3.47356164125687,0.706266734253269,-25.05));
#7489=CARTESIAN_POINT('Origin',(-3.85170180223749,2.64647354371846,-101.538529938886));
#7490=CARTESIAN_POINT('',(-3.17747164632358,0.646473513916139,-101.538529938886));
#7491=CARTESIAN_POINT('Origin',(-3.17747164632358,0.646473513916139,-101.538529938886));
#7492=CARTESIAN_POINT('',(-3.45786062943201,0.646473513916139,-101.538529938886));
#7493=CARTESIAN_POINT('Origin',(-3.45786062943201,0.646473513916139,-101.538529938886));
#7494=CARTESIAN_POINT('',(-3.63938413294729,1.2056307345659,-101.538529938886));
#7495=CARTESIAN_POINT('Origin',(-3.63938413294729,1.2056307345659,-101.538529938886));
#7496=CARTESIAN_POINT('Origin',(0.,0.,-24.85));
#7497=CARTESIAN_POINT('',(-1.53889787798473,2.36932605174423,-24.85));
#7498=CARTESIAN_POINT('',(-1.53889787798473,0.646473513916139,-24.85));
#7499=CARTESIAN_POINT('',(-1.53889787798473,0.32323675695807,-24.85));
#7500=CARTESIAN_POINT('',(-1.2730956049802,0.646473513916139,-24.85));
#7501=CARTESIAN_POINT('',(-0.636547802490102,0.646473513916139,-24.85));
#7502=CARTESIAN_POINT('',(-1.2730956049802,2.64647354371846,-24.85));
#7503=CARTESIAN_POINT('',(-1.2730956049802,1.32323677185923,-24.85));
#7504=CARTESIAN_POINT('',(-1.64262559427917,2.64647354371846,-24.85));
#7505=CARTESIAN_POINT('',(-0.821312797139587,2.64647354371846,-24.85));
#7506=CARTESIAN_POINT('',(-2.1256077732752,1.53302133912025,-24.85));
#7507=CARTESIAN_POINT('',(-2.23713851207218,1.27590181712854,-24.85));
#7508=CARTESIAN_POINT('',(-2.62479740794223,2.64647354371846,-24.85));
#7509=CARTESIAN_POINT('',(-1.91119922535258,1.05477889618894,-24.85));
#7510=CARTESIAN_POINT('',(-2.9878444149728,2.64647354371846,-24.85));
#7511=CARTESIAN_POINT('',(-1.4939222074864,2.64647354371846,-24.85));
#7512=CARTESIAN_POINT('',(-2.9878444149728,0.646473513916139,-24.85));
#7513=CARTESIAN_POINT('',(-2.9878444149728,0.32323675695807,-24.85));
#7514=CARTESIAN_POINT('',(-2.73987034320638,0.646473513916139,-24.85));
#7515=CARTESIAN_POINT('',(-1.36993517160319,0.646473513916139,-24.85));
#7516=CARTESIAN_POINT('',(-2.73987034320638,2.36932605174423,-24.85));
#7517=CARTESIAN_POINT('',(-2.73987034320638,1.18466302587212,-24.85));
#7518=CARTESIAN_POINT('',(-2.22285250730124,1.19752700673039,-24.85));
#7519=CARTESIAN_POINT('',(-1.82060929264067,0.285859783534178,-24.85));
#7520=CARTESIAN_POINT('',(-2.06077795059117,1.19752700673039,-24.85));
#7521=CARTESIAN_POINT('',(-1.03038897529558,1.19752700673039,-24.85));
#7522=CARTESIAN_POINT('',(-1.85181781516786,1.6667138946529,-24.85));
#7523=CARTESIAN_POINT('Origin',(-2.9878444149728,2.64647354371846,-101.538529938886));
#7524=CARTESIAN_POINT('',(-2.62479740794223,2.64647354371846,-101.538529938886));
#7525=CARTESIAN_POINT('',(-2.9878444149728,2.64647354371846,-101.538529938886));
#7526=CARTESIAN_POINT('Origin',(-2.62479740794223,2.64647354371846,-101.538529938886));
#7527=CARTESIAN_POINT('',(-2.1256077732752,1.53302133912025,-101.538529938886));
#7528=CARTESIAN_POINT('Origin',(-2.1256077732752,1.53302133912025,-101.538529938886));
#7529=CARTESIAN_POINT('',(-1.64262559427917,2.64647354371846,-101.538529938886));
#7530=CARTESIAN_POINT('Origin',(-1.64262559427917,2.64647354371846,-101.538529938886));
#7531=CARTESIAN_POINT('',(-1.2730956049802,2.64647354371846,-101.538529938886));
#7532=CARTESIAN_POINT('Origin',(-1.2730956049802,2.64647354371846,-101.538529938886));
#7533=CARTESIAN_POINT('',(-1.2730956049802,0.646473513916139,-101.538529938886));
#7534=CARTESIAN_POINT('Origin',(-1.2730956049802,0.646473513916139,-101.538529938886));
#7535=CARTESIAN_POINT('',(-1.53889787798473,0.646473513916139,-101.538529938886));
#7536=CARTESIAN_POINT('Origin',(-1.53889787798473,0.646473513916139,-101.538529938886));
#7537=CARTESIAN_POINT('',(-1.53889787798473,2.36932605174423,-101.538529938886));
#7538=CARTESIAN_POINT('Origin',(-1.53889787798473,2.36932605174423,-101.538529938886));
#7539=CARTESIAN_POINT('',(-2.06077795059117,1.19752700673039,-101.538529938886));
#7540=CARTESIAN_POINT('Origin',(-2.06077795059117,1.19752700673039,-101.538529938886));
#7541=CARTESIAN_POINT('',(-2.22285250730124,1.19752700673039,-101.538529938886));
#7542=CARTESIAN_POINT('Origin',(-2.22285250730124,1.19752700673039,-101.538529938886));
#7543=CARTESIAN_POINT('',(-2.73987034320638,2.36932605174423,-101.538529938886));
#7544=CARTESIAN_POINT('Origin',(-2.73987034320638,2.36932605174423,-101.538529938886));
#7545=CARTESIAN_POINT('',(-2.73987034320638,0.646473513916139,-101.538529938886));
#7546=CARTESIAN_POINT('Origin',(-2.73987034320638,0.646473513916139,-101.538529938886));
#7547=CARTESIAN_POINT('',(-2.9878444149728,0.646473513916139,-101.538529938886));
#7548=CARTESIAN_POINT('Origin',(-2.9878444149728,0.646473513916139,-101.538529938886));
#7549=CARTESIAN_POINT('Origin',(0.,0.,-24.85));
#7550=CARTESIAN_POINT('',(0.581037323783051,2.36932605174423,-24.85));
#7551=CARTESIAN_POINT('',(0.581037323783051,0.646473513916139,-24.85));
#7552=CARTESIAN_POINT('',(0.581037323783051,0.32323675695807,-24.85));
#7553=CARTESIAN_POINT('',(0.846839596787574,0.646473513916139,-24.85));
#7554=CARTESIAN_POINT('',(0.423419798393787,0.646473513916139,-24.85));
#7555=CARTESIAN_POINT('',(0.846839596787574,2.64647354371846,-24.85));
#7556=CARTESIAN_POINT('',(0.846839596787574,1.32323677185923,-24.85));
#7557=CARTESIAN_POINT('',(0.477309607488603,2.64647354371846,-24.85));
#7558=CARTESIAN_POINT('',(0.238654803744301,2.64647354371846,-24.85));
#7559=CARTESIAN_POINT('',(-0.00567257150742018,1.53302133912025,-24.85));
#7560=CARTESIAN_POINT('',(-0.28505975636884,0.888930748516904,-24.85));
#7561=CARTESIAN_POINT('',(-0.50486220617445,2.64647354371846,-24.85));
#7562=CARTESIAN_POINT('',(0.0313419882559939,1.4504596425051,-24.85));
#7563=CARTESIAN_POINT('',(-0.867909213205018,2.64647354371846,-24.85));
#7564=CARTESIAN_POINT('',(-0.433954606602509,2.64647354371846,-24.85));
#7565=CARTESIAN_POINT('',(-0.867909213205018,0.646473513916139,-24.85));
#7566=CARTESIAN_POINT('',(-0.867909213205018,0.32323675695807,-24.85));
#7567=CARTESIAN_POINT('',(-0.619935141438603,0.646473513916139,-24.85));
#7568=CARTESIAN_POINT('',(-0.309967570719302,0.646473513916139,-24.85));
#7569=CARTESIAN_POINT('',(-0.619935141438603,2.36932605174423,-24.85));
#7570=CARTESIAN_POINT('',(-0.619935141438603,1.18466302587212,-24.85));
#7571=CARTESIAN_POINT('',(-0.102917305533465,1.19752700673039,-24.85));
#7572=CARTESIAN_POINT('',(0.126603586858461,0.677327617390696,-24.85));
#7573=CARTESIAN_POINT('',(0.0591572511766114,1.19752700673039,-24.85));
#7574=CARTESIAN_POINT('',(0.0295786255883057,1.19752700673039,-24.85));
#7575=CARTESIAN_POINT('',(0.0926713458407921,1.2727775981658,-24.85));
#7576=CARTESIAN_POINT('Origin',(-0.867909213205018,2.64647354371846,-101.538529938886));
#7577=CARTESIAN_POINT('',(-0.50486220617445,2.64647354371846,-101.538529938886));
#7578=CARTESIAN_POINT('',(-0.867909213205018,2.64647354371846,-101.538529938886));
#7579=CARTESIAN_POINT('Origin',(-0.50486220617445,2.64647354371846,-101.538529938886));
#7580=CARTESIAN_POINT('',(-0.00567257150742018,1.53302133912025,-101.538529938886));
#7581=CARTESIAN_POINT('Origin',(-0.00567257150742018,1.53302133912025,-101.538529938886));
#7582=CARTESIAN_POINT('',(0.477309607488603,2.64647354371846,-101.538529938886));
#7583=CARTESIAN_POINT('Origin',(0.477309607488603,2.64647354371846,-101.538529938886));
#7584=CARTESIAN_POINT('',(0.846839596787574,2.64647354371846,-101.538529938886));
#7585=CARTESIAN_POINT('Origin',(0.846839596787574,2.64647354371846,-101.538529938886));
#7586=CARTESIAN_POINT('',(0.846839596787574,0.646473513916139,-101.538529938886));
#7587=CARTESIAN_POINT('Origin',(0.846839596787574,0.646473513916139,-101.538529938886));
#7588=CARTESIAN_POINT('',(0.581037323783051,0.646473513916139,-101.538529938886));
#7589=CARTESIAN_POINT('Origin',(0.581037323783051,0.646473513916139,-101.538529938886));
#7590=CARTESIAN_POINT('',(0.581037323783051,2.36932605174423,-101.538529938886));
#7591=CARTESIAN_POINT('Origin',(0.581037323783051,2.36932605174423,-101.538529938886));
#7592=CARTESIAN_POINT('',(0.0591572511766114,1.19752700673039,-101.538529938886));
#7593=CARTESIAN_POINT('Origin',(0.0591572511766114,1.19752700673039,-101.538529938886));
#7594=CARTESIAN_POINT('',(-0.102917305533465,1.19752700673039,-101.538529938886));
#7595=CARTESIAN_POINT('Origin',(-0.102917305533465,1.19752700673039,-101.538529938886));
#7596=CARTESIAN_POINT('',(-0.619935141438603,2.36932605174423,-101.538529938886));
#7597=CARTESIAN_POINT('Origin',(-0.619935141438603,2.36932605174423,-101.538529938886));
#7598=CARTESIAN_POINT('',(-0.619935141438603,0.646473513916139,-101.538529938886));
#7599=CARTESIAN_POINT('Origin',(-0.619935141438603,0.646473513916139,-101.538529938886));
#7600=CARTESIAN_POINT('',(-0.867909213205018,0.646473513916139,-101.538529938886));
#7601=CARTESIAN_POINT('Origin',(-0.867909213205018,0.646473513916139,-101.538529938886));
#7602=CARTESIAN_POINT('Origin',(0.,0.,-24.85));
#7603=CARTESIAN_POINT('',(2.66693686864171,0.876619384444446,-24.85));
#7604=CARTESIAN_POINT('',(2.90680721257262,1.6464735288173,-24.85));
#7605=CARTESIAN_POINT('Ctrl Pts',(2.66693686864171,0.876619384444446,-24.85));
#7606=CARTESIAN_POINT('Ctrl Pts',(2.74473265586255,0.96522014211262,-24.85));
#7607=CARTESIAN_POINT('Ctrl Pts',(2.80415999332291,1.07516071641429,-24.85));
#7608=CARTESIAN_POINT('Ctrl Pts',(2.88627776872268,1.33772149828461,-24.85));
#7609=CARTESIAN_POINT('Ctrl Pts',(2.90680721257262,1.48439897210723,-24.85));
#7610=CARTESIAN_POINT('Ctrl Pts',(2.90680721257262,1.6464735288173,-24.85));
#7611=CARTESIAN_POINT('',(2.66693686864171,2.41794841875726,-24.85));
#7612=CARTESIAN_POINT('Ctrl Pts',(2.90680721257262,1.6464735288173,-24.85));
#7613=CARTESIAN_POINT('Ctrl Pts',(2.90680721257262,1.81287007370631,-24.85));
#7614=CARTESIAN_POINT('Ctrl Pts',(2.88573752020031,1.96089816883484,-24.85));
#7615=CARTESIAN_POINT('Ctrl Pts',(2.80145875071108,2.22021745957096,-24.85));
#7616=CARTESIAN_POINT('Ctrl Pts',(2.74257166177308,2.32934766108908,-24.85));
#7617=CARTESIAN_POINT('Ctrl Pts',(2.66693686864171,2.41794841875726,-24.85));
#7618=CARTESIAN_POINT('',(2.02188013293562,2.68861292846308,-24.85));
#7619=CARTESIAN_POINT('Ctrl Pts',(2.66693686864171,2.41794841875726,-24.85));
#7620=CARTESIAN_POINT('Ctrl Pts',(2.59130207551034,2.50330768529123,-24.85));
#7621=CARTESIAN_POINT('Ctrl Pts',(2.4989195781856,2.56975825354236,-24.85));
#7622=CARTESIAN_POINT('Ctrl Pts',(2.28065917514937,2.66484199347894,-24.85));
#7623=CARTESIAN_POINT('Ctrl Pts',(2.15802276057208,2.68861292846308,-24.85));
#7624=CARTESIAN_POINT('Ctrl Pts',(2.02188013293562,2.68861292846308,-24.85));
#7625=CARTESIAN_POINT('',(1.37844414279662,2.41794841875726,-24.85));
#7626=CARTESIAN_POINT('Ctrl Pts',(2.02188013293562,2.68861292846308,-24.85));
#7627=CARTESIAN_POINT('Ctrl Pts',(1.88789849938862,2.68861292846308,-24.85));
#7628=CARTESIAN_POINT('Ctrl Pts',(1.76661270611725,2.66565236626249,-24.85));
#7629=CARTESIAN_POINT('Ctrl Pts',(1.54943280012575,2.57381011746011,-24.85));
#7630=CARTESIAN_POINT('Ctrl Pts',(1.45623993001745,2.50654917642543,-24.85));
#7631=CARTESIAN_POINT('Ctrl Pts',(1.37844414279662,2.41794841875726,-24.85));
#7632=CARTESIAN_POINT('',(1.13857379886571,1.6464735288173,-24.85));
#7633=CARTESIAN_POINT('Ctrl Pts',(1.37844414279662,2.41794841875726,-24.85));
#7634=CARTESIAN_POINT('Ctrl Pts',(1.30172885262052,2.32610616995488,-24.85));
#7635=CARTESIAN_POINT('Ctrl Pts',(1.24257163942134,2.21643571991439,-24.85));
#7636=CARTESIAN_POINT('Ctrl Pts',(1.15937336697683,1.96143841735721,-24.85));
#7637=CARTESIAN_POINT('Ctrl Pts',(1.13857379886571,1.81395057075104,-24.85));
#7638=CARTESIAN_POINT('Ctrl Pts',(1.13857379886571,1.6464735288173,-24.85));
#7639=CARTESIAN_POINT('',(1.37682339722952,0.876619384444446,-24.85));
#7640=CARTESIAN_POINT('Ctrl Pts',(1.13857379886571,1.6464735288173,-24.85));
#7641=CARTESIAN_POINT('Ctrl Pts',(1.13857379886571,1.48223797801776,-24.85));
#7642=CARTESIAN_POINT('Ctrl Pts',(1.15910324271565,1.33502025567277,-24.85));
#7643=CARTESIAN_POINT('Ctrl Pts',(1.24122101811542,1.07462046789192,-24.85));
#7644=CARTESIAN_POINT('Ctrl Pts',(1.30010810705342,0.96522014211262,-24.85));
#7645=CARTESIAN_POINT('Ctrl Pts',(1.37682339722952,0.876619384444446,-24.85));
#7646=CARTESIAN_POINT('',(2.02188013293562,0.604334129171518,-24.85));
#7647=CARTESIAN_POINT('Ctrl Pts',(1.37682339722952,0.876619384444446,-24.85));
#7648=CARTESIAN_POINT('Ctrl Pts',(1.45569968149509,0.786938129731537,-24.85));
#7649=CARTESIAN_POINT('Ctrl Pts',(1.54916267586456,0.719136940174489,-24.85));
#7650=CARTESIAN_POINT('Ctrl Pts',(1.76526208481133,0.627294691372112,-24.85));
#7651=CARTESIAN_POINT('Ctrl Pts',(1.88681800234389,0.604334129171518,-24.85));
#7652=CARTESIAN_POINT('Ctrl Pts',(2.02188013293562,0.604334129171518,-24.85));
#7653=CARTESIAN_POINT('Ctrl Pts',(2.02188013293562,0.604334129171518,-24.85));
#7654=CARTESIAN_POINT('Ctrl Pts',(2.15262027534841,0.604334129171518,-24.85));
#7655=CARTESIAN_POINT('Ctrl Pts',(2.27228532305268,0.626484318588561,-24.85));
#7656=CARTESIAN_POINT('Ctrl Pts',(2.48946522904418,0.715085076256736,-24.85));
#7657=CARTESIAN_POINT('Ctrl Pts',(2.58481909324194,0.783696638597335,-24.85));
#7658=CARTESIAN_POINT('Ctrl Pts',(2.66693686864171,0.876619384444446,-24.85));
#7659=CARTESIAN_POINT('',(2.6296597205984,1.6464735288173,-24.85));
#7660=CARTESIAN_POINT('',(2.02350087850272,0.834479999699824,-24.85));
#7661=CARTESIAN_POINT('Ctrl Pts',(2.6296597205984,1.6464735288173,-24.85));
#7662=CARTESIAN_POINT('Ctrl Pts',(2.6296597205984,1.38391274694698,-24.85));
#7663=CARTESIAN_POINT('Ctrl Pts',(2.57482449557815,1.18294029662649,-24.85));
#7664=CARTESIAN_POINT('Ctrl Pts',(2.35548359549719,0.904172059085157,-24.85));
#7665=CARTESIAN_POINT('Ctrl Pts',(2.2082658731522,0.834479999699824,-24.85));
#7666=CARTESIAN_POINT('Ctrl Pts',(2.02350087850272,0.834479999699824,-24.85));
#7667=CARTESIAN_POINT('',(1.41572129083994,1.6464735288173,-24.85));
#7668=CARTESIAN_POINT('Ctrl Pts',(2.02350087850272,0.834479999699824,-24.85));
#7669=CARTESIAN_POINT('Ctrl Pts',(1.83873588385323,0.834479999699824,-24.85));
#7670=CARTESIAN_POINT('Ctrl Pts',(1.69124803724706,0.904172059085157,-24.85));
#7671=CARTESIAN_POINT('Ctrl Pts',(1.47082664012136,1.18294029662649,-24.85));
#7672=CARTESIAN_POINT('Ctrl Pts',(1.41572129083994,1.38391274694698,-24.85));
#7673=CARTESIAN_POINT('Ctrl Pts',(1.41572129083994,1.6464735288173,-24.85));
#7674=CARTESIAN_POINT('',(1.57941659311711,2.25101162534588,-24.85));
#7675=CARTESIAN_POINT('Ctrl Pts',(1.41572129083994,1.6464735288173,-24.85));
#7676=CARTESIAN_POINT('Ctrl Pts',(1.41572129083994,1.77613317418536,-24.85));
#7677=CARTESIAN_POINT('Ctrl Pts',(1.42976775242147,1.89228660649425,-24.85));
#7678=CARTESIAN_POINT('Ctrl Pts',(1.48595359874763,2.09758104499367,-24.85));
#7679=CARTESIAN_POINT('Ctrl Pts',(1.52647223792515,2.18294031152765,-24.85));
#7680=CARTESIAN_POINT('Ctrl Pts',(1.57941659311711,2.25101162534588,-24.85));
#7681=CARTESIAN_POINT('',(2.02350087850272,2.45846705793478,-24.85));
#7682=CARTESIAN_POINT('Ctrl Pts',(1.57941659311711,2.25101162534588,-24.85));
#7683=CARTESIAN_POINT('Ctrl Pts',(1.63452194239854,2.32232443029831,-24.85));
#7684=CARTESIAN_POINT('Ctrl Pts',(1.69827126803783,2.3747285369679,-24.85));
#7685=CARTESIAN_POINT('Ctrl Pts',(1.84305787203217,2.4417193537414,-24.85));
#7686=CARTESIAN_POINT('Ctrl Pts',(1.9273366415214,2.45846705793478,-24.85));
#7687=CARTESIAN_POINT('Ctrl Pts',(2.02350087850272,2.45846705793478,-24.85));
#7688=CARTESIAN_POINT('',(2.46596441832122,2.25101162534588,-24.85));
#7689=CARTESIAN_POINT('Ctrl Pts',(2.02350087850272,2.45846705793478,-24.85));
#7690=CARTESIAN_POINT('Ctrl Pts',(2.11642362434982,2.45846705793478,-24.85));
#7691=CARTESIAN_POINT('Ctrl Pts',(2.2001621453167,2.44117910521903,-24.85));
#7692=CARTESIAN_POINT('Ctrl Pts',(2.34927073748997,2.37202729435607,-24.85));
#7693=CARTESIAN_POINT('Ctrl Pts',(2.41302006312926,2.32016343620884,-24.85));
#7694=CARTESIAN_POINT('Ctrl Pts',(2.46596441832122,2.25101162534588,-24.85));
#7695=CARTESIAN_POINT('Ctrl Pts',(2.46596441832122,2.25101162534588,-24.85));
#7696=CARTESIAN_POINT('Ctrl Pts',(2.51782827646844,2.18402080857238,-24.85));
#7697=CARTESIAN_POINT('Ctrl Pts',(2.55807679138478,2.09947191482196,-24.85));
#7698=CARTESIAN_POINT('Ctrl Pts',(2.61534313475567,1.89525797336727,-24.85));
#7699=CARTESIAN_POINT('Ctrl Pts',(2.6296597205984,1.77829416827483,-24.85));
#7700=CARTESIAN_POINT('Ctrl Pts',(2.6296597205984,1.6464735288173,-24.85));
#7701=CARTESIAN_POINT('Ctrl Pts',(1.57941659311711,2.25101162534588,-101.538529938886));
#7702=CARTESIAN_POINT('Ctrl Pts',(1.57941659311711,2.25101162534588,118.748436285105));
#7703=CARTESIAN_POINT('Ctrl Pts',(1.50000006032917,2.14890465461853,-101.538529938886));
#7704=CARTESIAN_POINT('Ctrl Pts',(1.50000006032917,2.14890465461853,118.748436285105));
#7705=CARTESIAN_POINT('Ctrl Pts',(1.41572129083994,1.84096299686939,-101.538529938886));
#7706=CARTESIAN_POINT('Ctrl Pts',(1.41572129083994,1.84096299686939,118.748436285105));
#7707=CARTESIAN_POINT('Ctrl Pts',(1.41572129083994,1.6464735288173,-101.538529938886));
#7708=CARTESIAN_POINT('Ctrl Pts',(1.41572129083994,1.6464735288173,118.748436285105));
#7709=CARTESIAN_POINT('',(1.41572129083994,1.6464735288173,-25.05));
#7710=CARTESIAN_POINT('',(1.41572129083994,1.6464735288173,-101.538529938886));
#7711=CARTESIAN_POINT('',(1.57941659311711,2.25101162534588,-25.05));
#7712=CARTESIAN_POINT('Ctrl Pts',(1.57941659311711,2.25101162534588,-25.05));
#7713=CARTESIAN_POINT('Ctrl Pts',(1.50000006032917,2.14890465461853,-25.05));
#7714=CARTESIAN_POINT('Ctrl Pts',(1.41572129083994,1.84096299686939,-25.05));
#7715=CARTESIAN_POINT('Ctrl Pts',(1.41572129083994,1.6464735288173,-25.05));
#7716=CARTESIAN_POINT('',(1.57941659311711,2.25101162534588,-101.538529938886));
#7717=CARTESIAN_POINT('Ctrl Pts',(1.41572129083994,1.6464735288173,-101.538529938886));
#7718=CARTESIAN_POINT('Ctrl Pts',(1.41572129083994,1.6464735288173,118.748436285105));
#7719=CARTESIAN_POINT('Ctrl Pts',(1.41572129083994,1.25263235601182,-101.538529938886));
#7720=CARTESIAN_POINT('Ctrl Pts',(1.41572129083994,1.25263235601182,118.748436285105));
#7721=CARTESIAN_POINT('Ctrl Pts',(1.74635338652849,0.834479999699824,-101.538529938886));
#7722=CARTESIAN_POINT('Ctrl Pts',(1.74635338652849,0.834479999699824,118.748436285105));
#7723=CARTESIAN_POINT('Ctrl Pts',(2.02350087850272,0.834479999699824,-101.538529938886));
#7724=CARTESIAN_POINT('Ctrl Pts',(2.02350087850272,0.834479999699824,118.748436285105));
#7725=CARTESIAN_POINT('',(2.02350087850272,0.834479999699824,-25.05));
#7726=CARTESIAN_POINT('',(2.02350087850272,0.834479999699824,-101.538529938886));
#7727=CARTESIAN_POINT('Ctrl Pts',(1.41572129083994,1.6464735288173,-25.05));
#7728=CARTESIAN_POINT('Ctrl Pts',(1.41572129083994,1.25263235601182,-25.05));
#7729=CARTESIAN_POINT('Ctrl Pts',(1.74635338652849,0.834479999699824,-25.05));
#7730=CARTESIAN_POINT('Ctrl Pts',(2.02350087850272,0.834479999699824,-25.05));
#7731=CARTESIAN_POINT('Ctrl Pts',(2.02350087850272,0.834479999699824,-101.538529938886));
#7732=CARTESIAN_POINT('Ctrl Pts',(2.02350087850272,0.834479999699824,118.748436285105));
#7733=CARTESIAN_POINT('Ctrl Pts',(2.30064837047694,0.834479999699824,-101.538529938886));
#7734=CARTESIAN_POINT('Ctrl Pts',(2.30064837047694,0.834479999699824,118.748436285105));
#7735=CARTESIAN_POINT('Ctrl Pts',(2.6296597205984,1.25263235601182,-101.538529938886));
#7736=CARTESIAN_POINT('Ctrl Pts',(2.6296597205984,1.25263235601182,118.748436285105));
#7737=CARTESIAN_POINT('Ctrl Pts',(2.6296597205984,1.6464735288173,-101.538529938886));
#7738=CARTESIAN_POINT('Ctrl Pts',(2.6296597205984,1.6464735288173,118.748436285105));
#7739=CARTESIAN_POINT('',(2.6296597205984,1.6464735288173,-25.05));
#7740=CARTESIAN_POINT('',(2.6296597205984,1.6464735288173,-101.538529938886));
#7741=CARTESIAN_POINT('Ctrl Pts',(2.02350087850272,0.834479999699824,-25.05));
#7742=CARTESIAN_POINT('Ctrl Pts',(2.30064837047694,0.834479999699824,-25.05));
#7743=CARTESIAN_POINT('Ctrl Pts',(2.6296597205984,1.25263235601182,-25.05));
#7744=CARTESIAN_POINT('Ctrl Pts',(2.6296597205984,1.6464735288173,-25.05));
#7745=CARTESIAN_POINT('Ctrl Pts',(2.02188013293562,2.68861292846308,-101.538529938886));
#7746=CARTESIAN_POINT('Ctrl Pts',(2.02188013293562,2.68861292846308,118.748436285105));
#7747=CARTESIAN_POINT('Ctrl Pts',(1.82090768261512,2.68861292846308,-101.538529938886));
#7748=CARTESIAN_POINT('Ctrl Pts',(1.82090768261512,2.68861292846308,118.748436285105));
#7749=CARTESIAN_POINT('Ctrl Pts',(1.49513782362787,2.55084955525952,-101.538529938886));
#7750=CARTESIAN_POINT('Ctrl Pts',(1.49513782362787,2.55084955525952,118.748436285105));
#7751=CARTESIAN_POINT('Ctrl Pts',(1.37844414279662,2.41794841875726,-101.538529938886));
#7752=CARTESIAN_POINT('Ctrl Pts',(1.37844414279662,2.41794841875726,118.748436285105));
#7753=CARTESIAN_POINT('',(2.02188013293562,2.68861292846308,-101.538529938886));
#7754=CARTESIAN_POINT('',(1.37844414279662,2.41794841875726,-101.538529938886));
#7755=CARTESIAN_POINT('Ctrl Pts',(2.66693686864171,2.41794841875726,-101.538529938886));
#7756=CARTESIAN_POINT('Ctrl Pts',(2.66693686864171,2.41794841875726,118.748436285105));
#7757=CARTESIAN_POINT('Ctrl Pts',(2.55348467894466,2.54598731855821,-101.538529938886));
#7758=CARTESIAN_POINT('Ctrl Pts',(2.55348467894466,2.54598731855821,118.748436285105));
#7759=CARTESIAN_POINT('Ctrl Pts',(2.22609407439031,2.68861292846308,-101.538529938886));
#7760=CARTESIAN_POINT('Ctrl Pts',(2.22609407439031,2.68861292846308,118.748436285105));
#7761=CARTESIAN_POINT('Ctrl Pts',(2.02188013293562,2.68861292846308,-101.538529938886));
#7762=CARTESIAN_POINT('Ctrl Pts',(2.02188013293562,2.68861292846308,118.748436285105));
#7763=CARTESIAN_POINT('',(2.66693686864171,2.41794841875726,-101.538529938886));
#7764=CARTESIAN_POINT('Ctrl Pts',(2.90680721257262,1.6464735288173,-101.538529938886));
#7765=CARTESIAN_POINT('Ctrl Pts',(2.90680721257262,1.6464735288173,118.748436285105));
#7766=CARTESIAN_POINT('Ctrl Pts',(2.90680721257262,1.89606834615081,-101.538529938886));
#7767=CARTESIAN_POINT('Ctrl Pts',(2.90680721257262,1.89606834615081,118.748436285105));
#7768=CARTESIAN_POINT('Ctrl Pts',(2.78038905833877,2.285047282255,-101.538529938886));
#7769=CARTESIAN_POINT('Ctrl Pts',(2.78038905833877,2.285047282255,118.748436285105));
#7770=CARTESIAN_POINT('Ctrl Pts',(2.66693686864171,2.41794841875726,-101.538529938886));
#7771=CARTESIAN_POINT('Ctrl Pts',(2.66693686864171,2.41794841875726,118.748436285105));
#7772=CARTESIAN_POINT('',(2.90680721257262,1.6464735288173,-101.538529938886));
#7773=CARTESIAN_POINT('Ctrl Pts',(2.66693686864171,0.876619384444446,-101.538529938886));
#7774=CARTESIAN_POINT('Ctrl Pts',(2.66693686864171,0.876619384444446,118.748436285105));
#7775=CARTESIAN_POINT('Ctrl Pts',(2.78363054947297,1.00952052094671,-101.538529938886));
#7776=CARTESIAN_POINT('Ctrl Pts',(2.78363054947297,1.00952052094671,118.748436285105));
#7777=CARTESIAN_POINT('Ctrl Pts',(2.90680721257262,1.40336169375219,-101.538529938886));
#7778=CARTESIAN_POINT('Ctrl Pts',(2.90680721257262,1.40336169375219,118.748436285105));
#7779=CARTESIAN_POINT('Ctrl Pts',(2.90680721257262,1.6464735288173,-101.538529938886));
#7780=CARTESIAN_POINT('Ctrl Pts',(2.90680721257262,1.6464735288173,118.748436285105));
#7781=CARTESIAN_POINT('',(2.66693686864171,0.876619384444446,-101.538529938886));
#7782=CARTESIAN_POINT('Ctrl Pts',(2.02350087850272,2.45846705793478,-101.538529938886));
#7783=CARTESIAN_POINT('Ctrl Pts',(2.02350087850272,2.45846705793478,118.748436285105));
#7784=CARTESIAN_POINT('Ctrl Pts',(1.87925452303075,2.45846705793478,-101.538529938886));
#7785=CARTESIAN_POINT('Ctrl Pts',(1.87925452303075,2.45846705793478,118.748436285105));
#7786=CARTESIAN_POINT('Ctrl Pts',(1.66207461703925,2.35798083277453,-101.538529938886));
#7787=CARTESIAN_POINT('Ctrl Pts',(1.66207461703925,2.35798083277453,118.748436285105));
#7788=CARTESIAN_POINT('Ctrl Pts',(1.57941659311711,2.25101162534588,-101.538529938886));
#7789=CARTESIAN_POINT('Ctrl Pts',(1.57941659311711,2.25101162534588,118.748436285105));
#7790=CARTESIAN_POINT('',(2.02350087850272,2.45846705793478,-25.05));
#7791=CARTESIAN_POINT('Ctrl Pts',(2.02350087850272,2.45846705793478,-25.05));
#7792=CARTESIAN_POINT('Ctrl Pts',(1.87925452303075,2.45846705793478,-25.05));
#7793=CARTESIAN_POINT('Ctrl Pts',(1.66207461703925,2.35798083277453,-25.05));
#7794=CARTESIAN_POINT('Ctrl Pts',(1.57941659311711,2.25101162534588,-25.05));
#7795=CARTESIAN_POINT('',(2.02350087850272,2.45846705793478,-101.538529938886));
#7796=CARTESIAN_POINT('Ctrl Pts',(2.46596441832122,2.25101162534588,-101.538529938886));
#7797=CARTESIAN_POINT('Ctrl Pts',(2.46596441832122,2.25101162534588,118.748436285105));
#7798=CARTESIAN_POINT('Ctrl Pts',(2.38654788553328,2.35473934164033,-101.538529938886));
#7799=CARTESIAN_POINT('Ctrl Pts',(2.38654788553328,2.35473934164033,118.748436285105));
#7800=CARTESIAN_POINT('Ctrl Pts',(2.16288499727338,2.45846705793478,-101.538529938886));
#7801=CARTESIAN_POINT('Ctrl Pts',(2.16288499727338,2.45846705793478,118.748436285105));
#7802=CARTESIAN_POINT('Ctrl Pts',(2.02350087850272,2.45846705793478,-101.538529938886));
#7803=CARTESIAN_POINT('Ctrl Pts',(2.02350087850272,2.45846705793478,118.748436285105));
#7804=CARTESIAN_POINT('',(2.46596441832122,2.25101162534588,-25.05));
#7805=CARTESIAN_POINT('Ctrl Pts',(2.46596441832122,2.25101162534588,-25.05));
#7806=CARTESIAN_POINT('Ctrl Pts',(2.38654788553328,2.35473934164033,-25.05));
#7807=CARTESIAN_POINT('Ctrl Pts',(2.16288499727338,2.45846705793478,-25.05));
#7808=CARTESIAN_POINT('Ctrl Pts',(2.02350087850272,2.45846705793478,-25.05));
#7809=CARTESIAN_POINT('',(2.46596441832122,2.25101162534588,-101.538529938886));
#7810=CARTESIAN_POINT('Ctrl Pts',(2.6296597205984,1.6464735288173,-101.538529938886));
#7811=CARTESIAN_POINT('Ctrl Pts',(2.6296597205984,1.6464735288173,118.748436285105));
#7812=CARTESIAN_POINT('Ctrl Pts',(2.6296597205984,1.84420448800359,-101.538529938886));
#7813=CARTESIAN_POINT('Ctrl Pts',(2.6296597205984,1.84420448800359,118.748436285105));
#7814=CARTESIAN_POINT('Ctrl Pts',(2.54376020554206,2.15052540018563,-101.538529938886));
#7815=CARTESIAN_POINT('Ctrl Pts',(2.54376020554206,2.15052540018563,118.748436285105));
#7816=CARTESIAN_POINT('Ctrl Pts',(2.46596441832122,2.25101162534588,-101.538529938886));
#7817=CARTESIAN_POINT('Ctrl Pts',(2.46596441832122,2.25101162534588,118.748436285105));
#7818=CARTESIAN_POINT('Ctrl Pts',(2.6296597205984,1.6464735288173,-25.05));
#7819=CARTESIAN_POINT('Ctrl Pts',(2.6296597205984,1.84420448800359,-25.05));
#7820=CARTESIAN_POINT('Ctrl Pts',(2.54376020554206,2.15052540018563,-25.05));
#7821=CARTESIAN_POINT('Ctrl Pts',(2.46596441832122,2.25101162534588,-25.05));
#7822=CARTESIAN_POINT('Ctrl Pts',(2.02188013293562,0.604334129171518,-101.538529938886));
#7823=CARTESIAN_POINT('Ctrl Pts',(2.02188013293562,0.604334129171518,118.748436285105));
#7824=CARTESIAN_POINT('Ctrl Pts',(2.21799034655481,0.604334129171518,-101.538529938886));
#7825=CARTESIAN_POINT('Ctrl Pts',(2.21799034655481,0.604334129171518,118.748436285105));
#7826=CARTESIAN_POINT('Ctrl Pts',(2.54376020554206,0.737235265673779,-101.538529938886));
#7827=CARTESIAN_POINT('Ctrl Pts',(2.54376020554206,0.737235265673779,118.748436285105));
#7828=CARTESIAN_POINT('Ctrl Pts',(2.66693686864171,0.876619384444446,-101.538529938886));
#7829=CARTESIAN_POINT('Ctrl Pts',(2.66693686864171,0.876619384444446,118.748436285105));
#7830=CARTESIAN_POINT('',(2.02188013293562,0.604334129171518,-101.538529938886));
#7831=CARTESIAN_POINT('Ctrl Pts',(1.37682339722952,0.876619384444446,-101.538529938886));
#7832=CARTESIAN_POINT('Ctrl Pts',(1.37682339722952,0.876619384444446,118.748436285105));
#7833=CARTESIAN_POINT('Ctrl Pts',(1.49513782362787,0.742097502375083,-101.538529938886));
#7834=CARTESIAN_POINT('Ctrl Pts',(1.49513782362787,0.742097502375083,118.748436285105));
#7835=CARTESIAN_POINT('Ctrl Pts',(1.81928693704802,0.604334129171518,-101.538529938886));
#7836=CARTESIAN_POINT('Ctrl Pts',(1.81928693704802,0.604334129171518,118.748436285105));
#7837=CARTESIAN_POINT('Ctrl Pts',(2.02188013293562,0.604334129171518,-101.538529938886));
#7838=CARTESIAN_POINT('Ctrl Pts',(2.02188013293562,0.604334129171518,118.748436285105));
#7839=CARTESIAN_POINT('',(1.37682339722952,0.876619384444446,-101.538529938886));
#7840=CARTESIAN_POINT('Ctrl Pts',(1.13857379886571,1.6464735288173,-101.538529938886));
#7841=CARTESIAN_POINT('Ctrl Pts',(1.13857379886571,1.6464735288173,118.748436285105));
#7842=CARTESIAN_POINT('Ctrl Pts',(1.13857379886571,1.40012020261798,-101.538529938886));
#7843=CARTESIAN_POINT('Ctrl Pts',(1.13857379886571,1.40012020261798,118.748436285105));
#7844=CARTESIAN_POINT('Ctrl Pts',(1.26175046196537,1.00952052094671,-101.538529938886));
#7845=CARTESIAN_POINT('Ctrl Pts',(1.26175046196537,1.00952052094671,118.748436285105));
#7846=CARTESIAN_POINT('Ctrl Pts',(1.37682339722952,0.876619384444446,-101.538529938886));
#7847=CARTESIAN_POINT('Ctrl Pts',(1.37682339722952,0.876619384444446,118.748436285105));
#7848=CARTESIAN_POINT('',(1.13857379886571,1.6464735288173,-101.538529938886));
#7849=CARTESIAN_POINT('Ctrl Pts',(1.37844414279662,2.41794841875726,-101.538529938886));
#7850=CARTESIAN_POINT('Ctrl Pts',(1.37844414279662,2.41794841875726,118.748436285105));
#7851=CARTESIAN_POINT('Ctrl Pts',(1.26337120753246,2.28018504555369,-101.538529938886));
#7852=CARTESIAN_POINT('Ctrl Pts',(1.26337120753246,2.28018504555369,118.748436285105));
#7853=CARTESIAN_POINT('Ctrl Pts',(1.13857379886571,1.89768909171792,-101.538529938886));
#7854=CARTESIAN_POINT('Ctrl Pts',(1.13857379886571,1.89768909171792,118.748436285105));
#7855=CARTESIAN_POINT('Ctrl Pts',(1.13857379886571,1.6464735288173,-101.538529938886));
#7856=CARTESIAN_POINT('Ctrl Pts',(1.13857379886571,1.6464735288173,118.748436285105));
#7857=CARTESIAN_POINT('Origin',(0.,0.,-24.85));
#7858=CARTESIAN_POINT('',(3.44651548641717,2.37094679731134,-24.85));
#7859=CARTESIAN_POINT('',(4.33144256605418,0.646473513916139,-24.85));
#7860=CARTESIAN_POINT('',(4.01131260526749,1.27031651442354,-24.85));
#7861=CARTESIAN_POINT('',(4.62965975040072,0.646473513916139,-24.85));
#7862=CARTESIAN_POINT('',(2.31482987520036,0.646473513916139,-24.85));
#7863=CARTESIAN_POINT('',(4.62965975040072,2.64647354371846,-24.85));
#7864=CARTESIAN_POINT('',(4.62965975040072,1.32323677185923,-24.85));
#7865=CARTESIAN_POINT('',(4.3816856786343,2.64647354371846,-24.85));
#7866=CARTESIAN_POINT('',(2.19084283931715,2.64647354371846,-24.85));
#7867=CARTESIAN_POINT('',(4.3816856786343,1.06300512466103,-24.85));
#7868=CARTESIAN_POINT('',(4.3816856786343,0.531502562330515,-24.85));
#7869=CARTESIAN_POINT('',(3.57617513178523,2.64647354371846,-24.85));
#7870=CARTESIAN_POINT('',(3.74333508387276,2.31787138438342,-24.85));
#7871=CARTESIAN_POINT('',(3.19854141465076,2.64647354371846,-24.85));
#7872=CARTESIAN_POINT('',(1.59927070732538,2.64647354371846,-24.85));
#7873=CARTESIAN_POINT('',(3.19854141465076,0.646473513916139,-24.85));
#7874=CARTESIAN_POINT('',(3.19854141465076,0.32323675695807,-24.85));
#7875=CARTESIAN_POINT('',(3.44651548641717,0.646473513916139,-24.85));
#7876=CARTESIAN_POINT('',(1.72325774320859,0.646473513916139,-24.85));
#7877=CARTESIAN_POINT('',(3.44651548641717,1.18547339865567,-24.85));
#7878=CARTESIAN_POINT('Origin',(4.3816856786343,1.06300512466103,-101.538529938886));
#7879=CARTESIAN_POINT('',(4.3816856786343,2.64647354371846,-101.538529938886));
#7880=CARTESIAN_POINT('',(4.3816856786343,1.06300512466103,-101.538529938886));
#7881=CARTESIAN_POINT('Origin',(4.3816856786343,2.64647354371846,-101.538529938886));
#7882=CARTESIAN_POINT('',(4.62965975040072,2.64647354371846,-101.538529938886));
#7883=CARTESIAN_POINT('Origin',(4.62965975040072,2.64647354371846,-101.538529938886));
#7884=CARTESIAN_POINT('',(4.62965975040072,0.646473513916139,-101.538529938886));
#7885=CARTESIAN_POINT('Origin',(4.62965975040072,0.646473513916139,-101.538529938886));
#7886=CARTESIAN_POINT('',(4.33144256605418,0.646473513916139,-101.538529938886));
#7887=CARTESIAN_POINT('Origin',(4.33144256605418,0.646473513916139,-101.538529938886));
#7888=CARTESIAN_POINT('',(3.44651548641717,2.37094679731134,-101.538529938886));
#7889=CARTESIAN_POINT('Origin',(3.44651548641717,2.37094679731134,-101.538529938886));
#7890=CARTESIAN_POINT('',(3.44651548641717,0.646473513916139,-101.538529938886));
#7891=CARTESIAN_POINT('Origin',(3.44651548641717,0.646473513916139,-101.538529938886));
#7892=CARTESIAN_POINT('',(3.19854141465076,0.646473513916139,-101.538529938886));
#7893=CARTESIAN_POINT('Origin',(3.19854141465076,0.646473513916139,-101.538529938886));
#7894=CARTESIAN_POINT('',(3.19854141465076,2.64647354371846,-101.538529938886));
#7895=CARTESIAN_POINT('Origin',(3.19854141465076,2.64647354371846,-101.538529938886));
#7896=CARTESIAN_POINT('',(3.57617513178523,2.64647354371846,-101.538529938886));
#7897=CARTESIAN_POINT('Origin',(3.57617513178523,2.64647354371846,-101.538529938886));
#7898=CARTESIAN_POINT('Origin',(0.,0.,-24.85));
#7899=CARTESIAN_POINT('',(5.49513788323252,0.646473513916139,-24.85));
#7900=CARTESIAN_POINT('',(6.20340369605555,0.806927325059115,-24.85));
#7901=CARTESIAN_POINT('Ctrl Pts',(5.49513788323252,0.646473513916139,-24.85));
#7902=CARTESIAN_POINT('Ctrl Pts',(5.65721243994259,0.646473513916139,-24.85));
#7903=CARTESIAN_POINT('Ctrl Pts',(5.79038370070604,0.657278484363478,-24.85));
#7904=CARTESIAN_POINT('Ctrl Pts',(5.99891963033967,0.700498366152832,-24.85));
#7905=CARTESIAN_POINT('Ctrl Pts',(6.10183697385057,0.743177999419819,-24.85));
#7906=CARTESIAN_POINT('Ctrl Pts',(6.20340369605555,0.806927325059115,-24.85));
#7907=CARTESIAN_POINT('',(6.61183157896493,1.6448527832502,-24.85));
#7908=CARTESIAN_POINT('Ctrl Pts',(6.20340369605555,0.806927325059115,-24.85));
#7909=CARTESIAN_POINT('Ctrl Pts',(6.32766085619994,0.889045100458884,-24.85));
#7910=CARTESIAN_POINT('Ctrl Pts',(6.42679646005427,1.00357778720067,-24.85));
#7911=CARTESIAN_POINT('Ctrl Pts',(6.5748245551828,1.29747298336827,-24.85));
#7912=CARTESIAN_POINT('Ctrl Pts',(6.61183157896493,1.46224878269018,-24.85));
#7913=CARTESIAN_POINT('Ctrl Pts',(6.61183157896493,1.6448527832502,-24.85));
#7914=CARTESIAN_POINT('',(6.20664518718975,2.48764047814259,-24.85));
#7915=CARTESIAN_POINT('Ctrl Pts',(6.61183157896493,1.6448527832502,-24.85));
#7916=CARTESIAN_POINT('Ctrl Pts',(6.61183157896493,1.83934225130229,-24.85));
#7917=CARTESIAN_POINT('Ctrl Pts',(6.5764453007499,2.00708941749722,-24.85));
#7918=CARTESIAN_POINT('Ctrl Pts',(6.43490018788977,2.28909914617275,-24.85));
#7919=CARTESIAN_POINT('Ctrl Pts',(6.33522433551307,2.40228121160862,-24.85));
#7920=CARTESIAN_POINT('Ctrl Pts',(6.20664518718975,2.48764047814259,-24.85));
#7921=CARTESIAN_POINT('',(5.49027564653121,2.64647354371846,-24.85));
#7922=CARTESIAN_POINT('Ctrl Pts',(6.20664518718975,2.48764047814259,-24.85));
#7923=CARTESIAN_POINT('Ctrl Pts',(6.13101039405838,2.53734334220034,-24.85));
#7924=CARTESIAN_POINT('Ctrl Pts',(6.03970839377837,2.57624123581076,-24.85));
#7925=CARTESIAN_POINT('Ctrl Pts',(5.82576997892107,2.63242708213692,-24.85));
#7926=CARTESIAN_POINT('Ctrl Pts',(5.6782821323149,2.64647354371846,-24.85));
#7927=CARTESIAN_POINT('Ctrl Pts',(5.49027564653121,2.64647354371846,-24.85));
#7928=CARTESIAN_POINT('',(5.03484614217591,2.64647354371846,-24.85));
#7929=CARTESIAN_POINT('',(2.51742307108795,2.64647354371846,-24.85));
#7930=CARTESIAN_POINT('',(5.03484614217591,0.646473513916139,-24.85));
#7931=CARTESIAN_POINT('',(5.03484614217591,0.32323675695807,-24.85));
#7932=CARTESIAN_POINT('',(2.74756894161626,0.646473513916139,-24.85));
#7933=CARTESIAN_POINT('',(6.33468408699071,1.6480942743844,-24.85));
#7934=CARTESIAN_POINT('',(6.05591584944938,1.00952052094671,-24.85));
#7935=CARTESIAN_POINT('Ctrl Pts',(6.33468408699071,1.6480942743844,-24.85));
#7936=CARTESIAN_POINT('Ctrl Pts',(6.33468408699071,1.49250269994273,-24.85));
#7937=CARTESIAN_POINT('Ctrl Pts',(6.31145340052893,1.36284305457467,-24.85));
#7938=CARTESIAN_POINT('Ctrl Pts',(6.21853065468182,1.15538762198577,-24.85));
#7939=CARTESIAN_POINT('Ctrl Pts',(6.14883859529649,1.07218934954127,-24.85));
#7940=CARTESIAN_POINT('Ctrl Pts',(6.05591584944938,1.00952052094671,-24.85));
#7941=CARTESIAN_POINT('',(5.50324161106802,0.876619384444446,-24.85));
#7942=CARTESIAN_POINT('Ctrl Pts',(6.05591584944938,1.00952052094671,-24.85));
#7943=CARTESIAN_POINT('Ctrl Pts',(5.98352254745221,0.958737159844216,-24.85));
#7944=CARTESIAN_POINT('Ctrl Pts',(5.90275539335836,0.92389113015155,-24.85));
#7945=CARTESIAN_POINT('Ctrl Pts',(5.72447338097728,0.886073733585867,-24.85));
#7946=CARTESIAN_POINT('Ctrl Pts',(5.62101578894401,0.876619384444446,-24.85));
#7947=CARTESIAN_POINT('Ctrl Pts',(5.50324161106802,0.876619384444446,-24.85));
#7948=CARTESIAN_POINT('',(5.30064841518043,0.876619384444446,-24.85));
#7949=CARTESIAN_POINT('',(2.75162080553401,0.876619384444446,-24.85));
#7950=CARTESIAN_POINT('',(5.30064841518043,2.41632767319016,-24.85));
#7951=CARTESIAN_POINT('',(5.30064841518043,0.438309692222223,-24.85));
#7952=CARTESIAN_POINT('',(5.50324161106802,2.41632767319016,-24.85));
#7953=CARTESIAN_POINT('',(2.65032420759021,2.41632767319016,-24.85));
#7954=CARTESIAN_POINT('',(6.03160466594287,2.2963925012247,-24.85));
#7955=CARTESIAN_POINT('Ctrl Pts',(5.50324161106802,2.41632767319016,-24.85));
#7956=CARTESIAN_POINT('Ctrl Pts',(5.62317678303348,2.41632767319016,-24.85));
#7957=CARTESIAN_POINT('Ctrl Pts',(5.72339288393254,2.40687332404873,-24.85));
#7958=CARTESIAN_POINT('Ctrl Pts',(5.88438694359788,2.36905592748305,-24.85));
#7959=CARTESIAN_POINT('Ctrl Pts',(5.96029186099043,2.33853188596932,-24.85));
#7960=CARTESIAN_POINT('Ctrl Pts',(6.03160466594287,2.2963925012247,-24.85));
#7961=CARTESIAN_POINT('Ctrl Pts',(6.03160466594287,2.2963925012247,-24.85));
#7962=CARTESIAN_POINT('Ctrl Pts',(6.13209089110311,2.23480416967487,-24.85));
#7963=CARTESIAN_POINT('Ctrl Pts',(6.20772568423448,2.14971502740208,-24.85));
#7964=CARTESIAN_POINT('Ctrl Pts',(6.30929240643946,1.93253512141058,-24.85));
#7965=CARTESIAN_POINT('Ctrl Pts',(6.33468408699071,1.80152485473661,-24.85));
#7966=CARTESIAN_POINT('Ctrl Pts',(6.33468408699071,1.6480942743844,-24.85));
#7967=CARTESIAN_POINT('Origin',(5.30064841518043,0.876619384444446,-101.538529938886));
#7968=CARTESIAN_POINT('',(5.30064841518043,0.876619384444446,-25.05));
#7969=CARTESIAN_POINT('',(5.30064841518043,0.876619384444446,-101.538529938886));
#7970=CARTESIAN_POINT('',(5.30064841518043,2.41632767319016,-25.05));
#7971=CARTESIAN_POINT('',(5.30064841518043,0.438309692222223,-25.05));
#7972=CARTESIAN_POINT('',(5.30064841518043,2.41632767319016,-101.538529938886));
#7973=CARTESIAN_POINT('Origin',(5.50324161106802,0.876619384444446,-101.538529938886));
#7974=CARTESIAN_POINT('',(5.50324161106802,0.876619384444446,-25.05));
#7975=CARTESIAN_POINT('',(5.50324161106802,0.876619384444446,-101.538529938886));
#7976=CARTESIAN_POINT('',(2.75162080553401,0.876619384444446,-25.05));
#7977=CARTESIAN_POINT('Ctrl Pts',(5.50324161106802,0.876619384444446,-101.538529938886));
#7978=CARTESIAN_POINT('Ctrl Pts',(5.50324161106802,0.876619384444446,118.748436285105));
#7979=CARTESIAN_POINT('Ctrl Pts',(5.67990287788201,0.876619384444446,-101.538529938886));
#7980=CARTESIAN_POINT('Ctrl Pts',(5.67990287788201,0.876619384444446,118.748436285105));
#7981=CARTESIAN_POINT('Ctrl Pts',(5.94732589645363,0.933345479292971,-101.538529938886));
#7982=CARTESIAN_POINT('Ctrl Pts',(5.94732589645363,0.933345479292971,118.748436285105));
#7983=CARTESIAN_POINT('Ctrl Pts',(6.05591584944938,1.00952052094671,-101.538529938886));
#7984=CARTESIAN_POINT('Ctrl Pts',(6.05591584944938,1.00952052094671,118.748436285105));
#7985=CARTESIAN_POINT('',(6.05591584944938,1.00952052094671,-25.05));
#7986=CARTESIAN_POINT('',(6.05591584944938,1.00952052094671,-101.538529938886));
#7987=CARTESIAN_POINT('Ctrl Pts',(5.50324161106802,0.876619384444446,-25.05));
#7988=CARTESIAN_POINT('Ctrl Pts',(5.67990287788201,0.876619384444446,-25.05));
#7989=CARTESIAN_POINT('Ctrl Pts',(5.94732589645363,0.933345479292971,-25.05));
#7990=CARTESIAN_POINT('Ctrl Pts',(6.05591584944938,1.00952052094671,-25.05));
#7991=CARTESIAN_POINT('Ctrl Pts',(6.05591584944938,1.00952052094671,-101.538529938886));
#7992=CARTESIAN_POINT('Ctrl Pts',(6.05591584944938,1.00952052094671,118.748436285105));
#7993=CARTESIAN_POINT('Ctrl Pts',(6.19529996822004,1.10352376383855,-101.538529938886));
#7994=CARTESIAN_POINT('Ctrl Pts',(6.19529996822004,1.10352376383855,118.748436285105));
#7995=CARTESIAN_POINT('Ctrl Pts',(6.33468408699071,1.41470691272189,-101.538529938886));
#7996=CARTESIAN_POINT('Ctrl Pts',(6.33468408699071,1.41470691272189,118.748436285105));
#7997=CARTESIAN_POINT('Ctrl Pts',(6.33468408699071,1.6480942743844,-101.538529938886));
#7998=CARTESIAN_POINT('Ctrl Pts',(6.33468408699071,1.6480942743844,118.748436285105));
#7999=CARTESIAN_POINT('',(6.33468408699071,1.6480942743844,-25.05));
#8000=CARTESIAN_POINT('',(6.33468408699071,1.6480942743844,-101.538529938886));
#8001=CARTESIAN_POINT('Ctrl Pts',(6.05591584944938,1.00952052094671,-25.05));
#8002=CARTESIAN_POINT('Ctrl Pts',(6.19529996822004,1.10352376383855,-25.05));
#8003=CARTESIAN_POINT('Ctrl Pts',(6.33468408699071,1.41470691272189,-25.05));
#8004=CARTESIAN_POINT('Ctrl Pts',(6.33468408699071,1.6480942743844,-25.05));
#8005=CARTESIAN_POINT('Ctrl Pts',(6.20664518718975,2.48764047814259,-101.538529938886));
#8006=CARTESIAN_POINT('Ctrl Pts',(6.20664518718975,2.48764047814259,118.748436285105));
#8007=CARTESIAN_POINT('Ctrl Pts',(6.09319299749269,2.56219477422922,-101.538529938886));
#8008=CARTESIAN_POINT('Ctrl Pts',(6.09319299749269,2.56219477422922,118.748436285105));
#8009=CARTESIAN_POINT('Ctrl Pts',(5.77228537520675,2.64647354371846,-101.538529938886));
#8010=CARTESIAN_POINT('Ctrl Pts',(5.77228537520675,2.64647354371846,118.748436285105));
#8011=CARTESIAN_POINT('Ctrl Pts',(5.49027564653121,2.64647354371846,-101.538529938886));
#8012=CARTESIAN_POINT('Ctrl Pts',(5.49027564653121,2.64647354371846,118.748436285105));
#8013=CARTESIAN_POINT('',(6.20664518718975,2.48764047814259,-101.538529938886));
#8014=CARTESIAN_POINT('',(5.49027564653121,2.64647354371846,-101.538529938886));
#8015=CARTESIAN_POINT('Ctrl Pts',(6.61183157896493,1.6448527832502,-101.538529938886));
#8016=CARTESIAN_POINT('Ctrl Pts',(6.61183157896493,1.6448527832502,118.748436285105));
#8017=CARTESIAN_POINT('Ctrl Pts',(6.61183157896493,1.93658698532833,-101.538529938886));
#8018=CARTESIAN_POINT('Ctrl Pts',(6.61183157896493,1.93658698532833,118.748436285105));
#8019=CARTESIAN_POINT('Ctrl Pts',(6.39951390967474,2.35960157834163,-101.538529938886));
#8020=CARTESIAN_POINT('Ctrl Pts',(6.39951390967474,2.35960157834163,118.748436285105));
#8021=CARTESIAN_POINT('Ctrl Pts',(6.20664518718975,2.48764047814259,-101.538529938886));
#8022=CARTESIAN_POINT('Ctrl Pts',(6.20664518718975,2.48764047814259,118.748436285105));
#8023=CARTESIAN_POINT('',(6.61183157896493,1.6448527832502,-101.538529938886));
#8024=CARTESIAN_POINT('Ctrl Pts',(6.20340369605555,0.806927325059115,-101.538529938886));
#8025=CARTESIAN_POINT('Ctrl Pts',(6.20340369605555,0.806927325059115,118.748436285105));
#8026=CARTESIAN_POINT('Ctrl Pts',(6.38978943627213,0.930103988158768,-101.538529938886));
#8027=CARTESIAN_POINT('Ctrl Pts',(6.38978943627213,0.930103988158768,118.748436285105));
#8028=CARTESIAN_POINT('Ctrl Pts',(6.61183157896493,1.37094678241017,-101.538529938886));
#8029=CARTESIAN_POINT('Ctrl Pts',(6.61183157896493,1.37094678241017,118.748436285105));
#8030=CARTESIAN_POINT('Ctrl Pts',(6.61183157896493,1.6448527832502,-101.538529938886));
#8031=CARTESIAN_POINT('Ctrl Pts',(6.61183157896493,1.6448527832502,118.748436285105));
#8032=CARTESIAN_POINT('',(6.20340369605555,0.806927325059115,-101.538529938886));
#8033=CARTESIAN_POINT('Ctrl Pts',(5.49513788323252,0.646473513916139,-101.538529938886));
#8034=CARTESIAN_POINT('Ctrl Pts',(5.49513788323252,0.646473513916139,118.748436285105));
#8035=CARTESIAN_POINT('Ctrl Pts',(5.73824971829763,0.646473513916139,-101.538529938886));
#8036=CARTESIAN_POINT('Ctrl Pts',(5.73824971829763,0.646473513916139,118.748436285105));
#8037=CARTESIAN_POINT('Ctrl Pts',(6.05105361274808,0.711303336600171,-101.538529938886));
#8038=CARTESIAN_POINT('Ctrl Pts',(6.05105361274808,0.711303336600171,118.748436285105));
#8039=CARTESIAN_POINT('Ctrl Pts',(6.20340369605555,0.806927325059115,-101.538529938886));
#8040=CARTESIAN_POINT('Ctrl Pts',(6.20340369605555,0.806927325059115,118.748436285105));
#8041=CARTESIAN_POINT('',(5.49513788323252,0.646473513916139,-101.538529938886));
#8042=CARTESIAN_POINT('Origin',(5.30064841518043,2.41632767319016,-101.538529938886));
#8043=CARTESIAN_POINT('',(5.50324161106802,2.41632767319016,-25.05));
#8044=CARTESIAN_POINT('',(2.65032420759021,2.41632767319016,-25.05));
#8045=CARTESIAN_POINT('',(5.50324161106802,2.41632767319016,-101.538529938886));
#8046=CARTESIAN_POINT('Ctrl Pts',(6.03160466594287,2.2963925012247,-101.538529938886));
#8047=CARTESIAN_POINT('Ctrl Pts',(6.03160466594287,2.2963925012247,118.748436285105));
#8048=CARTESIAN_POINT('Ctrl Pts',(5.92463545851422,2.35960157834163,-101.538529938886));
#8049=CARTESIAN_POINT('Ctrl Pts',(5.92463545851422,2.35960157834163,118.748436285105));
#8050=CARTESIAN_POINT('Ctrl Pts',(5.6831443690162,2.41632767319016,-101.538529938886));
#8051=CARTESIAN_POINT('Ctrl Pts',(5.6831443690162,2.41632767319016,118.748436285105));
#8052=CARTESIAN_POINT('Ctrl Pts',(5.50324161106802,2.41632767319016,-101.538529938886));
#8053=CARTESIAN_POINT('Ctrl Pts',(5.50324161106802,2.41632767319016,118.748436285105));
#8054=CARTESIAN_POINT('',(6.03160466594287,2.2963925012247,-25.05));
#8055=CARTESIAN_POINT('Ctrl Pts',(6.03160466594287,2.2963925012247,-25.05));
#8056=CARTESIAN_POINT('Ctrl Pts',(5.92463545851422,2.35960157834163,-25.05));
#8057=CARTESIAN_POINT('Ctrl Pts',(5.6831443690162,2.41632767319016,-25.05));
#8058=CARTESIAN_POINT('Ctrl Pts',(5.50324161106802,2.41632767319016,-25.05));
#8059=CARTESIAN_POINT('',(6.03160466594287,2.2963925012247,-101.538529938886));
#8060=CARTESIAN_POINT('Ctrl Pts',(6.33468408699071,1.6480942743844,-101.538529938886));
#8061=CARTESIAN_POINT('Ctrl Pts',(6.33468408699071,1.6480942743844,118.748436285105));
#8062=CARTESIAN_POINT('Ctrl Pts',(6.33468408699071,1.87824014491271,-101.538529938886));
#8063=CARTESIAN_POINT('Ctrl Pts',(6.33468408699071,1.87824014491271,118.748436285105));
#8064=CARTESIAN_POINT('Ctrl Pts',(6.18233400368324,2.20401000389996,-101.538529938886));
#8065=CARTESIAN_POINT('Ctrl Pts',(6.18233400368324,2.20401000389996,118.748436285105));
#8066=CARTESIAN_POINT('Ctrl Pts',(6.03160466594287,2.2963925012247,-101.538529938886));
#8067=CARTESIAN_POINT('Ctrl Pts',(6.03160466594287,2.2963925012247,118.748436285105));
#8068=CARTESIAN_POINT('Ctrl Pts',(6.33468408699071,1.6480942743844,-25.05));
#8069=CARTESIAN_POINT('Ctrl Pts',(6.33468408699071,1.87824014491271,-25.05));
#8070=CARTESIAN_POINT('Ctrl Pts',(6.18233400368324,2.20401000389996,-25.05));
#8071=CARTESIAN_POINT('Ctrl Pts',(6.03160466594287,2.2963925012247,-25.05));
#8072=CARTESIAN_POINT('Origin',(5.49513788323252,0.646473513916139,-101.538529938886));
#8073=CARTESIAN_POINT('',(5.03484614217591,0.646473513916139,-101.538529938886));
#8074=CARTESIAN_POINT('Origin',(5.03484614217591,0.646473513916139,-101.538529938886));
#8075=CARTESIAN_POINT('',(5.03484614217591,2.64647354371846,-101.538529938886));
#8076=CARTESIAN_POINT('Origin',(5.03484614217591,2.64647354371846,-101.538529938886));
#8077=CARTESIAN_POINT('Origin',(0.,0.,-24.85));
#8078=CARTESIAN_POINT('',(-4.62236649322066,-2.44225965814311,-24.85));
#8079=CARTESIAN_POINT('',(-4.62236649322066,-2.64647359959781,-24.85));
#8080=CARTESIAN_POINT('',(-4.62236649322066,-1.3232367997989,-24.85));
#8081=CARTESIAN_POINT('',(-3.64667766182601,-2.64647359959781,-24.85));
#8082=CARTESIAN_POINT('',(-1.823338830913,-2.64647359959781,-24.85));
#8083=CARTESIAN_POINT('',(-3.64667766182601,-2.44225965814311,-24.85));
#8084=CARTESIAN_POINT('',(-3.64667766182601,-1.22112982907156,-24.85));
#8085=CARTESIAN_POINT('',(-4.00162094102107,-2.44225965814311,-24.85));
#8086=CARTESIAN_POINT('',(-2.00081047051054,-2.44225965814311,-24.85));
#8087=CARTESIAN_POINT('',(-4.00162094102107,-0.639990587527084,-24.85));
#8088=CARTESIAN_POINT('',(-4.00162094102107,-0.319995293763542,-24.85));
#8089=CARTESIAN_POINT('',(-4.20907637360997,-0.639990587527084,-24.85));
#8090=CARTESIAN_POINT('',(-2.10453818680498,-0.639990587527084,-24.85));
#8091=CARTESIAN_POINT('',(-4.62236649322066,-0.918758825068409,-24.85));
#8092=CARTESIAN_POINT('Ctrl Pts',(-4.20907637360997,-0.639990587527084,
-24.85));
#8093=CARTESIAN_POINT('Ctrl Pts',(-4.21772034996784,-0.748040292000465,
-24.85));
#8094=CARTESIAN_POINT('Ctrl Pts',(-4.25445724948879,-0.821514091042365,
-24.85));
#8095=CARTESIAN_POINT('Ctrl Pts',(-4.38411689485685,-0.8993098782632,-24.85));
#8096=CARTESIAN_POINT('Ctrl Pts',(-4.48514336853946,-0.918758825068409,
-24.85));
#8097=CARTESIAN_POINT('Ctrl Pts',(-4.62236649322066,-0.918758825068409,
-24.85));
#8098=CARTESIAN_POINT('',(-4.62236649322066,-1.10190307415079,-24.85));
#8099=CARTESIAN_POINT('',(-4.62236649322066,-0.550951537075397,-24.85));
#8100=CARTESIAN_POINT('',(-4.25931948619009,-1.10190307415079,-24.85));
#8101=CARTESIAN_POINT('',(-2.12965974309505,-1.10190307415079,-24.85));
#8102=CARTESIAN_POINT('',(-4.25931948619009,-2.44225965814311,-24.85));
#8103=CARTESIAN_POINT('',(-4.25931948619009,-1.22112982907156,-24.85));
#8104=CARTESIAN_POINT('',(-2.31118324661033,-2.44225965814311,-24.85));
#8105=CARTESIAN_POINT('Origin',(-4.20907637360997,-0.639990587527084,-101.538529938886));
#8106=CARTESIAN_POINT('',(-4.00162094102107,-0.639990587527084,-101.538529938886));
#8107=CARTESIAN_POINT('',(-4.20907637360997,-0.639990587527084,-101.538529938886));
#8108=CARTESIAN_POINT('Origin',(-4.00162094102107,-0.639990587527084,-101.538529938886));
#8109=CARTESIAN_POINT('',(-4.00162094102107,-2.44225965814311,-101.538529938886));
#8110=CARTESIAN_POINT('Origin',(-4.00162094102107,-2.44225965814311,-101.538529938886));
#8111=CARTESIAN_POINT('',(-3.64667766182601,-2.44225965814311,-101.538529938886));
#8112=CARTESIAN_POINT('Origin',(-3.64667766182601,-2.44225965814311,-101.538529938886));
#8113=CARTESIAN_POINT('',(-3.64667766182601,-2.64647359959781,-101.538529938886));
#8114=CARTESIAN_POINT('Origin',(-3.64667766182601,-2.64647359959781,-101.538529938886));
#8115=CARTESIAN_POINT('',(-4.62236649322066,-2.64647359959781,-101.538529938886));
#8116=CARTESIAN_POINT('Origin',(-4.62236649322066,-2.64647359959781,-101.538529938886));
#8117=CARTESIAN_POINT('',(-4.62236649322066,-2.44225965814311,-101.538529938886));
#8118=CARTESIAN_POINT('Origin',(-4.62236649322066,-2.44225965814311,-101.538529938886));
#8119=CARTESIAN_POINT('',(-4.25931948619009,-2.44225965814311,-101.538529938886));
#8120=CARTESIAN_POINT('Origin',(-4.25931948619009,-2.44225965814311,-101.538529938886));
#8121=CARTESIAN_POINT('',(-4.25931948619009,-1.10190307415079,-101.538529938886));
#8122=CARTESIAN_POINT('Origin',(-4.25931948619009,-1.10190307415079,-101.538529938886));
#8123=CARTESIAN_POINT('',(-4.62236649322066,-1.10190307415079,-101.538529938886));
#8124=CARTESIAN_POINT('Origin',(-4.62236649322066,-1.10190307415079,-101.538529938886));
#8125=CARTESIAN_POINT('',(-4.62236649322066,-0.918758825068409,-101.538529938886));
#8126=CARTESIAN_POINT('Ctrl Pts',(-4.20907637360997,-0.639990587527084,
-101.538529938886));
#8127=CARTESIAN_POINT('Ctrl Pts',(-4.20907637360997,-0.639990587527084,
118.748436285105));
#8128=CARTESIAN_POINT('Ctrl Pts',(-4.22204233814677,-0.802065144237156,
-101.538529938886));
#8129=CARTESIAN_POINT('Ctrl Pts',(-4.22204233814677,-0.802065144237156,
118.748436285105));
#8130=CARTESIAN_POINT('Ctrl Pts',(-4.41653180619886,-0.918758825068409,
-101.538529938886));
#8131=CARTESIAN_POINT('Ctrl Pts',(-4.41653180619886,-0.918758825068409,
118.748436285105));
#8132=CARTESIAN_POINT('Ctrl Pts',(-4.62236649322066,-0.918758825068409,
-101.538529938886));
#8133=CARTESIAN_POINT('Ctrl Pts',(-4.62236649322066,-0.918758825068409,
118.748436285105));
#8134=CARTESIAN_POINT('Origin',(0.,0.,-24.85));
#8135=CARTESIAN_POINT('',(-2.73419790754829,-2.68861298434243,-24.85));
#8136=CARTESIAN_POINT('',(-2.24311200071676,-2.49250277072324,-24.85));
#8137=CARTESIAN_POINT('Ctrl Pts',(-2.73419790754829,-2.68861298434243,-24.85));
#8138=CARTESIAN_POINT('Ctrl Pts',(-2.63047019125384,-2.68861298434243,-24.85));
#8139=CARTESIAN_POINT('Ctrl Pts',(-2.53673707262318,-2.6710549073655,-24.85));
#8140=CARTESIAN_POINT('Ctrl Pts',(-2.36926003068944,-2.6008225994578,-24.85));
#8141=CARTESIAN_POINT('Ctrl Pts',(-2.29929784704292,-2.55301060522833,-24.85));
#8142=CARTESIAN_POINT('Ctrl Pts',(-2.24311200071676,-2.49250277072324,-24.85));
#8143=CARTESIAN_POINT('',(-2.06645073390278,-2.01114133729432,-24.85));
#8144=CARTESIAN_POINT('Ctrl Pts',(-2.24311200071676,-2.49250277072324,-24.85));
#8145=CARTESIAN_POINT('Ctrl Pts',(-2.1869261543906,-2.43199493621814,-24.85));
#8146=CARTESIAN_POINT('Ctrl Pts',(-2.14343614834006,-2.36068213126571,-24.85));
#8147=CARTESIAN_POINT('Ctrl Pts',(-2.08184781679024,-2.19644658046617,-24.85));
#8148=CARTESIAN_POINT('Ctrl Pts',(-2.06645073390278,-2.10730557427563,-24.85));
#8149=CARTESIAN_POINT('Ctrl Pts',(-2.06645073390278,-2.01114133729432,-24.85));
#8150=CARTESIAN_POINT('',(-2.27228542092457,-1.52815915829829,-24.85));
#8151=CARTESIAN_POINT('Ctrl Pts',(-2.06645073390278,-2.01114133729432,-24.85));
#8152=CARTESIAN_POINT('Ctrl Pts',(-2.06645073390278,-1.89012566828413,-24.85));
#8153=CARTESIAN_POINT('Ctrl Pts',(-2.08427893514089,-1.79180043721335,-24.85));
#8154=CARTESIAN_POINT('Ctrl Pts',(-2.15559174009332,-1.64053085095061,-24.85));
#8155=CARTESIAN_POINT('Ctrl Pts',(-2.20637510119581,-1.57786202235605,-24.85));
#8156=CARTESIAN_POINT('Ctrl Pts',(-2.27228542092457,-1.52815915829829,-24.85));
#8157=CARTESIAN_POINT('',(-2.73581865311539,-1.40336174963153,-24.85));
#8158=CARTESIAN_POINT('Ctrl Pts',(-2.27228542092457,-1.52815915829829,-24.85));
#8159=CARTESIAN_POINT('Ctrl Pts',(-2.3371152436086,-1.47845629424054,-24.85));
#8160=CARTESIAN_POINT('Ctrl Pts',(-2.40491643316565,-1.44523101011497,-24.85));
#8161=CARTESIAN_POINT('Ctrl Pts',(-2.54646154602578,-1.41173560172822,-24.85));
#8162=CARTESIAN_POINT('Ctrl Pts',(-2.63317143386567,-1.40336174963153,-24.85));
#8163=CARTESIAN_POINT('Ctrl Pts',(-2.73581865311539,-1.40336174963153,-24.85));
#8164=CARTESIAN_POINT('',(-2.91734215663067,-1.41470696860124,-24.85));
#8165=CARTESIAN_POINT('Ctrl Pts',(-2.73581865311539,-1.40336174963153,-24.85));
#8166=CARTESIAN_POINT('Ctrl Pts',(-2.761750582189,-1.40336174963153,-24.85));
#8167=CARTESIAN_POINT('Ctrl Pts',(-2.79038375387445,-1.40417212241508,-24.85));
#8168=CARTESIAN_POINT('Ctrl Pts',(-2.85305258246901,-1.40741361354929,-24.85));
#8169=CARTESIAN_POINT('Ctrl Pts',(-2.88492724528866,-1.4103849804223,-24.85));
#8170=CARTESIAN_POINT('Ctrl Pts',(-2.91734215663067,-1.41470696860124,-24.85));
#8171=CARTESIAN_POINT('',(-2.91734215663067,-0.881481677025091,-24.85));
#8172=CARTESIAN_POINT('',(-2.91734215663067,-0.440740838512546,-24.85));
#8173=CARTESIAN_POINT('',(-2.07779595287249,-0.881481677025091,-24.85));
#8174=CARTESIAN_POINT('',(-1.03889797643624,-0.881481677025091,-24.85));
#8175=CARTESIAN_POINT('',(-2.07779595287249,-0.646473569795485,-24.85));
#8176=CARTESIAN_POINT('',(-2.07779595287249,-0.323236784897742,-24.85));
#8177=CARTESIAN_POINT('',(-3.17504070179969,-0.646473569795485,-24.85));
#8178=CARTESIAN_POINT('',(-1.58752035089984,-0.646473569795485,-24.85));
#8179=CARTESIAN_POINT('',(-3.17504070179969,-1.67726775047156,-24.85));
#8180=CARTESIAN_POINT('',(-3.17504070179969,-0.838633875235779,-24.85));
#8181=CARTESIAN_POINT('',(-2.77957878342711,-1.62864538345854,-24.85));
#8182=CARTESIAN_POINT('Ctrl Pts',(-3.17504070179969,-1.67726775047156,-24.85));
#8183=CARTESIAN_POINT('Ctrl Pts',(-3.1307403229656,-1.66754327706896,-24.85));
#8184=CARTESIAN_POINT('Ctrl Pts',(-3.07212335828879,-1.6570084308828,-24.85));
#8185=CARTESIAN_POINT('Ctrl Pts',(-2.92625625724973,-1.63431799294339,-24.85));
#8186=CARTESIAN_POINT('Ctrl Pts',(-2.85305258246901,-1.62864538345854,-24.85));
#8187=CARTESIAN_POINT('Ctrl Pts',(-2.77957878342711,-1.62864538345854,-24.85));
#8188=CARTESIAN_POINT('',(-2.45218817887276,-1.72102788078328,-24.85));
#8189=CARTESIAN_POINT('Ctrl Pts',(-2.77957878342711,-1.62864538345854,-24.85));
#8190=CARTESIAN_POINT('Ctrl Pts',(-2.71150746960888,-1.62864538345854,-24.85));
#8191=CARTESIAN_POINT('Ctrl Pts',(-2.64937888953668,-1.63566861424931,-24.85));
#8192=CARTESIAN_POINT('Ctrl Pts',(-2.53700719688436,-1.66376153741239,-24.85));
#8193=CARTESIAN_POINT('Ctrl Pts',(-2.49000557543844,-1.68753247239653,-24.85));
#8194=CARTESIAN_POINT('Ctrl Pts',(-2.45218817887276,-1.72102788078328,-24.85));
#8195=CARTESIAN_POINT('',(-2.3387359891757,-2.00952059172721,-24.85));
#8196=CARTESIAN_POINT('Ctrl Pts',(-2.45218817887276,-1.72102788078328,-24.85));
#8197=CARTESIAN_POINT('Ctrl Pts',(-2.41545127935181,-1.75128179803583,-24.85));
#8198=CARTESIAN_POINT('Ctrl Pts',(-2.38735835618873,-1.78909919460151,-24.85));
#8199=CARTESIAN_POINT('Ctrl Pts',(-2.34846046257831,-1.87986094635915,-24.85));
#8200=CARTESIAN_POINT('Ctrl Pts',(-2.3387359891757,-1.93820778677478,-24.85));
#8201=CARTESIAN_POINT('Ctrl Pts',(-2.3387359891757,-2.00952059172721,-24.85));
#8202=CARTESIAN_POINT('',(-2.44084295990305,-2.33529045071446,-24.85));
#8203=CARTESIAN_POINT('Ctrl Pts',(-2.3387359891757,-2.00952059172721,-24.85));
#8204=CARTESIAN_POINT('Ctrl Pts',(-2.3387359891757,-2.08083339667965,-24.85));
#8205=CARTESIAN_POINT('Ctrl Pts',(-2.34737996553358,-2.14296197675184,-24.85));
#8206=CARTESIAN_POINT('Ctrl Pts',(-2.38195587096506,-2.24885068713576,-24.85));
#8207=CARTESIAN_POINT('Ctrl Pts',(-2.4073475515163,-2.29531206005931,-24.85));
#8208=CARTESIAN_POINT('Ctrl Pts',(-2.44084295990305,-2.33529045071446,-24.85));
#8209=CARTESIAN_POINT('',(-2.72933567084698,-2.45684636824702,-24.85));
#8210=CARTESIAN_POINT('Ctrl Pts',(-2.44084295990305,-2.33529045071446,-24.85));
#8211=CARTESIAN_POINT('Ctrl Pts',(-2.477579859424,-2.37742983545908,-24.85));
#8212=CARTESIAN_POINT('Ctrl Pts',(-2.52133998973572,-2.408224001234,-24.85));
#8213=CARTESIAN_POINT('Ctrl Pts',(-2.6229067119407,-2.44712189484442,-24.85));
#8214=CARTESIAN_POINT('Ctrl Pts',(-2.67531081861029,-2.45684636824702,-24.85));
#8215=CARTESIAN_POINT('Ctrl Pts',(-2.72933567084698,-2.45684636824702,-24.85));
#8216=CARTESIAN_POINT('',(-3.02269061849222,-2.39849952783139,-24.85));
#8217=CARTESIAN_POINT('Ctrl Pts',(-2.72933567084698,-2.45684636824702,-24.85));
#8218=CARTESIAN_POINT('Ctrl Pts',(-2.78444102012841,-2.45684636824702,-24.85));
#8219=CARTESIAN_POINT('Ctrl Pts',(-2.83387375992498,-2.45171400728453,-24.85));
#8220=CARTESIAN_POINT('Ctrl Pts',(-2.92139402054842,-2.43118456343459,-24.85));
#8221=CARTESIAN_POINT('Ctrl Pts',(-2.96974626330026,-2.41686797759187,-24.85));
#8222=CARTESIAN_POINT('Ctrl Pts',(-3.02269061849222,-2.39849952783139,-24.85));
#8223=CARTESIAN_POINT('',(-3.23824977891662,-2.29153032040274,-24.85));
#8224=CARTESIAN_POINT('Ctrl Pts',(-3.02269061849222,-2.39849952783139,-24.85));
#8225=CARTESIAN_POINT('Ctrl Pts',(-3.06915199141578,-2.38121157511565,-24.85));
#8226=CARTESIAN_POINT('Ctrl Pts',(-3.11156150042158,-2.36284312535518,-24.85));
#8227=CARTESIAN_POINT('Ctrl Pts',(-3.18827679059768,-2.32394523174476,-24.85));
#8228=CARTESIAN_POINT('Ctrl Pts',(-3.21772033506668,-2.30665727902902,-24.85));
#8229=CARTESIAN_POINT('Ctrl Pts',(-3.23824977891662,-2.29153032040274,-24.85));
#8230=CARTESIAN_POINT('',(-3.25769872572183,-2.29153032040274,-24.85));
#8231=CARTESIAN_POINT('',(-1.62884936286091,-2.29153032040274,-24.85));
#8232=CARTESIAN_POINT('',(-3.25769872572183,-2.57516079464537,-24.85));
#8233=CARTESIAN_POINT('',(-3.25769872572183,-1.28758039732269,-24.85));
#8234=CARTESIAN_POINT('Ctrl Pts',(-3.25769872572183,-2.57516079464537,-24.85));
#8235=CARTESIAN_POINT('Ctrl Pts',(-3.1896274119036,-2.60865620303212,-24.85));
#8236=CARTESIAN_POINT('Ctrl Pts',(-3.10913038207093,-2.63593875341165,-24.85));
#8237=CARTESIAN_POINT('Ctrl Pts',(-2.92328489037671,-2.67807813815627,-24.85));
#8238=CARTESIAN_POINT('Ctrl Pts',(-2.82928164748486,-2.68861298434243,-24.85));
#8239=CARTESIAN_POINT('Ctrl Pts',(-2.73419790754829,-2.68861298434243,-24.85));
#8240=CARTESIAN_POINT('Origin',(-3.17504070179969,-1.67726775047156,-101.538529938886));
#8241=CARTESIAN_POINT('',(-3.17504070179969,-0.646473569795485,-101.538529938886));
#8242=CARTESIAN_POINT('',(-3.17504070179969,-1.67726775047156,-101.538529938886));
#8243=CARTESIAN_POINT('Origin',(-3.17504070179969,-0.646473569795485,-101.538529938886));
#8244=CARTESIAN_POINT('',(-2.07779595287249,-0.646473569795485,-101.538529938886));
#8245=CARTESIAN_POINT('Origin',(-2.07779595287249,-0.646473569795485,-101.538529938886));
#8246=CARTESIAN_POINT('',(-2.07779595287249,-0.881481677025091,-101.538529938886));
#8247=CARTESIAN_POINT('Origin',(-2.07779595287249,-0.881481677025091,-101.538529938886));
#8248=CARTESIAN_POINT('',(-2.91734215663067,-0.881481677025091,-101.538529938886));
#8249=CARTESIAN_POINT('Origin',(-2.91734215663067,-0.881481677025091,-101.538529938886));
#8250=CARTESIAN_POINT('',(-2.91734215663067,-1.41470696860124,-101.538529938886));
#8251=CARTESIAN_POINT('Ctrl Pts',(-2.73581865311539,-1.40336174963153,-101.538529938886));
#8252=CARTESIAN_POINT('Ctrl Pts',(-2.73581865311539,-1.40336174963153,118.748436285105));
#8253=CARTESIAN_POINT('Ctrl Pts',(-2.77471654672581,-1.40336174963153,-101.538529938886));
#8254=CARTESIAN_POINT('Ctrl Pts',(-2.77471654672581,-1.40336174963153,118.748436285105));
#8255=CARTESIAN_POINT('Ctrl Pts',(-2.86871978961765,-1.40822398633284,-101.538529938886));
#8256=CARTESIAN_POINT('Ctrl Pts',(-2.86871978961765,-1.40822398633284,118.748436285105));
#8257=CARTESIAN_POINT('Ctrl Pts',(-2.91734215663067,-1.41470696860124,-101.538529938886));
#8258=CARTESIAN_POINT('Ctrl Pts',(-2.91734215663067,-1.41470696860124,118.748436285105));
#8259=CARTESIAN_POINT('',(-2.73581865311539,-1.40336174963153,-101.538529938886));
#8260=CARTESIAN_POINT('Ctrl Pts',(-2.27228542092457,-1.52815915829829,-101.538529938886));
#8261=CARTESIAN_POINT('Ctrl Pts',(-2.27228542092457,-1.52815915829829,118.748436285105));
#8262=CARTESIAN_POINT('Ctrl Pts',(-2.36953015495062,-1.45360486221166,-101.538529938886));
#8263=CARTESIAN_POINT('Ctrl Pts',(-2.36953015495062,-1.45360486221166,118.748436285105));
#8264=CARTESIAN_POINT('Ctrl Pts',(-2.58184782424082,-1.40336174963153,-101.538529938886));
#8265=CARTESIAN_POINT('Ctrl Pts',(-2.58184782424082,-1.40336174963153,118.748436285105));
#8266=CARTESIAN_POINT('Ctrl Pts',(-2.73581865311539,-1.40336174963153,-101.538529938886));
#8267=CARTESIAN_POINT('Ctrl Pts',(-2.73581865311539,-1.40336174963153,118.748436285105));
#8268=CARTESIAN_POINT('',(-2.27228542092457,-1.52815915829829,-101.538529938886));
#8269=CARTESIAN_POINT('Ctrl Pts',(-2.06645073390278,-2.01114133729432,-101.538529938886));
#8270=CARTESIAN_POINT('Ctrl Pts',(-2.06645073390278,-2.01114133729432,118.748436285105));
#8271=CARTESIAN_POINT('Ctrl Pts',(-2.06645073390278,-1.82961783377903,-101.538529938886));
#8272=CARTESIAN_POINT('Ctrl Pts',(-2.06645073390278,-1.82961783377903,118.748436285105));
#8273=CARTESIAN_POINT('Ctrl Pts',(-2.17341994133143,-1.60271345438493,-101.538529938886));
#8274=CARTESIAN_POINT('Ctrl Pts',(-2.17341994133143,-1.60271345438493,118.748436285105));
#8275=CARTESIAN_POINT('Ctrl Pts',(-2.27228542092457,-1.52815915829829,-101.538529938886));
#8276=CARTESIAN_POINT('Ctrl Pts',(-2.27228542092457,-1.52815915829829,118.748436285105));
#8277=CARTESIAN_POINT('',(-2.06645073390278,-2.01114133729432,-101.538529938886));
#8278=CARTESIAN_POINT('Ctrl Pts',(-2.24311200071676,-2.49250277072324,-101.538529938886));
#8279=CARTESIAN_POINT('Ctrl Pts',(-2.24311200071676,-2.49250277072324,118.748436285105));
#8280=CARTESIAN_POINT('Ctrl Pts',(-2.15883323122752,-2.40174101896559,-101.538529938886));
#8281=CARTESIAN_POINT('Ctrl Pts',(-2.15883323122752,-2.40174101896559,118.748436285105));
#8282=CARTESIAN_POINT('Ctrl Pts',(-2.06645073390278,-2.15538769276628,-101.538529938886));
#8283=CARTESIAN_POINT('Ctrl Pts',(-2.06645073390278,-2.15538769276628,118.748436285105));
#8284=CARTESIAN_POINT('Ctrl Pts',(-2.06645073390278,-2.01114133729432,-101.538529938886));
#8285=CARTESIAN_POINT('Ctrl Pts',(-2.06645073390278,-2.01114133729432,118.748436285105));
#8286=CARTESIAN_POINT('',(-2.24311200071676,-2.49250277072324,-101.538529938886));
#8287=CARTESIAN_POINT('Ctrl Pts',(-2.73419790754829,-2.68861298434243,-101.538529938886));
#8288=CARTESIAN_POINT('Ctrl Pts',(-2.73419790754829,-2.68861298434243,118.748436285105));
#8289=CARTESIAN_POINT('Ctrl Pts',(-2.57860633310661,-2.68861298434243,-101.538529938886));
#8290=CARTESIAN_POINT('Ctrl Pts',(-2.57860633310661,-2.68861298434243,118.748436285105));
#8291=CARTESIAN_POINT('Ctrl Pts',(-2.327390770206,-2.58326452248088,-101.538529938886));
#8292=CARTESIAN_POINT('Ctrl Pts',(-2.327390770206,-2.58326452248088,118.748436285105));
#8293=CARTESIAN_POINT('Ctrl Pts',(-2.24311200071676,-2.49250277072324,-101.538529938886));
#8294=CARTESIAN_POINT('Ctrl Pts',(-2.24311200071676,-2.49250277072324,118.748436285105));
#8295=CARTESIAN_POINT('',(-2.73419790754829,-2.68861298434243,-101.538529938886));
#8296=CARTESIAN_POINT('Ctrl Pts',(-3.25769872572183,-2.57516079464537,-101.538529938886));
#8297=CARTESIAN_POINT('Ctrl Pts',(-3.25769872572183,-2.57516079464537,118.748436285105));
#8298=CARTESIAN_POINT('Ctrl Pts',(-3.15559175499448,-2.6254039072255,-101.538529938886));
#8299=CARTESIAN_POINT('Ctrl Pts',(-3.15559175499448,-2.6254039072255,118.748436285105));
#8300=CARTESIAN_POINT('Ctrl Pts',(-2.87682351745315,-2.68861298434243,-101.538529938886));
#8301=CARTESIAN_POINT('Ctrl Pts',(-2.87682351745315,-2.68861298434243,118.748436285105));
#8302=CARTESIAN_POINT('Ctrl Pts',(-2.73419790754829,-2.68861298434243,-101.538529938886));
#8303=CARTESIAN_POINT('Ctrl Pts',(-2.73419790754829,-2.68861298434243,118.748436285105));
#8304=CARTESIAN_POINT('',(-3.25769872572183,-2.57516079464537,-101.538529938886));
#8305=CARTESIAN_POINT('Origin',(-3.25769872572183,-2.57516079464537,-101.538529938886));
#8306=CARTESIAN_POINT('',(-3.25769872572183,-2.29153032040274,-101.538529938886));
#8307=CARTESIAN_POINT('Origin',(-3.25769872572183,-2.29153032040274,-101.538529938886));
#8308=CARTESIAN_POINT('',(-3.23824977891662,-2.29153032040274,-101.538529938886));
#8309=CARTESIAN_POINT('Ctrl Pts',(-3.02269061849222,-2.39849952783139,-101.538529938886));
#8310=CARTESIAN_POINT('Ctrl Pts',(-3.02269061849222,-2.39849952783139,118.748436285105));
#8311=CARTESIAN_POINT('Ctrl Pts',(-3.09238267787755,-2.37256759875778,-101.538529938886));
#8312=CARTESIAN_POINT('Ctrl Pts',(-3.09238267787755,-2.37256759875778,118.748436285105));
#8313=CARTESIAN_POINT('Ctrl Pts',(-3.20745561314171,-2.31422075834216,-101.538529938886));
#8314=CARTESIAN_POINT('Ctrl Pts',(-3.20745561314171,-2.31422075834216,118.748436285105));
#8315=CARTESIAN_POINT('Ctrl Pts',(-3.23824977891662,-2.29153032040274,-101.538529938886));
#8316=CARTESIAN_POINT('Ctrl Pts',(-3.23824977891662,-2.29153032040274,118.748436285105));
#8317=CARTESIAN_POINT('',(-3.02269061849222,-2.39849952783139,-101.538529938886));
#8318=CARTESIAN_POINT('Ctrl Pts',(-2.72933567084698,-2.45684636824702,-101.538529938886));
#8319=CARTESIAN_POINT('Ctrl Pts',(-2.72933567084698,-2.45684636824702,118.748436285105));
#8320=CARTESIAN_POINT('Ctrl Pts',(-2.81199369476912,-2.45684636824702,-101.538529938886));
#8321=CARTESIAN_POINT('Ctrl Pts',(-2.81199369476912,-2.45684636824702,118.748436285105));
#8322=CARTESIAN_POINT('Ctrl Pts',(-2.94327408570428,-2.4260522024721,-101.538529938886));
#8323=CARTESIAN_POINT('Ctrl Pts',(-2.94327408570428,-2.4260522024721,118.748436285105));
#8324=CARTESIAN_POINT('Ctrl Pts',(-3.02269061849222,-2.39849952783139,-101.538529938886));
#8325=CARTESIAN_POINT('Ctrl Pts',(-3.02269061849222,-2.39849952783139,118.748436285105));
#8326=CARTESIAN_POINT('',(-2.72933567084698,-2.45684636824702,-101.538529938886));
#8327=CARTESIAN_POINT('Ctrl Pts',(-2.44084295990305,-2.33529045071446,-101.538529938886));
#8328=CARTESIAN_POINT('Ctrl Pts',(-2.44084295990305,-2.33529045071446,118.748436285105));
#8329=CARTESIAN_POINT('Ctrl Pts',(-2.49594830918448,-2.39849952783139,-101.538529938886));
#8330=CARTESIAN_POINT('Ctrl Pts',(-2.49594830918448,-2.39849952783139,118.748436285105));
#8331=CARTESIAN_POINT('Ctrl Pts',(-2.64829839249195,-2.45684636824702,-101.538529938886));
#8332=CARTESIAN_POINT('Ctrl Pts',(-2.64829839249195,-2.45684636824702,118.748436285105));
#8333=CARTESIAN_POINT('Ctrl Pts',(-2.72933567084698,-2.45684636824702,-101.538529938886));
#8334=CARTESIAN_POINT('Ctrl Pts',(-2.72933567084698,-2.45684636824702,118.748436285105));
#8335=CARTESIAN_POINT('',(-2.44084295990305,-2.33529045071446,-101.538529938886));
#8336=CARTESIAN_POINT('Ctrl Pts',(-2.3387359891757,-2.00952059172721,-101.538529938886));
#8337=CARTESIAN_POINT('Ctrl Pts',(-2.3387359891757,-2.00952059172721,118.748436285105));
#8338=CARTESIAN_POINT('Ctrl Pts',(-2.3387359891757,-2.11648979915586,-101.538529938886));
#8339=CARTESIAN_POINT('Ctrl Pts',(-2.3387359891757,-2.11648979915586,118.748436285105));
#8340=CARTESIAN_POINT('Ctrl Pts',(-2.39059984732293,-2.27532286473174,-101.538529938886));
#8341=CARTESIAN_POINT('Ctrl Pts',(-2.39059984732293,-2.27532286473174,118.748436285105));
#8342=CARTESIAN_POINT('Ctrl Pts',(-2.44084295990305,-2.33529045071446,-101.538529938886));
#8343=CARTESIAN_POINT('Ctrl Pts',(-2.44084295990305,-2.33529045071446,118.748436285105));
#8344=CARTESIAN_POINT('',(-2.3387359891757,-2.00952059172721,-101.538529938886));
#8345=CARTESIAN_POINT('Ctrl Pts',(-2.45218817887276,-1.72102788078328,-101.538529938886));
#8346=CARTESIAN_POINT('Ctrl Pts',(-2.45218817887276,-1.72102788078328,118.748436285105));
#8347=CARTESIAN_POINT('Ctrl Pts',(-2.39708282959133,-1.7664087566621,-101.538529938886));
#8348=CARTESIAN_POINT('Ctrl Pts',(-2.39708282959133,-1.7664087566621,118.748436285105));
#8349=CARTESIAN_POINT('Ctrl Pts',(-2.3387359891757,-1.90255138429857,-101.538529938886));
#8350=CARTESIAN_POINT('Ctrl Pts',(-2.3387359891757,-1.90255138429857,118.748436285105));
#8351=CARTESIAN_POINT('Ctrl Pts',(-2.3387359891757,-2.00952059172721,-101.538529938886));
#8352=CARTESIAN_POINT('Ctrl Pts',(-2.3387359891757,-2.00952059172721,118.748436285105));
#8353=CARTESIAN_POINT('',(-2.45218817887276,-1.72102788078328,-101.538529938886));
#8354=CARTESIAN_POINT('Ctrl Pts',(-2.77957878342711,-1.62864538345854,-101.538529938886));
#8355=CARTESIAN_POINT('Ctrl Pts',(-2.77957878342711,-1.62864538345854,118.748436285105));
#8356=CARTESIAN_POINT('Ctrl Pts',(-2.67747181269976,-1.62864538345854,-101.538529938886));
#8357=CARTESIAN_POINT('Ctrl Pts',(-2.67747181269976,-1.62864538345854,118.748436285105));
#8358=CARTESIAN_POINT('Ctrl Pts',(-2.50891427372128,-1.67078476820316,-101.538529938886));
#8359=CARTESIAN_POINT('Ctrl Pts',(-2.50891427372128,-1.67078476820316,118.748436285105));
#8360=CARTESIAN_POINT('Ctrl Pts',(-2.45218817887276,-1.72102788078328,-101.538529938886));
#8361=CARTESIAN_POINT('Ctrl Pts',(-2.45218817887276,-1.72102788078328,118.748436285105));
#8362=CARTESIAN_POINT('',(-2.77957878342711,-1.62864538345854,-101.538529938886));
#8363=CARTESIAN_POINT('Ctrl Pts',(-3.17504070179969,-1.67726775047156,-101.538529938886));
#8364=CARTESIAN_POINT('Ctrl Pts',(-3.17504070179969,-1.67726775047156,118.748436285105));
#8365=CARTESIAN_POINT('Ctrl Pts',(-3.10859013354856,-1.66268104036766,-101.538529938886));
#8366=CARTESIAN_POINT('Ctrl Pts',(-3.10859013354856,-1.66268104036766,118.748436285105));
#8367=CARTESIAN_POINT('Ctrl Pts',(-2.88978948198996,-1.62864538345854,-101.538529938886));
#8368=CARTESIAN_POINT('Ctrl Pts',(-2.88978948198996,-1.62864538345854,118.748436285105));
#8369=CARTESIAN_POINT('Ctrl Pts',(-2.77957878342711,-1.62864538345854,-101.538529938886));
#8370=CARTESIAN_POINT('Ctrl Pts',(-2.77957878342711,-1.62864538345854,118.748436285105));
#8371=CARTESIAN_POINT('Origin',(0.,0.,-24.85));
#8372=CARTESIAN_POINT('',(-1.19773110993678,-0.605954930617965,-24.85));
#8373=CARTESIAN_POINT('',(-1.64505688645658,-0.793961416401654,-24.85));
#8374=CARTESIAN_POINT('Ctrl Pts',(-1.19773110993678,-0.605954930617965,
-24.85));
#8375=CARTESIAN_POINT('Ctrl Pts',(-1.27984888533655,-0.605954930617965,
-24.85));
#8376=CARTESIAN_POINT('Ctrl Pts',(-1.36115628795277,-0.622432510550156,
-24.85));
#8377=CARTESIAN_POINT('Ctrl Pts',(-1.52215034761811,-0.68834283027892,-24.85));
#8378=CARTESIAN_POINT('Ctrl Pts',(-1.58995153717516,-0.734534078941292,
-24.85));
#8379=CARTESIAN_POINT('Ctrl Pts',(-1.64505688645658,-0.793961416401654,
-24.85));
#8380=CARTESIAN_POINT('',(-1.83306337224027,-1.29639254220288,-24.85));
#8381=CARTESIAN_POINT('Ctrl Pts',(-1.64505688645658,-0.793961416401654,
-24.85));
#8382=CARTESIAN_POINT('Ctrl Pts',(-1.70340372687221,-0.855549747951481,
-24.85));
#8383=CARTESIAN_POINT('Ctrl Pts',(-1.7493248512734,-0.929023546993382,-24.85));
#8384=CARTESIAN_POINT('Ctrl Pts',(-1.8163156680469,-1.09974208006133,-24.85));
#8385=CARTESIAN_POINT('Ctrl Pts',(-1.83306337224027,-1.19374532295317,-24.85));
#8386=CARTESIAN_POINT('Ctrl Pts',(-1.83306337224027,-1.29639254220288,-24.85));
#8387=CARTESIAN_POINT('',(-1.61588346624877,-1.80692739583962,-24.85));
#8388=CARTESIAN_POINT('Ctrl Pts',(-1.83306337224027,-1.29639254220288,-24.85));
#8389=CARTESIAN_POINT('Ctrl Pts',(-1.83306337224027,-1.41416672007887,-24.85));
#8390=CARTESIAN_POINT('Ctrl Pts',(-1.8146949224798,-1.5149230695003,-24.85));
#8391=CARTESIAN_POINT('Ctrl Pts',(-1.74122112343789,-1.68240011143405,-24.85));
#8392=CARTESIAN_POINT('Ctrl Pts',(-1.6871962712012,-1.7518220465582,-24.85));
#8393=CARTESIAN_POINT('Ctrl Pts',(-1.61588346624877,-1.80692739583962,-24.85));
#8394=CARTESIAN_POINT('',(-1.23014602127879,-1.92524182223798,-24.85));
#8395=CARTESIAN_POINT('Ctrl Pts',(-1.61588346624877,-1.80692739583962,-24.85));
#8396=CARTESIAN_POINT('Ctrl Pts',(-1.55429513469894,-1.85338876876318,-24.85));
#8397=CARTESIAN_POINT('Ctrl Pts',(-1.4929769274103,-1.88472318306046,-24.85));
#8398=CARTESIAN_POINT('Ctrl Pts',(-1.37088076135538,-1.91713809440247,-24.85));
#8399=CARTESIAN_POINT('Ctrl Pts',(-1.30361982032069,-1.92524182223798,-24.85));
#8400=CARTESIAN_POINT('Ctrl Pts',(-1.23014602127879,-1.92524182223798,-24.85));
#8401=CARTESIAN_POINT('',(-0.8136144105339,-1.78585770346731,-24.85));
#8402=CARTESIAN_POINT('Ctrl Pts',(-1.23014602127879,-1.92524182223798,-24.85));
#8403=CARTESIAN_POINT('Ctrl Pts',(-1.15343073110269,-1.92524182223798,-24.85));
#8404=CARTESIAN_POINT('Ctrl Pts',(-1.08265817467262,-1.91416672752945,-24.85));
#8405=CARTESIAN_POINT('Ctrl Pts',(-0.952998529304566,-1.86986634869536,
-24.85));
#8406=CARTESIAN_POINT('Ctrl Pts',(-0.884927215486335,-1.83448007048033,
-24.85));
#8407=CARTESIAN_POINT('Ctrl Pts',(-0.8136144105339,-1.78585770346731,-24.85));
#8408=CARTESIAN_POINT('',(-1.39708281469017,-2.45360487711282,-24.85));
#8409=CARTESIAN_POINT('Ctrl Pts',(-0.8136144105339,-1.78585770346731,-24.85));
#8410=CARTESIAN_POINT('Ctrl Pts',(-0.827660872115441,-1.99979611832461,
-24.85));
#8411=CARTESIAN_POINT('Ctrl Pts',(-0.884657091225151,-2.16457191764652,
-24.85));
#8412=CARTESIAN_POINT('Ctrl Pts',(-1.08454904450091,-2.39579828521956,-24.85));
#8413=CARTESIAN_POINT('Ctrl Pts',(-1.22204229344329,-2.45360487711282,-24.85));
#8414=CARTESIAN_POINT('Ctrl Pts',(-1.39708281469017,-2.45360487711282,-24.85));
#8415=CARTESIAN_POINT('',(-1.64667763202369,-2.40012027339849,-24.85));
#8416=CARTESIAN_POINT('Ctrl Pts',(-1.39708281469017,-2.45360487711282,-24.85));
#8417=CARTESIAN_POINT('Ctrl Pts',(-1.44570518170319,-2.45360487711282,-24.85));
#8418=CARTESIAN_POINT('Ctrl Pts',(-1.49378730019385,-2.44793226762797,-24.85));
#8419=CARTESIAN_POINT('Ctrl Pts',(-1.58887104013043,-2.42524182968856,-24.85));
#8420=CARTESIAN_POINT('Ctrl Pts',(-1.62398719408428,-2.4130862379353,-24.85));
#8421=CARTESIAN_POINT('Ctrl Pts',(-1.64667763202369,-2.40012027339849,-24.85));
#8422=CARTESIAN_POINT('',(-1.65964359656049,-2.40012027339849,-24.85));
#8423=CARTESIAN_POINT('',(-0.829821798280246,-2.40012027339849,-24.85));
#8424=CARTESIAN_POINT('',(-1.65964359656049,-2.65781881856751,-24.85));
#8425=CARTESIAN_POINT('',(-1.65964359656049,-1.32890940928376,-24.85));
#8426=CARTESIAN_POINT('',(-1.43273921716639,-2.68537149320823,-24.85));
#8427=CARTESIAN_POINT('Ctrl Pts',(-1.65964359656049,-2.65781881856751,-24.85));
#8428=CARTESIAN_POINT('Ctrl Pts',(-1.62506769112901,-2.66862378901485,-24.85));
#8429=CARTESIAN_POINT('Ctrl Pts',(-1.58752041882451,-2.67591714406681,-24.85));
#8430=CARTESIAN_POINT('Ctrl Pts',(-1.50648314046947,-2.68348062337994,-24.85));
#8431=CARTESIAN_POINT('Ctrl Pts',(-1.4683956196426,-2.68537149320823,-24.85));
#8432=CARTESIAN_POINT('Ctrl Pts',(-1.43273921716639,-2.68537149320823,-24.85));
#8433=CARTESIAN_POINT('',(-0.756888315685376,-2.36608461648938,-24.85));
#8434=CARTESIAN_POINT('Ctrl Pts',(-1.43273921716639,-2.68537149320823,-24.85));
#8435=CARTESIAN_POINT('Ctrl Pts',(-1.27498664863525,-2.68537149320823,-24.85));
#8436=CARTESIAN_POINT('Ctrl Pts',(-1.14208551213299,-2.6580889428287,-24.85));
#8437=CARTESIAN_POINT('Ctrl Pts',(-0.92598610318622,-2.54895874131058,-24.85));
#8438=CARTESIAN_POINT('Ctrl Pts',(-0.833603605861478,-2.46981233278382,
-24.85));
#8439=CARTESIAN_POINT('Ctrl Pts',(-0.756888315685376,-2.36608461648938,
-24.85));
#8440=CARTESIAN_POINT('',(-0.536466918559673,-1.52653841273119,-24.85));
#8441=CARTESIAN_POINT('Ctrl Pts',(-0.756888315685376,-2.36608461648938,
-24.85));
#8442=CARTESIAN_POINT('Ctrl Pts',(-0.684495013688209,-2.2677593854186,-24.85));
#8443=CARTESIAN_POINT('Ctrl Pts',(-0.629659788667967,-2.14458272231894,
-24.85));
#8444=CARTESIAN_POINT('Ctrl Pts',(-0.555105492581331,-1.84852653206187,
-24.85));
#8445=CARTESIAN_POINT('Ctrl Pts',(-0.536466918559673,-1.69185446057547,
-24.85));
#8446=CARTESIAN_POINT('Ctrl Pts',(-0.536466918559673,-1.52653841273119,
-24.85));
#8447=CARTESIAN_POINT('',(-0.753646824551173,-0.785857688566147,-24.85));
#8448=CARTESIAN_POINT('Ctrl Pts',(-0.536466918559673,-1.52653841273119,
-24.85));
#8449=CARTESIAN_POINT('Ctrl Pts',(-0.536466918559673,-1.34393441217117,
-24.85));
#8450=CARTESIAN_POINT('Ctrl Pts',(-0.555375616842515,-1.1932050744308,-24.85));
#8451=CARTESIAN_POINT('Ctrl Pts',(-0.631010409973884,-0.95549572458936,
-24.85));
#8452=CARTESIAN_POINT('Ctrl Pts',(-0.684495013688209,-0.859331487608048,
-24.85));
#8453=CARTESIAN_POINT('Ctrl Pts',(-0.753646824551173,-0.785857688566147,
-24.85));
#8454=CARTESIAN_POINT('Ctrl Pts',(-0.753646824551173,-0.785857688566147,
-24.85));
#8455=CARTESIAN_POINT('Ctrl Pts',(-0.808752173832598,-0.727510848150523,
-24.85));
#8456=CARTESIAN_POINT('Ctrl Pts',(-0.873581996516628,-0.682940345055252,
-24.85));
#8457=CARTESIAN_POINT('Ctrl Pts',(-1.0226905886899,-0.621352013505422,-24.85));
#8458=CARTESIAN_POINT('Ctrl Pts',(-1.1058888611344,-0.605954930617965,-24.85));
#8459=CARTESIAN_POINT('Ctrl Pts',(-1.19773110993678,-0.605954930617965,
-24.85));
#8460=CARTESIAN_POINT('',(-0.807131428265497,-1.46657082674846,-24.85));
#8461=CARTESIAN_POINT('',(-0.811993664966801,-1.59298898098232,-24.85));
#8462=CARTESIAN_POINT('Ctrl Pts',(-0.807131428265497,-1.46657082674846,
-24.85));
#8463=CARTESIAN_POINT('Ctrl Pts',(-0.807131428265497,-1.49358325286681,
-24.85));
#8464=CARTESIAN_POINT('Ctrl Pts',(-0.807671676787864,-1.51816456063451,
-24.85));
#8465=CARTESIAN_POINT('Ctrl Pts',(-0.809832670877333,-1.56246493946859,
-24.85));
#8466=CARTESIAN_POINT('Ctrl Pts',(-0.810913167922067,-1.58002301644551,
-24.85));
#8467=CARTESIAN_POINT('Ctrl Pts',(-0.811993664966801,-1.59298898098232,
-24.85));
#8468=CARTESIAN_POINT('',(-1.17017843529607,-1.70319967954517,-24.85));
#8469=CARTESIAN_POINT('Ctrl Pts',(-0.811993664966801,-1.59298898098232,
-24.85));
#8470=CARTESIAN_POINT('Ctrl Pts',(-0.861696529024557,-1.62648438936907,
-24.85));
#8471=CARTESIAN_POINT('Ctrl Pts',(-0.919503120917816,-1.65322669122623,
-24.85));
#8472=CARTESIAN_POINT('Ctrl Pts',(-1.05132376037534,-1.69320508188138,-24.85));
#8473=CARTESIAN_POINT('Ctrl Pts',(-1.11291209192517,-1.70319967954517,-24.85));
#8474=CARTESIAN_POINT('Ctrl Pts',(-1.17017843529607,-1.70319967954517,-24.85));
#8475=CARTESIAN_POINT('',(-1.42463548933088,-1.63350762015984,-24.85));
#8476=CARTESIAN_POINT('Ctrl Pts',(-1.17017843529607,-1.70319967954517,-24.85));
#8477=CARTESIAN_POINT('Ctrl Pts',(-1.21988129935382,-1.70319967954517,-24.85));
#8478=CARTESIAN_POINT('Ctrl Pts',(-1.26607254801619,-1.69860756710505,-24.85));
#8479=CARTESIAN_POINT('Ctrl Pts',(-1.35143181455016,-1.68023911734458,-24.85));
#8480=CARTESIAN_POINT('Ctrl Pts',(-1.3900595838994,-1.66160054332292,-24.85));
#8481=CARTESIAN_POINT('Ctrl Pts',(-1.42463548933088,-1.63350762015984,-24.85));
#8482=CARTESIAN_POINT('',(-1.56077811696734,-1.28504732323318,-24.85));
#8483=CARTESIAN_POINT('Ctrl Pts',(-1.42463548933088,-1.63350762015984,-24.85));
#8484=CARTESIAN_POINT('Ctrl Pts',(-1.47217735929917,-1.59460972654942,-24.85));
#8485=CARTESIAN_POINT('Ctrl Pts',(-1.50675326473065,-1.54787822936468,-24.85));
#8486=CARTESIAN_POINT('Ctrl Pts',(-1.54997314652001,-1.43874802784657,-24.85));
#8487=CARTESIAN_POINT('Ctrl Pts',(-1.56077811696735,-1.36932609272242,-24.85));
#8488=CARTESIAN_POINT('Ctrl Pts',(-1.56077811696735,-1.28504732323318,-24.85));
#8489=CARTESIAN_POINT('',(-1.19935185550388,-0.824755582176566,-24.85));
#8490=CARTESIAN_POINT('Ctrl Pts',(-1.56077811696735,-1.28504732323318,-24.85));
#8491=CARTESIAN_POINT('Ctrl Pts',(-1.56077811696735,-1.13593873105991,-24.85));
#8492=CARTESIAN_POINT('Ctrl Pts',(-1.52809308136415,-1.02194629284049,-24.85));
#8493=CARTESIAN_POINT('Ctrl Pts',(-1.39735293895135,-0.864193724309352,
-24.85));
#8494=CARTESIAN_POINT('Ctrl Pts',(-1.30956255406673,-0.824755582176566,
-24.85));
#8495=CARTESIAN_POINT('Ctrl Pts',(-1.19935185550388,-0.824755582176566,
-24.85));
#8496=CARTESIAN_POINT('',(-0.948136292603263,-0.93820777187362,-24.85));
#8497=CARTESIAN_POINT('Ctrl Pts',(-1.19935185550388,-0.824755582176566,
-24.85));
#8498=CARTESIAN_POINT('Ctrl Pts',(-1.15180998553559,-0.824755582176566,
-24.85));
#8499=CARTESIAN_POINT('Ctrl Pts',(-1.10777973096269,-0.83285931001207,-24.85));
#8500=CARTESIAN_POINT('Ctrl Pts',(-1.02674245260765,-0.865274221354085,
-24.85));
#8501=CARTESIAN_POINT('Ctrl Pts',(-0.987034186213681,-0.894987890084266,
-24.85));
#8502=CARTESIAN_POINT('Ctrl Pts',(-0.948136292603263,-0.93820777187362,
-24.85));
#8503=CARTESIAN_POINT('Ctrl Pts',(-0.948136292603263,-0.93820777187362,
-24.85));
#8504=CARTESIAN_POINT('Ctrl Pts',(-0.903835913769176,-0.984669144797174,
-24.85));
#8505=CARTESIAN_POINT('Ctrl Pts',(-0.869260008337693,-1.05057946452594,
-24.85));
#8506=CARTESIAN_POINT('Ctrl Pts',(-0.819557144279937,-1.22129799759388,
-24.85));
#8507=CARTESIAN_POINT('Ctrl Pts',(-0.807131428265497,-1.33150869615673,
-24.85));
#8508=CARTESIAN_POINT('Ctrl Pts',(-0.807131428265497,-1.46657082674846,
-24.85));
#8509=CARTESIAN_POINT('Ctrl Pts',(-1.56077811696735,-1.28504732323318,-101.538529938886));
#8510=CARTESIAN_POINT('Ctrl Pts',(-1.56077811696735,-1.28504732323318,118.748436285105));
#8511=CARTESIAN_POINT('Ctrl Pts',(-1.56077811696735,-1.41146547746704,-101.538529938886));
#8512=CARTESIAN_POINT('Ctrl Pts',(-1.56077811696735,-1.41146547746704,118.748436285105));
#8513=CARTESIAN_POINT('Ctrl Pts',(-1.49594829428332,-1.57516077974421,-101.538529938886));
#8514=CARTESIAN_POINT('Ctrl Pts',(-1.49594829428332,-1.57516077974421,118.748436285105));
#8515=CARTESIAN_POINT('Ctrl Pts',(-1.42463548933088,-1.63350762015984,-101.538529938886));
#8516=CARTESIAN_POINT('Ctrl Pts',(-1.42463548933088,-1.63350762015984,118.748436285105));
#8517=CARTESIAN_POINT('',(-1.42463548933088,-1.63350762015984,-25.05));
#8518=CARTESIAN_POINT('',(-1.42463548933088,-1.63350762015984,-101.538529938886));
#8519=CARTESIAN_POINT('',(-1.56077811696734,-1.28504732323318,-25.05));
#8520=CARTESIAN_POINT('Ctrl Pts',(-1.56077811696735,-1.28504732323318,-25.05));
#8521=CARTESIAN_POINT('Ctrl Pts',(-1.56077811696735,-1.41146547746704,-25.05));
#8522=CARTESIAN_POINT('Ctrl Pts',(-1.49594829428332,-1.57516077974421,-25.05));
#8523=CARTESIAN_POINT('Ctrl Pts',(-1.42463548933088,-1.63350762015984,-25.05));
#8524=CARTESIAN_POINT('',(-1.56077811696734,-1.28504732323318,-101.538529938886));
#8525=CARTESIAN_POINT('Ctrl Pts',(-1.42463548933088,-1.63350762015984,-101.538529938886));
#8526=CARTESIAN_POINT('Ctrl Pts',(-1.42463548933088,-1.63350762015984,118.748436285105));
#8527=CARTESIAN_POINT('Ctrl Pts',(-1.37277163118366,-1.67564700490446,-101.538529938886));
#8528=CARTESIAN_POINT('Ctrl Pts',(-1.37277163118366,-1.67564700490446,118.748436285105));
#8529=CARTESIAN_POINT('Ctrl Pts',(-1.2447327313827,-1.70319967954517,-101.538529938886));
#8530=CARTESIAN_POINT('Ctrl Pts',(-1.2447327313827,-1.70319967954517,118.748436285105));
#8531=CARTESIAN_POINT('Ctrl Pts',(-1.17017843529607,-1.70319967954517,-101.538529938886));
#8532=CARTESIAN_POINT('Ctrl Pts',(-1.17017843529607,-1.70319967954517,118.748436285105));
#8533=CARTESIAN_POINT('',(-1.17017843529607,-1.70319967954517,-25.05));
#8534=CARTESIAN_POINT('',(-1.17017843529607,-1.70319967954517,-101.538529938886));
#8535=CARTESIAN_POINT('Ctrl Pts',(-1.42463548933088,-1.63350762015984,-25.05));
#8536=CARTESIAN_POINT('Ctrl Pts',(-1.37277163118366,-1.67564700490446,-25.05));
#8537=CARTESIAN_POINT('Ctrl Pts',(-1.2447327313827,-1.70319967954517,-25.05));
#8538=CARTESIAN_POINT('Ctrl Pts',(-1.17017843529607,-1.70319967954517,-25.05));
#8539=CARTESIAN_POINT('Ctrl Pts',(-1.17017843529607,-1.70319967954517,-101.538529938886));
#8540=CARTESIAN_POINT('Ctrl Pts',(-1.17017843529607,-1.70319967954517,118.748436285105));
#8541=CARTESIAN_POINT('Ctrl Pts',(-1.08427892023973,-1.70319967954517,-101.538529938886));
#8542=CARTESIAN_POINT('Ctrl Pts',(-1.08427892023973,-1.70319967954517,118.748436285105));
#8543=CARTESIAN_POINT('Ctrl Pts',(-0.886547961053434,-1.64323209356244,
-101.538529938886));
#8544=CARTESIAN_POINT('Ctrl Pts',(-0.886547961053434,-1.64323209356244,
118.748436285105));
#8545=CARTESIAN_POINT('Ctrl Pts',(-0.811993664966801,-1.59298898098232,
-101.538529938886));
#8546=CARTESIAN_POINT('Ctrl Pts',(-0.811993664966801,-1.59298898098232,
118.748436285105));
#8547=CARTESIAN_POINT('',(-0.811993664966801,-1.59298898098232,-25.05));
#8548=CARTESIAN_POINT('',(-0.811993664966801,-1.59298898098232,-101.538529938886));
#8549=CARTESIAN_POINT('Ctrl Pts',(-1.17017843529607,-1.70319967954517,-25.05));
#8550=CARTESIAN_POINT('Ctrl Pts',(-1.08427892023973,-1.70319967954517,-25.05));
#8551=CARTESIAN_POINT('Ctrl Pts',(-0.886547961053434,-1.64323209356244,
-25.05));
#8552=CARTESIAN_POINT('Ctrl Pts',(-0.811993664966801,-1.59298898098232,
-25.05));
#8553=CARTESIAN_POINT('Ctrl Pts',(-0.811993664966801,-1.59298898098232,
-101.538529938886));
#8554=CARTESIAN_POINT('Ctrl Pts',(-0.811993664966801,-1.59298898098232,
118.748436285105));
#8555=CARTESIAN_POINT('Ctrl Pts',(-0.8103729193997,-1.57354003417711,-101.538529938886));
#8556=CARTESIAN_POINT('Ctrl Pts',(-0.8103729193997,-1.57354003417711,118.748436285105));
#8557=CARTESIAN_POINT('Ctrl Pts',(-0.807131428265497,-1.50708946592598,
-101.538529938886));
#8558=CARTESIAN_POINT('Ctrl Pts',(-0.807131428265497,-1.50708946592598,
118.748436285105));
#8559=CARTESIAN_POINT('Ctrl Pts',(-0.807131428265497,-1.46657082674846,
-101.538529938886));
#8560=CARTESIAN_POINT('Ctrl Pts',(-0.807131428265497,-1.46657082674846,
118.748436285105));
#8561=CARTESIAN_POINT('',(-0.807131428265497,-1.46657082674846,-25.05));
#8562=CARTESIAN_POINT('',(-0.807131428265497,-1.46657082674846,-101.538529938886));
#8563=CARTESIAN_POINT('Ctrl Pts',(-0.811993664966801,-1.59298898098232,
-25.05));
#8564=CARTESIAN_POINT('Ctrl Pts',(-0.8103729193997,-1.57354003417711,-25.05));
#8565=CARTESIAN_POINT('Ctrl Pts',(-0.807131428265497,-1.50708946592598,
-25.05));
#8566=CARTESIAN_POINT('Ctrl Pts',(-0.807131428265497,-1.46657082674846,
-25.05));
#8567=CARTESIAN_POINT('Ctrl Pts',(-1.39708281469017,-2.45360487711282,-101.538529938886));
#8568=CARTESIAN_POINT('Ctrl Pts',(-1.39708281469017,-2.45360487711282,118.748436285105));
#8569=CARTESIAN_POINT('Ctrl Pts',(-1.4700163652097,-2.45360487711282,-101.538529938886));
#8570=CARTESIAN_POINT('Ctrl Pts',(-1.4700163652097,-2.45360487711282,118.748436285105));
#8571=CARTESIAN_POINT('Ctrl Pts',(-1.61264197511457,-2.4195692202037,-101.538529938886));
#8572=CARTESIAN_POINT('Ctrl Pts',(-1.61264197511457,-2.4195692202037,118.748436285105));
#8573=CARTESIAN_POINT('Ctrl Pts',(-1.64667763202369,-2.40012027339849,-101.538529938886));
#8574=CARTESIAN_POINT('Ctrl Pts',(-1.64667763202369,-2.40012027339849,118.748436285105));
#8575=CARTESIAN_POINT('',(-1.39708281469017,-2.45360487711282,-101.538529938886));
#8576=CARTESIAN_POINT('',(-1.64667763202369,-2.40012027339849,-101.538529938886));
#8577=CARTESIAN_POINT('Ctrl Pts',(-0.8136144105339,-1.78585770346731,-101.538529938886));
#8578=CARTESIAN_POINT('Ctrl Pts',(-0.8136144105339,-1.78585770346731,118.748436285105));
#8579=CARTESIAN_POINT('Ctrl Pts',(-0.834684102906211,-2.10676532575326,
-101.538529938886));
#8580=CARTESIAN_POINT('Ctrl Pts',(-0.834684102906211,-2.10676532575326,
118.748436285105));
#8581=CARTESIAN_POINT('Ctrl Pts',(-1.13452203281985,-2.45360487711282,-101.538529938886));
#8582=CARTESIAN_POINT('Ctrl Pts',(-1.13452203281985,-2.45360487711282,118.748436285105));
#8583=CARTESIAN_POINT('Ctrl Pts',(-1.39708281469017,-2.45360487711282,-101.538529938886));
#8584=CARTESIAN_POINT('Ctrl Pts',(-1.39708281469017,-2.45360487711282,118.748436285105));
#8585=CARTESIAN_POINT('',(-0.8136144105339,-1.78585770346731,-101.538529938886));
#8586=CARTESIAN_POINT('Ctrl Pts',(-1.23014602127879,-1.92524182223798,-101.538529938886));
#8587=CARTESIAN_POINT('Ctrl Pts',(-1.23014602127879,-1.92524182223798,118.748436285105));
#8588=CARTESIAN_POINT('Ctrl Pts',(-1.11507308601464,-1.92524182223798,-101.538529938886));
#8589=CARTESIAN_POINT('Ctrl Pts',(-1.11507308601464,-1.92524182223798,118.748436285105));
#8590=CARTESIAN_POINT('Ctrl Pts',(-0.920583617962552,-1.85879125398684,
-101.538529938886));
#8591=CARTESIAN_POINT('Ctrl Pts',(-0.920583617962552,-1.85879125398684,
118.748436285105));
#8592=CARTESIAN_POINT('Ctrl Pts',(-0.8136144105339,-1.78585770346731,-101.538529938886));
#8593=CARTESIAN_POINT('Ctrl Pts',(-0.8136144105339,-1.78585770346731,118.748436285105));
#8594=CARTESIAN_POINT('',(-1.23014602127879,-1.92524182223798,-101.538529938886));
#8595=CARTESIAN_POINT('Ctrl Pts',(-1.61588346624877,-1.80692739583962,-101.538529938886));
#8596=CARTESIAN_POINT('Ctrl Pts',(-1.61588346624877,-1.80692739583962,118.748436285105));
#8597=CARTESIAN_POINT('Ctrl Pts',(-1.52350096892403,-1.87661945522495,-101.538529938886));
#8598=CARTESIAN_POINT('Ctrl Pts',(-1.52350096892403,-1.87661945522495,118.748436285105));
#8599=CARTESIAN_POINT('Ctrl Pts',(-1.34035671984164,-1.92524182223798,-101.538529938886));
#8600=CARTESIAN_POINT('Ctrl Pts',(-1.34035671984164,-1.92524182223798,118.748436285105));
#8601=CARTESIAN_POINT('Ctrl Pts',(-1.23014602127879,-1.92524182223798,-101.538529938886));
#8602=CARTESIAN_POINT('Ctrl Pts',(-1.23014602127879,-1.92524182223798,118.748436285105));
#8603=CARTESIAN_POINT('',(-1.61588346624877,-1.80692739583962,-101.538529938886));
#8604=CARTESIAN_POINT('Ctrl Pts',(-1.83306337224027,-1.29639254220288,-101.538529938886));
#8605=CARTESIAN_POINT('Ctrl Pts',(-1.83306337224027,-1.29639254220288,118.748436285105));
#8606=CARTESIAN_POINT('Ctrl Pts',(-1.83306337224027,-1.47305380901686,-101.538529938886));
#8607=CARTESIAN_POINT('Ctrl Pts',(-1.83306337224027,-1.47305380901686,118.748436285105));
#8608=CARTESIAN_POINT('Ctrl Pts',(-1.72285267367742,-1.72426937191748,-101.538529938886));
#8609=CARTESIAN_POINT('Ctrl Pts',(-1.72285267367742,-1.72426937191748,118.748436285105));
#8610=CARTESIAN_POINT('Ctrl Pts',(-1.61588346624877,-1.80692739583962,-101.538529938886));
#8611=CARTESIAN_POINT('Ctrl Pts',(-1.61588346624877,-1.80692739583962,118.748436285105));
#8612=CARTESIAN_POINT('',(-1.83306337224027,-1.29639254220288,-101.538529938886));
#8613=CARTESIAN_POINT('Ctrl Pts',(-1.64505688645658,-0.793961416401654,
-101.538529938886));
#8614=CARTESIAN_POINT('Ctrl Pts',(-1.64505688645658,-0.793961416401654,
118.748436285105));
#8615=CARTESIAN_POINT('Ctrl Pts',(-1.73257714708003,-0.886343913726395,
-101.538529938886));
#8616=CARTESIAN_POINT('Ctrl Pts',(-1.73257714708003,-0.886343913726395,
118.748436285105));
#8617=CARTESIAN_POINT('Ctrl Pts',(-1.83306337224027,-1.14242171332831,-101.538529938886));
#8618=CARTESIAN_POINT('Ctrl Pts',(-1.83306337224027,-1.14242171332831,118.748436285105));
#8619=CARTESIAN_POINT('Ctrl Pts',(-1.83306337224027,-1.29639254220288,-101.538529938886));
#8620=CARTESIAN_POINT('Ctrl Pts',(-1.83306337224027,-1.29639254220288,118.748436285105));
#8621=CARTESIAN_POINT('',(-1.64505688645658,-0.793961416401654,-101.538529938886));
#8622=CARTESIAN_POINT('Ctrl Pts',(-1.19773110993678,-0.605954930617965,
-101.538529938886));
#8623=CARTESIAN_POINT('Ctrl Pts',(-1.19773110993678,-0.605954930617965,
118.748436285105));
#8624=CARTESIAN_POINT('Ctrl Pts',(-1.32090777303643,-0.605954930617965,
-101.538529938886));
#8625=CARTESIAN_POINT('Ctrl Pts',(-1.32090777303643,-0.605954930617965,
118.748436285105));
#8626=CARTESIAN_POINT('Ctrl Pts',(-1.56239886253445,-0.704820410211111,
-101.538529938886));
#8627=CARTESIAN_POINT('Ctrl Pts',(-1.56239886253445,-0.704820410211111,
118.748436285105));
#8628=CARTESIAN_POINT('Ctrl Pts',(-1.64505688645658,-0.793961416401654,
-101.538529938886));
#8629=CARTESIAN_POINT('Ctrl Pts',(-1.64505688645658,-0.793961416401654,
118.748436285105));
#8630=CARTESIAN_POINT('',(-1.19773110993678,-0.605954930617965,-101.538529938886));
#8631=CARTESIAN_POINT('Ctrl Pts',(-1.19935185550388,-0.824755582176566,
-101.538529938886));
#8632=CARTESIAN_POINT('Ctrl Pts',(-1.19935185550388,-0.824755582176566,
118.748436285105));
#8633=CARTESIAN_POINT('Ctrl Pts',(-1.36466790334816,-0.824755582176566,
-101.538529938886));
#8634=CARTESIAN_POINT('Ctrl Pts',(-1.36466790334816,-0.824755582176566,
118.748436285105));
#8635=CARTESIAN_POINT('Ctrl Pts',(-1.56077811696735,-1.06138443497328,-101.538529938886));
#8636=CARTESIAN_POINT('Ctrl Pts',(-1.56077811696735,-1.06138443497328,118.748436285105));
#8637=CARTESIAN_POINT('Ctrl Pts',(-1.56077811696735,-1.28504732323318,-101.538529938886));
#8638=CARTESIAN_POINT('Ctrl Pts',(-1.56077811696735,-1.28504732323318,118.748436285105));
#8639=CARTESIAN_POINT('',(-1.19935185550388,-0.824755582176566,-25.05));
#8640=CARTESIAN_POINT('Ctrl Pts',(-1.19935185550388,-0.824755582176566,
-25.05));
#8641=CARTESIAN_POINT('Ctrl Pts',(-1.36466790334816,-0.824755582176566,
-25.05));
#8642=CARTESIAN_POINT('Ctrl Pts',(-1.56077811696735,-1.06138443497328,-25.05));
#8643=CARTESIAN_POINT('Ctrl Pts',(-1.56077811696735,-1.28504732323318,-25.05));
#8644=CARTESIAN_POINT('',(-1.19935185550388,-0.824755582176566,-101.538529938886));
#8645=CARTESIAN_POINT('Ctrl Pts',(-0.948136292603263,-0.93820777187362,
-101.538529938886));
#8646=CARTESIAN_POINT('Ctrl Pts',(-0.948136292603263,-0.93820777187362,
118.748436285105));
#8647=CARTESIAN_POINT('Ctrl Pts',(-1.00648313301889,-0.873377949189589,
-101.538529938886));
#8648=CARTESIAN_POINT('Ctrl Pts',(-1.00648313301889,-0.873377949189589,
118.748436285105));
#8649=CARTESIAN_POINT('Ctrl Pts',(-1.12803905055145,-0.824755582176566,
-101.538529938886));
#8650=CARTESIAN_POINT('Ctrl Pts',(-1.12803905055145,-0.824755582176566,
118.748436285105));
#8651=CARTESIAN_POINT('Ctrl Pts',(-1.19935185550388,-0.824755582176566,
-101.538529938886));
#8652=CARTESIAN_POINT('Ctrl Pts',(-1.19935185550388,-0.824755582176566,
118.748436285105));
#8653=CARTESIAN_POINT('',(-0.948136292603263,-0.93820777187362,-25.05));
#8654=CARTESIAN_POINT('Ctrl Pts',(-0.948136292603263,-0.93820777187362,
-25.05));
#8655=CARTESIAN_POINT('Ctrl Pts',(-1.00648313301889,-0.873377949189589,
-25.05));
#8656=CARTESIAN_POINT('Ctrl Pts',(-1.12803905055145,-0.824755582176566,
-25.05));
#8657=CARTESIAN_POINT('Ctrl Pts',(-1.19935185550388,-0.824755582176566,
-25.05));
#8658=CARTESIAN_POINT('',(-0.948136292603263,-0.93820777187362,-101.538529938886));
#8659=CARTESIAN_POINT('Ctrl Pts',(-0.807131428265497,-1.46657082674846,
-101.538529938886));
#8660=CARTESIAN_POINT('Ctrl Pts',(-0.807131428265497,-1.46657082674846,
118.748436285105));
#8661=CARTESIAN_POINT('Ctrl Pts',(-0.807131428265497,-1.26397763086087,
-101.538529938886));
#8662=CARTESIAN_POINT('Ctrl Pts',(-0.807131428265497,-1.26397763086087,
118.748436285105));
#8663=CARTESIAN_POINT('Ctrl Pts',(-0.881685724352133,-1.00789983125895,
-101.538529938886));
#8664=CARTESIAN_POINT('Ctrl Pts',(-0.881685724352133,-1.00789983125895,
118.748436285105));
#8665=CARTESIAN_POINT('Ctrl Pts',(-0.948136292603263,-0.93820777187362,
-101.538529938886));
#8666=CARTESIAN_POINT('Ctrl Pts',(-0.948136292603263,-0.93820777187362,
118.748436285105));
#8667=CARTESIAN_POINT('Ctrl Pts',(-0.807131428265497,-1.46657082674846,
-25.05));
#8668=CARTESIAN_POINT('Ctrl Pts',(-0.807131428265497,-1.26397763086087,
-25.05));
#8669=CARTESIAN_POINT('Ctrl Pts',(-0.881685724352133,-1.00789983125895,
-25.05));
#8670=CARTESIAN_POINT('Ctrl Pts',(-0.948136292603263,-0.93820777187362,
-25.05));
#8671=CARTESIAN_POINT('Ctrl Pts',(-0.753646824551173,-0.785857688566147,
-101.538529938886));
#8672=CARTESIAN_POINT('Ctrl Pts',(-0.753646824551173,-0.785857688566147,
118.748436285105));
#8673=CARTESIAN_POINT('Ctrl Pts',(-0.83630484847331,-0.69833742794271,-101.538529938886));
#8674=CARTESIAN_POINT('Ctrl Pts',(-0.83630484847331,-0.69833742794271,118.748436285105));
#8675=CARTESIAN_POINT('Ctrl Pts',(-1.05996773673321,-0.605954930617965,
-101.538529938886));
#8676=CARTESIAN_POINT('Ctrl Pts',(-1.05996773673321,-0.605954930617965,
118.748436285105));
#8677=CARTESIAN_POINT('Ctrl Pts',(-1.19773110993678,-0.605954930617965,
-101.538529938886));
#8678=CARTESIAN_POINT('Ctrl Pts',(-1.19773110993678,-0.605954930617965,
118.748436285105));
#8679=CARTESIAN_POINT('',(-0.753646824551173,-0.785857688566147,-101.538529938886));
#8680=CARTESIAN_POINT('Ctrl Pts',(-0.536466918559673,-1.52653841273119,
-101.538529938886));
#8681=CARTESIAN_POINT('Ctrl Pts',(-0.536466918559673,-1.52653841273119,
118.748436285105));
#8682=CARTESIAN_POINT('Ctrl Pts',(-0.536466918559673,-1.25263241189117,
-101.538529938886));
#8683=CARTESIAN_POINT('Ctrl Pts',(-0.536466918559673,-1.25263241189117,
118.748436285105));
#8684=CARTESIAN_POINT('Ctrl Pts',(-0.649919108256727,-0.896068387128999,
-101.538529938886));
#8685=CARTESIAN_POINT('Ctrl Pts',(-0.649919108256727,-0.896068387128999,
118.748436285105));
#8686=CARTESIAN_POINT('Ctrl Pts',(-0.753646824551173,-0.785857688566147,
-101.538529938886));
#8687=CARTESIAN_POINT('Ctrl Pts',(-0.753646824551173,-0.785857688566147,
118.748436285105));
#8688=CARTESIAN_POINT('',(-0.536466918559673,-1.52653841273119,-101.538529938886));
#8689=CARTESIAN_POINT('Ctrl Pts',(-0.756888315685376,-2.36608461648938,
-101.538529938886));
#8690=CARTESIAN_POINT('Ctrl Pts',(-0.756888315685376,-2.36608461648938,
118.748436285105));
#8691=CARTESIAN_POINT('Ctrl Pts',(-0.648298362689625,-2.21859676988321,
-101.538529938886));
#8692=CARTESIAN_POINT('Ctrl Pts',(-0.648298362689625,-2.21859676988321,
118.748436285105));
#8693=CARTESIAN_POINT('Ctrl Pts',(-0.536466918559673,-1.7745124844976,-101.538529938886));
#8694=CARTESIAN_POINT('Ctrl Pts',(-0.536466918559673,-1.7745124844976,118.748436285105));
#8695=CARTESIAN_POINT('Ctrl Pts',(-0.536466918559673,-1.52653841273119,
-101.538529938886));
#8696=CARTESIAN_POINT('Ctrl Pts',(-0.536466918559673,-1.52653841273119,
118.748436285105));
#8697=CARTESIAN_POINT('',(-0.756888315685376,-2.36608461648938,-101.538529938886));
#8698=CARTESIAN_POINT('Ctrl Pts',(-1.43273921716639,-2.68537149320823,-101.538529938886));
#8699=CARTESIAN_POINT('Ctrl Pts',(-1.43273921716639,-2.68537149320823,118.748436285105));
#8700=CARTESIAN_POINT('Ctrl Pts',(-1.19611036436968,-2.68537149320823,-101.538529938886));
#8701=CARTESIAN_POINT('Ctrl Pts',(-1.19611036436968,-2.68537149320823,118.748436285105));
#8702=CARTESIAN_POINT('Ctrl Pts',(-0.871961250949529,-2.52167619093105,
-101.538529938886));
#8703=CARTESIAN_POINT('Ctrl Pts',(-0.871961250949529,-2.52167619093105,
118.748436285105));
#8704=CARTESIAN_POINT('Ctrl Pts',(-0.756888315685376,-2.36608461648938,
-101.538529938886));
#8705=CARTESIAN_POINT('Ctrl Pts',(-0.756888315685376,-2.36608461648938,
118.748436285105));
#8706=CARTESIAN_POINT('',(-1.43273921716639,-2.68537149320823,-101.538529938886));
#8707=CARTESIAN_POINT('Ctrl Pts',(-1.65964359656049,-2.65781881856751,-101.538529938886));
#8708=CARTESIAN_POINT('Ctrl Pts',(-1.65964359656049,-2.65781881856751,118.748436285105));
#8709=CARTESIAN_POINT('Ctrl Pts',(-1.60777973841327,-2.67402627423852,-101.538529938886));
#8710=CARTESIAN_POINT('Ctrl Pts',(-1.60777973841327,-2.67402627423852,118.748436285105));
#8711=CARTESIAN_POINT('Ctrl Pts',(-1.48622382088071,-2.68537149320823,-101.538529938886));
#8712=CARTESIAN_POINT('Ctrl Pts',(-1.48622382088071,-2.68537149320823,118.748436285105));
#8713=CARTESIAN_POINT('Ctrl Pts',(-1.43273921716639,-2.68537149320823,-101.538529938886));
#8714=CARTESIAN_POINT('Ctrl Pts',(-1.43273921716639,-2.68537149320823,118.748436285105));
#8715=CARTESIAN_POINT('',(-1.65964359656049,-2.65781881856751,-101.538529938886));
#8716=CARTESIAN_POINT('Origin',(-1.65964359656049,-2.65781881856751,-101.538529938886));
#8717=CARTESIAN_POINT('',(-1.65964359656049,-2.40012027339849,-101.538529938886));
#8718=CARTESIAN_POINT('Origin',(-1.65964359656049,-2.40012027339849,-101.538529938886));
#8719=CARTESIAN_POINT('Origin',(0.,0.,-24.85));
#8720=CARTESIAN_POINT('',(-0.31118328473267,-1.64809433026375,-24.85));
#8721=CARTESIAN_POINT('',(0.329011214272126,-2.68861298434243,-24.85));
#8722=CARTESIAN_POINT('Ctrl Pts',(-0.31118328473267,-1.64809433026375,-24.85));
#8723=CARTESIAN_POINT('Ctrl Pts',(-0.31118328473267,-1.99925586980224,-24.85));
#8724=CARTESIAN_POINT('Ctrl Pts',(-0.259589550846629,-2.26046603036665,
-24.85));
#8725=CARTESIAN_POINT('Ctrl Pts',(-0.0532146153024671,-2.60298359354727,
-24.85));
#8726=CARTESIAN_POINT('Ctrl Pts',(0.108589817146424,-2.68861298434243,-24.85));
#8727=CARTESIAN_POINT('Ctrl Pts',(0.329011214272126,-2.68861298434243,-24.85));
#8728=CARTESIAN_POINT('',(0.96758496770982,-1.64647358469665,-24.85));
#8729=CARTESIAN_POINT('Ctrl Pts',(0.329011214272126,-2.68861298434243,-24.85));
#8730=CARTESIAN_POINT('Ctrl Pts',(0.546191120263626,-2.68861298434243,-24.85));
#8731=CARTESIAN_POINT('Ctrl Pts',(0.706915055667784,-2.60460433911437,-24.85));
#8732=CARTESIAN_POINT('Ctrl Pts',(0.915450985301413,-2.26856975820215,-24.85));
#8733=CARTESIAN_POINT('Ctrl Pts',(0.96758496770982,-2.00519860354828,-24.85));
#8734=CARTESIAN_POINT('Ctrl Pts',(0.96758496770982,-1.64647358469665,-24.85));
#8735=CARTESIAN_POINT('',(0.329011214272126,-0.605954930617965,-24.85));
#8736=CARTESIAN_POINT('Ctrl Pts',(0.96758496770982,-1.64647358469665,-24.85));
#8737=CARTESIAN_POINT('Ctrl Pts',(0.96758496770982,-1.29855353629235,-24.85));
#8738=CARTESIAN_POINT('Ctrl Pts',(0.91599123382378,-1.0381537485115,-24.85));
#8739=CARTESIAN_POINT('Ctrl Pts',(0.709616298279619,-0.692394694196671,
-24.85));
#8740=CARTESIAN_POINT('Ctrl Pts',(0.548352114353095,-0.605954930617965,
-24.85));
#8741=CARTESIAN_POINT('Ctrl Pts',(0.329011214272126,-0.605954930617965,
-24.85));
#8742=CARTESIAN_POINT('Ctrl Pts',(0.329011214272126,-0.605954930617965,
-24.85));
#8743=CARTESIAN_POINT('Ctrl Pts',(0.110750811235891,-0.605954930617965,
-24.85));
#8744=CARTESIAN_POINT('Ctrl Pts',(-0.0505133726906334,-0.689423327323653,
-24.85));
#8745=CARTESIAN_POINT('Ctrl Pts',(-0.259049302324263,-1.02329691414641,
-24.85));
#8746=CARTESIAN_POINT('Ctrl Pts',(-0.31118328473267,-1.28720831732265,-24.85));
#8747=CARTESIAN_POINT('Ctrl Pts',(-0.31118328473267,-1.64809433026375,-24.85));
#8748=CARTESIAN_POINT('',(0.623986907484462,-2.25587391792653,-24.85));
#8749=CARTESIAN_POINT('',(0.329011214272126,-2.46657084164962,-24.85));
#8750=CARTESIAN_POINT('Ctrl Pts',(0.623986907484462,-2.25587391792653,-24.85));
#8751=CARTESIAN_POINT('Ctrl Pts',(0.596974481366116,-2.32610622583423,-24.85));
#8752=CARTESIAN_POINT('Ctrl Pts',(0.559427209061616,-2.378780456765,-24.85));
#8753=CARTESIAN_POINT('Ctrl Pts',(0.463262972080305,-2.4490127646727,-24.85));
#8754=CARTESIAN_POINT('Ctrl Pts',(0.402485013314027,-2.46657084164962,-24.85));
#8755=CARTESIAN_POINT('Ctrl Pts',(0.329011214272126,-2.46657084164962,-24.85));
#8756=CARTESIAN_POINT('',(0.029173284358488,-2.25101168122523,-24.85));
#8757=CARTESIAN_POINT('Ctrl Pts',(0.329011214272126,-2.46657084164962,-24.85));
#8758=CARTESIAN_POINT('Ctrl Pts',(0.251215427051291,-2.46657084164962,-24.85));
#8759=CARTESIAN_POINT('Ctrl Pts',(0.188276474195545,-2.44793226762797,-24.85));
#8760=CARTESIAN_POINT('Ctrl Pts',(0.0921122372142328,-2.37337797154133,
-24.85));
#8761=CARTESIAN_POINT('Ctrl Pts',(0.0551052134320991,-2.32016349208819,
-24.85));
#8762=CARTESIAN_POINT('Ctrl Pts',(0.029173284358488,-2.25101168122523,-24.85));
#8763=CARTESIAN_POINT('',(-0.0388980294597441,-1.64809433026375,-24.85));
#8764=CARTESIAN_POINT('Ctrl Pts',(0.029173284358488,-2.25101168122523,-24.85));
#8765=CARTESIAN_POINT('Ctrl Pts',(0.00108036119540837,-2.17753788218332,
-24.85));
#8766=CARTESIAN_POINT('Ctrl Pts',(-0.0172880885650669,-2.09379936121645,
-24.85));
#8767=CARTESIAN_POINT('Ctrl Pts',(-0.0345760412808086,-1.90579287543276,
-24.85));
#8768=CARTESIAN_POINT('Ctrl Pts',(-0.0388980294597441,-1.78855894607914,
-24.85));
#8769=CARTESIAN_POINT('Ctrl Pts',(-0.0388980294597441,-1.64809433026375,
-24.85));
#8770=CARTESIAN_POINT('',(0.0307940299255893,-1.03869399703386,-24.85));
#8771=CARTESIAN_POINT('Ctrl Pts',(-0.0388980294597441,-1.64809433026375,
-24.85));
#8772=CARTESIAN_POINT('Ctrl Pts',(-0.0388980294597441,-1.51735418785095,
-24.85));
#8773=CARTESIAN_POINT('Ctrl Pts',(-0.0340357927584419,-1.40012025849733,
-24.85));
#8774=CARTESIAN_POINT('Ctrl Pts',(-0.0145868459532332,-1.19266482590844,
-24.85));
#8775=CARTESIAN_POINT('Ctrl Pts',(0.00378160380724247,-1.1067653108521,
-24.85));
#8776=CARTESIAN_POINT('Ctrl Pts',(0.0307940299255893,-1.03869399703386,
-24.85));
#8777=CARTESIAN_POINT('',(0.329011214272126,-0.827997073310769,-24.85));
#8778=CARTESIAN_POINT('Ctrl Pts',(0.0307940299255893,-1.03869399703386,
-24.85));
#8779=CARTESIAN_POINT('Ctrl Pts',(0.0588869530886689,-0.968461689126165,
-24.85));
#8780=CARTESIAN_POINT('Ctrl Pts',(0.0969744739155365,-0.915787458195392,
-24.85));
#8781=CARTESIAN_POINT('Ctrl Pts',(0.193138710896847,-0.845555150287693,
-24.85));
#8782=CARTESIAN_POINT('Ctrl Pts',(0.254456918185492,-0.827997073310769,
-24.85));
#8783=CARTESIAN_POINT('Ctrl Pts',(0.329011214272126,-0.827997073310769,
-24.85));
#8784=CARTESIAN_POINT('',(0.62236616191736,-1.03545250589967,-24.85));
#8785=CARTESIAN_POINT('Ctrl Pts',(0.329011214272126,-0.827997073310769,
-24.85));
#8786=CARTESIAN_POINT('Ctrl Pts',(0.403565510358761,-0.827997073310769,
-24.85));
#8787=CARTESIAN_POINT('Ctrl Pts',(0.464343469125039,-0.845555150287693,
-24.85));
#8788=CARTESIAN_POINT('Ctrl Pts',(0.558346712016882,-0.915787458195392,
-24.85));
#8789=CARTESIAN_POINT('Ctrl Pts',(0.595353735799015,-0.967381192081433,
-24.85));
#8790=CARTESIAN_POINT('Ctrl Pts',(0.62236616191736,-1.03545250589967,-24.85));
#8791=CARTESIAN_POINT('',(0.695299712436894,-1.64647358469665,-24.85));
#8792=CARTESIAN_POINT('Ctrl Pts',(0.62236616191736,-1.03545250589967,-24.85));
#8793=CARTESIAN_POINT('Ctrl Pts',(0.649378588035707,-1.1035238197179,-24.85));
#8794=CARTESIAN_POINT('Ctrl Pts',(0.66828728631855,-1.18807271346832,-24.85));
#8795=CARTESIAN_POINT('Ctrl Pts',(0.689897227213225,-1.39012566083354,-24.85));
#8796=CARTESIAN_POINT('Ctrl Pts',(0.695299712436894,-1.50925046001545,-24.85));
#8797=CARTESIAN_POINT('Ctrl Pts',(0.695299712436894,-1.64647358469665,-24.85));
#8798=CARTESIAN_POINT('Ctrl Pts',(0.695299712436894,-1.64647358469665,-24.85));
#8799=CARTESIAN_POINT('Ctrl Pts',(0.695299712436894,-1.78369670937784,-24.85));
#8800=CARTESIAN_POINT('Ctrl Pts',(0.689897227213225,-1.90309163282093,-24.85));
#8801=CARTESIAN_POINT('Ctrl Pts',(0.66828728631855,-2.10622507723089,-24.85));
#8802=CARTESIAN_POINT('Ctrl Pts',(0.649918836558074,-2.18996359819776,-24.85));
#8803=CARTESIAN_POINT('Ctrl Pts',(0.623986907484462,-2.25587391792653,-24.85));
#8804=CARTESIAN_POINT('Ctrl Pts',(0.0307940299255893,-1.03869399703386,
-101.538529938886));
#8805=CARTESIAN_POINT('Ctrl Pts',(0.0307940299255893,-1.03869399703386,
118.748436285105));
#8806=CARTESIAN_POINT('Ctrl Pts',(-0.00972460925193097,-1.14080096776121,
-101.538529938886));
#8807=CARTESIAN_POINT('Ctrl Pts',(-0.00972460925193097,-1.14080096776121,
118.748436285105));
#8808=CARTESIAN_POINT('Ctrl Pts',(-0.0388980294597441,-1.45198411664456,
-101.538529938886));
#8809=CARTESIAN_POINT('Ctrl Pts',(-0.0388980294597441,-1.45198411664456,
118.748436285105));
#8810=CARTESIAN_POINT('Ctrl Pts',(-0.0388980294597441,-1.64809433026375,
-101.538529938886));
#8811=CARTESIAN_POINT('Ctrl Pts',(-0.0388980294597441,-1.64809433026375,
118.748436285105));
#8812=CARTESIAN_POINT('',(-0.0388980294597441,-1.64809433026375,-25.05));
#8813=CARTESIAN_POINT('',(-0.0388980294597441,-1.64809433026375,-101.538529938886));
#8814=CARTESIAN_POINT('',(0.0307940299255893,-1.03869399703386,-25.05));
#8815=CARTESIAN_POINT('Ctrl Pts',(0.0307940299255893,-1.03869399703386,
-25.05));
#8816=CARTESIAN_POINT('Ctrl Pts',(-0.00972460925193097,-1.14080096776121,
-25.05));
#8817=CARTESIAN_POINT('Ctrl Pts',(-0.0388980294597441,-1.45198411664456,
-25.05));
#8818=CARTESIAN_POINT('Ctrl Pts',(-0.0388980294597441,-1.64809433026375,
-25.05));
#8819=CARTESIAN_POINT('',(0.0307940299255893,-1.03869399703386,-101.538529938886));
#8820=CARTESIAN_POINT('Ctrl Pts',(-0.0388980294597441,-1.64809433026375,
-101.538529938886));
#8821=CARTESIAN_POINT('Ctrl Pts',(-0.0388980294597441,-1.64809433026375,
118.748436285105));
#8822=CARTESIAN_POINT('Ctrl Pts',(-0.0388980294597441,-1.85879125398684,
-101.538529938886));
#8823=CARTESIAN_POINT('Ctrl Pts',(-0.0388980294597441,-1.85879125398684,
118.748436285105));
#8824=CARTESIAN_POINT('Ctrl Pts',(-0.0129661003861314,-2.14080098266237,
-101.538529938886));
#8825=CARTESIAN_POINT('Ctrl Pts',(-0.0129661003861314,-2.14080098266237,
118.748436285105));
#8826=CARTESIAN_POINT('Ctrl Pts',(0.029173284358488,-2.25101168122523,-101.538529938886));
#8827=CARTESIAN_POINT('Ctrl Pts',(0.029173284358488,-2.25101168122523,118.748436285105));
#8828=CARTESIAN_POINT('',(0.029173284358488,-2.25101168122523,-25.05));
#8829=CARTESIAN_POINT('',(0.029173284358488,-2.25101168122523,-101.538529938886));
#8830=CARTESIAN_POINT('Ctrl Pts',(-0.0388980294597441,-1.64809433026375,
-25.05));
#8831=CARTESIAN_POINT('Ctrl Pts',(-0.0388980294597441,-1.85879125398684,
-25.05));
#8832=CARTESIAN_POINT('Ctrl Pts',(-0.0129661003861314,-2.14080098266237,
-25.05));
#8833=CARTESIAN_POINT('Ctrl Pts',(0.029173284358488,-2.25101168122523,-25.05));
#8834=CARTESIAN_POINT('Ctrl Pts',(0.029173284358488,-2.25101168122523,-101.538529938886));
#8835=CARTESIAN_POINT('Ctrl Pts',(0.029173284358488,-2.25101168122523,118.748436285105));
#8836=CARTESIAN_POINT('Ctrl Pts',(0.0680711779689047,-2.35473939751967,
-101.538529938886));
#8837=CARTESIAN_POINT('Ctrl Pts',(0.0680711779689047,-2.35473939751967,
118.748436285105));
#8838=CARTESIAN_POINT('Ctrl Pts',(0.212317533440873,-2.46657084164962,-101.538529938886));
#8839=CARTESIAN_POINT('Ctrl Pts',(0.212317533440873,-2.46657084164962,118.748436285105));
#8840=CARTESIAN_POINT('Ctrl Pts',(0.329011214272126,-2.46657084164962,-101.538529938886));
#8841=CARTESIAN_POINT('Ctrl Pts',(0.329011214272126,-2.46657084164962,118.748436285105));
#8842=CARTESIAN_POINT('',(0.329011214272126,-2.46657084164962,-25.05));
#8843=CARTESIAN_POINT('',(0.329011214272126,-2.46657084164962,-101.538529938886));
#8844=CARTESIAN_POINT('Ctrl Pts',(0.029173284358488,-2.25101168122523,-25.05));
#8845=CARTESIAN_POINT('Ctrl Pts',(0.0680711779689047,-2.35473939751967,
-25.05));
#8846=CARTESIAN_POINT('Ctrl Pts',(0.212317533440873,-2.46657084164962,-25.05));
#8847=CARTESIAN_POINT('Ctrl Pts',(0.329011214272126,-2.46657084164962,-25.05));
#8848=CARTESIAN_POINT('Ctrl Pts',(0.329011214272126,-2.46657084164962,-101.538529938886));
#8849=CARTESIAN_POINT('Ctrl Pts',(0.329011214272126,-2.46657084164962,118.748436285105));
#8850=CARTESIAN_POINT('Ctrl Pts',(0.439221912834977,-2.46657084164962,-101.538529938886));
#8851=CARTESIAN_POINT('Ctrl Pts',(0.439221912834977,-2.46657084164962,118.748436285105));
#8852=CARTESIAN_POINT('Ctrl Pts',(0.583468268306944,-2.36122237978808,-101.538529938886));
#8853=CARTESIAN_POINT('Ctrl Pts',(0.583468268306944,-2.36122237978808,118.748436285105));
#8854=CARTESIAN_POINT('Ctrl Pts',(0.623986907484462,-2.25587391792653,-101.538529938886));
#8855=CARTESIAN_POINT('Ctrl Pts',(0.623986907484462,-2.25587391792653,118.748436285105));
#8856=CARTESIAN_POINT('',(0.623986907484462,-2.25587391792653,-25.05));
#8857=CARTESIAN_POINT('',(0.623986907484462,-2.25587391792653,-101.538529938886));
#8858=CARTESIAN_POINT('Ctrl Pts',(0.329011214272126,-2.46657084164962,-25.05));
#8859=CARTESIAN_POINT('Ctrl Pts',(0.439221912834977,-2.46657084164962,-25.05));
#8860=CARTESIAN_POINT('Ctrl Pts',(0.583468268306944,-2.36122237978808,-25.05));
#8861=CARTESIAN_POINT('Ctrl Pts',(0.623986907484462,-2.25587391792653,-25.05));
#8862=CARTESIAN_POINT('Ctrl Pts',(0.329011214272126,-2.68861298434243,-101.538529938886));
#8863=CARTESIAN_POINT('Ctrl Pts',(0.329011214272126,-2.68861298434243,118.748436285105));
#8864=CARTESIAN_POINT('Ctrl Pts',(0.654781073259376,-2.68861298434243,-101.538529938886));
#8865=CARTESIAN_POINT('Ctrl Pts',(0.654781073259376,-2.68861298434243,118.748436285105));
#8866=CARTESIAN_POINT('Ctrl Pts',(0.96758496770982,-2.18456111297409,-101.538529938886));
#8867=CARTESIAN_POINT('Ctrl Pts',(0.96758496770982,-2.18456111297409,118.748436285105));
#8868=CARTESIAN_POINT('Ctrl Pts',(0.96758496770982,-1.64647358469665,-101.538529938886));
#8869=CARTESIAN_POINT('Ctrl Pts',(0.96758496770982,-1.64647358469665,118.748436285105));
#8870=CARTESIAN_POINT('',(0.329011214272126,-2.68861298434243,-101.538529938886));
#8871=CARTESIAN_POINT('',(0.96758496770982,-1.64647358469665,-101.538529938886));
#8872=CARTESIAN_POINT('Ctrl Pts',(-0.31118328473267,-1.64809433026375,-101.538529938886));
#8873=CARTESIAN_POINT('Ctrl Pts',(-0.31118328473267,-1.64809433026375,118.748436285105));
#8874=CARTESIAN_POINT('Ctrl Pts',(-0.31118328473267,-2.17483663957149,-101.538529938886));
#8875=CARTESIAN_POINT('Ctrl Pts',(-0.31118328473267,-2.17483663957149,118.748436285105));
#8876=CARTESIAN_POINT('Ctrl Pts',(-0.00162088141642647,-2.68861298434243,
-101.538529938886));
#8877=CARTESIAN_POINT('Ctrl Pts',(-0.00162088141642647,-2.68861298434243,
118.748436285105));
#8878=CARTESIAN_POINT('Ctrl Pts',(0.329011214272126,-2.68861298434243,-101.538529938886));
#8879=CARTESIAN_POINT('Ctrl Pts',(0.329011214272126,-2.68861298434243,118.748436285105));
#8880=CARTESIAN_POINT('',(-0.31118328473267,-1.64809433026375,-101.538529938886));
#8881=CARTESIAN_POINT('Ctrl Pts',(0.329011214272126,-0.827997073310769,
-101.538529938886));
#8882=CARTESIAN_POINT('Ctrl Pts',(0.329011214272126,-0.827997073310769,
118.748436285105));
#8883=CARTESIAN_POINT('Ctrl Pts',(0.217179770142175,-0.827997073310769,
-101.538529938886));
#8884=CARTESIAN_POINT('Ctrl Pts',(0.217179770142175,-0.827997073310769,
118.748436285105));
#8885=CARTESIAN_POINT('Ctrl Pts',(0.0729334146702088,-0.933345535172316,
-101.538529938886));
#8886=CARTESIAN_POINT('Ctrl Pts',(0.0729334146702088,-0.933345535172316,
118.748436285105));
#8887=CARTESIAN_POINT('Ctrl Pts',(0.0307940299255893,-1.03869399703386,
-101.538529938886));
#8888=CARTESIAN_POINT('Ctrl Pts',(0.0307940299255893,-1.03869399703386,
118.748436285105));
#8889=CARTESIAN_POINT('',(0.329011214272126,-0.827997073310769,-25.05));
#8890=CARTESIAN_POINT('Ctrl Pts',(0.329011214272126,-0.827997073310769,
-25.05));
#8891=CARTESIAN_POINT('Ctrl Pts',(0.217179770142175,-0.827997073310769,
-25.05));
#8892=CARTESIAN_POINT('Ctrl Pts',(0.0729334146702088,-0.933345535172316,
-25.05));
#8893=CARTESIAN_POINT('Ctrl Pts',(0.0307940299255893,-1.03869399703386,
-25.05));
#8894=CARTESIAN_POINT('',(0.329011214272126,-0.827997073310769,-101.538529938886));
#8895=CARTESIAN_POINT('Ctrl Pts',(0.62236616191736,-1.03545250589967,-101.538529938886));
#8896=CARTESIAN_POINT('Ctrl Pts',(0.62236616191736,-1.03545250589967,118.748436285105));
#8897=CARTESIAN_POINT('Ctrl Pts',(0.581847522739842,-0.933345535172316,
-101.538529938886));
#8898=CARTESIAN_POINT('Ctrl Pts',(0.581847522739842,-0.933345535172316,
118.748436285105));
#8899=CARTESIAN_POINT('Ctrl Pts',(0.440842658402079,-0.827997073310769,
-101.538529938886));
#8900=CARTESIAN_POINT('Ctrl Pts',(0.440842658402079,-0.827997073310769,
118.748436285105));
#8901=CARTESIAN_POINT('Ctrl Pts',(0.329011214272126,-0.827997073310769,
-101.538529938886));
#8902=CARTESIAN_POINT('Ctrl Pts',(0.329011214272126,-0.827997073310769,
118.748436285105));
#8903=CARTESIAN_POINT('',(0.62236616191736,-1.03545250589967,-25.05));
#8904=CARTESIAN_POINT('Ctrl Pts',(0.62236616191736,-1.03545250589967,-25.05));
#8905=CARTESIAN_POINT('Ctrl Pts',(0.581847522739842,-0.933345535172316,
-25.05));
#8906=CARTESIAN_POINT('Ctrl Pts',(0.440842658402079,-0.827997073310769,
-25.05));
#8907=CARTESIAN_POINT('Ctrl Pts',(0.329011214272126,-0.827997073310769,
-25.05));
#8908=CARTESIAN_POINT('',(0.62236616191736,-1.03545250589967,-101.538529938886));
#8909=CARTESIAN_POINT('Ctrl Pts',(0.695299712436894,-1.64647358469665,-101.538529938886));
#8910=CARTESIAN_POINT('Ctrl Pts',(0.695299712436894,-1.64647358469665,118.748436285105));
#8911=CARTESIAN_POINT('Ctrl Pts',(0.695299712436894,-1.44063889767485,-101.538529938886));
#8912=CARTESIAN_POINT('Ctrl Pts',(0.695299712436894,-1.44063889767485,118.748436285105));
#8913=CARTESIAN_POINT('Ctrl Pts',(0.662884801094881,-1.13755947662701,-101.538529938886));
#8914=CARTESIAN_POINT('Ctrl Pts',(0.662884801094881,-1.13755947662701,118.748436285105));
#8915=CARTESIAN_POINT('Ctrl Pts',(0.62236616191736,-1.03545250589967,-101.538529938886));
#8916=CARTESIAN_POINT('Ctrl Pts',(0.62236616191736,-1.03545250589967,118.748436285105));
#8917=CARTESIAN_POINT('',(0.695299712436894,-1.64647358469665,-25.05));
#8918=CARTESIAN_POINT('Ctrl Pts',(0.695299712436894,-1.64647358469665,-25.05));
#8919=CARTESIAN_POINT('Ctrl Pts',(0.695299712436894,-1.44063889767485,-25.05));
#8920=CARTESIAN_POINT('Ctrl Pts',(0.662884801094881,-1.13755947662701,-25.05));
#8921=CARTESIAN_POINT('Ctrl Pts',(0.62236616191736,-1.03545250589967,-25.05));
#8922=CARTESIAN_POINT('',(0.695299712436894,-1.64647358469665,-101.538529938886));
#8923=CARTESIAN_POINT('Ctrl Pts',(0.623986907484462,-2.25587391792653,-101.538529938886));
#8924=CARTESIAN_POINT('Ctrl Pts',(0.623986907484462,-2.25587391792653,118.748436285105));
#8925=CARTESIAN_POINT('Ctrl Pts',(0.662884801094881,-2.15700843833338,-101.538529938886));
#8926=CARTESIAN_POINT('Ctrl Pts',(0.662884801094881,-2.15700843833338,118.748436285105));
#8927=CARTESIAN_POINT('Ctrl Pts',(0.695299712436894,-1.85230827171844,-101.538529938886));
#8928=CARTESIAN_POINT('Ctrl Pts',(0.695299712436894,-1.85230827171844,118.748436285105));
#8929=CARTESIAN_POINT('Ctrl Pts',(0.695299712436894,-1.64647358469665,-101.538529938886));
#8930=CARTESIAN_POINT('Ctrl Pts',(0.695299712436894,-1.64647358469665,118.748436285105));
#8931=CARTESIAN_POINT('Ctrl Pts',(0.623986907484462,-2.25587391792653,-25.05));
#8932=CARTESIAN_POINT('Ctrl Pts',(0.662884801094881,-2.15700843833338,-25.05));
#8933=CARTESIAN_POINT('Ctrl Pts',(0.695299712436894,-1.85230827171844,-25.05));
#8934=CARTESIAN_POINT('Ctrl Pts',(0.695299712436894,-1.64647358469665,-25.05));
#8935=CARTESIAN_POINT('Ctrl Pts',(0.329011214272126,-0.605954930617965,
-101.538529938886));
#8936=CARTESIAN_POINT('Ctrl Pts',(0.329011214272126,-0.605954930617965,
118.748436285105));
#8937=CARTESIAN_POINT('Ctrl Pts',(0.001620609717774,-0.605954930617965,
-101.538529938886));
#8938=CARTESIAN_POINT('Ctrl Pts',(0.001620609717774,-0.605954930617965,
118.748436285105));
#8939=CARTESIAN_POINT('Ctrl Pts',(-0.31118328473267,-1.1067653108521,-101.538529938886));
#8940=CARTESIAN_POINT('Ctrl Pts',(-0.31118328473267,-1.1067653108521,118.748436285105));
#8941=CARTESIAN_POINT('Ctrl Pts',(-0.31118328473267,-1.64809433026375,-101.538529938886));
#8942=CARTESIAN_POINT('Ctrl Pts',(-0.31118328473267,-1.64809433026375,118.748436285105));
#8943=CARTESIAN_POINT('',(0.329011214272126,-0.605954930617965,-101.538529938886));
#8944=CARTESIAN_POINT('Ctrl Pts',(0.96758496770982,-1.64647358469665,-101.538529938886));
#8945=CARTESIAN_POINT('Ctrl Pts',(0.96758496770982,-1.64647358469665,118.748436285105));
#8946=CARTESIAN_POINT('Ctrl Pts',(0.96758496770982,-1.1245935120902,-101.538529938886));
#8947=CARTESIAN_POINT('Ctrl Pts',(0.96758496770982,-1.1245935120902,118.748436285105));
#8948=CARTESIAN_POINT('Ctrl Pts',(0.658022564393579,-0.605954930617965,
-101.538529938886));
#8949=CARTESIAN_POINT('Ctrl Pts',(0.658022564393579,-0.605954930617965,
118.748436285105));
#8950=CARTESIAN_POINT('Ctrl Pts',(0.329011214272126,-0.605954930617965,
-101.538529938886));
#8951=CARTESIAN_POINT('Ctrl Pts',(0.329011214272126,-0.605954930617965,
118.748436285105));
#8952=CARTESIAN_POINT('Origin',(0.,0.,-24.85));
#8953=CARTESIAN_POINT('',(2.13938401272366,-0.646473569795485,-24.85));
#8954=CARTESIAN_POINT('',(2.13938401272366,-2.64647359959781,-24.85));
#8955=CARTESIAN_POINT('',(2.13938401272366,-1.3232367997989,-24.85));
#8956=CARTESIAN_POINT('',(3.29821709320069,-2.64647359959781,-24.85));
#8957=CARTESIAN_POINT('',(1.64910854660035,-2.64647359959781,-24.85));
#8958=CARTESIAN_POINT('',(3.29821709320069,-2.4098447468011,-24.85));
#8959=CARTESIAN_POINT('',(3.29821709320069,-1.20492237340055,-24.85));
#8960=CARTESIAN_POINT('',(2.40518628572818,-2.4098447468011,-24.85));
#8961=CARTESIAN_POINT('',(1.20259314286409,-2.4098447468011,-24.85));
#8962=CARTESIAN_POINT('',(2.40518628572818,-0.646473569795485,-24.85));
#8963=CARTESIAN_POINT('',(2.40518628572818,-0.323236784897742,-24.85));
#8964=CARTESIAN_POINT('',(1.06969200636183,-0.646473569795485,-24.85));
#8965=CARTESIAN_POINT('Origin',(3.29821709320069,-2.4098447468011,-101.538529938886));
#8966=CARTESIAN_POINT('',(3.29821709320069,-2.64647359959781,-101.538529938886));
#8967=CARTESIAN_POINT('',(3.29821709320069,-2.4098447468011,-101.538529938886));
#8968=CARTESIAN_POINT('Origin',(3.29821709320069,-2.64647359959781,-101.538529938886));
#8969=CARTESIAN_POINT('',(2.13938401272366,-2.64647359959781,-101.538529938886));
#8970=CARTESIAN_POINT('Origin',(2.13938401272366,-2.64647359959781,-101.538529938886));
#8971=CARTESIAN_POINT('',(2.13938401272366,-0.646473569795485,-101.538529938886));
#8972=CARTESIAN_POINT('Origin',(2.13938401272366,-0.646473569795485,-101.538529938886));
#8973=CARTESIAN_POINT('',(2.40518628572818,-0.646473569795485,-101.538529938886));
#8974=CARTESIAN_POINT('Origin',(2.40518628572818,-0.646473569795485,-101.538529938886));
#8975=CARTESIAN_POINT('',(2.40518628572818,-2.4098447468011,-101.538529938886));
#8976=CARTESIAN_POINT('Origin',(2.40518628572818,-2.4098447468011,-101.538529938886));
#8977=CARTESIAN_POINT('Origin',(0.,0.,-25.05));
#8978=CARTESIAN_POINT('Origin',(0.,0.,-25.05));
#8979=CARTESIAN_POINT('Origin',(0.,0.,-25.05));
#8980=CARTESIAN_POINT('Origin',(0.,0.,-25.05));
#8981=CARTESIAN_POINT('Origin',(0.,0.,-25.05));
#8982=CARTESIAN_POINT('Origin',(0.,0.,-25.05));
#8983=CARTESIAN_POINT('Origin',(20.25,-20.25,-2.4));
#8984=CARTESIAN_POINT('',(18.3,-20.25,-2.4));
#8985=CARTESIAN_POINT('Origin',(20.25,-20.25,-2.4));
#8986=CARTESIAN_POINT('',(18.929,-20.25,-2.4));
#8987=CARTESIAN_POINT('Origin',(20.25,-20.25,-2.4));
#8988=CARTESIAN_POINT('Origin',(20.25,-20.25,-1.2));
#8989=CARTESIAN_POINT('',(18.3,-20.25,0.));
#8990=CARTESIAN_POINT('',(18.3,-20.25,-1.2));
#8991=CARTESIAN_POINT('Origin',(20.25,-20.25,0.));
#8992=CARTESIAN_POINT('Origin',(20.25,-20.25,-5.));
#8993=CARTESIAN_POINT('',(18.929,-20.25,-10.));
#8994=CARTESIAN_POINT('Origin',(20.25,-20.25,-10.));
#8995=CARTESIAN_POINT('',(18.929,-20.25,-5.));
#8996=CARTESIAN_POINT('Origin',(20.25,-20.25,-10.));
#8997=CARTESIAN_POINT('Origin',(-20.25,20.25,-2.4));
#8998=CARTESIAN_POINT('',(-22.2,20.25,-2.4));
#8999=CARTESIAN_POINT('Origin',(-20.25,20.25,-2.4));
#9000=CARTESIAN_POINT('',(-21.571,20.25,-2.4));
#9001=CARTESIAN_POINT('Origin',(-20.25,20.25,-2.4));
#9002=CARTESIAN_POINT('Origin',(-20.25,20.25,-1.2));
#9003=CARTESIAN_POINT('',(-22.2,20.25,0.));
#9004=CARTESIAN_POINT('',(-22.2,20.25,-1.2));
#9005=CARTESIAN_POINT('Origin',(-20.25,20.25,0.));
#9006=CARTESIAN_POINT('Origin',(-20.25,20.25,-5.));
#9007=CARTESIAN_POINT('',(-21.571,20.25,-10.));
#9008=CARTESIAN_POINT('Origin',(-20.25,20.25,-10.));
#9009=CARTESIAN_POINT('',(-21.571,20.25,-5.));
#9010=CARTESIAN_POINT('Origin',(-20.25,20.25,-10.));
#9011=CARTESIAN_POINT('Origin',(20.25,20.25,-2.4));
#9012=CARTESIAN_POINT('',(18.3,20.25,-2.4));
#9013=CARTESIAN_POINT('Origin',(20.25,20.25,-2.4));
#9014=CARTESIAN_POINT('',(18.929,20.25,-2.4));
#9015=CARTESIAN_POINT('Origin',(20.25,20.25,-2.4));
#9016=CARTESIAN_POINT('Origin',(20.25,20.25,-1.2));
#9017=CARTESIAN_POINT('',(18.3,20.25,0.));
#9018=CARTESIAN_POINT('',(18.3,20.25,-1.2));
#9019=CARTESIAN_POINT('Origin',(20.25,20.25,0.));
#9020=CARTESIAN_POINT('Origin',(20.25,20.25,-5.));
#9021=CARTESIAN_POINT('',(18.929,20.25,-10.));
#9022=CARTESIAN_POINT('Origin',(20.25,20.25,-10.));
#9023=CARTESIAN_POINT('',(18.929,20.25,-5.));
#9024=CARTESIAN_POINT('Origin',(20.25,20.25,-10.));
#9025=CARTESIAN_POINT('Origin',(-20.25,-20.25,-2.4));
#9026=CARTESIAN_POINT('',(-22.2,-20.25,-2.4));
#9027=CARTESIAN_POINT('Origin',(-20.25,-20.25,-2.4));
#9028=CARTESIAN_POINT('',(-21.571,-20.25,-2.4));
#9029=CARTESIAN_POINT('Origin',(-20.25,-20.25,-2.4));
#9030=CARTESIAN_POINT('Origin',(-20.25,-20.25,-1.2));
#9031=CARTESIAN_POINT('',(-22.2,-20.25,0.));
#9032=CARTESIAN_POINT('',(-22.2,-20.25,-1.2));
#9033=CARTESIAN_POINT('Origin',(-20.25,-20.25,0.));
#9034=CARTESIAN_POINT('Origin',(-20.25,-20.25,-5.));
#9035=CARTESIAN_POINT('',(-21.571,-20.25,-10.));
#9036=CARTESIAN_POINT('Origin',(-20.25,-20.25,-10.));
#9037=CARTESIAN_POINT('',(-21.571,-20.25,-5.));
#9038=CARTESIAN_POINT('Origin',(-20.25,-20.25,-10.));
#9039=CARTESIAN_POINT('Origin',(8.32667268468867E-16,0.,0.));
#9040=CARTESIAN_POINT('',(-25.3,20.3014925510941,0.));
#9041=CARTESIAN_POINT('',(-20.3014925510941,25.3,0.));
#9042=CARTESIAN_POINT('Origin',(-20.2985070032311,20.2985070032311,0.));
#9043=CARTESIAN_POINT('',(-25.3,-20.3014925510941,0.));
#9044=CARTESIAN_POINT('',(-25.3,-25.3,0.));
#9045=CARTESIAN_POINT('',(-20.3014925510941,-25.3,0.));
#9046=CARTESIAN_POINT('Origin',(-20.2985070032311,-20.2985070032311,0.));
#9047=CARTESIAN_POINT('',(20.3014925510941,-25.3,0.));
#9048=CARTESIAN_POINT('',(25.3,-25.3,0.));
#9049=CARTESIAN_POINT('',(25.3,-20.3014925510941,0.));
#9050=CARTESIAN_POINT('Origin',(20.2985070032311,-20.2985070032311,0.));
#9051=CARTESIAN_POINT('',(25.3,20.3014925510941,0.));
#9052=CARTESIAN_POINT('',(25.3,25.3,0.));
#9053=CARTESIAN_POINT('',(20.3014925510941,25.3,0.));
#9054=CARTESIAN_POINT('Origin',(20.2985070032311,20.2985070032311,0.));
#9055=CARTESIAN_POINT('',(-25.3,25.3,0.));
#9056=CARTESIAN_POINT('',(-20.8489704372908,16.85,0.));
#9057=CARTESIAN_POINT('',(-25.2023443333728,16.85,0.));
#9058=CARTESIAN_POINT('',(-16.85,20.8489704372908,0.));
#9059=CARTESIAN_POINT('Origin',(-20.8510298277773,20.8510298277773,0.));
#9060=CARTESIAN_POINT('',(-16.85,16.85,0.));
#9061=CARTESIAN_POINT('',(4.16333634234434E-16,23.3494177312601,0.));
#9062=CARTESIAN_POINT('',(16.85,20.8489704372908,0.));
#9063=CARTESIAN_POINT('',(16.85,25.2023443333728,0.));
#9064=CARTESIAN_POINT('',(20.8489704372908,16.85,0.));
#9065=CARTESIAN_POINT('Origin',(20.8510298277773,20.8510298277773,0.));
#9066=CARTESIAN_POINT('',(16.85,16.85,0.));
#9067=CARTESIAN_POINT('',(23.3494177312601,-12.65,0.));
#9068=CARTESIAN_POINT('Origin',(20.8501808663219,20.8501808663219,-0.0374104315904865));
#9069=CARTESIAN_POINT('',(20.8501808663219,16.8512104290311,0.0533389027006389));
#9070=CARTESIAN_POINT('',(16.8512104290311,20.8501808663219,0.0533389027006391));
#9071=CARTESIAN_POINT('Origin',(16.85,23.2018294194842,0.));
#9072=CARTESIAN_POINT('Origin',(-20.8501808663219,20.8501808663219,-0.0374104315904866));
#9073=CARTESIAN_POINT('',(-16.8512104290311,20.8501808663219,0.053338902700639));
#9074=CARTESIAN_POINT('',(-20.8501808663219,16.8512104290311,0.0533389027006391));
#9075=CARTESIAN_POINT('Origin',(-16.85,23.2018294194842,0.));
#9076=CARTESIAN_POINT('Origin',(23.2018294194842,16.85,0.));
#9077=CARTESIAN_POINT('Origin',(-23.2018294194842,16.85,0.));
#9078=CARTESIAN_POINT('Origin',(23.1763455245452,-12.65,-25.5));
#9079=CARTESIAN_POINT('',(24.675897759217,19.677390310311,-25.536648267229));
#9080=CARTESIAN_POINT('',(24.675897759217,-19.6773903103111,-25.536648267229));
#9081=CARTESIAN_POINT('',(24.675897759217,-12.65,-25.536648267229));
#9082=CARTESIAN_POINT('',(23.1763455245452,-19.6773903103111,-27.));
#9083=CARTESIAN_POINT('Origin',(23.1763455245452,-19.6773903103111,-25.5));
#9084=CARTESIAN_POINT('',(23.1763455245452,19.677390310311,-27.));
#9085=CARTESIAN_POINT('',(23.1763455245452,-12.65,-27.));
#9086=CARTESIAN_POINT('Origin',(23.1763455245452,19.677390310311,-25.5));
#9087=CARTESIAN_POINT('Origin',(25.3,-25.3,0.));
#9088=CARTESIAN_POINT('',(25.2803419562518,20.2818345073459,-0.80435626731554));
#9089=CARTESIAN_POINT('',(25.2878886327196,-20.2893811838137,-0.495565800062373));
#9090=CARTESIAN_POINT('Origin',(-12.65,-23.1763455245452,-25.5));
#9091=CARTESIAN_POINT('',(19.6773903103111,-24.675897759217,-25.536648267229));
#9092=CARTESIAN_POINT('',(-19.677390310311,-24.675897759217,-25.536648267229));
#9093=CARTESIAN_POINT('',(-12.65,-24.675897759217,-25.536648267229));
#9094=CARTESIAN_POINT('',(-19.677390310311,-23.1763455245452,-27.));
#9095=CARTESIAN_POINT('Origin',(-19.677390310311,-23.1763455245452,-25.5));
#9096=CARTESIAN_POINT('',(19.6773903103111,-23.1763455245452,-27.));
#9097=CARTESIAN_POINT('',(-12.65,-23.1763455245452,-27.));
#9098=CARTESIAN_POINT('Origin',(19.6773903103111,-23.1763455245452,-25.5));
#9099=CARTESIAN_POINT('Origin',(-25.3,-25.3,0.));
#9100=CARTESIAN_POINT('',(20.2893811838137,-25.2878886327196,-0.495565800062373));
#9101=CARTESIAN_POINT('',(-20.2969278602815,-25.2954353091874,-0.186775332809208));
#9102=CARTESIAN_POINT('Origin',(0.,0.,-27.));
#9103=CARTESIAN_POINT('Origin',(19.675300426807,-19.675300426807,-27.));
#9104=CARTESIAN_POINT('',(-23.1763455245452,-19.6773903103111,-27.));
#9105=CARTESIAN_POINT('Origin',(-19.675300426807,-19.675300426807,-27.));
#9106=CARTESIAN_POINT('',(-23.1763455245452,19.677390310311,-27.));
#9107=CARTESIAN_POINT('',(-23.1763455245452,-1.53186668347029E-19,-27.));
#9108=CARTESIAN_POINT('',(-19.677390310311,23.1763455245452,-27.));
#9109=CARTESIAN_POINT('Origin',(-19.675300426807,19.675300426807,-27.));
#9110=CARTESIAN_POINT('',(19.6773903103111,23.1763455245452,-27.));
#9111=CARTESIAN_POINT('',(0.,23.1763455245452,-27.));
#9112=CARTESIAN_POINT('Origin',(19.675300426807,19.675300426807,-27.));
#9113=CARTESIAN_POINT('Origin',(-23.1763455245452,-1.53186668347029E-19,
-25.5));
#9114=CARTESIAN_POINT('',(-24.675897759217,-19.6773903103111,-25.536648267229));
#9115=CARTESIAN_POINT('',(-24.675897759217,19.677390310311,-25.536648267229));
#9116=CARTESIAN_POINT('',(-24.675897759217,-1.53186668347029E-19,-25.536648267229));
#9117=CARTESIAN_POINT('Origin',(-23.1763455245452,19.677390310311,-25.5));
#9118=CARTESIAN_POINT('Origin',(-23.1763455245452,-19.6773903103111,-25.5));
#9119=CARTESIAN_POINT('Origin',(-25.3,-3.06373336694058E-19,0.));
#9120=CARTESIAN_POINT('',(-25.2954353091874,-20.2969278602815,-0.186775332809207));
#9121=CARTESIAN_POINT('',(-25.2878886327196,20.2893811838137,-0.495565800062369));
#9122=CARTESIAN_POINT('Origin',(0.,23.3505820949267,0.0476427473976736));
#9123=CARTESIAN_POINT('Origin',(0.,0.,-25.05));
#9124=CARTESIAN_POINT('Origin',(23.3505820949267,-25.3,0.0476427473976736));
#9125=CARTESIAN_POINT('Ctrl Pts',(-24.6758898352476,19.667765961111,-25.5365777039285));
#9126=CARTESIAN_POINT('Ctrl Pts',(-24.6779437988827,20.7927012054967,-25.5448337071278));
#9127=CARTESIAN_POINT('Ctrl Pts',(-24.0228785012311,22.659525021064,-25.5537107062415));
#9128=CARTESIAN_POINT('Ctrl Pts',(-21.9154857128462,24.3356717620677,-25.5505515200474));
#9129=CARTESIAN_POINT('Ctrl Pts',(-20.418787817052,24.6772288680728,-25.542089286347));
#9130=CARTESIAN_POINT('Ctrl Pts',(-19.6677659891426,24.6758900427452,-25.5365777056539));
#9131=CARTESIAN_POINT('Ctrl Pts',(-24.6651163896728,19.6677780540735,-25.9782774749726));
#9132=CARTESIAN_POINT('Ctrl Pts',(-24.6646929522925,20.7913098181595,-25.9848926179264));
#9133=CARTESIAN_POINT('Ctrl Pts',(-24.0105535233292,22.6499604879334,-25.9919823707619));
#9134=CARTESIAN_POINT('Ctrl Pts',(-21.9092566472105,24.3226967515225,-25.9894612313639));
#9135=CARTESIAN_POINT('Ctrl Pts',(-20.4178642722223,24.66480123456,-25.9826936462564));
#9136=CARTESIAN_POINT('Ctrl Pts',(-19.6677780734202,24.6651165986592,-25.9782774763406));
#9137=CARTESIAN_POINT('Ctrl Pts',(-24.2812775948187,19.6685277072751,-26.7358876251237));
#9138=CARTESIAN_POINT('Ctrl Pts',(-24.2794239989152,20.7044332810929,-26.7378533841657));
#9139=CARTESIAN_POINT('Ctrl Pts',(-23.6724677029534,22.4197189088024,-26.7399463832501));
#9140=CARTESIAN_POINT('Ctrl Pts',(-21.7365214239215,23.9614450178477,-26.7392023866987));
#9141=CARTESIAN_POINT('Ctrl Pts',(-20.3601113456877,24.2800120784281,-26.7371999420003));
#9142=CARTESIAN_POINT('Ctrl Pts',(-19.6685277383376,24.2812777752443,-26.7358876254961));
#9143=CARTESIAN_POINT('Ctrl Pts',(-23.5047294262063,19.6700212653378,-27.0010205883815));
#9144=CARTESIAN_POINT('Ctrl Pts',(-23.5052972086909,20.531348556533,-27.0009928944948));
#9145=CARTESIAN_POINT('Ctrl Pts',(-23.0026510023761,21.9597315423809,-27.000978348295));
#9146=CARTESIAN_POINT('Ctrl Pts',(-21.3905845898105,23.2424086947916,-27.0009841500723));
#9147=CARTESIAN_POINT('Ctrl Pts',(-20.2450545662361,23.5050843754006,-27.0010020905103));
#9148=CARTESIAN_POINT('Ctrl Pts',(-19.6700212890547,23.5047295814479,-27.0010205884391));
#9149=CARTESIAN_POINT('Ctrl Pts',(-23.1718744404888,19.6706606341154,-26.9999931095916));
#9150=CARTESIAN_POINT('Ctrl Pts',(-23.1734672037097,20.4572541934789,-26.9999934323507));
#9151=CARTESIAN_POINT('Ctrl Pts',(-22.7156749428941,21.7625316154847,-26.9999935742043));
#9152=CARTESIAN_POINT('Ctrl Pts',(-21.2423061986765,22.9342926473338,-26.9999935152562));
#9153=CARTESIAN_POINT('Ctrl Pts',(-20.1958010442086,23.1729152530442,-26.9999933251936));
#9154=CARTESIAN_POINT('Ctrl Pts',(-19.6706606537118,23.171874585631,-26.9999931095908));
#9155=CARTESIAN_POINT('',(-19.677390310311,24.675897759217,-25.536648267229));
#9156=CARTESIAN_POINT('Origin',(-19.675300426807,19.675300426807,-25.5));
#9157=CARTESIAN_POINT('Origin',(-19.677390310311,23.1763455245452,-25.5));
#9158=CARTESIAN_POINT('Origin',(-20.2893811838137,20.2893811838137,-0.373404909299105));
#9159=CARTESIAN_POINT('',(-20.2893811838137,25.2878886327196,-0.495565800062371));
#9160=CARTESIAN_POINT('Ctrl Pts',(19.667765961111,24.6758898352477,-25.5365777039285));
#9161=CARTESIAN_POINT('Ctrl Pts',(20.7927012054967,24.6779437988826,-25.5448337071278));
#9162=CARTESIAN_POINT('Ctrl Pts',(22.659525021064,24.0228785012311,-25.5537107062415));
#9163=CARTESIAN_POINT('Ctrl Pts',(24.3356717620677,21.9154857128462,-25.5505515200474));
#9164=CARTESIAN_POINT('Ctrl Pts',(24.6772288680728,20.418787817052,-25.542089286347));
#9165=CARTESIAN_POINT('Ctrl Pts',(24.6758900427452,19.6677659891426,-25.536577705654));
#9166=CARTESIAN_POINT('Ctrl Pts',(19.6677780540736,24.6651163896728,-25.9782774749726));
#9167=CARTESIAN_POINT('Ctrl Pts',(20.7913098181595,24.6646929522924,-25.9848926179264));
#9168=CARTESIAN_POINT('Ctrl Pts',(22.6499604879334,24.0105535233292,-25.9919823707619));
#9169=CARTESIAN_POINT('Ctrl Pts',(24.3226967515225,21.9092566472105,-25.989461231364));
#9170=CARTESIAN_POINT('Ctrl Pts',(24.66480123456,20.4178642722223,-25.9826936462564));
#9171=CARTESIAN_POINT('Ctrl Pts',(24.6651165986592,19.6677780734202,-25.9782774763406));
#9172=CARTESIAN_POINT('Ctrl Pts',(19.6685277072751,24.2812775948187,-26.7358876251237));
#9173=CARTESIAN_POINT('Ctrl Pts',(20.7044332810929,24.2794239989152,-26.7378533841657));
#9174=CARTESIAN_POINT('Ctrl Pts',(22.4197189088024,23.6724677029534,-26.7399463832501));
#9175=CARTESIAN_POINT('Ctrl Pts',(23.9614450178477,21.7365214239215,-26.7392023866987));
#9176=CARTESIAN_POINT('Ctrl Pts',(24.2800120784281,20.3601113456877,-26.7371999420003));
#9177=CARTESIAN_POINT('Ctrl Pts',(24.2812777752443,19.6685277383377,-26.7358876254961));
#9178=CARTESIAN_POINT('Ctrl Pts',(19.6700212653379,23.5047294262063,-27.0010205883815));
#9179=CARTESIAN_POINT('Ctrl Pts',(20.531348556533,23.5052972086909,-27.0009928944948));
#9180=CARTESIAN_POINT('Ctrl Pts',(21.9597315423809,23.0026510023761,-27.000978348295));
#9181=CARTESIAN_POINT('Ctrl Pts',(23.2424086947916,21.3905845898105,-27.0009841500723));
#9182=CARTESIAN_POINT('Ctrl Pts',(23.5050843754006,20.2450545662361,-27.0010020905103));
#9183=CARTESIAN_POINT('Ctrl Pts',(23.5047295814479,19.6700212890547,-27.0010205884391));
#9184=CARTESIAN_POINT('Ctrl Pts',(19.6706606341155,23.1718744404888,-26.9999931095916));
#9185=CARTESIAN_POINT('Ctrl Pts',(20.4572541934789,23.1734672037097,-26.9999934323507));
#9186=CARTESIAN_POINT('Ctrl Pts',(21.7625316154847,22.7156749428941,-26.9999935742043));
#9187=CARTESIAN_POINT('Ctrl Pts',(22.9342926473338,21.2423061986765,-26.9999935152562));
#9188=CARTESIAN_POINT('Ctrl Pts',(23.1729152530442,20.1958010442086,-26.9999933251936));
#9189=CARTESIAN_POINT('Ctrl Pts',(23.171874585631,19.6706606537118,-26.9999931095908));
#9190=CARTESIAN_POINT('',(19.6773903103111,24.675897759217,-25.536648267229));
#9191=CARTESIAN_POINT('Origin',(19.6773903103111,23.1763455245452,-25.5));
#9192=CARTESIAN_POINT('Origin',(19.675300426807,19.675300426807,-25.5));
#9193=CARTESIAN_POINT('Origin',(20.2818345073459,20.2818345073459,-0.682195376552274));
#9194=CARTESIAN_POINT('',(20.2818345073459,25.2803419562518,-0.80435626731554));
#9195=CARTESIAN_POINT('Ctrl Pts',(-19.667765961111,-24.6758898352476,-25.5365777039285));
#9196=CARTESIAN_POINT('Ctrl Pts',(-20.7927012054967,-24.6779437988827,-25.5448337071279));
#9197=CARTESIAN_POINT('Ctrl Pts',(-22.659525021064,-24.0228785012311,-25.5537107062415));
#9198=CARTESIAN_POINT('Ctrl Pts',(-24.3356717620677,-21.9154857128462,-25.5505515200474));
#9199=CARTESIAN_POINT('Ctrl Pts',(-24.6772288680728,-20.418787817052,-25.542089286347));
#9200=CARTESIAN_POINT('Ctrl Pts',(-24.6758900427452,-19.6677659891427,-25.536577705654));
#9201=CARTESIAN_POINT('Ctrl Pts',(-19.6677780540735,-24.6651163896728,-25.9782774749726));
#9202=CARTESIAN_POINT('Ctrl Pts',(-20.7913098181595,-24.6646929522926,-25.9848926179264));
#9203=CARTESIAN_POINT('Ctrl Pts',(-22.6499604879334,-24.0105535233292,-25.9919823707619));
#9204=CARTESIAN_POINT('Ctrl Pts',(-24.3226967515225,-21.9092566472105,-25.989461231364));
#9205=CARTESIAN_POINT('Ctrl Pts',(-24.66480123456,-20.4178642722223,-25.9826936462565));
#9206=CARTESIAN_POINT('Ctrl Pts',(-24.6651165986592,-19.6677780734203,-25.9782774763406));
#9207=CARTESIAN_POINT('Ctrl Pts',(-19.6685277072751,-24.2812775948187,-26.7358876251237));
#9208=CARTESIAN_POINT('Ctrl Pts',(-20.7044332810929,-24.2794239989152,-26.7378533841657));
#9209=CARTESIAN_POINT('Ctrl Pts',(-22.4197189088024,-23.6724677029534,-26.7399463832501));
#9210=CARTESIAN_POINT('Ctrl Pts',(-23.9614450178477,-21.7365214239215,-26.7392023866987));
#9211=CARTESIAN_POINT('Ctrl Pts',(-24.2800120784281,-20.3601113456877,-26.7371999420003));
#9212=CARTESIAN_POINT('Ctrl Pts',(-24.2812777752443,-19.6685277383377,-26.7358876254961));
#9213=CARTESIAN_POINT('Ctrl Pts',(-19.6700212653378,-23.5047294262063,-27.0010205883815));
#9214=CARTESIAN_POINT('Ctrl Pts',(-20.531348556533,-23.5052972086909,-27.0009928944948));
#9215=CARTESIAN_POINT('Ctrl Pts',(-21.9597315423809,-23.0026510023761,-27.000978348295));
#9216=CARTESIAN_POINT('Ctrl Pts',(-23.2424086947916,-21.3905845898105,-27.0009841500723));
#9217=CARTESIAN_POINT('Ctrl Pts',(-23.5050843754006,-20.2450545662361,-27.0010020905103));
#9218=CARTESIAN_POINT('Ctrl Pts',(-23.5047295814479,-19.6700212890548,-27.0010205884391));
#9219=CARTESIAN_POINT('Ctrl Pts',(-19.6706606341154,-23.1718744404888,-26.9999931095916));
#9220=CARTESIAN_POINT('Ctrl Pts',(-20.4572541934789,-23.1734672037097,-26.9999934323507));
#9221=CARTESIAN_POINT('Ctrl Pts',(-21.7625316154847,-22.7156749428941,-26.9999935742043));
#9222=CARTESIAN_POINT('Ctrl Pts',(-22.9342926473338,-21.2423061986765,-26.9999935152562));
#9223=CARTESIAN_POINT('Ctrl Pts',(-23.1729152530442,-20.1958010442086,-26.9999933251936));
#9224=CARTESIAN_POINT('Ctrl Pts',(-23.171874585631,-19.6706606537119,-26.9999931095908));
#9225=CARTESIAN_POINT('Origin',(-19.675300426807,-19.675300426807,-25.5));
#9226=CARTESIAN_POINT('Origin',(-20.2969278602815,-20.2969278602815,-0.0646144420459425));
#9227=CARTESIAN_POINT('Ctrl Pts',(24.6758898352477,-19.6677659611111,-25.5365777039285));
#9228=CARTESIAN_POINT('Ctrl Pts',(24.6779437988826,-20.7927012054967,-25.5448337071278));
#9229=CARTESIAN_POINT('Ctrl Pts',(24.0228785012311,-22.659525021064,-25.5537107062415));
#9230=CARTESIAN_POINT('Ctrl Pts',(21.9154857128462,-24.3356717620677,-25.5505515200474));
#9231=CARTESIAN_POINT('Ctrl Pts',(20.4187878170521,-24.6772288680728,-25.542089286347));
#9232=CARTESIAN_POINT('Ctrl Pts',(19.6677659891427,-24.6758900427452,-25.536577705654));
#9233=CARTESIAN_POINT('Ctrl Pts',(24.6651163896728,-19.6677780540737,-25.9782774749726));
#9234=CARTESIAN_POINT('Ctrl Pts',(24.6646929522924,-20.7913098181595,-25.9848926179264));
#9235=CARTESIAN_POINT('Ctrl Pts',(24.0105535233292,-22.6499604879334,-25.9919823707619));
#9236=CARTESIAN_POINT('Ctrl Pts',(21.9092566472105,-24.3226967515225,-25.9894612313639));
#9237=CARTESIAN_POINT('Ctrl Pts',(20.4178642722223,-24.66480123456,-25.9826936462564));
#9238=CARTESIAN_POINT('Ctrl Pts',(19.6677780734203,-24.6651165986592,-25.9782774763406));
#9239=CARTESIAN_POINT('Ctrl Pts',(24.2812775948187,-19.6685277072752,-26.7358876251237));
#9240=CARTESIAN_POINT('Ctrl Pts',(24.2794239989152,-20.7044332810929,-26.7378533841657));
#9241=CARTESIAN_POINT('Ctrl Pts',(23.6724677029534,-22.4197189088024,-26.7399463832501));
#9242=CARTESIAN_POINT('Ctrl Pts',(21.7365214239215,-23.9614450178477,-26.7392023866987));
#9243=CARTESIAN_POINT('Ctrl Pts',(20.3601113456877,-24.2800120784281,-26.7371999420003));
#9244=CARTESIAN_POINT('Ctrl Pts',(19.6685277383377,-24.2812777752443,-26.7358876254961));
#9245=CARTESIAN_POINT('Ctrl Pts',(23.5047294262063,-19.6700212653379,-27.0010205883815));
#9246=CARTESIAN_POINT('Ctrl Pts',(23.5052972086909,-20.531348556533,-27.0009928944948));
#9247=CARTESIAN_POINT('Ctrl Pts',(23.0026510023761,-21.9597315423809,-27.000978348295));
#9248=CARTESIAN_POINT('Ctrl Pts',(21.3905845898105,-23.2424086947916,-27.0009841500723));
#9249=CARTESIAN_POINT('Ctrl Pts',(20.2450545662361,-23.5050843754006,-27.0010020905103));
#9250=CARTESIAN_POINT('Ctrl Pts',(19.6700212890548,-23.5047295814479,-27.0010205884391));
#9251=CARTESIAN_POINT('Ctrl Pts',(23.1718744404888,-19.6706606341155,-26.9999931095916));
#9252=CARTESIAN_POINT('Ctrl Pts',(23.1734672037097,-20.4572541934789,-26.9999934323507));
#9253=CARTESIAN_POINT('Ctrl Pts',(22.7156749428941,-21.7625316154847,-26.9999935742043));
#9254=CARTESIAN_POINT('Ctrl Pts',(21.2423061986765,-22.9342926473338,-26.9999935152562));
#9255=CARTESIAN_POINT('Ctrl Pts',(20.1958010442086,-23.1729152530442,-26.9999933251936));
#9256=CARTESIAN_POINT('Ctrl Pts',(19.6706606537119,-23.171874585631,-26.9999931095908));
#9257=CARTESIAN_POINT('Origin',(19.675300426807,-19.675300426807,-25.5));
#9258=CARTESIAN_POINT('Origin',(20.2893811838137,-20.2893811838137,-0.373404909299108));
#9259=CARTESIAN_POINT('Origin',(0.,23.1763455245452,-25.5));
#9260=CARTESIAN_POINT('',(0.,24.675897759217,-25.536648267229));
#9261=CARTESIAN_POINT('Origin',(0.,25.3,0.));
#9262=CARTESIAN_POINT('',(0.,0.,0.));
#9263=UNCERTAINTY_MEASURE_WITH_UNIT(LENGTH_MEASURE(0.01),#9269,
'DISTANCE_ACCURACY_VALUE',
'Maximum model space distance between geometric entities at asserted c
onnectivities');
#9264=UNCERTAINTY_MEASURE_WITH_UNIT(LENGTH_MEASURE(0.01),#9269,
'DISTANCE_ACCURACY_VALUE',
'Maximum model space distance between geometric entities at asserted c
onnectivities');
#9265=UNCERTAINTY_MEASURE_WITH_UNIT(LENGTH_MEASURE(0.01),#9269,
'DISTANCE_ACCURACY_VALUE',
'Maximum model space distance between geometric entities at asserted c
onnectivities');
#9266=(
GEOMETRIC_REPRESENTATION_CONTEXT(3)
GLOBAL_UNCERTAINTY_ASSIGNED_CONTEXT((#9263))
GLOBAL_UNIT_ASSIGNED_CONTEXT((#9269,#9271,#9272))
REPRESENTATION_CONTEXT('','3D')
);
#9267=(
GEOMETRIC_REPRESENTATION_CONTEXT(3)
GLOBAL_UNCERTAINTY_ASSIGNED_CONTEXT((#9264))
GLOBAL_UNIT_ASSIGNED_CONTEXT((#9269,#9271,#9272))
REPRESENTATION_CONTEXT('','3D')
);
#9268=(
GEOMETRIC_REPRESENTATION_CONTEXT(3)
GLOBAL_UNCERTAINTY_ASSIGNED_CONTEXT((#9265))
GLOBAL_UNIT_ASSIGNED_CONTEXT((#9269,#9271,#9272))
REPRESENTATION_CONTEXT('','3D')
);
#9269=(
LENGTH_UNIT()
NAMED_UNIT(*)
SI_UNIT(.MILLI.,.METRE.)
);
#9270=(
LENGTH_UNIT()
NAMED_UNIT(*)
SI_UNIT($,.METRE.)
);
#9271=(
NAMED_UNIT(*)
PLANE_ANGLE_UNIT()
SI_UNIT($,.RADIAN.)
);
#9272=(
NAMED_UNIT(*)
SI_UNIT($,.STERADIAN.)
SOLID_ANGLE_UNIT()
);
#9273=SHAPE_DEFINITION_REPRESENTATION(#9275,#9278);
#9274=SHAPE_DEFINITION_REPRESENTATION(#9276,#9279);
#9275=PRODUCT_DEFINITION_SHAPE('',$,#9281);
#9276=PRODUCT_DEFINITION_SHAPE('',$,#9282);
#9277=PRODUCT_DEFINITION_SHAPE($,$,#14);
#9278=SHAPE_REPRESENTATION('',(#5037,#5322),#9266);
#9279=SHAPE_REPRESENTATION('',(#5038),#9267);
#9280=PRODUCT_DEFINITION_CONTEXT('part definition',#9288,'design');
#9281=PRODUCT_DEFINITION('1590LB','(Sin guardar)',#9283,#9280);
#9282=PRODUCT_DEFINITION('1590LB Box','1590LB Box',#9284,#9280);
#9283=PRODUCT_DEFINITION_FORMATION('',$,#9290);
#9284=PRODUCT_DEFINITION_FORMATION('',$,#9291);
#9285=PRODUCT_RELATED_PRODUCT_CATEGORY('(Sin guardar)','(Sin guardar)',
(#9290));
#9286=PRODUCT_RELATED_PRODUCT_CATEGORY('1590LB Box','1590LB Box',(#9291));
#9287=APPLICATION_PROTOCOL_DEFINITION('international standard',
'automotive_design',2009,#9288);
#9288=APPLICATION_CONTEXT(
'Core Data for Automotive Mechanical Design Process');
#9289=PRODUCT_CONTEXT('part definition',#9288,'mechanical');
#9290=PRODUCT('1590LB','(Sin guardar)',$,(#9289));
#9291=PRODUCT('1590LB Box','1590LB Box',$,(#9289));
#9292=PRESENTATION_STYLE_ASSIGNMENT((#9293));
#9293=SURFACE_STYLE_USAGE(.BOTH.,#9294);
#9294=SURFACE_SIDE_STYLE('',(#9295));
#9295=SURFACE_STYLE_FILL_AREA(#9296);
#9296=FILL_AREA_STYLE('Acero - Satinado',(#9297));
#9297=FILL_AREA_STYLE_COLOUR('Acero - Satinado',#9298);
#9298=COLOUR_RGB('Acero - Satinado',0.627450980392157,0.627450980392157,
0.627450980392157);
ENDSEC;
END-ISO-10303-21;
