ISO-10303-21;
HEADER;
/* Generated by software containing ST-Developer
 * from STEP Tools, Inc. (www.steptools.com) 
 */

FILE_DESCRIPTION(
/* description */ (''),
/* implementation_level */ '2;1');

FILE_NAME(
/* name */ '1590N1_NOLID.step',
/* time_stamp */ '2026-04-30T19:41:47+09:00',
/* author */ (''),
/* organization */ (''),
/* preprocessor_version */ 'ST-DEVELOPER v20.1',
/* originating_system */ 'Autodesk Translation Framework v15.8.0.0',
/* authorisation */ '');

FILE_SCHEMA (('AUTOMOTIVE_DESIGN { 1 0 10303 214 3 1 1 }'));
ENDSEC;

DATA;
#10=MECHANICAL_DESIGN_GEOMETRIC_PRESENTATION_REPRESENTATION('',(#17),#4994);
#11=ITEM_DEFINED_TRANSFORMATION($,$,#2750,#2906);
#12=(
REPRESENTATION_RELATIONSHIP($,$,#5005,#5004)
REPRESENTATION_RELATIONSHIP_WITH_TRANSFORMATION(#11)
SHAPE_REPRESENTATION_RELATIONSHIP()
);
#13=CONTEXT_DEPENDENT_SHAPE_REPRESENTATION(#12,#5003);
#14=NEXT_ASSEMBLY_USAGE_OCCURRENCE('1590N1 Box:1','1590N1 Box:1',
'1590N1 Box:1',#5007,#5008,'1590N1 Box:1');
#15=SHAPE_REPRESENTATION_RELATIONSHIP('SRR','None',#5005,#16);
#16=ADVANCED_BREP_SHAPE_REPRESENTATION('',(#18),#4993);
#17=STYLED_ITEM('',(#5018),#18);
#18=MANIFOLD_SOLID_BREP('Cuerpo1',#2736);
#19=ELLIPSE('',#2848,3.5023991364444,3.5);
#20=ELLIPSE('',#2849,3.5023991364444,3.5);
#21=ELLIPSE('',#2852,4.50308460399994,4.5);
#22=ELLIPSE('',#2853,4.50308460399994,4.5);
#23=ELLIPSE('',#2854,4.50308460399994,4.5);
#24=ELLIPSE('',#2855,4.50308460399994,4.5);
#25=ELLIPSE('',#2856,3.5023991364444,3.5);
#26=ELLIPSE('',#2857,3.5023991364444,3.5);
#27=ELLIPSE('',#2858,3.5023991364444,3.5);
#28=ELLIPSE('',#2860,3.5023991364444,3.5);
#29=ELLIPSE('',#2863,3.5023991364444,3.5);
#30=ELLIPSE('',#2866,3.5023991364444,3.5);
#31=ELLIPSE('',#2869,4.50137119606812,4.5);
#32=ELLIPSE('',#2871,3.00205640266663,3.);
#33=ELLIPSE('',#2874,4.50137119606812,4.5);
#34=ELLIPSE('',#2876,3.00205640266663,3.);
#35=ELLIPSE('',#2879,4.50137119606812,4.5);
#36=ELLIPSE('',#2881,3.00205640266663,3.);
#37=ELLIPSE('',#2885,4.50137119606812,4.5);
#38=ELLIPSE('',#2887,3.00205640266663,3.);
#39=CYLINDRICAL_SURFACE('',#2802,1.5);
#40=CYLINDRICAL_SURFACE('',#2805,1.5);
#41=CYLINDRICAL_SURFACE('',#2809,1.5);
#42=CYLINDRICAL_SURFACE('',#2811,1.5);
#43=CYLINDRICAL_SURFACE('',#2818,2.);
#44=CYLINDRICAL_SURFACE('',#2820,1.321);
#45=CYLINDRICAL_SURFACE('',#2826,2.);
#46=CYLINDRICAL_SURFACE('',#2828,1.321);
#47=CYLINDRICAL_SURFACE('',#2834,2.);
#48=CYLINDRICAL_SURFACE('',#2836,1.321);
#49=CYLINDRICAL_SURFACE('',#2842,2.);
#50=CYLINDRICAL_SURFACE('',#2844,1.321);
#51=CYLINDRICAL_SURFACE('',#2847,3.5);
#52=CYLINDRICAL_SURFACE('',#2859,3.5);
#53=CYLINDRICAL_SURFACE('',#2862,3.5);
#54=CYLINDRICAL_SURFACE('',#2865,3.5);
#55=CYLINDRICAL_SURFACE('',#2872,4.5);
#56=CYLINDRICAL_SURFACE('',#2877,4.5);
#57=CYLINDRICAL_SURFACE('',#2882,4.5);
#58=CYLINDRICAL_SURFACE('',#2883,1.5);
#59=CYLINDRICAL_SURFACE('',#2888,4.5);
#60=CYLINDRICAL_SURFACE('',#2889,1.5);
#61=CYLINDRICAL_SURFACE('',#2890,1.5);
#62=CYLINDRICAL_SURFACE('',#2891,1.5);
#63=CIRCLE('',#2797,1.5);
#64=CIRCLE('',#2798,1.5);
#65=CIRCLE('',#2799,1.5);
#66=CIRCLE('',#2800,1.5);
#67=CIRCLE('',#2803,1.5);
#68=CIRCLE('',#2806,1.5);
#69=CIRCLE('',#2810,1.5);
#70=CIRCLE('',#2812,1.5);
#71=CIRCLE('',#2816,2.);
#72=CIRCLE('',#2817,1.321);
#73=CIRCLE('',#2819,2.);
#74=CIRCLE('',#2821,1.321);
#75=CIRCLE('',#2824,2.);
#76=CIRCLE('',#2825,1.321);
#77=CIRCLE('',#2827,2.);
#78=CIRCLE('',#2829,1.321);
#79=CIRCLE('',#2832,2.);
#80=CIRCLE('',#2833,1.321);
#81=CIRCLE('',#2835,2.);
#82=CIRCLE('',#2837,1.321);
#83=CIRCLE('',#2840,2.);
#84=CIRCLE('',#2841,1.321);
#85=CIRCLE('',#2843,2.);
#86=CIRCLE('',#2845,1.321);
#87=CIRCLE('',#2868,1.5);
#88=CIRCLE('',#2870,1.5);
#89=CIRCLE('',#2873,1.5);
#90=CIRCLE('',#2875,1.5);
#91=CIRCLE('',#2878,1.5);
#92=CIRCLE('',#2880,1.5);
#93=CIRCLE('',#2884,1.5);
#94=CIRCLE('',#2886,1.49999999999999);
#95=FACE_BOUND('',#421,.T.);
#96=FACE_BOUND('',#489,.T.);
#97=FACE_BOUND('',#502,.T.);
#98=FACE_BOUND('',#503,.T.);
#99=FACE_BOUND('',#504,.T.);
#100=FACE_BOUND('',#505,.T.);
#101=FACE_BOUND('',#506,.T.);
#102=FACE_BOUND('',#507,.T.);
#103=FACE_BOUND('',#519,.T.);
#104=FACE_BOUND('',#524,.T.);
#105=FACE_BOUND('',#529,.T.);
#106=FACE_BOUND('',#534,.T.);
#107=FACE_BOUND('',#541,.T.);
#108=FACE_BOUND('',#542,.T.);
#109=FACE_BOUND('',#543,.T.);
#110=FACE_BOUND('',#544,.T.);
#111=FACE_BOUND('',#545,.T.);
#112=FACE_BOUND('',#576,.T.);
#113=B_SPLINE_CURVE_WITH_KNOTS('',2,(#3538,#3539,#3540,#3541),
 .UNSPECIFIED.,.F.,.F.,(3,1,3),(0.,1.,2.),.UNSPECIFIED.);
#114=B_SPLINE_CURVE_WITH_KNOTS('',2,(#3544,#3545,#3546,#3547),
 .UNSPECIFIED.,.F.,.F.,(3,1,3),(0.,1.,2.),.UNSPECIFIED.);
#115=B_SPLINE_CURVE_WITH_KNOTS('',2,(#3555,#3556,#3557,#3558),
 .UNSPECIFIED.,.F.,.F.,(3,1,3),(0.,1.,2.),.UNSPECIFIED.);
#116=B_SPLINE_CURVE_WITH_KNOTS('',2,(#3560,#3561,#3562,#3563),
 .UNSPECIFIED.,.F.,.F.,(3,1,3),(0.,1.,2.),.UNSPECIFIED.);
#117=B_SPLINE_CURVE_WITH_KNOTS('',2,(#3565,#3566,#3567,#3568),
 .UNSPECIFIED.,.F.,.F.,(3,1,3),(0.,1.,2.),.UNSPECIFIED.);
#118=B_SPLINE_CURVE_WITH_KNOTS('',2,(#3569,#3570,#3571,#3572),
 .UNSPECIFIED.,.F.,.F.,(3,1,3),(0.,1.,2.),.UNSPECIFIED.);
#119=B_SPLINE_CURVE_WITH_KNOTS('',2,(#3575,#3576,#3577,#3578),
 .UNSPECIFIED.,.F.,.F.,(3,1,3),(-2.,-1.,0.),.UNSPECIFIED.);
#120=B_SPLINE_CURVE_WITH_KNOTS('',2,(#3580,#3581,#3582,#3583),
 .UNSPECIFIED.,.F.,.F.,(3,1,3),(-2.,-1.,0.),.UNSPECIFIED.);
#121=B_SPLINE_CURVE_WITH_KNOTS('',2,(#3585,#3586,#3587,#3588),
 .UNSPECIFIED.,.F.,.F.,(3,1,3),(-2.,-1.,0.),.UNSPECIFIED.);
#122=B_SPLINE_CURVE_WITH_KNOTS('',2,(#3590,#3591,#3592,#3593),
 .UNSPECIFIED.,.F.,.F.,(3,1,3),(-2.,-1.,0.),.UNSPECIFIED.);
#123=B_SPLINE_CURVE_WITH_KNOTS('',2,(#3595,#3596,#3597,#3598),
 .UNSPECIFIED.,.F.,.F.,(3,1,3),(-2.,-1.,0.),.UNSPECIFIED.);
#124=B_SPLINE_CURVE_WITH_KNOTS('',2,(#3600,#3601,#3602,#3603),
 .UNSPECIFIED.,.F.,.F.,(3,1,3),(-2.,-1.,0.),.UNSPECIFIED.);
#125=B_SPLINE_CURVE_WITH_KNOTS('',2,(#3605,#3606,#3607,#3608),
 .UNSPECIFIED.,.F.,.F.,(3,1,3),(-2.,-1.,0.),.UNSPECIFIED.);
#126=B_SPLINE_CURVE_WITH_KNOTS('',2,(#3609,#3610,#3611,#3612),
 .UNSPECIFIED.,.F.,.F.,(3,1,3),(-2.,-1.,0.),.UNSPECIFIED.);
#127=B_SPLINE_CURVE_WITH_KNOTS('',2,(#3623,#3624,#3625,#3626),
 .UNSPECIFIED.,.F.,.F.,(3,1,3),(0.,1.,2.),.UNSPECIFIED.);
#128=B_SPLINE_CURVE_WITH_KNOTS('',2,(#3638,#3639,#3640,#3641),
 .UNSPECIFIED.,.F.,.F.,(3,1,3),(0.,1.,2.),.UNSPECIFIED.);
#129=B_SPLINE_CURVE_WITH_KNOTS('',2,(#3653,#3654,#3655,#3656),
 .UNSPECIFIED.,.F.,.F.,(3,1,3),(0.,1.,2.),.UNSPECIFIED.);
#130=B_SPLINE_CURVE_WITH_KNOTS('',2,(#3668,#3669,#3670,#3671),
 .UNSPECIFIED.,.F.,.F.,(3,1,3),(0.,1.,2.),.UNSPECIFIED.);
#131=B_SPLINE_CURVE_WITH_KNOTS('',2,(#3682,#3683,#3684,#3685),
 .UNSPECIFIED.,.F.,.F.,(3,1,3),(0.,1.,2.),.UNSPECIFIED.);
#132=B_SPLINE_CURVE_WITH_KNOTS('',2,(#3696,#3697,#3698,#3699),
 .UNSPECIFIED.,.F.,.F.,(3,1,3),(0.,1.,2.),.UNSPECIFIED.);
#133=B_SPLINE_CURVE_WITH_KNOTS('',2,(#3710,#3711,#3712,#3713),
 .UNSPECIFIED.,.F.,.F.,(3,1,3),(0.,1.,2.),.UNSPECIFIED.);
#134=B_SPLINE_CURVE_WITH_KNOTS('',2,(#3723,#3724,#3725,#3726),
 .UNSPECIFIED.,.F.,.F.,(3,1,3),(0.,1.,2.),.UNSPECIFIED.);
#135=B_SPLINE_CURVE_WITH_KNOTS('',2,(#3736,#3737,#3738,#3739),
 .UNSPECIFIED.,.F.,.F.,(3,1,3),(0.,1.,2.),.UNSPECIFIED.);
#136=B_SPLINE_CURVE_WITH_KNOTS('',2,(#3750,#3751,#3752,#3753),
 .UNSPECIFIED.,.F.,.F.,(3,1,3),(0.,1.,2.),.UNSPECIFIED.);
#137=B_SPLINE_CURVE_WITH_KNOTS('',2,(#3764,#3765,#3766,#3767),
 .UNSPECIFIED.,.F.,.F.,(3,1,3),(0.,1.,2.),.UNSPECIFIED.);
#138=B_SPLINE_CURVE_WITH_KNOTS('',2,(#3777,#3778,#3779,#3780),
 .UNSPECIFIED.,.F.,.F.,(3,1,3),(0.,1.,2.),.UNSPECIFIED.);
#139=B_SPLINE_CURVE_WITH_KNOTS('',2,(#3847,#3848,#3849,#3850),
 .UNSPECIFIED.,.F.,.F.,(3,1,3),(0.,1.,2.),.UNSPECIFIED.);
#140=B_SPLINE_CURVE_WITH_KNOTS('',2,(#3853,#3854,#3855,#3856),
 .UNSPECIFIED.,.F.,.F.,(3,1,3),(0.,1.,2.),.UNSPECIFIED.);
#141=B_SPLINE_CURVE_WITH_KNOTS('',2,(#3864,#3865,#3866,#3867),
 .UNSPECIFIED.,.F.,.F.,(3,1,3),(0.,1.,2.),.UNSPECIFIED.);
#142=B_SPLINE_CURVE_WITH_KNOTS('',2,(#3869,#3870,#3871,#3872),
 .UNSPECIFIED.,.F.,.F.,(3,1,3),(0.,1.,2.),.UNSPECIFIED.);
#143=B_SPLINE_CURVE_WITH_KNOTS('',2,(#3874,#3875,#3876,#3877),
 .UNSPECIFIED.,.F.,.F.,(3,1,3),(0.,1.,2.),.UNSPECIFIED.);
#144=B_SPLINE_CURVE_WITH_KNOTS('',2,(#3879,#3880,#3881,#3882),
 .UNSPECIFIED.,.F.,.F.,(3,1,3),(0.,1.,2.),.UNSPECIFIED.);
#145=B_SPLINE_CURVE_WITH_KNOTS('',2,(#3894,#3895,#3896,#3897),
 .UNSPECIFIED.,.F.,.F.,(3,1,3),(0.,1.,2.),.UNSPECIFIED.);
#146=B_SPLINE_CURVE_WITH_KNOTS('',2,(#3899,#3900,#3901,#3902),
 .UNSPECIFIED.,.F.,.F.,(3,1,3),(0.,1.,2.),.UNSPECIFIED.);
#147=B_SPLINE_CURVE_WITH_KNOTS('',2,(#3904,#3905,#3906,#3907),
 .UNSPECIFIED.,.F.,.F.,(3,1,3),(0.,1.,2.),.UNSPECIFIED.);
#148=B_SPLINE_CURVE_WITH_KNOTS('',2,(#3909,#3910,#3911,#3912),
 .UNSPECIFIED.,.F.,.F.,(3,1,3),(0.,1.,2.),.UNSPECIFIED.);
#149=B_SPLINE_CURVE_WITH_KNOTS('',2,(#3914,#3915,#3916,#3917),
 .UNSPECIFIED.,.F.,.F.,(3,1,3),(0.,1.,2.),.UNSPECIFIED.);
#150=B_SPLINE_CURVE_WITH_KNOTS('',2,(#3919,#3920,#3921,#3922),
 .UNSPECIFIED.,.F.,.F.,(3,1,3),(0.,1.,2.),.UNSPECIFIED.);
#151=B_SPLINE_CURVE_WITH_KNOTS('',2,(#3924,#3925,#3926,#3927),
 .UNSPECIFIED.,.F.,.F.,(3,1,3),(0.,1.,2.),.UNSPECIFIED.);
#152=B_SPLINE_CURVE_WITH_KNOTS('',2,(#3933,#3934,#3935,#3936),
 .UNSPECIFIED.,.F.,.F.,(3,1,3),(0.,1.,2.),.UNSPECIFIED.);
#153=B_SPLINE_CURVE_WITH_KNOTS('',2,(#3937,#3938,#3939,#3940),
 .UNSPECIFIED.,.F.,.F.,(3,1,3),(0.,1.,2.),.UNSPECIFIED.);
#154=B_SPLINE_CURVE_WITH_KNOTS('',2,(#3951,#3952,#3953,#3954),
 .UNSPECIFIED.,.F.,.F.,(3,1,3),(0.,1.,2.),.UNSPECIFIED.);
#155=B_SPLINE_CURVE_WITH_KNOTS('',2,(#3966,#3967,#3968,#3969),
 .UNSPECIFIED.,.F.,.F.,(3,1,3),(0.,1.,2.),.UNSPECIFIED.);
#156=B_SPLINE_CURVE_WITH_KNOTS('',2,(#3980,#3981,#3982,#3983),
 .UNSPECIFIED.,.F.,.F.,(3,1,3),(0.,1.,2.),.UNSPECIFIED.);
#157=B_SPLINE_CURVE_WITH_KNOTS('',2,(#4014,#4015,#4016,#4017),
 .UNSPECIFIED.,.F.,.F.,(3,1,3),(0.,1.,2.),.UNSPECIFIED.);
#158=B_SPLINE_CURVE_WITH_KNOTS('',2,(#4028,#4029,#4030,#4031),
 .UNSPECIFIED.,.F.,.F.,(3,1,3),(0.,1.,2.),.UNSPECIFIED.);
#159=B_SPLINE_CURVE_WITH_KNOTS('',2,(#4042,#4043,#4044,#4045),
 .UNSPECIFIED.,.F.,.F.,(3,1,3),(0.,1.,2.),.UNSPECIFIED.);
#160=B_SPLINE_CURVE_WITH_KNOTS('',2,(#4056,#4057,#4058,#4059),
 .UNSPECIFIED.,.F.,.F.,(3,1,3),(0.,1.,2.),.UNSPECIFIED.);
#161=B_SPLINE_CURVE_WITH_KNOTS('',2,(#4070,#4071,#4072,#4073),
 .UNSPECIFIED.,.F.,.F.,(3,1,3),(0.,1.,2.),.UNSPECIFIED.);
#162=B_SPLINE_CURVE_WITH_KNOTS('',2,(#4084,#4085,#4086,#4087),
 .UNSPECIFIED.,.F.,.F.,(3,1,3),(0.,1.,2.),.UNSPECIFIED.);
#163=B_SPLINE_CURVE_WITH_KNOTS('',2,(#4106,#4107,#4108,#4109),
 .UNSPECIFIED.,.F.,.F.,(3,1,3),(0.,1.,2.),.UNSPECIFIED.);
#164=B_SPLINE_CURVE_WITH_KNOTS('',2,(#4120,#4121,#4122,#4123),
 .UNSPECIFIED.,.F.,.F.,(3,1,3),(0.,1.,2.),.UNSPECIFIED.);
#165=B_SPLINE_CURVE_WITH_KNOTS('',2,(#4134,#4135,#4136,#4137),
 .UNSPECIFIED.,.F.,.F.,(3,1,3),(0.,1.,2.),.UNSPECIFIED.);
#166=B_SPLINE_CURVE_WITH_KNOTS('',2,(#4147,#4148,#4149,#4150),
 .UNSPECIFIED.,.F.,.F.,(3,1,3),(0.,1.,2.),.UNSPECIFIED.);
#167=B_SPLINE_CURVE_WITH_KNOTS('',2,(#4161,#4162,#4163,#4164),
 .UNSPECIFIED.,.F.,.F.,(3,1,3),(0.,1.,2.),.UNSPECIFIED.);
#168=B_SPLINE_CURVE_WITH_KNOTS('',2,(#4168,#4169,#4170,#4171),
 .UNSPECIFIED.,.F.,.F.,(3,1,3),(-2.,-1.,0.),.UNSPECIFIED.);
#169=B_SPLINE_CURVE_WITH_KNOTS('',2,(#4182,#4183,#4184,#4185),
 .UNSPECIFIED.,.F.,.F.,(3,1,3),(0.,1.,2.),.UNSPECIFIED.);
#170=B_SPLINE_CURVE_WITH_KNOTS('',2,(#4188,#4189,#4190,#4191),
 .UNSPECIFIED.,.F.,.F.,(3,1,3),(-2.,-1.,0.),.UNSPECIFIED.);
#171=B_SPLINE_CURVE_WITH_KNOTS('',2,(#4201,#4202,#4203,#4204),
 .UNSPECIFIED.,.F.,.F.,(3,1,3),(0.,1.,2.),.UNSPECIFIED.);
#172=B_SPLINE_CURVE_WITH_KNOTS('',2,(#4207,#4208,#4209,#4210),
 .UNSPECIFIED.,.F.,.F.,(3,1,3),(-2.,-1.,0.),.UNSPECIFIED.);
#173=B_SPLINE_CURVE_WITH_KNOTS('',2,(#4220,#4221,#4222,#4223),
 .UNSPECIFIED.,.F.,.F.,(3,1,3),(0.,1.,2.),.UNSPECIFIED.);
#174=B_SPLINE_CURVE_WITH_KNOTS('',2,(#4226,#4227,#4228,#4229),
 .UNSPECIFIED.,.F.,.F.,(3,1,3),(-2.,-1.,0.),.UNSPECIFIED.);
#175=B_SPLINE_CURVE_WITH_KNOTS('',2,(#4240,#4241,#4242,#4243),
 .UNSPECIFIED.,.F.,.F.,(3,1,3),(0.,1.,2.),.UNSPECIFIED.);
#176=B_SPLINE_CURVE_WITH_KNOTS('',2,(#4247,#4248,#4249,#4250),
 .UNSPECIFIED.,.F.,.F.,(3,1,3),(0.,1.,2.),.UNSPECIFIED.);
#177=B_SPLINE_CURVE_WITH_KNOTS('',2,(#4261,#4262,#4263,#4264),
 .UNSPECIFIED.,.F.,.F.,(3,1,3),(0.,1.,2.),.UNSPECIFIED.);
#178=B_SPLINE_CURVE_WITH_KNOTS('',2,(#4267,#4268,#4269,#4270),
 .UNSPECIFIED.,.F.,.F.,(3,1,3),(0.,1.,2.),.UNSPECIFIED.);
#179=B_SPLINE_CURVE_WITH_KNOTS('',2,(#4280,#4281,#4282,#4283),
 .UNSPECIFIED.,.F.,.F.,(3,1,3),(0.,1.,2.),.UNSPECIFIED.);
#180=B_SPLINE_CURVE_WITH_KNOTS('',2,(#4286,#4287,#4288,#4289),
 .UNSPECIFIED.,.F.,.F.,(3,1,3),(0.,1.,2.),.UNSPECIFIED.);
#181=B_SPLINE_CURVE_WITH_KNOTS('',2,(#4299,#4300,#4301,#4302),
 .UNSPECIFIED.,.F.,.F.,(3,1,3),(0.,1.,2.),.UNSPECIFIED.);
#182=B_SPLINE_CURVE_WITH_KNOTS('',2,(#4305,#4306,#4307,#4308),
 .UNSPECIFIED.,.F.,.F.,(3,1,3),(0.,1.,2.),.UNSPECIFIED.);
#183=B_SPLINE_CURVE_WITH_KNOTS('',2,(#4318,#4319,#4320,#4321),
 .UNSPECIFIED.,.F.,.F.,(3,1,3),(0.,1.,2.),.UNSPECIFIED.);
#184=B_SPLINE_CURVE_WITH_KNOTS('',2,(#4324,#4325,#4326,#4327),
 .UNSPECIFIED.,.F.,.F.,(3,1,3),(0.,1.,2.),.UNSPECIFIED.);
#185=B_SPLINE_CURVE_WITH_KNOTS('',2,(#4337,#4338,#4339,#4340),
 .UNSPECIFIED.,.F.,.F.,(3,1,3),(0.,1.,2.),.UNSPECIFIED.);
#186=B_SPLINE_CURVE_WITH_KNOTS('',2,(#4343,#4344,#4345,#4346),
 .UNSPECIFIED.,.F.,.F.,(3,1,3),(0.,1.,2.),.UNSPECIFIED.);
#187=B_SPLINE_CURVE_WITH_KNOTS('',2,(#4356,#4357,#4358,#4359),
 .UNSPECIFIED.,.F.,.F.,(3,1,3),(0.,1.,2.),.UNSPECIFIED.);
#188=B_SPLINE_CURVE_WITH_KNOTS('',2,(#4362,#4363,#4364,#4365),
 .UNSPECIFIED.,.F.,.F.,(3,1,3),(0.,1.,2.),.UNSPECIFIED.);
#189=B_SPLINE_CURVE_WITH_KNOTS('',2,(#4375,#4376,#4377,#4378),
 .UNSPECIFIED.,.F.,.F.,(3,1,3),(0.,1.,2.),.UNSPECIFIED.);
#190=B_SPLINE_CURVE_WITH_KNOTS('',2,(#4380,#4381,#4382,#4383),
 .UNSPECIFIED.,.F.,.F.,(3,1,3),(-2.,-1.,0.),.UNSPECIFIED.);
#191=B_SPLINE_CURVE_WITH_KNOTS('',2,(#4394,#4395,#4396,#4397),
 .UNSPECIFIED.,.F.,.F.,(3,1,3),(0.,1.,2.),.UNSPECIFIED.);
#192=B_SPLINE_CURVE_WITH_KNOTS('',2,(#4399,#4400,#4401,#4402),
 .UNSPECIFIED.,.F.,.F.,(3,1,3),(-2.,-1.,0.),.UNSPECIFIED.);
#193=B_SPLINE_CURVE_WITH_KNOTS('',2,(#4412,#4413,#4414,#4415),
 .UNSPECIFIED.,.F.,.F.,(3,1,3),(0.,1.,2.),.UNSPECIFIED.);
#194=B_SPLINE_CURVE_WITH_KNOTS('',2,(#4416,#4417,#4418,#4419),
 .UNSPECIFIED.,.F.,.F.,(3,1,3),(-2.,-1.,0.),.UNSPECIFIED.);
#195=B_SPLINE_CURVE_WITH_KNOTS('',2,(#4429,#4430,#4431,#4432),
 .UNSPECIFIED.,.F.,.F.,(3,1,3),(0.,1.,2.),.UNSPECIFIED.);
#196=B_SPLINE_CURVE_WITH_KNOTS('',2,(#4435,#4436,#4437,#4438),
 .UNSPECIFIED.,.F.,.F.,(3,1,3),(0.,1.,2.),.UNSPECIFIED.);
#197=B_SPLINE_CURVE_WITH_KNOTS('',2,(#4448,#4449,#4450,#4451),
 .UNSPECIFIED.,.F.,.F.,(3,1,3),(0.,1.,2.),.UNSPECIFIED.);
#198=B_SPLINE_CURVE_WITH_KNOTS('',2,(#4454,#4455,#4456,#4457),
 .UNSPECIFIED.,.F.,.F.,(3,1,3),(0.,1.,2.),.UNSPECIFIED.);
#199=B_SPLINE_CURVE_WITH_KNOTS('',2,(#4467,#4468,#4469,#4470),
 .UNSPECIFIED.,.F.,.F.,(3,1,3),(0.,1.,2.),.UNSPECIFIED.);
#200=B_SPLINE_CURVE_WITH_KNOTS('',2,(#4473,#4474,#4475,#4476),
 .UNSPECIFIED.,.F.,.F.,(3,1,3),(0.,1.,2.),.UNSPECIFIED.);
#201=B_SPLINE_CURVE_WITH_KNOTS('',2,(#4486,#4487,#4488,#4489),
 .UNSPECIFIED.,.F.,.F.,(3,1,3),(0.,1.,2.),.UNSPECIFIED.);
#202=B_SPLINE_CURVE_WITH_KNOTS('',2,(#4492,#4493,#4494,#4495),
 .UNSPECIFIED.,.F.,.F.,(3,1,3),(0.,1.,2.),.UNSPECIFIED.);
#203=B_SPLINE_CURVE_WITH_KNOTS('',2,(#4516,#4517,#4518,#4519),
 .UNSPECIFIED.,.F.,.F.,(3,1,3),(0.,1.,2.),.UNSPECIFIED.);
#204=B_SPLINE_CURVE_WITH_KNOTS('',2,(#4520,#4521,#4522,#4523),
 .UNSPECIFIED.,.F.,.F.,(3,1,3),(0.,1.,2.),.UNSPECIFIED.);
#205=B_SPLINE_SURFACE_WITH_KNOTS('',2,1,((#3529,#3530),(#3531,#3532),(#3533,
#3534),(#3535,#3536)),.UNSPECIFIED.,.F.,.F.,.F.,(3,1,3),(2,2),(0.,1.,2.),
(0.,0.0432),.UNSPECIFIED.);
#206=B_SPLINE_SURFACE_WITH_KNOTS('',2,1,((#3613,#3614),(#3615,#3616),(#3617,
#3618),(#3619,#3620)),.UNSPECIFIED.,.F.,.F.,.F.,(3,1,3),(2,2),(0.,1.,2.),
(0.,0.0432),.UNSPECIFIED.);
#207=B_SPLINE_SURFACE_WITH_KNOTS('',2,1,((#3629,#3630),(#3631,#3632),(#3633,
#3634),(#3635,#3636)),.UNSPECIFIED.,.F.,.F.,.F.,(3,1,3),(2,2),(0.,1.,2.),
(0.,0.0432),.UNSPECIFIED.);
#208=B_SPLINE_SURFACE_WITH_KNOTS('',2,1,((#3643,#3644),(#3645,#3646),(#3647,
#3648),(#3649,#3650)),.UNSPECIFIED.,.F.,.F.,.F.,(3,1,3),(2,2),(-2.,-1.,
0.),(0.,0.0432),.UNSPECIFIED.);
#209=B_SPLINE_SURFACE_WITH_KNOTS('',2,1,((#3659,#3660),(#3661,#3662),(#3663,
#3664),(#3665,#3666)),.UNSPECIFIED.,.F.,.F.,.F.,(3,1,3),(2,2),(-2.,-1.,
0.),(0.,0.0432),.UNSPECIFIED.);
#210=B_SPLINE_SURFACE_WITH_KNOTS('',2,1,((#3673,#3674),(#3675,#3676),(#3677,
#3678),(#3679,#3680)),.UNSPECIFIED.,.F.,.F.,.F.,(3,1,3),(2,2),(-2.,-1.,
0.),(0.,0.0432),.UNSPECIFIED.);
#211=B_SPLINE_SURFACE_WITH_KNOTS('',2,1,((#3687,#3688),(#3689,#3690),(#3691,
#3692),(#3693,#3694)),.UNSPECIFIED.,.F.,.F.,.F.,(3,1,3),(2,2),(-2.,-1.,
0.),(0.,0.0432),.UNSPECIFIED.);
#212=B_SPLINE_SURFACE_WITH_KNOTS('',2,1,((#3701,#3702),(#3703,#3704),(#3705,
#3706),(#3707,#3708)),.UNSPECIFIED.,.F.,.F.,.F.,(3,1,3),(2,2),(0.,1.,2.),
(0.,0.0432),.UNSPECIFIED.);
#213=B_SPLINE_SURFACE_WITH_KNOTS('',2,1,((#3715,#3716),(#3717,#3718),(#3719,
#3720),(#3721,#3722)),.UNSPECIFIED.,.F.,.F.,.F.,(3,1,3),(2,2),(0.,1.,2.),
(0.,0.0432),.UNSPECIFIED.);
#214=B_SPLINE_SURFACE_WITH_KNOTS('',2,1,((#3727,#3728),(#3729,#3730),(#3731,
#3732),(#3733,#3734)),.UNSPECIFIED.,.F.,.F.,.F.,(3,1,3),(2,2),(-2.,-1.,
0.),(0.,0.0432),.UNSPECIFIED.);
#215=B_SPLINE_SURFACE_WITH_KNOTS('',2,1,((#3741,#3742),(#3743,#3744),(#3745,
#3746),(#3747,#3748)),.UNSPECIFIED.,.F.,.F.,.F.,(3,1,3),(2,2),(-2.,-1.,
0.),(0.,0.0432),.UNSPECIFIED.);
#216=B_SPLINE_SURFACE_WITH_KNOTS('',2,1,((#3755,#3756),(#3757,#3758),(#3759,
#3760),(#3761,#3762)),.UNSPECIFIED.,.F.,.F.,.F.,(3,1,3),(2,2),(-2.,-1.,
0.),(0.,0.0432),.UNSPECIFIED.);
#217=B_SPLINE_SURFACE_WITH_KNOTS('',2,1,((#3769,#3770),(#3771,#3772),(#3773,
#3774),(#3775,#3776)),.UNSPECIFIED.,.F.,.F.,.F.,(3,1,3),(2,2),(-2.,-1.,
0.),(0.,0.0432),.UNSPECIFIED.);
#218=B_SPLINE_SURFACE_WITH_KNOTS('',2,1,((#3838,#3839),(#3840,#3841),(#3842,
#3843),(#3844,#3845)),.UNSPECIFIED.,.F.,.F.,.F.,(3,1,3),(2,2),(0.,1.,2.),
(0.,0.0432),.UNSPECIFIED.);
#219=B_SPLINE_SURFACE_WITH_KNOTS('',2,1,((#3941,#3942),(#3943,#3944),(#3945,
#3946),(#3947,#3948)),.UNSPECIFIED.,.F.,.F.,.F.,(3,1,3),(2,2),(0.,1.,2.),
(0.,0.0432),.UNSPECIFIED.);
#220=B_SPLINE_SURFACE_WITH_KNOTS('',2,1,((#3957,#3958),(#3959,#3960),(#3961,
#3962),(#3963,#3964)),.UNSPECIFIED.,.F.,.F.,.F.,(3,1,3),(2,2),(0.,1.,2.),
(0.,0.0432),.UNSPECIFIED.);
#221=B_SPLINE_SURFACE_WITH_KNOTS('',2,1,((#3971,#3972),(#3973,#3974),(#3975,
#3976),(#3977,#3978)),.UNSPECIFIED.,.F.,.F.,.F.,(3,1,3),(2,2),(0.,1.,2.),
(0.,0.0432),.UNSPECIFIED.);
#222=B_SPLINE_SURFACE_WITH_KNOTS('',2,1,((#4005,#4006),(#4007,#4008),(#4009,
#4010),(#4011,#4012)),.UNSPECIFIED.,.F.,.F.,.F.,(3,1,3),(2,2),(0.,1.,2.),
(0.,0.0432),.UNSPECIFIED.);
#223=B_SPLINE_SURFACE_WITH_KNOTS('',2,1,((#4019,#4020),(#4021,#4022),(#4023,
#4024),(#4025,#4026)),.UNSPECIFIED.,.F.,.F.,.F.,(3,1,3),(2,2),(0.,1.,2.),
(0.,0.0432),.UNSPECIFIED.);
#224=B_SPLINE_SURFACE_WITH_KNOTS('',2,1,((#4033,#4034),(#4035,#4036),(#4037,
#4038),(#4039,#4040)),.UNSPECIFIED.,.F.,.F.,.F.,(3,1,3),(2,2),(0.,1.,2.),
(0.,0.0432),.UNSPECIFIED.);
#225=B_SPLINE_SURFACE_WITH_KNOTS('',2,1,((#4047,#4048),(#4049,#4050),(#4051,
#4052),(#4053,#4054)),.UNSPECIFIED.,.F.,.F.,.F.,(3,1,3),(2,2),(0.,1.,2.),
(0.,0.0432),.UNSPECIFIED.);
#226=B_SPLINE_SURFACE_WITH_KNOTS('',2,1,((#4061,#4062),(#4063,#4064),(#4065,
#4066),(#4067,#4068)),.UNSPECIFIED.,.F.,.F.,.F.,(3,1,3),(2,2),(0.,1.,2.),
(0.,0.0432),.UNSPECIFIED.);
#227=B_SPLINE_SURFACE_WITH_KNOTS('',2,1,((#4075,#4076),(#4077,#4078),(#4079,
#4080),(#4081,#4082)),.UNSPECIFIED.,.F.,.F.,.F.,(3,1,3),(2,2),(0.,1.,2.),
(0.,0.0432),.UNSPECIFIED.);
#228=B_SPLINE_SURFACE_WITH_KNOTS('',2,1,((#4097,#4098),(#4099,#4100),(#4101,
#4102),(#4103,#4104)),.UNSPECIFIED.,.F.,.F.,.F.,(3,1,3),(2,2),(0.,1.,2.),
(0.,0.0432),.UNSPECIFIED.);
#229=B_SPLINE_SURFACE_WITH_KNOTS('',2,1,((#4111,#4112),(#4113,#4114),(#4115,
#4116),(#4117,#4118)),.UNSPECIFIED.,.F.,.F.,.F.,(3,1,3),(2,2),(0.,1.,2.),
(0.,0.0432),.UNSPECIFIED.);
#230=B_SPLINE_SURFACE_WITH_KNOTS('',2,1,((#4125,#4126),(#4127,#4128),(#4129,
#4130),(#4131,#4132)),.UNSPECIFIED.,.F.,.F.,.F.,(3,1,3),(2,2),(0.,1.,2.),
(0.,0.0432),.UNSPECIFIED.);
#231=B_SPLINE_SURFACE_WITH_KNOTS('',2,1,((#4139,#4140),(#4141,#4142),(#4143,
#4144),(#4145,#4146)),.UNSPECIFIED.,.F.,.F.,.F.,(3,1,3),(2,2),(0.,1.,2.),
(0.,0.0432),.UNSPECIFIED.);
#232=B_SPLINE_SURFACE_WITH_KNOTS('',2,1,((#4151,#4152),(#4153,#4154),(#4155,
#4156),(#4157,#4158)),.UNSPECIFIED.,.F.,.F.,.F.,(3,1,3),(2,2),(-2.,-1.,
0.),(0.,0.0432),.UNSPECIFIED.);
#233=B_SPLINE_SURFACE_WITH_KNOTS('',2,1,((#4173,#4174),(#4175,#4176),(#4177,
#4178),(#4179,#4180)),.UNSPECIFIED.,.F.,.F.,.F.,(3,1,3),(2,2),(-2.,-1.,
0.),(0.,0.0432),.UNSPECIFIED.);
#234=B_SPLINE_SURFACE_WITH_KNOTS('',2,1,((#4192,#4193),(#4194,#4195),(#4196,
#4197),(#4198,#4199)),.UNSPECIFIED.,.F.,.F.,.F.,(3,1,3),(2,2),(-2.,-1.,
0.),(0.,0.0432),.UNSPECIFIED.);
#235=B_SPLINE_SURFACE_WITH_KNOTS('',2,1,((#4211,#4212),(#4213,#4214),(#4215,
#4216),(#4217,#4218)),.UNSPECIFIED.,.F.,.F.,.F.,(3,1,3),(2,2),(-2.,-1.,
0.),(0.,0.0432),.UNSPECIFIED.);
#236=B_SPLINE_SURFACE_WITH_KNOTS('',2,1,((#4230,#4231),(#4232,#4233),(#4234,
#4235),(#4236,#4237)),.UNSPECIFIED.,.F.,.F.,.F.,(3,1,3),(2,2),(0.,1.,2.),
(0.,0.0432),.UNSPECIFIED.);
#237=B_SPLINE_SURFACE_WITH_KNOTS('',2,1,((#4252,#4253),(#4254,#4255),(#4256,
#4257),(#4258,#4259)),.UNSPECIFIED.,.F.,.F.,.F.,(3,1,3),(2,2),(0.,1.,2.),
(0.,0.0432),.UNSPECIFIED.);
#238=B_SPLINE_SURFACE_WITH_KNOTS('',2,1,((#4271,#4272),(#4273,#4274),(#4275,
#4276),(#4277,#4278)),.UNSPECIFIED.,.F.,.F.,.F.,(3,1,3),(2,2),(0.,1.,2.),
(0.,0.0432),.UNSPECIFIED.);
#239=B_SPLINE_SURFACE_WITH_KNOTS('',2,1,((#4290,#4291),(#4292,#4293),(#4294,
#4295),(#4296,#4297)),.UNSPECIFIED.,.F.,.F.,.F.,(3,1,3),(2,2),(0.,1.,2.),
(0.,0.0432),.UNSPECIFIED.);
#240=B_SPLINE_SURFACE_WITH_KNOTS('',2,1,((#4309,#4310),(#4311,#4312),(#4313,
#4314),(#4315,#4316)),.UNSPECIFIED.,.F.,.F.,.F.,(3,1,3),(2,2),(0.,1.,2.),
(0.,0.0432),.UNSPECIFIED.);
#241=B_SPLINE_SURFACE_WITH_KNOTS('',2,1,((#4328,#4329),(#4330,#4331),(#4332,
#4333),(#4334,#4335)),.UNSPECIFIED.,.F.,.F.,.F.,(3,1,3),(2,2),(0.,1.,2.),
(0.,0.0432),.UNSPECIFIED.);
#242=B_SPLINE_SURFACE_WITH_KNOTS('',2,1,((#4347,#4348),(#4349,#4350),(#4351,
#4352),(#4353,#4354)),.UNSPECIFIED.,.F.,.F.,.F.,(3,1,3),(2,2),(0.,1.,2.),
(0.,0.0432),.UNSPECIFIED.);
#243=B_SPLINE_SURFACE_WITH_KNOTS('',2,1,((#4366,#4367),(#4368,#4369),(#4370,
#4371),(#4372,#4373)),.UNSPECIFIED.,.F.,.F.,.F.,(3,1,3),(2,2),(-2.,-1.,
0.),(0.,0.0432),.UNSPECIFIED.);
#244=B_SPLINE_SURFACE_WITH_KNOTS('',2,1,((#4385,#4386),(#4387,#4388),(#4389,
#4390),(#4391,#4392)),.UNSPECIFIED.,.F.,.F.,.F.,(3,1,3),(2,2),(-2.,-1.,
0.),(0.,0.0432),.UNSPECIFIED.);
#245=B_SPLINE_SURFACE_WITH_KNOTS('',2,1,((#4404,#4405),(#4406,#4407),(#4408,
#4409),(#4410,#4411)),.UNSPECIFIED.,.F.,.F.,.F.,(3,1,3),(2,2),(-2.,-1.,
0.),(0.,0.0432),.UNSPECIFIED.);
#246=B_SPLINE_SURFACE_WITH_KNOTS('',2,1,((#4420,#4421),(#4422,#4423),(#4424,
#4425),(#4426,#4427)),.UNSPECIFIED.,.F.,.F.,.F.,(3,1,3),(2,2),(0.,1.,2.),
(0.,0.0432),.UNSPECIFIED.);
#247=B_SPLINE_SURFACE_WITH_KNOTS('',2,1,((#4439,#4440),(#4441,#4442),(#4443,
#4444),(#4445,#4446)),.UNSPECIFIED.,.F.,.F.,.F.,(3,1,3),(2,2),(0.,1.,2.),
(0.,0.0432),.UNSPECIFIED.);
#248=B_SPLINE_SURFACE_WITH_KNOTS('',2,1,((#4458,#4459),(#4460,#4461),(#4462,
#4463),(#4464,#4465)),.UNSPECIFIED.,.F.,.F.,.F.,(3,1,3),(2,2),(0.,1.,2.),
(0.,0.0432),.UNSPECIFIED.);
#249=B_SPLINE_SURFACE_WITH_KNOTS('',2,1,((#4477,#4478),(#4479,#4480),(#4481,
#4482),(#4483,#4484)),.UNSPECIFIED.,.F.,.F.,.F.,(3,1,3),(2,2),(0.,1.,2.),
(0.,0.0432),.UNSPECIFIED.);
#250=B_SPLINE_SURFACE_WITH_KNOTS('',2,1,((#4508,#4509),(#4510,#4511),(#4512,
#4513),(#4514,#4515)),.UNSPECIFIED.,.F.,.F.,.F.,(3,1,3),(2,2),(0.,1.,2.),
(0.,0.0432),.UNSPECIFIED.);
#251=B_SPLINE_SURFACE_WITH_KNOTS('',3,3,((#4782,#4783,#4784,#4785,#4786,
#4787),(#4788,#4789,#4790,#4791,#4792,#4793),(#4794,#4795,#4796,#4797,#4798,
#4799),(#4800,#4801,#4802,#4803,#4804,#4805),(#4806,#4807,#4808,#4809,#4810,
#4811)),.UNSPECIFIED.,.F.,.F.,.F.,(4,1,4),(4,1,1,4),(0.,0.571428571428571,
1.00166852705364),(-0.78672407411292,-0.112150792437041,0.33645237731112,
0.786724074112919),.UNSPECIFIED.);
#252=B_SPLINE_SURFACE_WITH_KNOTS('',3,3,((#4823,#4824,#4825,#4826,#4827,
#4828),(#4829,#4830,#4831,#4832,#4833,#4834),(#4835,#4836,#4837,#4838,#4839,
#4840),(#4841,#4842,#4843,#4844,#4845,#4846),(#4847,#4848,#4849,#4850,#4851,
#4852)),.UNSPECIFIED.,.F.,.F.,.F.,(4,1,4),(4,1,1,4),(0.,0.571428571428571,
1.00166852705365),(-0.786724074112925,-0.112150792437037,0.336452377311122,
0.786724074112931),.UNSPECIFIED.);
#253=B_SPLINE_SURFACE_WITH_KNOTS('',3,3,((#4864,#4865,#4866,#4867,#4868,
#4869),(#4870,#4871,#4872,#4873,#4874,#4875),(#4876,#4877,#4878,#4879,#4880,
#4881),(#4882,#4883,#4884,#4885,#4886,#4887),(#4888,#4889,#4890,#4891,#4892,
#4893)),.UNSPECIFIED.,.F.,.F.,.F.,(4,1,4),(4,1,1,4),(0.,0.571428571428571,
1.00166852705364),(-0.78672407411292,-0.112150792437042,0.336452377311119,
0.786724074112918),.UNSPECIFIED.);
#254=B_SPLINE_SURFACE_WITH_KNOTS('',3,3,((#4908,#4909,#4910,#4911,#4912,
#4913),(#4914,#4915,#4916,#4917,#4918,#4919),(#4920,#4921,#4922,#4923,#4924,
#4925),(#4926,#4927,#4928,#4929,#4930,#4931),(#4932,#4933,#4934,#4935,#4936,
#4937)),.UNSPECIFIED.,.F.,.F.,.F.,(4,1,4),(4,1,1,4),(0.,0.571428571428571,
1.00166852705364),(-0.786724074112918,-0.112150792437039,0.336452377311122,
0.786724074112921),.UNSPECIFIED.);
#255=FACE_OUTER_BOUND('',#408,.T.);
#256=FACE_OUTER_BOUND('',#409,.T.);
#257=FACE_OUTER_BOUND('',#410,.T.);
#258=FACE_OUTER_BOUND('',#411,.T.);
#259=FACE_OUTER_BOUND('',#412,.T.);
#260=FACE_OUTER_BOUND('',#413,.T.);
#261=FACE_OUTER_BOUND('',#414,.T.);
#262=FACE_OUTER_BOUND('',#415,.T.);
#263=FACE_OUTER_BOUND('',#416,.T.);
#264=FACE_OUTER_BOUND('',#417,.T.);
#265=FACE_OUTER_BOUND('',#418,.T.);
#266=FACE_OUTER_BOUND('',#419,.T.);
#267=FACE_OUTER_BOUND('',#420,.T.);
#268=FACE_OUTER_BOUND('',#422,.T.);
#269=FACE_OUTER_BOUND('',#423,.T.);
#270=FACE_OUTER_BOUND('',#424,.T.);
#271=FACE_OUTER_BOUND('',#425,.T.);
#272=FACE_OUTER_BOUND('',#426,.T.);
#273=FACE_OUTER_BOUND('',#427,.T.);
#274=FACE_OUTER_BOUND('',#428,.T.);
#275=FACE_OUTER_BOUND('',#429,.T.);
#276=FACE_OUTER_BOUND('',#430,.T.);
#277=FACE_OUTER_BOUND('',#431,.T.);
#278=FACE_OUTER_BOUND('',#432,.T.);
#279=FACE_OUTER_BOUND('',#433,.T.);
#280=FACE_OUTER_BOUND('',#434,.T.);
#281=FACE_OUTER_BOUND('',#435,.T.);
#282=FACE_OUTER_BOUND('',#436,.T.);
#283=FACE_OUTER_BOUND('',#437,.T.);
#284=FACE_OUTER_BOUND('',#438,.T.);
#285=FACE_OUTER_BOUND('',#439,.T.);
#286=FACE_OUTER_BOUND('',#440,.T.);
#287=FACE_OUTER_BOUND('',#441,.T.);
#288=FACE_OUTER_BOUND('',#442,.T.);
#289=FACE_OUTER_BOUND('',#443,.T.);
#290=FACE_OUTER_BOUND('',#444,.T.);
#291=FACE_OUTER_BOUND('',#445,.T.);
#292=FACE_OUTER_BOUND('',#446,.T.);
#293=FACE_OUTER_BOUND('',#447,.T.);
#294=FACE_OUTER_BOUND('',#448,.T.);
#295=FACE_OUTER_BOUND('',#449,.T.);
#296=FACE_OUTER_BOUND('',#450,.T.);
#297=FACE_OUTER_BOUND('',#451,.T.);
#298=FACE_OUTER_BOUND('',#452,.T.);
#299=FACE_OUTER_BOUND('',#453,.T.);
#300=FACE_OUTER_BOUND('',#454,.T.);
#301=FACE_OUTER_BOUND('',#455,.T.);
#302=FACE_OUTER_BOUND('',#456,.T.);
#303=FACE_OUTER_BOUND('',#457,.T.);
#304=FACE_OUTER_BOUND('',#458,.T.);
#305=FACE_OUTER_BOUND('',#459,.T.);
#306=FACE_OUTER_BOUND('',#460,.T.);
#307=FACE_OUTER_BOUND('',#461,.T.);
#308=FACE_OUTER_BOUND('',#462,.T.);
#309=FACE_OUTER_BOUND('',#463,.T.);
#310=FACE_OUTER_BOUND('',#464,.T.);
#311=FACE_OUTER_BOUND('',#465,.T.);
#312=FACE_OUTER_BOUND('',#466,.T.);
#313=FACE_OUTER_BOUND('',#467,.T.);
#314=FACE_OUTER_BOUND('',#468,.T.);
#315=FACE_OUTER_BOUND('',#469,.T.);
#316=FACE_OUTER_BOUND('',#470,.T.);
#317=FACE_OUTER_BOUND('',#471,.T.);
#318=FACE_OUTER_BOUND('',#472,.T.);
#319=FACE_OUTER_BOUND('',#473,.T.);
#320=FACE_OUTER_BOUND('',#474,.T.);
#321=FACE_OUTER_BOUND('',#475,.T.);
#322=FACE_OUTER_BOUND('',#476,.T.);
#323=FACE_OUTER_BOUND('',#477,.T.);
#324=FACE_OUTER_BOUND('',#478,.T.);
#325=FACE_OUTER_BOUND('',#479,.T.);
#326=FACE_OUTER_BOUND('',#480,.T.);
#327=FACE_OUTER_BOUND('',#481,.T.);
#328=FACE_OUTER_BOUND('',#482,.T.);
#329=FACE_OUTER_BOUND('',#483,.T.);
#330=FACE_OUTER_BOUND('',#484,.T.);
#331=FACE_OUTER_BOUND('',#485,.T.);
#332=FACE_OUTER_BOUND('',#486,.T.);
#333=FACE_OUTER_BOUND('',#487,.T.);
#334=FACE_OUTER_BOUND('',#488,.T.);
#335=FACE_OUTER_BOUND('',#490,.T.);
#336=FACE_OUTER_BOUND('',#491,.T.);
#337=FACE_OUTER_BOUND('',#492,.T.);
#338=FACE_OUTER_BOUND('',#493,.T.);
#339=FACE_OUTER_BOUND('',#494,.T.);
#340=FACE_OUTER_BOUND('',#495,.T.);
#341=FACE_OUTER_BOUND('',#496,.T.);
#342=FACE_OUTER_BOUND('',#497,.T.);
#343=FACE_OUTER_BOUND('',#498,.T.);
#344=FACE_OUTER_BOUND('',#499,.T.);
#345=FACE_OUTER_BOUND('',#500,.T.);
#346=FACE_OUTER_BOUND('',#501,.T.);
#347=FACE_OUTER_BOUND('',#508,.T.);
#348=FACE_OUTER_BOUND('',#509,.T.);
#349=FACE_OUTER_BOUND('',#510,.T.);
#350=FACE_OUTER_BOUND('',#511,.T.);
#351=FACE_OUTER_BOUND('',#512,.T.);
#352=FACE_OUTER_BOUND('',#513,.T.);
#353=FACE_OUTER_BOUND('',#514,.T.);
#354=FACE_OUTER_BOUND('',#515,.T.);
#355=FACE_OUTER_BOUND('',#516,.T.);
#356=FACE_OUTER_BOUND('',#517,.T.);
#357=FACE_OUTER_BOUND('',#518,.T.);
#358=FACE_OUTER_BOUND('',#520,.T.);
#359=FACE_OUTER_BOUND('',#521,.T.);
#360=FACE_OUTER_BOUND('',#522,.T.);
#361=FACE_OUTER_BOUND('',#523,.T.);
#362=FACE_OUTER_BOUND('',#525,.T.);
#363=FACE_OUTER_BOUND('',#526,.T.);
#364=FACE_OUTER_BOUND('',#527,.T.);
#365=FACE_OUTER_BOUND('',#528,.T.);
#366=FACE_OUTER_BOUND('',#530,.T.);
#367=FACE_OUTER_BOUND('',#531,.T.);
#368=FACE_OUTER_BOUND('',#532,.T.);
#369=FACE_OUTER_BOUND('',#533,.T.);
#370=FACE_OUTER_BOUND('',#535,.T.);
#371=FACE_OUTER_BOUND('',#536,.T.);
#372=FACE_OUTER_BOUND('',#537,.T.);
#373=FACE_OUTER_BOUND('',#538,.T.);
#374=FACE_OUTER_BOUND('',#539,.T.);
#375=FACE_OUTER_BOUND('',#540,.T.);
#376=FACE_OUTER_BOUND('',#546,.T.);
#377=FACE_OUTER_BOUND('',#547,.T.);
#378=FACE_OUTER_BOUND('',#548,.T.);
#379=FACE_OUTER_BOUND('',#549,.T.);
#380=FACE_OUTER_BOUND('',#550,.T.);
#381=FACE_OUTER_BOUND('',#551,.T.);
#382=FACE_OUTER_BOUND('',#552,.T.);
#383=FACE_OUTER_BOUND('',#553,.T.);
#384=FACE_OUTER_BOUND('',#554,.T.);
#385=FACE_OUTER_BOUND('',#555,.T.);
#386=FACE_OUTER_BOUND('',#556,.T.);
#387=FACE_OUTER_BOUND('',#557,.T.);
#388=FACE_OUTER_BOUND('',#558,.T.);
#389=FACE_OUTER_BOUND('',#559,.T.);
#390=FACE_OUTER_BOUND('',#560,.T.);
#391=FACE_OUTER_BOUND('',#561,.T.);
#392=FACE_OUTER_BOUND('',#562,.T.);
#393=FACE_OUTER_BOUND('',#563,.T.);
#394=FACE_OUTER_BOUND('',#564,.T.);
#395=FACE_OUTER_BOUND('',#565,.T.);
#396=FACE_OUTER_BOUND('',#566,.T.);
#397=FACE_OUTER_BOUND('',#567,.T.);
#398=FACE_OUTER_BOUND('',#568,.T.);
#399=FACE_OUTER_BOUND('',#569,.T.);
#400=FACE_OUTER_BOUND('',#570,.T.);
#401=FACE_OUTER_BOUND('',#571,.T.);
#402=FACE_OUTER_BOUND('',#572,.T.);
#403=FACE_OUTER_BOUND('',#573,.T.);
#404=FACE_OUTER_BOUND('',#574,.T.);
#405=FACE_OUTER_BOUND('',#575,.T.);
#406=FACE_OUTER_BOUND('',#577,.T.);
#407=FACE_OUTER_BOUND('',#578,.T.);
#408=EDGE_LOOP('',(#1722,#1723,#1724,#1725));
#409=EDGE_LOOP('',(#1726,#1727,#1728,#1729));
#410=EDGE_LOOP('',(#1730,#1731,#1732,#1733));
#411=EDGE_LOOP('',(#1734,#1735,#1736,#1737));
#412=EDGE_LOOP('',(#1738,#1739,#1740,#1741));
#413=EDGE_LOOP('',(#1742,#1743,#1744,#1745));
#414=EDGE_LOOP('',(#1746,#1747,#1748,#1749));
#415=EDGE_LOOP('',(#1750,#1751,#1752,#1753));
#416=EDGE_LOOP('',(#1754,#1755,#1756,#1757));
#417=EDGE_LOOP('',(#1758,#1759,#1760,#1761));
#418=EDGE_LOOP('',(#1762,#1763,#1764,#1765));
#419=EDGE_LOOP('',(#1766,#1767,#1768,#1769,#1770,#1771,#1772,#1773,#1774,
#1775,#1776));
#420=EDGE_LOOP('',(#1777,#1778,#1779,#1780));
#421=EDGE_LOOP('',(#1781,#1782,#1783,#1784,#1785,#1786,#1787,#1788));
#422=EDGE_LOOP('',(#1789,#1790,#1791,#1792));
#423=EDGE_LOOP('',(#1793,#1794,#1795,#1796));
#424=EDGE_LOOP('',(#1797,#1798,#1799,#1800));
#425=EDGE_LOOP('',(#1801,#1802,#1803,#1804));
#426=EDGE_LOOP('',(#1805,#1806,#1807,#1808));
#427=EDGE_LOOP('',(#1809,#1810,#1811,#1812));
#428=EDGE_LOOP('',(#1813,#1814,#1815,#1816));
#429=EDGE_LOOP('',(#1817,#1818,#1819,#1820));
#430=EDGE_LOOP('',(#1821,#1822,#1823,#1824));
#431=EDGE_LOOP('',(#1825,#1826,#1827,#1828));
#432=EDGE_LOOP('',(#1829,#1830,#1831,#1832));
#433=EDGE_LOOP('',(#1833,#1834,#1835,#1836));
#434=EDGE_LOOP('',(#1837,#1838,#1839,#1840));
#435=EDGE_LOOP('',(#1841,#1842,#1843,#1844));
#436=EDGE_LOOP('',(#1845,#1846,#1847,#1848));
#437=EDGE_LOOP('',(#1849,#1850,#1851,#1852));
#438=EDGE_LOOP('',(#1853,#1854,#1855,#1856));
#439=EDGE_LOOP('',(#1857,#1858,#1859,#1860));
#440=EDGE_LOOP('',(#1861,#1862,#1863,#1864));
#441=EDGE_LOOP('',(#1865,#1866,#1867,#1868));
#442=EDGE_LOOP('',(#1869,#1870,#1871,#1872));
#443=EDGE_LOOP('',(#1873,#1874,#1875,#1876));
#444=EDGE_LOOP('',(#1877,#1878,#1879,#1880));
#445=EDGE_LOOP('',(#1881,#1882,#1883,#1884,#1885,#1886,#1887,#1888,#1889,
#1890,#1891));
#446=EDGE_LOOP('',(#1892,#1893,#1894,#1895,#1896,#1897,#1898,#1899,#1900,
#1901,#1902,#1903,#1904,#1905,#1906,#1907,#1908,#1909,#1910,#1911));
#447=EDGE_LOOP('',(#1912,#1913,#1914,#1915));
#448=EDGE_LOOP('',(#1916,#1917,#1918,#1919));
#449=EDGE_LOOP('',(#1920,#1921,#1922,#1923));
#450=EDGE_LOOP('',(#1924,#1925,#1926,#1927));
#451=EDGE_LOOP('',(#1928,#1929,#1930,#1931));
#452=EDGE_LOOP('',(#1932,#1933,#1934,#1935));
#453=EDGE_LOOP('',(#1936,#1937,#1938,#1939));
#454=EDGE_LOOP('',(#1940,#1941,#1942,#1943));
#455=EDGE_LOOP('',(#1944,#1945,#1946,#1947));
#456=EDGE_LOOP('',(#1948,#1949,#1950,#1951));
#457=EDGE_LOOP('',(#1952,#1953,#1954,#1955));
#458=EDGE_LOOP('',(#1956,#1957,#1958,#1959));
#459=EDGE_LOOP('',(#1960,#1961,#1962,#1963));
#460=EDGE_LOOP('',(#1964,#1965,#1966,#1967));
#461=EDGE_LOOP('',(#1968,#1969,#1970,#1971));
#462=EDGE_LOOP('',(#1972,#1973,#1974,#1975));
#463=EDGE_LOOP('',(#1976,#1977,#1978,#1979));
#464=EDGE_LOOP('',(#1980,#1981,#1982,#1983));
#465=EDGE_LOOP('',(#1984,#1985,#1986,#1987));
#466=EDGE_LOOP('',(#1988,#1989,#1990,#1991));
#467=EDGE_LOOP('',(#1992,#1993,#1994,#1995));
#468=EDGE_LOOP('',(#1996,#1997,#1998,#1999));
#469=EDGE_LOOP('',(#2000,#2001,#2002,#2003));
#470=EDGE_LOOP('',(#2004,#2005,#2006,#2007));
#471=EDGE_LOOP('',(#2008,#2009,#2010,#2011));
#472=EDGE_LOOP('',(#2012,#2013,#2014,#2015));
#473=EDGE_LOOP('',(#2016,#2017,#2018,#2019));
#474=EDGE_LOOP('',(#2020,#2021,#2022,#2023));
#475=EDGE_LOOP('',(#2024,#2025,#2026,#2027));
#476=EDGE_LOOP('',(#2028,#2029,#2030,#2031));
#477=EDGE_LOOP('',(#2032,#2033,#2034,#2035));
#478=EDGE_LOOP('',(#2036,#2037,#2038,#2039));
#479=EDGE_LOOP('',(#2040,#2041,#2042,#2043));
#480=EDGE_LOOP('',(#2044,#2045,#2046,#2047));
#481=EDGE_LOOP('',(#2048,#2049,#2050,#2051));
#482=EDGE_LOOP('',(#2052,#2053,#2054,#2055));
#483=EDGE_LOOP('',(#2056,#2057,#2058,#2059));
#484=EDGE_LOOP('',(#2060,#2061,#2062,#2063));
#485=EDGE_LOOP('',(#2064,#2065,#2066,#2067));
#486=EDGE_LOOP('',(#2068,#2069,#2070,#2071));
#487=EDGE_LOOP('',(#2072,#2073,#2074,#2075));
#488=EDGE_LOOP('',(#2076,#2077,#2078,#2079,#2080,#2081,#2082,#2083,#2084,
#2085,#2086,#2087,#2088,#2089));
#489=EDGE_LOOP('',(#2090,#2091,#2092,#2093,#2094,#2095,#2096));
#490=EDGE_LOOP('',(#2097,#2098,#2099,#2100,#2101,#2102,#2103,#2104,#2105,
#2106));
#491=EDGE_LOOP('',(#2107,#2108,#2109,#2110));
#492=EDGE_LOOP('',(#2111,#2112,#2113,#2114));
#493=EDGE_LOOP('',(#2115,#2116,#2117,#2118));
#494=EDGE_LOOP('',(#2119,#2120,#2121,#2122));
#495=EDGE_LOOP('',(#2123,#2124,#2125,#2126));
#496=EDGE_LOOP('',(#2127,#2128,#2129,#2130));
#497=EDGE_LOOP('',(#2131,#2132,#2133,#2134));
#498=EDGE_LOOP('',(#2135,#2136,#2137,#2138));
#499=EDGE_LOOP('',(#2139,#2140,#2141,#2142));
#500=EDGE_LOOP('',(#2143,#2144,#2145,#2146));
#501=EDGE_LOOP('',(#2147,#2148,#2149,#2150,#2151,#2152,#2153,#2154));
#502=EDGE_LOOP('',(#2155,#2156,#2157,#2158,#2159,#2160,#2161,#2162,#2163,
#2164));
#503=EDGE_LOOP('',(#2165,#2166,#2167,#2168,#2169,#2170,#2171,#2172,#2173,
#2174,#2175,#2176,#2177,#2178));
#504=EDGE_LOOP('',(#2179,#2180,#2181,#2182,#2183,#2184,#2185,#2186,#2187,
#2188,#2189,#2190,#2191,#2192,#2193,#2194,#2195,#2196,#2197,#2198));
#505=EDGE_LOOP('',(#2199,#2200,#2201,#2202,#2203,#2204,#2205,#2206,#2207,
#2208,#2209));
#506=EDGE_LOOP('',(#2210,#2211,#2212,#2213));
#507=EDGE_LOOP('',(#2214,#2215,#2216,#2217,#2218,#2219,#2220,#2221,#2222,
#2223,#2224));
#508=EDGE_LOOP('',(#2225,#2226,#2227,#2228,#2229,#2230,#2231,#2232));
#509=EDGE_LOOP('',(#2233,#2234,#2235,#2236));
#510=EDGE_LOOP('',(#2237,#2238,#2239,#2240));
#511=EDGE_LOOP('',(#2241,#2242,#2243,#2244));
#512=EDGE_LOOP('',(#2245,#2246,#2247,#2248,#2249,#2250,#2251));
#513=EDGE_LOOP('',(#2252,#2253,#2254,#2255));
#514=EDGE_LOOP('',(#2256,#2257,#2258,#2259));
#515=EDGE_LOOP('',(#2260,#2261,#2262,#2263));
#516=EDGE_LOOP('',(#2264,#2265,#2266,#2267));
#517=EDGE_LOOP('',(#2268,#2269,#2270,#2271));
#518=EDGE_LOOP('',(#2272));
#519=EDGE_LOOP('',(#2273));
#520=EDGE_LOOP('',(#2274,#2275,#2276,#2277));
#521=EDGE_LOOP('',(#2278,#2279,#2280,#2281));
#522=EDGE_LOOP('',(#2282));
#523=EDGE_LOOP('',(#2283));
#524=EDGE_LOOP('',(#2284));
#525=EDGE_LOOP('',(#2285,#2286,#2287,#2288));
#526=EDGE_LOOP('',(#2289,#2290,#2291,#2292));
#527=EDGE_LOOP('',(#2293));
#528=EDGE_LOOP('',(#2294));
#529=EDGE_LOOP('',(#2295));
#530=EDGE_LOOP('',(#2296,#2297,#2298,#2299));
#531=EDGE_LOOP('',(#2300,#2301,#2302,#2303));
#532=EDGE_LOOP('',(#2304));
#533=EDGE_LOOP('',(#2305));
#534=EDGE_LOOP('',(#2306));
#535=EDGE_LOOP('',(#2307,#2308,#2309,#2310));
#536=EDGE_LOOP('',(#2311,#2312,#2313,#2314));
#537=EDGE_LOOP('',(#2315));
#538=EDGE_LOOP('',(#2316,#2317,#2318,#2319));
#539=EDGE_LOOP('',(#2320,#2321,#2322,#2323));
#540=EDGE_LOOP('',(#2324,#2325,#2326,#2327,#2328,#2329,#2330,#2331));
#541=EDGE_LOOP('',(#2332,#2333,#2334,#2335,#2336,#2337,#2338,#2339,#2340,
#2341,#2342,#2343,#2344,#2345,#2346,#2347));
#542=EDGE_LOOP('',(#2348));
#543=EDGE_LOOP('',(#2349));
#544=EDGE_LOOP('',(#2350));
#545=EDGE_LOOP('',(#2351));
#546=EDGE_LOOP('',(#2352,#2353,#2354,#2355));
#547=EDGE_LOOP('',(#2356,#2357,#2358,#2359));
#548=EDGE_LOOP('',(#2360,#2361,#2362,#2363));
#549=EDGE_LOOP('',(#2364,#2365,#2366,#2367));
#550=EDGE_LOOP('',(#2368,#2369,#2370,#2371));
#551=EDGE_LOOP('',(#2372,#2373,#2374,#2375));
#552=EDGE_LOOP('',(#2376,#2377,#2378,#2379));
#553=EDGE_LOOP('',(#2380,#2381,#2382,#2383));
#554=EDGE_LOOP('',(#2384,#2385,#2386,#2387));
#555=EDGE_LOOP('',(#2388,#2389,#2390,#2391));
#556=EDGE_LOOP('',(#2392,#2393,#2394,#2395));
#557=EDGE_LOOP('',(#2396,#2397,#2398,#2399));
#558=EDGE_LOOP('',(#2400,#2401,#2402,#2403));
#559=EDGE_LOOP('',(#2404,#2405,#2406,#2407));
#560=EDGE_LOOP('',(#2408,#2409,#2410,#2411));
#561=EDGE_LOOP('',(#2412,#2413,#2414,#2415));
#562=EDGE_LOOP('',(#2416,#2417,#2418,#2419));
#563=EDGE_LOOP('',(#2420,#2421,#2422,#2423));
#564=EDGE_LOOP('',(#2424,#2425,#2426,#2427));
#565=EDGE_LOOP('',(#2428,#2429,#2430,#2431));
#566=EDGE_LOOP('',(#2432,#2433,#2434,#2435,#2436,#2437,#2438,#2439));
#567=EDGE_LOOP('',(#2440,#2441,#2442,#2443));
#568=EDGE_LOOP('',(#2444,#2445,#2446,#2447));
#569=EDGE_LOOP('',(#2448,#2449,#2450,#2451));
#570=EDGE_LOOP('',(#2452,#2453,#2454,#2455));
#571=EDGE_LOOP('',(#2456,#2457,#2458,#2459));
#572=EDGE_LOOP('',(#2460,#2461,#2462,#2463));
#573=EDGE_LOOP('',(#2464,#2465,#2466,#2467));
#574=EDGE_LOOP('',(#2468,#2469,#2470,#2471));
#575=EDGE_LOOP('',(#2472,#2473,#2474,#2475,#2476,#2477,#2478,#2479,#2480,
#2481,#2482,#2483,#2484,#2485,#2486,#2487));
#576=EDGE_LOOP('',(#2488,#2489,#2490,#2491,#2492,#2493,#2494,#2495));
#577=EDGE_LOOP('',(#2496,#2497,#2498,#2499));
#578=EDGE_LOOP('',(#2500,#2501,#2502,#2503));
#579=LINE('',#3475,#826);
#580=LINE('',#3477,#827);
#581=LINE('',#3479,#828);
#582=LINE('',#3480,#829);
#583=LINE('',#3483,#830);
#584=LINE('',#3485,#831);
#585=LINE('',#3486,#832);
#586=LINE('',#3489,#833);
#587=LINE('',#3491,#834);
#588=LINE('',#3492,#835);
#589=LINE('',#3495,#836);
#590=LINE('',#3497,#837);
#591=LINE('',#3498,#838);
#592=LINE('',#3501,#839);
#593=LINE('',#3503,#840);
#594=LINE('',#3504,#841);
#595=LINE('',#3507,#842);
#596=LINE('',#3509,#843);
#597=LINE('',#3510,#844);
#598=LINE('',#3513,#845);
#599=LINE('',#3515,#846);
#600=LINE('',#3516,#847);
#601=LINE('',#3519,#848);
#602=LINE('',#3521,#849);
#603=LINE('',#3522,#850);
#604=LINE('',#3525,#851);
#605=LINE('',#3527,#852);
#606=LINE('',#3528,#853);
#607=LINE('',#3543,#854);
#608=LINE('',#3549,#855);
#609=LINE('',#3550,#856);
#610=LINE('',#3627,#857);
#611=LINE('',#3628,#858);
#612=LINE('',#3642,#859);
#613=LINE('',#3657,#860);
#614=LINE('',#3658,#861);
#615=LINE('',#3672,#862);
#616=LINE('',#3686,#863);
#617=LINE('',#3700,#864);
#618=LINE('',#3714,#865);
#619=LINE('',#3740,#866);
#620=LINE('',#3754,#867);
#621=LINE('',#3768,#868);
#622=LINE('',#3784,#869);
#623=LINE('',#3786,#870);
#624=LINE('',#3788,#871);
#625=LINE('',#3789,#872);
#626=LINE('',#3792,#873);
#627=LINE('',#3794,#874);
#628=LINE('',#3795,#875);
#629=LINE('',#3798,#876);
#630=LINE('',#3800,#877);
#631=LINE('',#3801,#878);
#632=LINE('',#3804,#879);
#633=LINE('',#3806,#880);
#634=LINE('',#3807,#881);
#635=LINE('',#3810,#882);
#636=LINE('',#3812,#883);
#637=LINE('',#3813,#884);
#638=LINE('',#3816,#885);
#639=LINE('',#3818,#886);
#640=LINE('',#3819,#887);
#641=LINE('',#3822,#888);
#642=LINE('',#3824,#889);
#643=LINE('',#3825,#890);
#644=LINE('',#3828,#891);
#645=LINE('',#3830,#892);
#646=LINE('',#3831,#893);
#647=LINE('',#3834,#894);
#648=LINE('',#3836,#895);
#649=LINE('',#3837,#896);
#650=LINE('',#3852,#897);
#651=LINE('',#3858,#898);
#652=LINE('',#3859,#899);
#653=LINE('',#3884,#900);
#654=LINE('',#3886,#901);
#655=LINE('',#3888,#902);
#656=LINE('',#3890,#903);
#657=LINE('',#3892,#904);
#658=LINE('',#3929,#905);
#659=LINE('',#3931,#906);
#660=LINE('',#3955,#907);
#661=LINE('',#3956,#908);
#662=LINE('',#3970,#909);
#663=LINE('',#3984,#910);
#664=LINE('',#3987,#911);
#665=LINE('',#3988,#912);
#666=LINE('',#3991,#913);
#667=LINE('',#3992,#914);
#668=LINE('',#3995,#915);
#669=LINE('',#3996,#916);
#670=LINE('',#3999,#917);
#671=LINE('',#4000,#918);
#672=LINE('',#4003,#919);
#673=LINE('',#4004,#920);
#674=LINE('',#4018,#921);
#675=LINE('',#4032,#922);
#676=LINE('',#4046,#923);
#677=LINE('',#4060,#924);
#678=LINE('',#4074,#925);
#679=LINE('',#4088,#926);
#680=LINE('',#4091,#927);
#681=LINE('',#4092,#928);
#682=LINE('',#4095,#929);
#683=LINE('',#4096,#930);
#684=LINE('',#4110,#931);
#685=LINE('',#4124,#932);
#686=LINE('',#4138,#933);
#687=LINE('',#4166,#934);
#688=LINE('',#4172,#935);
#689=LINE('',#4187,#936);
#690=LINE('',#4206,#937);
#691=LINE('',#4225,#938);
#692=LINE('',#4245,#939);
#693=LINE('',#4251,#940);
#694=LINE('',#4266,#941);
#695=LINE('',#4285,#942);
#696=LINE('',#4304,#943);
#697=LINE('',#4323,#944);
#698=LINE('',#4342,#945);
#699=LINE('',#4361,#946);
#700=LINE('',#4384,#947);
#701=LINE('',#4403,#948);
#702=LINE('',#4434,#949);
#703=LINE('',#4453,#950);
#704=LINE('',#4472,#951);
#705=LINE('',#4491,#952);
#706=LINE('',#4498,#953);
#707=LINE('',#4500,#954);
#708=LINE('',#4501,#955);
#709=LINE('',#4504,#956);
#710=LINE('',#4506,#957);
#711=LINE('',#4507,#958);
#712=LINE('',#4528,#959);
#713=LINE('',#4530,#960);
#714=LINE('',#4532,#961);
#715=LINE('',#4534,#962);
#716=LINE('',#4536,#963);
#717=LINE('',#4538,#964);
#718=LINE('',#4540,#965);
#719=LINE('',#4542,#966);
#720=LINE('',#4544,#967);
#721=LINE('',#4545,#968);
#722=LINE('',#4549,#969);
#723=LINE('',#4550,#970);
#724=LINE('',#4551,#971);
#725=LINE('',#4554,#972);
#726=LINE('',#4555,#973);
#727=LINE('',#4558,#974);
#728=LINE('',#4559,#975);
#729=LINE('',#4562,#976);
#730=LINE('',#4563,#977);
#731=LINE('',#4566,#978);
#732=LINE('',#4567,#979);
#733=LINE('',#4570,#980);
#734=LINE('',#4571,#981);
#735=LINE('',#4574,#982);
#736=LINE('',#4575,#983);
#737=LINE('',#4578,#984);
#738=LINE('',#4579,#985);
#739=LINE('',#4582,#986);
#740=LINE('',#4583,#987);
#741=LINE('',#4585,#988);
#742=LINE('',#4591,#989);
#743=LINE('',#4595,#990);
#744=LINE('',#4599,#991);
#745=LINE('',#4602,#992);
#746=LINE('',#4606,#993);
#747=LINE('',#4609,#994);
#748=LINE('',#4612,#995);
#749=LINE('',#4613,#996);
#750=LINE('',#4616,#997);
#751=LINE('',#4619,#998);
#752=LINE('',#4623,#999);
#753=LINE('',#4624,#1000);
#754=LINE('',#4628,#1001);
#755=LINE('',#4631,#1002);
#756=LINE('',#4634,#1003);
#757=LINE('',#4636,#1004);
#758=LINE('',#4644,#1005);
#759=LINE('',#4649,#1006);
#760=LINE('',#4658,#1007);
#761=LINE('',#4663,#1008);
#762=LINE('',#4672,#1009);
#763=LINE('',#4677,#1010);
#764=LINE('',#4686,#1011);
#765=LINE('',#4691,#1012);
#766=LINE('',#4698,#1013);
#767=LINE('',#4701,#1014);
#768=LINE('',#4704,#1015);
#769=LINE('',#4706,#1016);
#770=LINE('',#4707,#1017);
#771=LINE('',#4713,#1018);
#772=LINE('',#4717,#1019);
#773=LINE('',#4721,#1020);
#774=LINE('',#4724,#1021);
#775=LINE('',#4726,#1022);
#776=LINE('',#4728,#1023);
#777=LINE('',#4730,#1024);
#778=LINE('',#4734,#1025);
#779=LINE('',#4736,#1026);
#780=LINE('',#4738,#1027);
#781=LINE('',#4742,#1028);
#782=LINE('',#4744,#1029);
#783=LINE('',#4746,#1030);
#784=LINE('',#4750,#1031);
#785=LINE('',#4751,#1032);
#786=LINE('',#4754,#1033);
#787=LINE('',#4757,#1034);
#788=LINE('',#4760,#1035);
#789=LINE('',#4761,#1036);
#790=LINE('',#4764,#1037);
#791=LINE('',#4767,#1038);
#792=LINE('',#4770,#1039);
#793=LINE('',#4771,#1040);
#794=LINE('',#4774,#1041);
#795=LINE('',#4777,#1042);
#796=LINE('',#4780,#1043);
#797=LINE('',#4781,#1044);
#798=LINE('',#4821,#1045);
#799=LINE('',#4822,#1046);
#800=LINE('',#4862,#1047);
#801=LINE('',#4863,#1048);
#802=LINE('',#4903,#1049);
#803=LINE('',#4904,#1050);
#804=LINE('',#4906,#1051);
#805=LINE('',#4907,#1052);
#806=LINE('',#4947,#1053);
#807=LINE('',#4948,#1054);
#808=LINE('',#4950,#1055);
#809=LINE('',#4951,#1056);
#810=LINE('',#4953,#1057);
#811=LINE('',#4954,#1058);
#812=LINE('',#4956,#1059);
#813=LINE('',#4957,#1060);
#814=LINE('',#4962,#1061);
#815=LINE('',#4965,#1062);
#816=LINE('',#4966,#1063);
#817=LINE('',#4969,#1064);
#818=LINE('',#4970,#1065);
#819=LINE('',#4972,#1066);
#820=LINE('',#4975,#1067);
#821=LINE('',#4976,#1068);
#822=LINE('',#4978,#1069);
#823=LINE('',#4981,#1070);
#824=LINE('',#4982,#1071);
#825=LINE('',#4984,#1072);
#826=VECTOR('',#2913,0.417504059437608);
#827=VECTOR('',#2914,0.200000000000005);
#828=VECTOR('',#2915,0.417504059437608);
#829=VECTOR('',#2916,0.200000000000005);
#830=VECTOR('',#2919,1.54141007658438);
#831=VECTOR('',#2920,0.200000000000005);
#832=VECTOR('',#2921,1.54141007658438);
#833=VECTOR('',#2924,0.417504059437608);
#834=VECTOR('',#2925,0.200000000000005);
#835=VECTOR('',#2926,0.417504059437608);
#836=VECTOR('',#2929,0.234846033433654);
#837=VECTOR('',#2930,0.200000000000005);
#838=VECTOR('',#2931,0.234846033433655);
#839=VECTOR('',#2934,1.12204215973857);
#840=VECTOR('',#2935,0.200000000000005);
#841=VECTOR('',#2936,1.12204215973857);
#842=VECTOR('',#2939,0.234846033433655);
#843=VECTOR('',#2940,0.200000000000005);
#844=VECTOR('',#2941,0.234846033433655);
#845=VECTOR('',#2944,0.40818477239659);
#846=VECTOR('',#2945,0.200000000000005);
#847=VECTOR('',#2946,0.40818477239659);
#848=VECTOR('',#2949,2.07260943792241);
#849=VECTOR('',#2950,0.200000000000005);
#850=VECTOR('',#2951,2.07260943792241);
#851=VECTOR('',#2954,0.238573748250061);
#852=VECTOR('',#2955,0.200000000000005);
#853=VECTOR('',#2956,0.238573748250061);
#854=VECTOR('',#2957,0.200000000000005);
#855=VECTOR('',#2960,0.210615887127008);
#856=VECTOR('',#2961,0.210615887127008);
#857=VECTOR('',#2966,0.200000000000005);
#858=VECTOR('',#2967,0.200000000000005);
#859=VECTOR('',#2968,0.200000000000005);
#860=VECTOR('',#2969,0.200000000000005);
#861=VECTOR('',#2970,0.200000000000005);
#862=VECTOR('',#2971,0.200000000000005);
#863=VECTOR('',#2972,0.200000000000005);
#864=VECTOR('',#2973,0.200000000000005);
#865=VECTOR('',#2974,0.200000000000005);
#866=VECTOR('',#2975,0.200000000000005);
#867=VECTOR('',#2976,0.200000000000005);
#868=VECTOR('',#2977,0.200000000000005);
#869=VECTOR('',#2980,0.417504059437608);
#870=VECTOR('',#2981,0.200000000000005);
#871=VECTOR('',#2982,0.417504059437608);
#872=VECTOR('',#2983,0.200000000000005);
#873=VECTOR('',#2986,1.54141007658438);
#874=VECTOR('',#2987,0.200000000000005);
#875=VECTOR('',#2988,1.54141007658438);
#876=VECTOR('',#2991,0.417504059437608);
#877=VECTOR('',#2992,0.200000000000005);
#878=VECTOR('',#2993,0.417504059437608);
#879=VECTOR('',#2996,0.234846033433654);
#880=VECTOR('',#2997,0.200000000000005);
#881=VECTOR('',#2998,0.234846033433655);
#882=VECTOR('',#3001,1.12204215973857);
#883=VECTOR('',#3002,0.200000000000005);
#884=VECTOR('',#3003,1.12204215973857);
#885=VECTOR('',#3006,0.234846033433655);
#886=VECTOR('',#3007,0.200000000000005);
#887=VECTOR('',#3008,0.234846033433655);
#888=VECTOR('',#3011,0.40818477239659);
#889=VECTOR('',#3012,0.200000000000005);
#890=VECTOR('',#3013,0.40818477239659);
#891=VECTOR('',#3016,2.07260943792241);
#892=VECTOR('',#3017,0.200000000000005);
#893=VECTOR('',#3018,2.07260943792241);
#894=VECTOR('',#3021,0.238573748250062);
#895=VECTOR('',#3022,0.200000000000005);
#896=VECTOR('',#3023,0.238573748250062);
#897=VECTOR('',#3024,0.200000000000005);
#898=VECTOR('',#3027,0.210615887127008);
#899=VECTOR('',#3028,0.210615887127008);
#900=VECTOR('',#3033,0.613209087298987);
#901=VECTOR('',#3034,0.965478137449468);
#902=VECTOR('',#3035,0.270259324189523);
#903=VECTOR('',#3036,1.26183146535384);
#904=VECTOR('',#3037,1.18541331161749);
#905=VECTOR('',#3038,0.0223662888984433);
#906=VECTOR('',#3039,0.326175046435631);
#907=VECTOR('',#3040,0.200000000000005);
#908=VECTOR('',#3041,0.200000000000005);
#909=VECTOR('',#3042,0.200000000000005);
#910=VECTOR('',#3043,0.200000000000005);
#911=VECTOR('',#3046,1.18541331161749);
#912=VECTOR('',#3047,0.200000000000005);
#913=VECTOR('',#3050,1.26183146535384);
#914=VECTOR('',#3051,0.200000000000005);
#915=VECTOR('',#3054,0.270259324189523);
#916=VECTOR('',#3055,0.200000000000005);
#917=VECTOR('',#3058,0.965478137449468);
#918=VECTOR('',#3059,0.200000000000005);
#919=VECTOR('',#3062,0.613209087298987);
#920=VECTOR('',#3063,0.200000000000005);
#921=VECTOR('',#3064,0.200000000000005);
#922=VECTOR('',#3065,0.200000000000005);
#923=VECTOR('',#3066,0.200000000000005);
#924=VECTOR('',#3067,0.200000000000005);
#925=VECTOR('',#3068,0.200000000000005);
#926=VECTOR('',#3069,0.200000000000005);
#927=VECTOR('',#3072,0.326175046435631);
#928=VECTOR('',#3073,0.200000000000005);
#929=VECTOR('',#3076,0.0223662888984433);
#930=VECTOR('',#3077,0.200000000000005);
#931=VECTOR('',#3078,0.200000000000005);
#932=VECTOR('',#3079,0.200000000000005);
#933=VECTOR('',#3080,0.200000000000005);
#934=VECTOR('',#3081,0.200000000000005);
#935=VECTOR('',#3082,0.200000000000005);
#936=VECTOR('',#3083,0.200000000000005);
#937=VECTOR('',#3084,0.200000000000005);
#938=VECTOR('',#3085,0.200000000000005);
#939=VECTOR('',#3086,0.200000000000005);
#940=VECTOR('',#3087,0.200000000000005);
#941=VECTOR('',#3088,0.200000000000005);
#942=VECTOR('',#3089,0.200000000000005);
#943=VECTOR('',#3090,0.200000000000005);
#944=VECTOR('',#3091,0.200000000000005);
#945=VECTOR('',#3092,0.200000000000005);
#946=VECTOR('',#3093,0.200000000000005);
#947=VECTOR('',#3094,0.200000000000005);
#948=VECTOR('',#3095,0.200000000000005);
#949=VECTOR('',#3096,0.200000000000005);
#950=VECTOR('',#3097,0.200000000000005);
#951=VECTOR('',#3098,0.200000000000005);
#952=VECTOR('',#3099,0.200000000000005);
#953=VECTOR('',#3102,0.0149108592656289);
#954=VECTOR('',#3103,0.200000000000005);
#955=VECTOR('',#3104,0.0149108592656289);
#956=VECTOR('',#3107,0.296353327904373);
#957=VECTOR('',#3108,0.200000000000005);
#958=VECTOR('',#3109,0.296353327904374);
#959=VECTOR('',#3114,0.342949763109464);
#960=VECTOR('',#3115,2.30000004172325);
#961=VECTOR('',#3116,0.285170183455151);
#962=VECTOR('',#3117,1.82098868781492);
#963=VECTOR('',#3118,2.04306149761684);
#964=VECTOR('',#3119,0.434278776111441);
#965=VECTOR('',#3120,2.30000004172325);
#966=VECTOR('',#3121,0.285170183455152);
#967=VECTOR('',#3122,1.98314428232864);
#968=VECTOR('',#3123,2.22901449680481);
#969=VECTOR('',#3126,2.30000004172325);
#970=VECTOR('',#3127,0.200000000000005);
#971=VECTOR('',#3128,0.200000000000005);
#972=VECTOR('',#3131,0.434278776111441);
#973=VECTOR('',#3132,0.200000000000005);
#974=VECTOR('',#3135,2.04306149761684);
#975=VECTOR('',#3136,0.200000000000005);
#976=VECTOR('',#3139,1.82098868781492);
#977=VECTOR('',#3140,0.200000000000005);
#978=VECTOR('',#3143,0.285170183455151);
#979=VECTOR('',#3144,0.200000000000005);
#980=VECTOR('',#3147,2.30000004172325);
#981=VECTOR('',#3148,0.200000000000005);
#982=VECTOR('',#3151,0.342949763109464);
#983=VECTOR('',#3152,0.200000000000005);
#984=VECTOR('',#3155,2.22901449680481);
#985=VECTOR('',#3156,0.200000000000005);
#986=VECTOR('',#3159,1.98314428232864);
#987=VECTOR('',#3160,0.200000000000005);
#988=VECTOR('',#3163,0.285170183455152);
#989=VECTOR('',#3168,15.);
#990=VECTOR('',#3171,5.00000000000001);
#991=VECTOR('',#3174,15.);
#992=VECTOR('',#3177,5.);
#993=VECTOR('',#3182,0.2);
#994=VECTOR('',#3185,0.2);
#995=VECTOR('',#3188,0.2);
#996=VECTOR('',#3189,5.);
#997=VECTOR('',#3192,0.2);
#998=VECTOR('',#3195,0.2);
#999=VECTOR('',#3200,5.00000000000001);
#1000=VECTOR('',#3201,0.2);
#1001=VECTOR('',#3206,0.2);
#1002=VECTOR('',#3209,0.2);
#1003=VECTOR('',#3214,15.);
#1004=VECTOR('',#3217,15.);
#1005=VECTOR('',#3226,2.);
#1006=VECTOR('',#3233,1.321);
#1007=VECTOR('',#3244,2.);
#1008=VECTOR('',#3251,1.321);
#1009=VECTOR('',#3262,2.);
#1010=VECTOR('',#3269,1.321);
#1011=VECTOR('',#3280,2.);
#1012=VECTOR('',#3287,1.321);
#1013=VECTOR('',#3294,34.2234429903996);
#1014=VECTOR('',#3297,34.2234429903996);
#1015=VECTOR('',#3300,3.30119936258556);
#1016=VECTOR('',#3301,34.2234429903996);
#1017=VECTOR('',#3302,3.30119936258556);
#1018=VECTOR('',#3307,56.50308407522);
#1019=VECTOR('',#3310,112.20308407522);
#1020=VECTOR('',#3313,56.50308407522);
#1021=VECTOR('',#3316,112.20308407522);
#1022=VECTOR('',#3317,3.00119936258556);
#1023=VECTOR('',#3318,104.1);
#1024=VECTOR('',#3319,3.00119936258555);
#1025=VECTOR('',#3322,3.30119936258556);
#1026=VECTOR('',#3323,49.);
#1027=VECTOR('',#3324,3.30119936258556);
#1028=VECTOR('',#3327,3.00119936258556);
#1029=VECTOR('',#3328,104.1);
#1030=VECTOR('',#3329,3.00119936258555);
#1031=VECTOR('',#3332,3.30119936258556);
#1032=VECTOR('',#3333,49.);
#1033=VECTOR('',#3336,34.2234429903996);
#1034=VECTOR('',#3339,34.2234429903996);
#1035=VECTOR('',#3342,34.2234429903996);
#1036=VECTOR('',#3343,3.00119936258555);
#1037=VECTOR('',#3346,34.2234429903996);
#1038=VECTOR('',#3349,34.2234429903996);
#1039=VECTOR('',#3352,34.2234429903996);
#1040=VECTOR('',#3353,3.30119936258556);
#1041=VECTOR('',#3356,34.2234429903996);
#1042=VECTOR('',#3359,34.2234429903996);
#1043=VECTOR('',#3362,3.30119936258555);
#1044=VECTOR('',#3363,34.2234429903996);
#1045=VECTOR('',#3374,34.3628038747901);
#1046=VECTOR('',#3375,34.3628038747901);
#1047=VECTOR('',#3386,34.3628038747901);
#1048=VECTOR('',#3387,34.3628038747901);
#1049=VECTOR('',#3398,34.3628038747901);
#1050=VECTOR('',#3399,34.3628038747901);
#1051=VECTOR('',#3402,54.7046734530278);
#1052=VECTOR('',#3403,54.7046734530278);
#1053=VECTOR('',#3414,34.3628038747901);
#1054=VECTOR('',#3415,34.3628038747901);
#1055=VECTOR('',#3418,110.404673453028);
#1056=VECTOR('',#3419,110.404673453028);
#1057=VECTOR('',#3422,54.7046734530279);
#1058=VECTOR('',#3423,54.7046734530279);
#1059=VECTOR('',#3426,110.404673453028);
#1060=VECTOR('',#3427,110.404673453028);
#1061=VECTOR('',#3436,47.2088829646676);
#1062=VECTOR('',#3439,34.2234429903996);
#1063=VECTOR('',#3440,3.00119936258555);
#1064=VECTOR('',#3443,102.308882964668);
#1065=VECTOR('',#3444,34.2234429903996);
#1066=VECTOR('',#3447,3.00119936258555);
#1067=VECTOR('',#3450,47.2088829646676);
#1068=VECTOR('',#3451,34.2234429903996);
#1069=VECTOR('',#3454,3.30119936258555);
#1070=VECTOR('',#3457,102.308882964668);
#1071=VECTOR('',#3458,34.2234429903996);
#1072=VECTOR('',#3461,3.00119936258555);
#1073=VERTEX_POINT('',#3473);
#1074=VERTEX_POINT('',#3474);
#1075=VERTEX_POINT('',#3476);
#1076=VERTEX_POINT('',#3478);
#1077=VERTEX_POINT('',#3482);
#1078=VERTEX_POINT('',#3484);
#1079=VERTEX_POINT('',#3488);
#1080=VERTEX_POINT('',#3490);
#1081=VERTEX_POINT('',#3494);
#1082=VERTEX_POINT('',#3496);
#1083=VERTEX_POINT('',#3500);
#1084=VERTEX_POINT('',#3502);
#1085=VERTEX_POINT('',#3506);
#1086=VERTEX_POINT('',#3508);
#1087=VERTEX_POINT('',#3512);
#1088=VERTEX_POINT('',#3514);
#1089=VERTEX_POINT('',#3518);
#1090=VERTEX_POINT('',#3520);
#1091=VERTEX_POINT('',#3524);
#1092=VERTEX_POINT('',#3526);
#1093=VERTEX_POINT('',#3537);
#1094=VERTEX_POINT('',#3542);
#1095=VERTEX_POINT('',#3553);
#1096=VERTEX_POINT('',#3554);
#1097=VERTEX_POINT('',#3559);
#1098=VERTEX_POINT('',#3564);
#1099=VERTEX_POINT('',#3573);
#1100=VERTEX_POINT('',#3574);
#1101=VERTEX_POINT('',#3579);
#1102=VERTEX_POINT('',#3584);
#1103=VERTEX_POINT('',#3589);
#1104=VERTEX_POINT('',#3594);
#1105=VERTEX_POINT('',#3599);
#1106=VERTEX_POINT('',#3604);
#1107=VERTEX_POINT('',#3621);
#1108=VERTEX_POINT('',#3622);
#1109=VERTEX_POINT('',#3637);
#1110=VERTEX_POINT('',#3651);
#1111=VERTEX_POINT('',#3652);
#1112=VERTEX_POINT('',#3667);
#1113=VERTEX_POINT('',#3681);
#1114=VERTEX_POINT('',#3695);
#1115=VERTEX_POINT('',#3709);
#1116=VERTEX_POINT('',#3735);
#1117=VERTEX_POINT('',#3749);
#1118=VERTEX_POINT('',#3763);
#1119=VERTEX_POINT('',#3782);
#1120=VERTEX_POINT('',#3783);
#1121=VERTEX_POINT('',#3785);
#1122=VERTEX_POINT('',#3787);
#1123=VERTEX_POINT('',#3791);
#1124=VERTEX_POINT('',#3793);
#1125=VERTEX_POINT('',#3797);
#1126=VERTEX_POINT('',#3799);
#1127=VERTEX_POINT('',#3803);
#1128=VERTEX_POINT('',#3805);
#1129=VERTEX_POINT('',#3809);
#1130=VERTEX_POINT('',#3811);
#1131=VERTEX_POINT('',#3815);
#1132=VERTEX_POINT('',#3817);
#1133=VERTEX_POINT('',#3821);
#1134=VERTEX_POINT('',#3823);
#1135=VERTEX_POINT('',#3827);
#1136=VERTEX_POINT('',#3829);
#1137=VERTEX_POINT('',#3833);
#1138=VERTEX_POINT('',#3835);
#1139=VERTEX_POINT('',#3846);
#1140=VERTEX_POINT('',#3851);
#1141=VERTEX_POINT('',#3862);
#1142=VERTEX_POINT('',#3863);
#1143=VERTEX_POINT('',#3868);
#1144=VERTEX_POINT('',#3873);
#1145=VERTEX_POINT('',#3878);
#1146=VERTEX_POINT('',#3883);
#1147=VERTEX_POINT('',#3885);
#1148=VERTEX_POINT('',#3887);
#1149=VERTEX_POINT('',#3889);
#1150=VERTEX_POINT('',#3891);
#1151=VERTEX_POINT('',#3893);
#1152=VERTEX_POINT('',#3898);
#1153=VERTEX_POINT('',#3903);
#1154=VERTEX_POINT('',#3908);
#1155=VERTEX_POINT('',#3913);
#1156=VERTEX_POINT('',#3918);
#1157=VERTEX_POINT('',#3923);
#1158=VERTEX_POINT('',#3928);
#1159=VERTEX_POINT('',#3930);
#1160=VERTEX_POINT('',#3932);
#1161=VERTEX_POINT('',#3949);
#1162=VERTEX_POINT('',#3950);
#1163=VERTEX_POINT('',#3965);
#1164=VERTEX_POINT('',#3979);
#1165=VERTEX_POINT('',#3986);
#1166=VERTEX_POINT('',#3990);
#1167=VERTEX_POINT('',#3994);
#1168=VERTEX_POINT('',#3998);
#1169=VERTEX_POINT('',#4002);
#1170=VERTEX_POINT('',#4013);
#1171=VERTEX_POINT('',#4027);
#1172=VERTEX_POINT('',#4041);
#1173=VERTEX_POINT('',#4055);
#1174=VERTEX_POINT('',#4069);
#1175=VERTEX_POINT('',#4083);
#1176=VERTEX_POINT('',#4090);
#1177=VERTEX_POINT('',#4094);
#1178=VERTEX_POINT('',#4105);
#1179=VERTEX_POINT('',#4119);
#1180=VERTEX_POINT('',#4133);
#1181=VERTEX_POINT('',#4159);
#1182=VERTEX_POINT('',#4160);
#1183=VERTEX_POINT('',#4165);
#1184=VERTEX_POINT('',#4167);
#1185=VERTEX_POINT('',#4181);
#1186=VERTEX_POINT('',#4186);
#1187=VERTEX_POINT('',#4200);
#1188=VERTEX_POINT('',#4205);
#1189=VERTEX_POINT('',#4219);
#1190=VERTEX_POINT('',#4224);
#1191=VERTEX_POINT('',#4238);
#1192=VERTEX_POINT('',#4239);
#1193=VERTEX_POINT('',#4244);
#1194=VERTEX_POINT('',#4246);
#1195=VERTEX_POINT('',#4260);
#1196=VERTEX_POINT('',#4265);
#1197=VERTEX_POINT('',#4279);
#1198=VERTEX_POINT('',#4284);
#1199=VERTEX_POINT('',#4298);
#1200=VERTEX_POINT('',#4303);
#1201=VERTEX_POINT('',#4317);
#1202=VERTEX_POINT('',#4322);
#1203=VERTEX_POINT('',#4336);
#1204=VERTEX_POINT('',#4341);
#1205=VERTEX_POINT('',#4355);
#1206=VERTEX_POINT('',#4360);
#1207=VERTEX_POINT('',#4374);
#1208=VERTEX_POINT('',#4379);
#1209=VERTEX_POINT('',#4393);
#1210=VERTEX_POINT('',#4398);
#1211=VERTEX_POINT('',#4428);
#1212=VERTEX_POINT('',#4433);
#1213=VERTEX_POINT('',#4447);
#1214=VERTEX_POINT('',#4452);
#1215=VERTEX_POINT('',#4466);
#1216=VERTEX_POINT('',#4471);
#1217=VERTEX_POINT('',#4485);
#1218=VERTEX_POINT('',#4490);
#1219=VERTEX_POINT('',#4497);
#1220=VERTEX_POINT('',#4499);
#1221=VERTEX_POINT('',#4503);
#1222=VERTEX_POINT('',#4505);
#1223=VERTEX_POINT('',#4526);
#1224=VERTEX_POINT('',#4527);
#1225=VERTEX_POINT('',#4529);
#1226=VERTEX_POINT('',#4531);
#1227=VERTEX_POINT('',#4533);
#1228=VERTEX_POINT('',#4535);
#1229=VERTEX_POINT('',#4537);
#1230=VERTEX_POINT('',#4539);
#1231=VERTEX_POINT('',#4541);
#1232=VERTEX_POINT('',#4543);
#1233=VERTEX_POINT('',#4547);
#1234=VERTEX_POINT('',#4548);
#1235=VERTEX_POINT('',#4553);
#1236=VERTEX_POINT('',#4557);
#1237=VERTEX_POINT('',#4561);
#1238=VERTEX_POINT('',#4565);
#1239=VERTEX_POINT('',#4569);
#1240=VERTEX_POINT('',#4573);
#1241=VERTEX_POINT('',#4577);
#1242=VERTEX_POINT('',#4581);
#1243=VERTEX_POINT('',#4587);
#1244=VERTEX_POINT('',#4588);
#1245=VERTEX_POINT('',#4590);
#1246=VERTEX_POINT('',#4592);
#1247=VERTEX_POINT('',#4594);
#1248=VERTEX_POINT('',#4596);
#1249=VERTEX_POINT('',#4598);
#1250=VERTEX_POINT('',#4600);
#1251=VERTEX_POINT('',#4605);
#1252=VERTEX_POINT('',#4607);
#1253=VERTEX_POINT('',#4611);
#1254=VERTEX_POINT('',#4615);
#1255=VERTEX_POINT('',#4617);
#1256=VERTEX_POINT('',#4622);
#1257=VERTEX_POINT('',#4626);
#1258=VERTEX_POINT('',#4630);
#1259=VERTEX_POINT('',#4638);
#1260=VERTEX_POINT('',#4640);
#1261=VERTEX_POINT('',#4643);
#1262=VERTEX_POINT('',#4647);
#1263=VERTEX_POINT('',#4652);
#1264=VERTEX_POINT('',#4654);
#1265=VERTEX_POINT('',#4657);
#1266=VERTEX_POINT('',#4661);
#1267=VERTEX_POINT('',#4666);
#1268=VERTEX_POINT('',#4668);
#1269=VERTEX_POINT('',#4671);
#1270=VERTEX_POINT('',#4675);
#1271=VERTEX_POINT('',#4680);
#1272=VERTEX_POINT('',#4682);
#1273=VERTEX_POINT('',#4685);
#1274=VERTEX_POINT('',#4689);
#1275=VERTEX_POINT('',#4694);
#1276=VERTEX_POINT('',#4695);
#1277=VERTEX_POINT('',#4697);
#1278=VERTEX_POINT('',#4699);
#1279=VERTEX_POINT('',#4703);
#1280=VERTEX_POINT('',#4705);
#1281=VERTEX_POINT('',#4709);
#1282=VERTEX_POINT('',#4710);
#1283=VERTEX_POINT('',#4712);
#1284=VERTEX_POINT('',#4714);
#1285=VERTEX_POINT('',#4716);
#1286=VERTEX_POINT('',#4718);
#1287=VERTEX_POINT('',#4720);
#1288=VERTEX_POINT('',#4722);
#1289=VERTEX_POINT('',#4725);
#1290=VERTEX_POINT('',#4727);
#1291=VERTEX_POINT('',#4729);
#1292=VERTEX_POINT('',#4731);
#1293=VERTEX_POINT('',#4733);
#1294=VERTEX_POINT('',#4735);
#1295=VERTEX_POINT('',#4737);
#1296=VERTEX_POINT('',#4739);
#1297=VERTEX_POINT('',#4741);
#1298=VERTEX_POINT('',#4743);
#1299=VERTEX_POINT('',#4745);
#1300=VERTEX_POINT('',#4747);
#1301=VERTEX_POINT('',#4749);
#1302=VERTEX_POINT('',#4753);
#1303=VERTEX_POINT('',#4755);
#1304=VERTEX_POINT('',#4759);
#1305=VERTEX_POINT('',#4763);
#1306=VERTEX_POINT('',#4765);
#1307=VERTEX_POINT('',#4769);
#1308=VERTEX_POINT('',#4773);
#1309=VERTEX_POINT('',#4775);
#1310=VERTEX_POINT('',#4779);
#1311=VERTEX_POINT('',#4812);
#1312=VERTEX_POINT('',#4813);
#1313=VERTEX_POINT('',#4815);
#1314=VERTEX_POINT('',#4817);
#1315=VERTEX_POINT('',#4853);
#1316=VERTEX_POINT('',#4854);
#1317=VERTEX_POINT('',#4856);
#1318=VERTEX_POINT('',#4858);
#1319=VERTEX_POINT('',#4894);
#1320=VERTEX_POINT('',#4895);
#1321=VERTEX_POINT('',#4897);
#1322=VERTEX_POINT('',#4899);
#1323=VERTEX_POINT('',#4938);
#1324=VERTEX_POINT('',#4939);
#1325=VERTEX_POINT('',#4941);
#1326=VERTEX_POINT('',#4943);
#1327=VERTEX_POINT('',#4964);
#1328=VERTEX_POINT('',#4968);
#1329=VERTEX_POINT('',#4974);
#1330=VERTEX_POINT('',#4980);
#1331=EDGE_CURVE('',#1073,#1074,#579,.T.);
#1332=EDGE_CURVE('',#1075,#1073,#580,.T.);
#1333=EDGE_CURVE('',#1075,#1076,#581,.T.);
#1334=EDGE_CURVE('',#1076,#1074,#582,.T.);
#1335=EDGE_CURVE('',#1077,#1073,#583,.T.);
#1336=EDGE_CURVE('',#1078,#1077,#584,.T.);
#1337=EDGE_CURVE('',#1078,#1075,#585,.T.);
#1338=EDGE_CURVE('',#1079,#1077,#586,.T.);
#1339=EDGE_CURVE('',#1080,#1079,#587,.T.);
#1340=EDGE_CURVE('',#1080,#1078,#588,.T.);
#1341=EDGE_CURVE('',#1081,#1079,#589,.T.);
#1342=EDGE_CURVE('',#1082,#1081,#590,.T.);
#1343=EDGE_CURVE('',#1082,#1080,#591,.T.);
#1344=EDGE_CURVE('',#1083,#1081,#592,.T.);
#1345=EDGE_CURVE('',#1084,#1083,#593,.T.);
#1346=EDGE_CURVE('',#1084,#1082,#594,.T.);
#1347=EDGE_CURVE('',#1085,#1083,#595,.T.);
#1348=EDGE_CURVE('',#1086,#1085,#596,.T.);
#1349=EDGE_CURVE('',#1086,#1084,#597,.T.);
#1350=EDGE_CURVE('',#1087,#1085,#598,.T.);
#1351=EDGE_CURVE('',#1088,#1087,#599,.T.);
#1352=EDGE_CURVE('',#1088,#1086,#600,.T.);
#1353=EDGE_CURVE('',#1089,#1087,#601,.T.);
#1354=EDGE_CURVE('',#1090,#1089,#602,.T.);
#1355=EDGE_CURVE('',#1090,#1088,#603,.T.);
#1356=EDGE_CURVE('',#1091,#1089,#604,.T.);
#1357=EDGE_CURVE('',#1092,#1091,#605,.T.);
#1358=EDGE_CURVE('',#1092,#1090,#606,.T.);
#1359=EDGE_CURVE('',#1093,#1091,#113,.T.);
#1360=EDGE_CURVE('',#1094,#1093,#607,.T.);
#1361=EDGE_CURVE('',#1094,#1092,#114,.T.);
#1362=EDGE_CURVE('',#1074,#1093,#608,.T.);
#1363=EDGE_CURVE('',#1076,#1094,#609,.T.);
#1364=EDGE_CURVE('',#1095,#1096,#115,.T.);
#1365=EDGE_CURVE('',#1097,#1095,#116,.T.);
#1366=EDGE_CURVE('',#1098,#1097,#117,.T.);
#1367=EDGE_CURVE('',#1096,#1098,#118,.T.);
#1368=EDGE_CURVE('',#1099,#1100,#119,.T.);
#1369=EDGE_CURVE('',#1100,#1101,#120,.T.);
#1370=EDGE_CURVE('',#1101,#1102,#121,.T.);
#1371=EDGE_CURVE('',#1102,#1103,#122,.T.);
#1372=EDGE_CURVE('',#1103,#1104,#123,.T.);
#1373=EDGE_CURVE('',#1104,#1105,#124,.T.);
#1374=EDGE_CURVE('',#1105,#1106,#125,.T.);
#1375=EDGE_CURVE('',#1106,#1099,#126,.T.);
#1376=EDGE_CURVE('',#1107,#1108,#127,.T.);
#1377=EDGE_CURVE('',#1096,#1107,#610,.T.);
#1378=EDGE_CURVE('',#1098,#1108,#611,.T.);
#1379=EDGE_CURVE('',#1108,#1109,#128,.T.);
#1380=EDGE_CURVE('',#1097,#1109,#612,.T.);
#1381=EDGE_CURVE('',#1110,#1111,#129,.T.);
#1382=EDGE_CURVE('',#1101,#1110,#613,.T.);
#1383=EDGE_CURVE('',#1100,#1111,#614,.T.);
#1384=EDGE_CURVE('',#1112,#1110,#130,.T.);
#1385=EDGE_CURVE('',#1102,#1112,#615,.T.);
#1386=EDGE_CURVE('',#1113,#1112,#131,.T.);
#1387=EDGE_CURVE('',#1103,#1113,#616,.T.);
#1388=EDGE_CURVE('',#1114,#1113,#132,.T.);
#1389=EDGE_CURVE('',#1104,#1114,#617,.T.);
#1390=EDGE_CURVE('',#1109,#1115,#133,.T.);
#1391=EDGE_CURVE('',#1095,#1115,#618,.T.);
#1392=EDGE_CURVE('',#1115,#1107,#134,.T.);
#1393=EDGE_CURVE('',#1111,#1116,#135,.T.);
#1394=EDGE_CURVE('',#1099,#1116,#619,.T.);
#1395=EDGE_CURVE('',#1116,#1117,#136,.T.);
#1396=EDGE_CURVE('',#1106,#1117,#620,.T.);
#1397=EDGE_CURVE('',#1117,#1118,#137,.T.);
#1398=EDGE_CURVE('',#1105,#1118,#621,.T.);
#1399=EDGE_CURVE('',#1118,#1114,#138,.T.);
#1400=EDGE_CURVE('',#1119,#1120,#622,.T.);
#1401=EDGE_CURVE('',#1121,#1119,#623,.T.);
#1402=EDGE_CURVE('',#1121,#1122,#624,.T.);
#1403=EDGE_CURVE('',#1122,#1120,#625,.T.);
#1404=EDGE_CURVE('',#1123,#1119,#626,.T.);
#1405=EDGE_CURVE('',#1124,#1123,#627,.T.);
#1406=EDGE_CURVE('',#1124,#1121,#628,.T.);
#1407=EDGE_CURVE('',#1125,#1123,#629,.T.);
#1408=EDGE_CURVE('',#1126,#1125,#630,.T.);
#1409=EDGE_CURVE('',#1126,#1124,#631,.T.);
#1410=EDGE_CURVE('',#1127,#1125,#632,.T.);
#1411=EDGE_CURVE('',#1128,#1127,#633,.T.);
#1412=EDGE_CURVE('',#1128,#1126,#634,.T.);
#1413=EDGE_CURVE('',#1129,#1127,#635,.T.);
#1414=EDGE_CURVE('',#1130,#1129,#636,.T.);
#1415=EDGE_CURVE('',#1130,#1128,#637,.T.);
#1416=EDGE_CURVE('',#1131,#1129,#638,.T.);
#1417=EDGE_CURVE('',#1132,#1131,#639,.T.);
#1418=EDGE_CURVE('',#1132,#1130,#640,.T.);
#1419=EDGE_CURVE('',#1133,#1131,#641,.T.);
#1420=EDGE_CURVE('',#1134,#1133,#642,.T.);
#1421=EDGE_CURVE('',#1134,#1132,#643,.T.);
#1422=EDGE_CURVE('',#1135,#1133,#644,.T.);
#1423=EDGE_CURVE('',#1136,#1135,#645,.T.);
#1424=EDGE_CURVE('',#1136,#1134,#646,.T.);
#1425=EDGE_CURVE('',#1137,#1135,#647,.T.);
#1426=EDGE_CURVE('',#1138,#1137,#648,.T.);
#1427=EDGE_CURVE('',#1138,#1136,#649,.T.);
#1428=EDGE_CURVE('',#1139,#1137,#139,.T.);
#1429=EDGE_CURVE('',#1140,#1139,#650,.T.);
#1430=EDGE_CURVE('',#1140,#1138,#140,.T.);
#1431=EDGE_CURVE('',#1120,#1139,#651,.T.);
#1432=EDGE_CURVE('',#1122,#1140,#652,.T.);
#1433=EDGE_CURVE('',#1141,#1142,#141,.T.);
#1434=EDGE_CURVE('',#1143,#1141,#142,.T.);
#1435=EDGE_CURVE('',#1144,#1143,#143,.T.);
#1436=EDGE_CURVE('',#1145,#1144,#144,.T.);
#1437=EDGE_CURVE('',#1146,#1145,#653,.T.);
#1438=EDGE_CURVE('',#1147,#1146,#654,.T.);
#1439=EDGE_CURVE('',#1148,#1147,#655,.T.);
#1440=EDGE_CURVE('',#1149,#1148,#656,.T.);
#1441=EDGE_CURVE('',#1150,#1149,#657,.T.);
#1442=EDGE_CURVE('',#1151,#1150,#145,.T.);
#1443=EDGE_CURVE('',#1152,#1151,#146,.T.);
#1444=EDGE_CURVE('',#1153,#1152,#147,.T.);
#1445=EDGE_CURVE('',#1154,#1153,#148,.T.);
#1446=EDGE_CURVE('',#1155,#1154,#149,.T.);
#1447=EDGE_CURVE('',#1156,#1155,#150,.T.);
#1448=EDGE_CURVE('',#1157,#1156,#151,.T.);
#1449=EDGE_CURVE('',#1158,#1157,#658,.T.);
#1450=EDGE_CURVE('',#1159,#1158,#659,.T.);
#1451=EDGE_CURVE('',#1160,#1159,#152,.T.);
#1452=EDGE_CURVE('',#1142,#1160,#153,.T.);
#1453=EDGE_CURVE('',#1161,#1162,#154,.T.);
#1454=EDGE_CURVE('',#1153,#1161,#660,.T.);
#1455=EDGE_CURVE('',#1152,#1162,#661,.T.);
#1456=EDGE_CURVE('',#1162,#1163,#155,.T.);
#1457=EDGE_CURVE('',#1151,#1163,#662,.T.);
#1458=EDGE_CURVE('',#1163,#1164,#156,.T.);
#1459=EDGE_CURVE('',#1150,#1164,#663,.T.);
#1460=EDGE_CURVE('',#1164,#1165,#664,.T.);
#1461=EDGE_CURVE('',#1149,#1165,#665,.T.);
#1462=EDGE_CURVE('',#1165,#1166,#666,.T.);
#1463=EDGE_CURVE('',#1148,#1166,#667,.T.);
#1464=EDGE_CURVE('',#1166,#1167,#668,.T.);
#1465=EDGE_CURVE('',#1147,#1167,#669,.T.);
#1466=EDGE_CURVE('',#1167,#1168,#670,.T.);
#1467=EDGE_CURVE('',#1146,#1168,#671,.T.);
#1468=EDGE_CURVE('',#1168,#1169,#672,.T.);
#1469=EDGE_CURVE('',#1145,#1169,#673,.T.);
#1470=EDGE_CURVE('',#1169,#1170,#157,.T.);
#1471=EDGE_CURVE('',#1144,#1170,#674,.T.);
#1472=EDGE_CURVE('',#1170,#1171,#158,.T.);
#1473=EDGE_CURVE('',#1143,#1171,#675,.T.);
#1474=EDGE_CURVE('',#1171,#1172,#159,.T.);
#1475=EDGE_CURVE('',#1141,#1172,#676,.T.);
#1476=EDGE_CURVE('',#1172,#1173,#160,.T.);
#1477=EDGE_CURVE('',#1142,#1173,#677,.T.);
#1478=EDGE_CURVE('',#1173,#1174,#161,.T.);
#1479=EDGE_CURVE('',#1160,#1174,#678,.T.);
#1480=EDGE_CURVE('',#1174,#1175,#162,.T.);
#1481=EDGE_CURVE('',#1159,#1175,#679,.T.);
#1482=EDGE_CURVE('',#1175,#1176,#680,.T.);
#1483=EDGE_CURVE('',#1158,#1176,#681,.T.);
#1484=EDGE_CURVE('',#1176,#1177,#682,.T.);
#1485=EDGE_CURVE('',#1157,#1177,#683,.T.);
#1486=EDGE_CURVE('',#1177,#1178,#163,.T.);
#1487=EDGE_CURVE('',#1156,#1178,#684,.T.);
#1488=EDGE_CURVE('',#1178,#1179,#164,.T.);
#1489=EDGE_CURVE('',#1155,#1179,#685,.T.);
#1490=EDGE_CURVE('',#1179,#1180,#165,.T.);
#1491=EDGE_CURVE('',#1154,#1180,#686,.T.);
#1492=EDGE_CURVE('',#1180,#1161,#166,.T.);
#1493=EDGE_CURVE('',#1181,#1182,#167,.T.);
#1494=EDGE_CURVE('',#1183,#1181,#687,.T.);
#1495=EDGE_CURVE('',#1184,#1183,#168,.T.);
#1496=EDGE_CURVE('',#1184,#1182,#688,.T.);
#1497=EDGE_CURVE('',#1185,#1181,#169,.T.);
#1498=EDGE_CURVE('',#1186,#1185,#689,.T.);
#1499=EDGE_CURVE('',#1183,#1186,#170,.T.);
#1500=EDGE_CURVE('',#1187,#1185,#171,.T.);
#1501=EDGE_CURVE('',#1188,#1187,#690,.T.);
#1502=EDGE_CURVE('',#1186,#1188,#172,.T.);
#1503=EDGE_CURVE('',#1189,#1187,#173,.T.);
#1504=EDGE_CURVE('',#1190,#1189,#691,.T.);
#1505=EDGE_CURVE('',#1188,#1190,#174,.T.);
#1506=EDGE_CURVE('',#1191,#1192,#175,.T.);
#1507=EDGE_CURVE('',#1193,#1191,#692,.T.);
#1508=EDGE_CURVE('',#1193,#1194,#176,.T.);
#1509=EDGE_CURVE('',#1194,#1192,#693,.T.);
#1510=EDGE_CURVE('',#1195,#1191,#177,.T.);
#1511=EDGE_CURVE('',#1196,#1195,#694,.T.);
#1512=EDGE_CURVE('',#1196,#1193,#178,.T.);
#1513=EDGE_CURVE('',#1197,#1195,#179,.T.);
#1514=EDGE_CURVE('',#1198,#1197,#695,.T.);
#1515=EDGE_CURVE('',#1198,#1196,#180,.T.);
#1516=EDGE_CURVE('',#1199,#1197,#181,.T.);
#1517=EDGE_CURVE('',#1200,#1199,#696,.T.);
#1518=EDGE_CURVE('',#1200,#1198,#182,.T.);
#1519=EDGE_CURVE('',#1201,#1199,#183,.T.);
#1520=EDGE_CURVE('',#1202,#1201,#697,.T.);
#1521=EDGE_CURVE('',#1202,#1200,#184,.T.);
#1522=EDGE_CURVE('',#1203,#1201,#185,.T.);
#1523=EDGE_CURVE('',#1204,#1203,#698,.T.);
#1524=EDGE_CURVE('',#1204,#1202,#186,.T.);
#1525=EDGE_CURVE('',#1205,#1203,#187,.T.);
#1526=EDGE_CURVE('',#1206,#1205,#699,.T.);
#1527=EDGE_CURVE('',#1206,#1204,#188,.T.);
#1528=EDGE_CURVE('',#1182,#1207,#189,.T.);
#1529=EDGE_CURVE('',#1208,#1184,#190,.T.);
#1530=EDGE_CURVE('',#1208,#1207,#700,.T.);
#1531=EDGE_CURVE('',#1207,#1209,#191,.T.);
#1532=EDGE_CURVE('',#1210,#1208,#192,.T.);
#1533=EDGE_CURVE('',#1210,#1209,#701,.T.);
#1534=EDGE_CURVE('',#1209,#1189,#193,.T.);
#1535=EDGE_CURVE('',#1190,#1210,#194,.T.);
#1536=EDGE_CURVE('',#1211,#1205,#195,.T.);
#1537=EDGE_CURVE('',#1212,#1211,#702,.T.);
#1538=EDGE_CURVE('',#1212,#1206,#196,.T.);
#1539=EDGE_CURVE('',#1213,#1211,#197,.T.);
#1540=EDGE_CURVE('',#1214,#1213,#703,.T.);
#1541=EDGE_CURVE('',#1214,#1212,#198,.T.);
#1542=EDGE_CURVE('',#1215,#1213,#199,.T.);
#1543=EDGE_CURVE('',#1216,#1215,#704,.T.);
#1544=EDGE_CURVE('',#1216,#1214,#200,.T.);
#1545=EDGE_CURVE('',#1217,#1215,#201,.T.);
#1546=EDGE_CURVE('',#1218,#1217,#705,.T.);
#1547=EDGE_CURVE('',#1218,#1216,#202,.T.);
#1548=EDGE_CURVE('',#1219,#1217,#706,.T.);
#1549=EDGE_CURVE('',#1220,#1219,#707,.T.);
#1550=EDGE_CURVE('',#1220,#1218,#708,.T.);
#1551=EDGE_CURVE('',#1221,#1219,#709,.T.);
#1552=EDGE_CURVE('',#1222,#1221,#710,.T.);
#1553=EDGE_CURVE('',#1222,#1220,#711,.T.);
#1554=EDGE_CURVE('',#1192,#1221,#203,.T.);
#1555=EDGE_CURVE('',#1194,#1222,#204,.T.);
#1556=EDGE_CURVE('',#1223,#1224,#712,.T.);
#1557=EDGE_CURVE('',#1225,#1223,#713,.T.);
#1558=EDGE_CURVE('',#1226,#1225,#714,.T.);
#1559=EDGE_CURVE('',#1227,#1226,#715,.T.);
#1560=EDGE_CURVE('',#1228,#1227,#716,.T.);
#1561=EDGE_CURVE('',#1229,#1228,#717,.T.);
#1562=EDGE_CURVE('',#1230,#1229,#718,.T.);
#1563=EDGE_CURVE('',#1231,#1230,#719,.T.);
#1564=EDGE_CURVE('',#1232,#1231,#720,.T.);
#1565=EDGE_CURVE('',#1224,#1232,#721,.T.);
#1566=EDGE_CURVE('',#1233,#1234,#722,.T.);
#1567=EDGE_CURVE('',#1230,#1233,#723,.T.);
#1568=EDGE_CURVE('',#1229,#1234,#724,.T.);
#1569=EDGE_CURVE('',#1234,#1235,#725,.T.);
#1570=EDGE_CURVE('',#1228,#1235,#726,.T.);
#1571=EDGE_CURVE('',#1235,#1236,#727,.T.);
#1572=EDGE_CURVE('',#1227,#1236,#728,.T.);
#1573=EDGE_CURVE('',#1236,#1237,#729,.T.);
#1574=EDGE_CURVE('',#1226,#1237,#730,.T.);
#1575=EDGE_CURVE('',#1237,#1238,#731,.T.);
#1576=EDGE_CURVE('',#1225,#1238,#732,.T.);
#1577=EDGE_CURVE('',#1238,#1239,#733,.T.);
#1578=EDGE_CURVE('',#1223,#1239,#734,.T.);
#1579=EDGE_CURVE('',#1239,#1240,#735,.T.);
#1580=EDGE_CURVE('',#1224,#1240,#736,.T.);
#1581=EDGE_CURVE('',#1240,#1241,#737,.T.);
#1582=EDGE_CURVE('',#1232,#1241,#738,.T.);
#1583=EDGE_CURVE('',#1241,#1242,#739,.T.);
#1584=EDGE_CURVE('',#1231,#1242,#740,.T.);
#1585=EDGE_CURVE('',#1242,#1233,#741,.T.);
#1586=EDGE_CURVE('',#1243,#1244,#63,.T.);
#1587=EDGE_CURVE('',#1244,#1245,#742,.T.);
#1588=EDGE_CURVE('',#1245,#1246,#64,.T.);
#1589=EDGE_CURVE('',#1246,#1247,#743,.T.);
#1590=EDGE_CURVE('',#1247,#1248,#65,.T.);
#1591=EDGE_CURVE('',#1248,#1249,#744,.T.);
#1592=EDGE_CURVE('',#1249,#1250,#66,.T.);
#1593=EDGE_CURVE('',#1250,#1243,#745,.T.);
#1594=EDGE_CURVE('',#1243,#1251,#746,.T.);
#1595=EDGE_CURVE('',#1251,#1252,#67,.T.);
#1596=EDGE_CURVE('',#1252,#1244,#747,.T.);
#1597=EDGE_CURVE('',#1253,#1250,#748,.T.);
#1598=EDGE_CURVE('',#1251,#1253,#749,.T.);
#1599=EDGE_CURVE('',#1245,#1254,#750,.T.);
#1600=EDGE_CURVE('',#1254,#1255,#68,.T.);
#1601=EDGE_CURVE('',#1255,#1246,#751,.T.);
#1602=EDGE_CURVE('',#1256,#1255,#752,.T.);
#1603=EDGE_CURVE('',#1247,#1256,#753,.T.);
#1604=EDGE_CURVE('',#1256,#1257,#69,.T.);
#1605=EDGE_CURVE('',#1257,#1248,#754,.T.);
#1606=EDGE_CURVE('',#1249,#1258,#755,.T.);
#1607=EDGE_CURVE('',#1258,#1253,#70,.T.);
#1608=EDGE_CURVE('',#1254,#1252,#756,.T.);
#1609=EDGE_CURVE('',#1258,#1257,#757,.T.);
#1610=EDGE_CURVE('',#1259,#1259,#71,.T.);
#1611=EDGE_CURVE('',#1260,#1260,#72,.T.);
#1612=EDGE_CURVE('',#1259,#1261,#758,.T.);
#1613=EDGE_CURVE('',#1261,#1261,#73,.T.);
#1614=EDGE_CURVE('',#1262,#1262,#74,.T.);
#1615=EDGE_CURVE('',#1262,#1260,#759,.T.);
#1616=EDGE_CURVE('',#1263,#1263,#75,.T.);
#1617=EDGE_CURVE('',#1264,#1264,#76,.T.);
#1618=EDGE_CURVE('',#1263,#1265,#760,.T.);
#1619=EDGE_CURVE('',#1265,#1265,#77,.T.);
#1620=EDGE_CURVE('',#1266,#1266,#78,.T.);
#1621=EDGE_CURVE('',#1266,#1264,#761,.T.);
#1622=EDGE_CURVE('',#1267,#1267,#79,.T.);
#1623=EDGE_CURVE('',#1268,#1268,#80,.T.);
#1624=EDGE_CURVE('',#1267,#1269,#762,.T.);
#1625=EDGE_CURVE('',#1269,#1269,#81,.T.);
#1626=EDGE_CURVE('',#1270,#1270,#82,.T.);
#1627=EDGE_CURVE('',#1270,#1268,#763,.T.);
#1628=EDGE_CURVE('',#1271,#1271,#83,.T.);
#1629=EDGE_CURVE('',#1272,#1272,#84,.T.);
#1630=EDGE_CURVE('',#1271,#1273,#764,.T.);
#1631=EDGE_CURVE('',#1273,#1273,#85,.T.);
#1632=EDGE_CURVE('',#1274,#1274,#86,.T.);
#1633=EDGE_CURVE('',#1274,#1272,#765,.T.);
#1634=EDGE_CURVE('',#1275,#1276,#19,.T.);
#1635=EDGE_CURVE('',#1276,#1277,#766,.T.);
#1636=EDGE_CURVE('',#1277,#1278,#20,.F.);
#1637=EDGE_CURVE('',#1278,#1275,#767,.T.);
#1638=EDGE_CURVE('',#1279,#1276,#768,.T.);
#1639=EDGE_CURVE('',#1279,#1280,#769,.T.);
#1640=EDGE_CURVE('',#1277,#1280,#770,.T.);
#1641=EDGE_CURVE('',#1281,#1282,#21,.T.);
#1642=EDGE_CURVE('',#1283,#1281,#771,.T.);
#1643=EDGE_CURVE('',#1284,#1283,#22,.T.);
#1644=EDGE_CURVE('',#1285,#1284,#772,.T.);
#1645=EDGE_CURVE('',#1286,#1285,#23,.T.);
#1646=EDGE_CURVE('',#1287,#1286,#773,.T.);
#1647=EDGE_CURVE('',#1288,#1287,#24,.T.);
#1648=EDGE_CURVE('',#1282,#1288,#774,.T.);
#1649=EDGE_CURVE('',#1275,#1289,#775,.T.);
#1650=EDGE_CURVE('',#1289,#1290,#776,.T.);
#1651=EDGE_CURVE('',#1290,#1291,#777,.T.);
#1652=EDGE_CURVE('',#1292,#1291,#25,.T.);
#1653=EDGE_CURVE('',#1292,#1293,#778,.T.);
#1654=EDGE_CURVE('',#1293,#1294,#779,.T.);
#1655=EDGE_CURVE('',#1294,#1295,#780,.T.);
#1656=EDGE_CURVE('',#1296,#1295,#26,.T.);
#1657=EDGE_CURVE('',#1296,#1297,#781,.T.);
#1658=EDGE_CURVE('',#1297,#1298,#782,.T.);
#1659=EDGE_CURVE('',#1298,#1299,#783,.T.);
#1660=EDGE_CURVE('',#1300,#1299,#27,.T.);
#1661=EDGE_CURVE('',#1300,#1301,#784,.T.);
#1662=EDGE_CURVE('',#1301,#1279,#785,.T.);
#1663=EDGE_CURVE('',#1291,#1302,#786,.T.);
#1664=EDGE_CURVE('',#1302,#1303,#28,.F.);
#1665=EDGE_CURVE('',#1303,#1292,#787,.T.);
#1666=EDGE_CURVE('',#1290,#1304,#788,.T.);
#1667=EDGE_CURVE('',#1302,#1304,#789,.T.);
#1668=EDGE_CURVE('',#1295,#1305,#790,.T.);
#1669=EDGE_CURVE('',#1305,#1306,#29,.F.);
#1670=EDGE_CURVE('',#1306,#1296,#791,.T.);
#1671=EDGE_CURVE('',#1294,#1307,#792,.T.);
#1672=EDGE_CURVE('',#1305,#1307,#793,.T.);
#1673=EDGE_CURVE('',#1299,#1308,#794,.T.);
#1674=EDGE_CURVE('',#1308,#1309,#30,.F.);
#1675=EDGE_CURVE('',#1309,#1300,#795,.T.);
#1676=EDGE_CURVE('',#1310,#1309,#796,.T.);
#1677=EDGE_CURVE('',#1301,#1310,#797,.T.);
#1678=EDGE_CURVE('',#1311,#1312,#87,.T.);
#1679=EDGE_CURVE('',#1313,#1311,#31,.F.);
#1680=EDGE_CURVE('',#1314,#1313,#88,.T.);
#1681=EDGE_CURVE('',#1314,#1312,#32,.T.);
#1682=EDGE_CURVE('',#1282,#1313,#798,.T.);
#1683=EDGE_CURVE('',#1311,#1281,#799,.T.);
#1684=EDGE_CURVE('',#1315,#1316,#89,.T.);
#1685=EDGE_CURVE('',#1317,#1315,#33,.F.);
#1686=EDGE_CURVE('',#1318,#1317,#90,.T.);
#1687=EDGE_CURVE('',#1318,#1316,#34,.T.);
#1688=EDGE_CURVE('',#1287,#1317,#800,.T.);
#1689=EDGE_CURVE('',#1315,#1288,#801,.T.);
#1690=EDGE_CURVE('',#1319,#1320,#91,.T.);
#1691=EDGE_CURVE('',#1321,#1319,#35,.F.);
#1692=EDGE_CURVE('',#1322,#1321,#92,.T.);
#1693=EDGE_CURVE('',#1322,#1320,#36,.T.);
#1694=EDGE_CURVE('',#1283,#1321,#802,.T.);
#1695=EDGE_CURVE('',#1319,#1284,#803,.T.);
#1696=EDGE_CURVE('',#1321,#1311,#804,.T.);
#1697=EDGE_CURVE('',#1312,#1322,#805,.T.);
#1698=EDGE_CURVE('',#1323,#1324,#93,.T.);
#1699=EDGE_CURVE('',#1325,#1323,#37,.F.);
#1700=EDGE_CURVE('',#1326,#1325,#94,.T.);
#1701=EDGE_CURVE('',#1326,#1324,#38,.T.);
#1702=EDGE_CURVE('',#1285,#1325,#806,.T.);
#1703=EDGE_CURVE('',#1323,#1286,#807,.T.);
#1704=EDGE_CURVE('',#1325,#1319,#808,.T.);
#1705=EDGE_CURVE('',#1320,#1326,#809,.T.);
#1706=EDGE_CURVE('',#1317,#1323,#810,.T.);
#1707=EDGE_CURVE('',#1324,#1318,#811,.T.);
#1708=EDGE_CURVE('',#1313,#1315,#812,.T.);
#1709=EDGE_CURVE('',#1316,#1314,#813,.T.);
#1710=EDGE_CURVE('',#1280,#1310,#814,.T.);
#1711=EDGE_CURVE('',#1298,#1327,#815,.T.);
#1712=EDGE_CURVE('',#1308,#1327,#816,.T.);
#1713=EDGE_CURVE('',#1327,#1328,#817,.T.);
#1714=EDGE_CURVE('',#1297,#1328,#818,.T.);
#1715=EDGE_CURVE('',#1328,#1306,#819,.T.);
#1716=EDGE_CURVE('',#1307,#1329,#820,.T.);
#1717=EDGE_CURVE('',#1293,#1329,#821,.T.);
#1718=EDGE_CURVE('',#1329,#1303,#822,.T.);
#1719=EDGE_CURVE('',#1304,#1330,#823,.T.);
#1720=EDGE_CURVE('',#1289,#1330,#824,.T.);
#1721=EDGE_CURVE('',#1330,#1278,#825,.T.);
#1722=ORIENTED_EDGE('',*,*,#1331,.F.);
#1723=ORIENTED_EDGE('',*,*,#1332,.F.);
#1724=ORIENTED_EDGE('',*,*,#1333,.T.);
#1725=ORIENTED_EDGE('',*,*,#1334,.T.);
#1726=ORIENTED_EDGE('',*,*,#1335,.F.);
#1727=ORIENTED_EDGE('',*,*,#1336,.F.);
#1728=ORIENTED_EDGE('',*,*,#1337,.T.);
#1729=ORIENTED_EDGE('',*,*,#1332,.T.);
#1730=ORIENTED_EDGE('',*,*,#1338,.F.);
#1731=ORIENTED_EDGE('',*,*,#1339,.F.);
#1732=ORIENTED_EDGE('',*,*,#1340,.T.);
#1733=ORIENTED_EDGE('',*,*,#1336,.T.);
#1734=ORIENTED_EDGE('',*,*,#1341,.F.);
#1735=ORIENTED_EDGE('',*,*,#1342,.F.);
#1736=ORIENTED_EDGE('',*,*,#1343,.T.);
#1737=ORIENTED_EDGE('',*,*,#1339,.T.);
#1738=ORIENTED_EDGE('',*,*,#1344,.F.);
#1739=ORIENTED_EDGE('',*,*,#1345,.F.);
#1740=ORIENTED_EDGE('',*,*,#1346,.T.);
#1741=ORIENTED_EDGE('',*,*,#1342,.T.);
#1742=ORIENTED_EDGE('',*,*,#1347,.F.);
#1743=ORIENTED_EDGE('',*,*,#1348,.F.);
#1744=ORIENTED_EDGE('',*,*,#1349,.T.);
#1745=ORIENTED_EDGE('',*,*,#1345,.T.);
#1746=ORIENTED_EDGE('',*,*,#1350,.F.);
#1747=ORIENTED_EDGE('',*,*,#1351,.F.);
#1748=ORIENTED_EDGE('',*,*,#1352,.T.);
#1749=ORIENTED_EDGE('',*,*,#1348,.T.);
#1750=ORIENTED_EDGE('',*,*,#1353,.F.);
#1751=ORIENTED_EDGE('',*,*,#1354,.F.);
#1752=ORIENTED_EDGE('',*,*,#1355,.T.);
#1753=ORIENTED_EDGE('',*,*,#1351,.T.);
#1754=ORIENTED_EDGE('',*,*,#1356,.F.);
#1755=ORIENTED_EDGE('',*,*,#1357,.F.);
#1756=ORIENTED_EDGE('',*,*,#1358,.T.);
#1757=ORIENTED_EDGE('',*,*,#1354,.T.);
#1758=ORIENTED_EDGE('',*,*,#1359,.F.);
#1759=ORIENTED_EDGE('',*,*,#1360,.F.);
#1760=ORIENTED_EDGE('',*,*,#1361,.T.);
#1761=ORIENTED_EDGE('',*,*,#1357,.T.);
#1762=ORIENTED_EDGE('',*,*,#1362,.F.);
#1763=ORIENTED_EDGE('',*,*,#1334,.F.);
#1764=ORIENTED_EDGE('',*,*,#1363,.T.);
#1765=ORIENTED_EDGE('',*,*,#1360,.T.);
#1766=ORIENTED_EDGE('',*,*,#1346,.F.);
#1767=ORIENTED_EDGE('',*,*,#1349,.F.);
#1768=ORIENTED_EDGE('',*,*,#1352,.F.);
#1769=ORIENTED_EDGE('',*,*,#1355,.F.);
#1770=ORIENTED_EDGE('',*,*,#1358,.F.);
#1771=ORIENTED_EDGE('',*,*,#1361,.F.);
#1772=ORIENTED_EDGE('',*,*,#1363,.F.);
#1773=ORIENTED_EDGE('',*,*,#1333,.F.);
#1774=ORIENTED_EDGE('',*,*,#1337,.F.);
#1775=ORIENTED_EDGE('',*,*,#1340,.F.);
#1776=ORIENTED_EDGE('',*,*,#1343,.F.);
#1777=ORIENTED_EDGE('',*,*,#1364,.F.);
#1778=ORIENTED_EDGE('',*,*,#1365,.F.);
#1779=ORIENTED_EDGE('',*,*,#1366,.F.);
#1780=ORIENTED_EDGE('',*,*,#1367,.F.);
#1781=ORIENTED_EDGE('',*,*,#1368,.T.);
#1782=ORIENTED_EDGE('',*,*,#1369,.T.);
#1783=ORIENTED_EDGE('',*,*,#1370,.T.);
#1784=ORIENTED_EDGE('',*,*,#1371,.T.);
#1785=ORIENTED_EDGE('',*,*,#1372,.T.);
#1786=ORIENTED_EDGE('',*,*,#1373,.T.);
#1787=ORIENTED_EDGE('',*,*,#1374,.T.);
#1788=ORIENTED_EDGE('',*,*,#1375,.T.);
#1789=ORIENTED_EDGE('',*,*,#1376,.F.);
#1790=ORIENTED_EDGE('',*,*,#1377,.F.);
#1791=ORIENTED_EDGE('',*,*,#1367,.T.);
#1792=ORIENTED_EDGE('',*,*,#1378,.T.);
#1793=ORIENTED_EDGE('',*,*,#1379,.F.);
#1794=ORIENTED_EDGE('',*,*,#1378,.F.);
#1795=ORIENTED_EDGE('',*,*,#1366,.T.);
#1796=ORIENTED_EDGE('',*,*,#1380,.T.);
#1797=ORIENTED_EDGE('',*,*,#1381,.F.);
#1798=ORIENTED_EDGE('',*,*,#1382,.F.);
#1799=ORIENTED_EDGE('',*,*,#1369,.F.);
#1800=ORIENTED_EDGE('',*,*,#1383,.T.);
#1801=ORIENTED_EDGE('',*,*,#1384,.F.);
#1802=ORIENTED_EDGE('',*,*,#1385,.F.);
#1803=ORIENTED_EDGE('',*,*,#1370,.F.);
#1804=ORIENTED_EDGE('',*,*,#1382,.T.);
#1805=ORIENTED_EDGE('',*,*,#1386,.F.);
#1806=ORIENTED_EDGE('',*,*,#1387,.F.);
#1807=ORIENTED_EDGE('',*,*,#1371,.F.);
#1808=ORIENTED_EDGE('',*,*,#1385,.T.);
#1809=ORIENTED_EDGE('',*,*,#1388,.F.);
#1810=ORIENTED_EDGE('',*,*,#1389,.F.);
#1811=ORIENTED_EDGE('',*,*,#1372,.F.);
#1812=ORIENTED_EDGE('',*,*,#1387,.T.);
#1813=ORIENTED_EDGE('',*,*,#1390,.F.);
#1814=ORIENTED_EDGE('',*,*,#1380,.F.);
#1815=ORIENTED_EDGE('',*,*,#1365,.T.);
#1816=ORIENTED_EDGE('',*,*,#1391,.T.);
#1817=ORIENTED_EDGE('',*,*,#1392,.F.);
#1818=ORIENTED_EDGE('',*,*,#1391,.F.);
#1819=ORIENTED_EDGE('',*,*,#1364,.T.);
#1820=ORIENTED_EDGE('',*,*,#1377,.T.);
#1821=ORIENTED_EDGE('',*,*,#1393,.F.);
#1822=ORIENTED_EDGE('',*,*,#1383,.F.);
#1823=ORIENTED_EDGE('',*,*,#1368,.F.);
#1824=ORIENTED_EDGE('',*,*,#1394,.T.);
#1825=ORIENTED_EDGE('',*,*,#1395,.F.);
#1826=ORIENTED_EDGE('',*,*,#1394,.F.);
#1827=ORIENTED_EDGE('',*,*,#1375,.F.);
#1828=ORIENTED_EDGE('',*,*,#1396,.T.);
#1829=ORIENTED_EDGE('',*,*,#1397,.F.);
#1830=ORIENTED_EDGE('',*,*,#1396,.F.);
#1831=ORIENTED_EDGE('',*,*,#1374,.F.);
#1832=ORIENTED_EDGE('',*,*,#1398,.T.);
#1833=ORIENTED_EDGE('',*,*,#1399,.F.);
#1834=ORIENTED_EDGE('',*,*,#1398,.F.);
#1835=ORIENTED_EDGE('',*,*,#1373,.F.);
#1836=ORIENTED_EDGE('',*,*,#1389,.T.);
#1837=ORIENTED_EDGE('',*,*,#1400,.F.);
#1838=ORIENTED_EDGE('',*,*,#1401,.F.);
#1839=ORIENTED_EDGE('',*,*,#1402,.T.);
#1840=ORIENTED_EDGE('',*,*,#1403,.T.);
#1841=ORIENTED_EDGE('',*,*,#1404,.F.);
#1842=ORIENTED_EDGE('',*,*,#1405,.F.);
#1843=ORIENTED_EDGE('',*,*,#1406,.T.);
#1844=ORIENTED_EDGE('',*,*,#1401,.T.);
#1845=ORIENTED_EDGE('',*,*,#1407,.F.);
#1846=ORIENTED_EDGE('',*,*,#1408,.F.);
#1847=ORIENTED_EDGE('',*,*,#1409,.T.);
#1848=ORIENTED_EDGE('',*,*,#1405,.T.);
#1849=ORIENTED_EDGE('',*,*,#1410,.F.);
#1850=ORIENTED_EDGE('',*,*,#1411,.F.);
#1851=ORIENTED_EDGE('',*,*,#1412,.T.);
#1852=ORIENTED_EDGE('',*,*,#1408,.T.);
#1853=ORIENTED_EDGE('',*,*,#1413,.F.);
#1854=ORIENTED_EDGE('',*,*,#1414,.F.);
#1855=ORIENTED_EDGE('',*,*,#1415,.T.);
#1856=ORIENTED_EDGE('',*,*,#1411,.T.);
#1857=ORIENTED_EDGE('',*,*,#1416,.F.);
#1858=ORIENTED_EDGE('',*,*,#1417,.F.);
#1859=ORIENTED_EDGE('',*,*,#1418,.T.);
#1860=ORIENTED_EDGE('',*,*,#1414,.T.);
#1861=ORIENTED_EDGE('',*,*,#1419,.F.);
#1862=ORIENTED_EDGE('',*,*,#1420,.F.);
#1863=ORIENTED_EDGE('',*,*,#1421,.T.);
#1864=ORIENTED_EDGE('',*,*,#1417,.T.);
#1865=ORIENTED_EDGE('',*,*,#1422,.F.);
#1866=ORIENTED_EDGE('',*,*,#1423,.F.);
#1867=ORIENTED_EDGE('',*,*,#1424,.T.);
#1868=ORIENTED_EDGE('',*,*,#1420,.T.);
#1869=ORIENTED_EDGE('',*,*,#1425,.F.);
#1870=ORIENTED_EDGE('',*,*,#1426,.F.);
#1871=ORIENTED_EDGE('',*,*,#1427,.T.);
#1872=ORIENTED_EDGE('',*,*,#1423,.T.);
#1873=ORIENTED_EDGE('',*,*,#1428,.F.);
#1874=ORIENTED_EDGE('',*,*,#1429,.F.);
#1875=ORIENTED_EDGE('',*,*,#1430,.T.);
#1876=ORIENTED_EDGE('',*,*,#1426,.T.);
#1877=ORIENTED_EDGE('',*,*,#1431,.F.);
#1878=ORIENTED_EDGE('',*,*,#1403,.F.);
#1879=ORIENTED_EDGE('',*,*,#1432,.T.);
#1880=ORIENTED_EDGE('',*,*,#1429,.T.);
#1881=ORIENTED_EDGE('',*,*,#1415,.F.);
#1882=ORIENTED_EDGE('',*,*,#1418,.F.);
#1883=ORIENTED_EDGE('',*,*,#1421,.F.);
#1884=ORIENTED_EDGE('',*,*,#1424,.F.);
#1885=ORIENTED_EDGE('',*,*,#1427,.F.);
#1886=ORIENTED_EDGE('',*,*,#1430,.F.);
#1887=ORIENTED_EDGE('',*,*,#1432,.F.);
#1888=ORIENTED_EDGE('',*,*,#1402,.F.);
#1889=ORIENTED_EDGE('',*,*,#1406,.F.);
#1890=ORIENTED_EDGE('',*,*,#1409,.F.);
#1891=ORIENTED_EDGE('',*,*,#1412,.F.);
#1892=ORIENTED_EDGE('',*,*,#1433,.F.);
#1893=ORIENTED_EDGE('',*,*,#1434,.F.);
#1894=ORIENTED_EDGE('',*,*,#1435,.F.);
#1895=ORIENTED_EDGE('',*,*,#1436,.F.);
#1896=ORIENTED_EDGE('',*,*,#1437,.F.);
#1897=ORIENTED_EDGE('',*,*,#1438,.F.);
#1898=ORIENTED_EDGE('',*,*,#1439,.F.);
#1899=ORIENTED_EDGE('',*,*,#1440,.F.);
#1900=ORIENTED_EDGE('',*,*,#1441,.F.);
#1901=ORIENTED_EDGE('',*,*,#1442,.F.);
#1902=ORIENTED_EDGE('',*,*,#1443,.F.);
#1903=ORIENTED_EDGE('',*,*,#1444,.F.);
#1904=ORIENTED_EDGE('',*,*,#1445,.F.);
#1905=ORIENTED_EDGE('',*,*,#1446,.F.);
#1906=ORIENTED_EDGE('',*,*,#1447,.F.);
#1907=ORIENTED_EDGE('',*,*,#1448,.F.);
#1908=ORIENTED_EDGE('',*,*,#1449,.F.);
#1909=ORIENTED_EDGE('',*,*,#1450,.F.);
#1910=ORIENTED_EDGE('',*,*,#1451,.F.);
#1911=ORIENTED_EDGE('',*,*,#1452,.F.);
#1912=ORIENTED_EDGE('',*,*,#1453,.F.);
#1913=ORIENTED_EDGE('',*,*,#1454,.F.);
#1914=ORIENTED_EDGE('',*,*,#1444,.T.);
#1915=ORIENTED_EDGE('',*,*,#1455,.T.);
#1916=ORIENTED_EDGE('',*,*,#1456,.F.);
#1917=ORIENTED_EDGE('',*,*,#1455,.F.);
#1918=ORIENTED_EDGE('',*,*,#1443,.T.);
#1919=ORIENTED_EDGE('',*,*,#1457,.T.);
#1920=ORIENTED_EDGE('',*,*,#1458,.F.);
#1921=ORIENTED_EDGE('',*,*,#1457,.F.);
#1922=ORIENTED_EDGE('',*,*,#1442,.T.);
#1923=ORIENTED_EDGE('',*,*,#1459,.T.);
#1924=ORIENTED_EDGE('',*,*,#1460,.F.);
#1925=ORIENTED_EDGE('',*,*,#1459,.F.);
#1926=ORIENTED_EDGE('',*,*,#1441,.T.);
#1927=ORIENTED_EDGE('',*,*,#1461,.T.);
#1928=ORIENTED_EDGE('',*,*,#1462,.F.);
#1929=ORIENTED_EDGE('',*,*,#1461,.F.);
#1930=ORIENTED_EDGE('',*,*,#1440,.T.);
#1931=ORIENTED_EDGE('',*,*,#1463,.T.);
#1932=ORIENTED_EDGE('',*,*,#1464,.F.);
#1933=ORIENTED_EDGE('',*,*,#1463,.F.);
#1934=ORIENTED_EDGE('',*,*,#1439,.T.);
#1935=ORIENTED_EDGE('',*,*,#1465,.T.);
#1936=ORIENTED_EDGE('',*,*,#1466,.F.);
#1937=ORIENTED_EDGE('',*,*,#1465,.F.);
#1938=ORIENTED_EDGE('',*,*,#1438,.T.);
#1939=ORIENTED_EDGE('',*,*,#1467,.T.);
#1940=ORIENTED_EDGE('',*,*,#1468,.F.);
#1941=ORIENTED_EDGE('',*,*,#1467,.F.);
#1942=ORIENTED_EDGE('',*,*,#1437,.T.);
#1943=ORIENTED_EDGE('',*,*,#1469,.T.);
#1944=ORIENTED_EDGE('',*,*,#1470,.F.);
#1945=ORIENTED_EDGE('',*,*,#1469,.F.);
#1946=ORIENTED_EDGE('',*,*,#1436,.T.);
#1947=ORIENTED_EDGE('',*,*,#1471,.T.);
#1948=ORIENTED_EDGE('',*,*,#1472,.F.);
#1949=ORIENTED_EDGE('',*,*,#1471,.F.);
#1950=ORIENTED_EDGE('',*,*,#1435,.T.);
#1951=ORIENTED_EDGE('',*,*,#1473,.T.);
#1952=ORIENTED_EDGE('',*,*,#1474,.F.);
#1953=ORIENTED_EDGE('',*,*,#1473,.F.);
#1954=ORIENTED_EDGE('',*,*,#1434,.T.);
#1955=ORIENTED_EDGE('',*,*,#1475,.T.);
#1956=ORIENTED_EDGE('',*,*,#1476,.F.);
#1957=ORIENTED_EDGE('',*,*,#1475,.F.);
#1958=ORIENTED_EDGE('',*,*,#1433,.T.);
#1959=ORIENTED_EDGE('',*,*,#1477,.T.);
#1960=ORIENTED_EDGE('',*,*,#1478,.F.);
#1961=ORIENTED_EDGE('',*,*,#1477,.F.);
#1962=ORIENTED_EDGE('',*,*,#1452,.T.);
#1963=ORIENTED_EDGE('',*,*,#1479,.T.);
#1964=ORIENTED_EDGE('',*,*,#1480,.F.);
#1965=ORIENTED_EDGE('',*,*,#1479,.F.);
#1966=ORIENTED_EDGE('',*,*,#1451,.T.);
#1967=ORIENTED_EDGE('',*,*,#1481,.T.);
#1968=ORIENTED_EDGE('',*,*,#1482,.F.);
#1969=ORIENTED_EDGE('',*,*,#1481,.F.);
#1970=ORIENTED_EDGE('',*,*,#1450,.T.);
#1971=ORIENTED_EDGE('',*,*,#1483,.T.);
#1972=ORIENTED_EDGE('',*,*,#1484,.F.);
#1973=ORIENTED_EDGE('',*,*,#1483,.F.);
#1974=ORIENTED_EDGE('',*,*,#1449,.T.);
#1975=ORIENTED_EDGE('',*,*,#1485,.T.);
#1976=ORIENTED_EDGE('',*,*,#1486,.F.);
#1977=ORIENTED_EDGE('',*,*,#1485,.F.);
#1978=ORIENTED_EDGE('',*,*,#1448,.T.);
#1979=ORIENTED_EDGE('',*,*,#1487,.T.);
#1980=ORIENTED_EDGE('',*,*,#1488,.F.);
#1981=ORIENTED_EDGE('',*,*,#1487,.F.);
#1982=ORIENTED_EDGE('',*,*,#1447,.T.);
#1983=ORIENTED_EDGE('',*,*,#1489,.T.);
#1984=ORIENTED_EDGE('',*,*,#1490,.F.);
#1985=ORIENTED_EDGE('',*,*,#1489,.F.);
#1986=ORIENTED_EDGE('',*,*,#1446,.T.);
#1987=ORIENTED_EDGE('',*,*,#1491,.T.);
#1988=ORIENTED_EDGE('',*,*,#1492,.F.);
#1989=ORIENTED_EDGE('',*,*,#1491,.F.);
#1990=ORIENTED_EDGE('',*,*,#1445,.T.);
#1991=ORIENTED_EDGE('',*,*,#1454,.T.);
#1992=ORIENTED_EDGE('',*,*,#1493,.F.);
#1993=ORIENTED_EDGE('',*,*,#1494,.F.);
#1994=ORIENTED_EDGE('',*,*,#1495,.F.);
#1995=ORIENTED_EDGE('',*,*,#1496,.T.);
#1996=ORIENTED_EDGE('',*,*,#1497,.F.);
#1997=ORIENTED_EDGE('',*,*,#1498,.F.);
#1998=ORIENTED_EDGE('',*,*,#1499,.F.);
#1999=ORIENTED_EDGE('',*,*,#1494,.T.);
#2000=ORIENTED_EDGE('',*,*,#1500,.F.);
#2001=ORIENTED_EDGE('',*,*,#1501,.F.);
#2002=ORIENTED_EDGE('',*,*,#1502,.F.);
#2003=ORIENTED_EDGE('',*,*,#1498,.T.);
#2004=ORIENTED_EDGE('',*,*,#1503,.F.);
#2005=ORIENTED_EDGE('',*,*,#1504,.F.);
#2006=ORIENTED_EDGE('',*,*,#1505,.F.);
#2007=ORIENTED_EDGE('',*,*,#1501,.T.);
#2008=ORIENTED_EDGE('',*,*,#1506,.F.);
#2009=ORIENTED_EDGE('',*,*,#1507,.F.);
#2010=ORIENTED_EDGE('',*,*,#1508,.T.);
#2011=ORIENTED_EDGE('',*,*,#1509,.T.);
#2012=ORIENTED_EDGE('',*,*,#1510,.F.);
#2013=ORIENTED_EDGE('',*,*,#1511,.F.);
#2014=ORIENTED_EDGE('',*,*,#1512,.T.);
#2015=ORIENTED_EDGE('',*,*,#1507,.T.);
#2016=ORIENTED_EDGE('',*,*,#1513,.F.);
#2017=ORIENTED_EDGE('',*,*,#1514,.F.);
#2018=ORIENTED_EDGE('',*,*,#1515,.T.);
#2019=ORIENTED_EDGE('',*,*,#1511,.T.);
#2020=ORIENTED_EDGE('',*,*,#1516,.F.);
#2021=ORIENTED_EDGE('',*,*,#1517,.F.);
#2022=ORIENTED_EDGE('',*,*,#1518,.T.);
#2023=ORIENTED_EDGE('',*,*,#1514,.T.);
#2024=ORIENTED_EDGE('',*,*,#1519,.F.);
#2025=ORIENTED_EDGE('',*,*,#1520,.F.);
#2026=ORIENTED_EDGE('',*,*,#1521,.T.);
#2027=ORIENTED_EDGE('',*,*,#1517,.T.);
#2028=ORIENTED_EDGE('',*,*,#1522,.F.);
#2029=ORIENTED_EDGE('',*,*,#1523,.F.);
#2030=ORIENTED_EDGE('',*,*,#1524,.T.);
#2031=ORIENTED_EDGE('',*,*,#1520,.T.);
#2032=ORIENTED_EDGE('',*,*,#1525,.F.);
#2033=ORIENTED_EDGE('',*,*,#1526,.F.);
#2034=ORIENTED_EDGE('',*,*,#1527,.T.);
#2035=ORIENTED_EDGE('',*,*,#1523,.T.);
#2036=ORIENTED_EDGE('',*,*,#1528,.F.);
#2037=ORIENTED_EDGE('',*,*,#1496,.F.);
#2038=ORIENTED_EDGE('',*,*,#1529,.F.);
#2039=ORIENTED_EDGE('',*,*,#1530,.T.);
#2040=ORIENTED_EDGE('',*,*,#1531,.F.);
#2041=ORIENTED_EDGE('',*,*,#1530,.F.);
#2042=ORIENTED_EDGE('',*,*,#1532,.F.);
#2043=ORIENTED_EDGE('',*,*,#1533,.T.);
#2044=ORIENTED_EDGE('',*,*,#1534,.F.);
#2045=ORIENTED_EDGE('',*,*,#1533,.F.);
#2046=ORIENTED_EDGE('',*,*,#1535,.F.);
#2047=ORIENTED_EDGE('',*,*,#1504,.T.);
#2048=ORIENTED_EDGE('',*,*,#1536,.F.);
#2049=ORIENTED_EDGE('',*,*,#1537,.F.);
#2050=ORIENTED_EDGE('',*,*,#1538,.T.);
#2051=ORIENTED_EDGE('',*,*,#1526,.T.);
#2052=ORIENTED_EDGE('',*,*,#1539,.F.);
#2053=ORIENTED_EDGE('',*,*,#1540,.F.);
#2054=ORIENTED_EDGE('',*,*,#1541,.T.);
#2055=ORIENTED_EDGE('',*,*,#1537,.T.);
#2056=ORIENTED_EDGE('',*,*,#1542,.F.);
#2057=ORIENTED_EDGE('',*,*,#1543,.F.);
#2058=ORIENTED_EDGE('',*,*,#1544,.T.);
#2059=ORIENTED_EDGE('',*,*,#1540,.T.);
#2060=ORIENTED_EDGE('',*,*,#1545,.F.);
#2061=ORIENTED_EDGE('',*,*,#1546,.F.);
#2062=ORIENTED_EDGE('',*,*,#1547,.T.);
#2063=ORIENTED_EDGE('',*,*,#1543,.T.);
#2064=ORIENTED_EDGE('',*,*,#1548,.F.);
#2065=ORIENTED_EDGE('',*,*,#1549,.F.);
#2066=ORIENTED_EDGE('',*,*,#1550,.T.);
#2067=ORIENTED_EDGE('',*,*,#1546,.T.);
#2068=ORIENTED_EDGE('',*,*,#1551,.F.);
#2069=ORIENTED_EDGE('',*,*,#1552,.F.);
#2070=ORIENTED_EDGE('',*,*,#1553,.T.);
#2071=ORIENTED_EDGE('',*,*,#1549,.T.);
#2072=ORIENTED_EDGE('',*,*,#1554,.F.);
#2073=ORIENTED_EDGE('',*,*,#1509,.F.);
#2074=ORIENTED_EDGE('',*,*,#1555,.T.);
#2075=ORIENTED_EDGE('',*,*,#1552,.T.);
#2076=ORIENTED_EDGE('',*,*,#1524,.F.);
#2077=ORIENTED_EDGE('',*,*,#1527,.F.);
#2078=ORIENTED_EDGE('',*,*,#1538,.F.);
#2079=ORIENTED_EDGE('',*,*,#1541,.F.);
#2080=ORIENTED_EDGE('',*,*,#1544,.F.);
#2081=ORIENTED_EDGE('',*,*,#1547,.F.);
#2082=ORIENTED_EDGE('',*,*,#1550,.F.);
#2083=ORIENTED_EDGE('',*,*,#1553,.F.);
#2084=ORIENTED_EDGE('',*,*,#1555,.F.);
#2085=ORIENTED_EDGE('',*,*,#1508,.F.);
#2086=ORIENTED_EDGE('',*,*,#1512,.F.);
#2087=ORIENTED_EDGE('',*,*,#1515,.F.);
#2088=ORIENTED_EDGE('',*,*,#1518,.F.);
#2089=ORIENTED_EDGE('',*,*,#1521,.F.);
#2090=ORIENTED_EDGE('',*,*,#1505,.T.);
#2091=ORIENTED_EDGE('',*,*,#1535,.T.);
#2092=ORIENTED_EDGE('',*,*,#1532,.T.);
#2093=ORIENTED_EDGE('',*,*,#1529,.T.);
#2094=ORIENTED_EDGE('',*,*,#1495,.T.);
#2095=ORIENTED_EDGE('',*,*,#1499,.T.);
#2096=ORIENTED_EDGE('',*,*,#1502,.T.);
#2097=ORIENTED_EDGE('',*,*,#1556,.F.);
#2098=ORIENTED_EDGE('',*,*,#1557,.F.);
#2099=ORIENTED_EDGE('',*,*,#1558,.F.);
#2100=ORIENTED_EDGE('',*,*,#1559,.F.);
#2101=ORIENTED_EDGE('',*,*,#1560,.F.);
#2102=ORIENTED_EDGE('',*,*,#1561,.F.);
#2103=ORIENTED_EDGE('',*,*,#1562,.F.);
#2104=ORIENTED_EDGE('',*,*,#1563,.F.);
#2105=ORIENTED_EDGE('',*,*,#1564,.F.);
#2106=ORIENTED_EDGE('',*,*,#1565,.F.);
#2107=ORIENTED_EDGE('',*,*,#1566,.F.);
#2108=ORIENTED_EDGE('',*,*,#1567,.F.);
#2109=ORIENTED_EDGE('',*,*,#1562,.T.);
#2110=ORIENTED_EDGE('',*,*,#1568,.T.);
#2111=ORIENTED_EDGE('',*,*,#1569,.F.);
#2112=ORIENTED_EDGE('',*,*,#1568,.F.);
#2113=ORIENTED_EDGE('',*,*,#1561,.T.);
#2114=ORIENTED_EDGE('',*,*,#1570,.T.);
#2115=ORIENTED_EDGE('',*,*,#1571,.F.);
#2116=ORIENTED_EDGE('',*,*,#1570,.F.);
#2117=ORIENTED_EDGE('',*,*,#1560,.T.);
#2118=ORIENTED_EDGE('',*,*,#1572,.T.);
#2119=ORIENTED_EDGE('',*,*,#1573,.F.);
#2120=ORIENTED_EDGE('',*,*,#1572,.F.);
#2121=ORIENTED_EDGE('',*,*,#1559,.T.);
#2122=ORIENTED_EDGE('',*,*,#1574,.T.);
#2123=ORIENTED_EDGE('',*,*,#1575,.F.);
#2124=ORIENTED_EDGE('',*,*,#1574,.F.);
#2125=ORIENTED_EDGE('',*,*,#1558,.T.);
#2126=ORIENTED_EDGE('',*,*,#1576,.T.);
#2127=ORIENTED_EDGE('',*,*,#1577,.F.);
#2128=ORIENTED_EDGE('',*,*,#1576,.F.);
#2129=ORIENTED_EDGE('',*,*,#1557,.T.);
#2130=ORIENTED_EDGE('',*,*,#1578,.T.);
#2131=ORIENTED_EDGE('',*,*,#1579,.F.);
#2132=ORIENTED_EDGE('',*,*,#1578,.F.);
#2133=ORIENTED_EDGE('',*,*,#1556,.T.);
#2134=ORIENTED_EDGE('',*,*,#1580,.T.);
#2135=ORIENTED_EDGE('',*,*,#1581,.F.);
#2136=ORIENTED_EDGE('',*,*,#1580,.F.);
#2137=ORIENTED_EDGE('',*,*,#1565,.T.);
#2138=ORIENTED_EDGE('',*,*,#1582,.T.);
#2139=ORIENTED_EDGE('',*,*,#1583,.F.);
#2140=ORIENTED_EDGE('',*,*,#1582,.F.);
#2141=ORIENTED_EDGE('',*,*,#1564,.T.);
#2142=ORIENTED_EDGE('',*,*,#1584,.T.);
#2143=ORIENTED_EDGE('',*,*,#1585,.F.);
#2144=ORIENTED_EDGE('',*,*,#1584,.F.);
#2145=ORIENTED_EDGE('',*,*,#1563,.T.);
#2146=ORIENTED_EDGE('',*,*,#1567,.T.);
#2147=ORIENTED_EDGE('',*,*,#1586,.T.);
#2148=ORIENTED_EDGE('',*,*,#1587,.T.);
#2149=ORIENTED_EDGE('',*,*,#1588,.T.);
#2150=ORIENTED_EDGE('',*,*,#1589,.T.);
#2151=ORIENTED_EDGE('',*,*,#1590,.T.);
#2152=ORIENTED_EDGE('',*,*,#1591,.T.);
#2153=ORIENTED_EDGE('',*,*,#1592,.T.);
#2154=ORIENTED_EDGE('',*,*,#1593,.T.);
#2155=ORIENTED_EDGE('',*,*,#1566,.T.);
#2156=ORIENTED_EDGE('',*,*,#1569,.T.);
#2157=ORIENTED_EDGE('',*,*,#1571,.T.);
#2158=ORIENTED_EDGE('',*,*,#1573,.T.);
#2159=ORIENTED_EDGE('',*,*,#1575,.T.);
#2160=ORIENTED_EDGE('',*,*,#1577,.T.);
#2161=ORIENTED_EDGE('',*,*,#1579,.T.);
#2162=ORIENTED_EDGE('',*,*,#1581,.T.);
#2163=ORIENTED_EDGE('',*,*,#1583,.T.);
#2164=ORIENTED_EDGE('',*,*,#1585,.T.);
#2165=ORIENTED_EDGE('',*,*,#1506,.T.);
#2166=ORIENTED_EDGE('',*,*,#1554,.T.);
#2167=ORIENTED_EDGE('',*,*,#1551,.T.);
#2168=ORIENTED_EDGE('',*,*,#1548,.T.);
#2169=ORIENTED_EDGE('',*,*,#1545,.T.);
#2170=ORIENTED_EDGE('',*,*,#1542,.T.);
#2171=ORIENTED_EDGE('',*,*,#1539,.T.);
#2172=ORIENTED_EDGE('',*,*,#1536,.T.);
#2173=ORIENTED_EDGE('',*,*,#1525,.T.);
#2174=ORIENTED_EDGE('',*,*,#1522,.T.);
#2175=ORIENTED_EDGE('',*,*,#1519,.T.);
#2176=ORIENTED_EDGE('',*,*,#1516,.T.);
#2177=ORIENTED_EDGE('',*,*,#1513,.T.);
#2178=ORIENTED_EDGE('',*,*,#1510,.T.);
#2179=ORIENTED_EDGE('',*,*,#1453,.T.);
#2180=ORIENTED_EDGE('',*,*,#1456,.T.);
#2181=ORIENTED_EDGE('',*,*,#1458,.T.);
#2182=ORIENTED_EDGE('',*,*,#1460,.T.);
#2183=ORIENTED_EDGE('',*,*,#1462,.T.);
#2184=ORIENTED_EDGE('',*,*,#1464,.T.);
#2185=ORIENTED_EDGE('',*,*,#1466,.T.);
#2186=ORIENTED_EDGE('',*,*,#1468,.T.);
#2187=ORIENTED_EDGE('',*,*,#1470,.T.);
#2188=ORIENTED_EDGE('',*,*,#1472,.T.);
#2189=ORIENTED_EDGE('',*,*,#1474,.T.);
#2190=ORIENTED_EDGE('',*,*,#1476,.T.);
#2191=ORIENTED_EDGE('',*,*,#1478,.T.);
#2192=ORIENTED_EDGE('',*,*,#1480,.T.);
#2193=ORIENTED_EDGE('',*,*,#1482,.T.);
#2194=ORIENTED_EDGE('',*,*,#1484,.T.);
#2195=ORIENTED_EDGE('',*,*,#1486,.T.);
#2196=ORIENTED_EDGE('',*,*,#1488,.T.);
#2197=ORIENTED_EDGE('',*,*,#1490,.T.);
#2198=ORIENTED_EDGE('',*,*,#1492,.T.);
#2199=ORIENTED_EDGE('',*,*,#1400,.T.);
#2200=ORIENTED_EDGE('',*,*,#1431,.T.);
#2201=ORIENTED_EDGE('',*,*,#1428,.T.);
#2202=ORIENTED_EDGE('',*,*,#1425,.T.);
#2203=ORIENTED_EDGE('',*,*,#1422,.T.);
#2204=ORIENTED_EDGE('',*,*,#1419,.T.);
#2205=ORIENTED_EDGE('',*,*,#1416,.T.);
#2206=ORIENTED_EDGE('',*,*,#1413,.T.);
#2207=ORIENTED_EDGE('',*,*,#1410,.T.);
#2208=ORIENTED_EDGE('',*,*,#1407,.T.);
#2209=ORIENTED_EDGE('',*,*,#1404,.T.);
#2210=ORIENTED_EDGE('',*,*,#1376,.T.);
#2211=ORIENTED_EDGE('',*,*,#1379,.T.);
#2212=ORIENTED_EDGE('',*,*,#1390,.T.);
#2213=ORIENTED_EDGE('',*,*,#1392,.T.);
#2214=ORIENTED_EDGE('',*,*,#1331,.T.);
#2215=ORIENTED_EDGE('',*,*,#1362,.T.);
#2216=ORIENTED_EDGE('',*,*,#1359,.T.);
#2217=ORIENTED_EDGE('',*,*,#1356,.T.);
#2218=ORIENTED_EDGE('',*,*,#1353,.T.);
#2219=ORIENTED_EDGE('',*,*,#1350,.T.);
#2220=ORIENTED_EDGE('',*,*,#1347,.T.);
#2221=ORIENTED_EDGE('',*,*,#1344,.T.);
#2222=ORIENTED_EDGE('',*,*,#1341,.T.);
#2223=ORIENTED_EDGE('',*,*,#1338,.T.);
#2224=ORIENTED_EDGE('',*,*,#1335,.T.);
#2225=ORIENTED_EDGE('',*,*,#1381,.T.);
#2226=ORIENTED_EDGE('',*,*,#1393,.T.);
#2227=ORIENTED_EDGE('',*,*,#1395,.T.);
#2228=ORIENTED_EDGE('',*,*,#1397,.T.);
#2229=ORIENTED_EDGE('',*,*,#1399,.T.);
#2230=ORIENTED_EDGE('',*,*,#1388,.T.);
#2231=ORIENTED_EDGE('',*,*,#1386,.T.);
#2232=ORIENTED_EDGE('',*,*,#1384,.T.);
#2233=ORIENTED_EDGE('',*,*,#1586,.F.);
#2234=ORIENTED_EDGE('',*,*,#1594,.T.);
#2235=ORIENTED_EDGE('',*,*,#1595,.T.);
#2236=ORIENTED_EDGE('',*,*,#1596,.T.);
#2237=ORIENTED_EDGE('',*,*,#1594,.F.);
#2238=ORIENTED_EDGE('',*,*,#1593,.F.);
#2239=ORIENTED_EDGE('',*,*,#1597,.F.);
#2240=ORIENTED_EDGE('',*,*,#1598,.F.);
#2241=ORIENTED_EDGE('',*,*,#1588,.F.);
#2242=ORIENTED_EDGE('',*,*,#1599,.T.);
#2243=ORIENTED_EDGE('',*,*,#1600,.T.);
#2244=ORIENTED_EDGE('',*,*,#1601,.T.);
#2245=ORIENTED_EDGE('',*,*,#1493,.T.);
#2246=ORIENTED_EDGE('',*,*,#1528,.T.);
#2247=ORIENTED_EDGE('',*,*,#1531,.T.);
#2248=ORIENTED_EDGE('',*,*,#1534,.T.);
#2249=ORIENTED_EDGE('',*,*,#1503,.T.);
#2250=ORIENTED_EDGE('',*,*,#1500,.T.);
#2251=ORIENTED_EDGE('',*,*,#1497,.T.);
#2252=ORIENTED_EDGE('',*,*,#1601,.F.);
#2253=ORIENTED_EDGE('',*,*,#1602,.F.);
#2254=ORIENTED_EDGE('',*,*,#1603,.F.);
#2255=ORIENTED_EDGE('',*,*,#1589,.F.);
#2256=ORIENTED_EDGE('',*,*,#1590,.F.);
#2257=ORIENTED_EDGE('',*,*,#1603,.T.);
#2258=ORIENTED_EDGE('',*,*,#1604,.T.);
#2259=ORIENTED_EDGE('',*,*,#1605,.T.);
#2260=ORIENTED_EDGE('',*,*,#1592,.F.);
#2261=ORIENTED_EDGE('',*,*,#1606,.T.);
#2262=ORIENTED_EDGE('',*,*,#1607,.T.);
#2263=ORIENTED_EDGE('',*,*,#1597,.T.);
#2264=ORIENTED_EDGE('',*,*,#1596,.F.);
#2265=ORIENTED_EDGE('',*,*,#1608,.F.);
#2266=ORIENTED_EDGE('',*,*,#1599,.F.);
#2267=ORIENTED_EDGE('',*,*,#1587,.F.);
#2268=ORIENTED_EDGE('',*,*,#1605,.F.);
#2269=ORIENTED_EDGE('',*,*,#1609,.F.);
#2270=ORIENTED_EDGE('',*,*,#1606,.F.);
#2271=ORIENTED_EDGE('',*,*,#1591,.F.);
#2272=ORIENTED_EDGE('',*,*,#1610,.T.);
#2273=ORIENTED_EDGE('',*,*,#1611,.F.);
#2274=ORIENTED_EDGE('',*,*,#1610,.F.);
#2275=ORIENTED_EDGE('',*,*,#1612,.T.);
#2276=ORIENTED_EDGE('',*,*,#1613,.F.);
#2277=ORIENTED_EDGE('',*,*,#1612,.F.);
#2278=ORIENTED_EDGE('',*,*,#1614,.F.);
#2279=ORIENTED_EDGE('',*,*,#1615,.T.);
#2280=ORIENTED_EDGE('',*,*,#1611,.T.);
#2281=ORIENTED_EDGE('',*,*,#1615,.F.);
#2282=ORIENTED_EDGE('',*,*,#1614,.T.);
#2283=ORIENTED_EDGE('',*,*,#1616,.T.);
#2284=ORIENTED_EDGE('',*,*,#1617,.F.);
#2285=ORIENTED_EDGE('',*,*,#1616,.F.);
#2286=ORIENTED_EDGE('',*,*,#1618,.T.);
#2287=ORIENTED_EDGE('',*,*,#1619,.F.);
#2288=ORIENTED_EDGE('',*,*,#1618,.F.);
#2289=ORIENTED_EDGE('',*,*,#1620,.F.);
#2290=ORIENTED_EDGE('',*,*,#1621,.T.);
#2291=ORIENTED_EDGE('',*,*,#1617,.T.);
#2292=ORIENTED_EDGE('',*,*,#1621,.F.);
#2293=ORIENTED_EDGE('',*,*,#1620,.T.);
#2294=ORIENTED_EDGE('',*,*,#1622,.T.);
#2295=ORIENTED_EDGE('',*,*,#1623,.F.);
#2296=ORIENTED_EDGE('',*,*,#1622,.F.);
#2297=ORIENTED_EDGE('',*,*,#1624,.T.);
#2298=ORIENTED_EDGE('',*,*,#1625,.F.);
#2299=ORIENTED_EDGE('',*,*,#1624,.F.);
#2300=ORIENTED_EDGE('',*,*,#1626,.F.);
#2301=ORIENTED_EDGE('',*,*,#1627,.T.);
#2302=ORIENTED_EDGE('',*,*,#1623,.T.);
#2303=ORIENTED_EDGE('',*,*,#1627,.F.);
#2304=ORIENTED_EDGE('',*,*,#1626,.T.);
#2305=ORIENTED_EDGE('',*,*,#1628,.T.);
#2306=ORIENTED_EDGE('',*,*,#1629,.F.);
#2307=ORIENTED_EDGE('',*,*,#1628,.F.);
#2308=ORIENTED_EDGE('',*,*,#1630,.T.);
#2309=ORIENTED_EDGE('',*,*,#1631,.F.);
#2310=ORIENTED_EDGE('',*,*,#1630,.F.);
#2311=ORIENTED_EDGE('',*,*,#1632,.F.);
#2312=ORIENTED_EDGE('',*,*,#1633,.T.);
#2313=ORIENTED_EDGE('',*,*,#1629,.T.);
#2314=ORIENTED_EDGE('',*,*,#1633,.F.);
#2315=ORIENTED_EDGE('',*,*,#1632,.T.);
#2316=ORIENTED_EDGE('',*,*,#1634,.T.);
#2317=ORIENTED_EDGE('',*,*,#1635,.T.);
#2318=ORIENTED_EDGE('',*,*,#1636,.T.);
#2319=ORIENTED_EDGE('',*,*,#1637,.T.);
#2320=ORIENTED_EDGE('',*,*,#1635,.F.);
#2321=ORIENTED_EDGE('',*,*,#1638,.F.);
#2322=ORIENTED_EDGE('',*,*,#1639,.T.);
#2323=ORIENTED_EDGE('',*,*,#1640,.F.);
#2324=ORIENTED_EDGE('',*,*,#1641,.F.);
#2325=ORIENTED_EDGE('',*,*,#1642,.F.);
#2326=ORIENTED_EDGE('',*,*,#1643,.F.);
#2327=ORIENTED_EDGE('',*,*,#1644,.F.);
#2328=ORIENTED_EDGE('',*,*,#1645,.F.);
#2329=ORIENTED_EDGE('',*,*,#1646,.F.);
#2330=ORIENTED_EDGE('',*,*,#1647,.F.);
#2331=ORIENTED_EDGE('',*,*,#1648,.F.);
#2332=ORIENTED_EDGE('',*,*,#1634,.F.);
#2333=ORIENTED_EDGE('',*,*,#1649,.T.);
#2334=ORIENTED_EDGE('',*,*,#1650,.T.);
#2335=ORIENTED_EDGE('',*,*,#1651,.T.);
#2336=ORIENTED_EDGE('',*,*,#1652,.F.);
#2337=ORIENTED_EDGE('',*,*,#1653,.T.);
#2338=ORIENTED_EDGE('',*,*,#1654,.T.);
#2339=ORIENTED_EDGE('',*,*,#1655,.T.);
#2340=ORIENTED_EDGE('',*,*,#1656,.F.);
#2341=ORIENTED_EDGE('',*,*,#1657,.T.);
#2342=ORIENTED_EDGE('',*,*,#1658,.T.);
#2343=ORIENTED_EDGE('',*,*,#1659,.T.);
#2344=ORIENTED_EDGE('',*,*,#1660,.F.);
#2345=ORIENTED_EDGE('',*,*,#1661,.T.);
#2346=ORIENTED_EDGE('',*,*,#1662,.T.);
#2347=ORIENTED_EDGE('',*,*,#1638,.T.);
#2348=ORIENTED_EDGE('',*,*,#1613,.T.);
#2349=ORIENTED_EDGE('',*,*,#1619,.T.);
#2350=ORIENTED_EDGE('',*,*,#1625,.T.);
#2351=ORIENTED_EDGE('',*,*,#1631,.T.);
#2352=ORIENTED_EDGE('',*,*,#1652,.T.);
#2353=ORIENTED_EDGE('',*,*,#1663,.T.);
#2354=ORIENTED_EDGE('',*,*,#1664,.T.);
#2355=ORIENTED_EDGE('',*,*,#1665,.T.);
#2356=ORIENTED_EDGE('',*,*,#1663,.F.);
#2357=ORIENTED_EDGE('',*,*,#1651,.F.);
#2358=ORIENTED_EDGE('',*,*,#1666,.T.);
#2359=ORIENTED_EDGE('',*,*,#1667,.F.);
#2360=ORIENTED_EDGE('',*,*,#1656,.T.);
#2361=ORIENTED_EDGE('',*,*,#1668,.T.);
#2362=ORIENTED_EDGE('',*,*,#1669,.T.);
#2363=ORIENTED_EDGE('',*,*,#1670,.T.);
#2364=ORIENTED_EDGE('',*,*,#1668,.F.);
#2365=ORIENTED_EDGE('',*,*,#1655,.F.);
#2366=ORIENTED_EDGE('',*,*,#1671,.T.);
#2367=ORIENTED_EDGE('',*,*,#1672,.F.);
#2368=ORIENTED_EDGE('',*,*,#1660,.T.);
#2369=ORIENTED_EDGE('',*,*,#1673,.T.);
#2370=ORIENTED_EDGE('',*,*,#1674,.T.);
#2371=ORIENTED_EDGE('',*,*,#1675,.T.);
#2372=ORIENTED_EDGE('',*,*,#1675,.F.);
#2373=ORIENTED_EDGE('',*,*,#1676,.F.);
#2374=ORIENTED_EDGE('',*,*,#1677,.F.);
#2375=ORIENTED_EDGE('',*,*,#1661,.F.);
#2376=ORIENTED_EDGE('',*,*,#1678,.F.);
#2377=ORIENTED_EDGE('',*,*,#1679,.F.);
#2378=ORIENTED_EDGE('',*,*,#1680,.F.);
#2379=ORIENTED_EDGE('',*,*,#1681,.T.);
#2380=ORIENTED_EDGE('',*,*,#1641,.T.);
#2381=ORIENTED_EDGE('',*,*,#1682,.T.);
#2382=ORIENTED_EDGE('',*,*,#1679,.T.);
#2383=ORIENTED_EDGE('',*,*,#1683,.T.);
#2384=ORIENTED_EDGE('',*,*,#1684,.F.);
#2385=ORIENTED_EDGE('',*,*,#1685,.F.);
#2386=ORIENTED_EDGE('',*,*,#1686,.F.);
#2387=ORIENTED_EDGE('',*,*,#1687,.T.);
#2388=ORIENTED_EDGE('',*,*,#1647,.T.);
#2389=ORIENTED_EDGE('',*,*,#1688,.T.);
#2390=ORIENTED_EDGE('',*,*,#1685,.T.);
#2391=ORIENTED_EDGE('',*,*,#1689,.T.);
#2392=ORIENTED_EDGE('',*,*,#1690,.F.);
#2393=ORIENTED_EDGE('',*,*,#1691,.F.);
#2394=ORIENTED_EDGE('',*,*,#1692,.F.);
#2395=ORIENTED_EDGE('',*,*,#1693,.T.);
#2396=ORIENTED_EDGE('',*,*,#1643,.T.);
#2397=ORIENTED_EDGE('',*,*,#1694,.T.);
#2398=ORIENTED_EDGE('',*,*,#1691,.T.);
#2399=ORIENTED_EDGE('',*,*,#1695,.T.);
#2400=ORIENTED_EDGE('',*,*,#1692,.T.);
#2401=ORIENTED_EDGE('',*,*,#1696,.T.);
#2402=ORIENTED_EDGE('',*,*,#1678,.T.);
#2403=ORIENTED_EDGE('',*,*,#1697,.T.);
#2404=ORIENTED_EDGE('',*,*,#1698,.F.);
#2405=ORIENTED_EDGE('',*,*,#1699,.F.);
#2406=ORIENTED_EDGE('',*,*,#1700,.F.);
#2407=ORIENTED_EDGE('',*,*,#1701,.T.);
#2408=ORIENTED_EDGE('',*,*,#1645,.T.);
#2409=ORIENTED_EDGE('',*,*,#1702,.T.);
#2410=ORIENTED_EDGE('',*,*,#1699,.T.);
#2411=ORIENTED_EDGE('',*,*,#1703,.T.);
#2412=ORIENTED_EDGE('',*,*,#1700,.T.);
#2413=ORIENTED_EDGE('',*,*,#1704,.T.);
#2414=ORIENTED_EDGE('',*,*,#1690,.T.);
#2415=ORIENTED_EDGE('',*,*,#1705,.T.);
#2416=ORIENTED_EDGE('',*,*,#1686,.T.);
#2417=ORIENTED_EDGE('',*,*,#1706,.T.);
#2418=ORIENTED_EDGE('',*,*,#1698,.T.);
#2419=ORIENTED_EDGE('',*,*,#1707,.T.);
#2420=ORIENTED_EDGE('',*,*,#1680,.T.);
#2421=ORIENTED_EDGE('',*,*,#1708,.T.);
#2422=ORIENTED_EDGE('',*,*,#1684,.T.);
#2423=ORIENTED_EDGE('',*,*,#1709,.T.);
#2424=ORIENTED_EDGE('',*,*,#1683,.F.);
#2425=ORIENTED_EDGE('',*,*,#1696,.F.);
#2426=ORIENTED_EDGE('',*,*,#1694,.F.);
#2427=ORIENTED_EDGE('',*,*,#1642,.T.);
#2428=ORIENTED_EDGE('',*,*,#1695,.F.);
#2429=ORIENTED_EDGE('',*,*,#1704,.F.);
#2430=ORIENTED_EDGE('',*,*,#1702,.F.);
#2431=ORIENTED_EDGE('',*,*,#1644,.T.);
#2432=ORIENTED_EDGE('',*,*,#1701,.F.);
#2433=ORIENTED_EDGE('',*,*,#1705,.F.);
#2434=ORIENTED_EDGE('',*,*,#1693,.F.);
#2435=ORIENTED_EDGE('',*,*,#1697,.F.);
#2436=ORIENTED_EDGE('',*,*,#1681,.F.);
#2437=ORIENTED_EDGE('',*,*,#1709,.F.);
#2438=ORIENTED_EDGE('',*,*,#1687,.F.);
#2439=ORIENTED_EDGE('',*,*,#1707,.F.);
#2440=ORIENTED_EDGE('',*,*,#1710,.F.);
#2441=ORIENTED_EDGE('',*,*,#1639,.F.);
#2442=ORIENTED_EDGE('',*,*,#1662,.F.);
#2443=ORIENTED_EDGE('',*,*,#1677,.T.);
#2444=ORIENTED_EDGE('',*,*,#1673,.F.);
#2445=ORIENTED_EDGE('',*,*,#1659,.F.);
#2446=ORIENTED_EDGE('',*,*,#1711,.T.);
#2447=ORIENTED_EDGE('',*,*,#1712,.F.);
#2448=ORIENTED_EDGE('',*,*,#1713,.F.);
#2449=ORIENTED_EDGE('',*,*,#1711,.F.);
#2450=ORIENTED_EDGE('',*,*,#1658,.F.);
#2451=ORIENTED_EDGE('',*,*,#1714,.T.);
#2452=ORIENTED_EDGE('',*,*,#1670,.F.);
#2453=ORIENTED_EDGE('',*,*,#1715,.F.);
#2454=ORIENTED_EDGE('',*,*,#1714,.F.);
#2455=ORIENTED_EDGE('',*,*,#1657,.F.);
#2456=ORIENTED_EDGE('',*,*,#1716,.F.);
#2457=ORIENTED_EDGE('',*,*,#1671,.F.);
#2458=ORIENTED_EDGE('',*,*,#1654,.F.);
#2459=ORIENTED_EDGE('',*,*,#1717,.T.);
#2460=ORIENTED_EDGE('',*,*,#1665,.F.);
#2461=ORIENTED_EDGE('',*,*,#1718,.F.);
#2462=ORIENTED_EDGE('',*,*,#1717,.F.);
#2463=ORIENTED_EDGE('',*,*,#1653,.F.);
#2464=ORIENTED_EDGE('',*,*,#1719,.F.);
#2465=ORIENTED_EDGE('',*,*,#1666,.F.);
#2466=ORIENTED_EDGE('',*,*,#1650,.F.);
#2467=ORIENTED_EDGE('',*,*,#1720,.T.);
#2468=ORIENTED_EDGE('',*,*,#1637,.F.);
#2469=ORIENTED_EDGE('',*,*,#1721,.F.);
#2470=ORIENTED_EDGE('',*,*,#1720,.F.);
#2471=ORIENTED_EDGE('',*,*,#1649,.F.);
#2472=ORIENTED_EDGE('',*,*,#1710,.T.);
#2473=ORIENTED_EDGE('',*,*,#1676,.T.);
#2474=ORIENTED_EDGE('',*,*,#1674,.F.);
#2475=ORIENTED_EDGE('',*,*,#1712,.T.);
#2476=ORIENTED_EDGE('',*,*,#1713,.T.);
#2477=ORIENTED_EDGE('',*,*,#1715,.T.);
#2478=ORIENTED_EDGE('',*,*,#1669,.F.);
#2479=ORIENTED_EDGE('',*,*,#1672,.T.);
#2480=ORIENTED_EDGE('',*,*,#1716,.T.);
#2481=ORIENTED_EDGE('',*,*,#1718,.T.);
#2482=ORIENTED_EDGE('',*,*,#1664,.F.);
#2483=ORIENTED_EDGE('',*,*,#1667,.T.);
#2484=ORIENTED_EDGE('',*,*,#1719,.T.);
#2485=ORIENTED_EDGE('',*,*,#1721,.T.);
#2486=ORIENTED_EDGE('',*,*,#1636,.F.);
#2487=ORIENTED_EDGE('',*,*,#1640,.T.);
#2488=ORIENTED_EDGE('',*,*,#1598,.T.);
#2489=ORIENTED_EDGE('',*,*,#1607,.F.);
#2490=ORIENTED_EDGE('',*,*,#1609,.T.);
#2491=ORIENTED_EDGE('',*,*,#1604,.F.);
#2492=ORIENTED_EDGE('',*,*,#1602,.T.);
#2493=ORIENTED_EDGE('',*,*,#1600,.F.);
#2494=ORIENTED_EDGE('',*,*,#1608,.T.);
#2495=ORIENTED_EDGE('',*,*,#1595,.F.);
#2496=ORIENTED_EDGE('',*,*,#1688,.F.);
#2497=ORIENTED_EDGE('',*,*,#1646,.T.);
#2498=ORIENTED_EDGE('',*,*,#1703,.F.);
#2499=ORIENTED_EDGE('',*,*,#1706,.F.);
#2500=ORIENTED_EDGE('',*,*,#1682,.F.);
#2501=ORIENTED_EDGE('',*,*,#1648,.T.);
#2502=ORIENTED_EDGE('',*,*,#1689,.F.);
#2503=ORIENTED_EDGE('',*,*,#1708,.F.);
#2504=PLANE('',#2751);
#2505=PLANE('',#2752);
#2506=PLANE('',#2753);
#2507=PLANE('',#2754);
#2508=PLANE('',#2755);
#2509=PLANE('',#2756);
#2510=PLANE('',#2757);
#2511=PLANE('',#2758);
#2512=PLANE('',#2759);
#2513=PLANE('',#2760);
#2514=PLANE('',#2761);
#2515=PLANE('',#2762);
#2516=PLANE('',#2763);
#2517=PLANE('',#2764);
#2518=PLANE('',#2765);
#2519=PLANE('',#2766);
#2520=PLANE('',#2767);
#2521=PLANE('',#2768);
#2522=PLANE('',#2769);
#2523=PLANE('',#2770);
#2524=PLANE('',#2771);
#2525=PLANE('',#2772);
#2526=PLANE('',#2773);
#2527=PLANE('',#2774);
#2528=PLANE('',#2775);
#2529=PLANE('',#2776);
#2530=PLANE('',#2777);
#2531=PLANE('',#2778);
#2532=PLANE('',#2779);
#2533=PLANE('',#2780);
#2534=PLANE('',#2781);
#2535=PLANE('',#2782);
#2536=PLANE('',#2783);
#2537=PLANE('',#2784);
#2538=PLANE('',#2785);
#2539=PLANE('',#2786);
#2540=PLANE('',#2787);
#2541=PLANE('',#2788);
#2542=PLANE('',#2789);
#2543=PLANE('',#2790);
#2544=PLANE('',#2791);
#2545=PLANE('',#2792);
#2546=PLANE('',#2793);
#2547=PLANE('',#2794);
#2548=PLANE('',#2795);
#2549=PLANE('',#2796);
#2550=PLANE('',#2801);
#2551=PLANE('',#2804);
#2552=PLANE('',#2807);
#2553=PLANE('',#2808);
#2554=PLANE('',#2813);
#2555=PLANE('',#2814);
#2556=PLANE('',#2815);
#2557=PLANE('',#2822);
#2558=PLANE('',#2823);
#2559=PLANE('',#2830);
#2560=PLANE('',#2831);
#2561=PLANE('',#2838);
#2562=PLANE('',#2839);
#2563=PLANE('',#2846);
#2564=PLANE('',#2850);
#2565=PLANE('',#2851);
#2566=PLANE('',#2861);
#2567=PLANE('',#2864);
#2568=PLANE('',#2867);
#2569=PLANE('',#2892);
#2570=PLANE('',#2893);
#2571=PLANE('',#2894);
#2572=PLANE('',#2895);
#2573=PLANE('',#2896);
#2574=PLANE('',#2897);
#2575=PLANE('',#2898);
#2576=PLANE('',#2899);
#2577=PLANE('',#2900);
#2578=PLANE('',#2901);
#2579=PLANE('',#2902);
#2580=PLANE('',#2903);
#2581=PLANE('',#2904);
#2582=PLANE('',#2905);
#2583=ADVANCED_FACE('',(#255),#2504,.T.);
#2584=ADVANCED_FACE('',(#256),#2505,.T.);
#2585=ADVANCED_FACE('',(#257),#2506,.T.);
#2586=ADVANCED_FACE('',(#258),#2507,.T.);
#2587=ADVANCED_FACE('',(#259),#2508,.T.);
#2588=ADVANCED_FACE('',(#260),#2509,.T.);
#2589=ADVANCED_FACE('',(#261),#2510,.T.);
#2590=ADVANCED_FACE('',(#262),#2511,.T.);
#2591=ADVANCED_FACE('',(#263),#2512,.T.);
#2592=ADVANCED_FACE('',(#264),#205,.T.);
#2593=ADVANCED_FACE('',(#265),#2513,.T.);
#2594=ADVANCED_FACE('',(#266),#2514,.T.);
#2595=ADVANCED_FACE('',(#267,#95),#2515,.T.);
#2596=ADVANCED_FACE('',(#268),#206,.T.);
#2597=ADVANCED_FACE('',(#269),#207,.T.);
#2598=ADVANCED_FACE('',(#270),#208,.F.);
#2599=ADVANCED_FACE('',(#271),#209,.F.);
#2600=ADVANCED_FACE('',(#272),#210,.F.);
#2601=ADVANCED_FACE('',(#273),#211,.F.);
#2602=ADVANCED_FACE('',(#274),#212,.T.);
#2603=ADVANCED_FACE('',(#275),#213,.T.);
#2604=ADVANCED_FACE('',(#276),#214,.F.);
#2605=ADVANCED_FACE('',(#277),#215,.F.);
#2606=ADVANCED_FACE('',(#278),#216,.F.);
#2607=ADVANCED_FACE('',(#279),#217,.F.);
#2608=ADVANCED_FACE('',(#280),#2516,.T.);
#2609=ADVANCED_FACE('',(#281),#2517,.T.);
#2610=ADVANCED_FACE('',(#282),#2518,.T.);
#2611=ADVANCED_FACE('',(#283),#2519,.T.);
#2612=ADVANCED_FACE('',(#284),#2520,.T.);
#2613=ADVANCED_FACE('',(#285),#2521,.T.);
#2614=ADVANCED_FACE('',(#286),#2522,.T.);
#2615=ADVANCED_FACE('',(#287),#2523,.T.);
#2616=ADVANCED_FACE('',(#288),#2524,.T.);
#2617=ADVANCED_FACE('',(#289),#218,.T.);
#2618=ADVANCED_FACE('',(#290),#2525,.T.);
#2619=ADVANCED_FACE('',(#291),#2526,.T.);
#2620=ADVANCED_FACE('',(#292),#2527,.T.);
#2621=ADVANCED_FACE('',(#293),#219,.T.);
#2622=ADVANCED_FACE('',(#294),#220,.T.);
#2623=ADVANCED_FACE('',(#295),#221,.T.);
#2624=ADVANCED_FACE('',(#296),#2528,.T.);
#2625=ADVANCED_FACE('',(#297),#2529,.T.);
#2626=ADVANCED_FACE('',(#298),#2530,.T.);
#2627=ADVANCED_FACE('',(#299),#2531,.T.);
#2628=ADVANCED_FACE('',(#300),#2532,.T.);
#2629=ADVANCED_FACE('',(#301),#222,.T.);
#2630=ADVANCED_FACE('',(#302),#223,.T.);
#2631=ADVANCED_FACE('',(#303),#224,.T.);
#2632=ADVANCED_FACE('',(#304),#225,.T.);
#2633=ADVANCED_FACE('',(#305),#226,.T.);
#2634=ADVANCED_FACE('',(#306),#227,.T.);
#2635=ADVANCED_FACE('',(#307),#2533,.T.);
#2636=ADVANCED_FACE('',(#308),#2534,.T.);
#2637=ADVANCED_FACE('',(#309),#228,.T.);
#2638=ADVANCED_FACE('',(#310),#229,.T.);
#2639=ADVANCED_FACE('',(#311),#230,.T.);
#2640=ADVANCED_FACE('',(#312),#231,.T.);
#2641=ADVANCED_FACE('',(#313),#232,.F.);
#2642=ADVANCED_FACE('',(#314),#233,.F.);
#2643=ADVANCED_FACE('',(#315),#234,.F.);
#2644=ADVANCED_FACE('',(#316),#235,.F.);
#2645=ADVANCED_FACE('',(#317),#236,.T.);
#2646=ADVANCED_FACE('',(#318),#237,.T.);
#2647=ADVANCED_FACE('',(#319),#238,.T.);
#2648=ADVANCED_FACE('',(#320),#239,.T.);
#2649=ADVANCED_FACE('',(#321),#240,.T.);
#2650=ADVANCED_FACE('',(#322),#241,.T.);
#2651=ADVANCED_FACE('',(#323),#242,.T.);
#2652=ADVANCED_FACE('',(#324),#243,.F.);
#2653=ADVANCED_FACE('',(#325),#244,.F.);
#2654=ADVANCED_FACE('',(#326),#245,.F.);
#2655=ADVANCED_FACE('',(#327),#246,.T.);
#2656=ADVANCED_FACE('',(#328),#247,.T.);
#2657=ADVANCED_FACE('',(#329),#248,.T.);
#2658=ADVANCED_FACE('',(#330),#249,.T.);
#2659=ADVANCED_FACE('',(#331),#2535,.T.);
#2660=ADVANCED_FACE('',(#332),#2536,.T.);
#2661=ADVANCED_FACE('',(#333),#250,.T.);
#2662=ADVANCED_FACE('',(#334,#96),#2537,.T.);
#2663=ADVANCED_FACE('',(#335),#2538,.T.);
#2664=ADVANCED_FACE('',(#336),#2539,.T.);
#2665=ADVANCED_FACE('',(#337),#2540,.T.);
#2666=ADVANCED_FACE('',(#338),#2541,.T.);
#2667=ADVANCED_FACE('',(#339),#2542,.T.);
#2668=ADVANCED_FACE('',(#340),#2543,.T.);
#2669=ADVANCED_FACE('',(#341),#2544,.T.);
#2670=ADVANCED_FACE('',(#342),#2545,.T.);
#2671=ADVANCED_FACE('',(#343),#2546,.T.);
#2672=ADVANCED_FACE('',(#344),#2547,.T.);
#2673=ADVANCED_FACE('',(#345),#2548,.T.);
#2674=ADVANCED_FACE('',(#346,#97,#98,#99,#100,#101,#102),#2549,.T.);
#2675=ADVANCED_FACE('',(#347),#2550,.T.);
#2676=ADVANCED_FACE('',(#348),#39,.F.);
#2677=ADVANCED_FACE('',(#349),#2551,.F.);
#2678=ADVANCED_FACE('',(#350),#40,.F.);
#2679=ADVANCED_FACE('',(#351),#2552,.T.);
#2680=ADVANCED_FACE('',(#352),#2553,.F.);
#2681=ADVANCED_FACE('',(#353),#41,.F.);
#2682=ADVANCED_FACE('',(#354),#42,.F.);
#2683=ADVANCED_FACE('',(#355),#2554,.F.);
#2684=ADVANCED_FACE('',(#356),#2555,.F.);
#2685=ADVANCED_FACE('',(#357,#103),#2556,.T.);
#2686=ADVANCED_FACE('',(#358),#43,.F.);
#2687=ADVANCED_FACE('',(#359),#44,.F.);
#2688=ADVANCED_FACE('',(#360),#2557,.T.);
#2689=ADVANCED_FACE('',(#361,#104),#2558,.T.);
#2690=ADVANCED_FACE('',(#362),#45,.F.);
#2691=ADVANCED_FACE('',(#363),#46,.F.);
#2692=ADVANCED_FACE('',(#364),#2559,.T.);
#2693=ADVANCED_FACE('',(#365,#105),#2560,.T.);
#2694=ADVANCED_FACE('',(#366),#47,.F.);
#2695=ADVANCED_FACE('',(#367),#48,.F.);
#2696=ADVANCED_FACE('',(#368),#2561,.T.);
#2697=ADVANCED_FACE('',(#369,#106),#2562,.T.);
#2698=ADVANCED_FACE('',(#370),#49,.F.);
#2699=ADVANCED_FACE('',(#371),#50,.F.);
#2700=ADVANCED_FACE('',(#372),#2563,.T.);
#2701=ADVANCED_FACE('',(#373),#51,.T.);
#2702=ADVANCED_FACE('',(#374),#2564,.F.);
#2703=ADVANCED_FACE('',(#375,#107,#108,#109,#110,#111),#2565,.T.);
#2704=ADVANCED_FACE('',(#376),#52,.T.);
#2705=ADVANCED_FACE('',(#377),#2566,.F.);
#2706=ADVANCED_FACE('',(#378),#53,.T.);
#2707=ADVANCED_FACE('',(#379),#2567,.F.);
#2708=ADVANCED_FACE('',(#380),#54,.T.);
#2709=ADVANCED_FACE('',(#381),#2568,.F.);
#2710=ADVANCED_FACE('',(#382),#251,.F.);
#2711=ADVANCED_FACE('',(#383),#55,.T.);
#2712=ADVANCED_FACE('',(#384),#252,.F.);
#2713=ADVANCED_FACE('',(#385),#56,.T.);
#2714=ADVANCED_FACE('',(#386),#253,.F.);
#2715=ADVANCED_FACE('',(#387),#57,.T.);
#2716=ADVANCED_FACE('',(#388),#58,.T.);
#2717=ADVANCED_FACE('',(#389),#254,.F.);
#2718=ADVANCED_FACE('',(#390),#59,.T.);
#2719=ADVANCED_FACE('',(#391),#60,.T.);
#2720=ADVANCED_FACE('',(#392),#61,.T.);
#2721=ADVANCED_FACE('',(#393),#62,.T.);
#2722=ADVANCED_FACE('',(#394),#2569,.T.);
#2723=ADVANCED_FACE('',(#395),#2570,.T.);
#2724=ADVANCED_FACE('',(#396),#2571,.F.);
#2725=ADVANCED_FACE('',(#397),#2572,.F.);
#2726=ADVANCED_FACE('',(#398),#2573,.F.);
#2727=ADVANCED_FACE('',(#399),#2574,.F.);
#2728=ADVANCED_FACE('',(#400),#2575,.F.);
#2729=ADVANCED_FACE('',(#401),#2576,.F.);
#2730=ADVANCED_FACE('',(#402),#2577,.F.);
#2731=ADVANCED_FACE('',(#403),#2578,.F.);
#2732=ADVANCED_FACE('',(#404),#2579,.F.);
#2733=ADVANCED_FACE('',(#405,#112),#2580,.T.);
#2734=ADVANCED_FACE('',(#406),#2581,.T.);
#2735=ADVANCED_FACE('',(#407),#2582,.T.);
#2736=CLOSED_SHELL('',(#2583,#2584,#2585,#2586,#2587,#2588,#2589,#2590,
#2591,#2592,#2593,#2594,#2595,#2596,#2597,#2598,#2599,#2600,#2601,#2602,
#2603,#2604,#2605,#2606,#2607,#2608,#2609,#2610,#2611,#2612,#2613,#2614,
#2615,#2616,#2617,#2618,#2619,#2620,#2621,#2622,#2623,#2624,#2625,#2626,
#2627,#2628,#2629,#2630,#2631,#2632,#2633,#2634,#2635,#2636,#2637,#2638,
#2639,#2640,#2641,#2642,#2643,#2644,#2645,#2646,#2647,#2648,#2649,#2650,
#2651,#2652,#2653,#2654,#2655,#2656,#2657,#2658,#2659,#2660,#2661,#2662,
#2663,#2664,#2665,#2666,#2667,#2668,#2669,#2670,#2671,#2672,#2673,#2674,
#2675,#2676,#2677,#2678,#2679,#2680,#2681,#2682,#2683,#2684,#2685,#2686,
#2687,#2688,#2689,#2690,#2691,#2692,#2693,#2694,#2695,#2696,#2697,#2698,
#2699,#2700,#2701,#2702,#2703,#2704,#2705,#2706,#2707,#2708,#2709,#2710,
#2711,#2712,#2713,#2714,#2715,#2716,#2717,#2718,#2719,#2720,#2721,#2722,
#2723,#2724,#2725,#2726,#2727,#2728,#2729,#2730,#2731,#2732,#2733,#2734,
#2735));
#2737=DERIVED_UNIT_ELEMENT(#2739,1.);
#2738=DERIVED_UNIT_ELEMENT(#4996,-3.);
#2739=(
MASS_UNIT()
NAMED_UNIT(*)
SI_UNIT(.KILO.,.GRAM.)
);
#2740=DERIVED_UNIT((#2737,#2738));
#2741=MEASURE_REPRESENTATION_ITEM('density measure',
POSITIVE_RATIO_MEASURE(7850.),#2740);
#2742=PROPERTY_DEFINITION_REPRESENTATION(#2747,#2744);
#2743=PROPERTY_DEFINITION_REPRESENTATION(#2748,#2745);
#2744=REPRESENTATION('material name',(#2746),#4993);
#2745=REPRESENTATION('density',(#2741),#4993);
#2746=DESCRIPTIVE_REPRESENTATION_ITEM('Acero','Acero');
#2747=PROPERTY_DEFINITION('material property','material name',#5008);
#2748=PROPERTY_DEFINITION('material property','density of part',#5008);
#2749=AXIS2_PLACEMENT_3D('',#3470,#2907,#2908);
#2750=AXIS2_PLACEMENT_3D('',#3471,#2909,#2910);
#2751=AXIS2_PLACEMENT_3D('',#3472,#2911,#2912);
#2752=AXIS2_PLACEMENT_3D('',#3481,#2917,#2918);
#2753=AXIS2_PLACEMENT_3D('',#3487,#2922,#2923);
#2754=AXIS2_PLACEMENT_3D('',#3493,#2927,#2928);
#2755=AXIS2_PLACEMENT_3D('',#3499,#2932,#2933);
#2756=AXIS2_PLACEMENT_3D('',#3505,#2937,#2938);
#2757=AXIS2_PLACEMENT_3D('',#3511,#2942,#2943);
#2758=AXIS2_PLACEMENT_3D('',#3517,#2947,#2948);
#2759=AXIS2_PLACEMENT_3D('',#3523,#2952,#2953);
#2760=AXIS2_PLACEMENT_3D('',#3548,#2958,#2959);
#2761=AXIS2_PLACEMENT_3D('',#3551,#2962,#2963);
#2762=AXIS2_PLACEMENT_3D('',#3552,#2964,#2965);
#2763=AXIS2_PLACEMENT_3D('',#3781,#2978,#2979);
#2764=AXIS2_PLACEMENT_3D('',#3790,#2984,#2985);
#2765=AXIS2_PLACEMENT_3D('',#3796,#2989,#2990);
#2766=AXIS2_PLACEMENT_3D('',#3802,#2994,#2995);
#2767=AXIS2_PLACEMENT_3D('',#3808,#2999,#3000);
#2768=AXIS2_PLACEMENT_3D('',#3814,#3004,#3005);
#2769=AXIS2_PLACEMENT_3D('',#3820,#3009,#3010);
#2770=AXIS2_PLACEMENT_3D('',#3826,#3014,#3015);
#2771=AXIS2_PLACEMENT_3D('',#3832,#3019,#3020);
#2772=AXIS2_PLACEMENT_3D('',#3857,#3025,#3026);
#2773=AXIS2_PLACEMENT_3D('',#3860,#3029,#3030);
#2774=AXIS2_PLACEMENT_3D('',#3861,#3031,#3032);
#2775=AXIS2_PLACEMENT_3D('',#3985,#3044,#3045);
#2776=AXIS2_PLACEMENT_3D('',#3989,#3048,#3049);
#2777=AXIS2_PLACEMENT_3D('',#3993,#3052,#3053);
#2778=AXIS2_PLACEMENT_3D('',#3997,#3056,#3057);
#2779=AXIS2_PLACEMENT_3D('',#4001,#3060,#3061);
#2780=AXIS2_PLACEMENT_3D('',#4089,#3070,#3071);
#2781=AXIS2_PLACEMENT_3D('',#4093,#3074,#3075);
#2782=AXIS2_PLACEMENT_3D('',#4496,#3100,#3101);
#2783=AXIS2_PLACEMENT_3D('',#4502,#3105,#3106);
#2784=AXIS2_PLACEMENT_3D('',#4524,#3110,#3111);
#2785=AXIS2_PLACEMENT_3D('',#4525,#3112,#3113);
#2786=AXIS2_PLACEMENT_3D('',#4546,#3124,#3125);
#2787=AXIS2_PLACEMENT_3D('',#4552,#3129,#3130);
#2788=AXIS2_PLACEMENT_3D('',#4556,#3133,#3134);
#2789=AXIS2_PLACEMENT_3D('',#4560,#3137,#3138);
#2790=AXIS2_PLACEMENT_3D('',#4564,#3141,#3142);
#2791=AXIS2_PLACEMENT_3D('',#4568,#3145,#3146);
#2792=AXIS2_PLACEMENT_3D('',#4572,#3149,#3150);
#2793=AXIS2_PLACEMENT_3D('',#4576,#3153,#3154);
#2794=AXIS2_PLACEMENT_3D('',#4580,#3157,#3158);
#2795=AXIS2_PLACEMENT_3D('',#4584,#3161,#3162);
#2796=AXIS2_PLACEMENT_3D('',#4586,#3164,#3165);
#2797=AXIS2_PLACEMENT_3D('',#4589,#3166,#3167);
#2798=AXIS2_PLACEMENT_3D('',#4593,#3169,#3170);
#2799=AXIS2_PLACEMENT_3D('',#4597,#3172,#3173);
#2800=AXIS2_PLACEMENT_3D('',#4601,#3175,#3176);
#2801=AXIS2_PLACEMENT_3D('',#4603,#3178,#3179);
#2802=AXIS2_PLACEMENT_3D('',#4604,#3180,#3181);
#2803=AXIS2_PLACEMENT_3D('',#4608,#3183,#3184);
#2804=AXIS2_PLACEMENT_3D('',#4610,#3186,#3187);
#2805=AXIS2_PLACEMENT_3D('',#4614,#3190,#3191);
#2806=AXIS2_PLACEMENT_3D('',#4618,#3193,#3194);
#2807=AXIS2_PLACEMENT_3D('',#4620,#3196,#3197);
#2808=AXIS2_PLACEMENT_3D('',#4621,#3198,#3199);
#2809=AXIS2_PLACEMENT_3D('',#4625,#3202,#3203);
#2810=AXIS2_PLACEMENT_3D('',#4627,#3204,#3205);
#2811=AXIS2_PLACEMENT_3D('',#4629,#3207,#3208);
#2812=AXIS2_PLACEMENT_3D('',#4632,#3210,#3211);
#2813=AXIS2_PLACEMENT_3D('',#4633,#3212,#3213);
#2814=AXIS2_PLACEMENT_3D('',#4635,#3215,#3216);
#2815=AXIS2_PLACEMENT_3D('',#4637,#3218,#3219);
#2816=AXIS2_PLACEMENT_3D('',#4639,#3220,#3221);
#2817=AXIS2_PLACEMENT_3D('',#4641,#3222,#3223);
#2818=AXIS2_PLACEMENT_3D('',#4642,#3224,#3225);
#2819=AXIS2_PLACEMENT_3D('',#4645,#3227,#3228);
#2820=AXIS2_PLACEMENT_3D('',#4646,#3229,#3230);
#2821=AXIS2_PLACEMENT_3D('',#4648,#3231,#3232);
#2822=AXIS2_PLACEMENT_3D('',#4650,#3234,#3235);
#2823=AXIS2_PLACEMENT_3D('',#4651,#3236,#3237);
#2824=AXIS2_PLACEMENT_3D('',#4653,#3238,#3239);
#2825=AXIS2_PLACEMENT_3D('',#4655,#3240,#3241);
#2826=AXIS2_PLACEMENT_3D('',#4656,#3242,#3243);
#2827=AXIS2_PLACEMENT_3D('',#4659,#3245,#3246);
#2828=AXIS2_PLACEMENT_3D('',#4660,#3247,#3248);
#2829=AXIS2_PLACEMENT_3D('',#4662,#3249,#3250);
#2830=AXIS2_PLACEMENT_3D('',#4664,#3252,#3253);
#2831=AXIS2_PLACEMENT_3D('',#4665,#3254,#3255);
#2832=AXIS2_PLACEMENT_3D('',#4667,#3256,#3257);
#2833=AXIS2_PLACEMENT_3D('',#4669,#3258,#3259);
#2834=AXIS2_PLACEMENT_3D('',#4670,#3260,#3261);
#2835=AXIS2_PLACEMENT_3D('',#4673,#3263,#3264);
#2836=AXIS2_PLACEMENT_3D('',#4674,#3265,#3266);
#2837=AXIS2_PLACEMENT_3D('',#4676,#3267,#3268);
#2838=AXIS2_PLACEMENT_3D('',#4678,#3270,#3271);
#2839=AXIS2_PLACEMENT_3D('',#4679,#3272,#3273);
#2840=AXIS2_PLACEMENT_3D('',#4681,#3274,#3275);
#2841=AXIS2_PLACEMENT_3D('',#4683,#3276,#3277);
#2842=AXIS2_PLACEMENT_3D('',#4684,#3278,#3279);
#2843=AXIS2_PLACEMENT_3D('',#4687,#3281,#3282);
#2844=AXIS2_PLACEMENT_3D('',#4688,#3283,#3284);
#2845=AXIS2_PLACEMENT_3D('',#4690,#3285,#3286);
#2846=AXIS2_PLACEMENT_3D('',#4692,#3288,#3289);
#2847=AXIS2_PLACEMENT_3D('',#4693,#3290,#3291);
#2848=AXIS2_PLACEMENT_3D('',#4696,#3292,#3293);
#2849=AXIS2_PLACEMENT_3D('',#4700,#3295,#3296);
#2850=AXIS2_PLACEMENT_3D('',#4702,#3298,#3299);
#2851=AXIS2_PLACEMENT_3D('',#4708,#3303,#3304);
#2852=AXIS2_PLACEMENT_3D('',#4711,#3305,#3306);
#2853=AXIS2_PLACEMENT_3D('',#4715,#3308,#3309);
#2854=AXIS2_PLACEMENT_3D('',#4719,#3311,#3312);
#2855=AXIS2_PLACEMENT_3D('',#4723,#3314,#3315);
#2856=AXIS2_PLACEMENT_3D('',#4732,#3320,#3321);
#2857=AXIS2_PLACEMENT_3D('',#4740,#3325,#3326);
#2858=AXIS2_PLACEMENT_3D('',#4748,#3330,#3331);
#2859=AXIS2_PLACEMENT_3D('',#4752,#3334,#3335);
#2860=AXIS2_PLACEMENT_3D('',#4756,#3337,#3338);
#2861=AXIS2_PLACEMENT_3D('',#4758,#3340,#3341);
#2862=AXIS2_PLACEMENT_3D('',#4762,#3344,#3345);
#2863=AXIS2_PLACEMENT_3D('',#4766,#3347,#3348);
#2864=AXIS2_PLACEMENT_3D('',#4768,#3350,#3351);
#2865=AXIS2_PLACEMENT_3D('',#4772,#3354,#3355);
#2866=AXIS2_PLACEMENT_3D('',#4776,#3357,#3358);
#2867=AXIS2_PLACEMENT_3D('',#4778,#3360,#3361);
#2868=AXIS2_PLACEMENT_3D('',#4814,#3364,#3365);
#2869=AXIS2_PLACEMENT_3D('',#4816,#3366,#3367);
#2870=AXIS2_PLACEMENT_3D('',#4818,#3368,#3369);
#2871=AXIS2_PLACEMENT_3D('',#4819,#3370,#3371);
#2872=AXIS2_PLACEMENT_3D('',#4820,#3372,#3373);
#2873=AXIS2_PLACEMENT_3D('',#4855,#3376,#3377);
#2874=AXIS2_PLACEMENT_3D('',#4857,#3378,#3379);
#2875=AXIS2_PLACEMENT_3D('',#4859,#3380,#3381);
#2876=AXIS2_PLACEMENT_3D('',#4860,#3382,#3383);
#2877=AXIS2_PLACEMENT_3D('',#4861,#3384,#3385);
#2878=AXIS2_PLACEMENT_3D('',#4896,#3388,#3389);
#2879=AXIS2_PLACEMENT_3D('',#4898,#3390,#3391);
#2880=AXIS2_PLACEMENT_3D('',#4900,#3392,#3393);
#2881=AXIS2_PLACEMENT_3D('',#4901,#3394,#3395);
#2882=AXIS2_PLACEMENT_3D('',#4902,#3396,#3397);
#2883=AXIS2_PLACEMENT_3D('',#4905,#3400,#3401);
#2884=AXIS2_PLACEMENT_3D('',#4940,#3404,#3405);
#2885=AXIS2_PLACEMENT_3D('',#4942,#3406,#3407);
#2886=AXIS2_PLACEMENT_3D('',#4944,#3408,#3409);
#2887=AXIS2_PLACEMENT_3D('',#4945,#3410,#3411);
#2888=AXIS2_PLACEMENT_3D('',#4946,#3412,#3413);
#2889=AXIS2_PLACEMENT_3D('',#4949,#3416,#3417);
#2890=AXIS2_PLACEMENT_3D('',#4952,#3420,#3421);
#2891=AXIS2_PLACEMENT_3D('',#4955,#3424,#3425);
#2892=AXIS2_PLACEMENT_3D('',#4958,#3428,#3429);
#2893=AXIS2_PLACEMENT_3D('',#4959,#3430,#3431);
#2894=AXIS2_PLACEMENT_3D('',#4960,#3432,#3433);
#2895=AXIS2_PLACEMENT_3D('',#4961,#3434,#3435);
#2896=AXIS2_PLACEMENT_3D('',#4963,#3437,#3438);
#2897=AXIS2_PLACEMENT_3D('',#4967,#3441,#3442);
#2898=AXIS2_PLACEMENT_3D('',#4971,#3445,#3446);
#2899=AXIS2_PLACEMENT_3D('',#4973,#3448,#3449);
#2900=AXIS2_PLACEMENT_3D('',#4977,#3452,#3453);
#2901=AXIS2_PLACEMENT_3D('',#4979,#3455,#3456);
#2902=AXIS2_PLACEMENT_3D('',#4983,#3459,#3460);
#2903=AXIS2_PLACEMENT_3D('',#4985,#3462,#3463);
#2904=AXIS2_PLACEMENT_3D('',#4986,#3464,#3465);
#2905=AXIS2_PLACEMENT_3D('',#4987,#3466,#3467);
#2906=AXIS2_PLACEMENT_3D('',#4988,#3468,#3469);
#2907=DIRECTION('axis',(0.,0.,1.));
#2908=DIRECTION('refdir',(1.,0.,0.));
#2909=DIRECTION('axis',(0.,0.,1.));
#2910=DIRECTION('refdir',(1.,0.,0.));
#2911=DIRECTION('center_axis',(0.,-1.,0.));
#2912=DIRECTION('ref_axis',(0.,0.,-1.));
#2913=DIRECTION('',(-1.,0.,-1.88245042061712E-31));
#2914=DIRECTION('',(0.,0.,-1.));
#2915=DIRECTION('',(-1.,0.,0.));
#2916=DIRECTION('',(0.,0.,-1.));
#2917=DIRECTION('center_axis',(-1.,0.,0.));
#2918=DIRECTION('ref_axis',(0.,0.,1.));
#2919=DIRECTION('',(0.,1.,1.87848495516181E-30));
#2920=DIRECTION('',(0.,0.,-1.));
#2921=DIRECTION('',(0.,1.,0.));
#2922=DIRECTION('center_axis',(0.,1.,0.));
#2923=DIRECTION('ref_axis',(0.,0.,1.));
#2924=DIRECTION('',(1.,0.,1.88245042061712E-31));
#2925=DIRECTION('',(0.,0.,-1.));
#2926=DIRECTION('',(1.,0.,0.));
#2927=DIRECTION('center_axis',(-1.,0.,0.));
#2928=DIRECTION('ref_axis',(0.,0.,1.));
#2929=DIRECTION('',(0.,1.,1.87848495516181E-30));
#2930=DIRECTION('',(0.,0.,-1.));
#2931=DIRECTION('',(0.,1.,0.));
#2932=DIRECTION('center_axis',(0.,-1.,0.));
#2933=DIRECTION('ref_axis',(0.,0.,-1.));
#2934=DIRECTION('',(-1.,0.,-1.88245042061712E-31));
#2935=DIRECTION('',(0.,0.,-1.));
#2936=DIRECTION('',(-1.,0.,0.));
#2937=DIRECTION('center_axis',(1.,0.,0.));
#2938=DIRECTION('ref_axis',(0.,0.,-1.));
#2939=DIRECTION('',(0.,-1.,-1.87848495516181E-30));
#2940=DIRECTION('',(0.,0.,-1.));
#2941=DIRECTION('',(0.,-1.,0.));
#2942=DIRECTION('center_axis',(0.,1.,0.));
#2943=DIRECTION('ref_axis',(0.,0.,1.));
#2944=DIRECTION('',(1.,0.,1.88245042061712E-31));
#2945=DIRECTION('',(0.,0.,-1.));
#2946=DIRECTION('',(1.,0.,0.));
#2947=DIRECTION('center_axis',(1.,0.,0.));
#2948=DIRECTION('ref_axis',(0.,0.,-1.));
#2949=DIRECTION('',(0.,-1.,-1.87848495516181E-30));
#2950=DIRECTION('',(0.,0.,-1.));
#2951=DIRECTION('',(0.,-1.,0.));
#2952=DIRECTION('center_axis',(0.,1.,0.));
#2953=DIRECTION('ref_axis',(0.,0.,1.));
#2954=DIRECTION('',(1.,0.,1.88245042061712E-31));
#2955=DIRECTION('',(0.,0.,-1.));
#2956=DIRECTION('',(1.,0.,0.));
#2957=DIRECTION('',(0.,0.,-1.));
#2958=DIRECTION('center_axis',(-1.,0.,0.));
#2959=DIRECTION('ref_axis',(0.,0.,1.));
#2960=DIRECTION('',(0.,1.,1.87848495516181E-30));
#2961=DIRECTION('',(0.,1.,0.));
#2962=DIRECTION('center_axis',(-4.47400785711599E-17,1.64308980239748E-16,
1.));
#2963=DIRECTION('ref_axis',(1.,7.35119668587349E-33,4.47400785711599E-17));
#2964=DIRECTION('center_axis',(3.56242040963281E-19,2.82261976324631E-19,
1.));
#2965=DIRECTION('ref_axis',(1.,-1.00553582532216E-37,-3.56242040963281E-19));
#2966=DIRECTION('',(0.,0.,-1.));
#2967=DIRECTION('',(0.,0.,-1.));
#2968=DIRECTION('',(0.,0.,-1.));
#2969=DIRECTION('',(0.,0.,-1.));
#2970=DIRECTION('',(0.,0.,-1.));
#2971=DIRECTION('',(0.,0.,-1.));
#2972=DIRECTION('',(0.,0.,-1.));
#2973=DIRECTION('',(0.,0.,-1.));
#2974=DIRECTION('',(0.,0.,-1.));
#2975=DIRECTION('',(0.,0.,-1.));
#2976=DIRECTION('',(0.,0.,-1.));
#2977=DIRECTION('',(0.,0.,-1.));
#2978=DIRECTION('center_axis',(0.,-1.,0.));
#2979=DIRECTION('ref_axis',(0.,0.,-1.));
#2980=DIRECTION('',(-1.,0.,-1.88245042061712E-31));
#2981=DIRECTION('',(0.,0.,-1.));
#2982=DIRECTION('',(-1.,0.,0.));
#2983=DIRECTION('',(0.,0.,-1.));
#2984=DIRECTION('center_axis',(-1.,0.,0.));
#2985=DIRECTION('ref_axis',(0.,0.,1.));
#2986=DIRECTION('',(0.,1.,1.87848495516181E-30));
#2987=DIRECTION('',(0.,0.,-1.));
#2988=DIRECTION('',(0.,1.,0.));
#2989=DIRECTION('center_axis',(0.,1.,0.));
#2990=DIRECTION('ref_axis',(0.,0.,1.));
#2991=DIRECTION('',(1.,0.,1.88245042061712E-31));
#2992=DIRECTION('',(0.,0.,-1.));
#2993=DIRECTION('',(1.,0.,0.));
#2994=DIRECTION('center_axis',(-1.,0.,0.));
#2995=DIRECTION('ref_axis',(0.,0.,1.));
#2996=DIRECTION('',(0.,1.,1.87848495516181E-30));
#2997=DIRECTION('',(0.,0.,-1.));
#2998=DIRECTION('',(0.,1.,0.));
#2999=DIRECTION('center_axis',(0.,-1.,0.));
#3000=DIRECTION('ref_axis',(0.,0.,-1.));
#3001=DIRECTION('',(-1.,0.,-1.88245042061712E-31));
#3002=DIRECTION('',(0.,0.,-1.));
#3003=DIRECTION('',(-1.,0.,0.));
#3004=DIRECTION('center_axis',(1.,0.,0.));
#3005=DIRECTION('ref_axis',(0.,0.,-1.));
#3006=DIRECTION('',(0.,-1.,-1.87848495516181E-30));
#3007=DIRECTION('',(0.,0.,-1.));
#3008=DIRECTION('',(0.,-1.,0.));
#3009=DIRECTION('center_axis',(0.,1.,0.));
#3010=DIRECTION('ref_axis',(0.,0.,1.));
#3011=DIRECTION('',(1.,0.,1.88245042061712E-31));
#3012=DIRECTION('',(0.,0.,-1.));
#3013=DIRECTION('',(1.,0.,0.));
#3014=DIRECTION('center_axis',(1.,0.,0.));
#3015=DIRECTION('ref_axis',(0.,0.,-1.));
#3016=DIRECTION('',(0.,-1.,-1.87848495516181E-30));
#3017=DIRECTION('',(0.,0.,-1.));
#3018=DIRECTION('',(0.,-1.,0.));
#3019=DIRECTION('center_axis',(0.,1.,0.));
#3020=DIRECTION('ref_axis',(0.,0.,1.));
#3021=DIRECTION('',(1.,0.,1.88245042061712E-31));
#3022=DIRECTION('',(0.,0.,-1.));
#3023=DIRECTION('',(1.,0.,0.));
#3024=DIRECTION('',(0.,0.,-1.));
#3025=DIRECTION('center_axis',(-1.,0.,0.));
#3026=DIRECTION('ref_axis',(0.,0.,1.));
#3027=DIRECTION('',(0.,1.,1.87848495516181E-30));
#3028=DIRECTION('',(0.,1.,0.));
#3029=DIRECTION('center_axis',(-4.47400785711386E-17,1.6430898023975E-16,
1.));
#3030=DIRECTION('ref_axis',(1.,7.35119668587008E-33,4.47400785711386E-17));
#3031=DIRECTION('center_axis',(5.57013668386304E-16,-5.40612834620933E-16,
1.));
#3032=DIRECTION('ref_axis',(1.,-8.29997843096561E-32,-5.57013668386304E-16));
#3033=DIRECTION('',(0.,-1.,0.));
#3034=DIRECTION('',(-1.,0.,0.));
#3035=DIRECTION('',(0.,-1.,0.));
#3036=DIRECTION('',(1.,0.,0.));
#3037=DIRECTION('',(0.,1.,0.));
#3038=DIRECTION('',(1.,0.,0.));
#3039=DIRECTION('',(0.,1.,0.));
#3040=DIRECTION('',(0.,0.,-1.));
#3041=DIRECTION('',(0.,0.,-1.));
#3042=DIRECTION('',(0.,0.,-1.));
#3043=DIRECTION('',(0.,0.,-1.));
#3044=DIRECTION('center_axis',(-1.,0.,0.));
#3045=DIRECTION('ref_axis',(0.,0.,1.));
#3046=DIRECTION('',(0.,1.,1.87848495516181E-30));
#3047=DIRECTION('',(0.,0.,-1.));
#3048=DIRECTION('center_axis',(0.,1.,0.));
#3049=DIRECTION('ref_axis',(0.,0.,1.));
#3050=DIRECTION('',(1.,0.,1.88245042061712E-31));
#3051=DIRECTION('',(0.,0.,-1.));
#3052=DIRECTION('center_axis',(1.,0.,0.));
#3053=DIRECTION('ref_axis',(0.,0.,-1.));
#3054=DIRECTION('',(0.,-1.,-1.87848495516181E-30));
#3055=DIRECTION('',(0.,0.,-1.));
#3056=DIRECTION('center_axis',(0.,-1.,0.));
#3057=DIRECTION('ref_axis',(0.,0.,-1.));
#3058=DIRECTION('',(-1.,0.,-1.88245042061712E-31));
#3059=DIRECTION('',(0.,0.,-1.));
#3060=DIRECTION('center_axis',(1.,0.,0.));
#3061=DIRECTION('ref_axis',(0.,0.,-1.));
#3062=DIRECTION('',(0.,-1.,-1.87848495516181E-30));
#3063=DIRECTION('',(0.,0.,-1.));
#3064=DIRECTION('',(0.,0.,-1.));
#3065=DIRECTION('',(0.,0.,-1.));
#3066=DIRECTION('',(0.,0.,-1.));
#3067=DIRECTION('',(0.,0.,-1.));
#3068=DIRECTION('',(0.,0.,-1.));
#3069=DIRECTION('',(0.,0.,-1.));
#3070=DIRECTION('center_axis',(-1.,0.,0.));
#3071=DIRECTION('ref_axis',(0.,0.,1.));
#3072=DIRECTION('',(0.,1.,1.87848495516181E-30));
#3073=DIRECTION('',(0.,0.,-1.));
#3074=DIRECTION('center_axis',(0.,1.,0.));
#3075=DIRECTION('ref_axis',(0.,0.,1.));
#3076=DIRECTION('',(1.,0.,1.88245042061712E-31));
#3077=DIRECTION('',(0.,0.,-1.));
#3078=DIRECTION('',(0.,0.,-1.));
#3079=DIRECTION('',(0.,0.,-1.));
#3080=DIRECTION('',(0.,0.,-1.));
#3081=DIRECTION('',(0.,0.,-1.));
#3082=DIRECTION('',(0.,0.,-1.));
#3083=DIRECTION('',(0.,0.,-1.));
#3084=DIRECTION('',(0.,0.,-1.));
#3085=DIRECTION('',(0.,0.,-1.));
#3086=DIRECTION('',(0.,0.,-1.));
#3087=DIRECTION('',(0.,0.,-1.));
#3088=DIRECTION('',(0.,0.,-1.));
#3089=DIRECTION('',(0.,0.,-1.));
#3090=DIRECTION('',(0.,0.,-1.));
#3091=DIRECTION('',(0.,0.,-1.));
#3092=DIRECTION('',(0.,0.,-1.));
#3093=DIRECTION('',(0.,0.,-1.));
#3094=DIRECTION('',(0.,0.,-1.));
#3095=DIRECTION('',(0.,0.,-1.));
#3096=DIRECTION('',(0.,0.,-1.));
#3097=DIRECTION('',(0.,0.,-1.));
#3098=DIRECTION('',(0.,0.,-1.));
#3099=DIRECTION('',(0.,0.,-1.));
#3100=DIRECTION('center_axis',(0.,1.,0.));
#3101=DIRECTION('ref_axis',(0.,0.,1.));
#3102=DIRECTION('',(1.,0.,1.88245042061712E-31));
#3103=DIRECTION('',(0.,0.,-1.));
#3104=DIRECTION('',(1.,0.,0.));
#3105=DIRECTION('center_axis',(-1.,0.,0.));
#3106=DIRECTION('ref_axis',(0.,0.,1.));
#3107=DIRECTION('',(0.,1.,1.87848495516181E-30));
#3108=DIRECTION('',(0.,0.,-1.));
#3109=DIRECTION('',(0.,1.,0.));
#3110=DIRECTION('center_axis',(2.9677280327021E-16,1.91682147253431E-16,
1.));
#3111=DIRECTION('ref_axis',(1.,-5.68860481772539E-32,-2.9677280327021E-16));
#3112=DIRECTION('center_axis',(2.7433921829227E-29,-6.61035012510372E-31,
1.));
#3113=DIRECTION('ref_axis',(1.,1.81347828595916E-59,-2.7433921829227E-29));
#3114=DIRECTION('',(-1.,0.,0.));
#3115=DIRECTION('',(0.,-1.,0.));
#3116=DIRECTION('',(1.,0.,0.));
#3117=DIRECTION('',(0.,1.,0.));
#3118=DIRECTION('',(0.453406386913821,-0.891303903450307,0.));
#3119=DIRECTION('',(1.,0.,0.));
#3120=DIRECTION('',(0.,1.,0.));
#3121=DIRECTION('',(-1.,0.,0.));
#3122=DIRECTION('',(0.,-1.,0.));
#3123=DIRECTION('',(-0.456554296231786,0.889695551631174,0.));
#3124=DIRECTION('center_axis',(-1.,0.,0.));
#3125=DIRECTION('ref_axis',(0.,0.,1.));
#3126=DIRECTION('',(0.,1.,1.87848495516181E-30));
#3127=DIRECTION('',(0.,0.,-1.));
#3128=DIRECTION('',(0.,0.,-1.));
#3129=DIRECTION('center_axis',(0.,1.,0.));
#3130=DIRECTION('ref_axis',(0.,0.,1.));
#3131=DIRECTION('',(1.,0.,1.88245042061712E-31));
#3132=DIRECTION('',(0.,0.,-1.));
#3133=DIRECTION('center_axis',(0.891303903450307,0.453406386913821,0.));
#3134=DIRECTION('ref_axis',(0.,0.,-1.));
#3135=DIRECTION('',(0.453406386913821,-0.891303903450307,-1.58894946873275E-30));
#3136=DIRECTION('',(0.,0.,-1.));
#3137=DIRECTION('center_axis',(-1.,0.,0.));
#3138=DIRECTION('ref_axis',(0.,0.,1.));
#3139=DIRECTION('',(0.,1.,1.87848495516181E-30));
#3140=DIRECTION('',(0.,0.,-1.));
#3141=DIRECTION('center_axis',(0.,1.,0.));
#3142=DIRECTION('ref_axis',(0.,0.,1.));
#3143=DIRECTION('',(1.,0.,1.88245042061712E-31));
#3144=DIRECTION('',(0.,0.,-1.));
#3145=DIRECTION('center_axis',(1.,0.,0.));
#3146=DIRECTION('ref_axis',(0.,0.,-1.));
#3147=DIRECTION('',(0.,-1.,-1.87848495516181E-30));
#3148=DIRECTION('',(0.,0.,-1.));
#3149=DIRECTION('center_axis',(0.,-1.,0.));
#3150=DIRECTION('ref_axis',(0.,0.,-1.));
#3151=DIRECTION('',(-1.,0.,-1.88245042061712E-31));
#3152=DIRECTION('',(0.,0.,-1.));
#3153=DIRECTION('center_axis',(-0.889695551631173,-0.456554296231787,0.));
#3154=DIRECTION('ref_axis',(0.,0.,1.));
#3155=DIRECTION('',(-0.456554296231787,0.889695551631173,1.58533562571594E-30));
#3156=DIRECTION('',(0.,0.,-1.));
#3157=DIRECTION('center_axis',(1.,0.,0.));
#3158=DIRECTION('ref_axis',(0.,0.,-1.));
#3159=DIRECTION('',(0.,-1.,-1.87848495516181E-30));
#3160=DIRECTION('',(0.,0.,-1.));
#3161=DIRECTION('center_axis',(0.,-1.,0.));
#3162=DIRECTION('ref_axis',(0.,0.,-1.));
#3163=DIRECTION('',(-1.,0.,-1.88245042061712E-31));
#3164=DIRECTION('center_axis',(-1.88245042061712E-31,-1.87848495516181E-30,
1.));
#3165=DIRECTION('ref_axis',(1.,-3.53615479396728E-61,1.88245042061712E-31));
#3166=DIRECTION('center_axis',(-1.88245042061712E-31,-1.87848495516181E-30,
1.));
#3167=DIRECTION('ref_axis',(-0.707106781186547,-0.707106781186548,-1.46139879591841E-30));
#3168=DIRECTION('',(1.,-2.15876699232669E-16,0.));
#3169=DIRECTION('center_axis',(-1.88245042061712E-31,-1.87848495516181E-30,
1.));
#3170=DIRECTION('ref_axis',(0.707106781186548,-0.707106781186547,-1.19518010438524E-30));
#3171=DIRECTION('',(1.38777878078144E-16,1.,0.));
#3172=DIRECTION('center_axis',(-1.88245042061712E-31,-1.87848495516181E-30,
1.));
#3173=DIRECTION('ref_axis',(0.707106781186548,0.707106781186547,1.46139879591841E-30));
#3174=DIRECTION('',(-1.,-2.15876699232669E-16,0.));
#3175=DIRECTION('center_axis',(-1.88245042061712E-31,-1.87848495516181E-30,
1.));
#3176=DIRECTION('ref_axis',(-0.707106781186548,0.707106781186547,1.19518010438524E-30));
#3177=DIRECTION('',(0.,-1.,0.));
#3178=DIRECTION('center_axis',(-1.88245042061712E-31,-1.87848495516181E-30,
1.));
#3179=DIRECTION('ref_axis',(1.,-3.53615479396728E-61,1.88245042061712E-31));
#3180=DIRECTION('center_axis',(0.,0.,-1.));
#3181=DIRECTION('ref_axis',(-0.707106781186547,-0.707106781186548,0.));
#3182=DIRECTION('',(0.,0.,1.));
#3183=DIRECTION('center_axis',(0.,0.,1.));
#3184=DIRECTION('ref_axis',(-0.707106781186547,-0.707106781186548,0.));
#3185=DIRECTION('',(0.,0.,-1.));
#3186=DIRECTION('center_axis',(-1.,0.,0.));
#3187=DIRECTION('ref_axis',(0.,0.,1.));
#3188=DIRECTION('',(0.,0.,-1.));
#3189=DIRECTION('',(0.,1.,0.));
#3190=DIRECTION('center_axis',(0.,0.,-1.));
#3191=DIRECTION('ref_axis',(0.707106781186548,-0.707106781186547,0.));
#3192=DIRECTION('',(0.,0.,1.));
#3193=DIRECTION('center_axis',(0.,0.,1.));
#3194=DIRECTION('ref_axis',(0.707106781186548,-0.707106781186547,0.));
#3195=DIRECTION('',(0.,0.,-1.));
#3196=DIRECTION('center_axis',(-1.88245042061712E-31,-1.87848495516181E-30,
1.));
#3197=DIRECTION('ref_axis',(1.,-3.53615479396728E-61,1.88245042061712E-31));
#3198=DIRECTION('center_axis',(1.,-1.38777878078144E-16,0.));
#3199=DIRECTION('ref_axis',(0.,0.,-1.));
#3200=DIRECTION('',(-1.38777878078144E-16,-1.,0.));
#3201=DIRECTION('',(0.,0.,1.));
#3202=DIRECTION('center_axis',(0.,0.,-1.));
#3203=DIRECTION('ref_axis',(0.707106781186548,0.707106781186547,0.));
#3204=DIRECTION('center_axis',(0.,0.,1.));
#3205=DIRECTION('ref_axis',(0.707106781186548,0.707106781186547,0.));
#3206=DIRECTION('',(0.,0.,-1.));
#3207=DIRECTION('center_axis',(0.,0.,-1.));
#3208=DIRECTION('ref_axis',(-0.707106781186548,0.707106781186547,0.));
#3209=DIRECTION('',(0.,0.,1.));
#3210=DIRECTION('center_axis',(0.,0.,1.));
#3211=DIRECTION('ref_axis',(-0.707106781186548,0.707106781186547,0.));
#3212=DIRECTION('center_axis',(-2.15876699232669E-16,-1.,0.));
#3213=DIRECTION('ref_axis',(0.,0.,-1.));
#3214=DIRECTION('',(-1.,2.15876699232669E-16,0.));
#3215=DIRECTION('center_axis',(-2.15876699232669E-16,1.,0.));
#3216=DIRECTION('ref_axis',(0.,0.,1.));
#3217=DIRECTION('',(1.,2.15876699232669E-16,0.));
#3218=DIRECTION('center_axis',(0.,0.,1.));
#3219=DIRECTION('ref_axis',(1.,0.,0.));
#3220=DIRECTION('center_axis',(0.,0.,1.));
#3221=DIRECTION('ref_axis',(1.,0.,0.));
#3222=DIRECTION('center_axis',(0.,0.,1.));
#3223=DIRECTION('ref_axis',(1.,0.,0.));
#3224=DIRECTION('center_axis',(0.,0.,1.));
#3225=DIRECTION('ref_axis',(1.,0.,0.));
#3226=DIRECTION('',(0.,0.,1.));
#3227=DIRECTION('center_axis',(0.,0.,-1.));
#3228=DIRECTION('ref_axis',(1.,0.,0.));
#3229=DIRECTION('center_axis',(0.,0.,1.));
#3230=DIRECTION('ref_axis',(1.,0.,0.));
#3231=DIRECTION('center_axis',(0.,0.,1.));
#3232=DIRECTION('ref_axis',(1.,0.,0.));
#3233=DIRECTION('',(0.,0.,1.));
#3234=DIRECTION('center_axis',(0.,0.,1.));
#3235=DIRECTION('ref_axis',(1.,0.,0.));
#3236=DIRECTION('center_axis',(0.,0.,1.));
#3237=DIRECTION('ref_axis',(1.,0.,0.));
#3238=DIRECTION('center_axis',(0.,0.,1.));
#3239=DIRECTION('ref_axis',(1.,0.,0.));
#3240=DIRECTION('center_axis',(0.,0.,1.));
#3241=DIRECTION('ref_axis',(1.,0.,0.));
#3242=DIRECTION('center_axis',(0.,0.,1.));
#3243=DIRECTION('ref_axis',(1.,0.,0.));
#3244=DIRECTION('',(0.,0.,1.));
#3245=DIRECTION('center_axis',(0.,0.,-1.));
#3246=DIRECTION('ref_axis',(1.,0.,0.));
#3247=DIRECTION('center_axis',(0.,0.,1.));
#3248=DIRECTION('ref_axis',(1.,0.,0.));
#3249=DIRECTION('center_axis',(0.,0.,1.));
#3250=DIRECTION('ref_axis',(1.,0.,0.));
#3251=DIRECTION('',(0.,0.,1.));
#3252=DIRECTION('center_axis',(0.,0.,1.));
#3253=DIRECTION('ref_axis',(1.,0.,0.));
#3254=DIRECTION('center_axis',(0.,0.,1.));
#3255=DIRECTION('ref_axis',(1.,0.,0.));
#3256=DIRECTION('center_axis',(0.,0.,1.));
#3257=DIRECTION('ref_axis',(1.,0.,0.));
#3258=DIRECTION('center_axis',(0.,0.,1.));
#3259=DIRECTION('ref_axis',(1.,0.,0.));
#3260=DIRECTION('center_axis',(0.,0.,1.));
#3261=DIRECTION('ref_axis',(1.,0.,0.));
#3262=DIRECTION('',(0.,0.,1.));
#3263=DIRECTION('center_axis',(0.,0.,-1.));
#3264=DIRECTION('ref_axis',(1.,0.,0.));
#3265=DIRECTION('center_axis',(0.,0.,1.));
#3266=DIRECTION('ref_axis',(1.,0.,0.));
#3267=DIRECTION('center_axis',(0.,0.,1.));
#3268=DIRECTION('ref_axis',(1.,0.,0.));
#3269=DIRECTION('',(0.,0.,1.));
#3270=DIRECTION('center_axis',(0.,0.,1.));
#3271=DIRECTION('ref_axis',(1.,0.,0.));
#3272=DIRECTION('center_axis',(0.,0.,1.));
#3273=DIRECTION('ref_axis',(1.,0.,0.));
#3274=DIRECTION('center_axis',(0.,0.,1.));
#3275=DIRECTION('ref_axis',(1.,0.,0.));
#3276=DIRECTION('center_axis',(0.,0.,1.));
#3277=DIRECTION('ref_axis',(1.,0.,0.));
#3278=DIRECTION('center_axis',(0.,0.,1.));
#3279=DIRECTION('ref_axis',(1.,0.,0.));
#3280=DIRECTION('',(0.,0.,1.));
#3281=DIRECTION('center_axis',(0.,0.,-1.));
#3282=DIRECTION('ref_axis',(1.,0.,0.));
#3283=DIRECTION('center_axis',(0.,0.,1.));
#3284=DIRECTION('ref_axis',(1.,0.,0.));
#3285=DIRECTION('center_axis',(0.,0.,1.));
#3286=DIRECTION('ref_axis',(1.,0.,0.));
#3287=DIRECTION('',(0.,0.,1.));
#3288=DIRECTION('center_axis',(0.,0.,1.));
#3289=DIRECTION('ref_axis',(1.,0.,0.));
#3290=DIRECTION('center_axis',(0.0261679842649795,-0.0261679842649793,-0.99931500198837));
#3291=DIRECTION('ref_axis',(0.706622414447424,-0.706622414447425,0.0370071182474996));
#3292=DIRECTION('center_axis',(0.,0.,-1.));
#3293=DIRECTION('ref_axis',(0.707106781186547,-0.707106781186548,0.));
#3294=DIRECTION('',(0.0261679842649795,-0.0261679842649793,-0.99931500198837));
#3295=DIRECTION('center_axis',(0.,0.,-1.));
#3296=DIRECTION('ref_axis',(0.707106781186547,-0.707106781186548,0.));
#3297=DIRECTION('',(-0.0261679842649795,0.0261679842649793,0.99931500198837));
#3298=DIRECTION('center_axis',(0.,0.999657324975557,-0.0261769483078731));
#3299=DIRECTION('ref_axis',(1.,0.,0.));
#3300=DIRECTION('',(1.,0.,0.));
#3301=DIRECTION('',(0.0261679842649794,-0.0261679842649793,-0.99931500198837));
#3302=DIRECTION('',(-1.,0.,0.));
#3303=DIRECTION('center_axis',(0.,0.,1.));
#3304=DIRECTION('ref_axis',(1.,0.,0.));
#3305=DIRECTION('center_axis',(0.,0.,-1.));
#3306=DIRECTION('ref_axis',(-0.707106781186547,0.707106781186548,0.));
#3307=DIRECTION('',(0.,1.,0.));
#3308=DIRECTION('center_axis',(0.,0.,-1.));
#3309=DIRECTION('ref_axis',(-0.707106781186548,-0.707106781186547,0.));
#3310=DIRECTION('',(-1.,0.,0.));
#3311=DIRECTION('center_axis',(0.,0.,-1.));
#3312=DIRECTION('ref_axis',(0.707106781186548,-0.707106781186547,0.));
#3313=DIRECTION('',(0.,-1.,0.));
#3314=DIRECTION('center_axis',(0.,0.,-1.));
#3315=DIRECTION('ref_axis',(0.707106781186547,0.707106781186548,0.));
#3316=DIRECTION('',(1.,0.,0.));
#3317=DIRECTION('',(0.,1.,0.));
#3318=DIRECTION('',(1.,0.,0.));
#3319=DIRECTION('',(0.,-1.,0.));
#3320=DIRECTION('center_axis',(0.,0.,-1.));
#3321=DIRECTION('ref_axis',(-0.707106781186548,-0.707106781186547,0.));
#3322=DIRECTION('',(1.,0.,0.));
#3323=DIRECTION('',(0.,-1.,0.));
#3324=DIRECTION('',(-1.,0.,0.));
#3325=DIRECTION('center_axis',(0.,0.,-1.));
#3326=DIRECTION('ref_axis',(-0.707106781186547,0.707106781186548,0.));
#3327=DIRECTION('',(0.,-1.,0.));
#3328=DIRECTION('',(-1.,0.,0.));
#3329=DIRECTION('',(0.,1.,0.));
#3330=DIRECTION('center_axis',(0.,0.,-1.));
#3331=DIRECTION('ref_axis',(0.707106781186548,0.707106781186547,0.));
#3332=DIRECTION('',(-1.,0.,0.));
#3333=DIRECTION('',(0.,1.,0.));
#3334=DIRECTION('center_axis',(-0.0261679842649795,-0.0261679842649793,
-0.99931500198837));
#3335=DIRECTION('ref_axis',(-0.706622414447425,-0.706622414447425,0.0370071182474996));
#3336=DIRECTION('',(-0.0261679842649795,-0.0261679842649793,-0.99931500198837));
#3337=DIRECTION('center_axis',(0.,0.,-1.));
#3338=DIRECTION('ref_axis',(-0.707106781186548,-0.707106781186547,0.));
#3339=DIRECTION('',(0.0261679842649795,0.0261679842649793,0.99931500198837));
#3340=DIRECTION('center_axis',(0.999657324975557,0.,-0.0261769483078733));
#3341=DIRECTION('ref_axis',(0.,-1.,0.));
#3342=DIRECTION('',(-0.0261679842649795,-0.0261679842649793,-0.99931500198837));
#3343=DIRECTION('',(0.,1.,0.));
#3344=DIRECTION('center_axis',(-0.0261679842649795,0.0261679842649793,-0.99931500198837));
#3345=DIRECTION('ref_axis',(-0.706622414447424,0.706622414447425,0.0370071182474996));
#3346=DIRECTION('',(-0.0261679842649795,0.0261679842649793,-0.99931500198837));
#3347=DIRECTION('center_axis',(0.,0.,-1.));
#3348=DIRECTION('ref_axis',(-0.707106781186547,0.707106781186548,0.));
#3349=DIRECTION('',(0.0261679842649795,-0.0261679842649793,0.99931500198837));
#3350=DIRECTION('center_axis',(0.,-0.999657324975557,-0.0261769483078731));
#3351=DIRECTION('ref_axis',(-1.,0.,0.));
#3352=DIRECTION('',(-0.0261679842649794,0.0261679842649793,-0.99931500198837));
#3353=DIRECTION('',(1.,0.,0.));
#3354=DIRECTION('center_axis',(0.0261679842649795,0.0261679842649793,-0.99931500198837));
#3355=DIRECTION('ref_axis',(0.706622414447425,0.706622414447425,0.0370071182474996));
#3356=DIRECTION('',(0.0261679842649795,0.0261679842649793,-0.99931500198837));
#3357=DIRECTION('center_axis',(0.,0.,-1.));
#3358=DIRECTION('ref_axis',(0.707106781186548,0.707106781186547,0.));
#3359=DIRECTION('',(-0.0261679842649795,-0.0261679842649793,0.99931500198837));
#3360=DIRECTION('center_axis',(0.,-0.999657324975557,-0.0261769483078731));
#3361=DIRECTION('ref_axis',(-1.,0.,0.));
#3362=DIRECTION('',(1.,0.,0.));
#3363=DIRECTION('',(0.0261679842649795,0.0261679842649793,-0.99931500198837));
#3364=DIRECTION('center_axis',(0.,-1.,0.));
#3365=DIRECTION('ref_axis',(-0.999657324975557,0.,-0.0261769483078744));
#3366=DIRECTION('center_axis',(0.00872000434706602,-0.00872000434706465,
-0.999923958633042));
#3367=DIRECTION('ref_axis',(-0.707053011820321,0.707053011820322,-0.0123319484115722));
#3368=DIRECTION('center_axis',(1.,0.,0.));
#3369=DIRECTION('ref_axis',(0.,0.,-1.));
#3370=DIRECTION('center_axis',(0.,0.,1.));
#3371=DIRECTION('ref_axis',(-0.707106781186547,0.707106781186548,0.));
#3372=DIRECTION('center_axis',(0.0261679842649793,-0.0261679842649793,-0.99931500198837));
#3373=DIRECTION('ref_axis',(-0.706622414447424,0.706622414447425,-0.0370071182474995));
#3374=DIRECTION('',(0.0261679842649793,-0.0261679842649793,-0.99931500198837));
#3375=DIRECTION('',(-0.0261679842649793,0.0261679842649793,0.99931500198837));
#3376=DIRECTION('center_axis',(-1.,0.,0.));
#3377=DIRECTION('ref_axis',(0.,0.999657324975557,-0.0261769483078744));
#3378=DIRECTION('center_axis',(-0.00872000434706464,-0.00872000434706465,
-0.999923958633043));
#3379=DIRECTION('ref_axis',(0.707053011820321,0.707053011820322,-0.0123319484115712));
#3380=DIRECTION('center_axis',(0.,-1.,0.));
#3381=DIRECTION('ref_axis',(0.,0.,-1.));
#3382=DIRECTION('center_axis',(0.,0.,1.));
#3383=DIRECTION('ref_axis',(0.707106781186547,0.707106781186548,0.));
#3384=DIRECTION('center_axis',(-0.0261679842649793,-0.0261679842649793,
-0.99931500198837));
#3385=DIRECTION('ref_axis',(0.706622414447424,0.706622414447425,-0.0370071182474995));
#3386=DIRECTION('',(-0.0261679842649793,-0.0261679842649793,-0.99931500198837));
#3387=DIRECTION('',(0.0261679842649793,0.0261679842649793,0.99931500198837));
#3388=DIRECTION('center_axis',(1.,0.,0.));
#3389=DIRECTION('ref_axis',(0.,-0.999657324975557,-0.0261769483078744));
#3390=DIRECTION('center_axis',(0.00872000434706605,0.00872000434706463,
-0.999923958633042));
#3391=DIRECTION('ref_axis',(-0.707053011820323,-0.70705301182032,-0.0123319484115722));
#3392=DIRECTION('center_axis',(0.,1.,0.));
#3393=DIRECTION('ref_axis',(0.,0.,-1.));
#3394=DIRECTION('center_axis',(0.,0.,1.));
#3395=DIRECTION('ref_axis',(-0.707106781186548,-0.707106781186547,0.));
#3396=DIRECTION('center_axis',(0.0261679842649793,0.0261679842649793,-0.99931500198837));
#3397=DIRECTION('ref_axis',(-0.706622414447425,-0.706622414447424,-0.0370071182474995));
#3398=DIRECTION('',(0.0261679842649793,0.0261679842649793,-0.99931500198837));
#3399=DIRECTION('',(-0.0261679842649793,-0.0261679842649793,0.99931500198837));
#3400=DIRECTION('center_axis',(0.,-1.,0.));
#3401=DIRECTION('ref_axis',(-0.697790459841677,0.,-0.716301943424658));
#3402=DIRECTION('',(0.,1.,0.));
#3403=DIRECTION('',(0.,-1.,0.));
#3404=DIRECTION('center_axis',(0.,1.,0.));
#3405=DIRECTION('ref_axis',(0.999657324975557,0.,-0.0261769483078744));
#3406=DIRECTION('center_axis',(-0.00872000434706605,0.00872000434706463,
-0.999923958633042));
#3407=DIRECTION('ref_axis',(0.707053011820323,-0.70705301182032,-0.0123319484115722));
#3408=DIRECTION('center_axis',(-1.,0.,0.));
#3409=DIRECTION('ref_axis',(0.,0.,-1.));
#3410=DIRECTION('center_axis',(0.,0.,1.));
#3411=DIRECTION('ref_axis',(0.707106781186548,-0.707106781186547,0.));
#3412=DIRECTION('center_axis',(-0.0261679842649793,0.0261679842649793,-0.99931500198837));
#3413=DIRECTION('ref_axis',(0.706622414447425,-0.706622414447424,-0.0370071182474995));
#3414=DIRECTION('',(-0.0261679842649793,0.0261679842649793,-0.99931500198837));
#3415=DIRECTION('',(0.0261679842649793,-0.0261679842649793,0.99931500198837));
#3416=DIRECTION('center_axis',(1.,0.,0.));
#3417=DIRECTION('ref_axis',(0.,-0.697790459841681,-0.716301943424653));
#3418=DIRECTION('',(-1.,0.,0.));
#3419=DIRECTION('',(1.,0.,0.));
#3420=DIRECTION('center_axis',(0.,1.,0.));
#3421=DIRECTION('ref_axis',(0.697790459841677,0.,-0.716301943424658));
#3422=DIRECTION('',(0.,-1.,0.));
#3423=DIRECTION('',(0.,1.,0.));
#3424=DIRECTION('center_axis',(-1.,0.,0.));
#3425=DIRECTION('ref_axis',(0.,0.697790459841679,-0.716301943424655));
#3426=DIRECTION('',(1.,0.,0.));
#3427=DIRECTION('',(-1.,0.,0.));
#3428=DIRECTION('center_axis',(-0.999657324975557,0.,-0.0261769483078731));
#3429=DIRECTION('ref_axis',(0.,1.,0.));
#3430=DIRECTION('center_axis',(0.,-0.999657324975557,-0.0261769483078731));
#3431=DIRECTION('ref_axis',(-1.,0.,0.));
#3432=DIRECTION('center_axis',(0.,0.,1.));
#3433=DIRECTION('ref_axis',(1.,0.,0.));
#3434=DIRECTION('center_axis',(-0.999657324975557,0.,-0.0261769483078733));
#3435=DIRECTION('ref_axis',(0.,1.,0.));
#3436=DIRECTION('',(0.,-1.,0.));
#3437=DIRECTION('center_axis',(-0.999657324975557,0.,-0.0261769483078733));
#3438=DIRECTION('ref_axis',(0.,1.,0.));
#3439=DIRECTION('',(0.0261679842649795,0.0261679842649793,-0.99931500198837));
#3440=DIRECTION('',(0.,-1.,0.));
#3441=DIRECTION('center_axis',(0.,-0.999657324975557,-0.0261769483078732));
#3442=DIRECTION('ref_axis',(-1.,0.,0.));
#3443=DIRECTION('',(1.,0.,0.));
#3444=DIRECTION('',(-0.0261679842649795,0.0261679842649793,-0.99931500198837));
#3445=DIRECTION('center_axis',(0.999657324975557,0.,-0.0261769483078733));
#3446=DIRECTION('ref_axis',(0.,-1.,0.));
#3447=DIRECTION('',(0.,1.,0.));
#3448=DIRECTION('center_axis',(0.999657324975557,0.,-0.0261769483078733));
#3449=DIRECTION('ref_axis',(0.,-1.,0.));
#3450=DIRECTION('',(0.,1.,0.));
#3451=DIRECTION('',(-0.0261679842649795,-0.0261679842649793,-0.99931500198837));
#3452=DIRECTION('center_axis',(0.,0.999657324975557,-0.0261769483078731));
#3453=DIRECTION('ref_axis',(1.,0.,0.));
#3454=DIRECTION('',(-1.,0.,0.));
#3455=DIRECTION('center_axis',(0.,0.999657324975557,-0.0261769483078732));
#3456=DIRECTION('ref_axis',(1.,0.,0.));
#3457=DIRECTION('',(-1.,0.,0.));
#3458=DIRECTION('',(0.0261679842649795,-0.0261679842649793,-0.99931500198837));
#3459=DIRECTION('center_axis',(-0.999657324975557,0.,-0.0261769483078733));
#3460=DIRECTION('ref_axis',(0.,1.,0.));
#3461=DIRECTION('',(0.,-1.,0.));
#3462=DIRECTION('center_axis',(0.,0.,1.));
#3463=DIRECTION('ref_axis',(1.,0.,0.));
#3464=DIRECTION('center_axis',(0.999657324975557,0.,-0.0261769483078731));
#3465=DIRECTION('ref_axis',(0.,-1.,0.));
#3466=DIRECTION('center_axis',(0.,0.999657324975557,-0.0261769483078731));
#3467=DIRECTION('ref_axis',(1.,0.,0.));
#3468=DIRECTION('',(0.,1.,0.));
#3469=DIRECTION('',(1.,0.,0.));
#3470=CARTESIAN_POINT('',(0.,0.,0.));
#3471=CARTESIAN_POINT('',(0.,0.,0.));
#3472=CARTESIAN_POINT('Origin',(4.48723668386523,0.62718797285288,-34.2));
#3473=CARTESIAN_POINT('',(4.90474074330284,0.62718797285288,-34.4));
#3474=CARTESIAN_POINT('',(4.48723668386523,0.62718797285288,-34.4));
#3475=CARTESIAN_POINT('',(2.24361834193261,0.62718797285288,-34.4));
#3476=CARTESIAN_POINT('',(4.90474074330284,0.62718797285288,-34.2));
#3477=CARTESIAN_POINT('',(4.90474074330284,0.62718797285288,-34.2));
#3478=CARTESIAN_POINT('',(4.48723668386523,0.62718797285288,-34.2));
#3479=CARTESIAN_POINT('',(4.90474074330284,0.62718797285288,-34.2));
#3480=CARTESIAN_POINT('',(4.48723668386523,0.62718797285288,-34.2));
#3481=CARTESIAN_POINT('Origin',(4.90474074330284,0.62718797285288,-34.2));
#3482=CARTESIAN_POINT('',(4.90474074330284,-0.914222103731503,-34.4));
#3483=CARTESIAN_POINT('',(4.90474074330284,0.31359398642644,-34.4));
#3484=CARTESIAN_POINT('',(4.90474074330284,-0.914222103731503,-34.2));
#3485=CARTESIAN_POINT('',(4.90474074330284,-0.914222103731503,-34.2));
#3486=CARTESIAN_POINT('',(4.90474074330284,-0.914222103731503,-34.2));
#3487=CARTESIAN_POINT('Origin',(4.90474074330284,-0.914222103731503,-34.2));
#3488=CARTESIAN_POINT('',(4.48723668386523,-0.914222103731503,-34.4));
#3489=CARTESIAN_POINT('',(2.45237037165142,-0.914222103731503,-34.4));
#3490=CARTESIAN_POINT('',(4.48723668386523,-0.914222103731503,-34.2));
#3491=CARTESIAN_POINT('',(4.48723668386523,-0.914222103731503,-34.2));
#3492=CARTESIAN_POINT('',(4.48723668386523,-0.914222103731503,-34.2));
#3493=CARTESIAN_POINT('Origin',(4.48723668386523,-0.914222103731503,-34.2));
#3494=CARTESIAN_POINT('',(4.48723668386523,-1.14906813716516,-34.4));
#3495=CARTESIAN_POINT('',(4.48723668386523,-0.457111051865751,-34.4));
#3496=CARTESIAN_POINT('',(4.48723668386523,-1.14906813716516,-34.2));
#3497=CARTESIAN_POINT('',(4.48723668386523,-1.14906813716516,-34.2));
#3498=CARTESIAN_POINT('',(4.48723668386523,-1.14906813716516,-34.2));
#3499=CARTESIAN_POINT('Origin',(4.48723668386523,-1.14906813716516,-34.2));
#3500=CARTESIAN_POINT('',(5.6092788436038,-1.14906813716516,-34.4));
#3501=CARTESIAN_POINT('',(2.24361834193261,-1.14906813716516,-34.4));
#3502=CARTESIAN_POINT('',(5.6092788436038,-1.14906813716516,-34.2));
#3503=CARTESIAN_POINT('',(5.6092788436038,-1.14906813716516,-34.2));
#3504=CARTESIAN_POINT('',(5.6092788436038,-1.14906813716516,-34.2));
#3505=CARTESIAN_POINT('Origin',(5.6092788436038,-1.14906813716516,-34.2));
#3506=CARTESIAN_POINT('',(5.6092788436038,-0.914222103731503,-34.4));
#3507=CARTESIAN_POINT('',(5.6092788436038,-0.574534068582579,-34.4));
#3508=CARTESIAN_POINT('',(5.6092788436038,-0.914222103731503,-34.2));
#3509=CARTESIAN_POINT('',(5.6092788436038,-0.914222103731503,-34.2));
#3510=CARTESIAN_POINT('',(5.6092788436038,-0.914222103731503,-34.2));
#3511=CARTESIAN_POINT('Origin',(5.6092788436038,-0.914222103731503,-34.2));
#3512=CARTESIAN_POINT('',(5.20109407120721,-0.914222103731503,-34.4));
#3513=CARTESIAN_POINT('',(2.8046394218019,-0.914222103731503,-34.4));
#3514=CARTESIAN_POINT('',(5.20109407120721,-0.914222103731503,-34.2));
#3515=CARTESIAN_POINT('',(5.20109407120721,-0.914222103731503,-34.2));
#3516=CARTESIAN_POINT('',(5.20109407120721,-0.914222103731503,-34.2));
#3517=CARTESIAN_POINT('Origin',(5.20109407120721,-0.914222103731503,-34.2));
#3518=CARTESIAN_POINT('',(5.20109407120721,1.15838733419091,-34.4));
#3519=CARTESIAN_POINT('',(5.20109407120721,-0.457111051865751,-34.4));
#3520=CARTESIAN_POINT('',(5.20109407120721,1.15838733419091,-34.2));
#3521=CARTESIAN_POINT('',(5.20109407120721,1.15838733419091,-34.2));
#3522=CARTESIAN_POINT('',(5.20109407120721,1.15838733419091,-34.2));
#3523=CARTESIAN_POINT('Origin',(5.20109407120721,1.15838733419091,-34.2));
#3524=CARTESIAN_POINT('',(4.96252032295715,1.15838733419091,-34.4));
#3525=CARTESIAN_POINT('',(2.6005470356036,1.15838733419091,-34.4));
#3526=CARTESIAN_POINT('',(4.96252032295715,1.15838733419091,-34.2));
#3527=CARTESIAN_POINT('',(4.96252032295715,1.15838733419091,-34.2));
#3528=CARTESIAN_POINT('',(4.96252032295715,1.15838733419091,-34.2));
#3529=CARTESIAN_POINT('Ctrl Pts',(4.48723668386523,0.837803859979888,-34.2));
#3530=CARTESIAN_POINT('Ctrl Pts',(4.48723668386523,0.837803859979888,-34.632));
#3531=CARTESIAN_POINT('Ctrl Pts',(4.72394657470709,0.837803859979888,-34.2));
#3532=CARTESIAN_POINT('Ctrl Pts',(4.72394657470709,0.837803859979888,-34.632));
#3533=CARTESIAN_POINT('Ctrl Pts',(4.94760946369152,0.972001593370547,-34.2));
#3534=CARTESIAN_POINT('Ctrl Pts',(4.94760946369152,0.972001593370547,-34.632));
#3535=CARTESIAN_POINT('Ctrl Pts',(4.96252032295715,1.15838733419091,-34.2));
#3536=CARTESIAN_POINT('Ctrl Pts',(4.96252032295715,1.15838733419091,-34.632));
#3537=CARTESIAN_POINT('',(4.48723668386523,0.837803859979888,-34.4));
#3538=CARTESIAN_POINT('Ctrl Pts',(4.48723668386523,0.837803859979888,-34.4));
#3539=CARTESIAN_POINT('Ctrl Pts',(4.72394657470709,0.837803859979888,-34.4));
#3540=CARTESIAN_POINT('Ctrl Pts',(4.94760946369152,0.972001593370547,-34.4));
#3541=CARTESIAN_POINT('Ctrl Pts',(4.96252032295715,1.15838733419091,-34.4));
#3542=CARTESIAN_POINT('',(4.48723668386523,0.837803859979888,-34.2));
#3543=CARTESIAN_POINT('',(4.48723668386523,0.837803859979888,-34.2));
#3544=CARTESIAN_POINT('Ctrl Pts',(4.48723668386523,0.837803859979888,-34.2));
#3545=CARTESIAN_POINT('Ctrl Pts',(4.72394657470709,0.837803859979888,-34.2));
#3546=CARTESIAN_POINT('Ctrl Pts',(4.94760946369152,0.972001593370547,-34.2));
#3547=CARTESIAN_POINT('Ctrl Pts',(4.96252032295715,1.15838733419091,-34.2));
#3548=CARTESIAN_POINT('Origin',(4.48723668386523,0.837803859979888,-34.2));
#3549=CARTESIAN_POINT('',(4.48723668386523,0.418901929989944,-34.4));
#3550=CARTESIAN_POINT('',(4.48723668386523,0.62718797285288,-34.2));
#3551=CARTESIAN_POINT('Origin',(5.00443301805768,-0.157379885159038,-34.2));
#3552=CARTESIAN_POINT('Origin',(0.176844283768688,-0.000182103391177697,
-34.2));
#3553=CARTESIAN_POINT('',(0.912358174930709,0.00093188369646835,-34.2));
#3554=CARTESIAN_POINT('',(0.177998356098488,-1.19752842977845,-34.2));
#3555=CARTESIAN_POINT('Ctrl Pts',(0.912358174930709,0.00093188369646835,
-34.2));
#3556=CARTESIAN_POINT('Ctrl Pts',(0.912358174930709,-0.617868775827129,
-34.2));
#3557=CARTESIAN_POINT('Ctrl Pts',(0.552633695147413,-1.19752842977845,-34.2));
#3558=CARTESIAN_POINT('Ctrl Pts',(0.177998356098488,-1.19752842977845,-34.2));
#3559=CARTESIAN_POINT('',(0.177998356098488,1.19752833976318,-34.2));
#3560=CARTESIAN_POINT('Ctrl Pts',(0.177998356098488,1.19752833976318,-34.2));
#3561=CARTESIAN_POINT('Ctrl Pts',(0.55636140996382,1.19752833976318,-34.2));
#3562=CARTESIAN_POINT('Ctrl Pts',(0.912358174930709,0.60109396913803,-34.2));
#3563=CARTESIAN_POINT('Ctrl Pts',(0.912358174930709,0.00093188369646835,
-34.2));
#3564=CARTESIAN_POINT('',(-0.558225320141937,-0.000931973711735181,-34.2));
#3565=CARTESIAN_POINT('Ctrl Pts',(-0.558225320141937,-0.000931973711735257,
-34.2));
#3566=CARTESIAN_POINT('Ctrl Pts',(-0.558225320141937,0.621596400628269,
-34.2));
#3567=CARTESIAN_POINT('Ctrl Pts',(-0.198500840358641,1.19752833976318,-34.2));
#3568=CARTESIAN_POINT('Ctrl Pts',(0.177998356098488,1.19752833976318,-34.2));
#3569=CARTESIAN_POINT('Ctrl Pts',(0.177998356098488,-1.19752842977845,-34.2));
#3570=CARTESIAN_POINT('Ctrl Pts',(-0.202228555175048,-1.19752842977845,
-34.2));
#3571=CARTESIAN_POINT('Ctrl Pts',(-0.558225320141937,-0.606685631377908,
-34.2));
#3572=CARTESIAN_POINT('Ctrl Pts',(-0.558225320141937,-0.000931973711735257,
-34.2));
#3573=CARTESIAN_POINT('',(0.51535654698334,0.703606126589228,-34.2));
#3574=CARTESIAN_POINT('',(0.599230130352503,0.000931883696468376,-34.2));
#3575=CARTESIAN_POINT('Ctrl Pts',(0.51535654698334,0.703606126589228,-34.2));
#3576=CARTESIAN_POINT('Ctrl Pts',(0.561952982188431,0.586183109872401,-34.2));
#3577=CARTESIAN_POINT('Ctrl Pts',(0.599230130352503,0.237641774538326,-34.2));
#3578=CARTESIAN_POINT('Ctrl Pts',(0.599230130352503,0.00093188369646835,
-34.2));
#3579=CARTESIAN_POINT('',(0.517220404391544,-0.699878501788088,-34.2));
#3580=CARTESIAN_POINT('Ctrl Pts',(0.599230130352503,0.00093188369646835,
-34.2));
#3581=CARTESIAN_POINT('Ctrl Pts',(0.599230130352503,-0.23577800714539,-34.2));
#3582=CARTESIAN_POINT('Ctrl Pts',(0.561952982188431,-0.586183199887668,
-34.2));
#3583=CARTESIAN_POINT('Ctrl Pts',(0.517220404391544,-0.699878501788088,
-34.2));
#3584=CARTESIAN_POINT('',(0.177998356098488,-0.942179964854557,-34.2));
#3585=CARTESIAN_POINT('Ctrl Pts',(0.517220404391544,-0.699878501788088,
-34.2));
#3586=CARTESIAN_POINT('Ctrl Pts',(0.470623969186454,-0.821029233321322,
-34.2));
#3587=CARTESIAN_POINT('Ctrl Pts',(0.304740659856333,-0.942179964854557,
-34.2));
#3588=CARTESIAN_POINT('Ctrl Pts',(0.177998356098488,-0.942179964854557,
-34.2));
#3589=CARTESIAN_POINT('',(-0.16681526441918,-0.694286929563477,-34.2));
#3590=CARTESIAN_POINT('Ctrl Pts',(0.177998356098488,-0.942179964854557,
-34.2));
#3591=CARTESIAN_POINT('Ctrl Pts',(0.0438006227078278,-0.942179964854557,
-34.2));
#3592=CARTESIAN_POINT('Ctrl Pts',(-0.122082686622293,-0.813573803688508,
-34.2));
#3593=CARTESIAN_POINT('Ctrl Pts',(-0.16681526441918,-0.694286929563477,
-34.2));
#3594=CARTESIAN_POINT('',(-0.245097275563731,-0.00093197371173529,-34.2));
#3595=CARTESIAN_POINT('Ctrl Pts',(-0.16681526441918,-0.694286929563477,
-34.2));
#3596=CARTESIAN_POINT('Ctrl Pts',(-0.215275557032474,-0.567544625805632,
-34.2));
#3597=CARTESIAN_POINT('Ctrl Pts',(-0.245097275563731,-0.243233436778204,
-34.2));
#3598=CARTESIAN_POINT('Ctrl Pts',(-0.245097275563731,-0.000931973711735257,
-34.2));
#3599=CARTESIAN_POINT('',(-0.164951407010976,0.699878411772821,-34.2));
#3600=CARTESIAN_POINT('Ctrl Pts',(-0.245097275563731,-0.000931973711735257,
-34.2));
#3601=CARTESIAN_POINT('Ctrl Pts',(-0.245097275563731,0.224594772680901,
-34.2));
#3602=CARTESIAN_POINT('Ctrl Pts',(-0.211547842216066,0.582455395055994,
-34.2));
#3603=CARTESIAN_POINT('Ctrl Pts',(-0.164951407010976,0.699878411772821,
-34.2));
#3604=CARTESIAN_POINT('',(0.177998356098488,0.94217987483929,-34.2));
#3605=CARTESIAN_POINT('Ctrl Pts',(-0.164951407010976,0.699878411772821,
-34.2));
#3606=CARTESIAN_POINT('Ctrl Pts',(-0.116491114397682,0.821029143306055,
-34.2));
#3607=CARTESIAN_POINT('Ctrl Pts',(0.0493921949324386,0.94217987483929,-34.2));
#3608=CARTESIAN_POINT('Ctrl Pts',(0.177998356098488,0.94217987483929,-34.2));
#3609=CARTESIAN_POINT('Ctrl Pts',(0.177998356098488,0.94217987483929,-34.2));
#3610=CARTESIAN_POINT('Ctrl Pts',(0.306604517264536,0.94217987483929,-34.2));
#3611=CARTESIAN_POINT('Ctrl Pts',(0.46876011177825,0.821029143306055,-34.2));
#3612=CARTESIAN_POINT('Ctrl Pts',(0.51535654698334,0.703606126589228,-34.2));
#3613=CARTESIAN_POINT('Ctrl Pts',(0.177998356098488,-1.19752842977845,-34.2));
#3614=CARTESIAN_POINT('Ctrl Pts',(0.177998356098488,-1.19752842977845,-34.632));
#3615=CARTESIAN_POINT('Ctrl Pts',(-0.202228555175048,-1.19752842977845,
-34.2));
#3616=CARTESIAN_POINT('Ctrl Pts',(-0.202228555175048,-1.19752842977845,
-34.632));
#3617=CARTESIAN_POINT('Ctrl Pts',(-0.558225320141937,-0.606685631377908,
-34.2));
#3618=CARTESIAN_POINT('Ctrl Pts',(-0.558225320141937,-0.606685631377908,
-34.632));
#3619=CARTESIAN_POINT('Ctrl Pts',(-0.558225320141937,-0.000931973711735257,
-34.2));
#3620=CARTESIAN_POINT('Ctrl Pts',(-0.558225320141937,-0.000931973711735257,
-34.632));
#3621=CARTESIAN_POINT('',(0.177998356098488,-1.19752842977845,-34.4));
#3622=CARTESIAN_POINT('',(-0.558225320141937,-0.000931973711735181,-34.4));
#3623=CARTESIAN_POINT('Ctrl Pts',(0.177998356098488,-1.19752842977845,-34.4));
#3624=CARTESIAN_POINT('Ctrl Pts',(-0.202228555175048,-1.19752842977845,
-34.4));
#3625=CARTESIAN_POINT('Ctrl Pts',(-0.558225320141937,-0.606685631377908,
-34.4));
#3626=CARTESIAN_POINT('Ctrl Pts',(-0.558225320141937,-0.000931973711735257,
-34.4));
#3627=CARTESIAN_POINT('',(0.177998356098488,-1.19752842977845,-34.2));
#3628=CARTESIAN_POINT('',(-0.558225320141937,-0.000931973711735181,-34.2));
#3629=CARTESIAN_POINT('Ctrl Pts',(-0.558225320141937,-0.000931973711735257,
-34.2));
#3630=CARTESIAN_POINT('Ctrl Pts',(-0.558225320141937,-0.000931973711735257,
-34.632));
#3631=CARTESIAN_POINT('Ctrl Pts',(-0.558225320141937,0.621596400628269,
-34.2));
#3632=CARTESIAN_POINT('Ctrl Pts',(-0.558225320141937,0.621596400628269,
-34.632));
#3633=CARTESIAN_POINT('Ctrl Pts',(-0.198500840358641,1.19752833976318,-34.2));
#3634=CARTESIAN_POINT('Ctrl Pts',(-0.198500840358641,1.19752833976318,-34.632));
#3635=CARTESIAN_POINT('Ctrl Pts',(0.177998356098488,1.19752833976318,-34.2));
#3636=CARTESIAN_POINT('Ctrl Pts',(0.177998356098488,1.19752833976318,-34.632));
#3637=CARTESIAN_POINT('',(0.177998356098488,1.19752833976318,-34.4));
#3638=CARTESIAN_POINT('Ctrl Pts',(-0.558225320141937,-0.000931973711735257,
-34.4));
#3639=CARTESIAN_POINT('Ctrl Pts',(-0.558225320141937,0.621596400628269,
-34.4));
#3640=CARTESIAN_POINT('Ctrl Pts',(-0.198500840358641,1.19752833976318,-34.4));
#3641=CARTESIAN_POINT('Ctrl Pts',(0.177998356098488,1.19752833976318,-34.4));
#3642=CARTESIAN_POINT('',(0.177998356098488,1.19752833976318,-34.2));
#3643=CARTESIAN_POINT('Ctrl Pts',(0.599230130352503,0.00093188369646835,
-34.2));
#3644=CARTESIAN_POINT('Ctrl Pts',(0.599230130352503,0.00093188369646835,
-34.632));
#3645=CARTESIAN_POINT('Ctrl Pts',(0.599230130352503,-0.23577800714539,-34.2));
#3646=CARTESIAN_POINT('Ctrl Pts',(0.599230130352503,-0.23577800714539,-34.632));
#3647=CARTESIAN_POINT('Ctrl Pts',(0.561952982188431,-0.586183199887668,
-34.2));
#3648=CARTESIAN_POINT('Ctrl Pts',(0.561952982188431,-0.586183199887668,
-34.632));
#3649=CARTESIAN_POINT('Ctrl Pts',(0.517220404391544,-0.699878501788088,
-34.2));
#3650=CARTESIAN_POINT('Ctrl Pts',(0.517220404391544,-0.699878501788088,
-34.632));
#3651=CARTESIAN_POINT('',(0.517220404391544,-0.699878501788088,-34.4));
#3652=CARTESIAN_POINT('',(0.599230130352503,0.000931883696468376,-34.4));
#3653=CARTESIAN_POINT('Ctrl Pts',(0.517220404391544,-0.699878501788088,
-34.4));
#3654=CARTESIAN_POINT('Ctrl Pts',(0.561952982188431,-0.586183199887668,
-34.4));
#3655=CARTESIAN_POINT('Ctrl Pts',(0.599230130352503,-0.23577800714539,-34.4));
#3656=CARTESIAN_POINT('Ctrl Pts',(0.599230130352503,0.00093188369646835,
-34.4));
#3657=CARTESIAN_POINT('',(0.517220404391544,-0.699878501788088,-34.2));
#3658=CARTESIAN_POINT('',(0.599230130352503,0.000931883696468376,-34.2));
#3659=CARTESIAN_POINT('Ctrl Pts',(0.517220404391544,-0.699878501788088,
-34.2));
#3660=CARTESIAN_POINT('Ctrl Pts',(0.517220404391544,-0.699878501788088,
-34.632));
#3661=CARTESIAN_POINT('Ctrl Pts',(0.470623969186454,-0.821029233321322,
-34.2));
#3662=CARTESIAN_POINT('Ctrl Pts',(0.470623969186454,-0.821029233321322,
-34.632));
#3663=CARTESIAN_POINT('Ctrl Pts',(0.304740659856333,-0.942179964854557,
-34.2));
#3664=CARTESIAN_POINT('Ctrl Pts',(0.304740659856333,-0.942179964854557,
-34.632));
#3665=CARTESIAN_POINT('Ctrl Pts',(0.177998356098488,-0.942179964854557,
-34.2));
#3666=CARTESIAN_POINT('Ctrl Pts',(0.177998356098488,-0.942179964854557,
-34.632));
#3667=CARTESIAN_POINT('',(0.177998356098488,-0.942179964854557,-34.4));
#3668=CARTESIAN_POINT('Ctrl Pts',(0.177998356098488,-0.942179964854557,
-34.4));
#3669=CARTESIAN_POINT('Ctrl Pts',(0.304740659856333,-0.942179964854557,
-34.4));
#3670=CARTESIAN_POINT('Ctrl Pts',(0.470623969186454,-0.821029233321322,
-34.4));
#3671=CARTESIAN_POINT('Ctrl Pts',(0.517220404391544,-0.699878501788088,
-34.4));
#3672=CARTESIAN_POINT('',(0.177998356098488,-0.942179964854557,-34.2));
#3673=CARTESIAN_POINT('Ctrl Pts',(0.177998356098488,-0.942179964854557,
-34.2));
#3674=CARTESIAN_POINT('Ctrl Pts',(0.177998356098488,-0.942179964854557,
-34.632));
#3675=CARTESIAN_POINT('Ctrl Pts',(0.0438006227078278,-0.942179964854557,
-34.2));
#3676=CARTESIAN_POINT('Ctrl Pts',(0.0438006227078278,-0.942179964854557,
-34.632));
#3677=CARTESIAN_POINT('Ctrl Pts',(-0.122082686622293,-0.813573803688508,
-34.2));
#3678=CARTESIAN_POINT('Ctrl Pts',(-0.122082686622293,-0.813573803688508,
-34.632));
#3679=CARTESIAN_POINT('Ctrl Pts',(-0.16681526441918,-0.694286929563477,
-34.2));
#3680=CARTESIAN_POINT('Ctrl Pts',(-0.16681526441918,-0.694286929563477,
-34.632));
#3681=CARTESIAN_POINT('',(-0.16681526441918,-0.694286929563477,-34.4));
#3682=CARTESIAN_POINT('Ctrl Pts',(-0.16681526441918,-0.694286929563477,
-34.4));
#3683=CARTESIAN_POINT('Ctrl Pts',(-0.122082686622293,-0.813573803688508,
-34.4));
#3684=CARTESIAN_POINT('Ctrl Pts',(0.0438006227078278,-0.942179964854557,
-34.4));
#3685=CARTESIAN_POINT('Ctrl Pts',(0.177998356098488,-0.942179964854557,
-34.4));
#3686=CARTESIAN_POINT('',(-0.16681526441918,-0.694286929563477,-34.2));
#3687=CARTESIAN_POINT('Ctrl Pts',(-0.16681526441918,-0.694286929563477,
-34.2));
#3688=CARTESIAN_POINT('Ctrl Pts',(-0.16681526441918,-0.694286929563477,
-34.632));
#3689=CARTESIAN_POINT('Ctrl Pts',(-0.215275557032474,-0.567544625805632,
-34.2));
#3690=CARTESIAN_POINT('Ctrl Pts',(-0.215275557032474,-0.567544625805632,
-34.632));
#3691=CARTESIAN_POINT('Ctrl Pts',(-0.245097275563731,-0.243233436778204,
-34.2));
#3692=CARTESIAN_POINT('Ctrl Pts',(-0.245097275563731,-0.243233436778204,
-34.632));
#3693=CARTESIAN_POINT('Ctrl Pts',(-0.245097275563731,-0.000931973711735257,
-34.2));
#3694=CARTESIAN_POINT('Ctrl Pts',(-0.245097275563731,-0.000931973711735257,
-34.632));
#3695=CARTESIAN_POINT('',(-0.245097275563731,-0.00093197371173529,-34.4));
#3696=CARTESIAN_POINT('Ctrl Pts',(-0.245097275563731,-0.000931973711735257,
-34.4));
#3697=CARTESIAN_POINT('Ctrl Pts',(-0.245097275563731,-0.243233436778204,
-34.4));
#3698=CARTESIAN_POINT('Ctrl Pts',(-0.215275557032474,-0.567544625805632,
-34.4));
#3699=CARTESIAN_POINT('Ctrl Pts',(-0.16681526441918,-0.694286929563477,
-34.4));
#3700=CARTESIAN_POINT('',(-0.245097275563731,-0.00093197371173529,-34.2));
#3701=CARTESIAN_POINT('Ctrl Pts',(0.177998356098488,1.19752833976318,-34.2));
#3702=CARTESIAN_POINT('Ctrl Pts',(0.177998356098488,1.19752833976318,-34.632));
#3703=CARTESIAN_POINT('Ctrl Pts',(0.55636140996382,1.19752833976318,-34.2));
#3704=CARTESIAN_POINT('Ctrl Pts',(0.55636140996382,1.19752833976318,-34.632));
#3705=CARTESIAN_POINT('Ctrl Pts',(0.912358174930709,0.60109396913803,-34.2));
#3706=CARTESIAN_POINT('Ctrl Pts',(0.912358174930709,0.60109396913803,-34.632));
#3707=CARTESIAN_POINT('Ctrl Pts',(0.912358174930709,0.00093188369646835,
-34.2));
#3708=CARTESIAN_POINT('Ctrl Pts',(0.912358174930709,0.00093188369646835,
-34.632));
#3709=CARTESIAN_POINT('',(0.912358174930709,0.00093188369646835,-34.4));
#3710=CARTESIAN_POINT('Ctrl Pts',(0.177998356098488,1.19752833976318,-34.4));
#3711=CARTESIAN_POINT('Ctrl Pts',(0.55636140996382,1.19752833976318,-34.4));
#3712=CARTESIAN_POINT('Ctrl Pts',(0.912358174930709,0.60109396913803,-34.4));
#3713=CARTESIAN_POINT('Ctrl Pts',(0.912358174930709,0.00093188369646835,
-34.4));
#3714=CARTESIAN_POINT('',(0.912358174930709,0.00093188369646835,-34.2));
#3715=CARTESIAN_POINT('Ctrl Pts',(0.912358174930709,0.00093188369646835,
-34.2));
#3716=CARTESIAN_POINT('Ctrl Pts',(0.912358174930709,0.00093188369646835,
-34.632));
#3717=CARTESIAN_POINT('Ctrl Pts',(0.912358174930709,-0.617868775827129,
-34.2));
#3718=CARTESIAN_POINT('Ctrl Pts',(0.912358174930709,-0.617868775827129,
-34.632));
#3719=CARTESIAN_POINT('Ctrl Pts',(0.552633695147413,-1.19752842977845,-34.2));
#3720=CARTESIAN_POINT('Ctrl Pts',(0.552633695147413,-1.19752842977845,-34.632));
#3721=CARTESIAN_POINT('Ctrl Pts',(0.177998356098488,-1.19752842977845,-34.2));
#3722=CARTESIAN_POINT('Ctrl Pts',(0.177998356098488,-1.19752842977845,-34.632));
#3723=CARTESIAN_POINT('Ctrl Pts',(0.912358174930709,0.00093188369646835,
-34.4));
#3724=CARTESIAN_POINT('Ctrl Pts',(0.912358174930709,-0.617868775827129,
-34.4));
#3725=CARTESIAN_POINT('Ctrl Pts',(0.552633695147413,-1.19752842977845,-34.4));
#3726=CARTESIAN_POINT('Ctrl Pts',(0.177998356098488,-1.19752842977845,-34.4));
#3727=CARTESIAN_POINT('Ctrl Pts',(0.51535654698334,0.703606126589228,-34.2));
#3728=CARTESIAN_POINT('Ctrl Pts',(0.51535654698334,0.703606126589228,-34.632));
#3729=CARTESIAN_POINT('Ctrl Pts',(0.561952982188431,0.586183109872401,-34.2));
#3730=CARTESIAN_POINT('Ctrl Pts',(0.561952982188431,0.586183109872401,-34.632));
#3731=CARTESIAN_POINT('Ctrl Pts',(0.599230130352503,0.237641774538326,-34.2));
#3732=CARTESIAN_POINT('Ctrl Pts',(0.599230130352503,0.237641774538326,-34.632));
#3733=CARTESIAN_POINT('Ctrl Pts',(0.599230130352503,0.00093188369646835,
-34.2));
#3734=CARTESIAN_POINT('Ctrl Pts',(0.599230130352503,0.00093188369646835,
-34.632));
#3735=CARTESIAN_POINT('',(0.51535654698334,0.703606126589228,-34.4));
#3736=CARTESIAN_POINT('Ctrl Pts',(0.599230130352503,0.00093188369646835,
-34.4));
#3737=CARTESIAN_POINT('Ctrl Pts',(0.599230130352503,0.237641774538326,-34.4));
#3738=CARTESIAN_POINT('Ctrl Pts',(0.561952982188431,0.586183109872401,-34.4));
#3739=CARTESIAN_POINT('Ctrl Pts',(0.51535654698334,0.703606126589228,-34.4));
#3740=CARTESIAN_POINT('',(0.51535654698334,0.703606126589228,-34.2));
#3741=CARTESIAN_POINT('Ctrl Pts',(0.177998356098488,0.94217987483929,-34.2));
#3742=CARTESIAN_POINT('Ctrl Pts',(0.177998356098488,0.94217987483929,-34.632));
#3743=CARTESIAN_POINT('Ctrl Pts',(0.306604517264536,0.94217987483929,-34.2));
#3744=CARTESIAN_POINT('Ctrl Pts',(0.306604517264536,0.94217987483929,-34.632));
#3745=CARTESIAN_POINT('Ctrl Pts',(0.46876011177825,0.821029143306055,-34.2));
#3746=CARTESIAN_POINT('Ctrl Pts',(0.46876011177825,0.821029143306055,-34.632));
#3747=CARTESIAN_POINT('Ctrl Pts',(0.51535654698334,0.703606126589228,-34.2));
#3748=CARTESIAN_POINT('Ctrl Pts',(0.51535654698334,0.703606126589228,-34.632));
#3749=CARTESIAN_POINT('',(0.177998356098488,0.94217987483929,-34.4));
#3750=CARTESIAN_POINT('Ctrl Pts',(0.51535654698334,0.703606126589228,-34.4));
#3751=CARTESIAN_POINT('Ctrl Pts',(0.46876011177825,0.821029143306055,-34.4));
#3752=CARTESIAN_POINT('Ctrl Pts',(0.306604517264536,0.94217987483929,-34.4));
#3753=CARTESIAN_POINT('Ctrl Pts',(0.177998356098488,0.94217987483929,-34.4));
#3754=CARTESIAN_POINT('',(0.177998356098488,0.94217987483929,-34.2));
#3755=CARTESIAN_POINT('Ctrl Pts',(-0.164951407010976,0.699878411772821,
-34.2));
#3756=CARTESIAN_POINT('Ctrl Pts',(-0.164951407010976,0.699878411772821,
-34.632));
#3757=CARTESIAN_POINT('Ctrl Pts',(-0.116491114397682,0.821029143306055,
-34.2));
#3758=CARTESIAN_POINT('Ctrl Pts',(-0.116491114397682,0.821029143306055,
-34.632));
#3759=CARTESIAN_POINT('Ctrl Pts',(0.0493921949324386,0.94217987483929,-34.2));
#3760=CARTESIAN_POINT('Ctrl Pts',(0.0493921949324386,0.94217987483929,-34.632));
#3761=CARTESIAN_POINT('Ctrl Pts',(0.177998356098488,0.94217987483929,-34.2));
#3762=CARTESIAN_POINT('Ctrl Pts',(0.177998356098488,0.94217987483929,-34.632));
#3763=CARTESIAN_POINT('',(-0.164951407010976,0.699878411772821,-34.4));
#3764=CARTESIAN_POINT('Ctrl Pts',(0.177998356098488,0.94217987483929,-34.4));
#3765=CARTESIAN_POINT('Ctrl Pts',(0.0493921949324386,0.94217987483929,-34.4));
#3766=CARTESIAN_POINT('Ctrl Pts',(-0.116491114397682,0.821029143306055,
-34.4));
#3767=CARTESIAN_POINT('Ctrl Pts',(-0.164951407010976,0.699878411772821,
-34.4));
#3768=CARTESIAN_POINT('',(-0.164951407010976,0.699878411772821,-34.2));
#3769=CARTESIAN_POINT('Ctrl Pts',(-0.245097275563731,-0.000931973711735257,
-34.2));
#3770=CARTESIAN_POINT('Ctrl Pts',(-0.245097275563731,-0.000931973711735257,
-34.632));
#3771=CARTESIAN_POINT('Ctrl Pts',(-0.245097275563731,0.224594772680901,
-34.2));
#3772=CARTESIAN_POINT('Ctrl Pts',(-0.245097275563731,0.224594772680901,
-34.632));
#3773=CARTESIAN_POINT('Ctrl Pts',(-0.211547842216066,0.582455395055994,
-34.2));
#3774=CARTESIAN_POINT('Ctrl Pts',(-0.211547842216066,0.582455395055994,
-34.632));
#3775=CARTESIAN_POINT('Ctrl Pts',(-0.164951407010976,0.699878411772821,
-34.2));
#3776=CARTESIAN_POINT('Ctrl Pts',(-0.164951407010976,0.699878411772821,
-34.632));
#3777=CARTESIAN_POINT('Ctrl Pts',(-0.164951407010976,0.699878411772821,
-34.4));
#3778=CARTESIAN_POINT('Ctrl Pts',(-0.211547842216066,0.582455395055994,
-34.4));
#3779=CARTESIAN_POINT('Ctrl Pts',(-0.245097275563731,0.224594772680901,
-34.4));
#3780=CARTESIAN_POINT('Ctrl Pts',(-0.245097275563731,-0.000931973711735257,
-34.4));
#3781=CARTESIAN_POINT('Origin',(-5.51608602596353,0.62718797285288,-34.2));
#3782=CARTESIAN_POINT('',(-5.09858196652592,0.62718797285288,-34.4));
#3783=CARTESIAN_POINT('',(-5.51608602596353,0.62718797285288,-34.4));
#3784=CARTESIAN_POINT('',(-2.75804301298177,0.62718797285288,-34.4));
#3785=CARTESIAN_POINT('',(-5.09858196652592,0.62718797285288,-34.2));
#3786=CARTESIAN_POINT('',(-5.09858196652592,0.62718797285288,-34.2));
#3787=CARTESIAN_POINT('',(-5.51608602596353,0.62718797285288,-34.2));
#3788=CARTESIAN_POINT('',(-5.09858196652592,0.62718797285288,-34.2));
#3789=CARTESIAN_POINT('',(-5.51608602596353,0.62718797285288,-34.2));
#3790=CARTESIAN_POINT('Origin',(-5.09858196652592,0.62718797285288,-34.2));
#3791=CARTESIAN_POINT('',(-5.09858196652592,-0.914222103731503,-34.4));
#3792=CARTESIAN_POINT('',(-5.09858196652592,0.31359398642644,-34.4));
#3793=CARTESIAN_POINT('',(-5.09858196652592,-0.914222103731503,-34.2));
#3794=CARTESIAN_POINT('',(-5.09858196652592,-0.914222103731503,-34.2));
#3795=CARTESIAN_POINT('',(-5.09858196652592,-0.914222103731503,-34.2));
#3796=CARTESIAN_POINT('Origin',(-5.09858196652592,-0.914222103731503,-34.2));
#3797=CARTESIAN_POINT('',(-5.51608602596353,-0.914222103731503,-34.4));
#3798=CARTESIAN_POINT('',(-2.54929098326296,-0.914222103731503,-34.4));
#3799=CARTESIAN_POINT('',(-5.51608602596353,-0.914222103731503,-34.2));
#3800=CARTESIAN_POINT('',(-5.51608602596353,-0.914222103731503,-34.2));
#3801=CARTESIAN_POINT('',(-5.51608602596353,-0.914222103731503,-34.2));
#3802=CARTESIAN_POINT('Origin',(-5.51608602596353,-0.914222103731503,-34.2));
#3803=CARTESIAN_POINT('',(-5.51608602596353,-1.14906813716516,-34.4));
#3804=CARTESIAN_POINT('',(-5.51608602596353,-0.457111051865751,-34.4));
#3805=CARTESIAN_POINT('',(-5.51608602596353,-1.14906813716516,-34.2));
#3806=CARTESIAN_POINT('',(-5.51608602596353,-1.14906813716516,-34.2));
#3807=CARTESIAN_POINT('',(-5.51608602596353,-1.14906813716516,-34.2));
#3808=CARTESIAN_POINT('Origin',(-5.51608602596353,-1.14906813716516,-34.2));
#3809=CARTESIAN_POINT('',(-4.39404386622496,-1.14906813716516,-34.4));
#3810=CARTESIAN_POINT('',(-2.75804301298177,-1.14906813716516,-34.4));
#3811=CARTESIAN_POINT('',(-4.39404386622496,-1.14906813716516,-34.2));
#3812=CARTESIAN_POINT('',(-4.39404386622496,-1.14906813716516,-34.2));
#3813=CARTESIAN_POINT('',(-4.39404386622496,-1.14906813716516,-34.2));
#3814=CARTESIAN_POINT('Origin',(-4.39404386622496,-1.14906813716516,-34.2));
#3815=CARTESIAN_POINT('',(-4.39404386622496,-0.914222103731503,-34.4));
#3816=CARTESIAN_POINT('',(-4.39404386622496,-0.574534068582579,-34.4));
#3817=CARTESIAN_POINT('',(-4.39404386622496,-0.914222103731503,-34.2));
#3818=CARTESIAN_POINT('',(-4.39404386622496,-0.914222103731503,-34.2));
#3819=CARTESIAN_POINT('',(-4.39404386622496,-0.914222103731503,-34.2));
#3820=CARTESIAN_POINT('Origin',(-4.39404386622496,-0.914222103731503,-34.2));
#3821=CARTESIAN_POINT('',(-4.80222863862155,-0.914222103731503,-34.4));
#3822=CARTESIAN_POINT('',(-2.19702193311248,-0.914222103731503,-34.4));
#3823=CARTESIAN_POINT('',(-4.80222863862155,-0.914222103731503,-34.2));
#3824=CARTESIAN_POINT('',(-4.80222863862155,-0.914222103731503,-34.2));
#3825=CARTESIAN_POINT('',(-4.80222863862155,-0.914222103731503,-34.2));
#3826=CARTESIAN_POINT('Origin',(-4.80222863862155,-0.914222103731503,-34.2));
#3827=CARTESIAN_POINT('',(-4.80222863862155,1.15838733419091,-34.4));
#3828=CARTESIAN_POINT('',(-4.80222863862155,-0.457111051865751,-34.4));
#3829=CARTESIAN_POINT('',(-4.80222863862155,1.15838733419091,-34.2));
#3830=CARTESIAN_POINT('',(-4.80222863862155,1.15838733419091,-34.2));
#3831=CARTESIAN_POINT('',(-4.80222863862155,1.15838733419091,-34.2));
#3832=CARTESIAN_POINT('Origin',(-4.80222863862155,1.15838733419091,-34.2));
#3833=CARTESIAN_POINT('',(-5.04080238687161,1.15838733419091,-34.4));
#3834=CARTESIAN_POINT('',(-2.40111431931078,1.15838733419091,-34.4));
#3835=CARTESIAN_POINT('',(-5.04080238687161,1.15838733419091,-34.2));
#3836=CARTESIAN_POINT('',(-5.04080238687161,1.15838733419091,-34.2));
#3837=CARTESIAN_POINT('',(-5.04080238687161,1.15838733419091,-34.2));
#3838=CARTESIAN_POINT('Ctrl Pts',(-5.51608602596353,0.837803859979888,-34.2));
#3839=CARTESIAN_POINT('Ctrl Pts',(-5.51608602596353,0.837803859979888,-34.632));
#3840=CARTESIAN_POINT('Ctrl Pts',(-5.27937613512167,0.837803859979888,-34.2));
#3841=CARTESIAN_POINT('Ctrl Pts',(-5.27937613512167,0.837803859979888,-34.632));
#3842=CARTESIAN_POINT('Ctrl Pts',(-5.05571324613724,0.972001593370547,-34.2));
#3843=CARTESIAN_POINT('Ctrl Pts',(-5.05571324613724,0.972001593370547,-34.632));
#3844=CARTESIAN_POINT('Ctrl Pts',(-5.04080238687161,1.15838733419091,-34.2));
#3845=CARTESIAN_POINT('Ctrl Pts',(-5.04080238687161,1.15838733419091,-34.632));
#3846=CARTESIAN_POINT('',(-5.51608602596353,0.837803859979888,-34.4));
#3847=CARTESIAN_POINT('Ctrl Pts',(-5.51608602596353,0.837803859979888,-34.4));
#3848=CARTESIAN_POINT('Ctrl Pts',(-5.27937613512167,0.837803859979888,-34.4));
#3849=CARTESIAN_POINT('Ctrl Pts',(-5.05571324613724,0.972001593370547,-34.4));
#3850=CARTESIAN_POINT('Ctrl Pts',(-5.04080238687161,1.15838733419091,-34.4));
#3851=CARTESIAN_POINT('',(-5.51608602596353,0.837803859979888,-34.2));
#3852=CARTESIAN_POINT('',(-5.51608602596353,0.837803859979888,-34.2));
#3853=CARTESIAN_POINT('Ctrl Pts',(-5.51608602596353,0.837803859979888,-34.2));
#3854=CARTESIAN_POINT('Ctrl Pts',(-5.27937613512167,0.837803859979888,-34.2));
#3855=CARTESIAN_POINT('Ctrl Pts',(-5.05571324613724,0.972001593370547,-34.2));
#3856=CARTESIAN_POINT('Ctrl Pts',(-5.04080238687161,1.15838733419091,-34.2));
#3857=CARTESIAN_POINT('Origin',(-5.51608602596353,0.837803859979888,-34.2));
#3858=CARTESIAN_POINT('',(-5.51608602596353,0.418901929989944,-34.4));
#3859=CARTESIAN_POINT('',(-5.51608602596353,0.62718797285288,-34.2));
#3860=CARTESIAN_POINT('Origin',(-4.99888969177108,-0.157379885159037,-34.2));
#3861=CARTESIAN_POINT('Origin',(-3.26955878860366,0.033938910658331,-34.2));
#3862=CARTESIAN_POINT('',(-2.57678289322644,-0.418436033149343,-34.2));
#3863=CARTESIAN_POINT('',(-2.77994335072064,-0.972001683385815,-34.2));
#3864=CARTESIAN_POINT('Ctrl Pts',(-2.57678289322644,-0.418436033149343,
-34.2));
#3865=CARTESIAN_POINT('Ctrl Pts',(-2.57678289322644,-0.584319342479464,
-34.2));
#3866=CARTESIAN_POINT('Ctrl Pts',(-2.68302276549405,-0.867625668526413,
-34.2));
#3867=CARTESIAN_POINT('Ctrl Pts',(-2.77994335072064,-0.972001683385815,
-34.2));
#3868=CARTESIAN_POINT('',(-2.8134927840683,0.136993474495332,-34.2));
#3869=CARTESIAN_POINT('Ctrl Pts',(-2.8134927840683,0.136993474495332,-34.2));
#3870=CARTESIAN_POINT('Ctrl Pts',(-2.69979748216788,0.0512560337179657,
-34.2));
#3871=CARTESIAN_POINT('Ctrl Pts',(-2.57678289322644,-0.209684003430539,
-34.2));
#3872=CARTESIAN_POINT('Ctrl Pts',(-2.57678289322644,-0.418436033149343,
-34.2));
#3873=CARTESIAN_POINT('',(-3.34655600281453,0.280510494927009,-34.2));
#3874=CARTESIAN_POINT('Ctrl Pts',(-3.34655600281453,0.280510494927009,-34.2));
#3875=CARTESIAN_POINT('Ctrl Pts',(-3.16948954903519,0.280510494927009,-34.2));
#3876=CARTESIAN_POINT('Ctrl Pts',(-2.92532422856052,0.222730915272698,-34.2));
#3877=CARTESIAN_POINT('Ctrl Pts',(-2.8134927840683,0.136993474495332,-34.2));
#3878=CARTESIAN_POINT('',(-3.55530803253334,0.267463493069584,-34.2));
#3879=CARTESIAN_POINT('Ctrl Pts',(-3.55530803253334,0.267463493069584,-34.2));
#3880=CARTESIAN_POINT('Ctrl Pts',(-3.49939231028723,0.274918922702398,-34.2));
#3881=CARTESIAN_POINT('Ctrl Pts',(-3.39128858061142,0.280510494927009,-34.2));
#3882=CARTESIAN_POINT('Ctrl Pts',(-3.34655600281453,0.280510494927009,-34.2));
#3883=CARTESIAN_POINT('',(-3.55530803253334,0.880672580368571,-34.2));
#3884=CARTESIAN_POINT('',(-3.55530803253334,0.880672580368571,-34.2));
#3885=CARTESIAN_POINT('',(-2.58982989508387,0.880672580368571,-34.2));
#3886=CARTESIAN_POINT('',(-2.58982989508387,0.880672580368571,-34.2));
#3887=CARTESIAN_POINT('',(-2.58982989508387,1.15093190455809,-34.2));
#3888=CARTESIAN_POINT('',(-2.58982989508387,1.15093190455809,-34.2));
#3889=CARTESIAN_POINT('',(-3.85166136043771,1.15093190455809,-34.2));
#3890=CARTESIAN_POINT('',(-3.85166136043771,1.15093190455809,-34.2));
#3891=CARTESIAN_POINT('',(-3.85166136043771,-0.0344814070594002,-34.2));
#3892=CARTESIAN_POINT('',(-3.85166136043771,-0.0344814070594002,-34.2));
#3893=CARTESIAN_POINT('',(-3.39688015283603,0.021434315186708,-34.2));
#3894=CARTESIAN_POINT('Ctrl Pts',(-3.39688015283603,0.021434315186708,-34.2));
#3895=CARTESIAN_POINT('Ctrl Pts',(-3.52362245659388,0.021434315186708,-34.2));
#3896=CARTESIAN_POINT('Ctrl Pts',(-3.77524320670136,-0.0177066903855677,
-34.2));
#3897=CARTESIAN_POINT('Ctrl Pts',(-3.85166136043771,-0.0344814070594002,
-34.2));
#3898=CARTESIAN_POINT('',(-3.0203809563789,-0.0848055570808977,-34.2));
#3899=CARTESIAN_POINT('Ctrl Pts',(-3.0203809563789,-0.0848055570808977,
-34.2));
#3900=CARTESIAN_POINT('Ctrl Pts',(-3.08561596566603,-0.0270259774265857,
-34.2));
#3901=CARTESIAN_POINT('Ctrl Pts',(-3.2794571361192,0.021434315186708,-34.2));
#3902=CARTESIAN_POINT('Ctrl Pts',(-3.39688015283603,0.021434315186708,-34.2));
#3903=CARTESIAN_POINT('',(-2.88991093780465,-0.41657217574114,-34.2));
#3904=CARTESIAN_POINT('Ctrl Pts',(-2.88991093780465,-0.41657217574114,-34.2));
#3905=CARTESIAN_POINT('Ctrl Pts',(-2.88991093780465,-0.293557586799702,
-34.2));
#3906=CARTESIAN_POINT('Ctrl Pts',(-2.95700980449998,-0.136993564510599,
-34.2));
#3907=CARTESIAN_POINT('Ctrl Pts',(-3.0203809563789,-0.0848055570808977,
-34.2));
#3908=CARTESIAN_POINT('',(-3.00733395452148,-0.791207514790065,-34.2));
#3909=CARTESIAN_POINT('Ctrl Pts',(-3.00733395452148,-0.791207514790065,
-34.2));
#3910=CARTESIAN_POINT('Ctrl Pts',(-2.94955437486717,-0.722244790686531,
-34.2));
#3911=CARTESIAN_POINT('Ctrl Pts',(-2.88991093780465,-0.539586764682578,
-34.2));
#3912=CARTESIAN_POINT('Ctrl Pts',(-2.88991093780465,-0.41657217574114,-34.2));
#3913=CARTESIAN_POINT('',(-3.33910057318172,-0.930996820405335,-34.2));
#3914=CARTESIAN_POINT('Ctrl Pts',(-3.33910057318172,-0.930996820405335,
-34.2));
#3915=CARTESIAN_POINT('Ctrl Pts',(-3.24590770277154,-0.930996820405335,
-34.2));
#3916=CARTESIAN_POINT('Ctrl Pts',(-3.0707051064004,-0.863897953710005,-34.2));
#3917=CARTESIAN_POINT('Ctrl Pts',(-3.00733395452148,-0.791207514790065,
-34.2));
#3918=CARTESIAN_POINT('',(-3.67645876406657,-0.863897953710006,-34.2));
#3919=CARTESIAN_POINT('Ctrl Pts',(-3.67645876406657,-0.863897953710005,
-34.2));
#3920=CARTESIAN_POINT('Ctrl Pts',(-3.5851297510646,-0.895583529649467,-34.2));
#3921=CARTESIAN_POINT('Ctrl Pts',(-3.4341573010001,-0.930996820405335,-34.2));
#3922=CARTESIAN_POINT('Ctrl Pts',(-3.33910057318172,-0.930996820405335,
-34.2));
#3923=CARTESIAN_POINT('',(-3.92435179935765,-0.740883364768567,-34.2));
#3924=CARTESIAN_POINT('Ctrl Pts',(-3.92435179935765,-0.740883364768567,
-34.2));
#3925=CARTESIAN_POINT('Ctrl Pts',(-3.88893850860178,-0.766977368483418,
-34.2));
#3926=CARTESIAN_POINT('Ctrl Pts',(-3.75660463261933,-0.834076235178748,
-34.2));
#3927=CARTESIAN_POINT('Ctrl Pts',(-3.67645876406657,-0.863897953710005,
-34.2));
#3928=CARTESIAN_POINT('',(-3.9467180882561,-0.740883364768567,-34.2));
#3929=CARTESIAN_POINT('',(-3.9467180882561,-0.740883364768567,-34.2));
#3930=CARTESIAN_POINT('',(-3.9467180882561,-1.0670584112042,-34.2));
#3931=CARTESIAN_POINT('',(-3.9467180882561,-1.0670584112042,-34.2));
#3932=CARTESIAN_POINT('',(-3.34469214540633,-1.19752842977845,-34.2));
#3933=CARTESIAN_POINT('Ctrl Pts',(-3.34469214540633,-1.19752842977845,-34.2));
#3934=CARTESIAN_POINT('Ctrl Pts',(-3.50871159732825,-1.19752842977845,-34.2));
#3935=CARTESIAN_POINT('Ctrl Pts',(-3.82929507153927,-1.12483799085851,-34.2));
#3936=CARTESIAN_POINT('Ctrl Pts',(-3.9467180882561,-1.0670584112042,-34.2));
#3937=CARTESIAN_POINT('Ctrl Pts',(-2.77994335072064,-0.972001683385815,
-34.2));
#3938=CARTESIAN_POINT('Ctrl Pts',(-2.87686393594722,-1.07637769824522,-34.2));
#3939=CARTESIAN_POINT('Ctrl Pts',(-3.16576183421878,-1.19752842977845,-34.2));
#3940=CARTESIAN_POINT('Ctrl Pts',(-3.34469214540633,-1.19752842977845,-34.2));
#3941=CARTESIAN_POINT('Ctrl Pts',(-2.88991093780465,-0.41657217574114,-34.2));
#3942=CARTESIAN_POINT('Ctrl Pts',(-2.88991093780465,-0.41657217574114,-34.632));
#3943=CARTESIAN_POINT('Ctrl Pts',(-2.88991093780465,-0.293557586799702,
-34.2));
#3944=CARTESIAN_POINT('Ctrl Pts',(-2.88991093780465,-0.293557586799702,
-34.632));
#3945=CARTESIAN_POINT('Ctrl Pts',(-2.95700980449998,-0.136993564510599,
-34.2));
#3946=CARTESIAN_POINT('Ctrl Pts',(-2.95700980449998,-0.136993564510599,
-34.632));
#3947=CARTESIAN_POINT('Ctrl Pts',(-3.0203809563789,-0.0848055570808977,
-34.2));
#3948=CARTESIAN_POINT('Ctrl Pts',(-3.0203809563789,-0.0848055570808977,
-34.632));
#3949=CARTESIAN_POINT('',(-2.88991093780465,-0.41657217574114,-34.4));
#3950=CARTESIAN_POINT('',(-3.0203809563789,-0.0848055570808977,-34.4));
#3951=CARTESIAN_POINT('Ctrl Pts',(-2.88991093780465,-0.41657217574114,-34.4));
#3952=CARTESIAN_POINT('Ctrl Pts',(-2.88991093780465,-0.293557586799702,
-34.4));
#3953=CARTESIAN_POINT('Ctrl Pts',(-2.95700980449998,-0.136993564510599,
-34.4));
#3954=CARTESIAN_POINT('Ctrl Pts',(-3.0203809563789,-0.0848055570808977,
-34.4));
#3955=CARTESIAN_POINT('',(-2.88991093780465,-0.41657217574114,-34.2));
#3956=CARTESIAN_POINT('',(-3.0203809563789,-0.0848055570808977,-34.2));
#3957=CARTESIAN_POINT('Ctrl Pts',(-3.0203809563789,-0.0848055570808977,
-34.2));
#3958=CARTESIAN_POINT('Ctrl Pts',(-3.0203809563789,-0.0848055570808977,
-34.632));
#3959=CARTESIAN_POINT('Ctrl Pts',(-3.08561596566603,-0.0270259774265857,
-34.2));
#3960=CARTESIAN_POINT('Ctrl Pts',(-3.08561596566603,-0.0270259774265857,
-34.632));
#3961=CARTESIAN_POINT('Ctrl Pts',(-3.2794571361192,0.021434315186708,-34.2));
#3962=CARTESIAN_POINT('Ctrl Pts',(-3.2794571361192,0.021434315186708,-34.632));
#3963=CARTESIAN_POINT('Ctrl Pts',(-3.39688015283603,0.021434315186708,-34.2));
#3964=CARTESIAN_POINT('Ctrl Pts',(-3.39688015283603,0.021434315186708,-34.632));
#3965=CARTESIAN_POINT('',(-3.39688015283603,0.021434315186708,-34.4));
#3966=CARTESIAN_POINT('Ctrl Pts',(-3.0203809563789,-0.0848055570808977,
-34.4));
#3967=CARTESIAN_POINT('Ctrl Pts',(-3.08561596566603,-0.0270259774265857,
-34.4));
#3968=CARTESIAN_POINT('Ctrl Pts',(-3.2794571361192,0.021434315186708,-34.4));
#3969=CARTESIAN_POINT('Ctrl Pts',(-3.39688015283603,0.021434315186708,-34.4));
#3970=CARTESIAN_POINT('',(-3.39688015283603,0.021434315186708,-34.2));
#3971=CARTESIAN_POINT('Ctrl Pts',(-3.39688015283603,0.021434315186708,-34.2));
#3972=CARTESIAN_POINT('Ctrl Pts',(-3.39688015283603,0.021434315186708,-34.632));
#3973=CARTESIAN_POINT('Ctrl Pts',(-3.52362245659388,0.021434315186708,-34.2));
#3974=CARTESIAN_POINT('Ctrl Pts',(-3.52362245659388,0.021434315186708,-34.632));
#3975=CARTESIAN_POINT('Ctrl Pts',(-3.77524320670136,-0.0177066903855677,
-34.2));
#3976=CARTESIAN_POINT('Ctrl Pts',(-3.77524320670136,-0.0177066903855677,
-34.632));
#3977=CARTESIAN_POINT('Ctrl Pts',(-3.85166136043771,-0.0344814070594002,
-34.2));
#3978=CARTESIAN_POINT('Ctrl Pts',(-3.85166136043771,-0.0344814070594002,
-34.632));
#3979=CARTESIAN_POINT('',(-3.85166136043771,-0.0344814070594002,-34.4));
#3980=CARTESIAN_POINT('Ctrl Pts',(-3.39688015283603,0.021434315186708,-34.4));
#3981=CARTESIAN_POINT('Ctrl Pts',(-3.52362245659388,0.021434315186708,-34.4));
#3982=CARTESIAN_POINT('Ctrl Pts',(-3.77524320670136,-0.0177066903855677,
-34.4));
#3983=CARTESIAN_POINT('Ctrl Pts',(-3.85166136043771,-0.0344814070594002,
-34.4));
#3984=CARTESIAN_POINT('',(-3.85166136043771,-0.0344814070594002,-34.2));
#3985=CARTESIAN_POINT('Origin',(-3.85166136043771,1.15093190455809,-34.2));
#3986=CARTESIAN_POINT('',(-3.85166136043771,1.15093190455809,-34.4));
#3987=CARTESIAN_POINT('',(-3.85166136043771,0.575465952279047,-34.4));
#3988=CARTESIAN_POINT('',(-3.85166136043771,1.15093190455809,-34.2));
#3989=CARTESIAN_POINT('Origin',(-2.58982989508387,1.15093190455809,-34.2));
#3990=CARTESIAN_POINT('',(-2.58982989508387,1.15093190455809,-34.4));
#3991=CARTESIAN_POINT('',(-1.29491494754193,1.15093190455809,-34.4));
#3992=CARTESIAN_POINT('',(-2.58982989508387,1.15093190455809,-34.2));
#3993=CARTESIAN_POINT('Origin',(-2.58982989508387,0.880672580368571,-34.2));
#3994=CARTESIAN_POINT('',(-2.58982989508387,0.880672580368571,-34.4));
#3995=CARTESIAN_POINT('',(-2.58982989508387,0.440336290184285,-34.4));
#3996=CARTESIAN_POINT('',(-2.58982989508387,0.880672580368571,-34.2));
#3997=CARTESIAN_POINT('Origin',(-3.55530803253334,0.880672580368571,-34.2));
#3998=CARTESIAN_POINT('',(-3.55530803253334,0.880672580368571,-34.4));
#3999=CARTESIAN_POINT('',(-1.77765401626667,0.880672580368571,-34.4));
#4000=CARTESIAN_POINT('',(-3.55530803253334,0.880672580368571,-34.2));
#4001=CARTESIAN_POINT('Origin',(-3.55530803253334,0.267463493069584,-34.2));
#4002=CARTESIAN_POINT('',(-3.55530803253334,0.267463493069584,-34.4));
#4003=CARTESIAN_POINT('',(-3.55530803253334,0.133731746534792,-34.4));
#4004=CARTESIAN_POINT('',(-3.55530803253334,0.267463493069584,-34.2));
#4005=CARTESIAN_POINT('Ctrl Pts',(-3.55530803253334,0.267463493069584,-34.2));
#4006=CARTESIAN_POINT('Ctrl Pts',(-3.55530803253334,0.267463493069584,-34.632));
#4007=CARTESIAN_POINT('Ctrl Pts',(-3.49939231028723,0.274918922702398,-34.2));
#4008=CARTESIAN_POINT('Ctrl Pts',(-3.49939231028723,0.274918922702398,-34.632));
#4009=CARTESIAN_POINT('Ctrl Pts',(-3.39128858061142,0.280510494927009,-34.2));
#4010=CARTESIAN_POINT('Ctrl Pts',(-3.39128858061142,0.280510494927009,-34.632));
#4011=CARTESIAN_POINT('Ctrl Pts',(-3.34655600281453,0.280510494927009,-34.2));
#4012=CARTESIAN_POINT('Ctrl Pts',(-3.34655600281453,0.280510494927009,-34.632));
#4013=CARTESIAN_POINT('',(-3.34655600281453,0.280510494927009,-34.4));
#4014=CARTESIAN_POINT('Ctrl Pts',(-3.55530803253334,0.267463493069584,-34.4));
#4015=CARTESIAN_POINT('Ctrl Pts',(-3.49939231028723,0.274918922702398,-34.4));
#4016=CARTESIAN_POINT('Ctrl Pts',(-3.39128858061142,0.280510494927009,-34.4));
#4017=CARTESIAN_POINT('Ctrl Pts',(-3.34655600281453,0.280510494927009,-34.4));
#4018=CARTESIAN_POINT('',(-3.34655600281453,0.280510494927009,-34.2));
#4019=CARTESIAN_POINT('Ctrl Pts',(-3.34655600281453,0.280510494927009,-34.2));
#4020=CARTESIAN_POINT('Ctrl Pts',(-3.34655600281453,0.280510494927009,-34.632));
#4021=CARTESIAN_POINT('Ctrl Pts',(-3.16948954903519,0.280510494927009,-34.2));
#4022=CARTESIAN_POINT('Ctrl Pts',(-3.16948954903519,0.280510494927009,-34.632));
#4023=CARTESIAN_POINT('Ctrl Pts',(-2.92532422856052,0.222730915272698,-34.2));
#4024=CARTESIAN_POINT('Ctrl Pts',(-2.92532422856052,0.222730915272698,-34.632));
#4025=CARTESIAN_POINT('Ctrl Pts',(-2.8134927840683,0.136993474495332,-34.2));
#4026=CARTESIAN_POINT('Ctrl Pts',(-2.8134927840683,0.136993474495332,-34.632));
#4027=CARTESIAN_POINT('',(-2.8134927840683,0.136993474495332,-34.4));
#4028=CARTESIAN_POINT('Ctrl Pts',(-3.34655600281453,0.280510494927009,-34.4));
#4029=CARTESIAN_POINT('Ctrl Pts',(-3.16948954903519,0.280510494927009,-34.4));
#4030=CARTESIAN_POINT('Ctrl Pts',(-2.92532422856052,0.222730915272698,-34.4));
#4031=CARTESIAN_POINT('Ctrl Pts',(-2.8134927840683,0.136993474495332,-34.4));
#4032=CARTESIAN_POINT('',(-2.8134927840683,0.136993474495332,-34.2));
#4033=CARTESIAN_POINT('Ctrl Pts',(-2.8134927840683,0.136993474495332,-34.2));
#4034=CARTESIAN_POINT('Ctrl Pts',(-2.8134927840683,0.136993474495332,-34.632));
#4035=CARTESIAN_POINT('Ctrl Pts',(-2.69979748216788,0.0512560337179657,
-34.2));
#4036=CARTESIAN_POINT('Ctrl Pts',(-2.69979748216788,0.0512560337179657,
-34.632));
#4037=CARTESIAN_POINT('Ctrl Pts',(-2.57678289322644,-0.209684003430539,
-34.2));
#4038=CARTESIAN_POINT('Ctrl Pts',(-2.57678289322644,-0.209684003430539,
-34.632));
#4039=CARTESIAN_POINT('Ctrl Pts',(-2.57678289322644,-0.418436033149343,
-34.2));
#4040=CARTESIAN_POINT('Ctrl Pts',(-2.57678289322644,-0.418436033149343,
-34.632));
#4041=CARTESIAN_POINT('',(-2.57678289322644,-0.418436033149343,-34.4));
#4042=CARTESIAN_POINT('Ctrl Pts',(-2.8134927840683,0.136993474495332,-34.4));
#4043=CARTESIAN_POINT('Ctrl Pts',(-2.69979748216788,0.0512560337179657,
-34.4));
#4044=CARTESIAN_POINT('Ctrl Pts',(-2.57678289322644,-0.209684003430539,
-34.4));
#4045=CARTESIAN_POINT('Ctrl Pts',(-2.57678289322644,-0.418436033149343,
-34.4));
#4046=CARTESIAN_POINT('',(-2.57678289322644,-0.418436033149343,-34.2));
#4047=CARTESIAN_POINT('Ctrl Pts',(-2.57678289322644,-0.418436033149343,
-34.2));
#4048=CARTESIAN_POINT('Ctrl Pts',(-2.57678289322644,-0.418436033149343,
-34.632));
#4049=CARTESIAN_POINT('Ctrl Pts',(-2.57678289322644,-0.584319342479464,
-34.2));
#4050=CARTESIAN_POINT('Ctrl Pts',(-2.57678289322644,-0.584319342479464,
-34.632));
#4051=CARTESIAN_POINT('Ctrl Pts',(-2.68302276549405,-0.867625668526413,
-34.2));
#4052=CARTESIAN_POINT('Ctrl Pts',(-2.68302276549405,-0.867625668526413,
-34.632));
#4053=CARTESIAN_POINT('Ctrl Pts',(-2.77994335072064,-0.972001683385815,
-34.2));
#4054=CARTESIAN_POINT('Ctrl Pts',(-2.77994335072064,-0.972001683385815,
-34.632));
#4055=CARTESIAN_POINT('',(-2.77994335072064,-0.972001683385815,-34.4));
#4056=CARTESIAN_POINT('Ctrl Pts',(-2.57678289322644,-0.418436033149343,
-34.4));
#4057=CARTESIAN_POINT('Ctrl Pts',(-2.57678289322644,-0.584319342479464,
-34.4));
#4058=CARTESIAN_POINT('Ctrl Pts',(-2.68302276549405,-0.867625668526413,
-34.4));
#4059=CARTESIAN_POINT('Ctrl Pts',(-2.77994335072064,-0.972001683385815,
-34.4));
#4060=CARTESIAN_POINT('',(-2.77994335072064,-0.972001683385815,-34.2));
#4061=CARTESIAN_POINT('Ctrl Pts',(-2.77994335072064,-0.972001683385815,
-34.2));
#4062=CARTESIAN_POINT('Ctrl Pts',(-2.77994335072064,-0.972001683385815,
-34.632));
#4063=CARTESIAN_POINT('Ctrl Pts',(-2.87686393594722,-1.07637769824522,-34.2));
#4064=CARTESIAN_POINT('Ctrl Pts',(-2.87686393594722,-1.07637769824522,-34.632));
#4065=CARTESIAN_POINT('Ctrl Pts',(-3.16576183421878,-1.19752842977845,-34.2));
#4066=CARTESIAN_POINT('Ctrl Pts',(-3.16576183421878,-1.19752842977845,-34.632));
#4067=CARTESIAN_POINT('Ctrl Pts',(-3.34469214540633,-1.19752842977845,-34.2));
#4068=CARTESIAN_POINT('Ctrl Pts',(-3.34469214540633,-1.19752842977845,-34.632));
#4069=CARTESIAN_POINT('',(-3.34469214540633,-1.19752842977845,-34.4));
#4070=CARTESIAN_POINT('Ctrl Pts',(-2.77994335072064,-0.972001683385815,
-34.4));
#4071=CARTESIAN_POINT('Ctrl Pts',(-2.87686393594722,-1.07637769824522,-34.4));
#4072=CARTESIAN_POINT('Ctrl Pts',(-3.16576183421878,-1.19752842977845,-34.4));
#4073=CARTESIAN_POINT('Ctrl Pts',(-3.34469214540633,-1.19752842977845,-34.4));
#4074=CARTESIAN_POINT('',(-3.34469214540633,-1.19752842977845,-34.2));
#4075=CARTESIAN_POINT('Ctrl Pts',(-3.34469214540633,-1.19752842977845,-34.2));
#4076=CARTESIAN_POINT('Ctrl Pts',(-3.34469214540633,-1.19752842977845,-34.632));
#4077=CARTESIAN_POINT('Ctrl Pts',(-3.50871159732825,-1.19752842977845,-34.2));
#4078=CARTESIAN_POINT('Ctrl Pts',(-3.50871159732825,-1.19752842977845,-34.632));
#4079=CARTESIAN_POINT('Ctrl Pts',(-3.82929507153927,-1.12483799085851,-34.2));
#4080=CARTESIAN_POINT('Ctrl Pts',(-3.82929507153927,-1.12483799085851,-34.632));
#4081=CARTESIAN_POINT('Ctrl Pts',(-3.9467180882561,-1.0670584112042,-34.2));
#4082=CARTESIAN_POINT('Ctrl Pts',(-3.9467180882561,-1.0670584112042,-34.632));
#4083=CARTESIAN_POINT('',(-3.9467180882561,-1.0670584112042,-34.4));
#4084=CARTESIAN_POINT('Ctrl Pts',(-3.34469214540633,-1.19752842977845,-34.4));
#4085=CARTESIAN_POINT('Ctrl Pts',(-3.50871159732825,-1.19752842977845,-34.4));
#4086=CARTESIAN_POINT('Ctrl Pts',(-3.82929507153927,-1.12483799085851,-34.4));
#4087=CARTESIAN_POINT('Ctrl Pts',(-3.9467180882561,-1.0670584112042,-34.4));
#4088=CARTESIAN_POINT('',(-3.9467180882561,-1.0670584112042,-34.2));
#4089=CARTESIAN_POINT('Origin',(-3.9467180882561,-0.740883364768567,-34.2));
#4090=CARTESIAN_POINT('',(-3.9467180882561,-0.740883364768567,-34.4));
#4091=CARTESIAN_POINT('',(-3.9467180882561,-0.370441682384284,-34.4));
#4092=CARTESIAN_POINT('',(-3.9467180882561,-0.740883364768567,-34.2));
#4093=CARTESIAN_POINT('Origin',(-3.92435179935765,-0.740883364768567,-34.2));
#4094=CARTESIAN_POINT('',(-3.92435179935765,-0.740883364768567,-34.4));
#4095=CARTESIAN_POINT('',(-1.96217589967883,-0.740883364768567,-34.4));
#4096=CARTESIAN_POINT('',(-3.92435179935765,-0.740883364768567,-34.2));
#4097=CARTESIAN_POINT('Ctrl Pts',(-3.92435179935765,-0.740883364768567,
-34.2));
#4098=CARTESIAN_POINT('Ctrl Pts',(-3.92435179935765,-0.740883364768567,
-34.632));
#4099=CARTESIAN_POINT('Ctrl Pts',(-3.88893850860178,-0.766977368483418,
-34.2));
#4100=CARTESIAN_POINT('Ctrl Pts',(-3.88893850860178,-0.766977368483418,
-34.632));
#4101=CARTESIAN_POINT('Ctrl Pts',(-3.75660463261933,-0.834076235178748,
-34.2));
#4102=CARTESIAN_POINT('Ctrl Pts',(-3.75660463261933,-0.834076235178748,
-34.632));
#4103=CARTESIAN_POINT('Ctrl Pts',(-3.67645876406657,-0.863897953710005,
-34.2));
#4104=CARTESIAN_POINT('Ctrl Pts',(-3.67645876406657,-0.863897953710005,
-34.632));
#4105=CARTESIAN_POINT('',(-3.67645876406657,-0.863897953710006,-34.4));
#4106=CARTESIAN_POINT('Ctrl Pts',(-3.92435179935765,-0.740883364768567,
-34.4));
#4107=CARTESIAN_POINT('Ctrl Pts',(-3.88893850860178,-0.766977368483418,
-34.4));
#4108=CARTESIAN_POINT('Ctrl Pts',(-3.75660463261933,-0.834076235178748,
-34.4));
#4109=CARTESIAN_POINT('Ctrl Pts',(-3.67645876406657,-0.863897953710005,
-34.4));
#4110=CARTESIAN_POINT('',(-3.67645876406657,-0.863897953710006,-34.2));
#4111=CARTESIAN_POINT('Ctrl Pts',(-3.67645876406657,-0.863897953710005,
-34.2));
#4112=CARTESIAN_POINT('Ctrl Pts',(-3.67645876406657,-0.863897953710005,
-34.632));
#4113=CARTESIAN_POINT('Ctrl Pts',(-3.5851297510646,-0.895583529649467,-34.2));
#4114=CARTESIAN_POINT('Ctrl Pts',(-3.5851297510646,-0.895583529649467,-34.632));
#4115=CARTESIAN_POINT('Ctrl Pts',(-3.4341573010001,-0.930996820405335,-34.2));
#4116=CARTESIAN_POINT('Ctrl Pts',(-3.4341573010001,-0.930996820405335,-34.632));
#4117=CARTESIAN_POINT('Ctrl Pts',(-3.33910057318172,-0.930996820405335,
-34.2));
#4118=CARTESIAN_POINT('Ctrl Pts',(-3.33910057318172,-0.930996820405335,
-34.632));
#4119=CARTESIAN_POINT('',(-3.33910057318172,-0.930996820405335,-34.4));
#4120=CARTESIAN_POINT('Ctrl Pts',(-3.67645876406657,-0.863897953710005,
-34.4));
#4121=CARTESIAN_POINT('Ctrl Pts',(-3.5851297510646,-0.895583529649467,-34.4));
#4122=CARTESIAN_POINT('Ctrl Pts',(-3.4341573010001,-0.930996820405335,-34.4));
#4123=CARTESIAN_POINT('Ctrl Pts',(-3.33910057318172,-0.930996820405335,
-34.4));
#4124=CARTESIAN_POINT('',(-3.33910057318172,-0.930996820405335,-34.2));
#4125=CARTESIAN_POINT('Ctrl Pts',(-3.33910057318172,-0.930996820405335,
-34.2));
#4126=CARTESIAN_POINT('Ctrl Pts',(-3.33910057318172,-0.930996820405335,
-34.632));
#4127=CARTESIAN_POINT('Ctrl Pts',(-3.24590770277154,-0.930996820405335,
-34.2));
#4128=CARTESIAN_POINT('Ctrl Pts',(-3.24590770277154,-0.930996820405335,
-34.632));
#4129=CARTESIAN_POINT('Ctrl Pts',(-3.0707051064004,-0.863897953710005,-34.2));
#4130=CARTESIAN_POINT('Ctrl Pts',(-3.0707051064004,-0.863897953710005,-34.632));
#4131=CARTESIAN_POINT('Ctrl Pts',(-3.00733395452148,-0.791207514790065,
-34.2));
#4132=CARTESIAN_POINT('Ctrl Pts',(-3.00733395452148,-0.791207514790065,
-34.632));
#4133=CARTESIAN_POINT('',(-3.00733395452148,-0.791207514790065,-34.4));
#4134=CARTESIAN_POINT('Ctrl Pts',(-3.33910057318172,-0.930996820405335,
-34.4));
#4135=CARTESIAN_POINT('Ctrl Pts',(-3.24590770277154,-0.930996820405335,
-34.4));
#4136=CARTESIAN_POINT('Ctrl Pts',(-3.0707051064004,-0.863897953710005,-34.4));
#4137=CARTESIAN_POINT('Ctrl Pts',(-3.00733395452148,-0.791207514790065,
-34.4));
#4138=CARTESIAN_POINT('',(-3.00733395452148,-0.791207514790065,-34.2));
#4139=CARTESIAN_POINT('Ctrl Pts',(-3.00733395452148,-0.791207514790065,
-34.2));
#4140=CARTESIAN_POINT('Ctrl Pts',(-3.00733395452148,-0.791207514790065,
-34.632));
#4141=CARTESIAN_POINT('Ctrl Pts',(-2.94955437486717,-0.722244790686531,
-34.2));
#4142=CARTESIAN_POINT('Ctrl Pts',(-2.94955437486717,-0.722244790686531,
-34.632));
#4143=CARTESIAN_POINT('Ctrl Pts',(-2.88991093780465,-0.539586764682578,
-34.2));
#4144=CARTESIAN_POINT('Ctrl Pts',(-2.88991093780465,-0.539586764682578,
-34.632));
#4145=CARTESIAN_POINT('Ctrl Pts',(-2.88991093780465,-0.41657217574114,-34.2));
#4146=CARTESIAN_POINT('Ctrl Pts',(-2.88991093780465,-0.41657217574114,-34.632));
#4147=CARTESIAN_POINT('Ctrl Pts',(-3.00733395452148,-0.791207514790065,
-34.4));
#4148=CARTESIAN_POINT('Ctrl Pts',(-2.94955437486717,-0.722244790686531,
-34.4));
#4149=CARTESIAN_POINT('Ctrl Pts',(-2.88991093780465,-0.539586764682578,
-34.4));
#4150=CARTESIAN_POINT('Ctrl Pts',(-2.88991093780465,-0.41657217574114,-34.4));
#4151=CARTESIAN_POINT('Ctrl Pts',(-1.54606974648985,-0.064303125590658,
-34.2));
#4152=CARTESIAN_POINT('Ctrl Pts',(-1.54606974648985,-0.064303125590658,
-34.632));
#4153=CARTESIAN_POINT('Ctrl Pts',(-1.63180718726722,-0.064303125590658,
-34.2));
#4154=CARTESIAN_POINT('Ctrl Pts',(-1.63180718726722,-0.064303125590658,
-34.632));
#4155=CARTESIAN_POINT('Ctrl Pts',(-1.7790519225153,-0.0326175496511966,
-34.2));
#4156=CARTESIAN_POINT('Ctrl Pts',(-1.7790519225153,-0.0326175496511966,
-34.632));
#4157=CARTESIAN_POINT('Ctrl Pts',(-1.83869535957782,0.0158427429620972,
-34.2));
#4158=CARTESIAN_POINT('Ctrl Pts',(-1.83869535957782,0.0158427429620972,
-34.632));
#4159=CARTESIAN_POINT('',(-1.83869535957782,0.0158427429620972,-34.4));
#4160=CARTESIAN_POINT('',(-1.54606974648985,-0.064303125590658,-34.4));
#4161=CARTESIAN_POINT('Ctrl Pts',(-1.83869535957782,0.0158427429620972,
-34.4));
#4162=CARTESIAN_POINT('Ctrl Pts',(-1.7790519225153,-0.0326175496511966,
-34.4));
#4163=CARTESIAN_POINT('Ctrl Pts',(-1.63180718726722,-0.064303125590658,
-34.4));
#4164=CARTESIAN_POINT('Ctrl Pts',(-1.54606974648985,-0.064303125590658,
-34.4));
#4165=CARTESIAN_POINT('',(-1.83869535957782,0.0158427429620972,-34.2));
#4166=CARTESIAN_POINT('',(-1.83869535957782,0.0158427429620972,-34.2));
#4167=CARTESIAN_POINT('',(-1.54606974648985,-0.064303125590658,-34.2));
#4168=CARTESIAN_POINT('Ctrl Pts',(-1.54606974648985,-0.064303125590658,
-34.2));
#4169=CARTESIAN_POINT('Ctrl Pts',(-1.63180718726722,-0.064303125590658,
-34.2));
#4170=CARTESIAN_POINT('Ctrl Pts',(-1.7790519225153,-0.0326175496511966,
-34.2));
#4171=CARTESIAN_POINT('Ctrl Pts',(-1.83869535957782,0.0158427429620972,
-34.2));
#4172=CARTESIAN_POINT('',(-1.54606974648985,-0.064303125590658,-34.2));
#4173=CARTESIAN_POINT('Ctrl Pts',(-1.83869535957782,0.0158427429620972,
-34.2));
#4174=CARTESIAN_POINT('Ctrl Pts',(-1.83869535957782,0.0158427429620972,
-34.632));
#4175=CARTESIAN_POINT('Ctrl Pts',(-1.92070508553877,0.082941609657427,-34.2));
#4176=CARTESIAN_POINT('Ctrl Pts',(-1.92070508553877,0.082941609657427,-34.632));
#4177=CARTESIAN_POINT('Ctrl Pts',(-1.99525938186692,0.271191207885991,-34.2));
#4178=CARTESIAN_POINT('Ctrl Pts',(-1.99525938186692,0.271191207885991,-34.632));
#4179=CARTESIAN_POINT('Ctrl Pts',(-1.99525938186692,0.416572085725873,-34.2));
#4180=CARTESIAN_POINT('Ctrl Pts',(-1.99525938186692,0.416572085725873,-34.632));
#4181=CARTESIAN_POINT('',(-1.99525938186692,0.416572085725873,-34.4));
#4182=CARTESIAN_POINT('Ctrl Pts',(-1.99525938186692,0.416572085725873,-34.4));
#4183=CARTESIAN_POINT('Ctrl Pts',(-1.99525938186692,0.271191207885991,-34.4));
#4184=CARTESIAN_POINT('Ctrl Pts',(-1.92070508553877,0.082941609657427,-34.4));
#4185=CARTESIAN_POINT('Ctrl Pts',(-1.83869535957782,0.0158427429620972,
-34.4));
#4186=CARTESIAN_POINT('',(-1.99525938186692,0.416572085725873,-34.2));
#4187=CARTESIAN_POINT('',(-1.99525938186692,0.416572085725873,-34.2));
#4188=CARTESIAN_POINT('Ctrl Pts',(-1.83869535957782,0.0158427429620972,
-34.2));
#4189=CARTESIAN_POINT('Ctrl Pts',(-1.92070508553877,0.082941609657427,-34.2));
#4190=CARTESIAN_POINT('Ctrl Pts',(-1.99525938186692,0.271191207885991,-34.2));
#4191=CARTESIAN_POINT('Ctrl Pts',(-1.99525938186692,0.416572085725873,-34.2));
#4192=CARTESIAN_POINT('Ctrl Pts',(-1.99525938186692,0.416572085725873,-34.2));
#4193=CARTESIAN_POINT('Ctrl Pts',(-1.99525938186692,0.416572085725873,-34.632));
#4194=CARTESIAN_POINT('Ctrl Pts',(-1.99525938186692,0.67378440805797,-34.2));
#4195=CARTESIAN_POINT('Ctrl Pts',(-1.99525938186692,0.67378440805797,-34.632));
#4196=CARTESIAN_POINT('Ctrl Pts',(-1.76973263547428,0.945907589655697,-34.2));
#4197=CARTESIAN_POINT('Ctrl Pts',(-1.76973263547428,0.945907589655697,-34.632));
#4198=CARTESIAN_POINT('Ctrl Pts',(-1.57961917983751,0.945907589655697,-34.2));
#4199=CARTESIAN_POINT('Ctrl Pts',(-1.57961917983751,0.945907589655697,-34.632));
#4200=CARTESIAN_POINT('',(-1.57961917983751,0.945907589655697,-34.4));
#4201=CARTESIAN_POINT('Ctrl Pts',(-1.57961917983751,0.945907589655697,-34.4));
#4202=CARTESIAN_POINT('Ctrl Pts',(-1.76973263547428,0.945907589655697,-34.4));
#4203=CARTESIAN_POINT('Ctrl Pts',(-1.99525938186692,0.67378440805797,-34.4));
#4204=CARTESIAN_POINT('Ctrl Pts',(-1.99525938186692,0.416572085725873,-34.4));
#4205=CARTESIAN_POINT('',(-1.57961917983751,0.945907589655697,-34.2));
#4206=CARTESIAN_POINT('',(-1.57961917983751,0.945907589655697,-34.2));
#4207=CARTESIAN_POINT('Ctrl Pts',(-1.99525938186692,0.416572085725873,-34.2));
#4208=CARTESIAN_POINT('Ctrl Pts',(-1.99525938186692,0.67378440805797,-34.2));
#4209=CARTESIAN_POINT('Ctrl Pts',(-1.76973263547428,0.945907589655697,-34.2));
#4210=CARTESIAN_POINT('Ctrl Pts',(-1.57961917983751,0.945907589655697,-34.2));
#4211=CARTESIAN_POINT('Ctrl Pts',(-1.57961917983751,0.945907589655697,-34.2));
#4212=CARTESIAN_POINT('Ctrl Pts',(-1.57961917983751,0.945907589655697,-34.632));
#4213=CARTESIAN_POINT('Ctrl Pts',(-1.49760945387656,0.945907589655697,-34.2));
#4214=CARTESIAN_POINT('Ctrl Pts',(-1.49760945387656,0.945907589655697,-34.632));
#4215=CARTESIAN_POINT('Ctrl Pts',(-1.35782014826129,0.889991867409589,-34.2));
#4216=CARTESIAN_POINT('Ctrl Pts',(-1.35782014826129,0.889991867409589,-34.632));
#4217=CARTESIAN_POINT('Ctrl Pts',(-1.29072128156596,0.815437571081445,-34.2));
#4218=CARTESIAN_POINT('Ctrl Pts',(-1.29072128156596,0.815437571081445,-34.632));
#4219=CARTESIAN_POINT('',(-1.29072128156596,0.815437571081445,-34.4));
#4220=CARTESIAN_POINT('Ctrl Pts',(-1.29072128156596,0.815437571081445,-34.4));
#4221=CARTESIAN_POINT('Ctrl Pts',(-1.35782014826129,0.889991867409589,-34.4));
#4222=CARTESIAN_POINT('Ctrl Pts',(-1.49760945387656,0.945907589655697,-34.4));
#4223=CARTESIAN_POINT('Ctrl Pts',(-1.57961917983751,0.945907589655697,-34.4));
#4224=CARTESIAN_POINT('',(-1.29072128156596,0.815437571081445,-34.2));
#4225=CARTESIAN_POINT('',(-1.29072128156596,0.815437571081445,-34.2));
#4226=CARTESIAN_POINT('Ctrl Pts',(-1.57961917983751,0.945907589655697,-34.2));
#4227=CARTESIAN_POINT('Ctrl Pts',(-1.49760945387656,0.945907589655697,-34.2));
#4228=CARTESIAN_POINT('Ctrl Pts',(-1.35782014826129,0.889991867409589,-34.2));
#4229=CARTESIAN_POINT('Ctrl Pts',(-1.29072128156596,0.815437571081445,-34.2));
#4230=CARTESIAN_POINT('Ctrl Pts',(-1.07078610739793,-0.826620805545933,
-34.2));
#4231=CARTESIAN_POINT('Ctrl Pts',(-1.07078610739793,-0.826620805545933,
-34.632));
#4232=CARTESIAN_POINT('Ctrl Pts',(-1.20311998338039,-1.00555111673348,-34.2));
#4233=CARTESIAN_POINT('Ctrl Pts',(-1.20311998338039,-1.00555111673348,-34.632));
#4234=CARTESIAN_POINT('Ctrl Pts',(-1.57589146502111,-1.19380071496204,-34.2));
#4235=CARTESIAN_POINT('Ctrl Pts',(-1.57589146502111,-1.19380071496204,-34.632));
#4236=CARTESIAN_POINT('Ctrl Pts',(-1.84801464661883,-1.19380071496204,-34.2));
#4237=CARTESIAN_POINT('Ctrl Pts',(-1.84801464661883,-1.19380071496204,-34.632));
#4238=CARTESIAN_POINT('',(-1.07078610739793,-0.826620805545933,-34.4));
#4239=CARTESIAN_POINT('',(-1.84801464661883,-1.19380071496204,-34.4));
#4240=CARTESIAN_POINT('Ctrl Pts',(-1.07078610739793,-0.826620805545933,
-34.4));
#4241=CARTESIAN_POINT('Ctrl Pts',(-1.20311998338039,-1.00555111673348,-34.4));
#4242=CARTESIAN_POINT('Ctrl Pts',(-1.57589146502111,-1.19380071496204,-34.4));
#4243=CARTESIAN_POINT('Ctrl Pts',(-1.84801464661883,-1.19380071496204,-34.4));
#4244=CARTESIAN_POINT('',(-1.07078610739793,-0.826620805545933,-34.2));
#4245=CARTESIAN_POINT('',(-1.07078610739793,-0.826620805545933,-34.2));
#4246=CARTESIAN_POINT('',(-1.84801464661883,-1.19380071496204,-34.2));
#4247=CARTESIAN_POINT('Ctrl Pts',(-1.07078610739793,-0.826620805545933,
-34.2));
#4248=CARTESIAN_POINT('Ctrl Pts',(-1.20311998338039,-1.00555111673348,-34.2));
#4249=CARTESIAN_POINT('Ctrl Pts',(-1.57589146502111,-1.19380071496204,-34.2));
#4250=CARTESIAN_POINT('Ctrl Pts',(-1.84801464661883,-1.19380071496204,-34.2));
#4251=CARTESIAN_POINT('',(-1.84801464661883,-1.19380071496204,-34.2));
#4252=CARTESIAN_POINT('Ctrl Pts',(-0.817301499882239,0.138857331903535,
-34.2));
#4253=CARTESIAN_POINT('Ctrl Pts',(-0.817301499882239,0.138857331903535,
-34.632));
#4254=CARTESIAN_POINT('Ctrl Pts',(-0.817301499882239,-0.146312851551617,
-34.2));
#4255=CARTESIAN_POINT('Ctrl Pts',(-0.817301499882239,-0.146312851551617,
-34.632));
#4256=CARTESIAN_POINT('Ctrl Pts',(-0.945907661048288,-0.657009781399405,
-34.2));
#4257=CARTESIAN_POINT('Ctrl Pts',(-0.945907661048288,-0.657009781399405,
-34.632));
#4258=CARTESIAN_POINT('Ctrl Pts',(-1.07078610739793,-0.826620805545933,
-34.2));
#4259=CARTESIAN_POINT('Ctrl Pts',(-1.07078610739793,-0.826620805545933,
-34.632));
#4260=CARTESIAN_POINT('',(-0.817301499882239,0.138857331903535,-34.4));
#4261=CARTESIAN_POINT('Ctrl Pts',(-0.817301499882239,0.138857331903535,
-34.4));
#4262=CARTESIAN_POINT('Ctrl Pts',(-0.817301499882239,-0.146312851551617,
-34.4));
#4263=CARTESIAN_POINT('Ctrl Pts',(-0.945907661048288,-0.657009781399405,
-34.4));
#4264=CARTESIAN_POINT('Ctrl Pts',(-1.07078610739793,-0.826620805545933,
-34.4));
#4265=CARTESIAN_POINT('',(-0.817301499882239,0.138857331903535,-34.2));
#4266=CARTESIAN_POINT('',(-0.817301499882239,0.138857331903535,-34.2));
#4267=CARTESIAN_POINT('Ctrl Pts',(-0.817301499882239,0.138857331903535,
-34.2));
#4268=CARTESIAN_POINT('Ctrl Pts',(-0.817301499882239,-0.146312851551617,
-34.2));
#4269=CARTESIAN_POINT('Ctrl Pts',(-0.945907661048288,-0.657009781399405,
-34.2));
#4270=CARTESIAN_POINT('Ctrl Pts',(-1.07078610739793,-0.826620805545933,
-34.2));
#4271=CARTESIAN_POINT('Ctrl Pts',(-1.06705839258152,0.990640167452584,-34.2));
#4272=CARTESIAN_POINT('Ctrl Pts',(-1.06705839258152,0.990640167452584,-34.632));
#4273=CARTESIAN_POINT('Ctrl Pts',(-0.947771518456491,0.863897863694738,
-34.2));
#4274=CARTESIAN_POINT('Ctrl Pts',(-0.947771518456491,0.863897863694738,
-34.632));
#4275=CARTESIAN_POINT('Ctrl Pts',(-0.817301499882239,0.453849233889945,
-34.2));
#4276=CARTESIAN_POINT('Ctrl Pts',(-0.817301499882239,0.453849233889945,
-34.632));
#4277=CARTESIAN_POINT('Ctrl Pts',(-0.817301499882239,0.138857331903535,
-34.2));
#4278=CARTESIAN_POINT('Ctrl Pts',(-0.817301499882239,0.138857331903535,
-34.632));
#4279=CARTESIAN_POINT('',(-1.06705839258152,0.990640167452584,-34.4));
#4280=CARTESIAN_POINT('Ctrl Pts',(-1.06705839258152,0.990640167452584,-34.4));
#4281=CARTESIAN_POINT('Ctrl Pts',(-0.947771518456491,0.863897863694738,
-34.4));
#4282=CARTESIAN_POINT('Ctrl Pts',(-0.817301499882239,0.453849233889945,
-34.4));
#4283=CARTESIAN_POINT('Ctrl Pts',(-0.817301499882239,0.138857331903535,
-34.4));
#4284=CARTESIAN_POINT('',(-1.06705839258152,0.990640167452584,-34.2));
#4285=CARTESIAN_POINT('',(-1.06705839258152,0.990640167452584,-34.2));
#4286=CARTESIAN_POINT('Ctrl Pts',(-1.06705839258152,0.990640167452584,-34.2));
#4287=CARTESIAN_POINT('Ctrl Pts',(-0.947771518456491,0.863897863694738,
-34.2));
#4288=CARTESIAN_POINT('Ctrl Pts',(-0.817301499882239,0.453849233889945,
-34.2));
#4289=CARTESIAN_POINT('Ctrl Pts',(-0.817301499882239,0.138857331903535,
-34.2));
#4290=CARTESIAN_POINT('Ctrl Pts',(-1.57775532242931,1.19752833976318,-34.2));
#4291=CARTESIAN_POINT('Ctrl Pts',(-1.57775532242931,1.19752833976318,-34.632));
#4292=CARTESIAN_POINT('Ctrl Pts',(-1.419327442732,1.19752833976318,-34.2));
#4293=CARTESIAN_POINT('Ctrl Pts',(-1.419327442732,1.19752833976318,-34.632));
#4294=CARTESIAN_POINT('Ctrl Pts',(-1.16211512039991,1.09128846749558,-34.2));
#4295=CARTESIAN_POINT('Ctrl Pts',(-1.16211512039991,1.09128846749558,-34.632));
#4296=CARTESIAN_POINT('Ctrl Pts',(-1.06705839258152,0.990640167452584,-34.2));
#4297=CARTESIAN_POINT('Ctrl Pts',(-1.06705839258152,0.990640167452584,-34.632));
#4298=CARTESIAN_POINT('',(-1.57775532242931,1.19752833976318,-34.4));
#4299=CARTESIAN_POINT('Ctrl Pts',(-1.57775532242931,1.19752833976318,-34.4));
#4300=CARTESIAN_POINT('Ctrl Pts',(-1.419327442732,1.19752833976318,-34.4));
#4301=CARTESIAN_POINT('Ctrl Pts',(-1.16211512039991,1.09128846749558,-34.4));
#4302=CARTESIAN_POINT('Ctrl Pts',(-1.06705839258152,0.990640167452584,-34.4));
#4303=CARTESIAN_POINT('',(-1.57775532242931,1.19752833976318,-34.2));
#4304=CARTESIAN_POINT('',(-1.57775532242931,1.19752833976318,-34.2));
#4305=CARTESIAN_POINT('Ctrl Pts',(-1.57775532242931,1.19752833976318,-34.2));
#4306=CARTESIAN_POINT('Ctrl Pts',(-1.419327442732,1.19752833976318,-34.2));
#4307=CARTESIAN_POINT('Ctrl Pts',(-1.16211512039991,1.09128846749558,-34.2));
#4308=CARTESIAN_POINT('Ctrl Pts',(-1.06705839258152,0.990640167452584,-34.2));
#4309=CARTESIAN_POINT('Ctrl Pts',(-2.09217996709351,0.981320880411566,-34.2));
#4310=CARTESIAN_POINT('Ctrl Pts',(-2.09217996709351,0.981320880411566,-34.632));
#4311=CARTESIAN_POINT('Ctrl Pts',(-1.99712323927512,1.08383303786276,-34.2));
#4312=CARTESIAN_POINT('Ctrl Pts',(-1.99712323927512,1.08383303786276,-34.632));
#4313=CARTESIAN_POINT('Ctrl Pts',(-1.71940848545278,1.19752833976318,-34.2));
#4314=CARTESIAN_POINT('Ctrl Pts',(-1.71940848545278,1.19752833976318,-34.632));
#4315=CARTESIAN_POINT('Ctrl Pts',(-1.57775532242931,1.19752833976318,-34.2));
#4316=CARTESIAN_POINT('Ctrl Pts',(-1.57775532242931,1.19752833976318,-34.632));
#4317=CARTESIAN_POINT('',(-2.09217996709351,0.981320880411566,-34.4));
#4318=CARTESIAN_POINT('Ctrl Pts',(-2.09217996709351,0.981320880411566,-34.4));
#4319=CARTESIAN_POINT('Ctrl Pts',(-1.99712323927512,1.08383303786276,-34.4));
#4320=CARTESIAN_POINT('Ctrl Pts',(-1.71940848545278,1.19752833976318,-34.4));
#4321=CARTESIAN_POINT('Ctrl Pts',(-1.57775532242931,1.19752833976318,-34.4));
#4322=CARTESIAN_POINT('',(-2.09217996709351,0.981320880411566,-34.2));
#4323=CARTESIAN_POINT('',(-2.09217996709351,0.981320880411566,-34.2));
#4324=CARTESIAN_POINT('Ctrl Pts',(-2.09217996709351,0.981320880411566,-34.2));
#4325=CARTESIAN_POINT('Ctrl Pts',(-1.99712323927512,1.08383303786276,-34.2));
#4326=CARTESIAN_POINT('Ctrl Pts',(-1.71940848545278,1.19752833976318,-34.2));
#4327=CARTESIAN_POINT('Ctrl Pts',(-1.57775532242931,1.19752833976318,-34.2));
#4328=CARTESIAN_POINT('Ctrl Pts',(-2.30838742644512,0.403525083868447,-34.2));
#4329=CARTESIAN_POINT('Ctrl Pts',(-2.30838742644512,0.403525083868447,-34.632));
#4330=CARTESIAN_POINT('Ctrl Pts',(-2.30838742644512,0.58059153764779,-34.2));
#4331=CARTESIAN_POINT('Ctrl Pts',(-2.30838742644512,0.58059153764779,-34.632));
#4332=CARTESIAN_POINT('Ctrl Pts',(-2.1928282671365,0.87508100814396,-34.2));
#4333=CARTESIAN_POINT('Ctrl Pts',(-2.1928282671365,0.87508100814396,-34.632));
#4334=CARTESIAN_POINT('Ctrl Pts',(-2.09217996709351,0.981320880411566,-34.2));
#4335=CARTESIAN_POINT('Ctrl Pts',(-2.09217996709351,0.981320880411566,-34.632));
#4336=CARTESIAN_POINT('',(-2.30838742644512,0.403525083868447,-34.4));
#4337=CARTESIAN_POINT('Ctrl Pts',(-2.30838742644512,0.403525083868447,-34.4));
#4338=CARTESIAN_POINT('Ctrl Pts',(-2.30838742644512,0.58059153764779,-34.4));
#4339=CARTESIAN_POINT('Ctrl Pts',(-2.1928282671365,0.87508100814396,-34.4));
#4340=CARTESIAN_POINT('Ctrl Pts',(-2.09217996709351,0.981320880411566,-34.4));
#4341=CARTESIAN_POINT('',(-2.30838742644512,0.403525083868447,-34.2));
#4342=CARTESIAN_POINT('',(-2.30838742644512,0.403525083868447,-34.2));
#4343=CARTESIAN_POINT('Ctrl Pts',(-2.30838742644512,0.403525083868447,-34.2));
#4344=CARTESIAN_POINT('Ctrl Pts',(-2.30838742644512,0.58059153764779,-34.2));
#4345=CARTESIAN_POINT('Ctrl Pts',(-2.1928282671365,0.87508100814396,-34.2));
#4346=CARTESIAN_POINT('Ctrl Pts',(-2.09217996709351,0.981320880411566,-34.2));
#4347=CARTESIAN_POINT('Ctrl Pts',(-2.05863053374584,-0.183589999715689,
-34.2));
#4348=CARTESIAN_POINT('Ctrl Pts',(-2.05863053374584,-0.183589999715689,
-34.632));
#4349=CARTESIAN_POINT('Ctrl Pts',(-2.18164512268728,-0.0885332718973049,
-34.2));
#4350=CARTESIAN_POINT('Ctrl Pts',(-2.18164512268728,-0.0885332718973049,
-34.632));
#4351=CARTESIAN_POINT('Ctrl Pts',(-2.30838742644512,0.200364626374254,-34.2));
#4352=CARTESIAN_POINT('Ctrl Pts',(-2.30838742644512,0.200364626374254,-34.632));
#4353=CARTESIAN_POINT('Ctrl Pts',(-2.30838742644512,0.403525083868447,-34.2));
#4354=CARTESIAN_POINT('Ctrl Pts',(-2.30838742644512,0.403525083868447,-34.632));
#4355=CARTESIAN_POINT('',(-2.05863053374584,-0.183589999715689,-34.4));
#4356=CARTESIAN_POINT('Ctrl Pts',(-2.05863053374584,-0.183589999715689,
-34.4));
#4357=CARTESIAN_POINT('Ctrl Pts',(-2.18164512268728,-0.0885332718973049,
-34.4));
#4358=CARTESIAN_POINT('Ctrl Pts',(-2.30838742644512,0.200364626374254,-34.4));
#4359=CARTESIAN_POINT('Ctrl Pts',(-2.30838742644512,0.403525083868447,-34.4));
#4360=CARTESIAN_POINT('',(-2.05863053374584,-0.183589999715689,-34.2));
#4361=CARTESIAN_POINT('',(-2.05863053374584,-0.183589999715689,-34.2));
#4362=CARTESIAN_POINT('Ctrl Pts',(-2.05863053374584,-0.183589999715689,
-34.2));
#4363=CARTESIAN_POINT('Ctrl Pts',(-2.18164512268728,-0.0885332718973049,
-34.2));
#4364=CARTESIAN_POINT('Ctrl Pts',(-2.30838742644512,0.200364626374254,-34.2));
#4365=CARTESIAN_POINT('Ctrl Pts',(-2.30838742644512,0.403525083868447,-34.2));
#4366=CARTESIAN_POINT('Ctrl Pts',(-1.13415725927685,0.0624391781671874,
-34.2));
#4367=CARTESIAN_POINT('Ctrl Pts',(-1.13415725927685,0.0624391781671874,
-34.632));
#4368=CARTESIAN_POINT('Ctrl Pts',(-1.21989470005422,0.00465959851287556,
-34.2));
#4369=CARTESIAN_POINT('Ctrl Pts',(-1.21989470005422,0.00465959851287556,
-34.632));
#4370=CARTESIAN_POINT('Ctrl Pts',(-1.44728530385506,-0.064303125590658,
-34.2));
#4371=CARTESIAN_POINT('Ctrl Pts',(-1.44728530385506,-0.064303125590658,
-34.632));
#4372=CARTESIAN_POINT('Ctrl Pts',(-1.54606974648985,-0.064303125590658,
-34.2));
#4373=CARTESIAN_POINT('Ctrl Pts',(-1.54606974648985,-0.064303125590658,
-34.632));
#4374=CARTESIAN_POINT('',(-1.13415725927685,0.0624391781671874,-34.4));
#4375=CARTESIAN_POINT('Ctrl Pts',(-1.54606974648985,-0.064303125590658,
-34.4));
#4376=CARTESIAN_POINT('Ctrl Pts',(-1.44728530385506,-0.064303125590658,
-34.4));
#4377=CARTESIAN_POINT('Ctrl Pts',(-1.21989470005422,0.00465959851287556,
-34.4));
#4378=CARTESIAN_POINT('Ctrl Pts',(-1.13415725927685,0.0624391781671874,
-34.4));
#4379=CARTESIAN_POINT('',(-1.13415725927685,0.0624391781671874,-34.2));
#4380=CARTESIAN_POINT('Ctrl Pts',(-1.13415725927685,0.0624391781671874,
-34.2));
#4381=CARTESIAN_POINT('Ctrl Pts',(-1.21989470005422,0.00465959851287556,
-34.2));
#4382=CARTESIAN_POINT('Ctrl Pts',(-1.44728530385506,-0.064303125590658,
-34.2));
#4383=CARTESIAN_POINT('Ctrl Pts',(-1.54606974648985,-0.064303125590658,
-34.2));
#4384=CARTESIAN_POINT('',(-1.13415725927685,0.0624391781671874,-34.2));
#4385=CARTESIAN_POINT('Ctrl Pts',(-1.12856568705224,0.207820056007069,-34.2));
#4386=CARTESIAN_POINT('Ctrl Pts',(-1.12856568705224,0.207820056007069,-34.632));
#4387=CARTESIAN_POINT('Ctrl Pts',(-1.12856568705224,0.161223620801979,-34.2));
#4388=CARTESIAN_POINT('Ctrl Pts',(-1.12856568705224,0.161223620801979,-34.632));
#4389=CARTESIAN_POINT('Ctrl Pts',(-1.13229340186865,0.0848054670656306,
-34.2));
#4390=CARTESIAN_POINT('Ctrl Pts',(-1.13229340186865,0.0848054670656306,
-34.632));
#4391=CARTESIAN_POINT('Ctrl Pts',(-1.13415725927685,0.0624391781671874,
-34.2));
#4392=CARTESIAN_POINT('Ctrl Pts',(-1.13415725927685,0.0624391781671874,
-34.632));
#4393=CARTESIAN_POINT('',(-1.12856568705224,0.207820056007069,-34.4));
#4394=CARTESIAN_POINT('Ctrl Pts',(-1.13415725927685,0.0624391781671874,
-34.4));
#4395=CARTESIAN_POINT('Ctrl Pts',(-1.13229340186865,0.0848054670656306,
-34.4));
#4396=CARTESIAN_POINT('Ctrl Pts',(-1.12856568705224,0.161223620801979,-34.4));
#4397=CARTESIAN_POINT('Ctrl Pts',(-1.12856568705224,0.207820056007069,-34.4));
#4398=CARTESIAN_POINT('',(-1.12856568705224,0.207820056007069,-34.2));
#4399=CARTESIAN_POINT('Ctrl Pts',(-1.12856568705224,0.207820056007069,-34.2));
#4400=CARTESIAN_POINT('Ctrl Pts',(-1.12856568705224,0.161223620801979,-34.2));
#4401=CARTESIAN_POINT('Ctrl Pts',(-1.13229340186865,0.0848054670656306,
-34.2));
#4402=CARTESIAN_POINT('Ctrl Pts',(-1.13415725927685,0.0624391781671874,
-34.2));
#4403=CARTESIAN_POINT('',(-1.12856568705224,0.207820056007069,-34.2));
#4404=CARTESIAN_POINT('Ctrl Pts',(-1.29072128156596,0.815437571081445,-34.2));
#4405=CARTESIAN_POINT('Ctrl Pts',(-1.29072128156596,0.815437571081445,-34.632));
#4406=CARTESIAN_POINT('Ctrl Pts',(-1.21430312782961,0.73529170252869,-34.2));
#4407=CARTESIAN_POINT('Ctrl Pts',(-1.21430312782961,0.73529170252869,-34.632));
#4408=CARTESIAN_POINT('Ctrl Pts',(-1.12856568705224,0.440802232032519,-34.2));
#4409=CARTESIAN_POINT('Ctrl Pts',(-1.12856568705224,0.440802232032519,-34.632));
#4410=CARTESIAN_POINT('Ctrl Pts',(-1.12856568705224,0.207820056007069,-34.2));
#4411=CARTESIAN_POINT('Ctrl Pts',(-1.12856568705224,0.207820056007069,-34.632));
#4412=CARTESIAN_POINT('Ctrl Pts',(-1.12856568705224,0.207820056007069,-34.4));
#4413=CARTESIAN_POINT('Ctrl Pts',(-1.12856568705224,0.440802232032519,-34.4));
#4414=CARTESIAN_POINT('Ctrl Pts',(-1.21430312782961,0.73529170252869,-34.4));
#4415=CARTESIAN_POINT('Ctrl Pts',(-1.29072128156596,0.815437571081445,-34.4));
#4416=CARTESIAN_POINT('Ctrl Pts',(-1.29072128156596,0.815437571081445,-34.2));
#4417=CARTESIAN_POINT('Ctrl Pts',(-1.21430312782961,0.73529170252869,-34.2));
#4418=CARTESIAN_POINT('Ctrl Pts',(-1.12856568705224,0.440802232032519,-34.2));
#4419=CARTESIAN_POINT('Ctrl Pts',(-1.12856568705224,0.207820056007069,-34.2));
#4420=CARTESIAN_POINT('Ctrl Pts',(-1.61503247059338,-0.319651590514552,
-34.2));
#4421=CARTESIAN_POINT('Ctrl Pts',(-1.61503247059338,-0.319651590514552,
-34.632));
#4422=CARTESIAN_POINT('Ctrl Pts',(-1.74177477435123,-0.319651590514552,
-34.2));
#4423=CARTESIAN_POINT('Ctrl Pts',(-1.74177477435123,-0.319651590514552,
-34.632));
#4424=CARTESIAN_POINT('Ctrl Pts',(-1.95239066147824,-0.263735868268444,
-34.2));
#4425=CARTESIAN_POINT('Ctrl Pts',(-1.95239066147824,-0.263735868268444,
-34.632));
#4426=CARTESIAN_POINT('Ctrl Pts',(-2.05863053374584,-0.183589999715689,
-34.2));
#4427=CARTESIAN_POINT('Ctrl Pts',(-2.05863053374584,-0.183589999715689,
-34.632));
#4428=CARTESIAN_POINT('',(-1.61503247059338,-0.319651590514552,-34.4));
#4429=CARTESIAN_POINT('Ctrl Pts',(-1.61503247059338,-0.319651590514552,
-34.4));
#4430=CARTESIAN_POINT('Ctrl Pts',(-1.74177477435123,-0.319651590514552,
-34.4));
#4431=CARTESIAN_POINT('Ctrl Pts',(-1.95239066147824,-0.263735868268444,
-34.4));
#4432=CARTESIAN_POINT('Ctrl Pts',(-2.05863053374584,-0.183589999715689,
-34.4));
#4433=CARTESIAN_POINT('',(-1.61503247059338,-0.319651590514552,-34.2));
#4434=CARTESIAN_POINT('',(-1.61503247059338,-0.319651590514552,-34.2));
#4435=CARTESIAN_POINT('Ctrl Pts',(-1.61503247059338,-0.319651590514552,
-34.2));
#4436=CARTESIAN_POINT('Ctrl Pts',(-1.74177477435123,-0.319651590514552,
-34.2));
#4437=CARTESIAN_POINT('Ctrl Pts',(-1.95239066147824,-0.263735868268444,
-34.2));
#4438=CARTESIAN_POINT('Ctrl Pts',(-2.05863053374584,-0.183589999715689,
-34.2));
#4439=CARTESIAN_POINT('Ctrl Pts',(-1.13602111668506,-0.159359853409042,
-34.2));
#4440=CARTESIAN_POINT('Ctrl Pts',(-1.13602111668506,-0.159359853409042,
-34.632));
#4441=CARTESIAN_POINT('Ctrl Pts',(-1.25903570562649,-0.243233436778204,
-34.2));
#4442=CARTESIAN_POINT('Ctrl Pts',(-1.25903570562649,-0.243233436778204,
-34.632));
#4443=CARTESIAN_POINT('Ctrl Pts',(-1.48269859461093,-0.319651590514552,
-34.2));
#4444=CARTESIAN_POINT('Ctrl Pts',(-1.48269859461093,-0.319651590514552,
-34.632));
#4445=CARTESIAN_POINT('Ctrl Pts',(-1.61503247059338,-0.319651590514552,
-34.2));
#4446=CARTESIAN_POINT('Ctrl Pts',(-1.61503247059338,-0.319651590514552,
-34.632));
#4447=CARTESIAN_POINT('',(-1.13602111668506,-0.159359853409042,-34.4));
#4448=CARTESIAN_POINT('Ctrl Pts',(-1.13602111668506,-0.159359853409042,
-34.4));
#4449=CARTESIAN_POINT('Ctrl Pts',(-1.25903570562649,-0.243233436778204,
-34.4));
#4450=CARTESIAN_POINT('Ctrl Pts',(-1.48269859461093,-0.319651590514552,
-34.4));
#4451=CARTESIAN_POINT('Ctrl Pts',(-1.61503247059338,-0.319651590514552,
-34.4));
#4452=CARTESIAN_POINT('',(-1.13602111668506,-0.159359853409042,-34.2));
#4453=CARTESIAN_POINT('',(-1.13602111668506,-0.159359853409042,-34.2));
#4454=CARTESIAN_POINT('Ctrl Pts',(-1.13602111668506,-0.159359853409042,
-34.2));
#4455=CARTESIAN_POINT('Ctrl Pts',(-1.25903570562649,-0.243233436778204,
-34.2));
#4456=CARTESIAN_POINT('Ctrl Pts',(-1.48269859461093,-0.319651590514552,
-34.2));
#4457=CARTESIAN_POINT('Ctrl Pts',(-1.61503247059338,-0.319651590514552,
-34.2));
#4458=CARTESIAN_POINT('Ctrl Pts',(-1.80700978363835,-0.927269105588928,
-34.2));
#4459=CARTESIAN_POINT('Ctrl Pts',(-1.80700978363835,-0.927269105588928,
-34.632));
#4460=CARTESIAN_POINT('Ctrl Pts',(-1.50506488350937,-0.927269105588928,
-34.2));
#4461=CARTESIAN_POINT('Ctrl Pts',(-1.50506488350937,-0.927269105588928,
-34.632));
#4462=CARTESIAN_POINT('Ctrl Pts',(-1.1602512629917,-0.528403620233356,-34.2));
#4463=CARTESIAN_POINT('Ctrl Pts',(-1.1602512629917,-0.528403620233356,-34.632));
#4464=CARTESIAN_POINT('Ctrl Pts',(-1.13602111668506,-0.159359853409042,
-34.2));
#4465=CARTESIAN_POINT('Ctrl Pts',(-1.13602111668506,-0.159359853409042,
-34.632));
#4466=CARTESIAN_POINT('',(-1.80700978363835,-0.927269105588928,-34.4));
#4467=CARTESIAN_POINT('Ctrl Pts',(-1.80700978363835,-0.927269105588928,
-34.4));
#4468=CARTESIAN_POINT('Ctrl Pts',(-1.50506488350937,-0.927269105588928,
-34.4));
#4469=CARTESIAN_POINT('Ctrl Pts',(-1.1602512629917,-0.528403620233356,-34.4));
#4470=CARTESIAN_POINT('Ctrl Pts',(-1.13602111668506,-0.159359853409042,
-34.4));
#4471=CARTESIAN_POINT('',(-1.80700978363835,-0.927269105588928,-34.2));
#4472=CARTESIAN_POINT('',(-1.80700978363835,-0.927269105588928,-34.2));
#4473=CARTESIAN_POINT('Ctrl Pts',(-1.80700978363835,-0.927269105588928,
-34.2));
#4474=CARTESIAN_POINT('Ctrl Pts',(-1.50506488350937,-0.927269105588928,
-34.2));
#4475=CARTESIAN_POINT('Ctrl Pts',(-1.1602512629917,-0.528403620233356,-34.2));
#4476=CARTESIAN_POINT('Ctrl Pts',(-1.13602111668506,-0.159359853409042,
-34.2));
#4477=CARTESIAN_POINT('Ctrl Pts',(-2.09404382450171,-0.865761811118209,
-34.2));
#4478=CARTESIAN_POINT('Ctrl Pts',(-2.09404382450171,-0.865761811118209,
-34.632));
#4479=CARTESIAN_POINT('Ctrl Pts',(-2.05490281892943,-0.888128100016652,
-34.2));
#4480=CARTESIAN_POINT('Ctrl Pts',(-2.05490281892943,-0.888128100016652,
-34.632));
#4481=CARTESIAN_POINT('Ctrl Pts',(-1.89088336700752,-0.927269105588928,
-34.2));
#4482=CARTESIAN_POINT('Ctrl Pts',(-1.89088336700752,-0.927269105588928,
-34.632));
#4483=CARTESIAN_POINT('Ctrl Pts',(-1.80700978363835,-0.927269105588928,
-34.2));
#4484=CARTESIAN_POINT('Ctrl Pts',(-1.80700978363835,-0.927269105588928,
-34.632));
#4485=CARTESIAN_POINT('',(-2.09404382450171,-0.865761811118209,-34.4));
#4486=CARTESIAN_POINT('Ctrl Pts',(-2.09404382450171,-0.865761811118209,
-34.4));
#4487=CARTESIAN_POINT('Ctrl Pts',(-2.05490281892943,-0.888128100016652,
-34.4));
#4488=CARTESIAN_POINT('Ctrl Pts',(-1.89088336700752,-0.927269105588928,
-34.4));
#4489=CARTESIAN_POINT('Ctrl Pts',(-1.80700978363835,-0.927269105588928,
-34.4));
#4490=CARTESIAN_POINT('',(-2.09404382450171,-0.865761811118209,-34.2));
#4491=CARTESIAN_POINT('',(-2.09404382450171,-0.865761811118209,-34.2));
#4492=CARTESIAN_POINT('Ctrl Pts',(-2.09404382450171,-0.865761811118209,
-34.2));
#4493=CARTESIAN_POINT('Ctrl Pts',(-2.05490281892943,-0.888128100016652,
-34.2));
#4494=CARTESIAN_POINT('Ctrl Pts',(-1.89088336700752,-0.927269105588928,
-34.2));
#4495=CARTESIAN_POINT('Ctrl Pts',(-1.80700978363835,-0.927269105588928,
-34.2));
#4496=CARTESIAN_POINT('Origin',(-2.09404382450171,-0.865761811118209,-34.2));
#4497=CARTESIAN_POINT('',(-2.10895468376734,-0.865761811118209,-34.4));
#4498=CARTESIAN_POINT('',(-1.04702191225085,-0.865761811118209,-34.4));
#4499=CARTESIAN_POINT('',(-2.10895468376734,-0.865761811118209,-34.2));
#4500=CARTESIAN_POINT('',(-2.10895468376734,-0.865761811118209,-34.2));
#4501=CARTESIAN_POINT('',(-2.10895468376734,-0.865761811118209,-34.2));
#4502=CARTESIAN_POINT('Origin',(-2.10895468376734,-0.865761811118209,-34.2));
#4503=CARTESIAN_POINT('',(-2.10895468376734,-1.16211513902258,-34.4));
#4504=CARTESIAN_POINT('',(-2.10895468376734,-0.432880905559105,-34.4));
#4505=CARTESIAN_POINT('',(-2.10895468376734,-1.16211513902258,-34.2));
#4506=CARTESIAN_POINT('',(-2.10895468376734,-1.16211513902258,-34.2));
#4507=CARTESIAN_POINT('',(-2.10895468376734,-1.16211513902258,-34.2));
#4508=CARTESIAN_POINT('Ctrl Pts',(-1.84801464661883,-1.19380071496204,-34.2));
#4509=CARTESIAN_POINT('Ctrl Pts',(-1.84801464661883,-1.19380071496204,-34.632));
#4510=CARTESIAN_POINT('Ctrl Pts',(-1.90952194108955,-1.19380071496204,-34.2));
#4511=CARTESIAN_POINT('Ctrl Pts',(-1.90952194108955,-1.19380071496204,-34.632));
#4512=CARTESIAN_POINT('Ctrl Pts',(-2.04931124670482,-1.18075371310462,-34.2));
#4513=CARTESIAN_POINT('Ctrl Pts',(-2.04931124670482,-1.18075371310462,-34.632));
#4514=CARTESIAN_POINT('Ctrl Pts',(-2.10895468376734,-1.16211513902258,-34.2));
#4515=CARTESIAN_POINT('Ctrl Pts',(-2.10895468376734,-1.16211513902258,-34.632));
#4516=CARTESIAN_POINT('Ctrl Pts',(-1.84801464661883,-1.19380071496204,-34.4));
#4517=CARTESIAN_POINT('Ctrl Pts',(-1.90952194108955,-1.19380071496204,-34.4));
#4518=CARTESIAN_POINT('Ctrl Pts',(-2.04931124670482,-1.18075371310462,-34.4));
#4519=CARTESIAN_POINT('Ctrl Pts',(-2.10895468376734,-1.16211513902258,-34.4));
#4520=CARTESIAN_POINT('Ctrl Pts',(-1.84801464661883,-1.19380071496204,-34.2));
#4521=CARTESIAN_POINT('Ctrl Pts',(-1.90952194108955,-1.19380071496204,-34.2));
#4522=CARTESIAN_POINT('Ctrl Pts',(-2.04931124670482,-1.18075371310462,-34.2));
#4523=CARTESIAN_POINT('Ctrl Pts',(-2.10895468376734,-1.16211513902258,-34.2));
#4524=CARTESIAN_POINT('Origin',(-1.52844034144265,-0.108695613014414,-34.2));
#4525=CARTESIAN_POINT('Origin',(3.08004385846609,0.0268283959747769,-34.2));
#4526=CARTESIAN_POINT('',(3.9057131725057,-1.14906813716516,-34.2));
#4527=CARTESIAN_POINT('',(3.56276340939624,-1.14906813716516,-34.2));
#4528=CARTESIAN_POINT('',(3.9057131725057,-1.14906813716516,-34.2));
#4529=CARTESIAN_POINT('',(3.9057131725057,1.15093190455809,-34.2));
#4530=CARTESIAN_POINT('',(3.9057131725057,1.15093190455809,-34.2));
#4531=CARTESIAN_POINT('',(3.62054298905055,1.15093190455809,-34.2));
#4532=CARTESIAN_POINT('',(3.62054298905055,1.15093190455809,-34.2));
#4533=CARTESIAN_POINT('',(3.62054298905055,-0.67005678325683,-34.2));
#4534=CARTESIAN_POINT('',(3.62054298905055,-0.67005678325683,-34.2));
#4535=CARTESIAN_POINT('',(2.69420585717336,1.15093190455809,-34.2));
#4536=CARTESIAN_POINT('',(2.69420585717336,1.15093190455809,-34.2));
#4537=CARTESIAN_POINT('',(2.25992708106192,1.15093190455809,-34.2));
#4538=CARTESIAN_POINT('',(2.25992708106192,1.15093190455809,-34.2));
#4539=CARTESIAN_POINT('',(2.25992708106192,-1.14906813716516,-34.2));
#4540=CARTESIAN_POINT('',(2.25992708106192,-1.14906813716516,-34.2));
#4541=CARTESIAN_POINT('',(2.54509726451707,-1.14906813716516,-34.2));
#4542=CARTESIAN_POINT('',(2.54509726451707,-1.14906813716516,-34.2));
#4543=CARTESIAN_POINT('',(2.54509726451707,0.834076145163481,-34.2));
#4544=CARTESIAN_POINT('',(2.54509726451707,0.834076145163481,-34.2));
#4545=CARTESIAN_POINT('',(3.56276340939624,-1.14906813716516,-34.2));
#4546=CARTESIAN_POINT('Origin',(2.25992708106192,1.15093190455809,-34.2));
#4547=CARTESIAN_POINT('',(2.25992708106192,-1.14906813716516,-34.4));
#4548=CARTESIAN_POINT('',(2.25992708106192,1.15093190455809,-34.4));
#4549=CARTESIAN_POINT('',(2.25992708106192,0.575465952279047,-34.4));
#4550=CARTESIAN_POINT('',(2.25992708106192,-1.14906813716516,-34.2));
#4551=CARTESIAN_POINT('',(2.25992708106192,1.15093190455809,-34.2));
#4552=CARTESIAN_POINT('Origin',(2.69420585717336,1.15093190455809,-34.2));
#4553=CARTESIAN_POINT('',(2.69420585717336,1.15093190455809,-34.4));
#4554=CARTESIAN_POINT('',(1.34710292858668,1.15093190455809,-34.4));
#4555=CARTESIAN_POINT('',(2.69420585717336,1.15093190455809,-34.2));
#4556=CARTESIAN_POINT('Origin',(3.62054298905055,-0.67005678325683,-34.2));
#4557=CARTESIAN_POINT('',(3.62054298905055,-0.67005678325683,-34.4));
#4558=CARTESIAN_POINT('',(3.11299953001237,0.327669493363487,-34.4));
#4559=CARTESIAN_POINT('',(3.62054298905055,-0.67005678325683,-34.2));
#4560=CARTESIAN_POINT('Origin',(3.62054298905055,1.15093190455809,-34.2));
#4561=CARTESIAN_POINT('',(3.62054298905055,1.15093190455809,-34.4));
#4562=CARTESIAN_POINT('',(3.62054298905055,0.575465952279047,-34.4));
#4563=CARTESIAN_POINT('',(3.62054298905055,1.15093190455809,-34.2));
#4564=CARTESIAN_POINT('Origin',(3.9057131725057,1.15093190455809,-34.2));
#4565=CARTESIAN_POINT('',(3.9057131725057,1.15093190455809,-34.4));
#4566=CARTESIAN_POINT('',(1.95285658625285,1.15093190455809,-34.4));
#4567=CARTESIAN_POINT('',(3.9057131725057,1.15093190455809,-34.2));
#4568=CARTESIAN_POINT('Origin',(3.9057131725057,-1.14906813716516,-34.2));
#4569=CARTESIAN_POINT('',(3.9057131725057,-1.14906813716516,-34.4));
#4570=CARTESIAN_POINT('',(3.9057131725057,-0.574534068582579,-34.4));
#4571=CARTESIAN_POINT('',(3.9057131725057,-1.14906813716516,-34.2));
#4572=CARTESIAN_POINT('Origin',(3.56276340939624,-1.14906813716516,-34.2));
#4573=CARTESIAN_POINT('',(3.56276340939624,-1.14906813716516,-34.4));
#4574=CARTESIAN_POINT('',(1.78138170469812,-1.14906813716516,-34.4));
#4575=CARTESIAN_POINT('',(3.56276340939624,-1.14906813716516,-34.2));
#4576=CARTESIAN_POINT('Origin',(2.54509726451707,0.834076145163481,-34.2));
#4577=CARTESIAN_POINT('',(2.54509726451707,0.834076145163481,-34.4));
#4578=CARTESIAN_POINT('',(2.44924340367933,1.02086828423189,-34.4));
#4579=CARTESIAN_POINT('',(2.54509726451707,0.834076145163481,-34.2));
#4580=CARTESIAN_POINT('Origin',(2.54509726451707,-1.14906813716516,-34.2));
#4581=CARTESIAN_POINT('',(2.54509726451707,-1.14906813716516,-34.4));
#4582=CARTESIAN_POINT('',(2.54509726451707,-0.574534068582579,-34.4));
#4583=CARTESIAN_POINT('',(2.54509726451707,-1.14906813716516,-34.2));
#4584=CARTESIAN_POINT('Origin',(2.25992708106192,-1.14906813716516,-34.2));
#4585=CARTESIAN_POINT('',(1.12996354053096,-1.14906813716516,-34.4));
#4586=CARTESIAN_POINT('Origin',(8.32667268468867E-16,3.10551895000044E-17,
-34.4));
#4587=CARTESIAN_POINT('',(-9.,-2.5,-34.4));
#4588=CARTESIAN_POINT('',(-7.5,-4.,-34.4));
#4589=CARTESIAN_POINT('Origin',(-7.5,-2.5,-34.4));
#4590=CARTESIAN_POINT('',(7.5,-4.00000000000001,-34.4));
#4591=CARTESIAN_POINT('',(9.,-4.00000000000001,-34.4));
#4592=CARTESIAN_POINT('',(9.,-2.5,-34.4));
#4593=CARTESIAN_POINT('Origin',(7.5,-2.5,-34.4));
#4594=CARTESIAN_POINT('',(9.,2.5,-34.4));
#4595=CARTESIAN_POINT('',(9.,4.00000000000001,-34.4));
#4596=CARTESIAN_POINT('',(7.5,4.00000000000001,-34.4));
#4597=CARTESIAN_POINT('Origin',(7.5,2.5,-34.4));
#4598=CARTESIAN_POINT('',(-7.5,4.,-34.4));
#4599=CARTESIAN_POINT('',(-9.,4.,-34.4));
#4600=CARTESIAN_POINT('',(-9.,2.5,-34.4));
#4601=CARTESIAN_POINT('Origin',(-7.5,2.5,-34.4));
#4602=CARTESIAN_POINT('',(-9.,-4.,-34.4));
#4603=CARTESIAN_POINT('Origin',(8.32667268468867E-16,3.10551895000044E-17,
-34.4));
#4604=CARTESIAN_POINT('Origin',(-7.5,-2.5,-34.2));
#4605=CARTESIAN_POINT('',(-9.,-2.5,-34.2));
#4606=CARTESIAN_POINT('',(-9.,-2.5,-34.2));
#4607=CARTESIAN_POINT('',(-7.5,-4.,-34.2));
#4608=CARTESIAN_POINT('Origin',(-7.5,-2.5,-34.2));
#4609=CARTESIAN_POINT('',(-7.5,-4.,-34.2));
#4610=CARTESIAN_POINT('Origin',(-9.,4.,-34.2));
#4611=CARTESIAN_POINT('',(-9.,2.5,-34.2));
#4612=CARTESIAN_POINT('',(-9.,2.5,-34.2));
#4613=CARTESIAN_POINT('',(-9.,2.,-34.2));
#4614=CARTESIAN_POINT('Origin',(7.5,-2.5,-34.2));
#4615=CARTESIAN_POINT('',(7.5,-4.00000000000001,-34.2));
#4616=CARTESIAN_POINT('',(7.5,-4.00000000000001,-34.2));
#4617=CARTESIAN_POINT('',(9.,-2.5,-34.2));
#4618=CARTESIAN_POINT('Origin',(7.5,-2.5,-34.2));
#4619=CARTESIAN_POINT('',(9.,-2.5,-34.2));
#4620=CARTESIAN_POINT('Origin',(8.32667268468867E-16,3.10551895000044E-17,
-34.4));
#4621=CARTESIAN_POINT('Origin',(9.,0.,-34.2));
#4622=CARTESIAN_POINT('',(9.,2.5,-34.2));
#4623=CARTESIAN_POINT('',(9.,-1.11022302462516E-15,-34.2));
#4624=CARTESIAN_POINT('',(9.,2.5,-34.2));
#4625=CARTESIAN_POINT('Origin',(7.5,2.5,-34.2));
#4626=CARTESIAN_POINT('',(7.5,4.00000000000001,-34.2));
#4627=CARTESIAN_POINT('Origin',(7.5,2.5,-34.2));
#4628=CARTESIAN_POINT('',(7.5,4.00000000000001,-34.2));
#4629=CARTESIAN_POINT('Origin',(-7.5,2.5,-34.2));
#4630=CARTESIAN_POINT('',(-7.5,4.,-34.2));
#4631=CARTESIAN_POINT('',(-7.5,4.,-34.2));
#4632=CARTESIAN_POINT('Origin',(-7.5,2.5,-34.2));
#4633=CARTESIAN_POINT('Origin',(-9.,-4.,-34.2));
#4634=CARTESIAN_POINT('',(-4.5,-4.,-34.2));
#4635=CARTESIAN_POINT('Origin',(0.,4.,-34.2));
#4636=CARTESIAN_POINT('',(-1.5419764230905E-16,4.,-34.2));
#4637=CARTESIAN_POINT('Origin',(55.,-27.75,-3.4));
#4638=CARTESIAN_POINT('',(53.,-27.75,-3.4));
#4639=CARTESIAN_POINT('Origin',(55.,-27.75,-3.4));
#4640=CARTESIAN_POINT('',(53.679,-27.75,-3.4));
#4641=CARTESIAN_POINT('Origin',(55.,-27.75,-3.4));
#4642=CARTESIAN_POINT('Origin',(55.,-27.75,-1.7));
#4643=CARTESIAN_POINT('',(53.,-27.75,0.));
#4644=CARTESIAN_POINT('',(53.,-27.75,-1.7));
#4645=CARTESIAN_POINT('Origin',(55.,-27.75,0.));
#4646=CARTESIAN_POINT('Origin',(55.,-27.75,-6.5));
#4647=CARTESIAN_POINT('',(53.679,-27.75,-13.));
#4648=CARTESIAN_POINT('Origin',(55.,-27.75,-13.));
#4649=CARTESIAN_POINT('',(53.679,-27.75,-6.5));
#4650=CARTESIAN_POINT('Origin',(55.,-27.75,-13.));
#4651=CARTESIAN_POINT('Origin',(-55.,27.75,-3.4));
#4652=CARTESIAN_POINT('',(-57.,27.75,-3.4));
#4653=CARTESIAN_POINT('Origin',(-55.,27.75,-3.4));
#4654=CARTESIAN_POINT('',(-56.321,27.75,-3.4));
#4655=CARTESIAN_POINT('Origin',(-55.,27.75,-3.4));
#4656=CARTESIAN_POINT('Origin',(-55.,27.75,-1.7));
#4657=CARTESIAN_POINT('',(-57.,27.75,0.));
#4658=CARTESIAN_POINT('',(-57.,27.75,-1.7));
#4659=CARTESIAN_POINT('Origin',(-55.,27.75,0.));
#4660=CARTESIAN_POINT('Origin',(-55.,27.75,-6.5));
#4661=CARTESIAN_POINT('',(-56.321,27.75,-13.));
#4662=CARTESIAN_POINT('Origin',(-55.,27.75,-13.));
#4663=CARTESIAN_POINT('',(-56.321,27.75,-6.5));
#4664=CARTESIAN_POINT('Origin',(-55.,27.75,-13.));
#4665=CARTESIAN_POINT('Origin',(55.,27.75,-3.4));
#4666=CARTESIAN_POINT('',(53.,27.75,-3.4));
#4667=CARTESIAN_POINT('Origin',(55.,27.75,-3.4));
#4668=CARTESIAN_POINT('',(53.679,27.75,-3.4));
#4669=CARTESIAN_POINT('Origin',(55.,27.75,-3.4));
#4670=CARTESIAN_POINT('Origin',(55.,27.75,-1.7));
#4671=CARTESIAN_POINT('',(53.,27.75,0.));
#4672=CARTESIAN_POINT('',(53.,27.75,-1.7));
#4673=CARTESIAN_POINT('Origin',(55.,27.75,0.));
#4674=CARTESIAN_POINT('Origin',(55.,27.75,-6.5));
#4675=CARTESIAN_POINT('',(53.679,27.75,-13.));
#4676=CARTESIAN_POINT('Origin',(55.,27.75,-13.));
#4677=CARTESIAN_POINT('',(53.679,27.75,-6.5));
#4678=CARTESIAN_POINT('Origin',(55.,27.75,-13.));
#4679=CARTESIAN_POINT('Origin',(-55.,-27.75,-3.4));
#4680=CARTESIAN_POINT('',(-57.,-27.75,-3.4));
#4681=CARTESIAN_POINT('Origin',(-55.,-27.75,-3.4));
#4682=CARTESIAN_POINT('',(-56.321,-27.75,-3.4));
#4683=CARTESIAN_POINT('Origin',(-55.,-27.75,-3.4));
#4684=CARTESIAN_POINT('Origin',(-55.,-27.75,-1.7));
#4685=CARTESIAN_POINT('',(-57.,-27.75,0.));
#4686=CARTESIAN_POINT('',(-57.,-27.75,-1.7));
#4687=CARTESIAN_POINT('Origin',(-55.,-27.75,0.));
#4688=CARTESIAN_POINT('Origin',(-55.,-27.75,-6.5));
#4689=CARTESIAN_POINT('',(-56.321,-27.75,-13.));
#4690=CARTESIAN_POINT('Origin',(-55.,-27.75,-13.));
#4691=CARTESIAN_POINT('',(-56.321,-27.75,-6.5));
#4692=CARTESIAN_POINT('Origin',(-55.,-27.75,-13.));
#4693=CARTESIAN_POINT('Origin',(-55.5486302678439,27.9986302678439,-0.0981254704868321));
#4694=CARTESIAN_POINT('',(-52.05,27.9988006374144,0.));
#4695=CARTESIAN_POINT('',(-55.5488006374144,24.5,0.));
#4696=CARTESIAN_POINT('Origin',(-55.551199773718,28.001199773718,0.));
#4697=CARTESIAN_POINT('',(-54.6532421197482,23.6044414823338,-34.2));
#4698=CARTESIAN_POINT('',(-55.5486302678439,24.4998296304295,-0.0065061514092761));
#4699=CARTESIAN_POINT('',(-51.1544414823338,27.1032421197483,-34.2));
#4700=CARTESIAN_POINT('Origin',(-54.6556412560518,27.1056412560518,-34.2));
#4701=CARTESIAN_POINT('',(-52.0498296304295,27.9986302678439,-0.00650615140927575));
#4702=CARTESIAN_POINT('Origin',(-52.05,24.5,0.));
#4703=CARTESIAN_POINT('',(-58.85,24.5,0.));
#4704=CARTESIAN_POINT('',(-26.025,24.5,0.));
#4705=CARTESIAN_POINT('',(-57.9544414823338,23.6044414823338,-34.2));
#4706=CARTESIAN_POINT('',(-58.8476718044383,24.4976718044383,-0.0889102014424846));
#4707=CARTESIAN_POINT('',(-58.85,23.6044414823338,-34.2));
#4708=CARTESIAN_POINT('Origin',(-2.22044604925031E-15,1.11022302462516E-15,
0.));
#4709=CARTESIAN_POINT('',(-60.6,28.25154203761,0.));
#4710=CARTESIAN_POINT('',(-56.10154203761,32.75,0.));
#4711=CARTESIAN_POINT('Origin',(-56.0984574337911,28.2484574337911,0.));
#4712=CARTESIAN_POINT('',(-60.6,-28.25154203761,0.));
#4713=CARTESIAN_POINT('',(-60.6,-32.75,0.));
#4714=CARTESIAN_POINT('',(-56.10154203761,-32.75,0.));
#4715=CARTESIAN_POINT('Origin',(-56.0984574337911,-28.2484574337911,0.));
#4716=CARTESIAN_POINT('',(56.10154203761,-32.75,0.));
#4717=CARTESIAN_POINT('',(60.6,-32.75,0.));
#4718=CARTESIAN_POINT('',(60.6,-28.25154203761,0.));
#4719=CARTESIAN_POINT('Origin',(56.0984574337911,-28.2484574337911,0.));
#4720=CARTESIAN_POINT('',(60.6,28.25154203761,0.));
#4721=CARTESIAN_POINT('',(60.6,32.75,0.));
#4722=CARTESIAN_POINT('',(56.10154203761,32.75,0.));
#4723=CARTESIAN_POINT('Origin',(56.0984574337911,28.2484574337911,0.));
#4724=CARTESIAN_POINT('',(-60.6,32.75,0.));
#4725=CARTESIAN_POINT('',(-52.05,31.,0.));
#4726=CARTESIAN_POINT('',(-52.05,15.5,0.));
#4727=CARTESIAN_POINT('',(52.05,31.,0.));
#4728=CARTESIAN_POINT('',(-1.11022302462516E-15,31.,0.));
#4729=CARTESIAN_POINT('',(52.05,27.9988006374145,0.));
#4730=CARTESIAN_POINT('',(52.05,12.25,0.));
#4731=CARTESIAN_POINT('',(55.5488006374144,24.5,0.));
#4732=CARTESIAN_POINT('Origin',(55.551199773718,28.001199773718,0.));
#4733=CARTESIAN_POINT('',(58.85,24.5,0.));
#4734=CARTESIAN_POINT('',(29.425,24.5,0.));
#4735=CARTESIAN_POINT('',(58.85,-24.5,0.));
#4736=CARTESIAN_POINT('',(58.85,5.55111512312578E-16,0.));
#4737=CARTESIAN_POINT('',(55.5488006374144,-24.5,0.));
#4738=CARTESIAN_POINT('',(26.025,-24.5,0.));
#4739=CARTESIAN_POINT('',(52.05,-27.9988006374144,0.));
#4740=CARTESIAN_POINT('Origin',(55.551199773718,-28.001199773718,0.));
#4741=CARTESIAN_POINT('',(52.05,-31.,0.));
#4742=CARTESIAN_POINT('',(52.05,-15.5,0.));
#4743=CARTESIAN_POINT('',(-52.05,-31.,0.));
#4744=CARTESIAN_POINT('',(-1.11022302462516E-15,-31.,0.));
#4745=CARTESIAN_POINT('',(-52.05,-27.9988006374145,0.));
#4746=CARTESIAN_POINT('',(-52.05,-12.25,0.));
#4747=CARTESIAN_POINT('',(-55.5488006374144,-24.5,0.));
#4748=CARTESIAN_POINT('Origin',(-55.551199773718,-28.001199773718,0.));
#4749=CARTESIAN_POINT('',(-58.85,-24.5,0.));
#4750=CARTESIAN_POINT('',(-29.425,-24.5,0.));
#4751=CARTESIAN_POINT('',(-58.85,5.55111512312578E-16,0.));
#4752=CARTESIAN_POINT('Origin',(55.548732982354,27.998732982354,-0.0942029615996633));
#4753=CARTESIAN_POINT('',(51.1544414823338,27.1032421197483,-34.2));
#4754=CARTESIAN_POINT('',(52.0499323449396,27.998732982354,-0.00258364252210678));
#4755=CARTESIAN_POINT('',(54.6532421197483,23.6044414823338,-34.2));
#4756=CARTESIAN_POINT('Origin',(54.6556412560518,27.1056412560518,-34.2));
#4757=CARTESIAN_POINT('',(55.548732982354,24.4999323449396,-0.00258364252210725));
#4758=CARTESIAN_POINT('Origin',(52.05,24.5,0.));
#4759=CARTESIAN_POINT('',(51.1544414823338,30.1044414823338,-34.2));
#4760=CARTESIAN_POINT('',(52.0477745189484,30.9977745189484,-0.0849876925553157));
#4761=CARTESIAN_POINT('',(51.1544414823338,31.,-34.2));
#4762=CARTESIAN_POINT('Origin',(55.5486302678439,-27.9986302678439,-0.0981254704868321));
#4763=CARTESIAN_POINT('',(54.6532421197482,-23.6044414823338,-34.2));
#4764=CARTESIAN_POINT('',(55.5486302678439,-24.4998296304295,-0.0065061514092761));
#4765=CARTESIAN_POINT('',(51.1544414823338,-27.1032421197483,-34.2));
#4766=CARTESIAN_POINT('Origin',(54.6556412560518,-27.1056412560518,-34.2));
#4767=CARTESIAN_POINT('',(52.0498296304295,-27.9986302678439,-0.00650615140927575));
#4768=CARTESIAN_POINT('Origin',(52.05,-24.5,0.));
#4769=CARTESIAN_POINT('',(57.9544414823338,-23.6044414823338,-34.2));
#4770=CARTESIAN_POINT('',(58.8476718044383,-24.4976718044383,-0.0889102014424846));
#4771=CARTESIAN_POINT('',(58.85,-23.6044414823338,-34.2));
#4772=CARTESIAN_POINT('Origin',(-55.548732982354,-27.998732982354,-0.0942029615996633));
#4773=CARTESIAN_POINT('',(-51.1544414823338,-27.1032421197483,-34.2));
#4774=CARTESIAN_POINT('',(-52.0499323449396,-27.998732982354,-0.00258364252210678));
#4775=CARTESIAN_POINT('',(-54.6532421197483,-23.6044414823338,-34.2));
#4776=CARTESIAN_POINT('Origin',(-54.6556412560518,-27.1056412560518,-34.2));
#4777=CARTESIAN_POINT('',(-55.548732982354,-24.4999323449396,-0.00258364252210725));
#4778=CARTESIAN_POINT('Origin',(-58.85,-24.5,0.));
#4779=CARTESIAN_POINT('',(-57.9544414823338,-23.6044414823338,-34.2));
#4780=CARTESIAN_POINT('',(-52.05,-23.6044414823338,-34.2));
#4781=CARTESIAN_POINT('',(-58.841611648344,-24.491611648344,-0.320338225785421));
#4782=CARTESIAN_POINT('Ctrl Pts',(-59.700789875552,27.3448274290128,-34.3391998943996));
#4783=CARTESIAN_POINT('Ctrl Pts',(-59.7023184155325,28.3568208537414,-34.3480384824361));
#4784=CARTESIAN_POINT('Ctrl Pts',(-59.1124630710233,30.0362164308566,-34.3575400005091));
#4785=CARTESIAN_POINT('Ctrl Pts',(-57.2166850356626,31.5442104403157,-34.3541582649658));
#4786=CARTESIAN_POINT('Ctrl Pts',(-55.8703209024399,31.8517848147531,-34.3450993248993));
#4787=CARTESIAN_POINT('Ctrl Pts',(-55.1948274467717,31.8507900170316,-34.3391998957883));
#4788=CARTESIAN_POINT('Ctrl Pts',(-59.6892570542611,27.3448392238398,-34.7803806910567));
#4789=CARTESIAN_POINT('Ctrl Pts',(-59.6881412019671,28.355251937846,-34.7874580751221));
#4790=CARTESIAN_POINT('Ctrl Pts',(-59.0993139645404,30.0260772807074,-34.7950372417523));
#4791=CARTESIAN_POINT('Ctrl Pts',(-57.2101008576433,31.5303165983419,-34.7923418387145));
#4792=CARTESIAN_POINT('Ctrl Pts',(-55.8692785596798,31.8384867887276,-34.7851045869836));
#4793=CARTESIAN_POINT('Ctrl Pts',(-55.1948392361733,31.8392571962738,-34.7803806921468));
#4794=CARTESIAN_POINT('Ctrl Pts',(-59.3050212697076,27.3454896192733,-35.5362352828423));
#4795=CARTESIAN_POINT('Ctrl Pts',(-59.3024179856241,28.2682488954657,-35.5383383101446));
#4796=CARTESIAN_POINT('Ctrl Pts',(-58.7606425966222,29.7953949764337,-35.5405773232759));
#4797=CARTESIAN_POINT('Ctrl Pts',(-57.0370238383059,31.1685314876216,-35.5397814951494));
#4798=CARTESIAN_POINT('Ctrl Pts',(-55.8114196900649,31.4532619906225,-35.5376389806612));
#4799=CARTESIAN_POINT('Ctrl Pts',(-55.1954896392541,31.4550213903259,-35.5362352831453));
#4800=CARTESIAN_POINT('Ctrl Pts',(-58.5297205556815,27.3467824784508,-35.8008831941939));
#4801=CARTESIAN_POINT('Ctrl Pts',(-58.5297795305168,28.0953045238944,-35.8008547669332));
#4802=CARTESIAN_POINT('Ctrl Pts',(-58.0923447339991,29.3363759371889,-35.8008352789967));
#4803=CARTESIAN_POINT('Ctrl Pts',(-56.6917445537154,30.4510177866764,-35.800842625746));
#4804=CARTESIAN_POINT('Ctrl Pts',(-55.696411676423,30.6797416843529,-35.8008642139976));
#4805=CARTESIAN_POINT('Ctrl Pts',(-55.1967824932031,30.6797206574701,-35.8008831942231));
#4806=CARTESIAN_POINT('Ctrl Pts',(-58.1974384187176,27.3473358221384,-35.7999948319979));
#4807=CARTESIAN_POINT('Ctrl Pts',(-58.1986248611671,28.0212847792661,-35.799995123545));
#4808=CARTESIAN_POINT('Ctrl Pts',(-57.8060760530351,29.1396197322662,-35.7999953077862));
#4809=CARTESIAN_POINT('Ctrl Pts',(-56.5437740271687,30.1436025701335,-35.7999952373835));
#4810=CARTESIAN_POINT('Ctrl Pts',(-55.6471886673591,30.348213471441,-35.7999950266656));
#4811=CARTESIAN_POINT('Ctrl Pts',(-55.1973358339679,30.347438512974,-35.7999948319976));
#4812=CARTESIAN_POINT('',(-59.7007946889039,27.3523367265139,-34.3392654224618));
#4813=CARTESIAN_POINT('',(-58.2013087014406,27.3523367265139,-35.8));
#4814=CARTESIAN_POINT('Origin',(-58.2013087014406,27.3523367265139,-34.3));
#4815=CARTESIAN_POINT('',(-55.2023367265139,31.8507946889039,-34.3392654224618));
#4816=CARTESIAN_POINT('Origin',(-55.200280323968,27.350280323968,-34.3));
#4817=CARTESIAN_POINT('',(-55.2023367265139,30.3513087014406,-35.8));
#4818=CARTESIAN_POINT('Origin',(-55.2023367265139,30.3513087014406,-34.3));
#4819=CARTESIAN_POINT('Origin',(-55.200280323968,27.350280323968,-35.8));
#4820=CARTESIAN_POINT('Origin',(-56.0726610852633,28.2226610852633,-0.985122805764953));
#4821=CARTESIAN_POINT('',(-56.0726610852633,32.7211190476533,-1.10291907315038));
#4822=CARTESIAN_POINT('',(-60.5711190476533,28.2226610852633,-1.10291907315038));
#4823=CARTESIAN_POINT('Ctrl Pts',(55.1948274290128,31.850789875552,-34.3391998943996));
#4824=CARTESIAN_POINT('Ctrl Pts',(56.2068208537415,31.8523184155326,-34.3480384824361));
#4825=CARTESIAN_POINT('Ctrl Pts',(57.8862164308566,31.2624630710233,-34.3575400005091));
#4826=CARTESIAN_POINT('Ctrl Pts',(59.3942104403157,29.3666850356625,-34.3541582649658));
#4827=CARTESIAN_POINT('Ctrl Pts',(59.7017848147531,28.0203209024399,-34.3450993248993));
#4828=CARTESIAN_POINT('Ctrl Pts',(59.7007900170316,27.3448274467716,-34.3391998957883));
#4829=CARTESIAN_POINT('Ctrl Pts',(55.1948392238397,31.8392570542611,-34.7803806910568));
#4830=CARTESIAN_POINT('Ctrl Pts',(56.205251937846,31.8381412019671,-34.7874580751221));
#4831=CARTESIAN_POINT('Ctrl Pts',(57.8760772807074,31.2493139645404,-34.7950372417523));
#4832=CARTESIAN_POINT('Ctrl Pts',(59.380316598342,29.3601008576433,-34.7923418387145));
#4833=CARTESIAN_POINT('Ctrl Pts',(59.6884867887276,28.0192785596798,-34.7851045869836));
#4834=CARTESIAN_POINT('Ctrl Pts',(59.6892571962738,27.3448392361732,-34.780380692147));
#4835=CARTESIAN_POINT('Ctrl Pts',(55.1954896192732,31.4550212697076,-35.5362352828423));
#4836=CARTESIAN_POINT('Ctrl Pts',(56.1182488954658,31.452417985624,-35.5383383101446));
#4837=CARTESIAN_POINT('Ctrl Pts',(57.6453949764336,30.9106425966221,-35.5405773232758));
#4838=CARTESIAN_POINT('Ctrl Pts',(59.0185314876216,29.1870238383059,-35.5397814951494));
#4839=CARTESIAN_POINT('Ctrl Pts',(59.3032619906225,27.9614196900649,-35.5376389806612));
#4840=CARTESIAN_POINT('Ctrl Pts',(59.3050213903259,27.3454896392541,-35.5362352831454));
#4841=CARTESIAN_POINT('Ctrl Pts',(55.1967824784507,30.6797205556814,-35.8008831941938));
#4842=CARTESIAN_POINT('Ctrl Pts',(55.9453045238944,30.6797795305168,-35.8008547669332));
#4843=CARTESIAN_POINT('Ctrl Pts',(57.1863759371888,30.2423447339991,-35.8008352789967));
#4844=CARTESIAN_POINT('Ctrl Pts',(58.3010177866763,28.8417445537153,-35.800842625746));
#4845=CARTESIAN_POINT('Ctrl Pts',(58.529741684353,27.8464116764229,-35.8008642139977));
#4846=CARTESIAN_POINT('Ctrl Pts',(58.5297206574701,27.3467824932031,-35.8008831942232));
#4847=CARTESIAN_POINT('Ctrl Pts',(55.1973358221383,30.3474384187176,-35.7999948319979));
#4848=CARTESIAN_POINT('Ctrl Pts',(55.8712847792661,30.348624861167,-35.799995123545));
#4849=CARTESIAN_POINT('Ctrl Pts',(56.9896197322662,29.956076053035,-35.7999953077862));
#4850=CARTESIAN_POINT('Ctrl Pts',(57.9936025701335,28.6937740271686,-35.7999952373835));
#4851=CARTESIAN_POINT('Ctrl Pts',(58.198213471441,27.7971886673591,-35.7999950266656));
#4852=CARTESIAN_POINT('Ctrl Pts',(58.197438512974,27.3473358339679,-35.7999948319976));
#4853=CARTESIAN_POINT('',(55.2023367265139,31.8507946889039,-34.3392654224618));
#4854=CARTESIAN_POINT('',(55.2023367265139,30.3513087014406,-35.8));
#4855=CARTESIAN_POINT('Origin',(55.2023367265139,30.3513087014406,-34.3));
#4856=CARTESIAN_POINT('',(59.7007946889039,27.3523367265139,-34.3392654224618));
#4857=CARTESIAN_POINT('Origin',(55.200280323968,27.350280323968,-34.3));
#4858=CARTESIAN_POINT('',(58.2013087014406,27.3523367265139,-35.8));
#4859=CARTESIAN_POINT('Origin',(58.2013087014406,27.3523367265139,-34.3));
#4860=CARTESIAN_POINT('Origin',(55.200280323968,27.350280323968,-35.8));
#4861=CARTESIAN_POINT('Origin',(56.0614480845803,28.2114480845803,-1.4133300259475));
#4862=CARTESIAN_POINT('',(60.5599060469703,28.2114480845803,-1.53112629333293));
#4863=CARTESIAN_POINT('',(56.0614480845803,32.7099060469703,-1.53112629333293));
#4864=CARTESIAN_POINT('Ctrl Pts',(-55.1948274290128,-31.850789875552,-34.3391998943996));
#4865=CARTESIAN_POINT('Ctrl Pts',(-56.2068208537414,-31.8523184155326,-34.3480384824361));
#4866=CARTESIAN_POINT('Ctrl Pts',(-57.8862164308566,-31.2624630710232,-34.3575400005091));
#4867=CARTESIAN_POINT('Ctrl Pts',(-59.3942104403157,-29.3666850356626,-34.3541582649658));
#4868=CARTESIAN_POINT('Ctrl Pts',(-59.7017848147531,-28.0203209024399,-34.3450993248993));
#4869=CARTESIAN_POINT('Ctrl Pts',(-59.7007900170316,-27.3448274467717,-34.3391998957883));
#4870=CARTESIAN_POINT('Ctrl Pts',(-55.1948392238398,-31.8392570542611,-34.7803806910568));
#4871=CARTESIAN_POINT('Ctrl Pts',(-56.205251937846,-31.8381412019671,-34.7874580751221));
#4872=CARTESIAN_POINT('Ctrl Pts',(-57.8760772807074,-31.2493139645404,-34.7950372417523));
#4873=CARTESIAN_POINT('Ctrl Pts',(-59.380316598342,-29.3601008576433,-34.7923418387145));
#4874=CARTESIAN_POINT('Ctrl Pts',(-59.6884867887276,-28.0192785596798,-34.7851045869836));
#4875=CARTESIAN_POINT('Ctrl Pts',(-59.6892571962738,-27.3448392361733,-34.780380692147));
#4876=CARTESIAN_POINT('Ctrl Pts',(-55.1954896192732,-31.4550212697076,-35.5362352828423));
#4877=CARTESIAN_POINT('Ctrl Pts',(-56.1182488954657,-31.452417985624,-35.5383383101446));
#4878=CARTESIAN_POINT('Ctrl Pts',(-57.6453949764337,-30.9106425966222,-35.5405773232759));
#4879=CARTESIAN_POINT('Ctrl Pts',(-59.0185314876215,-29.1870238383059,-35.5397814951495));
#4880=CARTESIAN_POINT('Ctrl Pts',(-59.3032619906226,-27.9614196900649,-35.5376389806612));
#4881=CARTESIAN_POINT('Ctrl Pts',(-59.3050213903259,-27.3454896392541,-35.5362352831453));
#4882=CARTESIAN_POINT('Ctrl Pts',(-55.1967824784508,-30.6797205556815,-35.8008831941938));
#4883=CARTESIAN_POINT('Ctrl Pts',(-55.9453045238944,-30.6797795305168,-35.8008547669332));
#4884=CARTESIAN_POINT('Ctrl Pts',(-57.1863759371889,-30.2423447339991,-35.8008352789967));
#4885=CARTESIAN_POINT('Ctrl Pts',(-58.3010177866764,-28.8417445537153,-35.800842625746));
#4886=CARTESIAN_POINT('Ctrl Pts',(-58.5297416843529,-27.8464116764229,-35.8008642139976));
#4887=CARTESIAN_POINT('Ctrl Pts',(-58.5297206574702,-27.3467824932032,-35.8008831942232));
#4888=CARTESIAN_POINT('Ctrl Pts',(-55.1973358221384,-30.3474384187176,-35.7999948319979));
#4889=CARTESIAN_POINT('Ctrl Pts',(-55.8712847792661,-30.348624861167,-35.799995123545));
#4890=CARTESIAN_POINT('Ctrl Pts',(-56.9896197322662,-29.9560760530351,-35.7999953077862));
#4891=CARTESIAN_POINT('Ctrl Pts',(-57.9936025701335,-28.6937740271686,-35.7999952373835));
#4892=CARTESIAN_POINT('Ctrl Pts',(-58.198213471441,-27.7971886673591,-35.7999950266656));
#4893=CARTESIAN_POINT('Ctrl Pts',(-58.197438512974,-27.3473358339679,-35.7999948319976));
#4894=CARTESIAN_POINT('',(-55.2023367265139,-31.8507946889039,-34.3392654224618));
#4895=CARTESIAN_POINT('',(-55.2023367265139,-30.3513087014406,-35.8));
#4896=CARTESIAN_POINT('Origin',(-55.2023367265139,-30.3513087014406,-34.3));
#4897=CARTESIAN_POINT('',(-59.7007946889039,-27.3523367265139,-34.3392654224618));
#4898=CARTESIAN_POINT('Origin',(-55.200280323968,-27.350280323968,-34.3));
#4899=CARTESIAN_POINT('',(-58.2013087014406,-27.3523367265139,-35.8));
#4900=CARTESIAN_POINT('Origin',(-58.2013087014406,-27.3523367265139,-34.3));
#4901=CARTESIAN_POINT('Origin',(-55.200280323968,-27.350280323968,-35.8));
#4902=CARTESIAN_POINT('Origin',(-56.0934094162982,-28.2434094162982,-0.192776010556934));
#4903=CARTESIAN_POINT('',(-60.5918673786882,-28.2434094162982,-0.310572277942363));
#4904=CARTESIAN_POINT('',(-56.0934094162982,-32.7418673786882,-0.310572277942363));
#4905=CARTESIAN_POINT('Origin',(-58.2013087014406,0.,-34.3));
#4906=CARTESIAN_POINT('',(-59.7007946889039,0.,-34.3392654224618));
#4907=CARTESIAN_POINT('',(-58.2013087014406,0.,-35.8));
#4908=CARTESIAN_POINT('Ctrl Pts',(59.700789875552,-27.3448274290128,-34.3391998943996));
#4909=CARTESIAN_POINT('Ctrl Pts',(59.7023184155325,-28.3568208537414,-34.3480384824361));
#4910=CARTESIAN_POINT('Ctrl Pts',(59.1124630710232,-30.0362164308566,-34.3575400005092));
#4911=CARTESIAN_POINT('Ctrl Pts',(57.2166850356626,-31.5442104403157,-34.3541582649658));
#4912=CARTESIAN_POINT('Ctrl Pts',(55.8703209024399,-31.8517848147531,-34.3450993248993));
#4913=CARTESIAN_POINT('Ctrl Pts',(55.1948274467717,-31.8507900170316,-34.3391998957883));
#4914=CARTESIAN_POINT('Ctrl Pts',(59.6892570542611,-27.3448392238398,-34.7803806910568));
#4915=CARTESIAN_POINT('Ctrl Pts',(59.6881412019671,-28.355251937846,-34.7874580751221));
#4916=CARTESIAN_POINT('Ctrl Pts',(59.0993139645404,-30.0260772807074,-34.7950372417523));
#4917=CARTESIAN_POINT('Ctrl Pts',(57.2101008576433,-31.5303165983419,-34.7923418387145));
#4918=CARTESIAN_POINT('Ctrl Pts',(55.8692785596798,-31.8384867887276,-34.7851045869836));
#4919=CARTESIAN_POINT('Ctrl Pts',(55.1948392361733,-31.8392571962738,-34.7803806921469));
#4920=CARTESIAN_POINT('Ctrl Pts',(59.3050212697076,-27.3454896192733,-35.5362352828423));
#4921=CARTESIAN_POINT('Ctrl Pts',(59.302417985624,-28.2682488954657,-35.5383383101446));
#4922=CARTESIAN_POINT('Ctrl Pts',(58.7606425966222,-29.7953949764337,-35.5405773232758));
#4923=CARTESIAN_POINT('Ctrl Pts',(57.0370238383059,-31.1685314876216,-35.5397814951494));
#4924=CARTESIAN_POINT('Ctrl Pts',(55.8114196900649,-31.4532619906225,-35.5376389806612));
#4925=CARTESIAN_POINT('Ctrl Pts',(55.1954896392541,-31.4550213903259,-35.5362352831453));
#4926=CARTESIAN_POINT('Ctrl Pts',(58.5297205556815,-27.3467824784508,-35.8008831941939));
#4927=CARTESIAN_POINT('Ctrl Pts',(58.5297795305168,-28.0953045238944,-35.8008547669332));
#4928=CARTESIAN_POINT('Ctrl Pts',(58.0923447339991,-29.3363759371889,-35.8008352789968));
#4929=CARTESIAN_POINT('Ctrl Pts',(56.6917445537154,-30.4510177866764,-35.800842625746));
#4930=CARTESIAN_POINT('Ctrl Pts',(55.696411676423,-30.6797416843529,-35.8008642139976));
#4931=CARTESIAN_POINT('Ctrl Pts',(55.1967824932031,-30.6797206574701,-35.8008831942231));
#4932=CARTESIAN_POINT('Ctrl Pts',(58.1974384187176,-27.3473358221384,-35.7999948319979));
#4933=CARTESIAN_POINT('Ctrl Pts',(58.1986248611671,-28.0212847792661,-35.799995123545));
#4934=CARTESIAN_POINT('Ctrl Pts',(57.8060760530351,-29.1396197322662,-35.7999953077862));
#4935=CARTESIAN_POINT('Ctrl Pts',(56.5437740271687,-30.1436025701335,-35.7999952373835));
#4936=CARTESIAN_POINT('Ctrl Pts',(55.6471886673591,-30.348213471441,-35.7999950266656));
#4937=CARTESIAN_POINT('Ctrl Pts',(55.1973358339679,-30.347438512974,-35.7999948319976));
#4938=CARTESIAN_POINT('',(59.7007946889039,-27.3523367265139,-34.3392654224618));
#4939=CARTESIAN_POINT('',(58.2013087014406,-27.3523367265139,-35.8));
#4940=CARTESIAN_POINT('Origin',(58.2013087014406,-27.3523367265139,-34.3));
#4941=CARTESIAN_POINT('',(55.2023367265139,-31.8507946889039,-34.3392654224618));
#4942=CARTESIAN_POINT('Origin',(55.200280323968,-27.350280323968,-34.3));
#4943=CARTESIAN_POINT('',(55.2023367265139,-30.3513087014406,-35.8));
#4944=CARTESIAN_POINT('Origin',(55.2023367265139,-30.3513087014406,-34.3));
#4945=CARTESIAN_POINT('Origin',(55.200280323968,-27.350280323968,-35.8));
#4946=CARTESIAN_POINT('Origin',(56.0631257549115,-28.2131257549115,-1.34926238079042));
#4947=CARTESIAN_POINT('',(56.0631257549115,-32.7115837173015,-1.46705864817585));
#4948=CARTESIAN_POINT('',(60.5615837173015,-28.2131257549115,-1.46705864817585));
#4949=CARTESIAN_POINT('Origin',(-30.3,-30.3513087014406,-34.3));
#4950=CARTESIAN_POINT('',(-30.3,-31.8507946889039,-34.3392654224618));
#4951=CARTESIAN_POINT('',(-30.3,-30.3513087014406,-35.8));
#4952=CARTESIAN_POINT('Origin',(58.2013087014406,-16.375,-34.3));
#4953=CARTESIAN_POINT('',(59.7007946889039,-16.375,-34.3392654224618));
#4954=CARTESIAN_POINT('',(58.2013087014406,-16.375,-35.8));
#4955=CARTESIAN_POINT('Origin',(0.,30.3513087014406,-34.3));
#4956=CARTESIAN_POINT('',(0.,31.8507946889039,-34.3392654224618));
#4957=CARTESIAN_POINT('',(0.,30.3513087014406,-35.8));
#4958=CARTESIAN_POINT('Origin',(-60.6,0.,0.));
#4959=CARTESIAN_POINT('Origin',(-60.6,-32.75,0.));
#4960=CARTESIAN_POINT('Origin',(0.,0.,-35.8));
#4961=CARTESIAN_POINT('Origin',(-58.85,0.,0.));
#4962=CARTESIAN_POINT('',(-57.9544414823338,-24.5,-34.2));
#4963=CARTESIAN_POINT('Origin',(-52.05,-24.5,0.));
#4964=CARTESIAN_POINT('',(-51.1544414823338,-30.1044414823338,-34.2));
#4965=CARTESIAN_POINT('',(-52.0477745189484,-30.9977745189484,-0.0849876925553157));
#4966=CARTESIAN_POINT('',(-51.1544414823338,-31.,-34.2));
#4967=CARTESIAN_POINT('Origin',(0.,-31.,0.));
#4968=CARTESIAN_POINT('',(51.1544414823338,-30.1044414823338,-34.2));
#4969=CARTESIAN_POINT('',(52.05,-30.1044414823338,-34.2));
#4970=CARTESIAN_POINT('',(52.0321790325022,-30.9821790325022,-0.680555291923724));
#4971=CARTESIAN_POINT('Origin',(52.05,-31.,0.));
#4972=CARTESIAN_POINT('',(51.1544414823338,-24.5,-34.2));
#4973=CARTESIAN_POINT('Origin',(58.85,0.,0.));
#4974=CARTESIAN_POINT('',(57.9544414823338,23.6044414823338,-34.2));
#4975=CARTESIAN_POINT('',(57.9544414823338,24.5,-34.2));
#4976=CARTESIAN_POINT('',(58.841611648344,24.491611648344,-0.320338225785421));
#4977=CARTESIAN_POINT('Origin',(58.85,24.5,0.));
#4978=CARTESIAN_POINT('',(52.05,23.6044414823338,-34.2));
#4979=CARTESIAN_POINT('Origin',(0.,31.,0.));
#4980=CARTESIAN_POINT('',(-51.1544414823338,30.1044414823338,-34.2));
#4981=CARTESIAN_POINT('',(-52.05,30.1044414823338,-34.2));
#4982=CARTESIAN_POINT('',(-52.0321790325022,30.9821790325022,-0.680555291923724));
#4983=CARTESIAN_POINT('Origin',(-52.05,31.,0.));
#4984=CARTESIAN_POINT('',(-51.1544414823338,24.5,-34.2));
#4985=CARTESIAN_POINT('Origin',(5.55111512312578E-16,-9.71445146547012E-16,
-34.2));
#4986=CARTESIAN_POINT('Origin',(60.6,-32.75,0.));
#4987=CARTESIAN_POINT('Origin',(0.,32.75,0.));
#4988=CARTESIAN_POINT('',(0.,0.,0.));
#4989=UNCERTAINTY_MEASURE_WITH_UNIT(LENGTH_MEASURE(0.01),#4995,
'DISTANCE_ACCURACY_VALUE',
'Maximum model space distance between geometric entities at asserted c
onnectivities');
#4990=UNCERTAINTY_MEASURE_WITH_UNIT(LENGTH_MEASURE(0.01),#4995,
'DISTANCE_ACCURACY_VALUE',
'Maximum model space distance between geometric entities at asserted c
onnectivities');
#4991=UNCERTAINTY_MEASURE_WITH_UNIT(LENGTH_MEASURE(0.01),#4995,
'DISTANCE_ACCURACY_VALUE',
'Maximum model space distance between geometric entities at asserted c
onnectivities');
#4992=(
GEOMETRIC_REPRESENTATION_CONTEXT(3)
GLOBAL_UNCERTAINTY_ASSIGNED_CONTEXT((#4989))
GLOBAL_UNIT_ASSIGNED_CONTEXT((#4995,#4997,#4998))
REPRESENTATION_CONTEXT('','3D')
);
#4993=(
GEOMETRIC_REPRESENTATION_CONTEXT(3)
GLOBAL_UNCERTAINTY_ASSIGNED_CONTEXT((#4990))
GLOBAL_UNIT_ASSIGNED_CONTEXT((#4995,#4997,#4998))
REPRESENTATION_CONTEXT('','3D')
);
#4994=(
GEOMETRIC_REPRESENTATION_CONTEXT(3)
GLOBAL_UNCERTAINTY_ASSIGNED_CONTEXT((#4991))
GLOBAL_UNIT_ASSIGNED_CONTEXT((#4995,#4997,#4998))
REPRESENTATION_CONTEXT('','3D')
);
#4995=(
LENGTH_UNIT()
NAMED_UNIT(*)
SI_UNIT(.MILLI.,.METRE.)
);
#4996=(
LENGTH_UNIT()
NAMED_UNIT(*)
SI_UNIT($,.METRE.)
);
#4997=(
NAMED_UNIT(*)
PLANE_ANGLE_UNIT()
SI_UNIT($,.RADIAN.)
);
#4998=(
NAMED_UNIT(*)
SI_UNIT($,.STERADIAN.)
SOLID_ANGLE_UNIT()
);
#4999=SHAPE_DEFINITION_REPRESENTATION(#5001,#5004);
#5000=SHAPE_DEFINITION_REPRESENTATION(#5002,#5005);
#5001=PRODUCT_DEFINITION_SHAPE('',$,#5007);
#5002=PRODUCT_DEFINITION_SHAPE('',$,#5008);
#5003=PRODUCT_DEFINITION_SHAPE($,$,#14);
#5004=SHAPE_REPRESENTATION('',(#2749,#2906),#4992);
#5005=SHAPE_REPRESENTATION('',(#2750),#4993);
#5006=PRODUCT_DEFINITION_CONTEXT('part definition',#5014,'design');
#5007=PRODUCT_DEFINITION('1590N1','(Sin guardar)',#5009,#5006);
#5008=PRODUCT_DEFINITION('1590N1 Box','1590N1 Box',#5010,#5006);
#5009=PRODUCT_DEFINITION_FORMATION('',$,#5016);
#5010=PRODUCT_DEFINITION_FORMATION('',$,#5017);
#5011=PRODUCT_RELATED_PRODUCT_CATEGORY('(Sin guardar)','(Sin guardar)',
(#5016));
#5012=PRODUCT_RELATED_PRODUCT_CATEGORY('1590N1 Box','1590N1 Box',(#5017));
#5013=APPLICATION_PROTOCOL_DEFINITION('international standard',
'automotive_design',2009,#5014);
#5014=APPLICATION_CONTEXT(
'Core Data for Automotive Mechanical Design Process');
#5015=PRODUCT_CONTEXT('part definition',#5014,'mechanical');
#5016=PRODUCT('1590N1','(Sin guardar)',$,(#5015));
#5017=PRODUCT('1590N1 Box','1590N1 Box',$,(#5015));
#5018=PRESENTATION_STYLE_ASSIGNMENT((#5019));
#5019=SURFACE_STYLE_USAGE(.BOTH.,#5020);
#5020=SURFACE_SIDE_STYLE('',(#5021));
#5021=SURFACE_STYLE_FILL_AREA(#5022);
#5022=FILL_AREA_STYLE('Acero - Satinado',(#5023));
#5023=FILL_AREA_STYLE_COLOUR('Acero - Satinado',#5024);
#5024=COLOUR_RGB('Acero - Satinado',0.627450980392157,0.627450980392157,
0.627450980392157);
ENDSEC;
END-ISO-10303-21;
